trade_date,family,nav,cash,positions,industries,industry_hhi
2018-07-10,arm0_baseline,10020118.38,7500000,10,1,1
2018-07-11,arm0_baseline,9928157.926,7500000,10,1,1
2018-07-12,arm0_baseline,9999716.309,7500000,10,1,1
2018-07-13,arm0_baseline,9995514.684,7500000,10,1,1
2018-07-16,arm0_baseline,10011529.75,7500000,10,1,1
2018-07-17,arm0_baseline,10023413.05,4997242.421,20,4,0.413988768
2018-07-18,arm0_baseline,9971075.285,4997242.421,20,4,0.4116483674
2018-07-19,arm0_baseline,9847152.065,4997242.421,20,4,0.4121205998
2018-07-20,arm0_baseline,9938476.791,4997242.421,20,4,0.4153198301
2018-07-23,arm0_baseline,9987671.24,4997242.421,20,4,0.4280652606
2018-07-24,arm0_baseline,10054899.9,2503910.552,30,8,0.3008569505
2018-07-25,arm0_baseline,10106666.84,2503910.552,30,8,0.3024832761
2018-07-26,arm0_baseline,9957143.022,2503910.552,30,8,0.2983317261
2018-07-27,arm0_baseline,9984735.925,2503910.552,30,8,0.2958648145
2018-07-30,arm0_baseline,9925799.561,2503910.552,30,8,0.2981535173
2018-07-31,arm0_baseline,9829829.265,27758.95644,40,12,0.1844800415
2018-08-01,arm0_baseline,9571850.715,27758.95644,40,12,0.1823600132
2018-08-02,arm0_baseline,9390532.052,27758.95644,40,12,0.1779283603
2018-08-03,arm0_baseline,9232047.453,27758.95644,40,12,0.1806580841
2018-08-06,arm0_baseline,9054369.305,27758.95644,40,12,0.180383949
2018-08-07,arm0_baseline,9346408.283,-2.619344741e-10,40,12,0.1474167446
2018-08-08,arm0_baseline,9189143.723,-2.619344741e-10,40,12,0.149625366
2018-08-09,arm0_baseline,9394466.347,-2.619344741e-10,40,12,0.1484383238
2018-08-10,arm0_baseline,9427176.92,-2.619344741e-10,40,12,0.1474097866
2018-08-13,arm0_baseline,9546672.618,-2.619344741e-10,40,12,0.1488467819
2018-08-14,arm0_baseline,9408076.983,4.074536264e-10,40,10,0.2443965355
2018-08-15,arm0_baseline,9279493.944,4.074536264e-10,40,10,0.2416724376
2018-08-16,arm0_baseline,9142569.573,4.074536264e-10,40,10,0.2419831708
2018-08-17,arm0_baseline,9051169.194,4.074536264e-10,40,10,0.2456199217
2018-08-20,arm0_baseline,9171875.106,4.074536264e-10,40,10,0.2493481997
2018-08-21,arm0_baseline,9218704.237,4.074536264e-10,40,6,0.3565233125
2018-08-22,arm0_baseline,9123116.161,4.074536264e-10,40,6,0.3592542346
2018-08-23,arm0_baseline,9121600.495,4.074536264e-10,40,6,0.3561361955
2018-08-24,arm0_baseline,9101867.763,4.074536264e-10,40,6,0.3546253118
2018-08-27,arm0_baseline,9233023.054,4.074536264e-10,40,6,0.3536770238
2018-08-28,arm0_baseline,9214154.468,147058.1446,40,5,0.3575246626
2018-08-29,arm0_baseline,9139237.255,147058.1446,40,5,0.3579328536
2018-08-30,arm0_baseline,8863603.13,147058.1446,40,5,0.3577599905
2018-08-31,arm0_baseline,8826095.827,147058.1446,40,5,0.3582265667
2018-09-03,arm0_baseline,8801342.165,147058.1446,40,5,0.3589287623
2018-09-04,arm0_baseline,8865139.142,165746.5383,40,7,0.2441092564
2018-09-05,arm0_baseline,8660090.273,165746.5383,40,7,0.2422778014
2018-09-06,arm0_baseline,8624273.629,165746.5383,40,7,0.2417827879
2018-09-07,arm0_baseline,8679755.741,165746.5383,40,7,0.2406415453
2018-09-10,arm0_baseline,8600240.308,165746.5383,40,7,0.2425058849
2018-09-11,arm0_baseline,8544023.526,106561.9733,40,7,0.2603726413
2018-09-12,arm0_baseline,8534019.158,106561.9733,40,7,0.260078218
2018-09-13,arm0_baseline,8633031.97,106561.9733,40,7,0.2595947993
2018-09-14,arm0_baseline,8569066.498,106561.9733,40,7,0.2617726755
2018-09-17,arm0_baseline,8484179.006,106561.9733,40,7,0.2612657266
2018-09-18,arm0_baseline,8618128.087,32418.25261,40,7,0.2655190407
2018-09-19,arm0_baseline,8858083.31,32418.25261,40,7,0.2693265057
2018-09-20,arm0_baseline,8796272.803,32418.25261,40,7,0.2706265098
2018-09-21,arm0_baseline,8856849.413,32418.25261,40,7,0.2718440312
2018-09-25,arm0_baseline,8713062.519,32418.25261,40,7,0.2672649714
2018-09-26,arm0_baseline,8741241.897,-1.164153218e-10,39,6,0.2795962907
2018-09-27,arm0_baseline,8569646.993,-1.164153218e-10,39,6,0.2812500695
2018-09-28,arm0_baseline,8645140.961,-1.164153218e-10,39,6,0.2814615179
2018-10-08,arm0_baseline,8435119.435,-1.164153218e-10,39,6,0.2790865181
2018-10-09,arm0_baseline,8503782.039,-1.164153218e-10,39,6,0.2777852747
2018-10-10,arm0_baseline,8568076.675,-5.820766091e-11,39,8,0.1857854539
2018-10-11,arm0_baseline,8079275.762,-5.820766091e-11,39,8,0.1901504353
2018-10-12,arm0_baseline,7908315.366,-5.820766091e-11,39,8,0.1864204556
2018-10-15,arm0_baseline,7751276.612,-5.820766091e-11,39,8,0.1863808183
2018-10-16,arm0_baseline,7752242.041,-5.820766091e-11,39,8,0.190172183
2018-10-17,arm0_baseline,7657151.612,3361.578619,39,9,0.1596299241
2018-10-18,arm0_baseline,7165962.244,3361.578619,39,9,0.1588329795
2018-10-19,arm0_baseline,7214129.558,3361.578619,39,9,0.1567859807
2018-10-22,arm0_baseline,7602558.34,3361.578619,39,9,0.1566424539
2018-10-23,arm0_baseline,7543510.889,3361.578619,39,9,0.1560589395
2018-10-24,arm0_baseline,7566883.077,69153.46885,39,10,0.1136183273
2018-10-25,arm0_baseline,7600635.455,69153.46885,39,10,0.1142757604
2018-10-26,arm0_baseline,7597476.391,69153.46885,39,10,0.1137205186
2018-10-29,arm0_baseline,7485881.189,69153.46885,39,10,0.1135376867
2018-10-30,arm0_baseline,7566284.106,69153.46885,39,10,0.1138126866
2018-10-31,arm0_baseline,7662526.708,-6.4028427e-10,40,9,0.1428599983
2018-11-01,arm0_baseline,7677481.143,-6.4028427e-10,40,9,0.1430036634
2018-11-02,arm0_baseline,7892250.061,-6.4028427e-10,40,9,0.1432177437
2018-11-05,arm0_baseline,7954936.149,-6.4028427e-10,40,9,0.1429270498
2018-11-06,arm0_baseline,7896789.825,-6.4028427e-10,40,9,0.1422087379
2018-11-07,arm0_baseline,7814175.071,-2.037268132e-10,41,7,0.2484741149
2018-11-08,arm0_baseline,7756334.395,195584.7699,40,6,0.2603621353
2018-11-09,arm0_baseline,7680458.898,195584.7699,40,6,0.2627148095
2018-11-12,arm0_baseline,7839487.119,195584.7699,40,6,0.2625268174
2018-11-13,arm0_baseline,8017910.524,195584.7699,40,6,0.265076912
2018-11-14,arm0_baseline,7913196.038,309756.0606,40,11,0.2658463795
2018-11-15,arm0_baseline,8113719.921,309756.0606,40,11,0.2679109203
2018-11-16,arm0_baseline,8315303.638,309756.0606,40,11,0.2715168057
2018-11-19,arm0_baseline,8489728.774,309756.0606,40,11,0.2781342335
2018-11-20,arm0_baseline,8143707.465,309756.0606,40,11,0.2744062315
2018-11-21,arm0_baseline,8192181.991,273535.9843,40,12,0.271320937
2018-11-22,arm0_baseline,8119236.754,273535.9843,40,12,0.269609406
2018-11-23,arm0_baseline,7795621.074,273535.9843,40,12,0.2703923548
2018-11-26,arm0_baseline,7778414.902,273535.9843,40,12,0.2717612515
2018-11-27,arm0_baseline,7819275.016,273535.9843,40,12,0.2702458216
2018-11-28,arm0_baseline,7924123.871,254850.4244,40,19,0.09640104601
2018-11-29,arm0_baseline,7702656.196,254850.4244,40,19,0.09529115882
2018-11-30,arm0_baseline,7792535.124,254850.4244,40,19,0.09585345965
2018-12-03,arm0_baseline,8046465.263,254850.4244,40,19,0.09536843472
2018-12-04,arm0_baseline,8103981.207,254850.4244,40,19,0.09573214703
2018-12-05,arm0_baseline,8057349.873,5155.958865,40,20,0.06155906003
2018-12-06,arm0_baseline,7894000.498,5155.958865,40,20,0.06164486723
2018-12-07,arm0_baseline,7930770.567,5155.958865,40,20,0.06174766983
2018-12-10,arm0_baseline,7810295.815,5155.958865,40,20,0.06166577911
2018-12-11,arm0_baseline,7877687.78,5155.958865,40,20,0.06157509308
2018-12-12,arm0_baseline,7851575.05,-1.746229827e-10,40,20,0.07346583789
2018-12-13,arm0_baseline,7983740.454,-1.746229827e-10,40,20,0.07416618193
2018-12-14,arm0_baseline,7777981.728,-1.746229827e-10,40,20,0.07441540854
2018-12-17,arm0_baseline,7765489.562,-1.746229827e-10,40,20,0.07458773351
2018-12-18,arm0_baseline,7697967.207,-1.746229827e-10,40,20,0.07445010714
2018-12-19,arm0_baseline,7573759.948,2.619344741e-10,40,12,0.1911283157
2018-12-20,arm0_baseline,7543534.98,2.619344741e-10,40,12,0.1899996862
2018-12-21,arm0_baseline,7463437.178,2.619344741e-10,40,12,0.1892256442
2018-12-24,arm0_baseline,7532666.785,2.619344741e-10,40,12,0.1890154829
2018-12-25,arm0_baseline,7452018.456,2.619344741e-10,40,12,0.1899949259
2018-12-26,arm0_baseline,7383348.676,51572.93976,40,11,0.1757991375
2018-12-27,arm0_baseline,7256758.625,51572.93976,40,11,0.1772529796
2018-12-28,arm0_baseline,7295759.955,51572.93976,40,11,0.1781176208
2019-01-02,arm0_baseline,7312028.394,51572.93976,40,11,0.1771842561
2019-01-03,arm0_baseline,7250009.128,51572.93976,40,11,0.1751220331
2019-01-04,arm0_baseline,7412375.022,61380.45232,40,8,0.1705413918
2019-01-07,arm0_baseline,7556005.021,61380.45232,40,8,0.1709033641
2019-01-08,arm0_baseline,7574366.248,61380.45232,40,8,0.1715099316
2019-01-09,arm0_baseline,7577419.578,61380.45232,40,8,0.1722946226
2019-01-10,arm0_baseline,7580965.847,61380.45232,40,8,0.1726053078
2019-01-11,arm0_baseline,7625966.283,7505.565259,40,9,0.1630558956
2019-01-14,arm0_baseline,7620431.61,7505.565259,40,9,0.1629791031
2019-01-15,arm0_baseline,7832217.53,7505.565259,40,9,0.1653682293
2019-01-16,arm0_baseline,7764701.508,7505.565259,40,9,0.1653589275
2019-01-17,arm0_baseline,7672866.462,7505.565259,40,9,0.1652779547
2019-01-18,arm0_baseline,7709266.773,22252.13045,40,9,0.1888732232
2019-01-21,arm0_baseline,7749328.491,22252.13045,40,9,0.1874045966
2019-01-22,arm0_baseline,7728194.178,22252.13045,40,9,0.1897796735
2019-01-23,arm0_baseline,7793457.15,22252.13045,40,9,0.1922058251
2019-01-24,arm0_baseline,7846269.648,22252.13045,40,9,0.1938923741
2019-01-25,arm0_baseline,7794000.648,47355.71523,40,8,0.1954751833
2019-01-28,arm0_baseline,7847024.031,47355.71523,40,8,0.1981055593
2019-01-29,arm0_baseline,7743807.106,47355.71523,40,8,0.1994551221
2019-01-30,arm0_baseline,7661877.795,47355.71523,40,8,0.1970540454
2019-01-31,arm0_baseline,7625676.544,47355.71523,40,8,0.1989299881
2019-02-01,arm0_baseline,7749822.25,-5.820766091e-11,40,10,0.151778669
2019-02-11,arm0_baseline,8071736.081,-5.820766091e-11,40,10,0.1544179382
2019-02-12,arm0_baseline,8151353.305,-5.820766091e-11,40,10,0.1544204338
2019-02-13,arm0_baseline,8262195.9,-5.820766091e-11,40,10,0.1530790232
2019-02-14,arm0_baseline,8315723.424,-5.820766091e-11,40,10,0.1533488989
2019-02-15,arm0_baseline,8367969.941,1.746229827e-10,40,12,0.1655620319
2019-02-18,arm0_baseline,8739990.313,1.746229827e-10,40,12,0.1673887615
2019-02-19,arm0_baseline,8800975.596,1.746229827e-10,40,12,0.1663404257
2019-02-20,arm0_baseline,8945976.086,1.746229827e-10,40,12,0.1722764008
2019-02-21,arm0_baseline,9028895.341,1.746229827e-10,40,12,0.1761708978
2019-02-22,arm0_baseline,9243480.928,496536.5179,40,15,0.1036069012
2019-02-25,arm0_baseline,9752716.713,496536.5179,40,15,0.1041908486
2019-02-26,arm0_baseline,9668088.784,496536.5179,40,15,0.1032592815
2019-02-27,arm0_baseline,9660131.073,496536.5179,40,15,0.1032527236
2019-02-28,arm0_baseline,9729015.411,496536.5179,40,15,0.1018614262
2019-03-01,arm0_baseline,9882200.234,491341.9258,40,16,0.09809311086
2019-03-04,arm0_baseline,10041379.27,491341.9258,40,16,0.09837633626
2019-03-05,arm0_baseline,10352733.75,491341.9258,40,16,0.09868217249
2019-03-06,arm0_baseline,10533813.88,491341.9258,40,16,0.09893417408
2019-03-07,arm0_baseline,10582457.81,491341.9258,40,16,0.09925759572
2019-03-08,arm0_baseline,9976499.827,136337.7485,40,16,0.1041118858
2019-03-11,arm0_baseline,10268505.72,136337.7485,40,16,0.1037319401
2019-03-12,arm0_baseline,10387471.94,136337.7485,40,16,0.1041269179
2019-03-13,arm0_baseline,10190565.29,136337.7485,40,16,0.1045560861
2019-03-14,arm0_baseline,9936709.76,136337.7485,40,16,0.1037950118
2019-03-15,arm0_baseline,10269553.88,-2.910383046e-10,40,20,0.09041249175
2019-03-18,arm0_baseline,10584456.45,-2.910383046e-10,40,20,0.09077213454
2019-03-19,arm0_baseline,10629914.83,-2.910383046e-10,40,20,0.08945015218
2019-03-20,arm0_baseline,10670101.09,-2.910383046e-10,40,20,0.08985168357
2019-03-21,arm0_baseline,10926840.34,-2.910383046e-10,40,20,0.09007305675
2019-03-22,arm0_baseline,11020657.68,40316.09454,40,16,0.1341722977
2019-03-25,arm0_baseline,10865248.84,40316.09454,40,16,0.1352632238
2019-03-26,arm0_baseline,10502306.53,40316.09454,40,16,0.1355734824
2019-03-27,arm0_baseline,10518970.28,40316.09454,40,16,0.1358934549
2019-03-28,arm0_baseline,10419214.25,40316.09454,40,16,0.1384545614
2019-03-29,arm0_baseline,10732918.7,113761.1242,40,20,0.08762616395
2019-04-01,arm0_baseline,11081077.43,113761.1242,40,20,0.0874719172
2019-04-02,arm0_baseline,11073723.25,113761.1242,40,20,0.08729261707
2019-04-03,arm0_baseline,11225367.33,113761.1242,40,20,0.08829411026
2019-04-04,arm0_baseline,11226192.82,113761.1242,40,20,0.0874969318
2019-04-08,arm0_baseline,11199378.44,148450.4201,40,20,0.06419678393
2019-04-09,arm0_baseline,11229676.49,148450.4201,40,20,0.06446707486
2019-04-10,arm0_baseline,11259460.7,148450.4201,40,20,0.06466758223
2019-04-11,arm0_baseline,11091345.99,148450.4201,40,20,0.06485582991
2019-04-12,arm0_baseline,10984692.54,148450.4201,40,20,0.06484534206
2019-04-15,arm0_baseline,10861241.47,1.164153218e-10,40,17,0.07257033241
2019-04-16,arm0_baseline,11056238.6,1.164153218e-10,40,17,0.07229697935
2019-04-17,arm0_baseline,11081223.93,1.164153218e-10,40,17,0.07230781798
2019-04-18,arm0_baseline,11006944.19,1.164153218e-10,40,17,0.07236182119
2019-04-19,arm0_baseline,11146042.19,1.164153218e-10,40,17,0.07236839641
2019-04-22,arm0_baseline,10963504.29,-8.149072528e-10,40,20,0.06435628343
2019-04-23,arm0_baseline,10754512.74,-8.149072528e-10,40,20,0.06444402059
2019-04-24,arm0_baseline,10779461.76,-8.149072528e-10,40,20,0.06424363228
2019-04-25,arm0_baseline,10289600.91,-8.149072528e-10,40,20,0.06452073379
2019-04-26,arm0_baseline,10186902.34,-8.149072528e-10,40,20,0.0645624285
2019-04-29,arm0_baseline,9888757.206,30903.85848,40,19,0.06656774229
2019-04-30,arm0_baseline,10010453.77,30903.85848,40,19,0.06634191045
2019-05-06,arm0_baseline,9271669.01,30903.85848,40,19,0.06584421401
2019-05-07,arm0_baseline,9545842.919,30903.85848,40,19,0.06557242563
2019-05-08,arm0_baseline,9478830.914,30903.85848,40,19,0.065786561
2019-05-09,arm0_baseline,9363659.109,0,41,18,0.07719150877
2019-05-10,arm0_baseline,9678702.875,221115.0501,40,17,0.0801757988
2019-05-13,arm0_baseline,9716763.406,460834.2839,39,17,0.08197156741
2019-05-14,arm0_baseline,9588027.95,460834.2839,39,17,0.08232524362
2019-05-15,arm0_baseline,9867367.174,460834.2839,39,17,0.0818600833
2019-05-16,arm0_baseline,9916861.585,1.455191523e-10,41,14,0.1161562257
2019-05-17,arm0_baseline,9699968.195,1.455191523e-10,41,14,0.1159029161
2019-05-20,arm0_baseline,9523432.447,1.455191523e-10,41,14,0.1147925284
2019-05-21,arm0_baseline,9782710.972,1.455191523e-10,41,14,0.1143000461
2019-05-22,arm0_baseline,9681952.662,272836.8045,40,14,0.1182990447
2019-05-23,arm0_baseline,9410048.894,422640.0208,40,9,0.1863445169
2019-05-24,arm0_baseline,9369434.19,422640.0208,40,9,0.1854881016
2019-05-27,arm0_baseline,9573891.785,422640.0208,40,9,0.1850819422
2019-05-28,arm0_baseline,9714518.784,422640.0208,40,9,0.1858546367
2019-05-29,arm0_baseline,9771137.954,422640.0208,40,9,0.1853426504
2019-05-30,arm0_baseline,9860623.25,525430.535,39,6,0.2283999842
2019-05-31,arm0_baseline,9823006.911,751776.4792,38,6,0.2351907377
2019-06-03,arm0_baseline,9742339.384,751776.4792,38,6,0.2371082026
2019-06-04,arm0_baseline,9590278.859,1166164.425,36,6,0.2439367508
2019-06-05,arm0_baseline,9625849.955,1166164.425,36,6,0.2447994532
2019-06-06,arm0_baseline,9443392.474,569192.9727,38,7,0.1959464052
2019-06-10,arm0_baseline,9519444.219,569192.9727,38,7,0.1950896515
2019-06-11,arm0_baseline,9919289.992,569192.9727,38,7,0.1927123974
2019-06-12,arm0_baseline,9884926.494,569192.9727,38,7,0.1910466321
2019-06-13,arm0_baseline,10034356.62,569192.9727,38,7,0.1903519375
2019-06-14,arm0_baseline,9832953.749,13866.41616,39,6,0.2391114223
2019-06-17,arm0_baseline,9791502.965,13866.41616,39,6,0.2394368242
2019-06-18,arm0_baseline,9636269.818,13866.41616,39,6,0.2379352952
2019-06-19,arm0_baseline,9607307.278,13866.41616,39,6,0.2373328359
2019-06-20,arm0_baseline,9658835.497,13866.41616,39,6,0.2376256696
2019-06-21,arm0_baseline,9722998.261,39110.86041,39,7,0.3250806192
2019-06-24,arm0_baseline,9766725.007,39110.86041,39,7,0.3212686546
2019-06-25,arm0_baseline,9542813.428,39110.86041,39,7,0.3220499017
2019-06-26,arm0_baseline,9476601.425,39110.86041,39,7,0.321107561
2019-06-27,arm0_baseline,9504858.592,39110.86041,39,7,0.3209590784
2019-06-28,arm0_baseline,9439757.079,0,40,11,0.2932164899
2019-07-01,arm0_baseline,9635309.217,0,40,11,0.2919375781
2019-07-02,arm0_baseline,9604042.881,0,40,11,0.292190664
2019-07-03,arm0_baseline,9409169.231,0,40,11,0.2914855524
2019-07-04,arm0_baseline,9358208.868,0,40,11,0.2918478886
2019-07-05,arm0_baseline,9408751.986,84440.29594,40,13,0.1780803118
2019-07-08,arm0_baseline,9042189.696,84440.29594,40,13,0.1753283527
2019-07-09,arm0_baseline,9112408.761,84440.29594,40,13,0.1771115533
2019-07-10,arm0_baseline,8981023.167,84440.29594,40,13,0.1764757255
2019-07-11,arm0_baseline,8980452.465,84440.29594,40,13,0.1752984833
2019-07-12,arm0_baseline,9016548.128,-6.693881005e-10,40,13,0.1323613751
2019-07-15,arm0_baseline,9079919.203,-6.693881005e-10,40,13,0.1325531379
2019-07-16,arm0_baseline,9104746.692,-6.693881005e-10,40,13,0.1322954478
2019-07-17,arm0_baseline,9084561.238,-6.693881005e-10,40,13,0.1322126351
2019-07-18,arm0_baseline,8970110.83,-6.693881005e-10,40,13,0.1333294642
2019-07-19,arm0_baseline,8998360.286,26324.91167,40,15,0.1646101823
2019-07-22,arm0_baseline,8818643.433,26324.91167,40,15,0.1682290602
2019-07-23,arm0_baseline,8815544.775,26324.91167,40,15,0.1659894175
2019-07-24,arm0_baseline,8870817.008,26324.91167,40,15,0.1659459193
2019-07-25,arm0_baseline,8916517.527,26324.91167,40,15,0.1676913776
2019-07-26,arm0_baseline,8909914.023,53609.7913,40,11,0.1826817939
2019-07-29,arm0_baseline,8981388.425,53609.7913,40,11,0.1828605339
2019-07-30,arm0_baseline,9037434.388,53609.7913,40,11,0.1817185844
2019-07-31,arm0_baseline,8906876.248,53609.7913,40,11,0.1812092635
2019-08-01,arm0_baseline,8942840.23,53609.7913,40,11,0.1803378589
2019-08-02,arm0_baseline,8892765.904,49993.40454,40,8,0.226647164
2019-08-05,arm0_baseline,8744343.861,49993.40454,40,8,0.2256742059
2019-08-06,arm0_baseline,8594960.203,49993.40454,40,8,0.2272641043
2019-08-07,arm0_baseline,8477614.558,49993.40454,40,8,0.2276867041
2019-08-08,arm0_baseline,8527928.609,49993.40454,40,8,0.2277087103
2019-08-09,arm0_baseline,8405119.074,2.910383046e-11,40,10,0.1558390912
2019-08-12,arm0_baseline,8564859.533,2.910383046e-11,40,10,0.1574280559
2019-08-13,arm0_baseline,8610089.37,2.910383046e-11,40,10,0.1569315621
2019-08-14,arm0_baseline,8615941.845,2.910383046e-11,40,10,0.1565717157
2019-08-15,arm0_baseline,8646982.427,2.910383046e-11,40,10,0.1564850516
2019-08-16,arm0_baseline,8705157.252,119461.7784,40,9,0.1558434685
2019-08-19,arm0_baseline,8919002.563,119461.7784,40,9,0.1566005457
2019-08-20,arm0_baseline,8914827.132,119461.7784,40,9,0.1569882654
2019-08-21,arm0_baseline,8923905.559,119461.7784,40,9,0.1573437099
2019-08-22,arm0_baseline,8972529.485,119461.7784,40,9,0.1574697983
2019-08-23,arm0_baseline,8985570.449,135548.971,40,12,0.1413917406
2019-08-26,arm0_baseline,8969230.765,135548.971,40,12,0.1409131188
2019-08-27,arm0_baseline,9071607.724,135548.971,40,12,0.1395724732
2019-08-28,arm0_baseline,9001877.452,135548.971,40,12,0.1383555802
2019-08-29,arm0_baseline,9024170.285,135548.971,40,12,0.1401437309
2019-08-30,arm0_baseline,8977654.917,58835.36594,40,12,0.1608159176
2019-09-02,arm0_baseline,9166328.259,58835.36594,40,12,0.1604272666
2019-09-03,arm0_baseline,9255006.324,58835.36594,40,12,0.1631575918
2019-09-04,arm0_baseline,9346680.555,58835.36594,40,12,0.1638669763
2019-09-05,arm0_baseline,9495795.759,58835.36594,40,12,0.165135652
2019-09-06,arm0_baseline,9429553.074,5.820766091e-10,40,16,0.1379308872
2019-09-09,arm0_baseline,9627621.237,5.820766091e-10,40,16,0.1393204482
2019-09-10,arm0_baseline,9579850.624,5.820766091e-10,40,16,0.1386045018
2019-09-11,arm0_baseline,9527583.174,5.820766091e-10,40,16,0.1398674678
2019-09-12,arm0_baseline,9523296.334,5.820766091e-10,40,16,0.1393402436
2019-09-16,arm0_baseline,9582815.289,-7.858034223e-10,41,21,0.07208711353
2019-09-17,arm0_baseline,9349104.834,-7.858034223e-10,41,21,0.07206316635
2019-09-18,arm0_baseline,9326137.595,-7.858034223e-10,41,21,0.07189102305
2019-09-19,arm0_baseline,9395199.249,269513.1273,40,21,0.07208812378
2019-09-20,arm0_baseline,9437289.082,269513.1273,40,21,0.0724953487
2019-09-23,arm0_baseline,9357967.091,392870.5481,40,19,0.08210166853
2019-09-24,arm0_baseline,9367255.565,392870.5481,40,19,0.08174273856
2019-09-25,arm0_baseline,9208294.263,392870.5481,40,19,0.08102881082
2019-09-26,arm0_baseline,8859206.387,392870.5481,40,19,0.08036376931
2019-09-27,arm0_baseline,8917413.919,392870.5481,40,19,0.07988828679
2019-09-30,arm0_baseline,8829980.908,259257.6157,40,17,0.1087466754
2019-10-08,arm0_baseline,8883607.133,259257.6157,40,17,0.109293111
2019-10-09,arm0_baseline,8990022.376,259257.6157,40,17,0.1103064488
2019-10-10,arm0_baseline,9041043.037,259257.6157,40,17,0.1095413461
2019-10-11,arm0_baseline,9100815.75,259257.6157,40,17,0.1108782458
2019-10-14,arm0_baseline,9334005.044,25617.96979,40,16,0.149342846
2019-10-15,arm0_baseline,9243347.354,25617.96979,40,16,0.1502610253
2019-10-16,arm0_baseline,9170236.892,25617.96979,40,16,0.1496777777
2019-10-17,arm0_baseline,9189152.446,25617.96979,40,16,0.1490559005
2019-10-18,arm0_baseline,9003949.432,25617.96979,40,16,0.148088507
2019-10-21,arm0_baseline,8995718.236,5.238689482e-10,40,12,0.1725109943
2019-10-22,arm0_baseline,9052720.81,5.238689482e-10,40,12,0.1698090258
2019-10-23,arm0_baseline,9022056.473,5.238689482e-10,40,12,0.1697087742
2019-10-24,arm0_baseline,9091545.129,5.238689482e-10,40,12,0.1709461929
2019-10-25,arm0_baseline,9121900.312,5.238689482e-10,40,12,0.1696793758
2019-10-28,arm0_baseline,9313770.09,103766.8884,40,9,0.2343917021
2019-10-29,arm0_baseline,9222615.211,103766.8884,40,9,0.2353681293
2019-10-30,arm0_baseline,9094100.396,103766.8884,40,9,0.2358464646
2019-10-31,arm0_baseline,8977572.995,103766.8884,40,9,0.2366869183
2019-11-01,arm0_baseline,9049291.318,103766.8884,40,9,0.2380995564
2019-11-04,arm0_baseline,9073180.963,197486.2832,40,11,0.1368048198
2019-11-05,arm0_baseline,9114734.125,197486.2832,40,11,0.1373067539
2019-11-06,arm0_baseline,8938057.189,197486.2832,40,11,0.1371774343
2019-11-07,arm0_baseline,9047382.283,197486.2832,40,11,0.1377105536
2019-11-08,arm0_baseline,8999070.274,197486.2832,40,11,0.1373236012
2019-11-11,arm0_baseline,8788943.91,155712.6286,40,8,0.1896847211
2019-11-12,arm0_baseline,8853687.135,155712.6286,40,8,0.1904972963
2019-11-13,arm0_baseline,8813092.305,155712.6286,40,8,0.1913342581
2019-11-14,arm0_baseline,8843859.578,155712.6286,40,8,0.1913598612
2019-11-15,arm0_baseline,8628873,155712.6286,40,8,0.1902625314
2019-11-18,arm0_baseline,8668639.976,35771.08753,40,9,0.1845614727
2019-11-19,arm0_baseline,8798508.219,35771.08753,40,9,0.1848528525
2019-11-20,arm0_baseline,8749588.803,35771.08753,40,9,0.1852251325
2019-11-21,arm0_baseline,8713478.072,35771.08753,40,9,0.1835805619
2019-11-22,arm0_baseline,8557031.454,35771.08753,40,9,0.182741798
2019-11-25,arm0_baseline,8504528.274,4775.049424,40,9,0.1945145164
2019-11-26,arm0_baseline,8568727.911,4775.049424,40,9,0.1950422247
2019-11-27,arm0_baseline,8565554.635,4775.049424,40,9,0.1944643581
2019-11-28,arm0_baseline,8531355.437,4775.049424,40,9,0.1946342386
2019-11-29,arm0_baseline,8450204.476,4775.049424,40,9,0.1939571652
2019-12-02,arm0_baseline,8427588.751,55441.74035,40,7,0.2093922014
2019-12-03,arm0_baseline,8426230.22,55441.74035,40,7,0.2096089164
2019-12-04,arm0_baseline,8376662.606,55441.74035,40,7,0.2093001763
2019-12-05,arm0_baseline,8417156.584,55441.74035,40,7,0.2093261617
2019-12-06,arm0_baseline,8504644.002,55441.74035,40,7,0.2094912272
2019-12-09,arm0_baseline,8601123.965,22492.74444,40,8,0.1818371961
2019-12-10,arm0_baseline,8631946.691,22492.74444,40,8,0.1820592184
2019-12-11,arm0_baseline,8569666.337,22492.74444,40,8,0.1819879726
2019-12-12,arm0_baseline,8527789.043,22492.74444,40,8,0.1814351241
2019-12-13,arm0_baseline,8608036.902,22492.74444,40,8,0.1814070158
2019-12-16,arm0_baseline,8670994.733,576.741169,40,9,0.2067548115
2019-12-17,arm0_baseline,8788375.581,576.741169,40,9,0.2067752616
2019-12-18,arm0_baseline,8805480.671,576.741169,40,9,0.2068628944
2019-12-19,arm0_baseline,8868829.768,576.741169,40,9,0.2063494027
2019-12-20,arm0_baseline,8767062.109,576.741169,40,9,0.2074917177
2019-12-23,arm0_baseline,8645506.846,-5.820766091e-11,40,12,0.191076027
2019-12-24,arm0_baseline,8791387.895,-5.820766091e-11,40,12,0.1918879437
2019-12-25,arm0_baseline,8856743.962,-5.820766091e-11,40,12,0.1915937621
2019-12-26,arm0_baseline,8964085.334,-5.820766091e-11,40,12,0.1912593938
2019-12-27,arm0_baseline,8929770.833,-5.820766091e-11,40,12,0.1906606459
2019-12-30,arm0_baseline,9091495.276,35793.03592,40,16,0.1062745011
2019-12-31,arm0_baseline,9108414.334,35793.03592,40,16,0.1057492744
2020-01-02,arm0_baseline,9308296.758,35793.03592,40,16,0.1060509536
2020-01-03,arm0_baseline,9356087.981,35793.03592,40,16,0.1054583276
2020-01-06,arm0_baseline,9463477.792,35793.03592,40,16,0.1060757139
2020-01-07,arm0_baseline,9525805.911,87138.24248,40,16,0.104450715
2020-01-08,arm0_baseline,9354507.013,87138.24248,40,16,0.1050275
2020-01-09,arm0_baseline,9439443.951,87138.24248,40,16,0.1052337383
2020-01-10,arm0_baseline,9469076.883,87138.24248,40,16,0.1050991092
2020-01-13,arm0_baseline,9556145.648,87138.24248,40,16,0.1046653557
2020-01-14,arm0_baseline,9495244.34,53165.19324,40,16,0.1137376002
2020-01-15,arm0_baseline,9407595.396,53165.19324,40,16,0.1141061076
2020-01-16,arm0_baseline,9412098.52,53165.19324,40,16,0.1134887035
2020-01-17,arm0_baseline,9389957.119,53165.19324,40,16,0.1136980226
2020-01-20,arm0_baseline,9414789.844,53165.19324,40,16,0.1135240378
2020-01-21,arm0_baseline,9211040.117,-2.619344741e-10,40,17,0.1089428323
2020-01-22,arm0_baseline,9255727.675,-2.619344741e-10,40,17,0.1096099904
2020-01-23,arm0_baseline,8991479.97,-2.619344741e-10,40,17,0.114107134
2020-02-03,arm0_baseline,8106504.777,-2.619344741e-10,40,17,0.1145561228
2020-02-04,arm0_baseline,8293253.322,-2.619344741e-10,40,17,0.1208346039
2020-02-05,arm0_baseline,8633525.627,3919.534082,39,17,0.1241471265
2020-02-06,arm0_baseline,8956878.271,3919.534082,39,17,0.1256805188
2020-02-07,arm0_baseline,9032752.587,3919.534082,39,17,0.1256431375
2020-02-10,arm0_baseline,9215774.339,3919.534082,39,17,0.1246107686
2020-02-11,arm0_baseline,9305234.653,3919.534082,39,17,0.1269333153
2020-02-12,arm0_baseline,9465414.074,73989.6983,39,14,0.2463816071
2020-02-13,arm0_baseline,9196915.981,73989.6983,39,14,0.2460841202
2020-02-14,arm0_baseline,9184899.363,73989.6983,39,14,0.2440993123
2020-02-17,arm0_baseline,9424881.999,73989.6983,39,14,0.2424699019
2020-02-18,arm0_baseline,9660149.151,73989.6983,39,14,0.240267189
2020-02-19,arm0_baseline,9547587.805,249071.1488,39,10,0.2789623628
2020-02-20,arm0_baseline,9659569.297,249071.1488,39,10,0.2757543803
2020-02-21,arm0_baseline,9850412.917,249071.1488,39,10,0.2746618049
2020-02-24,arm0_baseline,10157359.74,249071.1488,39,10,0.2812120161
2020-02-25,arm0_baseline,10207087.97,249071.1488,39,10,0.2898539736
2020-02-26,arm0_baseline,9810658.672,304329.3065,39,7,0.3025002981
2020-02-27,arm0_baseline,9763307.575,304329.3065,39,7,0.3034792728
2020-02-28,arm0_baseline,9506784.205,304329.3065,39,7,0.3154284123
2020-03-02,arm0_baseline,9712243.364,304329.3065,39,7,0.313789016
2020-03-03,arm0_baseline,9806340.985,304329.3065,39,7,0.3153374794
2020-03-04,arm0_baseline,9823362.742,74476.43257,40,13,0.157865519
2020-03-05,arm0_baseline,9920913.144,74476.43257,40,13,0.1584659018
2020-03-06,arm0_baseline,9958229.759,74476.43257,40,13,0.1604193764
2020-03-09,arm0_baseline,9691958.277,74476.43257,40,13,0.1633638909
2020-03-10,arm0_baseline,9847277.421,74476.43257,40,13,0.1633292017
2020-03-11,arm0_baseline,9762856.094,346365.4835,40,18,0.124374799
2020-03-12,arm0_baseline,9538545.662,346365.4835,40,18,0.1254703194
2020-03-13,arm0_baseline,9438558.214,346365.4835,40,18,0.1270087404
2020-03-16,arm0_baseline,9046307.248,346365.4835,40,18,0.1258643145
2020-03-17,arm0_baseline,8973260.724,346365.4835,40,18,0.1253063662
2020-03-18,arm0_baseline,8852932.641,143390.6698,40,19,0.1192031113
2020-03-19,arm0_baseline,8920142.831,143390.6698,40,19,0.1174495049
2020-03-20,arm0_baseline,9210884.771,143390.6698,40,19,0.1210720219
2020-03-23,arm0_baseline,8897476.915,143390.6698,40,19,0.1237731884
2020-03-24,arm0_baseline,9204134.083,143390.6698,40,19,0.1281493489
2020-03-25,arm0_baseline,9454867.389,97042.27921,40,16,0.2341576684
2020-03-26,arm0_baseline,9472517.893,97042.27921,40,16,0.2438208944
2020-03-27,arm0_baseline,9458399.18,97042.27921,40,16,0.240056413
2020-03-30,arm0_baseline,9322652.453,97042.27921,40,16,0.2443900172
2020-03-31,arm0_baseline,9573363.789,97042.27921,40,16,0.2588438714
2020-04-01,arm0_baseline,9346871.326,3.783497959e-10,40,13,0.4224565249
2020-04-02,arm0_baseline,9351373.665,3.783497959e-10,40,13,0.4186032933
2020-04-03,arm0_baseline,9475422.039,3.783497959e-10,40,13,0.424936466
2020-04-07,arm0_baseline,9832068.659,3.783497959e-10,40,13,0.4243838665
2020-04-08,arm0_baseline,9744753.542,3.783497959e-10,40,13,0.4142006838
2020-04-09,arm0_baseline,10012632.01,8.731149137e-11,40,6,0.7294956329
2020-04-10,arm0_baseline,9776474.571,8.731149137e-11,40,6,0.7282808626
2020-04-13,arm0_baseline,9786503.814,8.731149137e-11,40,6,0.7325532832
2020-04-14,arm0_baseline,9886518.072,8.731149137e-11,40,6,0.7322599534
2020-04-15,arm0_baseline,9698131.609,8.731149137e-11,40,6,0.7288980324
2020-04-16,arm0_baseline,9687623.895,104186.4653,40,10,0.4073898326
2020-04-17,arm0_baseline,9638193.892,104186.4653,40,10,0.4058010664
2020-04-20,arm0_baseline,9770492.54,104186.4653,40,10,0.3991383562
2020-04-21,arm0_baseline,9846345.592,104186.4653,40,10,0.3988585304
2020-04-22,arm0_baseline,10160382.93,104186.4653,40,10,0.401058593
2020-04-23,arm0_baseline,10177911.05,216369.5973,40,12,0.1925985255
2020-04-24,arm0_baseline,9977732.379,470150.0199,39,12,0.2033364502
2020-04-27,arm0_baseline,10044415.4,470150.0199,39,12,0.2083710541
2020-04-28,arm0_baseline,10028860.77,470150.0199,39,12,0.212616117
2020-04-29,arm0_baseline,9798948.096,470150.0199,39,12,0.2105023789
2020-04-30,arm0_baseline,9813288.998,633259.2106,38,16,0.1183580025
2020-05-06,arm0_baseline,9961240.041,872716.297,37,16,0.1143849917
2020-05-07,arm0_baseline,10090226.7,872716.297,37,16,0.1156478298
2020-05-08,arm0_baseline,10221213.33,872716.297,37,16,0.1160516829
2020-05-11,arm0_baseline,10298907.86,872716.297,37,16,0.1154479291
2020-05-12,arm0_baseline,10348826.59,279301.5477,39,18,0.1041070559
2020-05-13,arm0_baseline,10514149.67,279301.5477,39,18,0.1054517325
2020-05-14,arm0_baseline,10445364.13,279301.5477,39,18,0.1064982034
2020-05-15,arm0_baseline,10472079.97,279301.5477,39,18,0.106281287
2020-05-18,arm0_baseline,10482810.44,279301.5477,39,18,0.1058279221
2020-05-19,arm0_baseline,10604854.35,3.20142135e-10,40,15,0.1148048984
2020-05-20,arm0_baseline,10314807.87,3.20142135e-10,40,15,0.1137384822
2020-05-21,arm0_baseline,10220820.68,3.20142135e-10,40,15,0.1147117512
2020-05-22,arm0_baseline,10007102.24,3.20142135e-10,40,15,0.1143783016
2020-05-25,arm0_baseline,10136080.62,3.20142135e-10,40,15,0.1154339973
2020-05-26,arm0_baseline,10352887.86,-3.492459655e-10,40,14,0.1768658991
2020-05-27,arm0_baseline,10384582.74,-3.492459655e-10,40,14,0.1775474883
2020-05-28,arm0_baseline,10427877.48,-3.492459655e-10,40,14,0.1775672205
2020-05-29,arm0_baseline,10618811.25,-3.492459655e-10,40,14,0.1788393337
2020-06-01,arm0_baseline,10800112.93,-3.492459655e-10,40,14,0.1772764108
2020-06-02,arm0_baseline,10627949.74,249165.5775,40,15,0.139177366
2020-06-03,arm0_baseline,10605000.52,249165.5775,40,15,0.1403871272
2020-06-04,arm0_baseline,10822798.73,249165.5775,40,15,0.1452078826
2020-06-05,arm0_baseline,10733437.38,249165.5775,40,15,0.1427103262
2020-06-08,arm0_baseline,10590127.58,249165.5775,40,15,0.140748007
2020-06-09,arm0_baseline,10642041.95,272316.2738,40,14,0.1362925218
2020-06-10,arm0_baseline,10626811.44,272316.2738,40,14,0.1367584582
2020-06-11,arm0_baseline,10529513.23,272316.2738,40,14,0.1353384698
2020-06-12,arm0_baseline,10489907.28,272316.2738,40,14,0.1356244636
2020-06-15,arm0_baseline,10326508.97,272316.2738,40,14,0.1358970611
2020-06-16,arm0_baseline,10496502.99,106598.6753,40,17,0.1113056276
2020-06-17,arm0_baseline,10511398.54,106598.6753,40,17,0.1106030749
2020-06-18,arm0_baseline,10454139.11,361978.8122,39,17,0.1093346686
2020-06-19,arm0_baseline,10646017.11,361978.8122,39,17,0.1103834283
2020-06-22,arm0_baseline,10674475.12,361978.8122,39,17,0.1101638875
2020-06-23,arm0_baseline,10723133.18,354922.847,39,18,0.1002236972
2020-06-24,arm0_baseline,10636531.61,354922.847,39,18,0.1005598728
2020-06-29,arm0_baseline,10623493.91,354922.847,39,18,0.1000137685
2020-06-30,arm0_baseline,10734994.94,354922.847,39,18,0.1008358793
2020-07-01,arm0_baseline,10968327.73,354922.847,39,18,0.1045700365
2020-07-02,arm0_baseline,11107438.57,307123.8547,39,20,0.1268940611
2020-07-03,arm0_baseline,11102812.76,307123.8547,39,20,0.12262098
2020-07-06,arm0_baseline,11476612.52,307123.8547,39,20,0.1201290634
2020-07-07,arm0_baseline,11633011.63,307123.8547,39,20,0.1219464871
2020-07-08,arm0_baseline,11819287.43,307123.8547,39,20,0.1198698815
2020-07-09,arm0_baseline,12176832.86,349223.0303,39,21,0.07080565873
2020-07-10,arm0_baseline,12310425.05,349223.0303,39,21,0.07139277048
2020-07-13,arm0_baseline,12750889.35,349223.0303,39,21,0.0722182504
2020-07-14,arm0_baseline,12716977.28,349223.0303,39,21,0.07257503097
2020-07-15,arm0_baseline,12406824.73,349223.0303,39,21,0.07494627533
2020-07-16,arm0_baseline,11794773.72,37103.116,40,22,0.06612067759
2020-07-17,arm0_baseline,11811254.71,37103.116,40,22,0.06582594882
2020-07-20,arm0_baseline,12267833.51,37103.116,40,22,0.06421537792
2020-07-21,arm0_baseline,12455127.89,37103.116,40,22,0.06454027076
2020-07-22,arm0_baseline,12463634.41,37103.116,40,22,0.06477268707
2020-07-23,arm0_baseline,12370436.71,116012.4459,40,20,0.06685253601
2020-07-24,arm0_baseline,11853609.36,116012.4459,40,20,0.06592659704
2020-07-27,arm0_baseline,11868694.63,116012.4459,40,20,0.06566857966
2020-07-28,arm0_baseline,11964597.65,116012.4459,40,20,0.0657331236
2020-07-29,arm0_baseline,12301123.92,116012.4459,40,20,0.06554015032
2020-07-30,arm0_baseline,12344422.72,151675.7149,40,19,0.07633176037
2020-07-31,arm0_baseline,12683530.28,151675.7149,40,19,0.0765626813
2020-08-03,arm0_baseline,13203218.56,151675.7149,40,19,0.07703950418
2020-08-04,arm0_baseline,13048696.76,151675.7149,40,19,0.07637504244
2020-08-05,arm0_baseline,13128806.17,151675.7149,40,19,0.07628151454
2020-08-06,arm0_baseline,13049662.52,2.910383046e-10,40,20,0.07981548816
2020-08-07,arm0_baseline,12808308.45,2.910383046e-10,40,20,0.07992805554
2020-08-10,arm0_baseline,12833435.07,394407.675,39,19,0.08454509232
2020-08-11,arm0_baseline,12465031.97,394407.675,39,19,0.08399597354
2020-08-12,arm0_baseline,12390395.53,394407.675,39,19,0.08446187411
2020-08-13,arm0_baseline,12550666.28,412305.6475,39,19,0.09482080364
2020-08-14,arm0_baseline,12488436.8,412305.6475,39,19,0.09236223875
2020-08-17,arm0_baseline,12760358.99,412305.6475,39,19,0.09265404185
2020-08-18,arm0_baseline,12937632.5,412305.6475,39,19,0.09299443765
2020-08-19,arm0_baseline,12958847.07,412305.6475,39,19,0.09547183141
2020-08-20,arm0_baseline,12587384.72,20912.18771,40,15,0.1095267786
2020-08-21,arm0_baseline,12469617.58,20912.18771,40,15,0.1081766485
2020-08-24,arm0_baseline,12665909.43,20912.18771,40,15,0.108922626
2020-08-25,arm0_baseline,12416594.04,20912.18771,40,15,0.1072804865
2020-08-26,arm0_baseline,12002461.32,20912.18771,40,15,0.1056760596
2020-08-27,arm0_baseline,12061269.95,102132.8144,40,12,0.1217165718
2020-08-28,arm0_baseline,12293141.43,102132.8144,40,12,0.1204632012
2020-08-31,arm0_baseline,12375247.63,102132.8144,40,12,0.1196635887
2020-09-01,arm0_baseline,12517491.3,102132.8144,40,12,0.1182809201
2020-09-02,arm0_baseline,12515964.86,102132.8144,40,12,0.1178881254
2020-09-03,arm0_baseline,12441514.58,6.98491931e-10,40,11,0.1385512008
2020-09-04,arm0_baseline,12409266.16,6.98491931e-10,40,11,0.1377647662
2020-09-07,arm0_baseline,12325181.45,6.98491931e-10,40,11,0.1357812757
2020-09-08,arm0_baseline,12472234.39,6.98491931e-10,40,11,0.1323174304
2020-09-09,arm0_baseline,12201188.44,6.98491931e-10,40,11,0.1320715529
2020-09-10,arm0_baseline,11915213.84,335902.1475,40,8,0.2884525012
2020-09-11,arm0_baseline,12069075.97,335902.1475,40,8,0.2936028808
2020-09-14,arm0_baseline,12149901.83,335902.1475,40,8,0.2948542548
2020-09-15,arm0_baseline,12201479.18,335902.1475,40,8,0.2935809951
2020-09-16,arm0_baseline,12063953.81,335902.1475,40,8,0.2917182923
2020-09-17,arm0_baseline,11930395.11,54342.90617,40,8,0.2872036833
2020-09-18,arm0_baseline,12047900.87,54342.90617,40,8,0.2880324053
2020-09-21,arm0_baseline,11897167.03,54342.90617,40,8,0.2867417968
2020-09-22,arm0_baseline,11665319.34,54342.90617,40,8,0.289209332
2020-09-23,arm0_baseline,11692411.63,54342.90617,40,8,0.2876444077
2020-09-24,arm0_baseline,11424843.63,7981.92125,40,5,0.3599667153
2020-09-25,arm0_baseline,11340963.57,7981.92125,40,5,0.35958973
2020-09-28,arm0_baseline,11364648.86,7981.92125,40,5,0.3613228511
2020-09-29,arm0_baseline,11384910.74,7981.92125,40,5,0.3590831782
2020-09-30,arm0_baseline,11470238.73,7981.92125,40,5,0.360291193
2020-10-09,arm0_baseline,11939257.5,-6.4028427e-10,40,5,0.2497972443
2020-10-12,arm0_baseline,12375165.11,-6.4028427e-10,40,5,0.249489488
2020-10-13,arm0_baseline,12504287.26,-6.4028427e-10,40,5,0.2484860846
2020-10-14,arm0_baseline,12664820.53,-6.4028427e-10,40,5,0.2470644325
2020-10-15,arm0_baseline,12535557.21,-6.4028427e-10,40,5,0.2458848827
2020-10-16,arm0_baseline,12404509.42,-4.656612873e-10,40,7,0.211561305
2020-10-19,arm0_baseline,12395168.19,-4.656612873e-10,40,7,0.2119279716
2020-10-20,arm0_baseline,12508221.02,-4.656612873e-10,40,7,0.211466903
2020-10-21,arm0_baseline,12391716.98,-4.656612873e-10,40,7,0.2104167952
2020-10-22,arm0_baseline,12312374.48,-4.656612873e-10,40,7,0.2102618715
2020-10-23,arm0_baseline,12185021.64,2284.709457,40,10,0.157569113
2020-10-26,arm0_baseline,12341188.6,2284.709457,40,10,0.1586031198
2020-10-27,arm0_baseline,12228769.95,2284.709457,40,10,0.1582344814
2020-10-28,arm0_baseline,12314752.6,2284.709457,40,10,0.1589958259
2020-10-29,arm0_baseline,12568901.15,2284.709457,40,10,0.1601945024
2020-10-30,arm0_baseline,12205481.17,-7.566995919e-10,40,9,0.2288199975
2020-11-02,arm0_baseline,12335627.85,-7.566995919e-10,40,9,0.2350778952
2020-11-03,arm0_baseline,12370629.22,-7.566995919e-10,40,9,0.2306406405
2020-11-04,arm0_baseline,12490081.97,-7.566995919e-10,40,9,0.2362612745
2020-11-05,arm0_baseline,12943925.01,-7.566995919e-10,40,9,0.2414033587
2020-11-06,arm0_baseline,12723325.71,-3.492459655e-10,40,11,0.1997126651
2020-11-09,arm0_baseline,12865430.58,-3.492459655e-10,40,11,0.1972533579
2020-11-10,arm0_baseline,12662275.03,-3.492459655e-10,40,11,0.1940902792
2020-11-11,arm0_baseline,12363935.42,-3.492459655e-10,40,11,0.187924723
2020-11-12,arm0_baseline,12505577.19,-3.492459655e-10,40,11,0.1872120497
2020-11-13,arm0_baseline,12474882.59,0,40,10,0.2118131751
2020-11-16,arm0_baseline,12736241.09,0,40,10,0.2118313817
2020-11-17,arm0_baseline,13007539.09,0,40,10,0.2168802001
2020-11-18,arm0_baseline,13080928.13,0,40,10,0.2226280639
2020-11-19,arm0_baseline,13001220.83,0,40,10,0.2179340317
2020-11-20,arm0_baseline,13524934.3,303068.3873,40,9,0.1605084411
2020-11-23,arm0_baseline,14016856.67,303068.3873,40,9,0.1620860082
2020-11-24,arm0_baseline,14166221.25,303068.3873,40,9,0.1625815495
2020-11-25,arm0_baseline,14087524.79,303068.3873,40,9,0.1657251492
2020-11-26,arm0_baseline,13900709.95,303068.3873,40,9,0.1634595003
2020-11-27,arm0_baseline,14021922.75,624149.9017,40,9,0.1486369587
2020-11-30,arm0_baseline,14011220.41,624149.9017,40,9,0.1481552815
2020-12-01,arm0_baseline,14173660.48,624149.9017,40,9,0.1473408595
2020-12-02,arm0_baseline,14128311.09,624149.9017,40,9,0.1474108098
2020-12-03,arm0_baseline,13858084.11,624149.9017,40,9,0.1476046676
2020-12-04,arm0_baseline,14014602.57,476043.3413,40,10,0.1569607692
2020-12-07,arm0_baseline,14012141.38,476043.3413,40,10,0.1570084726
2020-12-08,arm0_baseline,13984216.02,476043.3413,40,10,0.1558720038
2020-12-09,arm0_baseline,13845087.24,476043.3413,40,10,0.1559898432
2020-12-10,arm0_baseline,13821110.34,476043.3413,40,10,0.1571697496
2020-12-11,arm0_baseline,13816627.05,222835.86,40,12,0.138034223
2020-12-14,arm0_baseline,13597392.77,222835.86,40,12,0.1376442223
2020-12-15,arm0_baseline,13619342.21,222835.86,40,12,0.1370132389
2020-12-16,arm0_baseline,13606541.27,222835.86,40,12,0.136742074
2020-12-17,arm0_baseline,13950132.07,222835.86,40,12,0.1385397685
2020-12-18,arm0_baseline,13982259.42,26077.76267,40,14,0.1069599992
2020-12-21,arm0_baseline,14166773.88,26077.76267,40,14,0.1068530618
2020-12-22,arm0_baseline,14220911.22,26077.76267,40,14,0.1086079392
2020-12-23,arm0_baseline,14449014.37,26077.76267,40,14,0.1099706451
2020-12-24,arm0_baseline,14271543.15,26077.76267,40,14,0.1113128277
2020-12-25,arm0_baseline,14297122.07,77339.13371,40,12,0.1502203081
2020-12-28,arm0_baseline,14374265.31,77339.13371,40,12,0.1527550675
2020-12-29,arm0_baseline,13858802.55,77339.13371,40,12,0.1529361802
2020-12-30,arm0_baseline,14198565.75,77339.13371,40,12,0.1542086851
2020-12-31,arm0_baseline,14184999.15,77339.13371,40,12,0.1541098975
2021-01-04,arm0_baseline,14850582.53,-1.164153218e-10,40,8,0.261666638
2021-01-05,arm0_baseline,15448829.16,-1.164153218e-10,40,8,0.2643732922
2021-01-06,arm0_baseline,15023805.81,-1.164153218e-10,40,8,0.2682556141
2021-01-07,arm0_baseline,15106450.54,-1.164153218e-10,40,8,0.2717738337
2021-01-08,arm0_baseline,14657320.44,-1.164153218e-10,40,8,0.2707108757
2021-01-11,arm0_baseline,13919296.87,4.656612873e-10,40,7,0.2912804022
2021-01-12,arm0_baseline,14425177.93,4.656612873e-10,40,7,0.295799365
2021-01-13,arm0_baseline,14258846.95,4.656612873e-10,40,7,0.3005152472
2021-01-14,arm0_baseline,13575193.75,4.656612873e-10,40,7,0.2985377045
2021-01-15,arm0_baseline,13559076.16,4.656612873e-10,40,7,0.2883825503
2021-01-18,arm0_baseline,13736809.97,92331.80401,40,10,0.2888916001
2021-01-19,arm0_baseline,13526298.39,92331.80401,40,10,0.2860725906
2021-01-20,arm0_baseline,13840536.1,92331.80401,40,10,0.2903318879
2021-01-21,arm0_baseline,14134209.27,92331.80401,40,10,0.2933942122
2021-01-22,arm0_baseline,14369554.74,92331.80401,40,10,0.3007457225
2021-01-25,arm0_baseline,14631576.03,78310.04134,40,10,0.425133416
2021-01-26,arm0_baseline,14428100.13,78310.04134,40,10,0.4259847879
2021-01-27,arm0_baseline,14473946.03,78310.04134,40,10,0.4319003531
2021-01-28,arm0_baseline,14064284.55,78310.04134,40,10,0.4197503207
2021-01-29,arm0_baseline,13372023.27,78310.04134,40,10,0.4078150385
2021-02-01,arm0_baseline,13212342.36,4.656612873e-10,40,8,0.4070474654
2021-02-02,arm0_baseline,13565800.24,4.656612873e-10,40,8,0.4180092398
2021-02-03,arm0_baseline,13543224.42,4.656612873e-10,40,8,0.4184638056
2021-02-04,arm0_baseline,12772006.92,4.656612873e-10,40,8,0.4063382124
2021-02-05,arm0_baseline,12122425.24,4.656612873e-10,40,8,0.3978636267
2021-02-08,arm0_baseline,12341452.62,4.656612873e-10,40,10,0.2237743716
2021-02-09,arm0_baseline,12724471.4,4.656612873e-10,40,10,0.2278835343
2021-02-10,arm0_baseline,12821553.73,4.656612873e-10,40,10,0.2237391527
2021-02-18,arm0_baseline,13405033.64,4.656612873e-10,40,10,0.2269453004
2021-02-19,arm0_baseline,13425313.21,4.656612873e-10,40,10,0.2170283406
2021-02-22,arm0_baseline,13639956.39,-2.328306437e-10,40,11,0.1466126614
2021-02-23,arm0_baseline,13471998.9,-2.328306437e-10,40,11,0.1481217385
2021-02-24,arm0_baseline,13234568.44,-2.328306437e-10,40,11,0.1473781988
2021-02-25,arm0_baseline,13010087.39,-2.328306437e-10,40,11,0.1468912489
2021-02-26,arm0_baseline,12779778.65,-2.328306437e-10,40,11,0.1459862567
2021-03-01,arm0_baseline,13172207.41,9.313225746e-10,40,14,0.1228883139
2021-03-02,arm0_baseline,12991861.06,9.313225746e-10,40,14,0.1224857511
2021-03-03,arm0_baseline,13220037.56,9.313225746e-10,40,14,0.1217165065
2021-03-04,arm0_baseline,13054585.75,9.313225746e-10,40,14,0.1218505229
2021-03-05,arm0_baseline,13097593.55,9.313225746e-10,40,14,0.1206291903
2021-03-08,arm0_baseline,12941536.75,284735.3076,40,18,0.09067655476
2021-03-09,arm0_baseline,12721112.2,284735.3076,40,18,0.09390590638
2021-03-10,arm0_baseline,12529157.39,284735.3076,40,18,0.09314042922
2021-03-11,arm0_baseline,12816381.73,284735.3076,40,18,0.09299232631
2021-03-12,arm0_baseline,12973321.65,284735.3076,40,18,0.09402309486
2021-03-15,arm0_baseline,13120839.88,345009.8336,40,23,0.05988644719
2021-03-16,arm0_baseline,13163715.32,345009.8336,40,23,0.06045296099
2021-03-17,arm0_baseline,13108260.57,345009.8336,40,23,0.06027985223
2021-03-18,arm0_baseline,13067779.78,345009.8336,40,23,0.06005239646
2021-03-19,arm0_baseline,12908018.56,345009.8336,40,23,0.06037098329
2021-03-22,arm0_baseline,13120483.62,381709.5386,40,21,0.07064200657
2021-03-23,arm0_baseline,12891631.51,381709.5386,40,21,0.07037578753
2021-03-24,arm0_baseline,12697961.19,381709.5386,40,21,0.07106741984
2021-03-25,arm0_baseline,12667447.19,381709.5386,40,21,0.07115370079
2021-03-26,arm0_baseline,12791296.05,381709.5386,40,21,0.07093990519
2021-03-29,arm0_baseline,12896360.27,0,40,19,0.1172646532
2021-03-30,arm0_baseline,12926079.06,0,40,19,0.1172993233
2021-03-31,arm0_baseline,12930257.43,0,40,19,0.1176224344
2021-04-01,arm0_baseline,12998599.29,0,40,19,0.1209519251
2021-04-02,arm0_baseline,12924193.41,0,40,19,0.120799882
2021-04-06,arm0_baseline,13026121.88,53828.99102,40,16,0.2335787411
2021-04-07,arm0_baseline,13393405.96,53828.99102,40,16,0.2439223482
2021-04-08,arm0_baseline,13376058.2,53828.99102,40,16,0.2465866801
2021-04-09,arm0_baseline,13483896.36,53828.99102,40,16,0.2478375907
2021-04-12,arm0_baseline,13603286.68,53828.99102,40,16,0.2551862691
2021-04-13,arm0_baseline,13345524.58,4.074536264e-10,40,13,0.2544286232
2021-04-14,arm0_baseline,13569738.09,4.074536264e-10,40,13,0.257495369
2021-04-15,arm0_baseline,13462510.73,4.074536264e-10,40,13,0.2543914097
2021-04-16,arm0_baseline,13621851.69,4.074536264e-10,40,13,0.2500130996
2021-04-19,arm0_baseline,13633670.94,4.074536264e-10,40,13,0.2451469787
2021-04-20,arm0_baseline,13745232.48,-3.492459655e-10,40,13,0.1948662898
2021-04-21,arm0_baseline,13639374.51,-3.492459655e-10,40,13,0.1928055261
2021-04-22,arm0_baseline,13763256.16,-3.492459655e-10,40,13,0.1975798678
2021-04-23,arm0_baseline,13910453.96,-3.492459655e-10,40,13,0.2001455173
2021-04-26,arm0_baseline,13680370.03,-3.492459655e-10,40,13,0.1972877578
2021-04-27,arm0_baseline,13634096.24,67308.26444,40,12,0.1316812235
2021-04-28,arm0_baseline,13730048.51,67308.26444,40,12,0.1319553333
2021-04-29,arm0_baseline,13628775.04,67308.26444,40,12,0.1308644157
2021-04-30,arm0_baseline,13511298.44,67308.26444,40,12,0.1313457619
2021-05-06,arm0_baseline,13686664.58,67308.26444,40,12,0.1335782197
2021-05-07,arm0_baseline,13663312.77,154206.5166,40,16,0.1121910912
2021-05-10,arm0_baseline,13954474,154206.5166,40,16,0.1121112565
2021-05-11,arm0_baseline,14031466.58,154206.5166,40,16,0.1126532504
2021-05-12,arm0_baseline,14198946.44,154206.5166,40,16,0.1121186552
2021-05-13,arm0_baseline,14169711.5,154206.5166,40,16,0.1134945277
2021-05-14,arm0_baseline,14380934.22,1.047737896e-09,40,12,0.1727644531
2021-05-17,arm0_baseline,14366015.72,1.047737896e-09,40,12,0.1703965232
2021-05-18,arm0_baseline,14596305.91,1.047737896e-09,40,12,0.1728404458
2021-05-19,arm0_baseline,14512686.43,1.047737896e-09,40,12,0.1715104242
2021-05-20,arm0_baseline,14345002.71,1.047737896e-09,40,12,0.172431844
2021-05-21,arm0_baseline,14466872.02,199618.7257,40,10,0.2250738974
2021-05-24,arm0_baseline,14613579.06,199618.7257,40,10,0.2259350399
2021-05-25,arm0_baseline,14803355.04,199618.7257,40,10,0.2247130771
2021-05-26,arm0_baseline,14971761.53,532168.3017,39,10,0.228123973
2021-05-27,arm0_baseline,14982633.3,532168.3017,39,10,0.2263116454
2021-05-28,arm0_baseline,15083637.8,424932.9324,39,14,0.1809257615
2021-05-31,arm0_baseline,15282529.88,424932.9324,39,14,0.184534465
2021-06-01,arm0_baseline,15287859.36,424932.9324,39,14,0.1781893544
2021-06-02,arm0_baseline,15128910.59,424932.9324,39,14,0.1758536773
2021-06-03,arm0_baseline,15079732.6,424932.9324,39,14,0.175358841
2021-06-04,arm0_baseline,15364320.83,7.566995919e-10,40,11,0.1806758436
2021-06-07,arm0_baseline,15568319.2,7.566995919e-10,40,11,0.1805127143
2021-06-08,arm0_baseline,14940112.66,7.566995919e-10,40,11,0.1771696621
2021-06-09,arm0_baseline,14932802.88,7.566995919e-10,40,11,0.1776238004
2021-06-10,arm0_baseline,15036062.66,7.566995919e-10,40,11,0.1790793749
2021-06-11,arm0_baseline,14719039.53,84114.35226,40,11,0.135412875
2021-06-15,arm0_baseline,14468906.14,84114.35226,40,11,0.1346092165
2021-06-16,arm0_baseline,14055575.12,84114.35226,40,11,0.1327113171
2021-06-17,arm0_baseline,14276903.85,84114.35226,40,11,0.1333444669
2021-06-18,arm0_baseline,14526575.5,84114.35226,40,11,0.1349329539
2021-06-21,arm0_baseline,14577409.48,179245.3437,40,16,0.1005783043
2021-06-22,arm0_baseline,14560107.55,179245.3437,40,16,0.1009327201
2021-06-23,arm0_baseline,14511953.24,179245.3437,40,16,0.09995034075
2021-06-24,arm0_baseline,14354587.97,179245.3437,40,16,0.100430957
2021-06-25,arm0_baseline,14505716.71,179245.3437,40,16,0.1012790191
2021-06-28,arm0_baseline,14488201.83,61810.41915,40,15,0.1084076411
2021-06-29,arm0_baseline,14316370.45,61810.41915,40,15,0.1077028625
2021-06-30,arm0_baseline,14377616.18,61810.41915,40,15,0.1079322538
2021-07-01,arm0_baseline,14004156.39,61810.41915,40,15,0.1076823905
2021-07-02,arm0_baseline,13851090.4,61810.41915,40,15,0.1074389102
2021-07-05,arm0_baseline,14021516.19,2.328306437e-10,40,14,0.1327120309
2021-07-06,arm0_baseline,14083507.27,2.328306437e-10,40,14,0.1317857167
2021-07-07,arm0_baseline,14225704.07,2.328306437e-10,40,14,0.1318346589
2021-07-08,arm0_baseline,14320225.48,2.328306437e-10,40,14,0.1327122656
2021-07-09,arm0_baseline,14353472.1,2.328306437e-10,40,14,0.1323258652
2021-07-12,arm0_baseline,14523668.57,220370.9684,40,14,0.1270845566
2021-07-13,arm0_baseline,14455127.68,220370.9684,40,14,0.1242395123
2021-07-14,arm0_baseline,14284311.17,220370.9684,40,14,0.1238708254
2021-07-15,arm0_baseline,14243539.21,220370.9684,40,14,0.1233072697
2021-07-16,arm0_baseline,14331166.85,220370.9684,40,14,0.1231251969
2021-07-19,arm0_baseline,14215005.76,163134.8085,40,13,0.1255777051
2021-07-20,arm0_baseline,14204052.67,163134.8085,40,13,0.1260940122
2021-07-21,arm0_baseline,14619630.08,163134.8085,40,13,0.1276803423
2021-07-22,arm0_baseline,14951551.11,163134.8085,40,13,0.1291717801
2021-07-23,arm0_baseline,14741318.5,163134.8085,40,13,0.128382721
2021-07-26,arm0_baseline,14881277.49,2.328306437e-10,40,10,0.149015749
2021-07-27,arm0_baseline,14363152.27,2.328306437e-10,40,10,0.1507731279
2021-07-28,arm0_baseline,14036501.75,2.328306437e-10,40,10,0.1512972151
2021-07-29,arm0_baseline,14734189.07,2.328306437e-10,40,10,0.1520275996
2021-07-30,arm0_baseline,15091485.71,2.328306437e-10,40,10,0.1533397828
2021-08-02,arm0_baseline,14941286.42,47126.49565,40,9,0.1384869384
2021-08-03,arm0_baseline,14368687.7,47126.49565,40,9,0.136825552
2021-08-04,arm0_baseline,14908810.63,47126.49565,40,9,0.1378321643
2021-08-05,arm0_baseline,14686041.07,47126.49565,40,9,0.1370619765
2021-08-06,arm0_baseline,15140097.44,47126.49565,40,9,0.137821876
2021-08-09,arm0_baseline,15099647.55,249957.2921,40,9,0.1541302144
2021-08-10,arm0_baseline,15067176.65,249957.2921,40,9,0.154931217
2021-08-11,arm0_baseline,15301509.48,249957.2921,40,9,0.1554495612
2021-08-12,arm0_baseline,15490382.68,249957.2921,40,9,0.1550434015
2021-08-13,arm0_baseline,15770760.28,249957.2921,40,9,0.1545909311
2021-08-16,arm0_baseline,15267978.14,293136.0843,40,11,0.1400681658
2021-08-17,arm0_baseline,15179747.03,293136.0843,40,11,0.1406100911
2021-08-18,arm0_baseline,15427757.74,293136.0843,40,11,0.1399734577
2021-08-19,arm0_baseline,15451181.85,293136.0843,40,11,0.1391254268
2021-08-20,arm0_baseline,15606932.39,293136.0843,40,11,0.1377102736
2021-08-23,arm0_baseline,16073606.26,81595.16695,40,12,0.141075228
2021-08-24,arm0_baseline,16342542.22,81595.16695,40,12,0.1408295465
2021-08-25,arm0_baseline,16417716.98,81595.16695,40,12,0.1399053073
2021-08-26,arm0_baseline,16543614.14,81595.16695,40,12,0.1394137593
2021-08-27,arm0_baseline,16566355.88,81595.16695,40,12,0.1393483422
2021-08-30,arm0_baseline,16674345.99,-3.492459655e-10,40,12,0.1568011615
2021-08-31,arm0_baseline,16604334.52,-3.492459655e-10,40,12,0.1558632952
2021-09-01,arm0_baseline,16213926.12,-3.492459655e-10,40,12,0.1542475089
2021-09-02,arm0_baseline,16609512.48,-3.492459655e-10,40,12,0.1546751387
2021-09-03,arm0_baseline,16299970.24,-3.492459655e-10,40,12,0.1534935026
2021-09-06,arm0_baseline,16427334.1,-5.820766091e-10,40,12,0.1325605108
2021-09-07,arm0_baseline,16843471.17,-5.820766091e-10,40,12,0.132453551
2021-09-08,arm0_baseline,16693168.99,-5.820766091e-10,40,12,0.1300109821
2021-09-09,arm0_baseline,17377578.21,-5.820766091e-10,40,12,0.1301925909
2021-09-10,arm0_baseline,17176063.95,-5.820766091e-10,40,12,0.1311991256
2021-09-13,arm0_baseline,17257808.86,242662.2527,40,11,0.131355014
2021-09-14,arm0_baseline,16949977.21,242662.2527,40,11,0.1319304022
2021-09-15,arm0_baseline,17156290.44,242662.2527,40,11,0.1330052218
2021-09-16,arm0_baseline,17084236.03,242662.2527,40,11,0.1335636349
2021-09-17,arm0_baseline,16985366.31,242662.2527,40,11,0.1346689307
2021-09-22,arm0_baseline,17241295.14,351819.0423,40,12,0.1189741797
2021-09-23,arm0_baseline,17454277,351819.0423,40,12,0.1196768646
2021-09-24,arm0_baseline,16814700.13,351819.0423,40,12,0.1185901221
2021-09-27,arm0_baseline,16086791.49,351819.0423,40,12,0.1178965519
2021-09-28,arm0_baseline,16341313.67,351819.0423,40,12,0.1172575125
2021-09-29,arm0_baseline,15842617.77,331118.0798,40,13,0.1204679455
2021-09-30,arm0_baseline,16097561.18,331118.0798,40,13,0.1195802641
2021-10-08,arm0_baseline,16590387.86,331118.0798,40,13,0.1181355836
2021-10-11,arm0_baseline,16677349.55,331118.0798,40,13,0.118903088
2021-10-12,arm0_baseline,16488492.75,331118.0798,40,13,0.118777251
2021-10-13,arm0_baseline,16143457.9,5.820766091e-11,40,13,0.1372351791
2021-10-14,arm0_baseline,16043918.11,5.820766091e-11,40,13,0.1353554362
2021-10-15,arm0_baseline,15755613.45,5.820766091e-11,40,13,0.1340970581
2021-10-18,arm0_baseline,16148783.81,5.820766091e-11,40,13,0.1336291966
2021-10-19,arm0_baseline,16476302.53,5.820766091e-11,40,13,0.1367110169
2021-10-20,arm0_baseline,16197807.02,-2.910383046e-10,41,11,0.2180247266
2021-10-21,arm0_baseline,16012621.8,389009.2402,40,10,0.227497949
2021-10-22,arm0_baseline,15774570.67,389009.2402,40,10,0.2292579935
2021-10-25,arm0_baseline,15817223.25,389009.2402,40,10,0.2277821722
2021-10-26,arm0_baseline,15606521.61,389009.2402,40,10,0.2291553748
2021-10-27,arm0_baseline,15593074.86,203460.0424,40,7,0.3783167528
2021-10-28,arm0_baseline,15307426.11,203460.0424,40,7,0.3768063997
2021-10-29,arm0_baseline,15537795.04,203460.0424,40,7,0.3775216679
2021-11-01,arm0_baseline,15624257.95,203460.0424,40,7,0.3770148344
2021-11-02,arm0_baseline,15519491.08,203460.0424,40,7,0.3807220063
2021-11-03,arm0_baseline,15950979.91,219347.876,40,9,0.2783452053
2021-11-04,arm0_baseline,16414653.09,219347.876,40,9,0.283845218
2021-11-05,arm0_baseline,16086849.07,219347.876,40,9,0.281014052
2021-11-08,arm0_baseline,16034968.22,219347.876,40,9,0.2797317003
2021-11-09,arm0_baseline,16138744.93,219347.876,40,9,0.2779523696
2021-11-10,arm0_baseline,15996748.06,236672.4857,40,11,0.1735366472
2021-11-11,arm0_baseline,16086772.37,236672.4857,40,11,0.1728745612
2021-11-12,arm0_baseline,16211918.83,236672.4857,40,11,0.1726198349
2021-11-15,arm0_baseline,16168070.28,236672.4857,40,11,0.173050213
2021-11-16,arm0_baseline,15946469.79,236672.4857,40,11,0.1719295929
2021-11-17,arm0_baseline,16182233.52,42872.02479,40,13,0.121766029
2021-11-18,arm0_baseline,16278242.98,42872.02479,40,13,0.1222061001
2021-11-19,arm0_baseline,16365142.45,42872.02479,40,13,0.1212940864
2021-11-22,arm0_baseline,16594455.14,42872.02479,40,13,0.120159556
2021-11-23,arm0_baseline,16532038.1,42872.02479,40,13,0.1200961868
2021-11-24,arm0_baseline,16395284.41,-2.910383046e-10,40,15,0.124535618
2021-11-25,arm0_baseline,16299150.69,-2.910383046e-10,40,15,0.1251622177
2021-11-26,arm0_baseline,16209577.65,-2.910383046e-10,40,15,0.1238389481
2021-11-29,arm0_baseline,16136137.68,-2.910383046e-10,40,15,0.1242846669
2021-11-30,arm0_baseline,16433974.81,-2.910383046e-10,40,15,0.1276593347
2021-12-01,arm0_baseline,16533025.86,68694.14973,40,18,0.09194685322
2021-12-02,arm0_baseline,16364048,68694.14973,40,18,0.09122386323
2021-12-03,arm0_baseline,16431922.38,68694.14973,40,18,0.09195410252
2021-12-06,arm0_baseline,16122561.77,68694.14973,40,18,0.09176557407
2021-12-07,arm0_baseline,15851636.35,68694.14973,40,18,0.09013189464
2021-12-08,arm0_baseline,16076188.48,164805.461,40,19,0.08095297496
2021-12-09,arm0_baseline,16289602.81,164805.461,40,19,0.08099224408
2021-12-10,arm0_baseline,16376970.77,164805.461,40,19,0.0812122117
2021-12-13,arm0_baseline,16476139.85,164805.461,40,19,0.08024194062
2021-12-14,arm0_baseline,16363803.84,164805.461,40,19,0.07936466119
2021-12-15,arm0_baseline,16219385.62,85592.07578,40,20,0.08233645722
2021-12-16,arm0_baseline,16413649.43,85592.07578,40,20,0.08235731035
2021-12-17,arm0_baseline,16310871.26,85592.07578,40,20,0.08165078127
2021-12-20,arm0_baseline,16136849.54,85592.07578,40,20,0.08266367301
2021-12-21,arm0_baseline,16349251.54,85592.07578,40,20,0.08174706835
2021-12-22,arm0_baseline,16337357.26,60342.02057,40,17,0.09626962932
2021-12-23,arm0_baseline,16348094.2,60342.02057,40,17,0.0968126281
2021-12-24,arm0_baseline,15899470.04,60342.02057,40,17,0.09518492238
2021-12-27,arm0_baseline,15784282.61,60342.02057,40,17,0.09461060914
2021-12-28,arm0_baseline,15944898.89,60342.02057,40,17,0.09475697885
2021-12-29,arm0_baseline,15893708.92,132481.0261,40,17,0.08089497213
2021-12-30,arm0_baseline,16132494.79,132481.0261,40,17,0.08041897679
2021-12-31,arm0_baseline,16312719.73,132481.0261,40,17,0.07982976501
2022-01-04,arm0_baseline,16678976.72,132481.0261,40,17,0.07932361839
2022-01-05,arm0_baseline,16718595.58,132481.0261,40,17,0.07975350219
2022-01-06,arm0_baseline,17068508.1,3.492459655e-10,40,17,0.07546363295
2022-01-07,arm0_baseline,16938198.07,3.492459655e-10,40,17,0.07598047391
2022-01-10,arm0_baseline,16898369.54,3.492459655e-10,40,17,0.07579943464
2022-01-11,arm0_baseline,16891660.46,3.492459655e-10,40,17,0.07563822098
2022-01-12,arm0_baseline,17032229.55,3.492459655e-10,40,17,0.07420321627
2022-01-13,arm0_baseline,16821111.39,1.164153218e-10,40,13,0.0989643697
2022-01-14,arm0_baseline,16551974.24,1.164153218e-10,40,13,0.09816289826
2022-01-17,arm0_baseline,16843969.08,1.164153218e-10,40,13,0.0981272895
2022-01-18,arm0_baseline,16582814.85,1.164153218e-10,40,13,0.0998462319
2022-01-19,arm0_baseline,17006507.14,1.164153218e-10,40,13,0.1018193182
2022-01-20,arm0_baseline,16744469.77,306346.8005,40,12,0.1408997816
2022-01-21,arm0_baseline,16524336.35,306346.8005,40,12,0.141933283
2022-01-24,arm0_baseline,16582912.64,306346.8005,40,12,0.1455031199
2022-01-25,arm0_baseline,15971528.42,306346.8005,40,12,0.1486052104
2022-01-26,arm0_baseline,15940760.31,306346.8005,40,12,0.145263626
2022-01-27,arm0_baseline,15264151.47,502716.5655,40,10,0.1761733299
2022-01-28,arm0_baseline,15612612.81,502716.5655,40,10,0.1813937553
2022-02-07,arm0_baseline,15878532.3,502716.5655,40,10,0.178403413
2022-02-08,arm0_baseline,16383605.51,502716.5655,40,10,0.1793458949
2022-02-09,arm0_baseline,16683370.69,502716.5655,40,10,0.1770703895
2022-02-10,arm0_baseline,17009863.97,326009.5604,40,9,0.2041620847
2022-02-11,arm0_baseline,16925660.77,326009.5604,40,9,0.2051075284
2022-02-14,arm0_baseline,17287291.86,326009.5604,40,9,0.2109868949
2022-02-15,arm0_baseline,16858339.52,326009.5604,40,9,0.2033738048
2022-02-16,arm0_baseline,17052400.22,326009.5604,40,9,0.2016210708
2022-02-17,arm0_baseline,16605690.41,-3.492459655e-10,40,7,0.2389955917
2022-02-18,arm0_baseline,16784602.75,-3.492459655e-10,40,7,0.2369289445
2022-02-21,arm0_baseline,16932039.89,-3.492459655e-10,40,7,0.2376366337
2022-02-22,arm0_baseline,16660367.21,-3.492459655e-10,40,7,0.238465118
2022-02-23,arm0_baseline,16541963.69,-3.492459655e-10,40,7,0.2372043242
2022-02-24,arm0_baseline,15961661.45,188759.7022,40,10,0.1425080864
2022-02-25,arm0_baseline,16095511.96,188759.7022,40,10,0.1425574397
2022-02-28,arm0_baseline,16183395.13,188759.7022,40,10,0.1438309806
2022-03-01,arm0_baseline,16288494.79,188759.7022,40,10,0.1428357171
2022-03-02,arm0_baseline,16366163.98,188759.7022,40,10,0.1426596766
2022-03-03,arm0_baseline,16408644.22,189507.3619,40,14,0.1047694947
2022-03-04,arm0_baseline,16170511.46,189507.3619,40,14,0.1052872194
2022-03-07,arm0_baseline,15972224.91,189507.3619,40,14,0.1044319781
2022-03-08,arm0_baseline,15170893.94,189507.3619,40,14,0.102883301
2022-03-09,arm0_baseline,15008417.94,189507.3619,40,14,0.1027984662
2022-03-10,arm0_baseline,15375869.18,266919.4071,40,12,0.1959020897
2022-03-11,arm0_baseline,15342218.26,266919.4071,40,12,0.1957231517
2022-03-14,arm0_baseline,14839371.55,266919.4071,40,12,0.195442091
2022-03-15,arm0_baseline,13947249.15,266919.4071,40,12,0.1916563434
2022-03-16,arm0_baseline,14445876.31,266919.4071,40,12,0.1880741254
2022-03-17,arm0_baseline,14772995.44,211194.7861,40,10,0.1932763891
2022-03-18,arm0_baseline,15119608.18,211194.7861,40,10,0.1955043344
2022-03-21,arm0_baseline,15436377.87,211194.7861,40,10,0.1970437769
2022-03-22,arm0_baseline,15592464.16,211194.7861,40,10,0.1972723953
2022-03-23,arm0_baseline,15488391.26,211194.7861,40,10,0.1966612248
2022-03-24,arm0_baseline,15651951.68,32314.90462,40,9,0.2259749299
2022-03-25,arm0_baseline,15615916.65,32314.90462,40,9,0.225635598
2022-03-28,arm0_baseline,15570388.88,32314.90462,40,9,0.2275878996
2022-03-29,arm0_baseline,15604464.44,32314.90462,40,9,0.2289463592
2022-03-30,arm0_baseline,15609596.43,32314.90462,40,9,0.2249699142
2022-03-31,arm0_baseline,15731919.79,5.820766091e-10,40,6,0.2254225941
2022-04-01,arm0_baseline,15552202.03,5.820766091e-10,40,6,0.2263106287
2022-04-06,arm0_baseline,15536478.71,5.820766091e-10,40,6,0.224530653
2022-04-07,arm0_baseline,15160100.84,5.820766091e-10,40,6,0.2273385362
2022-04-08,arm0_baseline,15055634.61,5.820766091e-10,40,6,0.2290925435
2022-04-11,arm0_baseline,14837242.13,3.492459655e-10,41,7,0.1761992926
2022-04-12,arm0_baseline,15105356.49,3.492459655e-10,41,7,0.1761067825
2022-04-13,arm0_baseline,14881217.57,3.492459655e-10,41,7,0.1752838432
2022-04-14,arm0_baseline,15094512.15,3.492459655e-10,41,7,0.174418095
2022-04-15,arm0_baseline,14995557.44,3.492459655e-10,41,7,0.1743942921
2022-04-18,arm0_baseline,14831017.72,4.656612873e-10,41,9,0.1569074958
2022-04-19,arm0_baseline,14996157,4.656612873e-10,41,9,0.1584756173
2022-04-20,arm0_baseline,14939687.69,4.656612873e-10,41,9,0.1578691108
2022-04-21,arm0_baseline,14510707.43,4.656612873e-10,41,9,0.1586039682
2022-04-22,arm0_baseline,14153941.84,4.656612873e-10,41,9,0.1580645367
2022-04-25,arm0_baseline,13118428.57,377975.2152,40,8,0.1894609072
2022-04-26,arm0_baseline,12777663.49,377975.2152,40,8,0.1909664854
2022-04-27,arm0_baseline,12867359.75,377975.2152,40,8,0.1887196383
2022-04-28,arm0_baseline,12671365.58,715570.8616,39,8,0.1942267364
2022-04-29,arm0_baseline,12892883.66,715570.8616,39,8,0.1921211486
2022-05-05,arm0_baseline,12972609.4,208100.9684,40,8,0.171226816
2022-05-06,arm0_baseline,12614193.78,208100.9684,40,8,0.172227196
2022-05-09,arm0_baseline,12651769.48,208100.9684,40,8,0.172342755
2022-05-10,arm0_baseline,12667226.66,208100.9684,40,8,0.1726792457
2022-05-11,arm0_baseline,12647441.24,462607.5458,39,8,0.1771861153
2022-05-12,arm0_baseline,12705827.6,56531.39883,40,10,0.1750722646
2022-05-13,arm0_baseline,12893425.73,56531.39883,40,10,0.176036016
2022-05-16,arm0_baseline,12975106.83,56531.39883,40,10,0.1760132844
2022-05-17,arm0_baseline,12922392.6,56531.39883,40,10,0.1754506259
2022-05-18,arm0_baseline,12905867.42,56531.39883,40,10,0.1749117954
2022-05-19,arm0_baseline,12994066,-5.820766091e-11,40,10,0.1431660988
2022-05-20,arm0_baseline,13297396.43,-5.820766091e-11,40,10,0.1426927598
2022-05-23,arm0_baseline,13474678.12,-5.820766091e-11,40,10,0.1428537975
2022-05-24,arm0_baseline,13097168.36,-5.820766091e-11,40,10,0.1422609651
2022-05-25,arm0_baseline,13355663.33,-5.820766091e-11,40,10,0.1453655227
2022-05-26,arm0_baseline,13369156.94,230234.5751,40,13,0.1034759532
2022-05-27,arm0_baseline,13444807.05,230234.5751,40,13,0.1033819028
2022-05-30,arm0_baseline,13550535.09,230234.5751,40,13,0.1036283408
2022-05-31,arm0_baseline,13621849.29,230234.5751,40,13,0.1044380402
2022-06-01,arm0_baseline,13801401.84,230234.5751,40,13,0.1047835391
2022-06-02,arm0_baseline,13948473.3,283563.9564,40,20,0.06925845282
2022-06-06,arm0_baseline,14135548.08,283563.9564,40,20,0.0696007673
2022-06-07,arm0_baseline,13940958.36,283563.9564,40,20,0.06906225521
2022-06-08,arm0_baseline,14113567.07,283563.9564,40,20,0.06999562513
2022-06-09,arm0_baseline,13847441.62,283563.9564,40,20,0.06962501519
2022-06-10,arm0_baseline,14096236.05,137552.3398,40,23,0.06445805484
2022-06-13,arm0_baseline,14205743.5,137552.3398,40,23,0.06550264378
2022-06-14,arm0_baseline,14400012.24,137552.3398,40,23,0.06656614342
2022-06-15,arm0_baseline,14340371.67,137552.3398,40,23,0.06604951174
2022-06-16,arm0_baseline,14257730.26,137552.3398,40,23,0.0663697569
2022-06-17,arm0_baseline,14474446.41,75226.01184,40,22,0.05724009133
2022-06-20,arm0_baseline,14528349.86,75226.01184,40,22,0.05720291986
2022-06-21,arm0_baseline,14468741.42,511975.8687,39,22,0.05822641152
2022-06-22,arm0_baseline,14545282.56,511975.8687,39,22,0.05893405484
2022-06-23,arm0_baseline,15011234.85,511975.8687,39,22,0.05943324457
2022-06-24,arm0_baseline,15026205.94,467018.9608,40,21,0.05827737555
2022-06-27,arm0_baseline,15013395.47,467018.9608,40,21,0.0582158328
2022-06-28,arm0_baseline,15225235.1,467018.9608,40,21,0.05842827471
2022-06-29,arm0_baseline,14931910.36,467018.9608,40,21,0.05839504319
2022-06-30,arm0_baseline,14976097.3,467018.9608,40,21,0.05877536738
2022-07-01,arm0_baseline,14796945.72,163337.6516,40,22,0.05973453028
2022-07-04,arm0_baseline,14905927.27,163337.6516,40,22,0.05959523948
2022-07-05,arm0_baseline,14738147.69,163337.6516,40,22,0.05979988741
2022-07-06,arm0_baseline,14515224.13,163337.6516,40,22,0.05982886325
2022-07-07,arm0_baseline,14685023.65,163337.6516,40,22,0.05966783055
2022-07-08,arm0_baseline,14692654.98,20190.59611,39,19,0.07435708168
2022-07-11,arm0_baseline,14715969.77,20190.59611,39,19,0.07499251951
2022-07-12,arm0_baseline,14805294.78,20190.59611,39,19,0.07594627892
2022-07-13,arm0_baseline,15148531.91,20190.59611,39,19,0.07704672873
2022-07-14,arm0_baseline,14952549.61,20190.59611,39,19,0.07605932392
2022-07-15,arm0_baseline,14717656.03,1.164153218e-09,39,19,0.0902659163
2022-07-18,arm0_baseline,14913665.82,1.164153218e-09,39,19,0.09037313726
2022-07-19,arm0_baseline,15047300.2,1.164153218e-09,39,19,0.08949703145
2022-07-20,arm0_baseline,15193152.81,1.164153218e-09,39,19,0.0898657253
2022-07-21,arm0_baseline,15006336.17,1.164153218e-09,39,19,0.08907328295
2022-07-22,arm0_baseline,15022414.64,68373.64399,39,17,0.09035070906
2022-07-25,arm0_baseline,14664545.83,68373.64399,39,17,0.09031865721
2022-07-26,arm0_baseline,14843552.21,68373.64399,39,17,0.09044671074
2022-07-27,arm0_baseline,14938149.93,68373.64399,39,17,0.09062903382
2022-07-28,arm0_baseline,15070938.18,68373.64399,39,17,0.09101844182
2022-07-29,arm0_baseline,14980245.12,41783.99819,39,16,0.08574199049
2022-08-01,arm0_baseline,15087331.28,41783.99819,39,16,0.08562444301
2022-08-02,arm0_baseline,14715459.69,41783.99819,39,16,0.08598403472
2022-08-03,arm0_baseline,14816596.28,41783.99819,39,16,0.08721268916
2022-08-04,arm0_baseline,14690546.33,41783.99819,39,16,0.08685201217
2022-08-05,arm0_baseline,14781441.64,-5.238689482e-10,40,14,0.1264859938
2022-08-08,arm0_baseline,14946074.82,-5.238689482e-10,40,14,0.1270523136
2022-08-09,arm0_baseline,15120384.98,-5.238689482e-10,40,14,0.1275052751
2022-08-10,arm0_baseline,15169581.1,-5.238689482e-10,40,14,0.1268146889
2022-08-11,arm0_baseline,15256826.75,-5.238689482e-10,40,14,0.1262940477
2022-08-12,arm0_baseline,15148489.56,5.238689482e-10,40,13,0.1554625174
2022-08-15,arm0_baseline,15227639.39,5.238689482e-10,40,13,0.156036403
2022-08-16,arm0_baseline,15249808.5,5.238689482e-10,40,13,0.1551019151
2022-08-17,arm0_baseline,15281806.12,5.238689482e-10,40,13,0.1558422699
2022-08-18,arm0_baseline,15301319.3,5.238689482e-10,40,13,0.1553557192
2022-08-19,arm0_baseline,15273721.02,97455.76584,40,12,0.178846055
2022-08-22,arm0_baseline,15606351.9,97455.76584,40,12,0.1828649116
2022-08-23,arm0_baseline,15942624.7,97455.76584,40,12,0.1898451334
2022-08-24,arm0_baseline,15741819.46,97455.76584,40,12,0.1936202925
2022-08-25,arm0_baseline,16091996.62,97455.76584,40,12,0.2006016219
2022-08-26,arm0_baseline,16233489.48,-4.656612873e-10,40,12,0.175069093
2022-08-29,arm0_baseline,16528092.8,-4.656612873e-10,40,12,0.1779183632
2022-08-30,arm0_baseline,15985194.01,-4.656612873e-10,40,12,0.1728458675
2022-08-31,arm0_baseline,15187033.77,-4.656612873e-10,40,12,0.170066711
2022-09-01,arm0_baseline,15010884.85,-4.656612873e-10,40,12,0.1673391474
2022-09-02,arm0_baseline,14912636.81,3.492459655e-10,40,12,0.2092696814
2022-09-05,arm0_baseline,15214470.03,3.492459655e-10,40,12,0.2047520565
2022-09-06,arm0_baseline,15602442.51,3.492459655e-10,40,12,0.2028848754
2022-09-07,arm0_baseline,15753802.19,3.492459655e-10,40,12,0.2006431181
2022-09-08,arm0_baseline,15352900.06,3.492459655e-10,40,12,0.1967230768
2022-09-09,arm0_baseline,15237155.97,-5.820766091e-10,40,8,0.2458498466
2022-09-13,arm0_baseline,15379053.68,-5.820766091e-10,40,8,0.247111535
2022-09-14,arm0_baseline,15187028.33,-5.820766091e-10,40,8,0.2446552108
2022-09-15,arm0_baseline,14961552.79,-5.820766091e-10,40,8,0.2452301376
2022-09-16,arm0_baseline,14411619.86,-5.820766091e-10,40,8,0.2481693097
2022-09-19,arm0_baseline,14455806.33,189734.4999,40,7,0.2084140906
2022-09-20,arm0_baseline,14652964.98,189734.4999,40,7,0.2086992487
2022-09-21,arm0_baseline,14748611.98,189734.4999,40,7,0.208869767
2022-09-22,arm0_baseline,14784110.77,189734.4999,40,7,0.2103395439
2022-09-23,arm0_baseline,14464031.89,189734.4999,40,7,0.2104052061
2022-09-26,arm0_baseline,14343432.55,221314.0714,40,7,0.2567857914
2022-09-27,arm0_baseline,14876406.48,221314.0714,40,7,0.2606233117
2022-09-28,arm0_baseline,14432542.03,221314.0714,40,7,0.2586370044
2022-09-29,arm0_baseline,14201902.41,221314.0714,40,7,0.2559702935
2022-09-30,arm0_baseline,13960745.66,221314.0714,40,7,0.2533412833
2022-10-10,arm0_baseline,13486779.41,-2.328306437e-10,40,7,0.2913370826
2022-10-11,arm0_baseline,13359505.47,-2.328306437e-10,40,7,0.290849703
2022-10-12,arm0_baseline,13434769.46,-2.328306437e-10,40,7,0.2887832319
2022-10-13,arm0_baseline,13496079.08,-2.328306437e-10,40,7,0.2913651559
2022-10-14,arm0_baseline,13657760.21,-2.328306437e-10,40,7,0.290869396
2022-10-17,arm0_baseline,13715207.32,143543.7936,40,4,0.3314614943
2022-10-18,arm0_baseline,13851451.92,143543.7936,40,4,0.3332150186
2022-10-19,arm0_baseline,13705878.83,143543.7936,40,4,0.3330168382
2022-10-20,arm0_baseline,14058959,143543.7936,40,4,0.33428778
2022-10-21,arm0_baseline,13904532.05,143543.7936,40,4,0.3306607516
2022-10-24,arm0_baseline,13409674.46,50589.78352,40,5,0.2388711173
2022-10-25,arm0_baseline,13360351.57,50589.78352,40,5,0.2395303082
2022-10-26,arm0_baseline,13703041.96,50589.78352,40,5,0.2394908043
2022-10-27,arm0_baseline,13731031.84,50589.78352,40,5,0.2393622798
2022-10-28,arm0_baseline,13513097.81,50589.78352,40,5,0.2401569556
2022-10-31,arm0_baseline,13519204.09,265594.4723,40,8,0.1753913305
2022-11-01,arm0_baseline,13904939.52,265594.4723,40,8,0.1743065413
2022-11-02,arm0_baseline,14213272.25,265594.4723,40,8,0.1749054131
2022-11-03,arm0_baseline,14156656.27,265594.4723,40,8,0.1743628634
2022-11-04,arm0_baseline,14467600.76,265594.4723,40,8,0.1743551968
2022-11-07,arm0_baseline,14424090.62,339126.349,40,11,0.1662815522
2022-11-08,arm0_baseline,14442550.33,339126.349,40,11,0.1660630996
2022-11-09,arm0_baseline,14395189.5,339126.349,40,11,0.1657545022
2022-11-10,arm0_baseline,14477971.3,339126.349,40,11,0.1657721852
2022-11-11,arm0_baseline,14412176.56,339126.349,40,11,0.164448329
2022-11-14,arm0_baseline,14483641.6,57018.93703,40,14,0.1318245908
2022-11-15,arm0_baseline,14746532.42,57018.93703,40,14,0.1309967541
2022-11-16,arm0_baseline,14772636.02,57018.93703,40,14,0.1321998717
2022-11-17,arm0_baseline,14925016,57018.93703,40,14,0.1328698228
2022-11-18,arm0_baseline,15007586.31,57018.93703,40,14,0.1358148472
2022-11-21,arm0_baseline,14747336.96,50051.69688,40,14,0.105777498
2022-11-22,arm0_baseline,14603992.86,50051.69688,40,14,0.1043916887
2022-11-23,arm0_baseline,14503993.9,50051.69688,40,14,0.1027024301
2022-11-24,arm0_baseline,14613863.15,50051.69688,40,14,0.1024707634
2022-11-25,arm0_baseline,14729989.72,50051.69688,40,14,0.1011434065
2022-11-28,arm0_baseline,14856716.16,10042.71567,40,14,0.09259037384
2022-11-29,arm0_baseline,15480245.63,10042.71567,40,14,0.09449841612
2022-11-30,arm0_baseline,15513558.93,10042.71567,40,14,0.09500971686
2022-12-01,arm0_baseline,15481512.51,10042.71567,40,14,0.09678521904
2022-12-02,arm0_baseline,15491904.04,10042.71567,40,14,0.09693683293
2022-12-05,arm0_baseline,15784923.53,-3.492459655e-10,40,17,0.09368564501
2022-12-06,arm0_baseline,15568542.99,-3.492459655e-10,40,17,0.09304986757
2022-12-07,arm0_baseline,15520113.85,-3.492459655e-10,40,17,0.09184410225
2022-12-08,arm0_baseline,15640324.13,-3.492459655e-10,40,17,0.09212192124
2022-12-09,arm0_baseline,15811709.7,-3.492459655e-10,40,17,0.09324218798
2022-12-12,arm0_baseline,15427544.37,34155.33403,40,17,0.09527206692
2022-12-13,arm0_baseline,15565595.45,34155.33403,40,17,0.09520744788
2022-12-14,arm0_baseline,15471180.74,34155.33403,40,17,0.09404540205
2022-12-15,arm0_baseline,15450561.75,34155.33403,40,17,0.09447779324
2022-12-16,arm0_baseline,15462856.74,34155.33403,40,17,0.09469094897
2022-12-19,arm0_baseline,15284682.51,64428.76955,40,17,0.09580813545
2022-12-20,arm0_baseline,14869324.82,64428.76955,40,17,0.09335955602
2022-12-21,arm0_baseline,14899210.63,64428.76955,40,17,0.09390178309
2022-12-22,arm0_baseline,14898621.34,64428.76955,40,17,0.09480198606
2022-12-23,arm0_baseline,15005654.31,64428.76955,40,17,0.09606723461
2022-12-26,arm0_baseline,14961288.93,221525.3328,40,15,0.1343344732
2022-12-27,arm0_baseline,15150095.95,221525.3328,40,15,0.1348961375
2022-12-28,arm0_baseline,14969763.36,221525.3328,40,15,0.1355665236
2022-12-29,arm0_baseline,14781863.71,221525.3328,40,15,0.1354771058
2022-12-30,arm0_baseline,14952228.52,221525.3328,40,15,0.1351420758
2023-01-03,arm0_baseline,14801063.08,3916.980595,40,13,0.1705080039
2023-01-04,arm0_baseline,14895414.72,3916.980595,40,13,0.1696693959
2023-01-05,arm0_baseline,15288222.43,3916.980595,40,13,0.1766627317
2023-01-06,arm0_baseline,15125993.2,3916.980595,40,13,0.1781386583
2023-01-09,arm0_baseline,15345861.78,3916.980595,40,13,0.1807340941
2023-01-10,arm0_baseline,15335933.67,4.656612873e-10,40,10,0.2799752473
2023-01-11,arm0_baseline,15208298.2,4.656612873e-10,40,10,0.2793433732
2023-01-12,arm0_baseline,14998084.89,4.656612873e-10,40,10,0.2808593086
2023-01-13,arm0_baseline,15389136.43,4.656612873e-10,40,10,0.2824732312
2023-01-16,arm0_baseline,15477151.32,4.656612873e-10,40,10,0.2847644092
2023-01-17,arm0_baseline,15274902.54,85772.87025,40,14,0.1678350839
2023-01-18,arm0_baseline,15247005.97,85772.87025,40,14,0.1669012434
2023-01-19,arm0_baseline,15201421.49,85772.87025,40,14,0.1656473432
2023-01-20,arm0_baseline,15282179.79,85772.87025,40,14,0.1631527182
2023-01-30,arm0_baseline,15574145.03,85772.87025,40,14,0.1633191698
2023-01-31,arm0_baseline,15580331.29,87431.58657,40,23,0.07218366695
2023-02-01,arm0_baseline,15757321.42,87431.58657,40,23,0.07193817768
2023-02-02,arm0_baseline,15866801.95,87431.58657,40,23,0.07271208303
2023-02-03,arm0_baseline,15743391.8,87431.58657,40,23,0.0728856484
2023-02-06,arm0_baseline,15654053.89,87431.58657,40,23,0.07225836682
2023-02-07,arm0_baseline,15833265.46,-4.074536264e-10,40,21,0.06723526978
2023-02-08,arm0_baseline,15598721.95,-4.074536264e-10,40,21,0.06699628045
2023-02-09,arm0_baseline,15863399,-4.074536264e-10,40,21,0.06744576645
2023-02-10,arm0_baseline,15843219.2,-4.074536264e-10,40,21,0.06754603957
2023-02-13,arm0_baseline,16154780.86,-4.074536264e-10,40,21,0.06788230571
2023-02-14,arm0_baseline,16109191.15,3.492459655e-10,40,22,0.06111898572
2023-02-15,arm0_baseline,16160400.56,3.492459655e-10,40,22,0.06139437814
2023-02-16,arm0_baseline,15744954.48,3.492459655e-10,40,22,0.06125286209
2023-02-17,arm0_baseline,15608708.82,3.492459655e-10,40,22,0.06109956954
2023-02-20,arm0_baseline,15982764.76,3.492459655e-10,40,22,0.06151360978
2023-02-21,arm0_baseline,16074210.16,41147.95079,40,20,0.08034319739
2023-02-22,arm0_baseline,16000916.11,41147.95079,40,20,0.08042901038
2023-02-23,arm0_baseline,15916361.88,41147.95079,40,20,0.08023294846
2023-02-24,arm0_baseline,15911154.68,41147.95079,40,20,0.08010166515
2023-02-27,arm0_baseline,15765224.91,41147.95079,40,20,0.08012129891
2023-02-28,arm0_baseline,15891693.11,64776.46977,40,16,0.106180131
2023-03-01,arm0_baseline,16119233.7,64776.46977,40,16,0.1058558847
2023-03-02,arm0_baseline,16157806.66,64776.46977,40,16,0.1066826256
2023-03-03,arm0_baseline,16277792,64776.46977,40,16,0.1067591804
2023-03-06,arm0_baseline,16192564.89,64776.46977,40,16,0.1064555994
2023-03-07,arm0_baseline,15923888.38,78100.27205,40,15,0.1143913811
2023-03-08,arm0_baseline,15964154.73,78100.27205,40,15,0.1144864935
2023-03-09,arm0_baseline,15843647.68,78100.27205,40,15,0.1149232289
2023-03-10,arm0_baseline,15535846.84,78100.27205,40,15,0.1148731424
2023-03-13,arm0_baseline,15625485.1,78100.27205,40,15,0.1146978114
2023-03-14,arm0_baseline,15375783.1,0,40,13,0.1773343016
2023-03-15,arm0_baseline,15592154.43,0,40,13,0.1797828045
2023-03-16,arm0_baseline,15221493.37,0,40,13,0.1796658059
2023-03-17,arm0_baseline,15325604.57,0,40,13,0.1789579618
2023-03-20,arm0_baseline,15264046.9,0,40,13,0.177481185
2023-03-21,arm0_baseline,15460434.72,5.820766091e-10,40,10,0.1773976055
2023-03-22,arm0_baseline,15456170.7,5.820766091e-10,40,10,0.1779091746
2023-03-23,arm0_baseline,15385420.65,5.820766091e-10,40,10,0.1770724107
2023-03-24,arm0_baseline,15441031.13,5.820766091e-10,40,10,0.1768197063
2023-03-27,arm0_baseline,15303119.35,5.820766091e-10,40,10,0.1757319183
2023-03-28,arm0_baseline,15108386.75,4.074536264e-10,40,12,0.1347098503
2023-03-29,arm0_baseline,15067414.11,4.074536264e-10,40,12,0.1347158219
2023-03-30,arm0_baseline,14950136.52,4.074536264e-10,40,12,0.1335193571
2023-03-31,arm0_baseline,15361963.83,4.074536264e-10,40,12,0.1373303399
2023-04-03,arm0_baseline,15498399.03,4.074536264e-10,40,12,0.1387394879
2023-04-04,arm0_baseline,15301719.44,-3.492459655e-10,40,9,0.1671480187
2023-04-06,arm0_baseline,14881619.5,-3.492459655e-10,40,9,0.1655731823
2023-04-07,arm0_baseline,15191510.69,-3.492459655e-10,40,9,0.1678642606
2023-04-10,arm0_baseline,14900174.79,-3.492459655e-10,40,9,0.1675782207
2023-04-11,arm0_baseline,15591648.37,-3.492459655e-10,40,9,0.1707905705
2023-04-12,arm0_baseline,16411477.28,-8.149072528e-10,40,7,0.2046798589
2023-04-13,arm0_baseline,16380819.79,-8.149072528e-10,40,7,0.2058011368
2023-04-14,arm0_baseline,16252951.3,-8.149072528e-10,40,7,0.2047938238
2023-04-17,arm0_baseline,15664789.22,-8.149072528e-10,40,7,0.2051062742
2023-04-18,arm0_baseline,15517614.32,-8.149072528e-10,40,7,0.2047281378
2023-04-19,arm0_baseline,15771136.33,442682.1397,40,7,0.1812298823
2023-04-20,arm0_baseline,16327714.59,442682.1397,40,7,0.1830849175
2023-04-21,arm0_baseline,15735728.04,442682.1397,40,7,0.1833188331
2023-04-24,arm0_baseline,16236481.57,442682.1397,40,7,0.1867169155
2023-04-25,arm0_baseline,16209897.76,442682.1397,40,7,0.1862017956
2023-04-26,arm0_baseline,16393038.74,251461.3184,40,6,0.3055001822
2023-04-27,arm0_baseline,15893728.87,251461.3184,40,6,0.3054117378
2023-04-28,arm0_baseline,16874640.43,251461.3184,40,6,0.3122773585
2023-05-04,arm0_baseline,17985555.41,251461.3184,40,6,0.3219432515
2023-05-05,arm0_baseline,17723896.41,251461.3184,40,6,0.319168884
2023-05-08,arm0_baseline,17786369.1,81839.00996,40,7,0.280662162
2023-05-09,arm0_baseline,17292189.31,81839.00996,40,7,0.2766363982
2023-05-10,arm0_baseline,17351615.56,81839.00996,40,7,0.2805057678
2023-05-11,arm0_baseline,17673920.85,81839.00996,40,7,0.2840159065
2023-05-12,arm0_baseline,17064498.04,81839.00996,40,7,0.2798688119
2023-05-15,arm0_baseline,16880436.29,3.492459655e-10,40,5,0.4329293892
2023-05-16,arm0_baseline,16083954.34,3.492459655e-10,40,5,0.4215570662
2023-05-17,arm0_baseline,15940841.85,3.492459655e-10,40,5,0.4175734579
2023-05-18,arm0_baseline,16205718.65,3.492459655e-10,40,5,0.4211834963
2023-05-19,arm0_baseline,15712382.67,3.492459655e-10,40,5,0.4093094922
2023-05-22,arm0_baseline,15555819.63,1.746229827e-10,40,4,0.3578213678
2023-05-23,arm0_baseline,15169235.54,1.746229827e-10,40,4,0.357009602
2023-05-24,arm0_baseline,15141311.76,1.746229827e-10,40,4,0.3599246041
2023-05-25,arm0_baseline,14868747.8,1.746229827e-10,40,4,0.3544464019
2023-05-26,arm0_baseline,15247726.51,1.746229827e-10,40,4,0.3599726139
2023-05-29,arm0_baseline,15180573.85,176482.1206,40,7,0.2020340801
2023-05-30,arm0_baseline,15344001.84,176482.1206,40,7,0.2019693009
2023-05-31,arm0_baseline,15316466.09,176482.1206,40,7,0.201913955
2023-06-01,arm0_baseline,15610783.39,176482.1206,40,7,0.202338042
2023-06-02,arm0_baseline,15608556.68,176482.1206,40,7,0.2017211661
2023-06-05,arm0_baseline,15797098.53,369076.7285,40,9,0.23948758
2023-06-06,arm0_baseline,15456597.69,369076.7285,40,9,0.2370493709
2023-06-07,arm0_baseline,15673797.43,369076.7285,40,9,0.2378114189
2023-06-08,arm0_baseline,15522287.44,369076.7285,40,9,0.2380145202
2023-06-09,arm0_baseline,15717153.85,369076.7285,40,9,0.2386900252
2023-06-12,arm0_baseline,15884533.34,366245.4973,40,10,0.2087991965
2023-06-13,arm0_baseline,15852191.22,366245.4973,40,10,0.2096199387
2023-06-14,arm0_baseline,15864672.83,366245.4973,40,10,0.2081337797
2023-06-15,arm0_baseline,15947429.58,366245.4973,40,10,0.2069439365
2023-06-16,arm0_baseline,16044884.91,366245.4973,40,10,0.2088901756
2023-06-19,arm0_baseline,16077945.65,157454.2904,40,11,0.1986951416
2023-06-20,arm0_baseline,16236171,157454.2904,40,11,0.1999484506
2023-06-21,arm0_baseline,15818810.52,157454.2904,40,11,0.2022194113
2023-06-26,arm0_baseline,15583199.03,157454.2904,40,11,0.2041139916
2023-06-27,arm0_baseline,15913902.25,157454.2904,40,11,0.20329546
2023-06-28,arm0_baseline,15860008.59,16793.12359,40,12,0.1346625606
2023-06-29,arm0_baseline,16157336.92,16793.12359,40,12,0.1342830038
2023-06-30,arm0_baseline,16121610.04,414803.4171,39,11,0.1404211625
2023-07-03,arm0_baseline,15942259.75,414803.4171,39,11,0.1388720974
2023-07-04,arm0_baseline,15913314.22,414803.4171,39,11,0.1381180469
2023-07-05,arm0_baseline,15733315.53,585142.9828,39,9,0.1562272884
2023-07-06,arm0_baseline,15713343.36,585142.9828,39,9,0.1564903101
2023-07-07,arm0_baseline,15689617.68,585142.9828,39,9,0.1568497037
2023-07-10,arm0_baseline,15659047.36,585142.9828,39,9,0.1557352065
2023-07-11,arm0_baseline,15789412.61,585142.9828,39,9,0.1559427146
2023-07-12,arm0_baseline,15629404.72,749085.1646,39,12,0.1168257128
2023-07-13,arm0_baseline,15679044.06,749085.1646,39,12,0.1164924789
2023-07-14,arm0_baseline,15586915.07,749085.1646,39,12,0.1170396272
2023-07-17,arm0_baseline,15573969.55,749085.1646,39,12,0.1177040013
2023-07-18,arm0_baseline,15698142.2,749085.1646,39,12,0.1185128871
2023-07-19,arm0_baseline,15746900.52,147794.7734,39,16,0.1080934106
2023-07-20,arm0_baseline,15466547.1,147794.7734,39,16,0.1070210715
2023-07-21,arm0_baseline,15312581.4,147794.7734,39,16,0.1062935359
2023-07-24,arm0_baseline,15235500.52,147794.7734,39,16,0.106322518
2023-07-25,arm0_baseline,15714640.38,147794.7734,39,16,0.1077419628
2023-07-26,arm0_baseline,15589222.07,-3.492459655e-10,40,19,0.08752914379
2023-07-27,arm0_baseline,15615223.13,-3.492459655e-10,40,19,0.08754893941
2023-07-28,arm0_baseline,15977939,-3.492459655e-10,40,19,0.08803627193
2023-07-31,arm0_baseline,16331610.41,-3.492459655e-10,40,19,0.08877621693
2023-08-01,arm0_baseline,16263389.31,-3.492459655e-10,40,19,0.08792209171
2023-08-02,arm0_baseline,16216397.41,-5.820766091e-11,40,19,0.07196426739
2023-08-03,arm0_baseline,16196298.35,-5.820766091e-11,40,19,0.07179434918
2023-08-04,arm0_baseline,16154747.43,-5.820766091e-11,40,19,0.07187444712
2023-08-07,arm0_baseline,16028380.65,-5.820766091e-11,40,19,0.07178230531
2023-08-08,arm0_baseline,15933950.95,-5.820766091e-11,40,19,0.07150134431
2023-08-09,arm0_baseline,15761149.4,75756.15229,40,18,0.08402081164
2023-08-10,arm0_baseline,15875562.44,75756.15229,40,18,0.0846933982
2023-08-11,arm0_baseline,15484702.73,75756.15229,40,18,0.08389501447
2023-08-14,arm0_baseline,15356687.41,75756.15229,40,18,0.08325288945
2023-08-15,arm0_baseline,15275210.1,75756.15229,40,18,0.0835588046
2023-08-16,arm0_baseline,15284664.08,9.313225746e-10,40,12,0.161148074
2023-08-17,arm0_baseline,15330490.94,9.313225746e-10,40,12,0.1604981564
2023-08-18,arm0_baseline,15046437.92,9.313225746e-10,40,12,0.1595243338
2023-08-21,arm0_baseline,14806758.1,9.313225746e-10,40,12,0.1575958149
2023-08-22,arm0_baseline,14947162.52,9.313225746e-10,40,12,0.1578026399
2023-08-23,arm0_baseline,14632090.2,1.047737896e-09,40,8,0.3088385557
2023-08-24,arm0_baseline,14649268.49,1.047737896e-09,40,8,0.3127156636
2023-08-25,arm0_baseline,14783775.74,1.047737896e-09,40,8,0.3163863348
2023-08-28,arm0_baseline,15206338.99,1.047737896e-09,40,8,0.3186169948
2023-08-29,arm0_baseline,15263210.51,1.047737896e-09,40,8,0.3142121063
2023-08-30,arm0_baseline,14947917.98,98383.14697,40,7,0.3054382215
2023-08-31,arm0_baseline,14631658.05,98383.14697,40,7,0.3038143664
2023-09-01,arm0_baseline,14606850.85,98383.14697,40,7,0.3023241287
2023-09-04,arm0_baseline,14845274.91,98383.14697,40,7,0.298971539
2023-09-05,arm0_baseline,14618194.54,98383.14697,40,7,0.3010663234
2023-09-06,arm0_baseline,14524212.6,163882.4519,40,4,0.2923839008
2023-09-07,arm0_baseline,14452201.82,163882.4519,40,4,0.2925527807
2023-09-08,arm0_baseline,14278209.55,163882.4519,40,4,0.29441765
2023-09-11,arm0_baseline,14486407.45,163882.4519,40,4,0.2944219552
2023-09-12,arm0_baseline,14342120.51,163882.4519,40,4,0.2938940051
2023-09-13,arm0_baseline,14306574.45,170709.9298,40,5,0.2385899113
2023-09-14,arm0_baseline,14351677.03,170709.9298,40,5,0.2387897291
2023-09-15,arm0_baseline,14281490.99,170709.9298,40,5,0.2389806227
2023-09-18,arm0_baseline,14323485.29,170709.9298,40,5,0.2388667933
2023-09-19,arm0_baseline,14282924.36,170709.9298,40,5,0.2389764146
2023-09-20,arm0_baseline,14130160.43,68036.75633,40,6,0.2665478264
2023-09-21,arm0_baseline,14046077.98,68036.75633,40,6,0.2673181776
2023-09-22,arm0_baseline,14267735.8,68036.75633,40,6,0.2650212127
2023-09-25,arm0_baseline,14152207.99,68036.75633,40,6,0.2663830433
2023-09-26,arm0_baseline,14187475.16,68036.75633,40,6,0.2642112186
2023-09-27,arm0_baseline,14220099.03,-5.820766091e-10,40,7,0.2991136236
2023-09-28,arm0_baseline,14562871.68,-5.820766091e-10,40,7,0.2967182426
2023-10-09,arm0_baseline,14704668.77,-5.820766091e-10,40,7,0.2958761422
2023-10-10,arm0_baseline,14664606.61,-5.820766091e-10,40,7,0.293155366
2023-10-11,arm0_baseline,14459122.89,-5.820766091e-10,40,7,0.2935442446
2023-10-12,arm0_baseline,14537507.1,-6.4028427e-10,40,8,0.1808085547
2023-10-13,arm0_baseline,14667662.04,-6.4028427e-10,40,8,0.1818073827
2023-10-16,arm0_baseline,14730139.51,-6.4028427e-10,40,8,0.1795524335
2023-10-17,arm0_baseline,14709809.68,-6.4028427e-10,40,8,0.1793972224
2023-10-18,arm0_baseline,14398642.36,-6.4028427e-10,40,8,0.1798755677
2023-10-19,arm0_baseline,14073791.14,198248.6552,40,8,0.1875910967
2023-10-20,arm0_baseline,13961968.31,198248.6552,40,8,0.1866513077
2023-10-23,arm0_baseline,13585590.51,198248.6552,40,8,0.1869902027
2023-10-24,arm0_baseline,13736840.26,198248.6552,40,8,0.1876160761
2023-10-25,arm0_baseline,13854105.45,198248.6552,40,8,0.1873572043
2023-10-26,arm0_baseline,14016004.09,237189.2816,40,8,0.1841644186
2023-10-27,arm0_baseline,14179505.34,237189.2816,40,8,0.1838300345
2023-10-30,arm0_baseline,14358442.49,237189.2816,40,8,0.1859446295
2023-10-31,arm0_baseline,14343955.39,237189.2816,40,8,0.1861521827
2023-11-01,arm0_baseline,14312401.66,237189.2816,40,8,0.1853892917
2023-11-02,arm0_baseline,14109722.09,63069.32894,40,6,0.1855544802
2023-11-03,arm0_baseline,14394431.17,63069.32894,40,6,0.1852366366
2023-11-06,arm0_baseline,14646950.32,63069.32894,40,6,0.1852112873
2023-11-07,arm0_baseline,14724506.11,63069.32894,40,6,0.1848173072
2023-11-08,arm0_baseline,14829887.61,63069.32894,40,6,0.1852266998
2023-11-09,arm0_baseline,14630029.56,-1.164153218e-10,40,10,0.1420847595
2023-11-10,arm0_baseline,14626377.35,-1.164153218e-10,40,10,0.1421690215
2023-11-13,arm0_baseline,14989042.85,-1.164153218e-10,40,10,0.1435148913
2023-11-14,arm0_baseline,15329295.66,-1.164153218e-10,40,10,0.1453639848
2023-11-15,arm0_baseline,15384460.43,-1.164153218e-10,40,10,0.1453516465
2023-11-16,arm0_baseline,15227500.58,75862.9283,40,15,0.1045524903
2023-11-17,arm0_baseline,15320811.76,75862.9283,40,15,0.1040204309
2023-11-20,arm0_baseline,15564927.93,75862.9283,40,15,0.1045434284
2023-11-21,arm0_baseline,15530914.5,75862.9283,40,15,0.1041834958
2023-11-22,arm0_baseline,15405021.39,75862.9283,40,15,0.1043790118
2023-11-23,arm0_baseline,15404134.91,218271.3287,40,17,0.08678744408
2023-11-24,arm0_baseline,15316958.52,218271.3287,40,17,0.08627039871
2023-11-27,arm0_baseline,15200542.23,218271.3287,40,17,0.08635395254
2023-11-28,arm0_baseline,15386640.77,218271.3287,40,17,0.08677843359
2023-11-29,arm0_baseline,15247494.66,218271.3287,40,17,0.08628598828
2023-11-30,arm0_baseline,15248916.35,66783.79426,40,21,0.06679420537
2023-12-01,arm0_baseline,15550811.48,66783.79426,40,21,0.06802170692
2023-12-04,arm0_baseline,15640400.41,66783.79426,40,21,0.0679378083
2023-12-05,arm0_baseline,15399239.79,66783.79426,40,21,0.06760302746
2023-12-06,arm0_baseline,15478761.88,66783.79426,40,21,0.0672213433
2023-12-07,arm0_baseline,15538309.27,3943327.507,30,18,0.07526460606
2023-12-08,arm0_baseline,15451497.77,3943327.507,30,18,0.07676521843
2023-12-11,arm0_baseline,15705755.4,3943327.507,30,18,0.07844674695
2023-12-12,arm0_baseline,15800051.56,3943327.507,30,18,0.07837042227
2023-12-13,arm0_baseline,15904036.13,3943327.507,30,18,0.08106817405
2023-12-14,arm0_baseline,15827296.65,7859725.617,20,14,0.09186357135
2023-12-15,arm0_baseline,15843135.34,7859725.617,20,14,0.09189259672
2023-12-18,arm0_baseline,15715833.6,7859725.617,20,14,0.09069995896
2023-12-19,arm0_baseline,15714905.15,7859725.617,20,14,0.09129469649
2023-12-20,arm0_baseline,15599478.82,7859725.617,20,14,0.09094630043
2023-12-21,arm0_baseline,15622503.85,11740685.89,10,8,0.1467920941
2023-12-22,arm0_baseline,15559052.04,11740685.89,10,8,0.1440518586
2023-12-25,arm0_baseline,15594242.19,11740685.89,10,8,0.1435471656
2023-12-26,arm0_baseline,15520526.71,11740685.89,10,8,0.1418710165
2023-12-27,arm0_baseline,15483343.78,11740685.89,10,8,0.1419117381
2023-12-28,arm0_baseline,15463696.28,15463696.28,0,0,0
2018-07-10,arm2_low_max,10017088.48,7500000,10,1,1
2018-07-11,arm2_low_max,9930202.021,7500000,10,1,1
2018-07-12,arm2_low_max,9996447.079,7500000,10,1,1
2018-07-13,arm2_low_max,9983813.439,7500000,10,1,1
2018-07-16,arm2_low_max,9997329.61,7500000,10,1,1
2018-07-17,arm2_low_max,9993486.345,5000280.026,20,4,0.4170924053
2018-07-18,arm2_low_max,9936260.952,5000280.026,20,4,0.4166661131
2018-07-19,arm2_low_max,9825634.419,5000280.026,20,4,0.4129157364
2018-07-20,arm2_low_max,9910529.999,5000280.026,20,4,0.4167095482
2018-07-23,arm2_low_max,10004123.34,5000280.026,20,4,0.4288495417
2018-07-24,arm2_low_max,10045878.93,2504617.277,30,8,0.3040674922
2018-07-25,arm2_low_max,10093026.24,2504617.277,30,8,0.3045010656
2018-07-26,arm2_low_max,9954075.399,2504617.277,30,8,0.3016151979
2018-07-27,arm2_low_max,9954587.637,2504617.277,30,8,0.3000743166
2018-07-30,arm2_low_max,9880768.33,2504617.277,30,8,0.3009254707
2018-07-31,arm2_low_max,9862856.671,37672.44132,40,12,0.1874671804
2018-08-01,arm2_low_max,9635133.6,37672.44132,40,12,0.1841299811
2018-08-02,arm2_low_max,9394633.56,37672.44132,40,12,0.1800145755
2018-08-03,arm2_low_max,9292371.994,37672.44132,40,12,0.1829826917
2018-08-06,arm2_low_max,9137441.837,37672.44132,40,12,0.1817908844
2018-08-07,arm2_low_max,9422059.242,3.20142135e-10,40,12,0.1456818049
2018-08-08,arm2_low_max,9287806.014,3.20142135e-10,40,12,0.1474299774
2018-08-09,arm2_low_max,9464638.507,3.20142135e-10,40,12,0.1460598364
2018-08-10,arm2_low_max,9496611.903,3.20142135e-10,40,12,0.1447764311
2018-08-13,arm2_low_max,9590526.298,3.20142135e-10,40,12,0.1453907482
2018-08-14,arm2_low_max,9505418.829,26495.60214,40,10,0.2424022722
2018-08-15,arm2_low_max,9317408.816,26495.60214,40,10,0.2415819837
2018-08-16,arm2_low_max,9194640.204,26495.60214,40,10,0.2416143538
2018-08-17,arm2_low_max,9103348.738,26495.60214,40,10,0.2432341378
2018-08-20,arm2_low_max,9250105.25,26495.60214,40,10,0.2441770334
2018-08-21,arm2_low_max,9321496.441,2719.774148,40,6,0.3534808474
2018-08-22,arm2_low_max,9258392.102,2719.774148,40,6,0.3560842969
2018-08-23,arm2_low_max,9264985.786,2719.774148,40,6,0.3537696625
2018-08-24,arm2_low_max,9260779.096,2719.774148,40,6,0.3534990003
2018-08-27,arm2_low_max,9398981.391,2719.774148,40,6,0.3530842702
2018-08-28,arm2_low_max,9382077.157,57256.87658,40,5,0.3540274852
2018-08-29,arm2_low_max,9339573.254,57256.87658,40,5,0.3546370495
2018-08-30,arm2_low_max,9127852.883,57256.87658,40,5,0.3548309834
2018-08-31,arm2_low_max,9105329.629,57256.87658,40,5,0.3545547582
2018-09-03,arm2_low_max,9090772.954,57256.87658,40,5,0.3555115977
2018-09-04,arm2_low_max,9156544.732,12980.02174,40,7,0.242586955
2018-09-05,arm2_low_max,8969484.377,12980.02174,40,7,0.2408968279
2018-09-06,arm2_low_max,8902372.849,12980.02174,40,7,0.2409454751
2018-09-07,arm2_low_max,8913510.577,12980.02174,40,7,0.2406928276
2018-09-10,arm2_low_max,8846612.914,12980.02174,40,7,0.2422003707
2018-09-11,arm2_low_max,8776800.165,64095.20583,40,7,0.258965236
2018-09-12,arm2_low_max,8782144.324,64095.20583,40,7,0.2592073366
2018-09-13,arm2_low_max,8878333.224,64095.20583,40,7,0.2578740293
2018-09-14,arm2_low_max,8816656.425,64095.20583,40,7,0.2589108661
2018-09-17,arm2_low_max,8724729.685,64095.20583,40,7,0.2578887505
2018-09-18,arm2_low_max,8834979.177,61332.37125,40,7,0.2643156607
2018-09-19,arm2_low_max,9045797.452,61332.37125,40,7,0.2680917682
2018-09-20,arm2_low_max,8994308.716,61332.37125,40,7,0.2689600058
2018-09-21,arm2_low_max,9103496.14,61332.37125,40,7,0.2702805999
2018-09-25,arm2_low_max,8983212.965,61332.37125,40,7,0.2655523636
2018-09-26,arm2_low_max,9061256.862,4.656612873e-10,40,6,0.2872401401
2018-09-27,arm2_low_max,8940148.418,4.656612873e-10,40,6,0.2875477338
2018-09-28,arm2_low_max,9025642.97,4.656612873e-10,40,6,0.2885383181
2018-10-08,arm2_low_max,8821613.189,4.656612873e-10,40,6,0.2855173022
2018-10-09,arm2_low_max,8906114.653,4.656612873e-10,40,6,0.2850996936
2018-10-10,arm2_low_max,8927103.807,5.820766091e-11,40,8,0.1955779449
2018-10-11,arm2_low_max,8450901.693,5.820766091e-11,40,8,0.1988123081
2018-10-12,arm2_low_max,8373391.713,5.820766091e-11,40,8,0.1961302343
2018-10-15,arm2_low_max,8170469.037,5.820766091e-11,40,8,0.1935523044
2018-10-16,arm2_low_max,8144031.489,5.820766091e-11,40,8,0.1973558002
2018-10-17,arm2_low_max,7982997.556,17846.26454,40,9,0.1661383288
2018-10-18,arm2_low_max,7491688.84,17846.26454,40,9,0.1640027536
2018-10-19,arm2_low_max,7598396.988,17846.26454,40,9,0.1633449846
2018-10-22,arm2_low_max,7941481.696,17846.26454,40,9,0.1632902057
2018-10-23,arm2_low_max,7838609.416,17846.26454,40,9,0.1621753086
2018-10-24,arm2_low_max,7809481.697,75263.3657,40,10,0.1140669035
2018-10-25,arm2_low_max,7806702.935,75263.3657,40,10,0.1140421697
2018-10-26,arm2_low_max,7811271.541,75263.3657,40,10,0.1138357156
2018-10-29,arm2_low_max,7728917.764,75263.3657,40,10,0.1137411515
2018-10-30,arm2_low_max,7772624.937,75263.3657,40,10,0.1136770909
2018-10-31,arm2_low_max,7867430.982,22605.49855,40,9,0.1445995647
2018-11-01,arm2_low_max,7894626.509,22605.49855,40,9,0.1444590869
2018-11-02,arm2_low_max,8084713.099,22605.49855,40,9,0.1448353374
2018-11-05,arm2_low_max,8159089.171,22605.49855,40,9,0.1447692174
2018-11-06,arm2_low_max,8131245.787,22605.49855,40,9,0.1445973508
2018-11-07,arm2_low_max,8039561.569,0,40,6,0.2728987425
2018-11-08,arm2_low_max,7975073.809,0,40,6,0.2729532076
2018-11-09,arm2_low_max,7908018.668,0,40,6,0.2751019225
2018-11-12,arm2_low_max,8050140.772,0,40,6,0.2765166692
2018-11-13,arm2_low_max,8203997.606,0,40,6,0.2793540232
2018-11-14,arm2_low_max,8111626.614,73644.12023,40,11,0.2783537639
2018-11-15,arm2_low_max,8347695.39,73644.12023,40,11,0.2820762297
2018-11-16,arm2_low_max,8570966.572,73644.12023,40,11,0.2842935224
2018-11-19,arm2_low_max,8780705.655,73644.12023,40,11,0.2910356162
2018-11-20,arm2_low_max,8463626.058,73644.12023,40,11,0.2871709392
2018-11-21,arm2_low_max,8556484.004,2.328306437e-10,40,12,0.286392752
2018-11-22,arm2_low_max,8468714.759,2.328306437e-10,40,12,0.2842473716
2018-11-23,arm2_low_max,8097332.808,2.328306437e-10,40,12,0.2832323522
2018-11-26,arm2_low_max,8095144.62,2.328306437e-10,40,12,0.2831147764
2018-11-27,arm2_low_max,8118753.696,2.328306437e-10,40,12,0.2820799253
2018-11-28,arm2_low_max,8265112.829,22616.65298,40,19,0.1039758855
2018-11-29,arm2_low_max,8056481.738,22616.65298,40,19,0.1019001068
2018-11-30,arm2_low_max,8188258.921,22616.65298,40,19,0.102474607
2018-12-03,arm2_low_max,8452290.29,22616.65298,40,19,0.1019173047
2018-12-04,arm2_low_max,8510054.949,22616.65298,40,19,0.1020604182
2018-12-05,arm2_low_max,8442477.051,13069.34003,40,20,0.06227487143
2018-12-06,arm2_low_max,8267887.655,13069.34003,40,20,0.06237597792
2018-12-07,arm2_low_max,8307653.2,13069.34003,40,20,0.06213070369
2018-12-10,arm2_low_max,8232192.225,13069.34003,40,20,0.06222067132
2018-12-11,arm2_low_max,8289236.619,13069.34003,40,20,0.06211619408
2018-12-12,arm2_low_max,8299027.825,-3.492459655e-10,40,20,0.07591330037
2018-12-13,arm2_low_max,8415880.501,-3.492459655e-10,40,20,0.07624883471
2018-12-14,arm2_low_max,8226449.138,-3.492459655e-10,40,20,0.07653385032
2018-12-17,arm2_low_max,8227992.594,-3.492459655e-10,40,20,0.07722467712
2018-12-18,arm2_low_max,8156498.26,-3.492459655e-10,40,20,0.07698599237
2018-12-19,arm2_low_max,8052453.274,-3.492459655e-10,40,12,0.1880625225
2018-12-20,arm2_low_max,8069082.122,-3.492459655e-10,40,12,0.1848966492
2018-12-21,arm2_low_max,7981316.784,-3.492459655e-10,40,12,0.1844533651
2018-12-24,arm2_low_max,8083468.315,-3.492459655e-10,40,12,0.1836915547
2018-12-25,arm2_low_max,8010683.381,-3.492459655e-10,40,12,0.1841196847
2018-12-26,arm2_low_max,7973507.643,133660.5017,40,11,0.170334402
2018-12-27,arm2_low_max,7896007.026,133660.5017,40,11,0.1707493612
2018-12-28,arm2_low_max,7912222.599,133660.5017,40,11,0.1714696964
2019-01-02,arm2_low_max,7859801.909,133660.5017,40,11,0.1707827361
2019-01-03,arm2_low_max,7742941.02,133660.5017,40,11,0.1682704151
2019-01-04,arm2_low_max,7893086.104,155080.4701,40,8,0.1654074294
2019-01-07,arm2_low_max,7984379.931,155080.4701,40,8,0.1654302244
2019-01-08,arm2_low_max,7922580.716,155080.4701,40,8,0.16550297
2019-01-09,arm2_low_max,7960424.262,155080.4701,40,8,0.1663303003
2019-01-10,arm2_low_max,7977188.005,155080.4701,40,8,0.1662237879
2019-01-11,arm2_low_max,8055411.562,167778.8272,40,9,0.1582935339
2019-01-14,arm2_low_max,8011301.316,167778.8272,40,9,0.1578682864
2019-01-15,arm2_low_max,8244401.011,167778.8272,40,9,0.1602588715
2019-01-16,arm2_low_max,8142621.492,167778.8272,40,9,0.1596276222
2019-01-17,arm2_low_max,8087168.926,167778.8272,40,9,0.1595780233
2019-01-18,arm2_low_max,8137462.718,106076.3833,40,9,0.1863235821
2019-01-21,arm2_low_max,8189024.391,106076.3833,40,9,0.1849651612
2019-01-22,arm2_low_max,8168647.308,106076.3833,40,9,0.1867267614
2019-01-23,arm2_low_max,8245993.42,106076.3833,40,9,0.188669394
2019-01-24,arm2_low_max,8309945.169,106076.3833,40,9,0.189737736
2019-01-25,arm2_low_max,8320305.465,90156.95813,40,8,0.1922361515
2019-01-28,arm2_low_max,8365336.867,90156.95813,40,8,0.1948280788
2019-01-29,arm2_low_max,8285633.865,90156.95813,40,8,0.1969198179
2019-01-30,arm2_low_max,8224714.016,90156.95813,40,8,0.1955071154
2019-01-31,arm2_low_max,8210061.124,90156.95813,40,8,0.1968017822
2019-02-01,arm2_low_max,8342191.447,1.746229827e-10,40,10,0.1509325804
2019-02-11,arm2_low_max,8644968.133,1.746229827e-10,40,10,0.1546618959
2019-02-12,arm2_low_max,8730585.941,1.746229827e-10,40,10,0.1549634867
2019-02-13,arm2_low_max,8846434.721,1.746229827e-10,40,10,0.1534837629
2019-02-14,arm2_low_max,8873617.742,1.746229827e-10,40,10,0.1532522203
2019-02-15,arm2_low_max,8895324.455,2.619344741e-10,40,12,0.1659024287
2019-02-18,arm2_low_max,9316770.611,2.619344741e-10,40,12,0.1672361664
2019-02-19,arm2_low_max,9331272.133,2.619344741e-10,40,12,0.1668747138
2019-02-20,arm2_low_max,9483697.158,2.619344741e-10,40,12,0.1721022575
2019-02-21,arm2_low_max,9636818.701,2.619344741e-10,40,12,0.1761054931
2019-02-22,arm2_low_max,9887215.593,512851.0616,40,15,0.1045712389
2019-02-25,arm2_low_max,10381101.33,512851.0616,40,15,0.1056117792
2019-02-26,arm2_low_max,10359029.16,512851.0616,40,15,0.1045965465
2019-02-27,arm2_low_max,10314411.64,512851.0616,40,15,0.1043822199
2019-02-28,arm2_low_max,10309954.56,512851.0616,40,15,0.1042488672
2019-03-01,arm2_low_max,10465298.56,499384.2088,40,16,0.09881809185
2019-03-04,arm2_low_max,10702358.15,499384.2088,40,16,0.09945350331
2019-03-05,arm2_low_max,10898416.93,499384.2088,40,16,0.099580965
2019-03-06,arm2_low_max,11109175.91,499384.2088,40,16,0.09857004835
2019-03-07,arm2_low_max,11110969.55,499384.2088,40,16,0.09824082426
2019-03-08,arm2_low_max,10547650.3,154355.2479,40,16,0.1025345729
2019-03-11,arm2_low_max,10877492.95,154355.2479,40,16,0.1020559431
2019-03-12,arm2_low_max,10946843.46,154355.2479,40,16,0.1021960235
2019-03-13,arm2_low_max,10864025.48,154355.2479,40,16,0.103250332
2019-03-14,arm2_low_max,10644963.62,154355.2479,40,16,0.1028392972
2019-03-15,arm2_low_max,10841532.85,-2.910383046e-10,40,20,0.09049515312
2019-03-18,arm2_low_max,11148126.59,-2.910383046e-10,40,20,0.09134256298
2019-03-19,arm2_low_max,11108052.35,-2.910383046e-10,40,20,0.09165344277
2019-03-20,arm2_low_max,11169114.22,-2.910383046e-10,40,20,0.09232187757
2019-03-21,arm2_low_max,11300252.99,-2.910383046e-10,40,20,0.09281112786
2019-03-22,arm2_low_max,11379588.76,668.1254951,40,16,0.1386799678
2019-03-25,arm2_low_max,11282749.89,668.1254951,40,16,0.1381749019
2019-03-26,arm2_low_max,11068392.23,668.1254951,40,16,0.1388170486
2019-03-27,arm2_low_max,11236501.76,668.1254951,40,16,0.1397736339
2019-03-28,arm2_low_max,11132072.36,668.1254951,40,16,0.138811332
2019-03-29,arm2_low_max,11445612.28,44803.80264,40,20,0.08587917907
2019-04-01,arm2_low_max,11758378.06,44803.80264,40,20,0.08601241076
2019-04-02,arm2_low_max,11767994.15,44803.80264,40,20,0.0859994593
2019-04-03,arm2_low_max,11884834.25,44803.80264,40,20,0.08637762714
2019-04-04,arm2_low_max,11890132.61,44803.80264,40,20,0.08656980439
2019-04-08,arm2_low_max,11884552.46,5.820766091e-11,41,20,0.06359522328
2019-04-09,arm2_low_max,12036231.15,314155.9055,40,20,0.06379723687
2019-04-10,arm2_low_max,12215572.32,314155.9055,40,20,0.06386236274
2019-04-11,arm2_low_max,12014828.18,314155.9055,40,20,0.06389844569
2019-04-12,arm2_low_max,11950084.02,314155.9055,40,20,0.06390907109
2019-04-15,arm2_low_max,11861271.54,75778.4236,40,17,0.07225888743
2019-04-16,arm2_low_max,12068981.74,75778.4236,40,17,0.07214691346
2019-04-17,arm2_low_max,12108620.03,75778.4236,40,17,0.07178759368
2019-04-18,arm2_low_max,12058440.87,75778.4236,40,17,0.07230952227
2019-04-19,arm2_low_max,12179198.87,75778.4236,40,17,0.0727576212
2019-04-22,arm2_low_max,11976039.58,171170.3534,40,20,0.06422879034
2019-04-23,arm2_low_max,11823770.05,171170.3534,40,20,0.06422652598
2019-04-24,arm2_low_max,11866619.07,171170.3534,40,20,0.06403259116
2019-04-25,arm2_low_max,11440510.5,171170.3534,40,20,0.06409956351
2019-04-26,arm2_low_max,11230948.97,171170.3534,40,20,0.06425627716
2019-04-29,arm2_low_max,10940959.65,206606.1241,40,19,0.06656189037
2019-04-30,arm2_low_max,11111491.51,206606.1241,40,19,0.06677579278
2019-05-06,arm2_low_max,10370990.37,206606.1241,40,19,0.06668595319
2019-05-07,arm2_low_max,10607031.11,452611.2748,39,19,0.06789587187
2019-05-08,arm2_low_max,10647661.97,452611.2748,39,19,0.06729954915
2019-05-09,arm2_low_max,10465046.36,279387.5476,39,17,0.0825914062
2019-05-10,arm2_low_max,10750665.58,279387.5476,39,17,0.0825714776
2019-05-13,arm2_low_max,10733286.15,279387.5476,39,17,0.08222547627
2019-05-14,arm2_low_max,10627925.59,279387.5476,39,17,0.08283212916
2019-05-15,arm2_low_max,10878553.97,279387.5476,39,17,0.08300987124
2019-05-16,arm2_low_max,10946958.93,262148.334,39,14,0.1277367714
2019-05-17,arm2_low_max,10656621.8,262148.334,39,14,0.1278647965
2019-05-20,arm2_low_max,10589430.14,262148.334,39,14,0.1265644011
2019-05-21,arm2_low_max,10823394.48,262148.334,39,14,0.1264338799
2019-05-22,arm2_low_max,10732458.34,262148.334,39,14,0.1267570544
2019-05-23,arm2_low_max,10522147.98,71176.23817,40,9,0.1880697849
2019-05-24,arm2_low_max,10431478.38,71176.23817,40,9,0.1865410513
2019-05-27,arm2_low_max,10625054.91,71176.23817,40,9,0.185789744
2019-05-28,arm2_low_max,10913891.06,71176.23817,40,9,0.187138078
2019-05-29,arm2_low_max,11004135.72,71176.23817,40,9,0.1871547735
2019-05-30,arm2_low_max,11097038.67,420197.0313,38,6,0.2255410714
2019-05-31,arm2_low_max,11095551.79,755657.1522,37,6,0.235124535
2019-06-03,arm2_low_max,11007897.23,755657.1522,37,6,0.2362097397
2019-06-04,arm2_low_max,10826926.27,1247603.398,35,6,0.2400666286
2019-06-05,arm2_low_max,10825125.17,1247603.398,35,6,0.2415374684
2019-06-06,arm2_low_max,10725229.09,695209.6025,37,7,0.1941982842
2019-06-10,arm2_low_max,10865649.55,695209.6025,37,7,0.1949437946
2019-06-11,arm2_low_max,11276487.02,695209.6025,37,7,0.1923182605
2019-06-12,arm2_low_max,11301836.12,695209.6025,37,7,0.1910154235
2019-06-13,arm2_low_max,11482709.65,695209.6025,37,7,0.190688377
2019-06-14,arm2_low_max,11237002.22,268649.773,38,6,0.2422647219
2019-06-17,arm2_low_max,11228110.49,268649.773,38,6,0.2438623103
2019-06-18,arm2_low_max,11114073.73,268649.773,38,6,0.2422208443
2019-06-19,arm2_low_max,11127027.62,268649.773,38,6,0.2419616733
2019-06-20,arm2_low_max,11233651.22,268649.773,38,6,0.2424173175
2019-06-21,arm2_low_max,11359859.08,5.820766091e-11,40,7,0.3133508571
2019-06-24,arm2_low_max,11459739.65,5.820766091e-11,40,7,0.3090660735
2019-06-25,arm2_low_max,11195297.87,5.820766091e-11,40,7,0.3109346798
2019-06-26,arm2_low_max,11114457.41,5.820766091e-11,40,7,0.3119997352
2019-06-27,arm2_low_max,11152196.92,5.820766091e-11,40,7,0.3125625976
2019-06-28,arm2_low_max,11069796.98,127900.7004,40,11,0.2852575371
2019-07-01,arm2_low_max,11297948.4,127900.7004,40,11,0.2870289793
2019-07-02,arm2_low_max,11288006.98,127900.7004,40,11,0.2885970315
2019-07-03,arm2_low_max,11107794.51,127900.7004,40,11,0.2891585312
2019-07-04,arm2_low_max,11038792.76,127900.7004,40,11,0.2910869422
2019-07-05,arm2_low_max,11106755.52,251007.1912,40,13,0.1762368046
2019-07-08,arm2_low_max,10780796.54,251007.1912,40,13,0.1734123514
2019-07-09,arm2_low_max,10893247.18,251007.1912,40,13,0.1759055729
2019-07-10,arm2_low_max,10704946.22,251007.1912,40,13,0.1738358527
2019-07-11,arm2_low_max,10710969.67,251007.1912,40,13,0.1731116617
2019-07-12,arm2_low_max,10789127.72,292935.9049,40,13,0.1346901943
2019-07-15,arm2_low_max,10860113.98,292935.9049,40,13,0.1345792472
2019-07-16,arm2_low_max,10873374.13,292935.9049,40,13,0.1342138127
2019-07-17,arm2_low_max,10859215.27,292935.9049,40,13,0.1343731831
2019-07-18,arm2_low_max,10793963.18,292935.9049,40,13,0.1349208871
2019-07-19,arm2_low_max,10822798.64,75505.4493,40,15,0.1670184177
2019-07-22,arm2_low_max,10711954.54,75505.4493,40,15,0.167610037
2019-07-23,arm2_low_max,10700985.81,75505.4493,40,15,0.1656259294
2019-07-24,arm2_low_max,10795466.36,75505.4493,40,15,0.1645467416
2019-07-25,arm2_low_max,10829976.39,75505.4493,40,15,0.1652109407
2019-07-26,arm2_low_max,10850843.12,166114.3986,40,11,0.1824792283
2019-07-29,arm2_low_max,10897782.7,166114.3986,40,11,0.1831418969
2019-07-30,arm2_low_max,10911362.02,166114.3986,40,11,0.1829604306
2019-07-31,arm2_low_max,10810753.7,166114.3986,40,11,0.1821287231
2019-08-01,arm2_low_max,10772926.76,166114.3986,40,11,0.181906698
2019-08-02,arm2_low_max,10749265.74,186119.0208,40,8,0.2277133943
2019-08-05,arm2_low_max,10549076.87,186119.0208,40,8,0.2274413023
2019-08-06,arm2_low_max,10377562.97,186119.0208,40,8,0.2286126779
2019-08-07,arm2_low_max,10286034.32,186119.0208,40,8,0.2287982911
2019-08-08,arm2_low_max,10331381.81,186119.0208,40,8,0.2289483572
2019-08-09,arm2_low_max,10159471.59,66672.89527,40,10,0.1543899107
2019-08-12,arm2_low_max,10364871.13,66672.89527,40,10,0.1552222087
2019-08-13,arm2_low_max,10362547.49,66672.89527,40,10,0.1545008282
2019-08-14,arm2_low_max,10396611.96,66672.89527,40,10,0.153828454
2019-08-15,arm2_low_max,10380500.34,66672.89527,40,10,0.1533585946
2019-08-16,arm2_low_max,10427279.34,4.365574569e-10,40,9,0.15403955
2019-08-19,arm2_low_max,10739194.17,4.365574569e-10,40,9,0.1536478638
2019-08-20,arm2_low_max,10723602.15,4.365574569e-10,40,9,0.1532859839
2019-08-21,arm2_low_max,10721241.27,4.365574569e-10,40,9,0.1534764774
2019-08-22,arm2_low_max,10813220.61,4.365574569e-10,40,9,0.1534453029
2019-08-23,arm2_low_max,10828253.87,-1.164153218e-10,40,12,0.1348355483
2019-08-26,arm2_low_max,10818885.33,-1.164153218e-10,40,12,0.1328256891
2019-08-27,arm2_low_max,10954369.54,-1.164153218e-10,40,12,0.1321673272
2019-08-28,arm2_low_max,10876438.34,-1.164153218e-10,40,12,0.1310450626
2019-08-29,arm2_low_max,10845720.34,-1.164153218e-10,40,12,0.1313725074
2019-08-30,arm2_low_max,10811559.8,50854.45134,40,12,0.1558594772
2019-09-02,arm2_low_max,10996726.98,50854.45134,40,12,0.1557250725
2019-09-03,arm2_low_max,11055232.43,50854.45134,40,12,0.1565721116
2019-09-04,arm2_low_max,11201729.88,50854.45134,40,12,0.1582658027
2019-09-05,arm2_low_max,11397528.26,50854.45134,40,12,0.1599372861
2019-09-06,arm2_low_max,11360872.11,69952.91462,40,16,0.1293563697
2019-09-09,arm2_low_max,11616005.12,69952.91462,40,16,0.130066408
2019-09-10,arm2_low_max,11650559.81,69952.91462,40,16,0.13034098
2019-09-11,arm2_low_max,11582190.27,69952.91462,40,16,0.1302417493
2019-09-12,arm2_low_max,11572692.24,69952.91462,40,16,0.1299542507
2019-09-16,arm2_low_max,11582138.8,0,41,21,0.07175268492
2019-09-17,arm2_low_max,11365043.14,0,41,21,0.07090694105
2019-09-18,arm2_low_max,11379540.78,0,41,21,0.0708084079
2019-09-19,arm2_low_max,11499186.96,315231.4376,40,21,0.07101688445
2019-09-20,arm2_low_max,11556398.91,315231.4376,40,21,0.07134560194
2019-09-23,arm2_low_max,11460426.58,415244.6326,40,19,0.0803914228
2019-09-24,arm2_low_max,11495746.13,415244.6326,40,19,0.08011728597
2019-09-25,arm2_low_max,11288324.07,415244.6326,40,19,0.07990427231
2019-09-26,arm2_low_max,11014969.92,415244.6326,40,19,0.07982051231
2019-09-27,arm2_low_max,11053759.31,415244.6326,40,19,0.07939283132
2019-09-30,arm2_low_max,10996346.66,304117.8298,40,17,0.1097542925
2019-10-08,arm2_low_max,11073291.11,304117.8298,40,17,0.1097177139
2019-10-09,arm2_low_max,11124945.87,304117.8298,40,17,0.1101675181
2019-10-10,arm2_low_max,11207357.81,304117.8298,40,17,0.1094614395
2019-10-11,arm2_low_max,11297439.39,304117.8298,40,17,0.1098267313
2019-10-14,arm2_low_max,11501801.42,244514.7055,40,16,0.1487960353
2019-10-15,arm2_low_max,11468604.65,244514.7055,40,16,0.1496116352
2019-10-16,arm2_low_max,11397276.84,244514.7055,40,16,0.1504526002
2019-10-17,arm2_low_max,11402252.58,244514.7055,40,16,0.149659979
2019-10-18,arm2_low_max,11268769.12,244514.7055,40,16,0.1498130593
2019-10-21,arm2_low_max,11289024.93,1.164153218e-10,40,12,0.1716936515
2019-10-22,arm2_low_max,11332501.42,1.164153218e-10,40,12,0.1710794996
2019-10-23,arm2_low_max,11256450.71,1.164153218e-10,40,12,0.1721634961
2019-10-24,arm2_low_max,11294155.35,1.164153218e-10,40,12,0.1729461667
2019-10-25,arm2_low_max,11290154.1,1.164153218e-10,40,12,0.1725721258
2019-10-28,arm2_low_max,11420368.79,20286.21231,40,9,0.2356894903
2019-10-29,arm2_low_max,11411079.31,20286.21231,40,9,0.2349273286
2019-10-30,arm2_low_max,11300983.54,20286.21231,40,9,0.2374066466
2019-10-31,arm2_low_max,11241114.54,20286.21231,40,9,0.2375462422
2019-11-01,arm2_low_max,11277647.91,20286.21231,40,9,0.2388376759
2019-11-04,arm2_low_max,11323647.81,106856.832,40,11,0.1362272185
2019-11-05,arm2_low_max,11362371.75,106856.832,40,11,0.1370681661
2019-11-06,arm2_low_max,11238461.13,106856.832,40,11,0.1369243751
2019-11-07,arm2_low_max,11317890.35,106856.832,40,11,0.1371661837
2019-11-08,arm2_low_max,11238273.23,106856.832,40,11,0.1366559734
2019-11-11,arm2_low_max,11013216.52,153277.3955,40,8,0.1878455836
2019-11-12,arm2_low_max,11106654.11,153277.3955,40,8,0.1888687005
2019-11-13,arm2_low_max,11086050.01,153277.3955,40,8,0.1895179875
2019-11-14,arm2_low_max,11127736.69,153277.3955,40,8,0.189953103
2019-11-15,arm2_low_max,10897806.01,153277.3955,40,8,0.188932486
2019-11-18,arm2_low_max,10920570.24,151825.1359,40,9,0.1856110534
2019-11-19,arm2_low_max,11061971.34,151825.1359,40,9,0.1860744208
2019-11-20,arm2_low_max,11006131.22,151825.1359,40,9,0.186571519
2019-11-21,arm2_low_max,10980778.75,151825.1359,40,9,0.1846731289
2019-11-22,arm2_low_max,10799630.07,151825.1359,40,9,0.183661474
2019-11-25,arm2_low_max,10755921.62,-1.164153218e-10,40,9,0.1958870999
2019-11-26,arm2_low_max,10815837.78,-1.164153218e-10,40,9,0.1966383973
2019-11-27,arm2_low_max,10796931.89,-1.164153218e-10,40,9,0.1964737939
2019-11-28,arm2_low_max,10752728.52,-1.164153218e-10,40,9,0.1966967931
2019-11-29,arm2_low_max,10644780.71,-1.164153218e-10,40,9,0.1959486316
2019-12-02,arm2_low_max,10620922.38,29510.40041,40,7,0.2105847559
2019-12-03,arm2_low_max,10601778.21,29510.40041,40,7,0.2104617076
2019-12-04,arm2_low_max,10556636.71,29510.40041,40,7,0.2098800429
2019-12-05,arm2_low_max,10641724.33,29510.40041,40,7,0.209897307
2019-12-06,arm2_low_max,10757519.48,29510.40041,40,7,0.2100716258
2019-12-09,arm2_low_max,10810097.67,42370.94025,40,8,0.1825418209
2019-12-10,arm2_low_max,10871289.16,42370.94025,40,8,0.1827882005
2019-12-11,arm2_low_max,10846467.1,42370.94025,40,8,0.1822890333
2019-12-12,arm2_low_max,10812327.16,42370.94025,40,8,0.1822433877
2019-12-13,arm2_low_max,10921819.04,42370.94025,40,8,0.1827152328
2019-12-16,arm2_low_max,11024008.54,0,40,9,0.2079625934
2019-12-17,arm2_low_max,11194591.55,0,40,9,0.2088968427
2019-12-18,arm2_low_max,11218543.91,0,40,9,0.208158617
2019-12-19,arm2_low_max,11245016.09,0,40,9,0.2085268454
2019-12-20,arm2_low_max,11222435.29,0,40,9,0.2109378402
2019-12-23,arm2_low_max,11092556.57,6.4028427e-10,40,12,0.1928665942
2019-12-24,arm2_low_max,11349208.65,6.4028427e-10,40,12,0.1937727343
2019-12-25,arm2_low_max,11413540.72,6.4028427e-10,40,12,0.1926069662
2019-12-26,arm2_low_max,11515344.57,6.4028427e-10,40,12,0.1918970677
2019-12-27,arm2_low_max,11497845.86,6.4028427e-10,40,12,0.190443437
2019-12-30,arm2_low_max,11625423.45,37138.75657,40,16,0.1065772511
2019-12-31,arm2_low_max,11700816.9,37138.75657,40,16,0.1056217383
2020-01-02,arm2_low_max,11943227.87,37138.75657,40,16,0.105626263
2020-01-03,arm2_low_max,12004047.02,37138.75657,40,16,0.1050172453
2020-01-06,arm2_low_max,12119472.66,37138.75657,40,16,0.1057945917
2020-01-07,arm2_low_max,12256301.39,123635.8962,40,16,0.1050352762
2020-01-08,arm2_low_max,12156347.23,123635.8962,40,16,0.1044152183
2020-01-09,arm2_low_max,12309848.09,123635.8962,40,16,0.104557364
2020-01-10,arm2_low_max,12294834.48,123635.8962,40,16,0.1053868235
2020-01-13,arm2_low_max,12392582.78,123635.8962,40,16,0.1048786822
2020-01-14,arm2_low_max,12323854.25,52724.89754,40,16,0.1163582337
2020-01-15,arm2_low_max,12236049.43,52724.89754,40,16,0.115518386
2020-01-16,arm2_low_max,12162237.88,52724.89754,40,16,0.1154765894
2020-01-17,arm2_low_max,12164301.53,52724.89754,40,16,0.11570388
2020-01-20,arm2_low_max,12253593.51,52724.89754,40,16,0.1146743736
2020-01-21,arm2_low_max,11987286.05,37159.96792,40,17,0.1093651198
2020-01-22,arm2_low_max,11962165.2,37159.96792,40,17,0.1091832039
2020-01-23,arm2_low_max,11575989.55,37159.96792,40,17,0.1094373788
2020-02-03,arm2_low_max,10460702.9,37159.96792,40,17,0.1099459072
2020-02-04,arm2_low_max,10465103.6,37159.96792,40,17,0.1138361057
2020-02-05,arm2_low_max,10717014.21,-2.910383046e-10,40,17,0.1085006988
2020-02-06,arm2_low_max,10980913.71,-2.910383046e-10,40,17,0.1087570899
2020-02-07,arm2_low_max,11021895.8,-2.910383046e-10,40,17,0.1082961361
2020-02-10,arm2_low_max,11125890.89,-2.910383046e-10,40,17,0.1085401642
2020-02-11,arm2_low_max,11221269.16,-2.910383046e-10,40,17,0.1104925519
2020-02-12,arm2_low_max,11394277.94,6.4028427e-10,40,14,0.232098884
2020-02-13,arm2_low_max,11218926.56,6.4028427e-10,40,14,0.2308565474
2020-02-14,arm2_low_max,11182412.73,6.4028427e-10,40,14,0.2286624666
2020-02-17,arm2_low_max,11483516.28,6.4028427e-10,40,14,0.2302041532
2020-02-18,arm2_low_max,11677208.38,6.4028427e-10,40,14,0.2280626833
2020-02-19,arm2_low_max,11664255.54,3.492459655e-10,40,10,0.264951325
2020-02-20,arm2_low_max,11908594.94,3.492459655e-10,40,10,0.2622881434
2020-02-21,arm2_low_max,12059516.79,3.492459655e-10,40,10,0.2594653893
2020-02-24,arm2_low_max,12238014.54,3.492459655e-10,40,10,0.261601259
2020-02-25,arm2_low_max,12131951.66,3.492459655e-10,40,10,0.2651236465
2020-02-26,arm2_low_max,11608818.01,315587.47,40,7,0.2898784914
2020-02-27,arm2_low_max,11627095.34,315587.47,40,7,0.2910137632
2020-02-28,arm2_low_max,11034051.69,315587.47,40,7,0.2978083075
2020-03-02,arm2_low_max,11333889.28,315587.47,40,7,0.2968318045
2020-03-03,arm2_low_max,11530408.61,315587.47,40,7,0.3004185281
2020-03-04,arm2_low_max,11564484.99,135793.0594,40,13,0.1593085352
2020-03-05,arm2_low_max,11709265.81,135793.0594,40,13,0.1596225564
2020-03-06,arm2_low_max,11722244.61,135793.0594,40,13,0.1602252121
2020-03-09,arm2_low_max,11215057.82,135793.0594,40,13,0.1601412702
2020-03-10,arm2_low_max,11437198.69,135793.0594,40,13,0.160593736
2020-03-11,arm2_low_max,11364562.64,308572.0443,40,18,0.1273774889
2020-03-12,arm2_low_max,11159809.49,308572.0443,40,18,0.1286968422
2020-03-13,arm2_low_max,11070857.6,308572.0443,40,18,0.1300675683
2020-03-16,arm2_low_max,10664115.62,308572.0443,40,18,0.1294562213
2020-03-17,arm2_low_max,10626376.63,308572.0443,40,18,0.1286689603
2020-03-18,arm2_low_max,10514132.81,136620.4644,40,19,0.121468728
2020-03-19,arm2_low_max,10524341.73,136620.4644,40,19,0.1199768514
2020-03-20,arm2_low_max,10758039.05,136620.4644,40,19,0.1235917013
2020-03-23,arm2_low_max,10407243.26,136620.4644,40,19,0.1261490579
2020-03-24,arm2_low_max,10843904.51,136620.4644,40,19,0.1300336347
2020-03-25,arm2_low_max,11108528.49,123221.0217,40,16,0.2379345141
2020-03-26,arm2_low_max,11182527.13,123221.0217,40,16,0.2459398267
2020-03-27,arm2_low_max,11157370.9,123221.0217,40,16,0.2423830235
2020-03-30,arm2_low_max,11037032.9,123221.0217,40,16,0.2451763891
2020-03-31,arm2_low_max,11340891.44,123221.0217,40,16,0.2591164522
2020-04-01,arm2_low_max,11076228.25,4.656612873e-10,40,13,0.4251385143
2020-04-02,arm2_low_max,11054401.75,4.656612873e-10,40,13,0.424111338
2020-04-03,arm2_low_max,11170154.88,4.656612873e-10,40,13,0.4310133588
2020-04-07,arm2_low_max,11558535.67,4.656612873e-10,40,13,0.4312964988
2020-04-08,arm2_low_max,11411688.9,4.656612873e-10,40,13,0.4253662213
2020-04-09,arm2_low_max,11734057.02,5.820766091e-11,40,6,0.7433465557
2020-04-10,arm2_low_max,11454444.99,5.820766091e-11,40,6,0.7431530623
2020-04-13,arm2_low_max,11521407.68,5.820766091e-11,40,6,0.7425065306
2020-04-14,arm2_low_max,11641735.44,5.820766091e-11,40,6,0.7414712968
2020-04-15,arm2_low_max,11396822.89,5.820766091e-11,40,6,0.7405916866
2020-04-16,arm2_low_max,11367496.35,145987.4859,40,10,0.4142309316
2020-04-17,arm2_low_max,11321889.78,145987.4859,40,10,0.4110125973
2020-04-20,arm2_low_max,11469628.02,145987.4859,40,10,0.4045715433
2020-04-21,arm2_low_max,11520926.61,145987.4859,40,10,0.4059716442
2020-04-22,arm2_low_max,11894883.04,145987.4859,40,10,0.4071453874
2020-04-23,arm2_low_max,11909737.4,214451.566,40,12,0.1932989068
2020-04-24,arm2_low_max,11800912.13,512580.2166,39,12,0.2023449355
2020-04-27,arm2_low_max,11876553.33,512580.2166,39,12,0.2058587151
2020-04-28,arm2_low_max,12017652.86,512580.2166,39,12,0.2066468364
2020-04-29,arm2_low_max,11758857.89,512580.2166,39,12,0.2042501371
2020-04-30,arm2_low_max,11772562.33,660782.189,38,16,0.1144230918
2020-05-06,arm2_low_max,11918125.05,940395.5255,37,16,0.1112819987
2020-05-07,arm2_low_max,12099939.27,940395.5255,37,16,0.1121953057
2020-05-08,arm2_low_max,12275845.1,940395.5255,37,16,0.1122372917
2020-05-11,arm2_low_max,12275767.63,940395.5255,37,16,0.1117156536
2020-05-12,arm2_low_max,12330352.47,175375.9439,39,18,0.1008740829
2020-05-13,arm2_low_max,12656572.4,175375.9439,39,18,0.101533527
2020-05-14,arm2_low_max,12586946.47,175375.9439,39,18,0.102265587
2020-05-15,arm2_low_max,12513827.41,175375.9439,39,18,0.1021428771
2020-05-18,arm2_low_max,12740849.01,175375.9439,39,18,0.1027088954
2020-05-19,arm2_low_max,12828319.11,-6.98491931e-10,40,15,0.111948682
2020-05-20,arm2_low_max,12571479.21,-6.98491931e-10,40,15,0.1101649572
2020-05-21,arm2_low_max,12461411.46,-6.98491931e-10,40,15,0.1100814558
2020-05-22,arm2_low_max,12269370.99,-6.98491931e-10,40,15,0.1101973815
2020-05-25,arm2_low_max,12356177.64,-6.98491931e-10,40,15,0.1117630629
2020-05-26,arm2_low_max,12631203.37,27083.29662,40,14,0.1758271595
2020-05-27,arm2_low_max,12666177.63,27083.29662,40,14,0.1767106203
2020-05-28,arm2_low_max,12742100.45,27083.29662,40,14,0.1771397296
2020-05-29,arm2_low_max,12960243.74,27083.29662,40,14,0.1782294157
2020-06-01,arm2_low_max,13190508.13,27083.29662,40,14,0.176172413
2020-06-02,arm2_low_max,13020061.38,62638.89523,40,15,0.1398022773
2020-06-03,arm2_low_max,12999465.63,62638.89523,40,15,0.1415282032
2020-06-04,arm2_low_max,13332194.06,62638.89523,40,15,0.1482838915
2020-06-05,arm2_low_max,13204820.16,62638.89523,40,15,0.145031338
2020-06-08,arm2_low_max,13060179.76,62638.89523,40,15,0.1413860783
2020-06-09,arm2_low_max,13138949.96,158616.1228,40,14,0.1364471643
2020-06-10,arm2_low_max,13190591.38,158616.1228,40,14,0.1362895077
2020-06-11,arm2_low_max,13015902.26,158616.1228,40,14,0.1346318529
2020-06-12,arm2_low_max,13073772.41,158616.1228,40,14,0.1363336738
2020-06-15,arm2_low_max,12960027.28,158616.1228,40,14,0.1372614218
2020-06-16,arm2_low_max,13202791.83,2.328306437e-10,40,17,0.1151214353
2020-06-17,arm2_low_max,13209178.28,2.328306437e-10,40,17,0.1140446083
2020-06-18,arm2_low_max,13135799.57,673827.9429,38,17,0.112655741
2020-06-19,arm2_low_max,13334435.35,673827.9429,38,17,0.1136614903
2020-06-22,arm2_low_max,13305298.48,673827.9429,38,17,0.1140922154
2020-06-23,arm2_low_max,13505060.11,722932.3286,36,18,0.102095941
2020-06-24,arm2_low_max,13451162.65,722932.3286,36,18,0.1017555488
2020-06-29,arm2_low_max,13429938.98,722932.3286,36,18,0.1035144486
2020-06-30,arm2_low_max,13585135.11,722932.3286,36,18,0.1042087531
2020-07-01,arm2_low_max,13881421.37,722932.3286,36,18,0.1082235439
2020-07-02,arm2_low_max,14084126.44,461382.6145,37,20,0.1275027057
2020-07-03,arm2_low_max,14070729.5,461382.6145,37,20,0.1237561022
2020-07-06,arm2_low_max,14555161.85,461382.6145,37,20,0.1211931674
2020-07-07,arm2_low_max,14816374.46,461382.6145,37,20,0.1235758158
2020-07-08,arm2_low_max,15057537.02,461382.6145,37,20,0.1209865392
2020-07-09,arm2_low_max,15325173.36,1018089.773,36,20,0.07102984781
2020-07-10,arm2_low_max,15204793.74,1018089.773,36,20,0.07249264538
2020-07-13,arm2_low_max,15754219.23,1018089.773,36,20,0.07338680438
2020-07-14,arm2_low_max,15782016.51,1018089.773,36,20,0.0733750431
2020-07-15,arm2_low_max,15691217.97,1018089.773,36,20,0.07559448421
2020-07-16,arm2_low_max,14836178.46,423764.1301,37,20,0.07081581041
2020-07-17,arm2_low_max,14920879.33,423764.1301,37,20,0.0706980183
2020-07-20,arm2_low_max,15392661.68,423764.1301,37,20,0.06948522113
2020-07-21,arm2_low_max,15545996.67,423764.1301,37,20,0.07004068958
2020-07-22,arm2_low_max,15591704.2,423764.1301,37,20,0.07045585098
2020-07-23,arm2_low_max,15583478.5,5.820766091e-11,40,20,0.06752532608
2020-07-24,arm2_low_max,14870039.76,5.820766091e-11,40,20,0.06747658216
2020-07-27,arm2_low_max,15025301.72,5.820766091e-11,40,20,0.06791885211
2020-07-28,arm2_low_max,15082925.75,5.820766091e-11,40,20,0.0681062338
2020-07-29,arm2_low_max,15382193.53,5.820766091e-11,40,20,0.06800030518
2020-07-30,arm2_low_max,15316927.3,47384.13982,40,19,0.07879604226
2020-07-31,arm2_low_max,15428562.93,47384.13982,40,19,0.07826429515
2020-08-03,arm2_low_max,15801354.23,47384.13982,40,19,0.07772640592
2020-08-04,arm2_low_max,15936949.87,47384.13982,40,19,0.07792636362
2020-08-05,arm2_low_max,15994594.08,47384.13982,40,19,0.07734793631
2020-08-06,arm2_low_max,16037405.37,119828.8668,40,20,0.0813947036
2020-08-07,arm2_low_max,15772197.36,119828.8668,40,20,0.08201586848
2020-08-10,arm2_low_max,15853678.91,119828.8668,40,20,0.0815972659
2020-08-11,arm2_low_max,15596855.92,119828.8668,40,20,0.08091678318
2020-08-12,arm2_low_max,15503538.69,119828.8668,40,20,0.08133032057
2020-08-13,arm2_low_max,15842743.05,171206.7843,40,20,0.09115639421
2020-08-14,arm2_low_max,15759678.81,171206.7843,40,20,0.08864626462
2020-08-17,arm2_low_max,16060257.72,171206.7843,40,20,0.08923256598
2020-08-18,arm2_low_max,16246510.98,171206.7843,40,20,0.08919838937
2020-08-19,arm2_low_max,16210847.59,171206.7843,40,20,0.09079178797
2020-08-20,arm2_low_max,15754931.97,29340.39301,40,15,0.1088621701
2020-08-21,arm2_low_max,15696188.52,29340.39301,40,15,0.1085192456
2020-08-24,arm2_low_max,15908277.47,29340.39301,40,15,0.1106858628
2020-08-25,arm2_low_max,15713544.08,29340.39301,40,15,0.1102700743
2020-08-26,arm2_low_max,15274847,29340.39301,40,15,0.1084898872
2020-08-27,arm2_low_max,15309380.81,-1.047737896e-09,40,12,0.1247957515
2020-08-28,arm2_low_max,15577072.45,-1.047737896e-09,40,12,0.12452181
2020-08-31,arm2_low_max,15521507.94,-1.047737896e-09,40,12,0.1240531488
2020-09-01,arm2_low_max,15672248.84,-1.047737896e-09,40,12,0.1234702467
2020-09-02,arm2_low_max,15697401.82,-1.047737896e-09,40,12,0.1240619353
2020-09-03,arm2_low_max,15562905.77,75841.2893,40,11,0.1433349908
2020-09-04,arm2_low_max,15451610.63,75841.2893,40,11,0.1432508012
2020-09-07,arm2_low_max,15128163.31,75841.2893,40,11,0.1428616212
2020-09-08,arm2_low_max,15130455.02,75841.2893,40,11,0.1417171195
2020-09-09,arm2_low_max,14896552.2,75841.2893,40,11,0.1413793414
2020-09-10,arm2_low_max,14609088.97,8989.860976,40,8,0.2819796582
2020-09-11,arm2_low_max,14796660.41,8989.860976,40,8,0.2884013645
2020-09-14,arm2_low_max,14956434.33,8989.860976,40,8,0.2884605568
2020-09-15,arm2_low_max,15085024.52,8989.860976,40,8,0.2839410841
2020-09-16,arm2_low_max,14917197.18,8989.860976,40,8,0.2827372531
2020-09-17,arm2_low_max,14774261.61,5.820766091e-10,40,8,0.2871028414
2020-09-18,arm2_low_max,14946924.26,5.820766091e-10,40,8,0.2877086953
2020-09-21,arm2_low_max,14742077.27,5.820766091e-10,40,8,0.2876632425
2020-09-22,arm2_low_max,14455563.8,5.820766091e-10,40,8,0.2904348298
2020-09-23,arm2_low_max,14469569.76,5.820766091e-10,40,8,0.2883084379
2020-09-24,arm2_low_max,14161899.17,0,40,5,0.3612904932
2020-09-25,arm2_low_max,14071504.71,0,40,5,0.3605915473
2020-09-28,arm2_low_max,14012632.93,0,40,5,0.3624609303
2020-09-29,arm2_low_max,14032121.16,0,40,5,0.3602827769
2020-09-30,arm2_low_max,14145585.59,0,40,5,0.3611933857
2020-10-09,arm2_low_max,14650964.82,1.105945557e-09,40,5,0.2497405062
2020-10-12,arm2_low_max,15177654.07,1.105945557e-09,40,5,0.2500241016
2020-10-13,arm2_low_max,15289943.29,1.105945557e-09,40,5,0.2487663298
2020-10-14,arm2_low_max,15496109.63,1.105945557e-09,40,5,0.2479100294
2020-10-15,arm2_low_max,15319630.83,1.105945557e-09,40,5,0.2461264654
2020-10-16,arm2_low_max,15201120.49,5.820766091e-11,40,7,0.2137345514
2020-10-19,arm2_low_max,15044484.79,5.820766091e-11,40,7,0.2132095072
2020-10-20,arm2_low_max,15171172.64,5.820766091e-11,40,7,0.2121052368
2020-10-21,arm2_low_max,14909911.5,5.820766091e-11,40,7,0.2108631375
2020-10-22,arm2_low_max,14799929.57,5.820766091e-11,40,7,0.2111168016
2020-10-23,arm2_low_max,14691875.95,43777.54544,40,10,0.157311171
2020-10-26,arm2_low_max,14807969.34,43777.54544,40,10,0.1590708396
2020-10-27,arm2_low_max,14558977.28,43777.54544,40,10,0.1587483987
2020-10-28,arm2_low_max,14702809.22,43777.54544,40,10,0.1591159613
2020-10-29,arm2_low_max,14837249.49,43777.54544,40,10,0.1604053461
2020-10-30,arm2_low_max,14520811.96,-1.164153218e-09,40,9,0.2260434225
2020-11-02,arm2_low_max,14757581.95,-1.164153218e-09,40,9,0.2303257433
2020-11-03,arm2_low_max,14798496.99,-1.164153218e-09,40,9,0.2269735746
2020-11-04,arm2_low_max,15029521.14,-1.164153218e-09,40,9,0.2323636162
2020-11-05,arm2_low_max,15672600.68,-1.164153218e-09,40,9,0.2369558427
2020-11-06,arm2_low_max,15478030.34,25427.10454,40,11,0.19488187
2020-11-09,arm2_low_max,15617477.24,25427.10454,40,11,0.1930844662
2020-11-10,arm2_low_max,15412500.39,25427.10454,40,11,0.1912987192
2020-11-11,arm2_low_max,14998788.59,25427.10454,40,11,0.1847814252
2020-11-12,arm2_low_max,15134171.35,25427.10454,40,11,0.1841843578
2020-11-13,arm2_low_max,15288619.05,1.047737896e-09,40,10,0.2057643639
2020-11-16,arm2_low_max,15444039.37,1.047737896e-09,40,10,0.2049270925
2020-11-17,arm2_low_max,15717211.55,1.047737896e-09,40,10,0.2100870031
2020-11-18,arm2_low_max,15750273.4,1.047737896e-09,40,10,0.2136024055
2020-11-19,arm2_low_max,15689096.87,1.047737896e-09,40,10,0.2112807261
2020-11-20,arm2_low_max,16329034.7,264703.2174,40,9,0.159435174
2020-11-23,arm2_low_max,16925924.24,264703.2174,40,9,0.1614053174
2020-11-24,arm2_low_max,17200930.19,264703.2174,40,9,0.1623299809
2020-11-25,arm2_low_max,17087253.75,264703.2174,40,9,0.164058966
2020-11-26,arm2_low_max,16824708.68,264703.2174,40,9,0.1635451592
2020-11-27,arm2_low_max,16833737.04,482170.6581,40,9,0.1510943521
2020-11-30,arm2_low_max,16753004.44,482170.6581,40,9,0.1517382945
2020-12-01,arm2_low_max,16893472.07,482170.6581,40,9,0.1508931966
2020-12-02,arm2_low_max,16805955.56,482170.6581,40,9,0.150574088
2020-12-03,arm2_low_max,16708768.44,482170.6581,40,9,0.1494736711
2020-12-04,arm2_low_max,17000469.38,617804.5971,40,10,0.1597259552
2020-12-07,arm2_low_max,16996549.7,617804.5971,40,10,0.1597458516
2020-12-08,arm2_low_max,16950133.38,617804.5971,40,10,0.1588181192
2020-12-09,arm2_low_max,16861362.5,617804.5971,40,10,0.1585508502
2020-12-10,arm2_low_max,16901636.22,617804.5971,40,10,0.1597594473
2020-12-11,arm2_low_max,16882977.45,384660.5899,40,12,0.1401092954
2020-12-14,arm2_low_max,16676447.65,384660.5899,40,12,0.1396031916
2020-12-15,arm2_low_max,16582022.49,384660.5899,40,12,0.1393472085
2020-12-16,arm2_low_max,16522422.17,384660.5899,40,12,0.1399530782
2020-12-17,arm2_low_max,16887203.96,384660.5899,40,12,0.1414481754
2020-12-18,arm2_low_max,16899264.7,138567.1729,40,14,0.1085793922
2020-12-21,arm2_low_max,17024262.06,138567.1729,40,14,0.1085086069
2020-12-22,arm2_low_max,16949740.72,138567.1729,40,14,0.1100141126
2020-12-23,arm2_low_max,17117648.11,138567.1729,40,14,0.1105633131
2020-12-24,arm2_low_max,16825670.26,138567.1729,40,14,0.1107918558
2020-12-25,arm2_low_max,16863585.09,325040.0025,40,12,0.1491482339
2020-12-28,arm2_low_max,17048860.7,325040.0025,40,12,0.1505147212
2020-12-29,arm2_low_max,16561820.95,325040.0025,40,12,0.1487960204
2020-12-30,arm2_low_max,16873158.36,325040.0025,40,12,0.1498620094
2020-12-31,arm2_low_max,17084166.36,325040.0025,40,12,0.1511164919
2021-01-04,arm2_low_max,17759379.65,3.492459655e-10,40,8,0.2537972659
2021-01-05,arm2_low_max,18611565.44,3.492459655e-10,40,8,0.2597270332
2021-01-06,arm2_low_max,18406393.15,3.492459655e-10,40,8,0.2621165138
2021-01-07,arm2_low_max,18623201.88,3.492459655e-10,40,8,0.2588170012
2021-01-08,arm2_low_max,18090961.75,3.492459655e-10,40,8,0.255382625
2021-01-11,arm2_low_max,17325237.66,-2.328306437e-10,40,7,0.279605076
2021-01-12,arm2_low_max,17992874.4,-2.328306437e-10,40,7,0.283810203
2021-01-13,arm2_low_max,17635511.84,-2.328306437e-10,40,7,0.2866435841
2021-01-14,arm2_low_max,16956057.81,-2.328306437e-10,40,7,0.2842464775
2021-01-15,arm2_low_max,16968039.93,-2.328306437e-10,40,7,0.2779516758
2021-01-18,arm2_low_max,17129110.29,7323.943327,40,10,0.2812382911
2021-01-19,arm2_low_max,16762977.17,7323.943327,40,10,0.2801738504
2021-01-20,arm2_low_max,17135678.87,7323.943327,40,10,0.2841417282
2021-01-21,arm2_low_max,17531087.44,7323.943327,40,10,0.2877384166
2021-01-22,arm2_low_max,17874289.01,7323.943327,40,10,0.2956703988
2021-01-25,arm2_low_max,18354484.41,115169.7532,40,10,0.423266903
2021-01-26,arm2_low_max,18054498.04,115169.7532,40,10,0.4262081587
2021-01-27,arm2_low_max,18151038.43,115169.7532,40,10,0.4308549032
2021-01-28,arm2_low_max,17510657.04,115169.7532,40,10,0.4239621162
2021-01-29,arm2_low_max,16776742.09,115169.7532,40,10,0.4069595749
2021-02-01,arm2_low_max,16653096.62,58846.81026,40,8,0.408872986
2021-02-02,arm2_low_max,17209146.4,58846.81026,40,8,0.4177741582
2021-02-03,arm2_low_max,17279021.81,58846.81026,40,8,0.4171607577
2021-02-04,arm2_low_max,16399308.34,58846.81026,40,8,0.4044830296
2021-02-05,arm2_low_max,15557356.83,58846.81026,40,8,0.3944517188
2021-02-08,arm2_low_max,15784057.02,5.820766091e-10,40,10,0.2275024271
2021-02-09,arm2_low_max,16211459.09,5.820766091e-10,40,10,0.2318181543
2021-02-10,arm2_low_max,16244110.67,5.820766091e-10,40,10,0.2292719815
2021-02-18,arm2_low_max,16884247.46,5.820766091e-10,40,10,0.2342151938
2021-02-19,arm2_low_max,16955198,5.820766091e-10,40,10,0.2232198871
2021-02-22,arm2_low_max,17245231.95,0,40,11,0.1460800373
2021-02-23,arm2_low_max,17088697.71,0,40,11,0.1472752654
2021-02-24,arm2_low_max,16774611.6,0,40,11,0.1457550773
2021-02-25,arm2_low_max,16566139.52,0,40,11,0.1451097747
2021-02-26,arm2_low_max,16301127.74,0,40,11,0.1453234849
2021-03-01,arm2_low_max,16843365.24,-4.656612873e-10,40,14,0.1210000753
2021-03-02,arm2_low_max,16636203.97,-4.656612873e-10,40,14,0.1211389636
2021-03-03,arm2_low_max,16891056.57,-4.656612873e-10,40,14,0.1199558888
2021-03-04,arm2_low_max,16549704.75,-4.656612873e-10,40,14,0.1200240539
2021-03-05,arm2_low_max,16394128.11,-4.656612873e-10,40,14,0.1195811686
2021-03-08,arm2_low_max,16241995.88,209416.0683,40,18,0.09132256513
2021-03-09,arm2_low_max,16097528.76,209416.0683,40,18,0.09393770426
2021-03-10,arm2_low_max,15794347.28,209416.0683,40,18,0.09342229777
2021-03-11,arm2_low_max,16119589.78,209416.0683,40,18,0.09345709524
2021-03-12,arm2_low_max,16278022.73,209416.0683,40,18,0.09390476712
2021-03-15,arm2_low_max,16458298.58,170448.3603,40,23,0.06043246114
2021-03-16,arm2_low_max,16532166.28,170448.3603,40,23,0.06068370875
2021-03-17,arm2_low_max,16452550.2,170448.3603,40,23,0.06050238209
2021-03-18,arm2_low_max,16444196.05,170448.3603,40,23,0.06082759259
2021-03-19,arm2_low_max,16330922.7,170448.3603,40,23,0.0606132917
2021-03-22,arm2_low_max,16569986.6,283022.3216,40,21,0.07025781306
2021-03-23,arm2_low_max,16255718.52,283022.3216,40,21,0.07003109366
2021-03-24,arm2_low_max,16086662.39,283022.3216,40,21,0.06968707635
2021-03-25,arm2_low_max,15989366.61,283022.3216,40,21,0.07007466892
2021-03-26,arm2_low_max,16183343.06,283022.3216,40,21,0.07018960588
2021-03-29,arm2_low_max,16248219.79,1.164153218e-10,40,19,0.1192127049
2021-03-30,arm2_low_max,16220298.86,1.164153218e-10,40,19,0.1207198801
2021-03-31,arm2_low_max,16265579.1,1.164153218e-10,40,19,0.1201516997
2021-04-01,arm2_low_max,16388412.43,1.164153218e-10,40,19,0.1236603134
2021-04-02,arm2_low_max,16243169.07,1.164153218e-10,40,19,0.1215227886
2021-04-06,arm2_low_max,16387997.44,-5.238689482e-10,40,16,0.2389412973
2021-04-07,arm2_low_max,16824067.15,-5.238689482e-10,40,16,0.2493031427
2021-04-08,arm2_low_max,16999906.64,-5.238689482e-10,40,16,0.2571360631
2021-04-09,arm2_low_max,17108766.44,-5.238689482e-10,40,16,0.2603784197
2021-04-12,arm2_low_max,17438747.76,-5.238689482e-10,40,16,0.2717920376
2021-04-13,arm2_low_max,17052074.7,-1.28056854e-09,40,13,0.2729587424
2021-04-14,arm2_low_max,17341672.74,-1.28056854e-09,40,13,0.276490567
2021-04-15,arm2_low_max,17207928.73,-1.28056854e-09,40,13,0.2705307434
2021-04-16,arm2_low_max,17349010.62,-1.28056854e-09,40,13,0.26514245
2021-04-19,arm2_low_max,17295770.43,-1.28056854e-09,40,13,0.2601946042
2021-04-20,arm2_low_max,17377780.06,1.28056854e-09,40,13,0.2044104934
2021-04-21,arm2_low_max,17213442.19,1.28056854e-09,40,13,0.2007252226
2021-04-22,arm2_low_max,17387373.28,1.28056854e-09,40,13,0.2059540548
2021-04-23,arm2_low_max,17578762.7,1.28056854e-09,40,13,0.2087370075
2021-04-26,arm2_low_max,17219713.55,1.28056854e-09,40,13,0.2089074554
2021-04-27,arm2_low_max,17249301.64,170410.825,40,12,0.1339413662
2021-04-28,arm2_low_max,17303588.04,170410.825,40,12,0.1347194936
2021-04-29,arm2_low_max,17226150.03,170410.825,40,12,0.1347378506
2021-04-30,arm2_low_max,17119829.52,170410.825,40,12,0.1349699613
2021-05-06,arm2_low_max,17332610.88,170410.825,40,12,0.136305715
2021-05-07,arm2_low_max,17294726.98,554294.7216,40,16,0.1134388073
2021-05-10,arm2_low_max,17603878.3,554294.7216,40,16,0.114063433
2021-05-11,arm2_low_max,17584026.43,554294.7216,40,16,0.1142818129
2021-05-12,arm2_low_max,17759619.82,554294.7216,40,16,0.1138148764
2021-05-13,arm2_low_max,17630347.4,554294.7216,40,16,0.115714662
2021-05-14,arm2_low_max,17816964.25,435742.5954,40,12,0.1772420118
2021-05-17,arm2_low_max,17913129.81,435742.5954,40,12,0.1770172239
2021-05-18,arm2_low_max,18028732.03,435742.5954,40,12,0.1780290645
2021-05-19,arm2_low_max,17853465.75,435742.5954,40,12,0.175710447
2021-05-20,arm2_low_max,17739100.16,435742.5954,40,12,0.1771202779
2021-05-21,arm2_low_max,17816792.9,399590.0167,40,10,0.2241679159
2021-05-24,arm2_low_max,17979281.86,399590.0167,40,10,0.2249995028
2021-05-25,arm2_low_max,18043306.56,399590.0167,40,10,0.2229019332
2021-05-26,arm2_low_max,17989648.62,821068.4272,39,10,0.2246013684
2021-05-27,arm2_low_max,18100378.7,821068.4272,39,10,0.2224343041
2021-05-28,arm2_low_max,18227696.05,744118.3102,39,14,0.1732747381
2021-05-31,arm2_low_max,18355201.49,744118.3102,39,14,0.1765266142
2021-06-01,arm2_low_max,18316654.74,744118.3102,39,14,0.1725668703
2021-06-02,arm2_low_max,18225139.98,744118.3102,39,14,0.1715944609
2021-06-03,arm2_low_max,18265535.52,744118.3102,39,14,0.1722987633
2021-06-04,arm2_low_max,18518566.57,567100.7011,39,11,0.1757249337
2021-06-07,arm2_low_max,18680438.9,567100.7011,39,11,0.1749362295
2021-06-08,arm2_low_max,18425078.3,567100.7011,39,11,0.1746937442
2021-06-09,arm2_low_max,18337220.58,567100.7011,39,11,0.1752679928
2021-06-10,arm2_low_max,18480160.29,567100.7011,39,11,0.1775455868
2021-06-11,arm2_low_max,18215512.66,172258.1872,40,11,0.1368317897
2021-06-15,arm2_low_max,17995709.91,172258.1872,40,11,0.1352413652
2021-06-16,arm2_low_max,17565203.04,172258.1872,40,11,0.1329451161
2021-06-17,arm2_low_max,17899843.02,172258.1872,40,11,0.1337088057
2021-06-18,arm2_low_max,18114650.22,172258.1872,40,11,0.1353850886
2021-06-21,arm2_low_max,18174725.59,189719.4165,40,16,0.1022206371
2021-06-22,arm2_low_max,18225943.5,189719.4165,40,16,0.1014952803
2021-06-23,arm2_low_max,18092265.97,189719.4165,40,16,0.1012582703
2021-06-24,arm2_low_max,18013389.21,189719.4165,40,16,0.1011339509
2021-06-25,arm2_low_max,18155820.23,189719.4165,40,16,0.1012451885
2021-06-28,arm2_low_max,18079852.52,19802.26236,40,15,0.1086636047
2021-06-29,arm2_low_max,17854766.22,19802.26236,40,15,0.1082224305
2021-06-30,arm2_low_max,17902049.13,19802.26236,40,15,0.1084202943
2021-07-01,arm2_low_max,17578041.05,449866.8083,39,15,0.1079764972
2021-07-02,arm2_low_max,17357981.93,449866.8083,39,15,0.1073328726
2021-07-05,arm2_low_max,17615811.15,-8.731149137e-10,40,14,0.1351452687
2021-07-06,arm2_low_max,17709198.5,-8.731149137e-10,40,14,0.1342783011
2021-07-07,arm2_low_max,17983791.54,-8.731149137e-10,40,14,0.1346042858
2021-07-08,arm2_low_max,18082088.67,-8.731149137e-10,40,14,0.1362458743
2021-07-09,arm2_low_max,18055566.67,-8.731149137e-10,40,14,0.1358277004
2021-07-12,arm2_low_max,18021934.73,8.149072528e-10,40,14,0.1280683993
2021-07-13,arm2_low_max,17791132.9,8.149072528e-10,40,14,0.1266963127
2021-07-14,arm2_low_max,17542583.3,8.149072528e-10,40,14,0.1261405627
2021-07-15,arm2_low_max,17590680.73,8.149072528e-10,40,14,0.1250942363
2021-07-16,arm2_low_max,17622754.37,8.149072528e-10,40,14,0.1248638806
2021-07-19,arm2_low_max,17546498.9,12444.44297,40,13,0.1264057958
2021-07-20,arm2_low_max,17482030.61,12444.44297,40,13,0.1267168182
2021-07-21,arm2_low_max,17797376.52,12444.44297,40,13,0.1267901872
2021-07-22,arm2_low_max,17945579.87,12444.44297,40,13,0.1270116017
2021-07-23,arm2_low_max,17838235.04,12444.44297,40,13,0.1264256558
2021-07-26,arm2_low_max,17806455.02,-6.4028427e-10,40,10,0.1471556638
2021-07-27,arm2_low_max,17387489.78,-6.4028427e-10,40,10,0.1494952621
2021-07-28,arm2_low_max,16736846.57,-6.4028427e-10,40,10,0.1489457527
2021-07-29,arm2_low_max,17717087.81,-6.4028427e-10,40,10,0.1505643322
2021-07-30,arm2_low_max,18096946.59,-6.4028427e-10,40,10,0.1516762185
2021-08-02,arm2_low_max,18141317.3,143538.9623,40,9,0.1377091162
2021-08-03,arm2_low_max,17630229.97,143538.9623,40,9,0.1360785079
2021-08-04,arm2_low_max,18061520.14,143538.9623,40,9,0.1363327914
2021-08-05,arm2_low_max,17761612.75,143538.9623,40,9,0.1358438268
2021-08-06,arm2_low_max,18230595.74,143538.9623,40,9,0.1364655804
2021-08-09,arm2_low_max,18092777.93,120494.4319,40,9,0.1536886944
2021-08-10,arm2_low_max,18203106.28,120494.4319,40,9,0.155247286
2021-08-11,arm2_low_max,18414744.55,120494.4319,40,9,0.1553025978
2021-08-12,arm2_low_max,18524339.34,120494.4319,40,9,0.1548672413
2021-08-13,arm2_low_max,18796480.84,120494.4319,40,9,0.1551440739
2021-08-16,arm2_low_max,18429536.59,162159.7933,40,11,0.1402815018
2021-08-17,arm2_low_max,18204079.69,162159.7933,40,11,0.1399899962
2021-08-18,arm2_low_max,18388951.95,162159.7933,40,11,0.1417487502
2021-08-19,arm2_low_max,18374935.5,162159.7933,40,11,0.143706265
2021-08-20,arm2_low_max,18451642.33,162159.7933,40,11,0.1430715855
2021-08-23,arm2_low_max,19050060.39,0,40,12,0.1421342522
2021-08-24,arm2_low_max,19458234.65,0,40,12,0.1402840811
2021-08-25,arm2_low_max,19479896.67,0,40,12,0.139786429
2021-08-26,arm2_low_max,19674063.04,0,40,12,0.1396618697
2021-08-27,arm2_low_max,19674004.64,0,40,12,0.1387619931
2021-08-30,arm2_low_max,19916334.68,5.820766091e-11,40,12,0.1556391616
2021-08-31,arm2_low_max,19958779.43,5.820766091e-11,40,12,0.1547424194
2021-09-01,arm2_low_max,19477335.61,5.820766091e-11,40,12,0.1531127119
2021-09-02,arm2_low_max,19797584.46,5.820766091e-11,40,12,0.1530712001
2021-09-03,arm2_low_max,19495443.11,5.820766091e-11,40,12,0.1518309443
2021-09-06,arm2_low_max,19694592.03,-5.820766091e-11,40,12,0.1306049271
2021-09-07,arm2_low_max,20143644.05,-5.820766091e-11,40,12,0.130218893
2021-09-08,arm2_low_max,20281739.49,-5.820766091e-11,40,12,0.129275923
2021-09-09,arm2_low_max,20990942.06,-5.820766091e-11,40,12,0.1283407962
2021-09-10,arm2_low_max,20702167.89,-5.820766091e-11,40,12,0.1279559278
2021-09-13,arm2_low_max,20923688.05,212974.8412,40,11,0.1322297153
2021-09-14,arm2_low_max,20485140.12,212974.8412,40,11,0.132143817
2021-09-15,arm2_low_max,20720386,212974.8412,40,11,0.1331491944
2021-09-16,arm2_low_max,20724628.44,212974.8412,40,11,0.1331140088
2021-09-17,arm2_low_max,20481921.3,212974.8412,40,11,0.1346602427
2021-09-22,arm2_low_max,20717200.05,337833.3129,40,12,0.1181278607
2021-09-23,arm2_low_max,20897412.43,337833.3129,40,12,0.1187891474
2021-09-24,arm2_low_max,20243727.95,337833.3129,40,12,0.1174734715
2021-09-27,arm2_low_max,19617793.44,337833.3129,40,12,0.1158562287
2021-09-28,arm2_low_max,19980395.74,337833.3129,40,12,0.1156968755
2021-09-29,arm2_low_max,19452849.58,431548.1759,40,13,0.1206220757
2021-09-30,arm2_low_max,19717963.84,431548.1759,40,13,0.1204265768
2021-10-08,arm2_low_max,20119309.43,431548.1759,40,13,0.1189768686
2021-10-11,arm2_low_max,20103185.39,431548.1759,40,13,0.1187364068
2021-10-12,arm2_low_max,19697557.11,431548.1759,40,13,0.1176330346
2021-10-13,arm2_low_max,19404573.49,-9.313225746e-10,40,13,0.1359276998
2021-10-14,arm2_low_max,19309213.98,-9.313225746e-10,40,13,0.135401846
2021-10-15,arm2_low_max,19001579.12,-9.313225746e-10,40,13,0.133866556
2021-10-18,arm2_low_max,19349341.09,-9.313225746e-10,40,13,0.1335562835
2021-10-19,arm2_low_max,19810902.5,-9.313225746e-10,40,13,0.1366200959
2021-10-20,arm2_low_max,19508369.37,114562.7095,40,10,0.2307984384
2021-10-21,arm2_low_max,19344051.21,114562.7095,40,10,0.2296811702
2021-10-22,arm2_low_max,19035686.94,114562.7095,40,10,0.2312726586
2021-10-25,arm2_low_max,18981325.37,114562.7095,40,10,0.2317319195
2021-10-26,arm2_low_max,18795405.06,114562.7095,40,10,0.2311396689
2021-10-27,arm2_low_max,18589775.43,1.164153218e-10,40,7,0.3784824424
2021-10-28,arm2_low_max,18361118.94,1.164153218e-10,40,7,0.3780784211
2021-10-29,arm2_low_max,18771278.76,1.164153218e-10,40,7,0.3789148805
2021-11-01,arm2_low_max,18858287.1,1.164153218e-10,40,7,0.3815302644
2021-11-02,arm2_low_max,18792380.17,1.164153218e-10,40,7,0.383181373
2021-11-03,arm2_low_max,19299504.79,150904.2631,40,9,0.2781208817
2021-11-04,arm2_low_max,19611251.28,150904.2631,40,9,0.2798094302
2021-11-05,arm2_low_max,19287057.87,150904.2631,40,9,0.2782697459
2021-11-08,arm2_low_max,19133391.03,150904.2631,40,9,0.276818462
2021-11-09,arm2_low_max,19185023.35,150904.2631,40,9,0.2761160181
2021-11-10,arm2_low_max,19009186.01,13908.56372,40,11,0.1742332152
2021-11-11,arm2_low_max,19008081.82,13908.56372,40,11,0.1743194981
2021-11-12,arm2_low_max,19189195.03,13908.56372,40,11,0.1739640268
2021-11-15,arm2_low_max,19225192.03,13908.56372,40,11,0.1747777376
2021-11-16,arm2_low_max,19126123.19,13908.56372,40,11,0.172453582
2021-11-17,arm2_low_max,19416651.02,19277.82838,40,13,0.1221344481
2021-11-18,arm2_low_max,19426782.49,19277.82838,40,13,0.1218381834
2021-11-19,arm2_low_max,19552395.58,19277.82838,40,13,0.1205333174
2021-11-22,arm2_low_max,19744507.54,19277.82838,40,13,0.1191221224
2021-11-23,arm2_low_max,19562597.45,19277.82838,40,13,0.1193416438
2021-11-24,arm2_low_max,19489008.99,-7.566995919e-10,40,15,0.1249130956
2021-11-25,arm2_low_max,19600947.39,-7.566995919e-10,40,15,0.1275080949
2021-11-26,arm2_low_max,19612689.21,-7.566995919e-10,40,15,0.1290150206
2021-11-29,arm2_low_max,19692669.1,-7.566995919e-10,40,15,0.1325607029
2021-11-30,arm2_low_max,19939044.94,-7.566995919e-10,40,15,0.1331543283
2021-12-01,arm2_low_max,20043307.71,202515.778,40,18,0.09261385702
2021-12-02,arm2_low_max,19944967.3,202515.778,40,18,0.09168534079
2021-12-03,arm2_low_max,20170874.54,202515.778,40,18,0.09386119703
2021-12-06,arm2_low_max,19990513.07,202515.778,40,18,0.09350624981
2021-12-07,arm2_low_max,19690766.46,202515.778,40,18,0.09210747192
2021-12-08,arm2_low_max,19863752.24,417736.8582,40,19,0.08040027461
2021-12-09,arm2_low_max,19990142.49,417736.8582,40,19,0.08028167892
2021-12-10,arm2_low_max,19907756.35,417736.8582,40,19,0.08037626706
2021-12-13,arm2_low_max,20030765.21,417736.8582,40,19,0.07992621437
2021-12-14,arm2_low_max,20003628.25,417736.8582,40,19,0.07998668844
2021-12-15,arm2_low_max,20007163.37,502856.4725,40,20,0.08364472945
2021-12-16,arm2_low_max,20303207.97,502856.4725,40,20,0.08328290993
2021-12-17,arm2_low_max,20198668.94,502856.4725,40,20,0.08350388207
2021-12-20,arm2_low_max,19834308.83,502856.4725,40,20,0.08216989754
2021-12-21,arm2_low_max,20074821.43,502856.4725,40,20,0.08173544537
2021-12-22,arm2_low_max,20045084.8,171217.3076,40,17,0.09522184369
2021-12-23,arm2_low_max,20010240.22,171217.3076,40,17,0.09543643247
2021-12-24,arm2_low_max,19644801.09,171217.3076,40,17,0.09489037288
2021-12-27,arm2_low_max,19630078.62,171217.3076,40,17,0.09472691136
2021-12-28,arm2_low_max,19799722.19,171217.3076,40,17,0.09476283928
2021-12-29,arm2_low_max,19771687.82,8410.771489,40,17,0.08251725664
2021-12-30,arm2_low_max,20011329.19,8410.771489,40,17,0.08273421502
2021-12-31,arm2_low_max,20129550.46,8410.771489,40,17,0.08222377089
2022-01-04,arm2_low_max,20579675.64,8410.771489,40,17,0.08253793348
2022-01-05,arm2_low_max,20388497.74,8410.771489,40,17,0.08194408268
2022-01-06,arm2_low_max,20383726.38,2.328306437e-10,40,17,0.07586165645
2022-01-07,arm2_low_max,20275841.77,2.328306437e-10,40,17,0.07586372931
2022-01-10,arm2_low_max,20388080.04,2.328306437e-10,40,17,0.07605242927
2022-01-11,arm2_low_max,20321553.28,2.328306437e-10,40,17,0.07608232789
2022-01-12,arm2_low_max,20521556.11,2.328306437e-10,40,17,0.0755096276
2022-01-13,arm2_low_max,20432188.94,-3.492459655e-10,40,13,0.1032900762
2022-01-14,arm2_low_max,20244901.7,-3.492459655e-10,40,13,0.1037705549
2022-01-17,arm2_low_max,20481802.09,-3.492459655e-10,40,13,0.1036144389
2022-01-18,arm2_low_max,20383769.98,-3.492459655e-10,40,13,0.1028830658
2022-01-19,arm2_low_max,20706925.12,-3.492459655e-10,40,13,0.1038818004
2022-01-20,arm2_low_max,20456298.52,194036.3656,40,12,0.1405571344
2022-01-21,arm2_low_max,20552889.16,194036.3656,40,12,0.1422573617
2022-01-24,arm2_low_max,20512711.12,194036.3656,40,12,0.1446956443
2022-01-25,arm2_low_max,20065927.96,194036.3656,40,12,0.147837083
2022-01-26,arm2_low_max,19886262.28,194036.3656,40,12,0.1448982302
2022-01-27,arm2_low_max,19173743.22,577447.4028,40,10,0.1740020853
2022-01-28,arm2_low_max,19839381.98,577447.4028,40,10,0.1793644907
2022-02-07,arm2_low_max,20030561.94,577447.4028,40,10,0.1776863956
2022-02-08,arm2_low_max,20695540.98,577447.4028,40,10,0.1798654687
2022-02-09,arm2_low_max,21079534.29,577447.4028,40,10,0.1781781206
2022-02-10,arm2_low_max,21658612.2,353166.4417,40,9,0.2037630949
2022-02-11,arm2_low_max,21623326.73,353166.4417,40,9,0.2057697828
2022-02-14,arm2_low_max,21950565.69,353166.4417,40,9,0.211483993
2022-02-15,arm2_low_max,21390708.19,353166.4417,40,9,0.2061691602
2022-02-16,arm2_low_max,21544216.93,353166.4417,40,9,0.2058927395
2022-02-17,arm2_low_max,20930146.61,-5.238689482e-10,40,7,0.2393476057
2022-02-18,arm2_low_max,21175252.9,-5.238689482e-10,40,7,0.2371631438
2022-02-21,arm2_low_max,21284933.12,-5.238689482e-10,40,7,0.2377319735
2022-02-22,arm2_low_max,20906084.57,-5.238689482e-10,40,7,0.2383931732
2022-02-23,arm2_low_max,20706660.38,-5.238689482e-10,40,7,0.2383466628
2022-02-24,arm2_low_max,20078737.26,216133.823,40,10,0.1433429525
2022-02-25,arm2_low_max,20222779.32,216133.823,40,10,0.144091287
2022-02-28,arm2_low_max,20393971.75,216133.823,40,10,0.1452861845
2022-03-01,arm2_low_max,20540423.28,216133.823,40,10,0.1445202522
2022-03-02,arm2_low_max,20627619.78,216133.823,40,10,0.1442802327
2022-03-03,arm2_low_max,20904141.52,69753.89127,40,14,0.106128017
2022-03-04,arm2_low_max,20702966.11,69753.89127,40,14,0.1060713711
2022-03-07,arm2_low_max,20326062.27,69753.89127,40,14,0.1052820689
2022-03-08,arm2_low_max,19500922.39,69753.89127,40,14,0.1033611432
2022-03-09,arm2_low_max,19207203.05,69753.89127,40,14,0.1035608139
2022-03-10,arm2_low_max,19486281.94,201516.1149,40,12,0.191622753
2022-03-11,arm2_low_max,19575925.59,201516.1149,40,12,0.1894366722
2022-03-14,arm2_low_max,19009694.69,201516.1149,40,12,0.1875774095
2022-03-15,arm2_low_max,17891239.97,201516.1149,40,12,0.1846123198
2022-03-16,arm2_low_max,18516065.49,201516.1149,40,12,0.1825106542
2022-03-17,arm2_low_max,18850866.79,187501.1126,40,10,0.1885883715
2022-03-18,arm2_low_max,19343213.93,187501.1126,40,10,0.1906496494
2022-03-21,arm2_low_max,19836463.31,187501.1126,40,10,0.192534603
2022-03-22,arm2_low_max,20030779.83,187501.1126,40,10,0.1929627038
2022-03-23,arm2_low_max,19831871.59,187501.1126,40,10,0.1918996027
2022-03-24,arm2_low_max,20002773.13,6.98491931e-10,40,9,0.2204430281
2022-03-25,arm2_low_max,19947696.23,6.98491931e-10,40,9,0.2203092252
2022-03-28,arm2_low_max,19970994.64,6.98491931e-10,40,9,0.2225316457
2022-03-29,arm2_low_max,20159283.2,6.98491931e-10,40,9,0.2235295545
2022-03-30,arm2_low_max,20046578.07,6.98491931e-10,40,9,0.2214470001
2022-03-31,arm2_low_max,20167107.86,2.910383046e-10,40,6,0.2262732779
2022-04-01,arm2_low_max,19988723.87,2.910383046e-10,40,6,0.2261201958
2022-04-06,arm2_low_max,20002890.54,2.910383046e-10,40,6,0.224262459
2022-04-07,arm2_low_max,19663873.73,2.910383046e-10,40,6,0.2267375207
2022-04-08,arm2_low_max,19602789.63,2.910383046e-10,40,6,0.2290513584
2022-04-11,arm2_low_max,19442052.63,296082.9085,39,7,0.1777232273
2022-04-12,arm2_low_max,19770469.69,296082.9085,39,7,0.1776869188
2022-04-13,arm2_low_max,19425064.03,296082.9085,39,7,0.1759220018
2022-04-14,arm2_low_max,19579098.84,296082.9085,39,7,0.1757735071
2022-04-15,arm2_low_max,19367730.91,296082.9085,39,7,0.1765202784
2022-04-18,arm2_low_max,19253190.44,9255.99339,39,9,0.1580402499
2022-04-19,arm2_low_max,19575969.95,9255.99339,39,9,0.1588392823
2022-04-20,arm2_low_max,19463788.01,9255.99339,39,9,0.1584379064
2022-04-21,arm2_low_max,18927194.52,9255.99339,39,9,0.1595490376
2022-04-22,arm2_low_max,18523874.45,9255.99339,39,9,0.1593042647
2022-04-25,arm2_low_max,17273651.92,105245.3148,39,8,0.1866760975
2022-04-26,arm2_low_max,16842355.84,105245.3148,39,8,0.1868198945
2022-04-27,arm2_low_max,16880314.07,105245.3148,39,8,0.1856580496
2022-04-28,arm2_low_max,16627496.05,105245.3148,39,8,0.1863655607
2022-04-29,arm2_low_max,16967919.83,105245.3148,39,8,0.1849722221
2022-05-05,arm2_low_max,17123266.03,-5.820766091e-10,39,8,0.1738330034
2022-05-06,arm2_low_max,16785164.86,-5.820766091e-10,39,8,0.1745123671
2022-05-09,arm2_low_max,16990097.94,-5.820766091e-10,39,8,0.1747130396
2022-05-10,arm2_low_max,17056969.41,-5.820766091e-10,39,8,0.174827584
2022-05-11,arm2_low_max,16978391.01,-5.820766091e-10,39,8,0.174940182
2022-05-12,arm2_low_max,17070500.86,-1.105945557e-09,40,10,0.1747494432
2022-05-13,arm2_low_max,17299564.23,-1.105945557e-09,40,10,0.1762036176
2022-05-16,arm2_low_max,17449619.62,-1.105945557e-09,40,10,0.176904565
2022-05-17,arm2_low_max,17453053.82,-1.105945557e-09,40,10,0.1769964377
2022-05-18,arm2_low_max,17387737.99,-1.105945557e-09,40,10,0.1757191235
2022-05-19,arm2_low_max,17488192.99,-5.820766091e-10,40,10,0.144710714
2022-05-20,arm2_low_max,17907772.52,-5.820766091e-10,40,10,0.1443112656
2022-05-23,arm2_low_max,17998532.29,-5.820766091e-10,40,10,0.1447204963
2022-05-24,arm2_low_max,17535186.29,-5.820766091e-10,40,10,0.1444467814
2022-05-25,arm2_low_max,17905403.59,-5.820766091e-10,40,10,0.146792814
2022-05-26,arm2_low_max,17899806.11,440459.3387,40,13,0.1017010007
2022-05-27,arm2_low_max,17901846.3,440459.3387,40,13,0.1018542915
2022-05-30,arm2_low_max,18074356.68,440459.3387,40,13,0.1017177366
2022-05-31,arm2_low_max,18309491.82,440459.3387,40,13,0.1019711604
2022-06-01,arm2_low_max,18554997.79,912838.4238,39,13,0.1014412795
2022-06-02,arm2_low_max,18815313.58,655693.413,39,20,0.0666991508
2022-06-06,arm2_low_max,18992619.04,1131982.489,38,20,0.06846305886
2022-06-07,arm2_low_max,18860933.9,1131982.489,38,20,0.0685224481
2022-06-08,arm2_low_max,19001823.81,1131982.489,38,20,0.06933576291
2022-06-09,arm2_low_max,18598169.45,1131982.489,38,20,0.068881708
2022-06-10,arm2_low_max,18966993.16,980750.5812,38,23,0.06263215892
2022-06-13,arm2_low_max,19086657.21,980750.5812,38,23,0.06293400653
2022-06-14,arm2_low_max,19268655.47,1460770.621,37,23,0.06484806682
2022-06-15,arm2_low_max,19307301.33,1460770.621,37,23,0.06451426401
2022-06-16,arm2_low_max,19282539.84,1460770.621,37,23,0.06444427457
2022-06-17,arm2_low_max,19530663.03,527518.0341,39,22,0.05810137291
2022-06-20,arm2_low_max,19546478.44,527518.0341,39,22,0.05787906146
2022-06-21,arm2_low_max,19402676.38,527518.0341,39,22,0.05796782894
2022-06-22,arm2_low_max,19294036.85,527518.0341,39,22,0.05869616454
2022-06-23,arm2_low_max,19703889.24,527518.0341,39,22,0.05905443398
2022-06-24,arm2_low_max,19832424.89,784961.9181,39,21,0.05929351926
2022-06-27,arm2_low_max,19890498.31,784961.9181,39,21,0.05924896041
2022-06-28,arm2_low_max,20139593.04,784961.9181,39,21,0.05932099121
2022-06-29,arm2_low_max,19863883.55,784961.9181,39,21,0.05953174053
2022-06-30,arm2_low_max,20002715.42,784961.9181,39,21,0.05973460653
2022-07-01,arm2_low_max,19850039.21,105805.7898,40,22,0.05900754619
2022-07-04,arm2_low_max,19862041.79,105805.7898,40,22,0.05867912057
2022-07-05,arm2_low_max,19739676.05,105805.7898,40,22,0.05873384833
2022-07-06,arm2_low_max,19485834.98,105805.7898,40,22,0.05872145966
2022-07-07,arm2_low_max,19633508.32,105805.7898,40,22,0.05867517701
2022-07-08,arm2_low_max,19576377.85,-4.074536264e-10,40,20,0.06953272808
2022-07-11,arm2_low_max,19364634.36,-4.074536264e-10,40,20,0.06991957103
2022-07-12,arm2_low_max,19114732.43,-4.074536264e-10,40,20,0.07043058287
2022-07-13,arm2_low_max,19391371.13,-4.074536264e-10,40,20,0.07096098739
2022-07-14,arm2_low_max,19451267.55,-4.074536264e-10,40,20,0.07072039306
2022-07-15,arm2_low_max,19172274.86,4.074536264e-10,40,20,0.08587433681
2022-07-18,arm2_low_max,19486157.22,4.074536264e-10,40,20,0.08582099328
2022-07-19,arm2_low_max,19466141.18,4.074536264e-10,40,20,0.08524782307
2022-07-20,arm2_low_max,19697729.63,4.074536264e-10,40,20,0.08527776551
2022-07-21,arm2_low_max,19421701.61,4.074536264e-10,40,20,0.08456129861
2022-07-22,arm2_low_max,19439641.22,120290.7714,40,18,0.08653619143
2022-07-25,arm2_low_max,19158909.77,120290.7714,40,18,0.08619627797
2022-07-26,arm2_low_max,19359080.83,120290.7714,40,18,0.08609813054
2022-07-27,arm2_low_max,19553816.51,120290.7714,40,18,0.08629681836
2022-07-28,arm2_low_max,19721450.21,120290.7714,40,18,0.08606904794
2022-07-29,arm2_low_max,19585496.09,280764.6201,40,17,0.0831291819
2022-08-01,arm2_low_max,19681106.53,280764.6201,40,17,0.08344637044
2022-08-02,arm2_low_max,19294458.73,280764.6201,40,17,0.08405133427
2022-08-03,arm2_low_max,19414215.6,280764.6201,40,17,0.08515569936
2022-08-04,arm2_low_max,19294189.29,280764.6201,40,17,0.08432156149
2022-08-05,arm2_low_max,19327774.38,46123.88417,40,14,0.1297489382
2022-08-08,arm2_low_max,19589130.38,46123.88417,40,14,0.129729758
2022-08-09,arm2_low_max,19732174.58,46123.88417,40,14,0.1323894609
2022-08-10,arm2_low_max,19845753.9,46123.88417,40,14,0.1319195882
2022-08-11,arm2_low_max,20081771.74,46123.88417,40,14,0.1314240894
2022-08-12,arm2_low_max,19978280.09,5.820766091e-10,40,13,0.1612935142
2022-08-15,arm2_low_max,20118939.91,5.820766091e-10,40,13,0.1610873238
2022-08-16,arm2_low_max,20094006.51,5.820766091e-10,40,13,0.1600760205
2022-08-17,arm2_low_max,20097257.65,5.820766091e-10,40,13,0.1598031215
2022-08-18,arm2_low_max,19981974.34,5.820766091e-10,40,13,0.159566991
2022-08-19,arm2_low_max,19756886.25,24574.76379,40,12,0.1831389039
2022-08-22,arm2_low_max,19979078.02,24574.76379,40,12,0.1837811855
2022-08-23,arm2_low_max,20175407.98,24574.76379,40,12,0.1890876971
2022-08-24,arm2_low_max,19631671.14,24574.76379,40,12,0.188160825
2022-08-25,arm2_low_max,19857687.11,24574.76379,40,12,0.1912017989
2022-08-26,arm2_low_max,19775623.94,-3.492459655e-10,40,12,0.1648689507
2022-08-29,arm2_low_max,20154595.78,-3.492459655e-10,40,12,0.1659290843
2022-08-30,arm2_low_max,19817028.82,-3.492459655e-10,40,12,0.1633364057
2022-08-31,arm2_low_max,19127509.77,-3.492459655e-10,40,12,0.1611116218
2022-09-01,arm2_low_max,19165078.7,-3.492459655e-10,40,12,0.1613180215
2022-09-02,arm2_low_max,19211501.85,23147.25205,40,12,0.214924244
2022-09-05,arm2_low_max,19572131.98,23147.25205,40,12,0.2115662669
2022-09-06,arm2_low_max,19781431.12,23147.25205,40,12,0.2127657922
2022-09-07,arm2_low_max,19626929.45,23147.25205,40,12,0.2116622003
2022-09-08,arm2_low_max,19339433.78,23147.25205,40,12,0.2078682221
2022-09-09,arm2_low_max,19338165.62,6.4028427e-10,40,8,0.2559833481
2022-09-13,arm2_low_max,19398528.06,6.4028427e-10,40,8,0.2585576508
2022-09-14,arm2_low_max,19206899.43,6.4028427e-10,40,8,0.2565513965
2022-09-15,arm2_low_max,18960405.72,6.4028427e-10,40,8,0.2562531205
2022-09-16,arm2_low_max,18320156.08,6.4028427e-10,40,8,0.2584092009
2022-09-19,arm2_low_max,18474814.34,183665.396,40,7,0.2125360391
2022-09-20,arm2_low_max,18661893.99,183665.396,40,7,0.2123459145
2022-09-21,arm2_low_max,18707018.7,183665.396,40,7,0.213025495
2022-09-22,arm2_low_max,18701803.87,183665.396,40,7,0.2135022193
2022-09-23,arm2_low_max,18389122.29,183665.396,40,7,0.2128794586
2022-09-26,arm2_low_max,18270249.5,261143.4291,40,7,0.2567946923
2022-09-27,arm2_low_max,18950314.7,261143.4291,40,7,0.2606218599
2022-09-28,arm2_low_max,18404734.05,261143.4291,40,7,0.2582338361
2022-09-29,arm2_low_max,18154202.86,261143.4291,40,7,0.2551834987
2022-09-30,arm2_low_max,17910695.85,261143.4291,40,7,0.2520590564
2022-10-10,arm2_low_max,17320527.38,3531.824168,40,7,0.2926338803
2022-10-11,arm2_low_max,17152707.34,3531.824168,40,7,0.292052338
2022-10-12,arm2_low_max,17194417.47,3531.824168,40,7,0.2913385954
2022-10-13,arm2_low_max,17264203.2,3531.824168,40,7,0.296359852
2022-10-14,arm2_low_max,17393694.65,3531.824168,40,7,0.2968390078
2022-10-17,arm2_low_max,17557135.91,-5.820766091e-11,40,4,0.3298195981
2022-10-18,arm2_low_max,17743721.56,-5.820766091e-11,40,4,0.3310014658
2022-10-19,arm2_low_max,17497162.47,-5.820766091e-11,40,4,0.3312232456
2022-10-20,arm2_low_max,17915684.65,-5.820766091e-11,40,4,0.3323402758
2022-10-21,arm2_low_max,17716740.29,-5.820766091e-11,40,4,0.3289230476
2022-10-24,arm2_low_max,17043747.77,8.731149137e-10,40,5,0.2390949423
2022-10-25,arm2_low_max,17102822.99,8.731149137e-10,40,5,0.2399908964
2022-10-26,arm2_low_max,17593582.2,8.731149137e-10,40,5,0.2400359148
2022-10-27,arm2_low_max,17643550.93,8.731149137e-10,40,5,0.2406806654
2022-10-28,arm2_low_max,17314326.62,8.731149137e-10,40,5,0.241408603
2022-10-31,arm2_low_max,17350524.13,221636.8123,40,8,0.1772223019
2022-11-01,arm2_low_max,17846992.47,221636.8123,40,8,0.1758760418
2022-11-02,arm2_low_max,18188965.41,221636.8123,40,8,0.1766642712
2022-11-03,arm2_low_max,18055098.16,221636.8123,40,8,0.176878214
2022-11-04,arm2_low_max,18410443.26,221636.8123,40,8,0.1769696745
2022-11-07,arm2_low_max,18336748.35,422243.1522,40,11,0.1680112304
2022-11-08,arm2_low_max,18346073.07,422243.1522,40,11,0.1673652842
2022-11-09,arm2_low_max,18298434.99,422243.1522,40,11,0.1670198527
2022-11-10,arm2_low_max,18375938.04,422243.1522,40,11,0.1672590082
2022-11-11,arm2_low_max,18233994.84,422243.1522,40,11,0.1659113383
2022-11-14,arm2_low_max,18238607.38,174054.7101,40,14,0.1318932495
2022-11-15,arm2_low_max,18438009.41,174054.7101,40,14,0.1314578183
2022-11-16,arm2_low_max,18565179.68,174054.7101,40,14,0.1327440037
2022-11-17,arm2_low_max,18746863.88,174054.7101,40,14,0.1332098607
2022-11-18,arm2_low_max,18986697.78,174054.7101,40,14,0.1363949033
2022-11-21,arm2_low_max,18746291.81,95253.80575,40,14,0.1057083123
2022-11-22,arm2_low_max,18509195.14,95253.80575,40,14,0.104369963
2022-11-23,arm2_low_max,18331858.37,95253.80575,40,14,0.1032225184
2022-11-24,arm2_low_max,18369440.36,95253.80575,40,14,0.1035189116
2022-11-25,arm2_low_max,18465622.69,95253.80575,40,14,0.1029750285
2022-11-28,arm2_low_max,18636770.9,75035.42047,40,14,0.09298670061
2022-11-29,arm2_low_max,19385410.35,75035.42047,40,14,0.09419926581
2022-11-30,arm2_low_max,19534527.31,75035.42047,40,14,0.09409344752
2022-12-01,arm2_low_max,19526850.98,75035.42047,40,14,0.0947425008
2022-12-02,arm2_low_max,19670654.54,75035.42047,40,14,0.09502540526
2022-12-05,arm2_low_max,19914387.03,119237.2395,40,17,0.09178477562
2022-12-06,arm2_low_max,19789574.81,119237.2395,40,17,0.09177761723
2022-12-07,arm2_low_max,19752217.9,119237.2395,40,17,0.09113849573
2022-12-08,arm2_low_max,19824116.97,119237.2395,40,17,0.09158628556
2022-12-09,arm2_low_max,20002154.24,119237.2395,40,17,0.09212311147
2022-12-12,arm2_low_max,19496072.45,15865.37291,40,17,0.09371590884
2022-12-13,arm2_low_max,19758274.82,15865.37291,40,17,0.09404488436
2022-12-14,arm2_low_max,19681289.75,15865.37291,40,17,0.09309584118
2022-12-15,arm2_low_max,19631255.41,15865.37291,40,17,0.09353837965
2022-12-16,arm2_low_max,19564418.24,15865.37291,40,17,0.09352467517
2022-12-19,arm2_low_max,19326746.13,-5.820766091e-11,40,17,0.09193112709
2022-12-20,arm2_low_max,18896140.32,-5.820766091e-11,40,17,0.09069716673
2022-12-21,arm2_low_max,18932050.37,-5.820766091e-11,40,17,0.0908701557
2022-12-22,arm2_low_max,18909028.25,-5.820766091e-11,40,17,0.0911125648
2022-12-23,arm2_low_max,18928749.84,-5.820766091e-11,40,17,0.09150757337
2022-12-26,arm2_low_max,18868776.29,7.566995919e-10,40,15,0.1321588573
2022-12-27,arm2_low_max,19068005.17,7.566995919e-10,40,15,0.1330632021
2022-12-28,arm2_low_max,18969980.81,7.566995919e-10,40,15,0.1318403907
2022-12-29,arm2_low_max,18702135,7.566995919e-10,40,15,0.1321690682
2022-12-30,arm2_low_max,18910200.58,7.566995919e-10,40,15,0.1314075377
2023-01-03,arm2_low_max,18848434.65,5.820766091e-10,40,13,0.1698427523
2023-01-04,arm2_low_max,18950195.85,5.820766091e-10,40,13,0.168638518
2023-01-05,arm2_low_max,19266479.17,5.820766091e-10,40,13,0.173719241
2023-01-06,arm2_low_max,19008889.79,5.820766091e-10,40,13,0.1758180919
2023-01-09,arm2_low_max,19524096.1,5.820766091e-10,40,13,0.18087993
2023-01-10,arm2_low_max,19429104.79,-4.656612873e-10,40,10,0.2819315671
2023-01-11,arm2_low_max,19150093.3,-4.656612873e-10,40,10,0.2819805566
2023-01-12,arm2_low_max,18966793.52,-4.656612873e-10,40,10,0.281295457
2023-01-13,arm2_low_max,19350473.81,-4.656612873e-10,40,10,0.2836093087
2023-01-16,arm2_low_max,19662705.32,-4.656612873e-10,40,10,0.286523966
2023-01-17,arm2_low_max,19527575.38,57364.80149,40,14,0.1665195981
2023-01-18,arm2_low_max,19561659.49,57364.80149,40,14,0.1645476584
2023-01-19,arm2_low_max,19520842.79,57364.80149,40,14,0.1633991169
2023-01-20,arm2_low_max,19525361.25,57364.80149,40,14,0.162448029
2023-01-30,arm2_low_max,19804625.16,57364.80149,40,14,0.1643220687
2023-01-31,arm2_low_max,19835797.68,71371.03917,40,23,0.07455469669
2023-02-01,arm2_low_max,20144991.33,71371.03917,40,23,0.07390902327
2023-02-02,arm2_low_max,20388795.43,71371.03917,40,23,0.0750091127
2023-02-03,arm2_low_max,20361564.27,71371.03917,40,23,0.07470988979
2023-02-06,arm2_low_max,20288563.26,71371.03917,40,23,0.07470084358
2023-02-07,arm2_low_max,20566252.56,-1.164153218e-10,40,21,0.06874072019
2023-02-08,arm2_low_max,20398782.48,-1.164153218e-10,40,21,0.06825060695
2023-02-09,arm2_low_max,20806093.01,-1.164153218e-10,40,21,0.06856456796
2023-02-10,arm2_low_max,20846586.93,-1.164153218e-10,40,21,0.06897759277
2023-02-13,arm2_low_max,21481227.02,-1.164153218e-10,40,21,0.07002639575
2023-02-14,arm2_low_max,21539934.09,75144.48825,40,22,0.06056321145
2023-02-15,arm2_low_max,21733437.58,75144.48825,40,22,0.06059060451
2023-02-16,arm2_low_max,21334802.59,75144.48825,40,22,0.06084411803
2023-02-17,arm2_low_max,21063474.06,75144.48825,40,22,0.06073886065
2023-02-20,arm2_low_max,21546514.15,75144.48825,40,22,0.06084994251
2023-02-21,arm2_low_max,21724782.53,295904.7968,40,20,0.07874923357
2023-02-22,arm2_low_max,21723350.17,295904.7968,40,20,0.0782725333
2023-02-23,arm2_low_max,21576557.92,295904.7968,40,20,0.07808956707
2023-02-24,arm2_low_max,21563889.74,295904.7968,40,20,0.07761419975
2023-02-27,arm2_low_max,21338963.57,295904.7968,40,20,0.07749709407
2023-02-28,arm2_low_max,21538920.3,376297.8326,40,16,0.1050153944
2023-03-01,arm2_low_max,21752519.97,376297.8326,40,16,0.1046017639
2023-03-02,arm2_low_max,21805074.75,376297.8326,40,16,0.1054316111
2023-03-03,arm2_low_max,21881501.34,376297.8326,40,16,0.1060826884
2023-03-06,arm2_low_max,21881203.35,376297.8326,40,16,0.1052498573
2023-03-07,arm2_low_max,21504597.69,9155.969227,40,15,0.1123857561
2023-03-08,arm2_low_max,21583411.37,9155.969227,40,15,0.1125340772
2023-03-09,arm2_low_max,21462452.75,9155.969227,40,15,0.1133760814
2023-03-10,arm2_low_max,21069433,9155.969227,40,15,0.1132954356
2023-03-13,arm2_low_max,21105788.62,9155.969227,40,15,0.112815878
2023-03-14,arm2_low_max,20852977.89,7.566995919e-10,40,13,0.1770623427
2023-03-15,arm2_low_max,21276023.6,7.566995919e-10,40,13,0.178148269
2023-03-16,arm2_low_max,20826007.89,7.566995919e-10,40,13,0.1779361431
2023-03-17,arm2_low_max,20981217,7.566995919e-10,40,13,0.177161294
2023-03-20,arm2_low_max,20850418.35,7.566995919e-10,40,13,0.1752110319
2023-03-21,arm2_low_max,21093743.35,26949.13654,40,10,0.1753422251
2023-03-22,arm2_low_max,21140604.23,26949.13654,40,10,0.1756770627
2023-03-23,arm2_low_max,21113861.13,26949.13654,40,10,0.1743152092
2023-03-24,arm2_low_max,21152494.41,26949.13654,40,10,0.1741419478
2023-03-27,arm2_low_max,20905396.21,26949.13654,40,10,0.1731123848
2023-03-28,arm2_low_max,20716775.66,5.238689482e-10,40,12,0.1337660891
2023-03-29,arm2_low_max,20622224.85,5.238689482e-10,40,12,0.1332499081
2023-03-30,arm2_low_max,20449628.16,5.238689482e-10,40,12,0.1324121041
2023-03-31,arm2_low_max,20988497.13,5.238689482e-10,40,12,0.1356764248
2023-04-03,arm2_low_max,21256278.53,5.238689482e-10,40,12,0.1364672399
2023-04-04,arm2_low_max,21048715.21,20755.46079,40,9,0.1640756402
2023-04-06,arm2_low_max,20615142.96,20755.46079,40,9,0.1618569731
2023-04-07,arm2_low_max,21009900.42,20755.46079,40,9,0.163666735
2023-04-10,arm2_low_max,20594953.78,20755.46079,40,9,0.1639392495
2023-04-11,arm2_low_max,21553201.66,20755.46079,40,9,0.1660748597
2023-04-12,arm2_low_max,22383601.86,8.731149137e-10,40,7,0.2006943248
2023-04-13,arm2_low_max,22726245.51,8.731149137e-10,40,7,0.2006346354
2023-04-14,arm2_low_max,22252505.87,8.731149137e-10,40,7,0.2003667784
2023-04-17,arm2_low_max,21573814.72,8.731149137e-10,40,7,0.2008134006
2023-04-18,arm2_low_max,21521876.44,8.731149137e-10,40,7,0.2011234714
2023-04-19,arm2_low_max,21922309.67,546596.0312,40,7,0.1877241868
2023-04-20,arm2_low_max,22411113.04,546596.0312,40,7,0.1891149113
2023-04-21,arm2_low_max,21762483.77,546596.0312,40,7,0.1909323784
2023-04-24,arm2_low_max,22442713.06,546596.0312,40,7,0.1931049195
2023-04-25,arm2_low_max,22701062.87,546596.0312,40,7,0.1952276702
2023-04-26,arm2_low_max,23440011.95,155749.6945,40,6,0.3262350846
2023-04-27,arm2_low_max,23432584.7,155749.6945,40,6,0.3277496878
2023-04-28,arm2_low_max,25314229.09,155749.6945,40,6,0.3283716056
2023-05-04,arm2_low_max,27045336.09,155749.6945,40,6,0.3383966576
2023-05-05,arm2_low_max,26811962.04,155749.6945,40,6,0.3481784674
2023-05-08,arm2_low_max,26798310.71,453047.8777,40,7,0.2928426465
2023-05-09,arm2_low_max,25835542,453047.8777,40,7,0.2877415003
2023-05-10,arm2_low_max,25509753.59,453047.8777,40,7,0.2869902691
2023-05-11,arm2_low_max,25837066.91,453047.8777,40,7,0.28949448
2023-05-12,arm2_low_max,25150251.73,453047.8777,40,7,0.2861245479
2023-05-15,arm2_low_max,24947629.13,290306.8378,39,5,0.4357834873
2023-05-16,arm2_low_max,24006819.58,290306.8378,39,5,0.4265722017
2023-05-17,arm2_low_max,23740314.24,290306.8378,39,5,0.4203223889
2023-05-18,arm2_low_max,24067917.35,290306.8378,39,5,0.4238821938
2023-05-19,arm2_low_max,23683391.8,290306.8378,39,5,0.4181840855
2023-05-22,arm2_low_max,23457592.77,-2.328306437e-10,39,4,0.3561630795
2023-05-23,arm2_low_max,22944359.18,-2.328306437e-10,39,4,0.3563008492
2023-05-24,arm2_low_max,22923356.27,-2.328306437e-10,39,4,0.3601183405
2023-05-25,arm2_low_max,22595916.63,-2.328306437e-10,39,4,0.3560179124
2023-05-26,arm2_low_max,23022065.22,-2.328306437e-10,39,4,0.3605555826
2023-05-29,arm2_low_max,22986314.66,-9.313225746e-10,39,7,0.2020483297
2023-05-30,arm2_low_max,23224248.01,-9.313225746e-10,39,7,0.2018438968
2023-05-31,arm2_low_max,23340000.4,-9.313225746e-10,39,7,0.2022173065
2023-06-01,arm2_low_max,23728923.81,-9.313225746e-10,39,7,0.2029473915
2023-06-02,arm2_low_max,23630278.35,-9.313225746e-10,39,7,0.2026054014
2023-06-05,arm2_low_max,23916648.79,350577.3335,38,8,0.2547031989
2023-06-06,arm2_low_max,23309206.41,350577.3335,38,8,0.2537938818
2023-06-07,arm2_low_max,23763412.27,350577.3335,38,8,0.2535678833
2023-06-08,arm2_low_max,23425366.94,350577.3335,38,8,0.2533922307
2023-06-09,arm2_low_max,23589379.8,350577.3335,38,8,0.2536598377
2023-06-12,arm2_low_max,23687146.77,1139235.362,38,9,0.2257406031
2023-06-13,arm2_low_max,23663089.89,1139235.362,38,9,0.226283422
2023-06-14,arm2_low_max,23607152.75,1139235.362,38,9,0.2254439331
2023-06-15,arm2_low_max,23692400.83,1139235.362,38,9,0.2246669661
2023-06-16,arm2_low_max,23871019.8,1139235.362,38,9,0.2267326978
2023-06-19,arm2_low_max,23923495.7,211451.9791,39,10,0.2158768694
2023-06-20,arm2_low_max,24170929.27,211451.9791,39,10,0.2170249351
2023-06-21,arm2_low_max,23695151.08,211451.9791,39,10,0.2178896813
2023-06-26,arm2_low_max,23313025.01,211451.9791,39,10,0.2206538271
2023-06-27,arm2_low_max,23776708.26,211451.9791,39,10,0.2199597363
2023-06-28,arm2_low_max,23871836.52,92167.42719,39,11,0.144373877
2023-06-29,arm2_low_max,24053488.64,92167.42719,39,11,0.1446502947
2023-06-30,arm2_low_max,23994682.28,92167.42719,39,11,0.1444872205
2023-07-03,arm2_low_max,23904638.48,92167.42719,39,11,0.1426534623
2023-07-04,arm2_low_max,23994124.43,92167.42719,39,11,0.141350104
2023-07-05,arm2_low_max,23736054.95,226060.4116,40,10,0.1491364229
2023-07-06,arm2_low_max,23811740.64,226060.4116,40,10,0.1483947194
2023-07-07,arm2_low_max,23787538.43,226060.4116,40,10,0.1480565606
2023-07-10,arm2_low_max,23770149.3,226060.4116,40,10,0.1468567391
2023-07-11,arm2_low_max,23975328.47,226060.4116,40,10,0.147219866
2023-07-12,arm2_low_max,23827839.53,433358.5522,40,13,0.1115284573
2023-07-13,arm2_low_max,23907293.6,433358.5522,40,13,0.1113162472
2023-07-14,arm2_low_max,23792615.95,433358.5522,40,13,0.1115967197
2023-07-17,arm2_low_max,23788875.62,433358.5522,40,13,0.1117463821
2023-07-18,arm2_low_max,23996562.32,433358.5522,40,13,0.112898006
2023-07-19,arm2_low_max,24133403.44,-9.313225746e-10,40,17,0.1036414415
2023-07-20,arm2_low_max,23709655.41,-9.313225746e-10,40,17,0.1027898642
2023-07-21,arm2_low_max,23584550.95,-9.313225746e-10,40,17,0.1021796091
2023-07-24,arm2_low_max,23473107.33,-9.313225746e-10,40,17,0.101608034
2023-07-25,arm2_low_max,23979642.05,-9.313225746e-10,40,17,0.1033650926
2023-07-26,arm2_low_max,23941692.36,55692.17322,40,19,0.0864932275
2023-07-27,arm2_low_max,23963763.15,55692.17322,40,19,0.08682771619
2023-07-28,arm2_low_max,24414759.8,55692.17322,40,19,0.08761395385
2023-07-31,arm2_low_max,24731704.18,55692.17322,40,19,0.08832444067
2023-08-01,arm2_low_max,24596778.83,55692.17322,40,19,0.08720425102
2023-08-02,arm2_low_max,24507579.52,122125.439,40,19,0.07152049021
2023-08-03,arm2_low_max,24591436.98,122125.439,40,19,0.07168521126
2023-08-04,arm2_low_max,24620453.1,122125.439,40,19,0.07195610555
2023-08-07,arm2_low_max,24626553.01,122125.439,40,19,0.07224303304
2023-08-08,arm2_low_max,24531636.69,122125.439,40,19,0.07223426758
2023-08-09,arm2_low_max,24398724.03,156897.6117,40,18,0.08527558914
2023-08-10,arm2_low_max,24548309.51,156897.6117,40,18,0.0856222235
2023-08-11,arm2_low_max,24022002.61,156897.6117,40,18,0.08545947499
2023-08-14,arm2_low_max,23975001.06,156897.6117,40,18,0.08530684476
2023-08-15,arm2_low_max,24011211.38,156897.6117,40,18,0.08617920539
2023-08-16,arm2_low_max,24049825.76,0,40,12,0.1617198303
2023-08-17,arm2_low_max,24004587.28,0,40,12,0.1610809426
2023-08-18,arm2_low_max,23609138.15,0,40,12,0.159119086
2023-08-21,arm2_low_max,23268573.42,0,40,12,0.1569322385
2023-08-22,arm2_low_max,23491315.44,0,40,12,0.1580182577
2023-08-23,arm2_low_max,23021646.37,104597.3713,40,8,0.3119784281
2023-08-24,arm2_low_max,23082925.86,104597.3713,40,8,0.3128139151
2023-08-25,arm2_low_max,23118049.45,104597.3713,40,8,0.3125289487
2023-08-28,arm2_low_max,23576986.3,104597.3713,40,8,0.3130246667
2023-08-29,arm2_low_max,23630922.49,104597.3713,40,8,0.310524809
2023-08-30,arm2_low_max,23273365.56,396111.5346,40,7,0.3052254972
2023-08-31,arm2_low_max,22938727,396111.5346,40,7,0.3062596585
2023-09-01,arm2_low_max,22930201.99,396111.5346,40,7,0.3064209051
2023-09-04,arm2_low_max,23205175.75,396111.5346,40,7,0.3024276846
2023-09-05,arm2_low_max,22838006.74,396111.5346,40,7,0.3036733038
2023-09-06,arm2_low_max,22721948.07,482511.8988,40,4,0.294522433
2023-09-07,arm2_low_max,22568946.96,482511.8988,40,4,0.2947472265
2023-09-08,arm2_low_max,22413689.43,482511.8988,40,4,0.2964751932
2023-09-11,arm2_low_max,22677976.66,482511.8988,40,4,0.2963537694
2023-09-12,arm2_low_max,22524775.77,482511.8988,40,4,0.2960322988
2023-09-13,arm2_low_max,22361871.66,217329.2217,40,5,0.2387127143
2023-09-14,arm2_low_max,22495513.61,217329.2217,40,5,0.2388584769
2023-09-15,arm2_low_max,22502228.44,217329.2217,40,5,0.2388521254
2023-09-18,arm2_low_max,22566619,217329.2217,40,5,0.2387190343
2023-09-19,arm2_low_max,22427143.78,217329.2217,40,5,0.2388773442
2023-09-20,arm2_low_max,22279207.26,173025.0951,40,6,0.2666286683
2023-09-21,arm2_low_max,22145456.52,173025.0951,40,6,0.2665853441
2023-09-22,arm2_low_max,22360434.91,173025.0951,40,6,0.2647529897
2023-09-25,arm2_low_max,22231206.42,173025.0951,40,6,0.2657122645
2023-09-26,arm2_low_max,22152789.83,173025.0951,40,6,0.2648762167
2023-09-27,arm2_low_max,22123715.53,11677.04186,40,7,0.3013989196
2023-09-28,arm2_low_max,22494154.15,11677.04186,40,7,0.2995016973
2023-10-09,arm2_low_max,22594873.19,11677.04186,40,7,0.299909114
2023-10-10,arm2_low_max,22464058.66,11677.04186,40,7,0.2983386068
2023-10-11,arm2_low_max,22207419.83,11677.04186,40,7,0.2982826668
2023-10-12,arm2_low_max,22315628.39,25530.96404,40,8,0.1785288595
2023-10-13,arm2_low_max,22485867.2,25530.96404,40,8,0.179111346
2023-10-16,arm2_low_max,22620278.56,25530.96404,40,8,0.1784038076
2023-10-17,arm2_low_max,22588919.38,25530.96404,40,8,0.1782361512
2023-10-18,arm2_low_max,22197470.83,25530.96404,40,8,0.1782276712
2023-10-19,arm2_low_max,21772572.61,1592.687345,40,8,0.1895679249
2023-10-20,arm2_low_max,21553427.62,1592.687345,40,8,0.1890604106
2023-10-23,arm2_low_max,21140076.1,1592.687345,40,8,0.1891120227
2023-10-24,arm2_low_max,21290266.32,1592.687345,40,8,0.1892506
2023-10-25,arm2_low_max,21464557.02,1592.687345,40,8,0.1887922158
2023-10-26,arm2_low_max,21645407.14,59006.68849,40,8,0.1840152061
2023-10-27,arm2_low_max,21883593.39,59006.68849,40,8,0.1833414811
2023-10-30,arm2_low_max,22191233.24,59006.68849,40,8,0.1863812201
2023-10-31,arm2_low_max,22212676.32,59006.68849,40,8,0.1859542943
2023-11-01,arm2_low_max,22197562.04,59006.68849,40,8,0.1852967845
2023-11-02,arm2_low_max,21916448.83,6.98491931e-10,40,6,0.1858055367
2023-11-03,arm2_low_max,22249178.38,6.98491931e-10,40,6,0.1850278684
2023-11-06,arm2_low_max,22592377.57,6.98491931e-10,40,6,0.1851274113
2023-11-07,arm2_low_max,22707119.38,6.98491931e-10,40,6,0.1849894333
2023-11-08,arm2_low_max,22848500.59,6.98491931e-10,40,6,0.1853745055
2023-11-09,arm2_low_max,22569287.69,0,40,10,0.1420166256
2023-11-10,arm2_low_max,22553279.25,0,40,10,0.1422876998
2023-11-13,arm2_low_max,22925161.52,0,40,10,0.1427872157
2023-11-14,arm2_low_max,23235070.67,0,40,10,0.1437037652
2023-11-15,arm2_low_max,23304259.1,0,40,10,0.143906415
2023-11-16,arm2_low_max,23185158.55,146503.4951,40,15,0.1062436903
2023-11-17,arm2_low_max,23266413.15,146503.4951,40,15,0.1059205737
2023-11-20,arm2_low_max,23388983.13,146503.4951,40,15,0.105721381
2023-11-21,arm2_low_max,23307686.2,146503.4951,40,15,0.105379916
2023-11-22,arm2_low_max,23199911.1,146503.4951,40,15,0.105105566
2023-11-23,arm2_low_max,23374501.25,214065.5712,40,17,0.08782279533
2023-11-24,arm2_low_max,23219971.27,214065.5712,40,17,0.08810019991
2023-11-27,arm2_low_max,23308390.42,214065.5712,40,17,0.08859830332
2023-11-28,arm2_low_max,23281206.54,214065.5712,40,17,0.08819597725
2023-11-29,arm2_low_max,22921044.26,214065.5712,40,17,0.08747747372
2023-11-30,arm2_low_max,22830982.36,70868.04762,40,21,0.06812259102
2023-12-01,arm2_low_max,23040350.91,70868.04762,40,21,0.0692011411
2023-12-04,arm2_low_max,23094839.79,70868.04762,40,21,0.06909223673
2023-12-05,arm2_low_max,22652121.31,70868.04762,40,21,0.06910761995
2023-12-06,arm2_low_max,22806008.27,70868.04762,40,21,0.06948028211
2023-12-07,arm2_low_max,22936528.12,4985427.363,31,19,0.07155910459
2023-12-08,arm2_low_max,22646183.22,4985427.363,31,19,0.07108860353
2023-12-11,arm2_low_max,22849143.3,4985427.363,31,19,0.07133558222
2023-12-12,arm2_low_max,23029729.36,4985427.363,31,19,0.07187978034
2023-12-13,arm2_low_max,22966927.62,5587811.566,30,18,0.07505495815
2023-12-14,arm2_low_max,22965788.18,11367279.39,20,14,0.08742589299
2023-12-15,arm2_low_max,22940454.62,11367279.39,20,14,0.08748353335
2023-12-18,arm2_low_max,22788179.21,11367279.39,20,14,0.08729533024
2023-12-19,arm2_low_max,22748631.7,11367279.39,20,14,0.0872092122
2023-12-20,arm2_low_max,22546166.84,11367279.39,20,14,0.08653593802
2023-12-21,arm2_low_max,22577565.28,16889253.4,10,8,0.1447712509
2023-12-22,arm2_low_max,22388572.39,16889253.4,10,8,0.1418816735
2023-12-25,arm2_low_max,22414842.94,16889253.4,10,8,0.1410555643
2023-12-26,arm2_low_max,22333422.79,16889253.4,10,8,0.1384658885
2023-12-27,arm2_low_max,22261371.83,16889253.4,10,8,0.1384397122
2023-12-28,arm2_low_max,22243463.72,22243463.72,0,0,0
