trade_date,family,nav,cash,positions,industries,industry_hhi,cost_per_side
2018-07-10,industry_diffusion_baseline,10020118.38,7500000,10,1,1,0.002
2018-07-11,industry_diffusion_baseline,9928157.926,7500000,10,1,1,0.002
2018-07-12,industry_diffusion_baseline,9999716.309,7500000,10,1,1,0.002
2018-07-13,industry_diffusion_baseline,9995514.684,7500000,10,1,1,0.002
2018-07-16,industry_diffusion_baseline,10011529.75,7500000,10,1,1,0.002
2018-07-17,industry_diffusion_baseline,10023413.05,4997242.421,20,4,0.413988768,0.002
2018-07-18,industry_diffusion_baseline,9971075.285,4997242.421,20,4,0.4116483674,0.002
2018-07-19,industry_diffusion_baseline,9847152.065,4997242.421,20,4,0.4121205998,0.002
2018-07-20,industry_diffusion_baseline,9938476.791,4997242.421,20,4,0.4153198301,0.002
2018-07-23,industry_diffusion_baseline,9987671.24,4997242.421,20,4,0.4280652606,0.002
2018-07-24,industry_diffusion_baseline,10054899.9,2503910.552,30,8,0.3008569505,0.002
2018-07-25,industry_diffusion_baseline,10106666.84,2503910.552,30,8,0.3024832761,0.002
2018-07-26,industry_diffusion_baseline,9957143.022,2503910.552,30,8,0.2983317261,0.002
2018-07-27,industry_diffusion_baseline,9984735.925,2503910.552,30,8,0.2958648145,0.002
2018-07-30,industry_diffusion_baseline,9925799.561,2503910.552,30,8,0.2981535173,0.002
2018-07-31,industry_diffusion_baseline,9829829.265,27758.95644,40,12,0.1844800415,0.002
2018-08-01,industry_diffusion_baseline,9571850.715,27758.95644,40,12,0.1823600132,0.002
2018-08-02,industry_diffusion_baseline,9390532.052,27758.95644,40,12,0.1779283603,0.002
2018-08-03,industry_diffusion_baseline,9232047.453,27758.95644,40,12,0.1806580841,0.002
2018-08-06,industry_diffusion_baseline,9054369.305,27758.95644,40,12,0.180383949,0.002
2018-08-07,industry_diffusion_baseline,9346408.283,-2.619344741e-10,40,12,0.1474167446,0.002
2018-08-08,industry_diffusion_baseline,9189143.723,-2.619344741e-10,40,12,0.149625366,0.002
2018-08-09,industry_diffusion_baseline,9394466.347,-2.619344741e-10,40,12,0.1484383238,0.002
2018-08-10,industry_diffusion_baseline,9427176.92,-2.619344741e-10,40,12,0.1474097866,0.002
2018-08-13,industry_diffusion_baseline,9546672.618,-2.619344741e-10,40,12,0.1488467819,0.002
2018-08-14,industry_diffusion_baseline,9408076.983,4.074536264e-10,40,10,0.2443965355,0.002
2018-08-15,industry_diffusion_baseline,9279493.944,4.074536264e-10,40,10,0.2416724376,0.002
2018-08-16,industry_diffusion_baseline,9142569.573,4.074536264e-10,40,10,0.2419831708,0.002
2018-08-17,industry_diffusion_baseline,9051169.194,4.074536264e-10,40,10,0.2456199217,0.002
2018-08-20,industry_diffusion_baseline,9171875.106,4.074536264e-10,40,10,0.2493481997,0.002
2018-08-21,industry_diffusion_baseline,9218704.237,4.074536264e-10,40,6,0.3565233125,0.002
2018-08-22,industry_diffusion_baseline,9123116.161,4.074536264e-10,40,6,0.3592542346,0.002
2018-08-23,industry_diffusion_baseline,9121600.495,4.074536264e-10,40,6,0.3561361955,0.002
2018-08-24,industry_diffusion_baseline,9101867.763,4.074536264e-10,40,6,0.3546253118,0.002
2018-08-27,industry_diffusion_baseline,9233023.054,4.074536264e-10,40,6,0.3536770238,0.002
2018-08-28,industry_diffusion_baseline,9214154.468,147058.1446,40,5,0.3575246626,0.002
2018-08-29,industry_diffusion_baseline,9139237.255,147058.1446,40,5,0.3579328536,0.002
2018-08-30,industry_diffusion_baseline,8863603.13,147058.1446,40,5,0.3577599905,0.002
2018-08-31,industry_diffusion_baseline,8826095.827,147058.1446,40,5,0.3582265667,0.002
2018-09-03,industry_diffusion_baseline,8801342.165,147058.1446,40,5,0.3589287623,0.002
2018-09-04,industry_diffusion_baseline,8865139.142,165746.5383,40,7,0.2441092564,0.002
2018-09-05,industry_diffusion_baseline,8660090.273,165746.5383,40,7,0.2422778014,0.002
2018-09-06,industry_diffusion_baseline,8624273.629,165746.5383,40,7,0.2417827879,0.002
2018-09-07,industry_diffusion_baseline,8679755.741,165746.5383,40,7,0.2406415453,0.002
2018-09-10,industry_diffusion_baseline,8600240.308,165746.5383,40,7,0.2425058849,0.002
2018-09-11,industry_diffusion_baseline,8544023.526,106561.9733,40,7,0.2603726413,0.002
2018-09-12,industry_diffusion_baseline,8534019.158,106561.9733,40,7,0.260078218,0.002
2018-09-13,industry_diffusion_baseline,8633031.97,106561.9733,40,7,0.2595947993,0.002
2018-09-14,industry_diffusion_baseline,8569066.498,106561.9733,40,7,0.2617726755,0.002
2018-09-17,industry_diffusion_baseline,8484179.006,106561.9733,40,7,0.2612657266,0.002
2018-09-18,industry_diffusion_baseline,8618128.087,32418.25261,40,7,0.2655190407,0.002
2018-09-19,industry_diffusion_baseline,8858083.31,32418.25261,40,7,0.2693265057,0.002
2018-09-20,industry_diffusion_baseline,8796272.803,32418.25261,40,7,0.2706265098,0.002
2018-09-21,industry_diffusion_baseline,8856849.413,32418.25261,40,7,0.2718440312,0.002
2018-09-25,industry_diffusion_baseline,8713062.519,32418.25261,40,7,0.2672649714,0.002
2018-09-26,industry_diffusion_baseline,8741241.897,-1.164153218e-10,39,6,0.2795962907,0.002
2018-09-27,industry_diffusion_baseline,8569646.993,-1.164153218e-10,39,6,0.2812500695,0.002
2018-09-28,industry_diffusion_baseline,8645140.961,-1.164153218e-10,39,6,0.2814615179,0.002
2018-10-08,industry_diffusion_baseline,8435119.435,-1.164153218e-10,39,6,0.2790865181,0.002
2018-10-09,industry_diffusion_baseline,8503782.039,-1.164153218e-10,39,6,0.2777852747,0.002
2018-10-10,industry_diffusion_baseline,8568076.675,-5.820766091e-11,39,8,0.1857854539,0.002
2018-10-11,industry_diffusion_baseline,8079275.762,-5.820766091e-11,39,8,0.1901504353,0.002
2018-10-12,industry_diffusion_baseline,7908315.366,-5.820766091e-11,39,8,0.1864204556,0.002
2018-10-15,industry_diffusion_baseline,7751276.612,-5.820766091e-11,39,8,0.1863808183,0.002
2018-10-16,industry_diffusion_baseline,7752242.041,-5.820766091e-11,39,8,0.190172183,0.002
2018-10-17,industry_diffusion_baseline,7657151.612,3361.578619,39,9,0.1596299241,0.002
2018-10-18,industry_diffusion_baseline,7165962.244,3361.578619,39,9,0.1588329795,0.002
2018-10-19,industry_diffusion_baseline,7214129.558,3361.578619,39,9,0.1567859807,0.002
2018-10-22,industry_diffusion_baseline,7602558.34,3361.578619,39,9,0.1566424539,0.002
2018-10-23,industry_diffusion_baseline,7543510.889,3361.578619,39,9,0.1560589395,0.002
2018-10-24,industry_diffusion_baseline,7566883.077,69153.46885,39,10,0.1136183273,0.002
2018-10-25,industry_diffusion_baseline,7600635.455,69153.46885,39,10,0.1142757604,0.002
2018-10-26,industry_diffusion_baseline,7597476.391,69153.46885,39,10,0.1137205186,0.002
2018-10-29,industry_diffusion_baseline,7485881.189,69153.46885,39,10,0.1135376867,0.002
2018-10-30,industry_diffusion_baseline,7566284.106,69153.46885,39,10,0.1138126866,0.002
2018-10-31,industry_diffusion_baseline,7662526.708,-6.4028427e-10,40,9,0.1428599983,0.002
2018-11-01,industry_diffusion_baseline,7677481.143,-6.4028427e-10,40,9,0.1430036634,0.002
2018-11-02,industry_diffusion_baseline,7892250.061,-6.4028427e-10,40,9,0.1432177437,0.002
2018-11-05,industry_diffusion_baseline,7954936.149,-6.4028427e-10,40,9,0.1429270498,0.002
2018-11-06,industry_diffusion_baseline,7896789.825,-6.4028427e-10,40,9,0.1422087379,0.002
2018-11-07,industry_diffusion_baseline,7814175.071,-2.037268132e-10,41,7,0.2484741149,0.002
2018-11-08,industry_diffusion_baseline,7756334.395,195584.7699,40,6,0.2603621353,0.002
2018-11-09,industry_diffusion_baseline,7680458.898,195584.7699,40,6,0.2627148095,0.002
2018-11-12,industry_diffusion_baseline,7839487.119,195584.7699,40,6,0.2625268174,0.002
2018-11-13,industry_diffusion_baseline,8017910.524,195584.7699,40,6,0.265076912,0.002
2018-11-14,industry_diffusion_baseline,7913196.038,309756.0606,40,11,0.2658463795,0.002
2018-11-15,industry_diffusion_baseline,8113719.921,309756.0606,40,11,0.2679109203,0.002
2018-11-16,industry_diffusion_baseline,8315303.638,309756.0606,40,11,0.2715168057,0.002
2018-11-19,industry_diffusion_baseline,8489728.774,309756.0606,40,11,0.2781342335,0.002
2018-11-20,industry_diffusion_baseline,8143707.465,309756.0606,40,11,0.2744062315,0.002
2018-11-21,industry_diffusion_baseline,8192181.991,273535.9843,40,12,0.271320937,0.002
2018-11-22,industry_diffusion_baseline,8119236.754,273535.9843,40,12,0.269609406,0.002
2018-11-23,industry_diffusion_baseline,7795621.074,273535.9843,40,12,0.2703923548,0.002
2018-11-26,industry_diffusion_baseline,7778414.902,273535.9843,40,12,0.2717612515,0.002
2018-11-27,industry_diffusion_baseline,7819275.016,273535.9843,40,12,0.2702458216,0.002
2018-11-28,industry_diffusion_baseline,7924123.871,254850.4244,40,19,0.09640104601,0.002
2018-11-29,industry_diffusion_baseline,7702656.196,254850.4244,40,19,0.09529115882,0.002
2018-11-30,industry_diffusion_baseline,7792535.124,254850.4244,40,19,0.09585345965,0.002
2018-12-03,industry_diffusion_baseline,8046465.263,254850.4244,40,19,0.09536843472,0.002
2018-12-04,industry_diffusion_baseline,8103981.207,254850.4244,40,19,0.09573214703,0.002
2018-12-05,industry_diffusion_baseline,8057349.873,5155.958865,40,20,0.06155906003,0.002
2018-12-06,industry_diffusion_baseline,7894000.498,5155.958865,40,20,0.06164486723,0.002
2018-12-07,industry_diffusion_baseline,7930770.567,5155.958865,40,20,0.06174766983,0.002
2018-12-10,industry_diffusion_baseline,7810295.815,5155.958865,40,20,0.06166577911,0.002
2018-12-11,industry_diffusion_baseline,7877687.78,5155.958865,40,20,0.06157509308,0.002
2018-12-12,industry_diffusion_baseline,7851575.05,-1.746229827e-10,40,20,0.07346583789,0.002
2018-12-13,industry_diffusion_baseline,7983740.454,-1.746229827e-10,40,20,0.07416618193,0.002
2018-12-14,industry_diffusion_baseline,7777981.728,-1.746229827e-10,40,20,0.07441540854,0.002
2018-12-17,industry_diffusion_baseline,7765489.562,-1.746229827e-10,40,20,0.07458773351,0.002
2018-12-18,industry_diffusion_baseline,7697967.207,-1.746229827e-10,40,20,0.07445010714,0.002
2018-12-19,industry_diffusion_baseline,7573759.948,2.619344741e-10,40,12,0.1911283157,0.002
2018-12-20,industry_diffusion_baseline,7543534.98,2.619344741e-10,40,12,0.1899996862,0.002
2018-12-21,industry_diffusion_baseline,7463437.178,2.619344741e-10,40,12,0.1892256442,0.002
2018-12-24,industry_diffusion_baseline,7532666.785,2.619344741e-10,40,12,0.1890154829,0.002
2018-12-25,industry_diffusion_baseline,7452018.456,2.619344741e-10,40,12,0.1899949259,0.002
2018-12-26,industry_diffusion_baseline,7383348.676,51572.93976,40,11,0.1757991375,0.002
2018-12-27,industry_diffusion_baseline,7256758.625,51572.93976,40,11,0.1772529796,0.002
2018-12-28,industry_diffusion_baseline,7295759.955,51572.93976,40,11,0.1781176208,0.002
2019-01-02,industry_diffusion_baseline,7312028.394,51572.93976,40,11,0.1771842561,0.002
2019-01-03,industry_diffusion_baseline,7250009.128,51572.93976,40,11,0.1751220331,0.002
2019-01-04,industry_diffusion_baseline,7412375.022,61380.45232,40,8,0.1705413918,0.002
2019-01-07,industry_diffusion_baseline,7556005.021,61380.45232,40,8,0.1709033641,0.002
2019-01-08,industry_diffusion_baseline,7574366.248,61380.45232,40,8,0.1715099316,0.002
2019-01-09,industry_diffusion_baseline,7577419.578,61380.45232,40,8,0.1722946226,0.002
2019-01-10,industry_diffusion_baseline,7580965.847,61380.45232,40,8,0.1726053078,0.002
2019-01-11,industry_diffusion_baseline,7625966.283,7505.565259,40,9,0.1630558956,0.002
2019-01-14,industry_diffusion_baseline,7620431.61,7505.565259,40,9,0.1629791031,0.002
2019-01-15,industry_diffusion_baseline,7832217.53,7505.565259,40,9,0.1653682293,0.002
2019-01-16,industry_diffusion_baseline,7764701.508,7505.565259,40,9,0.1653589275,0.002
2019-01-17,industry_diffusion_baseline,7672866.462,7505.565259,40,9,0.1652779547,0.002
2019-01-18,industry_diffusion_baseline,7709266.773,22252.13045,40,9,0.1888732232,0.002
2019-01-21,industry_diffusion_baseline,7749328.491,22252.13045,40,9,0.1874045966,0.002
2019-01-22,industry_diffusion_baseline,7728194.178,22252.13045,40,9,0.1897796735,0.002
2019-01-23,industry_diffusion_baseline,7793457.15,22252.13045,40,9,0.1922058251,0.002
2019-01-24,industry_diffusion_baseline,7846269.648,22252.13045,40,9,0.1938923741,0.002
2019-01-25,industry_diffusion_baseline,7794000.648,47355.71523,40,8,0.1954751833,0.002
2019-01-28,industry_diffusion_baseline,7847024.031,47355.71523,40,8,0.1981055593,0.002
2019-01-29,industry_diffusion_baseline,7743807.106,47355.71523,40,8,0.1994551221,0.002
2019-01-30,industry_diffusion_baseline,7661877.795,47355.71523,40,8,0.1970540454,0.002
2019-01-31,industry_diffusion_baseline,7625676.544,47355.71523,40,8,0.1989299881,0.002
2019-02-01,industry_diffusion_baseline,7749822.25,-5.820766091e-11,40,10,0.151778669,0.002
2019-02-11,industry_diffusion_baseline,8071736.081,-5.820766091e-11,40,10,0.1544179382,0.002
2019-02-12,industry_diffusion_baseline,8151353.305,-5.820766091e-11,40,10,0.1544204338,0.002
2019-02-13,industry_diffusion_baseline,8262195.9,-5.820766091e-11,40,10,0.1530790232,0.002
2019-02-14,industry_diffusion_baseline,8315723.424,-5.820766091e-11,40,10,0.1533488989,0.002
2019-02-15,industry_diffusion_baseline,8367969.941,1.746229827e-10,40,12,0.1655620319,0.002
2019-02-18,industry_diffusion_baseline,8739990.313,1.746229827e-10,40,12,0.1673887615,0.002
2019-02-19,industry_diffusion_baseline,8800975.596,1.746229827e-10,40,12,0.1663404257,0.002
2019-02-20,industry_diffusion_baseline,8945976.086,1.746229827e-10,40,12,0.1722764008,0.002
2019-02-21,industry_diffusion_baseline,9028895.341,1.746229827e-10,40,12,0.1761708978,0.002
2019-02-22,industry_diffusion_baseline,9243480.928,496536.5179,40,15,0.1036069012,0.002
2019-02-25,industry_diffusion_baseline,9752716.713,496536.5179,40,15,0.1041908486,0.002
2019-02-26,industry_diffusion_baseline,9668088.784,496536.5179,40,15,0.1032592815,0.002
2019-02-27,industry_diffusion_baseline,9660131.073,496536.5179,40,15,0.1032527236,0.002
2019-02-28,industry_diffusion_baseline,9729015.411,496536.5179,40,15,0.1018614262,0.002
2019-03-01,industry_diffusion_baseline,9882200.234,491341.9258,40,16,0.09809311086,0.002
2019-03-04,industry_diffusion_baseline,10041379.27,491341.9258,40,16,0.09837633626,0.002
2019-03-05,industry_diffusion_baseline,10352733.75,491341.9258,40,16,0.09868217249,0.002
2019-03-06,industry_diffusion_baseline,10533813.88,491341.9258,40,16,0.09893417408,0.002
2019-03-07,industry_diffusion_baseline,10582457.81,491341.9258,40,16,0.09925759572,0.002
2019-03-08,industry_diffusion_baseline,9976499.827,136337.7485,40,16,0.1041118858,0.002
2019-03-11,industry_diffusion_baseline,10268505.72,136337.7485,40,16,0.1037319401,0.002
2019-03-12,industry_diffusion_baseline,10387471.94,136337.7485,40,16,0.1041269179,0.002
2019-03-13,industry_diffusion_baseline,10190565.29,136337.7485,40,16,0.1045560861,0.002
2019-03-14,industry_diffusion_baseline,9936709.76,136337.7485,40,16,0.1037950118,0.002
2019-03-15,industry_diffusion_baseline,10269553.88,-2.910383046e-10,40,20,0.09041249175,0.002
2019-03-18,industry_diffusion_baseline,10584456.45,-2.910383046e-10,40,20,0.09077213454,0.002
2019-03-19,industry_diffusion_baseline,10629914.83,-2.910383046e-10,40,20,0.08945015218,0.002
2019-03-20,industry_diffusion_baseline,10670101.09,-2.910383046e-10,40,20,0.08985168357,0.002
2019-03-21,industry_diffusion_baseline,10926840.34,-2.910383046e-10,40,20,0.09007305675,0.002
2019-03-22,industry_diffusion_baseline,11020657.68,40316.09454,40,16,0.1341722977,0.002
2019-03-25,industry_diffusion_baseline,10865248.84,40316.09454,40,16,0.1352632238,0.002
2019-03-26,industry_diffusion_baseline,10502306.53,40316.09454,40,16,0.1355734824,0.002
2019-03-27,industry_diffusion_baseline,10518970.28,40316.09454,40,16,0.1358934549,0.002
2019-03-28,industry_diffusion_baseline,10419214.25,40316.09454,40,16,0.1384545614,0.002
2019-03-29,industry_diffusion_baseline,10732918.7,113761.1242,40,20,0.08762616395,0.002
2019-04-01,industry_diffusion_baseline,11081077.43,113761.1242,40,20,0.0874719172,0.002
2019-04-02,industry_diffusion_baseline,11073723.25,113761.1242,40,20,0.08729261707,0.002
2019-04-03,industry_diffusion_baseline,11225367.33,113761.1242,40,20,0.08829411026,0.002
2019-04-04,industry_diffusion_baseline,11226192.82,113761.1242,40,20,0.0874969318,0.002
2019-04-08,industry_diffusion_baseline,11199378.44,148450.4201,40,20,0.06419678393,0.002
2019-04-09,industry_diffusion_baseline,11229676.49,148450.4201,40,20,0.06446707486,0.002
2019-04-10,industry_diffusion_baseline,11259460.7,148450.4201,40,20,0.06466758223,0.002
2019-04-11,industry_diffusion_baseline,11091345.99,148450.4201,40,20,0.06485582991,0.002
2019-04-12,industry_diffusion_baseline,10984692.54,148450.4201,40,20,0.06484534206,0.002
2019-04-15,industry_diffusion_baseline,10861241.47,1.164153218e-10,40,17,0.07257033241,0.002
2019-04-16,industry_diffusion_baseline,11056238.6,1.164153218e-10,40,17,0.07229697935,0.002
2019-04-17,industry_diffusion_baseline,11081223.93,1.164153218e-10,40,17,0.07230781798,0.002
2019-04-18,industry_diffusion_baseline,11006944.19,1.164153218e-10,40,17,0.07236182119,0.002
2019-04-19,industry_diffusion_baseline,11146042.19,1.164153218e-10,40,17,0.07236839641,0.002
2019-04-22,industry_diffusion_baseline,10963504.29,-8.149072528e-10,40,20,0.06435628343,0.002
2019-04-23,industry_diffusion_baseline,10754512.74,-8.149072528e-10,40,20,0.06444402059,0.002
2019-04-24,industry_diffusion_baseline,10779461.76,-8.149072528e-10,40,20,0.06424363228,0.002
2019-04-25,industry_diffusion_baseline,10289600.91,-8.149072528e-10,40,20,0.06452073379,0.002
2019-04-26,industry_diffusion_baseline,10186902.34,-8.149072528e-10,40,20,0.0645624285,0.002
2019-04-29,industry_diffusion_baseline,9888757.206,30903.85848,40,19,0.06656774229,0.002
2019-04-30,industry_diffusion_baseline,10010453.77,30903.85848,40,19,0.06634191045,0.002
2019-05-06,industry_diffusion_baseline,9271669.01,30903.85848,40,19,0.06584421401,0.002
2019-05-07,industry_diffusion_baseline,9545842.919,30903.85848,40,19,0.06557242563,0.002
2019-05-08,industry_diffusion_baseline,9478830.914,30903.85848,40,19,0.065786561,0.002
2019-05-09,industry_diffusion_baseline,9363659.109,0,41,18,0.07719150877,0.002
2019-05-10,industry_diffusion_baseline,9678702.875,221115.0501,40,17,0.0801757988,0.002
2019-05-13,industry_diffusion_baseline,9716763.406,460834.2839,39,17,0.08197156741,0.002
2019-05-14,industry_diffusion_baseline,9588027.95,460834.2839,39,17,0.08232524362,0.002
2019-05-15,industry_diffusion_baseline,9867367.174,460834.2839,39,17,0.0818600833,0.002
2019-05-16,industry_diffusion_baseline,9916861.585,1.455191523e-10,41,14,0.1161562257,0.002
2019-05-17,industry_diffusion_baseline,9699968.195,1.455191523e-10,41,14,0.1159029161,0.002
2019-05-20,industry_diffusion_baseline,9523432.447,1.455191523e-10,41,14,0.1147925284,0.002
2019-05-21,industry_diffusion_baseline,9782710.972,1.455191523e-10,41,14,0.1143000461,0.002
2019-05-22,industry_diffusion_baseline,9681952.662,272836.8045,40,14,0.1182990447,0.002
2019-05-23,industry_diffusion_baseline,9410048.894,422640.0208,40,9,0.1863445169,0.002
2019-05-24,industry_diffusion_baseline,9369434.19,422640.0208,40,9,0.1854881016,0.002
2019-05-27,industry_diffusion_baseline,9573891.785,422640.0208,40,9,0.1850819422,0.002
2019-05-28,industry_diffusion_baseline,9714518.784,422640.0208,40,9,0.1858546367,0.002
2019-05-29,industry_diffusion_baseline,9771137.954,422640.0208,40,9,0.1853426504,0.002
2019-05-30,industry_diffusion_baseline,9860623.25,525430.535,39,6,0.2283999842,0.002
2019-05-31,industry_diffusion_baseline,9823006.911,751776.4792,38,6,0.2351907377,0.002
2019-06-03,industry_diffusion_baseline,9742339.384,751776.4792,38,6,0.2371082026,0.002
2019-06-04,industry_diffusion_baseline,9590278.859,1166164.425,36,6,0.2439367508,0.002
2019-06-05,industry_diffusion_baseline,9625849.955,1166164.425,36,6,0.2447994532,0.002
2019-06-06,industry_diffusion_baseline,9443392.474,569192.9727,38,7,0.1959464052,0.002
2019-06-10,industry_diffusion_baseline,9519444.219,569192.9727,38,7,0.1950896515,0.002
2019-06-11,industry_diffusion_baseline,9919289.992,569192.9727,38,7,0.1927123974,0.002
2019-06-12,industry_diffusion_baseline,9884926.494,569192.9727,38,7,0.1910466321,0.002
2019-06-13,industry_diffusion_baseline,10034356.62,569192.9727,38,7,0.1903519375,0.002
2019-06-14,industry_diffusion_baseline,9832953.749,13866.41616,39,6,0.2391114223,0.002
2019-06-17,industry_diffusion_baseline,9791502.965,13866.41616,39,6,0.2394368242,0.002
2019-06-18,industry_diffusion_baseline,9636269.818,13866.41616,39,6,0.2379352952,0.002
2019-06-19,industry_diffusion_baseline,9607307.278,13866.41616,39,6,0.2373328359,0.002
2019-06-20,industry_diffusion_baseline,9658835.497,13866.41616,39,6,0.2376256696,0.002
2019-06-21,industry_diffusion_baseline,9722998.261,39110.86041,39,7,0.3250806192,0.002
2019-06-24,industry_diffusion_baseline,9766725.007,39110.86041,39,7,0.3212686546,0.002
2019-06-25,industry_diffusion_baseline,9542813.428,39110.86041,39,7,0.3220499017,0.002
2019-06-26,industry_diffusion_baseline,9476601.425,39110.86041,39,7,0.321107561,0.002
2019-06-27,industry_diffusion_baseline,9504858.592,39110.86041,39,7,0.3209590784,0.002
2019-06-28,industry_diffusion_baseline,9439757.079,0,40,11,0.2932164899,0.002
2019-07-01,industry_diffusion_baseline,9635309.217,0,40,11,0.2919375781,0.002
2019-07-02,industry_diffusion_baseline,9604042.881,0,40,11,0.292190664,0.002
2019-07-03,industry_diffusion_baseline,9409169.231,0,40,11,0.2914855524,0.002
2019-07-04,industry_diffusion_baseline,9358208.868,0,40,11,0.2918478886,0.002
2019-07-05,industry_diffusion_baseline,9408751.986,84440.29594,40,13,0.1780803118,0.002
2019-07-08,industry_diffusion_baseline,9042189.696,84440.29594,40,13,0.1753283527,0.002
2019-07-09,industry_diffusion_baseline,9112408.761,84440.29594,40,13,0.1771115533,0.002
2019-07-10,industry_diffusion_baseline,8981023.167,84440.29594,40,13,0.1764757255,0.002
2019-07-11,industry_diffusion_baseline,8980452.465,84440.29594,40,13,0.1752984833,0.002
2019-07-12,industry_diffusion_baseline,9016548.128,-6.693881005e-10,40,13,0.1323613751,0.002
2019-07-15,industry_diffusion_baseline,9079919.203,-6.693881005e-10,40,13,0.1325531379,0.002
2019-07-16,industry_diffusion_baseline,9104746.692,-6.693881005e-10,40,13,0.1322954478,0.002
2019-07-17,industry_diffusion_baseline,9084561.238,-6.693881005e-10,40,13,0.1322126351,0.002
2019-07-18,industry_diffusion_baseline,8970110.83,-6.693881005e-10,40,13,0.1333294642,0.002
2019-07-19,industry_diffusion_baseline,8998360.286,26324.91167,40,15,0.1646101823,0.002
2019-07-22,industry_diffusion_baseline,8818643.433,26324.91167,40,15,0.1682290602,0.002
2019-07-23,industry_diffusion_baseline,8815544.775,26324.91167,40,15,0.1659894175,0.002
2019-07-24,industry_diffusion_baseline,8870817.008,26324.91167,40,15,0.1659459193,0.002
2019-07-25,industry_diffusion_baseline,8916517.527,26324.91167,40,15,0.1676913776,0.002
2019-07-26,industry_diffusion_baseline,8909914.023,53609.7913,40,11,0.1826817939,0.002
2019-07-29,industry_diffusion_baseline,8981388.425,53609.7913,40,11,0.1828605339,0.002
2019-07-30,industry_diffusion_baseline,9037434.388,53609.7913,40,11,0.1817185844,0.002
2019-07-31,industry_diffusion_baseline,8906876.248,53609.7913,40,11,0.1812092635,0.002
2019-08-01,industry_diffusion_baseline,8942840.23,53609.7913,40,11,0.1803378589,0.002
2019-08-02,industry_diffusion_baseline,8892765.904,49993.40454,40,8,0.226647164,0.002
2019-08-05,industry_diffusion_baseline,8744343.861,49993.40454,40,8,0.2256742059,0.002
2019-08-06,industry_diffusion_baseline,8594960.203,49993.40454,40,8,0.2272641043,0.002
2019-08-07,industry_diffusion_baseline,8477614.558,49993.40454,40,8,0.2276867041,0.002
2019-08-08,industry_diffusion_baseline,8527928.609,49993.40454,40,8,0.2277087103,0.002
2019-08-09,industry_diffusion_baseline,8405119.074,2.910383046e-11,40,10,0.1558390912,0.002
2019-08-12,industry_diffusion_baseline,8564859.533,2.910383046e-11,40,10,0.1574280559,0.002
2019-08-13,industry_diffusion_baseline,8610089.37,2.910383046e-11,40,10,0.1569315621,0.002
2019-08-14,industry_diffusion_baseline,8615941.845,2.910383046e-11,40,10,0.1565717157,0.002
2019-08-15,industry_diffusion_baseline,8646982.427,2.910383046e-11,40,10,0.1564850516,0.002
2019-08-16,industry_diffusion_baseline,8705157.252,119461.7784,40,9,0.1558434685,0.002
2019-08-19,industry_diffusion_baseline,8919002.563,119461.7784,40,9,0.1566005457,0.002
2019-08-20,industry_diffusion_baseline,8914827.132,119461.7784,40,9,0.1569882654,0.002
2019-08-21,industry_diffusion_baseline,8923905.559,119461.7784,40,9,0.1573437099,0.002
2019-08-22,industry_diffusion_baseline,8972529.485,119461.7784,40,9,0.1574697983,0.002
2019-08-23,industry_diffusion_baseline,8985570.449,135548.971,40,12,0.1413917406,0.002
2019-08-26,industry_diffusion_baseline,8969230.765,135548.971,40,12,0.1409131188,0.002
2019-08-27,industry_diffusion_baseline,9071607.724,135548.971,40,12,0.1395724732,0.002
2019-08-28,industry_diffusion_baseline,9001877.452,135548.971,40,12,0.1383555802,0.002
2019-08-29,industry_diffusion_baseline,9024170.285,135548.971,40,12,0.1401437309,0.002
2019-08-30,industry_diffusion_baseline,8977654.917,58835.36594,40,12,0.1608159176,0.002
2019-09-02,industry_diffusion_baseline,9166328.259,58835.36594,40,12,0.1604272666,0.002
2019-09-03,industry_diffusion_baseline,9255006.324,58835.36594,40,12,0.1631575918,0.002
2019-09-04,industry_diffusion_baseline,9346680.555,58835.36594,40,12,0.1638669763,0.002
2019-09-05,industry_diffusion_baseline,9495795.759,58835.36594,40,12,0.165135652,0.002
2019-09-06,industry_diffusion_baseline,9429553.074,5.820766091e-10,40,16,0.1379308872,0.002
2019-09-09,industry_diffusion_baseline,9627621.237,5.820766091e-10,40,16,0.1393204482,0.002
2019-09-10,industry_diffusion_baseline,9579850.624,5.820766091e-10,40,16,0.1386045018,0.002
2019-09-11,industry_diffusion_baseline,9527583.174,5.820766091e-10,40,16,0.1398674678,0.002
2019-09-12,industry_diffusion_baseline,9523296.334,5.820766091e-10,40,16,0.1393402436,0.002
2019-09-16,industry_diffusion_baseline,9582815.289,-7.858034223e-10,41,21,0.07208711353,0.002
2019-09-17,industry_diffusion_baseline,9349104.834,-7.858034223e-10,41,21,0.07206316635,0.002
2019-09-18,industry_diffusion_baseline,9326137.595,-7.858034223e-10,41,21,0.07189102305,0.002
2019-09-19,industry_diffusion_baseline,9395199.249,269513.1273,40,21,0.07208812378,0.002
2019-09-20,industry_diffusion_baseline,9437289.082,269513.1273,40,21,0.0724953487,0.002
2019-09-23,industry_diffusion_baseline,9357967.091,392870.5481,40,19,0.08210166853,0.002
2019-09-24,industry_diffusion_baseline,9367255.565,392870.5481,40,19,0.08174273856,0.002
2019-09-25,industry_diffusion_baseline,9208294.263,392870.5481,40,19,0.08102881082,0.002
2019-09-26,industry_diffusion_baseline,8859206.387,392870.5481,40,19,0.08036376931,0.002
2019-09-27,industry_diffusion_baseline,8917413.919,392870.5481,40,19,0.07988828679,0.002
2019-09-30,industry_diffusion_baseline,8829980.908,259257.6157,40,17,0.1087466754,0.002
2019-10-08,industry_diffusion_baseline,8883607.133,259257.6157,40,17,0.109293111,0.002
2019-10-09,industry_diffusion_baseline,8990022.376,259257.6157,40,17,0.1103064488,0.002
2019-10-10,industry_diffusion_baseline,9041043.037,259257.6157,40,17,0.1095413461,0.002
2019-10-11,industry_diffusion_baseline,9100815.75,259257.6157,40,17,0.1108782458,0.002
2019-10-14,industry_diffusion_baseline,9334005.044,25617.96979,40,16,0.149342846,0.002
2019-10-15,industry_diffusion_baseline,9243347.354,25617.96979,40,16,0.1502610253,0.002
2019-10-16,industry_diffusion_baseline,9170236.892,25617.96979,40,16,0.1496777777,0.002
2019-10-17,industry_diffusion_baseline,9189152.446,25617.96979,40,16,0.1490559005,0.002
2019-10-18,industry_diffusion_baseline,9003949.432,25617.96979,40,16,0.148088507,0.002
2019-10-21,industry_diffusion_baseline,8995718.236,5.238689482e-10,40,12,0.1725109943,0.002
2019-10-22,industry_diffusion_baseline,9052720.81,5.238689482e-10,40,12,0.1698090258,0.002
2019-10-23,industry_diffusion_baseline,9022056.473,5.238689482e-10,40,12,0.1697087742,0.002
2019-10-24,industry_diffusion_baseline,9091545.129,5.238689482e-10,40,12,0.1709461929,0.002
2019-10-25,industry_diffusion_baseline,9121900.312,5.238689482e-10,40,12,0.1696793758,0.002
2019-10-28,industry_diffusion_baseline,9313770.09,103766.8884,40,9,0.2343917021,0.002
2019-10-29,industry_diffusion_baseline,9222615.211,103766.8884,40,9,0.2353681293,0.002
2019-10-30,industry_diffusion_baseline,9094100.396,103766.8884,40,9,0.2358464646,0.002
2019-10-31,industry_diffusion_baseline,8977572.995,103766.8884,40,9,0.2366869183,0.002
2019-11-01,industry_diffusion_baseline,9049291.318,103766.8884,40,9,0.2380995564,0.002
2019-11-04,industry_diffusion_baseline,9073180.963,197486.2832,40,11,0.1368048198,0.002
2019-11-05,industry_diffusion_baseline,9114734.125,197486.2832,40,11,0.1373067539,0.002
2019-11-06,industry_diffusion_baseline,8938057.189,197486.2832,40,11,0.1371774343,0.002
2019-11-07,industry_diffusion_baseline,9047382.283,197486.2832,40,11,0.1377105536,0.002
2019-11-08,industry_diffusion_baseline,8999070.274,197486.2832,40,11,0.1373236012,0.002
2019-11-11,industry_diffusion_baseline,8788943.91,155712.6286,40,8,0.1896847211,0.002
2019-11-12,industry_diffusion_baseline,8853687.135,155712.6286,40,8,0.1904972963,0.002
2019-11-13,industry_diffusion_baseline,8813092.305,155712.6286,40,8,0.1913342581,0.002
2019-11-14,industry_diffusion_baseline,8843859.578,155712.6286,40,8,0.1913598612,0.002
2019-11-15,industry_diffusion_baseline,8628873,155712.6286,40,8,0.1902625314,0.002
2019-11-18,industry_diffusion_baseline,8668639.976,35771.08753,40,9,0.1845614727,0.002
2019-11-19,industry_diffusion_baseline,8798508.219,35771.08753,40,9,0.1848528525,0.002
2019-11-20,industry_diffusion_baseline,8749588.803,35771.08753,40,9,0.1852251325,0.002
2019-11-21,industry_diffusion_baseline,8713478.072,35771.08753,40,9,0.1835805619,0.002
2019-11-22,industry_diffusion_baseline,8557031.454,35771.08753,40,9,0.182741798,0.002
2019-11-25,industry_diffusion_baseline,8504528.274,4775.049424,40,9,0.1945145164,0.002
2019-11-26,industry_diffusion_baseline,8568727.911,4775.049424,40,9,0.1950422247,0.002
2019-11-27,industry_diffusion_baseline,8565554.635,4775.049424,40,9,0.1944643581,0.002
2019-11-28,industry_diffusion_baseline,8531355.437,4775.049424,40,9,0.1946342386,0.002
2019-11-29,industry_diffusion_baseline,8450204.476,4775.049424,40,9,0.1939571652,0.002
2019-12-02,industry_diffusion_baseline,8427588.751,55441.74035,40,7,0.2093922014,0.002
2019-12-03,industry_diffusion_baseline,8426230.22,55441.74035,40,7,0.2096089164,0.002
2019-12-04,industry_diffusion_baseline,8376662.606,55441.74035,40,7,0.2093001763,0.002
2019-12-05,industry_diffusion_baseline,8417156.584,55441.74035,40,7,0.2093261617,0.002
2019-12-06,industry_diffusion_baseline,8504644.002,55441.74035,40,7,0.2094912272,0.002
2019-12-09,industry_diffusion_baseline,8601123.965,22492.74444,40,8,0.1818371961,0.002
2019-12-10,industry_diffusion_baseline,8631946.691,22492.74444,40,8,0.1820592184,0.002
2019-12-11,industry_diffusion_baseline,8569666.337,22492.74444,40,8,0.1819879726,0.002
2019-12-12,industry_diffusion_baseline,8527789.043,22492.74444,40,8,0.1814351241,0.002
2019-12-13,industry_diffusion_baseline,8608036.902,22492.74444,40,8,0.1814070158,0.002
2019-12-16,industry_diffusion_baseline,8670994.733,576.741169,40,9,0.2067548115,0.002
2019-12-17,industry_diffusion_baseline,8788375.581,576.741169,40,9,0.2067752616,0.002
2019-12-18,industry_diffusion_baseline,8805480.671,576.741169,40,9,0.2068628944,0.002
2019-12-19,industry_diffusion_baseline,8868829.768,576.741169,40,9,0.2063494027,0.002
2019-12-20,industry_diffusion_baseline,8767062.109,576.741169,40,9,0.2074917177,0.002
2019-12-23,industry_diffusion_baseline,8645506.846,-5.820766091e-11,40,12,0.191076027,0.002
2019-12-24,industry_diffusion_baseline,8791387.895,-5.820766091e-11,40,12,0.1918879437,0.002
2019-12-25,industry_diffusion_baseline,8856743.962,-5.820766091e-11,40,12,0.1915937621,0.002
2019-12-26,industry_diffusion_baseline,8964085.334,-5.820766091e-11,40,12,0.1912593938,0.002
2019-12-27,industry_diffusion_baseline,8929770.833,-5.820766091e-11,40,12,0.1906606459,0.002
2019-12-30,industry_diffusion_baseline,9091495.276,35793.03592,40,16,0.1062745011,0.002
2019-12-31,industry_diffusion_baseline,9108414.334,35793.03592,40,16,0.1057492744,0.002
2020-01-02,industry_diffusion_baseline,9308296.758,35793.03592,40,16,0.1060509536,0.002
2020-01-03,industry_diffusion_baseline,9356087.981,35793.03592,40,16,0.1054583276,0.002
2020-01-06,industry_diffusion_baseline,9463477.792,35793.03592,40,16,0.1060757139,0.002
2020-01-07,industry_diffusion_baseline,9525805.911,87138.24248,40,16,0.104450715,0.002
2020-01-08,industry_diffusion_baseline,9354507.013,87138.24248,40,16,0.1050275,0.002
2020-01-09,industry_diffusion_baseline,9439443.951,87138.24248,40,16,0.1052337383,0.002
2020-01-10,industry_diffusion_baseline,9469076.883,87138.24248,40,16,0.1050991092,0.002
2020-01-13,industry_diffusion_baseline,9556145.648,87138.24248,40,16,0.1046653557,0.002
2020-01-14,industry_diffusion_baseline,9495244.34,53165.19324,40,16,0.1137376002,0.002
2020-01-15,industry_diffusion_baseline,9407595.396,53165.19324,40,16,0.1141061076,0.002
2020-01-16,industry_diffusion_baseline,9412098.52,53165.19324,40,16,0.1134887035,0.002
2020-01-17,industry_diffusion_baseline,9389957.119,53165.19324,40,16,0.1136980226,0.002
2020-01-20,industry_diffusion_baseline,9414789.844,53165.19324,40,16,0.1135240378,0.002
2020-01-21,industry_diffusion_baseline,9211040.117,-2.619344741e-10,40,17,0.1089428323,0.002
2020-01-22,industry_diffusion_baseline,9255727.675,-2.619344741e-10,40,17,0.1096099904,0.002
2020-01-23,industry_diffusion_baseline,8991479.97,-2.619344741e-10,40,17,0.114107134,0.002
2020-02-03,industry_diffusion_baseline,8106504.777,-2.619344741e-10,40,17,0.1145561228,0.002
2020-02-04,industry_diffusion_baseline,8293253.322,-2.619344741e-10,40,17,0.1208346039,0.002
2020-02-05,industry_diffusion_baseline,8633525.627,3919.534082,39,17,0.1241471265,0.002
2020-02-06,industry_diffusion_baseline,8956878.271,3919.534082,39,17,0.1256805188,0.002
2020-02-07,industry_diffusion_baseline,9032752.587,3919.534082,39,17,0.1256431375,0.002
2020-02-10,industry_diffusion_baseline,9215774.339,3919.534082,39,17,0.1246107686,0.002
2020-02-11,industry_diffusion_baseline,9305234.653,3919.534082,39,17,0.1269333153,0.002
2020-02-12,industry_diffusion_baseline,9465414.074,73989.6983,39,14,0.2463816071,0.002
2020-02-13,industry_diffusion_baseline,9196915.981,73989.6983,39,14,0.2460841202,0.002
2020-02-14,industry_diffusion_baseline,9184899.363,73989.6983,39,14,0.2440993123,0.002
2020-02-17,industry_diffusion_baseline,9424881.999,73989.6983,39,14,0.2424699019,0.002
2020-02-18,industry_diffusion_baseline,9660149.151,73989.6983,39,14,0.240267189,0.002
2020-02-19,industry_diffusion_baseline,9547587.805,249071.1488,39,10,0.2789623628,0.002
2020-02-20,industry_diffusion_baseline,9659569.297,249071.1488,39,10,0.2757543803,0.002
2020-02-21,industry_diffusion_baseline,9850412.917,249071.1488,39,10,0.2746618049,0.002
2020-02-24,industry_diffusion_baseline,10157359.74,249071.1488,39,10,0.2812120161,0.002
2020-02-25,industry_diffusion_baseline,10207087.97,249071.1488,39,10,0.2898539736,0.002
2020-02-26,industry_diffusion_baseline,9810658.672,304329.3065,39,7,0.3025002981,0.002
2020-02-27,industry_diffusion_baseline,9763307.575,304329.3065,39,7,0.3034792728,0.002
2020-02-28,industry_diffusion_baseline,9506784.205,304329.3065,39,7,0.3154284123,0.002
2020-03-02,industry_diffusion_baseline,9712243.364,304329.3065,39,7,0.313789016,0.002
2020-03-03,industry_diffusion_baseline,9806340.985,304329.3065,39,7,0.3153374794,0.002
2020-03-04,industry_diffusion_baseline,9823362.742,74476.43257,40,13,0.157865519,0.002
2020-03-05,industry_diffusion_baseline,9920913.144,74476.43257,40,13,0.1584659018,0.002
2020-03-06,industry_diffusion_baseline,9958229.759,74476.43257,40,13,0.1604193764,0.002
2020-03-09,industry_diffusion_baseline,9691958.277,74476.43257,40,13,0.1633638909,0.002
2020-03-10,industry_diffusion_baseline,9847277.421,74476.43257,40,13,0.1633292017,0.002
2020-03-11,industry_diffusion_baseline,9762856.094,346365.4835,40,18,0.124374799,0.002
2020-03-12,industry_diffusion_baseline,9538545.662,346365.4835,40,18,0.1254703194,0.002
2020-03-13,industry_diffusion_baseline,9438558.214,346365.4835,40,18,0.1270087404,0.002
2020-03-16,industry_diffusion_baseline,9046307.248,346365.4835,40,18,0.1258643145,0.002
2020-03-17,industry_diffusion_baseline,8973260.724,346365.4835,40,18,0.1253063662,0.002
2020-03-18,industry_diffusion_baseline,8852932.641,143390.6698,40,19,0.1192031113,0.002
2020-03-19,industry_diffusion_baseline,8920142.831,143390.6698,40,19,0.1174495049,0.002
2020-03-20,industry_diffusion_baseline,9210884.771,143390.6698,40,19,0.1210720219,0.002
2020-03-23,industry_diffusion_baseline,8897476.915,143390.6698,40,19,0.1237731884,0.002
2020-03-24,industry_diffusion_baseline,9204134.083,143390.6698,40,19,0.1281493489,0.002
2020-03-25,industry_diffusion_baseline,9454867.389,97042.27921,40,16,0.2341576684,0.002
2020-03-26,industry_diffusion_baseline,9472517.893,97042.27921,40,16,0.2438208944,0.002
2020-03-27,industry_diffusion_baseline,9458399.18,97042.27921,40,16,0.240056413,0.002
2020-03-30,industry_diffusion_baseline,9322652.453,97042.27921,40,16,0.2443900172,0.002
2020-03-31,industry_diffusion_baseline,9573363.789,97042.27921,40,16,0.2588438714,0.002
2020-04-01,industry_diffusion_baseline,9346871.326,3.783497959e-10,40,13,0.4224565249,0.002
2020-04-02,industry_diffusion_baseline,9351373.665,3.783497959e-10,40,13,0.4186032933,0.002
2020-04-03,industry_diffusion_baseline,9475422.039,3.783497959e-10,40,13,0.424936466,0.002
2020-04-07,industry_diffusion_baseline,9832068.659,3.783497959e-10,40,13,0.4243838665,0.002
2020-04-08,industry_diffusion_baseline,9744753.542,3.783497959e-10,40,13,0.4142006838,0.002
2020-04-09,industry_diffusion_baseline,10012632.01,8.731149137e-11,40,6,0.7294956329,0.002
2020-04-10,industry_diffusion_baseline,9776474.571,8.731149137e-11,40,6,0.7282808626,0.002
2020-04-13,industry_diffusion_baseline,9786503.814,8.731149137e-11,40,6,0.7325532832,0.002
2020-04-14,industry_diffusion_baseline,9886518.072,8.731149137e-11,40,6,0.7322599534,0.002
2020-04-15,industry_diffusion_baseline,9698131.609,8.731149137e-11,40,6,0.7288980324,0.002
2020-04-16,industry_diffusion_baseline,9687623.895,104186.4653,40,10,0.4073898326,0.002
2020-04-17,industry_diffusion_baseline,9638193.892,104186.4653,40,10,0.4058010664,0.002
2020-04-20,industry_diffusion_baseline,9770492.54,104186.4653,40,10,0.3991383562,0.002
2020-04-21,industry_diffusion_baseline,9846345.592,104186.4653,40,10,0.3988585304,0.002
2020-04-22,industry_diffusion_baseline,10160382.93,104186.4653,40,10,0.401058593,0.002
2020-04-23,industry_diffusion_baseline,10177911.05,216369.5973,40,12,0.1925985255,0.002
2020-04-24,industry_diffusion_baseline,9977732.379,470150.0199,39,12,0.2033364502,0.002
2020-04-27,industry_diffusion_baseline,10044415.4,470150.0199,39,12,0.2083710541,0.002
2020-04-28,industry_diffusion_baseline,10028860.77,470150.0199,39,12,0.212616117,0.002
2020-04-29,industry_diffusion_baseline,9798948.096,470150.0199,39,12,0.2105023789,0.002
2020-04-30,industry_diffusion_baseline,9813288.998,633259.2106,38,16,0.1183580025,0.002
2020-05-06,industry_diffusion_baseline,9961240.041,872716.297,37,16,0.1143849917,0.002
2020-05-07,industry_diffusion_baseline,10090226.7,872716.297,37,16,0.1156478298,0.002
2020-05-08,industry_diffusion_baseline,10221213.33,872716.297,37,16,0.1160516829,0.002
2020-05-11,industry_diffusion_baseline,10298907.86,872716.297,37,16,0.1154479291,0.002
2020-05-12,industry_diffusion_baseline,10348826.59,279301.5477,39,18,0.1041070559,0.002
2020-05-13,industry_diffusion_baseline,10514149.67,279301.5477,39,18,0.1054517325,0.002
2020-05-14,industry_diffusion_baseline,10445364.13,279301.5477,39,18,0.1064982034,0.002
2020-05-15,industry_diffusion_baseline,10472079.97,279301.5477,39,18,0.106281287,0.002
2020-05-18,industry_diffusion_baseline,10482810.44,279301.5477,39,18,0.1058279221,0.002
2020-05-19,industry_diffusion_baseline,10604854.35,3.20142135e-10,40,15,0.1148048984,0.002
2020-05-20,industry_diffusion_baseline,10314807.87,3.20142135e-10,40,15,0.1137384822,0.002
2020-05-21,industry_diffusion_baseline,10220820.68,3.20142135e-10,40,15,0.1147117512,0.002
2020-05-22,industry_diffusion_baseline,10007102.24,3.20142135e-10,40,15,0.1143783016,0.002
2020-05-25,industry_diffusion_baseline,10136080.62,3.20142135e-10,40,15,0.1154339973,0.002
2020-05-26,industry_diffusion_baseline,10352887.86,-3.492459655e-10,40,14,0.1768658991,0.002
2020-05-27,industry_diffusion_baseline,10384582.74,-3.492459655e-10,40,14,0.1775474883,0.002
2020-05-28,industry_diffusion_baseline,10427877.48,-3.492459655e-10,40,14,0.1775672205,0.002
2020-05-29,industry_diffusion_baseline,10618811.25,-3.492459655e-10,40,14,0.1788393337,0.002
2020-06-01,industry_diffusion_baseline,10800112.93,-3.492459655e-10,40,14,0.1772764108,0.002
2020-06-02,industry_diffusion_baseline,10627949.74,249165.5775,40,15,0.139177366,0.002
2020-06-03,industry_diffusion_baseline,10605000.52,249165.5775,40,15,0.1403871272,0.002
2020-06-04,industry_diffusion_baseline,10822798.73,249165.5775,40,15,0.1452078826,0.002
2020-06-05,industry_diffusion_baseline,10733437.38,249165.5775,40,15,0.1427103262,0.002
2020-06-08,industry_diffusion_baseline,10590127.58,249165.5775,40,15,0.140748007,0.002
2020-06-09,industry_diffusion_baseline,10642041.95,272316.2738,40,14,0.1362925218,0.002
2020-06-10,industry_diffusion_baseline,10626811.44,272316.2738,40,14,0.1367584582,0.002
2020-06-11,industry_diffusion_baseline,10529513.23,272316.2738,40,14,0.1353384698,0.002
2020-06-12,industry_diffusion_baseline,10489907.28,272316.2738,40,14,0.1356244636,0.002
2020-06-15,industry_diffusion_baseline,10326508.97,272316.2738,40,14,0.1358970611,0.002
2020-06-16,industry_diffusion_baseline,10496502.99,106598.6753,40,17,0.1113056276,0.002
2020-06-17,industry_diffusion_baseline,10511398.54,106598.6753,40,17,0.1106030749,0.002
2020-06-18,industry_diffusion_baseline,10454139.11,361978.8122,39,17,0.1093346686,0.002
2020-06-19,industry_diffusion_baseline,10646017.11,361978.8122,39,17,0.1103834283,0.002
2020-06-22,industry_diffusion_baseline,10674475.12,361978.8122,39,17,0.1101638875,0.002
2020-06-23,industry_diffusion_baseline,10723133.18,354922.847,39,18,0.1002236972,0.002
2020-06-24,industry_diffusion_baseline,10636531.61,354922.847,39,18,0.1005598728,0.002
2020-06-29,industry_diffusion_baseline,10623493.91,354922.847,39,18,0.1000137685,0.002
2020-06-30,industry_diffusion_baseline,10734994.94,354922.847,39,18,0.1008358793,0.002
2020-07-01,industry_diffusion_baseline,10968327.73,354922.847,39,18,0.1045700365,0.002
2020-07-02,industry_diffusion_baseline,11107438.57,307123.8547,39,20,0.1268940611,0.002
2020-07-03,industry_diffusion_baseline,11102812.76,307123.8547,39,20,0.12262098,0.002
2020-07-06,industry_diffusion_baseline,11476612.52,307123.8547,39,20,0.1201290634,0.002
2020-07-07,industry_diffusion_baseline,11633011.63,307123.8547,39,20,0.1219464871,0.002
2020-07-08,industry_diffusion_baseline,11819287.43,307123.8547,39,20,0.1198698815,0.002
2020-07-09,industry_diffusion_baseline,12176832.86,349223.0303,39,21,0.07080565873,0.002
2020-07-10,industry_diffusion_baseline,12310425.05,349223.0303,39,21,0.07139277048,0.002
2020-07-13,industry_diffusion_baseline,12750889.35,349223.0303,39,21,0.0722182504,0.002
2020-07-14,industry_diffusion_baseline,12716977.28,349223.0303,39,21,0.07257503097,0.002
2020-07-15,industry_diffusion_baseline,12406824.73,349223.0303,39,21,0.07494627533,0.002
2020-07-16,industry_diffusion_baseline,11794773.72,37103.116,40,22,0.06612067759,0.002
2020-07-17,industry_diffusion_baseline,11811254.71,37103.116,40,22,0.06582594882,0.002
2020-07-20,industry_diffusion_baseline,12267833.51,37103.116,40,22,0.06421537792,0.002
2020-07-21,industry_diffusion_baseline,12455127.89,37103.116,40,22,0.06454027076,0.002
2020-07-22,industry_diffusion_baseline,12463634.41,37103.116,40,22,0.06477268707,0.002
2020-07-23,industry_diffusion_baseline,12370436.71,116012.4459,40,20,0.06685253601,0.002
2020-07-24,industry_diffusion_baseline,11853609.36,116012.4459,40,20,0.06592659704,0.002
2020-07-27,industry_diffusion_baseline,11868694.63,116012.4459,40,20,0.06566857966,0.002
2020-07-28,industry_diffusion_baseline,11964597.65,116012.4459,40,20,0.0657331236,0.002
2020-07-29,industry_diffusion_baseline,12301123.92,116012.4459,40,20,0.06554015032,0.002
2020-07-30,industry_diffusion_baseline,12344422.72,151675.7149,40,19,0.07633176037,0.002
2020-07-31,industry_diffusion_baseline,12683530.28,151675.7149,40,19,0.0765626813,0.002
2020-08-03,industry_diffusion_baseline,13203218.56,151675.7149,40,19,0.07703950418,0.002
2020-08-04,industry_diffusion_baseline,13048696.76,151675.7149,40,19,0.07637504244,0.002
2020-08-05,industry_diffusion_baseline,13128806.17,151675.7149,40,19,0.07628151454,0.002
2020-08-06,industry_diffusion_baseline,13049662.52,2.910383046e-10,40,20,0.07981548816,0.002
2020-08-07,industry_diffusion_baseline,12808308.45,2.910383046e-10,40,20,0.07992805554,0.002
2020-08-10,industry_diffusion_baseline,12833435.07,394407.675,39,19,0.08454509232,0.002
2020-08-11,industry_diffusion_baseline,12465031.97,394407.675,39,19,0.08399597354,0.002
2020-08-12,industry_diffusion_baseline,12390395.53,394407.675,39,19,0.08446187411,0.002
2020-08-13,industry_diffusion_baseline,12550666.28,412305.6475,39,19,0.09482080364,0.002
2020-08-14,industry_diffusion_baseline,12488436.8,412305.6475,39,19,0.09236223875,0.002
2020-08-17,industry_diffusion_baseline,12760358.99,412305.6475,39,19,0.09265404185,0.002
2020-08-18,industry_diffusion_baseline,12937632.5,412305.6475,39,19,0.09299443765,0.002
2020-08-19,industry_diffusion_baseline,12958847.07,412305.6475,39,19,0.09547183141,0.002
2020-08-20,industry_diffusion_baseline,12587384.72,20912.18771,40,15,0.1095267786,0.002
2020-08-21,industry_diffusion_baseline,12469617.58,20912.18771,40,15,0.1081766485,0.002
2020-08-24,industry_diffusion_baseline,12665909.43,20912.18771,40,15,0.108922626,0.002
2020-08-25,industry_diffusion_baseline,12416594.04,20912.18771,40,15,0.1072804865,0.002
2020-08-26,industry_diffusion_baseline,12002461.32,20912.18771,40,15,0.1056760596,0.002
2020-08-27,industry_diffusion_baseline,12061269.95,102132.8144,40,12,0.1217165718,0.002
2020-08-28,industry_diffusion_baseline,12293141.43,102132.8144,40,12,0.1204632012,0.002
2020-08-31,industry_diffusion_baseline,12375247.63,102132.8144,40,12,0.1196635887,0.002
2020-09-01,industry_diffusion_baseline,12517491.3,102132.8144,40,12,0.1182809201,0.002
2020-09-02,industry_diffusion_baseline,12515964.86,102132.8144,40,12,0.1178881254,0.002
2020-09-03,industry_diffusion_baseline,12441514.58,6.98491931e-10,40,11,0.1385512008,0.002
2020-09-04,industry_diffusion_baseline,12409266.16,6.98491931e-10,40,11,0.1377647662,0.002
2020-09-07,industry_diffusion_baseline,12325181.45,6.98491931e-10,40,11,0.1357812757,0.002
2020-09-08,industry_diffusion_baseline,12472234.39,6.98491931e-10,40,11,0.1323174304,0.002
2020-09-09,industry_diffusion_baseline,12201188.44,6.98491931e-10,40,11,0.1320715529,0.002
2020-09-10,industry_diffusion_baseline,11915213.84,335902.1475,40,8,0.2884525012,0.002
2020-09-11,industry_diffusion_baseline,12069075.97,335902.1475,40,8,0.2936028808,0.002
2020-09-14,industry_diffusion_baseline,12149901.83,335902.1475,40,8,0.2948542548,0.002
2020-09-15,industry_diffusion_baseline,12201479.18,335902.1475,40,8,0.2935809951,0.002
2020-09-16,industry_diffusion_baseline,12063953.81,335902.1475,40,8,0.2917182923,0.002
2020-09-17,industry_diffusion_baseline,11930395.11,54342.90617,40,8,0.2872036833,0.002
2020-09-18,industry_diffusion_baseline,12047900.87,54342.90617,40,8,0.2880324053,0.002
2020-09-21,industry_diffusion_baseline,11897167.03,54342.90617,40,8,0.2867417968,0.002
2020-09-22,industry_diffusion_baseline,11665319.34,54342.90617,40,8,0.289209332,0.002
2020-09-23,industry_diffusion_baseline,11692411.63,54342.90617,40,8,0.2876444077,0.002
2020-09-24,industry_diffusion_baseline,11424843.63,7981.92125,40,5,0.3599667153,0.002
2020-09-25,industry_diffusion_baseline,11340963.57,7981.92125,40,5,0.35958973,0.002
2020-09-28,industry_diffusion_baseline,11364648.86,7981.92125,40,5,0.3613228511,0.002
2020-09-29,industry_diffusion_baseline,11384910.74,7981.92125,40,5,0.3590831782,0.002
2020-09-30,industry_diffusion_baseline,11470238.73,7981.92125,40,5,0.360291193,0.002
2020-10-09,industry_diffusion_baseline,11939257.5,-6.4028427e-10,40,5,0.2497972443,0.002
2020-10-12,industry_diffusion_baseline,12375165.11,-6.4028427e-10,40,5,0.249489488,0.002
2020-10-13,industry_diffusion_baseline,12504287.26,-6.4028427e-10,40,5,0.2484860846,0.002
2020-10-14,industry_diffusion_baseline,12664820.53,-6.4028427e-10,40,5,0.2470644325,0.002
2020-10-15,industry_diffusion_baseline,12535557.21,-6.4028427e-10,40,5,0.2458848827,0.002
2020-10-16,industry_diffusion_baseline,12404509.42,-4.656612873e-10,40,7,0.211561305,0.002
2020-10-19,industry_diffusion_baseline,12395168.19,-4.656612873e-10,40,7,0.2119279716,0.002
2020-10-20,industry_diffusion_baseline,12508221.02,-4.656612873e-10,40,7,0.211466903,0.002
2020-10-21,industry_diffusion_baseline,12391716.98,-4.656612873e-10,40,7,0.2104167952,0.002
2020-10-22,industry_diffusion_baseline,12312374.48,-4.656612873e-10,40,7,0.2102618715,0.002
2020-10-23,industry_diffusion_baseline,12185021.64,2284.709457,40,10,0.157569113,0.002
2020-10-26,industry_diffusion_baseline,12341188.6,2284.709457,40,10,0.1586031198,0.002
2020-10-27,industry_diffusion_baseline,12228769.95,2284.709457,40,10,0.1582344814,0.002
2020-10-28,industry_diffusion_baseline,12314752.6,2284.709457,40,10,0.1589958259,0.002
2020-10-29,industry_diffusion_baseline,12568901.15,2284.709457,40,10,0.1601945024,0.002
2020-10-30,industry_diffusion_baseline,12205481.17,-7.566995919e-10,40,9,0.2288199975,0.002
2020-11-02,industry_diffusion_baseline,12335627.85,-7.566995919e-10,40,9,0.2350778952,0.002
2020-11-03,industry_diffusion_baseline,12370629.22,-7.566995919e-10,40,9,0.2306406405,0.002
2020-11-04,industry_diffusion_baseline,12490081.97,-7.566995919e-10,40,9,0.2362612745,0.002
2020-11-05,industry_diffusion_baseline,12943925.01,-7.566995919e-10,40,9,0.2414033587,0.002
2020-11-06,industry_diffusion_baseline,12723325.71,-3.492459655e-10,40,11,0.1997126651,0.002
2020-11-09,industry_diffusion_baseline,12865430.58,-3.492459655e-10,40,11,0.1972533579,0.002
2020-11-10,industry_diffusion_baseline,12662275.03,-3.492459655e-10,40,11,0.1940902792,0.002
2020-11-11,industry_diffusion_baseline,12363935.42,-3.492459655e-10,40,11,0.187924723,0.002
2020-11-12,industry_diffusion_baseline,12505577.19,-3.492459655e-10,40,11,0.1872120497,0.002
2020-11-13,industry_diffusion_baseline,12474882.59,0,40,10,0.2118131751,0.002
2020-11-16,industry_diffusion_baseline,12736241.09,0,40,10,0.2118313817,0.002
2020-11-17,industry_diffusion_baseline,13007539.09,0,40,10,0.2168802001,0.002
2020-11-18,industry_diffusion_baseline,13080928.13,0,40,10,0.2226280639,0.002
2020-11-19,industry_diffusion_baseline,13001220.83,0,40,10,0.2179340317,0.002
2020-11-20,industry_diffusion_baseline,13524934.3,303068.3873,40,9,0.1605084411,0.002
2020-11-23,industry_diffusion_baseline,14016856.67,303068.3873,40,9,0.1620860082,0.002
2020-11-24,industry_diffusion_baseline,14166221.25,303068.3873,40,9,0.1625815495,0.002
2020-11-25,industry_diffusion_baseline,14087524.79,303068.3873,40,9,0.1657251492,0.002
2020-11-26,industry_diffusion_baseline,13900709.95,303068.3873,40,9,0.1634595003,0.002
2020-11-27,industry_diffusion_baseline,14021922.75,624149.9017,40,9,0.1486369587,0.002
2020-11-30,industry_diffusion_baseline,14011220.41,624149.9017,40,9,0.1481552815,0.002
2020-12-01,industry_diffusion_baseline,14173660.48,624149.9017,40,9,0.1473408595,0.002
2020-12-02,industry_diffusion_baseline,14128311.09,624149.9017,40,9,0.1474108098,0.002
2020-12-03,industry_diffusion_baseline,13858084.11,624149.9017,40,9,0.1476046676,0.002
2020-12-04,industry_diffusion_baseline,14014602.57,476043.3413,40,10,0.1569607692,0.002
2020-12-07,industry_diffusion_baseline,14012141.38,476043.3413,40,10,0.1570084726,0.002
2020-12-08,industry_diffusion_baseline,13984216.02,476043.3413,40,10,0.1558720038,0.002
2020-12-09,industry_diffusion_baseline,13845087.24,476043.3413,40,10,0.1559898432,0.002
2020-12-10,industry_diffusion_baseline,13821110.34,476043.3413,40,10,0.1571697496,0.002
2020-12-11,industry_diffusion_baseline,13816627.05,222835.86,40,12,0.138034223,0.002
2020-12-14,industry_diffusion_baseline,13597392.77,222835.86,40,12,0.1376442223,0.002
2020-12-15,industry_diffusion_baseline,13619342.21,222835.86,40,12,0.1370132389,0.002
2020-12-16,industry_diffusion_baseline,13606541.27,222835.86,40,12,0.136742074,0.002
2020-12-17,industry_diffusion_baseline,13950132.07,222835.86,40,12,0.1385397685,0.002
2020-12-18,industry_diffusion_baseline,13982259.42,26077.76267,40,14,0.1069599992,0.002
2020-12-21,industry_diffusion_baseline,14166773.88,26077.76267,40,14,0.1068530618,0.002
2020-12-22,industry_diffusion_baseline,14220911.22,26077.76267,40,14,0.1086079392,0.002
2020-12-23,industry_diffusion_baseline,14449014.37,26077.76267,40,14,0.1099706451,0.002
2020-12-24,industry_diffusion_baseline,14271543.15,26077.76267,40,14,0.1113128277,0.002
2020-12-25,industry_diffusion_baseline,14297122.07,77339.13371,40,12,0.1502203081,0.002
2020-12-28,industry_diffusion_baseline,14374265.31,77339.13371,40,12,0.1527550675,0.002
2020-12-29,industry_diffusion_baseline,13858802.55,77339.13371,40,12,0.1529361802,0.002
2020-12-30,industry_diffusion_baseline,14198565.75,77339.13371,40,12,0.1542086851,0.002
2020-12-31,industry_diffusion_baseline,14184999.15,77339.13371,40,12,0.1541098975,0.002
2021-01-04,industry_diffusion_baseline,14850582.53,-1.164153218e-10,40,8,0.261666638,0.002
2021-01-05,industry_diffusion_baseline,15448829.16,-1.164153218e-10,40,8,0.2643732922,0.002
2021-01-06,industry_diffusion_baseline,15023805.81,-1.164153218e-10,40,8,0.2682556141,0.002
2021-01-07,industry_diffusion_baseline,15106450.54,-1.164153218e-10,40,8,0.2717738337,0.002
2021-01-08,industry_diffusion_baseline,14657320.44,-1.164153218e-10,40,8,0.2707108757,0.002
2021-01-11,industry_diffusion_baseline,13919296.87,4.656612873e-10,40,7,0.2912804022,0.002
2021-01-12,industry_diffusion_baseline,14425177.93,4.656612873e-10,40,7,0.295799365,0.002
2021-01-13,industry_diffusion_baseline,14258846.95,4.656612873e-10,40,7,0.3005152472,0.002
2021-01-14,industry_diffusion_baseline,13575193.75,4.656612873e-10,40,7,0.2985377045,0.002
2021-01-15,industry_diffusion_baseline,13559076.16,4.656612873e-10,40,7,0.2883825503,0.002
2021-01-18,industry_diffusion_baseline,13736809.97,92331.80401,40,10,0.2888916001,0.002
2021-01-19,industry_diffusion_baseline,13526298.39,92331.80401,40,10,0.2860725906,0.002
2021-01-20,industry_diffusion_baseline,13840536.1,92331.80401,40,10,0.2903318879,0.002
2021-01-21,industry_diffusion_baseline,14134209.27,92331.80401,40,10,0.2933942122,0.002
2021-01-22,industry_diffusion_baseline,14369554.74,92331.80401,40,10,0.3007457225,0.002
2021-01-25,industry_diffusion_baseline,14631576.03,78310.04134,40,10,0.425133416,0.002
2021-01-26,industry_diffusion_baseline,14428100.13,78310.04134,40,10,0.4259847879,0.002
2021-01-27,industry_diffusion_baseline,14473946.03,78310.04134,40,10,0.4319003531,0.002
2021-01-28,industry_diffusion_baseline,14064284.55,78310.04134,40,10,0.4197503207,0.002
2021-01-29,industry_diffusion_baseline,13372023.27,78310.04134,40,10,0.4078150385,0.002
2021-02-01,industry_diffusion_baseline,13212342.36,4.656612873e-10,40,8,0.4070474654,0.002
2021-02-02,industry_diffusion_baseline,13565800.24,4.656612873e-10,40,8,0.4180092398,0.002
2021-02-03,industry_diffusion_baseline,13543224.42,4.656612873e-10,40,8,0.4184638056,0.002
2021-02-04,industry_diffusion_baseline,12772006.92,4.656612873e-10,40,8,0.4063382124,0.002
2021-02-05,industry_diffusion_baseline,12122425.24,4.656612873e-10,40,8,0.3978636267,0.002
2021-02-08,industry_diffusion_baseline,12341452.62,4.656612873e-10,40,10,0.2237743716,0.002
2021-02-09,industry_diffusion_baseline,12724471.4,4.656612873e-10,40,10,0.2278835343,0.002
2021-02-10,industry_diffusion_baseline,12821553.73,4.656612873e-10,40,10,0.2237391527,0.002
2021-02-18,industry_diffusion_baseline,13405033.64,4.656612873e-10,40,10,0.2269453004,0.002
2021-02-19,industry_diffusion_baseline,13425313.21,4.656612873e-10,40,10,0.2170283406,0.002
2021-02-22,industry_diffusion_baseline,13639956.39,-2.328306437e-10,40,11,0.1466126614,0.002
2021-02-23,industry_diffusion_baseline,13471998.9,-2.328306437e-10,40,11,0.1481217385,0.002
2021-02-24,industry_diffusion_baseline,13234568.44,-2.328306437e-10,40,11,0.1473781988,0.002
2021-02-25,industry_diffusion_baseline,13010087.39,-2.328306437e-10,40,11,0.1468912489,0.002
2021-02-26,industry_diffusion_baseline,12779778.65,-2.328306437e-10,40,11,0.1459862567,0.002
2021-03-01,industry_diffusion_baseline,13172207.41,9.313225746e-10,40,14,0.1228883139,0.002
2021-03-02,industry_diffusion_baseline,12991861.06,9.313225746e-10,40,14,0.1224857511,0.002
2021-03-03,industry_diffusion_baseline,13220037.56,9.313225746e-10,40,14,0.1217165065,0.002
2021-03-04,industry_diffusion_baseline,13054585.75,9.313225746e-10,40,14,0.1218505229,0.002
2021-03-05,industry_diffusion_baseline,13097593.55,9.313225746e-10,40,14,0.1206291903,0.002
2021-03-08,industry_diffusion_baseline,12941536.75,284735.3076,40,18,0.09067655476,0.002
2021-03-09,industry_diffusion_baseline,12721112.2,284735.3076,40,18,0.09390590638,0.002
2021-03-10,industry_diffusion_baseline,12529157.39,284735.3076,40,18,0.09314042922,0.002
2021-03-11,industry_diffusion_baseline,12816381.73,284735.3076,40,18,0.09299232631,0.002
2021-03-12,industry_diffusion_baseline,12973321.65,284735.3076,40,18,0.09402309486,0.002
2021-03-15,industry_diffusion_baseline,13120839.88,345009.8336,40,23,0.05988644719,0.002
2021-03-16,industry_diffusion_baseline,13163715.32,345009.8336,40,23,0.06045296099,0.002
2021-03-17,industry_diffusion_baseline,13108260.57,345009.8336,40,23,0.06027985223,0.002
2021-03-18,industry_diffusion_baseline,13067779.78,345009.8336,40,23,0.06005239646,0.002
2021-03-19,industry_diffusion_baseline,12908018.56,345009.8336,40,23,0.06037098329,0.002
2021-03-22,industry_diffusion_baseline,13120483.62,381709.5386,40,21,0.07064200657,0.002
2021-03-23,industry_diffusion_baseline,12891631.51,381709.5386,40,21,0.07037578753,0.002
2021-03-24,industry_diffusion_baseline,12697961.19,381709.5386,40,21,0.07106741984,0.002
2021-03-25,industry_diffusion_baseline,12667447.19,381709.5386,40,21,0.07115370079,0.002
2021-03-26,industry_diffusion_baseline,12791296.05,381709.5386,40,21,0.07093990519,0.002
2021-03-29,industry_diffusion_baseline,12896360.27,0,40,19,0.1172646532,0.002
2021-03-30,industry_diffusion_baseline,12926079.06,0,40,19,0.1172993233,0.002
2021-03-31,industry_diffusion_baseline,12930257.43,0,40,19,0.1176224344,0.002
2021-04-01,industry_diffusion_baseline,12998599.29,0,40,19,0.1209519251,0.002
2021-04-02,industry_diffusion_baseline,12924193.41,0,40,19,0.120799882,0.002
2021-04-06,industry_diffusion_baseline,13026121.88,53828.99102,40,16,0.2335787411,0.002
2021-04-07,industry_diffusion_baseline,13393405.96,53828.99102,40,16,0.2439223482,0.002
2021-04-08,industry_diffusion_baseline,13376058.2,53828.99102,40,16,0.2465866801,0.002
2021-04-09,industry_diffusion_baseline,13483896.36,53828.99102,40,16,0.2478375907,0.002
2021-04-12,industry_diffusion_baseline,13603286.68,53828.99102,40,16,0.2551862691,0.002
2021-04-13,industry_diffusion_baseline,13345524.58,4.074536264e-10,40,13,0.2544286232,0.002
2021-04-14,industry_diffusion_baseline,13569738.09,4.074536264e-10,40,13,0.257495369,0.002
2021-04-15,industry_diffusion_baseline,13462510.73,4.074536264e-10,40,13,0.2543914097,0.002
2021-04-16,industry_diffusion_baseline,13621851.69,4.074536264e-10,40,13,0.2500130996,0.002
2021-04-19,industry_diffusion_baseline,13633670.94,4.074536264e-10,40,13,0.2451469787,0.002
2021-04-20,industry_diffusion_baseline,13745232.48,-3.492459655e-10,40,13,0.1948662898,0.002
2021-04-21,industry_diffusion_baseline,13639374.51,-3.492459655e-10,40,13,0.1928055261,0.002
2021-04-22,industry_diffusion_baseline,13763256.16,-3.492459655e-10,40,13,0.1975798678,0.002
2021-04-23,industry_diffusion_baseline,13910453.96,-3.492459655e-10,40,13,0.2001455173,0.002
2021-04-26,industry_diffusion_baseline,13680370.03,-3.492459655e-10,40,13,0.1972877578,0.002
2021-04-27,industry_diffusion_baseline,13634096.24,67308.26444,40,12,0.1316812235,0.002
2021-04-28,industry_diffusion_baseline,13730048.51,67308.26444,40,12,0.1319553333,0.002
2021-04-29,industry_diffusion_baseline,13628775.04,67308.26444,40,12,0.1308644157,0.002
2021-04-30,industry_diffusion_baseline,13511298.44,67308.26444,40,12,0.1313457619,0.002
2021-05-06,industry_diffusion_baseline,13686664.58,67308.26444,40,12,0.1335782197,0.002
2021-05-07,industry_diffusion_baseline,13663312.77,154206.5166,40,16,0.1121910912,0.002
2021-05-10,industry_diffusion_baseline,13954474,154206.5166,40,16,0.1121112565,0.002
2021-05-11,industry_diffusion_baseline,14031466.58,154206.5166,40,16,0.1126532504,0.002
2021-05-12,industry_diffusion_baseline,14198946.44,154206.5166,40,16,0.1121186552,0.002
2021-05-13,industry_diffusion_baseline,14169711.5,154206.5166,40,16,0.1134945277,0.002
2021-05-14,industry_diffusion_baseline,14380934.22,1.047737896e-09,40,12,0.1727644531,0.002
2021-05-17,industry_diffusion_baseline,14366015.72,1.047737896e-09,40,12,0.1703965232,0.002
2021-05-18,industry_diffusion_baseline,14596305.91,1.047737896e-09,40,12,0.1728404458,0.002
2021-05-19,industry_diffusion_baseline,14512686.43,1.047737896e-09,40,12,0.1715104242,0.002
2021-05-20,industry_diffusion_baseline,14345002.71,1.047737896e-09,40,12,0.172431844,0.002
2021-05-21,industry_diffusion_baseline,14466872.02,199618.7257,40,10,0.2250738974,0.002
2021-05-24,industry_diffusion_baseline,14613579.06,199618.7257,40,10,0.2259350399,0.002
2021-05-25,industry_diffusion_baseline,14803355.04,199618.7257,40,10,0.2247130771,0.002
2021-05-26,industry_diffusion_baseline,14971761.53,532168.3017,39,10,0.228123973,0.002
2021-05-27,industry_diffusion_baseline,14982633.3,532168.3017,39,10,0.2263116454,0.002
2021-05-28,industry_diffusion_baseline,15083637.8,424932.9324,39,14,0.1809257615,0.002
2021-05-31,industry_diffusion_baseline,15282529.88,424932.9324,39,14,0.184534465,0.002
2021-06-01,industry_diffusion_baseline,15287859.36,424932.9324,39,14,0.1781893544,0.002
2021-06-02,industry_diffusion_baseline,15128910.59,424932.9324,39,14,0.1758536773,0.002
2021-06-03,industry_diffusion_baseline,15079732.6,424932.9324,39,14,0.175358841,0.002
2021-06-04,industry_diffusion_baseline,15364320.83,7.566995919e-10,40,11,0.1806758436,0.002
2021-06-07,industry_diffusion_baseline,15568319.2,7.566995919e-10,40,11,0.1805127143,0.002
2021-06-08,industry_diffusion_baseline,14940112.66,7.566995919e-10,40,11,0.1771696621,0.002
2021-06-09,industry_diffusion_baseline,14932802.88,7.566995919e-10,40,11,0.1776238004,0.002
2021-06-10,industry_diffusion_baseline,15036062.66,7.566995919e-10,40,11,0.1790793749,0.002
2021-06-11,industry_diffusion_baseline,14719039.53,84114.35226,40,11,0.135412875,0.002
2021-06-15,industry_diffusion_baseline,14468906.14,84114.35226,40,11,0.1346092165,0.002
2021-06-16,industry_diffusion_baseline,14055575.12,84114.35226,40,11,0.1327113171,0.002
2021-06-17,industry_diffusion_baseline,14276903.85,84114.35226,40,11,0.1333444669,0.002
2021-06-18,industry_diffusion_baseline,14526575.5,84114.35226,40,11,0.1349329539,0.002
2021-06-21,industry_diffusion_baseline,14577409.48,179245.3437,40,16,0.1005783043,0.002
2021-06-22,industry_diffusion_baseline,14560107.55,179245.3437,40,16,0.1009327201,0.002
2021-06-23,industry_diffusion_baseline,14511953.24,179245.3437,40,16,0.09995034075,0.002
2021-06-24,industry_diffusion_baseline,14354587.97,179245.3437,40,16,0.100430957,0.002
2021-06-25,industry_diffusion_baseline,14505716.71,179245.3437,40,16,0.1012790191,0.002
2021-06-28,industry_diffusion_baseline,14488201.83,61810.41915,40,15,0.1084076411,0.002
2021-06-29,industry_diffusion_baseline,14316370.45,61810.41915,40,15,0.1077028625,0.002
2021-06-30,industry_diffusion_baseline,14377616.18,61810.41915,40,15,0.1079322538,0.002
2021-07-01,industry_diffusion_baseline,14004156.39,61810.41915,40,15,0.1076823905,0.002
2021-07-02,industry_diffusion_baseline,13851090.4,61810.41915,40,15,0.1074389102,0.002
2021-07-05,industry_diffusion_baseline,14021516.19,2.328306437e-10,40,14,0.1327120309,0.002
2021-07-06,industry_diffusion_baseline,14083507.27,2.328306437e-10,40,14,0.1317857167,0.002
2021-07-07,industry_diffusion_baseline,14225704.07,2.328306437e-10,40,14,0.1318346589,0.002
2021-07-08,industry_diffusion_baseline,14320225.48,2.328306437e-10,40,14,0.1327122656,0.002
2021-07-09,industry_diffusion_baseline,14353472.1,2.328306437e-10,40,14,0.1323258652,0.002
2021-07-12,industry_diffusion_baseline,14523668.57,220370.9684,40,14,0.1270845566,0.002
2021-07-13,industry_diffusion_baseline,14455127.68,220370.9684,40,14,0.1242395123,0.002
2021-07-14,industry_diffusion_baseline,14284311.17,220370.9684,40,14,0.1238708254,0.002
2021-07-15,industry_diffusion_baseline,14243539.21,220370.9684,40,14,0.1233072697,0.002
2021-07-16,industry_diffusion_baseline,14331166.85,220370.9684,40,14,0.1231251969,0.002
2021-07-19,industry_diffusion_baseline,14215005.76,163134.8085,40,13,0.1255777051,0.002
2021-07-20,industry_diffusion_baseline,14204052.67,163134.8085,40,13,0.1260940122,0.002
2021-07-21,industry_diffusion_baseline,14619630.08,163134.8085,40,13,0.1276803423,0.002
2021-07-22,industry_diffusion_baseline,14951551.11,163134.8085,40,13,0.1291717801,0.002
2021-07-23,industry_diffusion_baseline,14741318.5,163134.8085,40,13,0.128382721,0.002
2021-07-26,industry_diffusion_baseline,14881277.49,2.328306437e-10,40,10,0.149015749,0.002
2021-07-27,industry_diffusion_baseline,14363152.27,2.328306437e-10,40,10,0.1507731279,0.002
2021-07-28,industry_diffusion_baseline,14036501.75,2.328306437e-10,40,10,0.1512972151,0.002
2021-07-29,industry_diffusion_baseline,14734189.07,2.328306437e-10,40,10,0.1520275996,0.002
2021-07-30,industry_diffusion_baseline,15091485.71,2.328306437e-10,40,10,0.1533397828,0.002
2021-08-02,industry_diffusion_baseline,14941286.42,47126.49565,40,9,0.1384869384,0.002
2021-08-03,industry_diffusion_baseline,14368687.7,47126.49565,40,9,0.136825552,0.002
2021-08-04,industry_diffusion_baseline,14908810.63,47126.49565,40,9,0.1378321643,0.002
2021-08-05,industry_diffusion_baseline,14686041.07,47126.49565,40,9,0.1370619765,0.002
2021-08-06,industry_diffusion_baseline,15140097.44,47126.49565,40,9,0.137821876,0.002
2021-08-09,industry_diffusion_baseline,15099647.55,249957.2921,40,9,0.1541302144,0.002
2021-08-10,industry_diffusion_baseline,15067176.65,249957.2921,40,9,0.154931217,0.002
2021-08-11,industry_diffusion_baseline,15301509.48,249957.2921,40,9,0.1554495612,0.002
2021-08-12,industry_diffusion_baseline,15490382.68,249957.2921,40,9,0.1550434015,0.002
2021-08-13,industry_diffusion_baseline,15770760.28,249957.2921,40,9,0.1545909311,0.002
2021-08-16,industry_diffusion_baseline,15267978.14,293136.0843,40,11,0.1400681658,0.002
2021-08-17,industry_diffusion_baseline,15179747.03,293136.0843,40,11,0.1406100911,0.002
2021-08-18,industry_diffusion_baseline,15427757.74,293136.0843,40,11,0.1399734577,0.002
2021-08-19,industry_diffusion_baseline,15451181.85,293136.0843,40,11,0.1391254268,0.002
2021-08-20,industry_diffusion_baseline,15606932.39,293136.0843,40,11,0.1377102736,0.002
2021-08-23,industry_diffusion_baseline,16073606.26,81595.16695,40,12,0.141075228,0.002
2021-08-24,industry_diffusion_baseline,16342542.22,81595.16695,40,12,0.1408295465,0.002
2021-08-25,industry_diffusion_baseline,16417716.98,81595.16695,40,12,0.1399053073,0.002
2021-08-26,industry_diffusion_baseline,16543614.14,81595.16695,40,12,0.1394137593,0.002
2021-08-27,industry_diffusion_baseline,16566355.88,81595.16695,40,12,0.1393483422,0.002
2021-08-30,industry_diffusion_baseline,16674345.99,-3.492459655e-10,40,12,0.1568011615,0.002
2021-08-31,industry_diffusion_baseline,16604334.52,-3.492459655e-10,40,12,0.1558632952,0.002
2021-09-01,industry_diffusion_baseline,16213926.12,-3.492459655e-10,40,12,0.1542475089,0.002
2021-09-02,industry_diffusion_baseline,16609512.48,-3.492459655e-10,40,12,0.1546751387,0.002
2021-09-03,industry_diffusion_baseline,16299970.24,-3.492459655e-10,40,12,0.1534935026,0.002
2021-09-06,industry_diffusion_baseline,16427334.1,-5.820766091e-10,40,12,0.1325605108,0.002
2021-09-07,industry_diffusion_baseline,16843471.17,-5.820766091e-10,40,12,0.132453551,0.002
2021-09-08,industry_diffusion_baseline,16693168.99,-5.820766091e-10,40,12,0.1300109821,0.002
2021-09-09,industry_diffusion_baseline,17377578.21,-5.820766091e-10,40,12,0.1301925909,0.002
2021-09-10,industry_diffusion_baseline,17176063.95,-5.820766091e-10,40,12,0.1311991256,0.002
2021-09-13,industry_diffusion_baseline,17257808.86,242662.2527,40,11,0.131355014,0.002
2021-09-14,industry_diffusion_baseline,16949977.21,242662.2527,40,11,0.1319304022,0.002
2021-09-15,industry_diffusion_baseline,17156290.44,242662.2527,40,11,0.1330052218,0.002
2021-09-16,industry_diffusion_baseline,17084236.03,242662.2527,40,11,0.1335636349,0.002
2021-09-17,industry_diffusion_baseline,16985366.31,242662.2527,40,11,0.1346689307,0.002
2021-09-22,industry_diffusion_baseline,17241295.14,351819.0423,40,12,0.1189741797,0.002
2021-09-23,industry_diffusion_baseline,17454277,351819.0423,40,12,0.1196768646,0.002
2021-09-24,industry_diffusion_baseline,16814700.13,351819.0423,40,12,0.1185901221,0.002
2021-09-27,industry_diffusion_baseline,16086791.49,351819.0423,40,12,0.1178965519,0.002
2021-09-28,industry_diffusion_baseline,16341313.67,351819.0423,40,12,0.1172575125,0.002
2021-09-29,industry_diffusion_baseline,15842617.77,331118.0798,40,13,0.1204679455,0.002
2021-09-30,industry_diffusion_baseline,16097561.18,331118.0798,40,13,0.1195802641,0.002
2021-10-08,industry_diffusion_baseline,16590387.86,331118.0798,40,13,0.1181355836,0.002
2021-10-11,industry_diffusion_baseline,16677349.55,331118.0798,40,13,0.118903088,0.002
2021-10-12,industry_diffusion_baseline,16488492.75,331118.0798,40,13,0.118777251,0.002
2021-10-13,industry_diffusion_baseline,16143457.9,5.820766091e-11,40,13,0.1372351791,0.002
2021-10-14,industry_diffusion_baseline,16043918.11,5.820766091e-11,40,13,0.1353554362,0.002
2021-10-15,industry_diffusion_baseline,15755613.45,5.820766091e-11,40,13,0.1340970581,0.002
2021-10-18,industry_diffusion_baseline,16148783.81,5.820766091e-11,40,13,0.1336291966,0.002
2021-10-19,industry_diffusion_baseline,16476302.53,5.820766091e-11,40,13,0.1367110169,0.002
2021-10-20,industry_diffusion_baseline,16197807.02,-2.910383046e-10,41,11,0.2180247266,0.002
2021-10-21,industry_diffusion_baseline,16012621.8,389009.2402,40,10,0.227497949,0.002
2021-10-22,industry_diffusion_baseline,15774570.67,389009.2402,40,10,0.2292579935,0.002
2021-10-25,industry_diffusion_baseline,15817223.25,389009.2402,40,10,0.2277821722,0.002
2021-10-26,industry_diffusion_baseline,15606521.61,389009.2402,40,10,0.2291553748,0.002
2021-10-27,industry_diffusion_baseline,15593074.86,203460.0424,40,7,0.3783167528,0.002
2021-10-28,industry_diffusion_baseline,15307426.11,203460.0424,40,7,0.3768063997,0.002
2021-10-29,industry_diffusion_baseline,15537795.04,203460.0424,40,7,0.3775216679,0.002
2021-11-01,industry_diffusion_baseline,15624257.95,203460.0424,40,7,0.3770148344,0.002
2021-11-02,industry_diffusion_baseline,15519491.08,203460.0424,40,7,0.3807220063,0.002
2021-11-03,industry_diffusion_baseline,15950979.91,219347.876,40,9,0.2783452053,0.002
2021-11-04,industry_diffusion_baseline,16414653.09,219347.876,40,9,0.283845218,0.002
2021-11-05,industry_diffusion_baseline,16086849.07,219347.876,40,9,0.281014052,0.002
2021-11-08,industry_diffusion_baseline,16034968.22,219347.876,40,9,0.2797317003,0.002
2021-11-09,industry_diffusion_baseline,16138744.93,219347.876,40,9,0.2779523696,0.002
2021-11-10,industry_diffusion_baseline,15996748.06,236672.4857,40,11,0.1735366472,0.002
2021-11-11,industry_diffusion_baseline,16086772.37,236672.4857,40,11,0.1728745612,0.002
2021-11-12,industry_diffusion_baseline,16211918.83,236672.4857,40,11,0.1726198349,0.002
2021-11-15,industry_diffusion_baseline,16168070.28,236672.4857,40,11,0.173050213,0.002
2021-11-16,industry_diffusion_baseline,15946469.79,236672.4857,40,11,0.1719295929,0.002
2021-11-17,industry_diffusion_baseline,16182233.52,42872.02479,40,13,0.121766029,0.002
2021-11-18,industry_diffusion_baseline,16278242.98,42872.02479,40,13,0.1222061001,0.002
2021-11-19,industry_diffusion_baseline,16365142.45,42872.02479,40,13,0.1212940864,0.002
2021-11-22,industry_diffusion_baseline,16594455.14,42872.02479,40,13,0.120159556,0.002
2021-11-23,industry_diffusion_baseline,16532038.1,42872.02479,40,13,0.1200961868,0.002
2021-11-24,industry_diffusion_baseline,16395284.41,-2.910383046e-10,40,15,0.124535618,0.002
2021-11-25,industry_diffusion_baseline,16299150.69,-2.910383046e-10,40,15,0.1251622177,0.002
2021-11-26,industry_diffusion_baseline,16209577.65,-2.910383046e-10,40,15,0.1238389481,0.002
2021-11-29,industry_diffusion_baseline,16136137.68,-2.910383046e-10,40,15,0.1242846669,0.002
2021-11-30,industry_diffusion_baseline,16433974.81,-2.910383046e-10,40,15,0.1276593347,0.002
2021-12-01,industry_diffusion_baseline,16533025.86,68694.14973,40,18,0.09194685322,0.002
2021-12-02,industry_diffusion_baseline,16364048,68694.14973,40,18,0.09122386323,0.002
2021-12-03,industry_diffusion_baseline,16431922.38,68694.14973,40,18,0.09195410252,0.002
2021-12-06,industry_diffusion_baseline,16122561.77,68694.14973,40,18,0.09176557407,0.002
2021-12-07,industry_diffusion_baseline,15851636.35,68694.14973,40,18,0.09013189464,0.002
2021-12-08,industry_diffusion_baseline,16076188.48,164805.461,40,19,0.08095297496,0.002
2021-12-09,industry_diffusion_baseline,16289602.81,164805.461,40,19,0.08099224408,0.002
2021-12-10,industry_diffusion_baseline,16376970.77,164805.461,40,19,0.0812122117,0.002
2021-12-13,industry_diffusion_baseline,16476139.85,164805.461,40,19,0.08024194062,0.002
2021-12-14,industry_diffusion_baseline,16363803.84,164805.461,40,19,0.07936466119,0.002
2021-12-15,industry_diffusion_baseline,16219385.62,85592.07578,40,20,0.08233645722,0.002
2021-12-16,industry_diffusion_baseline,16413649.43,85592.07578,40,20,0.08235731035,0.002
2021-12-17,industry_diffusion_baseline,16310871.26,85592.07578,40,20,0.08165078127,0.002
2021-12-20,industry_diffusion_baseline,16136849.54,85592.07578,40,20,0.08266367301,0.002
2021-12-21,industry_diffusion_baseline,16349251.54,85592.07578,40,20,0.08174706835,0.002
2021-12-22,industry_diffusion_baseline,16337357.26,60342.02057,40,17,0.09626962932,0.002
2021-12-23,industry_diffusion_baseline,16348094.2,60342.02057,40,17,0.0968126281,0.002
2021-12-24,industry_diffusion_baseline,15899470.04,60342.02057,40,17,0.09518492238,0.002
2021-12-27,industry_diffusion_baseline,15784282.61,60342.02057,40,17,0.09461060914,0.002
2021-12-28,industry_diffusion_baseline,15944898.89,60342.02057,40,17,0.09475697885,0.002
2021-12-29,industry_diffusion_baseline,15893708.92,132481.0261,40,17,0.08089497213,0.002
2021-12-30,industry_diffusion_baseline,16132494.79,132481.0261,40,17,0.08041897679,0.002
2021-12-31,industry_diffusion_baseline,16312719.73,132481.0261,40,17,0.07982976501,0.002
2022-01-04,industry_diffusion_baseline,16678976.72,132481.0261,40,17,0.07932361839,0.002
2022-01-05,industry_diffusion_baseline,16718595.58,132481.0261,40,17,0.07975350219,0.002
2022-01-06,industry_diffusion_baseline,17068508.1,3.492459655e-10,40,17,0.07546363295,0.002
2022-01-07,industry_diffusion_baseline,16938198.07,3.492459655e-10,40,17,0.07598047391,0.002
2022-01-10,industry_diffusion_baseline,16898369.54,3.492459655e-10,40,17,0.07579943464,0.002
2022-01-11,industry_diffusion_baseline,16891660.46,3.492459655e-10,40,17,0.07563822098,0.002
2022-01-12,industry_diffusion_baseline,17032229.55,3.492459655e-10,40,17,0.07420321627,0.002
2022-01-13,industry_diffusion_baseline,16821111.39,1.164153218e-10,40,13,0.0989643697,0.002
2022-01-14,industry_diffusion_baseline,16551974.24,1.164153218e-10,40,13,0.09816289826,0.002
2022-01-17,industry_diffusion_baseline,16843969.08,1.164153218e-10,40,13,0.0981272895,0.002
2022-01-18,industry_diffusion_baseline,16582814.85,1.164153218e-10,40,13,0.0998462319,0.002
2022-01-19,industry_diffusion_baseline,17006507.14,1.164153218e-10,40,13,0.1018193182,0.002
2022-01-20,industry_diffusion_baseline,16744469.77,306346.8005,40,12,0.1408997816,0.002
2022-01-21,industry_diffusion_baseline,16524336.35,306346.8005,40,12,0.141933283,0.002
2022-01-24,industry_diffusion_baseline,16582912.64,306346.8005,40,12,0.1455031199,0.002
2022-01-25,industry_diffusion_baseline,15971528.42,306346.8005,40,12,0.1486052104,0.002
2022-01-26,industry_diffusion_baseline,15940760.31,306346.8005,40,12,0.145263626,0.002
2022-01-27,industry_diffusion_baseline,15264151.47,502716.5655,40,10,0.1761733299,0.002
2022-01-28,industry_diffusion_baseline,15612612.81,502716.5655,40,10,0.1813937553,0.002
2022-02-07,industry_diffusion_baseline,15878532.3,502716.5655,40,10,0.178403413,0.002
2022-02-08,industry_diffusion_baseline,16383605.51,502716.5655,40,10,0.1793458949,0.002
2022-02-09,industry_diffusion_baseline,16683370.69,502716.5655,40,10,0.1770703895,0.002
2022-02-10,industry_diffusion_baseline,17009863.97,326009.5604,40,9,0.2041620847,0.002
2022-02-11,industry_diffusion_baseline,16925660.77,326009.5604,40,9,0.2051075284,0.002
2022-02-14,industry_diffusion_baseline,17287291.86,326009.5604,40,9,0.2109868949,0.002
2022-02-15,industry_diffusion_baseline,16858339.52,326009.5604,40,9,0.2033738048,0.002
2022-02-16,industry_diffusion_baseline,17052400.22,326009.5604,40,9,0.2016210708,0.002
2022-02-17,industry_diffusion_baseline,16605690.41,-3.492459655e-10,40,7,0.2389955917,0.002
2022-02-18,industry_diffusion_baseline,16784602.75,-3.492459655e-10,40,7,0.2369289445,0.002
2022-02-21,industry_diffusion_baseline,16932039.89,-3.492459655e-10,40,7,0.2376366337,0.002
2022-02-22,industry_diffusion_baseline,16660367.21,-3.492459655e-10,40,7,0.238465118,0.002
2022-02-23,industry_diffusion_baseline,16541963.69,-3.492459655e-10,40,7,0.2372043242,0.002
2022-02-24,industry_diffusion_baseline,15961661.45,188759.7022,40,10,0.1425080864,0.002
2022-02-25,industry_diffusion_baseline,16095511.96,188759.7022,40,10,0.1425574397,0.002
2022-02-28,industry_diffusion_baseline,16183395.13,188759.7022,40,10,0.1438309806,0.002
2022-03-01,industry_diffusion_baseline,16288494.79,188759.7022,40,10,0.1428357171,0.002
2022-03-02,industry_diffusion_baseline,16366163.98,188759.7022,40,10,0.1426596766,0.002
2022-03-03,industry_diffusion_baseline,16408644.22,189507.3619,40,14,0.1047694947,0.002
2022-03-04,industry_diffusion_baseline,16170511.46,189507.3619,40,14,0.1052872194,0.002
2022-03-07,industry_diffusion_baseline,15972224.91,189507.3619,40,14,0.1044319781,0.002
2022-03-08,industry_diffusion_baseline,15170893.94,189507.3619,40,14,0.102883301,0.002
2022-03-09,industry_diffusion_baseline,15008417.94,189507.3619,40,14,0.1027984662,0.002
2022-03-10,industry_diffusion_baseline,15375869.18,266919.4071,40,12,0.1959020897,0.002
2022-03-11,industry_diffusion_baseline,15342218.26,266919.4071,40,12,0.1957231517,0.002
2022-03-14,industry_diffusion_baseline,14839371.55,266919.4071,40,12,0.195442091,0.002
2022-03-15,industry_diffusion_baseline,13947249.15,266919.4071,40,12,0.1916563434,0.002
2022-03-16,industry_diffusion_baseline,14445876.31,266919.4071,40,12,0.1880741254,0.002
2022-03-17,industry_diffusion_baseline,14772995.44,211194.7861,40,10,0.1932763891,0.002
2022-03-18,industry_diffusion_baseline,15119608.18,211194.7861,40,10,0.1955043344,0.002
2022-03-21,industry_diffusion_baseline,15436377.87,211194.7861,40,10,0.1970437769,0.002
2022-03-22,industry_diffusion_baseline,15592464.16,211194.7861,40,10,0.1972723953,0.002
2022-03-23,industry_diffusion_baseline,15488391.26,211194.7861,40,10,0.1966612248,0.002
2022-03-24,industry_diffusion_baseline,15651951.68,32314.90462,40,9,0.2259749299,0.002
2022-03-25,industry_diffusion_baseline,15615916.65,32314.90462,40,9,0.225635598,0.002
2022-03-28,industry_diffusion_baseline,15570388.88,32314.90462,40,9,0.2275878996,0.002
2022-03-29,industry_diffusion_baseline,15604464.44,32314.90462,40,9,0.2289463592,0.002
2022-03-30,industry_diffusion_baseline,15609596.43,32314.90462,40,9,0.2249699142,0.002
2022-03-31,industry_diffusion_baseline,15731919.79,5.820766091e-10,40,6,0.2254225941,0.002
2022-04-01,industry_diffusion_baseline,15552202.03,5.820766091e-10,40,6,0.2263106287,0.002
2022-04-06,industry_diffusion_baseline,15536478.71,5.820766091e-10,40,6,0.224530653,0.002
2022-04-07,industry_diffusion_baseline,15160100.84,5.820766091e-10,40,6,0.2273385362,0.002
2022-04-08,industry_diffusion_baseline,15055634.61,5.820766091e-10,40,6,0.2290925435,0.002
2022-04-11,industry_diffusion_baseline,14837242.13,3.492459655e-10,41,7,0.1761992926,0.002
2022-04-12,industry_diffusion_baseline,15105356.49,3.492459655e-10,41,7,0.1761067825,0.002
2022-04-13,industry_diffusion_baseline,14881217.57,3.492459655e-10,41,7,0.1752838432,0.002
2022-04-14,industry_diffusion_baseline,15094512.15,3.492459655e-10,41,7,0.174418095,0.002
2022-04-15,industry_diffusion_baseline,14995557.44,3.492459655e-10,41,7,0.1743942921,0.002
2022-04-18,industry_diffusion_baseline,14831017.72,4.656612873e-10,41,9,0.1569074958,0.002
2022-04-19,industry_diffusion_baseline,14996157,4.656612873e-10,41,9,0.1584756173,0.002
2022-04-20,industry_diffusion_baseline,14939687.69,4.656612873e-10,41,9,0.1578691108,0.002
2022-04-21,industry_diffusion_baseline,14510707.43,4.656612873e-10,41,9,0.1586039682,0.002
2022-04-22,industry_diffusion_baseline,14153941.84,4.656612873e-10,41,9,0.1580645367,0.002
2022-04-25,industry_diffusion_baseline,13118428.57,377975.2152,40,8,0.1894609072,0.002
2022-04-26,industry_diffusion_baseline,12777663.49,377975.2152,40,8,0.1909664854,0.002
2022-04-27,industry_diffusion_baseline,12867359.75,377975.2152,40,8,0.1887196383,0.002
2022-04-28,industry_diffusion_baseline,12671365.58,715570.8616,39,8,0.1942267364,0.002
2022-04-29,industry_diffusion_baseline,12892883.66,715570.8616,39,8,0.1921211486,0.002
2022-05-05,industry_diffusion_baseline,12972609.4,208100.9684,40,8,0.171226816,0.002
2022-05-06,industry_diffusion_baseline,12614193.78,208100.9684,40,8,0.172227196,0.002
2022-05-09,industry_diffusion_baseline,12651769.48,208100.9684,40,8,0.172342755,0.002
2022-05-10,industry_diffusion_baseline,12667226.66,208100.9684,40,8,0.1726792457,0.002
2022-05-11,industry_diffusion_baseline,12647441.24,462607.5458,39,8,0.1771861153,0.002
2022-05-12,industry_diffusion_baseline,12705827.6,56531.39883,40,10,0.1750722646,0.002
2022-05-13,industry_diffusion_baseline,12893425.73,56531.39883,40,10,0.176036016,0.002
2022-05-16,industry_diffusion_baseline,12975106.83,56531.39883,40,10,0.1760132844,0.002
2022-05-17,industry_diffusion_baseline,12922392.6,56531.39883,40,10,0.1754506259,0.002
2022-05-18,industry_diffusion_baseline,12905867.42,56531.39883,40,10,0.1749117954,0.002
2022-05-19,industry_diffusion_baseline,12994066,-5.820766091e-11,40,10,0.1431660988,0.002
2022-05-20,industry_diffusion_baseline,13297396.43,-5.820766091e-11,40,10,0.1426927598,0.002
2022-05-23,industry_diffusion_baseline,13474678.12,-5.820766091e-11,40,10,0.1428537975,0.002
2022-05-24,industry_diffusion_baseline,13097168.36,-5.820766091e-11,40,10,0.1422609651,0.002
2022-05-25,industry_diffusion_baseline,13355663.33,-5.820766091e-11,40,10,0.1453655227,0.002
2022-05-26,industry_diffusion_baseline,13369156.94,230234.5751,40,13,0.1034759532,0.002
2022-05-27,industry_diffusion_baseline,13444807.05,230234.5751,40,13,0.1033819028,0.002
2022-05-30,industry_diffusion_baseline,13550535.09,230234.5751,40,13,0.1036283408,0.002
2022-05-31,industry_diffusion_baseline,13621849.29,230234.5751,40,13,0.1044380402,0.002
2022-06-01,industry_diffusion_baseline,13801401.84,230234.5751,40,13,0.1047835391,0.002
2022-06-02,industry_diffusion_baseline,13948473.3,283563.9564,40,20,0.06925845282,0.002
2022-06-06,industry_diffusion_baseline,14135548.08,283563.9564,40,20,0.0696007673,0.002
2022-06-07,industry_diffusion_baseline,13940958.36,283563.9564,40,20,0.06906225521,0.002
2022-06-08,industry_diffusion_baseline,14113567.07,283563.9564,40,20,0.06999562513,0.002
2022-06-09,industry_diffusion_baseline,13847441.62,283563.9564,40,20,0.06962501519,0.002
2022-06-10,industry_diffusion_baseline,14096236.05,137552.3398,40,23,0.06445805484,0.002
2022-06-13,industry_diffusion_baseline,14205743.5,137552.3398,40,23,0.06550264378,0.002
2022-06-14,industry_diffusion_baseline,14400012.24,137552.3398,40,23,0.06656614342,0.002
2022-06-15,industry_diffusion_baseline,14340371.67,137552.3398,40,23,0.06604951174,0.002
2022-06-16,industry_diffusion_baseline,14257730.26,137552.3398,40,23,0.0663697569,0.002
2022-06-17,industry_diffusion_baseline,14474446.41,75226.01184,40,22,0.05724009133,0.002
2022-06-20,industry_diffusion_baseline,14528349.86,75226.01184,40,22,0.05720291986,0.002
2022-06-21,industry_diffusion_baseline,14468741.42,511975.8687,39,22,0.05822641152,0.002
2022-06-22,industry_diffusion_baseline,14545282.56,511975.8687,39,22,0.05893405484,0.002
2022-06-23,industry_diffusion_baseline,15011234.85,511975.8687,39,22,0.05943324457,0.002
2022-06-24,industry_diffusion_baseline,15026205.94,467018.9608,40,21,0.05827737555,0.002
2022-06-27,industry_diffusion_baseline,15013395.47,467018.9608,40,21,0.0582158328,0.002
2022-06-28,industry_diffusion_baseline,15225235.1,467018.9608,40,21,0.05842827471,0.002
2022-06-29,industry_diffusion_baseline,14931910.36,467018.9608,40,21,0.05839504319,0.002
2022-06-30,industry_diffusion_baseline,14976097.3,467018.9608,40,21,0.05877536738,0.002
2022-07-01,industry_diffusion_baseline,14796945.72,163337.6516,40,22,0.05973453028,0.002
2022-07-04,industry_diffusion_baseline,14905927.27,163337.6516,40,22,0.05959523948,0.002
2022-07-05,industry_diffusion_baseline,14738147.69,163337.6516,40,22,0.05979988741,0.002
2022-07-06,industry_diffusion_baseline,14515224.13,163337.6516,40,22,0.05982886325,0.002
2022-07-07,industry_diffusion_baseline,14685023.65,163337.6516,40,22,0.05966783055,0.002
2022-07-08,industry_diffusion_baseline,14692654.98,20190.59611,39,19,0.07435708168,0.002
2022-07-11,industry_diffusion_baseline,14715969.77,20190.59611,39,19,0.07499251951,0.002
2022-07-12,industry_diffusion_baseline,14805294.78,20190.59611,39,19,0.07594627892,0.002
2022-07-13,industry_diffusion_baseline,15148531.91,20190.59611,39,19,0.07704672873,0.002
2022-07-14,industry_diffusion_baseline,14952549.61,20190.59611,39,19,0.07605932392,0.002
2022-07-15,industry_diffusion_baseline,14717656.03,1.164153218e-09,39,19,0.0902659163,0.002
2022-07-18,industry_diffusion_baseline,14913665.82,1.164153218e-09,39,19,0.09037313726,0.002
2022-07-19,industry_diffusion_baseline,15047300.2,1.164153218e-09,39,19,0.08949703145,0.002
2022-07-20,industry_diffusion_baseline,15193152.81,1.164153218e-09,39,19,0.0898657253,0.002
2022-07-21,industry_diffusion_baseline,15006336.17,1.164153218e-09,39,19,0.08907328295,0.002
2022-07-22,industry_diffusion_baseline,15022414.64,68373.64399,39,17,0.09035070906,0.002
2022-07-25,industry_diffusion_baseline,14664545.83,68373.64399,39,17,0.09031865721,0.002
2022-07-26,industry_diffusion_baseline,14843552.21,68373.64399,39,17,0.09044671074,0.002
2022-07-27,industry_diffusion_baseline,14938149.93,68373.64399,39,17,0.09062903382,0.002
2022-07-28,industry_diffusion_baseline,15070938.18,68373.64399,39,17,0.09101844182,0.002
2022-07-29,industry_diffusion_baseline,14980245.12,41783.99819,39,16,0.08574199049,0.002
2022-08-01,industry_diffusion_baseline,15087331.28,41783.99819,39,16,0.08562444301,0.002
2022-08-02,industry_diffusion_baseline,14715459.69,41783.99819,39,16,0.08598403472,0.002
2022-08-03,industry_diffusion_baseline,14816596.28,41783.99819,39,16,0.08721268916,0.002
2022-08-04,industry_diffusion_baseline,14690546.33,41783.99819,39,16,0.08685201217,0.002
2022-08-05,industry_diffusion_baseline,14781441.64,-5.238689482e-10,40,14,0.1264859938,0.002
2022-08-08,industry_diffusion_baseline,14946074.82,-5.238689482e-10,40,14,0.1270523136,0.002
2022-08-09,industry_diffusion_baseline,15120384.98,-5.238689482e-10,40,14,0.1275052751,0.002
2022-08-10,industry_diffusion_baseline,15169581.1,-5.238689482e-10,40,14,0.1268146889,0.002
2022-08-11,industry_diffusion_baseline,15256826.75,-5.238689482e-10,40,14,0.1262940477,0.002
2022-08-12,industry_diffusion_baseline,15148489.56,5.238689482e-10,40,13,0.1554625174,0.002
2022-08-15,industry_diffusion_baseline,15227639.39,5.238689482e-10,40,13,0.156036403,0.002
2022-08-16,industry_diffusion_baseline,15249808.5,5.238689482e-10,40,13,0.1551019151,0.002
2022-08-17,industry_diffusion_baseline,15281806.12,5.238689482e-10,40,13,0.1558422699,0.002
2022-08-18,industry_diffusion_baseline,15301319.3,5.238689482e-10,40,13,0.1553557192,0.002
2022-08-19,industry_diffusion_baseline,15273721.02,97455.76584,40,12,0.178846055,0.002
2022-08-22,industry_diffusion_baseline,15606351.9,97455.76584,40,12,0.1828649116,0.002
2022-08-23,industry_diffusion_baseline,15942624.7,97455.76584,40,12,0.1898451334,0.002
2022-08-24,industry_diffusion_baseline,15741819.46,97455.76584,40,12,0.1936202925,0.002
2022-08-25,industry_diffusion_baseline,16091996.62,97455.76584,40,12,0.2006016219,0.002
2022-08-26,industry_diffusion_baseline,16233489.48,-4.656612873e-10,40,12,0.175069093,0.002
2022-08-29,industry_diffusion_baseline,16528092.8,-4.656612873e-10,40,12,0.1779183632,0.002
2022-08-30,industry_diffusion_baseline,15985194.01,-4.656612873e-10,40,12,0.1728458675,0.002
2022-08-31,industry_diffusion_baseline,15187033.77,-4.656612873e-10,40,12,0.170066711,0.002
2022-09-01,industry_diffusion_baseline,15010884.85,-4.656612873e-10,40,12,0.1673391474,0.002
2022-09-02,industry_diffusion_baseline,14912636.81,3.492459655e-10,40,12,0.2092696814,0.002
2022-09-05,industry_diffusion_baseline,15214470.03,3.492459655e-10,40,12,0.2047520565,0.002
2022-09-06,industry_diffusion_baseline,15602442.51,3.492459655e-10,40,12,0.2028848754,0.002
2022-09-07,industry_diffusion_baseline,15753802.19,3.492459655e-10,40,12,0.2006431181,0.002
2022-09-08,industry_diffusion_baseline,15352900.06,3.492459655e-10,40,12,0.1967230768,0.002
2022-09-09,industry_diffusion_baseline,15237155.97,-5.820766091e-10,40,8,0.2458498466,0.002
2022-09-13,industry_diffusion_baseline,15379053.68,-5.820766091e-10,40,8,0.247111535,0.002
2022-09-14,industry_diffusion_baseline,15187028.33,-5.820766091e-10,40,8,0.2446552108,0.002
2022-09-15,industry_diffusion_baseline,14961552.79,-5.820766091e-10,40,8,0.2452301376,0.002
2022-09-16,industry_diffusion_baseline,14411619.86,-5.820766091e-10,40,8,0.2481693097,0.002
2022-09-19,industry_diffusion_baseline,14455806.33,189734.4999,40,7,0.2084140906,0.002
2022-09-20,industry_diffusion_baseline,14652964.98,189734.4999,40,7,0.2086992487,0.002
2022-09-21,industry_diffusion_baseline,14748611.98,189734.4999,40,7,0.208869767,0.002
2022-09-22,industry_diffusion_baseline,14784110.77,189734.4999,40,7,0.2103395439,0.002
2022-09-23,industry_diffusion_baseline,14464031.89,189734.4999,40,7,0.2104052061,0.002
2022-09-26,industry_diffusion_baseline,14343432.55,221314.0714,40,7,0.2567857914,0.002
2022-09-27,industry_diffusion_baseline,14876406.48,221314.0714,40,7,0.2606233117,0.002
2022-09-28,industry_diffusion_baseline,14432542.03,221314.0714,40,7,0.2586370044,0.002
2022-09-29,industry_diffusion_baseline,14201902.41,221314.0714,40,7,0.2559702935,0.002
2022-09-30,industry_diffusion_baseline,13960745.66,221314.0714,40,7,0.2533412833,0.002
2022-10-10,industry_diffusion_baseline,13486779.41,-2.328306437e-10,40,7,0.2913370826,0.002
2022-10-11,industry_diffusion_baseline,13359505.47,-2.328306437e-10,40,7,0.290849703,0.002
2022-10-12,industry_diffusion_baseline,13434769.46,-2.328306437e-10,40,7,0.2887832319,0.002
2022-10-13,industry_diffusion_baseline,13496079.08,-2.328306437e-10,40,7,0.2913651559,0.002
2022-10-14,industry_diffusion_baseline,13657760.21,-2.328306437e-10,40,7,0.290869396,0.002
2022-10-17,industry_diffusion_baseline,13715207.32,143543.7936,40,4,0.3314614943,0.002
2022-10-18,industry_diffusion_baseline,13851451.92,143543.7936,40,4,0.3332150186,0.002
2022-10-19,industry_diffusion_baseline,13705878.83,143543.7936,40,4,0.3330168382,0.002
2022-10-20,industry_diffusion_baseline,14058959,143543.7936,40,4,0.33428778,0.002
2022-10-21,industry_diffusion_baseline,13904532.05,143543.7936,40,4,0.3306607516,0.002
2022-10-24,industry_diffusion_baseline,13409674.46,50589.78352,40,5,0.2388711173,0.002
2022-10-25,industry_diffusion_baseline,13360351.57,50589.78352,40,5,0.2395303082,0.002
2022-10-26,industry_diffusion_baseline,13703041.96,50589.78352,40,5,0.2394908043,0.002
2022-10-27,industry_diffusion_baseline,13731031.84,50589.78352,40,5,0.2393622798,0.002
2022-10-28,industry_diffusion_baseline,13513097.81,50589.78352,40,5,0.2401569556,0.002
2022-10-31,industry_diffusion_baseline,13519204.09,265594.4723,40,8,0.1753913305,0.002
2022-11-01,industry_diffusion_baseline,13904939.52,265594.4723,40,8,0.1743065413,0.002
2022-11-02,industry_diffusion_baseline,14213272.25,265594.4723,40,8,0.1749054131,0.002
2022-11-03,industry_diffusion_baseline,14156656.27,265594.4723,40,8,0.1743628634,0.002
2022-11-04,industry_diffusion_baseline,14467600.76,265594.4723,40,8,0.1743551968,0.002
2022-11-07,industry_diffusion_baseline,14424090.62,339126.349,40,11,0.1662815522,0.002
2022-11-08,industry_diffusion_baseline,14442550.33,339126.349,40,11,0.1660630996,0.002
2022-11-09,industry_diffusion_baseline,14395189.5,339126.349,40,11,0.1657545022,0.002
2022-11-10,industry_diffusion_baseline,14477971.3,339126.349,40,11,0.1657721852,0.002
2022-11-11,industry_diffusion_baseline,14412176.56,339126.349,40,11,0.164448329,0.002
2022-11-14,industry_diffusion_baseline,14483641.6,57018.93703,40,14,0.1318245908,0.002
2022-11-15,industry_diffusion_baseline,14746532.42,57018.93703,40,14,0.1309967541,0.002
2022-11-16,industry_diffusion_baseline,14772636.02,57018.93703,40,14,0.1321998717,0.002
2022-11-17,industry_diffusion_baseline,14925016,57018.93703,40,14,0.1328698228,0.002
2022-11-18,industry_diffusion_baseline,15007586.31,57018.93703,40,14,0.1358148472,0.002
2022-11-21,industry_diffusion_baseline,14747336.96,50051.69688,40,14,0.105777498,0.002
2022-11-22,industry_diffusion_baseline,14603992.86,50051.69688,40,14,0.1043916887,0.002
2022-11-23,industry_diffusion_baseline,14503993.9,50051.69688,40,14,0.1027024301,0.002
2022-11-24,industry_diffusion_baseline,14613863.15,50051.69688,40,14,0.1024707634,0.002
2022-11-25,industry_diffusion_baseline,14729989.72,50051.69688,40,14,0.1011434065,0.002
2022-11-28,industry_diffusion_baseline,14856716.16,10042.71567,40,14,0.09259037384,0.002
2022-11-29,industry_diffusion_baseline,15480245.63,10042.71567,40,14,0.09449841612,0.002
2022-11-30,industry_diffusion_baseline,15513558.93,10042.71567,40,14,0.09500971686,0.002
2022-12-01,industry_diffusion_baseline,15481512.51,10042.71567,40,14,0.09678521904,0.002
2022-12-02,industry_diffusion_baseline,15491904.04,10042.71567,40,14,0.09693683293,0.002
2022-12-05,industry_diffusion_baseline,15784923.53,-3.492459655e-10,40,17,0.09368564501,0.002
2022-12-06,industry_diffusion_baseline,15568542.99,-3.492459655e-10,40,17,0.09304986757,0.002
2022-12-07,industry_diffusion_baseline,15520113.85,-3.492459655e-10,40,17,0.09184410225,0.002
2022-12-08,industry_diffusion_baseline,15640324.13,-3.492459655e-10,40,17,0.09212192124,0.002
2022-12-09,industry_diffusion_baseline,15811709.7,-3.492459655e-10,40,17,0.09324218798,0.002
2022-12-12,industry_diffusion_baseline,15427544.37,34155.33403,40,17,0.09527206692,0.002
2022-12-13,industry_diffusion_baseline,15565595.45,34155.33403,40,17,0.09520744788,0.002
2022-12-14,industry_diffusion_baseline,15471180.74,34155.33403,40,17,0.09404540205,0.002
2022-12-15,industry_diffusion_baseline,15450561.75,34155.33403,40,17,0.09447779324,0.002
2022-12-16,industry_diffusion_baseline,15462856.74,34155.33403,40,17,0.09469094897,0.002
2022-12-19,industry_diffusion_baseline,15284682.51,64428.76955,40,17,0.09580813545,0.002
2022-12-20,industry_diffusion_baseline,14869324.82,64428.76955,40,17,0.09335955602,0.002
2022-12-21,industry_diffusion_baseline,14899210.63,64428.76955,40,17,0.09390178309,0.002
2022-12-22,industry_diffusion_baseline,14898621.34,64428.76955,40,17,0.09480198606,0.002
2022-12-23,industry_diffusion_baseline,15005654.31,64428.76955,40,17,0.09606723461,0.002
2022-12-26,industry_diffusion_baseline,14961288.93,221525.3328,40,15,0.1343344732,0.002
2022-12-27,industry_diffusion_baseline,15150095.95,221525.3328,40,15,0.1348961375,0.002
2022-12-28,industry_diffusion_baseline,14969763.36,221525.3328,40,15,0.1355665236,0.002
2022-12-29,industry_diffusion_baseline,14781863.71,221525.3328,40,15,0.1354771058,0.002
2022-12-30,industry_diffusion_baseline,14952228.52,221525.3328,40,15,0.1351420758,0.002
2023-01-03,industry_diffusion_baseline,14801063.08,3916.980595,40,13,0.1705080039,0.002
2023-01-04,industry_diffusion_baseline,14895414.72,3916.980595,40,13,0.1696693959,0.002
2023-01-05,industry_diffusion_baseline,15288222.43,3916.980595,40,13,0.1766627317,0.002
2023-01-06,industry_diffusion_baseline,15125993.2,3916.980595,40,13,0.1781386583,0.002
2023-01-09,industry_diffusion_baseline,15345861.78,3916.980595,40,13,0.1807340941,0.002
2023-01-10,industry_diffusion_baseline,15335933.67,4.656612873e-10,40,10,0.2799752473,0.002
2023-01-11,industry_diffusion_baseline,15208298.2,4.656612873e-10,40,10,0.2793433732,0.002
2023-01-12,industry_diffusion_baseline,14998084.89,4.656612873e-10,40,10,0.2808593086,0.002
2023-01-13,industry_diffusion_baseline,15389136.43,4.656612873e-10,40,10,0.2824732312,0.002
2023-01-16,industry_diffusion_baseline,15477151.32,4.656612873e-10,40,10,0.2847644092,0.002
2023-01-17,industry_diffusion_baseline,15274902.54,85772.87025,40,14,0.1678350839,0.002
2023-01-18,industry_diffusion_baseline,15247005.97,85772.87025,40,14,0.1669012434,0.002
2023-01-19,industry_diffusion_baseline,15201421.49,85772.87025,40,14,0.1656473432,0.002
2023-01-20,industry_diffusion_baseline,15282179.79,85772.87025,40,14,0.1631527182,0.002
2023-01-30,industry_diffusion_baseline,15574145.03,85772.87025,40,14,0.1633191698,0.002
2023-01-31,industry_diffusion_baseline,15580331.29,87431.58657,40,23,0.07218366695,0.002
2023-02-01,industry_diffusion_baseline,15757321.42,87431.58657,40,23,0.07193817768,0.002
2023-02-02,industry_diffusion_baseline,15866801.95,87431.58657,40,23,0.07271208303,0.002
2023-02-03,industry_diffusion_baseline,15743391.8,87431.58657,40,23,0.0728856484,0.002
2023-02-06,industry_diffusion_baseline,15654053.89,87431.58657,40,23,0.07225836682,0.002
2023-02-07,industry_diffusion_baseline,15833265.46,-4.074536264e-10,40,21,0.06723526978,0.002
2023-02-08,industry_diffusion_baseline,15598721.95,-4.074536264e-10,40,21,0.06699628045,0.002
2023-02-09,industry_diffusion_baseline,15863399,-4.074536264e-10,40,21,0.06744576645,0.002
2023-02-10,industry_diffusion_baseline,15843219.2,-4.074536264e-10,40,21,0.06754603957,0.002
2023-02-13,industry_diffusion_baseline,16154780.86,-4.074536264e-10,40,21,0.06788230571,0.002
2023-02-14,industry_diffusion_baseline,16109191.15,3.492459655e-10,40,22,0.06111898572,0.002
2023-02-15,industry_diffusion_baseline,16160400.56,3.492459655e-10,40,22,0.06139437814,0.002
2023-02-16,industry_diffusion_baseline,15744954.48,3.492459655e-10,40,22,0.06125286209,0.002
2023-02-17,industry_diffusion_baseline,15608708.82,3.492459655e-10,40,22,0.06109956954,0.002
2023-02-20,industry_diffusion_baseline,15982764.76,3.492459655e-10,40,22,0.06151360978,0.002
2023-02-21,industry_diffusion_baseline,16074210.16,41147.95079,40,20,0.08034319739,0.002
2023-02-22,industry_diffusion_baseline,16000916.11,41147.95079,40,20,0.08042901038,0.002
2023-02-23,industry_diffusion_baseline,15916361.88,41147.95079,40,20,0.08023294846,0.002
2023-02-24,industry_diffusion_baseline,15911154.68,41147.95079,40,20,0.08010166515,0.002
2023-02-27,industry_diffusion_baseline,15765224.91,41147.95079,40,20,0.08012129891,0.002
2023-02-28,industry_diffusion_baseline,15891693.11,64776.46977,40,16,0.106180131,0.002
2023-03-01,industry_diffusion_baseline,16119233.7,64776.46977,40,16,0.1058558847,0.002
2023-03-02,industry_diffusion_baseline,16157806.66,64776.46977,40,16,0.1066826256,0.002
2023-03-03,industry_diffusion_baseline,16277792,64776.46977,40,16,0.1067591804,0.002
2023-03-06,industry_diffusion_baseline,16192564.89,64776.46977,40,16,0.1064555994,0.002
2023-03-07,industry_diffusion_baseline,15923888.38,78100.27205,40,15,0.1143913811,0.002
2023-03-08,industry_diffusion_baseline,15964154.73,78100.27205,40,15,0.1144864935,0.002
2023-03-09,industry_diffusion_baseline,15843647.68,78100.27205,40,15,0.1149232289,0.002
2023-03-10,industry_diffusion_baseline,15535846.84,78100.27205,40,15,0.1148731424,0.002
2023-03-13,industry_diffusion_baseline,15625485.1,78100.27205,40,15,0.1146978114,0.002
2023-03-14,industry_diffusion_baseline,15375783.1,0,40,13,0.1773343016,0.002
2023-03-15,industry_diffusion_baseline,15592154.43,0,40,13,0.1797828045,0.002
2023-03-16,industry_diffusion_baseline,15221493.37,0,40,13,0.1796658059,0.002
2023-03-17,industry_diffusion_baseline,15325604.57,0,40,13,0.1789579618,0.002
2023-03-20,industry_diffusion_baseline,15264046.9,0,40,13,0.177481185,0.002
2023-03-21,industry_diffusion_baseline,15460434.72,5.820766091e-10,40,10,0.1773976055,0.002
2023-03-22,industry_diffusion_baseline,15456170.7,5.820766091e-10,40,10,0.1779091746,0.002
2023-03-23,industry_diffusion_baseline,15385420.65,5.820766091e-10,40,10,0.1770724107,0.002
2023-03-24,industry_diffusion_baseline,15441031.13,5.820766091e-10,40,10,0.1768197063,0.002
2023-03-27,industry_diffusion_baseline,15303119.35,5.820766091e-10,40,10,0.1757319183,0.002
2023-03-28,industry_diffusion_baseline,15108386.75,4.074536264e-10,40,12,0.1347098503,0.002
2023-03-29,industry_diffusion_baseline,15067414.11,4.074536264e-10,40,12,0.1347158219,0.002
2023-03-30,industry_diffusion_baseline,14950136.52,4.074536264e-10,40,12,0.1335193571,0.002
2023-03-31,industry_diffusion_baseline,15361963.83,4.074536264e-10,40,12,0.1373303399,0.002
2023-04-03,industry_diffusion_baseline,15498399.03,4.074536264e-10,40,12,0.1387394879,0.002
2023-04-04,industry_diffusion_baseline,15301719.44,-3.492459655e-10,40,9,0.1671480187,0.002
2023-04-06,industry_diffusion_baseline,14881619.5,-3.492459655e-10,40,9,0.1655731823,0.002
2023-04-07,industry_diffusion_baseline,15191510.69,-3.492459655e-10,40,9,0.1678642606,0.002
2023-04-10,industry_diffusion_baseline,14900174.79,-3.492459655e-10,40,9,0.1675782207,0.002
2023-04-11,industry_diffusion_baseline,15591648.37,-3.492459655e-10,40,9,0.1707905705,0.002
2023-04-12,industry_diffusion_baseline,16411477.28,-8.149072528e-10,40,7,0.2046798589,0.002
2023-04-13,industry_diffusion_baseline,16380819.79,-8.149072528e-10,40,7,0.2058011368,0.002
2023-04-14,industry_diffusion_baseline,16252951.3,-8.149072528e-10,40,7,0.2047938238,0.002
2023-04-17,industry_diffusion_baseline,15664789.22,-8.149072528e-10,40,7,0.2051062742,0.002
2023-04-18,industry_diffusion_baseline,15517614.32,-8.149072528e-10,40,7,0.2047281378,0.002
2023-04-19,industry_diffusion_baseline,15771136.33,442682.1397,40,7,0.1812298823,0.002
2023-04-20,industry_diffusion_baseline,16327714.59,442682.1397,40,7,0.1830849175,0.002
2023-04-21,industry_diffusion_baseline,15735728.04,442682.1397,40,7,0.1833188331,0.002
2023-04-24,industry_diffusion_baseline,16236481.57,442682.1397,40,7,0.1867169155,0.002
2023-04-25,industry_diffusion_baseline,16209897.76,442682.1397,40,7,0.1862017956,0.002
2023-04-26,industry_diffusion_baseline,16393038.74,251461.3184,40,6,0.3055001822,0.002
2023-04-27,industry_diffusion_baseline,15893728.87,251461.3184,40,6,0.3054117378,0.002
2023-04-28,industry_diffusion_baseline,16874640.43,251461.3184,40,6,0.3122773585,0.002
2023-05-04,industry_diffusion_baseline,17985555.41,251461.3184,40,6,0.3219432515,0.002
2023-05-05,industry_diffusion_baseline,17723896.41,251461.3184,40,6,0.319168884,0.002
2023-05-08,industry_diffusion_baseline,17786369.1,81839.00996,40,7,0.280662162,0.002
2023-05-09,industry_diffusion_baseline,17292189.31,81839.00996,40,7,0.2766363982,0.002
2023-05-10,industry_diffusion_baseline,17351615.56,81839.00996,40,7,0.2805057678,0.002
2023-05-11,industry_diffusion_baseline,17673920.85,81839.00996,40,7,0.2840159065,0.002
2023-05-12,industry_diffusion_baseline,17064498.04,81839.00996,40,7,0.2798688119,0.002
2023-05-15,industry_diffusion_baseline,16880436.29,3.492459655e-10,40,5,0.4329293892,0.002
2023-05-16,industry_diffusion_baseline,16083954.34,3.492459655e-10,40,5,0.4215570662,0.002
2023-05-17,industry_diffusion_baseline,15940841.85,3.492459655e-10,40,5,0.4175734579,0.002
2023-05-18,industry_diffusion_baseline,16205718.65,3.492459655e-10,40,5,0.4211834963,0.002
2023-05-19,industry_diffusion_baseline,15712382.67,3.492459655e-10,40,5,0.4093094922,0.002
2023-05-22,industry_diffusion_baseline,15555819.63,1.746229827e-10,40,4,0.3578213678,0.002
2023-05-23,industry_diffusion_baseline,15169235.54,1.746229827e-10,40,4,0.357009602,0.002
2023-05-24,industry_diffusion_baseline,15141311.76,1.746229827e-10,40,4,0.3599246041,0.002
2023-05-25,industry_diffusion_baseline,14868747.8,1.746229827e-10,40,4,0.3544464019,0.002
2023-05-26,industry_diffusion_baseline,15247726.51,1.746229827e-10,40,4,0.3599726139,0.002
2023-05-29,industry_diffusion_baseline,15180573.85,176482.1206,40,7,0.2020340801,0.002
2023-05-30,industry_diffusion_baseline,15344001.84,176482.1206,40,7,0.2019693009,0.002
2023-05-31,industry_diffusion_baseline,15316466.09,176482.1206,40,7,0.201913955,0.002
2023-06-01,industry_diffusion_baseline,15610783.39,176482.1206,40,7,0.202338042,0.002
2023-06-02,industry_diffusion_baseline,15608556.68,176482.1206,40,7,0.2017211661,0.002
2023-06-05,industry_diffusion_baseline,15797098.53,369076.7285,40,9,0.23948758,0.002
2023-06-06,industry_diffusion_baseline,15456597.69,369076.7285,40,9,0.2370493709,0.002
2023-06-07,industry_diffusion_baseline,15673797.43,369076.7285,40,9,0.2378114189,0.002
2023-06-08,industry_diffusion_baseline,15522287.44,369076.7285,40,9,0.2380145202,0.002
2023-06-09,industry_diffusion_baseline,15717153.85,369076.7285,40,9,0.2386900252,0.002
2023-06-12,industry_diffusion_baseline,15884533.34,366245.4973,40,10,0.2087991965,0.002
2023-06-13,industry_diffusion_baseline,15852191.22,366245.4973,40,10,0.2096199387,0.002
2023-06-14,industry_diffusion_baseline,15864672.83,366245.4973,40,10,0.2081337797,0.002
2023-06-15,industry_diffusion_baseline,15947429.58,366245.4973,40,10,0.2069439365,0.002
2023-06-16,industry_diffusion_baseline,16044884.91,366245.4973,40,10,0.2088901756,0.002
2023-06-19,industry_diffusion_baseline,16077945.65,157454.2904,40,11,0.1986951416,0.002
2023-06-20,industry_diffusion_baseline,16236171,157454.2904,40,11,0.1999484506,0.002
2023-06-21,industry_diffusion_baseline,15818810.52,157454.2904,40,11,0.2022194113,0.002
2023-06-26,industry_diffusion_baseline,15583199.03,157454.2904,40,11,0.2041139916,0.002
2023-06-27,industry_diffusion_baseline,15913902.25,157454.2904,40,11,0.20329546,0.002
2023-06-28,industry_diffusion_baseline,15860008.59,16793.12359,40,12,0.1346625606,0.002
2023-06-29,industry_diffusion_baseline,16157336.92,16793.12359,40,12,0.1342830038,0.002
2023-06-30,industry_diffusion_baseline,16121610.04,414803.4171,39,11,0.1404211625,0.002
2023-07-03,industry_diffusion_baseline,15942259.75,414803.4171,39,11,0.1388720974,0.002
2023-07-04,industry_diffusion_baseline,15913314.22,414803.4171,39,11,0.1381180469,0.002
2023-07-05,industry_diffusion_baseline,15733315.53,585142.9828,39,9,0.1562272884,0.002
2023-07-06,industry_diffusion_baseline,15713343.36,585142.9828,39,9,0.1564903101,0.002
2023-07-07,industry_diffusion_baseline,15689617.68,585142.9828,39,9,0.1568497037,0.002
2023-07-10,industry_diffusion_baseline,15659047.36,585142.9828,39,9,0.1557352065,0.002
2023-07-11,industry_diffusion_baseline,15789412.61,585142.9828,39,9,0.1559427146,0.002
2023-07-12,industry_diffusion_baseline,15629404.72,749085.1646,39,12,0.1168257128,0.002
2023-07-13,industry_diffusion_baseline,15679044.06,749085.1646,39,12,0.1164924789,0.002
2023-07-14,industry_diffusion_baseline,15586915.07,749085.1646,39,12,0.1170396272,0.002
2023-07-17,industry_diffusion_baseline,15573969.55,749085.1646,39,12,0.1177040013,0.002
2023-07-18,industry_diffusion_baseline,15698142.2,749085.1646,39,12,0.1185128871,0.002
2023-07-19,industry_diffusion_baseline,15746900.52,147794.7734,39,16,0.1080934106,0.002
2023-07-20,industry_diffusion_baseline,15466547.1,147794.7734,39,16,0.1070210715,0.002
2023-07-21,industry_diffusion_baseline,15312581.4,147794.7734,39,16,0.1062935359,0.002
2023-07-24,industry_diffusion_baseline,15235500.52,147794.7734,39,16,0.106322518,0.002
2023-07-25,industry_diffusion_baseline,15714640.38,147794.7734,39,16,0.1077419628,0.002
2023-07-26,industry_diffusion_baseline,15589222.07,-3.492459655e-10,40,19,0.08752914379,0.002
2023-07-27,industry_diffusion_baseline,15615223.13,-3.492459655e-10,40,19,0.08754893941,0.002
2023-07-28,industry_diffusion_baseline,15977939,-3.492459655e-10,40,19,0.08803627193,0.002
2023-07-31,industry_diffusion_baseline,16331610.41,-3.492459655e-10,40,19,0.08877621693,0.002
2023-08-01,industry_diffusion_baseline,16263389.31,-3.492459655e-10,40,19,0.08792209171,0.002
2023-08-02,industry_diffusion_baseline,16216397.41,-5.820766091e-11,40,19,0.07196426739,0.002
2023-08-03,industry_diffusion_baseline,16196298.35,-5.820766091e-11,40,19,0.07179434918,0.002
2023-08-04,industry_diffusion_baseline,16154747.43,-5.820766091e-11,40,19,0.07187444712,0.002
2023-08-07,industry_diffusion_baseline,16028380.65,-5.820766091e-11,40,19,0.07178230531,0.002
2023-08-08,industry_diffusion_baseline,15933950.95,-5.820766091e-11,40,19,0.07150134431,0.002
2023-08-09,industry_diffusion_baseline,15761149.4,75756.15229,40,18,0.08402081164,0.002
2023-08-10,industry_diffusion_baseline,15875562.44,75756.15229,40,18,0.0846933982,0.002
2023-08-11,industry_diffusion_baseline,15484702.73,75756.15229,40,18,0.08389501447,0.002
2023-08-14,industry_diffusion_baseline,15356687.41,75756.15229,40,18,0.08325288945,0.002
2023-08-15,industry_diffusion_baseline,15275210.1,75756.15229,40,18,0.0835588046,0.002
2023-08-16,industry_diffusion_baseline,15284664.08,9.313225746e-10,40,12,0.161148074,0.002
2023-08-17,industry_diffusion_baseline,15330490.94,9.313225746e-10,40,12,0.1604981564,0.002
2023-08-18,industry_diffusion_baseline,15046437.92,9.313225746e-10,40,12,0.1595243338,0.002
2023-08-21,industry_diffusion_baseline,14806758.1,9.313225746e-10,40,12,0.1575958149,0.002
2023-08-22,industry_diffusion_baseline,14947162.52,9.313225746e-10,40,12,0.1578026399,0.002
2023-08-23,industry_diffusion_baseline,14632090.2,1.047737896e-09,40,8,0.3088385557,0.002
2023-08-24,industry_diffusion_baseline,14649268.49,1.047737896e-09,40,8,0.3127156636,0.002
2023-08-25,industry_diffusion_baseline,14783775.74,1.047737896e-09,40,8,0.3163863348,0.002
2023-08-28,industry_diffusion_baseline,15206338.99,1.047737896e-09,40,8,0.3186169948,0.002
2023-08-29,industry_diffusion_baseline,15263210.51,1.047737896e-09,40,8,0.3142121063,0.002
2023-08-30,industry_diffusion_baseline,14947917.98,98383.14697,40,7,0.3054382215,0.002
2023-08-31,industry_diffusion_baseline,14631658.05,98383.14697,40,7,0.3038143664,0.002
2023-09-01,industry_diffusion_baseline,14606850.85,98383.14697,40,7,0.3023241287,0.002
2023-09-04,industry_diffusion_baseline,14845274.91,98383.14697,40,7,0.298971539,0.002
2023-09-05,industry_diffusion_baseline,14618194.54,98383.14697,40,7,0.3010663234,0.002
2023-09-06,industry_diffusion_baseline,14524212.6,163882.4519,40,4,0.2923839008,0.002
2023-09-07,industry_diffusion_baseline,14452201.82,163882.4519,40,4,0.2925527807,0.002
2023-09-08,industry_diffusion_baseline,14278209.55,163882.4519,40,4,0.29441765,0.002
2023-09-11,industry_diffusion_baseline,14486407.45,163882.4519,40,4,0.2944219552,0.002
2023-09-12,industry_diffusion_baseline,14342120.51,163882.4519,40,4,0.2938940051,0.002
2023-09-13,industry_diffusion_baseline,14306574.45,170709.9298,40,5,0.2385899113,0.002
2023-09-14,industry_diffusion_baseline,14351677.03,170709.9298,40,5,0.2387897291,0.002
2023-09-15,industry_diffusion_baseline,14281490.99,170709.9298,40,5,0.2389806227,0.002
2023-09-18,industry_diffusion_baseline,14323485.29,170709.9298,40,5,0.2388667933,0.002
2023-09-19,industry_diffusion_baseline,14282924.36,170709.9298,40,5,0.2389764146,0.002
2023-09-20,industry_diffusion_baseline,14130160.43,68036.75633,40,6,0.2665478264,0.002
2023-09-21,industry_diffusion_baseline,14046077.98,68036.75633,40,6,0.2673181776,0.002
2023-09-22,industry_diffusion_baseline,14267735.8,68036.75633,40,6,0.2650212127,0.002
2023-09-25,industry_diffusion_baseline,14152207.99,68036.75633,40,6,0.2663830433,0.002
2023-09-26,industry_diffusion_baseline,14187475.16,68036.75633,40,6,0.2642112186,0.002
2023-09-27,industry_diffusion_baseline,14220099.03,-5.820766091e-10,40,7,0.2991136236,0.002
2023-09-28,industry_diffusion_baseline,14562871.68,-5.820766091e-10,40,7,0.2967182426,0.002
2023-10-09,industry_diffusion_baseline,14704668.77,-5.820766091e-10,40,7,0.2958761422,0.002
2023-10-10,industry_diffusion_baseline,14664606.61,-5.820766091e-10,40,7,0.293155366,0.002
2023-10-11,industry_diffusion_baseline,14459122.89,-5.820766091e-10,40,7,0.2935442446,0.002
2023-10-12,industry_diffusion_baseline,14537507.1,-6.4028427e-10,40,8,0.1808085547,0.002
2023-10-13,industry_diffusion_baseline,14667662.04,-6.4028427e-10,40,8,0.1818073827,0.002
2023-10-16,industry_diffusion_baseline,14730139.51,-6.4028427e-10,40,8,0.1795524335,0.002
2023-10-17,industry_diffusion_baseline,14709809.68,-6.4028427e-10,40,8,0.1793972224,0.002
2023-10-18,industry_diffusion_baseline,14398642.36,-6.4028427e-10,40,8,0.1798755677,0.002
2023-10-19,industry_diffusion_baseline,14073791.14,198248.6552,40,8,0.1875910967,0.002
2023-10-20,industry_diffusion_baseline,13961968.31,198248.6552,40,8,0.1866513077,0.002
2023-10-23,industry_diffusion_baseline,13585590.51,198248.6552,40,8,0.1869902027,0.002
2023-10-24,industry_diffusion_baseline,13736840.26,198248.6552,40,8,0.1876160761,0.002
2023-10-25,industry_diffusion_baseline,13854105.45,198248.6552,40,8,0.1873572043,0.002
2023-10-26,industry_diffusion_baseline,14016004.09,237189.2816,40,8,0.1841644186,0.002
2023-10-27,industry_diffusion_baseline,14179505.34,237189.2816,40,8,0.1838300345,0.002
2023-10-30,industry_diffusion_baseline,14358442.49,237189.2816,40,8,0.1859446295,0.002
2023-10-31,industry_diffusion_baseline,14343955.39,237189.2816,40,8,0.1861521827,0.002
2023-11-01,industry_diffusion_baseline,14312401.66,237189.2816,40,8,0.1853892917,0.002
2023-11-02,industry_diffusion_baseline,14109722.09,63069.32894,40,6,0.1855544802,0.002
2023-11-03,industry_diffusion_baseline,14394431.17,63069.32894,40,6,0.1852366366,0.002
2023-11-06,industry_diffusion_baseline,14646950.32,63069.32894,40,6,0.1852112873,0.002
2023-11-07,industry_diffusion_baseline,14724506.11,63069.32894,40,6,0.1848173072,0.002
2023-11-08,industry_diffusion_baseline,14829887.61,63069.32894,40,6,0.1852266998,0.002
2023-11-09,industry_diffusion_baseline,14630029.56,-1.164153218e-10,40,10,0.1420847595,0.002
2023-11-10,industry_diffusion_baseline,14626377.35,-1.164153218e-10,40,10,0.1421690215,0.002
2023-11-13,industry_diffusion_baseline,14989042.85,-1.164153218e-10,40,10,0.1435148913,0.002
2023-11-14,industry_diffusion_baseline,15329295.66,-1.164153218e-10,40,10,0.1453639848,0.002
2023-11-15,industry_diffusion_baseline,15384460.43,-1.164153218e-10,40,10,0.1453516465,0.002
2023-11-16,industry_diffusion_baseline,15227500.58,75862.9283,40,15,0.1045524903,0.002
2023-11-17,industry_diffusion_baseline,15320811.76,75862.9283,40,15,0.1040204309,0.002
2023-11-20,industry_diffusion_baseline,15564927.93,75862.9283,40,15,0.1045434284,0.002
2023-11-21,industry_diffusion_baseline,15530914.5,75862.9283,40,15,0.1041834958,0.002
2023-11-22,industry_diffusion_baseline,15405021.39,75862.9283,40,15,0.1043790118,0.002
2023-11-23,industry_diffusion_baseline,15404134.91,218271.3287,40,17,0.08678744408,0.002
2023-11-24,industry_diffusion_baseline,15316958.52,218271.3287,40,17,0.08627039871,0.002
2023-11-27,industry_diffusion_baseline,15200542.23,218271.3287,40,17,0.08635395254,0.002
2023-11-28,industry_diffusion_baseline,15386640.77,218271.3287,40,17,0.08677843359,0.002
2023-11-29,industry_diffusion_baseline,15247494.66,218271.3287,40,17,0.08628598828,0.002
2023-11-30,industry_diffusion_baseline,15248916.35,66783.79426,40,21,0.06679420537,0.002
2023-12-01,industry_diffusion_baseline,15550811.48,66783.79426,40,21,0.06802170692,0.002
2023-12-04,industry_diffusion_baseline,15640400.41,66783.79426,40,21,0.0679378083,0.002
2023-12-05,industry_diffusion_baseline,15399239.79,66783.79426,40,21,0.06760302746,0.002
2023-12-06,industry_diffusion_baseline,15478761.88,66783.79426,40,21,0.0672213433,0.002
2023-12-07,industry_diffusion_baseline,15538309.27,3943327.507,30,18,0.07526460606,0.002
2023-12-08,industry_diffusion_baseline,15451497.77,3943327.507,30,18,0.07676521843,0.002
2023-12-11,industry_diffusion_baseline,15705755.4,3943327.507,30,18,0.07844674695,0.002
2023-12-12,industry_diffusion_baseline,15800051.56,3943327.507,30,18,0.07837042227,0.002
2023-12-13,industry_diffusion_baseline,15904036.13,3943327.507,30,18,0.08106817405,0.002
2023-12-14,industry_diffusion_baseline,15827296.65,7859725.617,20,14,0.09186357135,0.002
2023-12-15,industry_diffusion_baseline,15843135.34,7859725.617,20,14,0.09189259672,0.002
2023-12-18,industry_diffusion_baseline,15715833.6,7859725.617,20,14,0.09069995896,0.002
2023-12-19,industry_diffusion_baseline,15714905.15,7859725.617,20,14,0.09129469649,0.002
2023-12-20,industry_diffusion_baseline,15599478.82,7859725.617,20,14,0.09094630043,0.002
2023-12-21,industry_diffusion_baseline,15622503.85,11740685.89,10,8,0.1467920941,0.002
2023-12-22,industry_diffusion_baseline,15559052.04,11740685.89,10,8,0.1440518586,0.002
2023-12-25,industry_diffusion_baseline,15594242.19,11740685.89,10,8,0.1435471656,0.002
2023-12-26,industry_diffusion_baseline,15520526.71,11740685.89,10,8,0.1418710165,0.002
2023-12-27,industry_diffusion_baseline,15483343.78,11740685.89,10,8,0.1419117381,0.002
2023-12-28,industry_diffusion_baseline,15463696.28,15463696.28,0,0,0,0.002
2018-07-10,industry_diffusion_low_max,10017088.48,7500000,10,1,1,0.002
2018-07-11,industry_diffusion_low_max,9930202.021,7500000,10,1,1,0.002
2018-07-12,industry_diffusion_low_max,9996447.079,7500000,10,1,1,0.002
2018-07-13,industry_diffusion_low_max,9983813.439,7500000,10,1,1,0.002
2018-07-16,industry_diffusion_low_max,9997329.61,7500000,10,1,1,0.002
2018-07-17,industry_diffusion_low_max,9993486.345,5000280.026,20,4,0.4170924053,0.002
2018-07-18,industry_diffusion_low_max,9936260.952,5000280.026,20,4,0.4166661131,0.002
2018-07-19,industry_diffusion_low_max,9825634.419,5000280.026,20,4,0.4129157364,0.002
2018-07-20,industry_diffusion_low_max,9910529.999,5000280.026,20,4,0.4167095482,0.002
2018-07-23,industry_diffusion_low_max,10004123.34,5000280.026,20,4,0.4288495417,0.002
2018-07-24,industry_diffusion_low_max,10045878.93,2504617.277,30,8,0.3040674922,0.002
2018-07-25,industry_diffusion_low_max,10093026.24,2504617.277,30,8,0.3045010656,0.002
2018-07-26,industry_diffusion_low_max,9954075.399,2504617.277,30,8,0.3016151979,0.002
2018-07-27,industry_diffusion_low_max,9954587.637,2504617.277,30,8,0.3000743166,0.002
2018-07-30,industry_diffusion_low_max,9880768.33,2504617.277,30,8,0.3009254707,0.002
2018-07-31,industry_diffusion_low_max,9862856.671,37672.44132,40,12,0.1874671804,0.002
2018-08-01,industry_diffusion_low_max,9635133.6,37672.44132,40,12,0.1841299811,0.002
2018-08-02,industry_diffusion_low_max,9394633.56,37672.44132,40,12,0.1800145755,0.002
2018-08-03,industry_diffusion_low_max,9292371.994,37672.44132,40,12,0.1829826917,0.002
2018-08-06,industry_diffusion_low_max,9137441.837,37672.44132,40,12,0.1817908844,0.002
2018-08-07,industry_diffusion_low_max,9422059.242,3.20142135e-10,40,12,0.1456818049,0.002
2018-08-08,industry_diffusion_low_max,9287806.014,3.20142135e-10,40,12,0.1474299774,0.002
2018-08-09,industry_diffusion_low_max,9464638.507,3.20142135e-10,40,12,0.1460598364,0.002
2018-08-10,industry_diffusion_low_max,9496611.903,3.20142135e-10,40,12,0.1447764311,0.002
2018-08-13,industry_diffusion_low_max,9590526.298,3.20142135e-10,40,12,0.1453907482,0.002
2018-08-14,industry_diffusion_low_max,9505418.829,26495.60214,40,10,0.2424022722,0.002
2018-08-15,industry_diffusion_low_max,9317408.816,26495.60214,40,10,0.2415819837,0.002
2018-08-16,industry_diffusion_low_max,9194640.204,26495.60214,40,10,0.2416143538,0.002
2018-08-17,industry_diffusion_low_max,9103348.738,26495.60214,40,10,0.2432341378,0.002
2018-08-20,industry_diffusion_low_max,9250105.25,26495.60214,40,10,0.2441770334,0.002
2018-08-21,industry_diffusion_low_max,9321496.441,2719.774148,40,6,0.3534808474,0.002
2018-08-22,industry_diffusion_low_max,9258392.102,2719.774148,40,6,0.3560842969,0.002
2018-08-23,industry_diffusion_low_max,9264985.786,2719.774148,40,6,0.3537696625,0.002
2018-08-24,industry_diffusion_low_max,9260779.096,2719.774148,40,6,0.3534990003,0.002
2018-08-27,industry_diffusion_low_max,9398981.391,2719.774148,40,6,0.3530842702,0.002
2018-08-28,industry_diffusion_low_max,9382077.157,57256.87658,40,5,0.3540274852,0.002
2018-08-29,industry_diffusion_low_max,9339573.254,57256.87658,40,5,0.3546370495,0.002
2018-08-30,industry_diffusion_low_max,9127852.883,57256.87658,40,5,0.3548309834,0.002
2018-08-31,industry_diffusion_low_max,9105329.629,57256.87658,40,5,0.3545547582,0.002
2018-09-03,industry_diffusion_low_max,9090772.954,57256.87658,40,5,0.3555115977,0.002
2018-09-04,industry_diffusion_low_max,9156544.732,12980.02174,40,7,0.242586955,0.002
2018-09-05,industry_diffusion_low_max,8969484.377,12980.02174,40,7,0.2408968279,0.002
2018-09-06,industry_diffusion_low_max,8902372.849,12980.02174,40,7,0.2409454751,0.002
2018-09-07,industry_diffusion_low_max,8913510.577,12980.02174,40,7,0.2406928276,0.002
2018-09-10,industry_diffusion_low_max,8846612.914,12980.02174,40,7,0.2422003707,0.002
2018-09-11,industry_diffusion_low_max,8776800.165,64095.20583,40,7,0.258965236,0.002
2018-09-12,industry_diffusion_low_max,8782144.324,64095.20583,40,7,0.2592073366,0.002
2018-09-13,industry_diffusion_low_max,8878333.224,64095.20583,40,7,0.2578740293,0.002
2018-09-14,industry_diffusion_low_max,8816656.425,64095.20583,40,7,0.2589108661,0.002
2018-09-17,industry_diffusion_low_max,8724729.685,64095.20583,40,7,0.2578887505,0.002
2018-09-18,industry_diffusion_low_max,8834979.177,61332.37125,40,7,0.2643156607,0.002
2018-09-19,industry_diffusion_low_max,9045797.452,61332.37125,40,7,0.2680917682,0.002
2018-09-20,industry_diffusion_low_max,8994308.716,61332.37125,40,7,0.2689600058,0.002
2018-09-21,industry_diffusion_low_max,9103496.14,61332.37125,40,7,0.2702805999,0.002
2018-09-25,industry_diffusion_low_max,8983212.965,61332.37125,40,7,0.2655523636,0.002
2018-09-26,industry_diffusion_low_max,9061256.862,4.656612873e-10,40,6,0.2872401401,0.002
2018-09-27,industry_diffusion_low_max,8940148.418,4.656612873e-10,40,6,0.2875477338,0.002
2018-09-28,industry_diffusion_low_max,9025642.97,4.656612873e-10,40,6,0.2885383181,0.002
2018-10-08,industry_diffusion_low_max,8821613.189,4.656612873e-10,40,6,0.2855173022,0.002
2018-10-09,industry_diffusion_low_max,8906114.653,4.656612873e-10,40,6,0.2850996936,0.002
2018-10-10,industry_diffusion_low_max,8927103.807,5.820766091e-11,40,8,0.1955779449,0.002
2018-10-11,industry_diffusion_low_max,8450901.693,5.820766091e-11,40,8,0.1988123081,0.002
2018-10-12,industry_diffusion_low_max,8373391.713,5.820766091e-11,40,8,0.1961302343,0.002
2018-10-15,industry_diffusion_low_max,8170469.037,5.820766091e-11,40,8,0.1935523044,0.002
2018-10-16,industry_diffusion_low_max,8144031.489,5.820766091e-11,40,8,0.1973558002,0.002
2018-10-17,industry_diffusion_low_max,7982997.556,17846.26454,40,9,0.1661383288,0.002
2018-10-18,industry_diffusion_low_max,7491688.84,17846.26454,40,9,0.1640027536,0.002
2018-10-19,industry_diffusion_low_max,7598396.988,17846.26454,40,9,0.1633449846,0.002
2018-10-22,industry_diffusion_low_max,7941481.696,17846.26454,40,9,0.1632902057,0.002
2018-10-23,industry_diffusion_low_max,7838609.416,17846.26454,40,9,0.1621753086,0.002
2018-10-24,industry_diffusion_low_max,7809481.697,75263.3657,40,10,0.1140669035,0.002
2018-10-25,industry_diffusion_low_max,7806702.935,75263.3657,40,10,0.1140421697,0.002
2018-10-26,industry_diffusion_low_max,7811271.541,75263.3657,40,10,0.1138357156,0.002
2018-10-29,industry_diffusion_low_max,7728917.764,75263.3657,40,10,0.1137411515,0.002
2018-10-30,industry_diffusion_low_max,7772624.937,75263.3657,40,10,0.1136770909,0.002
2018-10-31,industry_diffusion_low_max,7867430.982,22605.49855,40,9,0.1445995647,0.002
2018-11-01,industry_diffusion_low_max,7894626.509,22605.49855,40,9,0.1444590869,0.002
2018-11-02,industry_diffusion_low_max,8084713.099,22605.49855,40,9,0.1448353374,0.002
2018-11-05,industry_diffusion_low_max,8159089.171,22605.49855,40,9,0.1447692174,0.002
2018-11-06,industry_diffusion_low_max,8131245.787,22605.49855,40,9,0.1445973508,0.002
2018-11-07,industry_diffusion_low_max,8039561.569,0,40,6,0.2728987425,0.002
2018-11-08,industry_diffusion_low_max,7975073.809,0,40,6,0.2729532076,0.002
2018-11-09,industry_diffusion_low_max,7908018.668,0,40,6,0.2751019225,0.002
2018-11-12,industry_diffusion_low_max,8050140.772,0,40,6,0.2765166692,0.002
2018-11-13,industry_diffusion_low_max,8203997.606,0,40,6,0.2793540232,0.002
2018-11-14,industry_diffusion_low_max,8111626.614,73644.12023,40,11,0.2783537639,0.002
2018-11-15,industry_diffusion_low_max,8347695.39,73644.12023,40,11,0.2820762297,0.002
2018-11-16,industry_diffusion_low_max,8570966.572,73644.12023,40,11,0.2842935224,0.002
2018-11-19,industry_diffusion_low_max,8780705.655,73644.12023,40,11,0.2910356162,0.002
2018-11-20,industry_diffusion_low_max,8463626.058,73644.12023,40,11,0.2871709392,0.002
2018-11-21,industry_diffusion_low_max,8556484.004,2.328306437e-10,40,12,0.286392752,0.002
2018-11-22,industry_diffusion_low_max,8468714.759,2.328306437e-10,40,12,0.2842473716,0.002
2018-11-23,industry_diffusion_low_max,8097332.808,2.328306437e-10,40,12,0.2832323522,0.002
2018-11-26,industry_diffusion_low_max,8095144.62,2.328306437e-10,40,12,0.2831147764,0.002
2018-11-27,industry_diffusion_low_max,8118753.696,2.328306437e-10,40,12,0.2820799253,0.002
2018-11-28,industry_diffusion_low_max,8265112.829,22616.65298,40,19,0.1039758855,0.002
2018-11-29,industry_diffusion_low_max,8056481.738,22616.65298,40,19,0.1019001068,0.002
2018-11-30,industry_diffusion_low_max,8188258.921,22616.65298,40,19,0.102474607,0.002
2018-12-03,industry_diffusion_low_max,8452290.29,22616.65298,40,19,0.1019173047,0.002
2018-12-04,industry_diffusion_low_max,8510054.949,22616.65298,40,19,0.1020604182,0.002
2018-12-05,industry_diffusion_low_max,8442477.051,13069.34003,40,20,0.06227487143,0.002
2018-12-06,industry_diffusion_low_max,8267887.655,13069.34003,40,20,0.06237597792,0.002
2018-12-07,industry_diffusion_low_max,8307653.2,13069.34003,40,20,0.06213070369,0.002
2018-12-10,industry_diffusion_low_max,8232192.225,13069.34003,40,20,0.06222067132,0.002
2018-12-11,industry_diffusion_low_max,8289236.619,13069.34003,40,20,0.06211619408,0.002
2018-12-12,industry_diffusion_low_max,8299027.825,-3.492459655e-10,40,20,0.07591330037,0.002
2018-12-13,industry_diffusion_low_max,8415880.501,-3.492459655e-10,40,20,0.07624883471,0.002
2018-12-14,industry_diffusion_low_max,8226449.138,-3.492459655e-10,40,20,0.07653385032,0.002
2018-12-17,industry_diffusion_low_max,8227992.594,-3.492459655e-10,40,20,0.07722467712,0.002
2018-12-18,industry_diffusion_low_max,8156498.26,-3.492459655e-10,40,20,0.07698599237,0.002
2018-12-19,industry_diffusion_low_max,8052453.274,-3.492459655e-10,40,12,0.1880625225,0.002
2018-12-20,industry_diffusion_low_max,8069082.122,-3.492459655e-10,40,12,0.1848966492,0.002
2018-12-21,industry_diffusion_low_max,7981316.784,-3.492459655e-10,40,12,0.1844533651,0.002
2018-12-24,industry_diffusion_low_max,8083468.315,-3.492459655e-10,40,12,0.1836915547,0.002
2018-12-25,industry_diffusion_low_max,8010683.381,-3.492459655e-10,40,12,0.1841196847,0.002
2018-12-26,industry_diffusion_low_max,7973507.643,133660.5017,40,11,0.170334402,0.002
2018-12-27,industry_diffusion_low_max,7896007.026,133660.5017,40,11,0.1707493612,0.002
2018-12-28,industry_diffusion_low_max,7912222.599,133660.5017,40,11,0.1714696964,0.002
2019-01-02,industry_diffusion_low_max,7859801.909,133660.5017,40,11,0.1707827361,0.002
2019-01-03,industry_diffusion_low_max,7742941.02,133660.5017,40,11,0.1682704151,0.002
2019-01-04,industry_diffusion_low_max,7893086.104,155080.4701,40,8,0.1654074294,0.002
2019-01-07,industry_diffusion_low_max,7984379.931,155080.4701,40,8,0.1654302244,0.002
2019-01-08,industry_diffusion_low_max,7922580.716,155080.4701,40,8,0.16550297,0.002
2019-01-09,industry_diffusion_low_max,7960424.262,155080.4701,40,8,0.1663303003,0.002
2019-01-10,industry_diffusion_low_max,7977188.005,155080.4701,40,8,0.1662237879,0.002
2019-01-11,industry_diffusion_low_max,8055411.562,167778.8272,40,9,0.1582935339,0.002
2019-01-14,industry_diffusion_low_max,8011301.316,167778.8272,40,9,0.1578682864,0.002
2019-01-15,industry_diffusion_low_max,8244401.011,167778.8272,40,9,0.1602588715,0.002
2019-01-16,industry_diffusion_low_max,8142621.492,167778.8272,40,9,0.1596276222,0.002
2019-01-17,industry_diffusion_low_max,8087168.926,167778.8272,40,9,0.1595780233,0.002
2019-01-18,industry_diffusion_low_max,8137462.718,106076.3833,40,9,0.1863235821,0.002
2019-01-21,industry_diffusion_low_max,8189024.391,106076.3833,40,9,0.1849651612,0.002
2019-01-22,industry_diffusion_low_max,8168647.308,106076.3833,40,9,0.1867267614,0.002
2019-01-23,industry_diffusion_low_max,8245993.42,106076.3833,40,9,0.188669394,0.002
2019-01-24,industry_diffusion_low_max,8309945.169,106076.3833,40,9,0.189737736,0.002
2019-01-25,industry_diffusion_low_max,8320305.465,90156.95813,40,8,0.1922361515,0.002
2019-01-28,industry_diffusion_low_max,8365336.867,90156.95813,40,8,0.1948280788,0.002
2019-01-29,industry_diffusion_low_max,8285633.865,90156.95813,40,8,0.1969198179,0.002
2019-01-30,industry_diffusion_low_max,8224714.016,90156.95813,40,8,0.1955071154,0.002
2019-01-31,industry_diffusion_low_max,8210061.124,90156.95813,40,8,0.1968017822,0.002
2019-02-01,industry_diffusion_low_max,8342191.447,1.746229827e-10,40,10,0.1509325804,0.002
2019-02-11,industry_diffusion_low_max,8644968.133,1.746229827e-10,40,10,0.1546618959,0.002
2019-02-12,industry_diffusion_low_max,8730585.941,1.746229827e-10,40,10,0.1549634867,0.002
2019-02-13,industry_diffusion_low_max,8846434.721,1.746229827e-10,40,10,0.1534837629,0.002
2019-02-14,industry_diffusion_low_max,8873617.742,1.746229827e-10,40,10,0.1532522203,0.002
2019-02-15,industry_diffusion_low_max,8895324.455,2.619344741e-10,40,12,0.1659024287,0.002
2019-02-18,industry_diffusion_low_max,9316770.611,2.619344741e-10,40,12,0.1672361664,0.002
2019-02-19,industry_diffusion_low_max,9331272.133,2.619344741e-10,40,12,0.1668747138,0.002
2019-02-20,industry_diffusion_low_max,9483697.158,2.619344741e-10,40,12,0.1721022575,0.002
2019-02-21,industry_diffusion_low_max,9636818.701,2.619344741e-10,40,12,0.1761054931,0.002
2019-02-22,industry_diffusion_low_max,9887215.593,512851.0616,40,15,0.1045712389,0.002
2019-02-25,industry_diffusion_low_max,10381101.33,512851.0616,40,15,0.1056117792,0.002
2019-02-26,industry_diffusion_low_max,10359029.16,512851.0616,40,15,0.1045965465,0.002
2019-02-27,industry_diffusion_low_max,10314411.64,512851.0616,40,15,0.1043822199,0.002
2019-02-28,industry_diffusion_low_max,10309954.56,512851.0616,40,15,0.1042488672,0.002
2019-03-01,industry_diffusion_low_max,10465298.56,499384.2088,40,16,0.09881809185,0.002
2019-03-04,industry_diffusion_low_max,10702358.15,499384.2088,40,16,0.09945350331,0.002
2019-03-05,industry_diffusion_low_max,10898416.93,499384.2088,40,16,0.099580965,0.002
2019-03-06,industry_diffusion_low_max,11109175.91,499384.2088,40,16,0.09857004835,0.002
2019-03-07,industry_diffusion_low_max,11110969.55,499384.2088,40,16,0.09824082426,0.002
2019-03-08,industry_diffusion_low_max,10547650.3,154355.2479,40,16,0.1025345729,0.002
2019-03-11,industry_diffusion_low_max,10877492.95,154355.2479,40,16,0.1020559431,0.002
2019-03-12,industry_diffusion_low_max,10946843.46,154355.2479,40,16,0.1021960235,0.002
2019-03-13,industry_diffusion_low_max,10864025.48,154355.2479,40,16,0.103250332,0.002
2019-03-14,industry_diffusion_low_max,10644963.62,154355.2479,40,16,0.1028392972,0.002
2019-03-15,industry_diffusion_low_max,10841532.85,-2.910383046e-10,40,20,0.09049515312,0.002
2019-03-18,industry_diffusion_low_max,11148126.59,-2.910383046e-10,40,20,0.09134256298,0.002
2019-03-19,industry_diffusion_low_max,11108052.35,-2.910383046e-10,40,20,0.09165344277,0.002
2019-03-20,industry_diffusion_low_max,11169114.22,-2.910383046e-10,40,20,0.09232187757,0.002
2019-03-21,industry_diffusion_low_max,11300252.99,-2.910383046e-10,40,20,0.09281112786,0.002
2019-03-22,industry_diffusion_low_max,11379588.76,668.1254951,40,16,0.1386799678,0.002
2019-03-25,industry_diffusion_low_max,11282749.89,668.1254951,40,16,0.1381749019,0.002
2019-03-26,industry_diffusion_low_max,11068392.23,668.1254951,40,16,0.1388170486,0.002
2019-03-27,industry_diffusion_low_max,11236501.76,668.1254951,40,16,0.1397736339,0.002
2019-03-28,industry_diffusion_low_max,11132072.36,668.1254951,40,16,0.138811332,0.002
2019-03-29,industry_diffusion_low_max,11445612.28,44803.80264,40,20,0.08587917907,0.002
2019-04-01,industry_diffusion_low_max,11758378.06,44803.80264,40,20,0.08601241076,0.002
2019-04-02,industry_diffusion_low_max,11767994.15,44803.80264,40,20,0.0859994593,0.002
2019-04-03,industry_diffusion_low_max,11884834.25,44803.80264,40,20,0.08637762714,0.002
2019-04-04,industry_diffusion_low_max,11890132.61,44803.80264,40,20,0.08656980439,0.002
2019-04-08,industry_diffusion_low_max,11884552.46,5.820766091e-11,41,20,0.06359522328,0.002
2019-04-09,industry_diffusion_low_max,12036231.15,314155.9055,40,20,0.06379723687,0.002
2019-04-10,industry_diffusion_low_max,12215572.32,314155.9055,40,20,0.06386236274,0.002
2019-04-11,industry_diffusion_low_max,12014828.18,314155.9055,40,20,0.06389844569,0.002
2019-04-12,industry_diffusion_low_max,11950084.02,314155.9055,40,20,0.06390907109,0.002
2019-04-15,industry_diffusion_low_max,11861271.54,75778.4236,40,17,0.07225888743,0.002
2019-04-16,industry_diffusion_low_max,12068981.74,75778.4236,40,17,0.07214691346,0.002
2019-04-17,industry_diffusion_low_max,12108620.03,75778.4236,40,17,0.07178759368,0.002
2019-04-18,industry_diffusion_low_max,12058440.87,75778.4236,40,17,0.07230952227,0.002
2019-04-19,industry_diffusion_low_max,12179198.87,75778.4236,40,17,0.0727576212,0.002
2019-04-22,industry_diffusion_low_max,11976039.58,171170.3534,40,20,0.06422879034,0.002
2019-04-23,industry_diffusion_low_max,11823770.05,171170.3534,40,20,0.06422652598,0.002
2019-04-24,industry_diffusion_low_max,11866619.07,171170.3534,40,20,0.06403259116,0.002
2019-04-25,industry_diffusion_low_max,11440510.5,171170.3534,40,20,0.06409956351,0.002
2019-04-26,industry_diffusion_low_max,11230948.97,171170.3534,40,20,0.06425627716,0.002
2019-04-29,industry_diffusion_low_max,10940959.65,206606.1241,40,19,0.06656189037,0.002
2019-04-30,industry_diffusion_low_max,11111491.51,206606.1241,40,19,0.06677579278,0.002
2019-05-06,industry_diffusion_low_max,10370990.37,206606.1241,40,19,0.06668595319,0.002
2019-05-07,industry_diffusion_low_max,10607031.11,452611.2748,39,19,0.06789587187,0.002
2019-05-08,industry_diffusion_low_max,10647661.97,452611.2748,39,19,0.06729954915,0.002
2019-05-09,industry_diffusion_low_max,10465046.36,279387.5476,39,17,0.0825914062,0.002
2019-05-10,industry_diffusion_low_max,10750665.58,279387.5476,39,17,0.0825714776,0.002
2019-05-13,industry_diffusion_low_max,10733286.15,279387.5476,39,17,0.08222547627,0.002
2019-05-14,industry_diffusion_low_max,10627925.59,279387.5476,39,17,0.08283212916,0.002
2019-05-15,industry_diffusion_low_max,10878553.97,279387.5476,39,17,0.08300987124,0.002
2019-05-16,industry_diffusion_low_max,10946958.93,262148.334,39,14,0.1277367714,0.002
2019-05-17,industry_diffusion_low_max,10656621.8,262148.334,39,14,0.1278647965,0.002
2019-05-20,industry_diffusion_low_max,10589430.14,262148.334,39,14,0.1265644011,0.002
2019-05-21,industry_diffusion_low_max,10823394.48,262148.334,39,14,0.1264338799,0.002
2019-05-22,industry_diffusion_low_max,10732458.34,262148.334,39,14,0.1267570544,0.002
2019-05-23,industry_diffusion_low_max,10522147.98,71176.23817,40,9,0.1880697849,0.002
2019-05-24,industry_diffusion_low_max,10431478.38,71176.23817,40,9,0.1865410513,0.002
2019-05-27,industry_diffusion_low_max,10625054.91,71176.23817,40,9,0.185789744,0.002
2019-05-28,industry_diffusion_low_max,10913891.06,71176.23817,40,9,0.187138078,0.002
2019-05-29,industry_diffusion_low_max,11004135.72,71176.23817,40,9,0.1871547735,0.002
2019-05-30,industry_diffusion_low_max,11097038.67,420197.0313,38,6,0.2255410714,0.002
2019-05-31,industry_diffusion_low_max,11095551.79,755657.1522,37,6,0.235124535,0.002
2019-06-03,industry_diffusion_low_max,11007897.23,755657.1522,37,6,0.2362097397,0.002
2019-06-04,industry_diffusion_low_max,10826926.27,1247603.398,35,6,0.2400666286,0.002
2019-06-05,industry_diffusion_low_max,10825125.17,1247603.398,35,6,0.2415374684,0.002
2019-06-06,industry_diffusion_low_max,10725229.09,695209.6025,37,7,0.1941982842,0.002
2019-06-10,industry_diffusion_low_max,10865649.55,695209.6025,37,7,0.1949437946,0.002
2019-06-11,industry_diffusion_low_max,11276487.02,695209.6025,37,7,0.1923182605,0.002
2019-06-12,industry_diffusion_low_max,11301836.12,695209.6025,37,7,0.1910154235,0.002
2019-06-13,industry_diffusion_low_max,11482709.65,695209.6025,37,7,0.190688377,0.002
2019-06-14,industry_diffusion_low_max,11237002.22,268649.773,38,6,0.2422647219,0.002
2019-06-17,industry_diffusion_low_max,11228110.49,268649.773,38,6,0.2438623103,0.002
2019-06-18,industry_diffusion_low_max,11114073.73,268649.773,38,6,0.2422208443,0.002
2019-06-19,industry_diffusion_low_max,11127027.62,268649.773,38,6,0.2419616733,0.002
2019-06-20,industry_diffusion_low_max,11233651.22,268649.773,38,6,0.2424173175,0.002
2019-06-21,industry_diffusion_low_max,11359859.08,5.820766091e-11,40,7,0.3133508571,0.002
2019-06-24,industry_diffusion_low_max,11459739.65,5.820766091e-11,40,7,0.3090660735,0.002
2019-06-25,industry_diffusion_low_max,11195297.87,5.820766091e-11,40,7,0.3109346798,0.002
2019-06-26,industry_diffusion_low_max,11114457.41,5.820766091e-11,40,7,0.3119997352,0.002
2019-06-27,industry_diffusion_low_max,11152196.92,5.820766091e-11,40,7,0.3125625976,0.002
2019-06-28,industry_diffusion_low_max,11069796.98,127900.7004,40,11,0.2852575371,0.002
2019-07-01,industry_diffusion_low_max,11297948.4,127900.7004,40,11,0.2870289793,0.002
2019-07-02,industry_diffusion_low_max,11288006.98,127900.7004,40,11,0.2885970315,0.002
2019-07-03,industry_diffusion_low_max,11107794.51,127900.7004,40,11,0.2891585312,0.002
2019-07-04,industry_diffusion_low_max,11038792.76,127900.7004,40,11,0.2910869422,0.002
2019-07-05,industry_diffusion_low_max,11106755.52,251007.1912,40,13,0.1762368046,0.002
2019-07-08,industry_diffusion_low_max,10780796.54,251007.1912,40,13,0.1734123514,0.002
2019-07-09,industry_diffusion_low_max,10893247.18,251007.1912,40,13,0.1759055729,0.002
2019-07-10,industry_diffusion_low_max,10704946.22,251007.1912,40,13,0.1738358527,0.002
2019-07-11,industry_diffusion_low_max,10710969.67,251007.1912,40,13,0.1731116617,0.002
2019-07-12,industry_diffusion_low_max,10789127.72,292935.9049,40,13,0.1346901943,0.002
2019-07-15,industry_diffusion_low_max,10860113.98,292935.9049,40,13,0.1345792472,0.002
2019-07-16,industry_diffusion_low_max,10873374.13,292935.9049,40,13,0.1342138127,0.002
2019-07-17,industry_diffusion_low_max,10859215.27,292935.9049,40,13,0.1343731831,0.002
2019-07-18,industry_diffusion_low_max,10793963.18,292935.9049,40,13,0.1349208871,0.002
2019-07-19,industry_diffusion_low_max,10822798.64,75505.4493,40,15,0.1670184177,0.002
2019-07-22,industry_diffusion_low_max,10711954.54,75505.4493,40,15,0.167610037,0.002
2019-07-23,industry_diffusion_low_max,10700985.81,75505.4493,40,15,0.1656259294,0.002
2019-07-24,industry_diffusion_low_max,10795466.36,75505.4493,40,15,0.1645467416,0.002
2019-07-25,industry_diffusion_low_max,10829976.39,75505.4493,40,15,0.1652109407,0.002
2019-07-26,industry_diffusion_low_max,10850843.12,166114.3986,40,11,0.1824792283,0.002
2019-07-29,industry_diffusion_low_max,10897782.7,166114.3986,40,11,0.1831418969,0.002
2019-07-30,industry_diffusion_low_max,10911362.02,166114.3986,40,11,0.1829604306,0.002
2019-07-31,industry_diffusion_low_max,10810753.7,166114.3986,40,11,0.1821287231,0.002
2019-08-01,industry_diffusion_low_max,10772926.76,166114.3986,40,11,0.181906698,0.002
2019-08-02,industry_diffusion_low_max,10749265.74,186119.0208,40,8,0.2277133943,0.002
2019-08-05,industry_diffusion_low_max,10549076.87,186119.0208,40,8,0.2274413023,0.002
2019-08-06,industry_diffusion_low_max,10377562.97,186119.0208,40,8,0.2286126779,0.002
2019-08-07,industry_diffusion_low_max,10286034.32,186119.0208,40,8,0.2287982911,0.002
2019-08-08,industry_diffusion_low_max,10331381.81,186119.0208,40,8,0.2289483572,0.002
2019-08-09,industry_diffusion_low_max,10159471.59,66672.89527,40,10,0.1543899107,0.002
2019-08-12,industry_diffusion_low_max,10364871.13,66672.89527,40,10,0.1552222087,0.002
2019-08-13,industry_diffusion_low_max,10362547.49,66672.89527,40,10,0.1545008282,0.002
2019-08-14,industry_diffusion_low_max,10396611.96,66672.89527,40,10,0.153828454,0.002
2019-08-15,industry_diffusion_low_max,10380500.34,66672.89527,40,10,0.1533585946,0.002
2019-08-16,industry_diffusion_low_max,10427279.34,4.365574569e-10,40,9,0.15403955,0.002
2019-08-19,industry_diffusion_low_max,10739194.17,4.365574569e-10,40,9,0.1536478638,0.002
2019-08-20,industry_diffusion_low_max,10723602.15,4.365574569e-10,40,9,0.1532859839,0.002
2019-08-21,industry_diffusion_low_max,10721241.27,4.365574569e-10,40,9,0.1534764774,0.002
2019-08-22,industry_diffusion_low_max,10813220.61,4.365574569e-10,40,9,0.1534453029,0.002
2019-08-23,industry_diffusion_low_max,10828253.87,-1.164153218e-10,40,12,0.1348355483,0.002
2019-08-26,industry_diffusion_low_max,10818885.33,-1.164153218e-10,40,12,0.1328256891,0.002
2019-08-27,industry_diffusion_low_max,10954369.54,-1.164153218e-10,40,12,0.1321673272,0.002
2019-08-28,industry_diffusion_low_max,10876438.34,-1.164153218e-10,40,12,0.1310450626,0.002
2019-08-29,industry_diffusion_low_max,10845720.34,-1.164153218e-10,40,12,0.1313725074,0.002
2019-08-30,industry_diffusion_low_max,10811559.8,50854.45134,40,12,0.1558594772,0.002
2019-09-02,industry_diffusion_low_max,10996726.98,50854.45134,40,12,0.1557250725,0.002
2019-09-03,industry_diffusion_low_max,11055232.43,50854.45134,40,12,0.1565721116,0.002
2019-09-04,industry_diffusion_low_max,11201729.88,50854.45134,40,12,0.1582658027,0.002
2019-09-05,industry_diffusion_low_max,11397528.26,50854.45134,40,12,0.1599372861,0.002
2019-09-06,industry_diffusion_low_max,11360872.11,69952.91462,40,16,0.1293563697,0.002
2019-09-09,industry_diffusion_low_max,11616005.12,69952.91462,40,16,0.130066408,0.002
2019-09-10,industry_diffusion_low_max,11650559.81,69952.91462,40,16,0.13034098,0.002
2019-09-11,industry_diffusion_low_max,11582190.27,69952.91462,40,16,0.1302417493,0.002
2019-09-12,industry_diffusion_low_max,11572692.24,69952.91462,40,16,0.1299542507,0.002
2019-09-16,industry_diffusion_low_max,11582138.8,0,41,21,0.07175268492,0.002
2019-09-17,industry_diffusion_low_max,11365043.14,0,41,21,0.07090694105,0.002
2019-09-18,industry_diffusion_low_max,11379540.78,0,41,21,0.0708084079,0.002
2019-09-19,industry_diffusion_low_max,11499186.96,315231.4376,40,21,0.07101688445,0.002
2019-09-20,industry_diffusion_low_max,11556398.91,315231.4376,40,21,0.07134560194,0.002
2019-09-23,industry_diffusion_low_max,11460426.58,415244.6326,40,19,0.0803914228,0.002
2019-09-24,industry_diffusion_low_max,11495746.13,415244.6326,40,19,0.08011728597,0.002
2019-09-25,industry_diffusion_low_max,11288324.07,415244.6326,40,19,0.07990427231,0.002
2019-09-26,industry_diffusion_low_max,11014969.92,415244.6326,40,19,0.07982051231,0.002
2019-09-27,industry_diffusion_low_max,11053759.31,415244.6326,40,19,0.07939283132,0.002
2019-09-30,industry_diffusion_low_max,10996346.66,304117.8298,40,17,0.1097542925,0.002
2019-10-08,industry_diffusion_low_max,11073291.11,304117.8298,40,17,0.1097177139,0.002
2019-10-09,industry_diffusion_low_max,11124945.87,304117.8298,40,17,0.1101675181,0.002
2019-10-10,industry_diffusion_low_max,11207357.81,304117.8298,40,17,0.1094614395,0.002
2019-10-11,industry_diffusion_low_max,11297439.39,304117.8298,40,17,0.1098267313,0.002
2019-10-14,industry_diffusion_low_max,11501801.42,244514.7055,40,16,0.1487960353,0.002
2019-10-15,industry_diffusion_low_max,11468604.65,244514.7055,40,16,0.1496116352,0.002
2019-10-16,industry_diffusion_low_max,11397276.84,244514.7055,40,16,0.1504526002,0.002
2019-10-17,industry_diffusion_low_max,11402252.58,244514.7055,40,16,0.149659979,0.002
2019-10-18,industry_diffusion_low_max,11268769.12,244514.7055,40,16,0.1498130593,0.002
2019-10-21,industry_diffusion_low_max,11289024.93,1.164153218e-10,40,12,0.1716936515,0.002
2019-10-22,industry_diffusion_low_max,11332501.42,1.164153218e-10,40,12,0.1710794996,0.002
2019-10-23,industry_diffusion_low_max,11256450.71,1.164153218e-10,40,12,0.1721634961,0.002
2019-10-24,industry_diffusion_low_max,11294155.35,1.164153218e-10,40,12,0.1729461667,0.002
2019-10-25,industry_diffusion_low_max,11290154.1,1.164153218e-10,40,12,0.1725721258,0.002
2019-10-28,industry_diffusion_low_max,11420368.79,20286.21231,40,9,0.2356894903,0.002
2019-10-29,industry_diffusion_low_max,11411079.31,20286.21231,40,9,0.2349273286,0.002
2019-10-30,industry_diffusion_low_max,11300983.54,20286.21231,40,9,0.2374066466,0.002
2019-10-31,industry_diffusion_low_max,11241114.54,20286.21231,40,9,0.2375462422,0.002
2019-11-01,industry_diffusion_low_max,11277647.91,20286.21231,40,9,0.2388376759,0.002
2019-11-04,industry_diffusion_low_max,11323647.81,106856.832,40,11,0.1362272185,0.002
2019-11-05,industry_diffusion_low_max,11362371.75,106856.832,40,11,0.1370681661,0.002
2019-11-06,industry_diffusion_low_max,11238461.13,106856.832,40,11,0.1369243751,0.002
2019-11-07,industry_diffusion_low_max,11317890.35,106856.832,40,11,0.1371661837,0.002
2019-11-08,industry_diffusion_low_max,11238273.23,106856.832,40,11,0.1366559734,0.002
2019-11-11,industry_diffusion_low_max,11013216.52,153277.3955,40,8,0.1878455836,0.002
2019-11-12,industry_diffusion_low_max,11106654.11,153277.3955,40,8,0.1888687005,0.002
2019-11-13,industry_diffusion_low_max,11086050.01,153277.3955,40,8,0.1895179875,0.002
2019-11-14,industry_diffusion_low_max,11127736.69,153277.3955,40,8,0.189953103,0.002
2019-11-15,industry_diffusion_low_max,10897806.01,153277.3955,40,8,0.188932486,0.002
2019-11-18,industry_diffusion_low_max,10920570.24,151825.1359,40,9,0.1856110534,0.002
2019-11-19,industry_diffusion_low_max,11061971.34,151825.1359,40,9,0.1860744208,0.002
2019-11-20,industry_diffusion_low_max,11006131.22,151825.1359,40,9,0.186571519,0.002
2019-11-21,industry_diffusion_low_max,10980778.75,151825.1359,40,9,0.1846731289,0.002
2019-11-22,industry_diffusion_low_max,10799630.07,151825.1359,40,9,0.183661474,0.002
2019-11-25,industry_diffusion_low_max,10755921.62,-1.164153218e-10,40,9,0.1958870999,0.002
2019-11-26,industry_diffusion_low_max,10815837.78,-1.164153218e-10,40,9,0.1966383973,0.002
2019-11-27,industry_diffusion_low_max,10796931.89,-1.164153218e-10,40,9,0.1964737939,0.002
2019-11-28,industry_diffusion_low_max,10752728.52,-1.164153218e-10,40,9,0.1966967931,0.002
2019-11-29,industry_diffusion_low_max,10644780.71,-1.164153218e-10,40,9,0.1959486316,0.002
2019-12-02,industry_diffusion_low_max,10620922.38,29510.40041,40,7,0.2105847559,0.002
2019-12-03,industry_diffusion_low_max,10601778.21,29510.40041,40,7,0.2104617076,0.002
2019-12-04,industry_diffusion_low_max,10556636.71,29510.40041,40,7,0.2098800429,0.002
2019-12-05,industry_diffusion_low_max,10641724.33,29510.40041,40,7,0.209897307,0.002
2019-12-06,industry_diffusion_low_max,10757519.48,29510.40041,40,7,0.2100716258,0.002
2019-12-09,industry_diffusion_low_max,10810097.67,42370.94025,40,8,0.1825418209,0.002
2019-12-10,industry_diffusion_low_max,10871289.16,42370.94025,40,8,0.1827882005,0.002
2019-12-11,industry_diffusion_low_max,10846467.1,42370.94025,40,8,0.1822890333,0.002
2019-12-12,industry_diffusion_low_max,10812327.16,42370.94025,40,8,0.1822433877,0.002
2019-12-13,industry_diffusion_low_max,10921819.04,42370.94025,40,8,0.1827152328,0.002
2019-12-16,industry_diffusion_low_max,11024008.54,0,40,9,0.2079625934,0.002
2019-12-17,industry_diffusion_low_max,11194591.55,0,40,9,0.2088968427,0.002
2019-12-18,industry_diffusion_low_max,11218543.91,0,40,9,0.208158617,0.002
2019-12-19,industry_diffusion_low_max,11245016.09,0,40,9,0.2085268454,0.002
2019-12-20,industry_diffusion_low_max,11222435.29,0,40,9,0.2109378402,0.002
2019-12-23,industry_diffusion_low_max,11092556.57,6.4028427e-10,40,12,0.1928665942,0.002
2019-12-24,industry_diffusion_low_max,11349208.65,6.4028427e-10,40,12,0.1937727343,0.002
2019-12-25,industry_diffusion_low_max,11413540.72,6.4028427e-10,40,12,0.1926069662,0.002
2019-12-26,industry_diffusion_low_max,11515344.57,6.4028427e-10,40,12,0.1918970677,0.002
2019-12-27,industry_diffusion_low_max,11497845.86,6.4028427e-10,40,12,0.190443437,0.002
2019-12-30,industry_diffusion_low_max,11625423.45,37138.75657,40,16,0.1065772511,0.002
2019-12-31,industry_diffusion_low_max,11700816.9,37138.75657,40,16,0.1056217383,0.002
2020-01-02,industry_diffusion_low_max,11943227.87,37138.75657,40,16,0.105626263,0.002
2020-01-03,industry_diffusion_low_max,12004047.02,37138.75657,40,16,0.1050172453,0.002
2020-01-06,industry_diffusion_low_max,12119472.66,37138.75657,40,16,0.1057945917,0.002
2020-01-07,industry_diffusion_low_max,12256301.39,123635.8962,40,16,0.1050352762,0.002
2020-01-08,industry_diffusion_low_max,12156347.23,123635.8962,40,16,0.1044152183,0.002
2020-01-09,industry_diffusion_low_max,12309848.09,123635.8962,40,16,0.104557364,0.002
2020-01-10,industry_diffusion_low_max,12294834.48,123635.8962,40,16,0.1053868235,0.002
2020-01-13,industry_diffusion_low_max,12392582.78,123635.8962,40,16,0.1048786822,0.002
2020-01-14,industry_diffusion_low_max,12323854.25,52724.89754,40,16,0.1163582337,0.002
2020-01-15,industry_diffusion_low_max,12236049.43,52724.89754,40,16,0.115518386,0.002
2020-01-16,industry_diffusion_low_max,12162237.88,52724.89754,40,16,0.1154765894,0.002
2020-01-17,industry_diffusion_low_max,12164301.53,52724.89754,40,16,0.11570388,0.002
2020-01-20,industry_diffusion_low_max,12253593.51,52724.89754,40,16,0.1146743736,0.002
2020-01-21,industry_diffusion_low_max,11987286.05,37159.96792,40,17,0.1093651198,0.002
2020-01-22,industry_diffusion_low_max,11962165.2,37159.96792,40,17,0.1091832039,0.002
2020-01-23,industry_diffusion_low_max,11575989.55,37159.96792,40,17,0.1094373788,0.002
2020-02-03,industry_diffusion_low_max,10460702.9,37159.96792,40,17,0.1099459072,0.002
2020-02-04,industry_diffusion_low_max,10465103.6,37159.96792,40,17,0.1138361057,0.002
2020-02-05,industry_diffusion_low_max,10717014.21,-2.910383046e-10,40,17,0.1085006988,0.002
2020-02-06,industry_diffusion_low_max,10980913.71,-2.910383046e-10,40,17,0.1087570899,0.002
2020-02-07,industry_diffusion_low_max,11021895.8,-2.910383046e-10,40,17,0.1082961361,0.002
2020-02-10,industry_diffusion_low_max,11125890.89,-2.910383046e-10,40,17,0.1085401642,0.002
2020-02-11,industry_diffusion_low_max,11221269.16,-2.910383046e-10,40,17,0.1104925519,0.002
2020-02-12,industry_diffusion_low_max,11394277.94,6.4028427e-10,40,14,0.232098884,0.002
2020-02-13,industry_diffusion_low_max,11218926.56,6.4028427e-10,40,14,0.2308565474,0.002
2020-02-14,industry_diffusion_low_max,11182412.73,6.4028427e-10,40,14,0.2286624666,0.002
2020-02-17,industry_diffusion_low_max,11483516.28,6.4028427e-10,40,14,0.2302041532,0.002
2020-02-18,industry_diffusion_low_max,11677208.38,6.4028427e-10,40,14,0.2280626833,0.002
2020-02-19,industry_diffusion_low_max,11664255.54,3.492459655e-10,40,10,0.264951325,0.002
2020-02-20,industry_diffusion_low_max,11908594.94,3.492459655e-10,40,10,0.2622881434,0.002
2020-02-21,industry_diffusion_low_max,12059516.79,3.492459655e-10,40,10,0.2594653893,0.002
2020-02-24,industry_diffusion_low_max,12238014.54,3.492459655e-10,40,10,0.261601259,0.002
2020-02-25,industry_diffusion_low_max,12131951.66,3.492459655e-10,40,10,0.2651236465,0.002
2020-02-26,industry_diffusion_low_max,11608818.01,315587.47,40,7,0.2898784914,0.002
2020-02-27,industry_diffusion_low_max,11627095.34,315587.47,40,7,0.2910137632,0.002
2020-02-28,industry_diffusion_low_max,11034051.69,315587.47,40,7,0.2978083075,0.002
2020-03-02,industry_diffusion_low_max,11333889.28,315587.47,40,7,0.2968318045,0.002
2020-03-03,industry_diffusion_low_max,11530408.61,315587.47,40,7,0.3004185281,0.002
2020-03-04,industry_diffusion_low_max,11564484.99,135793.0594,40,13,0.1593085352,0.002
2020-03-05,industry_diffusion_low_max,11709265.81,135793.0594,40,13,0.1596225564,0.002
2020-03-06,industry_diffusion_low_max,11722244.61,135793.0594,40,13,0.1602252121,0.002
2020-03-09,industry_diffusion_low_max,11215057.82,135793.0594,40,13,0.1601412702,0.002
2020-03-10,industry_diffusion_low_max,11437198.69,135793.0594,40,13,0.160593736,0.002
2020-03-11,industry_diffusion_low_max,11364562.64,308572.0443,40,18,0.1273774889,0.002
2020-03-12,industry_diffusion_low_max,11159809.49,308572.0443,40,18,0.1286968422,0.002
2020-03-13,industry_diffusion_low_max,11070857.6,308572.0443,40,18,0.1300675683,0.002
2020-03-16,industry_diffusion_low_max,10664115.62,308572.0443,40,18,0.1294562213,0.002
2020-03-17,industry_diffusion_low_max,10626376.63,308572.0443,40,18,0.1286689603,0.002
2020-03-18,industry_diffusion_low_max,10514132.81,136620.4644,40,19,0.121468728,0.002
2020-03-19,industry_diffusion_low_max,10524341.73,136620.4644,40,19,0.1199768514,0.002
2020-03-20,industry_diffusion_low_max,10758039.05,136620.4644,40,19,0.1235917013,0.002
2020-03-23,industry_diffusion_low_max,10407243.26,136620.4644,40,19,0.1261490579,0.002
2020-03-24,industry_diffusion_low_max,10843904.51,136620.4644,40,19,0.1300336347,0.002
2020-03-25,industry_diffusion_low_max,11108528.49,123221.0217,40,16,0.2379345141,0.002
2020-03-26,industry_diffusion_low_max,11182527.13,123221.0217,40,16,0.2459398267,0.002
2020-03-27,industry_diffusion_low_max,11157370.9,123221.0217,40,16,0.2423830235,0.002
2020-03-30,industry_diffusion_low_max,11037032.9,123221.0217,40,16,0.2451763891,0.002
2020-03-31,industry_diffusion_low_max,11340891.44,123221.0217,40,16,0.2591164522,0.002
2020-04-01,industry_diffusion_low_max,11076228.25,4.656612873e-10,40,13,0.4251385143,0.002
2020-04-02,industry_diffusion_low_max,11054401.75,4.656612873e-10,40,13,0.424111338,0.002
2020-04-03,industry_diffusion_low_max,11170154.88,4.656612873e-10,40,13,0.4310133588,0.002
2020-04-07,industry_diffusion_low_max,11558535.67,4.656612873e-10,40,13,0.4312964988,0.002
2020-04-08,industry_diffusion_low_max,11411688.9,4.656612873e-10,40,13,0.4253662213,0.002
2020-04-09,industry_diffusion_low_max,11734057.02,5.820766091e-11,40,6,0.7433465557,0.002
2020-04-10,industry_diffusion_low_max,11454444.99,5.820766091e-11,40,6,0.7431530623,0.002
2020-04-13,industry_diffusion_low_max,11521407.68,5.820766091e-11,40,6,0.7425065306,0.002
2020-04-14,industry_diffusion_low_max,11641735.44,5.820766091e-11,40,6,0.7414712968,0.002
2020-04-15,industry_diffusion_low_max,11396822.89,5.820766091e-11,40,6,0.7405916866,0.002
2020-04-16,industry_diffusion_low_max,11367496.35,145987.4859,40,10,0.4142309316,0.002
2020-04-17,industry_diffusion_low_max,11321889.78,145987.4859,40,10,0.4110125973,0.002
2020-04-20,industry_diffusion_low_max,11469628.02,145987.4859,40,10,0.4045715433,0.002
2020-04-21,industry_diffusion_low_max,11520926.61,145987.4859,40,10,0.4059716442,0.002
2020-04-22,industry_diffusion_low_max,11894883.04,145987.4859,40,10,0.4071453874,0.002
2020-04-23,industry_diffusion_low_max,11909737.4,214451.566,40,12,0.1932989068,0.002
2020-04-24,industry_diffusion_low_max,11800912.13,512580.2166,39,12,0.2023449355,0.002
2020-04-27,industry_diffusion_low_max,11876553.33,512580.2166,39,12,0.2058587151,0.002
2020-04-28,industry_diffusion_low_max,12017652.86,512580.2166,39,12,0.2066468364,0.002
2020-04-29,industry_diffusion_low_max,11758857.89,512580.2166,39,12,0.2042501371,0.002
2020-04-30,industry_diffusion_low_max,11772562.33,660782.189,38,16,0.1144230918,0.002
2020-05-06,industry_diffusion_low_max,11918125.05,940395.5255,37,16,0.1112819987,0.002
2020-05-07,industry_diffusion_low_max,12099939.27,940395.5255,37,16,0.1121953057,0.002
2020-05-08,industry_diffusion_low_max,12275845.1,940395.5255,37,16,0.1122372917,0.002
2020-05-11,industry_diffusion_low_max,12275767.63,940395.5255,37,16,0.1117156536,0.002
2020-05-12,industry_diffusion_low_max,12330352.47,175375.9439,39,18,0.1008740829,0.002
2020-05-13,industry_diffusion_low_max,12656572.4,175375.9439,39,18,0.101533527,0.002
2020-05-14,industry_diffusion_low_max,12586946.47,175375.9439,39,18,0.102265587,0.002
2020-05-15,industry_diffusion_low_max,12513827.41,175375.9439,39,18,0.1021428771,0.002
2020-05-18,industry_diffusion_low_max,12740849.01,175375.9439,39,18,0.1027088954,0.002
2020-05-19,industry_diffusion_low_max,12828319.11,-6.98491931e-10,40,15,0.111948682,0.002
2020-05-20,industry_diffusion_low_max,12571479.21,-6.98491931e-10,40,15,0.1101649572,0.002
2020-05-21,industry_diffusion_low_max,12461411.46,-6.98491931e-10,40,15,0.1100814558,0.002
2020-05-22,industry_diffusion_low_max,12269370.99,-6.98491931e-10,40,15,0.1101973815,0.002
2020-05-25,industry_diffusion_low_max,12356177.64,-6.98491931e-10,40,15,0.1117630629,0.002
2020-05-26,industry_diffusion_low_max,12631203.37,27083.29662,40,14,0.1758271595,0.002
2020-05-27,industry_diffusion_low_max,12666177.63,27083.29662,40,14,0.1767106203,0.002
2020-05-28,industry_diffusion_low_max,12742100.45,27083.29662,40,14,0.1771397296,0.002
2020-05-29,industry_diffusion_low_max,12960243.74,27083.29662,40,14,0.1782294157,0.002
2020-06-01,industry_diffusion_low_max,13190508.13,27083.29662,40,14,0.176172413,0.002
2020-06-02,industry_diffusion_low_max,13020061.38,62638.89523,40,15,0.1398022773,0.002
2020-06-03,industry_diffusion_low_max,12999465.63,62638.89523,40,15,0.1415282032,0.002
2020-06-04,industry_diffusion_low_max,13332194.06,62638.89523,40,15,0.1482838915,0.002
2020-06-05,industry_diffusion_low_max,13204820.16,62638.89523,40,15,0.145031338,0.002
2020-06-08,industry_diffusion_low_max,13060179.76,62638.89523,40,15,0.1413860783,0.002
2020-06-09,industry_diffusion_low_max,13138949.96,158616.1228,40,14,0.1364471643,0.002
2020-06-10,industry_diffusion_low_max,13190591.38,158616.1228,40,14,0.1362895077,0.002
2020-06-11,industry_diffusion_low_max,13015902.26,158616.1228,40,14,0.1346318529,0.002
2020-06-12,industry_diffusion_low_max,13073772.41,158616.1228,40,14,0.1363336738,0.002
2020-06-15,industry_diffusion_low_max,12960027.28,158616.1228,40,14,0.1372614218,0.002
2020-06-16,industry_diffusion_low_max,13202791.83,2.328306437e-10,40,17,0.1151214353,0.002
2020-06-17,industry_diffusion_low_max,13209178.28,2.328306437e-10,40,17,0.1140446083,0.002
2020-06-18,industry_diffusion_low_max,13135799.57,673827.9429,38,17,0.112655741,0.002
2020-06-19,industry_diffusion_low_max,13334435.35,673827.9429,38,17,0.1136614903,0.002
2020-06-22,industry_diffusion_low_max,13305298.48,673827.9429,38,17,0.1140922154,0.002
2020-06-23,industry_diffusion_low_max,13505060.11,722932.3286,36,18,0.102095941,0.002
2020-06-24,industry_diffusion_low_max,13451162.65,722932.3286,36,18,0.1017555488,0.002
2020-06-29,industry_diffusion_low_max,13429938.98,722932.3286,36,18,0.1035144486,0.002
2020-06-30,industry_diffusion_low_max,13585135.11,722932.3286,36,18,0.1042087531,0.002
2020-07-01,industry_diffusion_low_max,13881421.37,722932.3286,36,18,0.1082235439,0.002
2020-07-02,industry_diffusion_low_max,14084126.44,461382.6145,37,20,0.1275027057,0.002
2020-07-03,industry_diffusion_low_max,14070729.5,461382.6145,37,20,0.1237561022,0.002
2020-07-06,industry_diffusion_low_max,14555161.85,461382.6145,37,20,0.1211931674,0.002
2020-07-07,industry_diffusion_low_max,14816374.46,461382.6145,37,20,0.1235758158,0.002
2020-07-08,industry_diffusion_low_max,15057537.02,461382.6145,37,20,0.1209865392,0.002
2020-07-09,industry_diffusion_low_max,15325173.36,1018089.773,36,20,0.07102984781,0.002
2020-07-10,industry_diffusion_low_max,15204793.74,1018089.773,36,20,0.07249264538,0.002
2020-07-13,industry_diffusion_low_max,15754219.23,1018089.773,36,20,0.07338680438,0.002
2020-07-14,industry_diffusion_low_max,15782016.51,1018089.773,36,20,0.0733750431,0.002
2020-07-15,industry_diffusion_low_max,15691217.97,1018089.773,36,20,0.07559448421,0.002
2020-07-16,industry_diffusion_low_max,14836178.46,423764.1301,37,20,0.07081581041,0.002
2020-07-17,industry_diffusion_low_max,14920879.33,423764.1301,37,20,0.0706980183,0.002
2020-07-20,industry_diffusion_low_max,15392661.68,423764.1301,37,20,0.06948522113,0.002
2020-07-21,industry_diffusion_low_max,15545996.67,423764.1301,37,20,0.07004068958,0.002
2020-07-22,industry_diffusion_low_max,15591704.2,423764.1301,37,20,0.07045585098,0.002
2020-07-23,industry_diffusion_low_max,15583478.5,5.820766091e-11,40,20,0.06752532608,0.002
2020-07-24,industry_diffusion_low_max,14870039.76,5.820766091e-11,40,20,0.06747658216,0.002
2020-07-27,industry_diffusion_low_max,15025301.72,5.820766091e-11,40,20,0.06791885211,0.002
2020-07-28,industry_diffusion_low_max,15082925.75,5.820766091e-11,40,20,0.0681062338,0.002
2020-07-29,industry_diffusion_low_max,15382193.53,5.820766091e-11,40,20,0.06800030518,0.002
2020-07-30,industry_diffusion_low_max,15316927.3,47384.13982,40,19,0.07879604226,0.002
2020-07-31,industry_diffusion_low_max,15428562.93,47384.13982,40,19,0.07826429515,0.002
2020-08-03,industry_diffusion_low_max,15801354.23,47384.13982,40,19,0.07772640592,0.002
2020-08-04,industry_diffusion_low_max,15936949.87,47384.13982,40,19,0.07792636362,0.002
2020-08-05,industry_diffusion_low_max,15994594.08,47384.13982,40,19,0.07734793631,0.002
2020-08-06,industry_diffusion_low_max,16037405.37,119828.8668,40,20,0.0813947036,0.002
2020-08-07,industry_diffusion_low_max,15772197.36,119828.8668,40,20,0.08201586848,0.002
2020-08-10,industry_diffusion_low_max,15853678.91,119828.8668,40,20,0.0815972659,0.002
2020-08-11,industry_diffusion_low_max,15596855.92,119828.8668,40,20,0.08091678318,0.002
2020-08-12,industry_diffusion_low_max,15503538.69,119828.8668,40,20,0.08133032057,0.002
2020-08-13,industry_diffusion_low_max,15842743.05,171206.7843,40,20,0.09115639421,0.002
2020-08-14,industry_diffusion_low_max,15759678.81,171206.7843,40,20,0.08864626462,0.002
2020-08-17,industry_diffusion_low_max,16060257.72,171206.7843,40,20,0.08923256598,0.002
2020-08-18,industry_diffusion_low_max,16246510.98,171206.7843,40,20,0.08919838937,0.002
2020-08-19,industry_diffusion_low_max,16210847.59,171206.7843,40,20,0.09079178797,0.002
2020-08-20,industry_diffusion_low_max,15754931.97,29340.39301,40,15,0.1088621701,0.002
2020-08-21,industry_diffusion_low_max,15696188.52,29340.39301,40,15,0.1085192456,0.002
2020-08-24,industry_diffusion_low_max,15908277.47,29340.39301,40,15,0.1106858628,0.002
2020-08-25,industry_diffusion_low_max,15713544.08,29340.39301,40,15,0.1102700743,0.002
2020-08-26,industry_diffusion_low_max,15274847,29340.39301,40,15,0.1084898872,0.002
2020-08-27,industry_diffusion_low_max,15309380.81,-1.047737896e-09,40,12,0.1247957515,0.002
2020-08-28,industry_diffusion_low_max,15577072.45,-1.047737896e-09,40,12,0.12452181,0.002
2020-08-31,industry_diffusion_low_max,15521507.94,-1.047737896e-09,40,12,0.1240531488,0.002
2020-09-01,industry_diffusion_low_max,15672248.84,-1.047737896e-09,40,12,0.1234702467,0.002
2020-09-02,industry_diffusion_low_max,15697401.82,-1.047737896e-09,40,12,0.1240619353,0.002
2020-09-03,industry_diffusion_low_max,15562905.77,75841.2893,40,11,0.1433349908,0.002
2020-09-04,industry_diffusion_low_max,15451610.63,75841.2893,40,11,0.1432508012,0.002
2020-09-07,industry_diffusion_low_max,15128163.31,75841.2893,40,11,0.1428616212,0.002
2020-09-08,industry_diffusion_low_max,15130455.02,75841.2893,40,11,0.1417171195,0.002
2020-09-09,industry_diffusion_low_max,14896552.2,75841.2893,40,11,0.1413793414,0.002
2020-09-10,industry_diffusion_low_max,14609088.97,8989.860976,40,8,0.2819796582,0.002
2020-09-11,industry_diffusion_low_max,14796660.41,8989.860976,40,8,0.2884013645,0.002
2020-09-14,industry_diffusion_low_max,14956434.33,8989.860976,40,8,0.2884605568,0.002
2020-09-15,industry_diffusion_low_max,15085024.52,8989.860976,40,8,0.2839410841,0.002
2020-09-16,industry_diffusion_low_max,14917197.18,8989.860976,40,8,0.2827372531,0.002
2020-09-17,industry_diffusion_low_max,14774261.61,5.820766091e-10,40,8,0.2871028414,0.002
2020-09-18,industry_diffusion_low_max,14946924.26,5.820766091e-10,40,8,0.2877086953,0.002
2020-09-21,industry_diffusion_low_max,14742077.27,5.820766091e-10,40,8,0.2876632425,0.002
2020-09-22,industry_diffusion_low_max,14455563.8,5.820766091e-10,40,8,0.2904348298,0.002
2020-09-23,industry_diffusion_low_max,14469569.76,5.820766091e-10,40,8,0.2883084379,0.002
2020-09-24,industry_diffusion_low_max,14161899.17,0,40,5,0.3612904932,0.002
2020-09-25,industry_diffusion_low_max,14071504.71,0,40,5,0.3605915473,0.002
2020-09-28,industry_diffusion_low_max,14012632.93,0,40,5,0.3624609303,0.002
2020-09-29,industry_diffusion_low_max,14032121.16,0,40,5,0.3602827769,0.002
2020-09-30,industry_diffusion_low_max,14145585.59,0,40,5,0.3611933857,0.002
2020-10-09,industry_diffusion_low_max,14650964.82,1.105945557e-09,40,5,0.2497405062,0.002
2020-10-12,industry_diffusion_low_max,15177654.07,1.105945557e-09,40,5,0.2500241016,0.002
2020-10-13,industry_diffusion_low_max,15289943.29,1.105945557e-09,40,5,0.2487663298,0.002
2020-10-14,industry_diffusion_low_max,15496109.63,1.105945557e-09,40,5,0.2479100294,0.002
2020-10-15,industry_diffusion_low_max,15319630.83,1.105945557e-09,40,5,0.2461264654,0.002
2020-10-16,industry_diffusion_low_max,15201120.49,5.820766091e-11,40,7,0.2137345514,0.002
2020-10-19,industry_diffusion_low_max,15044484.79,5.820766091e-11,40,7,0.2132095072,0.002
2020-10-20,industry_diffusion_low_max,15171172.64,5.820766091e-11,40,7,0.2121052368,0.002
2020-10-21,industry_diffusion_low_max,14909911.5,5.820766091e-11,40,7,0.2108631375,0.002
2020-10-22,industry_diffusion_low_max,14799929.57,5.820766091e-11,40,7,0.2111168016,0.002
2020-10-23,industry_diffusion_low_max,14691875.95,43777.54544,40,10,0.157311171,0.002
2020-10-26,industry_diffusion_low_max,14807969.34,43777.54544,40,10,0.1590708396,0.002
2020-10-27,industry_diffusion_low_max,14558977.28,43777.54544,40,10,0.1587483987,0.002
2020-10-28,industry_diffusion_low_max,14702809.22,43777.54544,40,10,0.1591159613,0.002
2020-10-29,industry_diffusion_low_max,14837249.49,43777.54544,40,10,0.1604053461,0.002
2020-10-30,industry_diffusion_low_max,14520811.96,-1.164153218e-09,40,9,0.2260434225,0.002
2020-11-02,industry_diffusion_low_max,14757581.95,-1.164153218e-09,40,9,0.2303257433,0.002
2020-11-03,industry_diffusion_low_max,14798496.99,-1.164153218e-09,40,9,0.2269735746,0.002
2020-11-04,industry_diffusion_low_max,15029521.14,-1.164153218e-09,40,9,0.2323636162,0.002
2020-11-05,industry_diffusion_low_max,15672600.68,-1.164153218e-09,40,9,0.2369558427,0.002
2020-11-06,industry_diffusion_low_max,15478030.34,25427.10454,40,11,0.19488187,0.002
2020-11-09,industry_diffusion_low_max,15617477.24,25427.10454,40,11,0.1930844662,0.002
2020-11-10,industry_diffusion_low_max,15412500.39,25427.10454,40,11,0.1912987192,0.002
2020-11-11,industry_diffusion_low_max,14998788.59,25427.10454,40,11,0.1847814252,0.002
2020-11-12,industry_diffusion_low_max,15134171.35,25427.10454,40,11,0.1841843578,0.002
2020-11-13,industry_diffusion_low_max,15288619.05,1.047737896e-09,40,10,0.2057643639,0.002
2020-11-16,industry_diffusion_low_max,15444039.37,1.047737896e-09,40,10,0.2049270925,0.002
2020-11-17,industry_diffusion_low_max,15717211.55,1.047737896e-09,40,10,0.2100870031,0.002
2020-11-18,industry_diffusion_low_max,15750273.4,1.047737896e-09,40,10,0.2136024055,0.002
2020-11-19,industry_diffusion_low_max,15689096.87,1.047737896e-09,40,10,0.2112807261,0.002
2020-11-20,industry_diffusion_low_max,16329034.7,264703.2174,40,9,0.159435174,0.002
2020-11-23,industry_diffusion_low_max,16925924.24,264703.2174,40,9,0.1614053174,0.002
2020-11-24,industry_diffusion_low_max,17200930.19,264703.2174,40,9,0.1623299809,0.002
2020-11-25,industry_diffusion_low_max,17087253.75,264703.2174,40,9,0.164058966,0.002
2020-11-26,industry_diffusion_low_max,16824708.68,264703.2174,40,9,0.1635451592,0.002
2020-11-27,industry_diffusion_low_max,16833737.04,482170.6581,40,9,0.1510943521,0.002
2020-11-30,industry_diffusion_low_max,16753004.44,482170.6581,40,9,0.1517382945,0.002
2020-12-01,industry_diffusion_low_max,16893472.07,482170.6581,40,9,0.1508931966,0.002
2020-12-02,industry_diffusion_low_max,16805955.56,482170.6581,40,9,0.150574088,0.002
2020-12-03,industry_diffusion_low_max,16708768.44,482170.6581,40,9,0.1494736711,0.002
2020-12-04,industry_diffusion_low_max,17000469.38,617804.5971,40,10,0.1597259552,0.002
2020-12-07,industry_diffusion_low_max,16996549.7,617804.5971,40,10,0.1597458516,0.002
2020-12-08,industry_diffusion_low_max,16950133.38,617804.5971,40,10,0.1588181192,0.002
2020-12-09,industry_diffusion_low_max,16861362.5,617804.5971,40,10,0.1585508502,0.002
2020-12-10,industry_diffusion_low_max,16901636.22,617804.5971,40,10,0.1597594473,0.002
2020-12-11,industry_diffusion_low_max,16882977.45,384660.5899,40,12,0.1401092954,0.002
2020-12-14,industry_diffusion_low_max,16676447.65,384660.5899,40,12,0.1396031916,0.002
2020-12-15,industry_diffusion_low_max,16582022.49,384660.5899,40,12,0.1393472085,0.002
2020-12-16,industry_diffusion_low_max,16522422.17,384660.5899,40,12,0.1399530782,0.002
2020-12-17,industry_diffusion_low_max,16887203.96,384660.5899,40,12,0.1414481754,0.002
2020-12-18,industry_diffusion_low_max,16899264.7,138567.1729,40,14,0.1085793922,0.002
2020-12-21,industry_diffusion_low_max,17024262.06,138567.1729,40,14,0.1085086069,0.002
2020-12-22,industry_diffusion_low_max,16949740.72,138567.1729,40,14,0.1100141126,0.002
2020-12-23,industry_diffusion_low_max,17117648.11,138567.1729,40,14,0.1105633131,0.002
2020-12-24,industry_diffusion_low_max,16825670.26,138567.1729,40,14,0.1107918558,0.002
2020-12-25,industry_diffusion_low_max,16863585.09,325040.0025,40,12,0.1491482339,0.002
2020-12-28,industry_diffusion_low_max,17048860.7,325040.0025,40,12,0.1505147212,0.002
2020-12-29,industry_diffusion_low_max,16561820.95,325040.0025,40,12,0.1487960204,0.002
2020-12-30,industry_diffusion_low_max,16873158.36,325040.0025,40,12,0.1498620094,0.002
2020-12-31,industry_diffusion_low_max,17084166.36,325040.0025,40,12,0.1511164919,0.002
2021-01-04,industry_diffusion_low_max,17759379.65,3.492459655e-10,40,8,0.2537972659,0.002
2021-01-05,industry_diffusion_low_max,18611565.44,3.492459655e-10,40,8,0.2597270332,0.002
2021-01-06,industry_diffusion_low_max,18406393.15,3.492459655e-10,40,8,0.2621165138,0.002
2021-01-07,industry_diffusion_low_max,18623201.88,3.492459655e-10,40,8,0.2588170012,0.002
2021-01-08,industry_diffusion_low_max,18090961.75,3.492459655e-10,40,8,0.255382625,0.002
2021-01-11,industry_diffusion_low_max,17325237.66,-2.328306437e-10,40,7,0.279605076,0.002
2021-01-12,industry_diffusion_low_max,17992874.4,-2.328306437e-10,40,7,0.283810203,0.002
2021-01-13,industry_diffusion_low_max,17635511.84,-2.328306437e-10,40,7,0.2866435841,0.002
2021-01-14,industry_diffusion_low_max,16956057.81,-2.328306437e-10,40,7,0.2842464775,0.002
2021-01-15,industry_diffusion_low_max,16968039.93,-2.328306437e-10,40,7,0.2779516758,0.002
2021-01-18,industry_diffusion_low_max,17129110.29,7323.943327,40,10,0.2812382911,0.002
2021-01-19,industry_diffusion_low_max,16762977.17,7323.943327,40,10,0.2801738504,0.002
2021-01-20,industry_diffusion_low_max,17135678.87,7323.943327,40,10,0.2841417282,0.002
2021-01-21,industry_diffusion_low_max,17531087.44,7323.943327,40,10,0.2877384166,0.002
2021-01-22,industry_diffusion_low_max,17874289.01,7323.943327,40,10,0.2956703988,0.002
2021-01-25,industry_diffusion_low_max,18354484.41,115169.7532,40,10,0.423266903,0.002
2021-01-26,industry_diffusion_low_max,18054498.04,115169.7532,40,10,0.4262081587,0.002
2021-01-27,industry_diffusion_low_max,18151038.43,115169.7532,40,10,0.4308549032,0.002
2021-01-28,industry_diffusion_low_max,17510657.04,115169.7532,40,10,0.4239621162,0.002
2021-01-29,industry_diffusion_low_max,16776742.09,115169.7532,40,10,0.4069595749,0.002
2021-02-01,industry_diffusion_low_max,16653096.62,58846.81026,40,8,0.408872986,0.002
2021-02-02,industry_diffusion_low_max,17209146.4,58846.81026,40,8,0.4177741582,0.002
2021-02-03,industry_diffusion_low_max,17279021.81,58846.81026,40,8,0.4171607577,0.002
2021-02-04,industry_diffusion_low_max,16399308.34,58846.81026,40,8,0.4044830296,0.002
2021-02-05,industry_diffusion_low_max,15557356.83,58846.81026,40,8,0.3944517188,0.002
2021-02-08,industry_diffusion_low_max,15784057.02,5.820766091e-10,40,10,0.2275024271,0.002
2021-02-09,industry_diffusion_low_max,16211459.09,5.820766091e-10,40,10,0.2318181543,0.002
2021-02-10,industry_diffusion_low_max,16244110.67,5.820766091e-10,40,10,0.2292719815,0.002
2021-02-18,industry_diffusion_low_max,16884247.46,5.820766091e-10,40,10,0.2342151938,0.002
2021-02-19,industry_diffusion_low_max,16955198,5.820766091e-10,40,10,0.2232198871,0.002
2021-02-22,industry_diffusion_low_max,17245231.95,0,40,11,0.1460800373,0.002
2021-02-23,industry_diffusion_low_max,17088697.71,0,40,11,0.1472752654,0.002
2021-02-24,industry_diffusion_low_max,16774611.6,0,40,11,0.1457550773,0.002
2021-02-25,industry_diffusion_low_max,16566139.52,0,40,11,0.1451097747,0.002
2021-02-26,industry_diffusion_low_max,16301127.74,0,40,11,0.1453234849,0.002
2021-03-01,industry_diffusion_low_max,16843365.24,-4.656612873e-10,40,14,0.1210000753,0.002
2021-03-02,industry_diffusion_low_max,16636203.97,-4.656612873e-10,40,14,0.1211389636,0.002
2021-03-03,industry_diffusion_low_max,16891056.57,-4.656612873e-10,40,14,0.1199558888,0.002
2021-03-04,industry_diffusion_low_max,16549704.75,-4.656612873e-10,40,14,0.1200240539,0.002
2021-03-05,industry_diffusion_low_max,16394128.11,-4.656612873e-10,40,14,0.1195811686,0.002
2021-03-08,industry_diffusion_low_max,16241995.88,209416.0683,40,18,0.09132256513,0.002
2021-03-09,industry_diffusion_low_max,16097528.76,209416.0683,40,18,0.09393770426,0.002
2021-03-10,industry_diffusion_low_max,15794347.28,209416.0683,40,18,0.09342229777,0.002
2021-03-11,industry_diffusion_low_max,16119589.78,209416.0683,40,18,0.09345709524,0.002
2021-03-12,industry_diffusion_low_max,16278022.73,209416.0683,40,18,0.09390476712,0.002
2021-03-15,industry_diffusion_low_max,16458298.58,170448.3603,40,23,0.06043246114,0.002
2021-03-16,industry_diffusion_low_max,16532166.28,170448.3603,40,23,0.06068370875,0.002
2021-03-17,industry_diffusion_low_max,16452550.2,170448.3603,40,23,0.06050238209,0.002
2021-03-18,industry_diffusion_low_max,16444196.05,170448.3603,40,23,0.06082759259,0.002
2021-03-19,industry_diffusion_low_max,16330922.7,170448.3603,40,23,0.0606132917,0.002
2021-03-22,industry_diffusion_low_max,16569986.6,283022.3216,40,21,0.07025781306,0.002
2021-03-23,industry_diffusion_low_max,16255718.52,283022.3216,40,21,0.07003109366,0.002
2021-03-24,industry_diffusion_low_max,16086662.39,283022.3216,40,21,0.06968707635,0.002
2021-03-25,industry_diffusion_low_max,15989366.61,283022.3216,40,21,0.07007466892,0.002
2021-03-26,industry_diffusion_low_max,16183343.06,283022.3216,40,21,0.07018960588,0.002
2021-03-29,industry_diffusion_low_max,16248219.79,1.164153218e-10,40,19,0.1192127049,0.002
2021-03-30,industry_diffusion_low_max,16220298.86,1.164153218e-10,40,19,0.1207198801,0.002
2021-03-31,industry_diffusion_low_max,16265579.1,1.164153218e-10,40,19,0.1201516997,0.002
2021-04-01,industry_diffusion_low_max,16388412.43,1.164153218e-10,40,19,0.1236603134,0.002
2021-04-02,industry_diffusion_low_max,16243169.07,1.164153218e-10,40,19,0.1215227886,0.002
2021-04-06,industry_diffusion_low_max,16387997.44,-5.238689482e-10,40,16,0.2389412973,0.002
2021-04-07,industry_diffusion_low_max,16824067.15,-5.238689482e-10,40,16,0.2493031427,0.002
2021-04-08,industry_diffusion_low_max,16999906.64,-5.238689482e-10,40,16,0.2571360631,0.002
2021-04-09,industry_diffusion_low_max,17108766.44,-5.238689482e-10,40,16,0.2603784197,0.002
2021-04-12,industry_diffusion_low_max,17438747.76,-5.238689482e-10,40,16,0.2717920376,0.002
2021-04-13,industry_diffusion_low_max,17052074.7,-1.28056854e-09,40,13,0.2729587424,0.002
2021-04-14,industry_diffusion_low_max,17341672.74,-1.28056854e-09,40,13,0.276490567,0.002
2021-04-15,industry_diffusion_low_max,17207928.73,-1.28056854e-09,40,13,0.2705307434,0.002
2021-04-16,industry_diffusion_low_max,17349010.62,-1.28056854e-09,40,13,0.26514245,0.002
2021-04-19,industry_diffusion_low_max,17295770.43,-1.28056854e-09,40,13,0.2601946042,0.002
2021-04-20,industry_diffusion_low_max,17377780.06,1.28056854e-09,40,13,0.2044104934,0.002
2021-04-21,industry_diffusion_low_max,17213442.19,1.28056854e-09,40,13,0.2007252226,0.002
2021-04-22,industry_diffusion_low_max,17387373.28,1.28056854e-09,40,13,0.2059540548,0.002
2021-04-23,industry_diffusion_low_max,17578762.7,1.28056854e-09,40,13,0.2087370075,0.002
2021-04-26,industry_diffusion_low_max,17219713.55,1.28056854e-09,40,13,0.2089074554,0.002
2021-04-27,industry_diffusion_low_max,17249301.64,170410.825,40,12,0.1339413662,0.002
2021-04-28,industry_diffusion_low_max,17303588.04,170410.825,40,12,0.1347194936,0.002
2021-04-29,industry_diffusion_low_max,17226150.03,170410.825,40,12,0.1347378506,0.002
2021-04-30,industry_diffusion_low_max,17119829.52,170410.825,40,12,0.1349699613,0.002
2021-05-06,industry_diffusion_low_max,17332610.88,170410.825,40,12,0.136305715,0.002
2021-05-07,industry_diffusion_low_max,17294726.98,554294.7216,40,16,0.1134388073,0.002
2021-05-10,industry_diffusion_low_max,17603878.3,554294.7216,40,16,0.114063433,0.002
2021-05-11,industry_diffusion_low_max,17584026.43,554294.7216,40,16,0.1142818129,0.002
2021-05-12,industry_diffusion_low_max,17759619.82,554294.7216,40,16,0.1138148764,0.002
2021-05-13,industry_diffusion_low_max,17630347.4,554294.7216,40,16,0.115714662,0.002
2021-05-14,industry_diffusion_low_max,17816964.25,435742.5954,40,12,0.1772420118,0.002
2021-05-17,industry_diffusion_low_max,17913129.81,435742.5954,40,12,0.1770172239,0.002
2021-05-18,industry_diffusion_low_max,18028732.03,435742.5954,40,12,0.1780290645,0.002
2021-05-19,industry_diffusion_low_max,17853465.75,435742.5954,40,12,0.175710447,0.002
2021-05-20,industry_diffusion_low_max,17739100.16,435742.5954,40,12,0.1771202779,0.002
2021-05-21,industry_diffusion_low_max,17816792.9,399590.0167,40,10,0.2241679159,0.002
2021-05-24,industry_diffusion_low_max,17979281.86,399590.0167,40,10,0.2249995028,0.002
2021-05-25,industry_diffusion_low_max,18043306.56,399590.0167,40,10,0.2229019332,0.002
2021-05-26,industry_diffusion_low_max,17989648.62,821068.4272,39,10,0.2246013684,0.002
2021-05-27,industry_diffusion_low_max,18100378.7,821068.4272,39,10,0.2224343041,0.002
2021-05-28,industry_diffusion_low_max,18227696.05,744118.3102,39,14,0.1732747381,0.002
2021-05-31,industry_diffusion_low_max,18355201.49,744118.3102,39,14,0.1765266142,0.002
2021-06-01,industry_diffusion_low_max,18316654.74,744118.3102,39,14,0.1725668703,0.002
2021-06-02,industry_diffusion_low_max,18225139.98,744118.3102,39,14,0.1715944609,0.002
2021-06-03,industry_diffusion_low_max,18265535.52,744118.3102,39,14,0.1722987633,0.002
2021-06-04,industry_diffusion_low_max,18518566.57,567100.7011,39,11,0.1757249337,0.002
2021-06-07,industry_diffusion_low_max,18680438.9,567100.7011,39,11,0.1749362295,0.002
2021-06-08,industry_diffusion_low_max,18425078.3,567100.7011,39,11,0.1746937442,0.002
2021-06-09,industry_diffusion_low_max,18337220.58,567100.7011,39,11,0.1752679928,0.002
2021-06-10,industry_diffusion_low_max,18480160.29,567100.7011,39,11,0.1775455868,0.002
2021-06-11,industry_diffusion_low_max,18215512.66,172258.1872,40,11,0.1368317897,0.002
2021-06-15,industry_diffusion_low_max,17995709.91,172258.1872,40,11,0.1352413652,0.002
2021-06-16,industry_diffusion_low_max,17565203.04,172258.1872,40,11,0.1329451161,0.002
2021-06-17,industry_diffusion_low_max,17899843.02,172258.1872,40,11,0.1337088057,0.002
2021-06-18,industry_diffusion_low_max,18114650.22,172258.1872,40,11,0.1353850886,0.002
2021-06-21,industry_diffusion_low_max,18174725.59,189719.4165,40,16,0.1022206371,0.002
2021-06-22,industry_diffusion_low_max,18225943.5,189719.4165,40,16,0.1014952803,0.002
2021-06-23,industry_diffusion_low_max,18092265.97,189719.4165,40,16,0.1012582703,0.002
2021-06-24,industry_diffusion_low_max,18013389.21,189719.4165,40,16,0.1011339509,0.002
2021-06-25,industry_diffusion_low_max,18155820.23,189719.4165,40,16,0.1012451885,0.002
2021-06-28,industry_diffusion_low_max,18079852.52,19802.26236,40,15,0.1086636047,0.002
2021-06-29,industry_diffusion_low_max,17854766.22,19802.26236,40,15,0.1082224305,0.002
2021-06-30,industry_diffusion_low_max,17902049.13,19802.26236,40,15,0.1084202943,0.002
2021-07-01,industry_diffusion_low_max,17578041.05,449866.8083,39,15,0.1079764972,0.002
2021-07-02,industry_diffusion_low_max,17357981.93,449866.8083,39,15,0.1073328726,0.002
2021-07-05,industry_diffusion_low_max,17615811.15,-8.731149137e-10,40,14,0.1351452687,0.002
2021-07-06,industry_diffusion_low_max,17709198.5,-8.731149137e-10,40,14,0.1342783011,0.002
2021-07-07,industry_diffusion_low_max,17983791.54,-8.731149137e-10,40,14,0.1346042858,0.002
2021-07-08,industry_diffusion_low_max,18082088.67,-8.731149137e-10,40,14,0.1362458743,0.002
2021-07-09,industry_diffusion_low_max,18055566.67,-8.731149137e-10,40,14,0.1358277004,0.002
2021-07-12,industry_diffusion_low_max,18021934.73,8.149072528e-10,40,14,0.1280683993,0.002
2021-07-13,industry_diffusion_low_max,17791132.9,8.149072528e-10,40,14,0.1266963127,0.002
2021-07-14,industry_diffusion_low_max,17542583.3,8.149072528e-10,40,14,0.1261405627,0.002
2021-07-15,industry_diffusion_low_max,17590680.73,8.149072528e-10,40,14,0.1250942363,0.002
2021-07-16,industry_diffusion_low_max,17622754.37,8.149072528e-10,40,14,0.1248638806,0.002
2021-07-19,industry_diffusion_low_max,17546498.9,12444.44297,40,13,0.1264057958,0.002
2021-07-20,industry_diffusion_low_max,17482030.61,12444.44297,40,13,0.1267168182,0.002
2021-07-21,industry_diffusion_low_max,17797376.52,12444.44297,40,13,0.1267901872,0.002
2021-07-22,industry_diffusion_low_max,17945579.87,12444.44297,40,13,0.1270116017,0.002
2021-07-23,industry_diffusion_low_max,17838235.04,12444.44297,40,13,0.1264256558,0.002
2021-07-26,industry_diffusion_low_max,17806455.02,-6.4028427e-10,40,10,0.1471556638,0.002
2021-07-27,industry_diffusion_low_max,17387489.78,-6.4028427e-10,40,10,0.1494952621,0.002
2021-07-28,industry_diffusion_low_max,16736846.57,-6.4028427e-10,40,10,0.1489457527,0.002
2021-07-29,industry_diffusion_low_max,17717087.81,-6.4028427e-10,40,10,0.1505643322,0.002
2021-07-30,industry_diffusion_low_max,18096946.59,-6.4028427e-10,40,10,0.1516762185,0.002
2021-08-02,industry_diffusion_low_max,18141317.3,143538.9623,40,9,0.1377091162,0.002
2021-08-03,industry_diffusion_low_max,17630229.97,143538.9623,40,9,0.1360785079,0.002
2021-08-04,industry_diffusion_low_max,18061520.14,143538.9623,40,9,0.1363327914,0.002
2021-08-05,industry_diffusion_low_max,17761612.75,143538.9623,40,9,0.1358438268,0.002
2021-08-06,industry_diffusion_low_max,18230595.74,143538.9623,40,9,0.1364655804,0.002
2021-08-09,industry_diffusion_low_max,18092777.93,120494.4319,40,9,0.1536886944,0.002
2021-08-10,industry_diffusion_low_max,18203106.28,120494.4319,40,9,0.155247286,0.002
2021-08-11,industry_diffusion_low_max,18414744.55,120494.4319,40,9,0.1553025978,0.002
2021-08-12,industry_diffusion_low_max,18524339.34,120494.4319,40,9,0.1548672413,0.002
2021-08-13,industry_diffusion_low_max,18796480.84,120494.4319,40,9,0.1551440739,0.002
2021-08-16,industry_diffusion_low_max,18429536.59,162159.7933,40,11,0.1402815018,0.002
2021-08-17,industry_diffusion_low_max,18204079.69,162159.7933,40,11,0.1399899962,0.002
2021-08-18,industry_diffusion_low_max,18388951.95,162159.7933,40,11,0.1417487502,0.002
2021-08-19,industry_diffusion_low_max,18374935.5,162159.7933,40,11,0.143706265,0.002
2021-08-20,industry_diffusion_low_max,18451642.33,162159.7933,40,11,0.1430715855,0.002
2021-08-23,industry_diffusion_low_max,19050060.39,0,40,12,0.1421342522,0.002
2021-08-24,industry_diffusion_low_max,19458234.65,0,40,12,0.1402840811,0.002
2021-08-25,industry_diffusion_low_max,19479896.67,0,40,12,0.139786429,0.002
2021-08-26,industry_diffusion_low_max,19674063.04,0,40,12,0.1396618697,0.002
2021-08-27,industry_diffusion_low_max,19674004.64,0,40,12,0.1387619931,0.002
2021-08-30,industry_diffusion_low_max,19916334.68,5.820766091e-11,40,12,0.1556391616,0.002
2021-08-31,industry_diffusion_low_max,19958779.43,5.820766091e-11,40,12,0.1547424194,0.002
2021-09-01,industry_diffusion_low_max,19477335.61,5.820766091e-11,40,12,0.1531127119,0.002
2021-09-02,industry_diffusion_low_max,19797584.46,5.820766091e-11,40,12,0.1530712001,0.002
2021-09-03,industry_diffusion_low_max,19495443.11,5.820766091e-11,40,12,0.1518309443,0.002
2021-09-06,industry_diffusion_low_max,19694592.03,-5.820766091e-11,40,12,0.1306049271,0.002
2021-09-07,industry_diffusion_low_max,20143644.05,-5.820766091e-11,40,12,0.130218893,0.002
2021-09-08,industry_diffusion_low_max,20281739.49,-5.820766091e-11,40,12,0.129275923,0.002
2021-09-09,industry_diffusion_low_max,20990942.06,-5.820766091e-11,40,12,0.1283407962,0.002
2021-09-10,industry_diffusion_low_max,20702167.89,-5.820766091e-11,40,12,0.1279559278,0.002
2021-09-13,industry_diffusion_low_max,20923688.05,212974.8412,40,11,0.1322297153,0.002
2021-09-14,industry_diffusion_low_max,20485140.12,212974.8412,40,11,0.132143817,0.002
2021-09-15,industry_diffusion_low_max,20720386,212974.8412,40,11,0.1331491944,0.002
2021-09-16,industry_diffusion_low_max,20724628.44,212974.8412,40,11,0.1331140088,0.002
2021-09-17,industry_diffusion_low_max,20481921.3,212974.8412,40,11,0.1346602427,0.002
2021-09-22,industry_diffusion_low_max,20717200.05,337833.3129,40,12,0.1181278607,0.002
2021-09-23,industry_diffusion_low_max,20897412.43,337833.3129,40,12,0.1187891474,0.002
2021-09-24,industry_diffusion_low_max,20243727.95,337833.3129,40,12,0.1174734715,0.002
2021-09-27,industry_diffusion_low_max,19617793.44,337833.3129,40,12,0.1158562287,0.002
2021-09-28,industry_diffusion_low_max,19980395.74,337833.3129,40,12,0.1156968755,0.002
2021-09-29,industry_diffusion_low_max,19452849.58,431548.1759,40,13,0.1206220757,0.002
2021-09-30,industry_diffusion_low_max,19717963.84,431548.1759,40,13,0.1204265768,0.002
2021-10-08,industry_diffusion_low_max,20119309.43,431548.1759,40,13,0.1189768686,0.002
2021-10-11,industry_diffusion_low_max,20103185.39,431548.1759,40,13,0.1187364068,0.002
2021-10-12,industry_diffusion_low_max,19697557.11,431548.1759,40,13,0.1176330346,0.002
2021-10-13,industry_diffusion_low_max,19404573.49,-9.313225746e-10,40,13,0.1359276998,0.002
2021-10-14,industry_diffusion_low_max,19309213.98,-9.313225746e-10,40,13,0.135401846,0.002
2021-10-15,industry_diffusion_low_max,19001579.12,-9.313225746e-10,40,13,0.133866556,0.002
2021-10-18,industry_diffusion_low_max,19349341.09,-9.313225746e-10,40,13,0.1335562835,0.002
2021-10-19,industry_diffusion_low_max,19810902.5,-9.313225746e-10,40,13,0.1366200959,0.002
2021-10-20,industry_diffusion_low_max,19508369.37,114562.7095,40,10,0.2307984384,0.002
2021-10-21,industry_diffusion_low_max,19344051.21,114562.7095,40,10,0.2296811702,0.002
2021-10-22,industry_diffusion_low_max,19035686.94,114562.7095,40,10,0.2312726586,0.002
2021-10-25,industry_diffusion_low_max,18981325.37,114562.7095,40,10,0.2317319195,0.002
2021-10-26,industry_diffusion_low_max,18795405.06,114562.7095,40,10,0.2311396689,0.002
2021-10-27,industry_diffusion_low_max,18589775.43,1.164153218e-10,40,7,0.3784824424,0.002
2021-10-28,industry_diffusion_low_max,18361118.94,1.164153218e-10,40,7,0.3780784211,0.002
2021-10-29,industry_diffusion_low_max,18771278.76,1.164153218e-10,40,7,0.3789148805,0.002
2021-11-01,industry_diffusion_low_max,18858287.1,1.164153218e-10,40,7,0.3815302644,0.002
2021-11-02,industry_diffusion_low_max,18792380.17,1.164153218e-10,40,7,0.383181373,0.002
2021-11-03,industry_diffusion_low_max,19299504.79,150904.2631,40,9,0.2781208817,0.002
2021-11-04,industry_diffusion_low_max,19611251.28,150904.2631,40,9,0.2798094302,0.002
2021-11-05,industry_diffusion_low_max,19287057.87,150904.2631,40,9,0.2782697459,0.002
2021-11-08,industry_diffusion_low_max,19133391.03,150904.2631,40,9,0.276818462,0.002
2021-11-09,industry_diffusion_low_max,19185023.35,150904.2631,40,9,0.2761160181,0.002
2021-11-10,industry_diffusion_low_max,19009186.01,13908.56372,40,11,0.1742332152,0.002
2021-11-11,industry_diffusion_low_max,19008081.82,13908.56372,40,11,0.1743194981,0.002
2021-11-12,industry_diffusion_low_max,19189195.03,13908.56372,40,11,0.1739640268,0.002
2021-11-15,industry_diffusion_low_max,19225192.03,13908.56372,40,11,0.1747777376,0.002
2021-11-16,industry_diffusion_low_max,19126123.19,13908.56372,40,11,0.172453582,0.002
2021-11-17,industry_diffusion_low_max,19416651.02,19277.82838,40,13,0.1221344481,0.002
2021-11-18,industry_diffusion_low_max,19426782.49,19277.82838,40,13,0.1218381834,0.002
2021-11-19,industry_diffusion_low_max,19552395.58,19277.82838,40,13,0.1205333174,0.002
2021-11-22,industry_diffusion_low_max,19744507.54,19277.82838,40,13,0.1191221224,0.002
2021-11-23,industry_diffusion_low_max,19562597.45,19277.82838,40,13,0.1193416438,0.002
2021-11-24,industry_diffusion_low_max,19489008.99,-7.566995919e-10,40,15,0.1249130956,0.002
2021-11-25,industry_diffusion_low_max,19600947.39,-7.566995919e-10,40,15,0.1275080949,0.002
2021-11-26,industry_diffusion_low_max,19612689.21,-7.566995919e-10,40,15,0.1290150206,0.002
2021-11-29,industry_diffusion_low_max,19692669.1,-7.566995919e-10,40,15,0.1325607029,0.002
2021-11-30,industry_diffusion_low_max,19939044.94,-7.566995919e-10,40,15,0.1331543283,0.002
2021-12-01,industry_diffusion_low_max,20043307.71,202515.778,40,18,0.09261385702,0.002
2021-12-02,industry_diffusion_low_max,19944967.3,202515.778,40,18,0.09168534079,0.002
2021-12-03,industry_diffusion_low_max,20170874.54,202515.778,40,18,0.09386119703,0.002
2021-12-06,industry_diffusion_low_max,19990513.07,202515.778,40,18,0.09350624981,0.002
2021-12-07,industry_diffusion_low_max,19690766.46,202515.778,40,18,0.09210747192,0.002
2021-12-08,industry_diffusion_low_max,19863752.24,417736.8582,40,19,0.08040027461,0.002
2021-12-09,industry_diffusion_low_max,19990142.49,417736.8582,40,19,0.08028167892,0.002
2021-12-10,industry_diffusion_low_max,19907756.35,417736.8582,40,19,0.08037626706,0.002
2021-12-13,industry_diffusion_low_max,20030765.21,417736.8582,40,19,0.07992621437,0.002
2021-12-14,industry_diffusion_low_max,20003628.25,417736.8582,40,19,0.07998668844,0.002
2021-12-15,industry_diffusion_low_max,20007163.37,502856.4725,40,20,0.08364472945,0.002
2021-12-16,industry_diffusion_low_max,20303207.97,502856.4725,40,20,0.08328290993,0.002
2021-12-17,industry_diffusion_low_max,20198668.94,502856.4725,40,20,0.08350388207,0.002
2021-12-20,industry_diffusion_low_max,19834308.83,502856.4725,40,20,0.08216989754,0.002
2021-12-21,industry_diffusion_low_max,20074821.43,502856.4725,40,20,0.08173544537,0.002
2021-12-22,industry_diffusion_low_max,20045084.8,171217.3076,40,17,0.09522184369,0.002
2021-12-23,industry_diffusion_low_max,20010240.22,171217.3076,40,17,0.09543643247,0.002
2021-12-24,industry_diffusion_low_max,19644801.09,171217.3076,40,17,0.09489037288,0.002
2021-12-27,industry_diffusion_low_max,19630078.62,171217.3076,40,17,0.09472691136,0.002
2021-12-28,industry_diffusion_low_max,19799722.19,171217.3076,40,17,0.09476283928,0.002
2021-12-29,industry_diffusion_low_max,19771687.82,8410.771489,40,17,0.08251725664,0.002
2021-12-30,industry_diffusion_low_max,20011329.19,8410.771489,40,17,0.08273421502,0.002
2021-12-31,industry_diffusion_low_max,20129550.46,8410.771489,40,17,0.08222377089,0.002
2022-01-04,industry_diffusion_low_max,20579675.64,8410.771489,40,17,0.08253793348,0.002
2022-01-05,industry_diffusion_low_max,20388497.74,8410.771489,40,17,0.08194408268,0.002
2022-01-06,industry_diffusion_low_max,20383726.38,2.328306437e-10,40,17,0.07586165645,0.002
2022-01-07,industry_diffusion_low_max,20275841.77,2.328306437e-10,40,17,0.07586372931,0.002
2022-01-10,industry_diffusion_low_max,20388080.04,2.328306437e-10,40,17,0.07605242927,0.002
2022-01-11,industry_diffusion_low_max,20321553.28,2.328306437e-10,40,17,0.07608232789,0.002
2022-01-12,industry_diffusion_low_max,20521556.11,2.328306437e-10,40,17,0.0755096276,0.002
2022-01-13,industry_diffusion_low_max,20432188.94,-3.492459655e-10,40,13,0.1032900762,0.002
2022-01-14,industry_diffusion_low_max,20244901.7,-3.492459655e-10,40,13,0.1037705549,0.002
2022-01-17,industry_diffusion_low_max,20481802.09,-3.492459655e-10,40,13,0.1036144389,0.002
2022-01-18,industry_diffusion_low_max,20383769.98,-3.492459655e-10,40,13,0.1028830658,0.002
2022-01-19,industry_diffusion_low_max,20706925.12,-3.492459655e-10,40,13,0.1038818004,0.002
2022-01-20,industry_diffusion_low_max,20456298.52,194036.3656,40,12,0.1405571344,0.002
2022-01-21,industry_diffusion_low_max,20552889.16,194036.3656,40,12,0.1422573617,0.002
2022-01-24,industry_diffusion_low_max,20512711.12,194036.3656,40,12,0.1446956443,0.002
2022-01-25,industry_diffusion_low_max,20065927.96,194036.3656,40,12,0.147837083,0.002
2022-01-26,industry_diffusion_low_max,19886262.28,194036.3656,40,12,0.1448982302,0.002
2022-01-27,industry_diffusion_low_max,19173743.22,577447.4028,40,10,0.1740020853,0.002
2022-01-28,industry_diffusion_low_max,19839381.98,577447.4028,40,10,0.1793644907,0.002
2022-02-07,industry_diffusion_low_max,20030561.94,577447.4028,40,10,0.1776863956,0.002
2022-02-08,industry_diffusion_low_max,20695540.98,577447.4028,40,10,0.1798654687,0.002
2022-02-09,industry_diffusion_low_max,21079534.29,577447.4028,40,10,0.1781781206,0.002
2022-02-10,industry_diffusion_low_max,21658612.2,353166.4417,40,9,0.2037630949,0.002
2022-02-11,industry_diffusion_low_max,21623326.73,353166.4417,40,9,0.2057697828,0.002
2022-02-14,industry_diffusion_low_max,21950565.69,353166.4417,40,9,0.211483993,0.002
2022-02-15,industry_diffusion_low_max,21390708.19,353166.4417,40,9,0.2061691602,0.002
2022-02-16,industry_diffusion_low_max,21544216.93,353166.4417,40,9,0.2058927395,0.002
2022-02-17,industry_diffusion_low_max,20930146.61,-5.238689482e-10,40,7,0.2393476057,0.002
2022-02-18,industry_diffusion_low_max,21175252.9,-5.238689482e-10,40,7,0.2371631438,0.002
2022-02-21,industry_diffusion_low_max,21284933.12,-5.238689482e-10,40,7,0.2377319735,0.002
2022-02-22,industry_diffusion_low_max,20906084.57,-5.238689482e-10,40,7,0.2383931732,0.002
2022-02-23,industry_diffusion_low_max,20706660.38,-5.238689482e-10,40,7,0.2383466628,0.002
2022-02-24,industry_diffusion_low_max,20078737.26,216133.823,40,10,0.1433429525,0.002
2022-02-25,industry_diffusion_low_max,20222779.32,216133.823,40,10,0.144091287,0.002
2022-02-28,industry_diffusion_low_max,20393971.75,216133.823,40,10,0.1452861845,0.002
2022-03-01,industry_diffusion_low_max,20540423.28,216133.823,40,10,0.1445202522,0.002
2022-03-02,industry_diffusion_low_max,20627619.78,216133.823,40,10,0.1442802327,0.002
2022-03-03,industry_diffusion_low_max,20904141.52,69753.89127,40,14,0.106128017,0.002
2022-03-04,industry_diffusion_low_max,20702966.11,69753.89127,40,14,0.1060713711,0.002
2022-03-07,industry_diffusion_low_max,20326062.27,69753.89127,40,14,0.1052820689,0.002
2022-03-08,industry_diffusion_low_max,19500922.39,69753.89127,40,14,0.1033611432,0.002
2022-03-09,industry_diffusion_low_max,19207203.05,69753.89127,40,14,0.1035608139,0.002
2022-03-10,industry_diffusion_low_max,19486281.94,201516.1149,40,12,0.191622753,0.002
2022-03-11,industry_diffusion_low_max,19575925.59,201516.1149,40,12,0.1894366722,0.002
2022-03-14,industry_diffusion_low_max,19009694.69,201516.1149,40,12,0.1875774095,0.002
2022-03-15,industry_diffusion_low_max,17891239.97,201516.1149,40,12,0.1846123198,0.002
2022-03-16,industry_diffusion_low_max,18516065.49,201516.1149,40,12,0.1825106542,0.002
2022-03-17,industry_diffusion_low_max,18850866.79,187501.1126,40,10,0.1885883715,0.002
2022-03-18,industry_diffusion_low_max,19343213.93,187501.1126,40,10,0.1906496494,0.002
2022-03-21,industry_diffusion_low_max,19836463.31,187501.1126,40,10,0.192534603,0.002
2022-03-22,industry_diffusion_low_max,20030779.83,187501.1126,40,10,0.1929627038,0.002
2022-03-23,industry_diffusion_low_max,19831871.59,187501.1126,40,10,0.1918996027,0.002
2022-03-24,industry_diffusion_low_max,20002773.13,6.98491931e-10,40,9,0.2204430281,0.002
2022-03-25,industry_diffusion_low_max,19947696.23,6.98491931e-10,40,9,0.2203092252,0.002
2022-03-28,industry_diffusion_low_max,19970994.64,6.98491931e-10,40,9,0.2225316457,0.002
2022-03-29,industry_diffusion_low_max,20159283.2,6.98491931e-10,40,9,0.2235295545,0.002
2022-03-30,industry_diffusion_low_max,20046578.07,6.98491931e-10,40,9,0.2214470001,0.002
2022-03-31,industry_diffusion_low_max,20167107.86,2.910383046e-10,40,6,0.2262732779,0.002
2022-04-01,industry_diffusion_low_max,19988723.87,2.910383046e-10,40,6,0.2261201958,0.002
2022-04-06,industry_diffusion_low_max,20002890.54,2.910383046e-10,40,6,0.224262459,0.002
2022-04-07,industry_diffusion_low_max,19663873.73,2.910383046e-10,40,6,0.2267375207,0.002
2022-04-08,industry_diffusion_low_max,19602789.63,2.910383046e-10,40,6,0.2290513584,0.002
2022-04-11,industry_diffusion_low_max,19442052.63,296082.9085,39,7,0.1777232273,0.002
2022-04-12,industry_diffusion_low_max,19770469.69,296082.9085,39,7,0.1776869188,0.002
2022-04-13,industry_diffusion_low_max,19425064.03,296082.9085,39,7,0.1759220018,0.002
2022-04-14,industry_diffusion_low_max,19579098.84,296082.9085,39,7,0.1757735071,0.002
2022-04-15,industry_diffusion_low_max,19367730.91,296082.9085,39,7,0.1765202784,0.002
2022-04-18,industry_diffusion_low_max,19253190.44,9255.99339,39,9,0.1580402499,0.002
2022-04-19,industry_diffusion_low_max,19575969.95,9255.99339,39,9,0.1588392823,0.002
2022-04-20,industry_diffusion_low_max,19463788.01,9255.99339,39,9,0.1584379064,0.002
2022-04-21,industry_diffusion_low_max,18927194.52,9255.99339,39,9,0.1595490376,0.002
2022-04-22,industry_diffusion_low_max,18523874.45,9255.99339,39,9,0.1593042647,0.002
2022-04-25,industry_diffusion_low_max,17273651.92,105245.3148,39,8,0.1866760975,0.002
2022-04-26,industry_diffusion_low_max,16842355.84,105245.3148,39,8,0.1868198945,0.002
2022-04-27,industry_diffusion_low_max,16880314.07,105245.3148,39,8,0.1856580496,0.002
2022-04-28,industry_diffusion_low_max,16627496.05,105245.3148,39,8,0.1863655607,0.002
2022-04-29,industry_diffusion_low_max,16967919.83,105245.3148,39,8,0.1849722221,0.002
2022-05-05,industry_diffusion_low_max,17123266.03,-5.820766091e-10,39,8,0.1738330034,0.002
2022-05-06,industry_diffusion_low_max,16785164.86,-5.820766091e-10,39,8,0.1745123671,0.002
2022-05-09,industry_diffusion_low_max,16990097.94,-5.820766091e-10,39,8,0.1747130396,0.002
2022-05-10,industry_diffusion_low_max,17056969.41,-5.820766091e-10,39,8,0.174827584,0.002
2022-05-11,industry_diffusion_low_max,16978391.01,-5.820766091e-10,39,8,0.174940182,0.002
2022-05-12,industry_diffusion_low_max,17070500.86,-1.105945557e-09,40,10,0.1747494432,0.002
2022-05-13,industry_diffusion_low_max,17299564.23,-1.105945557e-09,40,10,0.1762036176,0.002
2022-05-16,industry_diffusion_low_max,17449619.62,-1.105945557e-09,40,10,0.176904565,0.002
2022-05-17,industry_diffusion_low_max,17453053.82,-1.105945557e-09,40,10,0.1769964377,0.002
2022-05-18,industry_diffusion_low_max,17387737.99,-1.105945557e-09,40,10,0.1757191235,0.002
2022-05-19,industry_diffusion_low_max,17488192.99,-5.820766091e-10,40,10,0.144710714,0.002
2022-05-20,industry_diffusion_low_max,17907772.52,-5.820766091e-10,40,10,0.1443112656,0.002
2022-05-23,industry_diffusion_low_max,17998532.29,-5.820766091e-10,40,10,0.1447204963,0.002
2022-05-24,industry_diffusion_low_max,17535186.29,-5.820766091e-10,40,10,0.1444467814,0.002
2022-05-25,industry_diffusion_low_max,17905403.59,-5.820766091e-10,40,10,0.146792814,0.002
2022-05-26,industry_diffusion_low_max,17899806.11,440459.3387,40,13,0.1017010007,0.002
2022-05-27,industry_diffusion_low_max,17901846.3,440459.3387,40,13,0.1018542915,0.002
2022-05-30,industry_diffusion_low_max,18074356.68,440459.3387,40,13,0.1017177366,0.002
2022-05-31,industry_diffusion_low_max,18309491.82,440459.3387,40,13,0.1019711604,0.002
2022-06-01,industry_diffusion_low_max,18554997.79,912838.4238,39,13,0.1014412795,0.002
2022-06-02,industry_diffusion_low_max,18815313.58,655693.413,39,20,0.0666991508,0.002
2022-06-06,industry_diffusion_low_max,18992619.04,1131982.489,38,20,0.06846305886,0.002
2022-06-07,industry_diffusion_low_max,18860933.9,1131982.489,38,20,0.0685224481,0.002
2022-06-08,industry_diffusion_low_max,19001823.81,1131982.489,38,20,0.06933576291,0.002
2022-06-09,industry_diffusion_low_max,18598169.45,1131982.489,38,20,0.068881708,0.002
2022-06-10,industry_diffusion_low_max,18966993.16,980750.5812,38,23,0.06263215892,0.002
2022-06-13,industry_diffusion_low_max,19086657.21,980750.5812,38,23,0.06293400653,0.002
2022-06-14,industry_diffusion_low_max,19268655.47,1460770.621,37,23,0.06484806682,0.002
2022-06-15,industry_diffusion_low_max,19307301.33,1460770.621,37,23,0.06451426401,0.002
2022-06-16,industry_diffusion_low_max,19282539.84,1460770.621,37,23,0.06444427457,0.002
2022-06-17,industry_diffusion_low_max,19530663.03,527518.0341,39,22,0.05810137291,0.002
2022-06-20,industry_diffusion_low_max,19546478.44,527518.0341,39,22,0.05787906146,0.002
2022-06-21,industry_diffusion_low_max,19402676.38,527518.0341,39,22,0.05796782894,0.002
2022-06-22,industry_diffusion_low_max,19294036.85,527518.0341,39,22,0.05869616454,0.002
2022-06-23,industry_diffusion_low_max,19703889.24,527518.0341,39,22,0.05905443398,0.002
2022-06-24,industry_diffusion_low_max,19832424.89,784961.9181,39,21,0.05929351926,0.002
2022-06-27,industry_diffusion_low_max,19890498.31,784961.9181,39,21,0.05924896041,0.002
2022-06-28,industry_diffusion_low_max,20139593.04,784961.9181,39,21,0.05932099121,0.002
2022-06-29,industry_diffusion_low_max,19863883.55,784961.9181,39,21,0.05953174053,0.002
2022-06-30,industry_diffusion_low_max,20002715.42,784961.9181,39,21,0.05973460653,0.002
2022-07-01,industry_diffusion_low_max,19850039.21,105805.7898,40,22,0.05900754619,0.002
2022-07-04,industry_diffusion_low_max,19862041.79,105805.7898,40,22,0.05867912057,0.002
2022-07-05,industry_diffusion_low_max,19739676.05,105805.7898,40,22,0.05873384833,0.002
2022-07-06,industry_diffusion_low_max,19485834.98,105805.7898,40,22,0.05872145966,0.002
2022-07-07,industry_diffusion_low_max,19633508.32,105805.7898,40,22,0.05867517701,0.002
2022-07-08,industry_diffusion_low_max,19576377.85,-4.074536264e-10,40,20,0.06953272808,0.002
2022-07-11,industry_diffusion_low_max,19364634.36,-4.074536264e-10,40,20,0.06991957103,0.002
2022-07-12,industry_diffusion_low_max,19114732.43,-4.074536264e-10,40,20,0.07043058287,0.002
2022-07-13,industry_diffusion_low_max,19391371.13,-4.074536264e-10,40,20,0.07096098739,0.002
2022-07-14,industry_diffusion_low_max,19451267.55,-4.074536264e-10,40,20,0.07072039306,0.002
2022-07-15,industry_diffusion_low_max,19172274.86,4.074536264e-10,40,20,0.08587433681,0.002
2022-07-18,industry_diffusion_low_max,19486157.22,4.074536264e-10,40,20,0.08582099328,0.002
2022-07-19,industry_diffusion_low_max,19466141.18,4.074536264e-10,40,20,0.08524782307,0.002
2022-07-20,industry_diffusion_low_max,19697729.63,4.074536264e-10,40,20,0.08527776551,0.002
2022-07-21,industry_diffusion_low_max,19421701.61,4.074536264e-10,40,20,0.08456129861,0.002
2022-07-22,industry_diffusion_low_max,19439641.22,120290.7714,40,18,0.08653619143,0.002
2022-07-25,industry_diffusion_low_max,19158909.77,120290.7714,40,18,0.08619627797,0.002
2022-07-26,industry_diffusion_low_max,19359080.83,120290.7714,40,18,0.08609813054,0.002
2022-07-27,industry_diffusion_low_max,19553816.51,120290.7714,40,18,0.08629681836,0.002
2022-07-28,industry_diffusion_low_max,19721450.21,120290.7714,40,18,0.08606904794,0.002
2022-07-29,industry_diffusion_low_max,19585496.09,280764.6201,40,17,0.0831291819,0.002
2022-08-01,industry_diffusion_low_max,19681106.53,280764.6201,40,17,0.08344637044,0.002
2022-08-02,industry_diffusion_low_max,19294458.73,280764.6201,40,17,0.08405133427,0.002
2022-08-03,industry_diffusion_low_max,19414215.6,280764.6201,40,17,0.08515569936,0.002
2022-08-04,industry_diffusion_low_max,19294189.29,280764.6201,40,17,0.08432156149,0.002
2022-08-05,industry_diffusion_low_max,19327774.38,46123.88417,40,14,0.1297489382,0.002
2022-08-08,industry_diffusion_low_max,19589130.38,46123.88417,40,14,0.129729758,0.002
2022-08-09,industry_diffusion_low_max,19732174.58,46123.88417,40,14,0.1323894609,0.002
2022-08-10,industry_diffusion_low_max,19845753.9,46123.88417,40,14,0.1319195882,0.002
2022-08-11,industry_diffusion_low_max,20081771.74,46123.88417,40,14,0.1314240894,0.002
2022-08-12,industry_diffusion_low_max,19978280.09,5.820766091e-10,40,13,0.1612935142,0.002
2022-08-15,industry_diffusion_low_max,20118939.91,5.820766091e-10,40,13,0.1610873238,0.002
2022-08-16,industry_diffusion_low_max,20094006.51,5.820766091e-10,40,13,0.1600760205,0.002
2022-08-17,industry_diffusion_low_max,20097257.65,5.820766091e-10,40,13,0.1598031215,0.002
2022-08-18,industry_diffusion_low_max,19981974.34,5.820766091e-10,40,13,0.159566991,0.002
2022-08-19,industry_diffusion_low_max,19756886.25,24574.76379,40,12,0.1831389039,0.002
2022-08-22,industry_diffusion_low_max,19979078.02,24574.76379,40,12,0.1837811855,0.002
2022-08-23,industry_diffusion_low_max,20175407.98,24574.76379,40,12,0.1890876971,0.002
2022-08-24,industry_diffusion_low_max,19631671.14,24574.76379,40,12,0.188160825,0.002
2022-08-25,industry_diffusion_low_max,19857687.11,24574.76379,40,12,0.1912017989,0.002
2022-08-26,industry_diffusion_low_max,19775623.94,-3.492459655e-10,40,12,0.1648689507,0.002
2022-08-29,industry_diffusion_low_max,20154595.78,-3.492459655e-10,40,12,0.1659290843,0.002
2022-08-30,industry_diffusion_low_max,19817028.82,-3.492459655e-10,40,12,0.1633364057,0.002
2022-08-31,industry_diffusion_low_max,19127509.77,-3.492459655e-10,40,12,0.1611116218,0.002
2022-09-01,industry_diffusion_low_max,19165078.7,-3.492459655e-10,40,12,0.1613180215,0.002
2022-09-02,industry_diffusion_low_max,19211501.85,23147.25205,40,12,0.214924244,0.002
2022-09-05,industry_diffusion_low_max,19572131.98,23147.25205,40,12,0.2115662669,0.002
2022-09-06,industry_diffusion_low_max,19781431.12,23147.25205,40,12,0.2127657922,0.002
2022-09-07,industry_diffusion_low_max,19626929.45,23147.25205,40,12,0.2116622003,0.002
2022-09-08,industry_diffusion_low_max,19339433.78,23147.25205,40,12,0.2078682221,0.002
2022-09-09,industry_diffusion_low_max,19338165.62,6.4028427e-10,40,8,0.2559833481,0.002
2022-09-13,industry_diffusion_low_max,19398528.06,6.4028427e-10,40,8,0.2585576508,0.002
2022-09-14,industry_diffusion_low_max,19206899.43,6.4028427e-10,40,8,0.2565513965,0.002
2022-09-15,industry_diffusion_low_max,18960405.72,6.4028427e-10,40,8,0.2562531205,0.002
2022-09-16,industry_diffusion_low_max,18320156.08,6.4028427e-10,40,8,0.2584092009,0.002
2022-09-19,industry_diffusion_low_max,18474814.34,183665.396,40,7,0.2125360391,0.002
2022-09-20,industry_diffusion_low_max,18661893.99,183665.396,40,7,0.2123459145,0.002
2022-09-21,industry_diffusion_low_max,18707018.7,183665.396,40,7,0.213025495,0.002
2022-09-22,industry_diffusion_low_max,18701803.87,183665.396,40,7,0.2135022193,0.002
2022-09-23,industry_diffusion_low_max,18389122.29,183665.396,40,7,0.2128794586,0.002
2022-09-26,industry_diffusion_low_max,18270249.5,261143.4291,40,7,0.2567946923,0.002
2022-09-27,industry_diffusion_low_max,18950314.7,261143.4291,40,7,0.2606218599,0.002
2022-09-28,industry_diffusion_low_max,18404734.05,261143.4291,40,7,0.2582338361,0.002
2022-09-29,industry_diffusion_low_max,18154202.86,261143.4291,40,7,0.2551834987,0.002
2022-09-30,industry_diffusion_low_max,17910695.85,261143.4291,40,7,0.2520590564,0.002
2022-10-10,industry_diffusion_low_max,17320527.38,3531.824168,40,7,0.2926338803,0.002
2022-10-11,industry_diffusion_low_max,17152707.34,3531.824168,40,7,0.292052338,0.002
2022-10-12,industry_diffusion_low_max,17194417.47,3531.824168,40,7,0.2913385954,0.002
2022-10-13,industry_diffusion_low_max,17264203.2,3531.824168,40,7,0.296359852,0.002
2022-10-14,industry_diffusion_low_max,17393694.65,3531.824168,40,7,0.2968390078,0.002
2022-10-17,industry_diffusion_low_max,17557135.91,-5.820766091e-11,40,4,0.3298195981,0.002
2022-10-18,industry_diffusion_low_max,17743721.56,-5.820766091e-11,40,4,0.3310014658,0.002
2022-10-19,industry_diffusion_low_max,17497162.47,-5.820766091e-11,40,4,0.3312232456,0.002
2022-10-20,industry_diffusion_low_max,17915684.65,-5.820766091e-11,40,4,0.3323402758,0.002
2022-10-21,industry_diffusion_low_max,17716740.29,-5.820766091e-11,40,4,0.3289230476,0.002
2022-10-24,industry_diffusion_low_max,17043747.77,8.731149137e-10,40,5,0.2390949423,0.002
2022-10-25,industry_diffusion_low_max,17102822.99,8.731149137e-10,40,5,0.2399908964,0.002
2022-10-26,industry_diffusion_low_max,17593582.2,8.731149137e-10,40,5,0.2400359148,0.002
2022-10-27,industry_diffusion_low_max,17643550.93,8.731149137e-10,40,5,0.2406806654,0.002
2022-10-28,industry_diffusion_low_max,17314326.62,8.731149137e-10,40,5,0.241408603,0.002
2022-10-31,industry_diffusion_low_max,17350524.13,221636.8123,40,8,0.1772223019,0.002
2022-11-01,industry_diffusion_low_max,17846992.47,221636.8123,40,8,0.1758760418,0.002
2022-11-02,industry_diffusion_low_max,18188965.41,221636.8123,40,8,0.1766642712,0.002
2022-11-03,industry_diffusion_low_max,18055098.16,221636.8123,40,8,0.176878214,0.002
2022-11-04,industry_diffusion_low_max,18410443.26,221636.8123,40,8,0.1769696745,0.002
2022-11-07,industry_diffusion_low_max,18336748.35,422243.1522,40,11,0.1680112304,0.002
2022-11-08,industry_diffusion_low_max,18346073.07,422243.1522,40,11,0.1673652842,0.002
2022-11-09,industry_diffusion_low_max,18298434.99,422243.1522,40,11,0.1670198527,0.002
2022-11-10,industry_diffusion_low_max,18375938.04,422243.1522,40,11,0.1672590082,0.002
2022-11-11,industry_diffusion_low_max,18233994.84,422243.1522,40,11,0.1659113383,0.002
2022-11-14,industry_diffusion_low_max,18238607.38,174054.7101,40,14,0.1318932495,0.002
2022-11-15,industry_diffusion_low_max,18438009.41,174054.7101,40,14,0.1314578183,0.002
2022-11-16,industry_diffusion_low_max,18565179.68,174054.7101,40,14,0.1327440037,0.002
2022-11-17,industry_diffusion_low_max,18746863.88,174054.7101,40,14,0.1332098607,0.002
2022-11-18,industry_diffusion_low_max,18986697.78,174054.7101,40,14,0.1363949033,0.002
2022-11-21,industry_diffusion_low_max,18746291.81,95253.80575,40,14,0.1057083123,0.002
2022-11-22,industry_diffusion_low_max,18509195.14,95253.80575,40,14,0.104369963,0.002
2022-11-23,industry_diffusion_low_max,18331858.37,95253.80575,40,14,0.1032225184,0.002
2022-11-24,industry_diffusion_low_max,18369440.36,95253.80575,40,14,0.1035189116,0.002
2022-11-25,industry_diffusion_low_max,18465622.69,95253.80575,40,14,0.1029750285,0.002
2022-11-28,industry_diffusion_low_max,18636770.9,75035.42047,40,14,0.09298670061,0.002
2022-11-29,industry_diffusion_low_max,19385410.35,75035.42047,40,14,0.09419926581,0.002
2022-11-30,industry_diffusion_low_max,19534527.31,75035.42047,40,14,0.09409344752,0.002
2022-12-01,industry_diffusion_low_max,19526850.98,75035.42047,40,14,0.0947425008,0.002
2022-12-02,industry_diffusion_low_max,19670654.54,75035.42047,40,14,0.09502540526,0.002
2022-12-05,industry_diffusion_low_max,19914387.03,119237.2395,40,17,0.09178477562,0.002
2022-12-06,industry_diffusion_low_max,19789574.81,119237.2395,40,17,0.09177761723,0.002
2022-12-07,industry_diffusion_low_max,19752217.9,119237.2395,40,17,0.09113849573,0.002
2022-12-08,industry_diffusion_low_max,19824116.97,119237.2395,40,17,0.09158628556,0.002
2022-12-09,industry_diffusion_low_max,20002154.24,119237.2395,40,17,0.09212311147,0.002
2022-12-12,industry_diffusion_low_max,19496072.45,15865.37291,40,17,0.09371590884,0.002
2022-12-13,industry_diffusion_low_max,19758274.82,15865.37291,40,17,0.09404488436,0.002
2022-12-14,industry_diffusion_low_max,19681289.75,15865.37291,40,17,0.09309584118,0.002
2022-12-15,industry_diffusion_low_max,19631255.41,15865.37291,40,17,0.09353837965,0.002
2022-12-16,industry_diffusion_low_max,19564418.24,15865.37291,40,17,0.09352467517,0.002
2022-12-19,industry_diffusion_low_max,19326746.13,-5.820766091e-11,40,17,0.09193112709,0.002
2022-12-20,industry_diffusion_low_max,18896140.32,-5.820766091e-11,40,17,0.09069716673,0.002
2022-12-21,industry_diffusion_low_max,18932050.37,-5.820766091e-11,40,17,0.0908701557,0.002
2022-12-22,industry_diffusion_low_max,18909028.25,-5.820766091e-11,40,17,0.0911125648,0.002
2022-12-23,industry_diffusion_low_max,18928749.84,-5.820766091e-11,40,17,0.09150757337,0.002
2022-12-26,industry_diffusion_low_max,18868776.29,7.566995919e-10,40,15,0.1321588573,0.002
2022-12-27,industry_diffusion_low_max,19068005.17,7.566995919e-10,40,15,0.1330632021,0.002
2022-12-28,industry_diffusion_low_max,18969980.81,7.566995919e-10,40,15,0.1318403907,0.002
2022-12-29,industry_diffusion_low_max,18702135,7.566995919e-10,40,15,0.1321690682,0.002
2022-12-30,industry_diffusion_low_max,18910200.58,7.566995919e-10,40,15,0.1314075377,0.002
2023-01-03,industry_diffusion_low_max,18848434.65,5.820766091e-10,40,13,0.1698427523,0.002
2023-01-04,industry_diffusion_low_max,18950195.85,5.820766091e-10,40,13,0.168638518,0.002
2023-01-05,industry_diffusion_low_max,19266479.17,5.820766091e-10,40,13,0.173719241,0.002
2023-01-06,industry_diffusion_low_max,19008889.79,5.820766091e-10,40,13,0.1758180919,0.002
2023-01-09,industry_diffusion_low_max,19524096.1,5.820766091e-10,40,13,0.18087993,0.002
2023-01-10,industry_diffusion_low_max,19429104.79,-4.656612873e-10,40,10,0.2819315671,0.002
2023-01-11,industry_diffusion_low_max,19150093.3,-4.656612873e-10,40,10,0.2819805566,0.002
2023-01-12,industry_diffusion_low_max,18966793.52,-4.656612873e-10,40,10,0.281295457,0.002
2023-01-13,industry_diffusion_low_max,19350473.81,-4.656612873e-10,40,10,0.2836093087,0.002
2023-01-16,industry_diffusion_low_max,19662705.32,-4.656612873e-10,40,10,0.286523966,0.002
2023-01-17,industry_diffusion_low_max,19527575.38,57364.80149,40,14,0.1665195981,0.002
2023-01-18,industry_diffusion_low_max,19561659.49,57364.80149,40,14,0.1645476584,0.002
2023-01-19,industry_diffusion_low_max,19520842.79,57364.80149,40,14,0.1633991169,0.002
2023-01-20,industry_diffusion_low_max,19525361.25,57364.80149,40,14,0.162448029,0.002
2023-01-30,industry_diffusion_low_max,19804625.16,57364.80149,40,14,0.1643220687,0.002
2023-01-31,industry_diffusion_low_max,19835797.68,71371.03917,40,23,0.07455469669,0.002
2023-02-01,industry_diffusion_low_max,20144991.33,71371.03917,40,23,0.07390902327,0.002
2023-02-02,industry_diffusion_low_max,20388795.43,71371.03917,40,23,0.0750091127,0.002
2023-02-03,industry_diffusion_low_max,20361564.27,71371.03917,40,23,0.07470988979,0.002
2023-02-06,industry_diffusion_low_max,20288563.26,71371.03917,40,23,0.07470084358,0.002
2023-02-07,industry_diffusion_low_max,20566252.56,-1.164153218e-10,40,21,0.06874072019,0.002
2023-02-08,industry_diffusion_low_max,20398782.48,-1.164153218e-10,40,21,0.06825060695,0.002
2023-02-09,industry_diffusion_low_max,20806093.01,-1.164153218e-10,40,21,0.06856456796,0.002
2023-02-10,industry_diffusion_low_max,20846586.93,-1.164153218e-10,40,21,0.06897759277,0.002
2023-02-13,industry_diffusion_low_max,21481227.02,-1.164153218e-10,40,21,0.07002639575,0.002
2023-02-14,industry_diffusion_low_max,21539934.09,75144.48825,40,22,0.06056321145,0.002
2023-02-15,industry_diffusion_low_max,21733437.58,75144.48825,40,22,0.06059060451,0.002
2023-02-16,industry_diffusion_low_max,21334802.59,75144.48825,40,22,0.06084411803,0.002
2023-02-17,industry_diffusion_low_max,21063474.06,75144.48825,40,22,0.06073886065,0.002
2023-02-20,industry_diffusion_low_max,21546514.15,75144.48825,40,22,0.06084994251,0.002
2023-02-21,industry_diffusion_low_max,21724782.53,295904.7968,40,20,0.07874923357,0.002
2023-02-22,industry_diffusion_low_max,21723350.17,295904.7968,40,20,0.0782725333,0.002
2023-02-23,industry_diffusion_low_max,21576557.92,295904.7968,40,20,0.07808956707,0.002
2023-02-24,industry_diffusion_low_max,21563889.74,295904.7968,40,20,0.07761419975,0.002
2023-02-27,industry_diffusion_low_max,21338963.57,295904.7968,40,20,0.07749709407,0.002
2023-02-28,industry_diffusion_low_max,21538920.3,376297.8326,40,16,0.1050153944,0.002
2023-03-01,industry_diffusion_low_max,21752519.97,376297.8326,40,16,0.1046017639,0.002
2023-03-02,industry_diffusion_low_max,21805074.75,376297.8326,40,16,0.1054316111,0.002
2023-03-03,industry_diffusion_low_max,21881501.34,376297.8326,40,16,0.1060826884,0.002
2023-03-06,industry_diffusion_low_max,21881203.35,376297.8326,40,16,0.1052498573,0.002
2023-03-07,industry_diffusion_low_max,21504597.69,9155.969227,40,15,0.1123857561,0.002
2023-03-08,industry_diffusion_low_max,21583411.37,9155.969227,40,15,0.1125340772,0.002
2023-03-09,industry_diffusion_low_max,21462452.75,9155.969227,40,15,0.1133760814,0.002
2023-03-10,industry_diffusion_low_max,21069433,9155.969227,40,15,0.1132954356,0.002
2023-03-13,industry_diffusion_low_max,21105788.62,9155.969227,40,15,0.112815878,0.002
2023-03-14,industry_diffusion_low_max,20852977.89,7.566995919e-10,40,13,0.1770623427,0.002
2023-03-15,industry_diffusion_low_max,21276023.6,7.566995919e-10,40,13,0.178148269,0.002
2023-03-16,industry_diffusion_low_max,20826007.89,7.566995919e-10,40,13,0.1779361431,0.002
2023-03-17,industry_diffusion_low_max,20981217,7.566995919e-10,40,13,0.177161294,0.002
2023-03-20,industry_diffusion_low_max,20850418.35,7.566995919e-10,40,13,0.1752110319,0.002
2023-03-21,industry_diffusion_low_max,21093743.35,26949.13654,40,10,0.1753422251,0.002
2023-03-22,industry_diffusion_low_max,21140604.23,26949.13654,40,10,0.1756770627,0.002
2023-03-23,industry_diffusion_low_max,21113861.13,26949.13654,40,10,0.1743152092,0.002
2023-03-24,industry_diffusion_low_max,21152494.41,26949.13654,40,10,0.1741419478,0.002
2023-03-27,industry_diffusion_low_max,20905396.21,26949.13654,40,10,0.1731123848,0.002
2023-03-28,industry_diffusion_low_max,20716775.66,5.238689482e-10,40,12,0.1337660891,0.002
2023-03-29,industry_diffusion_low_max,20622224.85,5.238689482e-10,40,12,0.1332499081,0.002
2023-03-30,industry_diffusion_low_max,20449628.16,5.238689482e-10,40,12,0.1324121041,0.002
2023-03-31,industry_diffusion_low_max,20988497.13,5.238689482e-10,40,12,0.1356764248,0.002
2023-04-03,industry_diffusion_low_max,21256278.53,5.238689482e-10,40,12,0.1364672399,0.002
2023-04-04,industry_diffusion_low_max,21048715.21,20755.46079,40,9,0.1640756402,0.002
2023-04-06,industry_diffusion_low_max,20615142.96,20755.46079,40,9,0.1618569731,0.002
2023-04-07,industry_diffusion_low_max,21009900.42,20755.46079,40,9,0.163666735,0.002
2023-04-10,industry_diffusion_low_max,20594953.78,20755.46079,40,9,0.1639392495,0.002
2023-04-11,industry_diffusion_low_max,21553201.66,20755.46079,40,9,0.1660748597,0.002
2023-04-12,industry_diffusion_low_max,22383601.86,8.731149137e-10,40,7,0.2006943248,0.002
2023-04-13,industry_diffusion_low_max,22726245.51,8.731149137e-10,40,7,0.2006346354,0.002
2023-04-14,industry_diffusion_low_max,22252505.87,8.731149137e-10,40,7,0.2003667784,0.002
2023-04-17,industry_diffusion_low_max,21573814.72,8.731149137e-10,40,7,0.2008134006,0.002
2023-04-18,industry_diffusion_low_max,21521876.44,8.731149137e-10,40,7,0.2011234714,0.002
2023-04-19,industry_diffusion_low_max,21922309.67,546596.0312,40,7,0.1877241868,0.002
2023-04-20,industry_diffusion_low_max,22411113.04,546596.0312,40,7,0.1891149113,0.002
2023-04-21,industry_diffusion_low_max,21762483.77,546596.0312,40,7,0.1909323784,0.002
2023-04-24,industry_diffusion_low_max,22442713.06,546596.0312,40,7,0.1931049195,0.002
2023-04-25,industry_diffusion_low_max,22701062.87,546596.0312,40,7,0.1952276702,0.002
2023-04-26,industry_diffusion_low_max,23440011.95,155749.6945,40,6,0.3262350846,0.002
2023-04-27,industry_diffusion_low_max,23432584.7,155749.6945,40,6,0.3277496878,0.002
2023-04-28,industry_diffusion_low_max,25314229.09,155749.6945,40,6,0.3283716056,0.002
2023-05-04,industry_diffusion_low_max,27045336.09,155749.6945,40,6,0.3383966576,0.002
2023-05-05,industry_diffusion_low_max,26811962.04,155749.6945,40,6,0.3481784674,0.002
2023-05-08,industry_diffusion_low_max,26798310.71,453047.8777,40,7,0.2928426465,0.002
2023-05-09,industry_diffusion_low_max,25835542,453047.8777,40,7,0.2877415003,0.002
2023-05-10,industry_diffusion_low_max,25509753.59,453047.8777,40,7,0.2869902691,0.002
2023-05-11,industry_diffusion_low_max,25837066.91,453047.8777,40,7,0.28949448,0.002
2023-05-12,industry_diffusion_low_max,25150251.73,453047.8777,40,7,0.2861245479,0.002
2023-05-15,industry_diffusion_low_max,24947629.13,290306.8378,39,5,0.4357834873,0.002
2023-05-16,industry_diffusion_low_max,24006819.58,290306.8378,39,5,0.4265722017,0.002
2023-05-17,industry_diffusion_low_max,23740314.24,290306.8378,39,5,0.4203223889,0.002
2023-05-18,industry_diffusion_low_max,24067917.35,290306.8378,39,5,0.4238821938,0.002
2023-05-19,industry_diffusion_low_max,23683391.8,290306.8378,39,5,0.4181840855,0.002
2023-05-22,industry_diffusion_low_max,23457592.77,-2.328306437e-10,39,4,0.3561630795,0.002
2023-05-23,industry_diffusion_low_max,22944359.18,-2.328306437e-10,39,4,0.3563008492,0.002
2023-05-24,industry_diffusion_low_max,22923356.27,-2.328306437e-10,39,4,0.3601183405,0.002
2023-05-25,industry_diffusion_low_max,22595916.63,-2.328306437e-10,39,4,0.3560179124,0.002
2023-05-26,industry_diffusion_low_max,23022065.22,-2.328306437e-10,39,4,0.3605555826,0.002
2023-05-29,industry_diffusion_low_max,22986314.66,-9.313225746e-10,39,7,0.2020483297,0.002
2023-05-30,industry_diffusion_low_max,23224248.01,-9.313225746e-10,39,7,0.2018438968,0.002
2023-05-31,industry_diffusion_low_max,23340000.4,-9.313225746e-10,39,7,0.2022173065,0.002
2023-06-01,industry_diffusion_low_max,23728923.81,-9.313225746e-10,39,7,0.2029473915,0.002
2023-06-02,industry_diffusion_low_max,23630278.35,-9.313225746e-10,39,7,0.2026054014,0.002
2023-06-05,industry_diffusion_low_max,23916648.79,350577.3335,38,8,0.2547031989,0.002
2023-06-06,industry_diffusion_low_max,23309206.41,350577.3335,38,8,0.2537938818,0.002
2023-06-07,industry_diffusion_low_max,23763412.27,350577.3335,38,8,0.2535678833,0.002
2023-06-08,industry_diffusion_low_max,23425366.94,350577.3335,38,8,0.2533922307,0.002
2023-06-09,industry_diffusion_low_max,23589379.8,350577.3335,38,8,0.2536598377,0.002
2023-06-12,industry_diffusion_low_max,23687146.77,1139235.362,38,9,0.2257406031,0.002
2023-06-13,industry_diffusion_low_max,23663089.89,1139235.362,38,9,0.226283422,0.002
2023-06-14,industry_diffusion_low_max,23607152.75,1139235.362,38,9,0.2254439331,0.002
2023-06-15,industry_diffusion_low_max,23692400.83,1139235.362,38,9,0.2246669661,0.002
2023-06-16,industry_diffusion_low_max,23871019.8,1139235.362,38,9,0.2267326978,0.002
2023-06-19,industry_diffusion_low_max,23923495.7,211451.9791,39,10,0.2158768694,0.002
2023-06-20,industry_diffusion_low_max,24170929.27,211451.9791,39,10,0.2170249351,0.002
2023-06-21,industry_diffusion_low_max,23695151.08,211451.9791,39,10,0.2178896813,0.002
2023-06-26,industry_diffusion_low_max,23313025.01,211451.9791,39,10,0.2206538271,0.002
2023-06-27,industry_diffusion_low_max,23776708.26,211451.9791,39,10,0.2199597363,0.002
2023-06-28,industry_diffusion_low_max,23871836.52,92167.42719,39,11,0.144373877,0.002
2023-06-29,industry_diffusion_low_max,24053488.64,92167.42719,39,11,0.1446502947,0.002
2023-06-30,industry_diffusion_low_max,23994682.28,92167.42719,39,11,0.1444872205,0.002
2023-07-03,industry_diffusion_low_max,23904638.48,92167.42719,39,11,0.1426534623,0.002
2023-07-04,industry_diffusion_low_max,23994124.43,92167.42719,39,11,0.141350104,0.002
2023-07-05,industry_diffusion_low_max,23736054.95,226060.4116,40,10,0.1491364229,0.002
2023-07-06,industry_diffusion_low_max,23811740.64,226060.4116,40,10,0.1483947194,0.002
2023-07-07,industry_diffusion_low_max,23787538.43,226060.4116,40,10,0.1480565606,0.002
2023-07-10,industry_diffusion_low_max,23770149.3,226060.4116,40,10,0.1468567391,0.002
2023-07-11,industry_diffusion_low_max,23975328.47,226060.4116,40,10,0.147219866,0.002
2023-07-12,industry_diffusion_low_max,23827839.53,433358.5522,40,13,0.1115284573,0.002
2023-07-13,industry_diffusion_low_max,23907293.6,433358.5522,40,13,0.1113162472,0.002
2023-07-14,industry_diffusion_low_max,23792615.95,433358.5522,40,13,0.1115967197,0.002
2023-07-17,industry_diffusion_low_max,23788875.62,433358.5522,40,13,0.1117463821,0.002
2023-07-18,industry_diffusion_low_max,23996562.32,433358.5522,40,13,0.112898006,0.002
2023-07-19,industry_diffusion_low_max,24133403.44,-9.313225746e-10,40,17,0.1036414415,0.002
2023-07-20,industry_diffusion_low_max,23709655.41,-9.313225746e-10,40,17,0.1027898642,0.002
2023-07-21,industry_diffusion_low_max,23584550.95,-9.313225746e-10,40,17,0.1021796091,0.002
2023-07-24,industry_diffusion_low_max,23473107.33,-9.313225746e-10,40,17,0.101608034,0.002
2023-07-25,industry_diffusion_low_max,23979642.05,-9.313225746e-10,40,17,0.1033650926,0.002
2023-07-26,industry_diffusion_low_max,23941692.36,55692.17322,40,19,0.0864932275,0.002
2023-07-27,industry_diffusion_low_max,23963763.15,55692.17322,40,19,0.08682771619,0.002
2023-07-28,industry_diffusion_low_max,24414759.8,55692.17322,40,19,0.08761395385,0.002
2023-07-31,industry_diffusion_low_max,24731704.18,55692.17322,40,19,0.08832444067,0.002
2023-08-01,industry_diffusion_low_max,24596778.83,55692.17322,40,19,0.08720425102,0.002
2023-08-02,industry_diffusion_low_max,24507579.52,122125.439,40,19,0.07152049021,0.002
2023-08-03,industry_diffusion_low_max,24591436.98,122125.439,40,19,0.07168521126,0.002
2023-08-04,industry_diffusion_low_max,24620453.1,122125.439,40,19,0.07195610555,0.002
2023-08-07,industry_diffusion_low_max,24626553.01,122125.439,40,19,0.07224303304,0.002
2023-08-08,industry_diffusion_low_max,24531636.69,122125.439,40,19,0.07223426758,0.002
2023-08-09,industry_diffusion_low_max,24398724.03,156897.6117,40,18,0.08527558914,0.002
2023-08-10,industry_diffusion_low_max,24548309.51,156897.6117,40,18,0.0856222235,0.002
2023-08-11,industry_diffusion_low_max,24022002.61,156897.6117,40,18,0.08545947499,0.002
2023-08-14,industry_diffusion_low_max,23975001.06,156897.6117,40,18,0.08530684476,0.002
2023-08-15,industry_diffusion_low_max,24011211.38,156897.6117,40,18,0.08617920539,0.002
2023-08-16,industry_diffusion_low_max,24049825.76,0,40,12,0.1617198303,0.002
2023-08-17,industry_diffusion_low_max,24004587.28,0,40,12,0.1610809426,0.002
2023-08-18,industry_diffusion_low_max,23609138.15,0,40,12,0.159119086,0.002
2023-08-21,industry_diffusion_low_max,23268573.42,0,40,12,0.1569322385,0.002
2023-08-22,industry_diffusion_low_max,23491315.44,0,40,12,0.1580182577,0.002
2023-08-23,industry_diffusion_low_max,23021646.37,104597.3713,40,8,0.3119784281,0.002
2023-08-24,industry_diffusion_low_max,23082925.86,104597.3713,40,8,0.3128139151,0.002
2023-08-25,industry_diffusion_low_max,23118049.45,104597.3713,40,8,0.3125289487,0.002
2023-08-28,industry_diffusion_low_max,23576986.3,104597.3713,40,8,0.3130246667,0.002
2023-08-29,industry_diffusion_low_max,23630922.49,104597.3713,40,8,0.310524809,0.002
2023-08-30,industry_diffusion_low_max,23273365.56,396111.5346,40,7,0.3052254972,0.002
2023-08-31,industry_diffusion_low_max,22938727,396111.5346,40,7,0.3062596585,0.002
2023-09-01,industry_diffusion_low_max,22930201.99,396111.5346,40,7,0.3064209051,0.002
2023-09-04,industry_diffusion_low_max,23205175.75,396111.5346,40,7,0.3024276846,0.002
2023-09-05,industry_diffusion_low_max,22838006.74,396111.5346,40,7,0.3036733038,0.002
2023-09-06,industry_diffusion_low_max,22721948.07,482511.8988,40,4,0.294522433,0.002
2023-09-07,industry_diffusion_low_max,22568946.96,482511.8988,40,4,0.2947472265,0.002
2023-09-08,industry_diffusion_low_max,22413689.43,482511.8988,40,4,0.2964751932,0.002
2023-09-11,industry_diffusion_low_max,22677976.66,482511.8988,40,4,0.2963537694,0.002
2023-09-12,industry_diffusion_low_max,22524775.77,482511.8988,40,4,0.2960322988,0.002
2023-09-13,industry_diffusion_low_max,22361871.66,217329.2217,40,5,0.2387127143,0.002
2023-09-14,industry_diffusion_low_max,22495513.61,217329.2217,40,5,0.2388584769,0.002
2023-09-15,industry_diffusion_low_max,22502228.44,217329.2217,40,5,0.2388521254,0.002
2023-09-18,industry_diffusion_low_max,22566619,217329.2217,40,5,0.2387190343,0.002
2023-09-19,industry_diffusion_low_max,22427143.78,217329.2217,40,5,0.2388773442,0.002
2023-09-20,industry_diffusion_low_max,22279207.26,173025.0951,40,6,0.2666286683,0.002
2023-09-21,industry_diffusion_low_max,22145456.52,173025.0951,40,6,0.2665853441,0.002
2023-09-22,industry_diffusion_low_max,22360434.91,173025.0951,40,6,0.2647529897,0.002
2023-09-25,industry_diffusion_low_max,22231206.42,173025.0951,40,6,0.2657122645,0.002
2023-09-26,industry_diffusion_low_max,22152789.83,173025.0951,40,6,0.2648762167,0.002
2023-09-27,industry_diffusion_low_max,22123715.53,11677.04186,40,7,0.3013989196,0.002
2023-09-28,industry_diffusion_low_max,22494154.15,11677.04186,40,7,0.2995016973,0.002
2023-10-09,industry_diffusion_low_max,22594873.19,11677.04186,40,7,0.299909114,0.002
2023-10-10,industry_diffusion_low_max,22464058.66,11677.04186,40,7,0.2983386068,0.002
2023-10-11,industry_diffusion_low_max,22207419.83,11677.04186,40,7,0.2982826668,0.002
2023-10-12,industry_diffusion_low_max,22315628.39,25530.96404,40,8,0.1785288595,0.002
2023-10-13,industry_diffusion_low_max,22485867.2,25530.96404,40,8,0.179111346,0.002
2023-10-16,industry_diffusion_low_max,22620278.56,25530.96404,40,8,0.1784038076,0.002
2023-10-17,industry_diffusion_low_max,22588919.38,25530.96404,40,8,0.1782361512,0.002
2023-10-18,industry_diffusion_low_max,22197470.83,25530.96404,40,8,0.1782276712,0.002
2023-10-19,industry_diffusion_low_max,21772572.61,1592.687345,40,8,0.1895679249,0.002
2023-10-20,industry_diffusion_low_max,21553427.62,1592.687345,40,8,0.1890604106,0.002
2023-10-23,industry_diffusion_low_max,21140076.1,1592.687345,40,8,0.1891120227,0.002
2023-10-24,industry_diffusion_low_max,21290266.32,1592.687345,40,8,0.1892506,0.002
2023-10-25,industry_diffusion_low_max,21464557.02,1592.687345,40,8,0.1887922158,0.002
2023-10-26,industry_diffusion_low_max,21645407.14,59006.68849,40,8,0.1840152061,0.002
2023-10-27,industry_diffusion_low_max,21883593.39,59006.68849,40,8,0.1833414811,0.002
2023-10-30,industry_diffusion_low_max,22191233.24,59006.68849,40,8,0.1863812201,0.002
2023-10-31,industry_diffusion_low_max,22212676.32,59006.68849,40,8,0.1859542943,0.002
2023-11-01,industry_diffusion_low_max,22197562.04,59006.68849,40,8,0.1852967845,0.002
2023-11-02,industry_diffusion_low_max,21916448.83,6.98491931e-10,40,6,0.1858055367,0.002
2023-11-03,industry_diffusion_low_max,22249178.38,6.98491931e-10,40,6,0.1850278684,0.002
2023-11-06,industry_diffusion_low_max,22592377.57,6.98491931e-10,40,6,0.1851274113,0.002
2023-11-07,industry_diffusion_low_max,22707119.38,6.98491931e-10,40,6,0.1849894333,0.002
2023-11-08,industry_diffusion_low_max,22848500.59,6.98491931e-10,40,6,0.1853745055,0.002
2023-11-09,industry_diffusion_low_max,22569287.69,0,40,10,0.1420166256,0.002
2023-11-10,industry_diffusion_low_max,22553279.25,0,40,10,0.1422876998,0.002
2023-11-13,industry_diffusion_low_max,22925161.52,0,40,10,0.1427872157,0.002
2023-11-14,industry_diffusion_low_max,23235070.67,0,40,10,0.1437037652,0.002
2023-11-15,industry_diffusion_low_max,23304259.1,0,40,10,0.143906415,0.002
2023-11-16,industry_diffusion_low_max,23185158.55,146503.4951,40,15,0.1062436903,0.002
2023-11-17,industry_diffusion_low_max,23266413.15,146503.4951,40,15,0.1059205737,0.002
2023-11-20,industry_diffusion_low_max,23388983.13,146503.4951,40,15,0.105721381,0.002
2023-11-21,industry_diffusion_low_max,23307686.2,146503.4951,40,15,0.105379916,0.002
2023-11-22,industry_diffusion_low_max,23199911.1,146503.4951,40,15,0.105105566,0.002
2023-11-23,industry_diffusion_low_max,23374501.25,214065.5712,40,17,0.08782279533,0.002
2023-11-24,industry_diffusion_low_max,23219971.27,214065.5712,40,17,0.08810019991,0.002
2023-11-27,industry_diffusion_low_max,23308390.42,214065.5712,40,17,0.08859830332,0.002
2023-11-28,industry_diffusion_low_max,23281206.54,214065.5712,40,17,0.08819597725,0.002
2023-11-29,industry_diffusion_low_max,22921044.26,214065.5712,40,17,0.08747747372,0.002
2023-11-30,industry_diffusion_low_max,22830982.36,70868.04762,40,21,0.06812259102,0.002
2023-12-01,industry_diffusion_low_max,23040350.91,70868.04762,40,21,0.0692011411,0.002
2023-12-04,industry_diffusion_low_max,23094839.79,70868.04762,40,21,0.06909223673,0.002
2023-12-05,industry_diffusion_low_max,22652121.31,70868.04762,40,21,0.06910761995,0.002
2023-12-06,industry_diffusion_low_max,22806008.27,70868.04762,40,21,0.06948028211,0.002
2023-12-07,industry_diffusion_low_max,22936528.12,4985427.363,31,19,0.07155910459,0.002
2023-12-08,industry_diffusion_low_max,22646183.22,4985427.363,31,19,0.07108860353,0.002
2023-12-11,industry_diffusion_low_max,22849143.3,4985427.363,31,19,0.07133558222,0.002
2023-12-12,industry_diffusion_low_max,23029729.36,4985427.363,31,19,0.07187978034,0.002
2023-12-13,industry_diffusion_low_max,22966927.62,5587811.566,30,18,0.07505495815,0.002
2023-12-14,industry_diffusion_low_max,22965788.18,11367279.39,20,14,0.08742589299,0.002
2023-12-15,industry_diffusion_low_max,22940454.62,11367279.39,20,14,0.08748353335,0.002
2023-12-18,industry_diffusion_low_max,22788179.21,11367279.39,20,14,0.08729533024,0.002
2023-12-19,industry_diffusion_low_max,22748631.7,11367279.39,20,14,0.0872092122,0.002
2023-12-20,industry_diffusion_low_max,22546166.84,11367279.39,20,14,0.08653593802,0.002
2023-12-21,industry_diffusion_low_max,22577565.28,16889253.4,10,8,0.1447712509,0.002
2023-12-22,industry_diffusion_low_max,22388572.39,16889253.4,10,8,0.1418816735,0.002
2023-12-25,industry_diffusion_low_max,22414842.94,16889253.4,10,8,0.1410555643,0.002
2023-12-26,industry_diffusion_low_max,22333422.79,16889253.4,10,8,0.1384658885,0.002
2023-12-27,industry_diffusion_low_max,22261371.83,16889253.4,10,8,0.1384397122,0.002
2023-12-28,industry_diffusion_low_max,22243463.72,22243463.72,0,0,0,0.002
2018-07-10,industry_diffusion_baseline,10017605.8,7500000,10,1,1,0.003
2018-07-11,industry_diffusion_baseline,9925737.031,7500000,10,1,1,0.003
2018-07-12,industry_diffusion_baseline,9997224.07,7500000,10,1,1,0.003
2018-07-13,industry_diffusion_baseline,9993026.634,7500000,10,1,1,0.003
2018-07-16,industry_diffusion_baseline,10009025.73,7500000,10,1,1,0.003
2018-07-17,industry_diffusion_baseline,10018397.59,4997868.301,20,4,0.4140348298,0.003
2018-07-18,industry_diffusion_baseline,9966114.452,4997868.301,20,4,0.4116941416,0.003
2018-07-19,industry_diffusion_baseline,9842331.774,4997868.301,20,4,0.4121664842,0.003
2018-07-20,industry_diffusion_baseline,9933557.546,4997868.301,20,4,0.415366059,0.003
2018-07-23,industry_diffusion_baseline,9982713.4,4997868.301,20,4,0.4281127663,0.003
2018-07-24,industry_diffusion_baseline,10047380.88,2505771.177,30,8,0.3009061878,0.003
2018-07-25,industry_diffusion_baseline,10099084.55,2505771.177,30,8,0.3025325981,0.003
2018-07-26,industry_diffusion_baseline,9949742.134,2505771.177,30,8,0.2983803615,0.003
2018-07-27,industry_diffusion_baseline,9977297.066,2505771.177,30,8,0.295912831,0.003
2018-07-30,industry_diffusion_baseline,9918433.898,2505771.177,30,8,0.2982018761,0.003
2018-07-31,industry_diffusion_baseline,9820125.493,31454.6641,40,12,0.1845361047,0.003
2018-08-01,industry_diffusion_baseline,9562488.757,31454.6641,40,12,0.1824151129,0.003
2018-08-02,industry_diffusion_baseline,9381366.935,31454.6641,40,12,0.1779814853,0.003
2018-08-03,industry_diffusion_baseline,9223117.012,31454.6641,40,12,0.1807126449,0.003
2018-08-06,industry_diffusion_baseline,9045673.656,31454.6641,40,12,0.1804382933,0.003
2018-08-07,industry_diffusion_baseline,9332773.758,80.23057913,40,12,0.1474204464,0.003
2018-08-08,industry_diffusion_baseline,9175729.764,80.23057913,40,12,0.1496291367,0.003
2018-08-09,industry_diffusion_baseline,9380752.054,80.23057913,40,12,0.1484419923,0.003
2018-08-10,industry_diffusion_baseline,9413418.491,80.23057913,40,12,0.1474134234,0.003
2018-08-13,industry_diffusion_baseline,9532742.682,80.23057913,40,12,0.1488504362,0.003
2018-08-14,industry_diffusion_baseline,9389796.778,3.20142135e-10,40,10,0.2443714396,0.003
2018-08-15,industry_diffusion_baseline,9261467.493,3.20142135e-10,40,10,0.241646793,0.003
2018-08-16,industry_diffusion_baseline,9124845.74,3.20142135e-10,40,10,0.2419565377,0.003
2018-08-17,industry_diffusion_baseline,9033607.752,3.20142135e-10,40,10,0.2455930956,0.003
2018-08-20,industry_diffusion_baseline,9154081.155,3.20142135e-10,40,10,0.2493219258,0.003
2018-08-21,industry_diffusion_baseline,9196334.643,-2.910383046e-11,40,6,0.3565820497,0.003
2018-08-22,industry_diffusion_baseline,9101006.12,-2.910383046e-11,40,6,0.3593146399,0.003
2018-08-23,industry_diffusion_baseline,9099452.829,-2.910383046e-11,40,6,0.3561942336,0.003
2018-08-24,industry_diffusion_baseline,9079794.747,-2.910383046e-11,40,6,0.3546820877,0.003
2018-08-27,industry_diffusion_baseline,9210627.738,-2.910383046e-11,40,6,0.3537325178,0.003
2018-08-28,industry_diffusion_baseline,9187079.769,146559.3566,40,5,0.3576373902,0.003
2018-08-29,industry_diffusion_baseline,9112381.46,146559.3566,40,5,0.3580445778,0.003
2018-08-30,industry_diffusion_baseline,8837571.299,146559.3566,40,5,0.3578743487,0.003
2018-08-31,industry_diffusion_baseline,8800187.337,146559.3566,40,5,0.3583429222,0.003
2018-09-03,industry_diffusion_baseline,8775515.203,146559.3566,40,5,0.3590453642,0.003
2018-09-04,industry_diffusion_baseline,8834668.275,166982.9531,40,7,0.2441191523,0.003
2018-09-05,industry_diffusion_baseline,8630365.228,166982.9531,40,7,0.2422873174,0.003
2018-09-06,industry_diffusion_baseline,8594684.308,166982.9531,40,7,0.2417932904,0.003
2018-09-07,industry_diffusion_baseline,8649965.141,166982.9531,40,7,0.2406510916,0.003
2018-09-10,industry_diffusion_baseline,8570755.46,166982.9531,40,7,0.2425162695,0.003
2018-09-11,industry_diffusion_baseline,8510542.896,106908.9203,40,7,0.2603130486,0.003
2018-09-12,industry_diffusion_baseline,8500584.795,106908.9203,40,7,0.2600187094,0.003
2018-09-13,industry_diffusion_baseline,8599188.635,106908.9203,40,7,0.2595351154,0.003
2018-09-14,industry_diffusion_baseline,8535464.152,106908.9203,40,7,0.2617097748,0.003
2018-09-17,industry_diffusion_baseline,8450899.19,106908.9203,40,7,0.2612043723,0.003
2018-09-18,industry_diffusion_baseline,8580157.36,32423.01595,40,7,0.2655036888,0.003
2018-09-19,industry_diffusion_baseline,8819014.017,32423.01595,40,7,0.2693114959,0.003
2018-09-20,industry_diffusion_baseline,8757516.883,32423.01595,40,7,0.270613023,0.003
2018-09-21,industry_diffusion_baseline,8817871.653,32423.01595,40,7,0.2718321821,0.003
2018-09-25,industry_diffusion_baseline,8674691.478,32423.01595,40,7,0.2672527033,0.003
2018-09-26,industry_diffusion_baseline,8698473.731,1.746229827e-10,39,6,0.2797020578,0.003
2018-09-27,industry_diffusion_baseline,8527745.355,1.746229827e-10,39,6,0.2813575405,0.003
2018-09-28,industry_diffusion_baseline,8602877.61,1.746229827e-10,39,6,0.2815705035,0.003
2018-10-08,industry_diffusion_baseline,8393796.733,1.746229827e-10,39,6,0.2791895962,0.003
2018-10-09,industry_diffusion_baseline,8462104.714,1.746229827e-10,39,6,0.2778869071,0.003
2018-10-10,industry_diffusion_baseline,8521911.865,-5.820766091e-11,39,8,0.1858327287,0.003
2018-10-11,industry_diffusion_baseline,8035776.697,-5.820766091e-11,39,8,0.1902011576,0.003
2018-10-12,industry_diffusion_baseline,7865708.189,-5.820766091e-11,39,8,0.1864708663,0.003
2018-10-15,industry_diffusion_baseline,7709537.213,-5.820766091e-11,39,8,0.1864315503,0.003
2018-10-16,industry_diffusion_baseline,7710524.314,-5.820766091e-11,39,8,0.1902248032,0.003
2018-10-17,industry_diffusion_baseline,7612095.671,3288.286076,39,9,0.1596685654,0.003
2018-10-18,industry_diffusion_baseline,7123775.56,3288.286076,39,9,0.1588714486,0.003
2018-10-19,industry_diffusion_baseline,7171608.708,3288.286076,39,9,0.1568221487,0.003
2018-10-22,industry_diffusion_baseline,7557764.325,3288.286076,39,9,0.1566781984,0.003
2018-10-23,industry_diffusion_baseline,7499061.602,3288.286076,39,9,0.1560941314,0.003
2018-10-24,industry_diffusion_baseline,7518415.542,68678.58737,39,10,0.1136007153,0.003
2018-10-25,industry_diffusion_baseline,7551895.444,68678.58737,39,10,0.1142559983,0.003
2018-10-26,industry_diffusion_baseline,7548789.192,68678.58737,39,10,0.1137018727,0.003
2018-10-29,industry_diffusion_baseline,7437919.761,68678.58737,39,10,0.1135195047,0.003
2018-10-30,industry_diffusion_baseline,7517782.448,68678.58737,39,10,0.113793385,0.003
2018-10-31,industry_diffusion_baseline,7609790.55,-2.910383046e-10,40,9,0.1428039888,0.003
2018-11-01,industry_diffusion_baseline,7624639.462,-2.910383046e-10,40,9,0.1429478295,0.003
2018-11-02,industry_diffusion_baseline,7837918.38,-2.910383046e-10,40,9,0.1431618975,0.003
2018-11-05,industry_diffusion_baseline,7900180.913,-2.910383046e-10,40,9,0.1428712444,0.003
2018-11-06,industry_diffusion_baseline,7842459.483,-2.910383046e-10,40,9,0.1421539706,0.003
2018-11-07,industry_diffusion_baseline,7757070.59,2.910383046e-11,41,7,0.2483394768,0.003
2018-11-08,industry_diffusion_baseline,7699460.67,194183.1926,40,6,0.2602348152,0.003
2018-11-09,industry_diffusion_baseline,7624115.966,194183.1926,40,6,0.2625848444,0.003
2018-11-12,industry_diffusion_baseline,7781982.078,194183.1926,40,6,0.2623964794,0.003
2018-11-13,industry_diffusion_baseline,7959066.05,194183.1926,40,6,0.2649440093,0.003
2018-11-14,industry_diffusion_baseline,7851097.674,307445.5343,40,11,0.2658758605,0.003
2018-11-15,industry_diffusion_baseline,8050040.657,307445.5343,40,11,0.2679405855,0.003
2018-11-16,industry_diffusion_baseline,8250015.361,307445.5343,40,11,0.2715471476,0.003
2018-11-19,industry_diffusion_baseline,8423097.31,307445.5343,40,11,0.2781636302,0.003
2018-11-20,industry_diffusion_baseline,8079795.335,307445.5343,40,11,0.274436394,0.003
2018-11-21,industry_diffusion_baseline,8123842.007,271427.9772,40,12,0.2715069901,0.003
2018-11-22,industry_diffusion_baseline,8051492.016,271427.9772,40,12,0.2697940338,0.003
2018-11-23,industry_diffusion_baseline,7730588.614,271427.9772,40,12,0.2705770974,0.003
2018-11-26,industry_diffusion_baseline,7713545.748,271427.9772,40,12,0.271946893,0.003
2018-11-27,industry_diffusion_baseline,7754048.262,271427.9772,40,12,0.2704305046,0.003
2018-11-28,industry_diffusion_baseline,7854122.411,252892.3282,40,19,0.09645401399,0.003
2018-11-29,industry_diffusion_baseline,7634590.645,252892.3282,40,19,0.09534254498,0.003
2018-11-30,industry_diffusion_baseline,7723679.519,252892.3282,40,19,0.09590552445,0.003
2018-12-03,industry_diffusion_baseline,7975343.575,252892.3282,40,19,0.09541993229,0.003
2018-12-04,industry_diffusion_baseline,8032348.832,252892.3282,40,19,0.0957840995,0.003
2018-12-05,industry_diffusion_baseline,7982360.734,5296.064659,40,20,0.06155432434,0.003
2018-12-06,industry_diffusion_baseline,7820521.701,5296.064659,40,20,0.06164024176,0.003
2018-12-07,industry_diffusion_baseline,7856964.863,5296.064659,40,20,0.06174325755,0.003
2018-12-10,industry_diffusion_baseline,7737606.908,5296.064659,40,20,0.06166117349,0.003
2018-12-11,industry_diffusion_baseline,7804381.034,5296.064659,40,20,0.06157084744,0.003
2018-12-12,industry_diffusion_baseline,7774735.824,0,40,20,0.07344632939,0.003
2018-12-13,industry_diffusion_baseline,7905597.407,0,40,20,0.07414667778,0.003
2018-12-14,industry_diffusion_baseline,7701851.766,0,40,20,0.07439608466,0.003
2018-12-17,industry_diffusion_baseline,7689478.209,0,40,20,0.0745682651,0.003
2018-12-18,industry_diffusion_baseline,7622614.741,0,40,20,0.07443063572,0.003
2018-12-19,industry_diffusion_baseline,7495903.181,-7.275957614e-10,40,12,0.1910383455,0.003
2018-12-20,industry_diffusion_baseline,7465988.392,-7.275957614e-10,40,12,0.1899108958,0.003
2018-12-21,industry_diffusion_baseline,7386718.604,-7.275957614e-10,40,12,0.1891373107,0.003
2018-12-24,industry_diffusion_baseline,7455247.793,-7.275957614e-10,40,12,0.1889270993,0.003
2018-12-25,industry_diffusion_baseline,7375417.657,-7.275957614e-10,40,12,0.1899057487,0.003
2018-12-26,industry_diffusion_baseline,7303775.749,50962.57473,40,11,0.1757404916,0.003
2018-12-27,industry_diffusion_baseline,7178531.621,50962.57473,40,11,0.1771936899,0.003
2018-12-28,industry_diffusion_baseline,7217113.181,50962.57473,40,11,0.1780582089,0.003
2019-01-02,industry_diffusion_baseline,7233177.308,50962.57473,40,11,0.1771225587,0.003
2019-01-03,industry_diffusion_baseline,7171808.13,50962.57473,40,11,0.1750591554,0.003
2019-01-04,industry_diffusion_baseline,7328778.039,60656.4469,40,8,0.170525954,0.003
2019-01-07,industry_diffusion_baseline,7470771.26,60656.4469,40,8,0.170887244,0.003
2019-01-08,industry_diffusion_baseline,7488940.553,60656.4469,40,8,0.1714945984,0.003
2019-01-09,industry_diffusion_baseline,7491968.509,60656.4469,40,8,0.1722803199,0.003
2019-01-10,industry_diffusion_baseline,7495474.656,60656.4469,40,8,0.1725903587,0.003
2019-01-11,industry_diffusion_baseline,7536269.143,7500.423869,40,9,0.1631194524,0.003
2019-01-14,industry_diffusion_baseline,7530803.496,7500.423869,40,9,0.1630420211,0.003
2019-01-15,industry_diffusion_baseline,7740176.221,7500.423869,40,9,0.1654358566,0.003
2019-01-16,industry_diffusion_baseline,7673456.832,7500.423869,40,9,0.1654263161,0.003
2019-01-17,industry_diffusion_baseline,7582697.889,7500.423869,40,9,0.165345408,0.003
2019-01-18,industry_diffusion_baseline,7614788.956,21971.45019,40,9,0.188850444,0.003
2019-01-21,industry_diffusion_baseline,7654368.95,21971.45019,40,9,0.1873828708,0.003
2019-01-22,industry_diffusion_baseline,7633473.975,21971.45019,40,9,0.1897553597,0.003
2019-01-23,industry_diffusion_baseline,7697887.995,21971.45019,40,9,0.1921769832,0.003
2019-01-24,industry_diffusion_baseline,7750055.472,21971.45019,40,9,0.1938622354,0.003
2019-01-25,industry_diffusion_baseline,7694544.964,46767.45097,40,8,0.1954773772,0.003
2019-01-28,industry_diffusion_baseline,7746922.153,46767.45097,40,8,0.1981083947,0.003
2019-01-29,industry_diffusion_baseline,7644988.114,46767.45097,40,8,0.19945732,0.003
2019-01-30,industry_diffusion_baseline,7564106.124,46767.45097,40,8,0.1970570972,0.003
2019-01-31,industry_diffusion_baseline,7528358.331,46767.45097,40,8,0.198932452,0.003
2019-02-01,industry_diffusion_baseline,7647217.545,3.492459655e-10,40,10,0.1517862017,0.003
2019-02-11,industry_diffusion_baseline,7964868.292,3.492459655e-10,40,10,0.1544266083,0.003
2019-02-12,industry_diffusion_baseline,8043437.144,3.492459655e-10,40,10,0.1544294774,0.003
2019-02-13,industry_diffusion_baseline,8152817.873,3.492459655e-10,40,10,0.1530871969,0.003
2019-02-14,industry_diffusion_baseline,8205609.331,3.492459655e-10,40,10,0.1533567078,0.003
2019-02-15,industry_diffusion_baseline,8253317.564,-2.328306437e-10,40,12,0.1656434972,0.003
2019-02-18,industry_diffusion_baseline,8620278.337,-2.328306437e-10,40,12,0.1674718687,0.003
2019-02-19,industry_diffusion_baseline,8680427.347,-2.328306437e-10,40,12,0.1664247258,0.003
2019-02-20,industry_diffusion_baseline,8823547.893,-2.328306437e-10,40,12,0.1723676657,0.003
2019-02-21,industry_diffusion_baseline,8905427.815,-2.328306437e-10,40,12,0.1762684289,0.003
2019-02-22,industry_diffusion_baseline,9112098.726,489600.2807,40,15,0.1036273577,0.003
2019-02-25,industry_diffusion_baseline,9614115.72,489600.2807,40,15,0.1042135184,0.003
2019-02-26,industry_diffusion_baseline,9530692.268,489600.2807,40,15,0.1032803569,0.003
2019-02-27,industry_diffusion_baseline,9522859.348,489600.2807,40,15,0.1032741106,0.003
2019-02-28,industry_diffusion_baseline,9590720.928,489600.2807,40,15,0.1018802384,0.003
2019-03-01,industry_diffusion_baseline,9736898.36,484411.8166,40,16,0.09811264073,0.003
2019-03-04,industry_diffusion_baseline,9893730.305,484411.8166,40,16,0.0983961769,0.003
2019-03-05,industry_diffusion_baseline,10200435.26,484411.8166,40,16,0.09869998551,0.003
2019-03-06,industry_diffusion_baseline,10378812.17,484411.8166,40,16,0.09894985452,0.003
2019-03-07,industry_diffusion_baseline,10426692.68,484411.8166,40,16,0.09927070729,0.003
2019-03-08,industry_diffusion_baseline,9825129.028,134631.0082,40,16,0.1040942064,0.003
2019-03-11,industry_diffusion_baseline,10112704.21,134631.0082,40,16,0.103714751,0.003
2019-03-12,industry_diffusion_baseline,10229837.5,134631.0082,40,16,0.1041095746,0.003
2019-03-13,industry_diffusion_baseline,10035879.05,134631.0082,40,16,0.1045371689,0.003
2019-03-14,industry_diffusion_baseline,9785902.104,134631.0082,40,16,0.1037759612,0.003
2019-03-15,industry_diffusion_baseline,10108939.55,0,40,20,0.09041770943,0.003
2019-03-18,industry_diffusion_baseline,10418928.2,0,40,20,0.0907772266,0.003
2019-03-19,industry_diffusion_baseline,10463655.05,0,40,20,0.08945548625,0.003
2019-03-20,industry_diffusion_baseline,10503216.62,0,40,20,0.08985734962,0.003
2019-03-21,industry_diffusion_baseline,10755963.61,0,40,20,0.09007929874,0.003
2019-03-22,industry_diffusion_baseline,10842870.05,39513.23212,40,16,0.1341811444,0.003
2019-03-25,industry_diffusion_baseline,10689974.59,39513.23212,40,16,0.1352720056,0.003
2019-03-26,industry_diffusion_baseline,10332874.69,39513.23212,40,16,0.1355822092,0.003
2019-03-27,industry_diffusion_baseline,10349259.19,39513.23212,40,16,0.1359022319,0.003
2019-03-28,industry_diffusion_baseline,10251109.8,39513.23212,40,16,0.1384634423,0.003
2019-03-29,industry_diffusion_baseline,10554427.21,111647.4608,40,20,0.08763561347,0.003
2019-04-01,industry_diffusion_baseline,10896805.12,111647.4608,40,20,0.08748139439,0.003
2019-04-02,industry_diffusion_baseline,10889603.32,111647.4608,40,20,0.08730214755,0.003
2019-04-03,industry_diffusion_baseline,11038708.18,111647.4608,40,20,0.08830375986,0.003
2019-04-04,industry_diffusion_baseline,11039530.44,111647.4608,40,20,0.08750646447,0.003
2019-04-08,industry_diffusion_baseline,11007577.24,145687.8484,40,20,0.06418822048,0.003
2019-04-09,industry_diffusion_baseline,11037355.77,145687.8484,40,20,0.06445846131,0.003
2019-04-10,industry_diffusion_baseline,11066600.22,145687.8484,40,20,0.06465860613,0.003
2019-04-11,industry_diffusion_baseline,10901387.3,145687.8484,40,20,0.06484728034,0.003
2019-04-12,industry_diffusion_baseline,10796575.36,145687.8484,40,20,0.06483668156,0.003
2019-04-15,industry_diffusion_baseline,10670068.9,5.238689482e-10,40,17,0.07257527432,0.003
2019-04-16,industry_diffusion_baseline,10861631.22,5.238689482e-10,40,17,0.0723016956,0.003
2019-04-17,industry_diffusion_baseline,10886161.28,5.238689482e-10,40,17,0.07231223466,0.003
2019-04-18,industry_diffusion_baseline,10813176.57,5.238689482e-10,40,17,0.07236586737,0.003
2019-04-19,industry_diffusion_baseline,10949825.46,5.238689482e-10,40,17,0.07237226582,0.003
2019-04-22,industry_diffusion_baseline,10765141.45,0,40,20,0.06436339828,0.003
2019-04-23,industry_diffusion_baseline,10559988.33,0,40,20,0.06445136345,0.003
2019-04-24,industry_diffusion_baseline,10584463.08,0,40,20,0.06425080366,0.003
2019-04-25,industry_diffusion_baseline,10103496.82,0,40,20,0.06452802978,0.003
2019-04-26,industry_diffusion_baseline,10002667.75,0,40,20,0.06457016389,0.003
2019-04-29,industry_diffusion_baseline,9705020.4,30290.74942,40,19,0.06655576819,0.003
2019-04-30,industry_diffusion_baseline,9824476.078,30290.74942,40,19,0.06632992435,0.003
2019-05-06,industry_diffusion_baseline,9099455.539,30290.74942,40,19,0.06583287452,0.003
2019-05-07,industry_diffusion_baseline,9368512.028,30290.74942,40,19,0.06556080473,0.003
2019-05-08,industry_diffusion_baseline,9302769.03,30290.74942,40,19,0.06577483794,0.003
2019-05-09,industry_diffusion_baseline,9185440.928,0,41,18,0.07716182741,0.003
2019-05-10,industry_diffusion_baseline,9494232.657,216948.8496,40,17,0.08014782871,0.003
2019-05-13,industry_diffusion_baseline,9531335.372,452041.496,39,17,0.08194296616,0.003
2019-05-14,industry_diffusion_baseline,9405024.721,452041.496,39,17,0.08229550076,0.003
2019-05-15,industry_diffusion_baseline,9679008.749,452041.496,39,17,0.08182987527,0.003
2019-05-16,industry_diffusion_baseline,9723530.591,-3.20142135e-10,41,14,0.1161066028,0.003
2019-05-17,industry_diffusion_baseline,9510860.855,-3.20142135e-10,41,14,0.1158532927,0.003
2019-05-20,industry_diffusion_baseline,9337828.148,-3.20142135e-10,41,14,0.1147444678,0.003
2019-05-21,industry_diffusion_baseline,9592074.387,-3.20142135e-10,41,14,0.114252567,0.003
2019-05-22,industry_diffusion_baseline,9492966.99,267571.0471,40,14,0.1182500084,0.003
2019-05-23,industry_diffusion_baseline,9221637.287,414321.4939,40,9,0.1863095089,0.003
2019-05-24,industry_diffusion_baseline,9181877.059,414321.4939,40,9,0.1854541731,0.003
2019-05-27,industry_diffusion_baseline,9382224.983,414321.4939,40,9,0.1850487544,0.003
2019-05-28,industry_diffusion_baseline,9520035.166,414321.4939,40,9,0.185822317,0.003
2019-05-29,industry_diffusion_baseline,9575494.201,414321.4939,40,9,0.1853113158,0.003
2019-05-30,industry_diffusion_baseline,9658238.922,514863.754,39,6,0.2284033301,0.003
2019-05-31,industry_diffusion_baseline,9621156.796,736177.04,38,6,0.2351900399,0.003
2019-06-03,industry_diffusion_baseline,9542087.643,736177.04,38,6,0.2371039502,0.003
2019-06-04,industry_diffusion_baseline,9392733.418,1141856.165,36,6,0.2439207475,0.003
2019-06-05,industry_diffusion_baseline,9427544.214,1141856.165,36,6,0.2447843818,0.003
2019-06-06,industry_diffusion_baseline,9244755.095,557243.6049,38,7,0.1959563269,0.003
2019-06-10,industry_diffusion_baseline,9319134.988,557243.6049,38,7,0.1950978062,0.003
2019-06-11,industry_diffusion_baseline,9710510.881,557243.6049,38,7,0.1927186754,0.003
2019-06-12,industry_diffusion_baseline,9676835.548,557243.6049,38,7,0.1910522248,0.003
2019-06-13,industry_diffusion_baseline,9823080.19,557243.6049,38,7,0.1903563754,0.003
2019-06-14,industry_diffusion_baseline,9621654.762,13787.6461,39,6,0.2390488508,0.003
2019-06-17,industry_diffusion_baseline,9581097.887,13787.6461,39,6,0.2393743573,0.003
2019-06-18,industry_diffusion_baseline,9429266.088,13787.6461,39,6,0.237876304,0.003
2019-06-19,industry_diffusion_baseline,9400945.571,13787.6461,39,6,0.2372751267,0.003
2019-06-20,industry_diffusion_baseline,9451390.51,13787.6461,39,6,0.2375689686,0.003
2019-06-21,industry_diffusion_baseline,9509412.503,38459.66993,39,7,0.3249904307,0.003
2019-06-24,industry_diffusion_baseline,9552208.138,38459.66993,39,7,0.3211802389,0.003
2019-06-25,industry_diffusion_baseline,9333250.491,38459.66993,39,7,0.3219616393,0.003
2019-06-26,industry_diffusion_baseline,9268507.298,38459.66993,39,7,0.3210204118,0.003
2019-06-27,industry_diffusion_baseline,9296137.681,38459.66993,39,7,0.3208724543,0.003
2019-06-28,industry_diffusion_baseline,9227926.658,2.328306437e-10,40,11,0.2933201461,0.003
2019-07-01,industry_diffusion_baseline,9419058.254,2.328306437e-10,40,11,0.2920419535,0.003
2019-07-02,industry_diffusion_baseline,9388491.766,2.328306437e-10,40,11,0.2922953471,0.003
2019-07-03,industry_diffusion_baseline,9197967.165,2.328306437e-10,40,11,0.2915905111,0.003
2019-07-04,industry_diffusion_baseline,9148143.093,2.328306437e-10,40,11,0.2919531904,0.003
2019-07-05,industry_diffusion_baseline,9192907.178,82429.92523,40,13,0.178166517,0.003
2019-07-08,industry_diffusion_baseline,8834704.958,82429.92523,40,13,0.1754122746,0.003
2019-07-09,industry_diffusion_baseline,8903336.596,82429.92523,40,13,0.1771973031,0.003
2019-07-10,industry_diffusion_baseline,8774954.343,82429.92523,40,13,0.176561031,0.003
2019-07-11,industry_diffusion_baseline,8774383.439,82429.92523,40,13,0.1753826781,0.003
2019-07-12,industry_diffusion_baseline,8805386.342,-5.820766091e-10,40,13,0.1323329056,0.003
2019-07-15,industry_diffusion_baseline,8867305.646,-5.820766091e-10,40,13,0.1325272093,0.003
2019-07-16,industry_diffusion_baseline,8891555.94,-5.820766091e-10,40,13,0.1322707408,0.003
2019-07-17,industry_diffusion_baseline,8871871.513,-5.820766091e-10,40,13,0.1321895496,0.003
2019-07-18,industry_diffusion_baseline,8760121.35,-5.820766091e-10,40,13,0.1333077072,0.003
2019-07-19,industry_diffusion_baseline,8783303.584,25660.44555,40,15,0.1645603274,0.003
2019-07-22,industry_diffusion_baseline,8607870.643,25660.44555,40,15,0.1681777379,0.003
2019-07-23,industry_diffusion_baseline,8604867.03,25660.44555,40,15,0.1659403141,0.003
2019-07-24,industry_diffusion_baseline,8658823.206,25660.44555,40,15,0.1658982107,0.003
2019-07-25,industry_diffusion_baseline,8703400.265,25660.44555,40,15,0.1676413961,0.003
2019-07-26,industry_diffusion_baseline,8692607.898,52417.80054,40,11,0.1826456739,0.003
2019-07-29,industry_diffusion_baseline,8762291.319,52417.80054,40,11,0.1828241105,0.003
2019-07-30,industry_diffusion_baseline,8816941.895,52417.80054,40,11,0.181681758,0.003
2019-07-31,industry_diffusion_baseline,8689573.331,52417.80054,40,11,0.1811722739,0.003
2019-08-01,industry_diffusion_baseline,8724598.637,52417.80054,40,11,0.1802992068,0.003
2019-08-02,industry_diffusion_baseline,8671390.08,48882.46526,40,8,0.2266805869,0.003
2019-08-05,industry_diffusion_baseline,8526646.239,48882.46526,40,8,0.2257062087,0.003
2019-08-06,industry_diffusion_baseline,8381052.276,48882.46526,40,8,0.2273002793,0.003
2019-08-07,industry_diffusion_baseline,8266623.183,48882.46526,40,8,0.2277229041,0.003
2019-08-08,industry_diffusion_baseline,8315698.6,48882.46526,40,8,0.2277453068,0.003
2019-08-09,industry_diffusion_baseline,8192070.4,-1.746229827e-10,40,10,0.1558650252,0.003
2019-08-12,industry_diffusion_baseline,8347807.697,-1.746229827e-10,40,10,0.1574546908,0.003
2019-08-13,industry_diffusion_baseline,8391861.269,-1.746229827e-10,40,10,0.1569582044,0.003
2019-08-14,industry_diffusion_baseline,8397586.455,-1.746229827e-10,40,10,0.1565981447,0.003
2019-08-15,industry_diffusion_baseline,8427857.406,-1.746229827e-10,40,10,0.156511463,0.003
2019-08-16,industry_diffusion_baseline,8480208.003,116387.0884,40,9,0.1558421358,0.003
2019-08-19,industry_diffusion_baseline,8688491.945,116387.0884,40,9,0.1565964163,0.003
2019-08-20,industry_diffusion_baseline,8684407.55,116387.0884,40,9,0.1569836052,0.003
2019-08-21,industry_diffusion_baseline,8693208.092,116387.0884,40,9,0.1573351771,0.003
2019-08-22,industry_diffusion_baseline,8740613.969,116387.0884,40,9,0.1574630945,0.003
2019-08-23,industry_diffusion_baseline,8748916.339,132043.7012,40,12,0.1413665343,0.003
2019-08-26,industry_diffusion_baseline,8732999.424,132043.7012,40,12,0.1408883315,0.003
2019-08-27,industry_diffusion_baseline,8832666.396,132043.7012,40,12,0.1395482952,0.003
2019-08-28,industry_diffusion_baseline,8764782.858,132043.7012,40,12,0.1383316329,0.003
2019-08-29,industry_diffusion_baseline,8786471.156,132043.7012,40,12,0.1401186299,0.003
2019-08-30,industry_diffusion_baseline,8736821.66,57326.30634,40,12,0.1608311191,0.003
2019-09-02,industry_diffusion_baseline,8920415.397,57326.30634,40,12,0.1604436663,0.003
2019-09-03,industry_diffusion_baseline,9006745.814,57326.30634,40,12,0.1631752164,0.003
2019-09-04,industry_diffusion_baseline,9095971.721,57326.30634,40,12,0.1638840021,0.003
2019-09-05,industry_diffusion_baseline,9241093.217,57326.30634,40,12,0.1651525858,0.003
2019-09-06,industry_diffusion_baseline,9172457.22,-2.910383046e-11,40,16,0.138012055,0.003
2019-09-09,industry_diffusion_baseline,9365175.692,-2.910383046e-11,40,16,0.1394040147,0.003
2019-09-10,industry_diffusion_baseline,9318693.483,-2.910383046e-11,40,16,0.1386869526,0.003
2019-09-11,industry_diffusion_baseline,9267863.751,-2.910383046e-11,40,16,0.1399512638,0.003
2019-09-12,industry_diffusion_baseline,9263698.705,-2.910383046e-11,40,16,0.1394237459,0.003
2019-09-16,industry_diffusion_baseline,9317047.319,-2.037268132e-10,41,21,0.07209571505,0.003
2019-09-17,industry_diffusion_baseline,9089833.638,-2.037268132e-10,41,21,0.07207196398,0.003
2019-09-18,industry_diffusion_baseline,9067531.193,-2.037268132e-10,41,21,0.07189984242,0.003
2019-09-19,industry_diffusion_baseline,9134439.347,262088.7353,40,21,0.07209547827,0.003
2019-09-20,industry_diffusion_baseline,9175388.478,262088.7353,40,21,0.07250342677,0.003
2019-09-23,industry_diffusion_baseline,9093609.102,381913.162,40,19,0.08211075885,0.003
2019-09-24,industry_diffusion_baseline,9102647.405,381913.162,40,19,0.0817519617,0.003
2019-09-25,industry_diffusion_baseline,8948159.099,381913.162,40,19,0.08103741533,0.003
2019-09-26,industry_diffusion_baseline,8608889.941,381913.162,40,19,0.08037036736,0.003
2019-09-27,industry_diffusion_baseline,8665439.23,381913.162,40,19,0.07989350643,0.003
2019-09-30,industry_diffusion_baseline,8576330.74,252028.2506,40,17,0.1086933877,0.003
2019-10-08,industry_diffusion_baseline,8628384.914,252028.2506,40,17,0.109238775,0.003
2019-10-09,industry_diffusion_baseline,8731718.178,252028.2506,40,17,0.1102511661,0.003
2019-10-10,industry_diffusion_baseline,8781281.796,252028.2506,40,17,0.1094867931,0.003
2019-10-11,industry_diffusion_baseline,8839292.977,252028.2506,40,17,0.1108216218,0.003
2019-10-14,industry_diffusion_baseline,9061459.058,25150.02804,40,16,0.1492745076,0.003
2019-10-15,industry_diffusion_baseline,8973425.63,25150.02804,40,16,0.1501924372,0.003
2019-10-16,industry_diffusion_baseline,8902481.815,25150.02804,40,16,0.1496095224,0.003
2019-10-17,industry_diffusion_baseline,8920849.083,25150.02804,40,16,0.1489882934,0.003
2019-10-18,industry_diffusion_baseline,8741073.487,25150.02804,40,16,0.1480215205,0.003
2019-10-21,industry_diffusion_baseline,8728918.107,2.910383046e-11,40,12,0.1724876438,0.003
2019-10-22,industry_diffusion_baseline,8784245.37,2.910383046e-11,40,12,0.1697850001,0.003
2019-10-23,industry_diffusion_baseline,8754517.273,2.910383046e-11,40,12,0.1696852261,0.003
2019-10-24,industry_diffusion_baseline,8821961.059,2.910383046e-11,40,12,0.1709234396,0.003
2019-10-25,industry_diffusion_baseline,8851442.396,2.910383046e-11,40,12,0.1696564929,0.003
2019-10-28,industry_diffusion_baseline,9032985.829,100545.953,40,9,0.2344499134,0.003
2019-10-29,industry_diffusion_baseline,8944540.532,100545.953,40,9,0.2354264128,0.003
2019-10-30,industry_diffusion_baseline,8819909.755,100545.953,40,9,0.2359052204,0.003
2019-10-31,industry_diffusion_baseline,8706907.251,100545.953,40,9,0.2367469525,0.003
2019-11-01,industry_diffusion_baseline,8776523.103,100545.953,40,9,0.2381611656,0.003
2019-11-04,industry_diffusion_baseline,8795219.223,191340.9227,40,11,0.1367990259,0.003
2019-11-05,industry_diffusion_baseline,8835509.532,191340.9227,40,11,0.1373007245,0.003
2019-11-06,industry_diffusion_baseline,8664234.776,191340.9227,40,11,0.1371718112,0.003
2019-11-07,industry_diffusion_baseline,8770197.796,191340.9227,40,11,0.1377041885,0.003
2019-11-08,industry_diffusion_baseline,8723355.557,191340.9227,40,11,0.1373176107,0.003
2019-11-11,industry_diffusion_baseline,8515414.316,150816.2394,40,8,0.1896212454,0.003
2019-11-12,industry_diffusion_baseline,8578128.887,150816.2394,40,8,0.1904330074,0.003
2019-11-13,industry_diffusion_baseline,8538792.454,150816.2394,40,8,0.1912690095,0.003
2019-11-14,industry_diffusion_baseline,8568599.697,150816.2394,40,8,0.1912946663,0.003
2019-11-15,industry_diffusion_baseline,8360334.129,150816.2394,40,8,0.1901991066,0.003
2019-11-18,industry_diffusion_baseline,8394825.713,34741.16017,40,9,0.184549514,0.003
2019-11-19,industry_diffusion_baseline,8520583.54,34741.16017,40,9,0.1848409057,0.003
2019-11-20,industry_diffusion_baseline,8473189.931,34741.16017,40,9,0.1852123408,0.003
2019-11-21,industry_diffusion_baseline,8438234.645,34741.16017,40,9,0.1835686562,0.003
2019-11-22,industry_diffusion_baseline,8286757.623,34741.16017,40,9,0.1827305932,0.003
2019-11-25,industry_diffusion_baseline,8231814.597,4696.809593,40,9,0.194494705,0.003
2019-11-26,industry_diffusion_baseline,8293963.964,4696.809593,40,9,0.195022956,0.003
2019-11-27,industry_diffusion_baseline,8290889.451,4696.809593,40,9,0.1944447758,0.003
2019-11-28,industry_diffusion_baseline,8257786.237,4696.809593,40,9,0.1946145161,0.003
2019-11-29,industry_diffusion_baseline,8179260.095,4696.809593,40,9,0.1939384076,0.003
2019-12-02,industry_diffusion_baseline,8153252.807,53683.86637,40,7,0.2094034861,0.003
2019-12-03,industry_diffusion_baseline,8151934.477,53683.86637,40,7,0.2096200878,0.003
2019-12-04,industry_diffusion_baseline,8103982.284,53683.86637,40,7,0.2093113821,0.003
2019-12-05,industry_diffusion_baseline,8143152.697,53683.86637,40,7,0.2093373034,0.003
2019-12-06,industry_diffusion_baseline,8227822.303,53683.86637,40,7,0.2095038933,0.003
2019-12-09,industry_diffusion_baseline,8317003.794,21764.28724,40,8,0.1818519936,0.003
2019-12-10,industry_diffusion_baseline,8346791.982,21764.28724,40,8,0.1820734749,0.003
2019-12-11,industry_diffusion_baseline,8286579.856,21764.28724,40,8,0.182002562,0.003
2019-12-12,industry_diffusion_baseline,8246056.178,21764.28724,40,8,0.1814488193,0.003
2019-12-13,industry_diffusion_baseline,8323668.279,21764.28724,40,8,0.1814210919,0.003
2019-12-16,industry_diffusion_baseline,8380387.944,554.6295536,40,9,0.2067616299,0.003
2019-12-17,industry_diffusion_baseline,8493819.425,554.6295536,40,9,0.2067815716,0.003
2019-12-18,industry_diffusion_baseline,8510351.696,554.6295536,40,9,0.2068687883,0.003
2019-12-19,industry_diffusion_baseline,8571582.32,554.6295536,40,9,0.2063555806,0.003
2019-12-20,industry_diffusion_baseline,8473248.795,554.6295536,40,9,0.2074983331,0.003
2019-12-23,industry_diffusion_baseline,8351639.609,-2.328306437e-10,40,12,0.1911653755,0.003
2019-12-24,industry_diffusion_baseline,8492584.724,-2.328306437e-10,40,12,0.1919772927,0.003
2019-12-25,industry_diffusion_baseline,8555695.571,-2.328306437e-10,40,12,0.1916822224,0.003
2019-12-26,industry_diffusion_baseline,8659374.977,-2.328306437e-10,40,12,0.1913483615,0.003
2019-12-27,industry_diffusion_baseline,8626203.784,-2.328306437e-10,40,12,0.1907487725,0.003
2019-12-30,industry_diffusion_baseline,8778010.32,34554.40912,40,16,0.1063182423,0.003
2019-12-31,industry_diffusion_baseline,8794352.411,34554.40912,40,16,0.1057917493,0.003
2020-01-02,industry_diffusion_baseline,8987338.986,34554.40912,40,16,0.1060925265,0.003
2020-01-03,industry_diffusion_baseline,9033532.223,34554.40912,40,16,0.1055005838,0.003
2020-01-06,industry_diffusion_baseline,9137269.511,34554.40912,40,16,0.1061193548,0.003
2020-01-07,industry_diffusion_baseline,9192769.144,84118.7217,40,16,0.1044483349,0.003
2020-01-08,industry_diffusion_baseline,9027463.999,84118.7217,40,16,0.1050245219,0.003
2020-01-09,industry_diffusion_baseline,9109438.236,84118.7217,40,16,0.105231011,0.003
2020-01-10,industry_diffusion_baseline,9138048.2,84118.7217,40,16,0.1050970452,0.003
2020-01-13,industry_diffusion_baseline,9222053.4,84118.7217,40,16,0.1046633445,0.003
2020-01-14,industry_diffusion_baseline,9158700.694,51329.44055,40,16,0.1137424749,0.003
2020-01-15,industry_diffusion_baseline,9074161.906,51329.44055,40,16,0.1141108179,0.003
2020-01-16,industry_diffusion_baseline,9078492.38,51329.44055,40,16,0.1134936139,0.003
2020-01-17,industry_diffusion_baseline,9057144.903,51329.44055,40,16,0.1137030493,0.003
2020-01-20,industry_diffusion_baseline,9081100.2,51329.44055,40,16,0.1135290701,0.003
2020-01-21,industry_diffusion_baseline,8880194.114,-6.98491931e-10,40,17,0.1089419949,0.003
2020-01-22,industry_diffusion_baseline,8923276.071,-6.98491931e-10,40,17,0.109609191,0.003
2020-01-23,industry_diffusion_baseline,8668528.777,-6.98491931e-10,40,17,0.1141062695,0.003
2020-02-03,industry_diffusion_baseline,7815336.22,-6.98491931e-10,40,17,0.1145551013,0.003
2020-02-04,industry_diffusion_baseline,7995396.707,-6.98491931e-10,40,17,0.120832503,0.003
2020-02-05,industry_diffusion_baseline,8319248.242,3752.950719,39,17,0.1241044466,0.003
2020-02-06,industry_diffusion_baseline,8630846.956,3752.950719,39,17,0.1256393495,0.003
2020-02-07,industry_diffusion_baseline,8704041.224,3752.950719,39,17,0.1256081366,0.003
2020-02-10,industry_diffusion_baseline,8880525.547,3752.950719,39,17,0.1245818208,0.003
2020-02-11,industry_diffusion_baseline,8966743.04,3752.950719,39,17,0.1269063229,0.003
2020-02-12,industry_diffusion_baseline,9116517.307,71201.32493,39,14,0.2462021363,0.003
2020-02-13,industry_diffusion_baseline,8857909.041,71201.32493,39,14,0.2459032434,0.003
2020-02-14,industry_diffusion_baseline,8846358.826,71201.32493,39,14,0.2439213515,0.003
2020-02-17,industry_diffusion_baseline,9077497.644,71201.32493,39,14,0.2422911909,0.003
2020-02-18,industry_diffusion_baseline,9304144.778,71201.32493,39,14,0.2400916037,0.003
2020-02-19,industry_diffusion_baseline,9190982.142,239737.5182,39,10,0.2788714442,0.003
2020-02-20,industry_diffusion_baseline,9298813.578,239737.5182,39,10,0.2756630632,0.003
2020-02-21,industry_diffusion_baseline,9482563.535,239737.5182,39,10,0.274570947,0.003
2020-02-24,industry_diffusion_baseline,9777931.273,239737.5182,39,10,0.2811211513,0.003
2020-02-25,industry_diffusion_baseline,9825750.383,239737.5182,39,10,0.2897658415,0.003
2020-02-26,industry_diffusion_baseline,9439373.378,292954.0957,39,7,0.3026380294,0.003
2020-02-27,industry_diffusion_baseline,9393825.37,292954.0957,39,7,0.3036195184,0.003
2020-02-28,industry_diffusion_baseline,9147183.922,292954.0957,39,7,0.3155804647,0.003
2020-03-02,industry_diffusion_baseline,9344848.321,292954.0957,39,7,0.313942136,0.003
2020-03-03,industry_diffusion_baseline,9435402.308,292954.0957,39,7,0.315492371,0.003
2020-03-04,industry_diffusion_baseline,9447166.191,71771.72037,40,13,0.1579630911,0.003
2020-03-05,industry_diffusion_baseline,9540994.643,71771.72037,40,13,0.1585644838,0.003
2020-03-06,industry_diffusion_baseline,9576954.44,71771.72037,40,13,0.1605220855,0.003
2020-03-09,industry_diffusion_baseline,9320979.995,71771.72037,40,13,0.1634745239,0.003
2020-03-10,industry_diffusion_baseline,9470345.817,71771.72037,40,13,0.1634374497,0.003
2020-03-11,industry_diffusion_baseline,9384144.286,333163.9454,40,18,0.1244333579,0.003
2020-03-12,industry_diffusion_baseline,9168595.044,333163.9454,40,18,0.1255325004,0.003
2020-03-13,industry_diffusion_baseline,9072542.414,333163.9454,40,18,0.1270755382,0.003
2020-03-16,industry_diffusion_baseline,8695459.688,333163.9454,40,18,0.125927501,0.003
2020-03-17,industry_diffusion_baseline,8625274.571,333163.9454,40,18,0.125372061,0.003
2020-03-18,industry_diffusion_baseline,8505544.864,138033.8862,40,19,0.1191711991,0.003
2020-03-19,industry_diffusion_baseline,8570155.273,138033.8862,40,19,0.11741986,0.003
2020-03-20,industry_diffusion_baseline,8849454.893,138033.8862,40,19,0.1210433216,0.003
2020-03-23,industry_diffusion_baseline,8548309.01,138033.8862,40,19,0.1237438024,0.003
2020-03-24,industry_diffusion_baseline,8842937.574,138033.8862,40,19,0.1281207967,0.003
2020-03-25,industry_diffusion_baseline,9079380.268,93397.71728,40,16,0.2339781559,0.003
2020-03-26,industry_diffusion_baseline,9096236.438,93397.71728,40,16,0.2436354325,0.003
2020-03-27,industry_diffusion_baseline,9082688.823,93397.71728,40,16,0.2398744918,0.003
2020-03-30,industry_diffusion_baseline,8952262.9,93397.71728,40,16,0.2442068719,0.003
2020-03-31,industry_diffusion_baseline,9192853.125,93397.71728,40,16,0.2586535301,0.003
2020-04-01,industry_diffusion_baseline,8971336.743,1.455191523e-10,40,13,0.4223183169,0.003
2020-04-02,industry_diffusion_baseline,8975672.211,1.455191523e-10,40,13,0.4184653348,0.003
2020-04-03,industry_diffusion_baseline,9094714.007,1.455191523e-10,40,13,0.4247973253,0.003
2020-04-07,industry_diffusion_baseline,9437027.76,1.455191523e-10,40,13,0.4242453236,0.003
2020-04-08,industry_diffusion_baseline,9353251.636,1.455191523e-10,40,13,0.4140641303,0.003
2020-04-09,industry_diffusion_baseline,9605749.85,-1.746229827e-10,40,6,0.7295121175,0.003
2020-04-10,industry_diffusion_baseline,9379200.607,-1.746229827e-10,40,6,0.7282964715,0.003
2020-04-13,industry_diffusion_baseline,9388815.178,-1.746229827e-10,40,6,0.732569806,0.003
2020-04-14,industry_diffusion_baseline,9484763.238,-1.746229827e-10,40,6,0.7322762908,0.003
2020-04-15,industry_diffusion_baseline,9304019.106,-1.746229827e-10,40,6,0.7289157585,0.003
2020-04-16,industry_diffusion_baseline,9289230.707,99849.99994,40,10,0.4075561508,0.003
2020-04-17,industry_diffusion_baseline,9241820.506,99849.99994,40,10,0.4059671955,0.003
2020-04-20,industry_diffusion_baseline,9368661.921,99849.99994,40,10,0.3993015575,0.003
2020-04-21,industry_diffusion_baseline,9441387.509,99849.99994,40,10,0.3990221495,0.003
2020-04-22,industry_diffusion_baseline,9742527.163,99849.99994,40,10,0.4012225268,0.003
2020-04-23,industry_diffusion_baseline,9754390.641,207345.3634,40,12,0.1927068733,0.003
2020-04-24,industry_diffusion_baseline,9562266.15,450262.6725,39,12,0.203450275,0.003
2020-04-27,industry_diffusion_baseline,9626214.929,450262.6725,39,12,0.2084883971,0.003
2020-04-28,industry_diffusion_baseline,9611355.207,450262.6725,39,12,0.2127375011,0.003
2020-04-29,industry_diffusion_baseline,9390963.852,450262.6725,39,12,0.2106206177,0.003
2020-04-30,industry_diffusion_baseline,9399837.433,606682.1955,38,16,0.1183805477,0.003
2020-05-06,industry_diffusion_baseline,9541326.38,835990.1663,37,16,0.1143969805,0.003
2020-05-07,industry_diffusion_baseline,9664845.24,835990.1663,37,16,0.1156580657,0.003
2020-05-08,industry_diffusion_baseline,9790278.43,835990.1663,37,16,0.1160609256,0.003
2020-05-11,industry_diffusion_baseline,9864670.485,835990.1663,37,16,0.1154557209,0.003
2020-05-12,industry_diffusion_baseline,9908073.719,267638.3924,39,18,0.1040925244,0.003
2020-05-13,industry_diffusion_baseline,10066301.83,267638.3924,39,18,0.1054348943,0.003
2020-05-14,industry_diffusion_baseline,10000412.39,267638.3924,39,18,0.1064796355,0.003
2020-05-15,industry_diffusion_baseline,10026014.27,267638.3924,39,18,0.1062619865,0.003
2020-05-18,industry_diffusion_baseline,10036319.08,267638.3924,39,18,0.1058098116,0.003
2020-05-19,industry_diffusion_baseline,10148649.73,-4.074536264e-10,40,15,0.1148063444,0.003
2020-05-20,industry_diffusion_baseline,9871070.122,-4.074536264e-10,40,15,0.113739384,0.003
2020-05-21,industry_diffusion_baseline,9781098.412,-4.074536264e-10,40,15,0.11471203,0.003
2020-05-22,industry_diffusion_baseline,9576579.201,-4.074536264e-10,40,15,0.1143791213,0.003
2020-05-25,industry_diffusion_baseline,9700006.698,-4.074536264e-10,40,15,0.1154345693,0.003
2020-05-26,industry_diffusion_baseline,9902626.969,4.365574569e-10,40,14,0.1768504507,0.003
2020-05-27,industry_diffusion_baseline,9932905.341,4.365574569e-10,40,14,0.1775290163,0.003
2020-05-28,industry_diffusion_baseline,9974272.101,4.365574569e-10,40,14,0.1775481311,0.003
2020-05-29,industry_diffusion_baseline,10156921.47,4.365574569e-10,40,14,0.1788212334,0.003
2020-06-01,industry_diffusion_baseline,10330396.7,4.365574569e-10,40,14,0.1772604076,0.003
2020-06-02,industry_diffusion_baseline,10160445.63,238102.7151,40,15,0.1391994189,0.003
2020-06-03,industry_diffusion_baseline,10138527.11,238102.7151,40,15,0.1404096842,0.003
2020-06-04,industry_diffusion_baseline,10346755.96,238102.7151,40,15,0.1452322715,0.003
2020-06-05,industry_diffusion_baseline,10261297.63,238102.7151,40,15,0.1427333524,0.003
2020-06-08,industry_diffusion_baseline,10124304.03,238102.7151,40,15,0.1407698983,0.003
2020-06-09,industry_diffusion_baseline,10168842.42,260138.5859,40,14,0.1362899506,0.003
2020-06-10,industry_diffusion_baseline,10154298.12,260138.5859,40,14,0.1367550727,0.003
2020-06-11,industry_diffusion_baseline,10061368.01,260138.5859,40,14,0.1353350112,0.003
2020-06-12,industry_diffusion_baseline,10023513.71,260138.5859,40,14,0.1356211209,0.003
2020-06-15,industry_diffusion_baseline,9867403.336,260138.5859,40,14,0.135894773,0.003
2020-06-16,industry_diffusion_baseline,10024988.38,102033.8843,40,17,0.1113194213,0.003
2020-06-17,industry_diffusion_baseline,10039192.13,102033.8843,40,17,0.1106155242,0.003
2020-06-18,industry_diffusion_baseline,9984281.694,345515.326,39,17,0.1093515241,0.003
2020-06-19,industry_diffusion_baseline,10167541.72,345515.326,39,17,0.1104017489,0.003
2020-06-22,industry_diffusion_baseline,10194722.9,345515.326,39,17,0.1101828426,0.003
2020-06-23,industry_diffusion_baseline,10236123.88,338726.9207,39,18,0.1002418287,0.003
2020-06-24,industry_diffusion_baseline,10153460.53,338726.9207,39,18,0.1005780658,0.003
2020-06-29,industry_diffusion_baseline,10141018.86,338726.9207,39,18,0.1000322711,0.003
2020-06-30,industry_diffusion_baseline,10247451.01,338726.9207,39,18,0.1008547592,0.003
2020-07-01,industry_diffusion_baseline,10470266.02,338726.9207,39,18,0.1045908112,0.003
2020-07-02,industry_diffusion_baseline,10597780.42,293067.3303,39,20,0.1268951212,0.003
2020-07-03,industry_diffusion_baseline,10593354.23,293067.3303,39,20,0.1226218116,0.003
2020-07-06,industry_diffusion_baseline,10950015.27,293067.3303,39,20,0.1201299391,0.003
2020-07-07,industry_diffusion_baseline,11099243.22,293067.3303,39,20,0.1219473119,0.003
2020-07-08,industry_diffusion_baseline,11276985.97,293067.3303,39,20,0.1198704231,0.003
2020-07-09,industry_diffusion_baseline,11612306.68,333199.7746,39,21,0.07080922778,0.003
2020-07-10,industry_diffusion_baseline,11739713.56,333199.7746,39,21,0.0713967335,0.003
2020-07-13,industry_diffusion_baseline,12159740.76,333199.7746,39,21,0.07222134004,0.003
2020-07-14,industry_diffusion_baseline,12127505.01,333199.7746,39,21,0.07257860503,0.003
2020-07-15,industry_diffusion_baseline,11831701.19,333199.7746,39,21,0.07494831286,0.003
2020-07-16,industry_diffusion_baseline,11242648.89,35563.10764,40,22,0.06613110464,0.003
2020-07-17,industry_diffusion_baseline,11258367.63,35563.10764,40,22,0.06583652508,0.003
2020-07-20,industry_diffusion_baseline,11693510.17,35563.10764,40,22,0.06422433559,0.003
2020-07-21,industry_diffusion_baseline,11872049.3,35563.10764,40,22,0.06454929087,0.003
2020-07-22,industry_diffusion_baseline,11880133.68,35563.10764,40,22,0.06478193178,0.003
2020-07-23,industry_diffusion_baseline,11785421.63,110680.1864,40,20,0.06686175487,0.003
2020-07-24,industry_diffusion_baseline,11293018.81,110680.1864,40,20,0.06593579949,0.003
2020-07-27,industry_diffusion_baseline,11307436.65,110680.1864,40,20,0.06567848142,0.003
2020-07-28,industry_diffusion_baseline,11398840.18,110680.1864,40,20,0.06574395782,0.003
2020-07-29,industry_diffusion_baseline,11719458.53,110680.1864,40,20,0.06555065141,0.003
2020-07-30,industry_diffusion_baseline,11754769.16,144571.0767,40,19,0.07631545273,0.003
2020-07-31,industry_diffusion_baseline,12077680.64,144571.0767,40,19,0.07654652913,0.003
2020-08-03,industry_diffusion_baseline,12572540.32,144571.0767,40,19,0.07702308955,0.003
2020-08-04,industry_diffusion_baseline,12425381.93,144571.0767,40,19,0.07635892172,0.003
2020-08-05,industry_diffusion_baseline,12501623.26,144571.0767,40,19,0.07626492063,0.003
2020-08-06,industry_diffusion_baseline,12420299.24,-4.656612873e-10,40,20,0.07980338027,0.003
2020-08-07,industry_diffusion_baseline,12190538.66,-4.656612873e-10,40,20,0.0799153911,0.003
2020-08-10,industry_diffusion_baseline,12214105.04,375096.6896,39,19,0.08453246258,0.003
2020-08-11,industry_diffusion_baseline,11863485.23,375096.6896,39,19,0.0839837197,0.003
2020-08-12,industry_diffusion_baseline,11792473.65,375096.6896,39,19,0.08444977704,0.003
2020-08-13,industry_diffusion_baseline,11938941.14,392202.6666,39,19,0.09479248892,0.003
2020-08-14,industry_diffusion_baseline,11879788,392202.6666,39,19,0.09233693851,0.003
2020-08-17,industry_diffusion_baseline,12138452.52,392202.6666,39,19,0.09262816695,0.003
2020-08-18,industry_diffusion_baseline,12307106.48,392202.6666,39,19,0.09296891497,0.003
2020-08-19,industry_diffusion_baseline,12327249.92,392202.6666,39,19,0.09544406884,0.003
2020-08-20,industry_diffusion_baseline,11968303.98,19922.89445,40,15,0.1094976808,0.003
2020-08-21,industry_diffusion_baseline,11856367.23,19922.89445,40,15,0.1081480666,0.003
2020-08-24,industry_diffusion_baseline,12043022.88,19922.89445,40,15,0.1088936686,0.003
2020-08-25,industry_diffusion_baseline,11806005.85,19922.89445,40,15,0.107252913,0.003
2020-08-26,industry_diffusion_baseline,11412274.49,19922.89445,40,15,0.1056497267,0.003
2020-08-27,industry_diffusion_baseline,11462403.76,97096.31693,40,12,0.1217193268,0.003
2020-08-28,industry_diffusion_baseline,11682773.21,97096.31693,40,12,0.1204655899,0.003
2020-08-31,industry_diffusion_baseline,11760820.96,97096.31693,40,12,0.1196656874,0.003
2020-09-01,industry_diffusion_baseline,11896025.21,97096.31693,40,12,0.1182824085,0.003
2020-09-02,industry_diffusion_baseline,11894584.33,97096.31693,40,12,0.1178903755,0.003
2020-09-03,industry_diffusion_baseline,11817939.82,-4.074536264e-10,40,11,0.1385143494,0.003
2020-09-04,industry_diffusion_baseline,11787377.32,-4.074536264e-10,40,11,0.1377297152,0.003
2020-09-07,industry_diffusion_baseline,11707608.68,-4.074536264e-10,40,11,0.1357459408,0.003
2020-09-08,industry_diffusion_baseline,11847462.54,-4.074536264e-10,40,11,0.1322856682,0.003
2020-09-09,industry_diffusion_baseline,11589971.72,-4.074536264e-10,40,11,0.1320395089,0.003
2020-09-10,industry_diffusion_baseline,11312178.63,318883.3213,40,8,0.2882653654,0.003
2020-09-11,industry_diffusion_baseline,11458177,318883.3213,40,8,0.2934124443,0.003
2020-09-14,industry_diffusion_baseline,11534894.44,318883.3213,40,8,0.2946630678,0.003
2020-09-15,industry_diffusion_baseline,11583870.09,318883.3213,40,8,0.2933917755,0.003
2020-09-16,industry_diffusion_baseline,11453325.94,318883.3213,40,8,0.2915307594,0.003
2020-09-17,industry_diffusion_baseline,11321110.55,51592.66557,40,8,0.2871934615,0.003
2020-09-18,industry_diffusion_baseline,11432631.94,51592.66557,40,8,0.2880219049,0.003
2020-09-21,industry_diffusion_baseline,11289596.74,51592.66557,40,8,0.286730773,0.003
2020-09-22,industry_diffusion_baseline,11069569.89,51592.66557,40,8,0.289197949,0.003
2020-09-23,industry_diffusion_baseline,11095239.9,51592.66557,40,8,0.2876322898,0.003
2020-09-24,industry_diffusion_baseline,10835974.01,7585.499221,40,5,0.3600494046,0.003
2020-09-25,industry_diffusion_baseline,10756427.78,7585.499221,40,5,0.3596742211,0.003
2020-09-28,industry_diffusion_baseline,10778916.98,7585.499221,40,5,0.3614087686,0.003
2020-09-29,industry_diffusion_baseline,10798120.66,7585.499221,40,5,0.3591667586,0.003
2020-09-30,industry_diffusion_baseline,10879063.56,7585.499221,40,5,0.3603748631,0.003
2020-10-09,industry_diffusion_baseline,11318341.55,-1.746229827e-10,40,5,0.2498217156,0.003
2020-10-12,industry_diffusion_baseline,11731605.73,-1.746229827e-10,40,5,0.2495151788,0.003
2020-10-13,industry_diffusion_baseline,11854024.06,-1.746229827e-10,40,5,0.2485123371,0.003
2020-10-14,industry_diffusion_baseline,12006071.73,-1.746229827e-10,40,5,0.2470861765,0.003
2020-10-15,industry_diffusion_baseline,11883519.47,-1.746229827e-10,40,5,0.2459064808,0.003
2020-10-16,industry_diffusion_baseline,11753400.33,-4.074536264e-10,40,7,0.2116302931,0.003
2020-10-19,industry_diffusion_baseline,11744511.89,-4.074536264e-10,40,7,0.2119959469,0.003
2020-10-20,industry_diffusion_baseline,11851680.64,-4.074536264e-10,40,7,0.2115358565,0.003
2020-10-21,industry_diffusion_baseline,11741301.29,-4.074536264e-10,40,7,0.2104871759,0.003
2020-10-22,industry_diffusion_baseline,11666106.33,-4.074536264e-10,40,7,0.210332284,0.003
2020-10-23,industry_diffusion_baseline,11539654.21,2165.466674,40,10,0.1575804242,0.003
2020-10-26,industry_diffusion_baseline,11687620.89,2165.466674,40,10,0.1586160408,0.003
2020-10-27,industry_diffusion_baseline,11581139.88,2165.466674,40,10,0.158246953,0.003
2020-10-28,industry_diffusion_baseline,11662543.91,2165.466674,40,10,0.1590070921,0.003
2020-10-29,industry_diffusion_baseline,11903194.82,2165.466674,40,10,0.1602036863,0.003
2020-10-30,industry_diffusion_baseline,11553378.59,-5.820766091e-11,40,9,0.2287847191,0.003
2020-11-02,industry_diffusion_baseline,11676535.1,-5.820766091e-11,40,9,0.2350373611,0.003
2020-11-03,industry_diffusion_baseline,11709673.94,-5.820766091e-11,40,9,0.2306033763,0.003
2020-11-04,industry_diffusion_baseline,11822663.42,-5.820766091e-11,40,9,0.2362187804,0.003
2020-11-05,industry_diffusion_baseline,12252162.15,-5.820766091e-11,40,9,0.2413558565,0.003
2020-11-06,industry_diffusion_baseline,12037417.11,-4.656612873e-10,40,11,0.1997121715,0.003
2020-11-09,industry_diffusion_baseline,12171881.19,-4.656612873e-10,40,11,0.1972532705,0.003
2020-11-10,industry_diffusion_baseline,11979677.03,-4.656612873e-10,40,11,0.1940911921,0.003
2020-11-11,industry_diffusion_baseline,11697389.73,-4.656612873e-10,40,11,0.1879264167,0.003
2020-11-12,industry_diffusion_baseline,11831337.87,-4.656612873e-10,40,11,0.1872131145,0.003
2020-11-13,industry_diffusion_baseline,11796776.2,5.820766091e-11,40,10,0.2118680744,0.003
2020-11-16,industry_diffusion_baseline,12043931.36,5.820766091e-11,40,10,0.2118863128,0.003
2020-11-17,industry_diffusion_baseline,12300579.89,5.820766091e-11,40,10,0.2169394751,0.003
2020-11-18,industry_diffusion_baseline,12370099.31,5.820766091e-11,40,10,0.2226943868,0.003
2020-11-19,industry_diffusion_baseline,12294758.14,5.820766091e-11,40,10,0.2179978981,0.003
2020-11-20,industry_diffusion_baseline,12783421.44,286431.5572,40,9,0.1605213017,0.003
2020-11-23,industry_diffusion_baseline,13248402.68,286431.5572,40,9,0.1621015644,0.003
2020-11-24,industry_diffusion_baseline,13389547.43,286431.5572,40,9,0.1625970866,0.003
2020-11-25,industry_diffusion_baseline,13315250.93,286431.5572,40,9,0.1657463882,0.003
2020-11-26,industry_diffusion_baseline,13138662.17,286431.5572,40,9,0.1634784397,0.003
2020-11-27,industry_diffusion_baseline,13246293.31,589775.4668,40,9,0.1486137697,0.003
2020-11-30,industry_diffusion_baseline,13236194.4,589775.4668,40,9,0.1481332552,0.003
2020-12-01,industry_diffusion_baseline,13389621.86,589775.4668,40,9,0.1473187263,0.003
2020-12-02,industry_diffusion_baseline,13346725.85,589775.4668,40,9,0.1473870616,0.003
2020-12-03,industry_diffusion_baseline,13091470.45,589775.4668,40,9,0.147580815,0.003
2020-12-04,industry_diffusion_baseline,13232925.39,449926.9546,40,10,0.156971459,0.003
2020-12-07,industry_diffusion_baseline,13230637.19,449926.9546,40,10,0.1570197041,0.003
2020-12-08,industry_diffusion_baseline,13204363.2,449926.9546,40,10,0.1558848029,0.003
2020-12-09,industry_diffusion_baseline,13073037.85,449926.9546,40,10,0.1560041885,0.003
2020-12-10,industry_diffusion_baseline,13050368.31,449926.9546,40,10,0.1571837285,0.003
2020-12-11,industry_diffusion_baseline,13039781.58,210693.9862,40,12,0.1380601806,0.003
2020-12-14,industry_diffusion_baseline,12832894.84,210693.9862,40,12,0.1376694036,0.003
2020-12-15,industry_diffusion_baseline,12853672.9,210693.9862,40,12,0.1370392975,0.003
2020-12-16,industry_diffusion_baseline,12841534.73,210693.9862,40,12,0.1367665238,0.003
2020-12-17,industry_diffusion_baseline,13165758.51,210693.9862,40,12,0.138563751,0.003
2020-12-18,industry_diffusion_baseline,13189678.23,24937.04742,40,14,0.1069538814,0.003
2020-12-21,industry_diffusion_baseline,13363709.3,24937.04742,40,14,0.1068466193,0.003
2020-12-22,industry_diffusion_baseline,13414619.08,24937.04742,40,14,0.1085989498,0.003
2020-12-23,industry_diffusion_baseline,13629784.65,24937.04742,40,14,0.1099615901,0.003
2020-12-24,industry_diffusion_baseline,13462455.7,24937.04742,40,14,0.1113044008,0.003
2020-12-25,industry_diffusion_baseline,13479877.85,73133.82631,40,12,0.1501824877,0.003
2020-12-28,industry_diffusion_baseline,13552504.45,73133.82631,40,12,0.1527124665,0.003
2020-12-29,industry_diffusion_baseline,13066563.38,73133.82631,40,12,0.1528904615,0.003
2020-12-30,industry_diffusion_baseline,13386855.95,73133.82631,40,12,0.1541626956,0.003
2020-12-31,industry_diffusion_baseline,13374085.42,73133.82631,40,12,0.1540629586,0.003
2021-01-04,industry_diffusion_baseline,13994825.84,4.074536264e-10,40,8,0.2616052809,0.003
2021-01-05,industry_diffusion_baseline,14558577.28,4.074536264e-10,40,8,0.2643151544,0.003
2021-01-06,industry_diffusion_baseline,14157992.79,4.074536264e-10,40,8,0.2681930627,0.003
2021-01-07,industry_diffusion_baseline,14235913.82,4.074536264e-10,40,8,0.2717111288,0.003
2021-01-08,industry_diffusion_baseline,13812651.39,4.074536264e-10,40,8,0.2706459205,0.003
2021-01-11,industry_diffusion_baseline,13110991.4,3.492459655e-10,40,7,0.2913153004,0.003
2021-01-12,industry_diffusion_baseline,13587457.92,3.492459655e-10,40,7,0.2958340056,0.003
2021-01-13,industry_diffusion_baseline,13430856.44,3.492459655e-10,40,7,0.3005528595,0.003
2021-01-14,industry_diffusion_baseline,12786901.46,3.492459655e-10,40,7,0.2985758939,0.003
2021-01-15,industry_diffusion_baseline,12771594.99,3.492459655e-10,40,7,0.2884106728,0.003
2021-01-18,industry_diffusion_baseline,12932402.43,86883.37263,40,10,0.288845527,0.003
2021-01-19,industry_diffusion_baseline,12734253.4,86883.37263,40,10,0.2860296588,0.003
2021-01-20,industry_diffusion_baseline,13030039.38,86883.37263,40,10,0.2902855595,0.003
2021-01-21,industry_diffusion_baseline,13306480.51,86883.37263,40,10,0.2933464062,0.003
2021-01-22,industry_diffusion_baseline,13527912.34,86883.37263,40,10,0.3006887936,0.003
2021-01-25,industry_diffusion_baseline,13767786.39,73684.29599,40,10,0.4250193747,0.003
2021-01-26,industry_diffusion_baseline,13576320.68,73684.29599,40,10,0.425872333,0.003
2021-01-27,industry_diffusion_baseline,13619371.53,73684.29599,40,10,0.4317859435,0.003
2021-01-28,industry_diffusion_baseline,13233930.35,73684.29599,40,10,0.4196393495,0.003
2021-01-29,industry_diffusion_baseline,12582632.22,73684.29599,40,10,0.407705685,0.003
2021-02-01,industry_diffusion_baseline,12426205.25,3.492459655e-10,40,8,0.407135094,0.003
2021-02-02,industry_diffusion_baseline,12758679.56,3.492459655e-10,40,8,0.4181019837,0.003
2021-02-03,industry_diffusion_baseline,12737395.59,3.492459655e-10,40,8,0.4185582495,0.003
2021-02-04,industry_diffusion_baseline,12011996.55,3.492459655e-10,40,8,0.4064270474,0.003
2021-02-05,industry_diffusion_baseline,11401053.86,3.492459655e-10,40,8,0.3979484647,0.003
2021-02-08,industry_diffusion_baseline,11601280.93,-4.074536264e-10,40,10,0.2238698799,0.003
2021-02-09,industry_diffusion_baseline,11961383.07,-4.074536264e-10,40,10,0.2279829906,0.003
2021-02-10,industry_diffusion_baseline,12052552.1,-4.074536264e-10,40,10,0.2238346056,0.003
2021-02-18,industry_diffusion_baseline,12601091.34,-4.074536264e-10,40,10,0.2270416203,0.003
2021-02-19,industry_diffusion_baseline,12619972.65,-4.074536264e-10,40,10,0.2171151345,0.003
2021-02-22,industry_diffusion_baseline,12815651.59,5.820766091e-11,40,11,0.1466664002,0.003
2021-02-23,industry_diffusion_baseline,12657854.36,5.820766091e-11,40,11,0.1481742551,0.003
2021-02-24,industry_diffusion_baseline,12434666.28,5.820766091e-11,40,11,0.1474266853,0.003
2021-02-25,industry_diffusion_baseline,12223739.57,5.820766091e-11,40,11,0.1469387421,0.003
2021-02-26,industry_diffusion_baseline,12007264.32,5.820766091e-11,40,11,0.1460321447,0.003
2021-03-01,industry_diffusion_baseline,12370448.41,-9.313225746e-10,40,14,0.1229229751,0.003
2021-03-02,industry_diffusion_baseline,12201090.3,-9.313225746e-10,40,14,0.122518691,0.003
2021-03-03,industry_diffusion_baseline,12415373.65,-9.313225746e-10,40,14,0.1217493132,0.003
2021-03-04,industry_diffusion_baseline,12259922.12,-9.313225746e-10,40,14,0.121882007,0.003
2021-03-05,industry_diffusion_baseline,12300311.6,-9.313225746e-10,40,14,0.1206609341,0.003
2021-03-08,industry_diffusion_baseline,12147407.13,267341.7065,40,18,0.09071369871,0.003
2021-03-09,industry_diffusion_baseline,11940547.49,267341.7065,40,18,0.09394564152,0.003
2021-03-10,industry_diffusion_baseline,11760355.43,267341.7065,40,18,0.09317946594,0.003
2021-03-11,industry_diffusion_baseline,12029901.32,267341.7065,40,18,0.09303137788,0.003
2021-03-12,industry_diffusion_baseline,12177172.31,267341.7065,40,18,0.09406313128,0.003
2021-03-15,industry_diffusion_baseline,12309462.74,323819.5406,40,23,0.05989958172,0.003
2021-03-16,industry_diffusion_baseline,12349700.23,323819.5406,40,23,0.06046628371,0.003
2021-03-17,industry_diffusion_baseline,12297712.03,323819.5406,40,23,0.060293379,0.003
2021-03-18,industry_diffusion_baseline,12259730.53,323819.5406,40,23,0.06006558766,0.003
2021-03-19,industry_diffusion_baseline,12109838.84,323819.5406,40,23,0.06038408483,0.003
2021-03-22,industry_diffusion_baseline,12302959.35,358232.7883,40,21,0.07062535922,0.003
2021-03-23,industry_diffusion_baseline,12088367.01,358232.7883,40,21,0.07035936985,0.003
2021-03-24,industry_diffusion_baseline,11906752.14,358232.7883,40,21,0.0710509053,0.003
2021-03-25,industry_diffusion_baseline,11878113.14,358232.7883,40,21,0.07113667787,0.003
2021-03-26,industry_diffusion_baseline,11994250.69,358232.7883,40,21,0.07092297572,0.003
2021-03-29,industry_diffusion_baseline,12087228.29,-1.164153218e-10,40,19,0.1172148207,0.003
2021-03-30,industry_diffusion_baseline,12115093.68,-1.164153218e-10,40,19,0.1172482554,0.003
2021-03-31,industry_diffusion_baseline,12119040.3,-1.164153218e-10,40,19,0.1175717258,0.003
2021-04-01,industry_diffusion_baseline,12183039.61,-1.164153218e-10,40,19,0.1208975226,0.003
2021-04-02,industry_diffusion_baseline,12113281.62,-1.164153218e-10,40,19,0.120745637,0.003
2021-04-06,industry_diffusion_baseline,12202677.68,50378.08479,40,16,0.233446395,0.003
2021-04-07,industry_diffusion_baseline,12546644.95,50378.08479,40,16,0.2437839042,0.003
2021-04-08,industry_diffusion_baseline,12530369.44,50378.08479,40,16,0.2464466756,0.003
2021-04-09,industry_diffusion_baseline,12631368.47,50378.08479,40,16,0.2476980035,0.003
2021-04-12,industry_diffusion_baseline,12743141.75,50378.08479,40,16,0.2550435208,0.003
2021-04-13,industry_diffusion_baseline,12495730.71,-1.746229827e-10,40,13,0.2544827972,0.003
2021-04-14,industry_diffusion_baseline,12705711.82,-1.746229827e-10,40,13,0.2575502707,0.003
2021-04-15,industry_diffusion_baseline,12605258.62,-1.746229827e-10,40,13,0.2544457361,0.003
2021-04-16,industry_diffusion_baseline,12754450.43,-1.746229827e-10,40,13,0.2500667595,0.003
2021-04-19,industry_diffusion_baseline,12765518.39,-1.746229827e-10,40,13,0.2451993373,0.003
2021-04-20,industry_diffusion_baseline,12863534.09,-6.98491931e-10,40,13,0.1949781447,0.003
2021-04-21,industry_diffusion_baseline,12764395.77,-6.98491931e-10,40,13,0.1929144338,0.003
2021-04-22,industry_diffusion_baseline,12880410.99,-6.98491931e-10,40,13,0.1976937575,0.003
2021-04-23,industry_diffusion_baseline,13018204.73,-6.98491931e-10,40,13,0.2002615428,0.003
2021-04-26,industry_diffusion_baseline,12802850.95,-6.98491931e-10,40,13,0.1974011855,0.003
2021-04-27,industry_diffusion_baseline,12753064.79,63223.4076,40,12,0.1316845328,0.003
2021-04-28,industry_diffusion_baseline,12842857.39,63223.4076,40,12,0.1319579832,0.003
2021-04-29,industry_diffusion_baseline,12748141.86,63223.4076,40,12,0.1308669893,0.003
2021-04-30,industry_diffusion_baseline,12638214.53,63223.4076,40,12,0.1313468764,0.003
2021-05-06,industry_diffusion_baseline,12802361.74,63223.4076,40,12,0.133584026,0.003
2021-05-07,industry_diffusion_baseline,12773946.56,144468.733,40,16,0.112175484,0.003
2021-05-10,industry_diffusion_baseline,13046055.7,144468.733,40,16,0.1120936393,0.003
2021-05-11,industry_diffusion_baseline,13118129.82,144468.733,40,16,0.1126384709,0.003
2021-05-12,industry_diffusion_baseline,13274692.62,144468.733,40,16,0.1121033172,0.003
2021-05-13,industry_diffusion_baseline,13247480.95,144468.733,40,16,0.1134811457,0.003
2021-05-14,industry_diffusion_baseline,13438430.35,-5.820766091e-11,40,12,0.1727640905,0.003
2021-05-17,industry_diffusion_baseline,13424511.57,-5.820766091e-11,40,12,0.170395866,0.003
2021-05-18,industry_diffusion_baseline,13639675.95,-5.820766091e-11,40,12,0.1728400338,0.003
2021-05-19,industry_diffusion_baseline,13561506.44,-5.820766091e-11,40,12,0.171509134,0.003
2021-05-20,industry_diffusion_baseline,13404884.36,-5.820766091e-11,40,12,0.1724322415,0.003
2021-05-21,industry_diffusion_baseline,13511733.97,186359.053,40,10,0.2250086846,0.003
2021-05-24,industry_diffusion_baseline,13648770.29,186359.053,40,10,0.2258724438,0.003
2021-05-25,industry_diffusion_baseline,13826029.56,186359.053,40,10,0.224649214,0.003
2021-05-26,industry_diffusion_baseline,13982964.23,496721.3026,39,10,0.2280547688,0.003
2021-05-27,industry_diffusion_baseline,13993112.21,496721.3026,39,10,0.2262434125,0.003
2021-05-28,industry_diffusion_baseline,14080469.92,396668.4143,39,14,0.1809518994,0.003
2021-05-31,industry_diffusion_baseline,14266145.35,396668.4143,39,14,0.1845604022,0.003
2021-06-01,industry_diffusion_baseline,14271158.91,396668.4143,39,14,0.178215529,0.003
2021-06-02,industry_diffusion_baseline,14122865.34,396668.4143,39,14,0.1758797743,0.003
2021-06-03,industry_diffusion_baseline,14076988.57,396668.4143,39,14,0.175385578,0.003
2021-06-04,industry_diffusion_baseline,14336240.52,6.98491931e-10,40,11,0.1807327758,0.003
2021-06-07,industry_diffusion_baseline,14526568.86,6.98491931e-10,40,11,0.180568243,0.003
2021-06-08,industry_diffusion_baseline,13940395.88,6.98491931e-10,40,11,0.1772262125,0.003
2021-06-09,industry_diffusion_baseline,13933584.09,6.98491931e-10,40,11,0.1776814725,0.003
2021-06-10,industry_diffusion_baseline,14029948.2,6.98491931e-10,40,11,0.179139561,0.003
2021-06-11,industry_diffusion_baseline,13727195.79,78543.79071,40,11,0.1354272128,0.003
2021-06-15,industry_diffusion_baseline,13493833.11,78543.79071,40,11,0.1346213547,0.003
2021-06-16,industry_diffusion_baseline,13108219.12,78543.79071,40,11,0.1327172091,0.003
2021-06-17,industry_diffusion_baseline,13314660.47,78543.79071,40,11,0.1333523079,0.003
2021-06-18,industry_diffusion_baseline,13547574.05,78543.79071,40,11,0.1349449637,0.003
2021-06-21,industry_diffusion_baseline,13588005.75,167184.9551,40,16,0.100557043,0.003
2021-06-22,industry_diffusion_baseline,13571836.92,167184.9551,40,16,0.1009123107,0.003
2021-06-23,industry_diffusion_baseline,13526948.98,167184.9551,40,16,0.09992900949,0.003
2021-06-24,industry_diffusion_baseline,13380239.89,167184.9551,40,16,0.1004096624,0.003
2021-06-25,industry_diffusion_baseline,13521125.83,167184.9551,40,16,0.101258372,0.003
2021-06-28,industry_diffusion_baseline,13498216.9,57633.32731,40,15,0.108408057,0.003
2021-06-29,industry_diffusion_baseline,13338123.02,57633.32731,40,15,0.1077033217,0.003
2021-06-30,industry_diffusion_baseline,13395223.02,57633.32731,40,15,0.1079334893,0.003
2021-07-01,industry_diffusion_baseline,13047352.82,57633.32731,40,15,0.1076852751,0.003
2021-07-02,industry_diffusion_baseline,12904620.08,57633.32731,40,15,0.1074390959,0.003
2021-07-05,industry_diffusion_baseline,13057184.97,9.895302355e-10,40,14,0.1326894237,0.003
2021-07-06,industry_diffusion_baseline,13114976.65,9.895302355e-10,40,14,0.1317647173,0.003
2021-07-07,industry_diffusion_baseline,13247379.8,9.895302355e-10,40,14,0.1318115776,0.003
2021-07-08,industry_diffusion_baseline,13335369.76,9.895302355e-10,40,14,0.1326865289,0.003
2021-07-09,industry_diffusion_baseline,13366333.2,9.895302355e-10,40,14,0.1323006681,0.003
2021-07-12,industry_diffusion_baseline,13517860.22,205172.7191,40,14,0.1270778134,0.003
2021-07-13,industry_diffusion_baseline,13454114.82,205172.7191,40,14,0.1242347681,0.003
2021-07-14,industry_diffusion_baseline,13295146.59,205172.7191,40,14,0.1238651352,0.003
2021-07-15,industry_diffusion_baseline,13257131.23,205172.7191,40,14,0.1233014349,0.003
2021-07-16,industry_diffusion_baseline,13338641.47,205172.7191,40,14,0.1231199439,0.003
2021-07-19,industry_diffusion_baseline,13223930.89,151878.9752,40,13,0.1255848216,0.003
2021-07-20,industry_diffusion_baseline,13213724.06,151878.9752,40,13,0.1261014809,0.003
2021-07-21,industry_diffusion_baseline,13600234.54,151878.9752,40,13,0.127686319,0.003
2021-07-22,industry_diffusion_baseline,13908977.14,151878.9752,40,13,0.1291769166,0.003
2021-07-23,industry_diffusion_baseline,13713441.62,151878.9752,40,13,0.1283882846,0.003
2021-07-26,industry_diffusion_baseline,13837083.8,9.313225746e-10,40,10,0.1490346322,0.003
2021-07-27,industry_diffusion_baseline,13355469.01,9.313225746e-10,40,10,0.1507982887,0.003
2021-07-28,industry_diffusion_baseline,13051747.82,9.313225746e-10,40,10,0.1513225887,0.003
2021-07-29,industry_diffusion_baseline,13700517.82,9.313225746e-10,40,10,0.1520542916,0.003
2021-07-30,industry_diffusion_baseline,14032765.39,9.313225746e-10,40,10,0.1533666838,0.003
2021-08-02,industry_diffusion_baseline,13886141.54,43770.32951,40,9,0.138489253,0.003
2021-08-03,industry_diffusion_baseline,13353936.55,43770.32951,40,9,0.1368266305,0.003
2021-08-04,industry_diffusion_baseline,13855994.69,43770.32951,40,9,0.1378347319,0.003
2021-08-05,industry_diffusion_baseline,13648989.48,43770.32951,40,9,0.1370648448,0.003
2021-08-06,industry_diffusion_baseline,14070996.88,43770.32951,40,9,0.1378244157,0.003
2021-08-09,industry_diffusion_baseline,14026219.97,232154.5756,40,9,0.1541026664,0.003
2021-08-10,industry_diffusion_baseline,13995885.64,232154.5756,40,9,0.154896456,0.003
2021-08-11,industry_diffusion_baseline,14213535.99,232154.5756,40,9,0.155413695,0.003
2021-08-12,industry_diffusion_baseline,14389045.74,232154.5756,40,9,0.1550103447,0.003
2021-08-13,industry_diffusion_baseline,14649570.25,232154.5756,40,9,0.1545590759,0.003
2021-08-16,industry_diffusion_baseline,14175375.8,272177.3132,40,11,0.1400704352,0.003
2021-08-17,industry_diffusion_baseline,14093530.92,272177.3132,40,11,0.1406133371,0.003
2021-08-18,industry_diffusion_baseline,14323790.42,272177.3132,40,11,0.1399745897,0.003
2021-08-19,industry_diffusion_baseline,14345483.42,272177.3132,40,11,0.1391246812,0.003
2021-08-20,industry_diffusion_baseline,14490077.8,272177.3132,40,11,0.1377098245,0.003
2021-08-23,industry_diffusion_baseline,14915991.98,75854.60954,40,12,0.1410509712,0.003
2021-08-24,industry_diffusion_baseline,15165436.73,75854.60954,40,12,0.1408027762,0.003
2021-08-25,industry_diffusion_baseline,15235177.86,75854.60954,40,12,0.1398776462,0.003
2021-08-26,industry_diffusion_baseline,15351994.49,75854.60954,40,12,0.1393847591,0.003
2021-08-27,industry_diffusion_baseline,15373043.07,75854.60954,40,12,0.1393179078,0.003
2021-08-30,industry_diffusion_baseline,15465895.17,-4.074536264e-10,40,12,0.1568303297,0.003
2021-08-31,industry_diffusion_baseline,15400947.51,-4.074536264e-10,40,12,0.1558927933,0.003
2021-09-01,industry_diffusion_baseline,15038746.87,-4.074536264e-10,40,12,0.154277927,0.003
2021-09-02,industry_diffusion_baseline,15405681.55,-4.074536264e-10,40,12,0.1547037053,0.003
2021-09-03,industry_diffusion_baseline,15118473.77,-4.074536264e-10,40,12,0.1535205092,0.003
2021-09-06,industry_diffusion_baseline,15229530.06,-1.164153218e-10,40,12,0.1325947795,0.003
2021-09-07,industry_diffusion_baseline,15615321.24,-1.164153218e-10,40,12,0.1324874436,0.003
2021-09-08,industry_diffusion_baseline,15475928.3,-1.164153218e-10,40,12,0.1300434171,0.003
2021-09-09,industry_diffusion_baseline,16110443.28,-1.164153218e-10,40,12,0.1302239295,0.003
2021-09-10,industry_diffusion_baseline,15923673.93,-1.164153218e-10,40,12,0.131231721,0.003
2021-09-13,industry_diffusion_baseline,15991191.27,224809.2866,40,11,0.1313862328,0.003
2021-09-14,industry_diffusion_baseline,15706000.86,224809.2866,40,11,0.1319624608,0.003
2021-09-15,industry_diffusion_baseline,15897248.23,224809.2866,40,11,0.1330388975,0.003
2021-09-16,industry_diffusion_baseline,15830498.8,224809.2866,40,11,0.1335979617,0.003
2021-09-17,industry_diffusion_baseline,15738894.58,224809.2866,40,11,0.1347028652,0.003
2021-09-22,industry_diffusion_baseline,15967922.9,325876.5417,40,12,0.1189639127,0.003
2021-09-23,industry_diffusion_baseline,16165172.73,325876.5417,40,12,0.1196662715,0.003
2021-09-24,industry_diffusion_baseline,15572809.99,325876.5417,40,12,0.1185793169,0.003
2021-09-27,industry_diffusion_baseline,14898680.23,325876.5417,40,12,0.1178862328,0.003
2021-09-28,industry_diffusion_baseline,15134429.25,325876.5417,40,12,0.1172478409,0.003
2021-09-29,industry_diffusion_baseline,14665181.89,306797.4216,40,13,0.1204559311,0.003
2021-09-30,industry_diffusion_baseline,14901242.27,306797.4216,40,13,0.1195691317,0.003
2021-10-08,industry_diffusion_baseline,15357411.48,306797.4216,40,13,0.1181238336,0.003
2021-10-11,industry_diffusion_baseline,15437828.15,306797.4216,40,13,0.118889522,0.003
2021-10-12,industry_diffusion_baseline,15263040.75,306797.4216,40,13,0.1187634048,0.003
2021-10-13,industry_diffusion_baseline,14936632.82,1.746229827e-10,40,13,0.1371882816,0.003
2021-10-14,industry_diffusion_baseline,14844627,1.746229827e-10,40,13,0.1353108378,0.003
2021-10-15,industry_diffusion_baseline,14577906.65,1.746229827e-10,40,13,0.1340535894,0.003
2021-10-18,industry_diffusion_baseline,14941720.04,1.746229827e-10,40,13,0.1335866588,0.003
2021-10-19,industry_diffusion_baseline,15244591.99,1.746229827e-10,40,13,0.1366637589,0.003
2021-10-20,industry_diffusion_baseline,14979966.01,-2.910383046e-10,41,11,0.2179461043,0.003
2021-10-21,industry_diffusion_baseline,14808387.13,359828.4759,40,10,0.2274274175,0.003
2021-10-22,industry_diffusion_baseline,14588189.62,359828.4759,40,10,0.229186695,0.003
2021-10-25,industry_diffusion_baseline,14627643.97,359828.4759,40,10,0.227711742,0.003
2021-10-26,industry_diffusion_baseline,14432795.66,359828.4759,40,10,0.2290838838,0.003
2021-10-27,industry_diffusion_baseline,14413337.13,188125.6994,40,7,0.3782667585,0.003
2021-10-28,industry_diffusion_baseline,14149291.72,188125.6994,40,7,0.3767567207,0.003
2021-10-29,industry_diffusion_baseline,14362220.33,188125.6994,40,7,0.3774722023,0.003
2021-11-01,industry_diffusion_baseline,14442131.13,188125.6994,40,7,0.3769653653,0.003
2021-11-02,industry_diffusion_baseline,14345281.75,188125.6994,40,7,0.3806723185,0.003
2021-11-03,industry_diffusion_baseline,14736857.57,202643.2188,40,9,0.2784419704,0.003
2021-11-04,industry_diffusion_baseline,15165252.67,202643.2188,40,9,0.2839439736,0.003
2021-11-05,industry_diffusion_baseline,14862356.29,202643.2188,40,9,0.2811122237,0.003
2021-11-08,industry_diffusion_baseline,14814418.93,202643.2188,40,9,0.2798293669,0.003
2021-11-09,industry_diffusion_baseline,14910271.35,202643.2188,40,9,0.2780499523,0.003
2021-11-10,industry_diffusion_baseline,14771681.44,218781.934,40,11,0.1735921574,0.003
2021-11-11,industry_diffusion_baseline,14854756.28,218781.934,40,11,0.1729283472,0.003
2021-11-12,industry_diffusion_baseline,14970310.97,218781.934,40,11,0.1726734166,0.003
2021-11-15,industry_diffusion_baseline,14929905.54,218781.934,40,11,0.1731065917,0.003
2021-11-16,industry_diffusion_baseline,14725309.29,218781.934,40,11,0.1719863145,0.003
2021-11-17,industry_diffusion_baseline,14935680.34,39648.95906,40,13,0.1217806476,0.003
2021-11-18,industry_diffusion_baseline,15024351.84,39648.95906,40,13,0.1222203347,0.003
2021-11-19,industry_diffusion_baseline,15104496.62,39648.95906,40,13,0.12130758,0.003
2021-11-22,industry_diffusion_baseline,15316099.55,39648.95906,40,13,0.1201714448,0.003
2021-11-23,industry_diffusion_baseline,15258494.66,39648.95906,40,13,0.1201078372,0.003
2021-11-24,industry_diffusion_baseline,15124880.41,-5.820766091e-11,40,15,0.1245491489,0.003
2021-11-25,industry_diffusion_baseline,15036254.54,-5.820766091e-11,40,15,0.1251762347,0.003
2021-11-26,industry_diffusion_baseline,14953635.45,-5.820766091e-11,40,15,0.1238528694,0.003
2021-11-29,industry_diffusion_baseline,14885914.82,-5.820766091e-11,40,15,0.1242986234,0.003
2021-11-30,industry_diffusion_baseline,15160694.3,-5.820766091e-11,40,15,0.127673361,0.003
2021-12-01,industry_diffusion_baseline,15244385.94,63241.45996,40,18,0.09197228018,0.003
2021-12-02,industry_diffusion_baseline,15088544.4,63241.45996,40,18,0.09124852345,0.003
2021-12-03,industry_diffusion_baseline,15151073.76,63241.45996,40,18,0.09197918202,0.003
2021-12-06,industry_diffusion_baseline,14865729.33,63241.45996,40,18,0.09178983021,0.003
2021-12-07,industry_diffusion_baseline,14615854.08,63241.45996,40,18,0.09015440402,0.003
2021-12-08,industry_diffusion_baseline,14815468.34,151833.4346,40,19,0.08095029019,0.003
2021-12-09,industry_diffusion_baseline,15012185.2,151833.4346,40,19,0.08099048875,0.003
2021-12-10,industry_diffusion_baseline,15092754.05,151833.4346,40,19,0.08121086313,0.003
2021-12-13,industry_diffusion_baseline,15184200.33,151833.4346,40,19,0.08024157001,0.003
2021-12-14,industry_diffusion_baseline,15080742.52,151833.4346,40,19,0.0793652155,0.003
2021-12-15,industry_diffusion_baseline,14940224.92,78809.44459,40,20,0.08231844591,0.003
2021-12-16,industry_diffusion_baseline,15119185,78809.44459,40,20,0.08233936087,0.003
2021-12-17,industry_diffusion_baseline,15024537.65,78809.44459,40,20,0.0816331673,0.003
2021-12-20,industry_diffusion_baseline,14864222.18,78809.44459,40,20,0.08264568163,0.003
2021-12-21,industry_diffusion_baseline,15059892.79,78809.44459,40,20,0.08172959161,0.003
2021-12-22,industry_diffusion_baseline,15041420.53,55550.47729,40,17,0.09627730083,0.003
2021-12-23,industry_diffusion_baseline,15051332.11,55550.47729,40,17,0.0968207001,0.003
2021-12-24,industry_diffusion_baseline,14638250.92,55550.47729,40,17,0.09519081764,0.003
2021-12-27,industry_diffusion_baseline,14532201.68,55550.47729,40,17,0.09461601833,0.003
2021-12-28,industry_diffusion_baseline,14680091.19,55550.47729,40,17,0.09476310392,0.003
2021-12-29,industry_diffusion_baseline,14625490.1,121968.1652,40,17,0.08090639901,0.003
2021-12-30,industry_diffusion_baseline,14845174.87,121968.1652,40,17,0.08042995073,0.003
2021-12-31,industry_diffusion_baseline,15010996.1,121968.1652,40,17,0.07984014773,0.003
2022-01-04,industry_diffusion_baseline,15347908.52,121968.1652,40,17,0.07933317532,0.003
2022-01-05,industry_diffusion_baseline,15384287.74,121968.1652,40,17,0.07976244096,0.003
2022-01-06,industry_diffusion_baseline,15698669.03,5.238689482e-10,40,17,0.0754632556,0.003
2022-01-07,industry_diffusion_baseline,15578819.83,5.238689482e-10,40,17,0.07598020475,0.003
2022-01-10,industry_diffusion_baseline,15542181.16,5.238689482e-10,40,17,0.07579880711,0.003
2022-01-11,industry_diffusion_baseline,15535976.4,5.238689482e-10,40,17,0.07563728107,0.003
2022-01-12,industry_diffusion_baseline,15665236.11,5.238689482e-10,40,17,0.07420292564,0.003
2022-01-13,industry_diffusion_baseline,15464127.67,3.492459655e-10,40,13,0.09896125781,0.003
2022-01-14,industry_diffusion_baseline,15216804.23,3.492459655e-10,40,13,0.0981607195,0.003
2022-01-17,industry_diffusion_baseline,15485196.61,3.492459655e-10,40,13,0.09812464929,0.003
2022-01-18,industry_diffusion_baseline,15245141.68,3.492459655e-10,40,13,0.09984378188,0.003
2022-01-19,industry_diffusion_baseline,15634635.75,3.492459655e-10,40,13,0.1018169634,0.003
2022-01-20,industry_diffusion_baseline,15385690.4,281478.6077,40,12,0.1408437737,0.003
2022-01-21,industry_diffusion_baseline,15183332.74,281478.6077,40,12,0.1418743324,0.003
2022-01-24,industry_diffusion_baseline,15237077.1,281478.6077,40,12,0.1454403876,0.003
2022-01-25,industry_diffusion_baseline,14675210.71,281478.6077,40,12,0.1485384174,0.003
2022-01-26,industry_diffusion_baseline,14647058.32,281478.6077,40,12,0.1452010015,0.003
2022-01-27,industry_diffusion_baseline,14018238.23,461853.4276,40,10,0.1761191116,0.003
2022-01-28,industry_diffusion_baseline,14338109.61,461853.4276,40,10,0.1813369757,0.003
2022-02-07,industry_diffusion_baseline,14582413.85,461853.4276,40,10,0.1783484679,0.003
2022-02-08,industry_diffusion_baseline,15046205.57,461853.4276,40,10,0.1792896845,0.003
2022-02-09,industry_diffusion_baseline,15321569.75,461853.4276,40,10,0.1770146191,0.003
2022-02-10,industry_diffusion_baseline,15613807.55,299577.0029,40,9,0.2041542141,0.003
2022-02-11,industry_diffusion_baseline,15536539.29,299577.0029,40,9,0.2050998548,0.003
2022-02-14,industry_diffusion_baseline,15868474.88,299577.0029,40,9,0.2109794533,0.003
2022-02-15,industry_diffusion_baseline,15474745.49,299577.0029,40,9,0.2033649667,0.003
2022-02-16,industry_diffusion_baseline,15652881.07,299577.0029,40,9,0.2016125221,0.003
2022-02-17,industry_diffusion_baseline,15235854.3,3.492459655e-10,40,7,0.2390623495,0.003
2022-02-18,industry_diffusion_baseline,15399983.91,3.492459655e-10,40,7,0.2369959107,0.003
2022-02-21,industry_diffusion_baseline,15535241.39,3.492459655e-10,40,7,0.2377030697,0.003
2022-02-22,industry_diffusion_baseline,15285966.87,3.492459655e-10,40,7,0.2385318525,0.003
2022-02-23,industry_diffusion_baseline,15177340.5,3.492459655e-10,40,7,0.2372706671,0.003
2022-02-24,industry_diffusion_baseline,14637378.07,173069.7799,40,10,0.1425065734,0.003
2022-02-25,industry_diffusion_baseline,14760088.19,173069.7799,40,10,0.1425543874,0.003
2022-02-28,industry_diffusion_baseline,14840593.5,173069.7799,40,10,0.1438241595,0.003
2022-03-01,industry_diffusion_baseline,14937122.26,173069.7799,40,10,0.1428343467,0.003
2022-03-02,industry_diffusion_baseline,15008363.37,173069.7799,40,10,0.1426583845,0.003
2022-03-03,industry_diffusion_baseline,15039914.52,173599.5546,40,14,0.1047750415,0.003
2022-03-04,industry_diffusion_baseline,14821664.7,173599.5546,40,14,0.1052930304,0.003
2022-03-07,industry_diffusion_baseline,14639927.15,173599.5546,40,14,0.1044375468,0.003
2022-03-08,industry_diffusion_baseline,13905463.93,173599.5546,40,14,0.1028901385,0.003
2022-03-09,industry_diffusion_baseline,13756517.64,173599.5546,40,14,0.1028054002,0.003
2022-03-10,industry_diffusion_baseline,14086148.13,244404.087,40,12,0.1958316585,0.003
2022-03-11,industry_diffusion_baseline,14055323.35,244404.087,40,12,0.195652628,0.003
2022-03-14,industry_diffusion_baseline,13594659.38,244404.087,40,12,0.1953722749,0.003
2022-03-15,industry_diffusion_baseline,12777463.75,244404.087,40,12,0.1915916077,0.003
2022-03-16,industry_diffusion_baseline,13234365.22,244404.087,40,12,0.1880123474,0.003
2022-03-17,industry_diffusion_baseline,13527259.18,193523.6156,40,10,0.193219248,0.003
2022-03-18,industry_diffusion_baseline,13844563.51,193523.6156,40,10,0.1954455486,0.003
2022-03-21,industry_diffusion_baseline,14134554.45,193523.6156,40,10,0.1969830945,0.003
2022-03-22,industry_diffusion_baseline,14277550.86,193523.6156,40,10,0.1972147056,0.003
2022-03-23,industry_diffusion_baseline,14182244.51,193523.6156,40,10,0.1966028106,0.003
2022-03-24,industry_diffusion_baseline,14324948.57,29699.28653,40,9,0.2259476743,0.003
2022-03-25,industry_diffusion_baseline,14291933.1,29699.28653,40,9,0.2256091686,0.003
2022-03-28,industry_diffusion_baseline,14250332.71,29699.28653,40,9,0.2275629696,0.003
2022-03-29,industry_diffusion_baseline,14281475.07,29699.28653,40,9,0.2289224402,0.003
2022-03-30,industry_diffusion_baseline,14286213.02,29699.28653,40,9,0.2249437419,0.003
2022-03-31,industry_diffusion_baseline,14391197.6,-1.164153218e-10,40,6,0.2255088914,0.003
2022-04-01,industry_diffusion_baseline,14226831.39,-1.164153218e-10,40,6,0.2263990181,0.003
2022-04-06,industry_diffusion_baseline,14212390.51,-1.164153218e-10,40,6,0.2246170313,0.003
2022-04-07,industry_diffusion_baseline,13868190.96,-1.164153218e-10,40,6,0.22742809,0.003
2022-04-08,industry_diffusion_baseline,13772682.28,-1.164153218e-10,40,6,0.2291848083,0.003
2022-04-11,industry_diffusion_baseline,13566255.85,9.313225746e-10,41,7,0.1762181743,0.003
2022-04-12,industry_diffusion_baseline,13811397.15,9.313225746e-10,41,7,0.1761258094,0.003
2022-04-13,industry_diffusion_baseline,13606449.73,9.313225746e-10,41,7,0.1753021057,0.003
2022-04-14,industry_diffusion_baseline,13801474.27,9.313225746e-10,41,7,0.1744358783,0.003
2022-04-15,industry_diffusion_baseline,13710978.05,9.313225746e-10,41,7,0.1744122745,0.003
2022-04-18,industry_diffusion_baseline,13554075,3.492459655e-10,41,9,0.1569124904,0.003
2022-04-19,industry_diffusion_baseline,13705012.74,3.492459655e-10,41,9,0.1584800917,0.003
2022-04-20,industry_diffusion_baseline,13653323.18,3.492459655e-10,41,9,0.1578739332,0.003
2022-04-21,industry_diffusion_baseline,13261304.33,3.492459655e-10,41,9,0.1586072625,0.003
2022-04-22,industry_diffusion_baseline,12935272,3.492459655e-10,41,9,0.1580668898,0.003
2022-04-25,industry_diffusion_baseline,11982693.61,345609.5763,40,8,0.1894459029,0.003
2022-04-26,industry_diffusion_baseline,11671484.81,345609.5763,40,8,0.1909528642,0.003
2022-04-27,industry_diffusion_baseline,11753368.93,345609.5763,40,8,0.1887028514,0.003
2022-04-28,industry_diffusion_baseline,11574065.29,653731.4186,39,8,0.1942102178,0.003
2022-04-29,industry_diffusion_baseline,11776356.07,653731.4186,39,8,0.192101233,0.003
2022-05-05,industry_diffusion_baseline,11843671.99,190247.2886,40,8,0.171185089,0.003
2022-05-06,industry_diffusion_baseline,11516462.25,190247.2886,40,8,0.1721857685,0.003
2022-05-09,industry_diffusion_baseline,11550784.82,190247.2886,40,8,0.1723023307,0.003
2022-05-10,industry_diffusion_baseline,11564843.71,190247.2886,40,8,0.1726379993,0.003
2022-05-11,industry_diffusion_baseline,11546506.76,422657.8626,39,8,0.1771460559,0.003
2022-05-12,industry_diffusion_baseline,11594364.73,51854.91234,40,10,0.175093057,0.003
2022-05-13,industry_diffusion_baseline,11765600.7,51854.91234,40,10,0.1760571833,0.003
2022-05-16,industry_diffusion_baseline,11840150.45,51854.91234,40,10,0.1760345477,0.003
2022-05-17,industry_diffusion_baseline,11792041.5,51854.91234,40,10,0.175471199,0.003
2022-05-18,industry_diffusion_baseline,11776933.67,51854.91234,40,10,0.1749327205,0.003
2022-05-19,industry_diffusion_baseline,11851696.27,9.313225746e-10,40,10,0.1432430415,0.003
2022-05-20,industry_diffusion_baseline,12128332.98,9.313225746e-10,40,10,0.1427678407,0.003
2022-05-23,industry_diffusion_baseline,12290011.98,9.313225746e-10,40,10,0.142929208,0.003
2022-05-24,industry_diffusion_baseline,11945678.84,9.313225746e-10,40,10,0.142335441,0.003
2022-05-25,industry_diffusion_baseline,12181578.1,9.313225746e-10,40,10,0.1454454738,0.003
2022-05-26,industry_diffusion_baseline,12187665.06,209865.7779,40,13,0.1035015418,0.003
2022-05-27,industry_diffusion_baseline,12256589.18,209865.7779,40,13,0.1034068034,0.003
2022-05-30,industry_diffusion_baseline,12352962.22,209865.7779,40,13,0.1036527139,0.003
2022-05-31,industry_diffusion_baseline,12418113.49,209865.7779,40,13,0.1044658742,0.003
2022-06-01,industry_diffusion_baseline,12581776.07,209865.7779,40,13,0.1048108192,0.003
2022-06-02,industry_diffusion_baseline,12709452.66,258412.0975,40,20,0.06927217627,0.003
2022-06-06,industry_diffusion_baseline,12879916.02,258412.0975,40,20,0.06961453925,0.003
2022-06-07,industry_diffusion_baseline,12702571.37,258412.0975,40,20,0.0690764574,0.003
2022-06-08,industry_diffusion_baseline,12859866.77,258412.0975,40,20,0.07000954468,0.003
2022-06-09,industry_diffusion_baseline,12617377.7,258412.0975,40,20,0.0696396545,0.003
2022-06-10,industry_diffusion_baseline,12837900.77,125339.7096,40,23,0.06448311243,0.003
2022-06-13,industry_diffusion_baseline,12937693.23,125339.7096,40,23,0.06552843014,0.003
2022-06-14,industry_diffusion_baseline,13114673.75,125339.7096,40,23,0.06659293649,0.003
2022-06-15,industry_diffusion_baseline,13060254.57,125339.7096,40,23,0.0660750124,0.003
2022-06-16,industry_diffusion_baseline,12985037,125339.7096,40,23,0.06639591845,0.003
2022-06-17,industry_diffusion_baseline,13175907.11,68628.41701,40,22,0.05724453309,0.003
2022-06-20,industry_diffusion_baseline,13224957.92,68628.41701,40,22,0.0572070567,0.003
2022-06-21,industry_diffusion_baseline,13170318.72,466082.4087,39,22,0.05822956176,0.003
2022-06-22,industry_diffusion_baseline,13240070.98,466082.4087,39,22,0.05893836662,0.003
2022-06-23,industry_diffusion_baseline,13664255,466082.4087,39,22,0.05943829269,0.003
2022-06-24,industry_diffusion_baseline,13671160.04,425135.4927,40,21,0.0582755987,0.003
2022-06-27,industry_diffusion_baseline,13659494.09,425135.4927,40,21,0.05821397637,0.003
2022-06-28,industry_diffusion_baseline,13852189.16,425135.4927,40,21,0.05842613809,0.003
2022-06-29,industry_diffusion_baseline,13585286.27,425135.4927,40,21,0.05839259868,0.003
2022-06-30,industry_diffusion_baseline,13625469.25,425135.4927,40,21,0.05877295562,0.003
2022-07-01,industry_diffusion_baseline,13456101.77,148835.1185,40,22,0.05973292389,0.003
2022-07-04,industry_diffusion_baseline,13555233.61,148835.1185,40,22,0.05959429453,0.003
2022-07-05,industry_diffusion_baseline,13402682.22,148835.1185,40,22,0.05979876511,0.003
2022-07-06,industry_diffusion_baseline,13199944.48,148835.1185,40,22,0.05982796007,0.003
2022-07-07,industry_diffusion_baseline,13354342.49,148835.1185,40,22,0.05966686059,0.003
2022-07-08,industry_diffusion_baseline,13354774.85,18601.9441,39,19,0.07433886445,0.003
2022-07-11,industry_diffusion_baseline,13375978.95,18601.9441,39,19,0.07497461736,0.003
2022-07-12,industry_diffusion_baseline,13457181.53,18601.9441,39,19,0.07592873825,0.003
2022-07-13,industry_diffusion_baseline,13769126.38,18601.9441,39,19,0.0770290563,0.003
2022-07-14,industry_diffusion_baseline,13590996.94,18601.9441,39,19,0.07604173697,0.003
2022-07-15,industry_diffusion_baseline,13370851.65,3.492459655e-10,39,19,0.09025392969,0.003
2022-07-18,industry_diffusion_baseline,13548925.12,3.492459655e-10,39,19,0.09036078656,0.003
2022-07-19,industry_diffusion_baseline,13670345.56,3.492459655e-10,39,19,0.0894848311,0.003
2022-07-20,industry_diffusion_baseline,13802862.47,3.492459655e-10,39,19,0.08985361683,0.003
2022-07-21,industry_diffusion_baseline,13633176.25,3.492459655e-10,39,19,0.0890613474,0.003
2022-07-22,industry_diffusion_baseline,13640951.26,61988.40896,39,17,0.09033927284,0.003
2022-07-25,industry_diffusion_baseline,13316017.75,61988.40896,39,17,0.09030725455,0.003
2022-07-26,industry_diffusion_baseline,13478587.77,61988.40896,39,17,0.09043573558,0.003
2022-07-27,industry_diffusion_baseline,13564437.18,61988.40896,39,17,0.09061751485,0.003
2022-07-28,industry_diffusion_baseline,13684991.74,61988.40896,39,17,0.09100667161,0.003
2022-07-29,industry_diffusion_baseline,13595878.34,37765.82601,39,16,0.08573923761,0.003
2022-08-01,industry_diffusion_baseline,13693092.12,37765.82601,39,16,0.08562209714,0.003
2022-08-02,industry_diffusion_baseline,13355441.62,37765.82601,39,16,0.08598060778,0.003
2022-08-03,industry_diffusion_baseline,13447162.65,37765.82601,39,16,0.0872087841,0.003
2022-08-04,industry_diffusion_baseline,13332849.94,37765.82601,39,16,0.08684886806,0.003
2022-08-05,industry_diffusion_baseline,13408812.76,1.164153218e-09,40,14,0.126446409,0.003
2022-08-08,industry_diffusion_baseline,13558150.91,1.164153218e-09,40,14,0.1270128224,0.003
2022-08-09,industry_diffusion_baseline,13716230.49,1.164153218e-09,40,14,0.1274646954,0.003
2022-08-10,industry_diffusion_baseline,13760866.3,1.164153218e-09,40,14,0.1267742282,0.003
2022-08-11,industry_diffusion_baseline,13840013.19,1.164153218e-09,40,14,0.1262538856,0.003
2022-08-12,industry_diffusion_baseline,13734869.01,0,40,13,0.1554472808,0.003
2022-08-15,industry_diffusion_baseline,13806618.53,0,40,13,0.1560209787,0.003
2022-08-16,industry_diffusion_baseline,13826785.65,0,40,13,0.1550875856,0.003
2022-08-17,industry_diffusion_baseline,13855795.5,0,40,13,0.1558279537,0.003
2022-08-18,industry_diffusion_baseline,13873538.37,0,40,13,0.1553408535,0.003
2022-08-19,industry_diffusion_baseline,13841382.79,88312.7875,40,12,0.1788565048,0.003
2022-08-22,industry_diffusion_baseline,14142789.28,88312.7875,40,12,0.182875199,0.003
2022-08-23,industry_diffusion_baseline,14447499.53,88312.7875,40,12,0.189855394,0.003
2022-08-24,industry_diffusion_baseline,14265386.57,88312.7875,40,12,0.1936305264,0.003
2022-08-25,industry_diffusion_baseline,14582628.31,88312.7875,40,12,0.2006118619,0.003
2022-08-26,industry_diffusion_baseline,14703939.33,0,40,12,0.1750932094,0.003
2022-08-29,industry_diffusion_baseline,14970744.2,0,40,12,0.177944964,0.003
2022-08-30,industry_diffusion_baseline,14478928.17,0,40,12,0.1728682992,0.003
2022-08-31,industry_diffusion_baseline,13755941.46,0,40,12,0.1700865438,0.003
2022-09-01,industry_diffusion_baseline,13596360.03,0,40,12,0.1673559697,0.003
2022-09-02,industry_diffusion_baseline,13500770.98,-3.492459655e-10,40,12,0.2091689531,0.003
2022-09-05,industry_diffusion_baseline,13774104.8,-3.492459655e-10,40,12,0.2046577535,0.003
2022-09-06,industry_diffusion_baseline,14125400.57,-3.492459655e-10,40,12,0.2027921062,0.003
2022-09-07,industry_diffusion_baseline,14262459.6,-3.492459655e-10,40,12,0.2005524781,0.003
2022-09-08,industry_diffusion_baseline,13899565.81,-3.492459655e-10,40,12,0.19663369,0.003
2022-09-09,industry_diffusion_baseline,13787931.58,2.328306437e-10,40,8,0.2458408657,0.003
2022-09-13,industry_diffusion_baseline,13916317.03,2.328306437e-10,40,8,0.2471029761,0.003
2022-09-14,industry_diffusion_baseline,13742582.45,2.328306437e-10,40,8,0.2446466557,0.003
2022-09-15,industry_diffusion_baseline,13538524.36,2.328306437e-10,40,8,0.2452215255,0.003
2022-09-16,industry_diffusion_baseline,13040890.86,2.328306437e-10,40,8,0.2481613731,0.003
2022-09-19,industry_diffusion_baseline,13074048.05,171632.3374,40,7,0.2084373482,0.003
2022-09-20,industry_diffusion_baseline,13252359.84,171632.3374,40,7,0.2087228764,0.003
2022-09-21,industry_diffusion_baseline,13338990.91,171632.3374,40,7,0.20889629,0.003
2022-09-22,industry_diffusion_baseline,13371114.37,171632.3374,40,7,0.2103679263,0.003
2022-09-23,industry_diffusion_baseline,13081642.59,171632.3374,40,7,0.2104335541,0.003
2022-09-26,industry_diffusion_baseline,12965843.28,200182.7157,40,7,0.2566959371,0.003
2022-09-27,industry_diffusion_baseline,13447506.12,200182.7157,40,7,0.2605281069,0.003
2022-09-28,industry_diffusion_baseline,13046304.06,200182.7157,40,7,0.2585430849,0.003
2022-09-29,industry_diffusion_baseline,12837881.28,200182.7157,40,7,0.2558801532,0.003
2022-09-30,industry_diffusion_baseline,12619947.6,200182.7157,40,7,0.2532533705,0.003
2022-10-10,industry_diffusion_baseline,12185811.34,3.492459655e-10,40,7,0.29126056,0.003
2022-10-11,industry_diffusion_baseline,12070846.15,3.492459655e-10,40,7,0.2907737778,0.003
2022-10-12,industry_diffusion_baseline,12138891.49,3.492459655e-10,40,7,0.288706933,0.003
2022-10-13,industry_diffusion_baseline,12194224.95,3.492459655e-10,40,7,0.2912866092,0.003
2022-10-14,industry_diffusion_baseline,12340338.62,3.492459655e-10,40,7,0.2907908666,0.003
2022-10-17,industry_diffusion_baseline,12385889.28,129756.8923,40,4,0.331521518,0.003
2022-10-18,industry_diffusion_baseline,12508954.82,129756.8923,40,4,0.3332774476,0.003
2022-10-19,industry_diffusion_baseline,12377507.34,129756.8923,40,4,0.3330793058,0.003
2022-10-20,industry_diffusion_baseline,12696374.48,129756.8923,40,4,0.3343516645,0.003
2022-10-21,industry_diffusion_baseline,12556866.44,129756.8923,40,4,0.3307199766,0.003
2022-10-24,industry_diffusion_baseline,12104045.36,45776.82506,40,5,0.2388880541,0.003
2022-10-25,industry_diffusion_baseline,12059721.89,45776.82506,40,5,0.2395551219,0.003
2022-10-26,industry_diffusion_baseline,12369011.79,45776.82506,40,5,0.2395140322,0.003
2022-10-27,industry_diffusion_baseline,12394253.14,45776.82506,40,5,0.2393849347,0.003
2022-10-28,industry_diffusion_baseline,12197636.41,45776.82506,40,5,0.2401834574,0.003
2022-10-31,industry_diffusion_baseline,12196718.68,239718.8593,40,8,0.1754265737,0.003
2022-11-01,industry_diffusion_baseline,12544821.29,239718.8593,40,8,0.1743443499,0.003
2022-11-02,industry_diffusion_baseline,12823039.19,239718.8593,40,8,0.1749434646,0.003
2022-11-03,industry_diffusion_baseline,12772001.22,239718.8593,40,8,0.1744014943,0.003
2022-11-04,industry_diffusion_baseline,13052538.2,239718.8593,40,8,0.1743938128,0.003
2022-11-07,industry_diffusion_baseline,13006685.71,305962.252,40,11,0.1663460308,0.003
2022-11-08,industry_diffusion_baseline,13023302.25,305962.252,40,11,0.1661265476,0.003
2022-11-09,industry_diffusion_baseline,12980604.86,305962.252,40,11,0.1658185905,0.003
2022-11-10,industry_diffusion_baseline,13055251.37,305962.252,40,11,0.1658363348,0.003
2022-11-11,industry_diffusion_baseline,12995860.18,305962.252,40,11,0.1645106219,0.003
2022-11-14,industry_diffusion_baseline,13054024.51,51574.71983,40,14,0.1318736786,0.003
2022-11-15,industry_diffusion_baseline,13290921.45,51574.71983,40,14,0.1310455878,0.003
2022-11-16,industry_diffusion_baseline,13314537.14,51574.71983,40,14,0.1322517828,0.003
2022-11-17,industry_diffusion_baseline,13451862.03,51574.71983,40,14,0.1329198637,0.003
2022-11-18,industry_diffusion_baseline,13526445.85,51574.71983,40,14,0.1358698221,0.003
2022-11-21,industry_diffusion_baseline,13285253.86,45197.94901,40,14,0.1058104106,0.003
2022-11-22,industry_diffusion_baseline,13156098.39,45197.94901,40,14,0.1044236949,0.003
2022-11-23,industry_diffusion_baseline,13065980.22,45197.94901,40,14,0.1027332786,0.003
2022-11-24,industry_diffusion_baseline,13164956.56,45197.94901,40,14,0.102501433,0.003
2022-11-25,industry_diffusion_baseline,13269543.04,45197.94901,40,14,0.1011727196,0.003
2022-11-28,industry_diffusion_baseline,13377009.59,9084.790195,40,14,0.09255932124,0.003
2022-11-29,industry_diffusion_baseline,13938319.49,9084.790195,40,14,0.09446390882,0.003
2022-11-30,industry_diffusion_baseline,13968218.17,9084.790195,40,14,0.09497407998,0.003
2022-12-01,industry_diffusion_baseline,13939278.32,9084.790195,40,14,0.0967467655,0.003
2022-12-02,industry_diffusion_baseline,13948649.49,9084.790195,40,14,0.09689886429,0.003
2022-12-05,industry_diffusion_baseline,14205641.92,-9.313225746e-10,40,17,0.09367968784,0.003
2022-12-06,industry_diffusion_baseline,14010926.21,-9.313225746e-10,40,17,0.09304488112,0.003
2022-12-07,industry_diffusion_baseline,13967457.84,-9.313225746e-10,40,17,0.09184038691,0.003
2022-12-08,industry_diffusion_baseline,14075665.98,-9.313225746e-10,40,17,0.09211884454,0.003
2022-12-09,industry_diffusion_baseline,14229842.95,-9.313225746e-10,40,17,0.09323729058,0.003
2022-12-12,industry_diffusion_baseline,13877155.84,30681.70797,40,17,0.09528751571,0.003
2022-12-13,industry_diffusion_baseline,14001344.08,30681.70797,40,17,0.09522289882,0.003
2022-12-14,industry_diffusion_baseline,13916443.5,30681.70797,40,17,0.09406069686,0.003
2022-12-15,industry_diffusion_baseline,13897901.47,30681.70797,40,17,0.09449294912,0.003
2022-12-16,industry_diffusion_baseline,13908932.98,30681.70797,40,17,0.09470611727,0.003
2022-12-19,industry_diffusion_baseline,13741863.37,57909.9128,40,17,0.09583189092,0.003
2022-12-20,industry_diffusion_baseline,13368373.5,57909.9128,40,17,0.09338055221,0.003
2022-12-21,industry_diffusion_baseline,13395230.41,57909.9128,40,17,0.09392302497,0.003
2022-12-22,industry_diffusion_baseline,13394676.65,57909.9128,40,17,0.09482300827,0.003
2022-12-23,industry_diffusion_baseline,13490964.45,57909.9128,40,17,0.09609022231,0.003
2022-12-26,industry_diffusion_baseline,13444170.12,199147.4844,40,15,0.1342635569,0.003
2022-12-27,industry_diffusion_baseline,13613809.37,199147.4844,40,15,0.1348246636,0.003
2022-12-28,industry_diffusion_baseline,13451778.66,199147.4844,40,15,0.135494472,0.003
2022-12-29,industry_diffusion_baseline,13282942.3,199147.4844,40,15,0.1354048109,0.003
2022-12-30,industry_diffusion_baseline,13436025.38,199147.4844,40,15,0.1350703338,0.003
2023-01-03,industry_diffusion_baseline,13293812.89,3594.233668,40,13,0.1704798132,0.003
2023-01-04,industry_diffusion_baseline,13378587.99,3594.233668,40,13,0.1696411056,0.003
2023-01-05,industry_diffusion_baseline,13731351.54,3594.233668,40,13,0.1766342419,0.003
2023-01-06,industry_diffusion_baseline,13585672.6,3594.233668,40,13,0.1781097686,0.003
2023-01-09,industry_diffusion_baseline,13783090.75,3594.233668,40,13,0.1807053729,0.003
2023-01-10,industry_diffusion_baseline,13767363.45,0,40,10,0.2799933852,0.003
2023-01-11,industry_diffusion_baseline,13652779.64,0,40,10,0.2793617488,0.003
2023-01-12,industry_diffusion_baseline,13464072.43,0,40,10,0.2808776013,0.003
2023-01-13,industry_diffusion_baseline,13815134.44,0,40,10,0.2824911268,0.003
2023-01-16,industry_diffusion_baseline,13894157.84,0,40,10,0.2847823229,0.003
2023-01-17,industry_diffusion_baseline,13705635.15,76945.00499,40,14,0.1678974973,0.003
2023-01-18,industry_diffusion_baseline,13680573.11,76945.00499,40,14,0.1669634042,0.003
2023-01-19,industry_diffusion_baseline,13639661.74,76945.00499,40,14,0.1657090535,0.003
2023-01-20,industry_diffusion_baseline,13712089.84,76945.00499,40,14,0.1632134594,0.003
2023-01-30,industry_diffusion_baseline,13974020.19,76945.00499,40,14,0.163380119,0.003
2023-01-31,industry_diffusion_baseline,13972511.38,78403.09425,40,23,0.07221056608,0.003
2023-02-01,industry_diffusion_baseline,14131206.45,78403.09425,40,23,0.07196488378,0.003
2023-02-02,industry_diffusion_baseline,14229472.92,78403.09425,40,23,0.07273941011,0.003
2023-02-03,industry_diffusion_baseline,14118802.94,78403.09425,40,23,0.07291315647,0.003
2023-02-06,industry_diffusion_baseline,14038702.56,78403.09425,40,23,0.07228539742,0.003
2023-02-07,industry_diffusion_baseline,14192536.69,-2.328306437e-10,40,21,0.06724987398,0.003
2023-02-08,industry_diffusion_baseline,13982301.58,-2.328306437e-10,40,21,0.06701106911,0.003
2023-02-09,industry_diffusion_baseline,14219561.11,-2.328306437e-10,40,21,0.06746091659,0.003
2023-02-10,industry_diffusion_baseline,14201478.21,-2.328306437e-10,40,21,0.06756158359,0.003
2023-02-13,industry_diffusion_baseline,14480771.37,-2.328306437e-10,40,21,0.06789875817,0.003
2023-02-14,industry_diffusion_baseline,14432735.58,-1.28056854e-09,40,22,0.0611115397,0.003
2023-02-15,industry_diffusion_baseline,14478635.06,-1.28056854e-09,40,22,0.06138694842,0.003
2023-02-16,industry_diffusion_baseline,14106407.27,-1.28056854e-09,40,22,0.06124536626,0.003
2023-02-17,industry_diffusion_baseline,13984310.4,-1.28056854e-09,40,22,0.06109197068,0.003
2023-02-20,industry_diffusion_baseline,14319419.19,-1.28056854e-09,40,22,0.06150607762,0.003
2023-02-21,industry_diffusion_baseline,14394107.95,36839.26444,40,20,0.08032963177,0.003
2023-02-22,industry_diffusion_baseline,14328472.2,36839.26444,40,20,0.08041545842,0.003
2023-02-23,industry_diffusion_baseline,14252751.2,36839.26444,40,20,0.080219294,0.003
2023-02-24,industry_diffusion_baseline,14248105.39,36839.26444,40,20,0.08008824532,0.003
2023-02-27,industry_diffusion_baseline,14117433.56,36839.26444,40,20,0.0801078381,0.003
2023-02-28,industry_diffusion_baseline,14223543.69,57937.2829,40,16,0.1061455813,0.003
2023-03-01,industry_diffusion_baseline,14427216.48,57937.2829,40,16,0.105822144,0.003
2023-03-02,industry_diffusion_baseline,14461688.27,57937.2829,40,16,0.1066477814,0.003
2023-03-03,industry_diffusion_baseline,14569086.18,57937.2829,40,16,0.106724329,0.003
2023-03-06,industry_diffusion_baseline,14492792.66,57937.2829,40,16,0.1064211193,0.003
2023-03-07,industry_diffusion_baseline,14245153.69,69860.40741,40,15,0.1143717299,0.003
2023-03-08,industry_diffusion_baseline,14281155.32,69860.40741,40,15,0.1144668364,0.003
2023-03-09,industry_diffusion_baseline,14173375.21,69860.40741,40,15,0.1149033532,0.003
2023-03-10,industry_diffusion_baseline,13898051.84,69860.40741,40,15,0.1148534351,0.003
2023-03-13,industry_diffusion_baseline,13978234.1,69860.40741,40,15,0.1146782065,0.003
2023-03-14,industry_diffusion_baseline,13748113.25,-6.4028427e-10,40,13,0.1773155721,0.003
2023-03-15,industry_diffusion_baseline,13941604.39,-6.4028427e-10,40,13,0.1797633457,0.003
2023-03-16,industry_diffusion_baseline,13610200.44,-6.4028427e-10,40,13,0.1796465536,0.003
2023-03-17,industry_diffusion_baseline,13703306.11,-6.4028427e-10,40,13,0.1789388861,0.003
2023-03-20,industry_diffusion_baseline,13648248.46,-6.4028427e-10,40,13,0.1774622222,0.003
2023-03-21,industry_diffusion_baseline,13816863.68,2.910383046e-10,40,10,0.1774069684,0.003
2023-03-22,industry_diffusion_baseline,13813029.48,2.910383046e-10,40,10,0.1779176058,0.003
2023-03-23,industry_diffusion_baseline,13749792.85,2.910383046e-10,40,10,0.1770811069,0.003
2023-03-24,industry_diffusion_baseline,13799454.21,2.910383046e-10,40,10,0.1768274003,0.003
2023-03-27,industry_diffusion_baseline,13676194.67,2.910383046e-10,40,10,0.1757390543,0.003
2023-03-28,industry_diffusion_baseline,13495440.58,-2.910383046e-10,40,12,0.1346707208,0.003
2023-03-29,industry_diffusion_baseline,13458815.2,-2.910383046e-10,40,12,0.1346766338,0.003
2023-03-30,industry_diffusion_baseline,13354145.23,-2.910383046e-10,40,12,0.1334814021,0.003
2023-03-31,industry_diffusion_baseline,13721890.71,-2.910383046e-10,40,12,0.1372890904,0.003
2023-04-03,industry_diffusion_baseline,13843705.13,-2.910383046e-10,40,12,0.1386969754,0.003
2023-04-04,industry_diffusion_baseline,13661322.53,4.074536264e-10,40,9,0.1671476479,0.003
2023-04-06,industry_diffusion_baseline,13286372.32,4.074536264e-10,40,9,0.1655733832,0.003
2023-04-07,industry_diffusion_baseline,13563001.27,4.074536264e-10,40,9,0.1678649653,0.003
2023-04-10,industry_diffusion_baseline,13302903.91,4.074536264e-10,40,9,0.167579833,0.003
2023-04-11,industry_diffusion_baseline,13920170.7,4.074536264e-10,40,9,0.1707926101,0.003
2023-04-12,industry_diffusion_baseline,14645245.16,8.149072528e-10,40,7,0.2047142224,0.003
2023-04-13,industry_diffusion_baseline,14617950.97,8.149072528e-10,40,7,0.2058387516,0.003
2023-04-14,industry_diffusion_baseline,14503848.78,8.149072528e-10,40,7,0.2048311255,0.003
2023-04-17,industry_diffusion_baseline,13979051.44,8.149072528e-10,40,7,0.2051446009,0.003
2023-04-18,industry_diffusion_baseline,13847723.68,8.149072528e-10,40,7,0.2047661644,0.003
2023-04-19,industry_diffusion_baseline,14066574.66,394870.9635,40,7,0.1812198201,0.003
2023-04-20,industry_diffusion_baseline,14562953.3,394870.9635,40,7,0.1830738328,0.003
2023-04-21,industry_diffusion_baseline,14034829.86,394870.9635,40,7,0.1833057929,0.003
2023-04-24,industry_diffusion_baseline,14481428.38,394870.9635,40,7,0.1867032953,0.003
2023-04-25,industry_diffusion_baseline,14457647.3,394870.9635,40,7,0.1861877704,0.003
2023-04-26,industry_diffusion_baseline,14613896.33,224327.0508,40,6,0.3054076657,0.003
2023-04-27,industry_diffusion_baseline,14168774.58,224327.0508,40,6,0.3053193314,0.003
2023-04-28,industry_diffusion_baseline,15043150.39,224327.0508,40,6,0.3121814309,0.003
2023-05-04,industry_diffusion_baseline,16033394.94,224327.0508,40,6,0.3218423449,0.003
2023-05-05,industry_diffusion_baseline,15800101.2,224327.0508,40,6,0.3190652615,0.003
2023-05-08,industry_diffusion_baseline,15847945.92,73095.41171,40,7,0.2806382379,0.003
2023-05-09,industry_diffusion_baseline,15407589.84,73095.41171,40,7,0.2766106545,0.003
2023-05-10,industry_diffusion_baseline,15460523.41,73095.41171,40,7,0.280480106,0.003
2023-05-11,industry_diffusion_baseline,15747760.94,73095.41171,40,7,0.2839897617,0.003
2023-05-12,industry_diffusion_baseline,15204643.81,73095.41171,40,7,0.2798420476,0.003
2023-05-15,industry_diffusion_baseline,15033592.51,4.656612873e-10,40,5,0.4328669602,0.003
2023-05-16,industry_diffusion_baseline,14324312.16,4.656612873e-10,40,5,0.4214960248,0.003
2023-05-17,industry_diffusion_baseline,14196888.06,4.656612873e-10,40,5,0.4175128836,0.003
2023-05-18,industry_diffusion_baseline,14432772.56,4.656612873e-10,40,5,0.4211222485,0.003
2023-05-19,industry_diffusion_baseline,13993528.56,4.656612873e-10,40,5,0.4092488299,0.003
2023-05-22,industry_diffusion_baseline,13847210.78,-2.328306437e-10,40,4,0.3579051079,0.003
2023-05-23,industry_diffusion_baseline,13503071.81,-2.328306437e-10,40,4,0.3570919884,0.003
2023-05-24,industry_diffusion_baseline,13478265.79,-2.328306437e-10,40,4,0.3600094282,0.003
2023-05-25,industry_diffusion_baseline,13235562.77,-2.328306437e-10,40,4,0.3545276292,0.003
2023-05-26,industry_diffusion_baseline,13572980.29,-2.328306437e-10,40,4,0.3600573871,0.003
2023-05-29,industry_diffusion_baseline,13506314.7,156966.6334,40,7,0.2020669485,0.003
2023-05-30,industry_diffusion_baseline,13651741.75,156966.6334,40,7,0.2020028985,0.003
2023-05-31,industry_diffusion_baseline,13627215.44,156966.6334,40,7,0.2019461709,0.003
2023-06-01,industry_diffusion_baseline,13889094.14,156966.6334,40,7,0.2023713387,0.003
2023-06-02,industry_diffusion_baseline,13887107.83,156966.6334,40,7,0.201754435,0.003
2023-06-05,industry_diffusion_baseline,14047710.48,328230.2596,40,9,0.2394794968,0.003
2023-06-06,industry_diffusion_baseline,13744957.14,328230.2596,40,9,0.237046417,0.003
2023-06-07,industry_diffusion_baseline,13938241.54,328230.2596,40,9,0.237812844,0.003
2023-06-08,industry_diffusion_baseline,13803480.52,328230.2596,40,9,0.2380142745,0.003
2023-06-09,industry_diffusion_baseline,13976817.42,328230.2596,40,9,0.2386910135,0.003
2023-06-12,industry_diffusion_baseline,14118522.78,325787.7372,40,10,0.2088245505,0.003
2023-06-13,industry_diffusion_baseline,14089802.85,325787.7372,40,10,0.2096460859,0.003
2023-06-14,industry_diffusion_baseline,14100878.58,325787.7372,40,10,0.2081592849,0.003
2023-06-15,industry_diffusion_baseline,14174374.79,325787.7372,40,10,0.2069693044,0.003
2023-06-16,industry_diffusion_baseline,14260996.36,325787.7372,40,10,0.2089150042,0.003
2023-06-19,industry_diffusion_baseline,14283439.72,140147.7518,40,11,0.1987402463,0.003
2023-06-20,industry_diffusion_baseline,14423982.79,140147.7518,40,11,0.1999930141,0.003
2023-06-21,industry_diffusion_baseline,14053329.2,140147.7518,40,11,0.2022687698,0.003
2023-06-26,industry_diffusion_baseline,13844128.06,140147.7518,40,11,0.2041666698,0.003
2023-06-27,industry_diffusion_baseline,14137928.33,140147.7518,40,11,0.2033481906,0.003
2023-06-28,industry_diffusion_baseline,14083145.74,15084.73824,40,12,0.1346906021,0.003
2023-06-29,industry_diffusion_baseline,14347150.29,15084.73824,40,12,0.1343097737,0.003
2023-06-30,industry_diffusion_baseline,14315074.17,367885.9717,39,11,0.1404458098,0.003
2023-07-03,industry_diffusion_baseline,14155827.27,367885.9717,39,11,0.1388987293,0.003
2023-07-04,industry_diffusion_baseline,14130143.59,367885.9717,39,11,0.1381453281,0.003
2023-07-05,industry_diffusion_baseline,13963198.12,519059.4698,39,9,0.1562492965,0.003
2023-07-06,industry_diffusion_baseline,13945475.85,519059.4698,39,9,0.1565122766,0.003
2023-07-07,industry_diffusion_baseline,13924419.33,519059.4698,39,9,0.1568718828,0.003
2023-07-10,industry_diffusion_baseline,13897274.98,519059.4698,39,9,0.1557565501,0.003
2023-07-11,industry_diffusion_baseline,14012908.77,519059.4698,39,9,0.1559623345,0.003
2023-07-12,industry_diffusion_baseline,13863759.79,664593.4296,39,12,0.1168258634,0.003
2023-07-13,industry_diffusion_baseline,13907851.17,664593.4296,39,12,0.1164939223,0.003
2023-07-14,industry_diffusion_baseline,13826155.83,664593.4296,39,12,0.1170420678,0.003
2023-07-17,industry_diffusion_baseline,13814603.92,664593.4296,39,12,0.1177041151,0.003
2023-07-18,industry_diffusion_baseline,13924679.36,664593.4296,39,12,0.1185114687,0.003
2023-07-19,industry_diffusion_baseline,13961512.1,131322.5267,39,16,0.1081151588,0.003
2023-07-20,industry_diffusion_baseline,13712944.18,131322.5267,39,16,0.1070425718,0.003
2023-07-21,industry_diffusion_baseline,13576467.11,131322.5267,39,16,0.1063148881,0.003
2023-07-24,industry_diffusion_baseline,13508147.06,131322.5267,39,16,0.106344078,0.003
2023-07-25,industry_diffusion_baseline,13932946.83,131322.5267,39,16,0.1077635529,0.003
2023-07-26,industry_diffusion_baseline,13815220.92,-1.164153218e-10,40,19,0.08755923317,0.003
2023-07-27,industry_diffusion_baseline,13838234.49,-1.164153218e-10,40,19,0.08757864335,0.003
2023-07-28,industry_diffusion_baseline,14159640.3,-1.164153218e-10,40,19,0.08806587637,0.003
2023-07-31,industry_diffusion_baseline,14473061.48,-1.164153218e-10,40,19,0.08880527548,0.003
2023-08-01,industry_diffusion_baseline,14412559.4,-1.164153218e-10,40,19,0.08794997931,0.003
2023-08-02,industry_diffusion_baseline,14363761.97,1.164153218e-10,40,19,0.07196939975,0.003
2023-08-03,industry_diffusion_baseline,14345928.19,1.164153218e-10,40,19,0.07179914637,0.003
2023-08-04,industry_diffusion_baseline,14309114.61,1.164153218e-10,40,19,0.07187899167,0.003
2023-08-07,industry_diffusion_baseline,14197157.76,1.164153218e-10,40,19,0.07178608521,0.003
2023-08-08,industry_diffusion_baseline,14113486.49,1.164153218e-10,40,19,0.07150459658,0.003
2023-08-09,industry_diffusion_baseline,13953380.66,66930.95249,40,18,0.0839970201,0.003
2023-08-10,industry_diffusion_baseline,14054655.12,66930.95249,40,18,0.0846690386,0.003
2023-08-11,industry_diffusion_baseline,13708638.96,66930.95249,40,18,0.08387139382,0.003
2023-08-14,industry_diffusion_baseline,13595316.39,66930.95249,40,18,0.08322968207,0.003
2023-08-15,industry_diffusion_baseline,13523182.21,66930.95249,40,18,0.08353536739,0.003
2023-08-16,industry_diffusion_baseline,13524856.45,4.074536264e-10,40,12,0.1610879301,0.003
2023-08-17,industry_diffusion_baseline,13565428.14,4.074536264e-10,40,12,0.1604382067,0.003
2023-08-18,industry_diffusion_baseline,13314075.45,4.074536264e-10,40,12,0.1594647042,0.003
2023-08-21,industry_diffusion_baseline,13101999.96,4.074536264e-10,40,12,0.1575369237,0.003
2023-08-22,industry_diffusion_baseline,13226239.02,4.074536264e-10,40,12,0.1577438972,0.003
2023-08-23,industry_diffusion_baseline,12941077.07,1.164153218e-10,40,8,0.3086964916,0.003
2023-08-24,industry_diffusion_baseline,12956259.14,1.164153218e-10,40,8,0.3125719543,0.003
2023-08-25,industry_diffusion_baseline,13075177.45,1.164153218e-10,40,8,0.3162418798,0.003
2023-08-28,industry_diffusion_baseline,13448879.6,1.164153218e-10,40,8,0.3184724228,0.003
2023-08-29,industry_diffusion_baseline,13499233.83,1.164153218e-10,40,8,0.3140676051,0.003
2023-08-30,industry_diffusion_baseline,13213648.17,86866.02998,40,7,0.3053977603,0.003
2023-08-31,industry_diffusion_baseline,12934074.09,86866.02998,40,7,0.3037728676,0.003
2023-09-01,industry_diffusion_baseline,12912191.61,86866.02998,40,7,0.3022828637,0.003
2023-09-04,industry_diffusion_baseline,13123029.41,86866.02998,40,7,0.2989300995,0.003
2023-09-05,industry_diffusion_baseline,12922323.24,86866.02998,40,7,0.3010266209,0.003
2023-09-06,industry_diffusion_baseline,12832763.1,144719.471,40,4,0.2924149148,0.003
2023-09-07,industry_diffusion_baseline,12769119.14,144719.471,40,4,0.2925833865,0.003
2023-09-08,industry_diffusion_baseline,12615462.09,144719.471,40,4,0.2944523789,0.003
2023-09-11,industry_diffusion_baseline,12799407.45,144719.471,40,4,0.2944565973,0.003
2023-09-12,industry_diffusion_baseline,12671924.66,144719.471,40,4,0.2939280043,0.003
2023-09-13,industry_diffusion_baseline,12634145.32,150551.8782,40,5,0.2386030076,0.003
2023-09-14,industry_diffusion_baseline,12673947.03,150551.8782,40,5,0.2388016065,0.003
2023-09-15,industry_diffusion_baseline,12611977.23,150551.8782,40,5,0.2389927061,0.003
2023-09-18,industry_diffusion_baseline,12649071.16,150551.8782,40,5,0.2388793573,0.003
2023-09-19,industry_diffusion_baseline,12613231.21,150551.8782,40,5,0.2389881026,0.003
2023-09-20,industry_diffusion_baseline,12472198.29,60160.96483,40,6,0.2665763736,0.003
2023-09-21,industry_diffusion_baseline,12397974.1,60160.96483,40,6,0.2673457626,0.003
2023-09-22,industry_diffusion_baseline,12593726.23,60160.96483,40,6,0.2650520413,0.003
2023-09-25,industry_diffusion_baseline,12491739.72,60160.96483,40,6,0.2664127908,0.003
2023-09-26,industry_diffusion_baseline,12522869.82,60160.96483,40,6,0.2642424915,0.003
2023-09-27,industry_diffusion_baseline,12545442.68,0,40,7,0.2991928505,0.003
2023-09-28,industry_diffusion_baseline,12847851.5,0,40,7,0.2967960833,0.003
2023-10-09,industry_diffusion_baseline,12972974.24,0,40,7,0.29595328,0.003
2023-10-10,industry_diffusion_baseline,12937620.77,0,40,7,0.2932308314,0.003
2023-10-11,industry_diffusion_baseline,12756350.09,0,40,7,0.2936205709,0.003
2023-10-12,industry_diffusion_baseline,12819262.87,-4.074536264e-10,40,8,0.1808201299,0.003
2023-10-13,industry_diffusion_baseline,12934029.02,-4.074536264e-10,40,8,0.1818190609,0.003
2023-10-16,industry_diffusion_baseline,12989125.78,-4.074536264e-10,40,8,0.1795616668,0.003
2023-10-17,industry_diffusion_baseline,12971206.62,-4.074536264e-10,40,8,0.1794065371,0.003
2023-10-18,industry_diffusion_baseline,12696880.46,-4.074536264e-10,40,8,0.1798879607,0.003
2023-10-19,industry_diffusion_baseline,12404007.21,174708.4229,40,8,0.1875708713,0.003
2023-10-20,industry_diffusion_baseline,12305497.12,174708.4229,40,8,0.1866321342,0.003
2023-10-23,industry_diffusion_baseline,11973722.25,174708.4229,40,8,0.1869705306,0.003
2023-10-24,industry_diffusion_baseline,12107040.34,174708.4229,40,8,0.1875967893,0.003
2023-10-25,industry_diffusion_baseline,12210351.37,174708.4229,40,8,0.1873382236,0.003
2023-10-26,industry_diffusion_baseline,12346789.01,208986.9278,40,8,0.1841515447,0.003
2023-10-27,industry_diffusion_baseline,12490873.94,208986.9278,40,8,0.1838191748,0.003
2023-10-30,industry_diffusion_baseline,12648470.62,208986.9278,40,8,0.1859337204,0.003
2023-10-31,industry_diffusion_baseline,12635711.63,208986.9278,40,8,0.1861413963,0.003
2023-11-01,industry_diffusion_baseline,12607914.26,208986.9278,40,8,0.1853788901,0.003
2023-11-02,industry_diffusion_baseline,12423304.67,55679.73197,40,6,0.1855914922,0.003
2023-11-03,industry_diffusion_baseline,12673931.56,55679.73197,40,6,0.1852722066,0.003
2023-11-06,industry_diffusion_baseline,12896263.97,55679.73197,40,6,0.1852467586,0.003
2023-11-07,industry_diffusion_baseline,12964502.5,55679.73197,40,6,0.18485112,0.003
2023-11-08,industry_diffusion_baseline,13057313.01,55679.73197,40,6,0.1852613262,0.003
2023-11-09,industry_diffusion_baseline,12875123.43,-4.656612873e-10,40,10,0.1421129649,0.003
2023-11-10,industry_diffusion_baseline,12871934.14,-4.656612873e-10,40,10,0.1421973739,0.003
2023-11-13,industry_diffusion_baseline,13191177.27,-4.656612873e-10,40,10,0.1435452444,0.003
2023-11-14,industry_diffusion_baseline,13490718.36,-4.656612873e-10,40,10,0.1453975947,0.003
2023-11-15,industry_diffusion_baseline,13539267.65,-4.656612873e-10,40,10,0.145384856,0.003
2023-11-16,industry_diffusion_baseline,13394361.78,66664.45618,40,15,0.1045950763,0.003
2023-11-17,industry_diffusion_baseline,13476402.13,66664.45618,40,15,0.1040623246,0.003
2023-11-20,industry_diffusion_baseline,13691124.83,66664.45618,40,15,0.1045855605,0.003
2023-11-21,industry_diffusion_baseline,13661177.98,66664.45618,40,15,0.1042249847,0.003
2023-11-22,industry_diffusion_baseline,13550413.67,66664.45618,40,15,0.104419931,0.003
2023-11-23,industry_diffusion_baseline,13542747.44,191841.6989,40,17,0.08682333163,0.003
2023-11-24,industry_diffusion_baseline,13466045.36,191841.6989,40,17,0.08630578876,0.003
2023-11-27,industry_diffusion_baseline,13363736.34,191841.6989,40,17,0.08639007345,0.003
2023-11-28,industry_diffusion_baseline,13527375.24,191841.6989,40,17,0.08681508635,0.003
2023-11-29,industry_diffusion_baseline,13405009.19,191841.6989,40,17,0.08632195275,0.003
2023-11-30,industry_diffusion_baseline,13399706.97,58648.24287,40,21,0.06680079041,0.003
2023-12-01,industry_diffusion_baseline,13664950.17,58648.24287,40,21,0.06802775541,0.003
2023-12-04,industry_diffusion_baseline,13743650.28,58648.24287,40,21,0.06794330926,0.003
2023-12-05,industry_diffusion_baseline,13531733.27,58648.24287,40,21,0.06760852778,0.003
2023-12-06,industry_diffusion_baseline,13601660.78,58648.24287,40,21,0.0672276426,0.003
2023-12-07,industry_diffusion_baseline,13650568.68,3464275.817,30,18,0.07526562377,0.003
2023-12-08,industry_diffusion_baseline,13574312.02,3464275.817,30,18,0.07676607438,0.003
2023-12-11,industry_diffusion_baseline,13797682.8,3464275.817,30,18,0.07844739234,0.003
2023-12-12,industry_diffusion_baseline,13880530.9,3464275.817,30,18,0.07837110846,0.003
2023-12-13,industry_diffusion_baseline,13971893.85,3464275.817,30,18,0.08106852696,0.003
2023-12-14,industry_diffusion_baseline,13901044.13,6903177.539,20,14,0.09186290586,0.003
2023-12-15,industry_diffusion_baseline,13914939.68,6903177.539,20,14,0.09189164933,0.003
2023-12-18,industry_diffusion_baseline,13803139.66,6903177.539,20,14,0.0906992665,0.003
2023-12-19,industry_diffusion_baseline,13802306.41,6903177.539,20,14,0.09129359512,0.003
2023-12-20,industry_diffusion_baseline,13700932.22,6903177.539,20,14,0.09094544166,0.003
2023-12-21,industry_diffusion_baseline,13717726.35,10309205.44,10,8,0.1467920941,0.003
2023-12-22,industry_diffusion_baseline,13662011.01,10309205.44,10,8,0.1440518586,0.003
2023-12-25,industry_diffusion_baseline,13692910.54,10309205.44,10,8,0.1435471656,0.003
2023-12-26,industry_diffusion_baseline,13628182.94,10309205.44,10,8,0.1418710165,0.003
2023-12-27,industry_diffusion_baseline,13595533.6,10309205.44,10,8,0.1419117381,0.003
2023-12-28,industry_diffusion_baseline,13575006.03,13575006.03,0,0,0,0.003
2018-07-10,industry_diffusion_low_max,10014578.92,7500000,10,1,1,0.003
2018-07-11,industry_diffusion_low_max,9927779.088,7500000,10,1,1,0.003
2018-07-12,industry_diffusion_low_max,9993958.098,7500000,10,1,1,0.003
2018-07-13,industry_diffusion_low_max,9981337.055,7500000,10,1,1,0.003
2018-07-16,industry_diffusion_low_max,9994839.75,7500000,10,1,1,0.003
2018-07-17,industry_diffusion_low_max,9988510.09,5000902.878,20,4,0.4171386048,0.003
2018-07-18,industry_diffusion_low_max,9931346.865,5000902.878,20,4,0.4167121546,0.003
2018-07-19,industry_diffusion_low_max,9820840.732,5000902.878,20,4,0.4129613565,0.003
2018-07-20,industry_diffusion_low_max,9905643.7,5000902.878,20,4,0.4167554357,0.003
2018-07-23,industry_diffusion_low_max,9999146.229,5000902.878,20,4,0.4288965124,0.003
2018-07-24,industry_diffusion_low_max,10038367.13,2506477.445,30,8,0.3041170552,0.003
2018-07-25,industry_diffusion_low_max,10085457.88,2506477.445,30,8,0.3045505862,0.003
2018-07-26,industry_diffusion_low_max,9946678.353,2506477.445,30,8,0.3016642957,0.003
2018-07-27,industry_diffusion_low_max,9947187.371,2506477.445,30,8,0.300123292,0.003
2018-07-30,industry_diffusion_low_max,9873461.362,2506477.445,30,8,0.3009744885,0.003
2018-07-31,industry_diffusion_low_max,9853129.884,41355.1939,40,12,0.1875242291,0.003
2018-08-01,industry_diffusion_low_max,9625704.653,41355.1939,40,12,0.1841857215,0.003
2018-08-02,industry_diffusion_low_max,9385499.486,41355.1939,40,12,0.1800684176,0.003
2018-08-03,industry_diffusion_low_max,9283398.308,41355.1939,40,12,0.1830378365,0.003
2018-08-06,industry_diffusion_low_max,9128660.218,41355.1939,40,12,0.1818454541,0.003
2018-08-07,industry_diffusion_low_max,9408338.256,0,40,12,0.1456881083,0.003
2018-08-08,industry_diffusion_low_max,9274279.004,0,40,12,0.1474363947,0.003
2018-08-09,industry_diffusion_low_max,9450857.318,0,40,12,0.1460660925,0.003
2018-08-10,industry_diffusion_low_max,9482790.624,0,40,12,0.1447825429,0.003
2018-08-13,industry_diffusion_low_max,9576571.966,0,40,12,0.145396899,0.003
2018-08-14,industry_diffusion_low_max,9486811.902,25148.11,40,10,0.2423905874,0.003
2018-08-15,industry_diffusion_low_max,9299134.982,25148.11,40,10,0.241569868,0.003
2018-08-16,industry_diffusion_low_max,9176587.449,25148.11,40,10,0.2416022737,0.003
2018-08-17,industry_diffusion_low_max,9085467.453,25148.11,40,10,0.2432222214,0.003
2018-08-20,industry_diffusion_low_max,9231966.716,25148.11,40,10,0.2441657083,0.003
2018-08-21,industry_diffusion_low_max,9298594.392,775.2590506,40,6,0.3535363178,0.003
2018-08-22,industry_diffusion_low_max,9235653.972,775.2590506,40,6,0.3561413475,0.003
2018-08-23,industry_diffusion_low_max,9242207.334,775.2590506,40,6,0.3538255635,0.003
2018-08-24,industry_diffusion_low_max,9238011.994,775.2590506,40,6,0.3535542362,0.003
2018-08-27,industry_diffusion_low_max,9375894.813,775.2590506,40,6,0.3531392401,0.003
2018-08-28,industry_diffusion_low_max,9354323.185,55122.96079,40,5,0.3541350632,0.003
2018-08-29,industry_diffusion_low_max,9311943.019,55122.96079,40,5,0.3547448589,0.003
2018-08-30,industry_diffusion_low_max,9100838.206,55122.96079,40,5,0.354941661,0.003
2018-08-31,industry_diffusion_low_max,9078382.242,55122.96079,40,5,0.3546658914,0.003
2018-09-03,industry_diffusion_low_max,9063875.343,55122.96079,40,5,0.3556242714,0.003
2018-09-04,industry_diffusion_low_max,9124934.517,12902.51579,40,7,0.2425982214,0.003
2018-09-05,industry_diffusion_low_max,8938524.344,12902.51579,40,7,0.240907787,0.003
2018-09-06,industry_diffusion_low_max,8871663.325,12902.51579,40,7,0.2409572487,0.003
2018-09-07,industry_diffusion_low_max,8882766.109,12902.51579,40,7,0.2407044284,0.003
2018-09-10,industry_diffusion_low_max,8816107.578,12902.51579,40,7,0.242211954,0.003
2018-09-11,industry_diffusion_low_max,8742121.537,63843.86263,40,7,0.2588895224,0.003
2018-09-12,industry_diffusion_low_max,8747455.544,63843.86263,40,7,0.25913127,0.003
2018-09-13,industry_diffusion_low_max,8843248.044,63843.86263,40,7,0.2577975384,0.003
2018-09-14,industry_diffusion_low_max,8781807.604,63843.86263,40,7,0.2588319126,0.003
2018-09-17,industry_diffusion_low_max,8690234.076,63843.86263,40,7,0.2578121788,0.003
2018-09-18,industry_diffusion_low_max,8795704.327,61106.54942,40,7,0.2643007874,0.003
2018-09-19,industry_diffusion_low_max,9005568.608,61106.54942,40,7,0.2680778156,0.003
2018-09-20,industry_diffusion_low_max,8954326.984,61106.54942,40,7,0.2689463828,0.003
2018-09-21,industry_diffusion_low_max,9063060.549,61106.54942,40,7,0.2702679944,0.003
2018-09-25,industry_diffusion_low_max,8943292.233,61106.54942,40,7,0.2655386836,0.003
2018-09-26,industry_diffusion_low_max,9016525.939,2.910383046e-10,40,6,0.2873372219,0.003
2018-09-27,industry_diffusion_low_max,8896037.496,2.910383046e-10,40,6,0.2876457117,0.003
2018-09-28,industry_diffusion_low_max,8981106.077,2.910383046e-10,40,6,0.2886361028,0.003
2018-10-08,industry_diffusion_low_max,8778011.506,2.910383046e-10,40,6,0.2856095144,0.003
2018-10-09,industry_diffusion_low_max,8862057.931,2.910383046e-10,40,6,0.2851889765,0.003
2018-10-10,industry_diffusion_low_max,8878668.702,-2.910383046e-11,40,8,0.1956285526,0.003
2018-10-11,industry_diffusion_low_max,8405111.086,-2.910383046e-11,40,8,0.1988659054,0.003
2018-10-12,industry_diffusion_low_max,8328006.143,-2.910383046e-11,40,8,0.1961834529,0.003
2018-10-15,industry_diffusion_low_max,8126172.265,-2.910383046e-11,40,8,0.1936041279,0.003
2018-10-16,industry_diffusion_low_max,8099877.519,-2.910383046e-11,40,8,0.1974089698,0.003
2018-10-17,industry_diffusion_low_max,7935722.185,17705.66354,40,9,0.1661807476,0.003
2018-10-18,industry_diffusion_low_max,7447335.011,17705.66354,40,9,0.1640441362,0.003
2018-10-19,industry_diffusion_low_max,7553396.461,17705.66354,40,9,0.1633857609,0.003
2018-10-22,industry_diffusion_low_max,7894443.778,17705.66354,40,9,0.1633310227,0.003
2018-10-23,industry_diffusion_low_max,7792152.363,17705.66354,40,9,0.1622146518,0.003
2018-10-24,industry_diffusion_low_max,7759247.836,74754.38367,40,10,0.1140513933,0.003
2018-10-25,industry_diffusion_low_max,7756455.255,74754.38367,40,10,0.1140253824,0.003
2018-10-26,industry_diffusion_low_max,7761012.8,74754.38367,40,10,0.1138191017,0.003
2018-10-29,industry_diffusion_low_max,7679181.461,74754.38367,40,10,0.1137243547,0.003
2018-10-30,industry_diffusion_low_max,7722591.541,74754.38367,40,10,0.1136593664,0.003
2018-10-31,industry_diffusion_low_max,7812981.518,22476.81686,40,9,0.1445389218,0.003
2018-11-01,industry_diffusion_low_max,7839987.513,22476.81686,40,9,0.1443988967,0.003
2018-11-02,industry_diffusion_low_max,8028751.447,22476.81686,40,9,0.1447745415,0.003
2018-11-05,industry_diffusion_low_max,8102617.985,22476.81686,40,9,0.1447081688,0.003
2018-11-06,industry_diffusion_low_max,8074976.664,22476.81686,40,9,0.1445369334,0.003
2018-11-07,industry_diffusion_low_max,7980061.516,5.820766091e-11,40,6,0.2727599616,0.003
2018-11-08,industry_diffusion_low_max,7916038.07,5.820766091e-11,40,6,0.2728147635,0.003
2018-11-09,industry_diffusion_low_max,7849451.172,5.820766091e-11,40,6,0.2749605669,0.003
2018-11-12,industry_diffusion_low_max,7990510.066,5.820766091e-11,40,6,0.2763737552,0.003
2018-11-13,industry_diffusion_low_max,8143199.658,5.820766091e-11,40,6,0.2792084101,0.003
2018-11-14,industry_diffusion_low_max,8047412.22,73092.71775,40,11,0.278383529,0.003
2018-11-15,industry_diffusion_low_max,8281579.746,73092.71775,40,11,0.2821058829,0.003
2018-11-16,industry_diffusion_low_max,8503042.976,73092.71775,40,11,0.2843240266,0.003
2018-11-19,industry_diffusion_low_max,8711107.492,73092.71775,40,11,0.2910659128,0.003
2018-11-20,industry_diffusion_low_max,8396561.157,73092.71775,40,11,0.2872018701,0.003
2018-11-21,industry_diffusion_low_max,8484656.827,-2.619344741e-10,40,12,0.2865854759,0.003
2018-11-22,industry_diffusion_low_max,8397604.785,-2.619344741e-10,40,12,0.2844391205,0.003
2018-11-23,industry_diffusion_low_max,8029333.562,-2.619344741e-10,40,12,0.2834230463,0.003
2018-11-26,industry_diffusion_low_max,8027164.653,-2.619344741e-10,40,12,0.2833051182,0.003
2018-11-27,industry_diffusion_low_max,8050567.783,-2.619344741e-10,40,12,0.2822696759,0.003
2018-11-28,industry_diffusion_low_max,8191592.412,22394.09903,40,19,0.1040415803,0.003
2018-11-29,industry_diffusion_low_max,7984772.647,22394.09903,40,19,0.101963114,0.003
2018-11-30,industry_diffusion_low_max,8115380.791,22394.09903,40,19,0.102538277,0.003
2018-12-03,industry_diffusion_low_max,8377024.56,22394.09903,40,19,0.1019803877,0.003
2018-12-04,industry_diffusion_low_max,8434282.566,22394.09903,40,19,0.1021237693,0.003
2018-12-05,industry_diffusion_low_max,8363114.415,12939.79194,40,20,0.06226925313,0.003
2018-12-06,industry_diffusion_low_max,8190154.39,12939.79194,40,20,0.06237010275,0.003
2018-12-07,industry_diffusion_low_max,8229551.972,12939.79194,40,20,0.06212507672,0.003
2018-12-10,industry_diffusion_low_max,8154796.601,12939.79194,40,20,0.06221512381,0.003
2018-12-11,industry_diffusion_low_max,8211295.12,12939.79194,40,20,0.06211057855,0.003
2018-12-12,industry_diffusion_low_max,8216953.739,-2.037268132e-10,40,20,0.07589203407,0.003
2018-12-13,industry_diffusion_low_max,8332636.729,-2.037268132e-10,40,20,0.07622742489,0.003
2018-12-14,industry_diffusion_low_max,8145066.503,-2.037268132e-10,40,20,0.07651233522,0.003
2018-12-17,industry_diffusion_low_max,8146585.39,-2.037268132e-10,40,20,0.07720284391,0.003
2018-12-18,industry_diffusion_low_max,8075813.937,-2.037268132e-10,40,20,0.07696424349,0.003
2018-12-19,industry_diffusion_low_max,7969005.635,0,40,12,0.1879854754,0.003
2018-12-20,industry_diffusion_low_max,7985495.951,0,40,12,0.1848212636,0.003
2018-12-21,industry_diffusion_low_max,7898646.436,0,40,12,0.1843783748,0.003
2018-12-24,industry_diffusion_low_max,7999754.807,0,40,12,0.1836170012,0.003
2018-12-25,industry_diffusion_low_max,7927713.516,0,40,12,0.1840443267,0.003
2018-12-26,industry_diffusion_low_max,7886879.053,132221.3681,40,11,0.1702818715,0.003
2018-12-27,industry_diffusion_low_max,7810204.701,132221.3681,40,11,0.1706965548,0.003
2018-12-28,industry_diffusion_low_max,7826246.124,132221.3681,40,11,0.1714170509,0.003
2019-01-02,industry_diffusion_low_max,7774364.198,132221.3681,40,11,0.1707286883,0.003
2019-01-03,industry_diffusion_low_max,7658819.912,132221.3681,40,11,0.1682171799,0.003
2019-01-04,industry_diffusion_low_max,7803433.455,153368.7514,40,8,0.1653950676,0.003
2019-01-07,industry_diffusion_low_max,7893675.625,153368.7514,40,8,0.1654183363,0.003
2019-01-08,industry_diffusion_low_max,7832611.81,153368.7514,40,8,0.1654928293,0.003
2019-01-09,industry_diffusion_low_max,7870027.737,153368.7514,40,8,0.1663209908,0.003
2019-01-10,industry_diffusion_low_max,7886583.553,153368.7514,40,8,0.166213547,0.003
2019-01-11,industry_diffusion_low_max,7959949.774,165871.5562,40,9,0.1583537398,0.003
2019-01-14,industry_diffusion_low_max,7916359.885,165871.5562,40,9,0.1579282946,0.003
2019-01-15,industry_diffusion_low_max,8146787.544,165871.5562,40,9,0.1603241217,0.003
2019-01-16,industry_diffusion_low_max,8046205.957,165871.5562,40,9,0.1596922707,0.003
2019-01-17,industry_diffusion_low_max,7991405.406,165871.5562,40,9,0.1596423908,0.003
2019-01-18,industry_diffusion_low_max,8037101.409,104872.0559,40,9,0.1862946434,0.003
2019-01-21,industry_diffusion_low_max,8088051.502,104872.0559,40,9,0.1849384559,0.003
2019-01-22,industry_diffusion_low_max,8067906.073,104872.0559,40,9,0.1866977886,0.003
2019-01-23,industry_diffusion_low_max,8144252.942,104872.0559,40,9,0.1886367142,0.003
2019-01-24,industry_diffusion_low_max,8207409.594,104872.0559,40,9,0.18970386,0.003
2019-01-25,industry_diffusion_low_max,8213548.194,89125.01805,40,8,0.1922369966,0.003
2019-01-28,industry_diffusion_low_max,8258025.223,89125.01805,40,8,0.1948292775,0.003
2019-01-29,industry_diffusion_low_max,8179328.483,89125.01805,40,8,0.1969202432,0.003
2019-01-30,industry_diffusion_low_max,8119199.303,89125.01805,40,8,0.1955080471,0.003
2019-01-31,industry_diffusion_low_max,8104695.004,89125.01805,40,8,0.1968012863,0.003
2019-02-01,industry_diffusion_low_max,8231197.86,-2.619344741e-10,40,10,0.1509373281,0.003
2019-02-11,industry_diffusion_low_max,8529942.567,-2.619344741e-10,40,10,0.1546675804,0.003
2019-02-12,industry_diffusion_low_max,8614428.804,-2.619344741e-10,40,10,0.1549695084,0.003
2019-02-13,industry_diffusion_low_max,8728743.492,-2.619344741e-10,40,10,0.1534892023,0.003
2019-02-14,industry_diffusion_low_max,8755537.681,-2.619344741e-10,40,10,0.1532574434,0.003
2019-02-15,industry_diffusion_low_max,8772833.05,2.910383046e-10,40,12,0.1659826993,0.003
2019-02-18,industry_diffusion_low_max,9188534.146,2.910383046e-10,40,12,0.1673177038,0.003
2019-02-19,industry_diffusion_low_max,9202841.921,2.910383046e-10,40,12,0.1669583351,0.003
2019-02-20,industry_diffusion_low_max,9353283.576,2.910383046e-10,40,12,0.1721923186,0.003
2019-02-21,industry_diffusion_low_max,9504399.486,2.910383046e-10,40,12,0.1762009952,0.003
2019-02-22,industry_diffusion_low_max,9746029.614,505603.3232,40,15,0.1045931748,0.003
2019-02-25,industry_diffusion_low_max,10232882.44,505603.3232,40,15,0.1056361672,0.003
2019-02-26,industry_diffusion_low_max,10211120.27,505603.3232,40,15,0.1046203367,0.003
2019-02-27,industry_diffusion_low_max,10167112.75,505603.3232,40,15,0.1044053048,0.003
2019-02-28,industry_diffusion_low_max,10162675.98,505603.3232,40,15,0.1042711779,0.003
2019-03-01,industry_diffusion_low_max,10310699.59,492256.742,40,16,0.09883917962,0.003
2019-03-04,industry_diffusion_low_max,10544273.54,492256.742,40,16,0.09947455379,0.003
2019-03-05,industry_diffusion_low_max,10737421.3,492256.742,40,16,0.09960058278,0.003
2019-03-06,industry_diffusion_low_max,10945008.39,492256.742,40,16,0.09858841899,0.003
2019-03-07,industry_diffusion_low_max,10946690.55,492256.742,40,16,0.09825677601,0.003
2019-03-08,industry_diffusion_low_max,10386872.87,152432.6976,40,16,0.1025154741,0.003
2019-03-11,industry_diffusion_low_max,10711699.13,152432.6976,40,16,0.1020375408,0.003
2019-03-12,industry_diffusion_low_max,10779995.48,152432.6976,40,16,0.1021779773,0.003
2019-03-13,industry_diffusion_low_max,10698389.25,152432.6976,40,16,0.1032302902,0.003
2019-03-14,industry_diffusion_low_max,10482684.29,152432.6976,40,16,0.1028190367,0.003
2019-03-15,industry_diffusion_low_max,10671178.87,2.910383046e-10,40,20,0.09050006633,0.003
2019-03-18,industry_diffusion_low_max,10972948.49,2.910383046e-10,40,20,0.09134715597,0.003
2019-03-19,industry_diffusion_low_max,10933517.92,2.910383046e-10,40,20,0.09165805519,0.003
2019-03-20,industry_diffusion_low_max,10993640.22,2.910383046e-10,40,20,0.09232679024,0.003
2019-03-21,industry_diffusion_low_max,11122732.06,2.910383046e-10,40,20,0.09281617763,0.003
2019-03-22,industry_diffusion_low_max,11195224.25,506.8456846,40,16,0.1386920019,0.003
2019-03-25,industry_diffusion_low_max,11099956.66,506.8456846,40,16,0.1381870223,0.003
2019-03-26,industry_diffusion_low_max,10889064.58,506.8456846,40,16,0.13882896,0.003
2019-03-27,industry_diffusion_low_max,11054482.17,506.8456846,40,16,0.1397868251,0.003
2019-03-28,industry_diffusion_low_max,10951714.86,506.8456846,40,16,0.1388245777,0.003
2019-03-29,industry_diffusion_low_max,11254498.73,43789.50312,40,20,0.08588955509,0.003
2019-04-01,industry_diffusion_low_max,11562049.32,43789.50312,40,20,0.0860229549,0.003
2019-04-02,industry_diffusion_low_max,11571527.11,43789.50312,40,20,0.08601007725,0.003
2019-04-03,industry_diffusion_low_max,11686382.07,43789.50312,40,20,0.0863879856,0.003
2019-04-04,industry_diffusion_low_max,11691592.44,43789.50312,40,20,0.08658063792,0.003
2019-04-08,industry_diffusion_low_max,11680585.23,-3.492459655e-10,41,20,0.06358881986,0.003
2019-04-09,industry_diffusion_low_max,11829420.43,308825.1148,40,20,0.06379030651,0.003
2019-04-10,industry_diffusion_low_max,12005629.09,308825.1148,40,20,0.06385514885,0.003
2019-04-11,industry_diffusion_low_max,11808360.56,308825.1148,40,20,0.06389161465,0.003
2019-04-12,industry_diffusion_low_max,11744716.02,308825.1148,40,20,0.06390197354,0.003
2019-04-15,industry_diffusion_low_max,11651843.87,74814.01963,40,17,0.072262749,0.003
2019-04-16,industry_diffusion_low_max,11855879.76,74814.01963,40,17,0.07215065091,0.003
2019-04-17,industry_diffusion_low_max,11894820,74814.01963,40,17,0.07179101613,0.003
2019-04-18,industry_diffusion_low_max,11845520.86,74814.01963,40,17,0.07231282263,0.003
2019-04-19,industry_diffusion_low_max,11964183.27,74814.01963,40,17,0.07276117262,0.003
2019-04-22,industry_diffusion_low_max,11758611.38,168458.8679,40,20,0.06423495406,0.003
2019-04-23,industry_diffusion_low_max,11609126.48,168458.8679,40,20,0.06423286697,0.003
2019-04-24,industry_diffusion_low_max,11651164.04,168458.8679,40,20,0.06403877079,0.003
2019-04-25,industry_diffusion_low_max,11232832.89,168458.8679,40,20,0.06410604504,0.003
2019-04-26,industry_diffusion_low_max,11027108.21,168458.8679,40,20,0.06426270498,0.003
2019-04-29,industry_diffusion_low_max,10737017.88,203188.7004,40,19,0.06654877099,0.003
2019-04-30,industry_diffusion_low_max,10904348.65,203188.7004,40,19,0.0667624178,0.003
2019-05-06,industry_diffusion_low_max,10177711.45,203188.7004,40,19,0.06667283098,0.003
2019-05-07,industry_diffusion_low_max,10409077.77,444304.9743,39,19,0.06788254702,0.003
2019-05-08,industry_diffusion_low_max,10448936.55,444304.9743,39,19,0.06728614127,0.003
2019-05-09,industry_diffusion_low_max,10264777.45,274038.9527,39,17,0.0825615046,0.003
2019-05-10,industry_diffusion_low_max,10544926.02,274038.9527,39,17,0.08254142161,0.003
2019-05-13,industry_diffusion_low_max,10527911.02,274038.9527,39,17,0.08219632869,0.003
2019-05-14,industry_diffusion_low_max,10424535.25,274038.9527,39,17,0.08280195275,0.003
2019-05-15,industry_diffusion_low_max,10670333.49,274038.9527,39,17,0.08297882201,0.003
2019-05-16,industry_diffusion_low_max,10732110.79,257156.2035,39,14,0.1276813505,0.003
2019-05-17,industry_diffusion_low_max,10447468.69,257156.2035,39,14,0.1278097967,0.003
2019-05-20,industry_diffusion_low_max,10381605.98,257156.2035,39,14,0.1265103615,0.003
2019-05-21,industry_diffusion_low_max,10610996.18,257156.2035,39,14,0.1263800149,0.003
2019-05-22,industry_diffusion_low_max,10521800.27,257156.2035,39,14,0.1267032194,0.003
2019-05-23,industry_diffusion_low_max,10310657.11,69935.886,40,9,0.1880346785,0.003
2019-05-24,industry_diffusion_low_max,10221831.72,69935.886,40,9,0.186506644,0.003
2019-05-27,industry_diffusion_low_max,10411512.69,69935.886,40,9,0.1857565447,0.003
2019-05-28,industry_diffusion_low_max,10694514.16,69935.886,40,9,0.1871056257,0.003
2019-05-29,industry_diffusion_low_max,10782920.84,69935.886,40,9,0.1871233392,0.003
2019-05-30,industry_diffusion_low_max,10868112.63,411388.712,38,6,0.2255480445,0.003
2019-05-31,industry_diffusion_low_max,10866322.42,739530.73,37,6,0.2351318618,0.003
2019-06-03,industry_diffusion_low_max,10780399.98,739530.73,37,6,0.2362135362,0.003
2019-06-04,industry_diffusion_low_max,10602662.41,1221097.734,35,6,0.2400578288,0.003
2019-06-05,industry_diffusion_low_max,10600852.3,1221097.734,35,6,0.2415284216,0.003
2019-06-06,industry_diffusion_low_max,10498228.36,680384.2086,37,7,0.1942088731,0.003
2019-06-10,industry_diffusion_low_max,10635658.86,680384.2086,37,7,0.194954267,0.003
2019-06-11,industry_diffusion_low_max,11037733.34,680384.2086,37,7,0.1923267315,0.003
2019-06-12,industry_diffusion_low_max,11062453.93,680384.2086,37,7,0.1910226137,0.003
2019-06-13,industry_diffusion_low_max,11239437.24,680384.2086,37,7,0.1906939586,0.003
2019-06-14,industry_diffusion_low_max,10993904.4,263083.7499,38,6,0.2422016203,0.003
2019-06-17,industry_diffusion_low_max,10985159.75,263083.7499,38,6,0.2437974206,0.003
2019-06-18,industry_diffusion_low_max,10873672.71,263083.7499,38,6,0.2421595668,0.003
2019-06-19,industry_diffusion_low_max,10886348.32,263083.7499,38,6,0.2419010691,0.003
2019-06-20,industry_diffusion_low_max,10990709.61,263083.7499,38,6,0.2423572949,0.003
2019-06-21,industry_diffusion_low_max,11109382.92,-3.20142135e-10,40,7,0.3132653177,0.003
2019-06-24,industry_diffusion_low_max,11207089.27,-3.20142135e-10,40,7,0.308983552,0.003
2019-06-25,industry_diffusion_low_max,10948501.85,-3.20142135e-10,40,7,0.3108513066,0.003
2019-06-26,industry_diffusion_low_max,10869440.62,-3.20142135e-10,40,7,0.311916009,0.003
2019-06-27,industry_diffusion_low_max,10906347.07,-3.20142135e-10,40,7,0.3124786316,0.003
2019-06-28,industry_diffusion_low_max,10820226.48,124953.6609,40,11,0.2853686814,0.003
2019-07-01,industry_diffusion_low_max,11043240.16,124953.6609,40,11,0.2871412862,0.003
2019-07-02,industry_diffusion_low_max,11033527.67,124953.6609,40,11,0.2887099409,0.003
2019-07-03,industry_diffusion_low_max,10857366.16,124953.6609,40,11,0.289272023,0.003
2019-07-04,industry_diffusion_low_max,10789918.31,124953.6609,40,11,0.2912011913,0.003
2019-07-05,industry_diffusion_low_max,10850844.52,245068.0276,40,13,0.1763284422,0.003
2019-07-08,industry_diffusion_low_max,10532397.64,245068.0276,40,13,0.173500318,0.003
2019-07-09,industry_diffusion_low_max,10642323.57,245068.0276,40,13,0.1759959896,0.003
2019-07-10,industry_diffusion_low_max,10458308.11,245068.0276,40,13,0.1739244217,0.003
2019-07-11,industry_diffusion_low_max,10464182.51,245068.0276,40,13,0.1731986917,0.003
2019-07-12,industry_diffusion_low_max,10535221.15,285864.7485,40,13,0.1346572635,0.003
2019-07-15,industry_diffusion_low_max,10604599.81,285864.7485,40,13,0.1345495608,0.003
2019-07-16,industry_diffusion_low_max,10617562.54,285864.7485,40,13,0.1341854229,0.003
2019-07-17,industry_diffusion_low_max,10603758.83,285864.7485,40,13,0.1343459943,0.003
2019-07-18,industry_diffusion_low_max,10540072.93,285864.7485,40,13,0.1348951157,0.003
2019-07-19,industry_diffusion_low_max,10563205.59,73861.20093,40,15,0.1669712459,0.003
2019-07-22,industry_diffusion_low_max,10455045.71,73861.20093,40,15,0.1675630183,0.003
2019-07-23,industry_diffusion_low_max,10444365.86,73861.20093,40,15,0.165580207,0.003
2019-07-24,industry_diffusion_low_max,10536606.28,73861.20093,40,15,0.1645024528,0.003
2019-07-25,industry_diffusion_low_max,10570279.38,73861.20093,40,15,0.1651654605,0.003
2019-07-26,industry_diffusion_low_max,10585312.92,162215.4424,40,11,0.1824453191,0.003
2019-07-29,industry_diffusion_low_max,10631047.99,162215.4424,40,11,0.1831074285,0.003
2019-07-30,industry_diffusion_low_max,10644300.79,162215.4424,40,11,0.1829256019,0.003
2019-07-31,industry_diffusion_low_max,10546154.12,162215.4424,40,11,0.182093186,0.003
2019-08-01,industry_diffusion_low_max,10509214.74,162215.4424,40,11,0.1818696231,0.003
2019-08-02,industry_diffusion_low_max,10480871.6,181661.584,40,8,0.2277502615,0.003
2019-08-05,industry_diffusion_low_max,10285665.41,181661.584,40,8,0.2274773666,0.003
2019-08-06,industry_diffusion_low_max,10118488.1,181661.584,40,8,0.2286530659,0.003
2019-08-07,industry_diffusion_low_max,10029251.43,181661.584,40,8,0.22883829,0.003
2019-08-08,industry_diffusion_low_max,10073485.8,181661.584,40,8,0.2289893747,0.003
2019-08-09,industry_diffusion_low_max,9900998.408,65116.04936,40,10,0.1544148267,0.003
2019-08-12,industry_diffusion_low_max,10101195.89,65116.04936,40,10,0.155247248,0.003
2019-08-13,industry_diffusion_low_max,10098877.49,65116.04936,40,10,0.1545251985,0.003
2019-08-14,industry_diffusion_low_max,10132085.81,65116.04936,40,10,0.1538523219,0.003
2019-08-15,industry_diffusion_low_max,10116363.82,65116.04936,40,10,0.1533817671,0.003
2019-08-16,industry_diffusion_low_max,10157095.09,1.164153218e-10,40,9,0.154044746,0.003
2019-08-19,industry_diffusion_low_max,10460878.44,1.164153218e-10,40,9,0.1536502912,0.003
2019-08-20,industry_diffusion_low_max,10445697.01,1.164153218e-10,40,9,0.1532890559,0.003
2019-08-21,industry_diffusion_low_max,10443387.79,1.164153218e-10,40,9,0.1534784856,0.003
2019-08-22,industry_diffusion_low_max,10532987.83,1.164153218e-10,40,9,0.1534478392,0.003
2019-08-23,industry_diffusion_low_max,10542415.6,2.328306437e-10,40,12,0.1348189261,0.003
2019-08-26,industry_diffusion_low_max,10533281.67,2.328306437e-10,40,12,0.132810234,0.003
2019-08-27,industry_diffusion_low_max,10665167.97,2.328306437e-10,40,12,0.1321519821,0.003
2019-08-28,industry_diffusion_low_max,10589307.34,2.328306437e-10,40,12,0.1310295411,0.003
2019-08-29,industry_diffusion_low_max,10559386.03,2.328306437e-10,40,12,0.1313567924,0.003
2019-08-30,industry_diffusion_low_max,10520779.52,49436.71715,40,12,0.1558749831,0.003
2019-09-02,industry_diffusion_low_max,10700955.99,49436.71715,40,12,0.1557412676,0.003
2019-09-03,industry_diffusion_low_max,10757903.32,49436.71715,40,12,0.1565893447,0.003
2019-09-04,industry_diffusion_low_max,10900486.19,49436.71715,40,12,0.1582830367,0.003
2019-09-05,industry_diffusion_low_max,11091036.23,49436.71715,40,12,0.1599540603,0.003
2019-09-06,industry_diffusion_low_max,11049856.29,67989.46014,40,16,0.129433148,0.003
2019-09-09,industry_diffusion_low_max,11298054.62,67989.46014,40,16,0.130144446,0.003
2019-09-10,industry_diffusion_low_max,11331659.49,67989.46014,40,16,0.1304193539,0.003
2019-09-11,industry_diffusion_low_max,11265144.51,67989.46014,40,16,0.1303200846,0.003
2019-09-12,industry_diffusion_low_max,11255909.01,67989.46014,40,16,0.1300330509,0.003
2019-09-16,industry_diffusion_low_max,11259997.61,3.492459655e-10,41,21,0.0717613548,0.003
2019-09-17,industry_diffusion_low_max,11048929.37,3.492459655e-10,41,21,0.0709156645,0.003
2019-09-18,industry_diffusion_low_max,11063065.95,3.492459655e-10,41,21,0.07081699835,0.003
2019-09-19,industry_diffusion_low_max,11179137.97,306537.6571,40,21,0.07102391284,0.003
2019-09-20,industry_diffusion_low_max,11234771.13,306537.6571,40,21,0.07135294642,0.003
2019-09-23,industry_diffusion_low_max,11135846.42,403608.3469,40,19,0.08039842603,0.003
2019-09-24,industry_diffusion_low_max,11170188,403608.3469,40,19,0.08012415644,0.003
2019-09-25,industry_diffusion_low_max,10968628.56,403608.3469,40,19,0.07991024257,0.003
2019-09-26,industry_diffusion_low_max,10702955,403608.3469,40,19,0.07982445961,0.003
2019-09-27,industry_diffusion_low_max,10740654.6,403608.3469,40,19,0.07939649565,0.003
2019-09-30,industry_diffusion_low_max,10679645.37,295560.0529,40,17,0.1097015433,0.003
2019-10-08,industry_diffusion_low_max,10754370.52,295560.0529,40,17,0.1096648495,0.003
2019-10-09,industry_diffusion_low_max,10804523.48,295560.0529,40,17,0.1101143264,0.003
2019-10-10,industry_diffusion_low_max,10884580.55,295560.0529,40,17,0.1094089964,0.003
2019-10-11,industry_diffusion_low_max,10972041.61,295560.0529,40,17,0.1097733941,0.003
2019-10-14,industry_diffusion_low_max,11164992.47,237581.8073,40,16,0.1487288338,0.003
2019-10-15,industry_diffusion_low_max,11132754.72,237581.8073,40,16,0.1495436319,0.003
2019-10-16,industry_diffusion_low_max,11063512.18,237581.8073,40,16,0.150384165,0.003
2019-10-17,industry_diffusion_low_max,11068327.67,237581.8073,40,16,0.1495921233,0.003
2019-10-18,industry_diffusion_low_max,10938755.04,237581.8073,40,16,0.1497451922,0.003
2019-10-21,industry_diffusion_low_max,10953269.38,0,40,12,0.1716691216,0.003
2019-10-22,industry_diffusion_low_max,10995442.12,0,40,12,0.171054776,0.003
2019-10-23,industry_diffusion_low_max,10921662.42,0,40,12,0.1721394257,0.003
2019-10-24,industry_diffusion_low_max,10958231.54,0,40,12,0.172922659,0.003
2019-10-25,industry_diffusion_low_max,10954368.4,0,40,12,0.1725488814,0.003
2019-10-28,industry_diffusion_low_max,11075179.9,19561.71907,40,9,0.2357496441,0.003
2019-10-29,industry_diffusion_low_max,11066152.54,19561.71907,40,9,0.2349866966,0.003
2019-10-30,industry_diffusion_low_max,10959430.49,19561.71907,40,9,0.2374680104,0.003
2019-10-31,industry_diffusion_low_max,10901395.62,19561.71907,40,9,0.2376080627,0.003
2019-11-01,industry_diffusion_low_max,10936867.5,19561.71907,40,9,0.238900938,0.003
2019-11-04,industry_diffusion_low_max,10975938.45,103400.2687,40,11,0.1362251539,0.003
2019-11-05,industry_diffusion_low_max,11013461.41,103400.2687,40,11,0.1370654995,0.003
2019-11-06,industry_diffusion_low_max,10893362.7,103400.2687,40,11,0.1369221311,0.003
2019-11-07,industry_diffusion_low_max,10970338.06,103400.2687,40,11,0.1371634313,0.003
2019-11-08,industry_diffusion_low_max,10893149.01,103400.2687,40,11,0.1366531747,0.003
2019-11-11,industry_diffusion_low_max,10669581.01,148315.8186,40,8,0.1877821159,0.003
2019-11-12,industry_diffusion_low_max,10760079.31,148315.8186,40,8,0.1888038153,0.003
2019-11-13,industry_diffusion_low_max,10740133.58,148315.8186,40,8,0.1894531373,0.003
2019-11-14,industry_diffusion_low_max,10780508.05,148315.8186,40,8,0.1898875475,0.003
2019-11-15,industry_diffusion_low_max,10557800.17,148315.8186,40,8,0.1888695267,0.003
2019-11-18,industry_diffusion_low_max,10574598.6,147104.6923,40,9,0.1855961928,0.003
2019-11-19,industry_diffusion_low_max,10711499.72,147104.6923,40,9,0.1860595578,0.003
2019-11-20,industry_diffusion_low_max,10657404.77,147104.6923,40,9,0.1865561835,0.003
2019-11-21,industry_diffusion_low_max,10632876.16,147104.6923,40,9,0.1846587998,0.003
2019-11-22,industry_diffusion_low_max,10457488.55,147104.6923,40,9,0.1836478685,0.003
2019-11-25,industry_diffusion_low_max,10410088.07,-2.619344741e-10,40,9,0.1958665936,0.003
2019-11-26,industry_diffusion_low_max,10468083.14,-2.619344741e-10,40,9,0.1966187197,0.003
2019-11-27,industry_diffusion_low_max,10449784.82,-2.619344741e-10,40,9,0.1964533784,0.003
2019-11-28,industry_diffusion_low_max,10406995.77,-2.619344741e-10,40,9,0.1966763274,0.003
2019-11-29,industry_diffusion_low_max,10302558.79,-2.619344741e-10,40,9,0.1959290401,0.003
2019-12-02,industry_diffusion_low_max,10274301.78,28527.90215,40,7,0.2105965807,0.003
2019-12-03,industry_diffusion_low_max,10255784.88,28527.90215,40,7,0.210473761,0.003
2019-12-04,industry_diffusion_low_max,10212115.27,28527.90215,40,7,0.2098918855,0.003
2019-12-05,industry_diffusion_low_max,10294427.99,28527.90215,40,7,0.2099096841,0.003
2019-12-06,industry_diffusion_low_max,10406480.11,28527.90215,40,7,0.2100855619,0.003
2019-12-09,industry_diffusion_low_max,10452081.92,40920.10583,40,8,0.1825558768,0.003
2019-12-10,industry_diffusion_low_max,10511235.57,40920.10583,40,8,0.1828018419,0.003
2019-12-11,industry_diffusion_low_max,10487246.24,40920.10583,40,8,0.1823037772,0.003
2019-12-12,industry_diffusion_low_max,10454210.17,40920.10583,40,8,0.1822573137,0.003
2019-12-13,industry_diffusion_low_max,10560099.96,40920.10583,40,8,0.1827298371,0.003
2019-12-16,industry_diffusion_low_max,10653658.47,2.910383046e-10,40,9,0.2079698755,0.003
2019-12-17,industry_diffusion_low_max,10818468.13,2.910383046e-10,40,9,0.2089030811,0.003
2019-12-18,industry_diffusion_low_max,10841608.4,2.910383046e-10,40,9,0.2081645306,0.003
2019-12-19,industry_diffusion_low_max,10867200.48,2.910383046e-10,40,9,0.2085327545,0.003
2019-12-20,industry_diffusion_low_max,10845390.42,2.910383046e-10,40,9,0.2109439982,0.003
2019-12-23,industry_diffusion_low_max,10714575.03,0,40,12,0.1929545325,0.003
2019-12-24,industry_diffusion_low_max,10962486.1,0,40,12,0.1938601994,0.003
2019-12-25,industry_diffusion_low_max,11024600.47,0,40,12,0.1926931581,0.003
2019-12-26,industry_diffusion_low_max,11122917.34,0,40,12,0.1919837727,0.003
2019-12-27,industry_diffusion_low_max,11105982.05,0,40,12,0.1905287587,0.003
2019-12-30,industry_diffusion_low_max,11223585.98,35858.75828,40,16,0.1066198293,0.003
2019-12-31,industry_diffusion_low_max,11296355.44,35858.75828,40,16,0.1056623717,0.003
2020-01-02,industry_diffusion_low_max,11530410.17,35858.75828,40,16,0.1056661629,0.003
2020-01-03,industry_diffusion_low_max,11589186.18,35858.75828,40,16,0.1050577303,0.003
2020-01-06,industry_diffusion_low_max,11700701.75,35858.75828,40,16,0.1058368637,0.003
2020-01-07,industry_diffusion_low_max,11826760.51,119331.7537,40,16,0.1050317258,0.003
2020-01-08,industry_diffusion_low_max,11730292.13,119331.7537,40,16,0.104411508,0.003
2020-01-09,industry_diffusion_low_max,11878436.29,119331.7537,40,16,0.1045534103,0.003
2020-01-10,industry_diffusion_low_max,11863961.68,119331.7537,40,16,0.1053832405,0.003
2020-01-13,industry_diffusion_low_max,11958281.43,119331.7537,40,16,0.1048747959,0.003
2020-01-14,industry_diffusion_low_max,11886044.94,50800.77298,40,16,0.1163626977,0.003
2020-01-15,industry_diffusion_low_max,11801355.55,50800.77298,40,16,0.1155226958,0.003
2020-01-16,industry_diffusion_low_max,11730177.04,50800.77298,40,16,0.1154809574,0.003
2020-01-17,industry_diffusion_low_max,11732155.9,50800.77298,40,16,0.1157082183,0.003
2020-01-20,industry_diffusion_low_max,11818274.88,50800.77298,40,16,0.1146786145,0.003
2020-01-21,industry_diffusion_low_max,11555673.03,35878.35618,40,17,0.1093657396,0.003
2020-01-22,industry_diffusion_low_max,11531443.18,35878.35618,40,17,0.1091834811,0.003
2020-01-23,industry_diffusion_low_max,11159140.46,35878.35618,40,17,0.1094368017,0.003
2020-02-03,industry_diffusion_low_max,10084019.42,35878.35618,40,17,0.1099450987,0.003
2020-02-04,industry_diffusion_low_max,10088261.42,35878.35618,40,17,0.1138333571,0.003
2020-02-05,industry_diffusion_low_max,10326120.13,2.328306437e-10,40,17,0.108472342,0.003
2020-02-06,industry_diffusion_low_max,10580356.56,2.328306437e-10,40,17,0.1087283601,0.003
2020-02-07,industry_diffusion_low_max,10619848.9,2.328306437e-10,40,17,0.1082684599,0.003
2020-02-10,industry_diffusion_low_max,10720055.8,2.328306437e-10,40,17,0.1085127612,0.003
2020-02-11,industry_diffusion_low_max,10811950.26,2.328306437e-10,40,17,0.1104652902,0.003
2020-02-12,industry_diffusion_low_max,10973175.57,-5.820766091e-11,40,14,0.2319241028,0.003
2020-02-13,industry_diffusion_low_max,10804329.43,-5.820766091e-11,40,14,0.2306815531,0.003
2020-02-14,industry_diffusion_low_max,10769196.65,-5.820766091e-11,40,14,0.2284894801,0.003
2020-02-17,industry_diffusion_low_max,11059145.77,-5.820766091e-11,40,14,0.2300285372,0.003
2020-02-18,industry_diffusion_low_max,11245701.52,-5.820766091e-11,40,14,0.2278893582,0.003
2020-02-19,industry_diffusion_low_max,11227632.72,-3.492459655e-10,40,10,0.2648611829,0.003
2020-02-20,industry_diffusion_low_max,11462892.9,-3.492459655e-10,40,10,0.2621983463,0.003
2020-02-21,industry_diffusion_low_max,11608179.9,-3.492459655e-10,40,10,0.2593748689,0.003
2020-02-24,industry_diffusion_low_max,11779890.33,-3.492459655e-10,40,10,0.2615088338,0.003
2020-02-25,industry_diffusion_low_max,11677746.77,-3.492459655e-10,40,10,0.2650315055,0.003
2020-02-26,industry_diffusion_low_max,11168379.4,303718.6998,40,7,0.2899998367,0.003
2020-02-27,industry_diffusion_low_max,11185991.05,303718.6998,40,7,0.2911388002,0.003
2020-02-28,industry_diffusion_low_max,10615578.32,303718.6998,40,7,0.2979408261,0.003
2020-03-02,industry_diffusion_low_max,10904029.13,303718.6998,40,7,0.2969652914,0.003
2020-03-03,industry_diffusion_low_max,11093141.23,303718.6998,40,7,0.3005558649,0.003
2020-03-04,industry_diffusion_low_max,11120477.82,130776.2269,40,13,0.1594048708,0.003
2020-03-05,industry_diffusion_low_max,11259711.91,130776.2269,40,13,0.1597200546,0.003
2020-03-06,industry_diffusion_low_max,11272223.42,130776.2269,40,13,0.1603244535,0.003
2020-03-09,industry_diffusion_low_max,10784526.52,130776.2269,40,13,0.1602423826,0.003
2020-03-10,industry_diffusion_low_max,10998140.33,130776.2269,40,13,0.1606937702,0.003
2020-03-11,industry_diffusion_low_max,10922650.98,296833.8756,40,18,0.1274378734,0.003
2020-03-12,industry_diffusion_low_max,10725943.74,296833.8756,40,18,0.1287611107,0.003
2020-03-13,industry_diffusion_low_max,10640526.32,296833.8756,40,18,0.1301370542,0.003
2020-03-16,industry_diffusion_low_max,10249547.23,296833.8756,40,18,0.1295221095,0.003
2020-03-17,industry_diffusion_low_max,10213294.94,296833.8756,40,18,0.128736492,0.003
2020-03-18,industry_diffusion_low_max,10100526.59,131515.8034,40,19,0.1214380899,0.003
2020-03-19,industry_diffusion_low_max,10110377.69,131515.8034,40,19,0.1199475152,0.003
2020-03-20,industry_diffusion_low_max,10334829.92,131515.8034,40,19,0.12356169,0.003
2020-03-23,industry_diffusion_low_max,9997811.45,131515.8034,40,19,0.1261184189,0.003
2020-03-24,industry_diffusion_low_max,10417288.63,131515.8034,40,19,0.1300047509,0.003
2020-03-25,industry_diffusion_low_max,10666205.41,118521.1816,40,16,0.2377528238,0.003
2020-03-26,industry_diffusion_low_max,10737160.74,118521.1816,40,16,0.2457535465,0.003
2020-03-27,industry_diffusion_low_max,10713037.84,118521.1816,40,16,0.2421994145,0.003
2020-03-30,industry_diffusion_low_max,10597446.46,118521.1816,40,16,0.2449915398,0.003
2020-03-31,industry_diffusion_low_max,10889051.73,118521.1816,40,16,0.2589230827,0.003
2020-04-01,industry_diffusion_low_max,10630067.59,-2.037268132e-10,40,13,0.4249967672,0.003
2020-04-02,industry_diffusion_low_max,10609121.58,-2.037268132e-10,40,13,0.4239692064,0.003
2020-04-03,industry_diffusion_low_max,10720178.19,-2.037268132e-10,40,13,0.4308711548,0.003
2020-04-07,industry_diffusion_low_max,11092928.33,-2.037268132e-10,40,13,0.4311544008,0.003
2020-04-08,industry_diffusion_low_max,10952025.51,-2.037268132e-10,40,13,0.4252243407,0.003
2020-04-09,industry_diffusion_low_max,11256010.24,-6.4028427e-10,40,6,0.7433678843,0.003
2020-04-10,industry_diffusion_low_max,10987792.14,-6.4028427e-10,40,6,0.7431746741,0.003
2020-04-13,industry_diffusion_low_max,11052012.21,-6.4028427e-10,40,6,0.7425292489,0.003
2020-04-14,industry_diffusion_low_max,11167429.36,-6.4028427e-10,40,6,0.7414945769,0.003
2020-04-15,industry_diffusion_low_max,10932494.91,-6.4028427e-10,40,6,0.7406146602,0.003
2020-04-16,industry_diffusion_low_max,10898773.38,139937.3951,40,10,0.4144065492,0.003
2020-04-17,industry_diffusion_low_max,10855022.13,139937.3951,40,10,0.4111876887,0.003
2020-04-20,industry_diffusion_low_max,10996603.73,139937.3951,40,10,0.4047463249,0.003
2020-04-21,industry_diffusion_low_max,11045777.98,139937.3951,40,10,0.4061475031,0.003
2020-04-22,industry_diffusion_low_max,11404332.48,139937.3951,40,10,0.4073210934,0.003
2020-04-23,industry_diffusion_low_max,11412798.4,205523.873,40,12,0.1934112522,0.003
2020-04-24,industry_diffusion_low_max,11308232.44,490859.3621,39,12,0.2024622975,0.003
2020-04-27,industry_diffusion_low_max,11380773.98,490859.3621,39,12,0.2059782292,0.003
2020-04-28,industry_diffusion_low_max,11516010.75,490859.3621,39,12,0.2067678783,0.003
2020-04-29,industry_diffusion_low_max,11267943.65,490859.3621,39,12,0.2043689446,0.003
2020-04-30,industry_diffusion_low_max,11275281.44,632982.6234,38,16,0.114443677,0.003
2020-05-06,industry_diffusion_low_max,11414437.66,900718.0374,37,16,0.1112933507,0.003
2020-05-07,industry_diffusion_low_max,11588542.7,900718.0374,37,16,0.1122053573,0.003
2020-05-08,industry_diffusion_low_max,11756990.64,900718.0374,37,16,0.112246278,0.003
2020-05-11,industry_diffusion_low_max,11756891.39,900718.0374,37,16,0.1117237768,0.003
2020-05-12,industry_diffusion_low_max,11803979.53,168103.2783,39,18,0.1008600661,0.003
2020-05-13,industry_diffusion_low_max,12116230.88,168103.2783,39,18,0.1015172794,0.003
2020-05-14,industry_diffusion_low_max,12049561.95,168103.2783,39,18,0.1022491359,0.003
2020-05-15,industry_diffusion_low_max,11979582.72,168103.2783,39,18,0.10212684,0.003
2020-05-18,industry_diffusion_low_max,12196950.48,168103.2783,39,18,0.1026933987,0.003
2020-05-19,industry_diffusion_low_max,12274934.83,-6.98491931e-10,40,15,0.1119479443,0.003
2020-05-20,industry_diffusion_low_max,12029154.52,-6.98491931e-10,40,15,0.1101635031,0.003
2020-05-21,industry_diffusion_low_max,11923832.92,-6.98491931e-10,40,15,0.1100795371,0.003
2020-05-22,industry_diffusion_low_max,11740040.18,-6.98491931e-10,40,15,0.1101952186,0.003
2020-05-25,industry_diffusion_low_max,11823128.89,-6.98491931e-10,40,15,0.111760868,0.003
2020-05-26,industry_diffusion_low_max,12080250.91,25849.09295,40,14,0.1758096935,0.003
2020-05-27,industry_diffusion_low_max,12113666.35,25849.09295,40,14,0.1766902834,0.003
2020-05-28,industry_diffusion_low_max,12186251.64,25849.09295,40,14,0.1771188505,0.003
2020-05-29,industry_diffusion_low_max,12394884.35,25849.09295,40,14,0.1782092197,0.003
2020-06-01,industry_diffusion_low_max,12615136.5,25849.09295,40,14,0.1761529107,0.003
2020-06-02,industry_diffusion_low_max,12445851.2,59667.89146,40,15,0.1398247172,0.003
2020-06-03,industry_diffusion_low_max,12426184.38,59667.89146,40,15,0.1415513828,0.003
2020-06-04,industry_diffusion_low_max,12744307.65,59667.89146,40,15,0.14830958,0.003
2020-06-05,industry_diffusion_low_max,12622515.76,59667.89146,40,15,0.145055458,0.003
2020-06-08,industry_diffusion_low_max,12484243.16,59667.89146,40,15,0.1414087347,0.003
2020-06-09,industry_diffusion_low_max,12553157.5,151349.1513,40,14,0.1364449514,0.003
2020-06-10,industry_diffusion_low_max,12602482.88,151349.1513,40,14,0.1362866521,0.003
2020-06-11,industry_diffusion_low_max,12435592.76,151349.1513,40,14,0.1346293074,0.003
2020-06-12,industry_diffusion_low_max,12490836.46,151349.1513,40,14,0.1363298373,0.003
2020-06-15,industry_diffusion_low_max,12382134.49,151349.1513,40,14,0.1372570605,0.003
2020-06-16,industry_diffusion_low_max,12608098.3,4.074536264e-10,40,17,0.1151351892,0.003
2020-06-17,industry_diffusion_low_max,12614168.7,4.074536264e-10,40,17,0.1140573716,0.003
2020-06-18,industry_diffusion_low_max,12543453.52,642693.7588,38,17,0.1126768031,0.003
2020-06-19,industry_diffusion_low_max,12733187.67,642693.7588,38,17,0.1136842572,0.003
2020-06-22,industry_diffusion_low_max,12705407.18,642693.7588,38,17,0.1141160027,0.003
2020-06-23,industry_diffusion_low_max,12889746.49,689701.9311,36,18,0.1021193957,0.003
2020-06-24,industry_diffusion_low_max,12838310.41,689701.9311,36,18,0.1017788312,0.003
2020-06-29,industry_diffusion_low_max,12818102.37,689701.9311,36,18,0.103538696,0.003
2020-06-30,industry_diffusion_low_max,12966263.67,689701.9311,36,18,0.1042338388,0.003
2020-07-01,industry_diffusion_low_max,13249069.5,689701.9311,36,18,0.108250825,0.003
2020-07-02,industry_diffusion_low_max,13436030.01,440147.758,37,20,0.1275019542,0.003
2020-07-03,industry_diffusion_low_max,13423239.08,440147.758,37,20,0.1237550367,0.003
2020-07-06,industry_diffusion_low_max,13885397.37,440147.758,37,20,0.1211914064,0.003
2020-07-07,industry_diffusion_low_max,14134608.32,440147.758,37,20,0.12357484,0.003
2020-07-08,industry_diffusion_low_max,14364722.52,440147.758,37,20,0.1209856889,0.003
2020-07-09,industry_diffusion_low_max,14612238.41,970813.1654,36,20,0.07103098673,0.003
2020-07-10,industry_diffusion_low_max,14497488.62,970813.1654,36,20,0.07249374191,0.003
2020-07-13,industry_diffusion_low_max,15021276.18,970813.1654,36,20,0.07338728739,0.003
2020-07-14,industry_diffusion_low_max,15047801.31,970813.1654,36,20,0.07337530859,0.003
2020-07-15,industry_diffusion_low_max,14961174.63,970813.1654,36,20,0.07559361673,0.003
2020-07-16,industry_diffusion_low_max,14139354.85,404377.8573,37,20,0.07083107424,0.003
2020-07-17,industry_diffusion_low_max,14220073.09,404377.8573,37,20,0.07071297194,0.003
2020-07-20,industry_diffusion_low_max,14669682.26,404377.8573,37,20,0.06949860438,0.003
2020-07-21,industry_diffusion_low_max,14815863.69,404377.8573,37,20,0.07005487145,0.003
2020-07-22,industry_diffusion_low_max,14859419.05,404377.8573,37,20,0.07047018096,0.003
2020-07-23,industry_diffusion_low_max,14844685.26,-5.238689482e-10,40,20,0.06753498327,0.003
2020-07-24,industry_diffusion_low_max,14165036.49,-5.238689482e-10,40,20,0.06748602504,0.003
2020-07-27,industry_diffusion_low_max,14312952.3,-5.238689482e-10,40,20,0.06792840591,0.003
2020-07-28,industry_diffusion_low_max,14367880.97,-5.238689482e-10,40,20,0.06811653621,0.003
2020-07-29,industry_diffusion_low_max,14652957.94,-5.238689482e-10,40,20,0.06801029812,0.003
2020-07-30,industry_diffusion_low_max,14583447.39,45006.40215,40,19,0.07878045525,0.003
2020-07-31,industry_diffusion_low_max,14689756.2,45006.40215,40,19,0.07824907741,0.003
2020-08-03,industry_diffusion_low_max,15044751.5,45006.40215,40,19,0.07771156204,0.003
2020-08-04,industry_diffusion_low_max,15173880.88,45006.40215,40,19,0.07791216676,0.003
2020-08-05,industry_diffusion_low_max,15228736.76,45006.40215,40,19,0.07733375717,0.003
2020-08-06,industry_diffusion_low_max,15261873.76,113731.4485,40,20,0.08138348886,0.003
2020-08-07,industry_diffusion_low_max,15009494.92,113731.4485,40,20,0.082004803,0.003
2020-08-10,industry_diffusion_low_max,15087054.79,113731.4485,40,20,0.08158591343,0.003
2020-08-11,industry_diffusion_low_max,14842637.31,113731.4485,40,20,0.08090581257,0.003
2020-08-12,industry_diffusion_low_max,14753803.55,113731.4485,40,20,0.08131902521,0.003
2020-08-13,industry_diffusion_low_max,15068971.75,162483.6355,40,20,0.09112580023,0.003
2020-08-14,industry_diffusion_low_max,14990011.29,162483.6355,40,20,0.08861785247,0.003
2020-08-17,industry_diffusion_low_max,15275858.29,162483.6355,40,20,0.08920287092,0.003
2020-08-18,industry_diffusion_low_max,15453011.22,162483.6355,40,20,0.08916832634,0.003
2020-08-19,industry_diffusion_low_max,15419006.01,162483.6355,40,20,0.09075916106,0.003
2020-08-20,industry_diffusion_low_max,14978120.66,27981.78799,40,15,0.1088340456,0.003
2020-08-21,industry_diffusion_low_max,14922281.47,27981.78799,40,15,0.1084907004,0.003
2020-08-24,industry_diffusion_low_max,15123858.12,27981.78799,40,15,0.1106567532,0.003
2020-08-25,industry_diffusion_low_max,14938789.25,27981.78799,40,15,0.1102417077,0.003
2020-08-26,industry_diffusion_low_max,14521804.13,27981.78799,40,15,0.1084629542,0.003
2020-08-27,industry_diffusion_low_max,14547441.82,-4.656612873e-10,40,12,0.1248014748,0.003
2020-08-28,industry_diffusion_low_max,14801772.06,-4.656612873e-10,40,12,0.1245268793,0.003
2020-08-31,industry_diffusion_low_max,14748948.79,-4.656612873e-10,40,12,0.1240576354,0.003
2020-09-01,industry_diffusion_low_max,14892203.67,-4.656612873e-10,40,12,0.1234745458,0.003
2020-09-02,industry_diffusion_low_max,14916118.89,-4.656612873e-10,40,12,0.1240671741,0.003
2020-09-03,industry_diffusion_low_max,14780710.67,72010.30911,40,11,0.1432994438,0.003
2020-09-04,industry_diffusion_low_max,14675080.93,72010.30911,40,11,0.1432167938,0.003
2020-09-07,industry_diffusion_low_max,14367930.33,72010.30911,40,11,0.1428289765,0.003
2020-09-08,industry_diffusion_low_max,14370184.78,72010.30911,40,11,0.1416869439,0.003
2020-09-09,industry_diffusion_low_max,14148052.98,72010.30911,40,11,0.141349626,0.003
2020-09-10,industry_diffusion_low_max,13867973.8,8471.090557,40,8,0.2817952636,0.003
2020-09-11,industry_diffusion_low_max,14045908.08,8471.090557,40,8,0.2882121303,0.003
2020-09-14,industry_diffusion_low_max,14197584.53,8471.090557,40,8,0.288271309,0.003
2020-09-15,industry_diffusion_low_max,14319728.48,8471.090557,40,8,0.2837562891,0.003
2020-09-16,industry_diffusion_low_max,14160426.58,8471.090557,40,8,0.2825541617,0.003
2020-09-17,industry_diffusion_low_max,14017867.75,4.656612873e-10,40,8,0.287093202,0.003
2020-09-18,industry_diffusion_low_max,14181665.65,4.656612873e-10,40,8,0.2876984996,0.003
2020-09-21,industry_diffusion_low_max,13987293.01,4.656612873e-10,40,8,0.2876527748,0.003
2020-09-22,industry_diffusion_low_max,13715410.79,4.656612873e-10,40,8,0.2904237025,0.003
2020-09-23,industry_diffusion_low_max,13728640.02,4.656612873e-10,40,8,0.2882965646,0.003
2020-09-24,industry_diffusion_low_max,13430012.12,-5.238689482e-10,40,5,0.3613744037,0.003
2020-09-25,industry_diffusion_low_max,13344275.37,-5.238689482e-10,40,5,0.3606756246,0.003
2020-09-28,industry_diffusion_low_max,13288512.49,-5.238689482e-10,40,5,0.362549523,0.003
2020-09-29,industry_diffusion_low_max,13306985.28,-5.238689482e-10,40,5,0.3603694065,0.003
2020-09-30,industry_diffusion_low_max,13414585.48,-5.238689482e-10,40,5,0.3612795773,0.003
2020-10-09,industry_diffusion_low_max,13886966.69,-3.492459655e-10,40,5,0.2497656514,0.003
2020-10-12,industry_diffusion_low_max,14386227.36,-3.492459655e-10,40,5,0.2500501388,0.003
2020-10-13,industry_diffusion_low_max,14492647.43,-3.492459655e-10,40,5,0.2487921911,0.003
2020-10-14,industry_diffusion_low_max,14687896.85,-3.492459655e-10,40,5,0.247931508,0.003
2020-10-15,industry_diffusion_low_max,14520589.77,-3.492459655e-10,40,5,0.2461475444,0.003
2020-10-16,industry_diffusion_low_max,14401168.76,5.820766091e-11,40,7,0.2138051173,0.003
2020-10-19,industry_diffusion_low_max,14252747.66,5.820766091e-11,40,7,0.2132793994,0.003
2020-10-20,industry_diffusion_low_max,14372795.68,5.820766091e-11,40,7,0.2121742929,0.003
2020-10-21,industry_diffusion_low_max,14125292.93,5.820766091e-11,40,7,0.2109328013,0.003
2020-10-22,industry_diffusion_low_max,14021107.49,5.820766091e-11,40,7,0.2111871529,0.003
2020-10-23,industry_diffusion_low_max,13911707.08,41373.47782,40,10,0.1573222852,0.003
2020-10-26,industry_diffusion_low_max,14021732.4,41373.47782,40,10,0.1590833571,0.003
2020-10-27,industry_diffusion_low_max,13785912.17,41373.47782,40,10,0.1587599553,0.003
2020-10-28,industry_diffusion_low_max,13922030.29,41373.47782,40,10,0.15912634,0.003
2020-10-29,industry_diffusion_low_max,14049295.53,41373.47782,40,10,0.160414649,0.003
2020-10-30,industry_diffusion_low_max,13743043.74,-4.074536264e-10,40,9,0.2260092329,0.003
2020-11-02,industry_diffusion_low_max,13967091.54,-4.074536264e-10,40,9,0.2302881653,0.003
2020-11-03,industry_diffusion_low_max,14005800.88,-4.074536264e-10,40,9,0.2269379987,0.003
2020-11-04,industry_diffusion_low_max,14224369.97,-4.074536264e-10,40,9,0.2323226754,0.003
2020-11-05,industry_diffusion_low_max,14832938.92,-4.074536264e-10,40,9,0.2369112658,0.003
2020-11-06,industry_diffusion_low_max,14641446.3,24086.3068,40,11,0.1948810714,0.003
2020-11-09,industry_diffusion_low_max,14773369.67,24086.3068,40,11,0.1930841419,0.003
2020-11-10,industry_diffusion_low_max,14579443.28,24086.3068,40,11,0.1912987629,0.003
2020-11-11,industry_diffusion_low_max,14188114.55,24086.3068,40,11,0.1847825109,0.003
2020-11-12,industry_diffusion_low_max,14316167.78,24086.3068,40,11,0.1841848647,0.003
2020-11-13,industry_diffusion_low_max,14455363.49,-2.328306437e-10,40,10,0.2058153199,0.003
2020-11-16,industry_diffusion_low_max,14602309.65,-2.328306437e-10,40,10,0.2049763211,0.003
2020-11-17,industry_diffusion_low_max,14860667.49,-2.328306437e-10,40,10,0.2101402595,0.003
2020-11-18,industry_diffusion_low_max,14892010.71,-2.328306437e-10,40,10,0.2136607948,0.003
2020-11-19,industry_diffusion_low_max,14834224.86,-2.328306437e-10,40,10,0.2113387082,0.003
2020-11-20,industry_diffusion_low_max,15431416.05,250138.1884,40,9,0.1594467006,0.003
2020-11-23,industry_diffusion_low_max,15995586.17,250138.1884,40,9,0.1614191722,0.003
2020-11-24,industry_diffusion_low_max,16255434.39,250138.1884,40,9,0.1623438966,0.003
2020-11-25,industry_diffusion_low_max,16148115.09,250138.1884,40,9,0.164077081,0.003
2020-11-26,industry_diffusion_low_max,15899940.63,250138.1884,40,9,0.1635616537,0.003
2020-11-27,industry_diffusion_low_max,15900351.87,455515.0198,40,9,0.1510764609,0.003
2020-11-30,industry_diffusion_low_max,15824105.24,455515.0198,40,9,0.1517208892,0.003
2020-12-01,industry_diffusion_low_max,15956804.16,455515.0198,40,9,0.1508760271,0.003
2020-12-02,industry_diffusion_low_max,15874101.55,455515.0198,40,9,0.1505544582,0.003
2020-12-03,industry_diffusion_low_max,15782393.63,455515.0198,40,9,0.1494537291,0.003
2020-12-04,industry_diffusion_low_max,16049832.25,583520.3541,40,10,0.1597380739,0.003
2020-12-07,industry_diffusion_low_max,16046190.56,583520.3541,40,10,0.1597588731,0.003
2020-12-08,industry_diffusion_low_max,16002447.37,583520.3541,40,10,0.1588325422,0.003
2020-12-09,industry_diffusion_low_max,15918732.61,583520.3541,40,10,0.1585671426,0.003
2020-12-10,industry_diffusion_low_max,15956703.33,583520.3541,40,10,0.1597744432,0.003
2020-12-11,industry_diffusion_low_max,15931287.9,363379.7558,40,12,0.1401363363,0.003
2020-12-14,industry_diffusion_low_max,15736438.39,363379.7558,40,12,0.1396292076,0.003
2020-12-15,industry_diffusion_low_max,15647414.08,363379.7558,40,12,0.1393741752,0.003
2020-12-16,industry_diffusion_low_max,15591084.95,363379.7558,40,12,0.1399786925,0.003
2020-12-17,industry_diffusion_low_max,15935240.46,363379.7558,40,12,0.1414730711,0.003
2020-12-18,industry_diffusion_low_max,15938953.59,131085.5055,40,14,0.1085736872,0.003
2020-12-21,industry_diffusion_low_max,16056839.55,131085.5055,40,14,0.1085025834,0.003
2020-12-22,industry_diffusion_low_max,15986403.72,131085.5055,40,14,0.1100051773,0.003
2020-12-23,industry_diffusion_low_max,16144823.37,131085.5055,40,14,0.1105541575,0.003
2020-12-24,industry_diffusion_low_max,15869577.98,131085.5055,40,14,0.1107839687,0.003
2020-12-25,industry_diffusion_low_max,15897244.87,306770.9745,40,12,0.1491110318,0.003
2020-12-28,industry_diffusion_low_max,16071759.42,306770.9745,40,12,0.1504746219,0.003
2020-12-29,industry_diffusion_low_max,15612633.85,306770.9745,40,12,0.1487541927,0.003
2020-12-30,industry_diffusion_low_max,15906091.38,306770.9745,40,12,0.1498200323,0.003
2020-12-31,industry_diffusion_low_max,16104916.53,306770.9745,40,12,0.1510721893,0.003
2021-01-04,industry_diffusion_low_max,16733618.43,-5.820766091e-11,40,8,0.253738896,0.003
2021-01-05,industry_diffusion_low_max,17536523.38,-5.820766091e-11,40,8,0.2596679731,0.003
2021-01-06,industry_diffusion_low_max,17343106.15,-5.820766091e-11,40,8,0.2620543273,0.003
2021-01-07,industry_diffusion_low_max,17547435.04,-5.820766091e-11,40,8,0.2587581822,0.003
2021-01-08,industry_diffusion_low_max,17045941.53,-5.820766091e-11,40,8,0.2553231319,0.003
2021-01-11,industry_diffusion_low_max,16316815.54,1.164153218e-10,40,7,0.2796315736,0.003
2021-01-12,industry_diffusion_low_max,16945545.35,1.164153218e-10,40,7,0.2838367004,0.003
2021-01-13,industry_diffusion_low_max,16609037.07,1.164153218e-10,40,7,0.2866734001,0.003
2021-01-14,industry_diffusion_low_max,15969177.93,1.164153218e-10,40,7,0.2842762043,0.003
2021-01-15,industry_diffusion_low_max,15980269.16,1.164153218e-10,40,7,0.2779757895,0.003
2021-01-18,industry_diffusion_low_max,16123791.51,6770.076521,40,10,0.2811887145,0.003
2021-01-19,industry_diffusion_low_max,15779192.62,6770.076521,40,10,0.2801267456,0.003
2021-01-20,industry_diffusion_low_max,16129947.57,6770.076521,40,10,0.2840889585,0.003
2021-01-21,industry_diffusion_low_max,16502088.71,6770.076521,40,10,0.2876831027,0.003
2021-01-22,industry_diffusion_low_max,16825006.16,6770.076521,40,10,0.295606299,0.003
2021-01-25,industry_diffusion_low_max,17268395.76,108233.6827,40,10,0.423147148,0.003
2021-01-26,industry_diffusion_low_max,16986156.95,108233.6827,40,10,0.4260895406,0.003
2021-01-27,industry_diffusion_low_max,17076874.44,108233.6827,40,10,0.4307358831,0.003
2021-01-28,industry_diffusion_low_max,16474421.52,108233.6827,40,10,0.4238453278,0.003
2021-01-29,industry_diffusion_low_max,15784063.23,108233.6827,40,10,0.4068466423,0.003
2021-02-01,industry_diffusion_low_max,15659815.58,55475.19354,40,8,0.4089658664,0.003
2021-02-02,industry_diffusion_low_max,16182786.18,55475.19354,40,8,0.4178695601,0.003
2021-02-03,industry_diffusion_low_max,16248406.38,55475.19354,40,8,0.4172565728,0.003
2021-02-04,industry_diffusion_low_max,15421073.45,55475.19354,40,8,0.4045715326,0.003
2021-02-05,industry_diffusion_low_max,14629321.96,55475.19354,40,8,0.394536041,0.003
2021-02-08,industry_diffusion_low_max,14835467.17,8.149072528e-10,40,10,0.227595812,0.003
2021-02-09,industry_diffusion_low_max,15237273.08,8.149072528e-10,40,10,0.2319160074,0.003
2021-02-10,industry_diffusion_low_max,15267911.78,8.149072528e-10,40,10,0.2293663283,0.003
2021-02-18,industry_diffusion_low_max,15869674.62,8.149072528e-10,40,10,0.2343131729,0.003
2021-02-19,industry_diffusion_low_max,15936135.14,8.149072528e-10,40,10,0.2233090537,0.003
2021-02-22,industry_diffusion_low_max,16200810.05,6.4028427e-10,40,11,0.1461341822,0.003
2021-02-23,industry_diffusion_low_max,16053699.17,6.4028427e-10,40,11,0.1473276747,0.003
2021-02-24,industry_diffusion_low_max,15758522.61,6.4028427e-10,40,11,0.1458033873,0.003
2021-02-25,industry_diffusion_low_max,15562614.66,6.4028427e-10,40,11,0.1451562142,0.003
2021-02-26,industry_diffusion_low_max,15313581.01,6.4028427e-10,40,11,0.145367304,0.003
2021-03-01,industry_diffusion_low_max,15815745.15,5.820766091e-10,40,14,0.1210306438,0.003
2021-03-02,industry_diffusion_low_max,15621193.46,5.820766091e-10,40,14,0.1211680874,0.003
2021-03-03,industry_diffusion_low_max,15860473.04,5.820766091e-10,40,14,0.1199851248,0.003
2021-03-04,industry_diffusion_low_max,15539849.11,5.820766091e-10,40,14,0.1200522782,0.003
2021-03-05,industry_diffusion_low_max,15393770.19,5.820766091e-10,40,14,0.1196098032,0.003
2021-03-08,industry_diffusion_low_max,15243080.83,196516.3856,40,18,0.0913603629,0.003
2021-03-09,industry_diffusion_low_max,15107512.52,196516.3856,40,18,0.09397817168,0.003
2021-03-10,industry_diffusion_low_max,14822993.87,196516.3856,40,18,0.09346236415,0.003
2021-03-11,industry_diffusion_low_max,15128180.85,196516.3856,40,18,0.09349712771,0.003
2021-03-12,industry_diffusion_low_max,15276826.91,196516.3856,40,18,0.09394491918,0.003
2021-03-15,industry_diffusion_low_max,15438379.86,159966.256,40,23,0.06044655305,0.003
2021-03-16,industry_diffusion_low_max,15507657.06,159966.256,40,23,0.06069785284,0.003
2021-03-17,industry_diffusion_low_max,15432995.64,159966.256,40,23,0.06051640103,0.003
2021-03-18,industry_diffusion_low_max,15425188.85,159966.256,40,23,0.06084174545,0.003
2021-03-19,industry_diffusion_low_max,15318896.58,159966.256,40,23,0.06062701787,0.003
2021-03-22,industry_diffusion_low_max,15535288.56,265551.9276,40,21,0.07024170947,0.003
2021-03-23,industry_diffusion_low_max,15240666.28,265551.9276,40,21,0.07001504889,0.003
2021-03-24,industry_diffusion_low_max,15082191.69,265551.9276,40,21,0.06967130877,0.003
2021-03-25,industry_diffusion_low_max,14990877.95,265551.9276,40,21,0.07005799066,0.003
2021-03-26,industry_diffusion_low_max,15172748.83,265551.9276,40,21,0.07017293042,0.003
2021-03-29,industry_diffusion_low_max,15226239.78,8.149072528e-10,40,19,0.1191586127,0.003
2021-03-30,industry_diffusion_low_max,15200043.95,8.149072528e-10,40,19,0.1206639486,0.003
2021-03-31,industry_diffusion_low_max,15242559.27,8.149072528e-10,40,19,0.120097136,0.003
2021-04-01,industry_diffusion_low_max,15357560.27,8.149072528e-10,40,19,0.1236016807,0.003
2021-04-02,industry_diffusion_low_max,15221507.74,8.149072528e-10,40,19,0.1214661506,0.003
2021-04-06,industry_diffusion_low_max,15349483.51,-1.164153218e-09,40,16,0.2388005695,0.003
2021-04-07,industry_diffusion_low_max,15757785.91,-1.164153218e-09,40,16,0.2491573306,0.003
2021-04-08,industry_diffusion_low_max,15922411.07,-1.164153218e-09,40,16,0.2569868865,0.003
2021-04-09,industry_diffusion_low_max,16024322.67,-1.164153218e-09,40,16,0.2602276715,0.003
2021-04-12,industry_diffusion_low_max,16333245.44,-1.164153218e-09,40,16,0.2716368512,0.003
2021-04-13,industry_diffusion_low_max,15963697.33,5.238689482e-10,40,13,0.2730117207,0.003
2021-04-14,industry_diffusion_low_max,16234867.25,5.238689482e-10,40,13,0.2765439598,0.003
2021-04-15,industry_diffusion_low_max,16109585.75,5.238689482e-10,40,13,0.2705834267,0.003
2021-04-16,industry_diffusion_low_max,16241628.83,5.238689482e-10,40,13,0.2651944932,0.003
2021-04-19,industry_diffusion_low_max,16191802.28,5.238689482e-10,40,13,0.2602451876,0.003
2021-04-20,industry_diffusion_low_max,16260520.04,-3.492459655e-10,40,13,0.2045260841,0.003
2021-04-21,industry_diffusion_low_max,16106644.73,-3.492459655e-10,40,13,0.2008371696,0.003
2021-04-22,industry_diffusion_low_max,16269504.82,-3.492459655e-10,40,13,0.2060707741,0.003
2021-04-23,industry_diffusion_low_max,16448647.05,-3.492459655e-10,40,13,0.2088563504,0.003
2021-04-26,industry_diffusion_low_max,16112695.3,-3.492459655e-10,40,13,0.2090268122,0.003
2021-04-27,industry_diffusion_low_max,16132139.17,159518.4245,40,12,0.1339485434,0.003
2021-04-28,industry_diffusion_low_max,16182897.15,159518.4245,40,12,0.134724098,0.003
2021-04-29,industry_diffusion_low_max,16110532.08,159518.4245,40,12,0.1347422062,0.003
2021-04-30,industry_diffusion_low_max,16011130.13,159518.4245,40,12,0.1349748714,0.003
2021-05-06,industry_diffusion_low_max,16210373.66,159518.4245,40,12,0.1363183003,0.003
2021-05-07,industry_diffusion_low_max,16166462.7,518383.2711,40,16,0.1134212251,0.003
2021-05-10,industry_diffusion_low_max,16455391.89,518383.2711,40,16,0.1140436413,0.003
2021-05-11,industry_diffusion_low_max,16437016.11,518383.2711,40,16,0.1142643927,0.003
2021-05-12,industry_diffusion_low_max,16601109.45,518383.2711,40,16,0.1137970073,0.003
2021-05-13,industry_diffusion_low_max,16480384.74,518383.2711,40,16,0.1156987202,0.003
2021-05-14,industry_diffusion_low_max,16646671.82,407458.2352,40,12,0.177241174,0.003
2021-05-17,industry_diffusion_low_max,16736519.29,407458.2352,40,12,0.1770159775,0.003
2021-05-18,industry_diffusion_low_max,16844488.57,407458.2352,40,12,0.1780279562,0.003
2021-05-19,industry_diffusion_low_max,16680717.16,407458.2352,40,12,0.1757083531,0.003
2021-05-20,industry_diffusion_low_max,16573997.13,407458.2352,40,12,0.1771199031,0.003
2021-05-21,industry_diffusion_low_max,16638277.14,373499.0181,40,10,0.2241104153,0.003
2021-05-24,industry_diffusion_low_max,16789998.77,373499.0181,40,10,0.2249431411,0.003
2021-05-25,industry_diffusion_low_max,16849859.76,373499.0181,40,10,0.2228468829,0.003
2021-05-26,industry_diffusion_low_max,16799364.54,766793.2806,39,10,0.2245421928,0.003
2021-05-27,industry_diffusion_low_max,16902780.57,766793.2806,39,10,0.2223768388,0.003
2021-05-28,industry_diffusion_low_max,17013195.8,694932.0684,39,14,0.1732986066,0.003
2021-05-31,industry_diffusion_low_max,17132210.94,694932.0684,39,14,0.1765501517,0.003
2021-06-01,industry_diffusion_low_max,17096292.46,694932.0684,39,14,0.1725905441,0.003
2021-06-02,industry_diffusion_low_max,17010969.82,694932.0684,39,14,0.1716184753,0.003
2021-06-03,industry_diffusion_low_max,17048718.9,694932.0684,39,14,0.1723239292,0.003
2021-06-04,industry_diffusion_low_max,17276467.5,529446.8558,39,11,0.1757753631,0.003
2021-06-07,industry_diffusion_low_max,17427450.01,529446.8558,39,11,0.1749842607,0.003
2021-06-08,industry_diffusion_low_max,17189295.53,529446.8558,39,11,0.1747447418,0.003
2021-06-09,industry_diffusion_low_max,17107352.1,529446.8558,39,11,0.1753199285,0.003
2021-06-10,industry_diffusion_low_max,17240742.17,529446.8558,39,11,0.1776003918,0.003
2021-06-11,industry_diffusion_low_max,16985750.82,161010.6903,40,11,0.1368467019,0.003
2021-06-15,industry_diffusion_low_max,16780748.85,161010.6903,40,11,0.1352542691,0.003
2021-06-16,industry_diffusion_low_max,16379167.07,161010.6903,40,11,0.1329520672,0.003
2021-06-17,industry_diffusion_low_max,16691269.7,161010.6903,40,11,0.1337178177,0.003
2021-06-18,industry_diffusion_low_max,16891635.28,161010.6903,40,11,0.13539716,0.003
2021-06-21,industry_diffusion_low_max,16939085.04,177169.4808,40,16,0.1022003689,0.003
2021-06-22,industry_diffusion_low_max,16986835.83,177169.4808,40,16,0.1014755098,0.003
2021-06-23,industry_diffusion_low_max,16862183.93,177169.4808,40,16,0.1012378747,0.003
2021-06-24,industry_diffusion_low_max,16788668.47,177169.4808,40,16,0.1011139839,0.003
2021-06-25,industry_diffusion_low_max,16921431.33,177169.4808,40,16,0.1012256029,0.003
2021-06-28,industry_diffusion_low_max,16842426.01,18670.76352,40,15,0.1086648944,0.003
2021-06-29,industry_diffusion_low_max,16632774.04,18670.76352,40,15,0.1082244077,0.003
2021-06-30,industry_diffusion_low_max,16676829.95,18670.76352,40,15,0.1084222996,0.003
2021-07-01,industry_diffusion_low_max,16374678.99,419186.1254,39,15,0.1079752217,0.003
2021-07-02,industry_diffusion_low_max,16169598.23,419186.1254,39,15,0.1073305317,0.003
2021-07-05,industry_diffusion_low_max,16401990.45,-1.746229827e-10,40,14,0.1351183473,0.003
2021-07-06,industry_diffusion_low_max,16488947.53,-1.746229827e-10,40,14,0.1342522044,0.003
2021-07-07,industry_diffusion_low_max,16744546.56,-1.746229827e-10,40,14,0.1345752866,0.003
2021-07-08,industry_diffusion_low_max,16836007.33,-1.746229827e-10,40,14,0.1362137806,0.003
2021-07-09,industry_diffusion_low_max,16811342.93,-1.746229827e-10,40,14,0.1357962275,0.003
2021-07-12,industry_diffusion_low_max,16771786.34,-6.4028427e-10,40,14,0.1280610172,0.003
2021-07-13,industry_diffusion_low_max,16557067.11,-6.4028427e-10,40,14,0.1266901524,0.003
2021-07-14,industry_diffusion_low_max,16325809.74,-6.4028427e-10,40,14,0.1261340369,0.003
2021-07-15,industry_diffusion_low_max,16370527.8,-6.4028427e-10,40,14,0.1250874803,0.003
2021-07-16,industry_diffusion_low_max,16400379.25,-6.4028427e-10,40,14,0.1248576217,0.003
2021-07-19,industry_diffusion_low_max,16321246.93,11539.85922,40,13,0.1264164518,0.003
2021-07-20,industry_diffusion_low_max,16261302.02,11539.85922,40,13,0.1267276296,0.003
2021-07-21,industry_diffusion_low_max,16554494.27,11539.85922,40,13,0.1267991748,0.003
2021-07-22,industry_diffusion_low_max,16692317.11,11539.85922,40,13,0.1270205058,0.003
2021-07-23,industry_diffusion_low_max,16592419.09,11539.85922,40,13,0.1264338898,0.003
2021-07-26,industry_diffusion_low_max,16554747.74,-4.074536264e-10,40,10,0.1471739851,0.003
2021-07-27,industry_diffusion_low_max,16165372.6,-4.074536264e-10,40,10,0.1495191788,0.003
2021-07-28,industry_diffusion_low_max,15560433.78,-4.074536264e-10,40,10,0.1489697672,0.003
2021-07-29,industry_diffusion_low_max,16471814.59,-4.074536264e-10,40,10,0.1505903908,0.003
2021-07-30,industry_diffusion_low_max,16825001.02,-4.074536264e-10,40,10,0.15170382,0.003
2021-08-02,industry_diffusion_low_max,16857725.98,133495.2618,40,9,0.1377073379,0.003
2021-08-03,industry_diffusion_low_max,16382806.01,133495.2618,40,9,0.1360768648,0.003
2021-08-04,industry_diffusion_low_max,16783592.24,133495.2618,40,9,0.1363318013,0.003
2021-08-05,industry_diffusion_low_max,16504911.85,133495.2618,40,9,0.1358426623,0.003
2021-08-06,industry_diffusion_low_max,16940763.41,133495.2618,40,9,0.1364643032,0.003
2021-08-09,industry_diffusion_low_max,16804372.82,112002.7153,40,9,0.1536609314,0.003
2021-08-10,industry_diffusion_low_max,16906684.04,112002.7153,40,9,0.1552145546,0.003
2021-08-11,industry_diffusion_low_max,17103282.8,112002.7153,40,9,0.1552707284,0.003
2021-08-12,industry_diffusion_low_max,17205157.11,112002.7153,40,9,0.1548386383,0.003
2021-08-13,industry_diffusion_low_max,17457949.31,112002.7153,40,9,0.1551163023,0.003
2021-08-16,industry_diffusion_low_max,17108593.84,150658.0784,40,11,0.1402883946,0.003
2021-08-17,industry_diffusion_low_max,16899349.13,150658.0784,40,11,0.1399988394,0.003
2021-08-18,industry_diffusion_low_max,17070909.75,150658.0784,40,11,0.1417559824,0.003
2021-08-19,industry_diffusion_low_max,17057795.01,150658.0784,40,11,0.1437100442,0.003
2021-08-20,industry_diffusion_low_max,17128993.75,150658.0784,40,11,0.1430749469,0.003
2021-08-23,industry_diffusion_low_max,17675839.82,9.313225746e-10,40,12,0.1421161264,0.003
2021-08-24,industry_diffusion_low_max,18054505.88,9.313225746e-10,40,12,0.1402648483,0.003
2021-08-25,industry_diffusion_low_max,18074576.33,9.313225746e-10,40,12,0.139766374,0.003
2021-08-26,industry_diffusion_low_max,18254651.7,9.313225746e-10,40,12,0.1396406699,0.003
2021-08-27,industry_diffusion_low_max,18254684.47,9.313225746e-10,40,12,0.1387413286,0.003
2021-08-30,industry_diffusion_low_max,18470433.4,9.313225746e-10,40,12,0.1556793805,0.003
2021-08-31,industry_diffusion_low_max,18509743.56,9.313225746e-10,40,12,0.1547815699,0.003
2021-09-01,industry_diffusion_low_max,18063058.78,9.313225746e-10,40,12,0.153149263,0.003
2021-09-02,industry_diffusion_low_max,18360067.87,9.313225746e-10,40,12,0.1531072566,0.003
2021-09-03,industry_diffusion_low_max,18079670.83,9.313225746e-10,40,12,0.1518639034,0.003
2021-09-06,industry_diffusion_low_max,18255939.26,4.074536264e-10,40,12,0.1306393215,0.003
2021-09-07,industry_diffusion_low_max,18672220.74,4.074536264e-10,40,12,0.1302532639,0.003
2021-09-08,industry_diffusion_low_max,18800193.07,4.074536264e-10,40,12,0.1293096716,0.003
2021-09-09,industry_diffusion_low_max,19457536.06,4.074536264e-10,40,12,0.1283734979,0.003
2021-09-10,industry_diffusion_low_max,19189888.51,4.074536264e-10,40,12,0.127989904,0.003
2021-09-13,industry_diffusion_low_max,19385354.76,197316.3616,40,11,0.1322634784,0.003
2021-09-14,industry_diffusion_low_max,18979068.03,197316.3616,40,11,0.1321777043,0.003
2021-09-15,industry_diffusion_low_max,19197089.09,197316.3616,40,11,0.1331841899,0.003
2021-09-16,industry_diffusion_low_max,19200972.6,197316.3616,40,11,0.1331482044,0.003
2021-09-17,industry_diffusion_low_max,18976189.15,197316.3616,40,11,0.1346960544,0.003
2021-09-22,industry_diffusion_low_max,19184419.3,313005.3521,40,12,0.1181169228,0.003
2021-09-23,industry_diffusion_low_max,19351217.77,313005.3521,40,12,0.118777705,0.003
2021-09-24,industry_diffusion_low_max,18745958.11,313005.3521,40,12,0.1174627932,0.003
2021-09-27,industry_diffusion_low_max,18166461.03,313005.3521,40,12,0.1158466267,0.003
2021-09-28,industry_diffusion_low_max,18502195.79,313005.3521,40,12,0.115687466,0.003
2021-09-29,industry_diffusion_low_max,18004557.49,399669.2711,40,13,0.1206079697,0.003
2021-09-30,industry_diffusion_low_max,18250002.76,399669.2711,40,13,0.1204131724,0.003
2021-10-08,industry_diffusion_low_max,18621339.9,399669.2711,40,13,0.118963276,0.003
2021-10-11,industry_diffusion_low_max,18606405.93,399669.2711,40,13,0.1187225084,0.003
2021-10-12,industry_diffusion_low_max,18230974.86,399669.2711,40,13,0.1176190486,0.003
2021-10-13,industry_diffusion_low_max,17951542.84,-6.4028427e-10,40,13,0.1358808331,0.003
2021-10-14,industry_diffusion_low_max,17863364.04,-6.4028427e-10,40,13,0.1353558898,0.003
2021-10-15,industry_diffusion_low_max,17578847.19,-6.4028427e-10,40,13,0.1338222426,0.003
2021-10-18,industry_diffusion_low_max,17900530.62,-6.4028427e-10,40,13,0.1335116006,0.003
2021-10-19,industry_diffusion_low_max,18327301.22,-6.4028427e-10,40,13,0.1365708826,0.003
2021-10-20,industry_diffusion_low_max,18038283.79,105891.3385,40,10,0.2307248598,0.003
2021-10-21,industry_diffusion_low_max,17886351.24,105891.3385,40,10,0.2296075775,0.003
2021-10-22,industry_diffusion_low_max,17601195.25,105891.3385,40,10,0.2311991022,0.003
2021-10-25,industry_diffusion_low_max,17550981.93,105891.3385,40,10,0.2316584253,0.003
2021-10-26,industry_diffusion_low_max,17379078.46,105891.3385,40,10,0.2310665713,0.003
2021-10-27,industry_diffusion_low_max,17180587.31,-5.820766091e-11,40,7,0.3784328566,0.003
2021-10-28,industry_diffusion_low_max,16969218.4,-5.820766091e-11,40,7,0.3780294663,0.003
2021-10-29,industry_diffusion_low_max,17348306.16,-5.820766091e-11,40,7,0.3788665669,0.003
2021-11-01,industry_diffusion_low_max,17428709.68,-5.820766091e-11,40,7,0.3814807663,0.003
2021-11-02,industry_diffusion_low_max,17367776.94,-5.820766091e-11,40,7,0.3831328647,0.003
2021-11-03,industry_diffusion_low_max,17827486.57,139326.4274,40,9,0.2782182076,0.003
2021-11-04,industry_diffusion_low_max,18115418.23,139326.4274,40,9,0.2799078125,0.003
2021-11-05,industry_diffusion_low_max,17815895.31,139326.4274,40,9,0.2783676978,0.003
2021-11-08,industry_diffusion_low_max,17673960.01,139326.4274,40,9,0.2769154407,0.003
2021-11-09,industry_diffusion_low_max,17721605.71,139326.4274,40,9,0.276213841,0.003
2021-11-10,industry_diffusion_low_max,17550543.27,12999.5309,40,11,0.1742893998,0.003
2021-11-11,industry_diffusion_low_max,17549526.85,12999.5309,40,11,0.1743752902,0.003
2021-11-12,industry_diffusion_low_max,17716692.87,12999.5309,40,11,0.1740185042,0.003
2021-11-15,industry_diffusion_low_max,17750037.11,12999.5309,40,11,0.1748345276,0.003
2021-11-16,industry_diffusion_low_max,17658643.31,12999.5309,40,11,0.1725095118,0.003
2021-11-17,industry_diffusion_low_max,17917803.63,17884.16501,40,13,0.1221474761,0.003
2021-11-18,industry_diffusion_low_max,17927188.29,17884.16501,40,13,0.1218511258,0.003
2021-11-19,industry_diffusion_low_max,18043020.09,17884.16501,40,13,0.1205456031,0.003
2021-11-22,industry_diffusion_low_max,18220291.99,17884.16501,40,13,0.1191336025,0.003
2021-11-23,industry_diffusion_low_max,18052420.8,17884.16501,40,13,0.1193534224,0.003
2021-11-24,industry_diffusion_low_max,17975848.38,1.164153218e-10,40,15,0.1249284993,0.003
2021-11-25,industry_diffusion_low_max,18079150.82,1.164153218e-10,40,15,0.1275244823,0.003
2021-11-26,industry_diffusion_low_max,18090100.57,1.164153218e-10,40,15,0.1290318744,0.003
2021-11-29,industry_diffusion_low_max,18163972.77,1.164153218e-10,40,15,0.1325784532,0.003
2021-11-30,industry_diffusion_low_max,18391209.45,1.164153218e-10,40,15,0.1331719262,0.003
2021-12-01,industry_diffusion_low_max,18477926.07,186616.101,40,18,0.09264039741,0.003
2021-12-02,industry_diffusion_low_max,18387256.84,186616.101,40,18,0.09171144069,0.003
2021-12-03,industry_diffusion_low_max,18595544.73,186616.101,40,18,0.09388904621,0.003
2021-12-06,industry_diffusion_low_max,18429225.14,186616.101,40,18,0.09353328616,0.003
2021-12-07,industry_diffusion_low_max,18152798.47,186616.101,40,18,0.09213350821,0.003
2021-12-08,industry_diffusion_low_max,18302974.61,384962.7628,40,19,0.08039836446,0.003
2021-12-09,industry_diffusion_low_max,18419495.47,384962.7628,40,19,0.08028072529,0.003
2021-12-10,industry_diffusion_low_max,18343606.35,384962.7628,40,19,0.08037544911,0.003
2021-12-13,industry_diffusion_low_max,18457009.22,384962.7628,40,19,0.07992565329,0.003
2021-12-14,industry_diffusion_low_max,18432058.08,384962.7628,40,19,0.07998676402,0.003
2021-12-15,industry_diffusion_low_max,18426029.69,463348.4259,40,20,0.08362624705,0.003
2021-12-16,industry_diffusion_low_max,18698679.39,463348.4259,40,20,0.0832649596,0.003
2021-12-17,industry_diffusion_low_max,18602386.48,463348.4259,40,20,0.08348582863,0.003
2021-12-20,industry_diffusion_low_max,18266886.68,463348.4259,40,20,0.08215191187,0.003
2021-12-21,industry_diffusion_low_max,18488400.31,463348.4259,40,20,0.08171771829,0.003
2021-12-22,industry_diffusion_low_max,18452054.83,157835.365,40,17,0.09522717032,0.003
2021-12-23,industry_diffusion_low_max,18419968.42,157835.365,40,17,0.09544167026,0.003
2021-12-24,industry_diffusion_low_max,18083520.45,157835.365,40,17,0.09489469361,0.003
2021-12-27,industry_diffusion_low_max,18069943.03,157835.365,40,17,0.09473073684,0.003
2021-12-28,industry_diffusion_low_max,18226101.13,157835.365,40,17,0.09476644194,0.003
2021-12-29,industry_diffusion_low_max,18191236.59,7968.958483,40,17,0.08252796779,0.003
2021-12-30,industry_diffusion_low_max,18411688.39,7968.958483,40,17,0.08274470511,0.003
2021-12-31,industry_diffusion_low_max,18520436.63,7968.958483,40,17,0.08223422307,0.003
2022-01-04,industry_diffusion_low_max,18934478.21,7968.958483,40,17,0.08254817844,0.003
2022-01-05,industry_diffusion_low_max,18758516.87,7968.958483,40,17,0.08195425115,0.003
2022-01-06,industry_diffusion_low_max,18744746.36,54.07360655,40,17,0.07586189115,0.003
2022-01-07,industry_diffusion_low_max,18645521.32,54.07360655,40,17,0.07586364643,0.003
2022-01-10,industry_diffusion_low_max,18748721.55,54.07360655,40,17,0.07605214539,0.003
2022-01-11,industry_diffusion_low_max,18687543.79,54.07360655,40,17,0.07608204067,0.003
2022-01-12,industry_diffusion_low_max,18871449.1,54.07360655,40,17,0.07550947067,0.003
2022-01-13,industry_diffusion_low_max,18780840.01,5.820766091e-10,40,13,0.1032885382,0.003
2022-01-14,industry_diffusion_low_max,18608741.93,5.820766091e-10,40,13,0.1037698268,0.003
2022-01-17,industry_diffusion_low_max,18826490.27,5.820766091e-10,40,13,0.1036137909,0.003
2022-01-18,industry_diffusion_low_max,18736317.56,5.820766091e-10,40,13,0.1028813881,0.003
2022-01-19,industry_diffusion_low_max,19033376.46,5.820766091e-10,40,13,0.103880697,0.003
2022-01-20,industry_diffusion_low_max,18793428.89,178187.1955,40,12,0.1405013763,0.003
2022-01-21,industry_diffusion_low_max,18882125.9,178187.1955,40,12,0.1421998502,0.003
2022-01-24,industry_diffusion_low_max,18845118.32,178187.1955,40,12,0.1446354376,0.003
2022-01-25,industry_diffusion_low_max,18434539.37,178187.1955,40,12,0.1477741396,0.003
2022-01-26,industry_diffusion_low_max,18269573.47,178187.1955,40,12,0.1448383557,0.003
2022-01-27,industry_diffusion_low_max,17605947.93,530339.1679,40,10,0.1739507664,0.003
2022-01-28,industry_diffusion_low_max,18217038.54,530339.1679,40,10,0.1793113332,0.003
2022-02-07,industry_diffusion_low_max,18392643.58,530339.1679,40,10,0.1776342849,0.003
2022-02-08,industry_diffusion_low_max,19003179.71,530339.1679,40,10,0.1798123509,0.003
2022-02-09,industry_diffusion_low_max,19355841.32,530339.1679,40,10,0.1781258107,0.003
2022-02-10,industry_diffusion_low_max,19877876.51,324444.6132,40,9,0.2037567762,0.003
2022-02-11,industry_diffusion_low_max,19845490.47,324444.6132,40,9,0.205763778,0.003
2022-02-14,industry_diffusion_low_max,20145794.92,324444.6132,40,9,0.2114785423,0.003
2022-02-15,industry_diffusion_low_max,19631969.54,324444.6132,40,9,0.2061620719,0.003
2022-02-16,industry_diffusion_low_max,19772875.41,324444.6132,40,9,0.2058868443,0.003
2022-02-17,industry_diffusion_low_max,19200398.82,-1.164153218e-10,40,7,0.2394132378,0.003
2022-02-18,industry_diffusion_low_max,19425169.36,-1.164153218e-10,40,7,0.2372279846,0.003
2022-02-21,industry_diffusion_low_max,19525767.46,-1.164153218e-10,40,7,0.2377972654,0.003
2022-02-22,industry_diffusion_low_max,19178179.34,-1.164153218e-10,40,7,0.2384579397,0.003
2022-02-23,industry_diffusion_low_max,18995251.89,-1.164153218e-10,40,7,0.2384113464,0.003
2022-02-24,industry_diffusion_low_max,18409770.15,198192.3433,40,10,0.1433421938,0.003
2022-02-25,industry_diffusion_low_max,18541782,198192.3433,40,10,0.1440884929,0.003
2022-02-28,industry_diffusion_low_max,18698627.08,198192.3433,40,10,0.145279702,0.003
2022-03-01,industry_diffusion_low_max,18833095.65,198192.3433,40,10,0.1445188575,0.003
2022-03-02,industry_diffusion_low_max,18913033.69,198192.3433,40,10,0.1442789604,0.003
2022-03-03,industry_diffusion_low_max,19157254.97,63842.56808,40,14,0.1061360979,0.003
2022-03-04,industry_diffusion_low_max,18972881.99,63842.56808,40,14,0.1060797495,0.003
2022-03-07,industry_diffusion_low_max,18627351.48,63842.56808,40,14,0.1052895511,0.003
2022-03-08,industry_diffusion_low_max,17871252.08,63842.56808,40,14,0.1033711294,0.003
2022-03-09,industry_diffusion_low_max,17602110.41,63842.56808,40,14,0.103571284,0.003
2022-03-10,industry_diffusion_low_max,17848773.31,184454.3173,40,12,0.1915551091,0.003
2022-03-11,industry_diffusion_low_max,17930880.91,184454.3173,40,12,0.1893697142,0.003
2022-03-14,industry_diffusion_low_max,17412252.15,184454.3173,40,12,0.1875117346,0.003
2022-03-15,industry_diffusion_low_max,16387875.23,184454.3173,40,12,0.1845515665,0.003
2022-03-16,industry_diffusion_low_max,16960312.45,184454.3173,40,12,0.1824519514,0.003
2022-03-17,industry_diffusion_low_max,17258272.41,171762.0225,40,10,0.1885292046,0.003
2022-03-18,industry_diffusion_low_max,17708924.39,171762.0225,40,10,0.1905889531,0.003
2022-03-21,industry_diffusion_low_max,18160390.29,171762.0225,40,10,0.1924712969,0.003
2022-03-22,industry_diffusion_low_max,18338344.27,171762.0225,40,10,0.192901411,0.003
2022-03-23,industry_diffusion_low_max,18156287.65,171762.0225,40,10,0.1918391962,0.003
2022-03-24,industry_diffusion_low_max,18303890.74,8.731149137e-10,40,9,0.22041198,0.003
2022-03-25,industry_diffusion_low_max,18253448.56,8.731149137e-10,40,9,0.2202786427,0.003
2022-03-28,industry_diffusion_low_max,18274820.44,8.731149137e-10,40,9,0.2225025441,0.003
2022-03-29,industry_diffusion_low_max,18447022.92,8.731149137e-10,40,9,0.2235012347,0.003
2022-03-30,industry_diffusion_low_max,18343899.78,8.731149137e-10,40,9,0.2214174714,0.003
2022-03-31,industry_diffusion_low_max,18445173.97,-4.656612873e-10,40,6,0.2263621036,0.003
2022-04-01,industry_diffusion_low_max,18282008.63,-4.656612873e-10,40,6,0.2262095799,0.003
2022-04-06,industry_diffusion_low_max,18294878.45,-4.656612873e-10,40,6,0.2243499942,0.003
2022-04-07,industry_diffusion_low_max,17984883.9,-4.656612873e-10,40,6,0.2268277849,0.003
2022-04-08,industry_diffusion_low_max,17929062.25,-4.656612873e-10,40,6,0.2291439671,0.003
2022-04-11,industry_diffusion_low_max,17772799.73,270699.4774,39,7,0.177742454,0.003
2022-04-12,industry_diffusion_low_max,18073062.24,270699.4774,39,7,0.1777070606,0.003
2022-04-13,industry_diffusion_low_max,17757317.56,270699.4774,39,7,0.1759421051,0.003
2022-04-14,industry_diffusion_low_max,17898140.29,270699.4774,39,7,0.1757934955,0.003
2022-04-15,industry_diffusion_low_max,17704899.91,270699.4774,39,7,0.1765405162,0.003
2022-04-18,industry_diffusion_low_max,17591700.56,8515.671492,39,9,0.1580463886,0.003
2022-04-19,industry_diffusion_low_max,17886693.61,8515.671492,39,9,0.1588456949,0.003
2022-04-20,industry_diffusion_low_max,17784087.96,8515.671492,39,9,0.1584450315,0.003
2022-04-21,industry_diffusion_low_max,17293720.76,8515.671492,39,9,0.1595542302,0.003
2022-04-22,industry_diffusion_low_max,16925233.87,8515.671492,39,9,0.159308272,0.003
2022-04-25,industry_diffusion_low_max,15774901.49,96260.23497,39,8,0.1866604805,0.003
2022-04-26,industry_diffusion_low_max,15381111.94,96260.23497,39,8,0.1868064034,0.003
2022-04-27,industry_diffusion_low_max,15415738.17,96260.23497,39,8,0.1856410963,0.003
2022-04-28,industry_diffusion_low_max,15184805.3,96260.23497,39,8,0.1863465503,0.003
2022-04-29,industry_diffusion_low_max,15495619.26,96260.23497,39,8,0.1849501361,0.003
2022-05-05,industry_diffusion_low_max,15630025.51,8.149072528e-10,39,8,0.1737982315,0.003
2022-05-06,industry_diffusion_low_max,15321455.57,8.149072528e-10,39,8,0.1744781974,0.003
2022-05-09,industry_diffusion_low_max,15508582.94,8.149072528e-10,39,8,0.1746791494,0.003
2022-05-10,industry_diffusion_low_max,15569587.98,8.149072528e-10,39,8,0.1747929966,0.003
2022-05-11,industry_diffusion_low_max,15497782.5,8.149072528e-10,39,8,0.1749047962,0.003
2022-05-12,industry_diffusion_low_max,15574079.51,4.656612873e-10,40,10,0.1747712113,0.003
2022-05-13,industry_diffusion_low_max,15783130,4.656612873e-10,40,10,0.1762260764,0.003
2022-05-16,industry_diffusion_low_max,15920063.76,4.656612873e-10,40,10,0.176927325,0.003
2022-05-17,industry_diffusion_low_max,15923179.49,4.656612873e-10,40,10,0.177019492,0.003
2022-05-18,industry_diffusion_low_max,15863515.46,4.656612873e-10,40,10,0.1757421265,0.003
2022-05-19,industry_diffusion_low_max,15947228.98,-1.047737896e-09,40,10,0.1447952402,0.003
2022-05-20,industry_diffusion_low_max,16329852.48,-1.047737896e-09,40,10,0.1443946836,0.003
2022-05-23,industry_diffusion_low_max,16412637.73,-1.047737896e-09,40,10,0.1448050166,0.003
2022-05-24,industry_diffusion_low_max,15990112.94,-1.047737896e-09,40,10,0.1445307682,0.003
2022-05-25,industry_diffusion_low_max,16327822.27,-1.047737896e-09,40,10,0.1468805832,0.003
2022-05-26,industry_diffusion_low_max,16314223.06,401540.4168,40,13,0.1017246752,0.003
2022-05-27,industry_diffusion_low_max,16316071.18,401540.4168,40,13,0.1018782903,0.003
2022-05-30,industry_diffusion_low_max,16473290.13,401540.4168,40,13,0.1017416662,0.003
2022-05-31,industry_diffusion_low_max,16687676.65,401540.4168,40,13,0.1019961933,0.003
2022-06-01,industry_diffusion_low_max,16910987.43,831538.3082,39,13,0.1014697,0.003
2022-06-02,industry_diffusion_low_max,17139949.78,597376.0204,39,20,0.06671317267,0.003
2022-06-06,industry_diffusion_low_max,17301025.26,1030933.104,38,20,0.06847792353,0.003
2022-06-07,industry_diffusion_low_max,17181060.17,1030933.104,38,20,0.06853761993,0.003
2022-06-08,industry_diffusion_low_max,17309389.89,1030933.104,38,20,0.06935046538,0.003
2022-06-09,industry_diffusion_low_max,16941636.07,1030933.104,38,20,0.06889656602,0.003
2022-06-10,industry_diffusion_low_max,17269235.73,893279.7263,38,23,0.06265309224,0.003
2022-06-13,industry_diffusion_low_max,17378247.37,893279.7263,38,23,0.06295508746,0.003
2022-06-14,industry_diffusion_low_max,17543552.52,1329791.93,37,23,0.06487092145,0.003
2022-06-15,industry_diffusion_low_max,17578641.28,1329791.93,37,23,0.06453593292,0.003
2022-06-16,industry_diffusion_low_max,17556114.76,1329791.93,37,23,0.06446620812,0.003
2022-06-17,industry_diffusion_low_max,17774003.46,480276.9297,39,22,0.05810500783,0.003
2022-06-20,industry_diffusion_low_max,17788419.12,480276.9297,39,22,0.05788251579,0.003
2022-06-21,industry_diffusion_low_max,17657505.87,480276.9297,39,22,0.05797099446,0.003
2022-06-22,industry_diffusion_low_max,17558712.38,480276.9297,39,22,0.05870050919,0.003
2022-06-23,industry_diffusion_low_max,17931767.85,480276.9297,39,22,0.05905957741,0.003
2022-06-24,industry_diffusion_low_max,18039556.4,714540.626,39,21,0.059291274,0.003
2022-06-27,industry_diffusion_low_max,18092337.97,714540.626,39,21,0.05924659621,0.003
2022-06-28,industry_diffusion_low_max,18318867.62,714540.626,39,21,0.05931840568,0.003
2022-06-29,industry_diffusion_low_max,18068086.8,714540.626,39,21,0.05952920355,0.003
2022-06-30,industry_diffusion_low_max,18194308.95,714540.626,39,21,0.0597318794,0.003
2022-07-01,industry_diffusion_low_max,18047106.21,96840.31785,40,22,0.05900583664,0.003
2022-07-04,industry_diffusion_low_max,18058067.28,96840.31785,40,22,0.05867780831,0.003
2022-07-05,industry_diffusion_low_max,17946813.12,96840.31785,40,22,0.05873233718,0.003
2022-07-06,industry_diffusion_low_max,17716017.81,96840.31785,40,22,0.05872009486,0.003
2022-07-07,industry_diffusion_low_max,17850212.54,96840.31785,40,22,0.0586737015,0.003
2022-07-08,industry_diffusion_low_max,17789647.01,5.820766091e-11,40,20,0.06952014508,0.003
2022-07-11,industry_diffusion_low_max,17597258.82,5.820766091e-11,40,20,0.06990710356,0.003
2022-07-12,industry_diffusion_low_max,17370176.36,5.820766091e-11,40,20,0.07041791383,0.003
2022-07-13,industry_diffusion_low_max,17621547.28,5.820766091e-11,40,20,0.0709480601,0.003
2022-07-14,industry_diffusion_low_max,17675985.35,5.820766091e-11,40,20,0.07070743013,0.003
2022-07-15,industry_diffusion_low_max,17413876.22,-5.820766091e-11,40,20,0.08586419115,0.003
2022-07-18,industry_diffusion_low_max,17698978.59,-5.820766091e-11,40,20,0.08581071373,0.003
2022-07-19,industry_diffusion_low_max,17680783.87,-5.820766091e-11,40,20,0.08523729163,0.003
2022-07-20,industry_diffusion_low_max,17891145.07,-5.820766091e-11,40,20,0.08526699348,0.003
2022-07-21,industry_diffusion_low_max,17640468.16,-5.820766091e-11,40,20,0.08455088544,0.003
2022-07-22,industry_diffusion_low_max,17647876.02,109036.1843,40,18,0.08652224381,0.003
2022-07-25,industry_diffusion_low_max,17393078.34,109036.1843,40,18,0.08618310371,0.003
2022-07-26,industry_diffusion_low_max,17574813.81,109036.1843,40,18,0.08608516301,0.003
2022-07-27,industry_diffusion_low_max,17751572.33,109036.1843,40,18,0.08628318918,0.003
2022-07-28,industry_diffusion_low_max,17903719.59,109036.1843,40,18,0.08605459017,0.003
2022-07-29,industry_diffusion_low_max,17771311.09,254635.3049,40,17,0.08312181611,0.003
2022-08-01,industry_diffusion_low_max,17858123.92,254635.3049,40,17,0.08343901311,0.003
2022-08-02,industry_diffusion_low_max,17507122.83,254635.3049,40,17,0.08404283283,0.003
2022-08-03,industry_diffusion_low_max,17615703.2,254635.3049,40,17,0.08514615058,0.003
2022-08-04,industry_diffusion_low_max,17506823,254635.3049,40,17,0.0843125619,0.003
2022-08-05,industry_diffusion_low_max,17528823.85,42150.53077,40,14,0.1297118708,0.003
2022-08-08,industry_diffusion_low_max,17765833.65,42150.53077,40,14,0.1296925832,0.003
2022-08-09,industry_diffusion_low_max,17895443.04,42150.53077,40,14,0.1323490303,0.003
2022-08-10,industry_diffusion_low_max,17998476.61,42150.53077,40,14,0.1318799526,0.003
2022-08-11,industry_diffusion_low_max,18212554.7,42150.53077,40,14,0.1313841461,0.003
2022-08-12,industry_diffusion_low_max,18110021.25,-3.492459655e-10,40,13,0.1612778031,0.003
2022-08-15,industry_diffusion_low_max,18237562.46,-3.492459655e-10,40,13,0.1610709078,0.003
2022-08-16,industry_diffusion_low_max,18215032.16,-3.492459655e-10,40,13,0.1600602625,0.003
2022-08-17,industry_diffusion_low_max,18217965.93,-3.492459655e-10,40,13,0.1597877744,0.003
2022-08-18,industry_diffusion_low_max,18113444.22,-3.492459655e-10,40,13,0.1595522315,0.003
2022-08-19,industry_diffusion_low_max,17900363.7,22175.53919,40,12,0.1831553599,0.003
2022-08-22,industry_diffusion_low_max,18101598.87,22175.53919,40,12,0.1837981083,0.003
2022-08-23,industry_diffusion_low_max,18279481.36,22175.53919,40,12,0.1891050478,0.003
2022-08-24,industry_diffusion_low_max,17786747.3,22175.53919,40,12,0.188179209,0.003
2022-08-25,industry_diffusion_low_max,17991437.01,22175.53919,40,12,0.1912199908,0.003
2022-08-26,industry_diffusion_low_max,17908131.65,4.656612873e-10,40,12,0.1648848846,0.003
2022-08-29,industry_diffusion_low_max,18251340.76,4.656612873e-10,40,12,0.1659471067,0.003
2022-08-30,industry_diffusion_low_max,17945655.22,4.656612873e-10,40,12,0.1633518637,0.003
2022-08-31,industry_diffusion_low_max,17321234.07,4.656612873e-10,40,12,0.1611250004,0.003
2022-09-01,industry_diffusion_low_max,17355234.59,4.656612873e-10,40,12,0.1613301929,0.003
2022-09-02,industry_diffusion_low_max,17388534.98,20948.7354,40,12,0.2148216927,0.003
2022-09-05,industry_diffusion_low_max,17715030.29,20948.7354,40,12,0.211467938,0.003
2022-09-06,industry_diffusion_low_max,17904437.11,20948.7354,40,12,0.2126661426,0.003
2022-09-07,industry_diffusion_low_max,17764604.26,20948.7354,40,12,0.211562929,0.003
2022-09-08,industry_diffusion_low_max,17504485.77,20948.7354,40,12,0.2077716655,0.003
2022-09-09,industry_diffusion_low_max,17494959.98,3.492459655e-10,40,8,0.255978768,0.003
2022-09-13,industry_diffusion_low_max,17549598.45,3.492459655e-10,40,8,0.2585541227,0.003
2022-09-14,industry_diffusion_low_max,17376269.44,3.492459655e-10,40,8,0.2565474011,0.003
2022-09-15,industry_diffusion_low_max,17153196.87,3.492459655e-10,40,8,0.2562493014,0.003
2022-09-16,industry_diffusion_low_max,16573952.63,3.492459655e-10,40,8,0.2584058863,0.003
2022-09-19,industry_diffusion_low_max,16705175.72,166125.5961,40,7,0.2125656945,0.003
2022-09-20,industry_diffusion_low_max,16874326.34,166125.5961,40,7,0.212375278,0.003
2022-09-21,industry_diffusion_low_max,16915265.9,166125.5961,40,7,0.2130579095,0.003
2022-09-22,industry_diffusion_low_max,16910597.46,166125.5961,40,7,0.2135356739,0.003
2022-09-23,industry_diffusion_low_max,16627879.09,166125.5961,40,7,0.2129127055,0.003
2022-09-26,industry_diffusion_low_max,16511810.49,236001.496,40,7,0.2567048024,0.003
2022-09-27,industry_diffusion_low_max,17126262.07,236001.496,40,7,0.2605264981,0.003
2022-09-28,industry_diffusion_low_max,16633217.38,236001.496,40,7,0.2581402415,0.003
2022-09-29,industry_diffusion_low_max,16406909.59,236001.496,40,7,0.2550940897,0.003
2022-09-30,industry_diffusion_low_max,16186938.53,236001.496,40,7,0.2519731767,0.003
2022-10-10,industry_diffusion_low_max,15646001.7,3157.628126,40,7,0.2925582195,0.003
2022-10-11,industry_diffusion_low_max,15494436.98,3157.628126,40,7,0.2919769841,0.003
2022-10-12,industry_diffusion_low_max,15532134.19,3157.628126,40,7,0.2912631575,0.003
2022-10-13,industry_diffusion_low_max,15595043.45,3157.628126,40,7,0.2962830988,0.003
2022-10-14,industry_diffusion_low_max,15712032.72,3157.628126,40,7,0.2967625134,0.003
2022-10-17,industry_diffusion_low_max,15851766.17,0,40,4,0.3298779157,0.003
2022-10-18,industry_diffusion_low_max,16020268.74,0,40,4,0.3310615363,0.003
2022-10-19,industry_diffusion_low_max,15797695.32,0,40,4,0.3312842131,0.003
2022-10-20,industry_diffusion_low_max,16175598.57,0,40,4,0.3324027866,0.003
2022-10-21,industry_diffusion_low_max,15995923.62,0,40,4,0.3289812914,0.003
2022-10-24,industry_diffusion_low_max,15380722.94,0,40,5,0.2391149359,0.003
2022-10-25,industry_diffusion_low_max,15434282.94,0,40,5,0.2400184308,0.003
2022-10-26,industry_diffusion_low_max,15877118.68,0,40,5,0.2400618485,0.003
2022-10-27,industry_diffusion_low_max,15922202.19,0,40,5,0.2407051496,0.003
2022-10-28,industry_diffusion_low_max,15625196.24,0,40,5,0.2414353235,0.003
2022-10-31,industry_diffusion_low_max,15649650.75,199881.9484,40,8,0.1772603294,0.003
2022-11-01,industry_diffusion_low_max,16097664.5,199881.9484,40,8,0.1759162839,0.003
2022-11-02,industry_diffusion_low_max,16406156.03,199881.9484,40,8,0.1767050245,0.003
2022-11-03,industry_diffusion_low_max,16285435.5,199881.9484,40,8,0.1769199637,0.003
2022-11-04,industry_diffusion_low_max,16606002.44,199881.9484,40,8,0.1770116419,0.003
2022-11-07,industry_diffusion_low_max,16530991.2,380748.353,40,11,0.1680795321,0.003
2022-11-08,industry_diffusion_low_max,16539353.39,380748.353,40,11,0.167432544,0.003
2022-11-09,industry_diffusion_low_max,16496403.25,380748.353,40,11,0.1670875785,0.003
2022-11-10,industry_diffusion_low_max,16566269.97,380748.353,40,11,0.167326317,0.003
2022-11-11,industry_diffusion_low_max,16438235.98,380748.353,40,11,0.1659771807,0.003
2022-11-14,industry_diffusion_low_max,16434412.71,157044.7676,40,14,0.1319430739,0.003
2022-11-15,industry_diffusion_low_max,16614064.84,157044.7676,40,14,0.1315079646,0.003
2022-11-16,industry_diffusion_low_max,16728726.02,157044.7676,40,14,0.1327968675,0.003
2022-11-17,industry_diffusion_low_max,16892401.65,157044.7676,40,14,0.133260871,0.003
2022-11-18,industry_diffusion_low_max,17108728.74,157044.7676,40,14,0.1364500528,0.003
2022-11-21,industry_diffusion_low_max,16883734.74,85923.37822,40,14,0.1057405391,0.003
2022-11-22,industry_diffusion_low_max,16670146.08,85923.37822,40,14,0.1044013455,0.003
2022-11-23,industry_diffusion_low_max,16510403.43,85923.37822,40,14,0.1032529871,0.003
2022-11-24,industry_diffusion_low_max,16544251.87,85923.37822,40,14,0.1035494323,0.003
2022-11-25,industry_diffusion_low_max,16630864.95,85923.37822,40,14,0.1030050526,0.003
2022-11-28,industry_diffusion_low_max,16776667.96,67653.74239,40,14,0.09295634029,0.003
2022-11-29,industry_diffusion_low_max,17450509.36,67653.74239,40,14,0.09416685714,0.003
2022-11-30,industry_diffusion_low_max,17584757.03,67653.74239,40,14,0.09406032314,0.003
2022-12-01,industry_diffusion_low_max,17577784.07,67653.74239,40,14,0.0947079599,0.003
2022-12-02,industry_diffusion_low_max,17707262.97,67653.74239,40,14,0.0949907963,0.003
2022-12-05,industry_diffusion_low_max,17917672.19,107369.6037,40,17,0.09178045513,0.003
2022-12-06,industry_diffusion_low_max,17805401.99,107369.6037,40,17,0.09177374675,0.003
2022-12-07,industry_diffusion_low_max,17771872.83,107369.6037,40,17,0.09113549926,0.003
2022-12-08,industry_diffusion_low_max,17836531.12,107369.6037,40,17,0.09158300528,0.003
2022-12-09,industry_diffusion_low_max,17996651.87,107369.6037,40,17,0.09211911554,0.003
2022-12-12,industry_diffusion_low_max,17532654.6,14303.8349,40,17,0.09373003527,0.003
2022-12-13,industry_diffusion_low_max,17768457.94,14303.8349,40,17,0.09405910325,0.003
2022-12-14,industry_diffusion_low_max,17699250.28,14303.8349,40,17,0.09310969164,0.003
2022-12-15,industry_diffusion_low_max,17654263.07,14303.8349,40,17,0.09355207544,0.003
2022-12-16,industry_diffusion_low_max,17594140.3,14303.8349,40,17,0.09353838411,0.003
2022-12-19,industry_diffusion_low_max,17371876.65,-6.4028427e-10,40,17,0.09194961404,0.003
2022-12-20,industry_diffusion_low_max,16984799.37,-6.4028427e-10,40,17,0.09071505492,0.003
2022-12-21,industry_diffusion_low_max,17017064.48,-6.4028427e-10,40,17,0.09088794147,0.003
2022-12-22,industry_diffusion_low_max,16996287.99,-6.4028427e-10,40,17,0.09112817225,0.003
2022-12-23,industry_diffusion_low_max,17013989.87,-6.4028427e-10,40,17,0.09152253518,0.003
2022-12-26,industry_diffusion_low_max,16951638.77,-6.4028427e-10,40,15,0.132089259,0.003
2022-12-27,industry_diffusion_low_max,17130588.26,-6.4028427e-10,40,15,0.1329927531,0.003
2022-12-28,industry_diffusion_low_max,17042518.34,-6.4028427e-10,40,15,0.1317709339,0.003
2022-12-29,industry_diffusion_low_max,16801879.09,-6.4028427e-10,40,15,0.1320993343,0.003
2022-12-30,industry_diffusion_low_max,16988769.67,-6.4028427e-10,40,15,0.1313384953,0.003
2023-01-03,industry_diffusion_low_max,16924938.38,-5.820766091e-10,40,13,0.1698148129,0.003
2023-01-04,industry_diffusion_low_max,17016309,-5.820766091e-10,40,13,0.1686107599,0.003
2023-01-05,industry_diffusion_low_max,17300295.88,-5.820766091e-10,40,13,0.1736912879,0.003
2023-01-06,industry_diffusion_low_max,17069057.75,-5.820766091e-10,40,13,0.1757894165,0.003
2023-01-09,industry_diffusion_low_max,17531663.84,-5.820766091e-10,40,13,0.1808515077,0.003
2023-01-10,industry_diffusion_low_max,17437623.55,5.820766091e-11,40,10,0.2819507439,0.003
2023-01-11,industry_diffusion_low_max,17187211.93,5.820766091e-11,40,10,0.2819997081,0.003
2023-01-12,industry_diffusion_low_max,17022687.26,5.820766091e-11,40,10,0.281314453,0.003
2023-01-13,industry_diffusion_low_max,17367081.87,5.820766091e-11,40,10,0.2836283362,0.003
2023-01-16,industry_diffusion_low_max,17647282.08,5.820766091e-11,40,10,0.2865428776,0.003
2023-01-17,industry_diffusion_low_max,17517122.67,51501.24558,40,14,0.1665809821,0.003
2023-01-18,industry_diffusion_low_max,17547657.33,51501.24558,40,14,0.164609057,0.003
2023-01-19,industry_diffusion_low_max,17511052.77,51501.24558,40,14,0.1634594246,0.003
2023-01-20,industry_diffusion_low_max,17515099.92,51501.24558,40,14,0.1625079327,0.003
2023-01-30,industry_diffusion_low_max,17765552.24,51501.24558,40,14,0.1643834979,0.003
2023-01-31,industry_diffusion_low_max,17784535.33,64094.93185,40,23,0.0745829018,0.003
2023-02-01,industry_diffusion_low_max,18061704.07,64094.93185,40,23,0.07393678119,0.003
2023-02-02,industry_diffusion_low_max,18280349.99,64094.93185,40,23,0.0750373336,0.003
2023-02-03,industry_diffusion_low_max,18255941.5,64094.93185,40,23,0.07473775687,0.003
2023-02-06,industry_diffusion_low_max,18190503.13,64094.93185,40,23,0.07472838944,0.003
2023-02-07,industry_diffusion_low_max,18430747.62,8.149072528e-10,40,21,0.06875773729,0.003
2023-02-08,industry_diffusion_low_max,18280648.38,8.149072528e-10,40,21,0.06826737735,0.003
2023-02-09,industry_diffusion_low_max,18645693.73,8.149072528e-10,40,21,0.0685819582,0.003
2023-02-10,industry_diffusion_low_max,18682020.28,8.149072528e-10,40,21,0.06899549669,0.003
2023-02-13,industry_diffusion_low_max,19250920.37,8.149072528e-10,40,21,0.07004619509,0.003
2023-02-14,industry_diffusion_low_max,19293804.23,67213.2332,40,22,0.06055761805,0.003
2023-02-15,industry_diffusion_low_max,19467136.63,67213.2332,40,22,0.06058516517,0.003
2023-02-16,industry_diffusion_low_max,19110039.67,67213.2332,40,22,0.06083824883,0.003
2023-02-17,industry_diffusion_low_max,18866951.67,67213.2332,40,22,0.06073246218,0.003
2023-02-20,industry_diffusion_low_max,19299664.82,67213.2332,40,22,0.06084396806,0.003
2023-02-21,industry_diffusion_low_max,19449438.01,264861.5866,40,20,0.07873560637,0.003
2023-02-22,industry_diffusion_low_max,19448153.25,264861.5866,40,20,0.07825894746,0.003
2023-02-23,industry_diffusion_low_max,19316697.17,264861.5866,40,20,0.07807598011,0.003
2023-02-24,industry_diffusion_low_max,19305396.86,264861.5866,40,20,0.07760094546,0.003
2023-02-27,industry_diffusion_low_max,19103957.32,264861.5866,40,20,0.07748384242,0.003
2023-02-28,industry_diffusion_low_max,19273322.6,336748.2996,40,16,0.1049787576,0.003
2023-03-01,industry_diffusion_low_max,19464540.08,336748.2996,40,16,0.1045658592,0.003
2023-03-02,industry_diffusion_low_max,19511539.44,336748.2996,40,16,0.1053948288,0.003
2023-03-03,industry_diffusion_low_max,19579838.02,336748.2996,40,16,0.1060446295,0.003
2023-03-06,industry_diffusion_low_max,19579516.46,336748.2996,40,16,0.1052125266,0.003
2023-03-07,industry_diffusion_low_max,19233219.07,8303.345335,40,15,0.1123648994,0.003
2023-03-08,industry_diffusion_low_max,19303692.55,8303.345335,40,15,0.112513124,0.003
2023-03-09,industry_diffusion_low_max,19195498.4,8303.345335,40,15,0.1133548954,0.003
2023-03-10,industry_diffusion_low_max,18844007.78,8303.345335,40,15,0.1132743541,0.003
2023-03-13,industry_diffusion_low_max,18876500.03,8303.345335,40,15,0.1127947945,0.003
2023-03-14,industry_diffusion_low_max,18641217.71,-1.105945557e-09,40,13,0.1770425415,0.003
2023-03-15,industry_diffusion_low_max,19019446.4,-1.105945557e-09,40,13,0.1781282861,0.003
2023-03-16,industry_diffusion_low_max,18617147.25,-1.105945557e-09,40,13,0.1779167173,0.003
2023-03-17,industry_diffusion_low_max,18755867.55,-1.105945557e-09,40,13,0.1771421687,0.003
2023-03-20,industry_diffusion_low_max,18638972.23,-1.105945557e-09,40,13,0.1751923476,0.003
2023-03-21,industry_diffusion_low_max,18846936.65,24007.73105,40,10,0.1753524844,0.003
2023-03-22,industry_diffusion_low_max,18888776.02,24007.73105,40,10,0.175686262,0.003
2023-03-23,industry_diffusion_low_max,18864853.87,24007.73105,40,10,0.174324034,0.003
2023-03-24,industry_diffusion_low_max,18899334.02,24007.73105,40,10,0.1741491269,0.003
2023-03-27,industry_diffusion_low_max,18678535.31,24007.73105,40,10,0.1731189998,0.003
2023-03-28,industry_diffusion_low_max,18500862.34,-8.731149137e-10,40,12,0.1337264107,0.003
2023-03-29,industry_diffusion_low_max,18416430.58,-8.731149137e-10,40,12,0.1332105616,0.003
2023-03-30,industry_diffusion_low_max,18262393.42,-8.731149137e-10,40,12,0.1323737085,0.003
2023-03-31,industry_diffusion_low_max,18743498.78,-8.731149137e-10,40,12,0.1356352281,0.003
2023-04-03,industry_diffusion_low_max,18982588.08,-8.731149137e-10,40,12,0.136425288,0.003
2023-04-04,industry_diffusion_low_max,18787906.11,18543.95236,40,9,0.1640728362,0.003
2023-04-06,industry_diffusion_low_max,18401036.51,18543.95236,40,9,0.1618543945,0.003
2023-04-07,industry_diffusion_low_max,18753343.96,18543.95236,40,9,0.1636644032,0.003
2023-04-10,industry_diffusion_low_max,18383008.59,18543.95236,40,9,0.1639376371,0.003
2023-04-11,industry_diffusion_low_max,19238233.93,18543.95236,40,9,0.1660733028,0.003
2023-04-12,industry_diffusion_low_max,19969928.28,-6.98491931e-10,40,7,0.2007236318,0.003
2023-04-13,industry_diffusion_low_max,20275544.08,-6.98491931e-10,40,7,0.2006623761,0.003
2023-04-14,industry_diffusion_low_max,19852931.36,-6.98491931e-10,40,7,0.2003948149,0.003
2023-04-17,industry_diffusion_low_max,19247517.25,-6.98491931e-10,40,7,0.2008429527,0.003
2023-04-18,industry_diffusion_low_max,19201160.44,-6.98491931e-10,40,7,0.2011522028,0.003
2023-04-19,industry_diffusion_low_max,19548242.82,487525.4895,40,7,0.1877148429,0.003
2023-04-20,industry_diffusion_low_max,19984117.87,487525.4895,40,7,0.1891054563,0.003
2023-04-21,industry_diffusion_low_max,19405548.96,487525.4895,40,7,0.1909207764,0.003
2023-04-24,industry_diffusion_low_max,20012129.14,487525.4895,40,7,0.1930933362,0.003
2023-04-25,industry_diffusion_low_max,20242525.04,487525.4895,40,7,0.1952160542,0.003
2023-04-26,industry_diffusion_low_max,20891408.76,138863.0916,40,6,0.3261423939,0.003
2023-04-27,industry_diffusion_low_max,20884816.11,138863.0916,40,6,0.3276569679,0.003
2023-04-28,industry_diffusion_low_max,22562104.91,138863.0916,40,6,0.3282774872,0.003
2023-05-04,industry_diffusion_low_max,24104990.39,138863.0916,40,6,0.3382981234,0.003
2023-05-05,industry_diffusion_low_max,23896944.7,138863.0916,40,6,0.3480788724,0.003
2023-05-08,industry_diffusion_low_max,23872420.49,403643.2877,40,7,0.292828325,0.003
2023-05-09,industry_diffusion_low_max,23014601.27,403643.2877,40,7,0.2877246491,0.003
2023-05-10,industry_diffusion_low_max,22724413.71,403643.2877,40,7,0.2869733915,0.003
2023-05-11,industry_diffusion_low_max,23016010.25,403643.2877,40,7,0.289477232,0.003
2023-05-12,industry_diffusion_low_max,22404031.08,403643.2877,40,7,0.2861064672,0.003
2023-05-15,industry_diffusion_low_max,22212542.48,258843.3343,39,5,0.4357152449,0.003
2023-05-16,industry_diffusion_low_max,21374992.38,258843.3343,39,5,0.4265055898,0.003
2023-05-17,industry_diffusion_low_max,21137801.11,258843.3343,39,5,0.4202575395,0.003
2023-05-18,industry_diffusion_low_max,21429483.05,258843.3343,39,5,0.423816936,0.003
2023-05-19,industry_diffusion_low_max,21087219.43,258843.3343,39,5,0.4181181633,0.003
2023-05-22,industry_diffusion_low_max,20876251.81,4.074536264e-10,39,4,0.3562329058,0.003
2023-05-23,industry_diffusion_low_max,20419496.62,4.074536264e-10,39,4,0.356370218,0.003
2023-05-24,industry_diffusion_low_max,20400879.28,4.074536264e-10,39,4,0.3601901599,0.003
2023-05-25,industry_diffusion_low_max,20109407.77,4.074536264e-10,39,4,0.3560877987,0.003
2023-05-26,industry_diffusion_low_max,20488722.89,4.074536264e-10,39,4,0.3606278428,0.003
2023-05-29,industry_diffusion_low_max,20446707.79,-1.746229827e-10,39,7,0.2020826348,0.003
2023-05-30,industry_diffusion_low_max,20658343.06,-1.746229827e-10,39,7,0.2018795473,0.003
2023-05-31,industry_diffusion_low_max,20761300,-1.746229827e-10,39,7,0.2022523343,0.003
2023-06-01,industry_diffusion_low_max,21107266.06,-1.746229827e-10,39,7,0.2029830267,0.003
2023-06-02,industry_diffusion_low_max,21019526.53,-1.746229827e-10,39,7,0.20264078,0.003
2023-06-05,industry_diffusion_low_max,21263481.21,311679.8255,38,8,0.254681438,0.003
2023-06-06,industry_diffusion_low_max,20723553.04,311679.8255,38,8,0.2537765475,0.003
2023-06-07,industry_diffusion_low_max,21127592.28,311679.8255,38,8,0.2535568296,0.003
2023-06-08,industry_diffusion_low_max,20826935.06,311679.8255,38,8,0.2533777472,0.003
2023-06-09,industry_diffusion_low_max,20972700.66,311679.8255,38,8,0.2536437875,0.003
2023-06-12,industry_diffusion_low_max,21048279.79,1012394.997,38,9,0.2257543828,0.003
2023-06-13,industry_diffusion_low_max,21026937.09,1012394.997,38,9,0.2262977489,0.003
2023-06-14,industry_diffusion_low_max,20977208.3,1012394.997,38,9,0.2254573747,0.003
2023-06-15,industry_diffusion_low_max,21052870.51,1012394.997,38,9,0.2246804055,0.003
2023-06-16,industry_diffusion_low_max,21211603.59,1012394.997,38,9,0.2267455094,0.003
2023-06-19,industry_diffusion_low_max,21248452.16,188319.7699,39,10,0.215933749,0.003
2023-06-20,industry_diffusion_low_max,21468176.2,188319.7699,39,10,0.2170813215,0.003
2023-06-21,industry_diffusion_low_max,21045782.43,188319.7699,39,10,0.2179501151,0.003
2023-06-26,industry_diffusion_low_max,20706530.16,188319.7699,39,10,0.2207180497,0.003
2023-06-27,industry_diffusion_low_max,21118419.65,188319.7699,39,10,0.220023974,0.003
2023-06-28,industry_diffusion_low_max,21192337.95,82125.13478,39,11,0.1444123355,0.003
2023-06-29,industry_diffusion_low_max,21353593.16,82125.13478,39,11,0.1446886847,0.003
2023-06-30,industry_diffusion_low_max,21301427.26,82125.13478,39,11,0.1445263806,0.003
2023-07-03,industry_diffusion_low_max,21221498.62,82125.13478,39,11,0.1426937851,0.003
2023-07-04,industry_diffusion_low_max,21300954.76,82125.13478,39,11,0.1413905264,0.003
2023-07-05,industry_diffusion_low_max,21061241.32,200832.9005,40,10,0.1491586238,0.003
2023-07-06,industry_diffusion_low_max,21128421.16,200832.9005,40,10,0.1484159911,0.003
2023-07-07,industry_diffusion_low_max,21107009.63,200832.9005,40,10,0.1480777616,0.003
2023-07-10,industry_diffusion_low_max,21091506.57,200832.9005,40,10,0.146876897,0.003
2023-07-11,industry_diffusion_low_max,21273465.9,200832.9005,40,10,0.1472391076,0.003
2023-07-12,industry_diffusion_low_max,21131822.82,384541.0511,40,13,0.1115301883,0.003
2023-07-13,industry_diffusion_low_max,21202359.01,384541.0511,40,13,0.111319337,0.003
2023-07-14,industry_diffusion_low_max,21100705.45,384541.0511,40,13,0.1116007438,0.003
2023-07-17,industry_diffusion_low_max,21097293.81,384541.0511,40,13,0.1117484508,0.003
2023-07-18,industry_diffusion_low_max,21281345.45,384541.0511,40,13,0.1128984585,0.003
2023-07-19,industry_diffusion_low_max,21392981.88,3.492459655e-10,40,17,0.1036583676,0.003
2023-07-20,industry_diffusion_low_max,21017333.61,3.492459655e-10,40,17,0.1028068673,0.003
2023-07-21,industry_diffusion_low_max,20906426.01,3.492459655e-10,40,17,0.1021966703,0.003
2023-07-24,industry_diffusion_low_max,20807648.32,3.492459655e-10,40,17,0.1016251584,0.003
2023-07-25,industry_diffusion_low_max,21256633.83,3.492459655e-10,40,17,0.1033824028,0.003
2023-07-26,industry_diffusion_low_max,21212282.47,49281.13229,40,19,0.08652354271,0.003
2023-07-27,industry_diffusion_low_max,21231828.17,49281.13229,40,19,0.08685816498,0.003
2023-07-28,industry_diffusion_low_max,21631407.92,49281.13229,40,19,0.08764500439,0.003
2023-07-31,industry_diffusion_low_max,21912249.34,49281.13229,40,19,0.08835589711,0.003
2023-08-01,industry_diffusion_low_max,21792638.03,49281.13229,40,19,0.08723476238,0.003
2023-08-02,industry_diffusion_low_max,21702631.79,108057.2594,40,19,0.07152407804,0.003
2023-08-03,industry_diffusion_low_max,21776855.97,108057.2594,40,19,0.07168836355,0.003
2023-08-04,industry_diffusion_low_max,21802535.74,108057.2594,40,19,0.07195900514,0.003
2023-08-07,industry_diffusion_low_max,21807897.69,108057.2594,40,19,0.07224520656,0.003
2023-08-08,industry_diffusion_low_max,21723862.4,108057.2594,40,19,0.07223663746,0.003
2023-08-09,industry_diffusion_low_max,21595332.36,138763.8471,40,18,0.08525145987,0.003
2023-08-10,industry_diffusion_low_max,21727751.22,138763.8471,40,18,0.08559785077,0.003
2023-08-11,industry_diffusion_low_max,21261891.85,138763.8471,40,18,0.08543515759,0.003
2023-08-14,industry_diffusion_low_max,21220295.95,138763.8471,40,18,0.08528272022,0.003
2023-08-15,industry_diffusion_low_max,21252313.33,138763.8471,40,18,0.08615450367,0.003
2023-08-16,industry_diffusion_low_max,21276470.62,5.820766091e-11,40,12,0.1616672038,0.003
2023-08-17,industry_diffusion_low_max,21236441.29,5.820766091e-11,40,12,0.1610281388,0.003
2023-08-18,industry_diffusion_low_max,20886602.21,5.820766091e-11,40,12,0.1590665767,0.003
2023-08-21,industry_diffusion_low_max,20585343.4,5.820766091e-11,40,12,0.1568806467,0.003
2023-08-22,industry_diffusion_low_max,20782395.1,5.820766091e-11,40,12,0.1579665988,0.003
2023-08-23,industry_diffusion_low_max,20356631.27,92470.1143,40,8,0.3118268999,0.003
2023-08-24,industry_diffusion_low_max,20410851.23,92470.1143,40,8,0.3126615087,0.003
2023-08-25,industry_diffusion_low_max,20441912.86,92470.1143,40,8,0.3123769193,0.003
2023-08-28,industry_diffusion_low_max,20847703.3,92470.1143,40,8,0.3128725935,0.003
2023-08-29,industry_diffusion_low_max,20895474.5,92470.1143,40,8,0.3103737113,0.003
2023-08-30,industry_diffusion_low_max,20568722.21,350120.8712,40,7,0.3051780852,0.003
2023-08-31,industry_diffusion_low_max,20272985.87,350120.8712,40,7,0.3062129694,0.003
2023-09-01,industry_diffusion_low_max,20265461.52,350120.8712,40,7,0.3063745823,0.003
2023-09-04,industry_diffusion_low_max,20508608.61,350120.8712,40,7,0.3023807455,0.003
2023-09-05,industry_diffusion_low_max,20184167.38,350120.8712,40,7,0.3036276746,0.003
2023-09-06,industry_diffusion_low_max,20071484.23,426358.0101,40,4,0.2945492682,0.003
2023-09-07,industry_diffusion_low_max,19936309.32,426358.0101,40,4,0.2947738828,0.003
2023-09-08,industry_diffusion_low_max,19799267.85,426358.0101,40,4,0.2965055585,0.003
2023-09-11,industry_diffusion_low_max,20032693.02,426358.0101,40,4,0.2963835606,0.003
2023-09-12,industry_diffusion_low_max,19897363.31,426358.0101,40,4,0.2960616303,0.003
2023-09-13,industry_diffusion_low_max,19743817.53,192111.3541,40,5,0.2387283696,0.003
2023-09-14,industry_diffusion_low_max,19861791.64,192111.3541,40,5,0.2388735683,0.003
2023-09-15,industry_diffusion_low_max,19867714.09,192111.3541,40,5,0.2388669884,0.003
2023-09-18,industry_diffusion_low_max,19924577.03,192111.3541,40,5,0.2387343667,0.003
2023-09-19,industry_diffusion_low_max,19801459.28,192111.3541,40,5,0.238893246,0.003
2023-09-20,industry_diffusion_low_max,19661083.65,152936.6915,40,6,0.2666582332,0.003
2023-09-21,industry_diffusion_low_max,19543017.11,152936.6915,40,6,0.2666143342,0.003
2023-09-22,industry_diffusion_low_max,19732810.41,152936.6915,40,6,0.2647839112,0.003
2023-09-25,industry_diffusion_low_max,19618751.38,152936.6915,40,6,0.26574245,0.003
2023-09-26,industry_diffusion_low_max,19549561.83,152936.6915,40,6,0.2649075379,0.003
2023-09-27,industry_diffusion_low_max,19514213.55,10440.67654,40,7,0.301479022,0.003
2023-09-28,industry_diffusion_low_max,19840966.12,10440.67654,40,7,0.299580814,0.003
2023-10-09,industry_diffusion_low_max,19929837.12,10440.67654,40,7,0.299987809,0.003
2023-10-10,industry_diffusion_low_max,19814442.77,10440.67654,40,7,0.2984162249,0.003
2023-10-11,industry_diffusion_low_max,19588110.53,10440.67654,40,7,0.2983608508,0.003
2023-10-12,industry_diffusion_low_max,19673684.81,22527.81465,40,8,0.1785311307,0.003
2023-10-13,industry_diffusion_low_max,19823722.57,22527.81465,40,8,0.1791126544,0.003
2023-10-16,industry_diffusion_low_max,19942227.42,22527.81465,40,8,0.1784040703,0.003
2023-10-17,industry_diffusion_low_max,19914609.59,22527.81465,40,8,0.1782373505,0.003
2023-10-18,industry_diffusion_low_max,19569521.4,22527.81465,40,8,0.1782298564,0.003
2023-10-19,industry_diffusion_low_max,19185331.52,1370.348146,40,8,0.1895480138,0.003
2023-10-20,industry_diffusion_low_max,18992262.56,1370.348146,40,8,0.1890415817,0.003
2023-10-23,industry_diffusion_low_max,18627990.92,1370.348146,40,8,0.1890929187,0.003
2023-10-24,industry_diffusion_low_max,18760380.78,1370.348146,40,8,0.1892321349,0.003
2023-10-25,industry_diffusion_low_max,18913890.07,1370.348146,40,8,0.1887732737,0.003
2023-10-26,industry_diffusion_low_max,19063618.08,51920.8261,40,8,0.1840045605,0.003
2023-10-27,industry_diffusion_low_max,19273432.84,51920.8261,40,8,0.1833320944,0.003
2023-10-30,industry_diffusion_low_max,19544348.52,51920.8261,40,8,0.1863724599,0.003
2023-10-31,industry_diffusion_low_max,19563236.44,51920.8261,40,8,0.1859451985,0.003
2023-11-01,industry_diffusion_low_max,19549873.28,51920.8261,40,8,0.1852873674,0.003
2023-11-02,industry_diffusion_low_max,19292794.73,-8.731149137e-10,40,6,0.185844546,0.003
2023-11-03,industry_diffusion_low_max,19585577.35,-8.731149137e-10,40,6,0.18506414,0.003
2023-11-06,industry_diffusion_low_max,19887720.36,-8.731149137e-10,40,6,0.1851640657,0.003
2023-11-07,industry_diffusion_low_max,19988692.05,-8.731149137e-10,40,6,0.185025351,0.003
2023-11-08,industry_diffusion_low_max,20113178.38,-8.731149137e-10,40,6,0.1854110987,0.003
2023-11-09,industry_diffusion_low_max,19857615.67,3.492459655e-10,40,10,0.1420463572,0.003
2023-11-10,industry_diffusion_low_max,19843601.52,3.492459655e-10,40,10,0.1423173821,0.003
2023-11-13,industry_diffusion_low_max,20170917.21,3.492459655e-10,40,10,0.1428179525,0.003
2023-11-14,industry_diffusion_low_max,20443746.81,3.492459655e-10,40,10,0.1437362772,0.003
2023-11-15,industry_diffusion_low_max,20504620.52,3.492459655e-10,40,10,0.1439387161,0.003
2023-11-16,industry_diffusion_low_max,20389428.31,128818.0373,40,15,0.1062874251,0.003
2023-11-17,industry_diffusion_low_max,20460890.3,128818.0373,40,15,0.1059641637,0.003
2023-11-20,industry_diffusion_low_max,20568670.45,128818.0373,40,15,0.105764946,0.003
2023-11-21,industry_diffusion_low_max,20497087.76,128818.0373,40,15,0.1054224881,0.003
2023-11-22,industry_diffusion_low_max,20402223.92,128818.0373,40,15,0.1051468215,0.003
2023-11-23,industry_diffusion_low_max,20545414.19,188213.2657,40,17,0.08785708166,0.003
2023-11-24,industry_diffusion_low_max,20409538.53,188213.2657,40,17,0.08813421974,0.003
2023-11-27,industry_diffusion_low_max,20487301.07,188213.2657,40,17,0.08863229939,0.003
2023-11-28,industry_diffusion_low_max,20463427.55,188213.2657,40,17,0.08823104365,0.003
2023-11-29,industry_diffusion_low_max,20146822.64,188213.2657,40,17,0.08751244906,0.003
2023-11-30,industry_diffusion_low_max,20057778.27,62334.52293,40,21,0.06813119136,0.003
2023-12-01,industry_diffusion_low_max,20241705.83,62334.52293,40,21,0.06920973431,0.003
2023-12-04,industry_diffusion_low_max,20289531.92,62334.52293,40,21,0.06910066372,0.003
2023-12-05,industry_diffusion_low_max,19900585.48,62334.52293,40,21,0.0691161345,0.003
2023-12-06,industry_diffusion_low_max,20035762.85,62334.52293,40,21,0.0694886907,0.003
2023-12-07,industry_diffusion_low_max,20146055.26,4378842.248,31,19,0.07155837265,0.003
2023-12-08,industry_diffusion_low_max,19891026.06,4378842.248,31,19,0.07108779372,0.003
2023-12-11,industry_diffusion_low_max,20069290.57,4378842.248,31,19,0.07133467625,0.003
2023-12-12,industry_diffusion_low_max,20227877.26,4378842.248,31,19,0.07187858218,0.003
2023-12-13,industry_diffusion_low_max,20172247.66,4907922.456,30,18,0.07505637725,0.003
2023-12-14,industry_diffusion_low_max,20166164.75,9981600.593,20,14,0.08742522137,0.003
2023-12-15,industry_diffusion_low_max,20143904.71,9981600.593,20,14,0.08748251659,0.003
2023-12-18,industry_diffusion_low_max,20010196.49,9981600.593,20,14,0.08729448484,0.003
2023-12-19,industry_diffusion_low_max,19975449.62,9981600.593,20,14,0.08720795472,0.003
2023-12-20,industry_diffusion_low_max,19797678.83,9981600.593,20,14,0.08653510581,0.003
2023-12-21,industry_diffusion_low_max,19820366.32,14826742.78,10,8,0.1447712509,0.003
2023-12-22,industry_diffusion_low_max,19654454.29,14826742.78,10,8,0.1418816735,0.003
2023-12-25,industry_diffusion_low_max,19677516.53,14826742.78,10,8,0.1410555643,0.003
2023-12-26,industry_diffusion_low_max,19606039.87,14826742.78,10,8,0.1384658885,0.003
2023-12-27,industry_diffusion_low_max,19542788.18,14826742.78,10,8,0.1384397122,0.003
2023-12-28,industry_diffusion_low_max,19522357.35,19522357.35,0,0,0,0.003
2018-07-10,industry_diffusion_baseline,10015098.23,7500000,10,1,1,0.004
2018-07-11,industry_diffusion_baseline,9923320.958,7500000,10,1,1,0.004
2018-07-12,industry_diffusion_baseline,9994736.795,7500000,10,1,1,0.004
2018-07-13,industry_diffusion_baseline,9990543.539,7500000,10,1,1,0.004
2018-07-16,industry_diffusion_baseline,10006526.7,7500000,10,1,1,0.004
2018-07-17,industry_diffusion_baseline,10013393.38,4998492.934,20,4,0.414080818,0.004
2018-07-18,industry_diffusion_baseline,9961164.75,4998492.934,20,4,0.4117398427,0.004
2018-07-19,industry_diffusion_baseline,9837522.301,4998492.934,20,4,0.4122122955,0.004
2018-07-20,industry_diffusion_baseline,9928649.332,4998492.934,20,4,0.4154122139,0.004
2018-07-23,industry_diffusion_baseline,9977766.647,4998492.934,20,4,0.4281601954,0.004
2018-07-24,industry_diffusion_baseline,10039880.51,2507627.796,30,8,0.3009553536,0.004
2018-07-25,industry_diffusion_baseline,10091521.07,2507627.796,30,8,0.3025818483,0.004
2018-07-26,industry_diffusion_baseline,9942359.625,2507627.796,30,8,0.2984289264,0.004
2018-07-27,industry_diffusion_baseline,9969876.683,2507627.796,30,8,0.2959607781,0.004
2018-07-30,industry_diffusion_baseline,9911086.534,2507627.796,30,8,0.2982501649,0.004
2018-07-31,industry_diffusion_baseline,9810448.252,35141.80483,40,12,0.1845920966,0.004
2018-08-01,industry_diffusion_baseline,9553152.451,35141.80483,40,12,0.1824701429,0.004
2018-08-02,industry_diffusion_baseline,9372227.053,35141.80483,40,12,0.1780345444,0.004
2018-08-03,industry_diffusion_baseline,9214211.161,35141.80483,40,12,0.1807671375,0.004
2018-08-06,industry_diffusion_baseline,9037001.998,35141.80483,40,12,0.18049257,0.004
2018-08-07,industry_diffusion_baseline,9319126.36,2037.015878,40,12,0.1473599223,0.004
2018-08-08,industry_diffusion_baseline,9162303.759,2037.015878,40,12,0.1495662533,0.004
2018-08-09,industry_diffusion_baseline,9367005.409,2037.015878,40,12,0.1483804558,0.004
2018-08-10,industry_diffusion_baseline,9399638.594,2037.015878,40,12,0.1473531597,0.004
2018-08-13,industry_diffusion_baseline,9518748.334,2037.015878,40,12,0.1487890121,0.004
2018-08-14,industry_diffusion_baseline,9371477.112,5.820766091e-11,40,10,0.2442921163,0.004
2018-08-15,industry_diffusion_baseline,9243420.399,5.820766091e-11,40,10,0.2415682244,0.004
2018-08-16,industry_diffusion_baseline,9107081.68,5.820766091e-11,40,10,0.2418771767,0.004
2018-08-17,industry_diffusion_baseline,9015992.284,5.820766091e-11,40,10,0.2455123961,0.004
2018-08-20,industry_diffusion_baseline,9136207.74,5.820766091e-11,40,10,0.2492397547,0.004
2018-08-21,industry_diffusion_baseline,9173922.35,-3.20142135e-10,40,6,0.3565882743,0.004
2018-08-22,industry_diffusion_baseline,9078838.157,-3.20142135e-10,40,6,0.359321041,0.004
2018-08-23,industry_diffusion_baseline,9077272.285,-3.20142135e-10,40,6,0.3562005035,0.004
2018-08-24,industry_diffusion_baseline,9057684.567,-3.20142135e-10,40,6,0.3546870466,0.004
2018-08-27,industry_diffusion_baseline,9188200.805,-3.20142135e-10,40,6,0.3537370243,0.004
2018-08-28,industry_diffusion_baseline,9159999.122,146088.1966,40,5,0.3577208057,0.004
2018-08-29,industry_diffusion_baseline,9085524.47,146088.1966,40,5,0.3581275082,0.004
2018-08-30,industry_diffusion_baseline,8811531.978,146088.1966,40,5,0.3579590791,0.004
2018-08-31,industry_diffusion_baseline,8774262.024,146088.1966,40,5,0.3584289014,0.004
2018-09-03,industry_diffusion_baseline,8749675.495,146088.1966,40,5,0.3591311838,0.004
2018-09-04,industry_diffusion_baseline,8804229.032,166435.8147,40,7,0.244132579,0.004
2018-09-05,industry_diffusion_baseline,8600626.333,166435.8147,40,7,0.2423003834,0.004
2018-09-06,industry_diffusion_baseline,8565076.373,166435.8147,40,7,0.2418078337,0.004
2018-09-07,industry_diffusion_baseline,8620179.946,166435.8147,40,7,0.2406640499,0.004
2018-09-10,industry_diffusion_baseline,8541267.45,166435.8147,40,7,0.2425302659,0.004
2018-09-11,industry_diffusion_baseline,8477074.379,107194.3651,40,7,0.2602528259,0.004
2018-09-12,industry_diffusion_baseline,8467162.442,107194.3651,40,7,0.2599585717,0.004
2018-09-13,industry_diffusion_baseline,8565358.234,107194.3651,40,7,0.259474801,0.004
2018-09-14,industry_diffusion_baseline,8501874.285,107194.3651,40,7,0.2616462123,0.004
2018-09-17,industry_diffusion_baseline,8417631.009,107194.3651,40,7,0.2611423704,0.004
2018-09-18,industry_diffusion_baseline,8542235.013,32402.56075,40,7,0.2654882983,0.004
2018-09-19,industry_diffusion_baseline,8779995.344,32402.56075,40,7,0.2692964439,0.004
2018-09-20,industry_diffusion_baseline,8718810.816,32402.56075,40,7,0.2705994971,0.004
2018-09-21,industry_diffusion_baseline,8778943.995,32402.56075,40,7,0.2718202972,0.004
2018-09-25,industry_diffusion_baseline,8636369.511,32402.56075,40,7,0.2672404013,0.004
2018-09-26,industry_diffusion_baseline,8655794.622,-2.328306437e-10,39,6,0.2798086065,0.004
2018-09-27,industry_diffusion_baseline,8485930.913,-2.328306437e-10,39,6,0.2814658021,0.004
2018-09-28,industry_diffusion_baseline,8560702.135,-2.328306437e-10,39,6,0.281680287,0.004
2018-10-08,industry_diffusion_baseline,8352560.174,-2.328306437e-10,39,6,0.279293444,0.004
2018-10-09,industry_diffusion_baseline,8420514.249,-2.328306437e-10,39,6,0.2779893008,0.004
2018-10-10,industry_diffusion_baseline,8475877.607,1.455191523e-10,39,8,0.1858800702,0.004
2018-10-11,industry_diffusion_baseline,7992400.164,1.455191523e-10,39,8,0.1902519362,0.004
2018-10-12,industry_diffusion_baseline,7823221.492,1.455191523e-10,39,8,0.186521339,0.004
2018-10-15,industry_diffusion_baseline,7667915.602,1.455191523e-10,39,8,0.1864823456,0.004
2018-10-16,industry_diffusion_baseline,7668923.964,1.455191523e-10,39,8,0.1902774773,0.004
2018-10-17,industry_diffusion_baseline,7567199.324,3215.52691,39,9,0.1597072543,0.004
2018-10-18,industry_diffusion_baseline,7081738.666,3215.52691,39,9,0.1589099679,0.004
2018-10-19,industry_diffusion_baseline,7129239.34,3215.52691,39,9,0.1568583674,0.004
2018-10-22,industry_diffusion_baseline,7513129.714,3215.52691,39,9,0.1567139948,0.004
2018-10-23,industry_diffusion_baseline,7454770.772,3215.52691,39,9,0.1561293772,0.004
2018-10-24,industry_diffusion_baseline,7470154.705,68205.56803,39,10,0.1135832185,0.004
2018-10-25,industry_diffusion_baseline,7503363.968,68205.56803,39,10,0.114236356,0.004
2018-10-26,industry_diffusion_baseline,7500310.032,68205.56803,39,10,0.1136833453,0.004
2018-10-29,industry_diffusion_baseline,7390163.066,68205.56803,39,10,0.1135014394,0.004
2018-10-30,industry_diffusion_baseline,7469488.15,68205.56803,39,10,0.1137742033,0.004
2018-10-31,industry_diffusion_baseline,7557312.668,3.20142135e-10,40,9,0.1427476492,0.004
2018-11-01,industry_diffusion_baseline,7572056.54,3.20142135e-10,40,9,0.1428916645,0.004
2018-11-02,industry_diffusion_baseline,7783852.812,3.20142135e-10,40,9,0.1431057198,0.004
2018-11-05,industry_diffusion_baseline,7845693.797,3.20142135e-10,40,9,0.1428151062,0.004
2018-11-06,industry_diffusion_baseline,7788395.104,3.20142135e-10,40,9,0.1420988782,0.004
2018-11-07,industry_diffusion_baseline,7700277.284,-3.492459655e-10,41,7,0.2482045748,0.004
2018-11-08,industry_diffusion_baseline,7642898.17,192789.6011,40,6,0.2601072644,0.004
2018-11-09,industry_diffusion_baseline,7568081.502,192789.6011,40,6,0.2624546387,0.004
2018-11-12,industry_diffusion_baseline,7724791.784,192789.6011,40,6,0.2622658991,0.004
2018-11-13,industry_diffusion_baseline,7900543.893,192789.6011,40,6,0.2648108584,0.004
2018-11-14,industry_diffusion_baseline,7789378.491,305148.4359,40,11,0.2659048572,0.004
2018-11-15,industry_diffusion_baseline,7986750.158,305148.4359,40,11,0.2679697582,0.004
2018-11-16,industry_diffusion_baseline,8185125.714,305148.4359,40,11,0.271576982,0.004
2018-11-19,industry_diffusion_baseline,8356872.271,305148.4359,40,11,0.278192509,0.004
2018-11-20,industry_diffusion_baseline,8016273.114,305148.4359,40,11,0.2744660463,0.004
2018-11-21,industry_diffusion_baseline,8055960.067,269333.0047,40,12,0.2716925942,0.004
2018-11-22,industry_diffusion_baseline,7984201.503,269333.0047,40,12,0.2699782159,0.004
2018-11-23,industry_diffusion_baseline,7665992.146,269333.0047,40,12,0.2707613923,0.004
2018-11-26,industry_diffusion_baseline,7649111.224,269333.0047,40,12,0.2721320804,0.004
2018-11-27,industry_diffusion_baseline,7689258.716,269333.0047,40,12,0.2706147378,0.004
2018-11-28,industry_diffusion_baseline,7784631.465,250933.0676,40,19,0.09650721953,0.004
2018-11-29,industry_diffusion_baseline,7567021.267,250933.0676,40,19,0.09539416208,0.004
2018-11-30,industry_diffusion_baseline,7655325.987,250933.0676,40,19,0.0959578234,0.004
2018-12-03,industry_diffusion_baseline,7904741.075,250933.0676,40,19,0.0954716616,0.004
2018-12-04,industry_diffusion_baseline,7961239.51,250933.0676,40,19,0.09583628605,0.004
2018-12-05,industry_diffusion_baseline,7907960.627,5427.014017,40,20,0.06154961741,0.004
2018-12-06,industry_diffusion_baseline,7747620.053,5427.014017,40,20,0.06163564496,0.004
2018-12-07,industry_diffusion_baseline,7783738.732,5427.014017,40,20,0.06173887393,0.004
2018-12-10,industry_diffusion_baseline,7665488.758,5427.014017,40,20,0.0616565965,0.004
2018-12-11,industry_diffusion_baseline,7731649.848,5427.014017,40,20,0.06156663054,0.004
2018-12-12,industry_diffusion_baseline,7698542.34,2.619344741e-10,40,20,0.07342681,0.004
2018-12-13,industry_diffusion_baseline,7828111.167,2.619344741e-10,40,20,0.07412716255,0.004
2018-12-14,industry_diffusion_baseline,7626361.701,2.619344741e-10,40,20,0.07437675005,0.004
2018-12-17,industry_diffusion_baseline,7614105.781,2.619344741e-10,40,20,0.07454878536,0.004
2018-12-18,industry_diffusion_baseline,7547895.673,2.619344741e-10,40,20,0.07441115309,0.004
2018-12-19,industry_diffusion_baseline,7418744.568,1.164153218e-10,40,12,0.1909485816,0.004
2018-12-20,industry_diffusion_baseline,7389137.123,1.164153218e-10,40,12,0.18982231,0.004
2018-12-21,industry_diffusion_baseline,7310687.86,1.164153218e-10,40,12,0.1890491801,0.004
2018-12-24,industry_diffusion_baseline,7378522.819,1.164153218e-10,40,12,0.1888389181,0.004
2018-12-25,industry_diffusion_baseline,7299503.672,1.164153218e-10,40,12,0.1898167762,0.004
2018-12-26,industry_diffusion_baseline,7224960.783,50358.39753,40,11,0.1756819898,0.004
2018-12-27,industry_diffusion_baseline,7101050.009,50358.39753,40,11,0.1771345468,0.004
2018-12-28,industry_diffusion_baseline,7139215.813,50358.39753,40,11,0.1779989438,0.004
2019-01-02,industry_diffusion_baseline,7155078.008,50358.39753,40,11,0.1770610112,0.004
2019-01-03,industry_diffusion_baseline,7094352.93,50358.39753,40,11,0.1749964297,0.004
2019-01-04,industry_diffusion_baseline,7246024.003,59939.79315,40,8,0.1705106839,0.004
2019-01-07,industry_diffusion_baseline,7386397.203,59939.79315,40,8,0.170871291,0.004
2019-01-08,industry_diffusion_baseline,7404376.298,59939.79315,40,8,0.17147943,0.004
2019-01-09,industry_diffusion_baseline,7407379.03,59939.79315,40,8,0.1722661822,0.004
2019-01-10,industry_diffusion_baseline,7410845.456,59939.79315,40,8,0.1725755754,0.004
2019-01-11,industry_diffusion_baseline,7447524.316,7488.111395,40,9,0.163183098,0.004
2019-01-14,industry_diffusion_baseline,7442126.895,7488.111395,40,9,0.1631050264,0.004
2019-01-15,industry_diffusion_baseline,7649111.217,7488.111395,40,9,0.1655035737,0.004
2019-01-16,industry_diffusion_baseline,7583179.913,7488.111395,40,9,0.1654937941,0.004
2019-01-17,industry_diffusion_baseline,7493485.631,7488.111395,40,9,0.165412952,0.004
2019-01-18,industry_diffusion_baseline,7521365.432,21687.58521,40,9,0.18882779,0.004
2019-01-21,industry_diffusion_baseline,7560468.975,21687.58521,40,9,0.1873612687,0.004
2019-01-22,industry_diffusion_baseline,7539810.915,21687.58521,40,9,0.1897311699,0.004
2019-01-23,industry_diffusion_baseline,7603386.169,21687.58521,40,9,0.1921482648,0.004
2019-01-24,industry_diffusion_baseline,7654915.848,21687.58521,40,9,0.1938322216,0.004
2019-01-25,industry_diffusion_baseline,7596253.784,46179.36823,40,8,0.1954796234,0.004
2019-01-28,industry_diffusion_baseline,7647991.973,46179.36823,40,8,0.1981112815,0.004
2019-01-29,industry_diffusion_baseline,7547326.177,46179.36823,40,8,0.1994595676,0.004
2019-01-30,industry_diffusion_baseline,7467479.153,46179.36823,40,8,0.1970601993,0.004
2019-01-31,industry_diffusion_baseline,7432179.587,46179.36823,40,8,0.1989349647,0.004
2019-02-01,industry_diffusion_baseline,7545867.322,-4.656612873e-10,40,10,0.1517938278,0.004
2019-02-11,industry_diffusion_baseline,7859307.1,-4.656612873e-10,40,10,0.1544353733,0.004
2019-02-12,industry_diffusion_baseline,7936840.329,-4.656612873e-10,40,10,0.154438616,0.004
2019-02-13,industry_diffusion_baseline,8044777.018,-4.656612873e-10,40,10,0.1530954648,0.004
2019-02-14,industry_diffusion_baseline,8096841.719,-4.656612873e-10,40,10,0.1533646105,0.004
2019-02-15,industry_diffusion_baseline,8140124.092,-2.619344741e-10,40,12,0.1657250964,0.004
2019-02-18,industry_diffusion_baseline,8502089.116,-2.619344741e-10,40,12,0.167555114,0.004
2019-02-19,industry_diffusion_baseline,8561412.587,-2.619344741e-10,40,12,0.1665091657,0.004
2019-02-20,industry_diffusion_baseline,8702675.655,-2.619344741e-10,40,12,0.1724590818,0.004
2019-02-21,industry_diffusion_baseline,8783528.256,-2.619344741e-10,40,12,0.1763661222,0.004
2019-02-22,industry_diffusion_baseline,8982460.126,482754.1039,40,15,0.1036478162,0.004
2019-02-25,industry_diffusion_baseline,9477353.974,482754.1039,40,15,0.1042361975,0.004
2019-02-26,industry_diffusion_baseline,9395118.943,482754.1039,40,15,0.1033014412,0.004
2019-02-27,industry_diffusion_baseline,9387408.945,482754.1039,40,15,0.1032955038,0.004
2019-02-28,industry_diffusion_baseline,9454262,482754.1039,40,15,0.1018990536,0.004
2019-03-01,industry_diffusion_baseline,9593600.794,477572.7303,40,16,0.09813217617,0.004
2019-03-04,industry_diffusion_baseline,9748118.135,477572.7303,40,16,0.09841602302,0.004
2019-03-05,industry_diffusion_baseline,10050238.98,477572.7303,40,16,0.09871780882,0.004
2019-03-06,industry_diffusion_baseline,10225950.75,477572.7303,40,16,0.09896554943,0.004
2019-03-07,industry_diffusion_baseline,10273079.24,477572.7303,40,16,0.09928383842,0.004
2019-03-08,industry_diffusion_baseline,9675922.429,132935.3542,40,16,0.1040765624,0.004
2019-03-11,industry_diffusion_baseline,9959130.463,132935.3542,40,16,0.103697597,0.004
2019-03-12,industry_diffusion_baseline,10074457.57,132935.3542,40,16,0.104092266,0.004
2019-03-13,industry_diffusion_baseline,9883405.668,132935.3542,40,16,0.1045182869,0.004
2019-03-14,industry_diffusion_baseline,9637251.23,132935.3542,40,16,0.1037569466,0.004
2019-03-15,industry_diffusion_baseline,9950700.941,0,40,20,0.09042299257,0.004
2019-03-18,industry_diffusion_baseline,10255848.25,0,40,20,0.09078238413,0.004
2019-03-19,industry_diffusion_baseline,10299854.7,0,40,20,0.08946088522,0.004
2019-03-20,industry_diffusion_baseline,10338800.75,0,40,20,0.08986308168,0.004
2019-03-21,industry_diffusion_baseline,10587614.18,0,40,20,0.09008560737,0.004
2019-03-22,industry_diffusion_baseline,10667804.8,38724.79688,40,16,0.134190152,0.004
2019-03-25,industry_diffusion_baseline,10517384.19,38724.79688,40,16,0.13528095,0.004
2019-03-26,industry_diffusion_baseline,10166037.38,38724.79688,40,16,0.1355910991,0.004
2019-03-27,industry_diffusion_baseline,10182147.05,38724.79688,40,16,0.1359111727,0.004
2019-03-28,industry_diffusion_baseline,10085579.81,38724.79688,40,16,0.1384724902,0.004
2019-03-29,industry_diffusion_baseline,10378762.34,109570.1499,40,20,0.08764514794,0.004
2019-04-01,industry_diffusion_baseline,10715450.79,109570.1499,40,20,0.08749095705,0.004
2019-04-02,industry_diffusion_baseline,10708398.4,109570.1499,40,20,0.08731176289,0.004
2019-04-03,industry_diffusion_baseline,10855004.64,109570.1499,40,20,0.08831349613,0.004
2019-04-04,industry_diffusion_baseline,10855823.55,109570.1499,40,20,0.08751608237,0.004
2019-04-08,industry_diffusion_baseline,10818913.17,142973.1143,40,20,0.06417970859,0.004
2019-04-09,industry_diffusion_baseline,10848180.71,142973.1143,40,20,0.0644499,0.004
2019-04-10,industry_diffusion_baseline,10876894.77,142973.1143,40,20,0.06464968171,0.004
2019-04-11,industry_diffusion_baseline,10714535.7,142973.1143,40,20,0.06483878124,0.004
2019-04-12,industry_diffusion_baseline,10611534.87,142973.1143,40,20,0.06482807243,0.004
2019-04-15,industry_diffusion_baseline,10482117.72,1.164153218e-10,40,17,0.07258024188,0.004
2019-04-16,industry_diffusion_baseline,10670303.16,1.164153218e-10,40,17,0.07230643722,0.004
2019-04-17,industry_diffusion_baseline,10694385.89,1.164153218e-10,40,17,0.07231667607,0.004
2019-04-18,industry_diffusion_baseline,10622674.64,1.164153218e-10,40,17,0.07236993762,0.004
2019-04-19,industry_diffusion_baseline,10756915.68,1.164153218e-10,40,17,0.07237615896,0.004
2019-04-22,industry_diffusion_baseline,10570222.85,-5.820766091e-10,40,20,0.06437054339,0.004
2019-04-23,industry_diffusion_baseline,10368840.54,-5.820766091e-10,40,20,0.06445873674,0.004
2019-04-24,industry_diffusion_baseline,10392849.67,-5.820766091e-10,40,20,0.06425800511,0.004
2019-04-25,industry_diffusion_baseline,9920623.013,-5.820766091e-10,40,20,0.06453535603,0.004
2019-04-26,industry_diffusion_baseline,9821630.757,-5.820766091e-10,40,20,0.06457793026,0.004
2019-04-29,industry_diffusion_baseline,9524567.25,29689.34997,40,19,0.06654386154,0.004
2019-04-30,industry_diffusion_baseline,9641821.662,29689.34997,40,19,0.06631800443,0.004
2019-05-06,industry_diffusion_baseline,8930318.673,29689.34997,40,19,0.0658216015,0.004
2019-05-07,industry_diffusion_baseline,9194349.732,29689.34997,40,19,0.06554925121,0.004
2019-05-08,industry_diffusion_baseline,9129852.572,29689.34997,40,19,0.06576318258,0.004
2019-05-09,industry_diffusion_baseline,9010491.862,-4.656612873e-10,41,18,0.07713223609,0.004
2019-05-10,industry_diffusion_baseline,9313150.789,212858.1466,40,17,0.08011995366,0.004
2019-05-13,industry_diffusion_baseline,9349317.58,443409.42,39,17,0.08191445808,0.004
2019-05-14,industry_diffusion_baseline,9225387.791,443409.42,39,17,0.08226585328,0.004
2019-05-15,industry_diffusion_baseline,9494115.709,443409.42,39,17,0.0817997627,0.004
2019-05-16,industry_diffusion_baseline,9533838.709,4.074536264e-10,41,14,0.1160569955,0.004
2019-05-17,industry_diffusion_baseline,9325313.182,4.074536264e-10,41,14,0.1158036859,0.004
2019-05-20,industry_diffusion_baseline,9155716.441,4.074536264e-10,41,14,0.1146964256,0.004
2019-05-21,industry_diffusion_baseline,9405024.721,4.074536264e-10,41,14,0.1142051071,0.004
2019-05-22,industry_diffusion_baseline,9307542.773,262402.2767,40,14,0.1182009737,0.004
2019-05-23,industry_diffusion_baseline,9036874.366,406160.1075,40,9,0.1862745097,0.004
2019-05-24,industry_diffusion_baseline,8997951.252,406160.1075,40,9,0.1854202547,0.004
2019-05-27,industry_diffusion_baseline,9194269.413,406160.1075,40,9,0.1850155733,0.004
2019-05-28,industry_diffusion_baseline,9329317.344,406160.1075,40,9,0.1857900017,0.004
2019-05-29,industry_diffusion_baseline,9383639.251,406160.1075,40,9,0.185279984,0.004
2019-05-30,industry_diffusion_baseline,9459878.917,504501.6847,39,6,0.2284067262,0.004
2019-05-31,industry_diffusion_baseline,9423325.741,720891.1536,38,6,0.2351893955,0.004
2019-06-03,industry_diffusion_baseline,9345824.354,720891.1536,38,6,0.2370997545,0.004
2019-06-04,industry_diffusion_baseline,9199130.984,1118038.254,36,6,0.2439048011,0.004
2019-06-05,industry_diffusion_baseline,9233197.214,1118038.254,36,6,0.2447693672,0.004
2019-06-06,industry_diffusion_baseline,9050172.917,545536.6574,38,7,0.1959663236,0.004
2019-06-10,industry_diffusion_baseline,9122916.784,545536.6574,38,7,0.1951060394,0.004
2019-06-11,industry_diffusion_baseline,9505997.104,545536.6574,38,7,0.1927250354,0.004
2019-06-12,industry_diffusion_baseline,9472996.687,545536.6574,38,7,0.1910578997,0.004
2019-06-13,industry_diffusion_baseline,9616121.882,545536.6574,38,7,0.190360897,0.004
2019-06-14,industry_diffusion_baseline,9414769.271,13698.60483,39,6,0.2389863845,0.004
2019-06-17,industry_diffusion_baseline,9375087.548,13698.60483,39,6,0.2393119963,0.004
2019-06-18,industry_diffusion_baseline,9226584.478,13698.60483,39,6,0.2378174193,0.004
2019-06-19,industry_diffusion_baseline,9198892.118,13698.60483,39,6,0.237217524,0.004
2019-06-20,industry_diffusion_baseline,9248275.906,13698.60483,39,6,0.2375123749,0.004
2019-06-21,industry_diffusion_baseline,9300392.983,37810.38366,39,7,0.3249002927,0.004
2019-06-24,industry_diffusion_baseline,9342276.783,37810.38366,39,7,0.3210918749,0.004
2019-06-25,industry_diffusion_baseline,9128166.209,37810.38366,39,7,0.3218734317,0.004
2019-06-26,industry_diffusion_baseline,9064860.059,37810.38366,39,7,0.3209333189,0.004
2019-06-27,industry_diffusion_baseline,9091877.222,37810.38366,39,7,0.3207858865,0.004
2019-06-28,industry_diffusion_baseline,9020727.742,-3.783497959e-10,40,11,0.2934242025,0.004
2019-07-01,industry_diffusion_baseline,9207536.102,-3.783497959e-10,40,11,0.2921467328,0.004
2019-07-02,industry_diffusion_baseline,9177654.214,-3.783497959e-10,40,11,0.2924004344,0.004
2019-07-03,industry_diffusion_baseline,8991384.069,-3.783497959e-10,40,11,0.2916958759,0.004
2019-07-04,industry_diffusion_baseline,8942671.594,-3.783497959e-10,40,11,0.2920588997,0.004
2019-07-05,industry_diffusion_baseline,8981892.472,80466.0223,40,13,0.178252955,0.004
2019-07-08,industry_diffusion_baseline,8631864.351,80466.0223,40,13,0.1754964248,0.004
2019-07-09,industry_diffusion_baseline,8698943.603,80466.0223,40,13,0.177283284,0.004
2019-07-10,industry_diffusion_baseline,8573497.711,80466.0223,40,13,0.1766465675,0.004
2019-07-11,industry_diffusion_baseline,8572926.869,80466.0223,40,13,0.1754671024,0.004
2019-07-12,industry_diffusion_baseline,8599053.829,-2.328306437e-10,40,13,0.1323046196,0.004
2019-07-15,industry_diffusion_baseline,8659553.712,-2.328306437e-10,40,13,0.1325014578,0.004
2019-07-16,industry_diffusion_baseline,8683239.883,-2.328306437e-10,40,13,0.132246207,0.004
2019-07-17,industry_diffusion_baseline,8664044.3,-2.328306437e-10,40,13,0.1321666326,0.004
2019-07-18,industry_diffusion_baseline,8554932.201,-2.328306437e-10,40,13,0.1332861195,0.004
2019-07-19,industry_diffusion_baseline,8573270.886,25012.29946,40,15,0.1645106147,0.004
2019-07-22,industry_diffusion_baseline,8402022.064,25012.29946,40,15,0.168126561,0.004
2019-07-23,industry_diffusion_baseline,8399110.712,25012.29946,40,15,0.1658913528,0.004
2019-07-24,industry_diffusion_baseline,8451781.44,25012.29946,40,15,0.1658506418,0.004
2019-07-25,industry_diffusion_baseline,8495262.105,25012.29946,40,15,0.167591558,0.004
2019-07-26,industry_diffusion_baseline,8480486.937,51244.1957,40,11,0.1826095796,0.004
2019-07-29,industry_diffusion_baseline,8548423.36,51244.1957,40,11,0.1827877121,0.004
2019-07-30,industry_diffusion_baseline,8601712.605,51244.1957,40,11,0.1816449574,0.004
2019-07-31,industry_diffusion_baseline,8477457.277,51244.1957,40,11,0.1811353106,0.004
2019-08-01,industry_diffusion_baseline,8511567.887,51244.1957,40,11,0.1802605829,0.004
2019-08-02,industry_diffusion_baseline,8455410.73,47788.15601,40,8,0.2267141021,0.004
2019-08-05,industry_diffusion_baseline,8314255.728,47788.15601,40,8,0.225738303,0.004
2019-08-06,industry_diffusion_baseline,8172357.152,47788.15601,40,8,0.227336548,0.004
2019-08-07,industry_diffusion_baseline,8060773.543,47788.15601,40,8,0.2277591978,0.004
2019-08-08,industry_diffusion_baseline,8108640.198,47788.15601,40,8,0.2277819964,0.004
2019-08-09,industry_diffusion_baseline,7984313.804,-2.910383046e-11,40,10,0.1558911145,0.004
2019-08-12,industry_diffusion_baseline,8136146.322,-2.910383046e-11,40,10,0.1574814822,0.004
2019-08-13,industry_diffusion_baseline,8179053.497,-2.910383046e-11,40,10,0.1569850037,0.004
2019-08-14,industry_diffusion_baseline,8184654.052,-2.910383046e-11,40,10,0.1566247298,0.004
2019-08-15,industry_diffusion_baseline,8214174.068,-2.910383046e-11,40,10,0.1565380304,0.004
2019-08-16,industry_diffusion_baseline,8260959.577,113390.0611,40,9,0.1558410605,0.004
2019-08-19,industry_diffusion_baseline,8463824.116,113390.0611,40,9,0.1565925468,0.004
2019-08-20,industry_diffusion_baseline,8459828.87,113390.0611,40,9,0.1569792069,0.004
2019-08-21,industry_diffusion_baseline,8468359.782,113390.0611,40,9,0.1573269078,0.004
2019-08-22,industry_diffusion_baseline,8514577.531,113390.0611,40,9,0.1574566543,0.004
2019-08-23,industry_diffusion_baseline,8518379.578,128627.3949,40,12,0.1413414418,0.004
2019-08-26,industry_diffusion_baseline,8502874.702,128627.3949,40,12,0.1408636564,0.004
2019-08-27,industry_diffusion_baseline,8599902.129,128627.3949,40,12,0.1395242277,0.004
2019-08-28,industry_diffusion_baseline,8533817.406,128627.3949,40,12,0.1383077958,0.004
2019-08-29,industry_diffusion_baseline,8554917.278,128627.3949,40,12,0.1400936417,0.004
2019-08-30,industry_diffusion_baseline,8502334.065,55855.21237,40,12,0.1608463881,0.004
2019-09-02,industry_diffusion_baseline,8680982.62,55855.21237,40,12,0.1604601344,0.004
2019-09-03,industry_diffusion_baseline,8765026.434,55855.21237,40,12,0.1631929134,0.004
2019-09-04,industry_diffusion_baseline,8851868.185,55855.21237,40,12,0.1639011,0.004
2019-09-05,industry_diffusion_baseline,8993101.046,55855.21237,40,12,0.1651695939,0.004
2019-09-06,industry_diffusion_baseline,8922250.588,-4.074536264e-10,40,16,0.138093446,0.004
2019-09-09,industry_diffusion_baseline,9109761.41,-4.074536264e-10,40,16,0.139487807,0.004
2019-09-10,industry_diffusion_baseline,9064533.47,-4.074536264e-10,40,16,0.1387696268,0.004
2019-09-11,industry_diffusion_baseline,9015102.596,-4.074536264e-10,40,16,0.1400352866,0.004
2019-09-12,industry_diffusion_baseline,9011055.934,-4.074536264e-10,40,16,0.1395074732,0.004
2019-09-16,industry_diffusion_baseline,9058528.28,-2.619344741e-10,41,21,0.07210434836,0.004
2019-09-17,industry_diffusion_baseline,8837633.741,-2.619344741e-10,41,21,0.0720807933,0.004
2019-09-18,industry_diffusion_baseline,8815977.204,-2.619344741e-10,41,21,0.07190869336,0.004
2019-09-19,industry_diffusion_baseline,8880796.779,254865.295,40,21,0.07210285797,0.004
2019-09-20,industry_diffusion_baseline,8920635.594,254865.295,40,21,0.07251153082,0.004
2019-09-23,industry_diffusion_baseline,8836599.695,371256.1286,40,19,0.08211991781,0.004
2019-09-24,industry_diffusion_baseline,8845394.414,371256.1286,40,19,0.08176125316,0.004
2019-09-25,industry_diffusion_baseline,8695255.295,371256.1286,40,19,0.08104608661,0.004
2019-09-26,industry_diffusion_baseline,8365533.094,371256.1286,40,19,0.08037702829,0.004
2019-09-27,industry_diffusion_baseline,8420470.61,371256.1286,40,19,0.0798987864,0.004
2019-09-30,industry_diffusion_baseline,8329854.578,244996.9445,40,17,0.1086402501,0.004
2019-10-08,industry_diffusion_baseline,8380382.124,244996.9445,40,17,0.1091845907,0.004
2019-10-09,industry_diffusion_baseline,8480721.365,244996.9445,40,17,0.1101960368,0.004
2019-10-10,industry_diffusion_baseline,8528868.88,244996.9445,40,17,0.1094323919,0.004
2019-10-11,industry_diffusion_baseline,8585169.709,244996.9445,40,17,0.1107651536,0.004
2019-10-14,industry_diffusion_baseline,8796753.136,24680.49742,40,16,0.1492062056,0.004
2019-10-15,industry_diffusion_baseline,8711269.104,24680.49742,40,16,0.1501238849,0.004
2019-10-16,industry_diffusion_baseline,8642428.607,24680.49742,40,16,0.1495413038,0.004
2019-10-17,industry_diffusion_baseline,8660263.254,24680.49742,40,16,0.1489207228,0.004
2019-10-18,industry_diffusion_baseline,8485758.235,24680.49742,40,16,0.1479545708,0.004
2019-10-21,industry_diffusion_baseline,8469916.999,5.820766091e-11,40,12,0.1724643398,0.004
2019-10-22,industry_diffusion_baseline,8523617.459,5.820766091e-11,40,12,0.1697610177,0.004
2019-10-23,industry_diffusion_baseline,8494797.49,5.820766091e-11,40,12,0.1696617229,0.004
2019-10-24,industry_diffusion_baseline,8560255.757,5.820766091e-11,40,12,0.1709007347,0.004
2019-10-25,industry_diffusion_baseline,8588888.041,5.820766091e-11,40,12,0.1696336583,0.004
2019-10-28,industry_diffusion_baseline,8760548.875,97423.26761,40,9,0.2345083445,0.004
2019-10-29,industry_diffusion_baseline,8674733.822,97423.26761,40,9,0.2354849214,0.004
2019-10-30,industry_diffusion_baseline,8553871.292,97423.26761,40,9,0.2359642009,0.004
2019-10-31,industry_diffusion_baseline,8444288.379,97423.26761,40,9,0.2368072091,0.004
2019-11-01,industry_diffusion_baseline,8511862.513,97423.26761,40,9,0.2382229987,0.004
2019-11-04,industry_diffusion_baseline,8525658.425,185383.6502,40,11,0.1367932479,0.004
2019-11-05,industry_diffusion_baseline,8564723.752,185383.6502,40,11,0.1372947118,0.004
2019-11-06,industry_diffusion_baseline,8398688.199,185383.6502,40,11,0.1371662047,0.004
2019-11-07,industry_diffusion_baseline,8501391.155,185383.6502,40,11,0.1376978395,0.004
2019-11-08,industry_diffusion_baseline,8455974.58,185383.6502,40,11,0.1373116357,0.004
2019-11-11,industry_diffusion_baseline,8250286.777,146071.1452,40,8,0.1895579913,0.004
2019-11-12,industry_diffusion_baseline,8311035.456,146071.1452,40,8,0.1903689422,0.004
2019-11-13,industry_diffusion_baseline,8272918.909,146071.1452,40,8,0.1912039868,0.004
2019-11-14,industry_diffusion_baseline,8301795.692,146071.1452,40,8,0.1912296968,0.004
2019-11-15,industry_diffusion_baseline,8100043.642,146071.1452,40,8,0.1901359029,0.004
2019-11-18,industry_diffusion_baseline,8129551.146,33733.10373,40,9,0.1845376128,0.004
2019-11-19,industry_diffusion_baseline,8251327.118,33733.10373,40,9,0.1848290154,0.004
2019-11-20,industry_diffusion_baseline,8205412.312,33733.10373,40,9,0.185199606,0.004
2019-11-21,industry_diffusion_baseline,8171575.932,33733.10373,40,9,0.183556808,0.004
2019-11-22,industry_diffusion_baseline,8024912.494,33733.10373,40,9,0.1827194459,0.004
2019-11-25,industry_diffusion_baseline,7967738.89,4611.690304,40,9,0.1944749764,0.004
2019-11-26,industry_diffusion_baseline,8027902.697,4611.690304,40,9,0.1950037689,0.004
2019-11-27,industry_diffusion_baseline,8024923.91,4611.690304,40,9,0.1944252748,0.004
2019-11-28,industry_diffusion_baseline,7992881.957,4611.690304,40,9,0.1945948749,0.004
2019-11-29,industry_diffusion_baseline,7916896.702,4611.690304,40,9,0.1939197321,0.004
2019-12-02,industry_diffusion_baseline,7887740.945,51974.11442,40,7,0.2094149092,0.004
2019-12-03,industry_diffusion_baseline,7886461.661,51974.11442,40,7,0.2096313988,0.004
2019-12-04,industry_diffusion_baseline,7840072.817,51974.11442,40,7,0.2093227258,0.004
2019-12-05,industry_diffusion_baseline,7877962.452,51974.11442,40,7,0.2093485838,0.004
2019-12-06,industry_diffusion_baseline,7959903.957,51974.11442,40,7,0.2095166973,0.004
2019-12-09,industry_diffusion_baseline,8042160.952,21052.28169,40,8,0.181866874,0.004
2019-12-10,industry_diffusion_baseline,8070948.961,21052.28169,40,8,0.1820878154,0.004
2019-12-11,industry_diffusion_baseline,8012737.097,21052.28169,40,8,0.1820172329,0.004
2019-12-12,industry_diffusion_baseline,7973523.807,21052.28169,40,8,0.1814625975,0.004
2019-12-13,industry_diffusion_baseline,8048585.772,21052.28169,40,8,0.1814352509,0.004
2019-12-16,industry_diffusion_baseline,8099412.104,526.4491747,40,9,0.2067684951,0.004
2019-12-17,industry_diffusion_baseline,8209025.717,526.4491747,40,9,0.2067879275,0.004
2019-12-18,industry_diffusion_baseline,8225004.144,526.4491747,40,9,0.2068747284,0.004
2019-12-19,industry_diffusion_baseline,8284186.406,526.4491747,40,9,0.2063618044,0.004
2019-12-20,industry_diffusion_baseline,8189172.322,526.4491747,40,9,0.2075049941,0.004
2019-12-23,industry_diffusion_baseline,8067652.969,2.910383046e-10,40,12,0.1912549914,0.004
2019-12-24,industry_diffusion_baseline,8203827.379,2.910383046e-10,40,12,0.1920669082,0.004
2019-12-25,industry_diffusion_baseline,8264769.27,2.910383046e-10,40,12,0.1917709485,0.004
2019-12-26,industry_diffusion_baseline,8364910.265,2.910383046e-10,40,12,0.1914375966,0.004
2019-12-27,industry_diffusion_baseline,8332844.676,2.910383046e-10,40,12,0.190837166,0.004
2019-12-30,industry_diffusion_baseline,8475220.906,33358.08704,40,16,0.1063620816,0.004
2019-12-31,industry_diffusion_baseline,8491005.487,33358.08704,40,16,0.1058343194,0.004
2020-01-02,industry_diffusion_baseline,8677331.586,33358.08704,40,16,0.1061341915,0.004
2020-01-03,industry_diffusion_baseline,8721979.716,33358.08704,40,16,0.1055429328,0.004
2020-01-06,industry_diffusion_baseline,8822187.463,33358.08704,40,16,0.1061630927,0.004
2020-01-07,industry_diffusion_baseline,8871256.801,81202.56571,40,16,0.104445964,0.004
2020-01-08,industry_diffusion_baseline,8711737.809,81202.56571,40,16,0.105021552,0.004
2020-01-09,industry_diffusion_baseline,8790851.61,81202.56571,40,16,0.1052282927,0.004
2020-01-10,industry_diffusion_baseline,8818473.562,81202.56571,40,16,0.1050949912,0.004
2020-01-13,industry_diffusion_baseline,8899521.91,81202.56571,40,16,0.1046613428,0.004
2020-01-14,industry_diffusion_baseline,8833966.769,49556.21787,40,16,0.1137473474,0.004
2020-01-15,industry_diffusion_baseline,8752428.877,49556.21787,40,16,0.1141155261,0.004
2020-01-16,industry_diffusion_baseline,8756593.237,49556.21787,40,16,0.1134985221,0.004
2020-01-17,industry_diffusion_baseline,8736011.48,49556.21787,40,16,0.1137080733,0.004
2020-01-20,industry_diffusion_baseline,8759120.031,49556.21787,40,16,0.1135340998,0.004
2020-01-21,industry_diffusion_baseline,8561116.764,-4.947651178e-10,40,17,0.108941164,0.004
2020-01-22,industry_diffusion_baseline,8602650.269,-4.947651178e-10,40,17,0.1096083977,0.004
2020-01-23,industry_diffusion_baseline,8357065.139,-4.947651178e-10,40,17,0.1141054108,0.004
2020-02-03,industry_diffusion_baseline,7534524.806,-4.947651178e-10,40,17,0.1145540852,0.004
2020-02-04,industry_diffusion_baseline,7708134.44,-4.947651178e-10,40,17,0.1208304044,0.004
2020-02-05,industry_diffusion_baseline,8016303.789,3593.181302,39,17,0.1240618881,0.004
2020-02-06,industry_diffusion_baseline,8316571.781,3593.181302,39,17,0.1255982973,0.004
2020-02-07,industry_diffusion_baseline,8387179.451,3593.181302,39,17,0.1255732376,0.004
2020-02-10,industry_diffusion_baseline,8557357.413,3593.181302,39,17,0.1245529633,0.004
2020-02-11,industry_diffusion_baseline,8640448.39,3593.181302,39,17,0.1268794153,0.004
2020-02-12,industry_diffusion_baseline,8780362.773,68516.94618,39,14,0.2460230918,0.004
2020-02-13,industry_diffusion_baseline,8531283.428,68516.94618,39,14,0.245722795,0.004
2020-02-14,industry_diffusion_baseline,8520181.607,68516.94618,39,14,0.2437438162,0.004
2020-02-17,industry_diffusion_baseline,8742799.482,68516.94618,39,14,0.242112908,0.004
2020-02-18,industry_diffusion_baseline,8961139.456,68516.94618,39,14,0.2399164411,0.004
2020-02-19,industry_diffusion_baseline,8847576.393,230750.4334,39,10,0.2787809656,0.004
2020-02-20,industry_diffusion_baseline,8951410.049,230750.4334,39,10,0.2755721863,0.004
2020-02-21,industry_diffusion_baseline,9128327.536,230750.4334,39,10,0.2744805296,0.004
2020-02-24,industry_diffusion_baseline,9412549.414,230750.4334,39,10,0.2810307256,0.004
2020-02-25,industry_diffusion_baseline,9458532.268,230750.4334,39,10,0.2896781464,0.004
2020-02-26,industry_diffusion_baseline,9082016.641,281992.0385,39,7,0.3027758888,0.004
2020-02-27,industry_diffusion_baseline,9038203.634,281992.0385,39,7,0.3037598939,0.004
2020-02-28,industry_diffusion_baseline,8801066.528,281992.0385,39,7,0.3157326423,0.004
2020-03-02,industry_diffusion_baseline,8991229.498,281992.0385,39,7,0.3140953812,0.004
2020-03-03,industry_diffusion_baseline,9078372.201,281992.0385,39,7,0.3156473873,0.004
2020-03-04,industry_diffusion_baseline,9085254.159,69156.19331,40,13,0.1580607648,0.004
2020-03-05,industry_diffusion_baseline,9175501.54,69156.19331,40,13,0.158663168,0.004
2020-03-06,industry_diffusion_baseline,9210153.306,69156.19331,40,13,0.1606249013,0.004
2020-03-09,industry_diffusion_baseline,8964080.903,69156.19331,40,13,0.1635852726,0.004
2020-03-10,industry_diffusion_baseline,9107719.746,69156.19331,40,13,0.1635458069,0.004
2020-03-11,industry_diffusion_baseline,9020001.265,320453.4345,40,18,0.1244920005,0.004
2020-03-12,industry_diffusion_baseline,8812873.67,320453.4345,40,18,0.1255947687,0.004
2020-03-13,industry_diffusion_baseline,8720602.236,320453.4345,40,18,0.1271424281,0.004
2020-03-16,industry_diffusion_baseline,8358105.764,320453.4345,40,18,0.1259907763,0.004
2020-03-17,industry_diffusion_baseline,8290670.836,320453.4345,40,18,0.1254378473,0.004
2020-03-18,industry_diffusion_baseline,8171677.821,132867.6354,40,19,0.1191393837,0.004
2020-03-19,industry_diffusion_baseline,8233788.197,132867.6354,40,19,0.1173903102,0.004
2020-03-20,industry_diffusion_baseline,8502092.43,132867.6354,40,19,0.1210147182,0.004
2020-03-23,industry_diffusion_baseline,8212732.441,132867.6354,40,19,0.1237145151,0.004
2020-03-24,industry_diffusion_baseline,8495800.674,132867.6354,40,19,0.1280923465,0.004
2020-03-25,industry_diffusion_baseline,8718687.775,89881.24709,40,16,0.233798747,0.004
2020-03-26,industry_diffusion_baseline,8734784.667,89881.24709,40,16,0.2434500705,0.004
2020-03-27,industry_diffusion_baseline,8721785.227,89881.24709,40,16,0.2396926695,0.004
2020-03-30,industry_diffusion_baseline,8596473.182,89881.24709,40,16,0.2440238208,0.004
2020-03-31,industry_diffusion_baseline,8827347.87,89881.24709,40,16,0.2584632749,0.004
2020-04-01,industry_diffusion_baseline,8610774.218,-2.910383046e-11,40,13,0.4221800257,0.004
2020-04-02,industry_diffusion_baseline,8614948.91,-2.910383046e-11,40,13,0.4183272943,0.004
2020-04-03,industry_diffusion_baseline,8729184.609,-2.910383046e-11,40,13,0.4246581004,0.004
2020-04-07,industry_diffusion_baseline,9057737.073,-2.910383046e-11,40,13,0.4241066969,0.004
2020-04-08,industry_diffusion_baseline,8977357.664,-2.910383046e-11,40,13,0.4139274948,0.004
2020-04-09,industry_diffusion_baseline,9215278.469,5.820766091e-11,40,6,0.7295288336,0.004
2020-04-10,industry_diffusion_baseline,8997949.402,5.820766091e-11,40,6,0.7283123115,0.004
2020-04-13,industry_diffusion_baseline,9007166.309,5.820766091e-11,40,6,0.7325865616,0.004
2020-04-14,industry_diffusion_baseline,9099212.237,5.820766091e-11,40,6,0.7322928606,0.004
2020-04-15,industry_diffusion_baseline,8925802.668,5.820766091e-11,40,6,0.7289337234,0.004
2020-04-16,industry_diffusion_baseline,8907101.342,95692.40627,40,10,0.4077224178,0.004
2020-04-17,industry_diffusion_baseline,8861628.999,95692.40627,40,10,0.4061332744,0.004
2020-04-20,industry_diffusion_baseline,8983236.605,95692.40627,40,10,0.3994647168,0.004
2020-04-21,industry_diffusion_baseline,9052962.73,95692.40627,40,10,0.3991857283,0.004
2020-04-22,industry_diffusion_baseline,9341730.501,95692.40627,40,10,0.4013864201,0.004
2020-04-23,industry_diffusion_baseline,9348367.689,198694.4202,40,12,0.1928151494,0.004
2020-04-24,industry_diffusion_baseline,9163976.345,431210.3852,39,12,0.2035640265,0.004
2020-04-27,industry_diffusion_baseline,9225302.086,431210.3852,39,12,0.2086056618,0.004
2020-04-28,industry_diffusion_baseline,9211106.484,431210.3852,39,12,0.2128588004,0.004
2020-04-29,industry_diffusion_baseline,8999845.062,431210.3852,39,12,0.2107387785,0.004
2020-04-30,industry_diffusion_baseline,9003683.565,581205.0562,38,16,0.1184031914,0.004
2020-05-06,industry_diffusion_baseline,9138990.279,800791.0054,37,16,0.114409059,0.004
2020-05-07,industry_diffusion_baseline,9257271.644,800791.0054,37,16,0.1156683951,0.004
2020-05-08,industry_diffusion_baseline,9377385.328,800791.0054,37,16,0.1160702625,0.004
2020-05-11,industry_diffusion_baseline,9448614.343,800791.0054,37,16,0.1154636034,0.004
2020-05-12,industry_diffusion_baseline,9485965.108,256451.0268,39,18,0.1040780255,0.004
2020-05-13,industry_diffusion_baseline,9637400.81,256451.0268,39,18,0.1054180878,0.004
2020-05-14,industry_diffusion_baseline,9574286.326,256451.0268,39,18,0.1064610979,0.004
2020-05-15,industry_diffusion_baseline,9598820.362,256451.0268,39,18,0.1062427154,0.004
2020-05-18,industry_diffusion_baseline,9608716.174,256451.0268,39,18,0.1057917316,0.004
2020-05-19,industry_diffusion_baseline,9711940.126,-1.746229827e-10,40,15,0.1148078409,0.004
2020-05-20,industry_diffusion_baseline,9446295.097,-1.746229827e-10,40,15,0.1137403346,0.004
2020-05-21,industry_diffusion_baseline,9360168.472,-1.746229827e-10,40,15,0.114712358,0.004
2020-05-22,industry_diffusion_baseline,9164455.14,-1.746229827e-10,40,15,0.1143799908,0.004
2020-05-25,industry_diffusion_baseline,9282569.065,-1.746229827e-10,40,15,0.1154351914,0.004
2020-05-26,industry_diffusion_baseline,9471821.784,2.910383046e-11,40,14,0.1768351529,0.004
2020-05-27,industry_diffusion_baseline,9500746.497,2.910383046e-11,40,14,0.1775106947,0.004
2020-05-28,industry_diffusion_baseline,9540270.56,2.910383046e-11,40,14,0.1775291926,0.004
2020-05-29,industry_diffusion_baseline,9714992.65,2.910383046e-11,40,14,0.1788032876,0.004
2020-06-01,industry_diffusion_baseline,9880977.036,2.910383046e-11,40,14,0.1772445591,0.004
2020-06-02,industry_diffusion_baseline,9713376.038,227527.3937,40,15,0.1392214985,0.004
2020-06-03,industry_diffusion_baseline,9692442.291,227527.3937,40,15,0.1404322679,0.004
2020-06-04,industry_diffusion_baseline,9891519.648,227527.3937,40,15,0.1452566876,0.004
2020-06-05,industry_diffusion_baseline,9809795.092,227527.3937,40,15,0.142756406,0.004
2020-06-08,industry_diffusion_baseline,9678840.985,227527.3937,40,15,0.1407918161,0.004
2020-06-09,industry_diffusion_baseline,9716553.885,248501.3347,40,14,0.1362874269,0.004
2020-06-10,industry_diffusion_baseline,9702665.063,248501.3347,40,14,0.1367517362,0.004
2020-06-11,industry_diffusion_baseline,9613908.038,248501.3347,40,14,0.1353316006,0.004
2020-06-12,industry_diffusion_baseline,9577728.433,248501.3347,40,14,0.1356178267,0.004
2020-06-15,industry_diffusion_baseline,9428582.904,248501.3347,40,14,0.1358925327,0.004
2020-06-16,industry_diffusion_baseline,9574526.546,97654.84615,40,17,0.1113332514,0.004
2020-06-17,industry_diffusion_baseline,9588070.414,97654.84615,40,17,0.1106280097,0.004
2020-06-18,industry_diffusion_baseline,9535414.486,329788.7639,39,17,0.109368411,0.004
2020-06-19,industry_diffusion_baseline,9710441.425,329788.7639,39,17,0.1104201018,0.004
2020-06-22,industry_diffusion_baseline,9736402.74,329788.7639,39,17,0.110201831,0.004
2020-06-23,industry_diffusion_baseline,9771102.702,323257.8752,39,18,0.1002599737,0.004
2020-06-24,industry_diffusion_baseline,9692199.478,323257.8752,39,18,0.1005962725,0.004
2020-06-29,industry_diffusion_baseline,9680326.738,323257.8752,39,18,0.1000507872,0.004
2020-06-30,industry_diffusion_baseline,9781919.147,323257.8752,39,18,0.1008736523,0.004
2020-07-01,industry_diffusion_baseline,9994687.793,323257.8752,39,18,0.1046115983,0.004
2020-07-02,industry_diffusion_baseline,10111373.22,279642.3458,39,20,0.126896218,0.004
2020-07-03,industry_diffusion_baseline,10107138.11,279642.3458,39,20,0.1226226784,0.004
2020-07-06,industry_diffusion_baseline,10447441.98,279642.3458,39,20,0.1201308493,0.004
2020-07-07,industry_diffusion_baseline,10589825.82,279642.3458,39,20,0.121948172,0.004
2020-07-08,industry_diffusion_baseline,10759424.26,279642.3458,39,20,0.119870999,0.004
2020-07-09,industry_diffusion_baseline,11073805.83,317899.0656,39,21,0.07081281662,0.004
2020-07-10,industry_diffusion_baseline,11195312.28,317899.0656,39,21,0.07140071618,0.004
2020-07-13,industry_diffusion_baseline,11595845.62,317899.0656,39,21,0.07222444827,0.004
2020-07-14,industry_diffusion_baseline,11565204.01,317899.0656,39,21,0.07258219785,0.004
2020-07-15,industry_diffusion_baseline,11283088.56,317899.0656,39,21,0.07495036681,0.004
2020-07-16,industry_diffusion_baseline,10716227.97,34076.88843,40,22,0.06614154785,0.004
2020-07-17,industry_diffusion_baseline,10731219.52,34076.88843,40,22,0.06584711765,0.004
2020-07-20,industry_diffusion_baseline,11145927.11,34076.88843,40,22,0.06423331046,0.004
2020-07-21,industry_diffusion_baseline,11316118.15,34076.88843,40,22,0.06455832774,0.004
2020-07-22,industry_diffusion_baseline,11323801.16,34076.88843,40,22,0.06479119305,0.004
2020-07-23,industry_diffusion_baseline,11227924.86,105582.4574,40,20,0.06687100806,0.004
2020-07-24,industry_diffusion_baseline,10758798.12,105582.4574,40,20,0.06594503601,0.004
2020-07-27,industry_diffusion_baseline,10772577.74,105582.4574,40,20,0.06568841672,0.004
2020-07-28,industry_diffusion_baseline,10859691.81,105582.4574,40,20,0.06575482641,0.004
2020-07-29,industry_diffusion_baseline,11165150.43,105582.4574,40,20,0.06556118645,0.004
2020-07-30,industry_diffusion_baseline,11193134.06,137788.0218,40,19,0.0762991725,0.004
2020-07-31,industry_diffusion_baseline,11500619.22,137788.0218,40,19,0.07653040425,0.004
2020-08-03,industry_diffusion_baseline,11971830.7,137788.0218,40,19,0.07700670234,0.004
2020-08-04,industry_diffusion_baseline,11831686.55,137788.0218,40,19,0.07634282795,0.004
2020-08-05,industry_diffusion_baseline,11904245.65,137788.0218,40,19,0.07624835374,0.004
2020-08-06,industry_diffusion_baseline,11821134.16,2.910383046e-10,40,20,0.07979128943,0.004
2020-08-07,industry_diffusion_baseline,11602412.9,2.910383046e-10,40,20,0.07990274251,0.004
2020-08-10,industry_diffusion_baseline,11624510.76,356726.3509,39,19,0.08451985169,0.004
2020-08-11,industry_diffusion_baseline,11290820.21,356726.3509,39,19,0.08397148529,0.004
2020-08-12,industry_diffusion_baseline,11223258.42,356726.3509,39,19,0.08443770019,0.004
2020-08-13,industry_diffusion_baseline,11356882.42,373074.6934,39,19,0.09476419907,0.004
2020-08-14,industry_diffusion_baseline,11300654.35,373074.6934,39,19,0.09231165919,0.004
2020-08-17,industry_diffusion_baseline,11546704.39,373074.6934,39,19,0.09260231556,0.004
2020-08-18,industry_diffusion_baseline,11707155.69,373074.6934,39,19,0.09294341615,0.004
2020-08-19,industry_diffusion_baseline,11726281.82,373074.6934,39,19,0.09541633719,0.004
2020-08-20,industry_diffusion_baseline,11379522.17,18979.76988,40,15,0.1094686185,0.004
2020-08-21,industry_diffusion_baseline,11273128.66,18979.76988,40,15,0.1081195199,0.004
2020-08-24,industry_diffusion_baseline,11450618.91,18979.76988,40,15,0.1088647477,0.004
2020-08-25,industry_diffusion_baseline,11225296.56,18979.76988,40,15,0.1072253746,0.004
2020-08-26,industry_diffusion_baseline,10850966.39,18979.76988,40,15,0.1056234263,0.004
2020-08-27,industry_diffusion_baseline,10893129.78,92306.4437,40,12,0.1217221486,0.004
2020-08-28,industry_diffusion_baseline,11102565.09,92306.4437,40,12,0.1204680444,0.004
2020-08-31,industry_diffusion_baseline,11176753.96,92306.4437,40,12,0.1196678513,0.004
2020-09-01,industry_diffusion_baseline,11305265.52,92306.4437,40,12,0.1182839615,0.004
2020-09-02,industry_diffusion_baseline,11303905.56,92306.4437,40,12,0.1178926881,0.004
2020-09-03,industry_diffusion_baseline,11225471.84,0,40,11,0.1384774722,0.004
2020-09-04,industry_diffusion_baseline,11196507.87,0,40,11,0.1376946444,0.004
2020-09-07,industry_diffusion_baseline,11120835.02,0,40,11,0.1357105877,0.004
2020-09-08,industry_diffusion_baseline,11253840.67,0,40,11,0.1322538975,0.004
2020-09-09,industry_diffusion_baseline,11009230.28,0,40,11,0.1320074556,0.004
2020-09-10,industry_diffusion_baseline,10739522.74,302722.4516,40,8,0.2880781068,0.004
2020-09-11,industry_diffusion_baseline,10878057.3,302722.4516,40,8,0.2932218766,0.004
2020-09-14,industry_diffusion_baseline,10950874.16,302722.4516,40,8,0.2944717483,0.004
2020-09-15,industry_diffusion_baseline,10997378.74,302722.4516,40,8,0.2932024265,0.004
2020-09-16,industry_diffusion_baseline,10873463.07,302722.4516,40,8,0.2913431001,0.004
2020-09-17,industry_diffusion_baseline,10742801.89,48980.61567,40,8,0.287182993,0.004
2020-09-18,industry_diffusion_baseline,10848642.26,48980.61567,40,8,0.2880111561,0.004
2020-09-21,industry_diffusion_baseline,10712914.3,48980.61567,40,8,0.2867195047,0.004
2020-09-22,industry_diffusion_baseline,10504108.23,48980.61567,40,8,0.2891863142,0.004
2020-09-23,industry_diffusion_baseline,10528430.31,48980.61567,40,8,0.2876199259,0.004
2020-09-24,industry_diffusion_baseline,10277322.23,7208.19798,40,5,0.3601321517,0.004
2020-09-25,industry_diffusion_baseline,10201886.88,7208.19798,40,5,0.3597587668,0.004
2020-09-28,industry_diffusion_baseline,10223240.05,7208.19798,40,5,0.3614947378,0.004
2020-09-29,industry_diffusion_baseline,10241440.55,7208.19798,40,5,0.3592503952,0.004
2020-09-30,industry_diffusion_baseline,10318222.69,7208.19798,40,5,0.3604585892,0.004
2020-10-09,industry_diffusion_baseline,10729576.79,4.074536264e-10,40,5,0.2498463987,0.004
2020-10-12,industry_diffusion_baseline,11121368.68,4.074536264e-10,40,5,0.2495410833,0.004
2020-10-13,industry_diffusion_baseline,11237429.71,4.074536264e-10,40,5,0.2485388033,0.004
2020-10-14,industry_diffusion_baseline,11381437.84,4.074536264e-10,40,5,0.2471081224,0.004
2020-10-15,industry_diffusion_baseline,11265249.65,4.074536264e-10,40,5,0.2459282791,0.004
2020-10-16,industry_diffusion_baseline,11136321.82,-5.820766091e-11,40,7,0.2116994146,0.004
2020-10-19,industry_diffusion_baseline,11127864.55,-5.820766091e-11,40,7,0.2120640605,0.004
2020-10-20,industry_diffusion_baseline,11229454.11,-5.820766091e-11,40,7,0.2116049464,0.004
2020-10-21,industry_diffusion_baseline,11124879.05,-5.820766091e-11,40,7,0.2105577029,0.004
2020-10-22,industry_diffusion_baseline,11053615.86,-5.820766091e-11,40,7,0.2104028457,0.004
2020-10-23,industry_diffusion_baseline,10928324.9,2052.440668,40,10,0.1575917097,0.004
2020-10-26,industry_diffusion_baseline,11068519.73,2052.440668,40,10,0.1586289245,0.004
2020-10-27,industry_diffusion_baseline,10967664.23,2052.440668,40,10,0.1582593944,0.004
2020-10-28,industry_diffusion_baseline,11044732.47,2052.440668,40,10,0.1590183304,0.004
2020-10-29,industry_diffusion_baseline,11272599.5,2052.440668,40,10,0.1602128411,0.004
2020-10-30,industry_diffusion_baseline,10935972.67,3.492459655e-10,40,9,0.2287495239,0.004
2020-11-02,industry_diffusion_baseline,11052512.95,3.492459655e-10,40,9,0.2349969189,0.004
2020-11-03,industry_diffusion_baseline,11083887.95,3.492459655e-10,40,9,0.2305661997,0.004
2020-11-04,industry_diffusion_baseline,11190762.52,3.492459655e-10,40,9,0.2361763811,0.004
2020-11-05,industry_diffusion_baseline,11597217.59,3.492459655e-10,40,9,0.2413084576,0.004
2020-11-06,industry_diffusion_baseline,11388336.33,-9.313225746e-10,40,11,0.199711847,0.004
2020-11-09,industry_diffusion_baseline,11515568.78,-9.313225746e-10,40,11,0.197253351,0.004
2020-11-10,industry_diffusion_baseline,11333727.99,-9.313225746e-10,40,11,0.1940922729,0.004
2020-11-11,industry_diffusion_baseline,11066632.66,-9.313225746e-10,40,11,0.1879282732,0.004
2020-11-12,industry_diffusion_baseline,11193303.33,-9.313225746e-10,40,11,0.1872143382,0.004
2020-11-13,industry_diffusion_baseline,11155384.09,4.365574569e-10,40,10,0.2119232112,0.004
2020-11-16,industry_diffusion_baseline,11389104.75,4.365574569e-10,40,10,0.2119414767,0.004
2020-11-17,industry_diffusion_baseline,11631891.76,4.365574569e-10,40,10,0.2169989852,0.004
2020-11-18,industry_diffusion_baseline,11697744.52,4.365574569e-10,40,10,0.2227609456,0.004
2020-11-19,industry_diffusion_baseline,11626531.34,4.365574569e-10,40,10,0.2180619954,0.004
2020-11-20,industry_diffusion_baseline,12082404.13,270704.3127,40,9,0.1605343142,0.004
2020-11-23,industry_diffusion_baseline,12521914.1,270704.3127,40,9,0.1621172741,0.004
2020-11-24,industry_diffusion_baseline,12655289.72,270704.3127,40,9,0.1626127785,0.004
2020-11-25,industry_diffusion_baseline,12585148.2,270704.3127,40,9,0.165767788,0.004
2020-11-26,industry_diffusion_baseline,12418228.03,270704.3127,40,9,0.1634975378,0.004
2020-11-27,industry_diffusion_baseline,12513404.06,557286.7435,40,9,0.1485907199,0.004
2020-11-30,industry_diffusion_baseline,12503874.66,557286.7435,40,9,0.1481113659,0.004
2020-12-01,industry_diffusion_baseline,12648787.64,557286.7435,40,9,0.1472967279,0.004
2020-12-02,industry_diffusion_baseline,12608212.91,557286.7435,40,9,0.1473634502,0.004
2020-12-03,industry_diffusion_baseline,12367102.76,557286.7435,40,9,0.1475571009,0.004
2020-12-04,industry_diffusion_baseline,12494683.38,425227.1848,40,10,0.1569821984,0.004
2020-12-07,industry_diffusion_baseline,12492556.57,425227.1848,40,10,0.1570309881,0.004
2020-12-08,industry_diffusion_baseline,12467836.92,425227.1848,40,10,0.1558976561,0.004
2020-12-09,industry_diffusion_baseline,12343878.88,425227.1848,40,10,0.156018589,0.004
2020-12-10,industry_diffusion_baseline,12322445.69,425227.1848,40,10,0.1571977599,0.004
2020-12-11,industry_diffusion_baseline,12306453.97,199200.4885,40,12,0.138086206,0.004
2020-12-14,industry_diffusion_baseline,12111221.71,199200.4885,40,12,0.1376946511,0.004
2020-12-15,industry_diffusion_baseline,12130890.46,199200.4885,40,12,0.1370654204,0.004
2020-12-16,industry_diffusion_baseline,12119381.17,199200.4885,40,12,0.1367910396,0.004
2020-12-17,industry_diffusion_baseline,12425325.85,199200.4885,40,12,0.1385878004,0.004
2020-12-18,industry_diffusion_baseline,12441862.51,23831.74413,40,14,0.1069478159,0.004
2020-12-21,industry_diffusion_baseline,12606003.82,23831.74413,40,14,0.1068402293,0.004
2020-12-22,industry_diffusion_baseline,12653877.46,23831.74413,40,14,0.1085900136,0.004
2020-12-23,industry_diffusion_baseline,12856836.77,23831.74413,40,14,0.1099525884,0.004
2020-12-24,industry_diffusion_baseline,12699072.42,23831.74413,40,14,0.1112960278,0.004
2020-12-25,industry_diffusion_baseline,12709183.63,69145.68862,40,12,0.1501447207,0.004
2020-12-28,industry_diffusion_baseline,12777557.07,69145.68862,40,12,0.1526699204,0.004
2020-12-29,industry_diffusion_baseline,12319452.52,69145.68862,40,12,0.1528448018,0.004
2020-12-30,industry_diffusion_baseline,12621386.55,69145.68862,40,12,0.1541167642,0.004
2020-12-31,industry_diffusion_baseline,12609365.58,69145.68862,40,12,0.1540160792,0.004
2021-01-04,industry_diffusion_baseline,13188210.75,3.492459655e-10,40,8,0.2615438778,0.004
2021-01-05,industry_diffusion_baseline,13719449.15,3.492459655e-10,40,8,0.264256977,0.004
2021-01-06,industry_diffusion_baseline,13341903.09,3.492459655e-10,40,8,0.2681304636,0.004
2021-01-07,industry_diffusion_baseline,13415369.52,3.492459655e-10,40,8,0.2716483793,0.004
2021-01-08,industry_diffusion_baseline,13016490.02,3.492459655e-10,40,8,0.270580916,0.004
2021-01-11,industry_diffusion_baseline,12349464.99,-3.492459655e-10,40,7,0.2913501496,0.004
2021-01-12,industry_diffusion_baseline,12798221.46,-3.492459655e-10,40,7,0.2958685997,0.004
2021-01-13,industry_diffusion_baseline,12650782.21,-3.492459655e-10,40,7,0.3005904213,0.004
2021-01-14,industry_diffusion_baseline,12044228.14,-3.492459655e-10,40,7,0.2986140319,0.004
2021-01-15,industry_diffusion_baseline,12029693.26,-3.492459655e-10,40,7,0.2884387584,0.004
2021-01-18,industry_diffusion_baseline,12174942.21,81755.10667,40,10,0.288799588,0.004
2021-01-19,industry_diffusion_baseline,11988432.05,81755.10667,40,10,0.2859868577,0.004
2021-01-20,industry_diffusion_baseline,12266846.23,81755.10667,40,10,0.2902393683,0.004
2021-01-21,industry_diffusion_baseline,12527063.16,81755.10667,40,10,0.2932987413,0.004
2021-01-22,industry_diffusion_baseline,12735401.4,81755.10667,40,10,0.3006320192,0.004
2021-01-25,industry_diffusion_baseline,12954823.75,69330.36501,40,10,0.4249057262,0.004
2021-01-26,industry_diffusion_baseline,12774661.69,69330.36501,40,10,0.4257602622,0.004
2021-01-27,industry_diffusion_baseline,12815087.49,69330.36501,40,10,0.4316719171,0.004
2021-01-28,industry_diffusion_baseline,12452439.24,69330.36501,40,10,0.419528752,0.004
2021-01-29,industry_diffusion_baseline,11839687.97,69330.36501,40,10,0.4075967081,0.004
2021-02-01,industry_diffusion_baseline,11686691.77,1.222360879e-09,40,8,0.4072230972,0.004
2021-02-02,industry_diffusion_baseline,11999424.33,1.222360879e-09,40,8,0.418195113,0.004
2021-02-03,industry_diffusion_baseline,11979358.54,1.222360879e-09,40,8,0.418653087,0.004
2021-02-04,industry_diffusion_baseline,11297064.49,1.222360879e-09,40,8,0.4065162649,0.004
2021-02-05,industry_diffusion_baseline,10722469.83,1.222360879e-09,40,8,0.398033674,0.004
2021-02-08,industry_diffusion_baseline,10905358.84,-3.492459655e-10,40,10,0.2239655036,0.004
2021-02-09,industry_diffusion_baseline,11243911.23,-3.492459655e-10,40,10,0.2280825718,0.004
2021-02-10,industry_diffusion_baseline,11329525.83,-3.492459655e-10,40,10,0.2239301764,0.004
2021-02-18,industry_diffusion_baseline,11845209.96,-3.492459655e-10,40,10,0.2271380562,0.004
2021-02-19,industry_diffusion_baseline,11862787.28,-3.492459655e-10,40,10,0.2172020219,0.004
2021-02-22,industry_diffusion_baseline,12041005,0,40,11,0.1467201262,0.004
2021-02-23,industry_diffusion_baseline,11892755.06,0,40,11,0.1482267485,0.004
2021-02-24,industry_diffusion_baseline,11682957.83,0,40,11,0.1474751469,0.004
2021-02-25,industry_diffusion_baseline,11484769.64,0,40,11,0.1469862098,0.004
2021-02-26,industry_diffusion_baseline,11281299.6,0,40,11,0.1460779997,0.004
2021-03-01,industry_diffusion_baseline,11617338.81,0,40,14,0.1229576207,0.004
2021-03-02,industry_diffusion_baseline,11458301.55,0,40,14,0.1225516199,0.004
2021-03-03,industry_diffusion_baseline,11659535.04,0,40,14,0.1217821091,0.004
2021-03-04,industry_diffusion_baseline,11513481.49,0,40,14,0.1219134844,0.004
2021-03-05,industry_diffusion_baseline,11551411.55,0,40,14,0.1206926698,0.004
2021-03-08,industry_diffusion_baseline,11401858.34,250996.7629,40,18,0.09075087986,0.004
2021-03-09,industry_diffusion_baseline,11207731.18,250996.7629,40,18,0.09398541416,0.004
2021-03-10,industry_diffusion_baseline,11038583.11,250996.7629,40,18,0.09321853988,0.004
2021-03-11,industry_diffusion_baseline,11291535.58,250996.7629,40,18,0.09307046794,0.004
2021-03-12,industry_diffusion_baseline,11429731.66,250996.7629,40,18,0.09410320699,0.004
2021-03-15,industry_diffusion_baseline,11548109.23,303916.2583,40,23,0.05991275251,0.004
2021-03-16,industry_diffusion_baseline,11585870.62,303916.2583,40,23,0.06047964315,0.004
2021-03-17,industry_diffusion_baseline,11537132.9,303916.2583,40,23,0.06030694234,0.004
2021-03-18,industry_diffusion_baseline,11501496.81,303916.2583,40,23,0.06007881504,0.004
2021-03-19,industry_diffusion_baseline,11360866.67,303916.2583,40,23,0.06039722306,0.004
2021-03-22,industry_diffusion_baseline,11536223.3,336185.39,40,21,0.0706087419,0.004
2021-03-23,industry_diffusion_baseline,11335004.63,336185.39,40,21,0.07034298151,0.004
2021-03-24,industry_diffusion_baseline,11164696.88,336185.39,40,21,0.07103441938,0.004
2021-03-25,industry_diffusion_baseline,11137818.04,336185.39,40,21,0.0711196841,0.004
2021-03-26,industry_diffusion_baseline,11246723.08,336185.39,40,21,0.0709060756,0.004
2021-03-29,industry_diffusion_baseline,11328714.06,1.164153218e-10,40,19,0.1171649085,0.004
2021-03-30,industry_diffusion_baseline,11354841.3,1.164153218e-10,40,19,0.117197105,0.004
2021-03-31,industry_diffusion_baseline,11358568.72,1.164153218e-10,40,19,0.1175209364,0.004
2021-04-01,industry_diffusion_baseline,11418500.43,1.164153218e-10,40,19,0.1208430294,0.004
2021-04-02,industry_diffusion_baseline,11353100.85,1.164153218e-10,40,19,0.1206913011,0.004
2021-04-06,industry_diffusion_baseline,11431137.77,47147.73888,40,16,0.2333139395,0.004
2021-04-07,industry_diffusion_baseline,11753264.08,47147.73888,40,16,0.2436453406,0.004
2021-04-08,industry_diffusion_baseline,11737994.74,47147.73888,40,16,0.2463065486,0.004
2021-04-09,industry_diffusion_baseline,11832587.12,47147.73888,40,16,0.2475582922,0.004
2021-04-12,industry_diffusion_baseline,11937227.74,47147.73888,40,16,0.2549006445,0.004
2021-04-13,industry_diffusion_baseline,11699895.46,-1.164153218e-10,40,13,0.2545367764,0.004
2021-04-14,industry_diffusion_baseline,11896545.05,-1.164153218e-10,40,13,0.2576049737,0.004
2021-04-15,industry_diffusion_baseline,11802439.34,-1.164153218e-10,40,13,0.2544998669,0.004
2021-04-16,industry_diffusion_baseline,11942126.73,-1.164153218e-10,40,13,0.2501202289,0.004
2021-04-19,industry_diffusion_baseline,11952491.1,-1.164153218e-10,40,13,0.2452515104,0.004
2021-04-20,industry_diffusion_baseline,12038236.09,0,40,13,0.1950899583,0.004
2021-04-21,industry_diffusion_baseline,11945392.22,0,40,13,0.1930233062,0.004
2021-04-22,industry_diffusion_baseline,12054038.96,0,40,13,0.1978076038,0.004
2021-04-23,industry_diffusion_baseline,12183027.68,0,40,13,0.2003775221,0.004
2021-04-26,industry_diffusion_baseline,11981463.69,0,40,13,0.1975145702,0.004
2021-04-27,industry_diffusion_baseline,11928809.29,59374.45389,40,12,0.1316879491,0.004
2021-04-28,industry_diffusion_baseline,12012836.56,59374.45389,40,12,0.1319607393,0.004
2021-04-29,industry_diffusion_baseline,11924255.41,59374.45389,40,12,0.1308696674,0.004
2021-04-30,industry_diffusion_baseline,11821393.48,59374.45389,40,12,0.1313480953,0.004
2021-05-06,industry_diffusion_baseline,11975037.56,59374.45389,40,12,0.1335899423,0.004
2021-05-07,industry_diffusion_baseline,11942314.28,135333.5117,40,16,0.1121599103,0.004
2021-05-10,industry_diffusion_baseline,12196614.89,135333.5117,40,16,0.1120760586,0.004
2021-05-11,industry_diffusion_baseline,12264083.75,135333.5117,40,16,0.1126237242,0.004
2021-05-12,industry_diffusion_baseline,12410439.31,135333.5117,40,16,0.1120880121,0.004
2021-05-13,industry_diffusion_baseline,12385111.62,135333.5117,40,16,0.1134677925,0.004
2021-05-14,industry_diffusion_baseline,12557532.82,-1.164153218e-10,40,12,0.1727637297,0.004
2021-05-17,industry_diffusion_baseline,12544547.03,-1.164153218e-10,40,12,0.1703952127,0.004
2021-05-18,industry_diffusion_baseline,12745576.32,-1.164153218e-10,40,12,0.1728396241,0.004
2021-05-19,industry_diffusion_baseline,12672502.38,-1.164153218e-10,40,12,0.1715078463,0.004
2021-05-20,industry_diffusion_baseline,12526214.19,-1.164153218e-10,40,12,0.1724326436,0.004
2021-05-21,industry_diffusion_baseline,12619491.43,173977.595,40,10,0.2249434889,0.004
2021-05-24,industry_diffusion_baseline,12747492.86,173977.595,40,10,0.225809865,0.004
2021-05-25,industry_diffusion_baseline,12913058.81,173977.595,40,10,0.2245853675,0.004
2021-05-26,industry_diffusion_baseline,13059300.38,463628.9104,39,10,0.2279855811,0.004
2021-05-27,industry_diffusion_baseline,13068772.51,463628.9104,39,10,0.2261751968,0.004
2021-05-28,industry_diffusion_baseline,13143847.59,370278.7731,39,14,0.1809779551,0.004
2021-05-31,industry_diffusion_baseline,13317182.27,370278.7731,39,14,0.1845862546,0.004
2021-06-01,industry_diffusion_baseline,13321898.36,370278.7731,39,14,0.1782416255,0.004
2021-06-02,industry_diffusion_baseline,13183547.51,370278.7731,39,14,0.1759057957,0.004
2021-06-03,industry_diffusion_baseline,13140751.09,370278.7731,39,14,0.1754122416,0.004
2021-06-04,industry_diffusion_baseline,13376778.03,-6.98491931e-10,40,11,0.1807897059,0.004
2021-06-07,industry_diffusion_baseline,13554350.02,-6.98491931e-10,40,11,0.1806237674,0.004
2021-06-08,industry_diffusion_baseline,13007405.35,-6.98491931e-10,40,11,0.1772827575,0.004
2021-06-09,industry_diffusion_baseline,13001057.75,-6.98491931e-10,40,11,0.1777391393,0.004
2021-06-10,industry_diffusion_baseline,13090985.57,-6.98491931e-10,40,11,0.179199742,0.004
2021-06-11,industry_diffusion_baseline,12802020.12,73330.30956,40,11,0.135441652,0.004
2021-06-15,industry_diffusion_baseline,12584306.39,73330.30956,40,11,0.1346335916,0.004
2021-06-16,industry_diffusion_baseline,12224555.22,73330.30956,40,11,0.1327231981,0.004
2021-06-17,industry_diffusion_baseline,12417108.22,73330.30956,40,11,0.1333602452,0.004
2021-06-18,industry_diffusion_baseline,12634385.9,73330.30956,40,11,0.1349570726,0.004
2021-06-21,industry_diffusion_baseline,12665589.45,155923.2724,40,16,0.1005358219,0.004
2021-06-22,industry_diffusion_baseline,12650479.77,155923.2724,40,16,0.1008919409,0.004
2021-06-23,industry_diffusion_baseline,12608637.17,155923.2724,40,16,0.09990771785,0.004
2021-06-24,industry_diffusion_baseline,12471864.34,155923.2724,40,16,0.1003884067,0.004
2021-06-25,industry_diffusion_baseline,12603200.05,155923.2724,40,16,0.1012377623,0.004
2021-06-28,industry_diffusion_baseline,12575713.66,53727.15236,40,15,0.1084085271,0.004
2021-06-29,industry_diffusion_baseline,12426557.34,53727.15236,40,15,0.1077038347,0.004
2021-06-30,industry_diffusion_baseline,12479791.56,53727.15236,40,15,0.1079347783,0.004
2021-07-01,industry_diffusion_baseline,12155761.53,53727.15236,40,15,0.1076882144,0.004
2021-07-02,industry_diffusion_baseline,12022666.2,53727.15236,40,15,0.1074393384,0.004
2021-07-05,industry_diffusion_baseline,12159016.24,5.820766091e-10,40,14,0.1326668116,0.004
2021-07-06,industry_diffusion_baseline,12212892.36,5.820766091e-10,40,14,0.1317437181,0.004
2021-07-07,industry_diffusion_baseline,12336174.63,5.820766091e-10,40,14,0.1317884897,0.004
2021-07-08,industry_diffusion_baseline,12418083.2,5.820766091e-10,40,14,0.132660777,0.004
2021-07-09,industry_diffusion_baseline,12446919.92,5.820766091e-10,40,14,0.1322754574,0.004
2021-07-12,industry_diffusion_baseline,12581541.61,191020.3297,40,14,0.1270709619,0.004
2021-07-13,industry_diffusion_baseline,12522257.38,191020.3297,40,14,0.1242299296,0.004
2021-07-14,industry_diffusion_baseline,12374317.59,191020.3297,40,14,0.1238593528,0.004
2021-07-15,industry_diffusion_baseline,12338873.07,191020.3297,40,14,0.1232955089,0.004
2021-07-16,industry_diffusion_baseline,12414692.08,191020.3297,40,14,0.1231146056,0.004
2021-07-19,industry_diffusion_baseline,12301792.89,141398.0988,40,13,0.1255918626,0.004
2021-07-20,industry_diffusion_baseline,12292281.51,141398.0988,40,13,0.1261088689,0.004
2021-07-21,industry_diffusion_baseline,12651753.25,141398.0988,40,13,0.1276922123,0.004
2021-07-22,industry_diffusion_baseline,12938932.06,141398.0988,40,13,0.1291819658,0.004
2021-07-23,industry_diffusion_baseline,12757068.56,141398.0988,40,13,0.1283937579,0.004
2021-07-26,industry_diffusion_baseline,12865990.43,-5.820766091e-11,40,10,0.1490535241,0.004
2021-07-27,industry_diffusion_baseline,12418318.73,-5.820766091e-11,40,10,0.1508234409,0.004
2021-07-28,industry_diffusion_baseline,12135921.02,-5.820766091e-11,40,10,0.151347953,0.004
2021-07-29,industry_diffusion_baseline,12739195.49,-5.820766091e-11,40,10,0.152080971,0.004
2021-07-30,industry_diffusion_baseline,13048146.03,-5.820766091e-11,40,10,0.1533935717,0.004
2021-08-02,industry_diffusion_baseline,12905340.22,40640.38775,40,9,0.1384916097,0.004
2021-08-03,industry_diffusion_baseline,12410685.45,40640.38775,40,9,0.1368277518,0.004
2021-08-04,industry_diffusion_baseline,12877355.66,40640.38775,40,9,0.1378373406,0.004
2021-08-05,industry_diffusion_baseline,12685001.6,40640.38775,40,9,0.1370677549,0.004
2021-08-06,industry_diffusion_baseline,13077217.35,40640.38775,40,9,0.1378269971,0.004
2021-08-09,industry_diffusion_baseline,13028930.03,215604.7186,40,9,0.1540752056,0.004
2021-08-10,industry_diffusion_baseline,13000592.97,215604.7186,40,9,0.1548617852,0.004
2021-08-11,industry_diffusion_baseline,13202746.01,215604.7186,40,9,0.1553779199,0.004
2021-08-12,industry_diffusion_baseline,13365835.78,215604.7186,40,9,0.154977376,0.004
2021-08-13,industry_diffusion_baseline,13607910,215604.7186,40,9,0.1545273088,0.004
2021-08-16,industry_diffusion_baseline,13160788.45,252701.5993,40,11,0.1400727775,0.004
2021-08-17,industry_diffusion_baseline,13084868.57,252701.5993,40,11,0.140616658,0.004
2021-08-18,industry_diffusion_baseline,13298644.77,252701.5993,40,11,0.139975794,0.004
2021-08-19,industry_diffusion_baseline,13318734.21,252701.5993,40,11,0.1391240069,0.004
2021-08-20,industry_diffusion_baseline,13452969.9,252701.5993,40,11,0.1377094469,0.004
2021-08-23,industry_diffusion_baseline,13841566.91,70505.37788,40,12,0.1410267656,0.004
2021-08-24,industry_diffusion_baseline,14072930.23,70505.37788,40,12,0.1407760595,0.004
2021-08-25,industry_diffusion_baseline,14137629.67,70505.37788,40,12,0.1398500393,0.004
2021-08-26,industry_diffusion_baseline,14246019.4,70505.37788,40,12,0.1393558147,0.004
2021-08-27,industry_diffusion_baseline,14265500.52,70505.37788,40,12,0.1392875296,0.004
2021-08-30,industry_diffusion_baseline,14344837.33,0,40,12,0.1568596646,0.004
2021-08-31,industry_diffusion_baseline,14284587.93,0,40,12,0.1559224574,0.004
2021-09-01,industry_diffusion_baseline,13948561.12,0,40,12,0.1543085145,0.004
2021-09-02,industry_diffusion_baseline,14288914.95,0,40,12,0.1547324375,0.004
2021-09-03,industry_diffusion_baseline,14022433.41,0,40,12,0.1535476805,0.004
2021-09-06,industry_diffusion_baseline,14118879.12,-6.4028427e-10,40,12,0.1326291408,0.004
2021-09-07,industry_diffusion_baseline,14476532.63,-6.4028427e-10,40,12,0.1325214292,0.004
2021-09-08,industry_diffusion_baseline,14347258.83,-6.4028427e-10,40,12,0.1300759444,0.004
2021-09-09,industry_diffusion_baseline,14935509.4,-6.4028427e-10,40,12,0.1302553599,0.004
2021-09-10,industry_diffusion_baseline,14762408.43,-6.4028427e-10,40,12,0.13126441,0.004
2021-09-13,industry_diffusion_baseline,14817341.63,208266.6988,40,11,0.1314175165,0.004
2021-09-14,industry_diffusion_baseline,14553130.59,208266.6988,40,11,0.1319945845,0.004
2021-09-15,industry_diffusion_baseline,14730409.9,208266.6988,40,11,0.133072639,0.004
2021-09-16,industry_diffusion_baseline,14668575.68,208266.6988,40,11,0.1336323545,0.004
2021-09-17,industry_diffusion_baseline,14583704.2,208266.6988,40,11,0.1347368672,0.004
2021-09-22,industry_diffusion_baseline,14788402.85,301842.4647,40,12,0.118953703,0.004
2021-09-23,industry_diffusion_baseline,14971080.35,301842.4647,40,12,0.1196557362,0.004
2021-09-24,industry_diffusion_baseline,14422453.47,301842.4647,40,12,0.118568569,0.004
2021-09-27,industry_diffusion_baseline,13798137.43,301842.4647,40,12,0.1178759687,0.004
2021-09-28,industry_diffusion_baseline,14016495.04,301842.4647,40,12,0.1172382218,0.004
2021-09-29,industry_diffusion_baseline,13575075.35,284247.4445,40,13,0.1204439604,0.004
2021-09-30,industry_diffusion_baseline,13793648.6,284247.4445,40,13,0.1195580419,0.004
2021-10-08,industry_diffusion_baseline,14215881.81,284247.4445,40,13,0.118112126,0.004
2021-10-11,industry_diffusion_baseline,14290245.09,284247.4445,40,13,0.1188759995,0.004
2021-10-12,industry_diffusion_baseline,14128480.96,284247.4445,40,13,0.1187496019,0.004
2021-10-13,industry_diffusion_baseline,13819844.37,0,40,13,0.1371413622,0.004
2021-10-14,industry_diffusion_baseline,13734803.6,0,40,13,0.1352662222,0.004
2021-10-15,industry_diffusion_baseline,13488054.92,0,40,13,0.1340101052,0.004
2021-10-18,industry_diffusion_baseline,13824699.01,0,40,13,0.1335441079,0.004
2021-10-19,industry_diffusion_baseline,14104774.82,0,40,13,0.1366164775,0.004
2021-10-20,industry_diffusion_baseline,13853507.75,-4.074536264e-10,41,11,0.2178674319,0.004
2021-10-21,industry_diffusion_baseline,13694537.37,332832.1387,40,10,0.2273568438,0.004
2021-10-22,industry_diffusion_baseline,13490857.09,332832.1387,40,10,0.2291153519,0.004
2021-10-25,industry_diffusion_baseline,13527352.57,332832.1387,40,10,0.2276412687,0.004
2021-10-26,industry_diffusion_baseline,13347167.17,332832.1387,40,10,0.2290123482,0.004
2021-10-27,industry_diffusion_baseline,13322681.16,173944.7916,40,7,0.3782167499,0.004
2021-10-28,industry_diffusion_baseline,13078608.45,173944.7916,40,7,0.3767070265,0.004
2021-10-29,industry_diffusion_baseline,13275414.48,173944.7916,40,7,0.3774227219,0.004
2021-11-01,industry_diffusion_baseline,13349268.69,173944.7916,40,7,0.3769158807,0.004
2021-11-02,industry_diffusion_baseline,13259739.6,173944.7916,40,7,0.3806226162,0.004
2021-11-03,industry_diffusion_baseline,13614970.71,187208.1233,40,9,0.2785386436,0.004
2021-11-04,industry_diffusion_baseline,14010766.6,187208.1233,40,9,0.2840426339,0.004
2021-11-05,industry_diffusion_baseline,13730889.05,187208.1233,40,9,0.2812103021,0.004
2021-11-08,industry_diffusion_baseline,13686596.02,187208.1233,40,9,0.2799269407,0.004
2021-11-09,industry_diffusion_baseline,13775128.14,187208.1233,40,9,0.2781474424,0.004
2021-11-10,industry_diffusion_baseline,13640254.05,202229.1278,40,11,0.1736477528,0.004
2021-11-11,industry_diffusion_baseline,13716914.92,202229.1278,40,11,0.1729822185,0.004
2021-11-12,industry_diffusion_baseline,13823611.68,202229.1278,40,11,0.1727270833,0.004
2021-11-15,industry_diffusion_baseline,13786379.61,202229.1278,40,11,0.1731630535,0.004
2021-11-16,industry_diffusion_baseline,13597485.09,202229.1278,40,11,0.172043118,0.004
2021-11-17,industry_diffusion_baseline,13784971.54,36655.95339,40,13,0.1217953208,0.004
2021-11-18,industry_diffusion_baseline,13866864.84,36655.95339,40,13,0.1222346231,0.004
2021-11-19,industry_diffusion_baseline,13940779.03,36655.95339,40,13,0.1213211269,0.004
2021-11-22,industry_diffusion_baseline,14136037.46,36655.95339,40,13,0.1201833848,0.004
2021-11-23,industry_diffusion_baseline,14082874.4,36655.95339,40,13,0.1201195387,0.004
2021-11-24,industry_diffusion_baseline,13952732.52,1.746229827e-10,40,15,0.124562739,0.004
2021-11-25,industry_diffusion_baseline,13871029.32,1.746229827e-10,40,15,0.1251903114,0.004
2021-11-26,industry_diffusion_baseline,13794825.39,1.746229827e-10,40,15,0.12386685,0.004
2021-11-29,industry_diffusion_baseline,13732379.58,1.746229827e-10,40,15,0.1243126391,0.004
2021-11-30,industry_diffusion_baseline,13985883.16,1.746229827e-10,40,15,0.1276874455,0.004
2021-12-01,industry_diffusion_baseline,14056003.53,58220.3977,40,18,0.09199776137,0.004
2021-12-02,industry_diffusion_baseline,13912279.29,58220.3977,40,18,0.09127323968,0.004
2021-12-03,industry_diffusion_baseline,13969883.66,58220.3977,40,18,0.09200431758,0.004
2021-12-06,industry_diffusion_baseline,13706694.43,58220.3977,40,18,0.09181414248,0.004
2021-12-07,industry_diffusion_baseline,13476236.82,58220.3977,40,18,0.09017696617,0.004
2021-12-08,industry_diffusion_baseline,13653437.6,139879.9185,40,19,0.08094767215,0.004
2021-12-09,industry_diffusion_baseline,13834760.86,139879.9185,40,19,0.08098879888,0.004
2021-12-10,industry_diffusion_baseline,13909058.58,139879.9185,40,19,0.08120958038,0.004
2021-12-13,industry_diffusion_baseline,13993382.19,139879.9185,40,19,0.08024126528,0.004
2021-12-14,industry_diffusion_baseline,13898101.96,139879.9185,40,19,0.07936583409,0.004
2021-12-15,industry_diffusion_baseline,13761766.48,72562.62361,40,20,0.08230052492,0.004
2021-12-16,industry_diffusion_baseline,13926626.22,72562.62361,40,20,0.08232150172,0.004
2021-12-17,industry_diffusion_baseline,13839467.57,72562.62361,40,20,0.08161564243,0.004
2021-12-20,industry_diffusion_baseline,13691780.83,72562.62361,40,20,0.08262778062,0.004
2021-12-21,industry_diffusion_baseline,13872035.64,72562.62361,40,20,0.08171220366,0.004
2021-12-22,industry_diffusion_baseline,13848100.65,51126.34332,40,17,0.09628500452,0.004
2021-12-23,industry_diffusion_baseline,13857250.13,51126.34332,40,17,0.096828804,0.004
2021-12-24,industry_diffusion_baseline,13476900.62,51126.34332,40,17,0.09519674451,0.004
2021-12-27,industry_diffusion_baseline,13379265.78,51126.34332,40,17,0.09462145873,0.004
2021-12-28,industry_diffusion_baseline,13515435.3,51126.34332,40,17,0.09476926041,0.004
2021-12-29,industry_diffusion_baseline,13458290.4,112275.9081,40,17,0.0809178579,0.004
2021-12-30,industry_diffusion_baseline,13660399.51,112275.9081,40,17,0.08044095601,0.004
2021-12-31,industry_diffusion_baseline,13812966.29,112275.9081,40,17,0.07985056162,0.004
2022-01-04,industry_diffusion_baseline,14122881.42,112275.9081,40,17,0.07934276372,0.004
2022-01-05,industry_diffusion_baseline,14156285.36,112275.9081,40,17,0.07977141116,0.004
2022-01-06,industry_diffusion_baseline,14438577.92,-3.492459655e-10,40,17,0.07546290831,0.004
2022-01-07,industry_diffusion_baseline,14328351.27,-3.492459655e-10,40,17,0.07597996574,0.004
2022-01-10,industry_diffusion_baseline,14294647.43,-3.492459655e-10,40,17,0.07579820922,0.004
2022-01-11,industry_diffusion_baseline,14288909.29,-3.492459655e-10,40,17,0.07563637014,0.004
2022-01-12,industry_diffusion_baseline,14407767.88,-3.492459655e-10,40,17,0.07420266629,0.004
2022-01-13,industry_diffusion_baseline,14216427.55,-3.492459655e-10,40,13,0.09895817116,0.004
2022-01-14,industry_diffusion_baseline,13989152.94,-3.492459655e-10,40,13,0.09815856808,0.004
2022-01-17,industry_diffusion_baseline,14235847.3,-3.492459655e-10,40,13,0.09812203591,0.004
2022-01-18,industry_diffusion_baseline,14015189.96,-3.492459655e-10,40,13,0.09984135846,0.004
2022-01-19,industry_diffusion_baseline,14373241.36,-3.492459655e-10,40,13,0.1018146347,0.004
2022-01-20,industry_diffusion_baseline,14136987.48,258625.6836,40,12,0.1407878764,0.004
2022-01-21,industry_diffusion_baseline,13950972.97,258625.6836,40,12,0.1418154997,0.004
2022-01-24,industry_diffusion_baseline,14000283.49,258625.6836,40,12,0.1453777808,0.004
2022-01-25,industry_diffusion_baseline,13483931.35,258625.6836,40,12,0.1484717579,0.004
2022-01-26,industry_diffusion_baseline,13458173.08,258625.6836,40,12,0.1451385031,0.004
2022-01-27,industry_diffusion_baseline,12873852.02,424305.9873,40,10,0.176065055,0.004
2022-01-28,industry_diffusion_baseline,13167475.47,424305.9873,40,10,0.1812803612,0.004
2022-02-07,industry_diffusion_baseline,13391918.33,424305.9873,40,10,0.1782936856,0.004
2022-02-08,industry_diffusion_baseline,13817797.15,424305.9873,40,10,0.1792336387,0.004
2022-02-09,industry_diffusion_baseline,14070743.11,424305.9873,40,10,0.1769590137,0.004
2022-02-10,industry_diffusion_baseline,14332142.78,275272.1133,40,9,0.2041463268,0.004
2022-02-11,industry_diffusion_baseline,14261239.15,275272.1133,40,9,0.2050921641,0.004
2022-02-14,industry_diffusion_baseline,14565913.89,275272.1133,40,9,0.2109719926,0.004
2022-02-15,industry_diffusion_baseline,14204519.66,275272.1133,40,9,0.2033561116,0.004
2022-02-16,industry_diffusion_baseline,14368035.02,275272.1133,40,9,0.2016039571,0.004
2022-02-17,industry_diffusion_baseline,13978836.05,2.328306437e-10,40,7,0.2391292276,0.004
2022-02-18,industry_diffusion_baseline,14129402.33,2.328306437e-10,40,7,0.2370629991,0.004
2022-02-21,industry_diffusion_baseline,14253484.65,2.328306437e-10,40,7,0.2377696266,0.004
2022-02-22,industry_diffusion_baseline,14024764.64,2.328306437e-10,40,7,0.2385987085,0.004
2022-02-23,industry_diffusion_baseline,13925109.4,2.328306437e-10,40,7,0.2373371309,0.004
2022-02-24,industry_diffusion_baseline,13422790.24,158681.6335,40,10,0.1425051891,0.004
2022-02-25,industry_diffusion_baseline,13535285.82,158681.6335,40,10,0.1425514664,0.004
2022-02-28,industry_diffusion_baseline,13609031.76,158681.6335,40,10,0.1438174775,0.004
2022-03-01,industry_diffusion_baseline,13697687.03,158681.6335,40,10,0.1428331065,0.004
2022-03-02,industry_diffusion_baseline,13763031.18,158681.6335,40,10,0.1426572216,0.004
2022-03-03,industry_diffusion_baseline,13785177.33,159024.4229,40,14,0.1047806103,0.004
2022-03-04,industry_diffusion_baseline,13585152.89,159024.4229,40,14,0.1052988626,0.004
2022-03-07,industry_diffusion_baseline,13418585.42,159024.4229,40,14,0.1044431374,0.004
2022-03-08,industry_diffusion_baseline,12745418.8,159024.4229,40,14,0.1028969952,0.004
2022-03-09,industry_diffusion_baseline,12608877.33,159024.4229,40,14,0.1028123527,0.004
2022-03-10,industry_diffusion_baseline,12904439.56,223784.2668,40,12,0.1957613723,0.004
2022-03-11,industry_diffusion_baseline,12876203.91,223784.2668,40,12,0.1955822503,0.004
2022-03-14,industry_diffusion_baseline,12454189.6,223784.2668,40,12,0.1953026055,0.004
2022-03-15,industry_diffusion_baseline,11705637.56,223784.2668,40,12,0.1915270188,0.004
2022-03-16,industry_diffusion_baseline,12124299.39,223784.2668,40,12,0.1879507162,0.004
2022-03-17,industry_diffusion_baseline,12386407.57,177317.7859,40,10,0.1931622374,0.004
2022-03-18,industry_diffusion_baseline,12676878.1,177317.7859,40,10,0.195386888,0.004
2022-03-21,industry_diffusion_baseline,12942350.84,177317.7859,40,10,0.1969225381,0.004
2022-03-22,industry_diffusion_baseline,13073353.45,177317.7859,40,10,0.1971571378,0.004
2022-03-23,industry_diffusion_baseline,12986076.27,177317.7859,40,10,0.1965445175,0.004
2022-03-24,industry_diffusion_baseline,13110280.36,27283.77343,40,9,0.2259204237,0.004
2022-03-25,industry_diffusion_baseline,13080031.85,27283.77343,40,9,0.2255827446,0.004
2022-03-28,industry_diffusion_baseline,13042020.62,27283.77343,40,9,0.2275380448,0.004
2022-03-29,industry_diffusion_baseline,13070481.86,27283.77343,40,9,0.2288985258,0.004
2022-03-30,industry_diffusion_baseline,13074855.67,27283.77343,40,9,0.224917575,0.004
2022-03-31,industry_diffusion_baseline,13164564.27,5.820766091e-11,40,6,0.2255954651,0.004
2022-04-01,industry_diffusion_baseline,13014240.25,5.820766091e-11,40,6,0.2264876879,0.004
2022-04-06,industry_diffusion_baseline,13000977.51,5.820766091e-11,40,6,0.2247036869,0.004
2022-04-07,industry_diffusion_baseline,12686209.56,5.820766091e-11,40,6,0.2275179252,0.004
2022-04-08,industry_diffusion_baseline,12598891.56,5.820766091e-11,40,6,0.2292773598,0.004
2022-04-11,industry_diffusion_baseline,12403983.66,8.149072528e-10,41,7,0.1762371624,0.004
2022-04-12,industry_diffusion_baseline,12628117.37,8.149072528e-10,41,7,0.176144944,0.004
2022-04-13,industry_diffusion_baseline,12440720.63,8.149072528e-10,41,7,0.1753204731,0.004
2022-04-14,industry_diffusion_baseline,12619037.73,8.149072528e-10,41,7,0.1744537645,0.004
2022-04-15,industry_diffusion_baseline,12536278.11,8.149072528e-10,41,7,0.174430362,0.004
2022-04-18,industry_diffusion_baseline,12386915.89,5.820766091e-11,41,9,0.1569174547,0.004
2022-04-19,industry_diffusion_baseline,12524871.47,5.820766091e-11,41,9,0.1584845306,0.004
2022-04-20,industry_diffusion_baseline,12477557.74,5.820766091e-11,41,9,0.1578787176,0.004
2022-04-21,industry_diffusion_baseline,12119320.47,5.820766091e-11,41,9,0.1586105226,0.004
2022-04-22,industry_diffusion_baseline,11821378.01,5.820766091e-11,41,9,0.1580692176,0.004
2022-04-25,industry_diffusion_baseline,10945143.11,316011.0842,40,8,0.1894310187,0.004
2022-04-26,industry_diffusion_baseline,10660930.67,316011.0842,40,8,0.1909393616,0.004
2022-04-27,industry_diffusion_baseline,10735682.13,316011.0842,40,8,0.1886861893,0.004
2022-04-28,industry_diffusion_baseline,10571650.07,597228.5266,39,8,0.1941938274,0.004
2022-04-29,industry_diffusion_baseline,10756380.04,597228.5266,39,8,0.1920814522,0.004
2022-05-05,industry_diffusion_baseline,10812840.13,173915.4181,40,8,0.1711434277,0.004
2022-05-06,industry_diffusion_baseline,10514122.93,173915.4181,40,8,0.1721444052,0.004
2022-05-09,industry_diffusion_baseline,10545473.63,173915.4181,40,8,0.1722619696,0.004
2022-05-10,industry_diffusion_baseline,10558260.41,173915.4181,40,8,0.1725968148,0.004
2022-05-11,industry_diffusion_baseline,10541269.38,386144.7581,39,8,0.1771060422,0.004
2022-05-12,industry_diffusion_baseline,10579992.1,47555.26703,40,10,0.1751138564,0.004
2022-05-13,industry_diffusion_baseline,10736291.09,47555.26703,40,10,0.1760783565,0.004
2022-05-16,industry_diffusion_baseline,10804331.28,47555.26703,40,10,0.1760558168,0.004
2022-05-17,industry_diffusion_baseline,10760425.81,47555.26703,40,10,0.1754917782,0.004
2022-05-18,industry_diffusion_baseline,10746613.99,47555.26703,40,10,0.1749536521,0.004
2022-05-19,industry_diffusion_baseline,10809617.85,4.656612873e-10,40,10,0.1433202021,0.004
2022-05-20,industry_diffusion_baseline,11061906.6,4.656612873e-10,40,10,0.142843136,0.004
2022-05-23,industry_diffusion_baseline,11209354.11,4.656612873e-10,40,10,0.1430048343,0.004
2022-05-24,industry_diffusion_baseline,10895286.01,4.656612873e-10,40,10,0.1424101313,0.004
2022-05-25,industry_diffusion_baseline,11110562.09,4.656612873e-10,40,10,0.1455256479,0.004
2022-05-26,industry_diffusion_baseline,11110443.21,191296.1977,40,13,0.1035272177,0.004
2022-05-27,industry_diffusion_baseline,11173238.61,191296.1977,40,13,0.1034317932,0.004
2022-05-30,industry_diffusion_baseline,11261083.35,191296.1977,40,13,0.1036771804,0.004
2022-05-31,industry_diffusion_baseline,11320603.33,191296.1977,40,13,0.1044938051,0.004
2022-06-01,industry_diffusion_baseline,11469780.33,191296.1977,40,13,0.1048381978,0.004
2022-06-02,industry_diffusion_baseline,11580342.92,235487.6168,40,20,0.06928588995,0.004
2022-06-06,industry_diffusion_baseline,11735667.75,235487.6168,40,20,0.06962829962,0.004
2022-06-07,industry_diffusion_baseline,11574041.97,235487.6168,40,20,0.06909064633,0.004
2022-06-08,industry_diffusion_baseline,11717380.64,235487.6168,40,20,0.07002344845,0.004
2022-06-09,industry_diffusion_baseline,11496431.42,235487.6168,40,20,0.06965427499,0.004
2022-06-10,industry_diffusion_baseline,11691742.9,114209.3392,40,23,0.06450816342,0.004
2022-06-13,industry_diffusion_baseline,11782680.97,114209.3392,40,23,0.06555420905,0.004
2022-06-14,industry_diffusion_baseline,11943909.62,114209.3392,40,23,0.06661972137,0.004
2022-06-15,industry_diffusion_baseline,11894255.76,114209.3392,40,23,0.06610050783,0.004
2022-06-16,industry_diffusion_baseline,11825795.96,114209.3392,40,23,0.06642207228,0.004
2022-06-17,industry_diffusion_baseline,11993708.41,62598.2214,40,22,0.0572490051,0.004
2022-06-20,industry_diffusion_baseline,12038342.9,62598.2214,40,22,0.05721122395,0.004
2022-06-21,industry_diffusion_baseline,11988261.18,424287.0878,39,22,0.05823274118,0.004
2022-06-22,industry_diffusion_baseline,12051825.87,424287.0878,39,22,0.05894270859,0.004
2022-06-23,industry_diffusion_baseline,12437981.13,424287.0878,39,22,0.05944337244,0.004
2022-06-24,industry_diffusion_baseline,12438150.33,386992.8855,40,21,0.05827383634,0.004
2022-06-27,industry_diffusion_baseline,12427526.79,386992.8855,40,21,0.0582121346,0.004
2022-06-28,industry_diffusion_baseline,12602805.35,386992.8855,40,21,0.05842401642,0.004
2022-06-29,industry_diffusion_baseline,12359947.25,386992.8855,40,21,0.05839016961,0.004
2022-06-30,industry_diffusion_baseline,12396488.64,386992.8855,40,21,0.05877055918,0.004
2022-07-01,industry_diffusion_baseline,12236602.82,135607.929,40,22,0.05973133562,0.004
2022-07-04,industry_diffusion_baseline,12326774.07,135607.929,40,22,0.05959336795,0.004
2022-07-05,industry_diffusion_baseline,12188070.4,135607.929,40,22,0.05979766156,0.004
2022-07-06,industry_diffusion_baseline,12003692.87,135607.929,40,22,0.05982707527,0.004
2022-07-07,industry_diffusion_baseline,12144084.65,135607.929,40,22,0.05966590903,0.004
2022-07-08,industry_diffusion_baseline,12138563.4,17125.06104,39,19,0.07432067227,0.004
2022-07-11,industry_diffusion_baseline,12157847.67,17125.06104,39,19,0.07495673983,0.004
2022-07-12,industry_diffusion_baseline,12231665.53,17125.06104,39,19,0.07591122165,0.004
2022-07-13,industry_diffusion_baseline,12515167.56,17125.06104,39,19,0.07701140765,0.004
2022-07-14,industry_diffusion_baseline,12353266.62,17125.06104,39,19,0.07602417405,0.004
2022-07-15,industry_diffusion_baseline,12147136.68,-4.074536264e-10,39,19,0.09024194871,0.004
2022-07-18,industry_diffusion_baseline,12308912.97,-4.074536264e-10,39,19,0.09034844073,0.004
2022-07-19,industry_diffusion_baseline,12419234.42,-4.074536264e-10,39,19,0.08947263602,0.004
2022-07-20,industry_diffusion_baseline,12539633.42,-4.074536264e-10,39,19,0.08984151402,0.004
2022-07-21,industry_diffusion_baseline,12385508.89,-4.074536264e-10,39,19,0.089049418,0.004
2022-07-22,industry_diffusion_baseline,12386368.66,56198.33632,39,17,0.09032787874,0.004
2022-07-25,industry_diffusion_baseline,12091343.12,56198.33632,39,17,0.09029589448,0.004
2022-07-26,industry_diffusion_baseline,12238984.06,56198.33632,39,17,0.0904248022,0.004
2022-07-27,industry_diffusion_baseline,12316893.09,56198.33632,39,17,0.09060603637,0.004
2022-07-28,industry_diffusion_baseline,12426339.75,56198.33632,39,17,0.09099494386,0.004
2022-07-29,industry_diffusion_baseline,12339286.74,34132.53094,39,16,0.08573650927,0.004
2022-08-01,industry_diffusion_baseline,12427537.06,34132.53094,39,16,0.08561977436,0.004
2022-08-02,industry_diffusion_baseline,12120962.59,34132.53094,39,16,0.08597720766,0.004
2022-08-03,industry_diffusion_baseline,12204143.45,34132.53094,39,16,0.08720490686,0.004
2022-08-04,industry_diffusion_baseline,12100476.33,34132.53094,39,16,0.08684574959,0.004
2022-08-05,industry_diffusion_baseline,12163492.74,-2.328306437e-10,40,14,0.1264069644,0.004
2022-08-08,industry_diffusion_baseline,12298955.13,-2.328306437e-10,40,14,0.1269734707,0.004
2022-08-09,industry_diffusion_baseline,12442313.64,-2.328306437e-10,40,14,0.1274242561,0.004
2022-08-10,industry_diffusion_baseline,12482811.38,-2.328306437e-10,40,14,0.1267339072,0.004
2022-08-11,industry_diffusion_baseline,12554610.37,-2.328306437e-10,40,14,0.1262138627,0.004
2022-08-12,industry_diffusion_baseline,12453004.17,-3.492459655e-10,40,13,0.1554321052,0.004
2022-08-15,industry_diffusion_baseline,12518044.46,-3.492459655e-10,40,13,0.1560056151,0.004
2022-08-16,industry_diffusion_baseline,12536390.09,-3.492459655e-10,40,13,0.1550733181,0.004
2022-08-17,industry_diffusion_baseline,12562690.83,-3.492459655e-10,40,13,0.1558137003,0.004
2022-08-18,industry_diffusion_baseline,12578823.76,-3.492459655e-10,40,13,0.1553260502,0.004
2022-08-19,industry_diffusion_baseline,12543205.35,80026.50975,40,12,0.1788670047,0.004
2022-08-22,industry_diffusion_baseline,12816315.02,80026.50975,40,12,0.182885537,0.004
2022-08-23,industry_diffusion_baseline,13092421.66,80026.50975,40,12,0.1898657068,0.004
2022-08-24,industry_diffusion_baseline,12927263.12,80026.50975,40,12,0.1936408121,0.004
2022-08-25,industry_diffusion_baseline,13214663.38,80026.50975,40,12,0.2006221553,0.004
2022-08-26,industry_diffusion_baseline,13318335.23,5.238689482e-10,40,12,0.1751174463,0.004
2022-08-29,industry_diffusion_baseline,13559961.7,5.238689482e-10,40,12,0.1779716839,0.004
2022-08-30,industry_diffusion_baseline,13114427.59,5.238689482e-10,40,12,0.172890852,0.004
2022-08-31,industry_diffusion_baseline,12459542.7,5.238689482e-10,40,12,0.1701064985,0.004
2022-09-01,industry_diffusion_baseline,12314972.43,5.238689482e-10,40,12,0.1673729174,0.004
2022-09-02,industry_diffusion_baseline,12222418.42,-3.492459655e-10,40,12,0.2090685004,0.004
2022-09-05,industry_diffusion_baseline,12469940.57,-3.492459655e-10,40,12,0.2045637142,0.004
2022-09-06,industry_diffusion_baseline,12788022.66,-3.492459655e-10,40,12,0.2026995991,0.004
2022-09-07,industry_diffusion_baseline,12912130.6,-3.492459655e-10,40,12,0.200462095,0.004
2022-09-08,industry_diffusion_baseline,12583645.71,-3.492459655e-10,40,12,0.1965445593,0.004
2022-09-09,industry_diffusion_baseline,12476384.52,0,40,8,0.245831952,0.004
2022-09-13,industry_diffusion_baseline,12592542.99,0,40,8,0.2470944874,0.004
2022-09-14,industry_diffusion_baseline,12435359.02,0,40,8,0.2446381697,0.004
2022-09-15,industry_diffusion_baseline,12250686.26,0,40,8,0.2452129797,0.004
2022-09-16,industry_diffusion_baseline,11800384.26,0,40,8,0.2481535079,0.004
2022-09-19,industry_diffusion_baseline,11824213.19,155255.2308,40,7,0.2084607889,0.004
2022-09-20,industry_diffusion_baseline,11985477.6,155255.2308,40,7,0.2087466858,0.004
2022-09-21,industry_diffusion_baseline,12063941.39,155255.2308,40,7,0.2089229893,0.004
2022-09-22,industry_diffusion_baseline,12093009.86,155255.2308,40,7,0.2103964813,0.004
2022-09-23,industry_diffusion_baseline,11831221.77,155255.2308,40,7,0.210462075,0.004
2022-09-26,industry_diffusion_baseline,11720411.34,181066.7781,40,7,0.2566064272,0.004
2022-09-27,industry_diffusion_baseline,12155697.62,181066.7781,40,7,0.2604332525,0.004
2022-09-28,industry_diffusion_baseline,11793061.94,181066.7781,40,7,0.2584495136,0.004
2022-09-29,industry_diffusion_baseline,11604718.11,181066.7781,40,7,0.2557903546,0.004
2022-09-30,industry_diffusion_baseline,11407773.52,181066.7781,40,7,0.2531657948,0.004
2022-10-10,industry_diffusion_baseline,11010196.32,0,40,7,0.2911843897,0.004
2022-10-11,industry_diffusion_baseline,10906350.76,0,40,7,0.2906982045,0.004
2022-10-12,industry_diffusion_baseline,10967868.88,0,40,7,0.2886309874,0.004
2022-10-13,industry_diffusion_baseline,11017808.2,0,40,7,0.2912084203,0.004
2022-10-14,industry_diffusion_baseline,11149851.56,0,40,7,0.2907126953,0.004
2022-10-17,industry_diffusion_baseline,11185268.57,117283.0582,40,4,0.3315816805,0.004
2022-10-18,industry_diffusion_baseline,11296428.52,117283.0582,40,4,0.3333400155,0.004
2022-10-19,industry_diffusion_baseline,11177737.4,117283.0582,40,4,0.3331419115,0.004
2022-10-20,industry_diffusion_baseline,11465703.26,117283.0582,40,4,0.334415688,0.004
2022-10-21,industry_diffusion_baseline,11339674.36,117283.0582,40,4,0.3307793391,0.004
2022-10-24,industry_diffusion_baseline,10925397.65,41411.58515,40,5,0.2389051101,0.004
2022-10-25,industry_diffusion_baseline,10885568.12,41411.58515,40,5,0.2395800551,0.004
2022-10-26,industry_diffusion_baseline,11164709.58,41411.58515,40,5,0.2395373814,0.004
2022-10-27,industry_diffusion_baseline,11187472.04,41411.58515,40,5,0.239407715,0.004
2022-10-28,industry_diffusion_baseline,11010089.62,41411.58515,40,5,0.2402100843,0.004
2022-10-31,industry_diffusion_baseline,11003460.49,216351.9967,40,8,0.1754618776,0.004
2022-11-01,industry_diffusion_baseline,11317598.02,216351.9967,40,8,0.1743822228,0.004
2022-11-02,industry_diffusion_baseline,11568639.37,216351.9967,40,8,0.1749815793,0.004
2022-11-03,industry_diffusion_baseline,11522630.44,216351.9967,40,8,0.1744401892,0.004
2022-11-04,industry_diffusion_baseline,11775730.45,216351.9967,40,8,0.174432494,0.004
2022-11-07,industry_diffusion_baseline,11728413.6,276028.1902,40,11,0.1664106054,0.004
2022-11-08,industry_diffusion_baseline,11743370.79,276028.1902,40,11,0.1661900909,0.004
2022-11-09,industry_diffusion_baseline,11704878.11,276028.1902,40,11,0.1658827749,0.004
2022-11-10,industry_diffusion_baseline,11772188,276028.1902,40,11,0.1659005805,0.004
2022-11-11,industry_diffusion_baseline,11718577.82,276028.1902,40,11,0.1645730093,0.004
2022-11-14,industry_diffusion_baseline,11765368,46639.60086,40,14,0.1319228314,0.004
2022-11-15,industry_diffusion_baseline,11978838.69,46639.60086,40,14,0.1310944863,0.004
2022-11-16,industry_diffusion_baseline,12000203.08,46639.60086,40,14,0.1323037617,0.004
2022-11-17,industry_diffusion_baseline,12123958.8,46639.60086,40,14,0.1329699702,0.004
2022-11-18,industry_diffusion_baseline,12191327.51,46639.60086,40,14,0.1359248678,0.004
2022-11-21,industry_diffusion_baseline,11967971.9,40804.45117,40,14,0.1058433691,0.004
2022-11-22,industry_diffusion_baseline,11851602,40804.45117,40,14,0.1044557466,0.004
2022-11-23,industry_diffusion_baseline,11770389.28,40804.45117,40,14,0.1027641722,0.004
2022-11-24,industry_diffusion_baseline,11859551.6,40804.45117,40,14,0.1025321468,0.004
2022-11-25,industry_diffusion_baseline,11953743.63,40804.45117,40,14,0.1012020763,0.004
2022-11-28,industry_diffusion_baseline,12044525.74,8207.980169,40,14,0.09252833207,0.004
2022-11-29,industry_diffusion_baseline,12549818.68,8207.980169,40,14,0.09442946704,0.004
2022-11-30,industry_diffusion_baseline,12576652.14,8207.980169,40,14,0.09493850816,0.004
2022-12-01,industry_diffusion_baseline,12550518.28,8207.980169,40,14,0.09670837977,0.004
2022-12-02,industry_diffusion_baseline,12558969.15,8207.980169,40,14,0.09686096307,0.004
2022-12-05,industry_diffusion_baseline,12784204.76,-5.820766091e-11,40,17,0.09367380375,0.004
2022-12-06,industry_diffusion_baseline,12608986.9,-5.820766091e-11,40,17,0.09303996626,0.004
2022-12-07,industry_diffusion_baseline,12569972.01,-5.820766091e-11,40,17,0.09183674174,0.004
2022-12-08,industry_diffusion_baseline,12667375.14,-5.820766091e-11,40,17,0.09211583848,0.004
2022-12-09,industry_diffusion_baseline,12806069.56,-5.820766091e-11,40,17,0.09323246341,0.004
2022-12-12,industry_diffusion_baseline,12482414.6,27560.5885,40,17,0.09530302641,0.004
2022-12-13,industry_diffusion_baseline,12594130.64,27560.5885,40,17,0.09523841184,0.004
2022-12-14,industry_diffusion_baseline,12517786.43,27560.5885,40,17,0.09407605344,0.004
2022-12-15,industry_diffusion_baseline,12501112.37,27560.5885,40,17,0.09450816616,0.004
2022-12-16,industry_diffusion_baseline,12511010.04,27560.5885,40,17,0.09472134683,0.004
2022-12-19,industry_diffusion_baseline,12354617.61,52049.38599,40,17,0.09585579978,0.004
2022-12-20,industry_diffusion_baseline,12018779.34,52049.38599,40,17,0.09340169451,0.004
2022-12-21,industry_diffusion_baseline,12042914.1,52049.38599,40,17,0.09394441465,0.004
2022-12-22,industry_diffusion_baseline,12042394.89,52049.38599,40,17,0.09484418177,0.004
2022-12-23,industry_diffusion_baseline,12129015.15,52049.38599,40,17,0.096113367,0.004
2022-12-26,industry_diffusion_baseline,12080737.69,179027.0814,40,15,0.1341928305,0.004
2022-12-27,industry_diffusion_baseline,12233153.19,179027.0814,40,15,0.1347533802,0.004
2022-12-28,industry_diffusion_baseline,12087568.75,179027.0814,40,15,0.1354226126,0.004
2022-12-29,industry_diffusion_baseline,11935863.52,179027.0814,40,15,0.1353327087,0.004
2022-12-30,industry_diffusion_baseline,12073416.19,179027.0814,40,15,0.1349987833,0.004
2023-01-03,industry_diffusion_baseline,11939900,3286.239879,40,13,0.1704516116,0.004
2023-01-04,industry_diffusion_baseline,12016069.65,3286.239879,40,13,0.1696128049,0.004
2023-01-05,industry_diffusion_baseline,12332867.46,3286.239879,40,13,0.176605739,0.004
2023-01-06,industry_diffusion_baseline,12202051.96,3286.239879,40,13,0.1780808654,0.004
2023-01-09,industry_diffusion_baseline,12379309.92,3286.239879,40,13,0.180676637,0.004
2023-01-10,industry_diffusion_baseline,12359070.72,7.566995919e-10,40,10,0.2800114963,0.004
2023-01-11,industry_diffusion_baseline,12256205.27,7.566995919e-10,40,10,0.2793800982,0.004
2023-01-12,industry_diffusion_baseline,12086806.09,7.566995919e-10,40,10,0.2808958664,0.004
2023-01-13,industry_diffusion_baseline,12401963.96,7.566995919e-10,40,10,0.2825089934,0.004
2023-01-16,industry_diffusion_baseline,12472913.49,7.566995919e-10,40,10,0.2848002062,0.004
2023-01-17,industry_diffusion_baseline,12297430.13,69024.70173,40,14,0.1679598237,0.004
2023-01-18,industry_diffusion_baseline,12274914.97,69024.70173,40,14,0.167025479,0.004
2023-01-19,industry_diffusion_baseline,12238198.12,69024.70173,40,14,0.1657706785,0.004
2023-01-20,industry_diffusion_baseline,12303154.49,69024.70173,40,14,0.1632741184,0.004
2023-01-30,industry_diffusion_baseline,12538136.71,69024.70173,40,14,0.1634409871,0.004
2023-01-31,industry_diffusion_baseline,12530452.26,70305.72859,40,23,0.07223738551,0.004
2023-02-01,industry_diffusion_baseline,12672741.57,70305.72859,40,23,0.07199151063,0.004
2023-02-02,industry_diffusion_baseline,12760941.47,70305.72859,40,23,0.07276665719,0.004
2023-02-03,industry_diffusion_baseline,12661697.67,70305.72859,40,23,0.07294058359,0.004
2023-02-06,industry_diffusion_baseline,12589880.58,70305.72859,40,23,0.07231234957,0.004
2023-02-07,industry_diffusion_baseline,12721667.74,3.492459655e-10,40,21,0.06726447823,0.004
2023-02-08,industry_diffusion_baseline,12533224.07,3.492459655e-10,40,21,0.06702585689,0.004
2023-02-09,industry_diffusion_baseline,12745903.44,3.492459655e-10,40,21,0.06747606518,0.004
2023-02-10,industry_diffusion_baseline,12729699.68,3.492459655e-10,40,21,0.06757712501,0.004
2023-02-13,industry_diffusion_baseline,12980063.15,3.492459655e-10,40,21,0.06791520561,0.004
2023-02-14,industry_diffusion_baseline,12930581.54,-4.656612873e-10,40,22,0.06110411397,0.004
2023-02-15,industry_diffusion_baseline,12971721.24,-4.656612873e-10,40,22,0.06137954001,0.004
2023-02-16,industry_diffusion_baseline,12638220.03,-4.656612873e-10,40,22,0.06123789157,0.004
2023-02-17,industry_diffusion_baseline,12528803.94,-4.656612873e-10,40,22,0.06108439179,0.004
2023-02-20,industry_diffusion_baseline,12829016.98,-4.656612873e-10,40,22,0.06149856604,0.004
2023-02-21,industry_diffusion_baseline,12889448.86,32981.27415,40,20,0.08031609425,0.004
2023-02-22,industry_diffusion_baseline,12830671.98,32981.27415,40,20,0.08040193489,0.004
2023-02-23,industry_diffusion_baseline,12762862.24,32981.27415,40,20,0.08020566779,0.004
2023-02-24,industry_diffusion_baseline,12758717.46,32981.27415,40,20,0.08007485431,0.004
2023-02-27,industry_diffusion_baseline,12641709.72,32981.27415,40,20,0.0800944065,0.004
2023-02-28,industry_diffusion_baseline,12730337.91,51819.40266,40,16,0.1061111526,0.004
2023-03-01,industry_diffusion_baseline,12912644.22,51819.40266,40,16,0.1057885236,0.004
2023-03-02,industry_diffusion_baseline,12943450.48,51819.40266,40,16,0.1066130591,0.004
2023-03-03,industry_diffusion_baseline,13039580.32,51819.40266,40,16,0.1066896006,0.004
2023-03-06,industry_diffusion_baseline,12971284.89,51819.40266,40,16,0.1063867607,0.004
2023-03-07,industry_diffusion_baseline,12743233.37,62488.57518,40,15,0.1143521716,0.004
2023-03-08,industry_diffusion_baseline,12775421.57,62488.57518,40,15,0.1144472724,0.004
2023-03-09,industry_diffusion_baseline,12679025.47,62488.57518,40,15,0.114883571,0.004
2023-03-10,industry_diffusion_baseline,12432755.78,62488.57518,40,15,0.1148338214,0.004
2023-03-13,industry_diffusion_baseline,12504478.68,62488.57518,40,15,0.114658695,0.004
2023-03-14,industry_diffusion_baseline,12292591.19,5.238689482e-10,40,13,0.1772967759,0.004
2023-03-15,industry_diffusion_baseline,12465619.43,5.238689482e-10,40,13,0.1797438181,0.004
2023-03-16,industry_diffusion_baseline,12169318.6,5.238689482e-10,40,13,0.1796272337,0.004
2023-03-17,industry_diffusion_baseline,12252581.11,5.238689482e-10,40,13,0.1789197438,0.004
2023-03-20,industry_diffusion_baseline,12203337.71,5.238689482e-10,40,13,0.1774431946,0.004
2023-03-21,industry_diffusion_baseline,12347861,-3.492459655e-10,40,10,0.1774163627,0.004
2023-03-22,industry_diffusion_baseline,12344413.52,-3.492459655e-10,40,10,0.1779260726,0.004
2023-03-23,industry_diffusion_baseline,12287893.09,-3.492459655e-10,40,10,0.1770898378,0.004
2023-03-24,industry_diffusion_baseline,12332241.17,-3.492459655e-10,40,10,0.1768351314,0.004
2023-03-27,industry_diffusion_baseline,12222078.54,-3.492459655e-10,40,10,0.175746227,0.004
2023-03-28,industry_diffusion_baseline,12054536.77,3.492459655e-10,40,12,0.1346316742,0.004
2023-03-29,industry_diffusion_baseline,12021797.87,3.492459655e-10,40,12,0.1346375294,0.004
2023-03-30,industry_diffusion_baseline,11928381.49,3.492459655e-10,40,12,0.1334435293,0.004
2023-03-31,industry_diffusion_baseline,12256759.53,3.492459655e-10,40,12,0.1372479298,0.004
2023-04-03,industry_diffusion_baseline,12365518.76,3.492459655e-10,40,12,0.1386545558,0.004
2023-04-04,industry_diffusion_baseline,12196627.07,9.313225746e-10,40,9,0.1671474195,0.004
2023-04-06,industry_diffusion_baseline,11861978.19,9.313225746e-10,40,9,0.1655737227,0.004
2023-04-07,industry_diffusion_baseline,12108912.14,9.313225746e-10,40,9,0.1678658114,0.004
2023-04-10,industry_diffusion_baseline,11876706.63,9.313225746e-10,40,9,0.1675815837,0.004
2023-04-11,industry_diffusion_baseline,12427723.6,9.313225746e-10,40,9,0.1707947927,0.004
2023-04-12,industry_diffusion_baseline,13068932.4,2.328306437e-10,40,7,0.2047487367,0.004
2023-04-13,industry_diffusion_baseline,13044633.14,2.328306437e-10,40,7,0.205876523,0.004
2023-04-14,industry_diffusion_baseline,12942816.5,2.328306437e-10,40,7,0.2048685814,0.004
2023-04-17,industry_diffusion_baseline,12474563.44,2.328306437e-10,40,7,0.205183084,0.004
2023-04-18,industry_diffusion_baseline,12357377.97,2.328306437e-10,40,7,0.2048043468,0.004
2023-04-19,industry_diffusion_baseline,12546084.73,352218.7448,40,7,0.1812097689,0.004
2023-04-20,industry_diffusion_baseline,12988769.15,352218.7448,40,7,0.1830627555,0.004
2023-04-21,industry_diffusion_baseline,12517625.28,352218.7448,40,7,0.1832927582,0.004
2023-04-24,industry_diffusion_baseline,12915920.11,352218.7448,40,7,0.1866896695,0.004
2023-04-25,industry_diffusion_baseline,12894646.51,352218.7448,40,7,0.1861737371,0.004
2023-04-26,industry_diffusion_baseline,13027679.03,200117.8951,40,6,0.305315298,0.004
2023-04-27,industry_diffusion_baseline,12630869.77,200117.8951,40,6,0.3052270715,0.004
2023-04-28,industry_diffusion_baseline,13410270.55,200117.8951,40,6,0.3120856583,0.004
2023-05-04,industry_diffusion_baseline,14292940.95,200117.8951,40,6,0.3217416033,0.004
2023-05-05,industry_diffusion_baseline,14084940.4,200117.8951,40,6,0.3189618063,0.004
2023-05-08,industry_diffusion_baseline,14120599.92,65284.67122,40,7,0.2806144554,0.004
2023-05-09,industry_diffusion_baseline,13728210.4,65284.67122,40,7,0.2765850562,0.004
2023-05-10,industry_diffusion_baseline,13775360.16,65284.67122,40,7,0.2804545877,0.004
2023-05-11,industry_diffusion_baseline,14031341.98,65284.67122,40,7,0.2839637623,0.004
2023-05-12,industry_diffusion_baseline,13547322.88,65284.67122,40,7,0.2798154281,0.004
2023-05-15,industry_diffusion_baseline,13388637.33,-3.492459655e-10,40,5,0.4328042777,0.004
2023-05-16,industry_diffusion_baseline,12757019.72,-3.492459655e-10,40,5,0.4214347419,0.004
2023-05-17,industry_diffusion_baseline,12643565.75,-3.492459655e-10,40,5,0.4174520711,0.004
2023-05-18,industry_diffusion_baseline,12853628.55,-3.492459655e-10,40,5,0.4210607579,0.004
2023-05-19,industry_diffusion_baseline,12462550.88,-3.492459655e-10,40,5,0.4091879395,0.004
2023-05-22,industry_diffusion_baseline,12326115.49,-6.4028427e-10,40,4,0.3579887169,0.004
2023-05-23,industry_diffusion_baseline,12019765.26,-6.4028427e-10,40,4,0.3571742481,0.004
2023-05-24,industry_diffusion_baseline,11997729.15,-6.4028427e-10,40,4,0.3600941165,0.004
2023-05-25,industry_diffusion_baseline,11781618.57,-6.4028427e-10,40,4,0.3546087335,0.004
2023-05-26,industry_diffusion_baseline,12082028.79,-6.4028427e-10,40,4,0.3601420254,0.004
2023-05-29,industry_diffusion_baseline,12016557,139606.9491,40,7,0.202099822,0.004
2023-05-30,industry_diffusion_baseline,12145963.96,139606.9491,40,7,0.2020364877,0.004
2023-05-31,industry_diffusion_baseline,12124118.57,139606.9491,40,7,0.2019783812,0.004
2023-06-01,industry_diffusion_baseline,12357130.64,139606.9491,40,7,0.2024046114,0.004
2023-06-02,industry_diffusion_baseline,12355359.05,139606.9491,40,7,0.2017876913,0.004
2023-06-05,industry_diffusion_baseline,12491893.08,291900.0288,40,9,0.2394715523,0.004
2023-06-06,industry_diffusion_baseline,12222705.9,291900.0288,40,9,0.2370435925,0.004
2023-06-07,industry_diffusion_baseline,12394705.7,291900.0288,40,9,0.2378143902,0.004
2023-06-08,industry_diffusion_baseline,12274843.74,291900.0288,40,9,0.2380141547,0.004
2023-06-09,industry_diffusion_baseline,12429027.65,291900.0288,40,9,0.238692124,0.004
2023-06-12,industry_diffusion_baseline,12548694.07,289784.2128,40,10,0.208849985,0.004
2023-06-13,industry_diffusion_baseline,12523190.98,289784.2128,40,10,0.2096723124,0.004
2023-06-14,industry_diffusion_baseline,12533019.03,289784.2128,40,10,0.2081848709,0.004
2023-06-15,industry_diffusion_baseline,12598290.16,289784.2128,40,10,0.2069947535,0.004
2023-06-16,industry_diffusion_baseline,12675281.39,289784.2128,40,10,0.2089399105,0.004
2023-06-19,industry_diffusion_baseline,12689062.84,124730.5384,40,11,0.1987854585,0.004
2023-06-20,industry_diffusion_baseline,12813898.21,124730.5384,40,11,0.2000376865,0.004
2023-06-21,industry_diffusion_baseline,12484728.43,124730.5384,40,11,0.2023182337,0.004
2023-06-26,industry_diffusion_baseline,12298979.45,124730.5384,40,11,0.2042194512,0.004
2023-06-27,industry_diffusion_baseline,12559991.65,124730.5384,40,11,0.2034010232,0.004
2023-06-28,industry_diffusion_baseline,12505193.72,13537.68889,40,12,0.1347186773,0.004
2023-06-29,industry_diffusion_baseline,12739606.57,13537.68889,40,12,0.1343365772,0.004
2023-06-30,industry_diffusion_baseline,12710812.43,326260.9504,39,11,0.1404704917,0.004
2023-07-03,industry_diffusion_baseline,12569417.24,326260.9504,39,11,0.1389253976,0.004
2023-07-04,industry_diffusion_baseline,12546628.13,326260.9504,39,11,0.1381726467,0.004
2023-07-05,industry_diffusion_baseline,12392075.53,460423.0207,39,9,0.1562713765,0.004
2023-07-06,industry_diffusion_baseline,12376349.88,460423.0207,39,9,0.1565343143,0.004
2023-07-07,industry_diffusion_baseline,12357662.47,460423.0207,39,9,0.1568941337,0.004
2023-07-10,industry_diffusion_baseline,12333560.44,460423.0207,39,9,0.1557779644,0.004
2023-07-11,industry_diffusion_baseline,12436126.22,460423.0207,39,9,0.1559820278,0.004
2023-07-12,industry_diffusion_baseline,12297422.73,589613.7898,39,12,0.1168260695,0.004
2023-07-13,industry_diffusion_baseline,12336585.67,589613.7898,39,12,0.1164954227,0.004
2023-07-14,industry_diffusion_baseline,12264143.26,589613.7898,39,12,0.1170445661,0.004
2023-07-17,industry_diffusion_baseline,12253835.39,589613.7898,39,12,0.1177042837,0.004
2023-07-18,industry_diffusion_baseline,12351412.87,589613.7898,39,12,0.1185101032,0.004
2023-07-19,industry_diffusion_baseline,12378395.27,116673.8587,39,16,0.1081369227,0.004
2023-07-20,industry_diffusion_baseline,12158011.74,116673.8587,39,16,0.1070640887,0.004
2023-07-21,industry_diffusion_baseline,12037038.25,116673.8587,39,16,0.1063362573,0.004
2023-07-24,industry_diffusion_baseline,11976484.02,116673.8587,39,16,0.106365655,0.004
2023-07-25,industry_diffusion_baseline,12353102.04,116673.8587,39,16,0.1077851592,0.004
2023-07-26,industry_diffusion_baseline,12242940.17,-1.164153218e-10,40,19,0.08758941289,0.004
2023-07-27,industry_diffusion_baseline,12263309.16,-1.164153218e-10,40,19,0.08760843623,0.004
2023-07-28,industry_diffusion_baseline,12548106,-1.164153218e-10,40,19,0.08809556913,0.004
2023-07-31,industry_diffusion_baseline,12825854.12,-1.164153218e-10,40,19,0.08883442016,0.004
2023-08-01,industry_diffusion_baseline,12772198.28,-1.164153218e-10,40,19,0.0879779504,0.004
2023-08-02,industry_diffusion_baseline,12722619.06,-4.074536264e-10,40,19,0.07197456815,0.004
2023-08-03,industry_diffusion_baseline,12706795.42,-4.074536264e-10,40,19,0.07180397857,0.004
2023-08-04,industry_diffusion_baseline,12674179.46,-4.074536264e-10,40,19,0.07188357062,0.004
2023-08-07,industry_diffusion_baseline,12574990.65,-4.074536264e-10,40,19,0.07178990042,0.004
2023-08-08,industry_diffusion_baseline,12500853.1,-4.074536264e-10,40,19,0.07150788629,0.004
2023-08-09,industry_diffusion_baseline,12352802.76,59132.63474,40,18,0.0839732541,0.004
2023-08-10,industry_diffusion_baseline,12442446.34,59132.63474,40,18,0.08464470509,0.004
2023-08-11,industry_diffusion_baseline,12136132.66,59132.63474,40,18,0.08384779941,0.004
2023-08-14,industry_diffusion_baseline,12035817.81,59132.63474,40,18,0.08320650098,0.004
2023-08-15,industry_diffusion_baseline,11971956.11,59132.63474,40,18,0.08351195576,0.004
2023-08-16,industry_diffusion_baseline,11967514.4,2.910383046e-10,40,12,0.1610279203,0.004
2023-08-17,industry_diffusion_baseline,12003433.08,2.910383046e-10,40,12,0.160378391,0.004
2023-08-18,industry_diffusion_baseline,11781019.03,2.910383046e-10,40,12,0.1594052083,0.004
2023-08-21,industry_diffusion_baseline,11593371,2.910383046e-10,40,12,0.1574781652,0.004
2023-08-22,industry_diffusion_baseline,11703304.53,2.910383046e-10,40,12,0.1576852867,0.004
2023-08-23,industry_diffusion_baseline,11445347.13,-6.98491931e-10,40,8,0.3085541396,0.004
2023-08-24,industry_diffusion_baseline,11458764.73,-6.98491931e-10,40,8,0.312427954,0.004
2023-08-25,industry_diffusion_baseline,11563899.39,-6.98491931e-10,40,8,0.3160971298,0.004
2023-08-28,industry_diffusion_baseline,11894386.05,-6.98491931e-10,40,8,0.3183275546,0.004
2023-08-29,industry_diffusion_baseline,11938969.27,-6.98491931e-10,40,8,0.3139228121,0.004
2023-08-30,industry_diffusion_baseline,11680441.82,76696.04481,40,7,0.3053570683,0.004
2023-08-31,industry_diffusion_baseline,11433301.24,76696.04481,40,7,0.3037311414,0.004
2023-09-01,industry_diffusion_baseline,11413999.02,76696.04481,40,7,0.3022413703,0.004
2023-09-04,industry_diffusion_baseline,11600440.03,76696.04481,40,7,0.2988884317,0.004
2023-09-05,industry_diffusion_baseline,11423047,76696.04481,40,7,0.3009866824,0.004
2023-09-06,industry_diffusion_baseline,11338151.41,127795.4982,40,4,0.2924459052,0.004
2023-09-07,industry_diffusion_baseline,11281902.87,127795.4982,40,4,0.2926139704,0.004
2023-09-08,industry_diffusion_baseline,11146205.97,127795.4982,40,4,0.2944870749,0.004
2023-09-11,industry_diffusion_baseline,11308721.86,127795.4982,40,4,0.2944912066,0.004
2023-09-12,industry_diffusion_baseline,11196087.61,127795.4982,40,4,0.293961972,0.004
2023-09-13,industry_diffusion_baseline,11157080.88,132771.8172,40,5,0.2386162438,0.004
2023-09-14,industry_diffusion_baseline,11192204.28,132771.8172,40,5,0.2388136237,0.004
2023-09-15,industry_diffusion_baseline,11137489.57,132771.8172,40,5,0.239004929,0.004
2023-09-18,industry_diffusion_baseline,11170254.55,132771.8172,40,5,0.23889206,0.004
2023-09-19,industry_diffusion_baseline,11138586.5,132771.8172,40,5,0.2389999304,0.004
2023-09-20,industry_diffusion_baseline,11008633.37,53186.34225,40,6,0.2666049834,0.004
2023-09-21,industry_diffusion_baseline,10943112.36,53186.34225,40,6,0.2673734095,0.004
2023-09-22,industry_diffusion_baseline,11115984.4,53186.34225,40,6,0.2650829378,0.004
2023-09-25,industry_diffusion_baseline,11025953.03,53186.34225,40,6,0.266442605,0.004
2023-09-26,industry_diffusion_baseline,11053431.07,53186.34225,40,6,0.2642738335,0.004
2023-09-27,industry_diffusion_baseline,11067864.95,5.820766091e-11,40,7,0.2992722489,0.004
2023-09-28,industry_diffusion_baseline,11334659.75,5.820766091e-11,40,7,0.2968740919,0.004
2023-10-09,industry_diffusion_baseline,11445067.62,5.820766091e-11,40,7,0.2960305828,0.004
2023-10-10,industry_diffusion_baseline,11413869.87,5.820766091e-11,40,7,0.2933064573,0.004
2023-10-11,industry_diffusion_baseline,11253961.07,5.820766091e-11,40,7,0.2936970605,0.004
2023-10-12,industry_diffusion_baseline,11303961.52,2.910383046e-10,40,8,0.1808319258,0.004
2023-10-13,industry_diffusion_baseline,11405157.22,2.910383046e-10,40,8,0.1818309644,0.004
2023-10-16,industry_diffusion_baseline,11453744.53,2.910383046e-10,40,8,0.1795711091,0.004
2023-10-17,industry_diffusion_baseline,11437950.36,2.910383046e-10,40,8,0.1794160577,0.004
2023-10-18,industry_diffusion_baseline,11196106.58,2.910383046e-10,40,8,0.1799005607,0.004
2023-10-19,industry_diffusion_baseline,10932196.12,153961.3261,40,8,0.1875507461,0.004
2023-10-20,industry_diffusion_baseline,10845414.95,153961.3261,40,8,0.1866130586,0.004
2023-10-23,industry_diffusion_baseline,10552961,153961.3261,40,8,0.1869509567,0.004
2023-10-24,industry_diffusion_baseline,10670471.83,153961.3261,40,8,0.1875776018,0.004
2023-10-25,industry_diffusion_baseline,10761488.06,153961.3261,40,8,0.187319342,0.004
2023-10-26,industry_diffusion_baseline,10876228.77,184135.4116,40,8,0.1841388149,0.004
2023-10-27,industry_diffusion_baseline,11003201.51,184135.4116,40,8,0.1838084595,0.004
2023-10-30,industry_diffusion_baseline,11142001.17,184135.4116,40,8,0.185922957,0.004
2023-10-31,industry_diffusion_baseline,11130764.28,184135.4116,40,8,0.1861307558,0.004
2023-11-01,industry_diffusion_baseline,11106276.39,184135.4116,40,8,0.185368634,0.004
2023-11-02,industry_diffusion_baseline,10938312.1,49145.62493,40,6,0.1856286171,0.004
2023-11-03,industry_diffusion_baseline,11158934.1,49145.62493,40,6,0.1853078875,0.004
2023-11-06,industry_diffusion_baseline,11354686.07,49145.62493,40,6,0.1852823413,0.004
2023-11-07,industry_diffusion_baseline,11414725.94,49145.62493,40,6,0.1848850431,0.004
2023-11-08,industry_diffusion_baseline,11496464.08,49145.62493,40,6,0.185296063,0.004
2023-11-09,industry_diffusion_baseline,11330579.39,0,40,10,0.1421413111,0.004
2023-11-10,industry_diffusion_baseline,11327794.61,0,40,10,0.1422258661,0.004
2023-11-13,industry_diffusion_baseline,11608810.94,0,40,10,0.1435757387,0.004
2023-11-14,industry_diffusion_baseline,11872508.28,0,40,10,0.1454313485,0.004
2023-11-15,industry_diffusion_baseline,11915234.9,0,40,10,0.145418208,0.004
2023-11-16,industry_diffusion_baseline,11781754.06,58580.19714,40,15,0.1046377504,0.004
2023-11-17,industry_diffusion_baseline,11853883.79,58580.19714,40,15,0.1041043046,0.004
2023-11-20,industry_diffusion_baseline,12042749.91,58580.19714,40,15,0.1046277788,0.004
2023-11-21,industry_diffusion_baseline,12016383.71,58580.19714,40,15,0.104266559,0.004
2023-11-22,industry_diffusion_baseline,11918931.09,58580.19714,40,15,0.1044609337,0.004
2023-11-23,industry_diffusion_baseline,11906133.55,168609.6552,40,17,0.0868592734,0.004
2023-11-24,industry_diffusion_baseline,11838648.22,168609.6552,40,17,0.08634123292,0.004
2023-11-27,industry_diffusion_baseline,11748738.07,168609.6552,40,17,0.08642624963,0.004
2023-11-28,industry_diffusion_baseline,11892626.02,168609.6552,40,17,0.08685179452,0.004
2023-11-29,industry_diffusion_baseline,11785017.86,168609.6552,40,17,0.08635797244,0.004
2023-11-30,industry_diffusion_baseline,11774599.17,51502.50356,40,21,0.06680738537,0.004
2023-12-01,industry_diffusion_baseline,12007637.37,51502.50356,40,21,0.06803381554,0.004
2023-12-04,industry_diffusion_baseline,12076771.24,51502.50356,40,21,0.0679488232,0.004
2023-12-05,industry_diffusion_baseline,11890554.04,51502.50356,40,21,0.06761404116,0.004
2023-12-06,industry_diffusion_baseline,11952043.63,51502.50356,40,21,0.06723395325,0.004
2023-12-07,industry_diffusion_baseline,11992011.7,3043370.891,30,18,0.07526665253,0.004
2023-12-08,industry_diffusion_baseline,11925027.38,3043370.891,30,18,0.07676694125,0.004
2023-12-11,industry_diffusion_baseline,12121261.06,3043370.891,30,18,0.07844804842,0.004
2023-12-12,industry_diffusion_baseline,12194050.09,3043370.891,30,18,0.07837180534,0.004
2023-12-13,industry_diffusion_baseline,12274322.46,3043370.891,30,18,0.08106889002,0.004
2023-12-14,industry_diffusion_baseline,12209061.77,6062954.326,20,14,0.09186224649,0.004
2023-12-15,industry_diffusion_baseline,12221252.4,6062954.326,20,14,0.09189070804,0.004
2023-12-18,industry_diffusion_baseline,12123067.62,6062954.326,20,14,0.09069858024,0.004
2023-12-19,industry_diffusion_baseline,12122320.17,6062954.326,20,14,0.0912924999,0.004
2023-12-20,industry_diffusion_baseline,12033288.45,6062954.326,20,14,0.09094458909,0.004
2023-12-21,industry_diffusion_baseline,12045025.73,9052130.5,10,8,0.1467920941,0.004
2023-12-22,industry_diffusion_baseline,11996104.16,9052130.5,10,8,0.1440518586,0.004
2023-12-25,industry_diffusion_baseline,12023235.89,9052130.5,10,8,0.1435471656,0.004
2023-12-26,industry_diffusion_baseline,11966400.99,9052130.5,10,8,0.1418710165,0.004
2023-12-27,industry_diffusion_baseline,11937732.82,9052130.5,10,8,0.1419117381,0.004
2023-12-28,industry_diffusion_baseline,11916832.12,11916832.12,0,0,0,0.004
2018-07-10,industry_diffusion_low_max,10012074.36,7500000,10,1,1,0.004
2018-07-11,industry_diffusion_low_max,9925360.981,7500000,10,1,1,0.004
2018-07-12,industry_diffusion_low_max,9991474.076,7500000,10,1,1,0.004
2018-07-13,industry_diffusion_low_max,9978865.604,7500000,10,1,1,0.004
2018-07-16,industry_diffusion_low_max,9992354.85,7500000,10,1,1,0.004
2018-07-17,industry_diffusion_low_max,9983544.984,5001524.489,20,4,0.4171847303,0.004
2018-07-18,industry_diffusion_low_max,9926443.793,5001524.489,20,4,0.4167581226,0.004
2018-07-19,industry_diffusion_low_max,9816057.799,5001524.489,20,4,0.4130069037,0.004
2018-07-20,industry_diffusion_low_max,9900768.356,5001524.489,20,4,0.4168012498,0.004
2018-07-23,industry_diffusion_low_max,9994180.252,5001524.489,20,4,0.4289434075,0.004
2018-07-24,industry_diffusion_low_max,10030873.99,2508333.606,30,8,0.304166546,0.004
2018-07-25,industry_diffusion_low_max,10077908.31,2508333.606,30,8,0.3046000345,0.004
2018-07-26,industry_diffusion_low_max,9939299.677,2508333.606,30,8,0.301713322,0.004
2018-07-27,industry_diffusion_low_max,9939805.485,2508333.606,30,8,0.3001721961,0.004
2018-07-30,industry_diffusion_low_max,9866172.548,2508333.606,30,8,0.3010234348,0.004
2018-07-31,industry_diffusion_low_max,9843429.642,45029.41214,40,12,0.1875812043,0.004
2018-08-01,industry_diffusion_low_max,9616301.494,45029.41214,40,12,0.1842413906,0.004
2018-08-02,industry_diffusion_low_max,9376390.49,45029.41214,40,12,0.1801221919,0.004
2018-08-03,industry_diffusion_low_max,9274449.241,45029.41214,40,12,0.1830929111,0.004
2018-08-06,industry_diffusion_low_max,9119902.754,45029.41214,40,12,0.1818999549,0.004
2018-08-07,industry_diffusion_low_max,9394653.139,3.783497959e-10,40,12,0.1456943604,0.004
2018-08-08,industry_diffusion_low_max,9260787.34,3.783497959e-10,40,12,0.1474427589,0.004
2018-08-09,industry_diffusion_low_max,9437112.147,3.783497959e-10,40,12,0.146072297,0.004
2018-08-10,industry_diffusion_low_max,9469005.471,3.783497959e-10,40,12,0.1447886045,0.004
2018-08-13,industry_diffusion_low_max,9562654.091,3.783497959e-10,40,12,0.1454029991,0.004
2018-08-14,industry_diffusion_low_max,9468259.886,23803.24203,40,10,0.2423788837,0.004
2018-08-15,industry_diffusion_low_max,9280915.075,23803.24203,40,10,0.2415577345,0.004
2018-08-16,industry_diffusion_low_max,9158587.956,23803.24203,40,10,0.2415901759,0.004
2018-08-17,industry_diffusion_low_max,9067638.893,23803.24203,40,10,0.2432102863,0.004
2018-08-20,industry_diffusion_low_max,9213881.661,23803.24203,40,10,0.2441543634,0.004
2018-08-21,industry_diffusion_low_max,9275759.964,-1.164153218e-10,40,6,0.3536047111,0.004
2018-08-22,industry_diffusion_low_max,9212997.334,-1.164153218e-10,40,6,0.3562116858,0.004
2018-08-23,industry_diffusion_low_max,9219506.823,-1.164153218e-10,40,6,0.3538946842,0.004
2018-08-24,industry_diffusion_low_max,9215326.487,-1.164153218e-10,40,6,0.3536225465,0.004
2018-08-27,industry_diffusion_low_max,9352871.727,-1.164153218e-10,40,6,0.3532072406,0.004
2018-08-28,industry_diffusion_low_max,9326659.816,54161.29725,40,5,0.3542548166,0.004
2018-08-29,industry_diffusion_low_max,9284410.796,54161.29725,40,5,0.3548649313,0.004
2018-08-30,industry_diffusion_low_max,9073941.844,54161.29725,40,5,0.3550647807,0.004
2018-08-31,industry_diffusion_low_max,9051556.782,54161.29725,40,5,0.3547895335,0.004
2018-09-03,industry_diffusion_low_max,9037100.295,54161.29725,40,5,0.3557495729,0.004
2018-09-04,industry_diffusion_low_max,9093463.529,13977.55157,40,7,0.2426121116,0.004
2018-09-05,industry_diffusion_low_max,8907725.483,13977.55157,40,7,0.2409213641,0.004
2018-09-06,industry_diffusion_low_max,8841116.721,13977.55157,40,7,0.2409715554,0.004
2018-09-07,industry_diffusion_low_max,8852181.057,13977.55157,40,7,0.2407185749,0.004
2018-09-10,industry_diffusion_low_max,8785767.901,13977.55157,40,7,0.2422261726,0.004
2018-09-11,industry_diffusion_low_max,8707655.705,64734.22035,40,7,0.2588409663,0.004
2018-09-12,industry_diffusion_low_max,8712975.646,64734.22035,40,7,0.2590824463,0.004
2018-09-13,industry_diffusion_low_max,8808365.03,64734.22035,40,7,0.2577483251,0.004
2018-09-14,industry_diffusion_low_max,8747163.015,64734.22035,40,7,0.2587808992,0.004
2018-09-17,industry_diffusion_low_max,8655956.746,64734.22035,40,7,0.2577629193,0.004
2018-09-18,industry_diffusion_low_max,8756693.723,60914.40338,40,7,0.2642860719,0.004
2018-09-19,industry_diffusion_low_max,8965609.779,60914.40338,40,7,0.2680640115,0.004
2018-09-20,industry_diffusion_low_max,8914613.638,60914.40338,40,7,0.2689329062,0.004
2018-09-21,industry_diffusion_low_max,9022895.722,60914.40338,40,7,0.2702555273,0.004
2018-09-25,industry_diffusion_low_max,8903639.427,60914.40338,40,7,0.2655251516,0.004
2018-09-26,industry_diffusion_low_max,8972107.213,-3.20142135e-10,40,6,0.2874336576,0.004
2018-09-27,industry_diffusion_low_max,8852234.209,-3.20142135e-10,40,6,0.2877430388,0.004
2018-09-28,industry_diffusion_low_max,8936879.823,-3.20142135e-10,40,6,0.288733237,0.004
2018-10-08,industry_diffusion_low_max,8734714.609,-3.20142135e-10,40,6,0.2857011128,0.004
2018-10-09,industry_diffusion_low_max,8818309.506,-3.20142135e-10,40,6,0.2852776649,0.004
2018-10-10,industry_diffusion_low_max,8830587.069,5.820766091e-11,40,8,0.1956793382,0.004
2018-10-11,industry_diffusion_low_max,8359654.619,5.820766091e-11,40,8,0.1989196919,0.004
2018-10-12,industry_diffusion_low_max,8282951.745,5.820766091e-11,40,8,0.1962368548,0.004
2018-10-15,industry_diffusion_low_max,8082198.788,5.820766091e-11,40,8,0.1936561243,0.004
2018-10-16,industry_diffusion_low_max,8056045.938,5.820766091e-11,40,8,0.197462325,0.004
2018-10-17,industry_diffusion_low_max,7888807.891,17559.88904,40,9,0.1662233765,0.004
2018-10-18,industry_diffusion_low_max,7403319.377,17559.88904,40,9,0.1640857234,0.004
2018-10-19,industry_diffusion_low_max,7508739.211,17559.88904,40,9,0.163426743,0.004
2018-10-22,industry_diffusion_low_max,7847764.921,17559.88904,40,9,0.1633720433,0.004
2018-10-23,industry_diffusion_low_max,7746049.919,17559.88904,40,9,0.1622541962,0.004
2018-10-24,industry_diffusion_low_max,7709415.837,74243.32818,40,10,0.114035932,0.004
2018-10-25,industry_diffusion_low_max,7706609.507,74243.32818,40,10,0.1140086393,0.004
2018-10-26,industry_diffusion_low_max,7711155.979,74243.32818,40,10,0.1138025322,0.004
2018-10-29,industry_diffusion_low_max,7629842.805,74243.32818,40,10,0.1137075997,0.004
2018-10-30,industry_diffusion_low_max,7672958.143,74243.32818,40,10,0.1136416797,0.004
2018-10-31,industry_diffusion_low_max,7758987.403,22352.82988,40,9,0.1444785491,0.004
2018-11-01,industry_diffusion_low_max,7785805.518,22352.82988,40,9,0.1443389766,0.004
2018-11-02,industry_diffusion_low_max,7973257.865,22352.82988,40,9,0.1447140174,0.004
2018-11-05,industry_diffusion_low_max,8046619.047,22352.82988,40,9,0.1446473928,0.004
2018-11-06,industry_diffusion_low_max,8019178.027,22352.82988,40,9,0.144476787,0.004
2018-11-07,industry_diffusion_low_max,7921082.127,2.910383046e-11,40,6,0.2726210597,0.004
2018-11-08,industry_diffusion_low_max,7857518.981,2.910383046e-11,40,6,0.272676197,0.004
2018-11-09,industry_diffusion_low_max,7791396.352,2.910383046e-11,40,6,0.274819083,0.004
2018-11-12,industry_diffusion_low_max,7931401.389,2.910383046e-11,40,6,0.2762307106,0.004
2018-11-13,industry_diffusion_low_max,8082934.072,2.910383046e-11,40,6,0.2790626613,0.004
2018-11-14,industry_diffusion_low_max,7983786.83,72546.53567,40,11,0.2784129647,0.004
2018-11-15,industry_diffusion_low_max,8216070.71,72546.53567,40,11,0.2821352013,0.004
2018-11-16,industry_diffusion_low_max,8435742.812,72546.53567,40,11,0.2843541909,0.004
2018-11-19,industry_diffusion_low_max,8642148.059,72546.53567,40,11,0.2910958601,0.004
2018-11-20,industry_diffusion_low_max,8330111.71,72546.53567,40,11,0.2872324609,0.004
2018-11-21,industry_diffusion_low_max,8413517.63,-3.20142135e-10,40,12,0.2867780263,0.004
2018-11-22,industry_diffusion_low_max,8327176.068,-3.20142135e-10,40,12,0.2846306975,0.004
2018-11-23,industry_diffusion_low_max,7961985.774,-3.20142135e-10,40,12,0.2836135704,0.004
2018-11-26,industry_diffusion_low_max,7959835.952,-3.20142135e-10,40,12,0.2834952908,0.004
2018-11-27,industry_diffusion_low_max,7983035.179,-3.20142135e-10,40,12,0.2824592575,0.004
2018-11-28,industry_diffusion_low_max,8118807.87,22173.98413,40,19,0.104107127,0.004
2018-11-29,industry_diffusion_low_max,7913781.746,22173.98413,40,19,0.1020259819,0.004
2018-11-30,industry_diffusion_low_max,8043232.501,22173.98413,40,19,0.102601806,0.004
2018-12-03,industry_diffusion_low_max,8302512.935,22173.98413,40,19,0.1020433327,0.004
2018-12-04,industry_diffusion_low_max,8359269.284,22173.98413,40,19,0.1021869814,0.004
2018-12-05,industry_diffusion_low_max,8284581.554,12803.8853,40,20,0.0622636632,0.004
2018-12-06,industry_diffusion_low_max,8113233.798,12803.8853,40,20,0.0623642557,0.004
2018-12-07,industry_diffusion_low_max,8152267.254,12803.8853,40,20,0.06211947786,0.004
2018-12-10,industry_diffusion_low_max,8078210.07,12803.8853,40,20,0.06220960428,0.004
2018-12-11,industry_diffusion_low_max,8134168.553,12803.8853,40,20,0.062104991,0.004
2018-12-12,industry_diffusion_low_max,8135773.465,-3.492459655e-10,40,20,0.07587074368,0.004
2018-12-13,industry_diffusion_low_max,8250299.597,-3.492459655e-10,40,20,0.07620599039,0.004
2018-12-14,industry_diffusion_low_max,8064570.325,-3.492459655e-10,40,20,0.07649079515,0.004
2018-12-17,industry_diffusion_low_max,8066064.967,-3.492459655e-10,40,20,0.0771809846,0.004
2018-12-18,industry_diffusion_low_max,7996008.418,-3.492459655e-10,40,20,0.0769424691,0.004
2018-12-19,industry_diffusion_low_max,7886502.212,2.910383046e-10,40,12,0.1879086682,0.004
2018-12-20,industry_diffusion_low_max,7902855.214,2.910383046e-10,40,12,0.1847461122,0.004
2018-12-21,industry_diffusion_low_max,7816911.092,2.910383046e-10,40,12,0.1843036186,0.004
2018-12-24,industry_diffusion_low_max,7916987.979,2.910383046e-10,40,12,0.183542681,0.004
2018-12-25,industry_diffusion_low_max,7845682.009,2.910383046e-10,40,12,0.1839692035,0.004
2018-12-26,industry_diffusion_low_max,7801269.886,130799.075,40,11,0.1702295249,0.004
2018-12-27,industry_diffusion_low_max,7725412.22,130799.075,40,11,0.1706439334,0.004
2018-12-28,industry_diffusion_low_max,7741281.522,130799.075,40,11,0.1713645909,0.004
2019-01-02,industry_diffusion_low_max,7689932.375,130799.075,40,11,0.1706748277,0.004
2019-01-03,industry_diffusion_low_max,7575688.64,130799.075,40,11,0.1681641269,0.004
2019-01-04,industry_diffusion_low_max,7714876.411,151677.6183,40,8,0.1653829186,0.004
2019-01-07,industry_diffusion_low_max,7804079.99,151677.6183,40,8,0.1654066589,0.004
2019-01-08,industry_diffusion_low_max,7743742.196,151677.6183,40,8,0.1654828977,0.004
2019-01-09,industry_diffusion_low_max,7780735.737,151677.6183,40,8,0.1663118914,0.004
2019-01-10,industry_diffusion_low_max,7797086.373,151677.6183,40,8,0.1662035164,0.004
2019-01-11,industry_diffusion_low_max,7865698.276,163980.3214,40,9,0.1584140603,0.004
2019-01-14,industry_diffusion_low_max,7822622.131,163980.3214,40,9,0.1579884174,0.004
2019-01-15,industry_diffusion_low_max,8050410.904,163980.3214,40,9,0.1603894923,0.004
2019-01-16,industry_diffusion_low_max,7951012.056,163980.3214,40,9,0.15975704,0.004
2019-01-17,industry_diffusion_low_max,7896855.261,163980.3214,40,9,0.1597068797,0.004
2019-01-18,industry_diffusion_low_max,7938057.877,103675.8201,40,9,0.1862658227,0.004
2019-01-21,industry_diffusion_low_max,7988404.176,103675.8201,40,9,0.1849118684,0.004
2019-01-22,industry_diffusion_low_max,7968487.57,103675.8201,40,9,0.1866689338,0.004
2019-01-23,industry_diffusion_low_max,8043848.907,103675.8201,40,9,0.1886041527,0.004
2019-01-24,industry_diffusion_low_max,8106221.037,103675.8201,40,9,0.1896701032,0.004
2019-01-25,industry_diffusion_low_max,8108242.614,88099.06039,40,8,0.1922378945,0.004
2019-01-28,industry_diffusion_low_max,8152172.57,88099.06039,40,8,0.1948305295,0.004
2019-01-29,industry_diffusion_low_max,8074468.542,88099.06039,40,8,0.196920721,0.004
2019-01-30,industry_diffusion_low_max,8015119.126,88099.06039,40,8,0.1955090318,0.004
2019-01-31,industry_diffusion_low_max,8000761.859,88099.06039,40,8,0.1968008426,0.004
2019-02-01,industry_diffusion_low_max,8121763.054,-1.455191523e-10,40,10,0.1509421624,0.004
2019-02-11,industry_diffusion_low_max,8416532.431,-1.455191523e-10,40,10,0.1546733523,0.004
2019-02-12,industry_diffusion_low_max,8499902.897,-1.455191523e-10,40,10,0.154975618,0.004
2019-02-13,industry_diffusion_low_max,8612704.979,-1.455191523e-10,40,10,0.153494729,0.004
2019-02-14,industry_diffusion_low_max,8639116.065,-1.455191523e-10,40,10,0.1532627527,0.004
2019-02-15,industry_diffusion_low_max,8652116.108,5.238689482e-10,40,12,0.1660630933,0.004
2019-02-18,industry_diffusion_low_max,9062154.682,5.238689482e-10,40,12,0.1673993674,0.004
2019-02-19,industry_diffusion_low_max,9076271.559,5.238689482e-10,40,12,0.1670420848,0.004
2019-02-20,industry_diffusion_low_max,9224757.192,5.238689482e-10,40,12,0.1722825189,0.004
2019-02-21,industry_diffusion_low_max,9373895.369,5.238689482e-10,40,12,0.1762966449,0.004
2019-02-22,industry_diffusion_low_max,9606957.055,498462.6664,40,15,0.1046151191,0.004
2019-02-25,industry_diffusion_low_max,10086882.15,498462.6664,40,15,0.1056605718,0.004
2019-02-26,industry_diffusion_low_max,10065425.42,498462.6664,40,15,0.1046441428,0.004
2019-02-27,industry_diffusion_low_max,10022019.1,498462.6664,40,15,0.1044284024,0.004
2019-02-28,industry_diffusion_low_max,10017602.84,498462.6664,40,15,0.1042934973,0.004
2019-03-01,industry_diffusion_low_max,10158487.41,485235.4423,40,16,0.09886027526,0.004
2019-03-04,industry_diffusion_low_max,10388629.26,485235.4423,40,16,0.09949561262,0.004
2019-03-05,industry_diffusion_low_max,10578911.19,485235.4423,40,16,0.09962021172,0.004
2019-03-06,industry_diffusion_low_max,10783376.34,485235.4423,40,16,0.09860680282,0.004
2019-03-07,industry_diffusion_low_max,10784950.13,485235.4423,40,16,0.09827274554,0.004
2019-03-08,industry_diffusion_low_max,10228650.3,150526.4913,40,16,0.1024964109,0.004
2019-03-11,industry_diffusion_low_max,10548539.98,150526.4913,40,16,0.1020191739,0.004
2019-03-12,industry_diffusion_low_max,10615798.93,150526.4913,40,16,0.1021599666,0.004
2019-03-13,industry_diffusion_low_max,10535385.88,150526.4913,40,16,0.1032102849,0.004
2019-03-14,industry_diffusion_low_max,10322984.06,150526.4913,40,16,0.1027988134,0.004
2019-03-15,industry_diffusion_low_max,10503608.83,3.20142135e-10,40,20,0.09050504525,0.004
2019-03-18,industry_diffusion_low_max,10800633.28,3.20142135e-10,40,20,0.09135181513,0.004
2019-03-19,industry_diffusion_low_max,10761835.68,3.20142135e-10,40,20,0.091662734,0.004
2019-03-20,industry_diffusion_low_max,10821033.5,3.20142135e-10,40,20,0.09233176969,0.004
2019-03-21,industry_diffusion_low_max,10948111.71,3.20142135e-10,40,20,0.09282129433,0.004
2019-03-22,industry_diffusion_low_max,11013959.44,350.2032516,40,16,0.1387041998,0.004
2019-03-25,industry_diffusion_low_max,10920236.66,350.2032516,40,16,0.1381993056,0.004
2019-03-26,industry_diffusion_low_max,10712752.01,350.2032516,40,16,0.1388410361,0.004
2019-03-27,industry_diffusion_low_max,10875522.44,350.2032516,40,16,0.1398001821,0.004
2019-03-28,industry_diffusion_low_max,10774389.73,350.2032516,40,16,0.1388379877,0.004
2019-03-29,industry_diffusion_low_max,11066689.7,42796.07489,40,20,0.08590001167,0.004
2019-04-01,industry_diffusion_low_max,11369115.2,42796.07489,40,20,0.08603357967,0.004
2019-04-02,industry_diffusion_low_max,11378456.77,42796.07489,40,20,0.08602077536,0.004
2019-04-03,industry_diffusion_low_max,11491361.51,42796.07489,40,20,0.08639842534,0.004
2019-04-04,industry_diffusion_low_max,11496485.44,42796.07489,40,20,0.08659155284,0.004
2019-04-08,industry_diffusion_low_max,11480237.37,0,41,20,0.06358246853,0.004
2019-04-09,industry_diffusion_low_max,11626282.81,303587.7432,40,20,0.06378342616,0.004
2019-04-10,industry_diffusion_low_max,11799415.57,303587.7432,40,20,0.06384798484,0.004
2019-04-11,industry_diffusion_low_max,11605560.49,303587.7432,40,20,0.06388483284,0.004
2019-04-12,industry_diffusion_low_max,11542996.21,303587.7432,40,20,0.0638949254,0.004
2019-04-15,industry_diffusion_low_max,11446231.54,73852.14654,40,17,0.07226663607,0.004
2019-04-16,industry_diffusion_low_max,11646660.34,73852.14654,40,17,0.07215441382,0.004
2019-04-17,industry_diffusion_low_max,11684915.25,73852.14654,40,17,0.07179446393,0.004
2019-04-18,industry_diffusion_low_max,11636480.15,73852.14654,40,17,0.0723161481,0.004
2019-04-19,industry_diffusion_low_max,11753084.61,73852.14654,40,17,0.07276474915,0.004
2019-04-22,industry_diffusion_low_max,11545249.19,165782.6218,40,20,0.06424113846,0.004
2019-04-23,industry_diffusion_low_max,11398496.39,165782.6218,40,20,0.06423922851,0.004
2019-04-24,industry_diffusion_low_max,11439738.31,165782.6218,40,20,0.06404497154,0.004
2019-04-25,industry_diffusion_low_max,11029038.1,165782.6218,40,20,0.0641125475,0.004
2019-04-26,industry_diffusion_low_max,10827077.78,165782.6218,40,20,0.06426915338,0.004
2019-04-29,industry_diffusion_low_max,10536985.05,199820.8743,40,19,0.06653569239,0.004
2019-04-30,industry_diffusion_low_max,10701176.62,199820.8743,40,19,0.06674908324,0.004
2019-05-06,industry_diffusion_low_max,9988135.966,199820.8743,40,19,0.06665974915,0.004
2019-05-07,industry_diffusion_low_max,10214922.74,436147.7526,39,19,0.06786926366,0.004
2019-05-08,industry_diffusion_low_max,10254024.53,436147.7526,39,19,0.06727277466,0.004
2019-05-09,industry_diffusion_low_max,10068444.28,268786.7811,39,17,0.08253165337,0.004
2019-05-10,industry_diffusion_low_max,10343230.03,268786.7811,39,17,0.08251141666,0.004
2019-05-13,industry_diffusion_low_max,10326571.69,268786.7811,39,17,0.082167232,0.004
2019-05-14,industry_diffusion_low_max,10225142.24,268786.7811,39,17,0.0827718286,0.004
2019-05-15,industry_diffusion_low_max,10466206.11,268786.7811,39,17,0.08294782598,0.004
2019-05-16,industry_diffusion_low_max,10521587.55,252252.9801,39,14,0.127625971,0.004
2019-05-17,industry_diffusion_low_max,10242525.67,252252.9801,39,14,0.1277548384,0.004
2019-05-20,industry_diffusion_low_max,10177964.91,252252.9801,39,14,0.126456363,0.004
2019-05-21,industry_diffusion_low_max,10402872.89,252252.9801,39,14,0.1263261915,0.004
2019-05-22,industry_diffusion_low_max,10315382.97,252252.9801,39,14,0.1266494252,0.004
2019-05-23,industry_diffusion_low_max,10103521.01,68708.87889,40,9,0.1879996056,0.004
2019-05-24,industry_diffusion_low_max,10016501.35,68708.87889,40,9,0.1864722713,0.004
2019-05-27,industry_diffusion_low_max,10202367.23,68708.87889,40,9,0.1857233786,0.004
2019-05-28,industry_diffusion_low_max,10479654.94,68708.87889,40,9,0.1870732047,0.004
2019-05-29,industry_diffusion_low_max,10566262.01,68708.87889,40,9,0.1870919346,0.004
2019-05-30,industry_diffusion_low_max,10644019.47,402760.7779,38,6,0.2255550922,0.004
2019-05-31,industry_diffusion_low_max,10641939.16,723747.4989,37,6,0.2351392625,0.004
2019-06-03,industry_diffusion_low_max,10557713.74,723747.4989,37,6,0.2362174058,0.004
2019-06-04,industry_diffusion_low_max,10383150.71,1195158.905,35,6,0.2400490953,0.004
2019-06-05,industry_diffusion_low_max,10381332.7,1195158.905,35,6,0.2415194392,0.004
2019-06-06,industry_diffusion_low_max,10276138.32,665873.2971,37,7,0.1942195129,0.004
2019-06-10,industry_diffusion_low_max,10410644.03,665873.2971,37,7,0.1949647905,0.004
2019-06-11,industry_diffusion_low_max,10804146.87,665873.2971,37,7,0.1923352553,0.004
2019-06-12,industry_diffusion_low_max,10828254.46,665873.2971,37,7,0.1910298574,0.004
2019-06-13,industry_diffusion_low_max,11001433.14,665873.2971,37,7,0.190699594,0.004
2019-06-14,industry_diffusion_low_max,10756177.64,257626.8455,38,6,0.24213862,0.004
2019-06-17,industry_diffusion_low_max,10747577.78,257626.8455,38,6,0.2437326324,0.004
2019-06-18,industry_diffusion_low_max,10638582.3,257626.8455,38,6,0.2420983927,0.004
2019-06-19,industry_diffusion_low_max,10650985.75,257626.8455,38,6,0.2418405675,0.004
2019-06-20,industry_diffusion_low_max,10753133.87,257626.8455,38,6,0.2422973771,0.004
2019-06-21,industry_diffusion_low_max,10864542.44,1.455191523e-10,40,7,0.3131797487,0.004
2019-06-24,industry_diffusion_low_max,10960122.94,1.455191523e-10,40,7,0.3089010061,0.004
2019-06-25,industry_diffusion_low_max,10707257.66,1.455191523e-10,40,7,0.310767911,0.004
2019-06-26,industry_diffusion_low_max,10629935.63,1.455191523e-10,40,7,0.311832261,0.004
2019-06-27,industry_diffusion_low_max,10666027.77,1.455191523e-10,40,7,0.3123946436,0.004
2019-06-28,industry_diffusion_low_max,10576392.42,122075.5663,40,11,0.2854797152,0.004
2019-07-01,industry_diffusion_low_max,10794386.36,122075.5663,40,11,0.2872534831,0.004
2019-07-02,industry_diffusion_low_max,10784897.39,122075.5663,40,11,0.28882274,0.004
2019-07-03,industry_diffusion_low_max,10612693.99,122075.5663,40,11,0.289385405,0.004
2019-07-04,industry_diffusion_low_max,10546764.32,122075.5663,40,11,0.2913153285,0.004
2019-07-05,industry_diffusion_low_max,10600940.12,239271.2642,40,13,0.1764200335,0.004
2019-07-08,industry_diffusion_low_max,10289828.99,239271.2642,40,13,0.1735882405,0.004
2019-07-09,industry_diffusion_low_max,10397287.93,239271.2642,40,13,0.176086356,0.004
2019-07-10,industry_diffusion_low_max,10217458.64,239271.2642,40,13,0.1740129458,0.004
2019-07-11,industry_diffusion_low_max,10223187.74,239271.2642,40,13,0.1732856789,0.004
2019-07-12,industry_diffusion_low_max,10287397.1,278966.3917,40,13,0.1346244677,0.004
2019-07-15,industry_diffusion_low_max,10355205.14,278966.3917,40,13,0.1345200041,0.004
2019-07-16,industry_diffusion_low_max,10367877.23,278966.3917,40,13,0.1341571604,0.004
2019-07-17,industry_diffusion_low_max,10354419.64,278966.3917,40,13,0.1343189308,0.004
2019-07-18,industry_diffusion_low_max,10292261.64,278966.3917,40,13,0.1348694679,0.004
2019-07-19,industry_diffusion_low_max,10309946.22,72244.23452,40,15,0.1669241219,0.004
2019-07-22,industry_diffusion_low_max,10204404.37,72244.23452,40,15,0.1675160478,0.004
2019-07-23,industry_diffusion_low_max,10194005.75,72244.23452,40,15,0.165534533,0.004
2019-07-24,industry_diffusion_low_max,10284060.14,72244.23452,40,15,0.1644582127,0.004
2019-07-25,industry_diffusion_low_max,10316916.98,72244.23452,40,15,0.1651200291,0.004
2019-07-26,industry_diffusion_low_max,10326387.78,158400.6779,40,11,0.182411442,0.004
2019-07-29,industry_diffusion_low_max,10370949.67,158400.6779,40,11,0.1830729926,0.004
2019-07-30,industry_diffusion_low_max,10383883.95,158400.6779,40,11,0.182890806,0.004
2019-07-31,industry_diffusion_low_max,10288137.65,158400.6779,40,11,0.1820576827,0.004
2019-08-01,industry_diffusion_low_max,10252064.64,158400.6779,40,11,0.181832584,0.004
2019-08-02,industry_diffusion_low_max,10219285.1,177303.9479,40,8,0.2277872303,0.004
2019-08-05,industry_diffusion_low_max,10028935.43,177303.9479,40,8,0.2275135323,0.004
2019-08-06,industry_diffusion_low_max,9865983.263,177303.9479,40,8,0.2286935585,0.004
2019-08-07,industry_diffusion_low_max,9778980.192,177303.9479,40,8,0.2288783929,0.004
2019-08-08,industry_diffusion_low_max,9822129.243,177303.9479,40,8,0.2290304968,0.004
2019-08-09,industry_diffusion_low_max,9649201.353,63587.55438,40,10,0.1544397699,0.004
2019-08-12,industry_diffusion_low_max,9844330.725,63587.55438,40,10,0.155272314,0.004
2019-08-13,industry_diffusion_low_max,9842018.791,63587.55438,40,10,0.1545495971,0.004
2019-08-14,industry_diffusion_low_max,9874392.837,63587.55438,40,10,0.1538762185,0.004
2019-08-15,industry_diffusion_low_max,9859050.903,63587.55438,40,10,0.1534049681,0.004
2019-08-16,industry_diffusion_low_max,9894014.542,-2.910383046e-10,40,9,0.1540499853,0.004
2019-08-19,industry_diffusion_low_max,10189881.35,-2.910383046e-10,40,9,0.1536527549,0.004
2019-08-20,industry_diffusion_low_max,10175099.57,-2.910383046e-10,40,9,0.1532921655,0.004
2019-08-21,industry_diffusion_low_max,10172840.85,-2.910383046e-10,40,9,0.1534805286,0.004
2019-08-22,industry_diffusion_low_max,10260124.03,-2.910383046e-10,40,9,0.1534504118,0.004
2019-08-23,industry_diffusion_low_max,10264229.47,-7.566995919e-10,40,12,0.1348021499,0.004
2019-08-26,industry_diffusion_low_max,10255324.3,-7.566995919e-10,40,12,0.1327946326,0.004
2019-08-27,industry_diffusion_low_max,10383709.67,-7.566995919e-10,40,12,0.1321364936,0.004
2019-08-28,industry_diffusion_low_max,10309863.97,-7.566995919e-10,40,12,0.1310138803,0.004
2019-08-29,industry_diffusion_low_max,10280718.31,-7.566995919e-10,40,12,0.1313409342,0.004
2019-08-30,industry_diffusion_low_max,10237926.75,48058.76432,40,12,0.1558903897,0.004
2019-09-02,industry_diffusion_low_max,10413248.82,48058.76432,40,12,0.1557573597,0.004
2019-09-03,industry_diffusion_low_max,10468679.92,48058.76432,40,12,0.1566064631,0.004
2019-09-04,industry_diffusion_low_max,10607454.18,48058.76432,40,12,0.1583001539,0.004
2019-09-05,industry_diffusion_low_max,10792898.42,48058.76432,40,12,0.1599707153,0.004
2019-09-06,industry_diffusion_low_max,10747466.55,66081.49087,40,16,0.1295098091,0.004
2019-09-09,industry_diffusion_low_max,10988921.1,66081.49087,40,16,0.130222363,0.004
2019-09-10,industry_diffusion_low_max,11021602.61,66081.49087,40,16,0.1304976061,0.004
2019-09-11,industry_diffusion_low_max,10956891.25,66081.49087,40,16,0.130398299,0.004
2019-09-12,industry_diffusion_low_max,10947910.93,66081.49087,40,16,0.1301117291,0.004
2019-09-16,industry_diffusion_low_max,10946930.07,-1.746229827e-10,41,21,0.07177008018,0.004
2019-09-17,industry_diffusion_low_max,10741719.7,-1.746229827e-10,41,21,0.07092444335,0.004
2019-09-18,industry_diffusion_low_max,10755504.33,-1.746229827e-10,41,21,0.07082564362,0.004
2019-09-19,industry_diffusion_low_max,10868108.87,298085.5738,40,21,0.07103099108,0.004
2019-09-20,industry_diffusion_low_max,10922207.42,298085.5738,40,21,0.07136034139,0.004
2019-09-23,industry_diffusion_low_max,10820570.8,392301.1586,40,19,0.08040549218,0.004
2019-09-24,industry_diffusion_low_max,10853961.85,392301.1586,40,19,0.08013108926,0.004
2019-09-25,industry_diffusion_low_max,10658097.23,392301.1586,40,19,0.07991627316,0.004
2019-09-26,industry_diffusion_low_max,10399885.74,392301.1586,40,19,0.0798284633,0.004
2019-09-27,industry_diffusion_low_max,10436526.54,392301.1586,40,19,0.07940021566,0.004
2019-09-30,industry_diffusion_low_max,10372172.62,287245.2777,40,17,0.109648941,0.004
2019-10-08,industry_diffusion_low_max,10444743.23,287245.2777,40,17,0.1096121324,0.004
2019-10-09,industry_diffusion_low_max,10493438.54,287245.2777,40,17,0.1100612825,0.004
2019-10-10,industry_diffusion_low_max,10571208.84,287245.2777,40,17,0.1093566999,0.004
2019-10-11,industry_diffusion_low_max,10656126.53,287245.2777,40,17,0.1097202047,0.004
2019-10-14,industry_diffusion_low_max,10838158.79,230847.2724,40,16,0.1486618171,0.004
2019-10-15,industry_diffusion_low_max,10806852.04,230847.2724,40,16,0.1494758148,0.004
2019-10-16,industry_diffusion_low_max,10739633.13,230847.2724,40,16,0.1503159167,0.004
2019-10-17,industry_diffusion_low_max,10744293.55,230847.2724,40,16,0.1495244531,0.004
2019-10-18,industry_diffusion_low_max,10618515.86,230847.2724,40,16,0.1496775107,0.004
2019-10-21,industry_diffusion_low_max,10627610.26,-1.164153218e-10,40,12,0.1716446324,0.004
2019-10-22,industry_diffusion_low_max,10668518.74,-1.164153218e-10,40,12,0.1710300917,0.004
2019-10-23,industry_diffusion_low_max,10596941.53,-1.164153218e-10,40,12,0.1721153972,0.004
2019-10-24,industry_diffusion_low_max,10632409.69,-1.164153218e-10,40,12,0.172899195,0.004
2019-10-25,industry_diffusion_low_max,10628680.02,-1.164153218e-10,40,12,0.172525681,0.004
2019-10-28,industry_diffusion_low_max,10740536.43,18862.36331,40,9,0.2358100128,0.004
2019-10-29,industry_diffusion_low_max,10731763.74,18862.36331,40,9,0.2350462799,0.004
2019-10-30,industry_diffusion_low_max,10628310.98,18862.36331,40,9,0.2375295926,0.004
2019-10-31,industry_diffusion_low_max,10572053.36,18862.36331,40,9,0.2376700997,0.004
2019-11-01,industry_diffusion_low_max,10606494.89,18862.36331,40,9,0.2389644176,0.004
2019-11-04,industry_diffusion_low_max,10639016.54,100055.6192,40,11,0.1362230976,0.004
2019-11-05,industry_diffusion_low_max,10675376.16,100055.6192,40,11,0.1370628431,0.004
2019-11-06,industry_diffusion_low_max,10558970.94,100055.6192,40,11,0.1369198988,0.004
2019-11-07,industry_diffusion_low_max,10633568.99,100055.6192,40,11,0.1371606898,0.004
2019-11-08,industry_diffusion_low_max,10558733.23,100055.6192,40,11,0.1366503868,0.004
2019-11-11,industry_diffusion_low_max,10336775.18,143515.1923,40,8,0.187718869,0.004
2019-11-12,industry_diffusion_low_max,10424427.59,143515.1923,40,8,0.1887391544,0.004
2019-11-13,industry_diffusion_low_max,10405118.94,143515.1923,40,8,0.1893885123,0.004
2019-11-14,industry_diffusion_low_max,10444222.91,143515.1923,40,8,0.1898222183,0.004
2019-11-15,industry_diffusion_low_max,10228508.57,143515.1923,40,8,0.1888067883,0.004
2019-11-18,industry_diffusion_low_max,10239693.58,142523.2551,40,9,0.1855813869,0.004
2019-11-19,industry_diffusion_low_max,10372239.41,142523.2551,40,9,0.1860447488,0.004
2019-11-20,industry_diffusion_low_max,10319834.52,142523.2551,40,9,0.1865409023,0.004
2019-11-21,industry_diffusion_low_max,10296102.75,142523.2551,40,9,0.1846445258,0.004
2019-11-22,industry_diffusion_low_max,10126291.08,142523.2551,40,9,0.1836343175,0.004
2019-11-25,industry_diffusion_low_max,10075478.19,2.619344741e-10,40,9,0.1958461395,0.004
2019-11-26,industry_diffusion_low_max,10131614.33,2.619344741e-10,40,9,0.1965990967,0.004
2019-11-27,industry_diffusion_low_max,10113903.89,2.619344741e-10,40,9,0.1964330159,0.004
2019-11-28,industry_diffusion_low_max,10072483.44,2.619344741e-10,40,9,0.1966559142,0.004
2019-11-29,industry_diffusion_low_max,9971442.139,2.619344741e-10,40,9,0.195909503,0.004
2019-12-02,industry_diffusion_low_max,9939096.068,27578.49635,40,7,0.2106085422,0.004
2019-12-03,industry_diffusion_low_max,9921185.738,27578.49635,40,7,0.2104859526,0.004
2019-12-04,industry_diffusion_low_max,9878939.558,27578.49635,40,7,0.2099038645,0.004
2019-12-05,industry_diffusion_low_max,9958568.689,27578.49635,40,7,0.2099222004,0.004
2019-12-06,industry_diffusion_low_max,10066999.89,27578.49635,40,7,0.2100996381,0.004
2019-12-09,industry_diffusion_low_max,10106027.63,39519.49791,40,8,0.1825699675,0.004
2019-12-10,industry_diffusion_low_max,10163211.89,39519.49791,40,8,0.1828155178,0.004
2019-12-11,industry_diffusion_low_max,10140027.08,39519.49791,40,8,0.1823185514,0.004
2019-12-12,industry_diffusion_low_max,10108058.89,39519.49791,40,8,0.1822712714,0.004
2019-12-13,industry_diffusion_low_max,10210466.1,39519.49791,40,8,0.1827444707,0.004
2019-12-16,industry_diffusion_low_max,10295856.92,-3.20142135e-10,40,9,0.2079772831,0.004
2019-12-17,industry_diffusion_low_max,10455090.37,-3.20142135e-10,40,9,0.2089094476,0.004
2019-12-18,industry_diffusion_low_max,10477446.34,-3.20142135e-10,40,9,0.2081705712,0.004
2019-12-19,industry_diffusion_low_max,10502187.83,-3.20142135e-10,40,9,0.2085387917,0.004
2019-12-20,industry_diffusion_low_max,10481121.97,-3.20142135e-10,40,9,0.2109502865,0.004
2019-12-23,industry_diffusion_low_max,10349580.35,-8.731149137e-11,40,12,0.1930427525,0.004
2019-12-24,industry_diffusion_low_max,10589050.67,-8.731149137e-11,40,12,0.1939479445,0.004
2019-12-25,industry_diffusion_low_max,10649024.31,-8.731149137e-11,40,12,0.1927796279,0.004
2019-12-26,industry_diffusion_low_max,10743974.51,-8.731149137e-11,40,12,0.1920707581,0.004
2019-12-27,industry_diffusion_low_max,10727584.29,-8.731149137e-11,40,12,0.1906143587,0.004
2019-12-30,industry_diffusion_low_max,10835749.99,34623.23086,40,16,0.1066625053,0.004
2019-12-31,industry_diffusion_low_max,10905987.49,34623.23086,40,16,0.1057030987,0.004
2020-01-02,industry_diffusion_low_max,11131976.28,34623.23086,40,16,0.1057061544,0.004
2020-01-03,industry_diffusion_low_max,11188778.41,34623.23086,40,16,0.1050983085,0.004
2020-01-06,industry_diffusion_low_max,11296517.5,34623.23086,40,16,0.1058792338,0.004
2020-01-07,industry_diffusion_low_max,11412391.23,115178.6751,40,16,0.1050281813,0.004
2020-01-08,industry_diffusion_low_max,11319286.13,115178.6751,40,16,0.1044078032,0.004
2020-01-09,industry_diffusion_low_max,11462262.01,115178.6751,40,16,0.1045494623,0.004
2020-01-10,industry_diffusion_low_max,11448306.93,115178.6751,40,16,0.1053796644,0.004
2020-01-13,industry_diffusion_low_max,11539319.24,115178.6751,40,16,0.1048709167,0.004
2020-01-14,industry_diffusion_low_max,11463907.48,48947.57392,40,16,0.1163671617,0.004
2020-01-15,industry_diffusion_low_max,11382222.15,48947.57392,40,16,0.115527006,0.004
2020-01-16,industry_diffusion_low_max,11313582.01,48947.57392,40,16,0.1154853255,0.004
2020-01-17,industry_diffusion_low_max,11315479.55,48947.57392,40,16,0.1157125569,0.004
2020-01-20,industry_diffusion_low_max,11398539.12,48947.57392,40,16,0.1146828561,0.004
2020-01-21,industry_diffusion_low_max,11139715.41,34631.47891,40,17,0.1093663712,0.004
2020-01-22,industry_diffusion_low_max,11116344.71,34631.47891,40,17,0.10918377,0.004
2020-01-23,industry_diffusion_low_max,10757412.55,34631.47891,40,17,0.1094362367,0.004
2020-02-03,industry_diffusion_low_max,9720999.021,34631.47891,40,17,0.1099443022,0.004
2020-02-04,industry_diffusion_low_max,9725088.076,34631.47891,40,17,0.1138306209,0.004
2020-02-05,industry_diffusion_low_max,9949584.911,1.746229827e-10,40,17,0.1084439403,0.004
2020-02-06,industry_diffusion_low_max,10194514.52,1.746229827e-10,40,17,0.1086995845,0.004
2020-02-07,industry_diffusion_low_max,10232571.76,1.746229827e-10,40,17,0.1082407418,0.004
2020-02-10,industry_diffusion_low_max,10329129.53,1.746229827e-10,40,17,0.1084853177,0.004
2020-02-11,industry_diffusion_low_max,10417668.37,1.746229827e-10,40,17,0.1104379903,0.004
2020-02-12,industry_diffusion_low_max,10567743.97,4.074536264e-10,40,14,0.2317492058,0.004
2020-02-13,industry_diffusion_low_max,10405160.09,4.074536264e-10,40,14,0.2305064407,0.004
2020-02-14,industry_diffusion_low_max,10371355.88,4.074536264e-10,40,14,0.22831638,0.004
2020-02-17,industry_diffusion_low_max,10650566.63,4.074536264e-10,40,14,0.2298528034,0.004
2020-02-18,industry_diffusion_low_max,10830250.92,4.074536264e-10,40,14,0.2277159184,0.004
2020-02-19,industry_diffusion_low_max,10807464.73,-5.820766091e-11,40,10,0.2647709059,0.004
2020-02-20,industry_diffusion_low_max,11033985.46,-5.820766091e-11,40,10,0.262108417,0.004
2020-02-21,industry_diffusion_low_max,11173849.59,-5.820766091e-11,40,10,0.2592842268,0.004
2020-02-24,industry_diffusion_low_max,11339032.46,-5.820766091e-11,40,10,0.2614162891,0.004
2020-02-25,industry_diffusion_low_max,11240662.28,-5.820766091e-11,40,10,0.2649392366,0.004
2020-02-26,industry_diffusion_low_max,10744760.82,292299.4129,40,7,0.2901211503,0.004
2020-02-27,industry_diffusion_low_max,10761731.07,292299.4129,40,7,0.2912637993,0.004
2020-02-28,industry_diffusion_low_max,10213079.84,292299.4129,40,7,0.2980732908,0.004
2020-03-02,industry_diffusion_low_max,10490579.16,292299.4129,40,7,0.2970987228,0.004
2020-03-03,industry_diffusion_low_max,10672565.04,292299.4129,40,7,0.3006931395,0.004
2020-03-04,industry_diffusion_low_max,10693627.16,125936.0935,40,13,0.1595013102,0.004
2020-03-05,industry_diffusion_low_max,10827528.52,125936.0935,40,13,0.159817658,0.004
2020-03-06,industry_diffusion_low_max,10839589.64,125936.0935,40,13,0.1604238027,0.004
2020-03-09,industry_diffusion_low_max,10370628.49,125936.0935,40,13,0.1603436068,0.004
2020-03-10,industry_diffusion_low_max,10576044.81,125936.0935,40,13,0.1607939119,0.004
2020-03-11,industry_diffusion_low_max,10498029.99,285535.6463,40,18,0.1274983482,0.004
2020-03-12,industry_diffusion_low_max,10309050.47,285535.6463,40,18,0.1288254738,0.004
2020-03-13,industry_diffusion_low_max,10227026.27,285535.6463,40,18,0.1302066403,0.004
2020-03-16,industry_diffusion_low_max,9851195.005,285535.6463,40,18,0.1295880945,0.004
2020-03-17,industry_diffusion_low_max,9816370.487,285535.6463,40,18,0.1288041226,0.004
2020-03-18,industry_diffusion_low_max,9703289.391,126593.973,40,19,0.1214075515,0.004
2020-03-19,industry_diffusion_low_max,9712795.134,126593.973,40,19,0.1199182777,0.004
2020-03-20,industry_diffusion_low_max,9928370.41,126593.973,40,19,0.1235317804,0.004
2020-03-23,industry_diffusion_low_max,9604584.579,126593.973,40,19,0.1260878838,0.004
2020-03-24,industry_diffusion_low_max,10007558.41,126593.973,40,19,0.1299759732,0.004
2020-03-25,industry_diffusion_low_max,10241599.64,113992.961,40,16,0.237571239,0.004
2020-03-26,industry_diffusion_low_max,10309637.45,113992.961,40,16,0.2455673683,0.004
2020-03-27,industry_diffusion_low_max,10286505.23,113992.961,40,16,0.2420159082,0.004
2020-03-30,industry_diffusion_low_max,10175472.05,113992.961,40,16,0.2448067907,0.004
2020-03-31,industry_diffusion_low_max,10455321.18,113992.961,40,16,0.2587298086,0.004
2020-04-01,industry_diffusion_low_max,10201983.08,4.656612873e-10,40,13,0.424854937,0.004
2020-04-02,industry_diffusion_low_max,10181881.84,4.656612873e-10,40,13,0.4238269906,0.004
2020-04-03,industry_diffusion_low_max,10288433.52,4.656612873e-10,40,13,0.4307288668,0.004
2020-04-07,industry_diffusion_low_max,10646185.78,4.656612873e-10,40,13,0.4310122204,0.004
2020-04-08,industry_diffusion_low_max,10510984.96,4.656612873e-10,40,13,0.4250823778,0.004
2020-04-09,industry_diffusion_low_max,10797550.11,2.910383046e-11,40,6,0.7433894462,0.004
2020-04-10,industry_diffusion_low_max,10540258.97,2.910383046e-11,40,6,0.7431965201,0.004
2020-04-13,industry_diffusion_low_max,10601849.36,2.910383046e-11,40,6,0.7425521985,0.004
2020-04-14,industry_diffusion_low_max,10712557.42,2.910383046e-11,40,6,0.7415180891,0.004
2020-04-15,industry_diffusion_low_max,10487192.18,2.910383046e-11,40,6,0.7406378691,0.004
2020-04-16,industry_diffusion_low_max,10449484.71,134139.0898,40,10,0.4145821187,0.004
2020-04-17,industry_diffusion_low_max,10407512.91,134139.0898,40,10,0.4113627323,0.004
2020-04-20,industry_diffusion_low_max,10543195.88,134139.0898,40,10,0.4049210625,0.004
2020-04-21,industry_diffusion_low_max,10590334.3,134139.0898,40,10,0.4063233174,0.004
2020-04-22,industry_diffusion_low_max,10934124.7,134139.0898,40,10,0.4074967576,0.004
2020-04-23,industry_diffusion_low_max,10936706.51,196969.4107,40,12,0.1935235247,0.004
2020-04-24,industry_diffusion_low_max,10836232.96,470063.3901,39,12,0.2025795822,0.004
2020-04-27,industry_diffusion_low_max,10905802.47,470063.3901,39,12,0.2060976622,0.004
2020-04-28,industry_diffusion_low_max,11035421.35,470063.3901,39,12,0.2068888363,0.004
2020-04-29,industry_diffusion_low_max,10797635.11,470063.3901,39,12,0.2044876738,0.004
2020-04-30,industry_diffusion_low_max,10799116.31,606349.7786,38,16,0.1144643586,0.004
2020-05-06,industry_diffusion_low_max,10932148.62,862714.3386,37,16,0.1113047906,0.004
2020-05-07,industry_diffusion_low_max,11098873.23,862714.3386,37,16,0.1122154998,0.004
2020-05-08,industry_diffusion_low_max,11260181.25,862714.3386,37,16,0.1122553558,0.004
2020-05-11,industry_diffusion_low_max,11260062.19,862714.3386,37,16,0.1117319893,0.004
2020-05-12,industry_diffusion_low_max,11300193.67,161124.5588,39,18,0.1008460868,0.004
2020-05-13,industry_diffusion_low_max,11599077.89,161124.5588,39,18,0.1015010696,0.004
2020-05-14,industry_diffusion_low_max,11535239.67,161124.5588,39,18,0.1022327226,0.004
2020-05-15,industry_diffusion_low_max,11468264.71,161124.5588,39,18,0.1021108408,0.004
2020-05-18,industry_diffusion_low_max,11676391.44,161124.5588,39,18,0.1026779406,0.004
2020-05-19,industry_diffusion_low_max,11745543.65,5.820766091e-11,40,15,0.1119472512,0.004
2020-05-20,industry_diffusion_low_max,11510344.25,5.820766091e-11,40,15,0.1101620909,0.004
2020-05-21,industry_diffusion_low_max,11409563.1,5.820766091e-11,40,15,0.11007766,0.004
2020-05-22,industry_diffusion_low_max,11233661.94,5.820766091e-11,40,15,0.1101930968,0.004
2020-05-25,industry_diffusion_low_max,11313192.81,5.820766091e-11,40,15,0.1117587156,0.004
2020-05-26,industry_diffusion_low_max,11553449.42,24670.99407,40,14,0.1757923715,0.004
2020-05-27,industry_diffusion_low_max,11585375.84,24670.99407,40,14,0.1766700903,0.004
2020-05-28,industry_diffusion_low_max,11654770.98,24670.99407,40,14,0.1770981169,0.004
2020-05-29,industry_diffusion_low_max,11854309.8,24670.99407,40,14,0.1781891713,0.004
2020-06-01,industry_diffusion_low_max,12064987.24,24670.99407,40,14,0.1761335544,0.004
2020-06-02,industry_diffusion_low_max,11897087.88,56836.8417,40,15,0.1398471861,0.004
2020-06-03,industry_diffusion_low_max,11878307.98,56836.8417,40,15,0.1415745916,0.004
2020-06-04,industry_diffusion_low_max,12182470.45,56836.8417,40,15,0.148335299,0.004
2020-06-05,industry_diffusion_low_max,12066014.86,56836.8417,40,15,0.145079608,0.004
2020-06-08,industry_diffusion_low_max,11933828.31,56836.8417,40,15,0.1414314202,0.004
2020-06-09,industry_diffusion_low_max,11993606.61,144415.147,40,14,0.1364427889,0.004
2020-06-10,industry_diffusion_low_max,12040720.33,144415.147,40,14,0.1362838472,0.004
2020-06-11,industry_diffusion_low_max,11881279.3,144415.147,40,14,0.1346268112,0.004
2020-06-12,industry_diffusion_low_max,11934016.37,144415.147,40,14,0.1363260529,0.004
2020-06-15,industry_diffusion_low_max,11830132.93,144415.147,40,14,0.1372527527,0.004
2020-06-16,industry_diffusion_low_max,12040316.31,1.164153218e-10,40,17,0.1151490318,0.004
2020-06-17,industry_diffusion_low_max,12046086.11,1.164153218e-10,40,17,0.1140702202,0.004
2020-06-18,industry_diffusion_low_max,11977942.96,613003.3394,38,17,0.1126979797,0.004
2020-06-19,industry_diffusion_low_max,12159176.31,613003.3394,38,17,0.1137071427,0.004
2020-06-22,industry_diffusion_low_max,12132688.93,613003.3394,38,17,0.1141399102,0.004
2020-06-23,industry_diffusion_low_max,12302595,658004.7984,36,18,0.1021429327,0.004
2020-06-24,industry_diffusion_low_max,12253507.39,658004.7984,36,18,0.1018021945,0.004
2020-06-29,industry_diffusion_low_max,12234266.39,658004.7984,36,18,0.1035630277,0.004
2020-06-30,industry_diffusion_low_max,12375713.19,658004.7984,36,18,0.104259011,0.004
2020-07-01,industry_diffusion_low_max,12645654.93,658004.7984,36,18,0.1082781992,0.004
2020-07-02,industry_diffusion_low_max,12817889.8,419893.4641,37,20,0.1275013505,0.004
2020-07-03,industry_diffusion_low_max,12805677.15,419893.4641,37,20,0.1237541135,0.004
2020-07-06,industry_diffusion_low_max,13246590.13,419893.4641,37,20,0.1211897835,0.004
2020-07-07,industry_diffusion_low_max,13484353.45,419893.4641,37,20,0.1235740066,0.004
2020-07-08,industry_diffusion_low_max,13703927.53,419893.4641,37,20,0.120984977,0.004
2020-07-09,industry_diffusion_low_max,13932613.97,925740.6407,36,20,0.07103216398,0.004
2020-07-10,industry_diffusion_low_max,13823229.57,925740.6407,36,20,0.07249487739,0.004
2020-07-13,industry_diffusion_low_max,14322580.93,925740.6407,36,20,0.07338781121,0.004
2020-07-14,industry_diffusion_low_max,14347892.34,925740.6407,36,20,0.07337561568,0.004
2020-07-15,industry_diffusion_low_max,14265245.25,925740.6407,36,20,0.07559279345,0.004
2020-07-16,industry_diffusion_low_max,13475399.58,385870.6589,37,20,0.07084636047,0.004
2020-07-17,industry_diffusion_low_max,13552323.32,385870.6589,37,20,0.07072794783,0.004
2020-07-20,industry_diffusion_low_max,13980806.26,385870.6589,37,20,0.06951200977,0.004
2020-07-21,industry_diffusion_low_max,14120169.41,385870.6589,37,20,0.07006907551,0.004
2020-07-22,industry_diffusion_low_max,14161674.38,385870.6589,37,20,0.07048453274,0.004
2020-07-23,industry_diffusion_low_max,14141064.89,-2.910383046e-10,40,20,0.06754468728,0.004
2020-07-24,industry_diffusion_low_max,13493598.95,-2.910383046e-10,40,20,0.06749551438,0.004
2020-07-27,industry_diffusion_low_max,13634517.69,-2.910383046e-10,40,20,0.06793800626,0.004
2020-07-28,industry_diffusion_low_max,13686877.66,-2.910383046e-10,40,20,0.06812688658,0.004
2020-07-29,industry_diffusion_low_max,13958439.57,-2.910383046e-10,40,20,0.06802033811,0.004
2020-07-30,industry_diffusion_low_max,13885236.66,42747.89434,40,19,0.0787648914,0.004
2020-07-31,industry_diffusion_low_max,13986473.94,42747.89434,40,19,0.07823388285,0.004
2020-08-03,industry_diffusion_low_max,14324526.39,42747.89434,40,19,0.07769674241,0.004
2020-08-04,industry_diffusion_low_max,14447499.08,42747.89434,40,19,0.07789799322,0.004
2020-08-05,industry_diffusion_low_max,14499701.99,42747.89434,40,19,0.07731960092,0.004
2020-08-06,industry_diffusion_low_max,14523997.22,107943.7435,40,20,0.08137232157,0.004
2020-08-07,industry_diffusion_low_max,14283824.39,107943.7435,40,20,0.08199378471,0.004
2020-08-10,industry_diffusion_low_max,14357652.09,107943.7435,40,20,0.08157460838,0.004
2020-08-11,industry_diffusion_low_max,14125038.43,107943.7435,40,20,0.08089488867,0.004
2020-08-12,industry_diffusion_low_max,14040471.91,107943.7435,40,20,0.08130777688,0.004
2020-08-13,industry_diffusion_low_max,14333142.38,154204.336,40,20,0.09109531567,0.004
2020-08-14,industry_diffusion_low_max,14258082.12,154204.336,40,20,0.08858954487,0.004
2020-08-17,industry_diffusion_low_max,14529922.2,154204.336,40,20,0.08917328225,0.004
2020-08-18,industry_diffusion_low_max,14698421.21,154204.336,40,20,0.08913837012,0.004
2020-08-19,industry_diffusion_low_max,14665997.02,154204.336,40,20,0.09072664582,0.004
2020-08-20,industry_diffusion_low_max,14239759.36,26673.3645,40,15,0.1088059576,0.004
2020-08-21,industry_diffusion_low_max,14186680.25,26673.3645,40,15,0.1084621927,0.004
2020-08-24,industry_diffusion_low_max,14378267.76,26673.3645,40,15,0.1106276789,0.004
2020-08-25,industry_diffusion_low_max,14202381.81,26673.3645,40,15,0.1102133767,0.004
2020-08-26,industry_diffusion_low_max,13806029.61,26673.3645,40,15,0.1084360577,0.004
2020-08-27,industry_diffusion_low_max,13823568.13,2.328306437e-10,40,12,0.1248072791,0.004
2020-08-28,industry_diffusion_low_max,14065206.38,2.328306437e-10,40,12,0.1245320275,0.004
2020-08-31,industry_diffusion_low_max,14014988.58,2.328306437e-10,40,12,0.1240621999,0.004
2020-09-01,industry_diffusion_low_max,14151130.71,2.328306437e-10,40,12,0.1234789229,0.004
2020-09-02,industry_diffusion_low_max,14173869.36,2.328306437e-10,40,12,0.124072493,0.004
2020-09-03,industry_diffusion_low_max,14037975.04,68373.6971,40,11,0.1432640578,0.004
2020-09-04,industry_diffusion_low_max,13937721.1,68373.6971,40,11,0.1431829366,0.004
2020-09-07,industry_diffusion_low_max,13646042.93,68373.6971,40,11,0.1427964754,0.004
2020-09-08,industry_diffusion_low_max,13648258.05,68373.6971,40,11,0.1416569075,0.004
2020-09-09,industry_diffusion_low_max,13437302.71,68373.6971,40,11,0.1413200458,0.004
2020-09-10,industry_diffusion_low_max,13164591.9,7982.308395,40,8,0.2816113072,0.004
2020-09-11,industry_diffusion_low_max,13333385.98,7982.308395,40,8,0.2880233426,0.004
2020-09-14,industry_diffusion_low_max,13477376.93,7982.308395,40,8,0.2880825086,0.004
2020-09-15,industry_diffusion_low_max,13593398.71,7982.308395,40,8,0.2835719336,0.004
2020-09-16,industry_diffusion_low_max,13442187.41,7982.308395,40,8,0.2823715068,0.004
2020-09-17,industry_diffusion_low_max,13300336.9,-3.492459655e-10,40,8,0.2870838514,0.004
2020-09-18,industry_diffusion_low_max,13455726.86,-3.492459655e-10,40,8,0.2876885945,0.004
2020-09-21,industry_diffusion_low_max,13271291.11,-3.492459655e-10,40,8,0.2876425978,0.004
2020-09-22,industry_diffusion_low_max,13013290.47,-3.492459655e-10,40,8,0.2904128694,0.004
2020-09-23,industry_diffusion_low_max,13025786.01,-3.492459655e-10,40,8,0.2882849852,0.004
2020-09-24,industry_diffusion_low_max,12736081.38,2.328306437e-10,40,5,0.3614586434,0.004
2020-09-25,industry_diffusion_low_max,12654761.43,2.328306437e-10,40,5,0.3607600324,0.004
2020-09-28,industry_diffusion_low_max,12601942.95,2.328306437e-10,40,5,0.3626384521,0.004
2020-09-29,industry_diffusion_low_max,12619453.33,2.328306437e-10,40,5,0.3604563693,0.004
2020-09-30,industry_diffusion_low_max,12721493.43,2.328306437e-10,40,5,0.3613661026,0.004
2020-10-09,industry_diffusion_low_max,13162945.19,-2.910383046e-10,40,5,0.2497908411,0.004
2020-10-12,industry_diffusion_low_max,13636210.69,-2.910383046e-10,40,5,0.2500762248,0.004
2020-10-13,industry_diffusion_low_max,13737069.38,-2.910383046e-10,40,5,0.2488181026,0.004
2020-10-14,industry_diffusion_low_max,13921981.99,-2.910383046e-10,40,5,0.247953048,0.004
2020-10-15,industry_diffusion_low_max,13763368.36,-2.910383046e-10,40,5,0.246168692,0.004
2020-10-16,industry_diffusion_low_max,13643455.87,0,40,7,0.213875676,0.004
2020-10-19,industry_diffusion_low_max,13502817.24,0,40,7,0.2133492884,0.004
2020-10-20,industry_diffusion_low_max,13616574.54,0,40,7,0.2122433448,0.004
2020-10-21,industry_diffusion_low_max,13382103.22,0,40,7,0.2110024596,0.004
2020-10-22,industry_diffusion_low_max,13283407.73,0,40,7,0.2112574967,0.004
2020-10-23,industry_diffusion_low_max,13173103.86,39102.12955,40,10,0.1573334676,0.004
2020-10-26,industry_diffusion_low_max,13277379.27,39102.12955,40,10,0.1590959453,0.004
2020-10-27,industry_diffusion_low_max,13054031.84,39102.12955,40,10,0.1587715826,0.004
2020-10-28,industry_diffusion_low_max,13182851.32,39102.12955,40,10,0.1591367919,0.004
2020-10-29,industry_diffusion_low_max,13303325.77,39102.12955,40,10,0.1604240271,0.004
2020-10-30,industry_diffusion_low_max,13007070.15,-4.074536264e-10,40,9,0.2259750475,0.004
2020-11-02,industry_diffusion_low_max,13219081.44,-4.074536264e-10,40,9,0.2302505854,0.004
2020-11-03,industry_diffusion_low_max,13255704.36,-4.074536264e-10,40,9,0.2269024238,0.004
2020-11-04,industry_diffusion_low_max,13462491.86,-4.074536264e-10,40,9,0.2322817245,0.004
2020-11-05,industry_diffusion_low_max,14038408.09,-4.074536264e-10,40,9,0.2368666718,0.004
2020-11-06,industry_diffusion_low_max,13850223.23,22816.43821,40,11,0.1948801095,0.004
2020-11-09,industry_diffusion_low_max,13975030.34,22816.43821,40,11,0.1930836582,0.004
2020-11-10,industry_diffusion_low_max,13791556.91,22816.43821,40,11,0.191298652,0.004
2020-11-11,industry_diffusion_low_max,13421396.52,22816.43821,40,11,0.1847834555,0.004
2020-11-12,industry_diffusion_low_max,13542518.2,22816.43821,40,11,0.1841852301,0.004
2020-11-13,industry_diffusion_low_max,13667663.81,-4.656612873e-10,40,10,0.2058662358,0.004
2020-11-16,industry_diffusion_low_max,13806599.2,-4.656612873e-10,40,10,0.2050255105,0.004
2020-11-17,industry_diffusion_low_max,14050948.43,-4.656612873e-10,40,10,0.2101934675,0.004
2020-11-18,industry_diffusion_low_max,14080662.24,-4.656612873e-10,40,10,0.2137191226,0.004
2020-11-19,industry_diffusion_low_max,14026078.65,-4.656612873e-10,40,10,0.211396629,0.004
2020-11-20,industry_diffusion_low_max,14583290.76,236377.1044,40,9,0.1594582324,0.004
2020-11-23,industry_diffusion_low_max,15116540.33,236377.1044,40,9,0.1614330269,0.004
2020-11-24,industry_diffusion_low_max,15362068.93,236377.1044,40,9,0.1623578137,0.004
2020-11-25,industry_diffusion_low_max,15260750.03,236377.1044,40,9,0.1640951858,0.004
2020-11-26,industry_diffusion_low_max,15026157.26,236377.1044,40,9,0.1635781428,0.004
2020-11-27,industry_diffusion_low_max,15018875.05,430323.9422,40,9,0.1510586105,0.004
2020-11-30,industry_diffusion_low_max,14946864.3,430323.9422,40,9,0.1517035245,0.004
2020-12-01,industry_diffusion_low_max,15072225.58,430323.9422,40,9,0.1508588989,0.004
2020-12-02,industry_diffusion_low_max,14994071.25,430323.9422,40,9,0.1505348698,0.004
2020-12-03,industry_diffusion_low_max,14907532.76,430323.9422,40,9,0.1494338291,0.004
2020-12-04,industry_diffusion_low_max,15152509.26,551131.2199,40,10,0.1597502479,0.004
2020-12-07,industry_diffusion_low_max,15149126.71,551131.2199,40,10,0.1597719523,0.004
2020-12-08,industry_diffusion_low_max,15107902.41,551131.2199,40,10,0.158847024,0.004
2020-12-09,industry_diffusion_low_max,15028955,551131.2199,40,10,0.1585834951,0.004
2020-12-10,industry_diffusion_low_max,15064754.7,551131.2199,40,10,0.1597894961,0.004
2020-12-11,industry_diffusion_low_max,15033400.09,343266.8862,40,12,0.1401634473,0.004
2020-12-14,industry_diffusion_low_max,14849568.2,343266.8862,40,12,0.1396552918,0.004
2020-12-15,industry_diffusion_low_max,14765634.94,343266.8862,40,12,0.1394012087,0.004
2020-12-16,industry_diffusion_low_max,14712397.01,343266.8862,40,12,0.1400043757,0.004
2020-12-17,industry_diffusion_low_max,15037096.18,343266.8862,40,12,0.1414980369,0.004
2020-12-18,industry_diffusion_low_max,15033368.47,123995.8232,40,14,0.108568035,0.004
2020-12-21,industry_diffusion_low_max,15144548.89,123995.8232,40,14,0.108496613,0.004
2020-12-22,industry_diffusion_low_max,15077974.18,123995.8232,40,14,0.1099962958,0.004
2020-12-23,industry_diffusion_low_max,15227443.86,123995.8232,40,14,0.1105450554,0.004
2020-12-24,industry_diffusion_low_max,14967969.2,123995.8232,40,14,0.1107761353,0.004
2020-12-25,industry_diffusion_low_max,14986434.45,289519.2674,40,12,0.14907388,0.004
2020-12-28,industry_diffusion_low_max,15150814.72,289519.2674,40,12,0.1504345732,0.004
2020-12-29,industry_diffusion_low_max,14717998.62,289519.2674,40,12,0.1487124168,0.004
2020-12-30,industry_diffusion_low_max,14994606.19,289519.2674,40,12,0.1497781067,0.004
2020-12-31,industry_diffusion_low_max,15181953.96,289519.2674,40,12,0.1510279386,0.004
2021-01-04,industry_diffusion_low_max,15767267.91,-5.238689482e-10,40,8,0.2536804741,0.004
2021-01-05,industry_diffusion_low_max,16523749.55,-5.238689482e-10,40,8,0.259608862,0.004
2021-01-06,industry_diffusion_low_max,16341411.96,-5.238689482e-10,40,8,0.2619920808,0.004
2021-01-07,industry_diffusion_low_max,16533981.5,-5.238689482e-10,40,8,0.2586993084,0.004
2021-01-08,industry_diffusion_low_max,16061453.6,-5.238689482e-10,40,8,0.2552635806,0.004
2021-01-11,industry_diffusion_low_max,15367248.97,9.895302355e-10,40,7,0.2796580204,0.004
2021-01-12,industry_diffusion_low_max,15959345.33,9.895302355e-10,40,7,0.2838631487,0.004
2021-01-13,industry_diffusion_low_max,15642470.94,9.895302355e-10,40,7,0.2867031631,0.004
2021-01-14,industry_diffusion_low_max,15039893.12,9.895302355e-10,40,7,0.2843058761,0.004
2021-01-15,industry_diffusion_low_max,15050156.83,9.895302355e-10,40,7,0.2779998614,0.004
2021-01-18,industry_diffusion_low_max,15177633.89,6255.704509,40,10,0.2811392728,0.004
2021-01-19,industry_diffusion_low_max,14853299.12,6255.704509,40,10,0.2800797739,0.004
2021-01-20,industry_diffusion_low_max,15183403.21,6255.704509,40,10,0.2840363311,0.004
2021-01-21,industry_diffusion_low_max,15533649.84,6255.704509,40,10,0.287627937,0.004
2021-01-22,industry_diffusion_low_max,15837485.34,6255.704509,40,10,0.2955423624,0.004
2021-01-25,industry_diffusion_low_max,16246743.48,101715.3051,40,10,0.4230277897,0.004
2021-01-26,industry_diffusion_low_max,15981199.47,101715.3051,40,10,0.4259713148,0.004
2021-01-27,industry_diffusion_low_max,16066446.31,101715.3051,40,10,0.4306172544,0.004
2021-01-28,industry_diffusion_low_max,15499669.38,101715.3051,40,10,0.4237289274,0.004
2021-01-29,industry_diffusion_low_max,14850275.55,101715.3051,40,10,0.4067340958,0.004
2021-02-01,industry_diffusion_low_max,14725931.92,52283.96113,40,8,0.4090588008,0.004
2021-02-02,industry_diffusion_low_max,15217796.72,52283.96113,40,8,0.4179650109,0.004
2021-02-03,industry_diffusion_low_max,15279421.44,52283.96113,40,8,0.4173524397,0.004
2021-02-04,industry_diffusion_low_max,14501341.45,52283.96113,40,8,0.4046600924,0.004
2021-02-05,industry_diffusion_low_max,13756788.51,52283.96113,40,8,0.3946204217,0.004
2021-02-08,industry_diffusion_low_max,13944029.7,-5.820766091e-11,40,10,0.2276895585,0.004
2021-02-09,industry_diffusion_low_max,14321776.34,-5.820766091e-11,40,10,0.2320142298,0.004
2021-02-10,industry_diffusion_low_max,14350526.38,-5.820766091e-11,40,10,0.2294610389,0.004
2021-02-18,industry_diffusion_low_max,14916221.75,-5.820766091e-11,40,10,0.2344115205,0.004
2021-02-19,industry_diffusion_low_max,14978475.86,-5.820766091e-11,40,10,0.2233985739,0.004
2021-02-22,industry_diffusion_low_max,15219798.55,6.4028427e-10,40,11,0.1461884757,0.004
2021-02-23,industry_diffusion_low_max,15081542.27,6.4028427e-10,40,11,0.1473802296,0.004
2021-02-24,industry_diffusion_low_max,14804133.72,6.4028427e-10,40,11,0.1458518331,0.004
2021-02-25,industry_diffusion_low_max,14620030.79,6.4028427e-10,40,11,0.1452027849,0.004
2021-02-26,industry_diffusion_low_max,14386009.24,6.4028427e-10,40,11,0.1454112487,0.004
2021-03-01,industry_diffusion_low_max,14850973.61,-3.492459655e-10,40,14,0.1210612557,0.004
2021-03-02,industry_diffusion_low_max,14668261.88,-3.492459655e-10,40,14,0.1211972476,0.004
2021-03-03,industry_diffusion_low_max,14892922.44,-3.492459655e-10,40,14,0.1200144009,0.004
2021-03-04,industry_diffusion_low_max,14591764.47,-3.492459655e-10,40,14,0.1200805379,0.004
2021-03-05,industry_diffusion_low_max,14454601.81,-3.492459655e-10,40,14,0.1196384736,0.004
2021-03-08,industry_diffusion_low_max,14305747.75,184413.516,40,18,0.09139812134,0.004
2021-03-09,industry_diffusion_low_max,14178528.8,184413.516,40,18,0.09401859568,0.004
2021-03-10,industry_diffusion_low_max,13911521.38,184413.516,40,18,0.0935023872,0.004
2021-03-11,industry_diffusion_low_max,14197892.58,184413.516,40,18,0.0935371178,0.004
2021-03-12,industry_diffusion_low_max,14337357.86,184413.516,40,18,0.09398502902,0.004
2021-03-15,industry_diffusion_low_max,14481814.32,150116.9491,40,23,0.06046068166,0.004
2021-03-16,industry_diffusion_low_max,14546787.02,150116.9491,40,23,0.0607120339,0.004
2021-03-17,industry_diffusion_low_max,14476771.15,150116.9491,40,23,0.06053045662,0.004
2021-03-18,industry_diffusion_low_max,14469475.89,150116.9491,40,23,0.06085593512,0.004
2021-03-19,industry_diffusion_low_max,14369733.33,150116.9491,40,23,0.06064078054,0.004
2021-03-22,industry_diffusion_low_max,14565350.96,249149.6283,40,21,0.07022563835,0.004
2021-03-23,industry_diffusion_low_max,14289143.25,249149.6283,40,21,0.06999903556,0.004
2021-03-24,industry_diffusion_low_max,14140586.22,249149.6283,40,21,0.06965557219,0.004
2021-03-25,industry_diffusion_low_max,14054885.86,249149.6283,40,21,0.07004134431,0.004
2021-03-26,industry_diffusion_low_max,14225408.58,249149.6283,40,21,0.07015628706,0.004
2021-03-29,industry_diffusion_low_max,14268686.97,9.313225746e-10,40,19,0.1191044427,0.004
2021-03-30,industry_diffusion_low_max,14244109.35,9.313225746e-10,40,19,0.1206079346,0.004
2021-03-31,industry_diffusion_low_max,14284028.92,9.313225746e-10,40,19,0.1200424933,0.004
2021-04-01,industry_diffusion_low_max,14391697.77,9.313225746e-10,40,19,0.1235429587,0.004
2021-04-02,industry_diffusion_low_max,14264253.35,9.313225746e-10,40,19,0.1214094282,0.004
2021-04-06,industry_diffusion_low_max,14376928.28,-7.566995919e-10,40,16,0.2386597299,0.004
2021-04-07,industry_diffusion_low_max,14759235.24,-7.566995919e-10,40,16,0.249011396,0.004
2021-04-08,industry_diffusion_low_max,14913362.69,-7.566995919e-10,40,16,0.2568375774,0.004
2021-04-09,industry_diffusion_low_max,15008770.42,-7.566995919e-10,40,16,0.2600767854,0.004
2021-04-12,industry_diffusion_low_max,15297981.19,-7.566995919e-10,40,16,0.271481517,0.004
2021-04-13,industry_diffusion_low_max,14944940.26,5.820766091e-10,40,13,0.2730644791,0.004
2021-04-14,industry_diffusion_low_max,15198857.19,5.820766091e-10,40,13,0.276597125,0.004
2021-04-15,industry_diffusion_low_max,15081501.86,5.820766091e-10,40,13,0.2706358906,0.004
2021-04-16,industry_diffusion_low_max,15205086.67,5.820766091e-10,40,13,0.2652463229,0.004
2021-04-19,industry_diffusion_low_max,15158454.56,5.820766091e-10,40,13,0.2602955632,0.004
2021-04-20,industry_diffusion_low_max,15215247.79,-3.492459655e-10,40,13,0.2046416042,0.004
2021-04-21,industry_diffusion_low_max,15071167.67,-3.492459655e-10,40,13,0.2009490539,0.004
2021-04-22,industry_diffusion_low_max,15223662.8,-3.492459655e-10,40,13,0.2061874221,0.004
2021-04-23,industry_diffusion_low_max,15391343.16,-3.492459655e-10,40,13,0.2089756165,0.004
2021-04-26,industry_diffusion_low_max,15076999.7,-3.492459655e-10,40,13,0.2091460925,0.004
2021-04-27,industry_diffusion_low_max,15087484.96,149310.518,40,12,0.1339558296,0.004
2021-04-28,industry_diffusion_low_max,15134944.37,149310.518,40,12,0.134728811,0.004
2021-04-29,industry_diffusion_low_max,15067319.2,149310.518,40,12,0.1347466703,0.004
2021-04-30,industry_diffusion_low_max,14974384.57,149310.518,40,12,0.1349798899,0.004
2021-05-06,industry_diffusion_low_max,15160953.42,149310.518,40,12,0.1363309981,0.004
2021-05-07,industry_diffusion_low_max,15111957.89,484790.2272,40,16,0.1134036791,0.004
2021-05-10,industry_diffusion_low_max,15381990.79,484790.2272,40,16,0.1140238898,0.004
2021-05-11,industry_diffusion_low_max,15364982.75,484790.2272,40,16,0.1142470101,0.004
2021-05-12,industry_diffusion_low_max,15518330.89,484790.2272,40,16,0.1137791761,0.004
2021-05-13,industry_diffusion_low_max,15405587.47,484790.2272,40,16,0.1156828118,0.004
2021-05-14,industry_diffusion_low_max,15553408.63,381000.7206,40,12,0.1772403792,0.004
2021-05-17,industry_diffusion_low_max,15637354.04,381000.7206,40,12,0.1770147745,0.004
2021-05-18,industry_diffusion_low_max,15738195.48,381000.7206,40,12,0.1780268915,0.004
2021-05-19,industry_diffusion_low_max,15585163.36,381000.7206,40,12,0.1757063037,0.004
2021-05-20,industry_diffusion_low_max,15485576.86,381000.7206,40,12,0.177119573,0.004
2021-05-21,industry_diffusion_low_max,15537875.64,349102.3224,40,10,0.2240530014,0.004
2021-05-24,industry_diffusion_low_max,15679545.02,349102.3224,40,10,0.2248868664,0.004
2021-05-25,industry_diffusion_low_max,15735513.62,349102.3224,40,10,0.2227919195,0.004
2021-05-26,industry_diffusion_low_max,15687996.8,716100.6889,39,10,0.2244831077,0.004
2021-05-27,industry_diffusion_low_max,15784582.94,716100.6889,39,10,0.2223194629,0.004
2021-05-28,industry_diffusion_low_max,15879780.36,648990.9445,39,14,0.1733224684,0.004
2021-05-31,industry_diffusion_low_max,15990871.76,648990.9445,39,14,0.1765736811,0.004
2021-06-01,industry_diffusion_low_max,15957402.09,648990.9445,39,14,0.1726142126,0.004
2021-06-02,industry_diffusion_low_max,15877851.82,648990.9445,39,14,0.1716424856,0.004
2021-06-03,industry_diffusion_low_max,15913128.18,648990.9445,39,14,0.1723490918,0.004
2021-06-04,industry_diffusion_low_max,16117846.76,494285.4211,39,11,0.1758258548,0.004
2021-06-07,industry_diffusion_low_max,16258673.68,494285.4211,39,11,0.1750323541,0.004
2021-06-08,industry_diffusion_low_max,16036563.5,494285.4211,39,11,0.1747957997,0.004
2021-06-09,industry_diffusion_low_max,15960135.37,494285.4211,39,11,0.175371925,0.004
2021-06-10,industry_diffusion_low_max,16084615.15,494285.4211,39,11,0.1776552576,0.004
2021-06-11,industry_diffusion_low_max,15839176.82,150485.6754,40,11,0.1368617152,0.004
2021-06-15,industry_diffusion_low_max,15647976.83,150485.6754,40,11,0.1352672718,0.004
2021-06-16,industry_diffusion_low_max,15273372.55,150485.6754,40,11,0.1329591151,0.004
2021-06-17,industry_diffusion_low_max,15564458.91,150485.6754,40,11,0.1337269259,0.004
2021-06-18,industry_diffusion_low_max,15751355.89,150485.6754,40,11,0.1354093301,0.004
2021-06-21,industry_diffusion_low_max,15787615.66,165438.0744,40,16,0.1021801406,0.004
2021-06-22,industry_diffusion_low_max,15832134.53,165438.0744,40,16,0.1014557788,0.004
2021-06-23,industry_diffusion_low_max,15715897.61,165438.0744,40,16,0.1012175183,0.004
2021-06-24,industry_diffusion_low_max,15647378.25,165438.0744,40,16,0.1010940553,0.004
2021-06-25,industry_diffusion_low_max,15771130.58,165438.0744,40,16,0.1012060547,0.004
2021-06-28,industry_diffusion_low_max,15689855.27,17588.71303,40,15,0.1086662383,0.004
2021-06-29,industry_diffusion_low_max,15494577.09,17588.71303,40,15,0.1082264385,0.004
2021-06-30,industry_diffusion_low_max,15535626.67,17588.71303,40,15,0.1084243581,0.004
2021-07-01,industry_diffusion_low_max,15253855.03,390588.8643,39,15,0.1079739969,0.004
2021-07-02,industry_diffusion_low_max,15062731.02,390588.8643,39,15,0.1073282419,0.004
2021-07-05,industry_diffusion_low_max,15271966.83,6.98491931e-10,40,14,0.1350914131,0.004
2021-07-06,industry_diffusion_low_max,15352937.33,6.98491931e-10,40,14,0.1342260967,0.004
2021-07-07,industry_diffusion_low_max,15590858.43,6.98491931e-10,40,14,0.1345462679,0.004
2021-07-08,industry_diffusion_low_max,15675958.87,6.98491931e-10,40,14,0.1361816586,0.004
2021-07-09,industry_diffusion_low_max,15653021.85,6.98491931e-10,40,14,0.1357647292,0.004
2021-07-12,industry_diffusion_low_max,15608520.36,1.746229827e-10,40,14,0.128053527,0.004
2021-07-13,industry_diffusion_low_max,15408761.45,1.746229827e-10,40,14,0.1266839,0.004
2021-07-14,industry_diffusion_low_max,15193591,1.746229827e-10,40,14,0.1261274181,0.004
2021-07-15,industry_diffusion_low_max,15235167.58,1.746229827e-10,40,14,0.1250806324,0.004
2021-07-16,industry_diffusion_low_max,15262951.28,1.746229827e-10,40,14,0.124851278,0.004
2021-07-19,industry_diffusion_low_max,15181711.02,10700.88189,40,13,0.1264270235,0.004
2021-07-20,industry_diffusion_low_max,15125971.44,10700.88189,40,13,0.1267383526,0.004
2021-07-21,industry_diffusion_low_max,15398569.22,10700.88189,40,13,0.1268080776,0.004
2021-07-22,industry_diffusion_low_max,15526739.96,10700.88189,40,13,0.1270293272,0.004
2021-07-23,industry_diffusion_low_max,15433771.33,10700.88189,40,13,0.1264420461,0.004
2021-07-26,industry_diffusion_low_max,15391189.87,2.328306437e-10,40,10,0.1471923297,0.004
2021-07-27,industry_diffusion_low_max,15029310.74,2.328306437e-10,40,10,0.1495431061,0.004
2021-07-28,industry_diffusion_low_max,14466860.03,2.328306437e-10,40,10,0.1489937917,0.004
2021-07-29,industry_diffusion_low_max,15314226.43,2.328306437e-10,40,10,0.1506164548,0.004
2021-07-30,industry_diffusion_low_max,15642616.61,2.328306437e-10,40,10,0.1517314233,0.004
2021-08-02,industry_diffusion_low_max,15665117.61,124141.5677,40,9,0.137705598,0.004
2021-08-03,industry_diffusion_low_max,15223800.65,124141.5677,40,9,0.1360752612,0.004
2021-08-04,industry_diffusion_low_max,15596244.6,124141.5677,40,9,0.1363308505,0.004
2021-08-05,industry_diffusion_low_max,15337285.9,124141.5677,40,9,0.1358415378,0.004
2021-08-06,industry_diffusion_low_max,15742351.15,124141.5677,40,9,0.1364630662,0.004
2021-08-09,industry_diffusion_low_max,15607878.11,104096.6429,40,9,0.1536332508,0.004
2021-08-10,industry_diffusion_low_max,15702755.64,104096.6429,40,9,0.1551819088,0.004
2021-08-11,industry_diffusion_low_max,15885385.67,104096.6429,40,9,0.1552389442,0.004
2021-08-12,industry_diffusion_low_max,15980084.34,104096.6429,40,9,0.1548101175,0.004
2021-08-13,industry_diffusion_low_max,16214905.62,104096.6429,40,9,0.1550886121,0.004
2021-08-16,industry_diffusion_low_max,15882494.82,139959.8816,40,11,0.1402953598,0.004
2021-08-17,industry_diffusion_low_max,15688294.36,139959.8816,40,11,0.1400077563,0.004
2021-08-18,industry_diffusion_low_max,15847503.57,139959.8816,40,11,0.1417632859,0.004
2021-08-19,industry_diffusion_low_max,15835233.09,139959.8816,40,11,0.1437138908,0.004
2021-08-20,industry_diffusion_low_max,15901320.01,139959.8816,40,11,0.1430783747,0.004
2021-08-23,industry_diffusion_low_max,16400922.18,-8.149072528e-10,40,12,0.1420980381,0.004
2021-08-24,industry_diffusion_low_max,16752216.69,-8.149072528e-10,40,12,0.1402456506,0.004
2021-08-25,industry_diffusion_low_max,16770812.76,-8.149072528e-10,40,12,0.1397463537,0.004
2021-08-26,industry_diffusion_low_max,16937821.36,-8.149072528e-10,40,12,0.1396195027,0.004
2021-08-27,industry_diffusion_low_max,16937932.65,-8.149072528e-10,40,12,0.1387206995,0.004
2021-08-30,industry_diffusion_low_max,17129680.83,4.656612873e-10,40,12,0.1557196243,0.004
2021-08-31,industry_diffusion_low_max,17166088.29,4.656612873e-10,40,12,0.1548207431,0.004
2021-09-01,industry_diffusion_low_max,16751648.77,4.656612873e-10,40,12,0.1531858282,0.004
2021-09-02,industry_diffusion_low_max,17027107.25,4.656612873e-10,40,12,0.1531433261,0.004
2021-09-03,industry_diffusion_low_max,16766886.81,4.656612873e-10,40,12,0.1518968656,0.004
2021-09-06,industry_diffusion_low_max,16922552.37,3.492459655e-10,40,12,0.1306736533,0.004
2021-09-07,industry_diffusion_low_max,17308458.92,3.492459655e-10,40,12,0.1302875749,0.004
2021-09-08,industry_diffusion_low_max,17427051.63,3.492459655e-10,40,12,0.1293433628,0.004
2021-09-09,industry_diffusion_low_max,18036333.66,3.492459655e-10,40,12,0.1284061455,0.004
2021-09-10,industry_diffusion_low_max,17788264.77,3.492459655e-10,40,12,0.128023832,0.004
2021-09-13,industry_diffusion_low_max,17960307.67,182810.9679,40,11,0.1322971847,0.004
2021-09-14,industry_diffusion_low_max,17583904.95,182810.9679,40,11,0.1322115348,0.004
2021-09-15,industry_diffusion_low_max,17785964.28,182810.9679,40,11,0.133219126,0.004
2021-09-16,industry_diffusion_low_max,17789518.85,182810.9679,40,11,0.1331823423,0.004
2021-09-17,industry_diffusion_low_max,17581333.1,182810.9679,40,11,0.1347318034,0.004
2021-09-22,industry_diffusion_low_max,17765226.75,289989.918,40,12,0.1181060044,0.004
2021-09-23,industry_diffusion_low_max,17919611.48,289989.918,40,12,0.1187662822,0.004
2021-09-24,industry_diffusion_low_max,17359183.07,289989.918,40,12,0.1174521345,0.004
2021-09-27,industry_diffusion_low_max,16822672.28,289989.918,40,12,0.1158370444,0.004
2021-09-28,industry_diffusion_low_max,17133533.78,289989.918,40,12,0.1156780758,0.004
2021-09-29,industry_diffusion_low_max,16664264.48,370134.1545,40,13,0.1205939063,0.004
2021-09-30,industry_diffusion_low_max,16891502.53,370134.1545,40,13,0.1203998102,0.004
2021-10-08,industry_diffusion_low_max,17235078.74,370134.1545,40,13,0.1189497253,0.004
2021-10-11,industry_diffusion_low_max,17221246.84,370134.1545,40,13,0.1187086522,0.004
2021-10-12,industry_diffusion_low_max,16873761.02,370134.1545,40,13,0.1176051047,0.004
2021-10-13,industry_diffusion_low_max,16607487.99,-1.047737896e-09,40,13,0.1358339437,0.004
2021-10-14,industry_diffusion_low_max,16525948.4,-1.047737896e-09,40,13,0.1353099122,0.004
2021-10-15,industry_diffusion_low_max,16262809.78,-1.047737896e-09,40,13,0.1337779114,0.004
2021-10-18,industry_diffusion_low_max,16560373.33,-1.047737896e-09,40,13,0.1334668983,0.004
2021-10-19,industry_diffusion_low_max,16954978.98,-1.047737896e-09,40,13,0.1365216396,0.004
2021-10-20,industry_diffusion_low_max,16679150.79,97877.5018,40,10,0.2306512289,0.004
2021-10-21,industry_diffusion_low_max,16538668.89,97877.5018,40,10,0.2295339346,0.004
2021-10-22,industry_diffusion_low_max,16274971.79,97877.5018,40,10,0.2311254957,0.004
2021-10-25,industry_diffusion_low_max,16228589.82,97877.5018,40,10,0.2315848816,0.004
2021-10-26,industry_diffusion_low_max,16069644.8,97877.5018,40,10,0.2309934247,0.004
2021-10-27,industry_diffusion_low_max,15878386.21,-1.164153218e-10,40,7,0.3783832581,0.004
2021-10-28,industry_diffusion_low_max,15682995.95,-1.164153218e-10,40,7,0.3779804949,0.004
2021-10-29,industry_diffusion_low_max,16033369.06,-1.164153218e-10,40,7,0.3788182367,0.004
2021-11-01,industry_diffusion_low_max,16107669.88,-1.164153218e-10,40,7,0.381431251,0.004
2021-11-02,industry_diffusion_low_max,16051335.31,-1.164153218e-10,40,7,0.3830843398,0.004
2021-11-03,industry_diffusion_low_max,16467912.72,128637.9759,40,9,0.2783154435,0.004
2021-11-04,industry_diffusion_low_max,16733851.67,128637.9759,40,9,0.2800061036,0.004
2021-11-05,industry_diffusion_low_max,16457119.12,128637.9759,40,9,0.2784655609,0.004
2021-11-08,industry_diffusion_low_max,16326018.32,128637.9759,40,9,0.2770123317,0.004
2021-11-09,industry_diffusion_low_max,16369985.69,128637.9759,40,9,0.2763115763,0.004
2021-11-10,industry_diffusion_low_max,16203994.67,12133.97429,40,11,0.1743456731,0.004
2021-11-11,industry_diffusion_low_max,16203059.03,12133.97429,40,11,0.1744311707,0.004
2021-11-12,industry_diffusion_low_max,16357353.62,12133.97429,40,11,0.17407307,0.004
2021-11-15,industry_diffusion_low_max,16388240.6,12133.97429,40,11,0.1748914044,0.004
2021-11-16,industry_diffusion_low_max,16303926.31,12133.97429,40,11,0.1725655265,0.004
2021-11-17,industry_diffusion_low_max,16534829.07,16576.68898,40,13,0.1221605539,0.004
2021-11-18,industry_diffusion_low_max,16543521.89,16576.68898,40,13,0.1218641173,0.004
2021-11-19,industry_diffusion_low_max,16650335.19,16576.68898,40,13,0.120557938,0.004
2021-11-22,industry_diffusion_low_max,16813915.15,16576.68898,40,13,0.1191451301,0.004
2021-11-23,industry_diffusion_low_max,16658997.69,16576.68898,40,13,0.1193652492,0.004
2021-11-24,industry_diffusion_low_max,16580343.93,-3.492459655e-10,40,15,0.1249439663,0.004
2021-11-25,industry_diffusion_low_max,16675677.75,-3.492459655e-10,40,15,0.1275409347,0.004
2021-11-26,industry_diffusion_low_max,16685887.99,-3.492459655e-10,40,15,0.1290487944,0.004
2021-11-29,industry_diffusion_low_max,16754119.74,-3.492459655e-10,40,15,0.1325962707,0.004
2021-11-30,industry_diffusion_low_max,16963706.19,-3.492459655e-10,40,15,0.1331895912,0.004
2021-12-01,industry_diffusion_low_max,17034977.55,171966.0686,40,18,0.09266699748,0.004
2021-12-02,industry_diffusion_low_max,16951380.37,171966.0686,40,18,0.09173759967,0.004
2021-12-03,industry_diffusion_low_max,17143424.98,171966.0686,40,18,0.09391695483,0.004
2021-12-06,industry_diffusion_low_max,16990052.46,171966.0686,40,18,0.09356038077,0.004
2021-12-07,industry_diffusion_low_max,16735128.72,171966.0686,40,18,0.09215960077,0.004
2021-12-08,industry_diffusion_low_max,16865008.4,354762.9999,40,19,0.08039652244,0.004
2021-12-09,industry_diffusion_low_max,16972431.49,354762.9999,40,19,0.08027983855,0.004
2021-12-10,industry_diffusion_low_max,16902526.24,354762.9999,40,19,0.08037469801,0.004
2021-12-13,industry_diffusion_low_max,17007074.47,354762.9999,40,19,0.07992515952,0.004
2021-12-14,industry_diffusion_low_max,16984132.95,354762.9999,40,19,0.07998690666,0.004
2021-12-15,industry_diffusion_low_max,16970025.88,426948.0362,40,20,0.08360785788,0.004
2021-12-16,industry_diffusion_low_max,17221132.09,426948.0362,40,20,0.08324710097,0.004
2021-12-17,industry_diffusion_low_max,17132433.97,426948.0362,40,20,0.08346786695,0.004
2021-12-20,industry_diffusion_low_max,16823505.14,426948.0362,40,20,0.0821340165,0.004
2021-12-21,industry_diffusion_low_max,17027522.7,426948.0362,40,20,0.08170008042,0.004
2021-12-22,industry_diffusion_low_max,16985802.84,145486.0298,40,17,0.09523252726,0.004
2021-12-23,industry_diffusion_low_max,16956255.92,145486.0298,40,17,0.09544693784,0.004
2021-12-24,industry_diffusion_low_max,16646495.71,145486.0298,40,17,0.09489904384,0.004
2021-12-27,industry_diffusion_low_max,16633974.2,145486.0298,40,17,0.0947345923,0.004
2021-12-28,industry_diffusion_low_max,16777720.47,145486.0298,40,17,0.09477007493,0.004
2021-12-29,industry_diffusion_low_max,16737292.45,7529.895337,40,17,0.08253870832,0.004
2021-12-30,industry_diffusion_low_max,16940093.57,7529.895337,40,17,0.08275522433,0.004
2021-12-31,industry_diffusion_low_max,17040128.98,7529.895337,40,17,0.08224470469,0.004
2022-01-04,industry_diffusion_low_max,17420983.86,7529.895337,40,17,0.08255845334,0.004
2022-01-05,industry_diffusion_low_max,17259026.16,7529.895337,40,17,0.08196445024,0.004
2022-01-06,industry_diffusion_low_max,17237729.1,195.7413347,40,17,0.07586217757,0.004
2022-01-07,industry_diffusion_low_max,17146469.15,195.7413347,40,17,0.07586361451,0.004
2022-01-10,industry_diffusion_low_max,17241359.54,195.7413347,40,17,0.07605190982,0.004
2022-01-11,industry_diffusion_low_max,17185100.63,195.7413347,40,17,0.07608180189,0.004
2022-01-12,industry_diffusion_low_max,17354204.93,195.7413347,40,17,0.07550936712,0.004
2022-01-13,industry_diffusion_low_max,17263133.91,-1.164153218e-10,40,13,0.1032871547,0.004
2022-01-14,industry_diffusion_low_max,17104991.39,-1.164153218e-10,40,13,0.1037692544,0.004
2022-01-17,industry_diffusion_low_max,17305137.86,-1.164153218e-10,40,13,0.1036132996,0.004
2022-01-18,industry_diffusion_low_max,17222194.72,-1.164153218e-10,40,13,0.1028798589,0.004
2022-01-19,industry_diffusion_low_max,17495267.67,-1.164153218e-10,40,13,0.10387974,0.004
2022-01-20,industry_diffusion_low_max,17265912.44,163633.8648,40,12,0.1404457129,0.004
2022-01-21,industry_diffusion_low_max,17347361.66,163633.8648,40,12,0.1421424384,0.004
2022-01-24,industry_diffusion_low_max,17313275.92,163633.8648,40,12,0.1445753445,0.004
2022-01-25,industry_diffusion_low_max,16935963.59,163633.8648,40,12,0.1477113059,0.004
2022-01-26,industry_diffusion_low_max,16784493.21,163633.8648,40,12,0.1447785876,0.004
2022-01-27,industry_diffusion_low_max,16166518.79,487077.8578,40,10,0.1738995911,0.004
2022-01-28,industry_diffusion_low_max,16727537.12,487077.8578,40,10,0.17925832,0.004
2022-02-07,industry_diffusion_low_max,16888838.55,487077.8578,40,10,0.1775823121,0.004
2022-02-08,industry_diffusion_low_max,17449394.77,487077.8578,40,10,0.1797593741,0.004
2022-02-09,industry_diffusion_low_max,17773285.22,487077.8578,40,10,0.1780736431,0.004
2022-02-10,industry_diffusion_low_max,18243745.55,297950.2531,40,9,0.2037492595,0.004
2022-02-11,industry_diffusion_low_max,18214019.04,297950.2531,40,9,0.2057565668,0.004
2022-02-14,industry_diffusion_low_max,18489607.79,297950.2531,40,9,0.2114718531,0.004
2022-02-15,industry_diffusion_low_max,18018024.14,297950.2531,40,9,0.2061537678,0.004
2022-02-16,industry_diffusion_low_max,18147364.09,297950.2531,40,9,0.2058797329,0.004
2022-02-17,industry_diffusion_low_max,17613790.49,5.820766091e-11,40,7,0.239478981,0.004
2022-02-18,industry_diffusion_low_max,17819914.53,5.820766091e-11,40,7,0.237292937,0.004
2022-02-21,industry_diffusion_low_max,17912183.41,5.820766091e-11,40,7,0.2378626698,0.004
2022-02-22,industry_diffusion_low_max,17593272.84,5.820766091e-11,40,7,0.2385228181,0.004
2022-02-23,industry_diffusion_low_max,17425475.78,5.820766091e-11,40,7,0.2384761413,0.004
2022-02-24,industry_diffusion_low_max,16879707.54,181741.4172,40,10,0.1433415575,0.004
2022-02-25,industry_diffusion_low_max,17000695.33,181741.4172,40,10,0.1440858254,0.004
2022-02-28,industry_diffusion_low_max,17144397.09,181741.4172,40,10,0.1452733529,0.004
2022-03-01,industry_diffusion_low_max,17267863.99,181741.4172,40,10,0.1445175884,0.004
2022-03-02,industry_diffusion_low_max,17341148.45,181741.4172,40,10,0.1442778118,0.004
2022-03-03,industry_diffusion_low_max,17556535.09,58431.7651,40,14,0.1061441967,0.004
2022-03-04,industry_diffusion_low_max,17387559.32,58431.7651,40,14,0.106088145,0.004
2022-03-07,industry_diffusion_low_max,17070787.53,58431.7651,40,14,0.1052970522,0.004
2022-03-08,industry_diffusion_low_max,16377944.52,58431.7651,40,14,0.1033811308,0.004
2022-03-09,industry_diffusion_low_max,16131321.21,58431.7651,40,14,0.1035817678,0.004
2022-03-10,industry_diffusion_low_max,16349043.58,168837.9382,40,12,0.1914876046,0.004
2022-03-11,industry_diffusion_low_max,16424249.43,168837.9382,40,12,0.1893028945,0.004
2022-03-14,industry_diffusion_low_max,15949215.89,168837.9382,40,12,0.1874461976,0.004
2022-03-15,industry_diffusion_low_max,15010993.61,168837.9382,40,12,0.1844909506,0.004
2022-03-16,industry_diffusion_low_max,15535440.37,168837.9382,40,12,0.1823933877,0.004
2022-03-17,industry_diffusion_low_max,15800393,157331.8437,40,10,0.1884701692,0.004
2022-03-18,industry_diffusion_low_max,16212885.47,157331.8437,40,10,0.1905283818,0.004
2022-03-21,industry_diffusion_low_max,16626112.13,157331.8437,40,10,0.1924081177,0.004
2022-03-22,industry_diffusion_low_max,16789083.19,157331.8437,40,10,0.1928402424,0.004
2022-03-23,industry_diffusion_low_max,16622448.6,157331.8437,40,10,0.1917789124,0.004
2022-03-24,industry_diffusion_low_max,16749475.62,-8.149072528e-10,40,9,0.2203809805,0.004
2022-03-25,industry_diffusion_low_max,16703277.63,-8.149072528e-10,40,9,0.2202481098,0.004
2022-03-28,industry_diffusion_low_max,16722882.33,-8.149072528e-10,40,9,0.2224734891,0.004
2022-03-29,industry_diffusion_low_max,16880374.31,-8.149072528e-10,40,9,0.223472959,0.004
2022-03-30,industry_diffusion_low_max,16786017.62,-8.149072528e-10,40,9,0.2213879885,0.004
2022-03-31,industry_diffusion_low_max,16870442.68,5.238689482e-10,40,6,0.2264510644,0.004
2022-04-01,industry_diffusion_low_max,16721196.04,5.238689482e-10,40,6,0.2262990991,0.004
2022-04-06,industry_diffusion_low_max,16732887.4,5.238689482e-10,40,6,0.2244376661,0.004
2022-04-07,industry_diffusion_low_max,16449427.64,5.238689482e-10,40,6,0.2269181866,0.004
2022-04-08,industry_diffusion_low_max,16398414.61,5.238689482e-10,40,6,0.2292367157,0.004
2022-04-11,industry_diffusion_low_max,16247036.67,247494.6591,39,7,0.1777618864,0.004
2022-04-12,industry_diffusion_low_max,16521561.07,247494.6591,39,7,0.1777274062,0.004
2022-04-13,industry_diffusion_low_max,16232926.96,247494.6591,39,7,0.1759624069,0.004
2022-04-14,industry_diffusion_low_max,16361672.06,247494.6591,39,7,0.175813681,0.004
2022-04-15,industry_diffusion_low_max,16185002.89,247494.6591,39,7,0.1765609558,0.004
2022-04-18,industry_diffusion_low_max,16073761.66,7834.157582,39,9,0.1580526144,0.004
2022-04-19,industry_diffusion_low_max,16343362.97,7834.157582,39,9,0.1588521942,0.004
2022-04-20,industry_diffusion_low_max,16249515.47,7834.157582,39,9,0.1584522418,0.004
2022-04-21,industry_diffusion_low_max,15801387.66,7834.157582,39,9,0.1595595121,0.004
2022-04-22,industry_diffusion_low_max,15464721.81,7834.157582,39,9,0.1593123702,0.004
2022-04-25,industry_diffusion_low_max,14406341.39,88029.78198,39,8,0.1866449859,0.004
2022-04-26,industry_diffusion_low_max,14046792.63,88029.78198,39,8,0.1867930338,0.004
2022-04-27,industry_diffusion_low_max,14078379.71,88029.78198,39,8,0.1856242677,0.004
2022-04-28,industry_diffusion_low_max,13867435.1,88029.78198,39,8,0.1863276651,0.004
2022-04-29,industry_diffusion_low_max,14151217.91,88029.78198,39,8,0.1849281768,0.004
2022-05-05,industry_diffusion_low_max,14267152.96,9.895302355e-10,39,8,0.1737635182,0.004
2022-05-06,industry_diffusion_low_max,13985532.14,9.895302355e-10,39,8,0.1744440911,0.004
2022-05-09,industry_diffusion_low_max,14156402.89,9.895302355e-10,39,8,0.1746453285,0.004
2022-05-10,industry_diffusion_low_max,14212056.66,9.895302355e-10,39,8,0.1747584769,0.004
2022-05-11,industry_diffusion_low_max,14146439.49,9.895302355e-10,39,8,0.1748694752,0.004
2022-05-12,industry_diffusion_low_max,14208985.52,3.492459655e-10,40,10,0.1747929619,0.004
2022-05-13,industry_diffusion_low_max,14399773.71,3.492459655e-10,40,10,0.1762485209,0.004
2022-05-16,industry_diffusion_low_max,14524734.7,3.492459655e-10,40,10,0.1769500736,0.004
2022-05-17,industry_diffusion_low_max,14527561.37,3.492459655e-10,40,10,0.1770425342,0.004
2022-05-18,industry_diffusion_low_max,14473059.63,3.492459655e-10,40,10,0.1757651162,0.004
2022-05-19,industry_diffusion_low_max,14542199.5,-1.164153218e-10,40,10,0.1448798941,0.004
2022-05-20,industry_diffusion_low_max,14891125.46,-1.164153218e-10,40,10,0.1444782226,0.004
2022-05-23,industry_diffusion_low_max,14966637.71,-1.164153218e-10,40,10,0.1448896605,0.004
2022-05-24,industry_diffusion_low_max,14581333.53,-1.164153218e-10,40,10,0.1446148737,0.004
2022-05-25,industry_diffusion_low_max,14889392.77,-1.164153218e-10,40,10,0.1469684813,0.004
2022-05-26,industry_diffusion_low_max,14869248.37,366064.1933,40,13,0.1017483414,0.004
2022-05-27,industry_diffusion_low_max,14870922.43,366064.1933,40,13,0.1019022804,0.004
2022-05-30,industry_diffusion_low_max,15014206.86,366064.1933,40,13,0.1017655869,0.004
2022-05-31,industry_diffusion_low_max,15209677.5,366064.1933,40,13,0.102021214,0.004
2022-06-01,industry_diffusion_low_max,15412801.24,757487.2232,39,13,0.1014981014,0.004
2022-06-02,industry_diffusion_low_max,15613928.53,544237.6108,39,20,0.06672721938,0.004
2022-06-06,industry_diffusion_low_max,15760260,938900.5401,38,20,0.0684928141,0.004
2022-06-07,industry_diffusion_low_max,15650970.65,938900.5401,38,20,0.06855281806,0.004
2022-06-08,industry_diffusion_low_max,15767861.19,938900.5401,38,20,0.06936519308,0.004
2022-06-09,industry_diffusion_low_max,15432811.16,938900.5401,38,20,0.06891144971,0.004
2022-06-10,industry_diffusion_low_max,15723611.43,813605.5881,38,23,0.0626740595,0.004
2022-06-13,industry_diffusion_low_max,15822920.02,813605.5881,38,23,0.06297620187,0.004
2022-06-14,industry_diffusion_low_max,15973064.16,1210557.382,37,23,0.06489380992,0.004
2022-06-15,industry_diffusion_low_max,16004923.3,1210557.382,37,23,0.06455763504,0.004
2022-06-16,industry_diffusion_low_max,15984429.82,1210557.382,37,23,0.06448817562,0.004
2022-06-17,industry_diffusion_low_max,16175515.63,437258.5013,39,22,0.05810867491,0.004
2022-06-20,industry_diffusion_low_max,16188655.56,437258.5013,39,22,0.05788600233,0.004
2022-06-21,industry_diffusion_low_max,16069474.55,437258.5013,39,22,0.05797419163,0.004
2022-06-22,industry_diffusion_low_max,15979633.78,437258.5013,39,22,0.05870488584,0.004
2022-06-23,industry_diffusion_low_max,16319199.86,437258.5013,39,22,0.05906475364,0.004
2022-06-24,industry_diffusion_low_max,16408938.49,650430.9606,39,21,0.05928904196,0.004
2022-06-27,industry_diffusion_low_max,16456910.95,650430.9606,39,21,0.05924424527,0.004
2022-06-28,industry_diffusion_low_max,16662921.98,650430.9606,39,21,0.05931583345,0.004
2022-06-29,industry_diffusion_low_max,16434813.3,650430.9606,39,21,0.05952668009,0.004
2022-06-30,industry_diffusion_low_max,16549572.34,650430.9606,39,21,0.05972916608,0.004
2022-07-01,industry_diffusion_low_max,16408104.34,88619.13674,40,22,0.05900414458,0.004
2022-07-04,industry_diffusion_low_max,16418114.17,88619.13674,40,22,0.0586765133,0.004
2022-07-05,industry_diffusion_low_max,16316961.46,88619.13674,40,22,0.05873084364,0.004
2022-07-06,industry_diffusion_low_max,16107117.23,88619.13674,40,22,0.0587187475,0.004
2022-07-07,industry_diffusion_low_max,16229064.98,88619.13674,40,22,0.05867224356,0.004
2022-07-08,industry_diffusion_low_max,16166162.87,5.820766091e-11,40,20,0.06950755411,0.004
2022-07-11,industry_diffusion_low_max,15991358.97,5.820766091e-11,40,20,0.06989462815,0.004
2022-07-12,industry_diffusion_low_max,15785010.06,5.820766091e-11,40,20,0.07040523674,0.004
2022-07-13,industry_diffusion_low_max,16013423.56,5.820766091e-11,40,20,0.07093512426,0.004
2022-07-14,industry_diffusion_low_max,16062901.28,5.820766091e-11,40,20,0.07069445836,0.004
2022-07-15,industry_diffusion_low_max,15816919.58,1.164153218e-10,40,20,0.08585405198,0.004
2022-07-18,industry_diffusion_low_max,16075883.56,1.164153218e-10,40,20,0.08580044058,0.004
2022-07-19,industry_diffusion_low_max,16059344.32,1.164153218e-10,40,20,0.08522676681,0.004
2022-07-20,industry_diffusion_low_max,16250426.09,1.164153218e-10,40,20,0.0852562276,0.004
2022-07-21,industry_diffusion_low_max,16022769.56,1.164153218e-10,40,20,0.08454047845,0.004
2022-07-22,industry_diffusion_low_max,16021430.8,98834.74478,40,18,0.08650834646,0.004
2022-07-25,industry_diffusion_low_max,15790168.65,98834.74478,40,18,0.08616997805,0.004
2022-07-26,industry_diffusion_low_max,15955168.11,98834.74478,40,18,0.08607224348,0.004
2022-07-27,industry_diffusion_low_max,16115610.85,98834.74478,40,18,0.08626960978,0.004
2022-07-28,industry_diffusion_low_max,16253704,98834.74478,40,18,0.08604018405,0.004
2022-07-29,industry_diffusion_low_max,16125345.07,230939.028,40,17,0.08311450953,0.004
2022-08-01,industry_diffusion_low_max,16204170.52,230939.028,40,17,0.0834317157,0.004
2022-08-02,industry_diffusion_low_max,15885526.56,230939.028,40,17,0.08403439331,0.004
2022-08-03,industry_diffusion_low_max,15983974.61,230939.028,40,17,0.08513666568,0.004
2022-08-04,industry_diffusion_low_max,15885204.38,230939.028,40,17,0.08430362471,0.004
2022-08-05,industry_diffusion_low_max,15897482.57,38504.52152,40,14,0.1296748566,0.004
2022-08-08,industry_diffusion_low_max,16112416.57,38504.52152,40,14,0.1296554624,0.004
2022-08-09,industry_diffusion_low_max,16229854.24,38504.52152,40,14,0.1323086549,0.004
2022-08-10,industry_diffusion_low_max,16323322.29,38504.52152,40,14,0.1318403724,0.004
2022-08-11,industry_diffusion_low_max,16517502.35,38504.52152,40,14,0.1313442588,0.004
2022-08-12,industry_diffusion_low_max,16416648.25,6.4028427e-10,40,13,0.1612621616,0.004
2022-08-15,industry_diffusion_low_max,16532295.67,6.4028427e-10,40,13,0.1610545603,0.004
2022-08-16,industry_diffusion_low_max,16511936.95,6.4028427e-10,40,13,0.1600445738,0.004
2022-08-17,industry_diffusion_low_max,16514584.3,6.4028427e-10,40,13,0.1597724963,0.004
2022-08-18,industry_diffusion_low_max,16419818.54,6.4028427e-10,40,13,0.1595375416,0.004
2022-08-19,industry_diffusion_low_max,16218470.19,20010.17193,40,12,0.1831718822,0.004
2022-08-22,industry_diffusion_low_max,16400727.33,20010.17193,40,12,0.1838150988,0.004
2022-08-23,industry_diffusion_low_max,16561897.5,20010.17193,40,12,0.1891224696,0.004
2022-08-24,industry_diffusion_low_max,16115377.44,20010.17193,40,12,0.1881976645,0.004
2022-08-25,industry_diffusion_low_max,16300755.18,20010.17193,40,12,0.1912382557,0.004
2022-08-26,industry_diffusion_low_max,16217169.28,2.328306437e-10,40,12,0.164900966,0.004
2022-08-29,industry_diffusion_low_max,16527993.84,2.328306437e-10,40,12,0.1659652747,0.004
2022-08-30,industry_diffusion_low_max,16251175.59,2.328306437e-10,40,12,0.1633674658,0.004
2022-08-31,industry_diffusion_low_max,15685700.2,2.328306437e-10,40,12,0.1611385211,0.004
2022-09-01,industry_diffusion_low_max,15716471.71,2.328306437e-10,40,12,0.1613425087,0.004
2022-09-02,industry_diffusion_low_max,15738717.93,18958.88908,40,12,0.214719436,0.004
2022-09-05,industry_diffusion_low_max,16034312.55,18958.88908,40,12,0.211369895,0.004
2022-09-06,industry_diffusion_low_max,16205719.53,18958.88908,40,12,0.2125667811,0.004
2022-09-07,industry_diffusion_low_max,16079161.4,18958.88908,40,12,0.2114639451,0.004
2022-09-08,industry_diffusion_low_max,15843810.3,18958.88908,40,12,0.2076753929,0.004
2022-09-09,industry_diffusion_low_max,15827608.5,4.074536264e-10,40,8,0.2559742765,0.004
2022-09-13,industry_diffusion_low_max,15877066.47,4.074536264e-10,40,8,0.2585506899,0.004
2022-09-14,industry_diffusion_low_max,15720287.92,4.074536264e-10,40,8,0.2565434992,0.004
2022-09-15,industry_diffusion_low_max,15518408.73,4.074536264e-10,40,8,0.2562455733,0.004
2022-09-16,industry_diffusion_low_max,14994351.49,4.074536264e-10,40,8,0.2584026665,0.004
2022-09-19,industry_diffusion_low_max,15105206.79,150262.461,40,7,0.2125955563,0.004
2022-09-20,industry_diffusion_low_max,15258148.2,150262.461,40,7,0.2124048464,0.004
2022-09-21,industry_diffusion_low_max,15295290.68,150262.461,40,7,0.2130905257,0.004
2022-09-22,industry_diffusion_low_max,15291111.54,150262.461,40,7,0.2135693271,0.004
2022-09-23,industry_diffusion_low_max,15035482.31,150262.461,40,7,0.2129461479,0.004
2022-09-26,industry_diffusion_low_max,14922774.53,213282.1092,40,7,0.2566152695,0.004
2022-09-27,industry_diffusion_low_max,15477949.27,213282.1092,40,7,0.2604314974,0.004
2022-09-28,industry_diffusion_low_max,15032376.69,213282.1092,40,7,0.2580470048,0.004
2022-09-29,industry_diffusion_low_max,14827947.62,213282.1092,40,7,0.2550050312,0.004
2022-09-30,industry_diffusion_low_max,14629235.23,213282.1092,40,7,0.2518876418,0.004
2022-10-10,industry_diffusion_low_max,14133518.27,2822.77232,40,7,0.2924829262,0.004
2022-10-11,industry_diffusion_low_max,13996632.81,2822.77232,40,7,0.2919019975,0.004
2022-10-12,industry_diffusion_low_max,14030703.5,2822.77232,40,7,0.2911880876,0.004
2022-10-13,industry_diffusion_low_max,14087414.6,2822.77232,40,7,0.2962067162,0.004
2022-10-14,industry_diffusion_low_max,14193109.9,2822.77232,40,7,0.2966863898,0.004
2022-10-17,industry_diffusion_low_max,14312196.52,1.105945557e-09,40,4,0.3299365076,0.004
2022-10-18,industry_diffusion_low_max,14464370.22,1.105945557e-09,40,4,0.3311218844,0.004
2022-10-19,industry_diffusion_low_max,14263447.06,1.105945557e-09,40,4,0.3313454597,0.004
2022-10-20,industry_diffusion_low_max,14604677.24,1.105945557e-09,40,4,0.3324655791,0.004
2022-10-21,industry_diffusion_low_max,14442403.55,1.105945557e-09,40,4,0.3290398091,0.004
2022-10-24,industry_diffusion_low_max,13880114.32,-2.328306437e-10,40,5,0.239135027,0.004
2022-10-25,industry_diffusion_low_max,13928673.66,-2.328306437e-10,40,5,0.2400460708,0.004
2022-10-26,industry_diffusion_low_max,14328270,-2.328306437e-10,40,5,0.2400878886,0.004
2022-10-27,industry_diffusion_low_max,14368946.37,-2.328306437e-10,40,5,0.2407297454,0.004
2022-10-28,industry_diffusion_low_max,14101003.07,-2.328306437e-10,40,5,0.2414621589,0.004
2022-10-31,industry_diffusion_low_max,14115664.86,180264.3051,40,8,0.1772982808,0.004
2022-11-01,industry_diffusion_low_max,14519957.64,180264.3051,40,8,0.1759564608,0.004
2022-11-02,industry_diffusion_low_max,14798248.71,180264.3051,40,8,0.176745711,0.004
2022-11-03,industry_diffusion_low_max,14689382.69,180264.3051,40,8,0.1769616498,0.004
2022-11-04,industry_diffusion_low_max,14978578.51,180264.3051,40,8,0.1770535531,0.004
2022-11-07,industry_diffusion_low_max,14903219.82,343334.9585,40,11,0.168147795,0.004
2022-11-08,industry_diffusion_low_max,14910718.84,343334.9585,40,11,0.1674997685,0.004
2022-11-09,industry_diffusion_low_max,14871994.84,343334.9585,40,11,0.1671552666,0.004
2022-11-10,industry_diffusion_low_max,14934978.3,343334.9585,40,11,0.1673935891,0.004
2022-11-11,industry_diffusion_low_max,14819489.53,343334.9585,40,11,0.1660429912,0.004
2022-11-14,industry_diffusion_low_max,14808851.07,141686.2132,40,14,0.1319929657,0.004
2022-11-15,industry_diffusion_low_max,14970711.33,141686.2132,40,14,0.1315581789,0.004
2022-11-16,industry_diffusion_low_max,15074095.06,141686.2132,40,14,0.1328498019,0.004
2022-11-17,industry_diffusion_low_max,15221548.8,141686.2132,40,14,0.1333119503,0.004
2022-11-18,industry_diffusion_low_max,15416675.13,141686.2132,40,14,0.1365052748,0.004
2022-11-21,industry_diffusion_low_max,15206397.76,77495.22619,40,14,0.1057728123,0.004
2022-11-22,industry_diffusion_low_max,15013984.07,77495.22619,40,14,0.1044327742,0.004
2022-11-23,industry_diffusion_low_max,14870088.31,77495.22619,40,14,0.1032835023,0.004
2022-11-24,industry_diffusion_low_max,14900574.45,77495.22619,40,14,0.1035799993,0.004
2022-11-25,industry_diffusion_low_max,14978571.24,77495.22619,40,14,0.1030351231,0.004
2022-11-28,industry_diffusion_low_max,15102381.26,60986.26772,40,14,0.09292604307,0.004
2022-11-29,industry_diffusion_low_max,15708904.88,60986.26772,40,14,0.09413451289,0.004
2022-11-30,industry_diffusion_low_max,15829767.35,60986.26772,40,14,0.09402726336,0.004
2022-12-01,industry_diffusion_low_max,15823433.78,60986.26772,40,14,0.0946734848,0.004
2022-12-02,industry_diffusion_low_max,15940016.3,60986.26772,40,14,0.09495625378,0.004
2022-12-05,industry_diffusion_low_max,16121332.35,96671.10986,40,17,0.09177614185,0.004
2022-12-06,industry_diffusion_low_max,16020342.69,96671.10986,40,17,0.09176988371,0.004
2022-12-07,industry_diffusion_low_max,15990248.92,96671.10986,40,17,0.09113251116,0.004
2022-12-08,industry_diffusion_low_max,16048396.3,96671.10986,40,17,0.09157973313,0.004
2022-12-09,industry_diffusion_low_max,16192405.18,96671.10986,40,17,0.0921151272,0.004
2022-12-12,industry_diffusion_low_max,15767139.97,12882.67394,40,17,0.09374417691,0.004
2022-12-13,industry_diffusion_low_max,15979204.64,12882.67394,40,17,0.09407333694,0.004
2022-12-14,industry_diffusion_low_max,15916987.98,12882.67394,40,17,0.09312355725,0.004
2022-12-15,industry_diffusion_low_max,15876538.31,12882.67394,40,17,0.09356578621,0.004
2022-12-16,industry_diffusion_low_max,15822454.79,12882.67394,40,17,0.09355210814,0.004
2022-12-19,industry_diffusion_low_max,15614908.26,9.895302355e-10,40,17,0.09196817779,0.004
2022-12-20,industry_diffusion_low_max,15266955.55,9.895302355e-10,40,17,0.09073301801,0.004
2022-12-21,industry_diffusion_low_max,15295945.96,9.895302355e-10,40,17,0.09090580209,0.004
2022-12-22,industry_diffusion_low_max,15277195.96,9.895302355e-10,40,17,0.09114385034,0.004
2022-12-23,industry_diffusion_low_max,15293085.04,9.895302355e-10,40,17,0.09153756641,0.004
2022-12-26,industry_diffusion_low_max,15229454.1,-8.149072528e-10,40,15,0.1320196286,0.004
2022-12-27,industry_diffusion_low_max,15390190.13,-8.149072528e-10,40,15,0.1329222705,0.004
2022-12-28,industry_diffusion_low_max,15311062.93,-8.149072528e-10,40,15,0.131701444,0.004
2022-12-29,industry_diffusion_low_max,15094864.36,-8.149072528e-10,40,15,0.1320295671,0.004
2022-12-30,industry_diffusion_low_max,15262736.74,-8.149072528e-10,40,15,0.1312694194,0.004
2023-01-03,industry_diffusion_low_max,15197900.62,-5.238689482e-10,40,13,0.1697867745,0.004
2023-01-04,industry_diffusion_low_max,15279942.56,-5.238689482e-10,40,13,0.1685829036,0.004
2023-01-05,industry_diffusion_low_max,15534933.43,-5.238689482e-10,40,13,0.1736632302,0.004
2023-01-06,industry_diffusion_low_max,15327348.55,-5.238689482e-10,40,13,0.1757606326,0.004
2023-01-09,industry_diffusion_low_max,15742729.06,-5.238689482e-10,40,13,0.1808229729,0.004
2023-01-10,industry_diffusion_low_max,15650437.97,1.746229827e-10,40,10,0.2819699048,0.004
2023-01-11,industry_diffusion_low_max,15425692.17,1.746229827e-10,40,10,0.2820188436,0.004
2023-01-12,industry_diffusion_low_max,15278017.92,1.746229827e-10,40,10,0.2813334339,0.004
2023-01-13,industry_diffusion_low_max,15587152.66,1.746229827e-10,40,10,0.283647348,0.004
2023-01-16,industry_diffusion_low_max,15838610.37,1.746229827e-10,40,10,0.286561773,0.004
2023-01-17,industry_diffusion_low_max,15713824.69,46223.73084,40,14,0.1666423969,0.004
2023-01-18,industry_diffusion_low_max,15741179.82,46223.73084,40,14,0.1646704875,0.004
2023-01-19,industry_diffusion_low_max,15708352.33,46223.73084,40,14,0.1635197639,0.004
2023-01-20,industry_diffusion_low_max,15711977.37,46223.73084,40,14,0.1625678685,0.004
2023-01-30,industry_diffusion_low_max,15936593.23,46223.73084,40,14,0.1644449607,0.004
2023-01-31,industry_diffusion_low_max,15945570.46,57547.14021,40,23,0.07461112679,0.004
2023-02-01,industry_diffusion_low_max,16194034.18,57547.14021,40,23,0.07396455909,0.004
2023-02-02,industry_diffusion_low_max,16390120.28,57547.14021,40,23,0.07506557405,0.004
2023-02-03,industry_diffusion_low_max,16368241.61,57547.14021,40,23,0.07476564335,0.004
2023-02-06,industry_diffusion_low_max,16309581.75,57547.14021,40,23,0.07475595437,0.004
2023-02-07,industry_diffusion_low_max,16517162.25,-5.820766091e-11,40,21,0.06877481031,0.004
2023-02-08,industry_diffusion_low_max,16382630.6,-5.820766091e-11,40,21,0.06828420321,0.004
2023-02-09,industry_diffusion_low_max,16709800.09,-5.820766091e-11,40,21,0.06859940512,0.004
2023-02-10,industry_diffusion_low_max,16742388.51,-5.820766091e-11,40,21,0.06901345846,0.004
2023-02-13,industry_diffusion_low_max,17252364.13,-5.820766091e-11,40,21,0.07006605599,0.004
2023-02-14,industry_diffusion_low_max,17282082.36,60119.44935,40,22,0.06055202135,0.004
2023-02-15,industry_diffusion_low_max,17437347.77,60119.44935,40,22,0.06057971974,0.004
2023-02-16,industry_diffusion_low_max,17117456.88,60119.44935,40,22,0.06083236912,0.004
2023-02-17,industry_diffusion_low_max,16899667.83,60119.44935,40,22,0.06072605598,0.004
2023-02-20,industry_diffusion_low_max,17287301.75,60119.44935,40,22,0.06083798618,0.004
2023-02-21,industry_diffusion_low_max,17412589.69,237077.2309,40,20,0.07872198235,0.004
2023-02-22,industry_diffusion_low_max,17411437.3,237077.2309,40,20,0.07824536572,0.004
2023-02-23,industry_diffusion_low_max,17293713.93,237077.2309,40,20,0.07806239875,0.004
2023-02-24,industry_diffusion_low_max,17283633.79,237077.2309,40,20,0.07758769591,0.004
2023-02-27,industry_diffusion_low_max,17103226.58,237077.2309,40,20,0.07747059649,0.004
2023-02-28,industry_diffusion_low_max,17246220.67,301358.1903,40,16,0.1049422316,0.004
2023-03-01,industry_diffusion_low_max,17417402.88,301358.1903,40,16,0.1045300645,0.004
2023-03-02,industry_diffusion_low_max,17459434.52,301358.1903,40,16,0.1053581582,0.004
2023-03-03,industry_diffusion_low_max,17520470.26,301358.1903,40,16,0.1060066844,0.004
2023-03-06,industry_diffusion_low_max,17520133.54,301358.1903,40,16,0.1051753073,0.004
2023-03-07,industry_diffusion_low_max,17201936.02,7513.688129,40,15,0.1123440581,0.004
2023-03-08,industry_diffusion_low_max,17264952.62,7513.688129,40,15,0.1124921859,0.004
2023-03-09,industry_diffusion_low_max,17168174.8,7513.688129,40,15,0.1133337239,0.004
2023-03-10,industry_diffusion_low_max,16853821.39,7513.688129,40,15,0.1132532872,0.004
2023-03-13,industry_diffusion_low_max,16882861.15,7513.688129,40,15,0.1127737259,0.004
2023-03-14,industry_diffusion_low_max,16664226.23,-3.492459655e-10,40,13,0.1770226679,0.004
2023-03-15,industry_diffusion_low_max,17002389.55,-3.492459655e-10,40,13,0.1781082304,0.004
2023-03-16,industry_diffusion_low_max,16642743.48,-3.492459655e-10,40,13,0.1778972208,0.004
2023-03-17,industry_diffusion_low_max,16766727.95,-3.492459655e-10,40,13,0.1771229738,0.004
2023-03-20,industry_diffusion_low_max,16662257.02,-3.492459655e-10,40,13,0.1751735966,0.004
2023-03-21,industry_diffusion_low_max,16839630.87,21387.41819,40,10,0.1753627747,0.004
2023-03-22,industry_diffusion_low_max,16876987.26,21387.41819,40,10,0.1756954951,0.004
2023-03-23,industry_diffusion_low_max,16855588.26,21387.41819,40,10,0.1743328943,0.004
2023-03-24,industry_diffusion_low_max,16886362.13,21387.41819,40,10,0.1741563438,0.004
2023-03-27,industry_diffusion_low_max,16689061.66,21387.41819,40,10,0.1731256539,0.004
2023-03-28,industry_diffusion_low_max,16522146.7,-2.910383046e-10,40,12,0.1336868227,0.004
2023-03-29,industry_diffusion_low_max,16446750.28,-2.910383046e-10,40,12,0.1331713062,0.004
2023-03-30,industry_diffusion_low_max,16309275.48,-2.910383046e-10,40,12,0.1323354023,0.004
2023-03-31,industry_diffusion_low_max,16738813.89,-2.910383046e-10,40,12,0.1355941268,0.004
2023-04-03,industry_diffusion_low_max,16952287.84,-2.910383046e-10,40,12,0.1363834336,0.004
2023-04-04,industry_diffusion_low_max,16770108.06,16568.23045,40,9,0.16407018,0.004
2023-04-06,industry_diffusion_low_max,16424906.52,16568.23045,40,9,0.1618519603,0.004
2023-04-07,industry_diffusion_low_max,16739332.41,16568.23045,40,9,0.1636622183,0.004
2023-04-10,industry_diffusion_low_max,16408808.44,16568.23045,40,9,0.1639361703,0.004
2023-04-11,industry_diffusion_low_max,17172095.96,16568.23045,40,9,0.1660718955,0.004
2023-04-12,industry_diffusion_low_max,17816718.87,-7.566995919e-10,40,7,0.2007530799,0.004
2023-04-13,industry_diffusion_low_max,18089311.01,-7.566995919e-10,40,7,0.2006902555,0.004
2023-04-14,industry_diffusion_low_max,17712303.44,-7.566995919e-10,40,7,0.2004229905,0.004
2023-04-17,industry_diffusion_low_max,17172249.13,-7.566995919e-10,40,7,0.2008726471,0.004
2023-04-18,industry_diffusion_low_max,17130873.55,-7.566995919e-10,40,7,0.2011810751,0.004
2023-04-19,industry_diffusion_low_max,17431462.02,434843.21,40,7,0.1877055015,0.004
2023-04-20,industry_diffusion_low_max,17820144.05,434843.21,40,7,0.1890960042,0.004
2023-04-21,industry_diffusion_low_max,17304062.44,434843.21,40,7,0.190909177,0.004
2023-04-24,industry_diffusion_low_max,17844972.92,434843.21,40,7,0.1930817463,0.004
2023-04-25,industry_diffusion_low_max,18050441.86,434843.21,40,7,0.1952044324,0.004
2023-04-26,industry_diffusion_low_max,18620112.39,123808.7792,40,6,0.3260498642,0.004
2023-04-27,industry_diffusion_low_max,18614260.43,123808.7792,40,6,0.3275644052,0.004
2023-04-28,industry_diffusion_low_max,20109403.57,123808.7792,40,6,0.3281835264,0.004
2023-05-04,industry_diffusion_low_max,21484547.3,123808.7792,40,6,0.3381997588,0.004
2023-05-05,industry_diffusion_low_max,21299079.37,123808.7792,40,6,0.3479794564,0.004
2023-05-08,industry_diffusion_low_max,21266212.9,359630.4989,40,7,0.2928141305,0.004
2023-05-09,industry_diffusion_low_max,20501895.06,359630.4989,40,7,0.2877079293,0.004
2023-05-10,industry_diffusion_low_max,20243415.31,359630.4989,40,7,0.2869566442,0.004
2023-05-11,industry_diffusion_low_max,20503195.22,359630.4989,40,7,0.2894601156,0.004
2023-05-12,industry_diffusion_low_max,19957892.4,359630.4989,40,7,0.2860885175,0.004
2023-05-15,industry_diffusion_low_max,19777524.8,230775.1766,39,5,0.4356470465,0.004
2023-05-16,industry_diffusion_low_max,19031892.12,230775.1766,39,5,0.4264390222,0.004
2023-05-17,industry_diffusion_low_max,18820788.11,230775.1766,39,5,0.4201927351,0.004
2023-05-18,industry_diffusion_low_max,19080490.6,230775.1766,39,5,0.4237517229,0.004
2023-05-19,industry_diffusion_low_max,18775840.57,230775.1766,39,5,0.418052288,0.004
2023-05-22,industry_diffusion_low_max,18579168.22,0,39,4,0.3563030878,0.004
2023-05-23,industry_diffusion_low_max,18172671.94,0,39,4,0.3564399407,0.004
2023-05-24,industry_diffusion_low_max,18156169.55,0,39,4,0.3602623406,0.004
2023-05-25,industry_diffusion_low_max,17896712.18,0,39,4,0.3561580404,0.004
2023-05-26,industry_diffusion_low_max,18234344.59,0,39,4,0.3607004661,0.004
2023-05-29,industry_diffusion_low_max,18187880.94,-9.313225746e-10,39,7,0.2021170183,0.004
2023-05-30,industry_diffusion_low_max,18376126.91,-9.313225746e-10,39,7,0.201915279,0.004
2023-05-31,industry_diffusion_low_max,18467703.7,-9.313225746e-10,39,7,0.2022874399,0.004
2023-06-01,industry_diffusion_low_max,18775460.73,-9.313225746e-10,39,7,0.2030187473,0.004
2023-06-02,industry_diffusion_low_max,18697420.44,-9.313225746e-10,39,7,0.2026762413,0.004
2023-06-05,industry_diffusion_low_max,18904843.17,277100.8992,38,8,0.254659939,0.004
2023-06-06,industry_diffusion_low_max,18424920.08,277100.8992,38,8,0.2537594705,0.004
2023-06-07,industry_diffusion_low_max,18784337.28,277100.8992,38,8,0.2535460335,0.004
2023-06-08,industry_diffusion_low_max,18516929.84,277100.8992,38,8,0.2533635105,0.004
2023-06-09,industry_diffusion_low_max,18646479.8,277100.8992,38,8,0.253627988,0.004
2023-06-12,industry_diffusion_low_max,18703596.32,899684.7515,38,9,0.2257682962,0.004
2023-06-13,industry_diffusion_low_max,18684661.4,899684.7515,38,9,0.2263122087,0.004
2023-06-14,industry_diffusion_low_max,18640451.46,899684.7515,38,9,0.2254709502,0.004
2023-06-15,industry_diffusion_low_max,18707606.45,899684.7515,38,9,0.2246939788,0.004
2023-06-16,industry_diffusion_low_max,18848669.19,899684.7515,38,9,0.2267584575,0.004
2023-06-19,industry_diffusion_low_max,18872726.2,167703.1683,39,10,0.2159907358,0.004
2023-06-20,industry_diffusion_low_max,19067846.08,167703.1683,39,10,0.2171378169,0.004
2023-06-21,industry_diffusion_low_max,18692842.42,167703.1683,39,10,0.2180106531,0.004
2023-06-26,industry_diffusion_low_max,18391650.11,167703.1683,39,10,0.2207823741,0.004
2023-06-27,industry_diffusion_low_max,18757535.45,167703.1683,39,10,0.2200883118,0.004
2023-06-28,industry_diffusion_low_max,18813803.16,73161.45616,39,11,0.1444508395,0.004
2023-06-29,industry_diffusion_low_max,18956953.4,73161.45616,39,11,0.1447271206,0.004
2023-06-30,industry_diffusion_low_max,18910677.62,73161.45616,39,11,0.1445655869,0.004
2023-07-03,industry_diffusion_low_max,18839727.05,73161.45616,39,11,0.1427341557,0.004
2023-07-04,industry_diffusion_low_max,18910278.37,73161.45616,39,11,0.1414309972,0.004
2023-07-05,industry_diffusion_low_max,18688053.8,178406.9088,40,10,0.1491808892,0.004
2023-07-06,industry_diffusion_low_max,18747684.41,178406.9088,40,10,0.1484373267,0.004
2023-07-07,industry_diffusion_low_max,18728741.73,178406.9088,40,10,0.1480990264,0.004
2023-07-10,industry_diffusion_low_max,18714920.28,178406.9088,40,10,0.1468971182,0.004
2023-07-11,industry_diffusion_low_max,18876289.38,178406.9088,40,10,0.1472584143,0.004
2023-07-12,industry_diffusion_low_max,18741050.98,341210.6026,40,13,0.1115319739,0.004
2023-07-13,industry_diffusion_low_max,18803670.92,341210.6026,40,13,0.1113224829,0.004
2023-07-14,industry_diffusion_low_max,18713561.26,341210.6026,40,13,0.1116048242,0.004
2023-07-17,industry_diffusion_low_max,18710451.75,341210.6026,40,13,0.1117505738,0.004
2023-07-18,industry_diffusion_low_max,18873559.83,341210.6026,40,13,0.1128989636,0.004
2023-07-19,industry_diffusion_low_max,18963948.76,-8.731149137e-10,40,17,0.1036753781,0.004
2023-07-20,industry_diffusion_low_max,18630936.75,-8.731149137e-10,40,17,0.1028239548,0.004
2023-07-21,industry_diffusion_low_max,18532613.92,-8.731149137e-10,40,17,0.1022138163,0.004
2023-07-24,industry_diffusion_low_max,18445061.65,-8.731149137e-10,40,17,0.1016423674,0.004
2023-07-25,industry_diffusion_low_max,18843040.65,-8.731149137e-10,40,17,0.1033997983,0.004
2023-07-26,industry_diffusion_low_max,18794235.14,43608.27728,40,19,0.08655394076,0.004
2023-07-27,industry_diffusion_low_max,18811544.76,43608.27728,40,19,0.0868886973,0.004
2023-07-28,industry_diffusion_low_max,19165573.48,43608.27728,40,19,0.08767613974,0.004
2023-07-31,industry_diffusion_low_max,19414427.21,43608.27728,40,19,0.08838743915,0.004
2023-08-01,industry_diffusion_low_max,19308390.58,43608.27728,40,19,0.08726535803,0.004
2023-08-02,industry_diffusion_low_max,19218924.74,95610.1569,40,19,0.0715277468,0.004
2023-08-03,industry_diffusion_low_max,19284623.04,95610.1569,40,19,0.07169159732,0.004
2023-08-04,industry_diffusion_low_max,19307350.32,95610.1569,40,19,0.07196198681,0.004
2023-08-07,industry_diffusion_low_max,19312063.32,95610.1569,40,19,0.07224746225,0.004
2023-08-08,industry_diffusion_low_max,19237660.92,95610.1569,40,19,0.07223908866,0.004
2023-08-09,industry_diffusion_low_max,19114255,122726.4396,40,18,0.08522741772,0.004
2023-08-10,industry_diffusion_low_max,19231478.53,122726.4396,40,18,0.08557356611,0.004
2023-08-11,industry_diffusion_low_max,18819119.71,122726.4396,40,18,0.08541092779,0.004
2023-08-14,industry_diffusion_low_max,18782307.32,122726.4396,40,18,0.08525868279,0.004
2023-08-15,industry_diffusion_low_max,18810617.63,122726.4396,40,18,0.08612989047,0.004
2023-08-16,industry_diffusion_low_max,18823134.46,-5.820766091e-11,40,12,0.161614468,0.004
2023-08-17,industry_diffusion_low_max,18787714.05,-5.820766091e-11,40,12,0.1609752254,0.004
2023-08-18,industry_diffusion_low_max,18478221.13,-5.820766091e-11,40,12,0.1590139593,0.004
2023-08-21,industry_diffusion_low_max,18211729,-5.820766091e-11,40,12,0.1568289497,0.004
2023-08-22,industry_diffusion_low_max,18386055.3,-5.820766091e-11,40,12,0.1579148341,0.004
2023-08-23,industry_diffusion_low_max,18000316.54,81749.68568,40,8,0.3116753761,0.004
2023-08-24,industry_diffusion_low_max,18048290.84,81749.68568,40,8,0.3125091071,0.004
2023-08-25,industry_diffusion_low_max,18075760.58,81749.68568,40,8,0.3122248948,0.004
2023-08-28,industry_diffusion_low_max,18434563.04,81749.68568,40,8,0.3127205253,0.004
2023-08-29,industry_diffusion_low_max,18476874.36,81749.68568,40,8,0.3102226193,0.004
2023-08-30,industry_diffusion_low_max,18178587.48,309473.073,40,7,0.3051306763,0.004
2023-08-31,industry_diffusion_low_max,17917228.04,309473.073,40,7,0.3061662817,0.004
2023-09-01,industry_diffusion_low_max,17910586.76,309473.073,40,7,0.3063282602,0.004
2023-09-04,industry_diffusion_low_max,18125593.12,309473.073,40,7,0.3023338059,0.004
2023-09-05,industry_diffusion_low_max,17838904.21,309473.073,40,7,0.3035820403,0.004
2023-09-06,industry_diffusion_low_max,17730382.57,376743.1524,40,4,0.2945762753,0.004
2023-09-07,industry_diffusion_low_max,17610955.68,376743.1524,40,4,0.2948007116,0.004
2023-09-08,industry_diffusion_low_max,17489991.63,376743.1524,40,4,0.2965360913,0.004
2023-09-11,industry_diffusion_low_max,17696160.95,376743.1524,40,4,0.2964135194,0.004
2023-09-12,industry_diffusion_low_max,17576616.4,376743.1524,40,4,0.2960911306,0.004
2023-09-13,industry_diffusion_low_max,17432465.06,169806.2345,40,5,0.238744162,0.004
2023-09-14,industry_diffusion_low_max,17536609.39,169806.2345,40,5,0.2388887951,0.004
2023-09-15,industry_diffusion_low_max,17541833,169806.2345,40,5,0.238881986,0.004
2023-09-18,industry_diffusion_low_max,17592048.93,169806.2345,40,5,0.2387498326,0.004
2023-09-19,industry_diffusion_low_max,17483368.99,169806.2345,40,5,0.2389092811,0.004
2023-09-20,industry_diffusion_low_max,17350814.4,135166.8809,40,6,0.2666878604,0.004
2023-09-21,industry_diffusion_low_max,17246591.66,135166.8809,40,6,0.2666433858,0.004
2023-09-22,industry_diffusion_low_max,17414152.29,135166.8809,40,6,0.2648148978,0.004
2023-09-25,industry_diffusion_low_max,17313480.88,135166.8809,40,6,0.2657726998,0.004
2023-09-26,industry_diffusion_low_max,17252431.97,135166.8809,40,6,0.2649389252,0.004
2023-09-27,industry_diffusion_low_max,17212689.88,9318.928674,40,7,0.3015591817,0.004
2023-09-28,industry_diffusion_low_max,17500911.65,9318.928674,40,7,0.2996599875,0.004
2023-10-09,industry_diffusion_low_max,17579329.23,9318.928674,40,7,0.3000665606,0.004
2023-10-10,industry_diffusion_low_max,17477536.15,9318.928674,40,7,0.2984938992,0.004
2023-10-11,industry_diffusion_low_max,17277929.25,9318.928674,40,7,0.2984390895,0.004
2023-10-12,industry_diffusion_low_max,17344708.5,19863.31118,40,8,0.1785335343,0.004
2023-10-13,industry_diffusion_low_max,17476943.89,19863.31118,40,8,0.1791140978,0.004
2023-10-16,industry_diffusion_low_max,17581425.8,19863.31118,40,8,0.1784044641,0.004
2023-10-17,industry_diffusion_low_max,17557102.67,19863.31118,40,8,0.1782386792,0.004
2023-10-18,industry_diffusion_low_max,17252880.7,19863.31118,40,8,0.1782321704,0.004
2023-10-19,industry_diffusion_low_max,16905715.9,1163.483398,40,8,0.1895281725,0.004
2023-10-20,industry_diffusion_low_max,16735618.2,1163.483398,40,8,0.1890228227,0.004
2023-10-23,industry_diffusion_low_max,16414595.13,1163.483398,40,8,0.1890738846,0.004
2023-10-24,industry_diffusion_low_max,16531295.65,1163.483398,40,8,0.1892137398,0.004
2023-10-25,industry_diffusion_low_max,16666502.97,1163.483398,40,8,0.1887544027,0.004
2023-10-26,industry_diffusion_low_max,16789957.3,45671.41731,40,8,0.1839939442,0.004
2023-10-27,industry_diffusion_low_max,16974782.19,45671.41731,40,8,0.1833227368,0.004
2023-10-30,industry_diffusion_low_max,17213360.37,45671.41731,40,8,0.1863637274,0.004
2023-10-31,industry_diffusion_low_max,17229997.82,45671.41731,40,8,0.1859361319,0.004
2023-11-01,industry_diffusion_low_max,17218182.96,45671.41731,40,8,0.18527798,0.004
2023-11-02,industry_diffusion_low_max,16983406.5,-4.656612873e-10,40,6,0.1858837363,0.004
2023-11-03,industry_diffusion_low_max,17241040.77,-4.656612873e-10,40,6,0.185100588,0.004
2023-11-06,industry_diffusion_low_max,17507042.07,-4.656612873e-10,40,6,0.1852008977,0.004
2023-11-07,industry_diffusion_low_max,17595897.08,-4.656612873e-10,40,6,0.1850614451,0.004
2023-11-08,industry_diffusion_low_max,17705508.63,-4.656612873e-10,40,6,0.1854478693,0.004
2023-11-09,industry_diffusion_low_max,17471936.87,7.566995919e-10,40,10,0.1420760921,0.004
2023-11-10,industry_diffusion_low_max,17459668.72,7.566995919e-10,40,10,0.1423470675,0.004
2023-11-13,industry_diffusion_low_max,17747761.8,7.566995919e-10,40,10,0.1428486952,0.004
2023-11-14,industry_diffusion_low_max,17987950.97,7.566995919e-10,40,10,0.1437688006,0.004
2023-11-15,industry_diffusion_low_max,18041509.73,7.566995919e-10,40,10,0.1439710277,0.004
2023-11-16,industry_diffusion_low_max,17931008.81,113268.6873,40,15,0.1063311026,0.004
2023-11-17,industry_diffusion_low_max,17993859.13,113268.6873,40,15,0.106007698,0.004
2023-11-20,industry_diffusion_low_max,18088635.06,113268.6873,40,15,0.1058084549,0.004
2023-11-21,industry_diffusion_low_max,18025605.33,113268.6873,40,15,0.1054650056,0.004
2023-11-22,industry_diffusion_low_max,17942105.27,113268.6873,40,15,0.1051880249,0.004
2023-11-23,industry_diffusion_low_max,18058935.46,165484.6711,40,17,0.08789133051,0.004
2023-11-24,industry_diffusion_low_max,17939461.09,165484.6711,40,17,0.08816820349,0.004
2023-11-27,industry_diffusion_low_max,18007852.09,165484.6711,40,17,0.08866625993,0.004
2023-11-28,industry_diffusion_low_max,17986885.48,165484.6711,40,17,0.088266071,0.004
2023-11-29,industry_diffusion_low_max,17708567.2,165484.6711,40,17,0.08754738531,0.004
2023-11-30,industry_diffusion_low_max,17621616.86,54813.86989,40,21,0.0681398138,0.004
2023-12-01,industry_diffusion_low_max,17783196.74,54813.86989,40,21,0.0692183502,0.004
2023-12-04,industry_diffusion_low_max,17825175.2,54813.86989,40,21,0.06910911355,0.004
2023-12-05,industry_diffusion_low_max,17483465.71,54813.86989,40,21,0.06912467177,0.004
2023-12-06,industry_diffusion_low_max,17602209.59,54813.86989,40,21,0.06949712214,0.004
2023-12-07,industry_diffusion_low_max,17695258.16,3846086.104,31,19,0.07155765105,0.004
2023-12-08,industry_diffusion_low_max,17471246.5,3846086.104,31,19,0.07108699435,0.004
2023-12-11,industry_diffusion_low_max,17627822.13,3846086.104,31,19,0.07133378074,0.004
2023-12-12,industry_diffusion_low_max,17767091.07,3846086.104,31,19,0.07187739448,0.004
2023-12-13,industry_diffusion_low_max,17717816.57,4310787.486,30,18,0.0750578076,0.004
2023-12-14,industry_diffusion_low_max,17708005.51,8764913.286,20,14,0.08742455647,0.004
2023-12-15,industry_diffusion_low_max,17688445.89,8764913.286,20,14,0.08748150655,0.004
2023-12-18,industry_diffusion_low_max,17571039.59,8764913.286,20,14,0.0872936462,0.004
2023-12-19,industry_diffusion_low_max,17540510.29,8764913.286,20,14,0.087206704,0.004
2023-12-20,industry_diffusion_low_max,17384419.91,8764913.286,20,14,0.0865342804,0.004
2023-12-21,industry_diffusion_low_max,17400051.75,13016227.43,10,8,0.1447712509,0.004
2023-12-22,industry_diffusion_low_max,17254400.17,13016227.43,10,8,0.1418816735,0.004
2023-12-25,industry_diffusion_low_max,17274646.15,13016227.43,10,8,0.1410555643,0.004
2023-12-26,industry_diffusion_low_max,17211897.9,13016227.43,10,8,0.1384658885,0.004
2023-12-27,industry_diffusion_low_max,17156370.23,13016227.43,10,8,0.1384397122,0.004
2023-12-28,industry_diffusion_low_max,17134299.71,17134299.71,0,0,0,0.004
