sequence_id,target_year,block_id,market_view,market_sequence_rank,symbol,tested_day_count,recovered_tested_day_count,repeated_test_sequence,recovered_sequence
2018|01|ALL_A|01|000420.SZ,2018,1,ALL_A,1,000420.SZ,0,0,False,False
2018|01|ALL_A|02|600576.SH,2018,1,ALL_A,2,600576.SH,0,0,False,False
2018|01|ALL_A|03|601882.SH,2018,1,ALL_A,3,601882.SH,0,0,False,False
2018|01|ALL_A|04|300691.SZ,2018,1,ALL_A,4,300691.SZ,0,0,False,False
2018|01|ALL_A|05|600481.SH,2018,1,ALL_A,5,600481.SH,0,0,False,False
2018|01|ALL_A|06|300055.SZ,2018,1,ALL_A,6,300055.SZ,0,0,False,False
2018|01|ALL_A|07|603507.SH,2018,1,ALL_A,7,603507.SH,0,0,False,False
2018|01|ALL_A|08|603890.SH,2018,1,ALL_A,8,603890.SH,0,0,False,False
2018|01|ALL_A|09|300546.SZ,2018,1,ALL_A,9,300546.SZ,0,0,False,False
2018|01|ALL_A|10|300298.SZ,2018,1,ALL_A,10,300298.SZ,0,0,False,False
2018|01|CHINEXT_BOARD|01|300559.SZ,2018,1,CHINEXT_BOARD,1,300559.SZ,0,0,False,False
2018|01|CHINEXT_BOARD|02|300302.SZ,2018,1,CHINEXT_BOARD,2,300302.SZ,0,0,False,False
2018|01|CHINEXT_BOARD|03|300124.SZ,2018,1,CHINEXT_BOARD,3,300124.SZ,0,0,False,False
2018|01|CHINEXT_BOARD|04|300533.SZ,2018,1,CHINEXT_BOARD,4,300533.SZ,0,0,False,False
2018|01|CHINEXT_BOARD|05|300112.SZ,2018,1,CHINEXT_BOARD,5,300112.SZ,0,0,False,False
2018|01|CHINEXT_BOARD|06|300449.SZ,2018,1,CHINEXT_BOARD,6,300449.SZ,0,0,False,False
2018|01|CHINEXT_BOARD|07|300082.SZ,2018,1,CHINEXT_BOARD,7,300082.SZ,0,0,False,False
2018|01|CHINEXT_BOARD|08|300041.SZ,2018,1,CHINEXT_BOARD,8,300041.SZ,0,0,False,False
2018|01|CHINEXT_BOARD|09|300255.SZ,2018,1,CHINEXT_BOARD,9,300255.SZ,0,0,False,False
2018|01|CHINEXT_BOARD|10|300096.SZ,2018,1,CHINEXT_BOARD,10,300096.SZ,0,0,False,False
2018|01|SH_A|01|600756.SH,2018,1,SH_A,1,600756.SH,0,0,False,False
2018|01|SH_A|02|603368.SH,2018,1,SH_A,2,603368.SH,0,0,False,False
2018|01|SH_A|03|600567.SH,2018,1,SH_A,3,600567.SH,0,0,False,False
2018|01|SH_A|04|600425.SH,2018,1,SH_A,4,600425.SH,0,0,False,False
2018|01|SH_A|05|601818.SH,2018,1,SH_A,5,601818.SH,1,1,False,False
2018|01|SH_A|06|600390.SH,2018,1,SH_A,6,600390.SH,0,0,False,False
2018|01|SH_A|07|600569.SH,2018,1,SH_A,7,600569.SH,0,0,False,False
2018|01|SH_A|08|603968.SH,2018,1,SH_A,8,603968.SH,0,0,False,False
2018|01|SH_A|09|600503.SH,2018,1,SH_A,9,600503.SH,0,0,False,False
2018|01|SH_A|10|600227.SH,2018,1,SH_A,10,600227.SH,0,0,False,False
2018|01|SZ_A|01|000301.SZ,2018,1,SZ_A,1,000301.SZ,0,0,False,False
2018|01|SZ_A|02|000972.SZ,2018,1,SZ_A,2,000972.SZ,0,0,False,False
2018|01|SZ_A|03|300239.SZ,2018,1,SZ_A,3,300239.SZ,0,0,False,False
2018|01|SZ_A|04|002829.SZ,2018,1,SZ_A,4,002829.SZ,0,0,False,False
2018|01|SZ_A|05|000697.SZ,2018,1,SZ_A,5,000697.SZ,0,0,False,False
2018|01|SZ_A|06|000668.SZ,2018,1,SZ_A,6,000668.SZ,0,0,False,False
2018|01|SZ_A|07|002513.SZ,2018,1,SZ_A,7,002513.SZ,0,0,False,False
2018|01|SZ_A|08|300175.SZ,2018,1,SZ_A,8,300175.SZ,0,0,False,False
2018|01|SZ_A|09|002376.SZ,2018,1,SZ_A,9,002376.SZ,0,0,False,False
2018|01|SZ_A|10|002570.SZ,2018,1,SZ_A,10,002570.SZ,0,0,False,False
2018|02|ALL_A|01|300384.SZ,2018,2,ALL_A,1,300384.SZ,0,0,False,False
2018|02|ALL_A|02|600888.SH,2018,2,ALL_A,2,600888.SH,0,0,False,False
2018|02|ALL_A|03|002183.SZ,2018,2,ALL_A,3,002183.SZ,0,0,False,False
2018|02|ALL_A|04|002583.SZ,2018,2,ALL_A,4,002583.SZ,0,0,False,False
2018|02|ALL_A|05|300483.SZ,2018,2,ALL_A,5,300483.SZ,0,0,False,False
2018|02|ALL_A|06|603260.SH,2018,2,ALL_A,6,603260.SH,0,0,False,False
2018|02|ALL_A|07|002631.SZ,2018,2,ALL_A,7,002631.SZ,0,0,False,False
2018|02|ALL_A|08|002531.SZ,2018,2,ALL_A,8,002531.SZ,1,1,False,False
2018|02|ALL_A|09|600403.SH,2018,2,ALL_A,9,600403.SH,2,2,True,True
2018|02|ALL_A|10|002733.SZ,2018,2,ALL_A,10,002733.SZ,3,3,True,True
2018|02|CHINEXT_BOARD|01|300583.SZ,2018,2,CHINEXT_BOARD,1,300583.SZ,0,0,False,False
2018|02|CHINEXT_BOARD|02|300475.SZ,2018,2,CHINEXT_BOARD,2,300475.SZ,0,0,False,False
2018|02|CHINEXT_BOARD|03|300730.SZ,2018,2,CHINEXT_BOARD,3,300730.SZ,0,0,False,False
2018|02|CHINEXT_BOARD|04|300385.SZ,2018,2,CHINEXT_BOARD,4,300385.SZ,0,0,False,False
2018|02|CHINEXT_BOARD|05|300685.SZ,2018,2,CHINEXT_BOARD,5,300685.SZ,0,0,False,False
2018|02|CHINEXT_BOARD|06|300616.SZ,2018,2,CHINEXT_BOARD,6,300616.SZ,0,0,False,False
2018|02|CHINEXT_BOARD|07|300589.SZ,2018,2,CHINEXT_BOARD,7,300589.SZ,0,0,False,False
2018|02|CHINEXT_BOARD|08|300384.SZ,2018,2,CHINEXT_BOARD,8,300384.SZ,0,0,False,False
2018|02|CHINEXT_BOARD|09|300163.SZ,2018,2,CHINEXT_BOARD,9,300163.SZ,2,2,True,True
2018|02|CHINEXT_BOARD|10|300496.SZ,2018,2,CHINEXT_BOARD,10,300496.SZ,0,0,False,False
2018|02|SH_A|01|601229.SH,2018,2,SH_A,1,601229.SH,0,0,False,False
2018|02|SH_A|02|601901.SH,2018,2,SH_A,2,601901.SH,1,1,False,False
2018|02|SH_A|03|601168.SH,2018,2,SH_A,3,601168.SH,0,0,False,False
2018|02|SH_A|04|600600.SH,2018,2,SH_A,4,600600.SH,0,0,False,False
2018|02|SH_A|05|603966.SH,2018,2,SH_A,5,603966.SH,0,0,False,False
2018|02|SH_A|06|603801.SH,2018,2,SH_A,6,603801.SH,0,0,False,False
2018|02|SH_A|07|600284.SH,2018,2,SH_A,7,600284.SH,0,0,False,False
2018|02|SH_A|08|600696.SH,2018,2,SH_A,8,600696.SH,0,0,False,False
2018|02|SH_A|09|603032.SH,2018,2,SH_A,9,603032.SH,5,2,True,True
2018|02|SH_A|10|600715.SH,2018,2,SH_A,10,600715.SH,3,1,True,False
2018|02|SZ_A|01|002598.SZ,2018,2,SZ_A,1,002598.SZ,0,0,False,False
2018|02|SZ_A|02|002791.SZ,2018,2,SZ_A,2,002791.SZ,2,2,True,True
2018|02|SZ_A|03|002727.SZ,2018,2,SZ_A,3,002727.SZ,0,0,False,False
2018|02|SZ_A|04|300245.SZ,2018,2,SZ_A,4,300245.SZ,0,0,False,False
2018|02|SZ_A|05|002415.SZ,2018,2,SZ_A,5,002415.SZ,2,1,True,False
2018|02|SZ_A|06|002688.SZ,2018,2,SZ_A,6,002688.SZ,0,0,False,False
2018|02|SZ_A|07|002404.SZ,2018,2,SZ_A,7,002404.SZ,0,0,False,False
2018|02|SZ_A|08|002694.SZ,2018,2,SZ_A,8,002694.SZ,2,0,True,False
2018|02|SZ_A|09|002364.SZ,2018,2,SZ_A,9,002364.SZ,0,0,False,False
2018|02|SZ_A|10|002545.SZ,2018,2,SZ_A,10,002545.SZ,2,2,True,True
2018|03|ALL_A|01|000638.SZ,2018,3,ALL_A,1,000638.SZ,0,0,False,False
2018|03|ALL_A|02|300688.SZ,2018,3,ALL_A,2,300688.SZ,0,0,False,False
2018|03|ALL_A|03|002681.SZ,2018,3,ALL_A,3,002681.SZ,0,0,False,False
2018|03|ALL_A|04|000581.SZ,2018,3,ALL_A,4,000581.SZ,0,0,False,False
2018|03|ALL_A|05|000538.SZ,2018,3,ALL_A,5,000538.SZ,0,0,False,False
2018|03|ALL_A|06|600983.SH,2018,3,ALL_A,6,600983.SH,0,0,False,False
2018|03|ALL_A|07|002846.SZ,2018,3,ALL_A,7,002846.SZ,0,0,False,False
2018|03|ALL_A|08|002624.SZ,2018,3,ALL_A,8,002624.SZ,0,0,False,False
2018|03|ALL_A|09|000068.SZ,2018,3,ALL_A,9,000068.SZ,0,0,False,False
2018|03|ALL_A|10|300201.SZ,2018,3,ALL_A,10,300201.SZ,3,2,True,True
2018|03|CHINEXT_BOARD|01|300573.SZ,2018,3,CHINEXT_BOARD,1,300573.SZ,0,0,False,False
2018|03|CHINEXT_BOARD|02|300729.SZ,2018,3,CHINEXT_BOARD,2,300729.SZ,0,0,False,False
2018|03|CHINEXT_BOARD|03|300553.SZ,2018,3,CHINEXT_BOARD,3,300553.SZ,0,0,False,False
2018|03|CHINEXT_BOARD|04|300057.SZ,2018,3,CHINEXT_BOARD,4,300057.SZ,0,0,False,False
2018|03|CHINEXT_BOARD|05|300203.SZ,2018,3,CHINEXT_BOARD,5,300203.SZ,2,2,True,True
2018|03|CHINEXT_BOARD|06|300558.SZ,2018,3,CHINEXT_BOARD,6,300558.SZ,0,0,False,False
2018|03|CHINEXT_BOARD|07|300093.SZ,2018,3,CHINEXT_BOARD,7,300093.SZ,0,0,False,False
2018|03|CHINEXT_BOARD|08|300719.SZ,2018,3,CHINEXT_BOARD,8,300719.SZ,0,0,False,False
2018|03|CHINEXT_BOARD|09|300523.SZ,2018,3,CHINEXT_BOARD,9,300523.SZ,0,0,False,False
2018|03|CHINEXT_BOARD|10|300160.SZ,2018,3,CHINEXT_BOARD,10,300160.SZ,2,1,True,False
2018|03|SH_A|01|600667.SH,2018,3,SH_A,1,600667.SH,0,0,False,False
2018|03|SH_A|02|600651.SH,2018,3,SH_A,2,600651.SH,3,3,True,True
2018|03|SH_A|03|601899.SH,2018,3,SH_A,3,601899.SH,2,2,True,True
2018|03|SH_A|04|600547.SH,2018,3,SH_A,4,600547.SH,1,1,False,False
2018|03|SH_A|05|600496.SH,2018,3,SH_A,5,600496.SH,1,1,False,False
2018|03|SH_A|06|603036.SH,2018,3,SH_A,6,603036.SH,0,0,False,False
2018|03|SH_A|07|603566.SH,2018,3,SH_A,7,603566.SH,0,0,False,False
2018|03|SH_A|08|600503.SH,2018,3,SH_A,8,600503.SH,4,3,True,True
2018|03|SH_A|09|600717.SH,2018,3,SH_A,9,600717.SH,0,0,False,False
2018|03|SH_A|10|601969.SH,2018,3,SH_A,10,601969.SH,0,0,False,False
2018|03|SZ_A|01|300710.SZ,2018,3,SZ_A,1,300710.SZ,0,0,False,False
2018|03|SZ_A|02|002808.SZ,2018,3,SZ_A,2,002808.SZ,0,0,False,False
2018|03|SZ_A|03|000767.SZ,2018,3,SZ_A,3,000767.SZ,0,0,False,False
2018|03|SZ_A|04|002275.SZ,2018,3,SZ_A,4,002275.SZ,0,0,False,False
2018|03|SZ_A|05|002916.SZ,2018,3,SZ_A,5,002916.SZ,0,0,False,False
2018|03|SZ_A|06|300289.SZ,2018,3,SZ_A,6,300289.SZ,1,1,False,False
2018|03|SZ_A|07|300678.SZ,2018,3,SZ_A,7,300678.SZ,0,0,False,False
2018|03|SZ_A|08|300496.SZ,2018,3,SZ_A,8,300496.SZ,1,1,False,False
2018|03|SZ_A|09|002752.SZ,2018,3,SZ_A,9,002752.SZ,0,0,False,False
2018|03|SZ_A|10|300148.SZ,2018,3,SZ_A,10,300148.SZ,0,0,False,False
2018|04|ALL_A|01|600628.SH,2018,4,ALL_A,1,600628.SH,0,0,False,False
2018|04|ALL_A|02|002250.SZ,2018,4,ALL_A,2,002250.SZ,1,1,False,False
2018|04|ALL_A|03|002340.SZ,2018,4,ALL_A,3,002340.SZ,0,0,False,False
2018|04|ALL_A|04|002421.SZ,2018,4,ALL_A,4,002421.SZ,1,1,False,False
2018|04|ALL_A|05|300046.SZ,2018,4,ALL_A,5,300046.SZ,0,0,False,False
2018|04|ALL_A|06|002622.SZ,2018,4,ALL_A,6,002622.SZ,0,0,False,False
2018|04|ALL_A|07|600560.SH,2018,4,ALL_A,7,600560.SH,0,0,False,False
2018|04|ALL_A|08|600971.SH,2018,4,ALL_A,8,600971.SH,0,0,False,False
2018|04|ALL_A|09|002616.SZ,2018,4,ALL_A,9,002616.SZ,0,0,False,False
2018|04|ALL_A|10|000503.SZ,2018,4,ALL_A,10,000503.SZ,1,1,False,False
2018|04|CHINEXT_BOARD|01|300705.SZ,2018,4,CHINEXT_BOARD,1,300705.SZ,0,0,False,False
2018|04|CHINEXT_BOARD|02|300307.SZ,2018,4,CHINEXT_BOARD,2,300307.SZ,0,0,False,False
2018|04|CHINEXT_BOARD|03|300606.SZ,2018,4,CHINEXT_BOARD,3,300606.SZ,0,0,False,False
2018|04|CHINEXT_BOARD|04|300483.SZ,2018,4,CHINEXT_BOARD,4,300483.SZ,0,0,False,False
2018|04|CHINEXT_BOARD|05|300536.SZ,2018,4,CHINEXT_BOARD,5,300536.SZ,0,0,False,False
2018|04|CHINEXT_BOARD|06|300043.SZ,2018,4,CHINEXT_BOARD,6,300043.SZ,0,0,False,False
2018|04|CHINEXT_BOARD|07|300416.SZ,2018,4,CHINEXT_BOARD,7,300416.SZ,1,1,False,False
2018|04|CHINEXT_BOARD|08|300143.SZ,2018,4,CHINEXT_BOARD,8,300143.SZ,1,1,False,False
2018|04|CHINEXT_BOARD|09|300074.SZ,2018,4,CHINEXT_BOARD,9,300074.SZ,4,2,True,True
2018|04|CHINEXT_BOARD|10|300124.SZ,2018,4,CHINEXT_BOARD,10,300124.SZ,0,0,False,False
2018|04|SH_A|01|603186.SH,2018,4,SH_A,1,603186.SH,0,0,False,False
2018|04|SH_A|02|600765.SH,2018,4,SH_A,2,600765.SH,2,2,True,True
2018|04|SH_A|03|603305.SH,2018,4,SH_A,3,603305.SH,1,1,False,False
2018|04|SH_A|04|600329.SH,2018,4,SH_A,4,600329.SH,0,0,False,False
2018|04|SH_A|05|603108.SH,2018,4,SH_A,5,603108.SH,0,0,False,False
2018|04|SH_A|06|600339.SH,2018,4,SH_A,6,600339.SH,0,0,False,False
2018|04|SH_A|07|601158.SH,2018,4,SH_A,7,601158.SH,0,0,False,False
2018|04|SH_A|08|600509.SH,2018,4,SH_A,8,600509.SH,0,0,False,False
2018|04|SH_A|09|603367.SH,2018,4,SH_A,9,603367.SH,0,0,False,False
2018|04|SH_A|10|600353.SH,2018,4,SH_A,10,600353.SH,0,0,False,False
2018|04|SZ_A|01|300334.SZ,2018,4,SZ_A,1,300334.SZ,0,0,False,False
2018|04|SZ_A|02|300245.SZ,2018,4,SZ_A,2,300245.SZ,2,1,True,False
2018|04|SZ_A|03|300003.SZ,2018,4,SZ_A,3,300003.SZ,0,0,False,False
2018|04|SZ_A|04|002151.SZ,2018,4,SZ_A,4,002151.SZ,0,0,False,False
2018|04|SZ_A|05|300099.SZ,2018,4,SZ_A,5,300099.SZ,0,0,False,False
2018|04|SZ_A|06|002213.SZ,2018,4,SZ_A,6,002213.SZ,0,0,False,False
2018|04|SZ_A|07|002414.SZ,2018,4,SZ_A,7,002414.SZ,0,0,False,False
2018|04|SZ_A|08|300092.SZ,2018,4,SZ_A,8,300092.SZ,0,0,False,False
2018|04|SZ_A|09|300657.SZ,2018,4,SZ_A,9,300657.SZ,0,0,False,False
2018|04|SZ_A|10|002895.SZ,2018,4,SZ_A,10,002895.SZ,0,0,False,False
2018|05|ALL_A|01|002115.SZ,2018,5,ALL_A,1,002115.SZ,0,0,False,False
2018|05|ALL_A|02|600373.SH,2018,5,ALL_A,2,600373.SH,0,0,False,False
2018|05|ALL_A|03|601700.SH,2018,5,ALL_A,3,601700.SH,0,0,False,False
2018|05|ALL_A|04|300499.SZ,2018,5,ALL_A,4,300499.SZ,2,2,True,True
2018|05|ALL_A|05|603766.SH,2018,5,ALL_A,5,603766.SH,0,0,False,False
2018|05|ALL_A|06|600903.SH,2018,5,ALL_A,6,600903.SH,0,0,False,False
2018|05|ALL_A|07|300527.SZ,2018,5,ALL_A,7,300527.SZ,3,3,True,True
2018|05|ALL_A|08|002616.SZ,2018,5,ALL_A,8,002616.SZ,0,0,False,False
2018|05|ALL_A|09|600596.SH,2018,5,ALL_A,9,600596.SH,0,0,False,False
2018|05|ALL_A|10|002921.SZ,2018,5,ALL_A,10,002921.SZ,0,0,False,False
2018|05|CHINEXT_BOARD|01|300328.SZ,2018,5,CHINEXT_BOARD,1,300328.SZ,0,0,False,False
2018|05|CHINEXT_BOARD|02|300412.SZ,2018,5,CHINEXT_BOARD,2,300412.SZ,0,0,False,False
2018|05|CHINEXT_BOARD|03|300523.SZ,2018,5,CHINEXT_BOARD,3,300523.SZ,3,3,True,True
2018|05|CHINEXT_BOARD|04|300428.SZ,2018,5,CHINEXT_BOARD,4,300428.SZ,0,0,False,False
2018|05|CHINEXT_BOARD|05|300675.SZ,2018,5,CHINEXT_BOARD,5,300675.SZ,0,0,False,False
2018|05|CHINEXT_BOARD|06|300271.SZ,2018,5,CHINEXT_BOARD,6,300271.SZ,1,1,False,False
2018|05|CHINEXT_BOARD|07|300409.SZ,2018,5,CHINEXT_BOARD,7,300409.SZ,0,0,False,False
2018|05|CHINEXT_BOARD|08|300352.SZ,2018,5,CHINEXT_BOARD,8,300352.SZ,0,0,False,False
2018|05|CHINEXT_BOARD|09|300668.SZ,2018,5,CHINEXT_BOARD,9,300668.SZ,0,0,False,False
2018|05|CHINEXT_BOARD|10|300562.SZ,2018,5,CHINEXT_BOARD,10,300562.SZ,0,0,False,False
2018|05|SH_A|01|601218.SH,2018,5,SH_A,1,601218.SH,0,0,False,False
2018|05|SH_A|02|600548.SH,2018,5,SH_A,2,600548.SH,0,0,False,False
2018|05|SH_A|03|600694.SH,2018,5,SH_A,3,600694.SH,0,0,False,False
2018|05|SH_A|04|600990.SH,2018,5,SH_A,4,600990.SH,0,0,False,False
2018|05|SH_A|05|603228.SH,2018,5,SH_A,5,603228.SH,0,0,False,False
2018|05|SH_A|06|603758.SH,2018,5,SH_A,6,603758.SH,0,0,False,False
2018|05|SH_A|07|603159.SH,2018,5,SH_A,7,603159.SH,0,0,False,False
2018|05|SH_A|08|600753.SH,2018,5,SH_A,8,600753.SH,0,0,False,False
2018|05|SH_A|09|603993.SH,2018,5,SH_A,9,603993.SH,0,0,False,False
2018|05|SH_A|10|603218.SH,2018,5,SH_A,10,603218.SH,0,0,False,False
2018|05|SZ_A|01|002277.SZ,2018,5,SZ_A,1,002277.SZ,0,0,False,False
2018|05|SZ_A|02|300012.SZ,2018,5,SZ_A,2,300012.SZ,0,0,False,False
2018|05|SZ_A|03|002705.SZ,2018,5,SZ_A,3,002705.SZ,0,0,False,False
2018|05|SZ_A|04|002092.SZ,2018,5,SZ_A,4,002092.SZ,0,0,False,False
2018|05|SZ_A|05|000901.SZ,2018,5,SZ_A,5,000901.SZ,0,0,False,False
2018|05|SZ_A|06|002335.SZ,2018,5,SZ_A,6,002335.SZ,0,0,False,False
2018|05|SZ_A|07|002460.SZ,2018,5,SZ_A,7,002460.SZ,0,0,False,False
2018|05|SZ_A|08|002869.SZ,2018,5,SZ_A,8,002869.SZ,3,3,True,True
2018|05|SZ_A|09|002156.SZ,2018,5,SZ_A,9,002156.SZ,0,0,False,False
2018|05|SZ_A|10|002221.SZ,2018,5,SZ_A,10,002221.SZ,0,0,False,False
2018|06|ALL_A|01|601038.SH,2018,6,ALL_A,1,601038.SH,0,0,False,False
2018|06|ALL_A|02|300296.SZ,2018,6,ALL_A,2,300296.SZ,1,0,False,False
2018|06|ALL_A|03|000828.SZ,2018,6,ALL_A,3,000828.SZ,2,1,True,False
2018|06|ALL_A|04|603377.SH,2018,6,ALL_A,4,603377.SH,0,0,False,False
2018|06|ALL_A|05|300637.SZ,2018,6,ALL_A,5,300637.SZ,0,0,False,False
2018|06|ALL_A|06|300174.SZ,2018,6,ALL_A,6,300174.SZ,1,1,False,False
2018|06|ALL_A|07|300629.SZ,2018,6,ALL_A,7,300629.SZ,0,0,False,False
2018|06|ALL_A|08|600830.SH,2018,6,ALL_A,8,600830.SH,0,0,False,False
2018|06|ALL_A|09|600843.SH,2018,6,ALL_A,9,600843.SH,1,1,False,False
2018|06|ALL_A|10|000404.SZ,2018,6,ALL_A,10,000404.SZ,1,1,False,False
2018|06|CHINEXT_BOARD|01|300024.SZ,2018,6,CHINEXT_BOARD,1,300024.SZ,0,0,False,False
2018|06|CHINEXT_BOARD|02|300007.SZ,2018,6,CHINEXT_BOARD,2,300007.SZ,0,0,False,False
2018|06|CHINEXT_BOARD|03|300096.SZ,2018,6,CHINEXT_BOARD,3,300096.SZ,3,2,True,True
2018|06|CHINEXT_BOARD|04|300351.SZ,2018,6,CHINEXT_BOARD,4,300351.SZ,1,1,False,False
2018|06|CHINEXT_BOARD|05|300474.SZ,2018,6,CHINEXT_BOARD,5,300474.SZ,0,0,False,False
2018|06|CHINEXT_BOARD|06|300314.SZ,2018,6,CHINEXT_BOARD,6,300314.SZ,0,0,False,False
2018|06|CHINEXT_BOARD|07|300172.SZ,2018,6,CHINEXT_BOARD,7,300172.SZ,0,0,False,False
2018|06|CHINEXT_BOARD|08|300221.SZ,2018,6,CHINEXT_BOARD,8,300221.SZ,1,1,False,False
2018|06|CHINEXT_BOARD|09|300567.SZ,2018,6,CHINEXT_BOARD,9,300567.SZ,0,0,False,False
2018|06|CHINEXT_BOARD|10|300465.SZ,2018,6,CHINEXT_BOARD,10,300465.SZ,0,0,False,False
2018|06|SH_A|01|600778.SH,2018,6,SH_A,1,600778.SH,0,0,False,False
2018|06|SH_A|02|603393.SH,2018,6,SH_A,2,603393.SH,0,0,False,False
2018|06|SH_A|03|603712.SH,2018,6,SH_A,3,603712.SH,0,0,False,False
2018|06|SH_A|04|600969.SH,2018,6,SH_A,4,600969.SH,1,1,False,False
2018|06|SH_A|05|600329.SH,2018,6,SH_A,5,600329.SH,0,0,False,False
2018|06|SH_A|06|603259.SH,2018,6,SH_A,6,603259.SH,0,0,False,False
2018|06|SH_A|07|600100.SH,2018,6,SH_A,7,600100.SH,0,0,False,False
2018|06|SH_A|08|600790.SH,2018,6,SH_A,8,600790.SH,1,1,False,False
2018|06|SH_A|09|603609.SH,2018,6,SH_A,9,603609.SH,1,1,False,False
2018|06|SH_A|10|600371.SH,2018,6,SH_A,10,600371.SH,0,0,False,False
2018|06|SZ_A|01|000905.SZ,2018,6,SZ_A,1,000905.SZ,0,0,False,False
2018|06|SZ_A|02|000998.SZ,2018,6,SZ_A,2,000998.SZ,3,3,True,True
2018|06|SZ_A|03|300477.SZ,2018,6,SZ_A,3,300477.SZ,0,0,False,False
2018|06|SZ_A|04|300527.SZ,2018,6,SZ_A,4,300527.SZ,1,1,False,False
2018|06|SZ_A|05|002012.SZ,2018,6,SZ_A,5,002012.SZ,0,0,False,False
2018|06|SZ_A|06|002364.SZ,2018,6,SZ_A,6,002364.SZ,0,0,False,False
2018|06|SZ_A|07|000869.SZ,2018,6,SZ_A,7,000869.SZ,0,0,False,False
2018|06|SZ_A|08|002064.SZ,2018,6,SZ_A,8,002064.SZ,0,0,False,False
2018|06|SZ_A|09|002377.SZ,2018,6,SZ_A,9,002377.SZ,1,1,False,False
2018|06|SZ_A|10|000665.SZ,2018,6,SZ_A,10,000665.SZ,2,2,True,True
2018|07|ALL_A|01|601007.SH,2018,7,ALL_A,1,601007.SH,2,1,True,False
2018|07|ALL_A|02|300217.SZ,2018,7,ALL_A,2,300217.SZ,2,2,True,True
2018|07|ALL_A|03|300634.SZ,2018,7,ALL_A,3,300634.SZ,2,1,True,False
2018|07|ALL_A|04|002427.SZ,2018,7,ALL_A,4,002427.SZ,0,0,False,False
2018|07|ALL_A|05|300337.SZ,2018,7,ALL_A,5,300337.SZ,4,3,True,True
2018|07|ALL_A|06|600298.SH,2018,7,ALL_A,6,600298.SH,0,0,False,False
2018|07|ALL_A|07|000078.SZ,2018,7,ALL_A,7,000078.SZ,2,1,True,False
2018|07|ALL_A|08|000993.SZ,2018,7,ALL_A,8,000993.SZ,2,1,True,False
2018|07|ALL_A|09|601801.SH,2018,7,ALL_A,9,601801.SH,2,2,True,True
2018|07|ALL_A|10|002228.SZ,2018,7,ALL_A,10,002228.SZ,3,2,True,True
2018|07|CHINEXT_BOARD|01|300193.SZ,2018,7,CHINEXT_BOARD,1,300193.SZ,0,0,False,False
2018|07|CHINEXT_BOARD|02|300448.SZ,2018,7,CHINEXT_BOARD,2,300448.SZ,2,2,True,True
2018|07|CHINEXT_BOARD|03|300606.SZ,2018,7,CHINEXT_BOARD,3,300606.SZ,2,1,True,False
2018|07|CHINEXT_BOARD|04|300398.SZ,2018,7,CHINEXT_BOARD,4,300398.SZ,3,2,True,True
2018|07|CHINEXT_BOARD|05|300482.SZ,2018,7,CHINEXT_BOARD,5,300482.SZ,2,1,True,False
2018|07|CHINEXT_BOARD|06|300548.SZ,2018,7,CHINEXT_BOARD,6,300548.SZ,1,1,False,False
2018|07|CHINEXT_BOARD|07|300449.SZ,2018,7,CHINEXT_BOARD,7,300449.SZ,2,2,True,True
2018|07|CHINEXT_BOARD|08|300302.SZ,2018,7,CHINEXT_BOARD,8,300302.SZ,3,1,True,False
2018|07|CHINEXT_BOARD|09|300043.SZ,2018,7,CHINEXT_BOARD,9,300043.SZ,3,2,True,True
2018|07|CHINEXT_BOARD|10|300416.SZ,2018,7,CHINEXT_BOARD,10,300416.SZ,4,4,True,True
2018|07|SH_A|01|600326.SH,2018,7,SH_A,1,600326.SH,0,0,False,False
2018|07|SH_A|02|603335.SH,2018,7,SH_A,2,603335.SH,2,0,True,False
2018|07|SH_A|03|603028.SH,2018,7,SH_A,3,603028.SH,2,2,True,True
2018|07|SH_A|04|600391.SH,2018,7,SH_A,4,600391.SH,3,2,True,True
2018|07|SH_A|05|603316.SH,2018,7,SH_A,5,603316.SH,2,2,True,True
2018|07|SH_A|06|603166.SH,2018,7,SH_A,6,603166.SH,2,1,True,False
2018|07|SH_A|07|603789.SH,2018,7,SH_A,7,603789.SH,1,1,False,False
2018|07|SH_A|08|600353.SH,2018,7,SH_A,8,600353.SH,4,3,True,True
2018|07|SH_A|09|603108.SH,2018,7,SH_A,9,603108.SH,3,2,True,True
2018|07|SH_A|10|600962.SH,2018,7,SH_A,10,600962.SH,3,2,True,True
2018|07|SZ_A|01|002577.SZ,2018,7,SZ_A,1,002577.SZ,2,0,True,False
2018|07|SZ_A|02|002069.SZ,2018,7,SZ_A,2,002069.SZ,4,3,True,True
2018|07|SZ_A|03|300648.SZ,2018,7,SZ_A,3,300648.SZ,2,1,True,False
2018|07|SZ_A|04|002441.SZ,2018,7,SZ_A,4,002441.SZ,2,1,True,False
2018|07|SZ_A|05|000852.SZ,2018,7,SZ_A,5,000852.SZ,1,0,False,False
2018|07|SZ_A|06|002263.SZ,2018,7,SZ_A,6,002263.SZ,4,1,True,False
2018|07|SZ_A|07|300032.SZ,2018,7,SZ_A,7,300032.SZ,3,2,True,True
2018|07|SZ_A|08|002133.SZ,2018,7,SZ_A,8,002133.SZ,2,1,True,False
2018|07|SZ_A|09|002879.SZ,2018,7,SZ_A,9,002879.SZ,2,2,True,True
2018|07|SZ_A|10|000848.SZ,2018,7,SZ_A,10,000848.SZ,2,2,True,True
2018|08|ALL_A|01|002820.SZ,2018,8,ALL_A,1,002820.SZ,0,0,False,False
2018|08|ALL_A|02|600212.SH,2018,8,ALL_A,2,600212.SH,0,0,False,False
2018|08|ALL_A|03|600405.SH,2018,8,ALL_A,3,600405.SH,0,0,False,False
2018|08|ALL_A|04|600377.SH,2018,8,ALL_A,4,600377.SH,0,0,False,False
2018|08|ALL_A|05|000862.SZ,2018,8,ALL_A,5,000862.SZ,0,0,False,False
2018|08|ALL_A|06|600346.SH,2018,8,ALL_A,6,600346.SH,0,0,False,False
2018|08|ALL_A|07|600425.SH,2018,8,ALL_A,7,600425.SH,0,0,False,False
2018|08|ALL_A|08|000593.SZ,2018,8,ALL_A,8,000593.SZ,0,0,False,False
2018|08|ALL_A|09|300146.SZ,2018,8,ALL_A,9,300146.SZ,0,0,False,False
2018|08|ALL_A|10|300059.SZ,2018,8,ALL_A,10,300059.SZ,0,0,False,False
2018|08|CHINEXT_BOARD|01|300509.SZ,2018,8,CHINEXT_BOARD,1,300509.SZ,0,0,False,False
2018|08|CHINEXT_BOARD|02|300641.SZ,2018,8,CHINEXT_BOARD,2,300641.SZ,0,0,False,False
2018|08|CHINEXT_BOARD|03|300140.SZ,2018,8,CHINEXT_BOARD,3,300140.SZ,0,0,False,False
2018|08|CHINEXT_BOARD|04|300083.SZ,2018,8,CHINEXT_BOARD,4,300083.SZ,0,0,False,False
2018|08|CHINEXT_BOARD|05|300713.SZ,2018,8,CHINEXT_BOARD,5,300713.SZ,0,0,False,False
2018|08|CHINEXT_BOARD|06|300699.SZ,2018,8,CHINEXT_BOARD,6,300699.SZ,0,0,False,False
2018|08|CHINEXT_BOARD|07|300306.SZ,2018,8,CHINEXT_BOARD,7,300306.SZ,0,0,False,False
2018|08|CHINEXT_BOARD|08|300092.SZ,2018,8,CHINEXT_BOARD,8,300092.SZ,0,0,False,False
2018|08|CHINEXT_BOARD|09|300638.SZ,2018,8,CHINEXT_BOARD,9,300638.SZ,0,0,False,False
2018|08|CHINEXT_BOARD|10|300020.SZ,2018,8,CHINEXT_BOARD,10,300020.SZ,0,0,False,False
2018|08|SH_A|01|603025.SH,2018,8,SH_A,1,603025.SH,0,0,False,False
2018|08|SH_A|02|601168.SH,2018,8,SH_A,2,601168.SH,0,0,False,False
2018|08|SH_A|03|600798.SH,2018,8,SH_A,3,600798.SH,0,0,False,False
2018|08|SH_A|04|600133.SH,2018,8,SH_A,4,600133.SH,0,0,False,False
2018|08|SH_A|05|600828.SH,2018,8,SH_A,5,600828.SH,0,0,False,False
2018|08|SH_A|06|601107.SH,2018,8,SH_A,6,601107.SH,0,0,False,False
2018|08|SH_A|07|600208.SH,2018,8,SH_A,7,600208.SH,0,0,False,False
2018|08|SH_A|08|600590.SH,2018,8,SH_A,8,600590.SH,0,0,False,False
2018|08|SH_A|09|601618.SH,2018,8,SH_A,9,601618.SH,0,0,False,False
2018|08|SH_A|10|603766.SH,2018,8,SH_A,10,603766.SH,0,0,False,False
2018|08|SZ_A|01|002755.SZ,2018,8,SZ_A,1,002755.SZ,0,0,False,False
2018|08|SZ_A|02|300584.SZ,2018,8,SZ_A,2,300584.SZ,0,0,False,False
2018|08|SZ_A|03|300193.SZ,2018,8,SZ_A,3,300193.SZ,0,0,False,False
2018|08|SZ_A|04|002437.SZ,2018,8,SZ_A,4,002437.SZ,0,0,False,False
2018|08|SZ_A|05|002548.SZ,2018,8,SZ_A,5,002548.SZ,0,0,False,False
2018|08|SZ_A|06|002666.SZ,2018,8,SZ_A,6,002666.SZ,0,0,False,False
2018|08|SZ_A|07|002863.SZ,2018,8,SZ_A,7,002863.SZ,0,0,False,False
2018|08|SZ_A|08|002627.SZ,2018,8,SZ_A,8,002627.SZ,0,0,False,False
2018|08|SZ_A|09|000056.SZ,2018,8,SZ_A,9,000056.SZ,0,0,False,False
2018|08|SZ_A|10|000893.SZ,2018,8,SZ_A,10,000893.SZ,2,2,True,True
2019|01|ALL_A|01|601168.SH,2019,1,ALL_A,1,601168.SH,0,0,False,False
2019|01|ALL_A|02|000596.SZ,2019,1,ALL_A,2,000596.SZ,0,0,False,False
2019|01|ALL_A|03|600207.SH,2019,1,ALL_A,3,600207.SH,0,0,False,False
2019|01|ALL_A|04|002326.SZ,2019,1,ALL_A,4,002326.SZ,0,0,False,False
2019|01|ALL_A|05|600610.SH,2019,1,ALL_A,5,600610.SH,0,0,False,False
2019|01|ALL_A|06|002736.SZ,2019,1,ALL_A,6,002736.SZ,0,0,False,False
2019|01|ALL_A|07|603345.SH,2019,1,ALL_A,7,603345.SH,0,0,False,False
2019|01|ALL_A|08|601857.SH,2019,1,ALL_A,8,601857.SH,0,0,False,False
2019|01|ALL_A|09|603012.SH,2019,1,ALL_A,9,603012.SH,0,0,False,False
2019|01|ALL_A|10|300633.SZ,2019,1,ALL_A,10,300633.SZ,0,0,False,False
2019|01|CHINEXT_BOARD|01|300129.SZ,2019,1,CHINEXT_BOARD,1,300129.SZ,0,0,False,False
2019|01|CHINEXT_BOARD|02|300021.SZ,2019,1,CHINEXT_BOARD,2,300021.SZ,0,0,False,False
2019|01|CHINEXT_BOARD|03|300482.SZ,2019,1,CHINEXT_BOARD,3,300482.SZ,0,0,False,False
2019|01|CHINEXT_BOARD|04|300212.SZ,2019,1,CHINEXT_BOARD,4,300212.SZ,0,0,False,False
2019|01|CHINEXT_BOARD|05|300399.SZ,2019,1,CHINEXT_BOARD,5,300399.SZ,0,0,False,False
2019|01|CHINEXT_BOARD|06|300668.SZ,2019,1,CHINEXT_BOARD,6,300668.SZ,0,0,False,False
2019|01|CHINEXT_BOARD|07|300723.SZ,2019,1,CHINEXT_BOARD,7,300723.SZ,0,0,False,False
2019|01|CHINEXT_BOARD|08|300649.SZ,2019,1,CHINEXT_BOARD,8,300649.SZ,0,0,False,False
2019|01|CHINEXT_BOARD|09|300094.SZ,2019,1,CHINEXT_BOARD,9,300094.SZ,0,0,False,False
2019|01|CHINEXT_BOARD|10|300679.SZ,2019,1,CHINEXT_BOARD,10,300679.SZ,0,0,False,False
2019|01|SH_A|01|600638.SH,2019,1,SH_A,1,600638.SH,0,0,False,False
2019|01|SH_A|02|603556.SH,2019,1,SH_A,2,603556.SH,0,0,False,False
2019|01|SH_A|03|603601.SH,2019,1,SH_A,3,603601.SH,0,0,False,False
2019|01|SH_A|04|603590.SH,2019,1,SH_A,4,603590.SH,0,0,False,False
2019|01|SH_A|05|600261.SH,2019,1,SH_A,5,600261.SH,0,0,False,False
2019|01|SH_A|06|600490.SH,2019,1,SH_A,6,600490.SH,0,0,False,False
2019|01|SH_A|07|603387.SH,2019,1,SH_A,7,603387.SH,0,0,False,False
2019|01|SH_A|08|600359.SH,2019,1,SH_A,8,600359.SH,0,0,False,False
2019|01|SH_A|09|603839.SH,2019,1,SH_A,9,603839.SH,0,0,False,False
2019|01|SH_A|10|600051.SH,2019,1,SH_A,10,600051.SH,0,0,False,False
2019|01|SZ_A|01|300708.SZ,2019,1,SZ_A,1,300708.SZ,0,0,False,False
2019|01|SZ_A|02|300445.SZ,2019,1,SZ_A,2,300445.SZ,0,0,False,False
2019|01|SZ_A|03|002487.SZ,2019,1,SZ_A,3,002487.SZ,0,0,False,False
2019|01|SZ_A|04|300618.SZ,2019,1,SZ_A,4,300618.SZ,0,0,False,False
2019|01|SZ_A|05|300265.SZ,2019,1,SZ_A,5,300265.SZ,0,0,False,False
2019|01|SZ_A|06|002535.SZ,2019,1,SZ_A,6,002535.SZ,0,0,False,False
2019|01|SZ_A|07|002658.SZ,2019,1,SZ_A,7,002658.SZ,0,0,False,False
2019|01|SZ_A|08|300710.SZ,2019,1,SZ_A,8,300710.SZ,0,0,False,False
2019|01|SZ_A|09|002077.SZ,2019,1,SZ_A,9,002077.SZ,0,0,False,False
2019|01|SZ_A|10|300243.SZ,2019,1,SZ_A,10,300243.SZ,0,0,False,False
2019|02|ALL_A|01|603185.SH,2019,2,ALL_A,1,603185.SH,1,1,False,False
2019|02|ALL_A|02|600566.SH,2019,2,ALL_A,2,600566.SH,0,0,False,False
2019|02|ALL_A|03|603855.SH,2019,2,ALL_A,3,603855.SH,0,0,False,False
2019|02|ALL_A|04|600408.SH,2019,2,ALL_A,4,600408.SH,0,0,False,False
2019|02|ALL_A|05|000795.SZ,2019,2,ALL_A,5,000795.SZ,0,0,False,False
2019|02|ALL_A|06|000608.SZ,2019,2,ALL_A,6,000608.SZ,0,0,False,False
2019|02|ALL_A|07|002870.SZ,2019,2,ALL_A,7,002870.SZ,1,1,False,False
2019|02|ALL_A|08|600255.SH,2019,2,ALL_A,8,600255.SH,0,0,False,False
2019|02|ALL_A|09|600795.SH,2019,2,ALL_A,9,600795.SH,0,0,False,False
2019|02|ALL_A|10|002402.SZ,2019,2,ALL_A,10,002402.SZ,0,0,False,False
2019|02|CHINEXT_BOARD|01|300471.SZ,2019,2,CHINEXT_BOARD,1,300471.SZ,0,0,False,False
2019|02|CHINEXT_BOARD|02|300110.SZ,2019,2,CHINEXT_BOARD,2,300110.SZ,0,0,False,False
2019|02|CHINEXT_BOARD|03|300629.SZ,2019,2,CHINEXT_BOARD,3,300629.SZ,0,0,False,False
2019|02|CHINEXT_BOARD|04|300265.SZ,2019,2,CHINEXT_BOARD,4,300265.SZ,0,0,False,False
2019|02|CHINEXT_BOARD|05|300228.SZ,2019,2,CHINEXT_BOARD,5,300228.SZ,0,0,False,False
2019|02|CHINEXT_BOARD|06|300071.SZ,2019,2,CHINEXT_BOARD,6,300071.SZ,0,0,False,False
2019|02|CHINEXT_BOARD|07|300016.SZ,2019,2,CHINEXT_BOARD,7,300016.SZ,0,0,False,False
2019|02|CHINEXT_BOARD|08|300109.SZ,2019,2,CHINEXT_BOARD,8,300109.SZ,0,0,False,False
2019|02|CHINEXT_BOARD|09|300553.SZ,2019,2,CHINEXT_BOARD,9,300553.SZ,0,0,False,False
2019|02|CHINEXT_BOARD|10|300171.SZ,2019,2,CHINEXT_BOARD,10,300171.SZ,1,1,False,False
2019|02|SH_A|01|601366.SH,2019,2,SH_A,1,601366.SH,0,0,False,False
2019|02|SH_A|02|603519.SH,2019,2,SH_A,2,603519.SH,0,0,False,False
2019|02|SH_A|03|600527.SH,2019,2,SH_A,3,600527.SH,0,0,False,False
2019|02|SH_A|04|603636.SH,2019,2,SH_A,4,603636.SH,2,2,True,True
2019|02|SH_A|05|600501.SH,2019,2,SH_A,5,600501.SH,0,0,False,False
2019|02|SH_A|06|603165.SH,2019,2,SH_A,6,603165.SH,0,0,False,False
2019|02|SH_A|07|603088.SH,2019,2,SH_A,7,603088.SH,0,0,False,False
2019|02|SH_A|08|603788.SH,2019,2,SH_A,8,603788.SH,0,0,False,False
2019|02|SH_A|09|600801.SH,2019,2,SH_A,9,600801.SH,0,0,False,False
2019|02|SH_A|10|603977.SH,2019,2,SH_A,10,603977.SH,0,0,False,False
2019|02|SZ_A|01|300099.SZ,2019,2,SZ_A,1,300099.SZ,0,0,False,False
2019|02|SZ_A|02|000823.SZ,2019,2,SZ_A,2,000823.SZ,0,0,False,False
2019|02|SZ_A|03|002932.SZ,2019,2,SZ_A,3,002932.SZ,0,0,False,False
2019|02|SZ_A|04|002273.SZ,2019,2,SZ_A,4,002273.SZ,0,0,False,False
2019|02|SZ_A|05|300384.SZ,2019,2,SZ_A,5,300384.SZ,0,0,False,False
2019|02|SZ_A|06|002774.SZ,2019,2,SZ_A,6,002774.SZ,0,0,False,False
2019|02|SZ_A|07|000062.SZ,2019,2,SZ_A,7,000062.SZ,0,0,False,False
2019|02|SZ_A|08|300177.SZ,2019,2,SZ_A,8,300177.SZ,0,0,False,False
2019|02|SZ_A|09|002281.SZ,2019,2,SZ_A,9,002281.SZ,0,0,False,False
2019|02|SZ_A|10|002632.SZ,2019,2,SZ_A,10,002632.SZ,0,0,False,False
2019|03|ALL_A|01|600110.SH,2019,3,ALL_A,1,600110.SH,0,0,False,False
2019|03|ALL_A|02|603901.SH,2019,3,ALL_A,2,603901.SH,0,0,False,False
2019|03|ALL_A|03|002563.SZ,2019,3,ALL_A,3,002563.SZ,0,0,False,False
2019|03|ALL_A|04|002624.SZ,2019,3,ALL_A,4,002624.SZ,1,1,False,False
2019|03|ALL_A|05|600318.SH,2019,3,ALL_A,5,600318.SH,0,0,False,False
2019|03|ALL_A|06|300422.SZ,2019,3,ALL_A,6,300422.SZ,0,0,False,False
2019|03|ALL_A|07|002663.SZ,2019,3,ALL_A,7,002663.SZ,0,0,False,False
2019|03|ALL_A|08|002734.SZ,2019,3,ALL_A,8,002734.SZ,0,0,False,False
2019|03|ALL_A|09|300540.SZ,2019,3,ALL_A,9,300540.SZ,0,0,False,False
2019|03|ALL_A|10|600359.SH,2019,3,ALL_A,10,600359.SH,0,0,False,False
2019|03|CHINEXT_BOARD|01|300363.SZ,2019,3,CHINEXT_BOARD,1,300363.SZ,0,0,False,False
2019|03|CHINEXT_BOARD|02|300633.SZ,2019,3,CHINEXT_BOARD,2,300633.SZ,0,0,False,False
2019|03|CHINEXT_BOARD|03|300136.SZ,2019,3,CHINEXT_BOARD,3,300136.SZ,0,0,False,False
2019|03|CHINEXT_BOARD|04|300647.SZ,2019,3,CHINEXT_BOARD,4,300647.SZ,0,0,False,False
2019|03|CHINEXT_BOARD|05|300659.SZ,2019,3,CHINEXT_BOARD,5,300659.SZ,0,0,False,False
2019|03|CHINEXT_BOARD|06|300195.SZ,2019,3,CHINEXT_BOARD,6,300195.SZ,0,0,False,False
2019|03|CHINEXT_BOARD|07|300671.SZ,2019,3,CHINEXT_BOARD,7,300671.SZ,0,0,False,False
2019|03|CHINEXT_BOARD|08|300445.SZ,2019,3,CHINEXT_BOARD,8,300445.SZ,0,0,False,False
2019|03|CHINEXT_BOARD|09|300087.SZ,2019,3,CHINEXT_BOARD,9,300087.SZ,0,0,False,False
2019|03|CHINEXT_BOARD|10|300729.SZ,2019,3,CHINEXT_BOARD,10,300729.SZ,0,0,False,False
2019|03|SH_A|01|600446.SH,2019,3,SH_A,1,600446.SH,0,0,False,False
2019|03|SH_A|02|603037.SH,2019,3,SH_A,2,603037.SH,0,0,False,False
2019|03|SH_A|03|603169.SH,2019,3,SH_A,3,603169.SH,2,2,True,True
2019|03|SH_A|04|603738.SH,2019,3,SH_A,4,603738.SH,0,0,False,False
2019|03|SH_A|05|600706.SH,2019,3,SH_A,5,600706.SH,0,0,False,False
2019|03|SH_A|06|600585.SH,2019,3,SH_A,6,600585.SH,0,0,False,False
2019|03|SH_A|07|603328.SH,2019,3,SH_A,7,603328.SH,0,0,False,False
2019|03|SH_A|08|600345.SH,2019,3,SH_A,8,600345.SH,0,0,False,False
2019|03|SH_A|09|600426.SH,2019,3,SH_A,9,600426.SH,0,0,False,False
2019|03|SH_A|10|601669.SH,2019,3,SH_A,10,601669.SH,1,1,False,False
2019|03|SZ_A|01|300229.SZ,2019,3,SZ_A,1,300229.SZ,0,0,False,False
2019|03|SZ_A|02|002626.SZ,2019,3,SZ_A,2,002626.SZ,0,0,False,False
2019|03|SZ_A|03|000755.SZ,2019,3,SZ_A,3,000755.SZ,0,0,False,False
2019|03|SZ_A|04|000833.SZ,2019,3,SZ_A,4,000833.SZ,3,3,True,True
2019|03|SZ_A|05|300481.SZ,2019,3,SZ_A,5,300481.SZ,0,0,False,False
2019|03|SZ_A|06|300657.SZ,2019,3,SZ_A,6,300657.SZ,2,1,True,False
2019|03|SZ_A|07|002869.SZ,2019,3,SZ_A,7,002869.SZ,0,0,False,False
2019|03|SZ_A|08|300721.SZ,2019,3,SZ_A,8,300721.SZ,2,2,True,True
2019|03|SZ_A|09|300197.SZ,2019,3,SZ_A,9,300197.SZ,0,0,False,False
2019|03|SZ_A|10|002056.SZ,2019,3,SZ_A,10,002056.SZ,0,0,False,False
2019|04|ALL_A|01|002019.SZ,2019,4,ALL_A,1,002019.SZ,0,0,False,False
2019|04|ALL_A|02|300290.SZ,2019,4,ALL_A,2,300290.SZ,1,1,False,False
2019|04|ALL_A|03|000735.SZ,2019,4,ALL_A,3,000735.SZ,0,0,False,False
2019|04|ALL_A|04|002095.SZ,2019,4,ALL_A,4,002095.SZ,0,0,False,False
2019|04|ALL_A|05|300644.SZ,2019,4,ALL_A,5,300644.SZ,0,0,False,False
2019|04|ALL_A|06|002533.SZ,2019,4,ALL_A,6,002533.SZ,0,0,False,False
2019|04|ALL_A|07|002053.SZ,2019,4,ALL_A,7,002053.SZ,0,0,False,False
2019|04|ALL_A|08|603197.SH,2019,4,ALL_A,8,603197.SH,0,0,False,False
2019|04|ALL_A|09|300021.SZ,2019,4,ALL_A,9,300021.SZ,0,0,False,False
2019|04|ALL_A|10|300102.SZ,2019,4,ALL_A,10,300102.SZ,0,0,False,False
2019|04|CHINEXT_BOARD|01|300047.SZ,2019,4,CHINEXT_BOARD,1,300047.SZ,0,0,False,False
2019|04|CHINEXT_BOARD|02|300612.SZ,2019,4,CHINEXT_BOARD,2,300612.SZ,0,0,False,False
2019|04|CHINEXT_BOARD|03|300139.SZ,2019,4,CHINEXT_BOARD,3,300139.SZ,0,0,False,False
2019|04|CHINEXT_BOARD|04|300254.SZ,2019,4,CHINEXT_BOARD,4,300254.SZ,0,0,False,False
2019|04|CHINEXT_BOARD|05|300190.SZ,2019,4,CHINEXT_BOARD,5,300190.SZ,0,0,False,False
2019|04|CHINEXT_BOARD|06|300648.SZ,2019,4,CHINEXT_BOARD,6,300648.SZ,0,0,False,False
2019|04|CHINEXT_BOARD|07|300227.SZ,2019,4,CHINEXT_BOARD,7,300227.SZ,0,0,False,False
2019|04|CHINEXT_BOARD|08|300548.SZ,2019,4,CHINEXT_BOARD,8,300548.SZ,0,0,False,False
2019|04|CHINEXT_BOARD|09|300454.SZ,2019,4,CHINEXT_BOARD,9,300454.SZ,0,0,False,False
2019|04|CHINEXT_BOARD|10|300599.SZ,2019,4,CHINEXT_BOARD,10,300599.SZ,0,0,False,False
2019|04|SH_A|01|600363.SH,2019,4,SH_A,1,600363.SH,0,0,False,False
2019|04|SH_A|02|600063.SH,2019,4,SH_A,2,600063.SH,0,0,False,False
2019|04|SH_A|03|600998.SH,2019,4,SH_A,3,600998.SH,0,0,False,False
2019|04|SH_A|04|603690.SH,2019,4,SH_A,4,603690.SH,0,0,False,False
2019|04|SH_A|05|603081.SH,2019,4,SH_A,5,603081.SH,0,0,False,False
2019|04|SH_A|06|600892.SH,2019,4,SH_A,6,600892.SH,0,0,False,False
2019|04|SH_A|07|600561.SH,2019,4,SH_A,7,600561.SH,0,0,False,False
2019|04|SH_A|08|603858.SH,2019,4,SH_A,8,603858.SH,0,0,False,False
2019|04|SH_A|09|603113.SH,2019,4,SH_A,9,603113.SH,0,0,False,False
2019|04|SH_A|10|600702.SH,2019,4,SH_A,10,600702.SH,0,0,False,False
2019|04|SZ_A|01|300115.SZ,2019,4,SZ_A,1,300115.SZ,0,0,False,False
2019|04|SZ_A|02|300446.SZ,2019,4,SZ_A,2,300446.SZ,0,0,False,False
2019|04|SZ_A|03|300137.SZ,2019,4,SZ_A,3,300137.SZ,0,0,False,False
2019|04|SZ_A|04|300097.SZ,2019,4,SZ_A,4,300097.SZ,0,0,False,False
2019|04|SZ_A|05|300252.SZ,2019,4,SZ_A,5,300252.SZ,2,2,True,True
2019|04|SZ_A|06|300499.SZ,2019,4,SZ_A,6,300499.SZ,0,0,False,False
2019|04|SZ_A|07|300761.SZ,2019,4,SZ_A,7,300761.SZ,0,0,False,False
2019|04|SZ_A|08|000503.SZ,2019,4,SZ_A,8,000503.SZ,0,0,False,False
2019|04|SZ_A|09|000791.SZ,2019,4,SZ_A,9,000791.SZ,0,0,False,False
2019|04|SZ_A|10|002295.SZ,2019,4,SZ_A,10,002295.SZ,0,0,False,False
2019|05|ALL_A|01|002074.SZ,2019,5,ALL_A,1,002074.SZ,0,0,False,False
2019|05|ALL_A|02|300337.SZ,2019,5,ALL_A,2,300337.SZ,3,3,True,True
2019|05|ALL_A|03|002514.SZ,2019,5,ALL_A,3,002514.SZ,0,0,False,False
2019|05|ALL_A|04|300750.SZ,2019,5,ALL_A,4,300750.SZ,0,0,False,False
2019|05|ALL_A|05|300093.SZ,2019,5,ALL_A,5,300093.SZ,0,0,False,False
2019|05|ALL_A|06|002110.SZ,2019,5,ALL_A,6,002110.SZ,1,0,False,False
2019|05|ALL_A|07|002426.SZ,2019,5,ALL_A,7,002426.SZ,0,0,False,False
2019|05|ALL_A|08|002802.SZ,2019,5,ALL_A,8,002802.SZ,0,0,False,False
2019|05|ALL_A|09|603817.SH,2019,5,ALL_A,9,603817.SH,0,0,False,False
2019|05|ALL_A|10|300449.SZ,2019,5,ALL_A,10,300449.SZ,0,0,False,False
2019|05|CHINEXT_BOARD|01|300587.SZ,2019,5,CHINEXT_BOARD,1,300587.SZ,0,0,False,False
2019|05|CHINEXT_BOARD|02|300440.SZ,2019,5,CHINEXT_BOARD,2,300440.SZ,3,2,True,True
2019|05|CHINEXT_BOARD|03|300741.SZ,2019,5,CHINEXT_BOARD,3,300741.SZ,0,0,False,False
2019|05|CHINEXT_BOARD|04|300380.SZ,2019,5,CHINEXT_BOARD,4,300380.SZ,0,0,False,False
2019|05|CHINEXT_BOARD|05|300218.SZ,2019,5,CHINEXT_BOARD,5,300218.SZ,0,0,False,False
2019|05|CHINEXT_BOARD|06|300492.SZ,2019,5,CHINEXT_BOARD,6,300492.SZ,0,0,False,False
2019|05|CHINEXT_BOARD|07|300233.SZ,2019,5,CHINEXT_BOARD,7,300233.SZ,0,0,False,False
2019|05|CHINEXT_BOARD|08|300019.SZ,2019,5,CHINEXT_BOARD,8,300019.SZ,0,0,False,False
2019|05|CHINEXT_BOARD|09|300288.SZ,2019,5,CHINEXT_BOARD,9,300288.SZ,0,0,False,False
2019|05|CHINEXT_BOARD|10|300762.SZ,2019,5,CHINEXT_BOARD,10,300762.SZ,0,0,False,False
2019|05|SH_A|01|600793.SH,2019,5,SH_A,1,600793.SH,0,0,False,False
2019|05|SH_A|02|603033.SH,2019,5,SH_A,2,603033.SH,0,0,False,False
2019|05|SH_A|03|603027.SH,2019,5,SH_A,3,603027.SH,2,1,True,False
2019|05|SH_A|04|600525.SH,2019,5,SH_A,4,600525.SH,0,0,False,False
2019|05|SH_A|05|600665.SH,2019,5,SH_A,5,600665.SH,4,4,True,True
2019|05|SH_A|06|603015.SH,2019,5,SH_A,6,603015.SH,0,0,False,False
2019|05|SH_A|07|603713.SH,2019,5,SH_A,7,603713.SH,0,0,False,False
2019|05|SH_A|08|600000.SH,2019,5,SH_A,8,600000.SH,0,0,False,False
2019|05|SH_A|09|600773.SH,2019,5,SH_A,9,600773.SH,2,2,True,True
2019|05|SH_A|10|600100.SH,2019,5,SH_A,10,600100.SH,0,0,False,False
2019|05|SZ_A|01|002470.SZ,2019,5,SZ_A,1,002470.SZ,0,0,False,False
2019|05|SZ_A|02|002943.SZ,2019,5,SZ_A,2,002943.SZ,0,0,False,False
2019|05|SZ_A|03|300672.SZ,2019,5,SZ_A,3,300672.SZ,0,0,False,False
2019|05|SZ_A|04|000967.SZ,2019,5,SZ_A,4,000967.SZ,0,0,False,False
2019|05|SZ_A|05|300579.SZ,2019,5,SZ_A,5,300579.SZ,0,0,False,False
2019|05|SZ_A|06|300161.SZ,2019,5,SZ_A,6,300161.SZ,0,0,False,False
2019|05|SZ_A|07|300654.SZ,2019,5,SZ_A,7,300654.SZ,0,0,False,False
2019|05|SZ_A|08|002656.SZ,2019,5,SZ_A,8,002656.SZ,0,0,False,False
2019|05|SZ_A|09|002436.SZ,2019,5,SZ_A,9,002436.SZ,0,0,False,False
2019|05|SZ_A|10|002121.SZ,2019,5,SZ_A,10,002121.SZ,0,0,False,False
2019|06|ALL_A|01|601377.SH,2019,6,ALL_A,1,601377.SH,0,0,False,False
2019|06|ALL_A|02|300601.SZ,2019,6,ALL_A,2,300601.SZ,0,0,False,False
2019|06|ALL_A|03|600929.SH,2019,6,ALL_A,3,600929.SH,0,0,False,False
2019|06|ALL_A|04|002416.SZ,2019,6,ALL_A,4,002416.SZ,0,0,False,False
2019|06|ALL_A|05|600338.SH,2019,6,ALL_A,5,600338.SH,0,0,False,False
2019|06|ALL_A|06|603322.SH,2019,6,ALL_A,6,603322.SH,0,0,False,False
2019|06|ALL_A|07|300385.SZ,2019,6,ALL_A,7,300385.SZ,0,0,False,False
2019|06|ALL_A|08|002047.SZ,2019,6,ALL_A,8,002047.SZ,0,0,False,False
2019|06|ALL_A|09|600399.SH,2019,6,ALL_A,9,600399.SH,0,0,False,False
2019|06|ALL_A|10|603321.SH,2019,6,ALL_A,10,603321.SH,0,0,False,False
2019|06|CHINEXT_BOARD|01|300596.SZ,2019,6,CHINEXT_BOARD,1,300596.SZ,0,0,False,False
2019|06|CHINEXT_BOARD|02|300414.SZ,2019,6,CHINEXT_BOARD,2,300414.SZ,0,0,False,False
2019|06|CHINEXT_BOARD|03|300601.SZ,2019,6,CHINEXT_BOARD,3,300601.SZ,0,0,False,False
2019|06|CHINEXT_BOARD|04|300494.SZ,2019,6,CHINEXT_BOARD,4,300494.SZ,0,0,False,False
2019|06|CHINEXT_BOARD|05|300553.SZ,2019,6,CHINEXT_BOARD,5,300553.SZ,0,0,False,False
2019|06|CHINEXT_BOARD|06|300446.SZ,2019,6,CHINEXT_BOARD,6,300446.SZ,0,0,False,False
2019|06|CHINEXT_BOARD|07|300229.SZ,2019,6,CHINEXT_BOARD,7,300229.SZ,0,0,False,False
2019|06|CHINEXT_BOARD|08|300385.SZ,2019,6,CHINEXT_BOARD,8,300385.SZ,0,0,False,False
2019|06|CHINEXT_BOARD|09|300600.SZ,2019,6,CHINEXT_BOARD,9,300600.SZ,0,0,False,False
2019|06|CHINEXT_BOARD|10|300072.SZ,2019,6,CHINEXT_BOARD,10,300072.SZ,0,0,False,False
2019|06|SH_A|01|600345.SH,2019,6,SH_A,1,600345.SH,0,0,False,False
2019|06|SH_A|02|600097.SH,2019,6,SH_A,2,600097.SH,0,0,False,False
2019|06|SH_A|03|600179.SH,2019,6,SH_A,3,600179.SH,0,0,False,False
2019|06|SH_A|04|603507.SH,2019,6,SH_A,4,603507.SH,0,0,False,False
2019|06|SH_A|05|600397.SH,2019,6,SH_A,5,600397.SH,0,0,False,False
2019|06|SH_A|06|600815.SH,2019,6,SH_A,6,600815.SH,0,0,False,False
2019|06|SH_A|07|601858.SH,2019,6,SH_A,7,601858.SH,0,0,False,False
2019|06|SH_A|08|600685.SH,2019,6,SH_A,8,600685.SH,0,0,False,False
2019|06|SH_A|09|603590.SH,2019,6,SH_A,9,603590.SH,0,0,False,False
2019|06|SH_A|10|600651.SH,2019,6,SH_A,10,600651.SH,0,0,False,False
2019|06|SZ_A|01|000859.SZ,2019,6,SZ_A,1,000859.SZ,0,0,False,False
2019|06|SZ_A|02|002337.SZ,2019,6,SZ_A,2,002337.SZ,0,0,False,False
2019|06|SZ_A|03|300435.SZ,2019,6,SZ_A,3,300435.SZ,0,0,False,False
2019|06|SZ_A|04|300355.SZ,2019,6,SZ_A,4,300355.SZ,0,0,False,False
2019|06|SZ_A|05|300303.SZ,2019,6,SZ_A,5,300303.SZ,0,0,False,False
2019|06|SZ_A|06|002782.SZ,2019,6,SZ_A,6,002782.SZ,0,0,False,False
2019|06|SZ_A|07|002820.SZ,2019,6,SZ_A,7,002820.SZ,0,0,False,False
2019|06|SZ_A|08|000020.SZ,2019,6,SZ_A,8,000020.SZ,0,0,False,False
2019|06|SZ_A|09|300316.SZ,2019,6,SZ_A,9,300316.SZ,0,0,False,False
2019|06|SZ_A|10|002532.SZ,2019,6,SZ_A,10,002532.SZ,0,0,False,False
2019|07|ALL_A|01|600715.SH,2019,7,ALL_A,1,600715.SH,0,0,False,False
2019|07|ALL_A|02|002317.SZ,2019,7,ALL_A,2,002317.SZ,0,0,False,False
2019|07|ALL_A|03|000032.SZ,2019,7,ALL_A,3,000032.SZ,1,1,False,False
2019|07|ALL_A|04|603903.SH,2019,7,ALL_A,4,603903.SH,0,0,False,False
2019|07|ALL_A|05|000409.SZ,2019,7,ALL_A,5,000409.SZ,0,0,False,False
2019|07|ALL_A|06|603899.SH,2019,7,ALL_A,6,603899.SH,0,0,False,False
2019|07|ALL_A|07|603606.SH,2019,7,ALL_A,7,603606.SH,0,0,False,False
2019|07|ALL_A|08|300746.SZ,2019,7,ALL_A,8,300746.SZ,0,0,False,False
2019|07|ALL_A|09|600796.SH,2019,7,ALL_A,9,600796.SH,0,0,False,False
2019|07|ALL_A|10|300753.SZ,2019,7,ALL_A,10,300753.SZ,0,0,False,False
2019|07|CHINEXT_BOARD|01|300687.SZ,2019,7,CHINEXT_BOARD,1,300687.SZ,0,0,False,False
2019|07|CHINEXT_BOARD|02|300579.SZ,2019,7,CHINEXT_BOARD,2,300579.SZ,0,0,False,False
2019|07|CHINEXT_BOARD|03|300149.SZ,2019,7,CHINEXT_BOARD,3,300149.SZ,0,0,False,False
2019|07|CHINEXT_BOARD|04|300702.SZ,2019,7,CHINEXT_BOARD,4,300702.SZ,0,0,False,False
2019|07|CHINEXT_BOARD|05|300274.SZ,2019,7,CHINEXT_BOARD,5,300274.SZ,2,2,True,True
2019|07|CHINEXT_BOARD|06|300005.SZ,2019,7,CHINEXT_BOARD,6,300005.SZ,1,1,False,False
2019|07|CHINEXT_BOARD|07|300570.SZ,2019,7,CHINEXT_BOARD,7,300570.SZ,1,1,False,False
2019|07|CHINEXT_BOARD|08|300182.SZ,2019,7,CHINEXT_BOARD,8,300182.SZ,0,0,False,False
2019|07|CHINEXT_BOARD|09|300271.SZ,2019,7,CHINEXT_BOARD,9,300271.SZ,0,0,False,False
2019|07|CHINEXT_BOARD|10|300618.SZ,2019,7,CHINEXT_BOARD,10,300618.SZ,1,1,False,False
2019|07|SH_A|01|600883.SH,2019,7,SH_A,1,600883.SH,1,1,False,False
2019|07|SH_A|02|603328.SH,2019,7,SH_A,2,603328.SH,1,1,False,False
2019|07|SH_A|03|603238.SH,2019,7,SH_A,3,603238.SH,0,0,False,False
2019|07|SH_A|04|600776.SH,2019,7,SH_A,4,600776.SH,1,1,False,False
2019|07|SH_A|05|603217.SH,2019,7,SH_A,5,603217.SH,2,2,True,True
2019|07|SH_A|06|600571.SH,2019,7,SH_A,6,600571.SH,0,0,False,False
2019|07|SH_A|07|600141.SH,2019,7,SH_A,7,600141.SH,0,0,False,False
2019|07|SH_A|08|600329.SH,2019,7,SH_A,8,600329.SH,0,0,False,False
2019|07|SH_A|09|600362.SH,2019,7,SH_A,9,600362.SH,1,1,False,False
2019|07|SH_A|10|600742.SH,2019,7,SH_A,10,600742.SH,1,1,False,False
2019|07|SZ_A|01|000708.SZ,2019,7,SZ_A,1,000708.SZ,0,0,False,False
2019|07|SZ_A|02|002429.SZ,2019,7,SZ_A,2,002429.SZ,0,0,False,False
2019|07|SZ_A|03|300030.SZ,2019,7,SZ_A,3,300030.SZ,0,0,False,False
2019|07|SZ_A|04|002612.SZ,2019,7,SZ_A,4,002612.SZ,0,0,False,False
2019|07|SZ_A|05|002165.SZ,2019,7,SZ_A,5,002165.SZ,1,1,False,False
2019|07|SZ_A|06|002306.SZ,2019,7,SZ_A,6,002306.SZ,1,1,False,False
2019|07|SZ_A|07|002639.SZ,2019,7,SZ_A,7,002639.SZ,0,0,False,False
2019|07|SZ_A|08|300402.SZ,2019,7,SZ_A,8,300402.SZ,1,1,False,False
2019|07|SZ_A|09|002203.SZ,2019,7,SZ_A,9,002203.SZ,2,2,True,True
2019|07|SZ_A|10|300677.SZ,2019,7,SZ_A,10,300677.SZ,1,1,False,False
2019|08|ALL_A|01|300507.SZ,2019,8,ALL_A,1,300507.SZ,1,1,False,False
2019|08|ALL_A|02|300267.SZ,2019,8,ALL_A,2,300267.SZ,0,0,False,False
2019|08|ALL_A|03|300398.SZ,2019,8,ALL_A,3,300398.SZ,1,1,False,False
2019|08|ALL_A|04|002334.SZ,2019,8,ALL_A,4,002334.SZ,1,0,False,False
2019|08|ALL_A|05|600860.SH,2019,8,ALL_A,5,600860.SH,2,2,True,True
2019|08|ALL_A|06|300520.SZ,2019,8,ALL_A,6,300520.SZ,2,2,True,True
2019|08|ALL_A|07|603045.SH,2019,8,ALL_A,7,603045.SH,4,4,True,True
2019|08|ALL_A|08|300083.SZ,2019,8,ALL_A,8,300083.SZ,0,0,False,False
2019|08|ALL_A|09|000595.SZ,2019,8,ALL_A,9,000595.SZ,1,1,False,False
2019|08|ALL_A|10|002823.SZ,2019,8,ALL_A,10,002823.SZ,1,1,False,False
2019|08|CHINEXT_BOARD|01|300291.SZ,2019,8,CHINEXT_BOARD,1,300291.SZ,1,1,False,False
2019|08|CHINEXT_BOARD|02|300329.SZ,2019,8,CHINEXT_BOARD,2,300329.SZ,0,0,False,False
2019|08|CHINEXT_BOARD|03|300625.SZ,2019,8,CHINEXT_BOARD,3,300625.SZ,0,0,False,False
2019|08|CHINEXT_BOARD|04|300692.SZ,2019,8,CHINEXT_BOARD,4,300692.SZ,2,2,True,True
2019|08|CHINEXT_BOARD|05|300541.SZ,2019,8,CHINEXT_BOARD,5,300541.SZ,0,0,False,False
2019|08|CHINEXT_BOARD|06|300024.SZ,2019,8,CHINEXT_BOARD,6,300024.SZ,2,2,True,True
2019|08|CHINEXT_BOARD|07|300484.SZ,2019,8,CHINEXT_BOARD,7,300484.SZ,2,1,True,False
2019|08|CHINEXT_BOARD|08|300136.SZ,2019,8,CHINEXT_BOARD,8,300136.SZ,0,0,False,False
2019|08|CHINEXT_BOARD|09|300751.SZ,2019,8,CHINEXT_BOARD,9,300751.SZ,2,2,True,True
2019|08|CHINEXT_BOARD|10|300150.SZ,2019,8,CHINEXT_BOARD,10,300150.SZ,2,2,True,True
2019|08|SH_A|01|600782.SH,2019,8,SH_A,1,600782.SH,0,0,False,False
2019|08|SH_A|02|603605.SH,2019,8,SH_A,2,603605.SH,0,0,False,False
2019|08|SH_A|03|603458.SH,2019,8,SH_A,3,603458.SH,1,1,False,False
2019|08|SH_A|04|601375.SH,2019,8,SH_A,4,601375.SH,2,2,True,True
2019|08|SH_A|05|600439.SH,2019,8,SH_A,5,600439.SH,0,0,False,False
2019|08|SH_A|06|603113.SH,2019,8,SH_A,6,603113.SH,2,2,True,True
2019|08|SH_A|07|600211.SH,2019,8,SH_A,7,600211.SH,2,2,True,True
2019|08|SH_A|08|603466.SH,2019,8,SH_A,8,603466.SH,4,2,True,True
2019|08|SH_A|09|600310.SH,2019,8,SH_A,9,600310.SH,4,3,True,True
2019|08|SH_A|10|603093.SH,2019,8,SH_A,10,603093.SH,0,0,False,False
2019|08|SZ_A|01|002561.SZ,2019,8,SZ_A,1,002561.SZ,2,2,True,True
2019|08|SZ_A|02|300290.SZ,2019,8,SZ_A,2,300290.SZ,3,3,True,True
2019|08|SZ_A|03|300480.SZ,2019,8,SZ_A,3,300480.SZ,1,1,False,False
2019|08|SZ_A|04|000599.SZ,2019,8,SZ_A,4,000599.SZ,1,1,False,False
2019|08|SZ_A|05|300539.SZ,2019,8,SZ_A,5,300539.SZ,2,2,True,True
2019|08|SZ_A|06|000402.SZ,2019,8,SZ_A,6,000402.SZ,3,2,True,True
2019|08|SZ_A|07|000820.SZ,2019,8,SZ_A,7,000820.SZ,0,0,False,False
2019|08|SZ_A|08|300580.SZ,2019,8,SZ_A,8,300580.SZ,4,4,True,True
2019|08|SZ_A|09|000632.SZ,2019,8,SZ_A,9,000632.SZ,0,0,False,False
2019|08|SZ_A|10|000823.SZ,2019,8,SZ_A,10,000823.SZ,3,3,True,True
2020|01|ALL_A|01|300547.SZ,2020,1,ALL_A,1,300547.SZ,1,1,False,False
2020|01|ALL_A|02|600835.SH,2020,1,ALL_A,2,600835.SH,4,3,True,True
2020|01|ALL_A|03|300559.SZ,2020,1,ALL_A,3,300559.SZ,4,3,True,True
2020|01|ALL_A|04|002522.SZ,2020,1,ALL_A,4,002522.SZ,0,0,False,False
2020|01|ALL_A|05|603900.SH,2020,1,ALL_A,5,603900.SH,2,2,True,True
2020|01|ALL_A|06|002242.SZ,2020,1,ALL_A,6,002242.SZ,2,2,True,True
2020|01|ALL_A|07|601933.SH,2020,1,ALL_A,7,601933.SH,0,0,False,False
2020|01|ALL_A|08|000420.SZ,2020,1,ALL_A,8,000420.SZ,0,0,False,False
2020|01|ALL_A|09|000829.SZ,2020,1,ALL_A,9,000829.SZ,3,3,True,True
2020|01|ALL_A|10|600543.SH,2020,1,ALL_A,10,600543.SH,1,1,False,False
2020|01|CHINEXT_BOARD|01|300751.SZ,2020,1,CHINEXT_BOARD,1,300751.SZ,4,4,True,True
2020|01|CHINEXT_BOARD|02|300616.SZ,2020,1,CHINEXT_BOARD,2,300616.SZ,4,4,True,True
2020|01|CHINEXT_BOARD|03|300366.SZ,2020,1,CHINEXT_BOARD,3,300366.SZ,0,0,False,False
2020|01|CHINEXT_BOARD|04|300068.SZ,2020,1,CHINEXT_BOARD,4,300068.SZ,2,2,True,True
2020|01|CHINEXT_BOARD|05|300124.SZ,2020,1,CHINEXT_BOARD,5,300124.SZ,4,3,True,True
2020|01|CHINEXT_BOARD|06|300032.SZ,2020,1,CHINEXT_BOARD,6,300032.SZ,0,0,False,False
2020|01|CHINEXT_BOARD|07|300002.SZ,2020,1,CHINEXT_BOARD,7,300002.SZ,0,0,False,False
2020|01|CHINEXT_BOARD|08|300432.SZ,2020,1,CHINEXT_BOARD,8,300432.SZ,2,2,True,True
2020|01|CHINEXT_BOARD|09|300580.SZ,2020,1,CHINEXT_BOARD,9,300580.SZ,2,2,True,True
2020|01|CHINEXT_BOARD|10|300697.SZ,2020,1,CHINEXT_BOARD,10,300697.SZ,1,1,False,False
2020|01|SH_A|01|603166.SH,2020,1,SH_A,1,603166.SH,0,0,False,False
2020|01|SH_A|02|603728.SH,2020,1,SH_A,2,603728.SH,0,0,False,False
2020|01|SH_A|03|603305.SH,2020,1,SH_A,3,603305.SH,3,2,True,True
2020|01|SH_A|04|603236.SH,2020,1,SH_A,4,603236.SH,3,3,True,True
2020|01|SH_A|05|603232.SH,2020,1,SH_A,5,603232.SH,2,2,True,True
2020|01|SH_A|06|688218.SH,2020,1,SH_A,6,688218.SH,3,3,True,True
2020|01|SH_A|07|600798.SH,2020,1,SH_A,7,600798.SH,0,0,False,False
2020|01|SH_A|08|601869.SH,2020,1,SH_A,8,601869.SH,0,0,False,False
2020|01|SH_A|09|603901.SH,2020,1,SH_A,9,603901.SH,1,1,False,False
2020|01|SH_A|10|600127.SH,2020,1,SH_A,10,600127.SH,2,2,True,True
2020|01|SZ_A|01|002879.SZ,2020,1,SZ_A,1,002879.SZ,0,0,False,False
2020|01|SZ_A|02|002861.SZ,2020,1,SZ_A,2,002861.SZ,3,3,True,True
2020|01|SZ_A|03|000557.SZ,2020,1,SZ_A,3,000557.SZ,1,1,False,False
2020|01|SZ_A|04|300189.SZ,2020,1,SZ_A,4,300189.SZ,0,0,False,False
2020|01|SZ_A|05|002559.SZ,2020,1,SZ_A,5,002559.SZ,2,2,True,True
2020|01|SZ_A|06|300563.SZ,2020,1,SZ_A,6,300563.SZ,1,1,False,False
2020|01|SZ_A|07|300082.SZ,2020,1,SZ_A,7,300082.SZ,2,2,True,True
2020|01|SZ_A|08|002614.SZ,2020,1,SZ_A,8,002614.SZ,0,0,False,False
2020|01|SZ_A|09|002429.SZ,2020,1,SZ_A,9,002429.SZ,1,0,False,False
2020|01|SZ_A|10|000762.SZ,2020,1,SZ_A,10,000762.SZ,3,3,True,True
2020|02|ALL_A|01|300227.SZ,2020,2,ALL_A,1,300227.SZ,0,0,False,False
2020|02|ALL_A|02|603706.SH,2020,2,ALL_A,2,603706.SH,0,0,False,False
2020|02|ALL_A|03|600939.SH,2020,2,ALL_A,3,600939.SH,0,0,False,False
2020|02|ALL_A|04|002039.SZ,2020,2,ALL_A,4,002039.SZ,0,0,False,False
2020|02|ALL_A|05|603305.SH,2020,2,ALL_A,5,603305.SH,0,0,False,False
2020|02|ALL_A|06|002840.SZ,2020,2,ALL_A,6,002840.SZ,0,0,False,False
2020|02|ALL_A|07|603611.SH,2020,2,ALL_A,7,603611.SH,0,0,False,False
2020|02|ALL_A|08|600850.SH,2020,2,ALL_A,8,600850.SH,0,0,False,False
2020|02|ALL_A|09|603680.SH,2020,2,ALL_A,9,603680.SH,0,0,False,False
2020|02|ALL_A|10|600517.SH,2020,2,ALL_A,10,600517.SH,0,0,False,False
2020|02|CHINEXT_BOARD|01|300289.SZ,2020,2,CHINEXT_BOARD,1,300289.SZ,0,0,False,False
2020|02|CHINEXT_BOARD|02|300433.SZ,2020,2,CHINEXT_BOARD,2,300433.SZ,0,0,False,False
2020|02|CHINEXT_BOARD|03|300509.SZ,2020,2,CHINEXT_BOARD,3,300509.SZ,0,0,False,False
2020|02|CHINEXT_BOARD|04|300689.SZ,2020,2,CHINEXT_BOARD,4,300689.SZ,1,1,False,False
2020|02|CHINEXT_BOARD|05|300418.SZ,2020,2,CHINEXT_BOARD,5,300418.SZ,0,0,False,False
2020|02|CHINEXT_BOARD|06|300077.SZ,2020,2,CHINEXT_BOARD,6,300077.SZ,0,0,False,False
2020|02|CHINEXT_BOARD|07|300219.SZ,2020,2,CHINEXT_BOARD,7,300219.SZ,0,0,False,False
2020|02|CHINEXT_BOARD|08|300747.SZ,2020,2,CHINEXT_BOARD,8,300747.SZ,0,0,False,False
2020|02|CHINEXT_BOARD|09|300383.SZ,2020,2,CHINEXT_BOARD,9,300383.SZ,0,0,False,False
2020|02|CHINEXT_BOARD|10|300709.SZ,2020,2,CHINEXT_BOARD,10,300709.SZ,0,0,False,False
2020|02|SH_A|01|603530.SH,2020,2,SH_A,1,603530.SH,0,0,False,False
2020|02|SH_A|02|603878.SH,2020,2,SH_A,2,603878.SH,0,0,False,False
2020|02|SH_A|03|600735.SH,2020,2,SH_A,3,600735.SH,1,1,False,False
2020|02|SH_A|04|600319.SH,2020,2,SH_A,4,600319.SH,0,0,False,False
2020|02|SH_A|05|603301.SH,2020,2,SH_A,5,603301.SH,0,0,False,False
2020|02|SH_A|06|601992.SH,2020,2,SH_A,6,601992.SH,0,0,False,False
2020|02|SH_A|07|603967.SH,2020,2,SH_A,7,603967.SH,0,0,False,False
2020|02|SH_A|08|603707.SH,2020,2,SH_A,8,603707.SH,0,0,False,False
2020|02|SH_A|09|600107.SH,2020,2,SH_A,9,600107.SH,0,0,False,False
2020|02|SH_A|10|600162.SH,2020,2,SH_A,10,600162.SH,1,1,False,False
2020|02|SZ_A|01|300782.SZ,2020,2,SZ_A,1,300782.SZ,0,0,False,False
2020|02|SZ_A|02|300179.SZ,2020,2,SZ_A,2,300179.SZ,0,0,False,False
2020|02|SZ_A|03|002003.SZ,2020,2,SZ_A,3,002003.SZ,1,1,False,False
2020|02|SZ_A|04|300590.SZ,2020,2,SZ_A,4,300590.SZ,0,0,False,False
2020|02|SZ_A|05|300305.SZ,2020,2,SZ_A,5,300305.SZ,0,0,False,False
2020|02|SZ_A|06|002588.SZ,2020,2,SZ_A,6,002588.SZ,0,0,False,False
2020|02|SZ_A|07|300523.SZ,2020,2,SZ_A,7,300523.SZ,0,0,False,False
2020|02|SZ_A|08|002227.SZ,2020,2,SZ_A,8,002227.SZ,0,0,False,False
2020|02|SZ_A|09|002132.SZ,2020,2,SZ_A,9,002132.SZ,0,0,False,False
2020|02|SZ_A|10|000779.SZ,2020,2,SZ_A,10,000779.SZ,0,0,False,False
2020|03|ALL_A|01|002081.SZ,2020,3,ALL_A,1,002081.SZ,1,1,False,False
2020|03|ALL_A|02|002279.SZ,2020,3,ALL_A,2,002279.SZ,0,0,False,False
2020|03|ALL_A|03|601727.SH,2020,3,ALL_A,3,601727.SH,2,1,True,False
2020|03|ALL_A|04|600538.SH,2020,3,ALL_A,4,600538.SH,1,1,False,False
2020|03|ALL_A|05|002294.SZ,2020,3,ALL_A,5,002294.SZ,0,0,False,False
2020|03|ALL_A|06|000999.SZ,2020,3,ALL_A,6,000999.SZ,2,2,True,True
2020|03|ALL_A|07|002682.SZ,2020,3,ALL_A,7,002682.SZ,0,0,False,False
2020|03|ALL_A|08|601882.SH,2020,3,ALL_A,8,601882.SH,0,0,False,False
2020|03|ALL_A|09|601628.SH,2020,3,ALL_A,9,601628.SH,2,1,True,False
2020|03|ALL_A|10|300413.SZ,2020,3,ALL_A,10,300413.SZ,0,0,False,False
2020|03|CHINEXT_BOARD|01|300675.SZ,2020,3,CHINEXT_BOARD,1,300675.SZ,0,0,False,False
2020|03|CHINEXT_BOARD|02|300214.SZ,2020,3,CHINEXT_BOARD,2,300214.SZ,0,0,False,False
2020|03|CHINEXT_BOARD|03|300771.SZ,2020,3,CHINEXT_BOARD,3,300771.SZ,0,0,False,False
2020|03|CHINEXT_BOARD|04|300070.SZ,2020,3,CHINEXT_BOARD,4,300070.SZ,4,3,True,True
2020|03|CHINEXT_BOARD|05|300092.SZ,2020,3,CHINEXT_BOARD,5,300092.SZ,0,0,False,False
2020|03|CHINEXT_BOARD|06|300079.SZ,2020,3,CHINEXT_BOARD,6,300079.SZ,0,0,False,False
2020|03|CHINEXT_BOARD|07|300441.SZ,2020,3,CHINEXT_BOARD,7,300441.SZ,2,2,True,True
2020|03|CHINEXT_BOARD|08|300408.SZ,2020,3,CHINEXT_BOARD,8,300408.SZ,1,1,False,False
2020|03|CHINEXT_BOARD|09|300123.SZ,2020,3,CHINEXT_BOARD,9,300123.SZ,0,0,False,False
2020|03|CHINEXT_BOARD|10|300321.SZ,2020,3,CHINEXT_BOARD,10,300321.SZ,0,0,False,False
2020|03|SH_A|01|600280.SH,2020,3,SH_A,1,600280.SH,0,0,False,False
2020|03|SH_A|02|603166.SH,2020,3,SH_A,2,603166.SH,0,0,False,False
2020|03|SH_A|03|601615.SH,2020,3,SH_A,3,601615.SH,0,0,False,False
2020|03|SH_A|04|601616.SH,2020,3,SH_A,4,601616.SH,0,0,False,False
2020|03|SH_A|05|688198.SH,2020,3,SH_A,5,688198.SH,0,0,False,False
2020|03|SH_A|06|603008.SH,2020,3,SH_A,6,603008.SH,0,0,False,False
2020|03|SH_A|07|603618.SH,2020,3,SH_A,7,603618.SH,0,0,False,False
2020|03|SH_A|08|600618.SH,2020,3,SH_A,8,600618.SH,0,0,False,False
2020|03|SH_A|09|600648.SH,2020,3,SH_A,9,600648.SH,0,0,False,False
2020|03|SH_A|10|601116.SH,2020,3,SH_A,10,601116.SH,0,0,False,False
2020|03|SZ_A|01|300150.SZ,2020,3,SZ_A,1,300150.SZ,1,1,False,False
2020|03|SZ_A|02|002717.SZ,2020,3,SZ_A,2,002717.SZ,0,0,False,False
2020|03|SZ_A|03|002309.SZ,2020,3,SZ_A,3,002309.SZ,0,0,False,False
2020|03|SZ_A|04|002685.SZ,2020,3,SZ_A,4,002685.SZ,0,0,False,False
2020|03|SZ_A|05|000409.SZ,2020,3,SZ_A,5,000409.SZ,3,3,True,True
2020|03|SZ_A|06|300180.SZ,2020,3,SZ_A,6,300180.SZ,1,1,False,False
2020|03|SZ_A|07|002494.SZ,2020,3,SZ_A,7,002494.SZ,0,0,False,False
2020|03|SZ_A|08|002674.SZ,2020,3,SZ_A,8,002674.SZ,0,0,False,False
2020|03|SZ_A|09|000931.SZ,2020,3,SZ_A,9,000931.SZ,0,0,False,False
2020|03|SZ_A|10|002812.SZ,2020,3,SZ_A,10,002812.SZ,0,0,False,False
2020|04|ALL_A|01|603869.SH,2020,4,ALL_A,1,603869.SH,0,0,False,False
2020|04|ALL_A|02|002956.SZ,2020,4,ALL_A,2,002956.SZ,0,0,False,False
2020|04|ALL_A|03|603013.SH,2020,4,ALL_A,3,603013.SH,0,0,False,False
2020|04|ALL_A|04|002789.SZ,2020,4,ALL_A,4,002789.SZ,0,0,False,False
2020|04|ALL_A|05|002551.SZ,2020,4,ALL_A,5,002551.SZ,0,0,False,False
2020|04|ALL_A|06|002972.SZ,2020,4,ALL_A,6,002972.SZ,0,0,False,False
2020|04|ALL_A|07|300776.SZ,2020,4,ALL_A,7,300776.SZ,0,0,False,False
2020|04|ALL_A|08|002480.SZ,2020,4,ALL_A,8,002480.SZ,0,0,False,False
2020|04|ALL_A|09|600114.SH,2020,4,ALL_A,9,600114.SH,0,0,False,False
2020|04|ALL_A|10|300140.SZ,2020,4,ALL_A,10,300140.SZ,0,0,False,False
2020|04|CHINEXT_BOARD|01|300302.SZ,2020,4,CHINEXT_BOARD,1,300302.SZ,0,0,False,False
2020|04|CHINEXT_BOARD|02|300013.SZ,2020,4,CHINEXT_BOARD,2,300013.SZ,0,0,False,False
2020|04|CHINEXT_BOARD|03|300198.SZ,2020,4,CHINEXT_BOARD,3,300198.SZ,0,0,False,False
2020|04|CHINEXT_BOARD|04|300508.SZ,2020,4,CHINEXT_BOARD,4,300508.SZ,0,0,False,False
2020|04|CHINEXT_BOARD|05|300384.SZ,2020,4,CHINEXT_BOARD,5,300384.SZ,0,0,False,False
2020|04|CHINEXT_BOARD|06|300159.SZ,2020,4,CHINEXT_BOARD,6,300159.SZ,0,0,False,False
2020|04|CHINEXT_BOARD|07|300447.SZ,2020,4,CHINEXT_BOARD,7,300447.SZ,0,0,False,False
2020|04|CHINEXT_BOARD|08|300732.SZ,2020,4,CHINEXT_BOARD,8,300732.SZ,1,1,False,False
2020|04|CHINEXT_BOARD|09|300405.SZ,2020,4,CHINEXT_BOARD,9,300405.SZ,1,1,False,False
2020|04|CHINEXT_BOARD|10|300269.SZ,2020,4,CHINEXT_BOARD,10,300269.SZ,0,0,False,False
2020|04|SH_A|01|600433.SH,2020,4,SH_A,1,600433.SH,0,0,False,False
2020|04|SH_A|02|603888.SH,2020,4,SH_A,2,603888.SH,0,0,False,False
2020|04|SH_A|03|600603.SH,2020,4,SH_A,3,600603.SH,0,0,False,False
2020|04|SH_A|04|600378.SH,2020,4,SH_A,4,600378.SH,0,0,False,False
2020|04|SH_A|05|600153.SH,2020,4,SH_A,5,600153.SH,1,1,False,False
2020|04|SH_A|06|600959.SH,2020,4,SH_A,6,600959.SH,0,0,False,False
2020|04|SH_A|07|600243.SH,2020,4,SH_A,7,600243.SH,0,0,False,False
2020|04|SH_A|08|600301.SH,2020,4,SH_A,8,600301.SH,0,0,False,False
2020|04|SH_A|09|600558.SH,2020,4,SH_A,9,600558.SH,2,2,True,True
2020|04|SH_A|10|600057.SH,2020,4,SH_A,10,600057.SH,2,2,True,True
2020|04|SZ_A|01|002585.SZ,2020,4,SZ_A,1,002585.SZ,0,0,False,False
2020|04|SZ_A|02|300127.SZ,2020,4,SZ_A,2,300127.SZ,1,1,False,False
2020|04|SZ_A|03|002310.SZ,2020,4,SZ_A,3,002310.SZ,0,0,False,False
2020|04|SZ_A|04|002779.SZ,2020,4,SZ_A,4,002779.SZ,0,0,False,False
2020|04|SZ_A|05|002160.SZ,2020,4,SZ_A,5,002160.SZ,0,0,False,False
2020|04|SZ_A|06|002592.SZ,2020,4,SZ_A,6,002592.SZ,4,3,True,True
2020|04|SZ_A|07|002193.SZ,2020,4,SZ_A,7,002193.SZ,1,1,False,False
2020|04|SZ_A|08|002041.SZ,2020,4,SZ_A,8,002041.SZ,0,0,False,False
2020|04|SZ_A|09|002137.SZ,2020,4,SZ_A,9,002137.SZ,0,0,False,False
2020|04|SZ_A|10|002850.SZ,2020,4,SZ_A,10,002850.SZ,0,0,False,False
2020|05|ALL_A|01|002771.SZ,2020,5,ALL_A,1,002771.SZ,0,0,False,False
2020|05|ALL_A|02|002497.SZ,2020,5,ALL_A,2,002497.SZ,0,0,False,False
2020|05|ALL_A|03|300311.SZ,2020,5,ALL_A,3,300311.SZ,1,1,False,False
2020|05|ALL_A|04|601319.SH,2020,5,ALL_A,4,601319.SH,0,0,False,False
2020|05|ALL_A|05|002441.SZ,2020,5,ALL_A,5,002441.SZ,0,0,False,False
2020|05|ALL_A|06|603970.SH,2020,5,ALL_A,6,603970.SH,0,0,False,False
2020|05|ALL_A|07|300735.SZ,2020,5,ALL_A,7,300735.SZ,0,0,False,False
2020|05|ALL_A|08|300698.SZ,2020,5,ALL_A,8,300698.SZ,1,1,False,False
2020|05|ALL_A|09|300049.SZ,2020,5,ALL_A,9,300049.SZ,0,0,False,False
2020|05|ALL_A|10|300322.SZ,2020,5,ALL_A,10,300322.SZ,1,1,False,False
2020|05|CHINEXT_BOARD|01|300168.SZ,2020,5,CHINEXT_BOARD,1,300168.SZ,0,0,False,False
2020|05|CHINEXT_BOARD|02|300031.SZ,2020,5,CHINEXT_BOARD,2,300031.SZ,1,1,False,False
2020|05|CHINEXT_BOARD|03|300335.SZ,2020,5,CHINEXT_BOARD,3,300335.SZ,0,0,False,False
2020|05|CHINEXT_BOARD|04|300812.SZ,2020,5,CHINEXT_BOARD,4,300812.SZ,1,1,False,False
2020|05|CHINEXT_BOARD|05|300430.SZ,2020,5,CHINEXT_BOARD,5,300430.SZ,0,0,False,False
2020|05|CHINEXT_BOARD|06|300212.SZ,2020,5,CHINEXT_BOARD,6,300212.SZ,1,1,False,False
2020|05|CHINEXT_BOARD|07|300399.SZ,2020,5,CHINEXT_BOARD,7,300399.SZ,0,0,False,False
2020|05|CHINEXT_BOARD|08|300305.SZ,2020,5,CHINEXT_BOARD,8,300305.SZ,0,0,False,False
2020|05|CHINEXT_BOARD|09|300079.SZ,2020,5,CHINEXT_BOARD,9,300079.SZ,0,0,False,False
2020|05|CHINEXT_BOARD|10|300662.SZ,2020,5,CHINEXT_BOARD,10,300662.SZ,0,0,False,False
2020|05|SH_A|01|600760.SH,2020,5,SH_A,1,600760.SH,0,0,False,False
2020|05|SH_A|02|600365.SH,2020,5,SH_A,2,600365.SH,1,1,False,False
2020|05|SH_A|03|600309.SH,2020,5,SH_A,3,600309.SH,0,0,False,False
2020|05|SH_A|04|603980.SH,2020,5,SH_A,4,603980.SH,0,0,False,False
2020|05|SH_A|05|600971.SH,2020,5,SH_A,5,600971.SH,0,0,False,False
2020|05|SH_A|06|600859.SH,2020,5,SH_A,6,600859.SH,0,0,False,False
2020|05|SH_A|07|600655.SH,2020,5,SH_A,7,600655.SH,0,0,False,False
2020|05|SH_A|08|600222.SH,2020,5,SH_A,8,600222.SH,0,0,False,False
2020|05|SH_A|09|600111.SH,2020,5,SH_A,9,600111.SH,0,0,False,False
2020|05|SH_A|10|600215.SH,2020,5,SH_A,10,600215.SH,0,0,False,False
2020|05|SZ_A|01|002487.SZ,2020,5,SZ_A,1,002487.SZ,0,0,False,False
2020|05|SZ_A|02|002783.SZ,2020,5,SZ_A,2,002783.SZ,0,0,False,False
2020|05|SZ_A|03|300562.SZ,2020,5,SZ_A,3,300562.SZ,1,1,False,False
2020|05|SZ_A|04|002791.SZ,2020,5,SZ_A,4,002791.SZ,0,0,False,False
2020|05|SZ_A|05|300539.SZ,2020,5,SZ_A,5,300539.SZ,0,0,False,False
2020|05|SZ_A|06|002026.SZ,2020,5,SZ_A,6,002026.SZ,0,0,False,False
2020|05|SZ_A|07|002682.SZ,2020,5,SZ_A,7,002682.SZ,0,0,False,False
2020|05|SZ_A|08|300259.SZ,2020,5,SZ_A,8,300259.SZ,1,1,False,False
2020|05|SZ_A|09|000651.SZ,2020,5,SZ_A,9,000651.SZ,0,0,False,False
2020|05|SZ_A|10|300253.SZ,2020,5,SZ_A,10,300253.SZ,0,0,False,False
2020|06|ALL_A|01|300022.SZ,2020,6,ALL_A,1,300022.SZ,0,0,False,False
2020|06|ALL_A|02|300413.SZ,2020,6,ALL_A,2,300413.SZ,0,0,False,False
2020|06|ALL_A|03|300059.SZ,2020,6,ALL_A,3,300059.SZ,0,0,False,False
2020|06|ALL_A|04|000968.SZ,2020,6,ALL_A,4,000968.SZ,0,0,False,False
2020|06|ALL_A|05|300570.SZ,2020,6,ALL_A,5,300570.SZ,0,0,False,False
2020|06|ALL_A|06|000089.SZ,2020,6,ALL_A,6,000089.SZ,1,1,False,False
2020|06|ALL_A|07|300409.SZ,2020,6,ALL_A,7,300409.SZ,1,1,False,False
2020|06|ALL_A|08|603198.SH,2020,6,ALL_A,8,603198.SH,0,0,False,False
2020|06|ALL_A|09|688369.SH,2020,6,ALL_A,9,688369.SH,0,0,False,False
2020|06|ALL_A|10|002718.SZ,2020,6,ALL_A,10,002718.SZ,0,0,False,False
2020|06|CHINEXT_BOARD|01|300256.SZ,2020,6,CHINEXT_BOARD,1,300256.SZ,0,0,False,False
2020|06|CHINEXT_BOARD|02|300802.SZ,2020,6,CHINEXT_BOARD,2,300802.SZ,0,0,False,False
2020|06|CHINEXT_BOARD|03|300377.SZ,2020,6,CHINEXT_BOARD,3,300377.SZ,0,0,False,False
2020|06|CHINEXT_BOARD|04|300413.SZ,2020,6,CHINEXT_BOARD,4,300413.SZ,0,0,False,False
2020|06|CHINEXT_BOARD|05|300569.SZ,2020,6,CHINEXT_BOARD,5,300569.SZ,0,0,False,False
2020|06|CHINEXT_BOARD|06|300769.SZ,2020,6,CHINEXT_BOARD,6,300769.SZ,1,1,False,False
2020|06|CHINEXT_BOARD|07|300302.SZ,2020,6,CHINEXT_BOARD,7,300302.SZ,0,0,False,False
2020|06|CHINEXT_BOARD|08|300423.SZ,2020,6,CHINEXT_BOARD,8,300423.SZ,0,0,False,False
2020|06|CHINEXT_BOARD|09|300198.SZ,2020,6,CHINEXT_BOARD,9,300198.SZ,0,0,False,False
2020|06|CHINEXT_BOARD|10|300726.SZ,2020,6,CHINEXT_BOARD,10,300726.SZ,0,0,False,False
2020|06|SH_A|01|601519.SH,2020,6,SH_A,1,601519.SH,0,0,False,False
2020|06|SH_A|02|601886.SH,2020,6,SH_A,2,601886.SH,0,0,False,False
2020|06|SH_A|03|603882.SH,2020,6,SH_A,3,603882.SH,0,0,False,False
2020|06|SH_A|04|603010.SH,2020,6,SH_A,4,603010.SH,0,0,False,False
2020|06|SH_A|05|600038.SH,2020,6,SH_A,5,600038.SH,0,0,False,False
2020|06|SH_A|06|603848.SH,2020,6,SH_A,6,603848.SH,0,0,False,False
2020|06|SH_A|07|601929.SH,2020,6,SH_A,7,601929.SH,0,0,False,False
2020|06|SH_A|08|600172.SH,2020,6,SH_A,8,600172.SH,0,0,False,False
2020|06|SH_A|09|603722.SH,2020,6,SH_A,9,603722.SH,0,0,False,False
2020|06|SH_A|10|603906.SH,2020,6,SH_A,10,603906.SH,0,0,False,False
2020|06|SZ_A|01|002858.SZ,2020,6,SZ_A,1,002858.SZ,0,0,False,False
2020|06|SZ_A|02|002461.SZ,2020,6,SZ_A,2,002461.SZ,0,0,False,False
2020|06|SZ_A|03|000715.SZ,2020,6,SZ_A,3,000715.SZ,0,0,False,False
2020|06|SZ_A|04|002423.SZ,2020,6,SZ_A,4,002423.SZ,0,0,False,False
2020|06|SZ_A|05|002431.SZ,2020,6,SZ_A,5,002431.SZ,0,0,False,False
2020|06|SZ_A|06|002030.SZ,2020,6,SZ_A,6,002030.SZ,0,0,False,False
2020|06|SZ_A|07|002129.SZ,2020,6,SZ_A,7,002129.SZ,1,1,False,False
2020|06|SZ_A|08|002677.SZ,2020,6,SZ_A,8,002677.SZ,0,0,False,False
2020|06|SZ_A|09|300097.SZ,2020,6,SZ_A,9,300097.SZ,0,0,False,False
2020|06|SZ_A|10|000955.SZ,2020,6,SZ_A,10,000955.SZ,1,1,False,False
2020|07|ALL_A|01|603018.SH,2020,7,ALL_A,1,603018.SH,2,2,True,True
2020|07|ALL_A|02|002688.SZ,2020,7,ALL_A,2,002688.SZ,1,1,False,False
2020|07|ALL_A|03|603738.SH,2020,7,ALL_A,3,603738.SH,0,0,False,False
2020|07|ALL_A|04|002312.SZ,2020,7,ALL_A,4,002312.SZ,0,0,False,False
2020|07|ALL_A|05|603929.SH,2020,7,ALL_A,5,603929.SH,1,1,False,False
2020|07|ALL_A|06|002521.SZ,2020,7,ALL_A,6,002521.SZ,2,2,True,True
2020|07|ALL_A|07|600025.SH,2020,7,ALL_A,7,600025.SH,0,0,False,False
2020|07|ALL_A|08|603458.SH,2020,7,ALL_A,8,603458.SH,1,1,False,False
2020|07|ALL_A|09|002931.SZ,2020,7,ALL_A,9,002931.SZ,0,0,False,False
2020|07|ALL_A|10|002408.SZ,2020,7,ALL_A,10,002408.SZ,0,0,False,False
2020|07|CHINEXT_BOARD|01|300191.SZ,2020,7,CHINEXT_BOARD,1,300191.SZ,0,0,False,False
2020|07|CHINEXT_BOARD|02|300813.SZ,2020,7,CHINEXT_BOARD,2,300813.SZ,0,0,False,False
2020|07|CHINEXT_BOARD|03|300059.SZ,2020,7,CHINEXT_BOARD,3,300059.SZ,0,0,False,False
2020|07|CHINEXT_BOARD|04|300406.SZ,2020,7,CHINEXT_BOARD,4,300406.SZ,0,0,False,False
2020|07|CHINEXT_BOARD|05|300029.SZ,2020,7,CHINEXT_BOARD,5,300029.SZ,0,0,False,False
2020|07|CHINEXT_BOARD|06|300157.SZ,2020,7,CHINEXT_BOARD,6,300157.SZ,0,0,False,False
2020|07|CHINEXT_BOARD|07|300694.SZ,2020,7,CHINEXT_BOARD,7,300694.SZ,0,0,False,False
2020|07|CHINEXT_BOARD|08|300196.SZ,2020,7,CHINEXT_BOARD,8,300196.SZ,0,0,False,False
2020|07|CHINEXT_BOARD|09|300492.SZ,2020,7,CHINEXT_BOARD,9,300492.SZ,0,0,False,False
2020|07|CHINEXT_BOARD|10|300413.SZ,2020,7,CHINEXT_BOARD,10,300413.SZ,0,0,False,False
2020|07|SH_A|01|600718.SH,2020,7,SH_A,1,600718.SH,0,0,False,False
2020|07|SH_A|02|600302.SH,2020,7,SH_A,2,600302.SH,2,2,True,True
2020|07|SH_A|03|600121.SH,2020,7,SH_A,3,600121.SH,0,0,False,False
2020|07|SH_A|04|603708.SH,2020,7,SH_A,4,603708.SH,2,2,True,True
2020|07|SH_A|05|688012.SH,2020,7,SH_A,5,688012.SH,0,0,False,False
2020|07|SH_A|06|688365.SH,2020,7,SH_A,6,688365.SH,0,0,False,False
2020|07|SH_A|07|601865.SH,2020,7,SH_A,7,601865.SH,0,0,False,False
2020|07|SH_A|08|603727.SH,2020,7,SH_A,8,603727.SH,0,0,False,False
2020|07|SH_A|09|603863.SH,2020,7,SH_A,9,603863.SH,0,0,False,False
2020|07|SH_A|10|601001.SH,2020,7,SH_A,10,601001.SH,0,0,False,False
2020|07|SZ_A|01|002612.SZ,2020,7,SZ_A,1,002612.SZ,0,0,False,False
2020|07|SZ_A|02|000768.SZ,2020,7,SZ_A,2,000768.SZ,0,0,False,False
2020|07|SZ_A|03|002492.SZ,2020,7,SZ_A,3,002492.SZ,2,2,True,True
2020|07|SZ_A|04|002981.SZ,2020,7,SZ_A,4,002981.SZ,0,0,False,False
2020|07|SZ_A|05|000007.SZ,2020,7,SZ_A,5,000007.SZ,1,1,False,False
2020|07|SZ_A|06|300270.SZ,2020,7,SZ_A,6,300270.SZ,1,1,False,False
2020|07|SZ_A|07|002561.SZ,2020,7,SZ_A,7,002561.SZ,1,1,False,False
2020|07|SZ_A|08|002332.SZ,2020,7,SZ_A,8,002332.SZ,0,0,False,False
2020|07|SZ_A|09|300607.SZ,2020,7,SZ_A,9,300607.SZ,0,0,False,False
2020|07|SZ_A|10|300637.SZ,2020,7,SZ_A,10,300637.SZ,0,0,False,False
2020|08|ALL_A|01|000738.SZ,2020,8,ALL_A,1,000738.SZ,0,0,False,False
2020|08|ALL_A|02|300738.SZ,2020,8,ALL_A,2,300738.SZ,0,0,False,False
2020|08|ALL_A|03|000717.SZ,2020,8,ALL_A,3,000717.SZ,0,0,False,False
2020|08|ALL_A|04|605108.SH,2020,8,ALL_A,4,605108.SH,0,0,False,False
2020|08|ALL_A|05|688058.SH,2020,8,ALL_A,5,688058.SH,0,0,False,False
2020|08|ALL_A|06|000727.SZ,2020,8,ALL_A,6,000727.SZ,2,2,True,True
2020|08|ALL_A|07|603105.SH,2020,8,ALL_A,7,603105.SH,0,0,False,False
2020|08|ALL_A|08|603066.SH,2020,8,ALL_A,8,603066.SH,1,0,False,False
2020|08|ALL_A|09|002653.SZ,2020,8,ALL_A,9,002653.SZ,4,4,True,True
2020|08|ALL_A|10|600229.SH,2020,8,ALL_A,10,600229.SH,0,0,False,False
2020|08|CHINEXT_BOARD|01|300018.SZ,2020,8,CHINEXT_BOARD,1,300018.SZ,1,1,False,False
2020|08|CHINEXT_BOARD|02|300197.SZ,2020,8,CHINEXT_BOARD,2,300197.SZ,0,0,False,False
2020|08|CHINEXT_BOARD|03|300657.SZ,2020,8,CHINEXT_BOARD,3,300657.SZ,0,0,False,False
2020|08|CHINEXT_BOARD|04|300053.SZ,2020,8,CHINEXT_BOARD,4,300053.SZ,0,0,False,False
2020|08|CHINEXT_BOARD|05|300703.SZ,2020,8,CHINEXT_BOARD,5,300703.SZ,0,0,False,False
2020|08|CHINEXT_BOARD|06|300088.SZ,2020,8,CHINEXT_BOARD,6,300088.SZ,0,0,False,False
2020|08|CHINEXT_BOARD|07|300503.SZ,2020,8,CHINEXT_BOARD,7,300503.SZ,0,0,False,False
2020|08|CHINEXT_BOARD|08|300331.SZ,2020,8,CHINEXT_BOARD,8,300331.SZ,0,0,False,False
2020|08|CHINEXT_BOARD|09|300366.SZ,2020,8,CHINEXT_BOARD,9,300366.SZ,0,0,False,False
2020|08|CHINEXT_BOARD|10|300643.SZ,2020,8,CHINEXT_BOARD,10,300643.SZ,0,0,False,False
2020|08|SH_A|01|600573.SH,2020,8,SH_A,1,600573.SH,0,0,False,False
2020|08|SH_A|02|601858.SH,2020,8,SH_A,2,601858.SH,2,2,True,True
2020|08|SH_A|03|600810.SH,2020,8,SH_A,3,600810.SH,0,0,False,False
2020|08|SH_A|04|600582.SH,2020,8,SH_A,4,600582.SH,0,0,False,False
2020|08|SH_A|05|601166.SH,2020,8,SH_A,5,601166.SH,0,0,False,False
2020|08|SH_A|06|603040.SH,2020,8,SH_A,6,603040.SH,0,0,False,False
2020|08|SH_A|07|603305.SH,2020,8,SH_A,7,603305.SH,2,2,True,True
2020|08|SH_A|08|605318.SH,2020,8,SH_A,8,605318.SH,0,0,False,False
2020|08|SH_A|09|688360.SH,2020,8,SH_A,9,688360.SH,0,0,False,False
2020|08|SH_A|10|603015.SH,2020,8,SH_A,10,603015.SH,4,4,True,True
2020|08|SZ_A|01|002418.SZ,2020,8,SZ_A,1,002418.SZ,0,0,False,False
2020|08|SZ_A|02|300121.SZ,2020,8,SZ_A,2,300121.SZ,0,0,False,False
2020|08|SZ_A|03|000566.SZ,2020,8,SZ_A,3,000566.SZ,0,0,False,False
2020|08|SZ_A|04|002233.SZ,2020,8,SZ_A,4,002233.SZ,0,0,False,False
2020|08|SZ_A|05|002041.SZ,2020,8,SZ_A,5,002041.SZ,2,1,True,False
2020|08|SZ_A|06|300581.SZ,2020,8,SZ_A,6,300581.SZ,1,1,False,False
2020|08|SZ_A|07|002588.SZ,2020,8,SZ_A,7,002588.SZ,0,0,False,False
2020|08|SZ_A|08|002966.SZ,2020,8,SZ_A,8,002966.SZ,0,0,False,False
2020|08|SZ_A|09|002547.SZ,2020,8,SZ_A,9,002547.SZ,0,0,False,False
2020|08|SZ_A|10|300567.SZ,2020,8,SZ_A,10,300567.SZ,0,0,False,False
2021|01|ALL_A|01|300865.SZ,2021,1,ALL_A,1,300865.SZ,1,1,False,False
2021|01|ALL_A|02|601828.SH,2021,1,ALL_A,2,601828.SH,0,0,False,False
2021|01|ALL_A|03|003000.SZ,2021,1,ALL_A,3,003000.SZ,2,2,True,True
2021|01|ALL_A|04|688156.SH,2021,1,ALL_A,4,688156.SH,0,0,False,False
2021|01|ALL_A|05|600366.SH,2021,1,ALL_A,5,600366.SH,0,0,False,False
2021|01|ALL_A|06|603790.SH,2021,1,ALL_A,6,603790.SH,0,0,False,False
2021|01|ALL_A|07|603520.SH,2021,1,ALL_A,7,603520.SH,0,0,False,False
2021|01|ALL_A|08|300891.SZ,2021,1,ALL_A,8,300891.SZ,0,0,False,False
2021|01|ALL_A|09|603656.SH,2021,1,ALL_A,9,603656.SH,0,0,False,False
2021|01|ALL_A|10|300895.SZ,2021,1,ALL_A,10,300895.SZ,0,0,False,False
2021|01|CHINEXT_BOARD|01|300809.SZ,2021,1,CHINEXT_BOARD,1,300809.SZ,0,0,False,False
2021|01|CHINEXT_BOARD|02|300507.SZ,2021,1,CHINEXT_BOARD,2,300507.SZ,2,2,True,True
2021|01|CHINEXT_BOARD|03|300354.SZ,2021,1,CHINEXT_BOARD,3,300354.SZ,0,0,False,False
2021|01|CHINEXT_BOARD|04|300442.SZ,2021,1,CHINEXT_BOARD,4,300442.SZ,0,0,False,False
2021|01|CHINEXT_BOARD|05|300138.SZ,2021,1,CHINEXT_BOARD,5,300138.SZ,0,0,False,False
2021|01|CHINEXT_BOARD|06|300422.SZ,2021,1,CHINEXT_BOARD,6,300422.SZ,0,0,False,False
2021|01|CHINEXT_BOARD|07|300195.SZ,2021,1,CHINEXT_BOARD,7,300195.SZ,0,0,False,False
2021|01|CHINEXT_BOARD|08|300541.SZ,2021,1,CHINEXT_BOARD,8,300541.SZ,0,0,False,False
2021|01|CHINEXT_BOARD|09|300237.SZ,2021,1,CHINEXT_BOARD,9,300237.SZ,0,0,False,False
2021|01|CHINEXT_BOARD|10|300664.SZ,2021,1,CHINEXT_BOARD,10,300664.SZ,0,0,False,False
2021|01|SH_A|01|688668.SH,2021,1,SH_A,1,688668.SH,0,0,False,False
2021|01|SH_A|02|600983.SH,2021,1,SH_A,2,600983.SH,0,0,False,False
2021|01|SH_A|03|601939.SH,2021,1,SH_A,3,601939.SH,0,0,False,False
2021|01|SH_A|04|600515.SH,2021,1,SH_A,4,600515.SH,0,0,False,False
2021|01|SH_A|05|603927.SH,2021,1,SH_A,5,603927.SH,0,0,False,False
2021|01|SH_A|06|600050.SH,2021,1,SH_A,6,600050.SH,0,0,False,False
2021|01|SH_A|07|601968.SH,2021,1,SH_A,7,601968.SH,0,0,False,False
2021|01|SH_A|08|600593.SH,2021,1,SH_A,8,600593.SH,0,0,False,False
2021|01|SH_A|09|603335.SH,2021,1,SH_A,9,603335.SH,0,0,False,False
2021|01|SH_A|10|600691.SH,2021,1,SH_A,10,600691.SH,0,0,False,False
2021|01|SZ_A|01|002049.SZ,2021,1,SZ_A,1,002049.SZ,1,1,False,False
2021|01|SZ_A|02|002637.SZ,2021,1,SZ_A,2,002637.SZ,0,0,False,False
2021|01|SZ_A|03|300408.SZ,2021,1,SZ_A,3,300408.SZ,0,0,False,False
2021|01|SZ_A|04|000709.SZ,2021,1,SZ_A,4,000709.SZ,0,0,False,False
2021|01|SZ_A|05|300039.SZ,2021,1,SZ_A,5,300039.SZ,0,0,False,False
2021|01|SZ_A|06|002596.SZ,2021,1,SZ_A,6,002596.SZ,0,0,False,False
2021|01|SZ_A|07|002383.SZ,2021,1,SZ_A,7,002383.SZ,0,0,False,False
2021|01|SZ_A|08|002246.SZ,2021,1,SZ_A,8,002246.SZ,0,0,False,False
2021|01|SZ_A|09|000568.SZ,2021,1,SZ_A,9,000568.SZ,0,0,False,False
2021|01|SZ_A|10|000050.SZ,2021,1,SZ_A,10,000050.SZ,3,2,True,True
2021|02|ALL_A|01|600079.SH,2021,2,ALL_A,1,600079.SH,0,0,False,False
2021|02|ALL_A|02|300541.SZ,2021,2,ALL_A,2,300541.SZ,0,0,False,False
2021|02|ALL_A|03|603118.SH,2021,2,ALL_A,3,603118.SH,0,0,False,False
2021|02|ALL_A|04|600818.SH,2021,2,ALL_A,4,600818.SH,0,0,False,False
2021|02|ALL_A|05|002578.SZ,2021,2,ALL_A,5,002578.SZ,0,0,False,False
2021|02|ALL_A|06|300001.SZ,2021,2,ALL_A,6,300001.SZ,0,0,False,False
2021|02|ALL_A|07|600101.SH,2021,2,ALL_A,7,600101.SH,0,0,False,False
2021|02|ALL_A|08|600470.SH,2021,2,ALL_A,8,600470.SH,2,2,True,True
2021|02|ALL_A|09|300827.SZ,2021,2,ALL_A,9,300827.SZ,1,1,False,False
2021|02|ALL_A|10|002256.SZ,2021,2,ALL_A,10,002256.SZ,0,0,False,False
2021|02|CHINEXT_BOARD|01|300049.SZ,2021,2,CHINEXT_BOARD,1,300049.SZ,1,1,False,False
2021|02|CHINEXT_BOARD|02|300263.SZ,2021,2,CHINEXT_BOARD,2,300263.SZ,1,1,False,False
2021|02|CHINEXT_BOARD|03|300242.SZ,2021,2,CHINEXT_BOARD,3,300242.SZ,0,0,False,False
2021|02|CHINEXT_BOARD|04|300667.SZ,2021,2,CHINEXT_BOARD,4,300667.SZ,1,1,False,False
2021|02|CHINEXT_BOARD|05|300881.SZ,2021,2,CHINEXT_BOARD,5,300881.SZ,0,0,False,False
2021|02|CHINEXT_BOARD|06|300035.SZ,2021,2,CHINEXT_BOARD,6,300035.SZ,0,0,False,False
2021|02|CHINEXT_BOARD|07|300008.SZ,2021,2,CHINEXT_BOARD,7,300008.SZ,0,0,False,False
2021|02|CHINEXT_BOARD|08|300578.SZ,2021,2,CHINEXT_BOARD,8,300578.SZ,2,1,True,False
2021|02|CHINEXT_BOARD|09|300665.SZ,2021,2,CHINEXT_BOARD,9,300665.SZ,0,0,False,False
2021|02|CHINEXT_BOARD|10|300693.SZ,2021,2,CHINEXT_BOARD,10,300693.SZ,1,1,False,False
2021|02|SH_A|01|601577.SH,2021,2,SH_A,1,601577.SH,3,2,True,True
2021|02|SH_A|02|603912.SH,2021,2,SH_A,2,603912.SH,0,0,False,False
2021|02|SH_A|03|600894.SH,2021,2,SH_A,3,600894.SH,3,3,True,True
2021|02|SH_A|04|601916.SH,2021,2,SH_A,4,601916.SH,3,3,True,True
2021|02|SH_A|05|603358.SH,2021,2,SH_A,5,603358.SH,0,0,False,False
2021|02|SH_A|06|601611.SH,2021,2,SH_A,6,601611.SH,0,0,False,False
2021|02|SH_A|07|600137.SH,2021,2,SH_A,7,600137.SH,0,0,False,False
2021|02|SH_A|08|601985.SH,2021,2,SH_A,8,601985.SH,1,1,False,False
2021|02|SH_A|09|603025.SH,2021,2,SH_A,9,603025.SH,0,0,False,False
2021|02|SH_A|10|688526.SH,2021,2,SH_A,10,688526.SH,0,0,False,False
2021|02|SZ_A|01|000698.SZ,2021,2,SZ_A,1,000698.SZ,0,0,False,False
2021|02|SZ_A|02|002797.SZ,2021,2,SZ_A,2,002797.SZ,3,1,True,False
2021|02|SZ_A|03|002895.SZ,2021,2,SZ_A,3,002895.SZ,0,0,False,False
2021|02|SZ_A|04|002402.SZ,2021,2,SZ_A,4,002402.SZ,0,0,False,False
2021|02|SZ_A|05|003001.SZ,2021,2,SZ_A,5,003001.SZ,0,0,False,False
2021|02|SZ_A|06|002991.SZ,2021,2,SZ_A,6,002991.SZ,2,2,True,True
2021|02|SZ_A|07|300015.SZ,2021,2,SZ_A,7,300015.SZ,0,0,False,False
2021|02|SZ_A|08|300329.SZ,2021,2,SZ_A,8,300329.SZ,0,0,False,False
2021|02|SZ_A|09|002067.SZ,2021,2,SZ_A,9,002067.SZ,1,1,False,False
2021|02|SZ_A|10|300225.SZ,2021,2,SZ_A,10,300225.SZ,2,2,True,True
2021|03|ALL_A|01|600376.SH,2021,3,ALL_A,1,600376.SH,0,0,False,False
2021|03|ALL_A|02|600706.SH,2021,3,ALL_A,2,600706.SH,0,0,False,False
2021|03|ALL_A|03|300712.SZ,2021,3,ALL_A,3,300712.SZ,0,0,False,False
2021|03|ALL_A|04|688026.SH,2021,3,ALL_A,4,688026.SH,0,0,False,False
2021|03|ALL_A|05|600284.SH,2021,3,ALL_A,5,600284.SH,0,0,False,False
2021|03|ALL_A|06|002614.SZ,2021,3,ALL_A,6,002614.SZ,0,0,False,False
2021|03|ALL_A|07|603768.SH,2021,3,ALL_A,7,603768.SH,0,0,False,False
2021|03|ALL_A|08|002648.SZ,2021,3,ALL_A,8,002648.SZ,0,0,False,False
2021|03|ALL_A|09|600748.SH,2021,3,ALL_A,9,600748.SH,0,0,False,False
2021|03|ALL_A|10|000017.SZ,2021,3,ALL_A,10,000017.SZ,0,0,False,False
2021|03|CHINEXT_BOARD|01|300464.SZ,2021,3,CHINEXT_BOARD,1,300464.SZ,2,2,True,True
2021|03|CHINEXT_BOARD|02|300842.SZ,2021,3,CHINEXT_BOARD,2,300842.SZ,0,0,False,False
2021|03|CHINEXT_BOARD|03|300343.SZ,2021,3,CHINEXT_BOARD,3,300343.SZ,0,0,False,False
2021|03|CHINEXT_BOARD|04|300254.SZ,2021,3,CHINEXT_BOARD,4,300254.SZ,0,0,False,False
2021|03|CHINEXT_BOARD|05|300705.SZ,2021,3,CHINEXT_BOARD,5,300705.SZ,0,0,False,False
2021|03|CHINEXT_BOARD|06|300936.SZ,2021,3,CHINEXT_BOARD,6,300936.SZ,0,0,False,False
2021|03|CHINEXT_BOARD|07|300162.SZ,2021,3,CHINEXT_BOARD,7,300162.SZ,0,0,False,False
2021|03|CHINEXT_BOARD|08|300699.SZ,2021,3,CHINEXT_BOARD,8,300699.SZ,0,0,False,False
2021|03|CHINEXT_BOARD|09|300005.SZ,2021,3,CHINEXT_BOARD,9,300005.SZ,0,0,False,False
2021|03|CHINEXT_BOARD|10|300769.SZ,2021,3,CHINEXT_BOARD,10,300769.SZ,0,0,False,False
2021|03|SH_A|01|600020.SH,2021,3,SH_A,1,600020.SH,0,0,False,False
2021|03|SH_A|02|601606.SH,2021,3,SH_A,2,601606.SH,0,0,False,False
2021|03|SH_A|03|688568.SH,2021,3,SH_A,3,688568.SH,0,0,False,False
2021|03|SH_A|04|603863.SH,2021,3,SH_A,4,603863.SH,0,0,False,False
2021|03|SH_A|05|600276.SH,2021,3,SH_A,5,600276.SH,0,0,False,False
2021|03|SH_A|06|603699.SH,2021,3,SH_A,6,603699.SH,1,1,False,False
2021|03|SH_A|07|600689.SH,2021,3,SH_A,7,600689.SH,0,0,False,False
2021|03|SH_A|08|688057.SH,2021,3,SH_A,8,688057.SH,0,0,False,False
2021|03|SH_A|09|605186.SH,2021,3,SH_A,9,605186.SH,0,0,False,False
2021|03|SH_A|10|600796.SH,2021,3,SH_A,10,600796.SH,0,0,False,False
2021|03|SZ_A|01|300261.SZ,2021,3,SZ_A,1,300261.SZ,2,2,True,True
2021|03|SZ_A|02|002225.SZ,2021,3,SZ_A,2,002225.SZ,0,0,False,False
2021|03|SZ_A|03|002348.SZ,2021,3,SZ_A,3,002348.SZ,0,0,False,False
2021|03|SZ_A|04|000157.SZ,2021,3,SZ_A,4,000157.SZ,2,2,True,True
2021|03|SZ_A|05|300232.SZ,2021,3,SZ_A,5,300232.SZ,0,0,False,False
2021|03|SZ_A|06|000554.SZ,2021,3,SZ_A,6,000554.SZ,0,0,False,False
2021|03|SZ_A|07|300566.SZ,2021,3,SZ_A,7,300566.SZ,0,0,False,False
2021|03|SZ_A|08|003028.SZ,2021,3,SZ_A,8,003028.SZ,0,0,False,False
2021|03|SZ_A|09|002398.SZ,2021,3,SZ_A,9,002398.SZ,1,1,False,False
2021|03|SZ_A|10|002588.SZ,2021,3,SZ_A,10,002588.SZ,0,0,False,False
2021|04|ALL_A|01|688500.SH,2021,4,ALL_A,1,688500.SH,0,0,False,False
2021|04|ALL_A|02|601689.SH,2021,4,ALL_A,2,601689.SH,0,0,False,False
2021|04|ALL_A|03|000595.SZ,2021,4,ALL_A,3,000595.SZ,0,0,False,False
2021|04|ALL_A|04|688080.SH,2021,4,ALL_A,4,688080.SH,0,0,False,False
2021|04|ALL_A|05|300351.SZ,2021,4,ALL_A,5,300351.SZ,0,0,False,False
2021|04|ALL_A|06|300940.SZ,2021,4,ALL_A,6,300940.SZ,0,0,False,False
2021|04|ALL_A|07|000039.SZ,2021,4,ALL_A,7,000039.SZ,0,0,False,False
2021|04|ALL_A|08|003036.SZ,2021,4,ALL_A,8,003036.SZ,0,0,False,False
2021|04|ALL_A|09|300917.SZ,2021,4,ALL_A,9,300917.SZ,0,0,False,False
2021|04|ALL_A|10|300069.SZ,2021,4,ALL_A,10,300069.SZ,0,0,False,False
2021|04|CHINEXT_BOARD|01|300366.SZ,2021,4,CHINEXT_BOARD,1,300366.SZ,0,0,False,False
2021|04|CHINEXT_BOARD|02|300972.SZ,2021,4,CHINEXT_BOARD,2,300972.SZ,0,0,False,False
2021|04|CHINEXT_BOARD|03|300030.SZ,2021,4,CHINEXT_BOARD,3,300030.SZ,0,0,False,False
2021|04|CHINEXT_BOARD|04|300568.SZ,2021,4,CHINEXT_BOARD,4,300568.SZ,0,0,False,False
2021|04|CHINEXT_BOARD|05|300404.SZ,2021,4,CHINEXT_BOARD,5,300404.SZ,0,0,False,False
2021|04|CHINEXT_BOARD|06|300923.SZ,2021,4,CHINEXT_BOARD,6,300923.SZ,0,0,False,False
2021|04|CHINEXT_BOARD|07|300470.SZ,2021,4,CHINEXT_BOARD,7,300470.SZ,0,0,False,False
2021|04|CHINEXT_BOARD|08|300632.SZ,2021,4,CHINEXT_BOARD,8,300632.SZ,0,0,False,False
2021|04|CHINEXT_BOARD|09|300657.SZ,2021,4,CHINEXT_BOARD,9,300657.SZ,0,0,False,False
2021|04|CHINEXT_BOARD|10|300893.SZ,2021,4,CHINEXT_BOARD,10,300893.SZ,0,0,False,False
2021|04|SH_A|01|603876.SH,2021,4,SH_A,1,603876.SH,0,0,False,False
2021|04|SH_A|02|600654.SH,2021,4,SH_A,2,600654.SH,0,0,False,False
2021|04|SH_A|03|600331.SH,2021,4,SH_A,3,600331.SH,0,0,False,False
2021|04|SH_A|04|601916.SH,2021,4,SH_A,4,601916.SH,0,0,False,False
2021|04|SH_A|05|688358.SH,2021,4,SH_A,5,688358.SH,0,0,False,False
2021|04|SH_A|06|603113.SH,2021,4,SH_A,6,603113.SH,0,0,False,False
2021|04|SH_A|07|601798.SH,2021,4,SH_A,7,601798.SH,0,0,False,False
2021|04|SH_A|08|601399.SH,2021,4,SH_A,8,601399.SH,2,2,True,True
2021|04|SH_A|09|600712.SH,2021,4,SH_A,9,600712.SH,0,0,False,False
2021|04|SH_A|10|600255.SH,2021,4,SH_A,10,600255.SH,0,0,False,False
2021|04|SZ_A|01|300815.SZ,2021,4,SZ_A,1,300815.SZ,0,0,False,False
2021|04|SZ_A|02|000060.SZ,2021,4,SZ_A,2,000060.SZ,0,0,False,False
2021|04|SZ_A|03|002578.SZ,2021,4,SZ_A,3,002578.SZ,0,0,False,False
2021|04|SZ_A|04|002639.SZ,2021,4,SZ_A,4,002639.SZ,0,0,False,False
2021|04|SZ_A|05|002979.SZ,2021,4,SZ_A,5,002979.SZ,0,0,False,False
2021|04|SZ_A|06|002796.SZ,2021,4,SZ_A,6,002796.SZ,0,0,False,False
2021|04|SZ_A|07|000066.SZ,2021,4,SZ_A,7,000066.SZ,0,0,False,False
2021|04|SZ_A|08|300296.SZ,2021,4,SZ_A,8,300296.SZ,0,0,False,False
2021|04|SZ_A|09|300723.SZ,2021,4,SZ_A,9,300723.SZ,0,0,False,False
2021|04|SZ_A|10|002598.SZ,2021,4,SZ_A,10,002598.SZ,0,0,False,False
2021|05|ALL_A|01|603010.SH,2021,5,ALL_A,1,603010.SH,1,0,False,False
2021|05|ALL_A|02|002913.SZ,2021,5,ALL_A,2,002913.SZ,0,0,False,False
2021|05|ALL_A|03|688221.SH,2021,5,ALL_A,3,688221.SH,3,1,True,False
2021|05|ALL_A|04|002211.SZ,2021,5,ALL_A,4,002211.SZ,3,1,True,False
2021|05|ALL_A|05|002978.SZ,2021,5,ALL_A,5,002978.SZ,2,2,True,True
2021|05|ALL_A|06|600271.SH,2021,5,ALL_A,6,600271.SH,2,2,True,True
2021|05|ALL_A|07|603706.SH,2021,5,ALL_A,7,603706.SH,2,1,True,False
2021|05|ALL_A|08|603318.SH,2021,5,ALL_A,8,603318.SH,2,2,True,True
2021|05|ALL_A|09|300477.SZ,2021,5,ALL_A,9,300477.SZ,0,0,False,False
2021|05|ALL_A|10|603516.SH,2021,5,ALL_A,10,603516.SH,3,3,True,True
2021|05|CHINEXT_BOARD|01|300276.SZ,2021,5,CHINEXT_BOARD,1,300276.SZ,1,1,False,False
2021|05|CHINEXT_BOARD|02|300499.SZ,2021,5,CHINEXT_BOARD,2,300499.SZ,0,0,False,False
2021|05|CHINEXT_BOARD|03|300679.SZ,2021,5,CHINEXT_BOARD,3,300679.SZ,0,0,False,False
2021|05|CHINEXT_BOARD|04|300508.SZ,2021,5,CHINEXT_BOARD,4,300508.SZ,0,0,False,False
2021|05|CHINEXT_BOARD|05|300985.SZ,2021,5,CHINEXT_BOARD,5,300985.SZ,1,0,False,False
2021|05|CHINEXT_BOARD|06|300185.SZ,2021,5,CHINEXT_BOARD,6,300185.SZ,0,0,False,False
2021|05|CHINEXT_BOARD|07|300062.SZ,2021,5,CHINEXT_BOARD,7,300062.SZ,0,0,False,False
2021|05|CHINEXT_BOARD|08|300587.SZ,2021,5,CHINEXT_BOARD,8,300587.SZ,0,0,False,False
2021|05|CHINEXT_BOARD|09|300706.SZ,2021,5,CHINEXT_BOARD,9,300706.SZ,0,0,False,False
2021|05|CHINEXT_BOARD|10|300485.SZ,2021,5,CHINEXT_BOARD,10,300485.SZ,2,1,True,False
2021|05|SH_A|01|601878.SH,2021,5,SH_A,1,601878.SH,4,4,True,True
2021|05|SH_A|02|688208.SH,2021,5,SH_A,2,688208.SH,2,2,True,True
2021|05|SH_A|03|603367.SH,2021,5,SH_A,3,603367.SH,1,1,False,False
2021|05|SH_A|04|600651.SH,2021,5,SH_A,4,600651.SH,3,3,True,True
2021|05|SH_A|05|603636.SH,2021,5,SH_A,5,603636.SH,1,0,False,False
2021|05|SH_A|06|600963.SH,2021,5,SH_A,6,600963.SH,0,0,False,False
2021|05|SH_A|07|605128.SH,2021,5,SH_A,7,605128.SH,0,0,False,False
2021|05|SH_A|08|603180.SH,2021,5,SH_A,8,603180.SH,4,3,True,True
2021|05|SH_A|09|600512.SH,2021,5,SH_A,9,600512.SH,2,2,True,True
2021|05|SH_A|10|600624.SH,2021,5,SH_A,10,600624.SH,4,3,True,True
2021|05|SZ_A|01|000513.SZ,2021,5,SZ_A,1,000513.SZ,4,4,True,True
2021|05|SZ_A|02|002828.SZ,2021,5,SZ_A,2,002828.SZ,3,0,True,False
2021|05|SZ_A|03|003040.SZ,2021,5,SZ_A,3,003040.SZ,3,0,True,False
2021|05|SZ_A|04|002426.SZ,2021,5,SZ_A,4,002426.SZ,1,1,False,False
2021|05|SZ_A|05|002439.SZ,2021,5,SZ_A,5,002439.SZ,0,0,False,False
2021|05|SZ_A|06|000415.SZ,2021,5,SZ_A,6,000415.SZ,0,0,False,False
2021|05|SZ_A|07|002459.SZ,2021,5,SZ_A,7,002459.SZ,0,0,False,False
2021|05|SZ_A|08|002626.SZ,2021,5,SZ_A,8,002626.SZ,3,3,True,True
2021|05|SZ_A|09|002370.SZ,2021,5,SZ_A,9,002370.SZ,3,3,True,True
2021|05|SZ_A|10|002976.SZ,2021,5,SZ_A,10,002976.SZ,2,1,True,False
2021|06|ALL_A|01|002327.SZ,2021,6,ALL_A,1,002327.SZ,0,0,False,False
2021|06|ALL_A|02|600307.SH,2021,6,ALL_A,2,600307.SH,0,0,False,False
2021|06|ALL_A|03|000610.SZ,2021,6,ALL_A,3,000610.SZ,0,0,False,False
2021|06|ALL_A|04|600824.SH,2021,6,ALL_A,4,600824.SH,0,0,False,False
2021|06|ALL_A|05|002583.SZ,2021,6,ALL_A,5,002583.SZ,0,0,False,False
2021|06|ALL_A|06|002573.SZ,2021,6,ALL_A,6,002573.SZ,0,0,False,False
2021|06|ALL_A|07|002681.SZ,2021,6,ALL_A,7,002681.SZ,1,1,False,False
2021|06|ALL_A|08|600259.SH,2021,6,ALL_A,8,600259.SH,0,0,False,False
2021|06|ALL_A|09|002952.SZ,2021,6,ALL_A,9,002952.SZ,0,0,False,False
2021|06|ALL_A|10|000908.SZ,2021,6,ALL_A,10,000908.SZ,1,1,False,False
2021|06|CHINEXT_BOARD|01|300781.SZ,2021,6,CHINEXT_BOARD,1,300781.SZ,0,0,False,False
2021|06|CHINEXT_BOARD|02|300432.SZ,2021,6,CHINEXT_BOARD,2,300432.SZ,0,0,False,False
2021|06|CHINEXT_BOARD|03|300096.SZ,2021,6,CHINEXT_BOARD,3,300096.SZ,3,3,True,True
2021|06|CHINEXT_BOARD|04|300760.SZ,2021,6,CHINEXT_BOARD,4,300760.SZ,0,0,False,False
2021|06|CHINEXT_BOARD|05|300264.SZ,2021,6,CHINEXT_BOARD,5,300264.SZ,0,0,False,False
2021|06|CHINEXT_BOARD|06|300823.SZ,2021,6,CHINEXT_BOARD,6,300823.SZ,0,0,False,False
2021|06|CHINEXT_BOARD|07|300339.SZ,2021,6,CHINEXT_BOARD,7,300339.SZ,4,4,True,True
2021|06|CHINEXT_BOARD|08|300195.SZ,2021,6,CHINEXT_BOARD,8,300195.SZ,0,0,False,False
2021|06|CHINEXT_BOARD|09|300224.SZ,2021,6,CHINEXT_BOARD,9,300224.SZ,0,0,False,False
2021|06|CHINEXT_BOARD|10|300657.SZ,2021,6,CHINEXT_BOARD,10,300657.SZ,0,0,False,False
2021|06|SH_A|01|600350.SH,2021,6,SH_A,1,600350.SH,0,0,False,False
2021|06|SH_A|02|601198.SH,2021,6,SH_A,2,601198.SH,0,0,False,False
2021|06|SH_A|03|603339.SH,2021,6,SH_A,3,603339.SH,0,0,False,False
2021|06|SH_A|04|600807.SH,2021,6,SH_A,4,600807.SH,0,0,False,False
2021|06|SH_A|05|603002.SH,2021,6,SH_A,5,603002.SH,0,0,False,False
2021|06|SH_A|06|605488.SH,2021,6,SH_A,6,605488.SH,0,0,False,False
2021|06|SH_A|07|600998.SH,2021,6,SH_A,7,600998.SH,0,0,False,False
2021|06|SH_A|08|600871.SH,2021,6,SH_A,8,600871.SH,0,0,False,False
2021|06|SH_A|09|600345.SH,2021,6,SH_A,9,600345.SH,1,0,False,False
2021|06|SH_A|10|603186.SH,2021,6,SH_A,10,603186.SH,2,1,True,False
2021|06|SZ_A|01|002273.SZ,2021,6,SZ_A,1,002273.SZ,0,0,False,False
2021|06|SZ_A|02|000565.SZ,2021,6,SZ_A,2,000565.SZ,0,0,False,False
2021|06|SZ_A|03|000822.SZ,2021,6,SZ_A,3,000822.SZ,0,0,False,False
2021|06|SZ_A|04|300776.SZ,2021,6,SZ_A,4,300776.SZ,0,0,False,False
2021|06|SZ_A|05|300462.SZ,2021,6,SZ_A,5,300462.SZ,2,2,True,True
2021|06|SZ_A|06|300100.SZ,2021,6,SZ_A,6,300100.SZ,1,1,False,False
2021|06|SZ_A|07|300554.SZ,2021,6,SZ_A,7,300554.SZ,0,0,False,False
2021|06|SZ_A|08|002439.SZ,2021,6,SZ_A,8,002439.SZ,0,0,False,False
2021|06|SZ_A|09|000048.SZ,2021,6,SZ_A,9,000048.SZ,3,3,True,True
2021|06|SZ_A|10|002763.SZ,2021,6,SZ_A,10,002763.SZ,0,0,False,False
2021|07|ALL_A|01|300082.SZ,2021,7,ALL_A,1,300082.SZ,0,0,False,False
2021|07|ALL_A|02|002807.SZ,2021,7,ALL_A,2,002807.SZ,0,0,False,False
2021|07|ALL_A|03|300554.SZ,2021,7,ALL_A,3,300554.SZ,0,0,False,False
2021|07|ALL_A|04|603060.SH,2021,7,ALL_A,4,603060.SH,0,0,False,False
2021|07|ALL_A|05|600561.SH,2021,7,ALL_A,5,600561.SH,0,0,False,False
2021|07|ALL_A|06|600706.SH,2021,7,ALL_A,6,600706.SH,1,1,False,False
2021|07|ALL_A|07|600259.SH,2021,7,ALL_A,7,600259.SH,1,1,False,False
2021|07|ALL_A|08|002748.SZ,2021,7,ALL_A,8,002748.SZ,0,0,False,False
2021|07|ALL_A|09|603590.SH,2021,7,ALL_A,9,603590.SH,1,1,False,False
2021|07|ALL_A|10|688600.SH,2021,7,ALL_A,10,688600.SH,3,3,True,True
2021|07|CHINEXT_BOARD|01|300272.SZ,2021,7,CHINEXT_BOARD,1,300272.SZ,0,0,False,False
2021|07|CHINEXT_BOARD|02|300165.SZ,2021,7,CHINEXT_BOARD,2,300165.SZ,2,2,True,True
2021|07|CHINEXT_BOARD|03|300592.SZ,2021,7,CHINEXT_BOARD,3,300592.SZ,0,0,False,False
2021|07|CHINEXT_BOARD|04|300849.SZ,2021,7,CHINEXT_BOARD,4,300849.SZ,1,1,False,False
2021|07|CHINEXT_BOARD|05|300852.SZ,2021,7,CHINEXT_BOARD,5,300852.SZ,0,0,False,False
2021|07|CHINEXT_BOARD|06|300084.SZ,2021,7,CHINEXT_BOARD,6,300084.SZ,0,0,False,False
2021|07|CHINEXT_BOARD|07|300965.SZ,2021,7,CHINEXT_BOARD,7,300965.SZ,0,0,False,False
2021|07|CHINEXT_BOARD|08|300533.SZ,2021,7,CHINEXT_BOARD,8,300533.SZ,0,0,False,False
2021|07|CHINEXT_BOARD|09|300766.SZ,2021,7,CHINEXT_BOARD,9,300766.SZ,0,0,False,False
2021|07|CHINEXT_BOARD|10|300566.SZ,2021,7,CHINEXT_BOARD,10,300566.SZ,1,0,False,False
2021|07|SH_A|01|603121.SH,2021,7,SH_A,1,603121.SH,0,0,False,False
2021|07|SH_A|02|601198.SH,2021,7,SH_A,2,601198.SH,0,0,False,False
2021|07|SH_A|03|600185.SH,2021,7,SH_A,3,600185.SH,0,0,False,False
2021|07|SH_A|04|603390.SH,2021,7,SH_A,4,603390.SH,1,1,False,False
2021|07|SH_A|05|688588.SH,2021,7,SH_A,5,688588.SH,0,0,False,False
2021|07|SH_A|06|600510.SH,2021,7,SH_A,6,600510.SH,3,3,True,True
2021|07|SH_A|07|601908.SH,2021,7,SH_A,7,601908.SH,3,3,True,True
2021|07|SH_A|08|600868.SH,2021,7,SH_A,8,600868.SH,1,1,False,False
2021|07|SH_A|09|600386.SH,2021,7,SH_A,9,600386.SH,0,0,False,False
2021|07|SH_A|10|603007.SH,2021,7,SH_A,10,603007.SH,0,0,False,False
2021|07|SZ_A|01|000953.SZ,2021,7,SZ_A,1,000953.SZ,2,2,True,True
2021|07|SZ_A|02|002980.SZ,2021,7,SZ_A,2,002980.SZ,0,0,False,False
2021|07|SZ_A|03|300041.SZ,2021,7,SZ_A,3,300041.SZ,1,1,False,False
2021|07|SZ_A|04|002287.SZ,2021,7,SZ_A,4,002287.SZ,0,0,False,False
2021|07|SZ_A|05|300413.SZ,2021,7,SZ_A,5,300413.SZ,2,2,True,True
2021|07|SZ_A|06|301025.SZ,2021,7,SZ_A,6,301025.SZ,0,0,False,False
2021|07|SZ_A|07|300510.SZ,2021,7,SZ_A,7,300510.SZ,1,1,False,False
2021|07|SZ_A|08|002167.SZ,2021,7,SZ_A,8,002167.SZ,0,0,False,False
2021|07|SZ_A|09|002159.SZ,2021,7,SZ_A,9,002159.SZ,2,2,True,True
2021|07|SZ_A|10|300073.SZ,2021,7,SZ_A,10,300073.SZ,0,0,False,False
2021|08|ALL_A|01|600150.SH,2021,8,ALL_A,1,600150.SH,1,1,False,False
2021|08|ALL_A|02|300076.SZ,2021,8,ALL_A,2,300076.SZ,0,0,False,False
2021|08|ALL_A|03|002565.SZ,2021,8,ALL_A,3,002565.SZ,0,0,False,False
2021|08|ALL_A|04|603396.SH,2021,8,ALL_A,4,603396.SH,0,0,False,False
2021|08|ALL_A|05|002395.SZ,2021,8,ALL_A,5,002395.SZ,0,0,False,False
2021|08|ALL_A|06|688239.SH,2021,8,ALL_A,6,688239.SH,0,0,False,False
2021|08|ALL_A|07|300584.SZ,2021,8,ALL_A,7,300584.SZ,0,0,False,False
2021|08|ALL_A|08|603861.SH,2021,8,ALL_A,8,603861.SH,0,0,False,False
2021|08|ALL_A|09|601898.SH,2021,8,ALL_A,9,601898.SH,3,3,True,True
2021|08|ALL_A|10|600780.SH,2021,8,ALL_A,10,600780.SH,0,0,False,False
2021|08|CHINEXT_BOARD|01|300460.SZ,2021,8,CHINEXT_BOARD,1,300460.SZ,0,0,False,False
2021|08|CHINEXT_BOARD|02|300677.SZ,2021,8,CHINEXT_BOARD,2,300677.SZ,0,0,False,False
2021|08|CHINEXT_BOARD|03|300547.SZ,2021,8,CHINEXT_BOARD,3,300547.SZ,0,0,False,False
2021|08|CHINEXT_BOARD|04|300616.SZ,2021,8,CHINEXT_BOARD,4,300616.SZ,0,0,False,False
2021|08|CHINEXT_BOARD|05|300871.SZ,2021,8,CHINEXT_BOARD,5,300871.SZ,0,0,False,False
2021|08|CHINEXT_BOARD|06|300337.SZ,2021,8,CHINEXT_BOARD,6,300337.SZ,0,0,False,False
2021|08|CHINEXT_BOARD|07|300059.SZ,2021,8,CHINEXT_BOARD,7,300059.SZ,0,0,False,False
2021|08|CHINEXT_BOARD|08|300094.SZ,2021,8,CHINEXT_BOARD,8,300094.SZ,0,0,False,False
2021|08|CHINEXT_BOARD|09|300730.SZ,2021,8,CHINEXT_BOARD,9,300730.SZ,0,0,False,False
2021|08|CHINEXT_BOARD|10|301040.SZ,2021,8,CHINEXT_BOARD,10,301040.SZ,0,0,False,False
2021|08|SH_A|01|600754.SH,2021,8,SH_A,1,600754.SH,0,0,False,False
2021|08|SH_A|02|603730.SH,2021,8,SH_A,2,603730.SH,0,0,False,False
2021|08|SH_A|03|688670.SH,2021,8,SH_A,3,688670.SH,1,1,False,False
2021|08|SH_A|04|600536.SH,2021,8,SH_A,4,600536.SH,0,0,False,False
2021|08|SH_A|05|600132.SH,2021,8,SH_A,5,600132.SH,0,0,False,False
2021|08|SH_A|06|601933.SH,2021,8,SH_A,6,601933.SH,0,0,False,False
2021|08|SH_A|07|605500.SH,2021,8,SH_A,7,605500.SH,0,0,False,False
2021|08|SH_A|08|603629.SH,2021,8,SH_A,8,603629.SH,0,0,False,False
2021|08|SH_A|09|601577.SH,2021,8,SH_A,9,601577.SH,0,0,False,False
2021|08|SH_A|10|688083.SH,2021,8,SH_A,10,688083.SH,0,0,False,False
2021|08|SZ_A|01|002789.SZ,2021,8,SZ_A,1,002789.SZ,0,0,False,False
2021|08|SZ_A|02|003005.SZ,2021,8,SZ_A,2,003005.SZ,0,0,False,False
2021|08|SZ_A|03|000823.SZ,2021,8,SZ_A,3,000823.SZ,0,0,False,False
2021|08|SZ_A|04|300086.SZ,2021,8,SZ_A,4,300086.SZ,0,0,False,False
2021|08|SZ_A|05|000933.SZ,2021,8,SZ_A,5,000933.SZ,2,2,True,True
2021|08|SZ_A|06|000019.SZ,2021,8,SZ_A,6,000019.SZ,0,0,False,False
2021|08|SZ_A|07|000952.SZ,2021,8,SZ_A,7,000952.SZ,0,0,False,False
2021|08|SZ_A|08|300051.SZ,2021,8,SZ_A,8,300051.SZ,0,0,False,False
2021|08|SZ_A|09|300257.SZ,2021,8,SZ_A,9,300257.SZ,0,0,False,False
2021|08|SZ_A|10|300167.SZ,2021,8,SZ_A,10,300167.SZ,0,0,False,False
2022|01|ALL_A|01|301180.SZ,2022,1,ALL_A,1,301180.SZ,2,2,True,True
2022|01|ALL_A|02|601377.SH,2022,1,ALL_A,2,601377.SH,1,1,False,False
2022|01|ALL_A|03|000737.SZ,2022,1,ALL_A,3,000737.SZ,3,2,True,True
2022|01|ALL_A|04|603319.SH,2022,1,ALL_A,4,603319.SH,2,2,True,True
2022|01|ALL_A|05|002033.SZ,2022,1,ALL_A,5,002033.SZ,1,1,False,False
2022|01|ALL_A|06|301177.SZ,2022,1,ALL_A,6,301177.SZ,2,2,True,True
2022|01|ALL_A|07|603589.SH,2022,1,ALL_A,7,603589.SH,3,1,True,False
2022|01|ALL_A|08|600808.SH,2022,1,ALL_A,8,600808.SH,2,2,True,True
2022|01|ALL_A|09|600578.SH,2022,1,ALL_A,9,600578.SH,1,1,False,False
2022|01|ALL_A|10|002358.SZ,2022,1,ALL_A,10,002358.SZ,2,2,True,True
2022|01|CHINEXT_BOARD|01|300395.SZ,2022,1,CHINEXT_BOARD,1,300395.SZ,0,0,False,False
2022|01|CHINEXT_BOARD|02|300125.SZ,2022,1,CHINEXT_BOARD,2,300125.SZ,0,0,False,False
2022|01|CHINEXT_BOARD|03|301085.SZ,2022,1,CHINEXT_BOARD,3,301085.SZ,0,0,False,False
2022|01|CHINEXT_BOARD|04|300620.SZ,2022,1,CHINEXT_BOARD,4,300620.SZ,3,2,True,True
2022|01|CHINEXT_BOARD|05|300340.SZ,2022,1,CHINEXT_BOARD,5,300340.SZ,1,1,False,False
2022|01|CHINEXT_BOARD|06|300260.SZ,2022,1,CHINEXT_BOARD,6,300260.SZ,0,0,False,False
2022|01|CHINEXT_BOARD|07|300147.SZ,2022,1,CHINEXT_BOARD,7,300147.SZ,0,0,False,False
2022|01|CHINEXT_BOARD|08|300568.SZ,2022,1,CHINEXT_BOARD,8,300568.SZ,0,0,False,False
2022|01|CHINEXT_BOARD|09|300931.SZ,2022,1,CHINEXT_BOARD,9,300931.SZ,2,2,True,True
2022|01|CHINEXT_BOARD|10|300375.SZ,2022,1,CHINEXT_BOARD,10,300375.SZ,2,2,True,True
2022|01|SH_A|01|600326.SH,2022,1,SH_A,1,600326.SH,2,2,True,True
2022|01|SH_A|02|601999.SH,2022,1,SH_A,2,601999.SH,2,2,True,True
2022|01|SH_A|03|600467.SH,2022,1,SH_A,3,600467.SH,1,1,False,False
2022|01|SH_A|04|688195.SH,2022,1,SH_A,4,688195.SH,4,4,True,True
2022|01|SH_A|05|688078.SH,2022,1,SH_A,5,688078.SH,1,0,False,False
2022|01|SH_A|06|600928.SH,2022,1,SH_A,6,600928.SH,2,2,True,True
2022|01|SH_A|07|600052.SH,2022,1,SH_A,7,600052.SH,1,1,False,False
2022|01|SH_A|08|688191.SH,2022,1,SH_A,8,688191.SH,2,2,True,True
2022|01|SH_A|09|600663.SH,2022,1,SH_A,9,600663.SH,2,2,True,True
2022|01|SH_A|10|600867.SH,2022,1,SH_A,10,600867.SH,0,0,False,False
2022|01|SZ_A|01|000936.SZ,2022,1,SZ_A,1,000936.SZ,2,2,True,True
2022|01|SZ_A|02|002039.SZ,2022,1,SZ_A,2,002039.SZ,1,0,False,False
2022|01|SZ_A|03|300576.SZ,2022,1,SZ_A,3,300576.SZ,2,2,True,True
2022|01|SZ_A|04|300289.SZ,2022,1,SZ_A,4,300289.SZ,0,0,False,False
2022|01|SZ_A|05|002810.SZ,2022,1,SZ_A,5,002810.SZ,2,2,True,True
2022|01|SZ_A|06|002258.SZ,2022,1,SZ_A,6,002258.SZ,2,2,True,True
2022|01|SZ_A|07|301003.SZ,2022,1,SZ_A,7,301003.SZ,1,1,False,False
2022|01|SZ_A|08|000027.SZ,2022,1,SZ_A,8,000027.SZ,2,2,True,True
2022|01|SZ_A|09|002895.SZ,2022,1,SZ_A,9,002895.SZ,2,2,True,True
2022|01|SZ_A|10|002862.SZ,2022,1,SZ_A,10,002862.SZ,2,2,True,True
2022|02|ALL_A|01|688580.SH,2022,2,ALL_A,1,688580.SH,1,1,False,False
2022|02|ALL_A|02|002774.SZ,2022,2,ALL_A,2,002774.SZ,1,1,False,False
2022|02|ALL_A|03|300932.SZ,2022,2,ALL_A,3,300932.SZ,2,2,True,True
2022|02|ALL_A|04|000683.SZ,2022,2,ALL_A,4,000683.SZ,0,0,False,False
2022|02|ALL_A|05|000637.SZ,2022,2,ALL_A,5,000637.SZ,0,0,False,False
2022|02|ALL_A|06|002008.SZ,2022,2,ALL_A,6,002008.SZ,3,3,True,True
2022|02|ALL_A|07|600733.SH,2022,2,ALL_A,7,600733.SH,0,0,False,False
2022|02|ALL_A|08|300432.SZ,2022,2,ALL_A,8,300432.SZ,1,1,False,False
2022|02|ALL_A|09|300567.SZ,2022,2,ALL_A,9,300567.SZ,0,0,False,False
2022|02|ALL_A|10|002809.SZ,2022,2,ALL_A,10,002809.SZ,1,1,False,False
2022|02|CHINEXT_BOARD|01|300466.SZ,2022,2,CHINEXT_BOARD,1,300466.SZ,1,1,False,False
2022|02|CHINEXT_BOARD|02|300267.SZ,2022,2,CHINEXT_BOARD,2,300267.SZ,1,1,False,False
2022|02|CHINEXT_BOARD|03|301221.SZ,2022,2,CHINEXT_BOARD,3,301221.SZ,1,1,False,False
2022|02|CHINEXT_BOARD|04|300371.SZ,2022,2,CHINEXT_BOARD,4,300371.SZ,2,2,True,True
2022|02|CHINEXT_BOARD|05|300277.SZ,2022,2,CHINEXT_BOARD,5,300277.SZ,2,2,True,True
2022|02|CHINEXT_BOARD|06|300508.SZ,2022,2,CHINEXT_BOARD,6,300508.SZ,0,0,False,False
2022|02|CHINEXT_BOARD|07|300440.SZ,2022,2,CHINEXT_BOARD,7,300440.SZ,0,0,False,False
2022|02|CHINEXT_BOARD|08|300433.SZ,2022,2,CHINEXT_BOARD,8,300433.SZ,1,1,False,False
2022|02|CHINEXT_BOARD|09|300564.SZ,2022,2,CHINEXT_BOARD,9,300564.SZ,3,2,True,True
2022|02|CHINEXT_BOARD|10|301018.SZ,2022,2,CHINEXT_BOARD,10,301018.SZ,2,2,True,True
2022|02|SH_A|01|605008.SH,2022,2,SH_A,1,605008.SH,2,2,True,True
2022|02|SH_A|02|600587.SH,2022,2,SH_A,2,600587.SH,1,1,False,False
2022|02|SH_A|03|600872.SH,2022,2,SH_A,3,600872.SH,0,0,False,False
2022|02|SH_A|04|600123.SH,2022,2,SH_A,4,600123.SH,0,0,False,False
2022|02|SH_A|05|600576.SH,2022,2,SH_A,5,600576.SH,2,2,True,True
2022|02|SH_A|06|603565.SH,2022,2,SH_A,6,603565.SH,0,0,False,False
2022|02|SH_A|07|688513.SH,2022,2,SH_A,7,688513.SH,2,2,True,True
2022|02|SH_A|08|603798.SH,2022,2,SH_A,8,603798.SH,0,0,False,False
2022|02|SH_A|09|603997.SH,2022,2,SH_A,9,603997.SH,1,1,False,False
2022|02|SH_A|10|688633.SH,2022,2,SH_A,10,688633.SH,2,2,True,True
2022|02|SZ_A|01|300866.SZ,2022,2,SZ_A,1,300866.SZ,2,2,True,True
2022|02|SZ_A|02|002371.SZ,2022,2,SZ_A,2,002371.SZ,1,1,False,False
2022|02|SZ_A|03|002597.SZ,2022,2,SZ_A,3,002597.SZ,0,0,False,False
2022|02|SZ_A|04|002074.SZ,2022,2,SZ_A,4,002074.SZ,2,2,True,True
2022|02|SZ_A|05|002046.SZ,2022,2,SZ_A,5,002046.SZ,2,2,True,True
2022|02|SZ_A|06|002818.SZ,2022,2,SZ_A,6,002818.SZ,0,0,False,False
2022|02|SZ_A|07|001696.SZ,2022,2,SZ_A,7,001696.SZ,0,0,False,False
2022|02|SZ_A|08|002284.SZ,2022,2,SZ_A,8,002284.SZ,1,1,False,False
2022|02|SZ_A|09|002602.SZ,2022,2,SZ_A,9,002602.SZ,2,1,True,False
2022|02|SZ_A|10|300837.SZ,2022,2,SZ_A,10,300837.SZ,2,2,True,True
2022|03|ALL_A|01|002315.SZ,2022,3,ALL_A,1,002315.SZ,0,0,False,False
2022|03|ALL_A|02|300101.SZ,2022,3,ALL_A,2,300101.SZ,0,0,False,False
2022|03|ALL_A|03|002889.SZ,2022,3,ALL_A,3,002889.SZ,0,0,False,False
2022|03|ALL_A|04|000506.SZ,2022,3,ALL_A,4,000506.SZ,0,0,False,False
2022|03|ALL_A|05|603203.SH,2022,3,ALL_A,5,603203.SH,0,0,False,False
2022|03|ALL_A|06|002654.SZ,2022,3,ALL_A,6,002654.SZ,0,0,False,False
2022|03|ALL_A|07|002471.SZ,2022,3,ALL_A,7,002471.SZ,0,0,False,False
2022|03|ALL_A|08|002400.SZ,2022,3,ALL_A,8,002400.SZ,0,0,False,False
2022|03|ALL_A|09|300488.SZ,2022,3,ALL_A,9,300488.SZ,0,0,False,False
2022|03|ALL_A|10|601567.SH,2022,3,ALL_A,10,601567.SH,0,0,False,False
2022|03|CHINEXT_BOARD|01|300961.SZ,2022,3,CHINEXT_BOARD,1,300961.SZ,0,0,False,False
2022|03|CHINEXT_BOARD|02|300520.SZ,2022,3,CHINEXT_BOARD,2,300520.SZ,0,0,False,False
2022|03|CHINEXT_BOARD|03|300328.SZ,2022,3,CHINEXT_BOARD,3,300328.SZ,0,0,False,False
2022|03|CHINEXT_BOARD|04|301222.SZ,2022,3,CHINEXT_BOARD,4,301222.SZ,0,0,False,False
2022|03|CHINEXT_BOARD|05|300480.SZ,2022,3,CHINEXT_BOARD,5,300480.SZ,0,0,False,False
2022|03|CHINEXT_BOARD|06|300796.SZ,2022,3,CHINEXT_BOARD,6,300796.SZ,0,0,False,False
2022|03|CHINEXT_BOARD|07|300374.SZ,2022,3,CHINEXT_BOARD,7,300374.SZ,0,0,False,False
2022|03|CHINEXT_BOARD|08|301108.SZ,2022,3,CHINEXT_BOARD,8,301108.SZ,0,0,False,False
2022|03|CHINEXT_BOARD|09|300811.SZ,2022,3,CHINEXT_BOARD,9,300811.SZ,0,0,False,False
2022|03|CHINEXT_BOARD|10|300126.SZ,2022,3,CHINEXT_BOARD,10,300126.SZ,0,0,False,False
2022|03|SH_A|01|603587.SH,2022,3,SH_A,1,603587.SH,0,0,False,False
2022|03|SH_A|02|600703.SH,2022,3,SH_A,2,600703.SH,0,0,False,False
2022|03|SH_A|03|688265.SH,2022,3,SH_A,3,688265.SH,0,0,False,False
2022|03|SH_A|04|600908.SH,2022,3,SH_A,4,600908.SH,0,0,False,False
2022|03|SH_A|05|600287.SH,2022,3,SH_A,5,600287.SH,0,0,False,False
2022|03|SH_A|06|603222.SH,2022,3,SH_A,6,603222.SH,0,0,False,False
2022|03|SH_A|07|688298.SH,2022,3,SH_A,7,688298.SH,1,1,False,False
2022|03|SH_A|08|600104.SH,2022,3,SH_A,8,600104.SH,0,0,False,False
2022|03|SH_A|09|601608.SH,2022,3,SH_A,9,601608.SH,0,0,False,False
2022|03|SH_A|10|600616.SH,2022,3,SH_A,10,600616.SH,0,0,False,False
2022|03|SZ_A|01|002101.SZ,2022,3,SZ_A,1,002101.SZ,0,0,False,False
2022|03|SZ_A|02|002540.SZ,2022,3,SZ_A,2,002540.SZ,0,0,False,False
2022|03|SZ_A|03|300299.SZ,2022,3,SZ_A,3,300299.SZ,0,0,False,False
2022|03|SZ_A|04|300882.SZ,2022,3,SZ_A,4,300882.SZ,0,0,False,False
2022|03|SZ_A|05|000877.SZ,2022,3,SZ_A,5,000877.SZ,0,0,False,False
2022|03|SZ_A|06|001212.SZ,2022,3,SZ_A,6,001212.SZ,0,0,False,False
2022|03|SZ_A|07|002903.SZ,2022,3,SZ_A,7,002903.SZ,0,0,False,False
2022|03|SZ_A|08|002669.SZ,2022,3,SZ_A,8,002669.SZ,0,0,False,False
2022|03|SZ_A|09|002028.SZ,2022,3,SZ_A,9,002028.SZ,0,0,False,False
2022|03|SZ_A|10|000897.SZ,2022,3,SZ_A,10,000897.SZ,0,0,False,False
2022|04|ALL_A|01|688566.SH,2022,4,ALL_A,1,688566.SH,0,0,False,False
2022|04|ALL_A|02|301200.SZ,2022,4,ALL_A,2,301200.SZ,0,0,False,False
2022|04|ALL_A|03|002583.SZ,2022,4,ALL_A,3,002583.SZ,0,0,False,False
2022|04|ALL_A|04|600671.SH,2022,4,ALL_A,4,600671.SH,0,0,False,False
2022|04|ALL_A|05|300884.SZ,2022,4,ALL_A,5,300884.SZ,0,0,False,False
2022|04|ALL_A|06|603138.SH,2022,4,ALL_A,6,603138.SH,0,0,False,False
2022|04|ALL_A|07|600500.SH,2022,4,ALL_A,7,600500.SH,0,0,False,False
2022|04|ALL_A|08|688097.SH,2022,4,ALL_A,8,688097.SH,0,0,False,False
2022|04|ALL_A|09|603232.SH,2022,4,ALL_A,9,603232.SH,0,0,False,False
2022|04|ALL_A|10|688209.SH,2022,4,ALL_A,10,688209.SH,0,0,False,False
2022|04|CHINEXT_BOARD|01|300575.SZ,2022,4,CHINEXT_BOARD,1,300575.SZ,0,0,False,False
2022|04|CHINEXT_BOARD|02|300686.SZ,2022,4,CHINEXT_BOARD,2,300686.SZ,0,0,False,False
2022|04|CHINEXT_BOARD|03|300393.SZ,2022,4,CHINEXT_BOARD,3,300393.SZ,0,0,False,False
2022|04|CHINEXT_BOARD|04|301001.SZ,2022,4,CHINEXT_BOARD,4,301001.SZ,1,1,False,False
2022|04|CHINEXT_BOARD|05|300879.SZ,2022,4,CHINEXT_BOARD,5,300879.SZ,0,0,False,False
2022|04|CHINEXT_BOARD|06|300466.SZ,2022,4,CHINEXT_BOARD,6,300466.SZ,0,0,False,False
2022|04|CHINEXT_BOARD|07|300287.SZ,2022,4,CHINEXT_BOARD,7,300287.SZ,0,0,False,False
2022|04|CHINEXT_BOARD|08|300158.SZ,2022,4,CHINEXT_BOARD,8,300158.SZ,0,0,False,False
2022|04|CHINEXT_BOARD|09|300511.SZ,2022,4,CHINEXT_BOARD,9,300511.SZ,0,0,False,False
2022|04|CHINEXT_BOARD|10|300257.SZ,2022,4,CHINEXT_BOARD,10,300257.SZ,0,0,False,False
2022|04|SH_A|01|603969.SH,2022,4,SH_A,1,603969.SH,1,1,False,False
2022|04|SH_A|02|600547.SH,2022,4,SH_A,2,600547.SH,0,0,False,False
2022|04|SH_A|03|688166.SH,2022,4,SH_A,3,688166.SH,0,0,False,False
2022|04|SH_A|04|600004.SH,2022,4,SH_A,4,600004.SH,0,0,False,False
2022|04|SH_A|05|605188.SH,2022,4,SH_A,5,605188.SH,0,0,False,False
2022|04|SH_A|06|603298.SH,2022,4,SH_A,6,603298.SH,0,0,False,False
2022|04|SH_A|07|688220.SH,2022,4,SH_A,7,688220.SH,0,0,False,False
2022|04|SH_A|08|603197.SH,2022,4,SH_A,8,603197.SH,0,0,False,False
2022|04|SH_A|09|600563.SH,2022,4,SH_A,9,600563.SH,0,0,False,False
2022|04|SH_A|10|600807.SH,2022,4,SH_A,10,600807.SH,0,0,False,False
2022|04|SZ_A|01|000837.SZ,2022,4,SZ_A,1,000837.SZ,0,0,False,False
2022|04|SZ_A|02|002141.SZ,2022,4,SZ_A,2,002141.SZ,0,0,False,False
2022|04|SZ_A|03|002888.SZ,2022,4,SZ_A,3,002888.SZ,0,0,False,False
2022|04|SZ_A|04|001218.SZ,2022,4,SZ_A,4,001218.SZ,0,0,False,False
2022|04|SZ_A|05|300759.SZ,2022,4,SZ_A,5,300759.SZ,0,0,False,False
2022|04|SZ_A|06|301168.SZ,2022,4,SZ_A,6,301168.SZ,0,0,False,False
2022|04|SZ_A|07|300258.SZ,2022,4,SZ_A,7,300258.SZ,0,0,False,False
2022|04|SZ_A|08|301085.SZ,2022,4,SZ_A,8,301085.SZ,0,0,False,False
2022|04|SZ_A|09|002526.SZ,2022,4,SZ_A,9,002526.SZ,0,0,False,False
2022|04|SZ_A|10|000819.SZ,2022,4,SZ_A,10,000819.SZ,0,0,False,False
2022|05|ALL_A|01|002452.SZ,2022,5,ALL_A,1,002452.SZ,0,0,False,False
2022|05|ALL_A|02|300450.SZ,2022,5,ALL_A,2,300450.SZ,1,1,False,False
2022|05|ALL_A|03|603217.SH,2022,5,ALL_A,3,603217.SH,0,0,False,False
2022|05|ALL_A|04|300339.SZ,2022,5,ALL_A,4,300339.SZ,0,0,False,False
2022|05|ALL_A|05|000531.SZ,2022,5,ALL_A,5,000531.SZ,0,0,False,False
2022|05|ALL_A|06|688368.SH,2022,5,ALL_A,6,688368.SH,2,2,True,True
2022|05|ALL_A|07|000821.SZ,2022,5,ALL_A,7,000821.SZ,0,0,False,False
2022|05|ALL_A|08|002468.SZ,2022,5,ALL_A,8,002468.SZ,0,0,False,False
2022|05|ALL_A|09|000727.SZ,2022,5,ALL_A,9,000727.SZ,0,0,False,False
2022|05|ALL_A|10|000506.SZ,2022,5,ALL_A,10,000506.SZ,0,0,False,False
2022|05|CHINEXT_BOARD|01|300496.SZ,2022,5,CHINEXT_BOARD,1,300496.SZ,0,0,False,False
2022|05|CHINEXT_BOARD|02|300939.SZ,2022,5,CHINEXT_BOARD,2,300939.SZ,0,0,False,False
2022|05|CHINEXT_BOARD|03|300819.SZ,2022,5,CHINEXT_BOARD,3,300819.SZ,1,1,False,False
2022|05|CHINEXT_BOARD|04|300960.SZ,2022,5,CHINEXT_BOARD,4,300960.SZ,0,0,False,False
2022|05|CHINEXT_BOARD|05|300883.SZ,2022,5,CHINEXT_BOARD,5,300883.SZ,0,0,False,False
2022|05|CHINEXT_BOARD|06|301019.SZ,2022,5,CHINEXT_BOARD,6,301019.SZ,1,1,False,False
2022|05|CHINEXT_BOARD|07|301005.SZ,2022,5,CHINEXT_BOARD,7,301005.SZ,0,0,False,False
2022|05|CHINEXT_BOARD|08|301169.SZ,2022,5,CHINEXT_BOARD,8,301169.SZ,1,1,False,False
2022|05|CHINEXT_BOARD|09|300478.SZ,2022,5,CHINEXT_BOARD,9,300478.SZ,0,0,False,False
2022|05|CHINEXT_BOARD|10|300842.SZ,2022,5,CHINEXT_BOARD,10,300842.SZ,0,0,False,False
2022|05|SH_A|01|603660.SH,2022,5,SH_A,1,603660.SH,0,0,False,False
2022|05|SH_A|02|601825.SH,2022,5,SH_A,2,601825.SH,1,1,False,False
2022|05|SH_A|03|603515.SH,2022,5,SH_A,3,603515.SH,1,1,False,False
2022|05|SH_A|04|600551.SH,2022,5,SH_A,4,600551.SH,0,0,False,False
2022|05|SH_A|05|600171.SH,2022,5,SH_A,5,600171.SH,1,1,False,False
2022|05|SH_A|06|688687.SH,2022,5,SH_A,6,688687.SH,1,0,False,False
2022|05|SH_A|07|600072.SH,2022,5,SH_A,7,600072.SH,0,0,False,False
2022|05|SH_A|08|603955.SH,2022,5,SH_A,8,603955.SH,0,0,False,False
2022|05|SH_A|09|688320.SH,2022,5,SH_A,9,688320.SH,0,0,False,False
2022|05|SH_A|10|688383.SH,2022,5,SH_A,10,688383.SH,0,0,False,False
2022|05|SZ_A|01|002843.SZ,2022,5,SZ_A,1,002843.SZ,0,0,False,False
2022|05|SZ_A|02|002268.SZ,2022,5,SZ_A,2,002268.SZ,1,1,False,False
2022|05|SZ_A|03|002400.SZ,2022,5,SZ_A,3,002400.SZ,1,1,False,False
2022|05|SZ_A|04|002398.SZ,2022,5,SZ_A,4,002398.SZ,1,0,False,False
2022|05|SZ_A|05|000488.SZ,2022,5,SZ_A,5,000488.SZ,1,0,False,False
2022|05|SZ_A|06|000876.SZ,2022,5,SZ_A,6,000876.SZ,1,1,False,False
2022|05|SZ_A|07|000737.SZ,2022,5,SZ_A,7,000737.SZ,0,0,False,False
2022|05|SZ_A|08|000966.SZ,2022,5,SZ_A,8,000966.SZ,2,0,True,False
2022|05|SZ_A|09|301207.SZ,2022,5,SZ_A,9,301207.SZ,3,3,True,True
2022|05|SZ_A|10|300069.SZ,2022,5,SZ_A,10,300069.SZ,1,1,False,False
2022|06|ALL_A|01|688345.SH,2022,6,ALL_A,1,688345.SH,3,3,True,True
2022|06|ALL_A|02|300439.SZ,2022,6,ALL_A,2,300439.SZ,0,0,False,False
2022|06|ALL_A|03|601869.SH,2022,6,ALL_A,3,601869.SH,0,0,False,False
2022|06|ALL_A|04|000552.SZ,2022,6,ALL_A,4,000552.SZ,0,0,False,False
2022|06|ALL_A|05|002243.SZ,2022,6,ALL_A,5,002243.SZ,2,1,True,False
2022|06|ALL_A|06|002931.SZ,2022,6,ALL_A,6,002931.SZ,3,3,True,True
2022|06|ALL_A|07|002241.SZ,2022,6,ALL_A,7,002241.SZ,0,0,False,False
2022|06|ALL_A|08|603565.SH,2022,6,ALL_A,8,603565.SH,3,3,True,True
2022|06|ALL_A|09|300698.SZ,2022,6,ALL_A,9,300698.SZ,0,0,False,False
2022|06|ALL_A|10|600063.SH,2022,6,ALL_A,10,600063.SH,0,0,False,False
2022|06|CHINEXT_BOARD|01|300575.SZ,2022,6,CHINEXT_BOARD,1,300575.SZ,0,0,False,False
2022|06|CHINEXT_BOARD|02|301150.SZ,2022,6,CHINEXT_BOARD,2,301150.SZ,4,4,True,True
2022|06|CHINEXT_BOARD|03|300253.SZ,2022,6,CHINEXT_BOARD,3,300253.SZ,1,0,False,False
2022|06|CHINEXT_BOARD|04|301052.SZ,2022,6,CHINEXT_BOARD,4,301052.SZ,2,2,True,True
2022|06|CHINEXT_BOARD|05|300425.SZ,2022,6,CHINEXT_BOARD,5,300425.SZ,0,0,False,False
2022|06|CHINEXT_BOARD|06|301045.SZ,2022,6,CHINEXT_BOARD,6,301045.SZ,3,3,True,True
2022|06|CHINEXT_BOARD|07|300667.SZ,2022,6,CHINEXT_BOARD,7,300667.SZ,3,3,True,True
2022|06|CHINEXT_BOARD|08|300416.SZ,2022,6,CHINEXT_BOARD,8,300416.SZ,0,0,False,False
2022|06|CHINEXT_BOARD|09|301009.SZ,2022,6,CHINEXT_BOARD,9,301009.SZ,1,1,False,False
2022|06|CHINEXT_BOARD|10|300428.SZ,2022,6,CHINEXT_BOARD,10,300428.SZ,5,5,True,True
2022|06|SH_A|01|688488.SH,2022,6,SH_A,1,688488.SH,1,1,False,False
2022|06|SH_A|02|600872.SH,2022,6,SH_A,2,600872.SH,2,2,True,True
2022|06|SH_A|03|688228.SH,2022,6,SH_A,3,688228.SH,0,0,False,False
2022|06|SH_A|04|605180.SH,2022,6,SH_A,4,605180.SH,2,2,True,True
2022|06|SH_A|05|600022.SH,2022,6,SH_A,5,600022.SH,0,0,False,False
2022|06|SH_A|06|603759.SH,2022,6,SH_A,6,603759.SH,0,0,False,False
2022|06|SH_A|07|600684.SH,2022,6,SH_A,7,600684.SH,0,0,False,False
2022|06|SH_A|08|688601.SH,2022,6,SH_A,8,688601.SH,0,0,False,False
2022|06|SH_A|09|600226.SH,2022,6,SH_A,9,600226.SH,0,0,False,False
2022|06|SH_A|10|688319.SH,2022,6,SH_A,10,688319.SH,1,1,False,False
2022|06|SZ_A|01|300919.SZ,2022,6,SZ_A,1,300919.SZ,4,4,True,True
2022|06|SZ_A|02|000935.SZ,2022,6,SZ_A,2,000935.SZ,0,0,False,False
2022|06|SZ_A|03|002731.SZ,2022,6,SZ_A,3,002731.SZ,0,0,False,False
2022|06|SZ_A|04|300569.SZ,2022,6,SZ_A,4,300569.SZ,0,0,False,False
2022|06|SZ_A|05|002211.SZ,2022,6,SZ_A,5,002211.SZ,0,0,False,False
2022|06|SZ_A|06|003035.SZ,2022,6,SZ_A,6,003035.SZ,0,0,False,False
2022|06|SZ_A|07|301002.SZ,2022,6,SZ_A,7,301002.SZ,2,2,True,True
2022|06|SZ_A|08|002999.SZ,2022,6,SZ_A,8,002999.SZ,0,0,False,False
2022|06|SZ_A|09|002491.SZ,2022,6,SZ_A,9,002491.SZ,0,0,False,False
2022|06|SZ_A|10|300578.SZ,2022,6,SZ_A,10,300578.SZ,0,0,False,False
2022|07|ALL_A|01|002976.SZ,2022,7,ALL_A,1,002976.SZ,3,3,True,True
2022|07|ALL_A|02|605208.SH,2022,7,ALL_A,2,605208.SH,2,2,True,True
2022|07|ALL_A|03|002134.SZ,2022,7,ALL_A,3,002134.SZ,3,3,True,True
2022|07|ALL_A|04|688278.SH,2022,7,ALL_A,4,688278.SH,0,0,False,False
2022|07|ALL_A|05|600601.SH,2022,7,ALL_A,5,600601.SH,0,0,False,False
2022|07|ALL_A|06|301182.SZ,2022,7,ALL_A,6,301182.SZ,3,3,True,True
2022|07|ALL_A|07|002686.SZ,2022,7,ALL_A,7,002686.SZ,2,2,True,True
2022|07|ALL_A|08|600323.SH,2022,7,ALL_A,8,600323.SH,3,2,True,True
2022|07|ALL_A|09|688301.SH,2022,7,ALL_A,9,688301.SH,1,1,False,False
2022|07|ALL_A|10|300990.SZ,2022,7,ALL_A,10,300990.SZ,0,0,False,False
2022|07|CHINEXT_BOARD|01|300729.SZ,2022,7,CHINEXT_BOARD,1,300729.SZ,1,1,False,False
2022|07|CHINEXT_BOARD|02|300353.SZ,2022,7,CHINEXT_BOARD,2,300353.SZ,3,3,True,True
2022|07|CHINEXT_BOARD|03|300171.SZ,2022,7,CHINEXT_BOARD,3,300171.SZ,0,0,False,False
2022|07|CHINEXT_BOARD|04|301116.SZ,2022,7,CHINEXT_BOARD,4,301116.SZ,0,0,False,False
2022|07|CHINEXT_BOARD|05|301191.SZ,2022,7,CHINEXT_BOARD,5,301191.SZ,0,0,False,False
2022|07|CHINEXT_BOARD|06|300513.SZ,2022,7,CHINEXT_BOARD,6,300513.SZ,3,3,True,True
2022|07|CHINEXT_BOARD|07|300195.SZ,2022,7,CHINEXT_BOARD,7,300195.SZ,2,2,True,True
2022|07|CHINEXT_BOARD|08|300602.SZ,2022,7,CHINEXT_BOARD,8,300602.SZ,0,0,False,False
2022|07|CHINEXT_BOARD|09|300158.SZ,2022,7,CHINEXT_BOARD,9,300158.SZ,1,1,False,False
2022|07|CHINEXT_BOARD|10|300881.SZ,2022,7,CHINEXT_BOARD,10,300881.SZ,0,0,False,False
2022|07|SH_A|01|688107.SH,2022,7,SH_A,1,688107.SH,3,3,True,True
2022|07|SH_A|02|601368.SH,2022,7,SH_A,2,601368.SH,1,1,False,False
2022|07|SH_A|03|601900.SH,2022,7,SH_A,3,601900.SH,0,0,False,False
2022|07|SH_A|04|600262.SH,2022,7,SH_A,4,600262.SH,3,3,True,True
2022|07|SH_A|05|600391.SH,2022,7,SH_A,5,600391.SH,4,4,True,True
2022|07|SH_A|06|600162.SH,2022,7,SH_A,6,600162.SH,3,3,True,True
2022|07|SH_A|07|603556.SH,2022,7,SH_A,7,603556.SH,4,4,True,True
2022|07|SH_A|08|600201.SH,2022,7,SH_A,8,600201.SH,0,0,False,False
2022|07|SH_A|09|605255.SH,2022,7,SH_A,9,605255.SH,1,1,False,False
2022|07|SH_A|10|600835.SH,2022,7,SH_A,10,600835.SH,3,3,True,True
2022|07|SZ_A|01|300605.SZ,2022,7,SZ_A,1,300605.SZ,2,2,True,True
2022|07|SZ_A|02|000518.SZ,2022,7,SZ_A,2,000518.SZ,0,0,False,False
2022|07|SZ_A|03|000555.SZ,2022,7,SZ_A,3,000555.SZ,0,0,False,False
2022|07|SZ_A|04|300032.SZ,2022,7,SZ_A,4,300032.SZ,0,0,False,False
2022|07|SZ_A|05|002392.SZ,2022,7,SZ_A,5,002392.SZ,1,1,False,False
2022|07|SZ_A|06|300912.SZ,2022,7,SZ_A,6,300912.SZ,3,3,True,True
2022|07|SZ_A|07|300429.SZ,2022,7,SZ_A,7,300429.SZ,3,3,True,True
2022|07|SZ_A|08|000737.SZ,2022,7,SZ_A,8,000737.SZ,2,2,True,True
2022|07|SZ_A|09|300294.SZ,2022,7,SZ_A,9,300294.SZ,0,0,False,False
2022|07|SZ_A|10|300643.SZ,2022,7,SZ_A,10,300643.SZ,4,4,True,True
2022|08|ALL_A|01|300475.SZ,2022,8,ALL_A,1,300475.SZ,0,0,False,False
2022|08|ALL_A|02|600819.SH,2022,8,ALL_A,2,600819.SH,0,0,False,False
2022|08|ALL_A|03|002144.SZ,2022,8,ALL_A,3,002144.SZ,0,0,False,False
2022|08|ALL_A|04|605178.SH,2022,8,ALL_A,4,605178.SH,0,0,False,False
2022|08|ALL_A|05|688379.SH,2022,8,ALL_A,5,688379.SH,0,0,False,False
2022|08|ALL_A|06|002887.SZ,2022,8,ALL_A,6,002887.SZ,0,0,False,False
2022|08|ALL_A|07|001323.SZ,2022,8,ALL_A,7,001323.SZ,0,0,False,False
2022|08|ALL_A|08|002897.SZ,2022,8,ALL_A,8,002897.SZ,0,0,False,False
2022|08|ALL_A|09|002405.SZ,2022,8,ALL_A,9,002405.SZ,0,0,False,False
2022|08|ALL_A|10|605365.SH,2022,8,ALL_A,10,605365.SH,0,0,False,False
2022|08|CHINEXT_BOARD|01|300318.SZ,2022,8,CHINEXT_BOARD,1,300318.SZ,0,0,False,False
2022|08|CHINEXT_BOARD|02|300428.SZ,2022,8,CHINEXT_BOARD,2,300428.SZ,0,0,False,False
2022|08|CHINEXT_BOARD|03|300171.SZ,2022,8,CHINEXT_BOARD,3,300171.SZ,0,0,False,False
2022|08|CHINEXT_BOARD|04|301019.SZ,2022,8,CHINEXT_BOARD,4,301019.SZ,0,0,False,False
2022|08|CHINEXT_BOARD|05|300626.SZ,2022,8,CHINEXT_BOARD,5,300626.SZ,0,0,False,False
2022|08|CHINEXT_BOARD|06|300385.SZ,2022,8,CHINEXT_BOARD,6,300385.SZ,0,0,False,False
2022|08|CHINEXT_BOARD|07|300475.SZ,2022,8,CHINEXT_BOARD,7,300475.SZ,0,0,False,False
2022|08|CHINEXT_BOARD|08|300149.SZ,2022,8,CHINEXT_BOARD,8,300149.SZ,0,0,False,False
2022|08|CHINEXT_BOARD|09|300118.SZ,2022,8,CHINEXT_BOARD,9,300118.SZ,0,0,False,False
2022|08|CHINEXT_BOARD|10|300395.SZ,2022,8,CHINEXT_BOARD,10,300395.SZ,0,0,False,False
2022|08|SH_A|01|688690.SH,2022,8,SH_A,1,688690.SH,0,0,False,False
2022|08|SH_A|02|605300.SH,2022,8,SH_A,2,605300.SH,0,0,False,False
2022|08|SH_A|03|600777.SH,2022,8,SH_A,3,600777.SH,0,0,False,False
2022|08|SH_A|04|600692.SH,2022,8,SH_A,4,600692.SH,0,0,False,False
2022|08|SH_A|05|603236.SH,2022,8,SH_A,5,603236.SH,1,1,False,False
2022|08|SH_A|06|603893.SH,2022,8,SH_A,6,603893.SH,0,0,False,False
2022|08|SH_A|07|600784.SH,2022,8,SH_A,7,600784.SH,0,0,False,False
2022|08|SH_A|08|600822.SH,2022,8,SH_A,8,600822.SH,0,0,False,False
2022|08|SH_A|09|603078.SH,2022,8,SH_A,9,603078.SH,0,0,False,False
2022|08|SH_A|10|605259.SH,2022,8,SH_A,10,605259.SH,2,1,True,False
2022|08|SZ_A|01|002518.SZ,2022,8,SZ_A,1,002518.SZ,1,1,False,False
2022|08|SZ_A|02|300689.SZ,2022,8,SZ_A,2,300689.SZ,0,0,False,False
2022|08|SZ_A|03|002258.SZ,2022,8,SZ_A,3,002258.SZ,0,0,False,False
2022|08|SZ_A|04|002395.SZ,2022,8,SZ_A,4,002395.SZ,0,0,False,False
2022|08|SZ_A|05|300233.SZ,2022,8,SZ_A,5,300233.SZ,0,0,False,False
2022|08|SZ_A|06|000517.SZ,2022,8,SZ_A,6,000517.SZ,0,0,False,False
2022|08|SZ_A|07|002278.SZ,2022,8,SZ_A,7,002278.SZ,0,0,False,False
2022|08|SZ_A|08|002664.SZ,2022,8,SZ_A,8,002664.SZ,0,0,False,False
2022|08|SZ_A|09|300373.SZ,2022,8,SZ_A,9,300373.SZ,0,0,False,False
2022|08|SZ_A|10|000779.SZ,2022,8,SZ_A,10,000779.SZ,0,0,False,False
2023|01|ALL_A|01|000759.SZ,2023,1,ALL_A,1,000759.SZ,3,2,True,True
2023|01|ALL_A|02|002540.SZ,2023,1,ALL_A,2,002540.SZ,0,0,False,False
2023|01|ALL_A|03|300717.SZ,2023,1,ALL_A,3,300717.SZ,0,0,False,False
2023|01|ALL_A|04|002100.SZ,2023,1,ALL_A,4,002100.SZ,1,0,False,False
2023|01|ALL_A|05|300087.SZ,2023,1,ALL_A,5,300087.SZ,0,0,False,False
2023|01|ALL_A|06|000032.SZ,2023,1,ALL_A,6,000032.SZ,0,0,False,False
2023|01|ALL_A|07|600173.SH,2023,1,ALL_A,7,600173.SH,2,2,True,True
2023|01|ALL_A|08|600817.SH,2023,1,ALL_A,8,600817.SH,4,3,True,True
2023|01|ALL_A|09|600438.SH,2023,1,ALL_A,9,600438.SH,2,2,True,True
2023|01|ALL_A|10|002722.SZ,2023,1,ALL_A,10,002722.SZ,3,3,True,True
2023|01|CHINEXT_BOARD|01|300118.SZ,2023,1,CHINEXT_BOARD,1,300118.SZ,2,2,True,True
2023|01|CHINEXT_BOARD|02|300593.SZ,2023,1,CHINEXT_BOARD,2,300593.SZ,3,3,True,True
2023|01|CHINEXT_BOARD|03|300513.SZ,2023,1,CHINEXT_BOARD,3,300513.SZ,0,0,False,False
2023|01|CHINEXT_BOARD|04|300667.SZ,2023,1,CHINEXT_BOARD,4,300667.SZ,0,0,False,False
2023|01|CHINEXT_BOARD|05|300569.SZ,2023,1,CHINEXT_BOARD,5,300569.SZ,3,3,True,True
2023|01|CHINEXT_BOARD|06|300968.SZ,2023,1,CHINEXT_BOARD,6,300968.SZ,0,0,False,False
2023|01|CHINEXT_BOARD|07|300303.SZ,2023,1,CHINEXT_BOARD,7,300303.SZ,1,1,False,False
2023|01|CHINEXT_BOARD|08|300600.SZ,2023,1,CHINEXT_BOARD,8,300600.SZ,1,1,False,False
2023|01|CHINEXT_BOARD|09|300987.SZ,2023,1,CHINEXT_BOARD,9,300987.SZ,0,0,False,False
2023|01|CHINEXT_BOARD|10|300629.SZ,2023,1,CHINEXT_BOARD,10,300629.SZ,3,3,True,True
2023|01|SH_A|01|603711.SH,2023,1,SH_A,1,603711.SH,0,0,False,False
2023|01|SH_A|02|600635.SH,2023,1,SH_A,2,600635.SH,3,3,True,True
2023|01|SH_A|03|600027.SH,2023,1,SH_A,3,600027.SH,0,0,False,False
2023|01|SH_A|04|600458.SH,2023,1,SH_A,4,600458.SH,1,1,False,False
2023|01|SH_A|05|601177.SH,2023,1,SH_A,5,601177.SH,0,0,False,False
2023|01|SH_A|06|603828.SH,2023,1,SH_A,6,603828.SH,3,3,True,True
2023|01|SH_A|07|601860.SH,2023,1,SH_A,7,601860.SH,1,1,False,False
2023|01|SH_A|08|603843.SH,2023,1,SH_A,8,603843.SH,1,1,False,False
2023|01|SH_A|09|605566.SH,2023,1,SH_A,9,605566.SH,4,4,True,True
2023|01|SH_A|10|603660.SH,2023,1,SH_A,10,603660.SH,0,0,False,False
2023|01|SZ_A|01|002932.SZ,2023,1,SZ_A,1,002932.SZ,3,1,True,False
2023|01|SZ_A|02|301369.SZ,2023,1,SZ_A,2,301369.SZ,0,0,False,False
2023|01|SZ_A|03|002190.SZ,2023,1,SZ_A,3,002190.SZ,2,2,True,True
2023|01|SZ_A|04|300232.SZ,2023,1,SZ_A,4,300232.SZ,0,0,False,False
2023|01|SZ_A|05|301231.SZ,2023,1,SZ_A,5,301231.SZ,0,0,False,False
2023|01|SZ_A|06|301083.SZ,2023,1,SZ_A,6,301083.SZ,1,1,False,False
2023|01|SZ_A|07|001336.SZ,2023,1,SZ_A,7,001336.SZ,0,0,False,False
2023|01|SZ_A|08|301391.SZ,2023,1,SZ_A,8,301391.SZ,2,2,True,True
2023|01|SZ_A|09|301056.SZ,2023,1,SZ_A,9,301056.SZ,0,0,False,False
2023|01|SZ_A|10|300260.SZ,2023,1,SZ_A,10,300260.SZ,0,0,False,False
2023|02|ALL_A|01|301266.SZ,2023,2,ALL_A,1,301266.SZ,3,2,True,True
2023|02|ALL_A|02|301189.SZ,2023,2,ALL_A,2,301189.SZ,0,0,False,False
2023|02|ALL_A|03|600589.SH,2023,2,ALL_A,3,600589.SH,0,0,False,False
2023|02|ALL_A|04|300987.SZ,2023,2,ALL_A,4,300987.SZ,0,0,False,False
2023|02|ALL_A|05|002422.SZ,2023,2,ALL_A,5,002422.SZ,0,0,False,False
2023|02|ALL_A|06|600643.SH,2023,2,ALL_A,6,600643.SH,0,0,False,False
2023|02|ALL_A|07|002413.SZ,2023,2,ALL_A,7,002413.SZ,3,2,True,True
2023|02|ALL_A|08|002929.SZ,2023,2,ALL_A,8,002929.SZ,0,0,False,False
2023|02|ALL_A|09|603613.SH,2023,2,ALL_A,9,603613.SH,1,1,False,False
2023|02|ALL_A|10|603369.SH,2023,2,ALL_A,10,603369.SH,0,0,False,False
2023|02|CHINEXT_BOARD|01|300865.SZ,2023,2,CHINEXT_BOARD,1,300865.SZ,0,0,False,False
2023|02|CHINEXT_BOARD|02|301056.SZ,2023,2,CHINEXT_BOARD,2,301056.SZ,0,0,False,False
2023|02|CHINEXT_BOARD|03|301215.SZ,2023,2,CHINEXT_BOARD,3,301215.SZ,0,0,False,False
2023|02|CHINEXT_BOARD|04|300218.SZ,2023,2,CHINEXT_BOARD,4,300218.SZ,1,1,False,False
2023|02|CHINEXT_BOARD|05|300109.SZ,2023,2,CHINEXT_BOARD,5,300109.SZ,0,0,False,False
2023|02|CHINEXT_BOARD|06|300260.SZ,2023,2,CHINEXT_BOARD,6,300260.SZ,0,0,False,False
2023|02|CHINEXT_BOARD|07|300905.SZ,2023,2,CHINEXT_BOARD,7,300905.SZ,0,0,False,False
2023|02|CHINEXT_BOARD|08|300501.SZ,2023,2,CHINEXT_BOARD,8,300501.SZ,0,0,False,False
2023|02|CHINEXT_BOARD|09|300677.SZ,2023,2,CHINEXT_BOARD,9,300677.SZ,0,0,False,False
2023|02|CHINEXT_BOARD|10|300623.SZ,2023,2,CHINEXT_BOARD,10,300623.SZ,2,1,True,False
2023|02|SH_A|01|600036.SH,2023,2,SH_A,1,600036.SH,1,1,False,False
2023|02|SH_A|02|600559.SH,2023,2,SH_A,2,600559.SH,0,0,False,False
2023|02|SH_A|03|603019.SH,2023,2,SH_A,3,603019.SH,0,0,False,False
2023|02|SH_A|04|688317.SH,2023,2,SH_A,4,688317.SH,0,0,False,False
2023|02|SH_A|05|603893.SH,2023,2,SH_A,5,603893.SH,0,0,False,False
2023|02|SH_A|06|600604.SH,2023,2,SH_A,6,600604.SH,0,0,False,False
2023|02|SH_A|07|603069.SH,2023,2,SH_A,7,603069.SH,3,3,True,True
2023|02|SH_A|08|603698.SH,2023,2,SH_A,8,603698.SH,1,1,False,False
2023|02|SH_A|09|600353.SH,2023,2,SH_A,9,600353.SH,0,0,False,False
2023|02|SH_A|10|600021.SH,2023,2,SH_A,10,600021.SH,0,0,False,False
2023|02|SZ_A|01|301299.SZ,2023,2,SZ_A,1,301299.SZ,0,0,False,False
2023|02|SZ_A|02|300354.SZ,2023,2,SZ_A,2,300354.SZ,0,0,False,False
2023|02|SZ_A|03|002025.SZ,2023,2,SZ_A,3,002025.SZ,0,0,False,False
2023|02|SZ_A|04|000159.SZ,2023,2,SZ_A,4,000159.SZ,0,0,False,False
2023|02|SZ_A|05|002948.SZ,2023,2,SZ_A,5,002948.SZ,0,0,False,False
2023|02|SZ_A|06|300474.SZ,2023,2,SZ_A,6,300474.SZ,0,0,False,False
2023|02|SZ_A|07|301045.SZ,2023,2,SZ_A,7,301045.SZ,0,0,False,False
2023|02|SZ_A|08|300600.SZ,2023,2,SZ_A,8,300600.SZ,0,0,False,False
2023|02|SZ_A|09|002443.SZ,2023,2,SZ_A,9,002443.SZ,0,0,False,False
2023|02|SZ_A|10|003012.SZ,2023,2,SZ_A,10,003012.SZ,1,0,False,False
2023|03|ALL_A|01|300100.SZ,2023,3,ALL_A,1,300100.SZ,0,0,False,False
2023|03|ALL_A|02|600051.SH,2023,3,ALL_A,2,600051.SH,0,0,False,False
2023|03|ALL_A|03|688779.SH,2023,3,ALL_A,3,688779.SH,0,0,False,False
2023|03|ALL_A|04|688690.SH,2023,3,ALL_A,4,688690.SH,0,0,False,False
2023|03|ALL_A|05|300972.SZ,2023,3,ALL_A,5,300972.SZ,0,0,False,False
2023|03|ALL_A|06|600149.SH,2023,3,ALL_A,6,600149.SH,0,0,False,False
2023|03|ALL_A|07|600567.SH,2023,3,ALL_A,7,600567.SH,1,1,False,False
2023|03|ALL_A|08|002446.SZ,2023,3,ALL_A,8,002446.SZ,0,0,False,False
2023|03|ALL_A|09|300285.SZ,2023,3,ALL_A,9,300285.SZ,0,0,False,False
2023|03|ALL_A|10|300932.SZ,2023,3,ALL_A,10,300932.SZ,0,0,False,False
2023|03|CHINEXT_BOARD|01|300245.SZ,2023,3,CHINEXT_BOARD,1,300245.SZ,0,0,False,False
2023|03|CHINEXT_BOARD|02|301335.SZ,2023,3,CHINEXT_BOARD,2,301335.SZ,0,0,False,False
2023|03|CHINEXT_BOARD|03|300484.SZ,2023,3,CHINEXT_BOARD,3,300484.SZ,0,0,False,False
2023|03|CHINEXT_BOARD|04|301101.SZ,2023,3,CHINEXT_BOARD,4,301101.SZ,0,0,False,False
2023|03|CHINEXT_BOARD|05|300948.SZ,2023,3,CHINEXT_BOARD,5,300948.SZ,0,0,False,False
2023|03|CHINEXT_BOARD|06|300243.SZ,2023,3,CHINEXT_BOARD,6,300243.SZ,0,0,False,False
2023|03|CHINEXT_BOARD|07|301122.SZ,2023,3,CHINEXT_BOARD,7,301122.SZ,0,0,False,False
2023|03|CHINEXT_BOARD|08|300453.SZ,2023,3,CHINEXT_BOARD,8,300453.SZ,0,0,False,False
2023|03|CHINEXT_BOARD|09|301276.SZ,2023,3,CHINEXT_BOARD,9,301276.SZ,0,0,False,False
2023|03|CHINEXT_BOARD|10|300815.SZ,2023,3,CHINEXT_BOARD,10,300815.SZ,0,0,False,False
2023|03|SH_A|01|603919.SH,2023,3,SH_A,1,603919.SH,0,0,False,False
2023|03|SH_A|02|688379.SH,2023,3,SH_A,2,688379.SH,0,0,False,False
2023|03|SH_A|03|601995.SH,2023,3,SH_A,3,601995.SH,0,0,False,False
2023|03|SH_A|04|688209.SH,2023,3,SH_A,4,688209.SH,0,0,False,False
2023|03|SH_A|05|688283.SH,2023,3,SH_A,5,688283.SH,0,0,False,False
2023|03|SH_A|06|600623.SH,2023,3,SH_A,6,600623.SH,1,1,False,False
2023|03|SH_A|07|601008.SH,2023,3,SH_A,7,601008.SH,4,4,True,True
2023|03|SH_A|08|600425.SH,2023,3,SH_A,8,600425.SH,0,0,False,False
2023|03|SH_A|09|600072.SH,2023,3,SH_A,9,600072.SH,0,0,False,False
2023|03|SH_A|10|603031.SH,2023,3,SH_A,10,603031.SH,0,0,False,False
2023|03|SZ_A|01|002573.SZ,2023,3,SZ_A,1,002573.SZ,0,0,False,False
2023|03|SZ_A|02|002807.SZ,2023,3,SZ_A,2,002807.SZ,4,4,True,True
2023|03|SZ_A|03|000002.SZ,2023,3,SZ_A,3,000002.SZ,4,3,True,True
2023|03|SZ_A|04|002915.SZ,2023,3,SZ_A,4,002915.SZ,0,0,False,False
2023|03|SZ_A|05|000969.SZ,2023,3,SZ_A,5,000969.SZ,0,0,False,False
2023|03|SZ_A|06|002598.SZ,2023,3,SZ_A,6,002598.SZ,0,0,False,False
2023|03|SZ_A|07|300886.SZ,2023,3,SZ_A,7,300886.SZ,0,0,False,False
2023|03|SZ_A|08|000901.SZ,2023,3,SZ_A,8,000901.SZ,0,0,False,False
2023|03|SZ_A|09|301030.SZ,2023,3,SZ_A,9,301030.SZ,0,0,False,False
2023|03|SZ_A|10|002403.SZ,2023,3,SZ_A,10,002403.SZ,0,0,False,False
2023|04|ALL_A|01|300268.SZ,2023,4,ALL_A,1,300268.SZ,0,0,False,False
2023|04|ALL_A|02|300485.SZ,2023,4,ALL_A,2,300485.SZ,2,2,True,True
2023|04|ALL_A|03|688180.SH,2023,4,ALL_A,3,688180.SH,2,1,True,False
2023|04|ALL_A|04|603863.SH,2023,4,ALL_A,4,603863.SH,0,0,False,False
2023|04|ALL_A|05|688681.SH,2023,4,ALL_A,5,688681.SH,0,0,False,False
2023|04|ALL_A|06|000400.SZ,2023,4,ALL_A,6,000400.SZ,1,1,False,False
2023|04|ALL_A|07|301099.SZ,2023,4,ALL_A,7,301099.SZ,2,2,True,True
2023|04|ALL_A|08|301398.SZ,2023,4,ALL_A,8,301398.SZ,0,0,False,False
2023|04|ALL_A|09|601199.SH,2023,4,ALL_A,9,601199.SH,1,1,False,False
2023|04|ALL_A|10|688118.SH,2023,4,ALL_A,10,688118.SH,0,0,False,False
2023|04|CHINEXT_BOARD|01|300888.SZ,2023,4,CHINEXT_BOARD,1,300888.SZ,0,0,False,False
2023|04|CHINEXT_BOARD|02|300892.SZ,2023,4,CHINEXT_BOARD,2,300892.SZ,1,1,False,False
2023|04|CHINEXT_BOARD|03|300991.SZ,2023,4,CHINEXT_BOARD,3,300991.SZ,0,0,False,False
2023|04|CHINEXT_BOARD|04|300138.SZ,2023,4,CHINEXT_BOARD,4,300138.SZ,0,0,False,False
2023|04|CHINEXT_BOARD|05|301047.SZ,2023,4,CHINEXT_BOARD,5,301047.SZ,3,3,True,True
2023|04|CHINEXT_BOARD|06|301312.SZ,2023,4,CHINEXT_BOARD,6,301312.SZ,0,0,False,False
2023|04|CHINEXT_BOARD|07|300390.SZ,2023,4,CHINEXT_BOARD,7,300390.SZ,0,0,False,False
2023|04|CHINEXT_BOARD|08|300758.SZ,2023,4,CHINEXT_BOARD,8,300758.SZ,3,3,True,True
2023|04|CHINEXT_BOARD|09|301207.SZ,2023,4,CHINEXT_BOARD,9,301207.SZ,3,2,True,True
2023|04|CHINEXT_BOARD|10|300707.SZ,2023,4,CHINEXT_BOARD,10,300707.SZ,0,0,False,False
2023|04|SH_A|01|600783.SH,2023,4,SH_A,1,600783.SH,2,2,True,True
2023|04|SH_A|02|688515.SH,2023,4,SH_A,2,688515.SH,0,0,False,False
2023|04|SH_A|03|603311.SH,2023,4,SH_A,3,603311.SH,0,0,False,False
2023|04|SH_A|04|600835.SH,2023,4,SH_A,4,600835.SH,0,0,False,False
2023|04|SH_A|05|600897.SH,2023,4,SH_A,5,600897.SH,0,0,False,False
2023|04|SH_A|06|688733.SH,2023,4,SH_A,6,688733.SH,0,0,False,False
2023|04|SH_A|07|600874.SH,2023,4,SH_A,7,600874.SH,2,2,True,True
2023|04|SH_A|08|600050.SH,2023,4,SH_A,8,600050.SH,0,0,False,False
2023|04|SH_A|09|688595.SH,2023,4,SH_A,9,688595.SH,2,1,True,False
2023|04|SH_A|10|601600.SH,2023,4,SH_A,10,601600.SH,0,0,False,False
2023|04|SZ_A|01|002496.SZ,2023,4,SZ_A,1,002496.SZ,0,0,False,False
2023|04|SZ_A|02|300154.SZ,2023,4,SZ_A,2,300154.SZ,0,0,False,False
2023|04|SZ_A|03|300564.SZ,2023,4,SZ_A,3,300564.SZ,2,2,True,True
2023|04|SZ_A|04|002209.SZ,2023,4,SZ_A,4,002209.SZ,0,0,False,False
2023|04|SZ_A|05|300512.SZ,2023,4,SZ_A,5,300512.SZ,0,0,False,False
2023|04|SZ_A|06|002484.SZ,2023,4,SZ_A,6,002484.SZ,0,0,False,False
2023|04|SZ_A|07|300210.SZ,2023,4,SZ_A,7,300210.SZ,2,2,True,True
2023|04|SZ_A|08|300093.SZ,2023,4,SZ_A,8,300093.SZ,0,0,False,False
2023|04|SZ_A|09|300291.SZ,2023,4,SZ_A,9,300291.SZ,0,0,False,False
2023|04|SZ_A|10|301280.SZ,2023,4,SZ_A,10,301280.SZ,2,2,True,True
2023|05|ALL_A|01|300833.SZ,2023,5,ALL_A,1,300833.SZ,3,3,True,True
2023|05|ALL_A|02|002984.SZ,2023,5,ALL_A,2,002984.SZ,0,0,False,False
2023|05|ALL_A|03|600082.SH,2023,5,ALL_A,3,600082.SH,0,0,False,False
2023|05|ALL_A|04|300673.SZ,2023,5,ALL_A,4,300673.SZ,0,0,False,False
2023|05|ALL_A|05|300947.SZ,2023,5,ALL_A,5,300947.SZ,0,0,False,False
2023|05|ALL_A|06|600560.SH,2023,5,ALL_A,6,600560.SH,2,1,True,False
2023|05|ALL_A|07|605069.SH,2023,5,ALL_A,7,605069.SH,0,0,False,False
2023|05|ALL_A|08|688226.SH,2023,5,ALL_A,8,688226.SH,4,4,True,True
2023|05|ALL_A|09|301256.SZ,2023,5,ALL_A,9,301256.SZ,0,0,False,False
2023|05|ALL_A|10|688333.SH,2023,5,ALL_A,10,688333.SH,0,0,False,False
2023|05|CHINEXT_BOARD|01|300112.SZ,2023,5,CHINEXT_BOARD,1,300112.SZ,2,2,True,True
2023|05|CHINEXT_BOARD|02|301148.SZ,2023,5,CHINEXT_BOARD,2,301148.SZ,0,0,False,False
2023|05|CHINEXT_BOARD|03|301213.SZ,2023,5,CHINEXT_BOARD,3,301213.SZ,0,0,False,False
2023|05|CHINEXT_BOARD|04|300711.SZ,2023,5,CHINEXT_BOARD,4,300711.SZ,2,2,True,True
2023|05|CHINEXT_BOARD|05|300836.SZ,2023,5,CHINEXT_BOARD,5,300836.SZ,2,2,True,True
2023|05|CHINEXT_BOARD|06|301199.SZ,2023,5,CHINEXT_BOARD,6,301199.SZ,2,2,True,True
2023|05|CHINEXT_BOARD|07|300039.SZ,2023,5,CHINEXT_BOARD,7,300039.SZ,0,0,False,False
2023|05|CHINEXT_BOARD|08|300021.SZ,2023,5,CHINEXT_BOARD,8,300021.SZ,0,0,False,False
2023|05|CHINEXT_BOARD|09|300063.SZ,2023,5,CHINEXT_BOARD,9,300063.SZ,0,0,False,False
2023|05|CHINEXT_BOARD|10|301152.SZ,2023,5,CHINEXT_BOARD,10,301152.SZ,0,0,False,False
2023|05|SH_A|01|603088.SH,2023,5,SH_A,1,603088.SH,0,0,False,False
2023|05|SH_A|02|603536.SH,2023,5,SH_A,2,603536.SH,0,0,False,False
2023|05|SH_A|03|600133.SH,2023,5,SH_A,3,600133.SH,0,0,False,False
2023|05|SH_A|04|688622.SH,2023,5,SH_A,4,688622.SH,0,0,False,False
2023|05|SH_A|05|605133.SH,2023,5,SH_A,5,605133.SH,1,1,False,False
2023|05|SH_A|06|600282.SH,2023,5,SH_A,6,600282.SH,0,0,False,False
2023|05|SH_A|07|601860.SH,2023,5,SH_A,7,601860.SH,0,0,False,False
2023|05|SH_A|08|603300.SH,2023,5,SH_A,8,603300.SH,0,0,False,False
2023|05|SH_A|09|601990.SH,2023,5,SH_A,9,601990.SH,0,0,False,False
2023|05|SH_A|10|600198.SH,2023,5,SH_A,10,600198.SH,1,1,False,False
2023|05|SZ_A|01|300854.SZ,2023,5,SZ_A,1,300854.SZ,0,0,False,False
2023|05|SZ_A|02|002785.SZ,2023,5,SZ_A,2,002785.SZ,0,0,False,False
2023|05|SZ_A|03|300034.SZ,2023,5,SZ_A,3,300034.SZ,2,2,True,True
2023|05|SZ_A|04|002718.SZ,2023,5,SZ_A,4,002718.SZ,0,0,False,False
2023|05|SZ_A|05|002554.SZ,2023,5,SZ_A,5,002554.SZ,0,0,False,False
2023|05|SZ_A|06|300895.SZ,2023,5,SZ_A,6,300895.SZ,1,1,False,False
2023|05|SZ_A|07|002080.SZ,2023,5,SZ_A,7,002080.SZ,0,0,False,False
2023|05|SZ_A|08|300270.SZ,2023,5,SZ_A,8,300270.SZ,0,0,False,False
2023|05|SZ_A|09|002511.SZ,2023,5,SZ_A,9,002511.SZ,0,0,False,False
2023|05|SZ_A|10|002739.SZ,2023,5,SZ_A,10,002739.SZ,0,0,False,False
2023|06|ALL_A|01|002128.SZ,2023,6,ALL_A,1,002128.SZ,0,0,False,False
2023|06|ALL_A|02|603048.SH,2023,6,ALL_A,2,603048.SH,0,0,False,False
2023|06|ALL_A|03|603979.SH,2023,6,ALL_A,3,603979.SH,0,0,False,False
2023|06|ALL_A|04|600710.SH,2023,6,ALL_A,4,600710.SH,0,0,False,False
2023|06|ALL_A|05|000402.SZ,2023,6,ALL_A,5,000402.SZ,2,2,True,True
2023|06|ALL_A|06|000030.SZ,2023,6,ALL_A,6,000030.SZ,0,0,False,False
2023|06|ALL_A|07|603768.SH,2023,6,ALL_A,7,603768.SH,1,1,False,False
2023|06|ALL_A|08|300440.SZ,2023,6,ALL_A,8,300440.SZ,0,0,False,False
2023|06|ALL_A|09|688162.SH,2023,6,ALL_A,9,688162.SH,0,0,False,False
2023|06|ALL_A|10|688078.SH,2023,6,ALL_A,10,688078.SH,0,0,False,False
2023|06|CHINEXT_BOARD|01|300441.SZ,2023,6,CHINEXT_BOARD,1,300441.SZ,0,0,False,False
2023|06|CHINEXT_BOARD|02|300075.SZ,2023,6,CHINEXT_BOARD,2,300075.SZ,0,0,False,False
2023|06|CHINEXT_BOARD|03|300576.SZ,2023,6,CHINEXT_BOARD,3,300576.SZ,0,0,False,False
2023|06|CHINEXT_BOARD|04|301213.SZ,2023,6,CHINEXT_BOARD,4,301213.SZ,0,0,False,False
2023|06|CHINEXT_BOARD|05|300569.SZ,2023,6,CHINEXT_BOARD,5,300569.SZ,0,0,False,False
2023|06|CHINEXT_BOARD|06|300871.SZ,2023,6,CHINEXT_BOARD,6,300871.SZ,0,0,False,False
2023|06|CHINEXT_BOARD|07|300366.SZ,2023,6,CHINEXT_BOARD,7,300366.SZ,0,0,False,False
2023|06|CHINEXT_BOARD|08|300421.SZ,2023,6,CHINEXT_BOARD,8,300421.SZ,0,0,False,False
2023|06|CHINEXT_BOARD|09|300627.SZ,2023,6,CHINEXT_BOARD,9,300627.SZ,0,0,False,False
2023|06|CHINEXT_BOARD|10|300886.SZ,2023,6,CHINEXT_BOARD,10,300886.SZ,0,0,False,False
2023|06|SH_A|01|603172.SH,2023,6,SH_A,1,603172.SH,0,0,False,False
2023|06|SH_A|02|600369.SH,2023,6,SH_A,2,600369.SH,3,3,True,True
2023|06|SH_A|03|603693.SH,2023,6,SH_A,3,603693.SH,0,0,False,False
2023|06|SH_A|04|603353.SH,2023,6,SH_A,4,603353.SH,0,0,False,False
2023|06|SH_A|05|600428.SH,2023,6,SH_A,5,600428.SH,0,0,False,False
2023|06|SH_A|06|603026.SH,2023,6,SH_A,6,603026.SH,0,0,False,False
2023|06|SH_A|07|688433.SH,2023,6,SH_A,7,688433.SH,0,0,False,False
2023|06|SH_A|08|600927.SH,2023,6,SH_A,8,600927.SH,3,3,True,True
2023|06|SH_A|09|600795.SH,2023,6,SH_A,9,600795.SH,1,1,False,False
2023|06|SH_A|10|603527.SH,2023,6,SH_A,10,603527.SH,0,0,False,False
2023|06|SZ_A|01|002519.SZ,2023,6,SZ_A,1,002519.SZ,0,0,False,False
2023|06|SZ_A|02|300651.SZ,2023,6,SZ_A,2,300651.SZ,0,0,False,False
2023|06|SZ_A|03|301188.SZ,2023,6,SZ_A,3,301188.SZ,0,0,False,False
2023|06|SZ_A|04|000166.SZ,2023,6,SZ_A,4,000166.SZ,5,5,True,True
2023|06|SZ_A|05|301150.SZ,2023,6,SZ_A,5,301150.SZ,1,1,False,False
2023|06|SZ_A|06|300389.SZ,2023,6,SZ_A,6,300389.SZ,0,0,False,False
2023|06|SZ_A|07|002271.SZ,2023,6,SZ_A,7,002271.SZ,0,0,False,False
2023|06|SZ_A|08|300470.SZ,2023,6,SZ_A,8,300470.SZ,2,2,True,True
2023|06|SZ_A|09|300720.SZ,2023,6,SZ_A,9,300720.SZ,1,1,False,False
2023|06|SZ_A|10|300898.SZ,2023,6,SZ_A,10,300898.SZ,0,0,False,False
2023|07|ALL_A|01|600660.SH,2023,7,ALL_A,1,600660.SH,0,0,False,False
2023|07|ALL_A|02|300632.SZ,2023,7,ALL_A,2,300632.SZ,0,0,False,False
2023|07|ALL_A|03|000761.SZ,2023,7,ALL_A,3,000761.SZ,0,0,False,False
2023|07|ALL_A|04|600815.SH,2023,7,ALL_A,4,600815.SH,4,4,True,True
2023|07|ALL_A|05|002159.SZ,2023,7,ALL_A,5,002159.SZ,4,3,True,True
2023|07|ALL_A|06|688157.SH,2023,7,ALL_A,6,688157.SH,0,0,False,False
2023|07|ALL_A|07|601121.SH,2023,7,ALL_A,7,601121.SH,3,2,True,True
2023|07|ALL_A|08|300148.SZ,2023,7,ALL_A,8,300148.SZ,0,0,False,False
2023|07|ALL_A|09|600860.SH,2023,7,ALL_A,9,600860.SH,0,0,False,False
2023|07|ALL_A|10|601009.SH,2023,7,ALL_A,10,601009.SH,0,0,False,False
2023|07|CHINEXT_BOARD|01|300540.SZ,2023,7,CHINEXT_BOARD,1,300540.SZ,0,0,False,False
2023|07|CHINEXT_BOARD|02|300608.SZ,2023,7,CHINEXT_BOARD,2,300608.SZ,0,0,False,False
2023|07|CHINEXT_BOARD|03|301161.SZ,2023,7,CHINEXT_BOARD,3,301161.SZ,0,0,False,False
2023|07|CHINEXT_BOARD|04|300666.SZ,2023,7,CHINEXT_BOARD,4,300666.SZ,0,0,False,False
2023|07|CHINEXT_BOARD|05|300900.SZ,2023,7,CHINEXT_BOARD,5,300900.SZ,0,0,False,False
2023|07|CHINEXT_BOARD|06|300888.SZ,2023,7,CHINEXT_BOARD,6,300888.SZ,2,2,True,True
2023|07|CHINEXT_BOARD|07|300446.SZ,2023,7,CHINEXT_BOARD,7,300446.SZ,0,0,False,False
2023|07|CHINEXT_BOARD|08|300922.SZ,2023,7,CHINEXT_BOARD,8,300922.SZ,0,0,False,False
2023|07|CHINEXT_BOARD|09|301396.SZ,2023,7,CHINEXT_BOARD,9,301396.SZ,0,0,False,False
2023|07|CHINEXT_BOARD|10|300814.SZ,2023,7,CHINEXT_BOARD,10,300814.SZ,0,0,False,False
2023|07|SH_A|01|688001.SH,2023,7,SH_A,1,688001.SH,0,0,False,False
2023|07|SH_A|02|688593.SH,2023,7,SH_A,2,688593.SH,0,0,False,False
2023|07|SH_A|03|600717.SH,2023,7,SH_A,3,600717.SH,2,2,True,True
2023|07|SH_A|04|600223.SH,2023,7,SH_A,4,600223.SH,3,3,True,True
2023|07|SH_A|05|603983.SH,2023,7,SH_A,5,603983.SH,0,0,False,False
2023|07|SH_A|06|605368.SH,2023,7,SH_A,6,605368.SH,0,0,False,False
2023|07|SH_A|07|603366.SH,2023,7,SH_A,7,603366.SH,0,0,False,False
2023|07|SH_A|08|600968.SH,2023,7,SH_A,8,600968.SH,2,2,True,True
2023|07|SH_A|09|600060.SH,2023,7,SH_A,9,600060.SH,0,0,False,False
2023|07|SH_A|10|603719.SH,2023,7,SH_A,10,603719.SH,3,3,True,True
2023|07|SZ_A|01|002602.SZ,2023,7,SZ_A,1,002602.SZ,0,0,False,False
2023|07|SZ_A|02|000876.SZ,2023,7,SZ_A,2,000876.SZ,1,0,False,False
2023|07|SZ_A|03|300694.SZ,2023,7,SZ_A,3,300694.SZ,0,0,False,False
2023|07|SZ_A|04|300855.SZ,2023,7,SZ_A,4,300855.SZ,3,2,True,True
2023|07|SZ_A|05|300869.SZ,2023,7,SZ_A,5,300869.SZ,0,0,False,False
2023|07|SZ_A|06|000938.SZ,2023,7,SZ_A,6,000938.SZ,1,1,False,False
2023|07|SZ_A|07|301018.SZ,2023,7,SZ_A,7,301018.SZ,0,0,False,False
2023|07|SZ_A|08|300326.SZ,2023,7,SZ_A,8,300326.SZ,0,0,False,False
2023|07|SZ_A|09|002414.SZ,2023,7,SZ_A,9,002414.SZ,0,0,False,False
2023|07|SZ_A|10|002445.SZ,2023,7,SZ_A,10,002445.SZ,3,3,True,True
2023|08|ALL_A|01|002963.SZ,2023,8,ALL_A,1,002963.SZ,0,0,False,False
2023|08|ALL_A|02|000566.SZ,2023,8,ALL_A,2,000566.SZ,0,0,False,False
2023|08|ALL_A|03|300248.SZ,2023,8,ALL_A,3,300248.SZ,0,0,False,False
2023|08|ALL_A|04|688291.SH,2023,8,ALL_A,4,688291.SH,0,0,False,False
2023|08|ALL_A|05|002376.SZ,2023,8,ALL_A,5,002376.SZ,0,0,False,False
2023|08|ALL_A|06|002138.SZ,2023,8,ALL_A,6,002138.SZ,2,2,True,True
2023|08|ALL_A|07|300070.SZ,2023,8,ALL_A,7,300070.SZ,0,0,False,False
2023|08|ALL_A|08|300315.SZ,2023,8,ALL_A,8,300315.SZ,0,0,False,False
2023|08|ALL_A|09|000636.SZ,2023,8,ALL_A,9,000636.SZ,0,0,False,False
2023|08|ALL_A|10|601778.SH,2023,8,ALL_A,10,601778.SH,0,0,False,False
2023|08|CHINEXT_BOARD|01|300925.SZ,2023,8,CHINEXT_BOARD,1,300925.SZ,0,0,False,False
2023|08|CHINEXT_BOARD|02|300536.SZ,2023,8,CHINEXT_BOARD,2,300536.SZ,0,0,False,False
2023|08|CHINEXT_BOARD|03|300568.SZ,2023,8,CHINEXT_BOARD,3,300568.SZ,0,0,False,False
2023|08|CHINEXT_BOARD|04|300015.SZ,2023,8,CHINEXT_BOARD,4,300015.SZ,0,0,False,False
2023|08|CHINEXT_BOARD|05|301396.SZ,2023,8,CHINEXT_BOARD,5,301396.SZ,0,0,False,False
2023|08|CHINEXT_BOARD|06|300600.SZ,2023,8,CHINEXT_BOARD,6,300600.SZ,0,0,False,False
2023|08|CHINEXT_BOARD|07|300782.SZ,2023,8,CHINEXT_BOARD,7,300782.SZ,0,0,False,False
2023|08|CHINEXT_BOARD|08|301172.SZ,2023,8,CHINEXT_BOARD,8,301172.SZ,0,0,False,False
2023|08|CHINEXT_BOARD|09|300179.SZ,2023,8,CHINEXT_BOARD,9,300179.SZ,0,0,False,False
2023|08|CHINEXT_BOARD|10|300769.SZ,2023,8,CHINEXT_BOARD,10,300769.SZ,0,0,False,False
2023|08|SH_A|01|600640.SH,2023,8,SH_A,1,600640.SH,0,0,False,False
2023|08|SH_A|02|688117.SH,2023,8,SH_A,2,688117.SH,0,0,False,False
2023|08|SH_A|03|600061.SH,2023,8,SH_A,3,600061.SH,0,0,False,False
2023|08|SH_A|04|603290.SH,2023,8,SH_A,4,603290.SH,0,0,False,False
2023|08|SH_A|05|688425.SH,2023,8,SH_A,5,688425.SH,0,0,False,False
2023|08|SH_A|06|600933.SH,2023,8,SH_A,6,600933.SH,1,1,False,False
2023|08|SH_A|07|603238.SH,2023,8,SH_A,7,603238.SH,0,0,False,False
2023|08|SH_A|08|600704.SH,2023,8,SH_A,8,600704.SH,0,0,False,False
2023|08|SH_A|09|600866.SH,2023,8,SH_A,9,600866.SH,0,0,False,False
2023|08|SH_A|10|600435.SH,2023,8,SH_A,10,600435.SH,0,0,False,False
2023|08|SZ_A|01|001308.SZ,2023,8,SZ_A,1,001308.SZ,0,0,False,False
2023|08|SZ_A|02|002240.SZ,2023,8,SZ_A,2,002240.SZ,0,0,False,False
2023|08|SZ_A|03|301325.SZ,2023,8,SZ_A,3,301325.SZ,0,0,False,False
2023|08|SZ_A|04|002676.SZ,2023,8,SZ_A,4,002676.SZ,0,0,False,False
2023|08|SZ_A|05|300767.SZ,2023,8,SZ_A,5,300767.SZ,0,0,False,False
2023|08|SZ_A|06|002728.SZ,2023,8,SZ_A,6,002728.SZ,0,0,False,False
2023|08|SZ_A|07|300401.SZ,2023,8,SZ_A,7,300401.SZ,0,0,False,False
2023|08|SZ_A|08|002158.SZ,2023,8,SZ_A,8,002158.SZ,0,0,False,False
2023|08|SZ_A|09|300833.SZ,2023,8,SZ_A,9,300833.SZ,0,0,False,False
2023|08|SZ_A|10|002923.SZ,2023,8,SZ_A,10,002923.SZ,0,0,False,False
