audit_id,cohort,market_view,symbol,source_symbol,trade_date,target_year,market_sequence_rank,relative_day,action_selection_rank,daily_raw_close,minute_raw_close,binary_close_equal,daily_close_integer_cents,minute_close_integer_cents,integer_cent_difference,raw_close_signed_difference,raw_close_absolute_difference,coordinate_scale,coordinate_close,mapped_minute_close,support_low10,support_low20,support_low40,primary_level_tested,primary_penetration_depth,primary_close_below_fraction,primary_minimum_bar_index,primary_close_recovery_from_minimum,up_limit_contact,down_limit_contact,corporate_action_count,rights_ratio,corporate_action_blocking,daily_snapshot_id,descriptor_available_at
ACTION|2018|01|300207.SZ|2018-05-18,SUPPORTED_ACTION_AUDIT,ACTION_AUDIT,300207.SZ,300207,2018-05-18,2018,,,1,11.01,11.010000228881836,False,1101,1101,0,2.2888183615066282e-07,2.2888183615066282e-07,0.09934780666487987,1.0938193513803274,1.0938193741192357,1.0536585365853661,0.97853658536585353,0.97853658536585353,False,0,0,27,0.01827487677585091,False,False,1,0,False,PITB-80B916173F29877FD683,2018-05-18T15:30:00+08:00
ACTION|2018|02|600219.SH|2018-05-04,SUPPORTED_ACTION_AUDIT,ACTION_AUDIT,600219.SH,600219,2018-05-04,2018,,,2,3.1000000000000001,3.0999999046325684,False,310,310,0,-9.5367431729442842e-08,9.5367431729442842e-08,0.27258837419265236,0.84502395999722235,0.84502393400116915,0.82620320855614993,0.82620320855614993,0.81818181818181845,False,0,0,2,0.0098978596818264757,False,False,1,0,False,PITB-80B916173F29877FD683,2018-05-04T15:30:00+08:00
ACTION|2018|03|603727.SH|2018-06-15,SUPPORTED_ACTION_AUDIT,ACTION_AUDIT,603727.SH,603727,2018-06-15,2018,,,3,15.44,15.479999542236328,False,1544,1548,4,0.039999542236328622,0.039999542236328622,0.043021650711704773,0.66425428698872169,0.66597513332344105,0.68030690537084382,0.68030690537084382,0.67007672634271098,True,0.032449532853114894,0.70539419087136934,79,0.011382905520278486,False,False,1,0,False,PITB-80B916173F29877FD683,2018-06-15T15:30:00+08:00
ACTION|2018|04|000615.SZ|2018-06-11,SUPPORTED_ACTION_AUDIT,ACTION_AUDIT,000615.SZ,000615,2018-06-11,2018,,,4,6.8899999999999997,6.8899998664855957,False,689,689,0,-1.3351440397713077e-07,1.3351440397713077e-07,0.10317886573683847,0.71090238492681701,0.71090237115095234,0.71823770491803263,0.71823770491803263,0.71823770491803263,True,0.013086070321118942,0.34854771784232363,198,0.0028731091846419627,False,False,1,0,False,PITB-80B916173F29877FD683,2018-06-11T15:30:00+08:00
ACTION|2018|05|600059.SH|2018-05-16,SUPPORTED_ACTION_AUDIT,ACTION_AUDIT,600059.SH,600059,2018-05-16,2018,,,5,8.8100000000000005,8.8100004196166992,False,881,881,0,4.1961669872137008e-07,4.1961669872137008e-07,0.10794748024634539,0.9510173009703029,0.95101734626686818,0.85805763073639252,0.84738527214514403,0.84738527214514403,False,0,0,2,0.02293004141800873,False,False,1,0,False,PITB-80B916173F29877FD683,2018-05-16T15:30:00+08:00
ACTION|2019|01|603345.SH|2019-06-19,SUPPORTED_ACTION_AUDIT,ACTION_AUDIT,603345.SH,603345,2019-06-19,2019,,,1,49.009999999999998,49.009998321533203,False,4901,4901,0,-1.6784667948854803e-06,1.6784667948854803e-06,0.042007038355352917,2.0587649497958465,2.0587648792884274,1.8762578343492455,1.8341556256691138,1.5932142730243979,False,0,0,177,0.0066417043172473768,False,False,1,0,False,PITB-80B916173F29877FD683,2019-06-19T15:30:00+08:00
ACTION|2019|02|002733.SZ|2019-05-27,SUPPORTED_ACTION_AUDIT,ACTION_AUDIT,002733.SZ,002733,2019-05-27,2019,,,2,22.879999999999999,22.879999160766602,False,2288,2288,0,-8.3923339744274017e-07,8.3923339744274017e-07,0.058404026929322499,1.3362841361428988,1.3362840871282888,1.2206103431190503,1.2206103431190503,1.2206103431190503,False,0,0,4,0.054068443535290868,False,False,1,0,False,PITB-80B916173F29877FD683,2019-05-27T15:30:00+08:00
ACTION|2019|03|603659.SH|2019-04-18,SUPPORTED_ACTION_AUDIT,ACTION_AUDIT,603659.SH,603659,2019-04-18,2019,,,3,52.399999999999999,52.400001525878906,False,5240,5240,0,1.5258789076710855e-06,1.5258789076710855e-06,0.018044473218621362,0.94553039665575944,0.94553042418944044,0.89680208039753129,0.89680208039753129,0.85938310758797198,False,0,0,46,0.0028169917605648472,False,False,1,0,False,PITB-80B916173F29877FD683,2019-04-18T15:30:00+08:00
ACTION|2019|04|600182.SH|2019-06-27,SUPPORTED_ACTION_AUDIT,ACTION_AUDIT,600182.SH,600182,2019-06-27,2019,,,4,17.16,17.159999847412109,False,1716,1716,0,-1.5258789076710855e-07,1.5258789076710855e-07,0.042076998027814928,0.72204128615730412,0.72204127973686383,0.71451412468351905,0.70194939798920153,0.69859880420405063,False,0,0,229,0.0017983330941407014,False,False,1,0,False,PITB-80B916173F29877FD683,2019-06-27T15:30:00+08:00
ACTION|2019|05|603733.SH|2019-06-21,SUPPORTED_ACTION_AUDIT,ACTION_AUDIT,603733.SH,603733,2019-06-21,2019,,,5,15.31,15.310000419616699,False,1531,1531,0,4.1961669872137008e-07,4.1961669872137008e-07,0.052414109743596476,0.80246002017446205,0.8024600421682978,0.74201616480212818,0.73732974691916742,0.71858407538732416,False,0,0,11,0.015639024721096333,False,False,1,0,False,PITB-80B916173F29877FD683,2019-06-21T15:30:00+08:00
ACTION|2020|01|600183.SH|2020-05-29,SUPPORTED_ACTION_AUDIT,ACTION_AUDIT,600183.SH,600183,2020-05-29,2020,,,1,26.800000000000001,26.799999237060547,False,2680,2680,0,-7.6293945383554274e-07,7.6293945383554274e-07,0.084267194323839889,2.2583608078789092,2.2583607435881419,2.1880844236873429,2.1880844236873429,2.090928492920201,False,0,0,147,0.0057767638516850748,False,False,1,0,False,PITB-80B916173F29877FD683,2020-05-29T15:30:00+08:00
ACTION|2020|02|603983.SH|2020-07-01,SUPPORTED_ACTION_AUDIT,ACTION_AUDIT,603983.SH,603983,2020-07-01,2020,,,2,83.890000000000001,83.889999389648438,False,8389,8389,0,-6.1035156306843419e-07,6.1035156306843419e-07,0.033960579673896318,2.8489530288431624,2.8489530081152692,2.7346179851250847,2.6436781609195403,2.400608519269777,False,0,0,189,0.014002047610937001,False,False,1,0,False,PITB-80B916173F29877FD683,2020-07-01T15:30:00+08:00
ACTION|2020|03|600132.SH|2020-05-29,SUPPORTED_ACTION_AUDIT,ACTION_AUDIT,600132.SH,600132,2020-05-29,2020,,,3,61.700000000000003,61.700000762939453,False,6170,6170,0,7.6293945028282906e-07,7.6293945028282906e-07,0.050892131117570565,3.140044489954104,3.1400445287817185,2.7610410685526907,2.5719968152103454,2.1894309446307023,False,0,0,1,0.021963595082436033,False,False,1,0,False,PITB-80B916173F29877FD683,2020-05-29T15:30:00+08:00
ACTION|2020|04|603090.SH|2020-05-22,SUPPORTED_ACTION_AUDIT,ACTION_AUDIT,603090.SH,603090,2020-05-22,2020,,,4,16.100000000000001,16.100000381469727,False,1610,1610,0,3.8146972514141453e-07,3.8146972514141453e-07,0.051024588613817694,0.82149587668246493,0.82149589614680074,0.75247673025137252,0.73065845688602593,0.73065845688602593,False,0,0,240,0,False,False,1,0,False,PITB-80B916173F29877FD683,2020-05-22T15:30:00+08:00
ACTION|2020|05|603380.SH|2020-07-06,SUPPORTED_ACTION_AUDIT,ACTION_AUDIT,603380.SH,603380,2020-07-06,2020,,,5,17.969999999999999,17.969999313354492,False,1797,1797,0,-6.8664550667563162e-07,6.8664550667563162e-07,0.050594179646447718,0.90917740824666538,0.90917737350639927,0.82849299091551964,0.79806669805227648,0.78160657240494824,False,0,0,10,0.032965791129737756,False,False,1,0,False,PITB-80B916173F29877FD683,2020-07-06T15:30:00+08:00
ACTION|2021|01|688089.SH|2021-07-20,SUPPORTED_ACTION_AUDIT,ACTION_AUDIT,688089.SH,688089,2021-07-20,2021,,,1,45.5,45.5,True,4550,4550,0,0,0,0.022030941024055947,1.0024078165945456,1.0024078165945456,0.97109333953159671,0.92188252840668461,0.8529873928318078,False,0,0,82,0.023658837129405631,False,False,1,0,False,PITB-80B916173F29877FD683,2021-07-20T15:30:00+08:00
ACTION|2021|02|601929.SH|2021-07-16,SUPPORTED_ACTION_AUDIT,ACTION_AUDIT,601929.SH,601929,2021-07-16,2021,,,2,1.8100000000000001,1.809999942779541,False,181,181,0,-5.7220459037665705e-08,5.7220459037665705e-08,0.3412524531539729,0.61766694020869095,0.61766692068206897,0.60672461431026525,0.60672461431026525,0.60672461431026525,False,0,0,2,0.0056244978308358203,False,False,1,0,False,PITB-80B916173F29877FD683,2021-07-16T15:30:00+08:00
ACTION|2021|03|002527.SZ|2021-07-21,SUPPORTED_ACTION_AUDIT,ACTION_AUDIT,002527.SZ,002527,2021-07-21,2021,,,3,8.8599999999999994,8.8599996566772461,False,886,886,0,-3.4332275333781581e-07,3.4332275333781581e-07,0.10056602509879403,0.89101498237531507,0.89101494784871038,0.78578846694671134,0.70370610479431617,0.67667898554901529,False,0,0,1,0.03715626943982539,False,False,1,0,False,PITB-80B916173F29877FD683,2021-07-21T15:30:00+08:00
ACTION|2021|04|002976.SZ|2021-06-16,SUPPORTED_ACTION_AUDIT,ACTION_AUDIT,002976.SZ,002976,2021-06-16,2021,,,4,19.02,19.020000457763672,False,1902,1902,0,4.5776367230132564e-07,4.5776367230132564e-07,0.044663945278289721,0.8495082391930705,0.8495082596386021,0.83753111233549338,0.82641344270272132,0.81640754003322646,False,0,0,178,0.0070259754892524019,False,False,1,0,False,PITB-80B916173F29877FD683,2021-06-16T15:30:00+08:00
ACTION|2021|05|002962.SZ|2021-05-26,SUPPORTED_ACTION_AUDIT,ACTION_AUDIT,002962.SZ,002962,2021-05-26,2021,,,5,13.33,13.329999923706055,False,1333,1333,0,-7.6293945383554274e-08,7.6293945383554274e-08,0.070857872136770278,0.94453543558314779,0.94453543017712116,0.88765291607396823,0.88065433854907482,0.80600284495021268,False,0,0,1,0.0032184161916775709,False,False,1,0,False,PITB-80B916173F29877FD683,2021-05-26T15:30:00+08:00
ACTION|2022|01|600552.SH|2022-05-12,SUPPORTED_ACTION_AUDIT,ACTION_AUDIT,600552.SH,600552,2022-05-12,2022,,,1,7.9900000000000002,7.9899997711181641,False,799,799,0,-2.2888183615066282e-07,2.2888183615066282e-07,0.14005088730544055,1.1190065895704699,1.1190065575153658,0.92247725330447605,0.92247725330447605,0.92247725330447605,False,0,0,169,0.031882222341893876,False,False,1,0,False,PITB-80B916173F29877FD683,2022-05-12T15:30:00+08:00
ACTION|2022|02|301300.SZ|2022-11-21,SUPPORTED_ACTION_AUDIT,ACTION_AUDIT,301300.SZ,301300,2022-11-21,2022,,,2,36.380000000000003,36.380001068115234,False,3638,3638,0,1.0681152318170462e-06,1.0681152318170462e-06,0.017525370974740041,0.63757299606104278,0.63757301478015838,0.60935875216637758,0.56031195840554571,0.56031195840554571,False,0,0,5,0.035969611321337532,False,False,1,0,False,PITB-80B916173F29877FD683,2022-11-21T15:30:00+08:00
ACTION|2022|03|600118.SH|2022-06-13,SUPPORTED_ACTION_AUDIT,ACTION_AUDIT,600118.SH,600118,2022-06-13,2022,,,3,20.210000000000001,20.209999084472656,False,2021,2021,0,-9.1552734460265128e-07,9.1552734460265128e-07,0.040111387957840139,0.81065115062794924,0.81065111390487676,0.7770538996373727,0.75225856161497584,0.6550768335594529,False,0,0,52,0.011197419581360992,False,False,1,0,False,PITB-80B916173F29877FD683,2022-06-13T15:30:00+08:00
ACTION|2022|04|688127.SH|2022-06-02,SUPPORTED_ACTION_AUDIT,ACTION_AUDIT,688127.SH,688127,2022-06-02,2022,,,4,21.039999999999999,21.040000915527344,False,2104,2104,0,9.1552734460265128e-07,9.1552734460265128e-07,0.029067080824906159,0.61157138055602556,0.61157140716773284,0.51430005830148473,0.3688414559535898,0.33565149708452657,False,0,0,0,0.053588400957815086,False,False,1,0,False,PITB-80B916173F29877FD683,2022-06-02T15:30:00+08:00
ACTION|2022|05|300127.SZ|2022-06-15,SUPPORTED_ACTION_AUDIT,ACTION_AUDIT,300127.SZ,300127,2022-06-15,2022,,,5,17.719999999999999,17.719999313354492,False,1772,1772,0,-6.8664550667563162e-07,6.8664550667563162e-07,0.065286906628514732,1.156883985457281,1.15688394062832,1.045592334711072,1.0188475855893511,0.87875604257081541,False,0,0,31,0.019864508169946404,False,False,1,0,False,PITB-80B916173F29877FD683,2022-06-15T15:30:00+08:00
ACTION|2023|01|000777.SZ|2023-07-25,SUPPORTED_ACTION_AUDIT,ACTION_AUDIT,000777.SZ,000777,2023-07-25,2023,,,1,14.699999999999999,14.699999809265137,False,1470,1470,0,-1.9073486257070726e-07,1.9073486257070726e-07,0.075398077079816203,1.1083517330732982,1.1083517186922562,0.9961793526930528,0.94307970251196638,0.87577028678946311,False,0,0,42,0.024784080884753364,False,False,1,0,False,PITB-80B916173F29877FD683,2023-07-25T15:30:00+08:00
ACTION|2023|02|301002.SZ|2023-05-30,SUPPORTED_ACTION_AUDIT,ACTION_AUDIT,301002.SZ,301002,2023-05-30,2023,,,2,20.280000000000001,20.280000686645508,False,2028,2028,0,6.8664550667563162e-07,6.8664550667563162e-07,0.013218053328166347,0.26806212149521352,0.26806213057133044,0.25316031564120695,0.24258510123337251,0.24245613520400866,False,0,0,155,0.014711869901343003,False,False,1,0,False,PITB-80B916173F29877FD683,2023-05-30T15:30:00+08:00
ACTION|2023|03|600794.SH|2023-05-31,SUPPORTED_ACTION_AUDIT,ACTION_AUDIT,600794.SH,600794,2023-05-31,2023,,,3,3.52,3.5199999809265137,False,352,352,0,-1.9073486345888568e-08,1.9073486345888568e-08,0.23058230513408848,0.81164971407199149,0.81164970967398298,0.80577050937572348,0.80577050937572348,0.80577050937572348,False,0,0,158,0.0028616347030659029,False,False,1,0,False,PITB-80B916173F29877FD683,2023-05-31T15:30:00+08:00
ACTION|2023|04|603689.SH|2023-06-05,SUPPORTED_ACTION_AUDIT,ACTION_AUDIT,603689.SH,603689,2023-06-05,2023,,,4,8.4800000000000004,8.4799995422363281,False,848,848,0,-4.5776367230132564e-07,4.5776367230132564e-07,0.099180408016440194,0.84104985997941284,0.84104981457822514,0.81450424125567067,0.81353574631957593,0.71184377802962895,False,0,0,0,0.021944222125916398,False,False,1,0,False,PITB-80B916173F29877FD683,2023-06-05T15:30:00+08:00
ACTION|2023|05|002795.SZ|2023-06-01,SUPPORTED_ACTION_AUDIT,ACTION_AUDIT,002795.SZ,002795,2023-06-01,2023,,,5,9.1999999999999993,9.1999998092651367,False,920,920,0,-1.9073486257070726e-07,1.9073486257070726e-07,0.11520195600028951,1.0598579952026634,1.0598579732296343,0.98086236823103645,0.85825457220215706,0.82945408320208469,False,0,0,10,0.017449679790727417,False,False,1,0,False,PITB-80B916173F29877FD683,2023-06-01T15:30:00+08:00
MARKET|2018|ALL_A|01|603037.SH|2018-06-08,COORDINATE_ELIGIBLE_MARKET_SEQUENCE,ALL_A,603037.SH,603037,2018-06-08,2018,1,-5,,25.399999999999999,25.409999847412109,False,2540,2541,1,0.0099998474121107961,0.0099998474121107961,0.037579857196542638,0.95452837279218294,0.95490416562991731,0.95527996993611397,0.95527996993611397,0.89590379556557687,True,0.012588497975227255,0.79668049792531115,19,0.0121951009418719,False,False,0,0,False,PITB-80B916173F29877FD683,2018-06-08T15:30:00+08:00
MARKET|2018|ALL_A|01|603037.SH|2018-06-11,COORDINATE_ELIGIBLE_MARKET_SEQUENCE,ALL_A,603037.SH,603037,2018-06-11,2018,1,-4,,25.600000000000001,25.610000610351562,False,2560,2561,1,0.010000610351561079,0.010000610351561079,0.037579857196542638,0.96204434423149165,0.96242016574038147,0.94325441563322021,0.94325441563322021,0.89590379556557687,False,0,0,3,0.017928317248583729,False,False,0,0,False,PITB-80B916173F29877FD683,2018-06-11T15:30:00+08:00
MARKET|2018|ALL_A|01|603037.SH|2018-06-12,COORDINATE_ELIGIBLE_MARKET_SEQUENCE,ALL_A,603037.SH,603037,2018-06-12,2018,1,-3,,26.109999999999999,26.120000839233398,False,2611,2612,1,0.010000839233399006,0.010000839233399006,0.037579857196542638,0.98121007140172822,0.98158590151196501,0.94325441563322021,0.94325441563322021,0.89590379556557687,False,0,0,48,0.032669386540751112,False,False,0,0,False,PITB-80B916173F29877FD683,2018-06-12T15:30:00+08:00
MARKET|2018|ALL_A|01|603037.SH|2018-06-13,COORDINATE_ELIGIBLE_MARKET_SEQUENCE,ALL_A,603037.SH,603037,2018-06-13,2018,1,-2,,25.34,25.309999465942383,False,2534,2531,-3,-0.030000534057617045,0.030000534057617045,0.037579857196542638,0.95227358136039042,0.95114616557468512,0.94325441563322021,0.94325441563322021,0.89590379556557687,False,0,0,237,0.0011951704899152711,False,False,0,0,False,PITB-80B916173F29877FD683,2018-06-13T15:30:00+08:00
MARKET|2018|ALL_A|01|603037.SH|2018-06-14,COORDINATE_ELIGIBLE_MARKET_SEQUENCE,ALL_A,603037.SH,603037,2018-06-14,2018,1,-1,,25.359999999999999,25.370000839233398,False,2536,2537,1,0.010000839233399006,0.010000839233399006,0.037579857196542638,0.95302517850432122,0.95340100861455801,0.94325441563322021,0.94325441563322021,0.89590379556557687,False,0,0,1,0.0095618198592349185,False,False,0,0,False,PITB-80B916173F29877FD683,2018-06-14T15:30:00+08:00
MARKET|2018|ALL_A|02|600673.SH|2018-06-08,COORDINATE_ELIGIBLE_MARKET_SEQUENCE,ALL_A,600673.SH,600673,2018-06-08,2018,2,-5,,11.27,11.300000190734863,False,1127,1130,3,0.030000190734863708,0.030000190734863708,0.14727540500736383,1.6597938144329905,1.6642121046737655,1.3755522827687783,1.3637702503681894,1.2562592047128138,False,0,0,30,0.045356379729367742,False,False,0,0,False,PITB-80B916173F29877FD683,2018-06-08T15:30:00+08:00
MARKET|2018|ALL_A|02|600673.SH|2018-06-11,COORDINATE_ELIGIBLE_MARKET_SEQUENCE,ALL_A,600673.SH,600673,2018-06-11,2018,2,-4,,11.94,11.920000076293945,False,1194,1192,-2,-0.01999992370605419,0.01999992370605419,0.14727540500736386,1.7584683357879243,1.755522838923999,1.4462444771723133,1.3637702503681894,1.2562592047128138,False,0,0,2,0.093952471442665497,False,False,0,0,False,PITB-80B916173F29877FD683,2018-06-11T15:30:00+08:00
MARKET|2018|ALL_A|02|600673.SH|2018-06-12,COORDINATE_ELIGIBLE_MARKET_SEQUENCE,ALL_A,600673.SH,600673,2018-06-12,2018,2,-3,,11.720000000000001,11.720000267028809,False,1172,1172,0,2.6702880795426154e-07,2.6702880795426154e-07,0.14727540500736386,1.7260677466863044,1.7260677860130804,1.4462444771723133,1.3637702503681894,1.2562592047128138,False,0,0,56,0.012958950924306984,False,False,0,0,False,PITB-80B916173F29877FD683,2018-06-12T15:30:00+08:00
MARKET|2018|ALL_A|02|600673.SH|2018-06-13,COORDINATE_ELIGIBLE_MARKET_SEQUENCE,ALL_A,600673.SH,600673,2018-06-13,2018,2,-2,,11.140000000000001,11.149999618530273,False,1114,1115,1,0.0099996185302728691,0.0099996185302728691,0.14727540500736383,1.6406480117820332,1.6421207096509982,1.4462444771723133,1.3637702503681894,1.2562592047128138,False,0,0,85,0.0064794239678598693,False,False,0,0,False,PITB-80B916173F29877FD683,2018-06-13T15:30:00+08:00
MARKET|2018|ALL_A|02|600673.SH|2018-06-14,COORDINATE_ELIGIBLE_MARKET_SEQUENCE,ALL_A,600673.SH,600673,2018-06-14,2018,2,-1,,11.02,11.039999961853027,False,1102,1104,2,0.01999996185302777,0.01999996185302777,0.14727540500736383,1.6229749631811494,1.6259204656631858,1.5066273932253325,1.3637702503681894,1.2562592047128138,False,0,0,3,0.0097192389403769688,False,False,0,0,False,PITB-80B916173F29877FD683,2018-06-14T15:30:00+08:00
MARKET|2018|ALL_A|03|000903.SZ|2018-06-08,COORDINATE_ELIGIBLE_MARKET_SEQUENCE,ALL_A,000903.SZ,000903,2018-06-08,2018,3,-5,,2.8399999999999999,2.8399999141693115,False,284,284,0,-8.5830688334453953e-08,8.5830688334453953e-08,0.28571428571428564,0.81142857142857117,0.81142854690551736,0.80571428571428549,0.80571428571428549,0.80571428571428549,True,0.0035461195817230082,0.2074688796680498,201,0.010638287726868938,False,False,0,0,False,PITB-80B916173F29877FD683,2018-06-08T15:30:00+08:00
MARKET|2018|ALL_A|03|000903.SZ|2018-06-11,COORDINATE_ELIGIBLE_MARKET_SEQUENCE,ALL_A,000903.SZ,000903,2018-06-11,2018,3,-4,,2.8199999999999998,2.8199999332427979,False,282,282,0,-6.6757201988565384e-08,6.6757201988565384e-08,0.28571428571428564,0.80571428571428549,0.80571426664079915,0.8028571428571426,0.8028571428571426,0.8028571428571426,True,0.003558735830503851,0.32365145228215769,199,0.0071174309347023963,False,False,0,0,False,PITB-80B916173F29877FD683,2018-06-11T15:30:00+08:00
MARKET|2018|ALL_A|03|000903.SZ|2018-06-12,COORDINATE_ELIGIBLE_MARKET_SEQUENCE,ALL_A,000903.SZ,000903,2018-06-12,2018,3,-3,,2.8500000000000001,2.8499999046325684,False,285,285,0,-9.5367431729442842e-08,9.5367431729442842e-08,0.28571428571428564,0.81428571428571417,0.81428568703787652,0.79999999999999982,0.79999999999999982,0.79999999999999982,False,0,0,2,0.014285700661795523,False,False,0,0,False,PITB-80B916173F29877FD683,2018-06-12T15:30:00+08:00
MARKET|2018|ALL_A|03|000903.SZ|2018-06-13,COORDINATE_ELIGIBLE_MARKET_SEQUENCE,ALL_A,000903.SZ,000903,2018-06-13,2018,3,-2,,2.8100000000000001,2.809999942779541,False,281,281,0,-5.7220459037665705e-08,5.7220459037665705e-08,0.28571428571428564,0.80285714285714271,0.8028571265084401,0.79999999999999982,0.79999999999999982,0.79999999999999982,True,1.7029898602416441e-08,0,232,0.0035714251654489501,False,False,0,0,False,PITB-80B916173F29877FD683,2018-06-13T15:30:00+08:00
MARKET|2018|ALL_A|03|000903.SZ|2018-06-14,COORDINATE_ELIGIBLE_MARKET_SEQUENCE,ALL_A,000903.SZ,000903,2018-06-14,2018,3,-1,,2.79,2.7899999618530273,False,279,279,0,-3.8146972691777137e-08,3.8146972691777137e-08,0.28571428571428564,0.79714285714285693,0.79714284624372189,0.79999999999999971,0.79999999999999971,0.79999999999999971,True,0.010714292526245037,0.7136929460580913,0,0.0071428503308977624,False,False,0,0,False,PITB-80B916173F29877FD683,2018-06-14T15:30:00+08:00
MARKET|2018|ALL_A|04|600038.SH|2018-06-08,COORDINATE_ELIGIBLE_MARKET_SEQUENCE,ALL_A,600038.SH,600038,2018-06-08,2018,4,-5,,41.340000000000003,41.349998474121094,False,4134,4135,1,0.0099984741210903394,0.0099984741210903394,0.021294718909710384,0.88032367972742731,0.88053659442336196,0.8592419080068141,0.8592419080068141,0.8592419080068141,False,0,0,19,0.019826499059740967,False,False,0,0,False,PITB-80B916173F29877FD683,2018-06-08T15:30:00+08:00
MARKET|2018|ALL_A|04|600038.SH|2018-06-11,COORDINATE_ELIGIBLE_MARKET_SEQUENCE,ALL_A,600038.SH,600038,2018-06-11,2018,4,-4,,41.420000000000002,41.439998626708984,False,4142,4144,2,0.01999862670898267,0.01999862670898267,0.021294718909710381,0.88202725724020403,0.88245312237455198,0.8592419080068141,0.8592419080068141,0.8592419080068141,False,0,0,1,0.010904550847806293,False,False,0,0,False,PITB-80B916173F29877FD683,2018-06-11T15:30:00+08:00
MARKET|2018|ALL_A|04|600038.SH|2018-06-12,COORDINATE_ELIGIBLE_MARKET_SEQUENCE,ALL_A,600038.SH,600038,2018-06-12,2018,4,-3,,42.18,42.180000305175781,False,4218,4218,0,3.0517578153421709e-07,3.0517578153421709e-07,0.021294718909710381,0.89821124361158389,0.8982112501102163,0.8592419080068141,0.8592419080068141,0.8592419080068141,False,0,0,16,0.023544008994781953,False,False,0,0,False,PITB-80B916173F29877FD683,2018-06-12T15:30:00+08:00
MARKET|2018|ALL_A|04|600038.SH|2018-06-13,COORDINATE_ELIGIBLE_MARKET_SEQUENCE,ALL_A,600038.SH,600038,2018-06-13,2018,4,-2,,41.939999999999998,41.950000762939453,False,4194,4195,1,0.010000762939455399,0.010000762939455399,0.021294718909710384,0.89310051107325339,0.89331347450893184,0.8592419080068141,0.8592419080068141,0.8592419080068141,False,0,0,113,0.0061957868649319013,False,False,0,0,False,PITB-80B916173F29877FD683,2018-06-13T15:30:00+08:00
MARKET|2018|ALL_A|04|600038.SH|2018-06-14,COORDINATE_ELIGIBLE_MARKET_SEQUENCE,ALL_A,600038.SH,600038,2018-06-14,2018,4,-1,,40.159999999999997,40.189998626708984,False,4016,4019,3,0.029998626708987786,0.029998626708987786,0.021294718909710384,0.85519591141396889,0.8558347237374142,0.8592419080068141,0.8592419080068141,0.8592419080068141,True,0.0079306374399783861,0.016597510373443983,239,0.0039652998119481678,False,False,0,0,False,PITB-80B916173F29877FD683,2018-06-14T15:30:00+08:00
MARKET|2018|ALL_A|05|000852.SZ|2018-06-08,COORDINATE_ELIGIBLE_MARKET_SEQUENCE,ALL_A,000852.SZ,000852,2018-06-08,2018,5,-5,,8.0299999999999994,8.0299997329711914,False,803,803,0,-2.6702880795426154e-07,2.6702880795426154e-07,0.10111223458038424,0.8119312436804853,0.81193121668060586,0.78463094034378156,0.78463094034378156,0.78463094034378156,False,0,0,199,0.0077319513891160969,False,False,0,0,False,PITB-80B916173F29877FD683,2018-06-08T15:30:00+08:00
MARKET|2018|ALL_A|05|000852.SZ|2018-06-11,COORDINATE_ELIGIBLE_MARKET_SEQUENCE,ALL_A,000852.SZ,000852,2018-06-11,2018,5,-4,,7.8399999999999999,7.8400001525878906,False,784,784,0,1.5258789076710855e-07,1.5258789076710855e-07,0.10111223458038421,0.79271991911021222,0.79271993453871481,0.78463094034378156,0.78463094034378156,0.78463094034378156,False,0,0,0,0.0012886892888963992,False,False,0,0,False,PITB-80B916173F29877FD683,2018-06-11T15:30:00+08:00
MARKET|2018|ALL_A|05|000852.SZ|2018-06-12,COORDINATE_ELIGIBLE_MARKET_SEQUENCE,ALL_A,000852.SZ,000852,2018-06-12,2018,5,-3,,8.0500000000000007,8.0500001907348633,False,805,805,0,1.9073486257070726e-07,1.9073486257070726e-07,0.10111223458038422,0.81395348837209303,0.81395350765772123,0.78463094034378156,0.78463094034378156,0.78463094034378156,False,0,0,47,0.032216494845360787,False,False,0,0,False,PITB-80B916173F29877FD683,2018-06-12T15:30:00+08:00
MARKET|2018|ALL_A|05|000852.SZ|2018-06-13,COORDINATE_ELIGIBLE_MARKET_SEQUENCE,ALL_A,000852.SZ,000852,2018-06-13,2018,5,-2,,7.8099999999999996,7.809999942779541,False,781,781,0,-5.7220458593576495e-08,5.7220458593576495e-08,0.10111223458038422,0.7896865520728007,0.78968654628711232,0.78463094034378156,0.78463094034378156,0.78463094034378156,False,0,0,234,0.0025773171297053653,False,False,0,0,False,PITB-80B916173F29877FD683,2018-06-13T15:30:00+08:00
MARKET|2018|ALL_A|05|000852.SZ|2018-06-14,COORDINATE_ELIGIBLE_MARKET_SEQUENCE,ALL_A,000852.SZ,000852,2018-06-14,2018,5,-1,,7.7199999999999998,7.7199997901916504,False,772,772,0,-2.0980834936068504e-07,2.0980834936068504e-07,0.10111223458038421,0.78058645096056611,0.78058642974637504,0.78766430738119309,0.78463094034378156,0.78463094034378156,True,0.0077319833421216578,0.17427385892116182,236,0.0025773171297053653,False,False,0,0,False,PITB-80B916173F29877FD683,2018-06-14T15:30:00+08:00
MARKET|2018|ALL_A|06|300707.SZ|2018-06-08,COORDINATE_ELIGIBLE_MARKET_SEQUENCE,ALL_A,300707.SZ,300707,2018-06-08,2018,6,-5,,29.309999999999999,29.309999465942383,False,2931,2931,0,-5.3405761590852308e-07,5.3405761590852308e-07,0.042633012615276709,1.2495735997537603,1.2495735769852752,1.1749658276770261,1.1749658276770261,1.1281396338867602,False,0,0,140,0.029027548514533531,False,False,0,0,False,PITB-80B916173F29877FD683,2018-06-08T15:30:00+08:00
MARKET|2018|ALL_A|06|300707.SZ|2018-06-11,COORDINATE_ELIGIBLE_MARKET_SEQUENCE,ALL_A,300707.SZ,300707,2018-06-11,2018,6,-4,,29.09,29.090000152587891,False,2909,2909,0,1.5258789076710855e-07,1.5258789076710855e-07,0.042633012615276709,1.2401943369783994,1.2401943434836808,1.1749658276770261,1.1749658276770261,1.1281396338867602,False,0,0,198,0.0029027548514532204,False,False,0,0,False,PITB-80B916173F29877FD683,2018-06-11T15:30:00+08:00
MARKET|2018|ALL_A|06|300707.SZ|2018-06-12,COORDINATE_ELIGIBLE_MARKET_SEQUENCE,ALL_A,300707.SZ,300707,2018-06-12,2018,6,-3,,28.800000000000001,28.799999237060547,False,2880,2880,0,-7.6293945383554274e-07,7.6293945383554274e-07,0.042633012615276709,1.2278307633199692,1.2278307307935619,1.1749658276770261,1.1749658276770261,1.1281396338867602,True,0.019956450330847707,0.041493775933609957,49,0.064949165753944479,False,False,0,0,False,PITB-80B916173F29877FD683,2018-06-12T15:30:00+08:00
MARKET|2018|ALL_A|06|300707.SZ|2018-06-13,COORDINATE_ELIGIBLE_MARKET_SEQUENCE,ALL_A,300707.SZ,300707,2018-06-13,2018,6,-2,,27.800000000000001,27.799999237060547,False,2780,2780,0,-7.6293945383554274e-07,7.6293945383554274e-07,0.042633012615276709,1.1851977507046925,1.1851977181782851,1.1515176707386241,1.1515176707386241,1.1281396338867602,False,0,0,234,0,False,False,0,0,False,PITB-80B916173F29877FD683,2018-06-13T15:30:00+08:00
MARKET|2018|ALL_A|06|300707.SZ|2018-06-14,COORDINATE_ELIGIBLE_MARKET_SEQUENCE,ALL_A,300707.SZ,300707,2018-06-14,2018,6,-1,,28.050000000000001,28.049999237060547,False,2805,2805,0,-7.6293945383554274e-07,7.6293945383554274e-07,0.042633012615276702,1.1958560038585115,1.1958559713321042,1.1515176707386241,1.1515176707386241,1.1281396338867602,False,0,0,1,0.030729356671827242,False,False,0,0,False,PITB-80B916173F29877FD683,2018-06-14T15:30:00+08:00
MARKET|2018|ALL_A|07|002550.SZ|2018-06-08,COORDINATE_ELIGIBLE_MARKET_SEQUENCE,ALL_A,002550.SZ,002550,2018-06-08,2018,7,-5,,6.1600000000000001,6.1599998474121094,False,616,616,0,-1.5258789076710855e-07,1.5258789076710855e-07,0.18416206261510124,1.1344383057090237,1.134438277608123,1.1160220994475134,1.1160220994475134,1.0662983425414363,False,0,0,153,0.011551104756471725,False,False,0,0,False,PITB-80B916173F29877FD683,2018-06-08T15:30:00+08:00
MARKET|2018|ALL_A|07|002550.SZ|2018-06-11,COORDINATE_ELIGIBLE_MARKET_SEQUENCE,ALL_A,002550.SZ,002550,2018-06-11,2018,7,-4,,6.0899999999999999,6.0900001525878906,False,609,609,0,1.5258789076710855e-07,1.5258789076710855e-07,0.18416206261510121,1.1215469613259663,1.121546989426867,1.1160220994475134,1.1160220994475134,1.0662983425414363,True,0.0049504604276651579,0.082987551867219914,225,0.0099009806566899474,False,False,0,0,False,PITB-80B916173F29877FD683,2018-06-11T15:30:00+08:00
MARKET|2018|ALL_A|07|002550.SZ|2018-06-12,COORDINATE_ELIGIBLE_MARKET_SEQUENCE,ALL_A,002550.SZ,002550,2018-06-12,2018,7,-3,,6.0899999999999999,6.0900001525878906,False,609,609,0,1.5258789076710855e-07,1.5258789076710855e-07,0.18416206261510121,1.1215469613259663,1.121546989426867,1.1104972375690603,1.1104972375690603,1.0662983425414363,True,0.0099502835503067263,0.36929460580912865,101,0.019900557611316802,False,False,0,0,False,PITB-80B916173F29877FD683,2018-06-12T15:30:00+08:00
MARKET|2018|ALL_A|07|002550.SZ|2018-06-13,COORDINATE_ELIGIBLE_MARKET_SEQUENCE,ALL_A,002550.SZ,002550,2018-06-13,2018,7,-2,,6.0700000000000003,6.070000171661377,False,607,607,0,1.7166137666890791e-07,1.7166137666890791e-07,0.18416206261510124,1.1178637200736645,1.1178637516871777,1.0994475138121542,1.0994475138121542,1.0662983425414363,False,0,0,6,0.0067001611144098137,False,False,0,0,False,PITB-80B916173F29877FD683,2018-06-13T15:30:00+08:00
MARKET|2018|ALL_A|07|002550.SZ|2018-06-14,COORDINATE_ELIGIBLE_MARKET_SEQUENCE,ALL_A,002550.SZ,002550,2018-06-14,2018,7,-1,,6.0300000000000002,6.0300002098083496,False,603,603,0,2.0980834936068504e-07,2.0980834936068504e-07,0.18416206261510124,1.1104972375690605,1.1104972762077989,1.0994475138121542,1.0994475138121542,1.0662983425414363,False,0,0,197,0.00502516077191796,False,False,0,0,False,PITB-80B916173F29877FD683,2018-06-14T15:30:00+08:00
MARKET|2018|ALL_A|08|002523.SZ|2018-06-08,COORDINATE_ELIGIBLE_MARKET_SEQUENCE,ALL_A,002523.SZ,002523,2018-06-08,2018,8,-5,,3.48,3.4800000190734863,False,348,348,0,1.9073486345888568e-08,1.9073486345888568e-08,0.27368948880576782,0.95243942104407209,0.95243942626428479,0.94422873637989901,0.94422873637989901,0.94422873637989901,False,0,0,85,0.0028985479603643618,False,False,0,0,False,PITB-80B916173F29877FD683,2018-06-08T15:30:00+08:00
MARKET|2018|ALL_A|08|002523.SZ|2018-06-11,COORDINATE_ELIGIBLE_MARKET_SEQUENCE,ALL_A,002523.SZ,002523,2018-06-11,2018,8,-4,,3.5099999999999998,3.5099999904632568,False,351,351,0,-9.5367429508996793e-09,9.5367429508996793e-09,0.27368948880576782,0.96065010570824505,0.9606501030981387,0.94422873637989901,0.94422873637989901,0.94422873637989901,False,0,0,1,0.017391287762185816,False,False,0,0,False,PITB-80B916173F29877FD683,2018-06-11T15:30:00+08:00
MARKET|2018|ALL_A|08|002523.SZ|2018-06-12,COORDINATE_ELIGIBLE_MARKET_SEQUENCE,ALL_A,002523.SZ,002523,2018-06-12,2018,8,-3,,3.5099999999999998,3.5099999904632568,False,351,351,0,-9.5367429508996793e-09,9.5367429508996793e-09,0.27368948880576782,0.96065010570824505,0.9606501030981387,0.94422873637989901,0.94422873637989901,0.94422873637989901,False,0,0,58,0.017391287762185816,False,False,0,0,False,PITB-80B916173F29877FD683,2018-06-12T15:30:00+08:00
MARKET|2018|ALL_A|08|002523.SZ|2018-06-13,COORDINATE_ELIGIBLE_MARKET_SEQUENCE,ALL_A,002523.SZ,002523,2018-06-13,2018,8,-2,,3.3799999999999999,3.380000114440918,False,338,338,0,1.1444091807533141e-07,1.1444091807533141e-07,0.27368948880576782,0.92507047216349525,0.9250705034847716,0.94422873637989901,0.94422873637989901,0.94422873637989901,True,0.031884082849474957,0.29045643153526973,197,0.011594260948291753,False,False,0,0,False,PITB-80B916173F29877FD683,2018-06-13T15:30:00+08:00
MARKET|2018|ALL_A|08|002523.SZ|2018-06-14,COORDINATE_ELIGIBLE_MARKET_SEQUENCE,ALL_A,002523.SZ,002523,2018-06-14,2018,8,-1,,3.3700000000000001,3.369999885559082,False,337,337,0,-1.1444091807533141e-07,1.1444091807533141e-07,0.27368948880576788,0.92233357727543774,0.92233354595416139,0.91412289261126456,0.91412289261126456,0.91412289261126456,True,0.0029940348185463622,0.029045643153526972,237,0.011976036482942329,False,False,0,0,False,PITB-80B916173F29877FD683,2018-06-14T15:30:00+08:00
MARKET|2018|ALL_A|09|300408.SZ|2018-06-08,COORDINATE_ELIGIBLE_MARKET_SEQUENCE,ALL_A,300408.SZ,300408,2018-06-08,2018,9,-5,,24.989999999999998,24.989999771118164,False,2499,2499,0,-2.2888183437430598e-07,2.2888183437430598e-07,0.050556117290192139,1.2633973710819015,1.2633973595105246,1.1597573306370077,1.1597573306370077,1.1081900910010116,False,0,0,1,0.012641630696543584,False,False,0,0,False,PITB-80B916173F29877FD683,2018-06-08T15:30:00+08:00
MARKET|2018|ALL_A|09|300408.SZ|2018-06-11,COORDINATE_ELIGIBLE_MARKET_SEQUENCE,ALL_A,300408.SZ,300408,2018-06-11,2018,9,-4,,24.600000000000001,24.600000381469727,False,2460,2460,0,3.8146972514141453e-07,3.8146972514141453e-07,0.050556117290192139,1.2436804853387267,1.2436805046243549,1.1597573306370077,1.1597573306370077,1.1081900910010116,False,0,0,65,0.010462065000791783,False,False,0,0,False,PITB-80B916173F29877FD683,2018-06-11T15:30:00+08:00
MARKET|2018|ALL_A|09|300408.SZ|2018-06-12,COORDINATE_ELIGIBLE_MARKET_SEQUENCE,ALL_A,300408.SZ,300408,2018-06-12,2018,9,-3,,24.420000000000002,24.420000076293945,False,2442,2442,0,7.6293943607197434e-08,7.6293943607197434e-08,0.050556117290192139,1.2345803842264922,1.2345803880836177,1.1597573306370077,1.1597573306370077,1.1081900910010116,False,0,0,101,0.01089799476896249,False,False,0,0,False,PITB-80B916173F29877FD683,2018-06-12T15:30:00+08:00
MARKET|2018|ALL_A|09|300408.SZ|2018-06-13,COORDINATE_ELIGIBLE_MARKET_SEQUENCE,ALL_A,300408.SZ,300408,2018-06-13,2018,9,-2,,24.420000000000002,24.420000076293945,False,2442,2442,0,7.6293943607197434e-08,7.6293943607197434e-08,0.050973591421407595,1.2447751025107736,1.2447751063997499,1.1597573306370077,1.1597573306370077,1.1081900910010116,False,0,0,129,0.023734091010365152,False,False,1,0,False,PITB-80B916173F29877FD683,2018-06-13T15:30:00+08:00
MARKET|2018|ALL_A|09|300408.SZ|2018-06-14,COORDINATE_ELIGIBLE_MARKET_SEQUENCE,ALL_A,300408.SZ,300408,2018-06-14,2018,9,-1,,24.100000000000001,24.100000381469727,False,2410,2410,0,3.8146972514141453e-07,3.8146972514141453e-07,0.050973591421407595,1.2284635532559232,1.2284635727008051,1.1597573306370077,1.1597573306370077,1.1081900910010116,False,0,0,186,0.008790422707176105,False,False,0,0,False,PITB-80B916173F29877FD683,2018-06-14T15:30:00+08:00
MARKET|2018|ALL_A|10|002486.SZ|2018-06-08,COORDINATE_ELIGIBLE_MARKET_SEQUENCE,ALL_A,002486.SZ,002486,2018-06-08,2018,10,-5,,3.8700000000000001,3.869999885559082,False,387,387,0,-1.1444091807533141e-07,1.1444091807533141e-07,0.1818181818181816,0.70363636363636284,0.70363634282892318,0.72181818181818125,0.72181818181818125,0.72181818181818125,True,0.037783392130278003,0.97925311203319498,192,0.012594446427275622,False,False,0,0,False,PITB-80B916173F29877FD683,2018-06-08T15:30:00+08:00
MARKET|2018|ALL_A|10|002486.SZ|2018-06-11,COORDINATE_ELIGIBLE_MARKET_SEQUENCE,ALL_A,002486.SZ,002486,2018-06-11,2018,10,-4,,3.79,3.7899999618530273,False,379,379,0,-3.8146972691777137e-08,3.8146972691777137e-08,0.1818181818181816,0.68909090909090831,0.68909090215509505,0.69454545454545369,0.69454545454545369,0.69454545454545369,True,0.015706808779252113,0.45643153526970953,232,0.0078533956517723939,False,False,0,0,False,PITB-80B916173F29877FD683,2018-06-11T15:30:00+08:00
MARKET|2018|ALL_A|10|002486.SZ|2018-06-12,COORDINATE_ELIGIBLE_MARKET_SEQUENCE,ALL_A,002486.SZ,002486,2018-06-12,2018,10,-3,,3.8100000000000001,3.809999942779541,False,381,381,0,-5.7220459037665705e-08,5.7220459037665705e-08,0.18181818181818163,0.69272727272727197,0.6927272623235522,0.68363636363636282,0.68363636363636282,0.68363636363636282,False,0,0,49,0.010638287726868987,False,False,0,0,False,PITB-80B916173F29877FD683,2018-06-12T15:30:00+08:00
MARKET|2018|ALL_A|10|002486.SZ|2018-06-13,COORDINATE_ELIGIBLE_MARKET_SEQUENCE,ALL_A,002486.SZ,002486,2018-06-13,2018,10,-2,,3.71,3.7100000381469727,False,371,371,0,3.8146972691777137e-08,3.8146972691777137e-08,0.18181818181818166,0.67454545454545389,0.67454546148126715,0.68363636363636282,0.68363636363636282,0.68363636363636282,True,0.01329786219495379,0.32365145228215769,218,0,False,False,0,0,False,PITB-80B916173F29877FD683,2018-06-13T15:30:00+08:00
MARKET|2018|ALL_A|10|002486.SZ|2018-06-14,COORDINATE_ELIGIBLE_MARKET_SEQUENCE,ALL_A,002486.SZ,002486,2018-06-14,2018,10,-1,,3.7200000000000002,3.7200000286102295,False,372,372,0,2.8610229296788248e-08,2.8610229296788248e-08,0.18181818181818166,0.67636363636363583,0.67636364156549567,0.67454545454545389,0.67454545454545389,0.67454545454545389,True,0.016172481033037239,0.11618257261410789,2,0.018867906534446879,False,False,0,0,False,PITB-80B916173F29877FD683,2018-06-14T15:30:00+08:00
MARKET|2018|CHINEXT_BOARD|01|300132.SZ|2018-06-08,COORDINATE_ELIGIBLE_MARKET_SEQUENCE,CHINEXT_BOARD,300132.SZ,300132,2018-06-08,2018,1,-5,,11.199999999999999,11.199999809265137,False,1120,1120,0,-1.9073486257070726e-07,1.9073486257070726e-07,0.12632601830107698,1.4148514049720622,1.4148513808772865,1.3643209976516313,1.3643209976516313,1.0276729559748428,False,0,0,142,0.0129629064489294,False,False,0,0,False,PITB-80B916173F29877FD683,2018-06-08T15:30:00+08:00
MARKET|2018|CHINEXT_BOARD|01|300132.SZ|2018-06-11,COORDINATE_ELIGIBLE_MARKET_SEQUENCE,CHINEXT_BOARD,300132.SZ,300132,2018-06-11,2018,1,-4,,10.99,10.989999771118164,False,1099,1099,0,-2.2888183615066282e-07,2.2888183615066282e-07,0.12632601830107698,1.388322941128836,1.3883229122151051,1.3643209976516313,1.3643209976516313,1.110691823899371,False,0,0,5,0.0055555061057761751,False,False,0,0,False,PITB-80B916173F29877FD683,2018-06-11T15:30:00+08:00
MARKET|2018|CHINEXT_BOARD|01|300132.SZ|2018-06-12,COORDINATE_ELIGIBLE_MARKET_SEQUENCE,CHINEXT_BOARD,300132.SZ,300132,2018-06-12,2018,1,-3,,10.94,10.939999580383301,False,1094,1094,0,-4.1961669872137008e-07,4.1961669872137008e-07,0.12632601830107701,1.3820066402137823,1.3820065872052756,1.3643209976516313,1.3643209976516313,1.1232704402515719,True,0.026851830659088909,0.31120331950207469,46,0.039814754768654051,False,False,0,0,False,PITB-80B916173F29877FD683,2018-06-12T15:30:00+08:00
MARKET|2018|CHINEXT_BOARD|01|300132.SZ|2018-06-13,COORDINATE_ELIGIBLE_MARKET_SEQUENCE,CHINEXT_BOARD,300132.SZ,300132,2018-06-13,2018,1,-2,,10.800000000000001,10.800000190734863,False,1080,1080,0,1.9073486257070726e-07,1.9073486257070726e-07,0.12632601830107698,1.3643209976516315,1.3643210217464072,1.3276864523443193,1.3276864523443193,1.1232704402515719,False,0,0,6,0.0085632875916165554,False,False,0,0,False,PITB-80B916173F29877FD683,2018-06-13T15:30:00+08:00
MARKET|2018|CHINEXT_BOARD|01|300132.SZ|2018-06-14,COORDINATE_ELIGIBLE_MARKET_SEQUENCE,CHINEXT_BOARD,300132.SZ,300132,2018-06-14,2018,1,-1,,10.890000000000001,10.890000343322754,False,1089,1089,0,3.4332275333781581e-07,3.4332275333781581e-07,0.12632601830107698,1.3756903392987285,1.3756903826693248,1.3276864523443193,1.3276864523443193,1.1232704402515719,False,0,0,1,0.015223672796044302,False,False,0,0,False,PITB-80B916173F29877FD683,2018-06-14T15:30:00+08:00
MARKET|2018|CHINEXT_BOARD|02|300444.SZ|2018-06-08,COORDINATE_ELIGIBLE_MARKET_SEQUENCE,CHINEXT_BOARD,300444.SZ,300444,2018-06-08,2018,2,-5,,15.359999999999999,15.359999656677246,False,1536,1536,0,-3.4332275333781581e-07,3.4332275333781581e-07,0.058823529411764684,0.90352941176470547,0.90352939156924938,0.85411764705882309,0.85411764705882309,0.80941176470588216,False,0,0,34,0.02272726747286874,False,False,0,0,False,PITB-80B916173F29877FD683,2018-06-08T15:30:00+08:00
MARKET|2018|CHINEXT_BOARD|02|300444.SZ|2018-06-11,COORDINATE_ELIGIBLE_MARKET_SEQUENCE,CHINEXT_BOARD,300444.SZ,300444,2018-06-11,2018,2,-4,,15.09,15.090000152587891,False,1509,1509,0,1.5258789076710855e-07,1.5258789076710855e-07,0.058823529411764677,0.88764705882352901,0.88764706779928726,0.85411764705882309,0.85411764705882309,0.80941176470588216,False,0,0,199,0.0048209156215026326,False,False,0,0,False,PITB-80B916173F29877FD683,2018-06-11T15:30:00+08:00
MARKET|2018|CHINEXT_BOARD|02|300444.SZ|2018-06-12,COORDINATE_ELIGIBLE_MARKET_SEQUENCE,CHINEXT_BOARD,300444.SZ,300444,2018-06-12,2018,2,-3,,15.449999999999999,15.449999809265137,False,1545,1545,0,-1.9073486257070726e-07,1.9073486257070726e-07,0.05882352941176467,0.90882352941176414,0.9088235181920663,0.85411764705882309,0.85411764705882309,0.80941176470588216,False,0,0,47,0.037878801014797757,False,False,0,0,False,PITB-80B916173F29877FD683,2018-06-12T15:30:00+08:00
MARKET|2018|CHINEXT_BOARD|02|300444.SZ|2018-06-13,COORDINATE_ELIGIBLE_MARKET_SEQUENCE,CHINEXT_BOARD,300444.SZ,300444,2018-06-13,2018,2,-2,,15,15,True,1500,1500,0,0,0,0.05882352941176467,0.88235294117647001,0.88235294117647001,0.85411764705882309,0.85411764705882309,0.80941176470588216,False,0,0,237,0,False,False,0,0,False,PITB-80B916173F29877FD683,2018-06-13T15:30:00+08:00
MARKET|2018|CHINEXT_BOARD|02|300444.SZ|2018-06-14,COORDINATE_ELIGIBLE_MARKET_SEQUENCE,CHINEXT_BOARD,300444.SZ,300444,2018-06-14,2018,2,-1,,15.050000000000001,15.050000190734863,False,1505,1505,0,1.9073486257070726e-07,1.9073486257070726e-07,0.05882352941176467,0.88529411764705834,0.88529412886675618,0.85411764705882309,0.85411764705882309,0.80941176470588216,False,0,0,0,0.014462812544557353,False,False,0,0,False,PITB-80B916173F29877FD683,2018-06-14T15:30:00+08:00
MARKET|2018|CHINEXT_BOARD|03|300626.SZ|2018-06-08,COORDINATE_ELIGIBLE_MARKET_SEQUENCE,CHINEXT_BOARD,300626.SZ,300626,2018-06-08,2018,3,-5,,13.140000000000001,13.140000343322754,False,1314,1314,0,3.4332275333781581e-07,3.4332275333781581e-07,0.063723041444793391,0.83732076458458526,0.83732078646215524,0.79238632358124805,0.79238632358124805,0.79238632358124805,False,0,0,199,0.019300656356120972,False,False,0,0,False,PITB-80B916173F29877FD683,2018-06-08T15:30:00+08:00
MARKET|2018|CHINEXT_BOARD|03|300626.SZ|2018-06-11,COORDINATE_ELIGIBLE_MARKET_SEQUENCE,CHINEXT_BOARD,300626.SZ,300626,2018-06-11,2018,3,-4,,12.68,12.680000305175781,False,1268,1268,0,3.0517578153421709e-07,3.0517578153421709e-07,0.063723041444793391,0.80800816551998023,0.80800818496670912,0.79238632358124805,0.79238632358124805,0.79238632358124805,True,0.048641359655007238,0.095435684647302899,5,0.068356315504897375,False,True,0,0,False,PITB-80B916173F29877FD683,2018-06-11T15:30:00+08:00
MARKET|2018|CHINEXT_BOARD|03|300626.SZ|2018-06-12,COORDINATE_ELIGIBLE_MARKET_SEQUENCE,CHINEXT_BOARD,300626.SZ,300626,2018-06-12,2018,3,-3,,12.380000000000001,12.380000114440918,False,1238,1238,0,1.1444091718715299e-07,1.1444091718715299e-07,0.063723041444793391,0.78889125308654229,0.78889126037906554,0.75384358029190579,0.75384358029190579,0.75384358029190579,False,0,0,48,0.041420098995618333,False,False,0,0,False,PITB-80B916173F29877FD683,2018-06-12T15:30:00+08:00
MARKET|2018|CHINEXT_BOARD|03|300626.SZ|2018-06-13,COORDINATE_ELIGIBLE_MARKET_SEQUENCE,CHINEXT_BOARD,300626.SZ,300626,2018-06-13,2018,3,-2,,11.869999999999999,11.869999885559082,False,1187,1187,0,-1.1444091718715299e-07,1.1444091718715299e-07,0.063723041444793391,0.75639250194969754,0.75639249465717417,0.75384358029190579,0.75384358029190579,0.75384358029190579,False,0,0,220,0.001690575155482247,False,False,0,0,False,PITB-80B916173F29877FD683,2018-06-13T15:30:00+08:00
MARKET|2018|CHINEXT_BOARD|03|300626.SZ|2018-06-14,COORDINATE_ELIGIBLE_MARKET_SEQUENCE,CHINEXT_BOARD,300626.SZ,300626,2018-06-14,2018,3,-1,,11.789999999999999,11.789999961853027,False,1179,1179,0,-3.8146971803598717e-08,3.8146971803598717e-08,0.063723041444793391,0.75129465863411404,0.75129465620327296,0.75384358029190579,0.75384358029190579,0.75384358029190579,True,0.0076077961861230076,0.070539419087136929,234,0.004226558811061952,False,False,0,0,False,PITB-80B916173F29877FD683,2018-06-14T15:30:00+08:00
MARKET|2018|CHINEXT_BOARD|04|300183.SZ|2018-06-08,COORDINATE_ELIGIBLE_MARKET_SEQUENCE,CHINEXT_BOARD,300183.SZ,300183,2018-06-08,2018,4,-5,,15.619999999999999,15.619999885559082,False,1562,1562,0,-1.1444091718715299e-07,1.1444091718715299e-07,0.052904240055768492,0.82636422967110379,0.82636422361669404,0.77898550724637639,0.77898550724637639,0.77898550724637639,False,0,0,137,0.01765772841133089,False,False,1,0,False,PITB-80B916173F29877FD683,2018-06-08T15:30:00+08:00
MARKET|2018|CHINEXT_BOARD|04|300183.SZ|2018-06-11,COORDINATE_ELIGIBLE_MARKET_SEQUENCE,CHINEXT_BOARD,300183.SZ,300183,2018-06-11,2018,4,-4,,15.380000000000001,15.380000114440918,False,1538,1538,0,1.1444091718715299e-07,1.1444091718715299e-07,0.052904240055768492,0.81366721205771941,0.81366721811212916,0.77898550724637639,0.77898550724637639,0.77898550724637639,False,0,0,5,0.0040748853134242972,False,False,0,0,False,PITB-80B916173F29877FD683,2018-06-11T15:30:00+08:00
MARKET|2018|CHINEXT_BOARD|04|300183.SZ|2018-06-12,COORDINATE_ELIGIBLE_MARKET_SEQUENCE,CHINEXT_BOARD,300183.SZ,300183,2018-06-12,2018,4,-3,,15.57,15.569999694824219,False,1557,1557,0,-3.0517578153421709e-07,3.0517578153421709e-07,0.052904240055768485,0.82371901766831535,0.82371900152322253,0.77898550724637639,0.77898550724637639,0.77898550724637639,False,0,0,48,0.02648652784889171,False,False,0,0,False,PITB-80B916173F29877FD683,2018-06-12T15:30:00+08:00
MARKET|2018|CHINEXT_BOARD|04|300183.SZ|2018-06-13,COORDINATE_ELIGIBLE_MARKET_SEQUENCE,CHINEXT_BOARD,300183.SZ,300183,2018-06-13,2018,4,-2,,15.42,15.420000076293945,False,1542,1542,0,7.6293945383554274e-08,7.6293945383554274e-08,0.052904240055768492,0.81578338165995012,0.81578338569622333,0.77898550724637639,0.77898550724637639,0.77898550724637639,False,0,0,5,0.004753978892241076,False,False,0,0,False,PITB-80B916173F29877FD683,2018-06-13T15:30:00+08:00
MARKET|2018|CHINEXT_BOARD|04|300183.SZ|2018-06-14,COORDINATE_ELIGIBLE_MARKET_SEQUENCE,CHINEXT_BOARD,300183.SZ,300183,2018-06-14,2018,4,-1,,15.5,15.5,True,1550,1550,0,0,0,0.052904240055768485,0.82001572086441155,0.82001572086441155,0.77898550724637639,0.77898550724637639,0.77898550724637639,False,0,0,1,0.019695138683990761,False,False,0,0,False,PITB-80B916173F29877FD683,2018-06-14T15:30:00+08:00
MARKET|2018|CHINEXT_BOARD|05|300669.SZ|2018-06-08,COORDINATE_ELIGIBLE_MARKET_SEQUENCE,CHINEXT_BOARD,300669.SZ,300669,2018-06-08,2018,5,-5,,24.02,24.020000457763672,False,2402,2402,0,4.5776367230132564e-07,4.5776367230132564e-07,0.04110996916752313,0.98746145940390562,0.98746147822255603,0.93525179856115115,0.93525179856115115,0.89020408163265274,False,0,0,218,0.0013187115009013867,False,False,0,0,False,PITB-80B916173F29877FD683,2018-06-08T15:30:00+08:00
MARKET|2018|CHINEXT_BOARD|05|300669.SZ|2018-06-11,COORDINATE_ELIGIBLE_MARKET_SEQUENCE,CHINEXT_BOARD,300669.SZ,300669,2018-06-11,2018,5,-4,,23.73,23.729999542236328,False,2373,2373,0,-4.5776367230132564e-07,4.5776367230132564e-07,0.04110996916752313,0.97553956834532385,0.97553954952667343,0.93525179856115115,0.93525179856115115,0.89020408163265274,False,0,0,0,0.0026373391623024842,False,False,0,0,False,PITB-80B916173F29877FD683,2018-06-11T15:30:00+08:00
MARKET|2018|CHINEXT_BOARD|05|300669.SZ|2018-06-12,COORDINATE_ELIGIBLE_MARKET_SEQUENCE,CHINEXT_BOARD,300669.SZ,300669,2018-06-12,2018,5,-3,,23.66,23.659999847412109,False,2366,2366,0,-1.5258789076710855e-07,1.5258789076710855e-07,0.04110996916752313,0.9726618705035972,0.97266186423071377,0.93525179856115115,0.93525179856115115,0.89020408163265274,True,0.0052747621641053765,0.0041493775933609959,51,0.045274755456945405,False,False,0,0,False,PITB-80B916173F29877FD683,2018-06-12T15:30:00+08:00
MARKET|2018|CHINEXT_BOARD|05|300669.SZ|2018-06-13,COORDINATE_ELIGIBLE_MARKET_SEQUENCE,CHINEXT_BOARD,300669.SZ,300669,2018-06-13,2018,5,-2,,22.940000000000001,22.940000534057617,False,2294,2294,0,5.3405761590852308e-07,5.3405761590852308e-07,0.04110996916752313,0.9430626927029806,0.94306271465807279,0.93031860226104834,0.93031860226104834,0.89020408163265274,False,0,0,189,0.0075121553819683697,False,False,0,0,False,PITB-80B916173F29877FD683,2018-06-13T15:30:00+08:00
MARKET|2018|CHINEXT_BOARD|05|300669.SZ|2018-06-14,COORDINATE_ELIGIBLE_MARKET_SEQUENCE,CHINEXT_BOARD,300669.SZ,300669,2018-06-14,2018,5,-1,,23.100000000000001,23.100000381469727,False,2310,2310,0,3.8146972514141453e-07,3.8146972514141453e-07,0.041109969167523137,0.94964028776978449,0.94964030345199313,0.93031860226104834,0.93031860226104834,0.89020408163265274,False,0,0,1,0.019443240568166882,False,False,0,0,False,PITB-80B916173F29877FD683,2018-06-14T15:30:00+08:00
MARKET|2018|CHINEXT_BOARD|06|300152.SZ|2018-06-08,COORDINATE_ELIGIBLE_MARKET_SEQUENCE,CHINEXT_BOARD,300152.SZ,300152,2018-06-08,2018,6,-5,,3.23,3.2300000190734863,False,323,323,0,1.9073486345888568e-08,1.9073486345888568e-08,0.1485884101040118,0.47994056463595813,0.47994056747005714,0.4918276374442791,0.4918276374442791,0.4918276374442791,True,0.030211468837772624,0.63485477178423233,197,0.0060422903101249531,False,False,0,0,False,PITB-80B916173F29877FD683,2018-06-08T15:30:00+08:00
MARKET|2018|CHINEXT_BOARD|06|300152.SZ|2018-06-11,COORDINATE_ELIGIBLE_MARKET_SEQUENCE,CHINEXT_BOARD,300152.SZ,300152,2018-06-11,2018,6,-4,,3.1400000000000001,3.1400001049041748,False,314,314,0,1.0490417468034252e-07,1.0490417468034252e-07,0.1485884101040118,0.46656760772659711,0.46656762331414159,0.47696879643387791,0.47696879643387791,0.47696879643387791,True,0.028037418828946468,0.8091286307053942,224,0.0062305979268201589,False,False,0,0,False,PITB-80B916173F29877FD683,2018-06-11T15:30:00+08:00
MARKET|2018|CHINEXT_BOARD|06|300152.SZ|2018-06-12,COORDINATE_ELIGIBLE_MARKET_SEQUENCE,CHINEXT_BOARD,300152.SZ,300152,2018-06-12,2018,6,-3,,3.2400000000000002,3.2400000095367432,False,324,324,0,9.5367429508996793e-09,9.5367429508996793e-09,0.1485884101040118,0.4814264487369983,0.48142645015404772,0.46359583952451683,0.46359583952451683,0.46359583952451683,False,0,0,0,0.032051251484797552,False,False,0,0,False,PITB-80B916173F29877FD683,2018-06-12T15:30:00+08:00
MARKET|2018|CHINEXT_BOARD|06|300152.SZ|2018-06-13,COORDINATE_ELIGIBLE_MARKET_SEQUENCE,CHINEXT_BOARD,300152.SZ,300152,2018-06-13,2018,6,-2,,3.1000000000000001,3.0999999046325684,False,310,310,0,-9.5367431729442842e-08,9.5367431729442842e-08,0.14858841010401183,0.46062407132243666,0.46062405715194166,0.46359583952451683,0.46359583952451683,0.46359583952451683,True,0.0064102869767406773,0.17012448132780084,112,0,False,False,0,0,False,PITB-80B916173F29877FD683,2018-06-13T15:30:00+08:00
MARKET|2018|CHINEXT_BOARD|06|300152.SZ|2018-06-14,COORDINATE_ELIGIBLE_MARKET_SEQUENCE,CHINEXT_BOARD,300152.SZ,300152,2018-06-14,2018,6,-1,,3.1200000000000001,3.119999885559082,False,312,312,0,-1.1444091807533141e-07,1.1444091807533141e-07,0.1485884101040118,0.46359583952451683,0.46359582251992276,0.46062407132243666,0.46062407132243666,0.46062407132243666,True,0.009677440889420217,0.24066390041493776,1,0.0161290168762207,False,False,0,0,False,PITB-80B916173F29877FD683,2018-06-14T15:30:00+08:00
MARKET|2018|CHINEXT_BOARD|07|300040.SZ|2018-06-08,COORDINATE_ELIGIBLE_MARKET_SEQUENCE,CHINEXT_BOARD,300040.SZ,300040,2018-06-08,2018,7,-5,,6.4000000000000004,6.4000000953674316,False,640,640,0,9.5367431285353632e-08,9.5367431285353632e-08,0.10330578512396696,0.66115702479338856,0.66115703464539599,0.6797520661157026,0.6797520661157026,0.6797520661157026,True,0.034954421788363436,0.975103734439834,188,0.0075988131815901885,False,False,0,0,False,PITB-80B916173F29877FD683,2018-06-08T15:30:00+08:00
MARKET|2018|CHINEXT_BOARD|07|300040.SZ|2018-06-11,COORDINATE_ELIGIBLE_MARKET_SEQUENCE,CHINEXT_BOARD,300040.SZ,300040,2018-06-11,2018,7,-4,,6.3899999999999997,6.3899998664855957,False,639,639,0,-1.3351440397713077e-07,1.3351440397713077e-07,0.10330578512396696,0.66012396694214881,0.66012395314933847,0.65599173553719003,0.65599173553719003,0.65599173553719003,True,0.0047243824155309942,0.041493775933609957,1,0.011023573988065935,False,False,0,0,False,PITB-80B916173F29877FD683,2018-06-11T15:30:00+08:00
MARKET|2018|CHINEXT_BOARD|07|300040.SZ|2018-06-12,COORDINATE_ELIGIBLE_MARKET_SEQUENCE,CHINEXT_BOARD,300040.SZ,300040,2018-06-12,2018,7,-3,,6.4299999999999997,6.429999828338623,False,643,643,0,-1.7166137666890791e-07,1.7166137666890791e-07,0.10330578512396697,0.66425619834710758,0.66425618061349434,0.65289256198347112,0.65289256198347112,0.65289256198347112,True,0.0031645267824581503,0.0041493775933609959,48,0.020569562911987384,False,False,0,0,False,PITB-80B916173F29877FD683,2018-06-12T15:30:00+08:00
MARKET|2018|CHINEXT_BOARD|07|300040.SZ|2018-06-13,COORDINATE_ELIGIBLE_MARKET_SEQUENCE,CHINEXT_BOARD,300040.SZ,300040,2018-06-13,2018,7,-2,,6.2300000000000004,6.2300000190734863,False,623,623,0,1.9073485901799359e-08,1.9073485901799359e-08,0.10330578512396697,0.64359504132231427,0.64359504329271577,0.65082644628099184,0.65082644628099184,0.65082644628099184,True,0.01428570823063908,0.37759336099585061,116,0.0031746001470656926,False,False,0,0,False,PITB-80B916173F29877FD683,2018-06-13T15:30:00+08:00
MARKET|2018|CHINEXT_BOARD|07|300040.SZ|2018-06-14,COORDINATE_ELIGIBLE_MARKET_SEQUENCE,CHINEXT_BOARD,300040.SZ,300040,2018-06-14,2018,7,-1,,6.2300000000000004,6.2300000190734863,False,623,623,0,1.9073485901799359e-08,1.9073485901799359e-08,0.10330578512396697,0.64359504132231427,0.64359504329271577,0.64152892561983488,0.64152892561983488,0.64152892561983488,True,0.0016103366722807699,0.020746887966804978,0,0.0048309516599598472,False,False,0,0,False,PITB-80B916173F29877FD683,2018-06-14T15:30:00+08:00
MARKET|2018|CHINEXT_BOARD|08|300468.SZ|2018-06-08,COORDINATE_ELIGIBLE_MARKET_SEQUENCE,CHINEXT_BOARD,300468.SZ,300468,2018-06-08,2018,8,-5,,37.390000000000001,37.389999389648438,False,3739,3739,0,-6.1035156306843419e-07,6.1035156306843419e-07,0.02513826043237807,0.93991955756661605,0.93991954222343954,0.84338863750628412,0.84338863750628412,0.84338863750628412,False,0,0,19,0.024739136106033465,False,False,0,0,False,PITB-80B916173F29877FD683,2018-06-08T15:30:00+08:00
MARKET|2018|CHINEXT_BOARD|08|300468.SZ|2018-06-11,COORDINATE_ELIGIBLE_MARKET_SEQUENCE,CHINEXT_BOARD,300468.SZ,300468,2018-06-11,2018,8,-4,,36.68,36.680000305175781,False,3668,3668,0,3.0517578153421709e-07,3.0517578153421709e-07,0.02513826043237807,0.92207139265962756,0.92207140033121582,0.84338863750628412,0.84338863750628412,0.84338863750628412,False,0,0,197,0.0032787067168870677,False,False,0,0,False,PITB-80B916173F29877FD683,2018-06-11T15:30:00+08:00
MARKET|2018|CHINEXT_BOARD|08|300468.SZ|2018-06-12,COORDINATE_ELIGIBLE_MARKET_SEQUENCE,CHINEXT_BOARD,300468.SZ,300468,2018-06-12,2018,8,-3,,36.100000000000001,36.099998474121094,False,3610,3610,0,-1.5258789076710855e-06,1.5258789076710855e-06,0.02513826043237807,0.90749120160884833,0.90749116325090695,0.84338863750628412,0.84338863750628412,0.84338863750628412,False,0,0,56,0.027719830258592485,False,False,0,0,False,PITB-80B916173F29877FD683,2018-06-12T15:30:00+08:00
MARKET|2018|CHINEXT_BOARD|08|300468.SZ|2018-06-13,COORDINATE_ELIGIBLE_MARKET_SEQUENCE,CHINEXT_BOARD,300468.SZ,300468,2018-06-13,2018,8,-2,,35.350000000000001,35.349998474121094,False,3535,3535,0,-1.5258789076710855e-06,1.5258789076710855e-06,0.02513826043237807,0.88863750628456484,0.88863746792662346,0.84338863750628412,0.84338863750628412,0.84338863750628412,False,0,0,236,0.0011921639591677665,False,False,0,0,False,PITB-80B916173F29877FD683,2018-06-13T15:30:00+08:00
MARKET|2018|CHINEXT_BOARD|08|300468.SZ|2018-06-14,COORDINATE_ELIGIBLE_MARKET_SEQUENCE,CHINEXT_BOARD,300468.SZ,300468,2018-06-14,2018,8,-1,,35.350000000000001,35.349998474121094,False,3535,3535,0,-1.5258789076710855e-06,1.5258789076710855e-06,0.02513826043237807,0.88863750628456484,0.88863746792662346,0.86827551533433844,0.84338863750628412,0.84338863750628412,False,0,0,13,0.0074515648286139864,False,False,0,0,False,PITB-80B916173F29877FD683,2018-06-14T15:30:00+08:00
MARKET|2018|CHINEXT_BOARD|09|300422.SZ|2018-06-08,COORDINATE_ELIGIBLE_MARKET_SEQUENCE,CHINEXT_BOARD,300422.SZ,300422,2018-06-08,2018,9,-5,,14.550000000000001,14.550000190734863,False,1455,1455,0,1.9073486257070726e-07,1.9073486257070726e-07,0.058560731715096861,0.85205864645465934,0.8520586576242325,0.86142836352907481,0.86142836352907481,0.86142836352907481,True,0.021074125184889585,1,190,0.010197183698476511,False,False,0,0,False,PITB-80B916173F29877FD683,2018-06-08T15:30:00+08:00
MARKET|2018|CHINEXT_BOARD|09|300422.SZ|2018-06-11,COORDINATE_ELIGIBLE_MARKET_SEQUENCE,CHINEXT_BOARD,300422.SZ,300422,2018-06-11,2018,9,-4,,14.710000000000001,14.710000038146973,False,1471,1471,0,3.8146971803598717e-08,3.8146971803598717e-08,0.058560731715096855,0.86142836352907481,0.86142836576298931,0.84327453669739483,0.84327453669739483,0.84327453669739483,True,2.6490953360300162e-08,0,7,0.021527806917826256,False,False,0,0,False,PITB-80B916173F29877FD683,2018-06-11T15:30:00+08:00
MARKET|2018|CHINEXT_BOARD|09|300422.SZ|2018-06-12,COORDINATE_ELIGIBLE_MARKET_SEQUENCE,CHINEXT_BOARD,300422.SZ,300422,2018-06-12,2018,9,-3,,14.92,14.920000076293945,False,1492,1492,0,7.6293945383554274e-08,7.6293945383554274e-08,0.058560731715096861,0.8737261171892452,0.87372612165707442,0.84327453669739483,0.84327453669739483,0.84327453669739483,False,0,0,47,0.019444425900777218,False,False,0,0,False,PITB-80B916173F29877FD683,2018-06-12T15:30:00+08:00
MARKET|2018|CHINEXT_BOARD|09|300422.SZ|2018-06-13,COORDINATE_ELIGIBLE_MARKET_SEQUENCE,CHINEXT_BOARD,300422.SZ,300422,2018-06-13,2018,9,-2,,14.279999999999999,14.279999732971191,False,1428,1428,0,-2.6702880795426154e-07,2.6702880795426154e-07,0.058560731715096855,0.83624724889158308,0.83624723325418071,0.84327453669739483,0.84327453669739483,0.84327453669739483,True,0.0083333518770006831,0.14522821576763487,240,0,False,False,0,0,False,PITB-80B916173F29877FD683,2018-06-13T15:30:00+08:00
MARKET|2018|CHINEXT_BOARD|09|300422.SZ|2018-06-14,COORDINATE_ELIGIBLE_MARKET_SEQUENCE,CHINEXT_BOARD,300422.SZ,300422,2018-06-14,2018,9,-1,,14.35,14.350000381469727,False,1435,1435,0,3.8146972691777137e-07,3.8146972691777137e-07,0.058560731715096861,0.84034650011163992,0.84034652245078623,0.83624724889158297,0.83624724889158297,0.83624724889158297,True,0.0056022542531414714,0.053941908713692949,196,0.010504241751021675,False,False,0,0,False,PITB-80B916173F29877FD683,2018-06-14T15:30:00+08:00
MARKET|2018|CHINEXT_BOARD|10|300173.SZ|2018-06-08,COORDINATE_ELIGIBLE_MARKET_SEQUENCE,CHINEXT_BOARD,300173.SZ,300173,2018-06-08,2018,10,-5,,7.0700000000000003,7.070000171661377,False,707,707,0,1.7166137666890791e-07,1.7166137666890791e-07,0.12706480304955528,0.8983481575603558,0.89834817937247491,0.83862770012706489,0.83862770012706489,0.83862770012706489,False,0,0,10,0.013636386755741081,False,False,0,0,False,PITB-80B916173F29877FD683,2018-06-08T15:30:00+08:00
MARKET|2018|CHINEXT_BOARD|10|300173.SZ|2018-06-11,COORDINATE_ELIGIBLE_MARKET_SEQUENCE,CHINEXT_BOARD,300173.SZ,300173,2018-06-11,2018,10,-4,,7.0899999999999999,7.0900001525878906,False,709,709,0,1.5258789076710855e-07,1.5258789076710855e-07,0.12706480304955528,0.90088945362134687,0.90088947300989719,0.83862770012706489,0.83862770012706489,0.83862770012706489,False,0,0,8,0.039393974073005406,False,False,0,0,False,PITB-80B916173F29877FD683,2018-06-11T15:30:00+08:00
MARKET|2018|CHINEXT_BOARD|10|300173.SZ|2018-06-12,COORDINATE_ELIGIBLE_MARKET_SEQUENCE,CHINEXT_BOARD,300173.SZ,300173,2018-06-12,2018,10,-3,,7.1100000000000003,7.1100001335144043,False,711,711,0,1.3351440397713077e-07,1.3351440397713077e-07,0.12706480304955525,0.90343074968233794,0.90343076664731936,0.83862770012706489,0.83862770012706489,0.83862770012706489,False,0,0,42,0.015151500701904321,False,False,0,0,False,PITB-80B916173F29877FD683,2018-06-12T15:30:00+08:00
MARKET|2018|CHINEXT_BOARD|10|300173.SZ|2018-06-13,COORDINATE_ELIGIBLE_MARKET_SEQUENCE,CHINEXT_BOARD,300173.SZ,300173,2018-06-13,2018,10,-2,,7.0899999999999999,7.0900001525878906,False,709,709,0,1.5258789076710855e-07,1.5258789076710855e-07,0.12706480304955525,0.90088945362134676,0.90088947300989697,0.83862770012706489,0.83862770012706489,0.83862770012706489,False,0,0,218,0.015151572949958518,False,False,0,0,False,PITB-80B916173F29877FD683,2018-06-13T15:30:00+08:00
MARKET|2018|CHINEXT_BOARD|10|300173.SZ|2018-06-14,COORDINATE_ELIGIBLE_MARKET_SEQUENCE,CHINEXT_BOARD,300173.SZ,300173,2018-06-14,2018,10,-1,,7.0999999999999996,7.0999999046325684,False,710,710,0,-9.5367431285353632e-08,9.5367431285353632e-08,0.12706480304955525,0.90216010165184224,0.9021600895339984,0.83862770012706489,0.83862770012706489,0.83862770012706489,False,0,0,1,0.074242389563358227,False,False,0,0,False,PITB-80B916173F29877FD683,2018-06-14T15:30:00+08:00
MARKET|2018|SH_A|01|603129.SH|2018-06-08,COORDINATE_ELIGIBLE_MARKET_SEQUENCE,SH_A,603129.SH,603129,2018-06-08,2018,1,-5,,25.550000000000001,25.569999694824219,False,2555,2557,2,0.019999694824218039,0.019999694824218039,0.037523452157598496,0.9587242026266416,0.95947466021854466,0.86754221388367714,0.86754221388367714,0.78461538461538449,False,0,0,20,0.033304518069362937,False,False,0,0,False,PITB-80B916173F29877FD683,2018-06-08T15:30:00+08:00
MARKET|2018|SH_A|01|603129.SH|2018-06-11,COORDINATE_ELIGIBLE_MARKET_SEQUENCE,SH_A,603129.SH,603129,2018-06-11,2018,1,-4,,25.170000000000002,25.129999160766602,False,2517,2513,-4,-0.040000839233400143,0.040000839233400143,0.037523452157598496,0.94446529080675423,0.9429643212295159,0.86754221388367714,0.86754221388367714,0.78461538461538449,False,0,0,1,0.0056228010712197629,False,False,0,0,False,PITB-80B916173F29877FD683,2018-06-11T15:30:00+08:00
MARKET|2018|SH_A|01|603129.SH|2018-06-12,COORDINATE_ELIGIBLE_MARKET_SEQUENCE,SH_A,603129.SH,603129,2018-06-12,2018,1,-3,,24.09,24.040000915527344,False,2409,2404,-5,-0.049999084472656108,0.049999084472656108,0.037976087286158193,0.91484394272355085,0.91294517312738932,0.86754221388367714,0.86754221388367714,0.78461538461538449,True,0.012888680660517519,0.0082987551867219917,42,0.065223839131318989,False,False,1,0,False,PITB-80B916173F29877FD683,2018-06-12T15:30:00+08:00
MARKET|2018|SH_A|01|603129.SH|2018-06-13,COORDINATE_ELIGIBLE_MARKET_SEQUENCE,SH_A,603129.SH,603129,2018-06-13,2018,1,-2,,23.07,23.079999923706055,False,2307,2308,1,0.0099999237060544033,0.0099999237060544033,0.037976087286158193,0.87610833369166952,0.87648809166718555,0.85636076830286723,0.85636076830286723,0.78461538461538449,False,0,0,129,0.0035476684570311767,False,False,0,0,False,PITB-80B916173F29877FD683,2018-06-13T15:30:00+08:00
MARKET|2018|SH_A|01|603129.SH|2018-06-14,COORDINATE_ELIGIBLE_MARKET_SEQUENCE,SH_A,603129.SH,603129,2018-06-14,2018,1,-1,,23.210000000000001,23.219999313354492,False,2321,2322,1,0.0099993133544913348,0.0099993133544913348,0.037976087286158193,0.88142498591173168,0.88180472070848348,0.85636076830286723,0.85636076830286723,0.78461538461538449,False,0,0,3,0.020399072482157662,False,False,0,0,False,PITB-80B916173F29877FD683,2018-06-14T15:30:00+08:00
MARKET|2018|SH_A|02|603477.SH|2018-06-08,COORDINATE_ELIGIBLE_MARKET_SEQUENCE,SH_A,603477.SH,603477,2018-06-08,2018,2,-5,,14.529999999999999,14.510000228881836,False,1453,1451,-2,-0.019999771118163423,0.019999771118163423,0.049431537320810646,0.71824023727137865,0.71725161783894353,0.62283737024221419,0.62283737024221419,0.59416707859614415,False,0,0,190,0.026984139094277028,False,False,0,0,False,PITB-80B916173F29877FD683,2018-06-08T15:30:00+08:00
MARKET|2018|SH_A|02|603477.SH|2018-06-11,COORDINATE_ELIGIBLE_MARKET_SEQUENCE,SH_A,603477.SH,603477,2018-06-11,2018,2,-4,,14.19,14.260000228881836,False,1419,1426,7,0.070000228881836435,0.070000228881836435,0.049431537320810653,0.70143351458230319,0.70489373350874096,0.62283737024221419,0.62283737024221419,0.59416707859614415,False,0,0,234,0.016666669694204283,False,False,0,0,False,PITB-80B916173F29877FD683,2018-06-11T15:30:00+08:00
MARKET|2018|SH_A|02|603477.SH|2018-06-12,COORDINATE_ELIGIBLE_MARKET_SEQUENCE,SH_A,603477.SH,603477,2018-06-12,2018,2,-3,,14.23,14.229999542236328,False,1423,1423,0,-4.5776367230132564e-07,4.5776367230132564e-07,0.04943153732081066,0.70341077607513569,0.70341075344717363,0.62283737024221419,0.62283737024221419,0.59416707859614415,False,0,0,48,0.056349133688305936,False,False,0,0,False,PITB-80B916173F29877FD683,2018-06-12T15:30:00+08:00
MARKET|2018|SH_A|02|603477.SH|2018-06-13,COORDINATE_ELIGIBLE_MARKET_SEQUENCE,SH_A,603477.SH,603477,2018-06-13,2018,2,-2,,13.49,13.5,False,1349,1350,1,0.0099999999999997868,0.0099999999999997868,0.049431537320810653,0.66683143845773574,0.66732575383094384,0.62283737024221419,0.62283737024221419,0.59416707859614415,False,0,0,237,0.023809538947211436,False,False,0,0,False,PITB-80B916173F29877FD683,2018-06-13T15:30:00+08:00
MARKET|2018|SH_A|02|603477.SH|2018-06-14,COORDINATE_ELIGIBLE_MARKET_SEQUENCE,SH_A,603477.SH,603477,2018-06-14,2018,2,-1,,14.84,14.840000152587891,False,1484,1484,0,1.5258789076710855e-07,1.5258789076710855e-07,0.04943153732081066,0.73356401384083014,0.7335640213834842,0.62975778546712768,0.62283737024221419,0.59416707859614415,False,0,0,2,0.099206349206349201,True,False,0,0,False,PITB-80B916173F29877FD683,2018-06-14T15:30:00+08:00
MARKET|2018|SH_A|03|603619.SH|2018-06-08,COORDINATE_ELIGIBLE_MARKET_SEQUENCE,SH_A,603619.SH,603619,2018-06-08,2018,3,-5,,37,36.970001220703125,False,3700,3697,-3,-0.029998779296875,0.029998779296875,0.027196083763937996,1.0062550992657058,1.0054392499511322,0.94098449823225461,0.94098449823225461,0.92085939624694046,False,0,0,144,0.0083815293505013731,False,False,0,0,False,PITB-80B916173F29877FD683,2018-06-08T15:30:00+08:00
MARKET|2018|SH_A|03|603619.SH|2018-06-11,COORDINATE_ELIGIBLE_MARKET_SEQUENCE,SH_A,603619.SH,603619,2018-06-11,2018,3,-4,,35.719999999999999,35.75,False,3572,3575,3,0.030000000000001137,0.030000000000001137,0.027196083763937996,0.97144411204786518,0.97225999456078338,0.94098449823225461,0.94098449823225461,0.92085939624694046,False,0,0,1,0.021676300578034692,False,False,0,0,False,PITB-80B916173F29877FD683,2018-06-11T15:30:00+08:00
MARKET|2018|SH_A|03|603619.SH|2018-06-12,COORDINATE_ELIGIBLE_MARKET_SEQUENCE,SH_A,603619.SH,603619,2018-06-12,2018,3,-3,,36.549999999999997,36.529998779296875,False,3655,3653,-2,-0.020001220703122158,0.020001220703122158,0.027196083763937999,0.99401686157193381,0.99347290669831068,0.94098449823225461,0.94098449823225461,0.92085939624694046,False,0,0,50,0.039884313682600307,False,False,0,0,False,PITB-80B916173F29877FD683,2018-06-12T15:30:00+08:00
MARKET|2018|SH_A|03|603619.SH|2018-06-13,COORDINATE_ELIGIBLE_MARKET_SEQUENCE,SH_A,603619.SH,603619,2018-06-13,2018,3,-2,,35.420000000000002,35.459999084472656,False,3542,3546,4,0.039999084472654545,0.039999084472654545,0.027196083763937999,0.96328528691868398,0.96437310537048315,0.94098449823225461,0.94098449823225461,0.92085939624694046,False,0,0,221,0.0086704981809407541,False,False,0,0,False,PITB-80B916173F29877FD683,2018-06-13T15:30:00+08:00
MARKET|2018|SH_A|03|603619.SH|2018-06-14,COORDINATE_ELIGIBLE_MARKET_SEQUENCE,SH_A,603619.SH,603619,2018-06-14,2018,3,-1,,35.390000000000001,35.389999389648438,False,3539,3539,0,-6.1035156306843419e-07,6.1035156306843419e-07,0.027196083763937999,0.96246940440576578,0.96246938780659352,0.95186293173782988,0.94098449823225461,0.92085939624694046,False,0,0,1,0.0052023209588375275,False,False,0,0,False,PITB-80B916173F29877FD683,2018-06-14T15:30:00+08:00
MARKET|2018|SH_A|04|600748.SH|2018-06-08,COORDINATE_ELIGIBLE_MARKET_SEQUENCE,SH_A,600748.SH,600748,2018-06-08,2018,4,-5,,5.3200000000000003,5.320000171661377,False,532,532,0,1.7166137666890791e-07,1.7166137666890791e-07,0.1569858712715855,0.83516483516483486,0.8351648621132457,0.8508634222919933,0.8508634222919933,0.8508634222919933,True,0.027675280271860839,0.68049792531120334,193,0.0092251274418567297,False,False,0,0,False,PITB-80B916173F29877FD683,2018-06-08T15:30:00+08:00
MARKET|2018|SH_A|04|600748.SH|2018-06-11,COORDINATE_ELIGIBLE_MARKET_SEQUENCE,SH_A,600748.SH,600748,2018-06-11,2018,4,-4,,5.4199999999999999,5.4200000762939453,False,542,542,0,7.6293945383554274e-08,7.6293945383554274e-08,0.1569858712715855,0.85086342229199341,0.85086343426906486,0.82731554160125553,0.82731554160125553,0.82731554160125553,False,0,0,5,0.02277037676642911,False,False,0,0,False,PITB-80B916173F29877FD683,2018-06-11T15:30:00+08:00
MARKET|2018|SH_A|04|600748.SH|2018-06-12,COORDINATE_ELIGIBLE_MARKET_SEQUENCE,SH_A,600748.SH,600748,2018-06-12,2018,4,-3,,5.5199999999999996,5.5100002288818359,False,552,551,-1,-0.0099997711181636362,0.0099997711181636362,0.1569858712715855,0.86656200941915185,0.86499218663765054,0.82731554160125553,0.82731554160125553,0.82731554160125553,False,0,0,47,0.018975404453458491,False,False,0,0,False,PITB-80B916173F29877FD683,2018-06-12T15:30:00+08:00
MARKET|2018|SH_A|04|600748.SH|2018-06-13,COORDINATE_ELIGIBLE_MARKET_SEQUENCE,SH_A,600748.SH,600748,2018-06-13,2018,4,-2,,5.5300000000000002,5.5199999809265137,False,553,552,-1,-0.010000019073486577,0.010000019073486577,0.1569858712715855,0.86813186813186782,0.86656200642488412,0.82731554160125553,0.82731554160125553,0.82731554160125553,False,0,0,4,0.011385188383214688,False,False,0,0,False,PITB-80B916173F29877FD683,2018-06-13T15:30:00+08:00
MARKET|2018|SH_A|04|600748.SH|2018-06-14,COORDINATE_ELIGIBLE_MARKET_SEQUENCE,SH_A,600748.SH,600748,2018-06-14,2018,4,-1,,5.4199999999999999,5.4200000762939453,False,542,542,0,7.6293945383554274e-08,7.6293945383554274e-08,0.1569858712715855,0.85086342229199341,0.85086343426906486,0.82731554160125553,0.82731554160125553,0.82731554160125553,False,0,0,226,0,False,False,0,0,False,PITB-80B916173F29877FD683,2018-06-14T15:30:00+08:00
MARKET|2018|SH_A|05|603926.SH|2018-06-08,COORDINATE_ELIGIBLE_MARKET_SEQUENCE,SH_A,603926.SH,603926,2018-06-08,2018,5,-5,,21.710000000000001,21.700000762939453,False,2171,2170,-1,-0.0099992370605477277,0.0099992370605477277,0.038381576843115287,0.83326403326403298,0.83288024677842099,0.81983048136894265,0.81752758675835613,0.79756916679993617,False,0,0,189,0.012206583515579109,False,False,0,0,False,PITB-80B916173F29877FD683,2018-06-08T15:30:00+08:00
MARKET|2018|SH_A|05|603926.SH|2018-06-11,COORDINATE_ELIGIBLE_MARKET_SEQUENCE,SH_A,603926.SH,603926,2018-06-11,2018,5,-4,,21.920000000000002,21.950000762939453,False,2192,2195,3,0.03000076293945142,0.03000076293945142,0.038381576843115287,0.84132416440108715,0.8424756409891998,0.81983048136894265,0.81752758675835613,0.79756916679993617,False,0,0,5,0.017370931419408427,False,False,0,0,False,PITB-80B916173F29877FD683,2018-06-11T15:30:00+08:00
MARKET|2018|SH_A|05|603926.SH|2018-06-12,COORDINATE_ELIGIBLE_MARKET_SEQUENCE,SH_A,603926.SH,603926,2018-06-12,2018,5,-3,,22.550000000000001,22.590000152587891,False,2255,2259,4,0.040000152587889914,0.040000152587889914,0.038381576843115287,0.86550455781224978,0.86703982674253821,0.81983048136894265,0.81752758675835613,0.79756916679993617,False,0,0,46,0.04366198615848739,False,False,0,0,False,PITB-80B916173F29877FD683,2018-06-12T15:30:00+08:00
MARKET|2018|SH_A|05|603926.SH|2018-06-13,COORDINATE_ELIGIBLE_MARKET_SEQUENCE,SH_A,603926.SH,603926,2018-06-13,2018,5,-2,,21.960000000000001,21.950000762939453,False,2196,2195,-1,-0.0099992370605477277,0.0099992370605477277,0.038381576843115287,0.8428594274748118,0.8424756409891998,0.81983048136894265,0.81983048136894265,0.79756916679993617,False,0,0,222,0.0023408775472462191,False,False,0,0,False,PITB-80B916173F29877FD683,2018-06-13T15:30:00+08:00
MARKET|2018|SH_A|05|603926.SH|2018-06-14,COORDINATE_ELIGIBLE_MARKET_SEQUENCE,SH_A,603926.SH,603926,2018-06-14,2018,5,-1,,21.989999999999998,21.989999771118164,False,2199,2199,0,-2.2888183437430598e-07,2.2888183437430598e-07,0.038381576843115293,0.84401087478010517,0.84401086599525954,0.81983048136894265,0.81983048136894265,0.79756916679993617,False,0,0,1,0.0088951560888397684,False,False,0,0,False,PITB-80B916173F29877FD683,2018-06-14T15:30:00+08:00
MARKET|2018|SH_A|06|600416.SH|2018-06-08,COORDINATE_ELIGIBLE_MARKET_SEQUENCE,SH_A,600416.SH,600416,2018-06-08,2018,6,-5,,8.1300000000000008,8.130000114440918,False,813,813,0,1.1444091718715299e-07,1.1444091718715299e-07,0.08077544426494343,0.65670436187399017,0.65670437111800606,0.65751211631663942,0.65751211631663942,0.65751211631663942,True,0.014741958505691294,0.17842323651452283,197,0.013513471336271026,False,False,0,0,False,PITB-80B916173F29877FD683,2018-06-08T15:30:00+08:00
MARKET|2018|SH_A|06|600416.SH|2018-06-11,COORDINATE_ELIGIBLE_MARKET_SEQUENCE,SH_A,600416.SH,600416,2018-06-11,2018,6,-4,,8.1600000000000001,8.1599998474121094,False,816,816,0,-1.5258789076710855e-07,1.5258789076710855e-07,0.081074612577035798,0.66156883862861215,0.66156882625760804,0.64781906300484626,0.64781906300484626,0.64781906300484626,False,0,0,1,0.012514937162905821,False,False,1,0,False,PITB-80B916173F29877FD683,2018-06-11T15:30:00+08:00
MARKET|2018|SH_A|06|600416.SH|2018-06-12,COORDINATE_ELIGIBLE_MARKET_SEQUENCE,SH_A,600416.SH,600416,2018-06-12,2018,6,-3,,8.1400000000000006,8.119999885559082,False,814,812,-2,-0.020000114440918537,0.020000114440918537,0.081074612577035812,0.65994734637707153,0.65832584484727774,0.64781906300484626,0.64781906300484626,0.64781906300484626,False,0,0,216,0.0087604679492765975,False,False,0,0,False,PITB-80B916173F29877FD683,2018-06-12T15:30:00+08:00
MARKET|2018|SH_A|06|600416.SH|2018-06-13,COORDINATE_ELIGIBLE_MARKET_SEQUENCE,SH_A,600416.SH,600416,2018-06-13,2018,6,-2,,7.8499999999999996,7.8499999046325684,False,785,785,0,-9.5367431285353632e-08,9.5367431285353632e-08,0.081074612577035798,0.63643570872973099,0.6364357009978534,0.64781906300484626,0.64781906300484626,0.64781906300484626,True,0.025080821251422292,0.54356846473029041,222,0.0075089981034707149,False,False,0,0,False,PITB-80B916173F29877FD683,2018-06-13T15:30:00+08:00
MARKET|2018|SH_A|06|600416.SH|2018-06-14,COORDINATE_ELIGIBLE_MARKET_SEQUENCE,SH_A,600416.SH,600416,2018-06-14,2018,6,-1,,8.3900000000000006,8.3900003433227539,False,839,839,0,3.4332275333781581e-07,3.4332275333781581e-07,0.081074612577035812,0.68021599952133049,0.68021602735608977,0.63157123197510889,0.63157123197510889,0.63157123197510889,False,0,0,0,0.068035970450365857,False,False,0,0,False,PITB-80B916173F29877FD683,2018-06-14T15:30:00+08:00
MARKET|2018|SH_A|07|600737.SH|2018-06-08,COORDINATE_ELIGIBLE_MARKET_SEQUENCE,SH_A,600737.SH,600737,2018-06-08,2018,7,-5,,7.8499999999999996,7.8499999046325684,False,785,785,0,-9.5367431285353632e-08,9.5367431285353632e-08,0.12453300124532994,0.97758405977583995,0.97758404789944753,0.90784557907845531,0.90784557907845531,0.89165628891656235,False,0,0,108,0.019204371260026804,False,False,0,0,False,PITB-80B916173F29877FD683,2018-06-08T15:30:00+08:00
MARKET|2018|SH_A|07|600737.SH|2018-06-11,COORDINATE_ELIGIBLE_MARKET_SEQUENCE,SH_A,600737.SH,600737,2018-06-11,2018,7,-4,,7.79,7.7899999618530273,False,779,779,0,-3.8146972691777137e-08,3.8146972691777137e-08,0.12453300124532993,0.97011207970112012,0.97011207495056317,0.90784557907845531,0.90784557907845531,0.89165628891656235,False,0,0,196,0.010973926434301081,False,False,0,0,False,PITB-80B916173F29877FD683,2018-06-11T15:30:00+08:00
MARKET|2018|SH_A|07|600737.SH|2018-06-12,COORDINATE_ELIGIBLE_MARKET_SEQUENCE,SH_A,600737.SH,600737,2018-06-12,2018,7,-3,,8.1600000000000001,8.1599998474121094,False,816,816,0,-1.5258789076710855e-07,1.5258789076710855e-07,0.12453300124532994,1.0161892901618923,1.0161892711596643,0.90784557907845531,0.90784557907845531,0.89165628891656235,False,0,0,1,0.052126150562929928,False,False,0,0,False,PITB-80B916173F29877FD683,2018-06-12T15:30:00+08:00
MARKET|2018|SH_A|07|600737.SH|2018-06-13,COORDINATE_ELIGIBLE_MARKET_SEQUENCE,SH_A,600737.SH,600737,2018-06-13,2018,7,-2,,8.0399999999999991,8.0500001907348633,False,804,805,1,0.010000190734864134,0.010000190734864134,0.12453300124532994,1.0012453300124526,1.002490683777691,0.90784557907845531,0.90784557907845531,0.89165628891656235,False,0,0,231,0.010973991844062199,False,False,0,0,False,PITB-80B916173F29877FD683,2018-06-13T15:30:00+08:00
MARKET|2018|SH_A|07|600737.SH|2018-06-14,COORDINATE_ELIGIBLE_MARKET_SEQUENCE,SH_A,600737.SH,600737,2018-06-14,2018,7,-1,,7.96,7.9600000381469727,False,796,796,0,3.8146972691777137e-08,3.8146972691777137e-08,0.12453300124532993,0.9912826899128262,0.99128269466338326,0.91656288916562834,0.90784557907845531,0.89165628891656235,False,0,0,6,0.0054869632171506023,False,False,0,0,False,PITB-80B916173F29877FD683,2018-06-14T15:30:00+08:00
MARKET|2018|SH_A|08|600218.SH|2018-06-08,COORDINATE_ELIGIBLE_MARKET_SEQUENCE,SH_A,600218.SH,600218,2018-06-08,2018,8,-5,,5.7000000000000002,5.6999998092651367,False,570,570,0,-1.9073486345888568e-07,1.9073486345888568e-07,0.13947001394700145,0.79497907949790825,0.79497905289611426,0.78800557880055833,0.78800557880055833,0.78800557880055833,False,0,0,218,0.0070796392660225386,False,False,0,0,False,PITB-80B916173F29877FD683,2018-06-08T15:30:00+08:00
MARKET|2018|SH_A|08|600218.SH|2018-06-11,COORDINATE_ELIGIBLE_MARKET_SEQUENCE,SH_A,600218.SH,600218,2018-06-11,2018,8,-4,,5.7300000000000004,5.7300000190734863,False,573,573,0,1.9073485901799359e-08,1.9073485901799359e-08,0.13947001394700145,0.79916317991631836,0.79916318257649777,0.78800557880055833,0.78800557880055833,0.78800557880055833,True,0.0088495744013154607,0.053941908713692949,6,0.023008869812551874,False,False,0,0,False,PITB-80B916173F29877FD683,2018-06-11T15:30:00+08:00
MARKET|2018|SH_A|08|600218.SH|2018-06-12,COORDINATE_ELIGIBLE_MARKET_SEQUENCE,SH_A,600218.SH,600218,2018-06-12,2018,8,-3,,5.75,5.75,True,575,575,0,0,0,0.13947001394700145,0.80195258019525839,0.80195258019525839,0.78103207810320796,0.78103207810320796,0.78103207810320796,False,0,0,57,0.024999976158142097,False,False,0,0,False,PITB-80B916173F29877FD683,2018-06-12T15:30:00+08:00
MARKET|2018|SH_A|08|600218.SH|2018-06-13,COORDINATE_ELIGIBLE_MARKET_SEQUENCE,SH_A,600218.SH,600218,2018-06-13,2018,8,-2,,5.6500000000000004,5.6500000953674316,False,565,565,0,9.5367431285353632e-08,9.5367431285353632e-08,0.13947001394700145,0.78800557880055833,0.78800559210145527,0.78103207810320796,0.78103207810320796,0.78103207810320796,False,0,0,221,0.0035714251654488712,False,False,0,0,False,PITB-80B916173F29877FD683,2018-06-13T15:30:00+08:00
MARKET|2018|SH_A|08|600218.SH|2018-06-14,COORDINATE_ELIGIBLE_MARKET_SEQUENCE,SH_A,600218.SH,600218,2018-06-14,2018,8,-1,,5.6200000000000001,5.619999885559082,False,562,562,0,-1.1444091807533141e-07,1.1444091807533141e-07,0.13947001394700145,0.78382147838214822,0.78382146242107176,0.78103207810320796,0.78103207810320796,0.78103207810320796,True,1.7029898260626345e-08,0.024896265560165973,164,0.0035714251654488712,False,False,0,0,False,PITB-80B916173F29877FD683,2018-06-14T15:30:00+08:00
MARKET|2018|SH_A|09|600869.SH|2018-06-08,COORDINATE_ELIGIBLE_MARKET_SEQUENCE,SH_A,600869.SH,600869,2018-06-08,2018,9,-5,,5.1699999999999999,5.1700000762939453,False,517,517,0,7.6293945383554274e-08,7.6293945383554274e-08,0.17331022530329301,0.89601386481802481,0.89601387804054577,0.88041594454072847,0.88041594454072847,0.87694974003466242,True,0.005905474264790626,0.43568464730290457,144,0.023622024716354762,False,False,0,0,False,PITB-80B916173F29877FD683,2018-06-08T15:30:00+08:00
MARKET|2018|SH_A|09|600869.SH|2018-06-11,COORDINATE_ELIGIBLE_MARKET_SEQUENCE,SH_A,600869.SH,600869,2018-06-11,2018,9,-4,,5.1900000000000004,5.190000057220459,False,519,519,0,5.7220458593576495e-08,5.7220458593576495e-08,0.17331022530329301,0.89948006932409075,0.89948007924098139,0.87521663778162972,0.87521663778162972,0.87521663778162972,False,0,0,218,0.0039603922626759375,False,False,0,0,False,PITB-80B916173F29877FD683,2018-06-11T15:30:00+08:00
MARKET|2018|SH_A|09|600869.SH|2018-06-12,COORDINATE_ELIGIBLE_MARKET_SEQUENCE,SH_A,600869.SH,600869,2018-06-12,2018,9,-3,,5.1699999999999999,5.179999828338623,False,517,518,1,0.0099998283386231179,0.0099998283386231179,0.17331022530329301,0.89601386481802481,0.89774693732038591,0.87521663778162972,0.87521663778162972,0.87521663778162972,False,0,0,48,0.01980196131337994,False,False,0,0,False,PITB-80B916173F29877FD683,2018-06-12T15:30:00+08:00
MARKET|2018|SH_A|09|600869.SH|2018-06-13,COORDINATE_ELIGIBLE_MARKET_SEQUENCE,SH_A,600869.SH,600869,2018-06-13,2018,9,-2,,5.1600000000000001,5.1599998474121094,False,516,516,0,-1.5258789076710855e-07,1.5258789076710855e-07,0.17331022530329301,0.894280762564992,0.89428073611995029,0.87521663778162972,0.87521663778162972,0.87521663778162972,False,0,0,97,0.015841569050704003,False,False,0,0,False,PITB-80B916173F29877FD683,2018-06-13T15:30:00+08:00
MARKET|2018|SH_A|09|600869.SH|2018-06-14,COORDINATE_ELIGIBLE_MARKET_SEQUENCE,SH_A,600869.SH,600869,2018-06-14,2018,9,-1,,5.1500000000000004,5.1599998474121094,False,515,516,1,0.0099998474121090197,0.0099998474121090197,0.17331022530329301,0.89254766031195909,0.89428073611995029,0.87521663778162972,0.87521663778162972,0.87521663778162972,False,0,0,5,0.011881176788027938,False,False,0,0,False,PITB-80B916173F29877FD683,2018-06-14T15:30:00+08:00
MARKET|2018|SH_A|10|600375.SH|2018-06-08,COORDINATE_ELIGIBLE_MARKET_SEQUENCE,SH_A,600375.SH,600375,2018-06-08,2018,10,-5,,4.6299999999999999,4.630000114440918,False,463,463,0,1.1444091807533141e-07,1.1444091807533141e-07,0.18552875695732846,0.85899814471243074,0.85899816594451206,0.84972170686456427,0.84972170686456427,0.84972170686456416,False,0,0,200,0.0087336161251152233,False,False,0,0,False,PITB-80B916173F29877FD683,2018-06-08T15:30:00+08:00
MARKET|2018|SH_A|10|600375.SH|2018-06-11,COORDINATE_ELIGIBLE_MARKET_SEQUENCE,SH_A,600375.SH,600375,2018-06-11,2018,10,-4,,4.6699999999999999,4.679999828338623,False,467,468,1,0.0099998283386231179,0.0099998283386231179,0.18552875695732848,0.86641929499072401,0.86827455071217541,0.84972170686456427,0.84972170686456427,0.84972170686456416,False,0,0,28,0.019650584225050775,False,False,0,0,False,PITB-80B916173F29877FD683,2018-06-11T15:30:00+08:00
MARKET|2018|SH_A|10|600375.SH|2018-06-12,COORDINATE_ELIGIBLE_MARKET_SEQUENCE,SH_A,600375.SH,600375,2018-06-12,2018,10,-3,,4.71,4.7199997901916504,False,471,472,1,0.0099997901916504262,0.0099997901916504262,0.18552875695732848,0.87384044526901716,0.87569569391310809,0.84972170686456427,0.84972170686456427,0.84972170686456416,False,0,0,46,0.021834040312787798,False,False,0,0,False,PITB-80B916173F29877FD683,2018-06-12T15:30:00+08:00
MARKET|2018|SH_A|10|600375.SH|2018-06-13,COORDINATE_ELIGIBLE_MARKET_SEQUENCE,SH_A,600375.SH,600375,2018-06-13,2018,10,-2,,4.7599999999999998,4.7699999809265137,False,476,477,1,0.009999980926513885,0.009999980926513885,0.18552875695732851,0.88311688311688363,0.88497216714777682,0.84972170686456427,0.84972170686456427,0.84972170686456416,False,0,0,90,0.024017496400524949,False,False,0,0,False,PITB-80B916173F29877FD683,2018-06-13T15:30:00+08:00
MARKET|2018|SH_A|10|600375.SH|2018-06-14,COORDINATE_ELIGIBLE_MARKET_SEQUENCE,SH_A,600375.SH,600375,2018-06-14,2018,10,-1,,4.7999999999999998,4.8000001907348633,False,480,480,0,1.9073486345888568e-07,1.9073486345888568e-07,0.18552875695732848,0.89053803339517668,0.89053806878197883,0.85157699443413759,0.84972170686456427,0.84972170686456416,False,0,0,11,0.026200952488262097,False,False,0,0,False,PITB-80B916173F29877FD683,2018-06-14T15:30:00+08:00
MARKET|2018|SZ_A|01|002318.SZ|2018-06-08,COORDINATE_ELIGIBLE_MARKET_SEQUENCE,SZ_A,002318.SZ,002318,2018-06-08,2018,1,-5,,6.7000000000000002,6.6999998092651367,False,670,670,0,-1.9073486345888568e-07,1.9073486345888568e-07,0.14172453914988409,0.94955441230422344,0.94955438527241276,0.93481276005547842,0.93481276005547842,0.87517337031900111,False,0,0,111,0.0060642905209133064,False,False,0,0,False,PITB-80B916173F29877FD683,2018-06-08T15:30:00+08:00
MARKET|2018|SZ_A|01|002318.SZ|2018-06-11,COORDINATE_ELIGIBLE_MARKET_SEQUENCE,SZ_A,002318.SZ,002318,2018-06-11,2018,1,-4,,6.9800000000000004,6.9800000190734863,False,698,698,0,1.9073485901799359e-08,1.9073485901799359e-08,0.14172453914988409,0.98923728326619098,0.98923728596937199,0.93481276005547842,0.93481276005547842,0.87517337031900111,False,0,0,1,0.045482251198895186,False,False,0,0,False,PITB-80B916173F29877FD683,2018-06-11T15:30:00+08:00
MARKET|2018|SZ_A|01|002318.SZ|2018-06-12,COORDINATE_ELIGIBLE_MARKET_SEQUENCE,SZ_A,002318.SZ,002318,2018-06-12,2018,1,-3,,7.0599999999999996,7.059999942779541,False,706,706,0,-5.7220458593576495e-08,5.7220458593576495e-08,0.14172453914988409,1.0005752463981816,1.0005752382886386,0.93481276005547842,0.93481276005547842,0.87517337031900111,False,0,0,47,0.024257162083653347,False,False,0,0,False,PITB-80B916173F29877FD683,2018-06-12T15:30:00+08:00
MARKET|2018|SZ_A|01|002318.SZ|2018-06-13,COORDINATE_ELIGIBLE_MARKET_SEQUENCE,SZ_A,002318.SZ,002318,2018-06-13,2018,1,-2,,6.9400000000000004,6.940000057220459,False,694,694,0,5.7220458593576495e-08,5.7220458593576495e-08,0.14172453914988409,0.98356830170019571,0.98356830980973875,0.93481276005547842,0.93481276005547842,0.87517337031900111,False,0,0,121,0,False,False,0,0,False,PITB-80B916173F29877FD683,2018-06-13T15:30:00+08:00
MARKET|2018|SZ_A|01|002318.SZ|2018-06-14,COORDINATE_ELIGIBLE_MARKET_SEQUENCE,SZ_A,002318.SZ,002318,2018-06-14,2018,1,-1,,7,7,True,700,700,0,0,0,0.14172453914988409,0.99207177404918867,0.99207177404918867,0.94388543073822806,0.93481276005547842,0.87517337031900111,False,0,0,175,0.036385743125479958,False,False,0,0,False,PITB-80B916173F29877FD683,2018-06-14T15:30:00+08:00
MARKET|2018|SZ_A|02|000638.SZ|2018-06-08,COORDINATE_ELIGIBLE_MARKET_SEQUENCE,SZ_A,000638.SZ,000638,2018-06-08,2018,2,-5,,6.7400000000000002,6.7399997711181641,False,674,674,0,-2.2888183615066282e-07,2.2888183615066282e-07,0.089766606822262077,0.60502692998204644,0.6050269094361006,0.58348294434470349,0.58348294434470349,0.58348294434470349,False,0,0,158,0.0076922636765700148,False,False,0,0,False,PITB-80B916173F29877FD683,2018-06-08T15:30:00+08:00
MARKET|2018|SZ_A|02|000638.SZ|2018-06-11,COORDINATE_ELIGIBLE_MARKET_SEQUENCE,SZ_A,000638.SZ,000638,2018-06-11,2018,2,-4,,6.6500000000000004,6.6500000953674316,False,665,665,0,9.5367431285353632e-08,9.5367431285353632e-08,0.089766606822262091,0.59694793536804291,0.59694794392885364,0.58348294434470349,0.58348294434470349,0.58348294434470349,False,0,0,198,0.0061538402850811261,False,False,0,0,False,PITB-80B916173F29877FD683,2018-06-11T15:30:00+08:00
MARKET|2018|SZ_A|02|000638.SZ|2018-06-12,COORDINATE_ELIGIBLE_MARKET_SEQUENCE,SZ_A,000638.SZ,000638,2018-06-12,2018,2,-3,,6.7000000000000002,6.6999998092651367,False,670,670,0,-1.9073486345888568e-07,1.9073486345888568e-07,0.089766606822262091,0.60143626570915598,0.60143624858753453,0.58348294434470349,0.58348294434470349,0.58348294434470349,False,0,0,46,0.021538440997784038,False,False,0,0,False,PITB-80B916173F29877FD683,2018-06-12T15:30:00+08:00
MARKET|2018|SZ_A|02|000638.SZ|2018-06-13,COORDINATE_ELIGIBLE_MARKET_SEQUENCE,SZ_A,000638.SZ,000638,2018-06-13,2018,2,-2,,6.6500000000000004,6.6500000953674316,False,665,665,0,9.5367431285353632e-08,9.5367431285353632e-08,0.089766606822262091,0.59694793536804291,0.59694794392885364,0.58348294434470349,0.58348294434470349,0.58348294434470349,False,0,0,7,0.0015384967510517699,False,False,0,0,False,PITB-80B916173F29877FD683,2018-06-13T15:30:00+08:00
MARKET|2018|SZ_A|02|000638.SZ|2018-06-14,COORDINATE_ELIGIBLE_MARKET_SEQUENCE,SZ_A,000638.SZ,000638,2018-06-14,2018,2,-1,,6.7000000000000002,6.6999998092651367,False,670,670,0,-1.9073486345888568e-07,1.9073486345888568e-07,0.089766606822262091,0.60143626570915598,0.60143624858753453,0.58348294434470349,0.58348294434470349,0.58348294434470349,False,0,0,8,0.016923024104191799,False,False,0,0,False,PITB-80B916173F29877FD683,2018-06-14T15:30:00+08:00
MARKET|2018|SZ_A|03|000090.SZ|2018-06-08,COORDINATE_ELIGIBLE_MARKET_SEQUENCE,SZ_A,000090.SZ,000090,2018-06-08,2018,3,-5,,8.5199999999999996,8.5200004577636719,False,852,852,0,4.5776367230132564e-07,4.5776367230132564e-07,0.096805421103581743,0.82478218780251644,0.82478223211652146,0.8296224588576957,0.8296224588576957,0.82187802516940933,True,0.0093349158555237049,0.85892116182572609,209,0.0035006635525680601,False,False,0,0,False,PITB-80B916173F29877FD683,2018-06-08T15:30:00+08:00
MARKET|2018|SZ_A|03|000090.SZ|2018-06-11,COORDINATE_ELIGIBLE_MARKET_SEQUENCE,SZ_A,000090.SZ,000090,2018-06-11,2018,3,-4,,8.5500000000000007,8.5500001907348633,False,855,855,0,1.9073486257070726e-07,1.9073486257070726e-07,0.096805421103581743,0.827686350435624,0.82768636889979263,0.82187802516940911,0.82187802516940911,0.82187802516940911,False,0,0,5,0.0058893039734820539,False,False,0,0,False,PITB-80B916173F29877FD683,2018-06-11T15:30:00+08:00
MARKET|2018|SZ_A|03|000090.SZ|2018-06-12,COORDINATE_ELIGIBLE_MARKET_SEQUENCE,SZ_A,000090.SZ,000090,2018-06-12,2018,3,-3,,8.6300000000000008,8.630000114440918,False,863,863,0,1.1444091718715299e-07,1.1444091718715299e-07,0.096805421103581743,0.83543078412391047,0.8354307952024117,0.82187802516940911,0.82187802516940911,0.82187802516940911,False,0,0,52,0.010600724686441781,False,False,0,0,False,PITB-80B916173F29877FD683,2018-06-12T15:30:00+08:00
MARKET|2018|SZ_A|03|000090.SZ|2018-06-13,COORDINATE_ELIGIBLE_MARKET_SEQUENCE,SZ_A,000090.SZ,000090,2018-06-13,2018,3,-2,,8.5700000000000003,8.5699996948242188,False,857,857,0,-3.0517578153421709e-07,3.0517578153421709e-07,0.096805421103581743,0.82962245885769559,0.8296224293150255,0.82187802516940911,0.82187802516940911,0.82187802516940911,False,0,0,1,0.0011777709313922024,False,False,0,0,False,PITB-80B916173F29877FD683,2018-06-13T15:30:00+08:00
MARKET|2018|SZ_A|03|000090.SZ|2018-06-14,COORDINATE_ELIGIBLE_MARKET_SEQUENCE,SZ_A,000090.SZ,000090,2018-06-14,2018,3,-1,,8.5800000000000001,8.5799999237060547,False,858,858,0,-7.6293945383554274e-08,7.6293945383554274e-08,0.096805421103581729,0.83059051306873122,0.8305905056830637,0.82187802516940911,0.82187802516940911,0.82187802516940911,False,0,0,1,0.0035335374524371283,False,False,0,0,False,PITB-80B916173F29877FD683,2018-06-14T15:30:00+08:00
MARKET|2018|SZ_A|04|000591.SZ|2018-06-08,COORDINATE_ELIGIBLE_MARKET_SEQUENCE,SZ_A,000591.SZ,000591,2018-06-08,2018,4,-5,,4.2199999999999998,4.2199997901916504,False,422,422,0,-2.0980834936068504e-07,2.0980834936068504e-07,0.17347518027091557,0.73206526074326372,0.7320652243467225,0.7337883959044369,0.7337883959044369,0.7337883959044369,True,0.011804727629034581,0.41078838174273857,107,0.0094564054596842605,False,False,0,0,False,PITB-80B916173F29877FD683,2018-06-08T15:30:00+08:00
MARKET|2018|SZ_A|04|000591.SZ|2018-06-11,COORDINATE_ELIGIBLE_MARKET_SEQUENCE,SZ_A,000591.SZ,000591,2018-06-11,2018,4,-4,,4.21,4.2100000381469727,False,421,421,0,3.8146972691777137e-08,3.8146972691777137e-08,0.1734751802709156,0.73033050894055462,0.73033051555810768,0.7251262535324271,0.7251262535324271,0.7251262535324271,True,4.1067314856117336e-08,0,5,0.0071770836862080547,False,False,0,0,False,PITB-80B916173F29877FD683,2018-06-11T15:30:00+08:00
MARKET|2018|SZ_A|04|000591.SZ|2018-06-12,COORDINATE_ELIGIBLE_MARKET_SEQUENCE,SZ_A,000591.SZ,000591,2018-06-12,2018,4,-3,,4.1699999999999999,4.1700000762939453,False,417,417,0,7.6293945383554274e-08,7.6293945383554274e-08,0.1734751802709156,0.723391501729718,0.72339151496482401,0.7251262535324271,0.7251262535324271,0.7251262535324271,True,0.019138778796036097,0.46058091286307051,46,0.016746452550568676,False,False,0,0,False,PITB-80B916173F29877FD683,2018-06-12T15:30:00+08:00
MARKET|2018|SZ_A|04|000591.SZ|2018-06-13,COORDINATE_ELIGIBLE_MARKET_SEQUENCE,SZ_A,000591.SZ,000591,2018-06-13,2018,4,-2,,4.2199999999999998,4.2199997901916504,False,422,422,0,-2.0980834936068504e-07,2.0980834936068504e-07,0.17347518027091557,0.73206526074326372,0.7320652243467225,0.71124823911075385,0.71124823911075385,0.71124823911075385,False,0,0,5,0.024390220642089872,False,False,0,0,False,PITB-80B916173F29877FD683,2018-06-13T15:30:00+08:00
MARKET|2018|SZ_A|04|000591.SZ|2018-06-14,COORDINATE_ELIGIBLE_MARKET_SEQUENCE,SZ_A,000591.SZ,000591,2018-06-14,2018,4,-1,,4.2400000000000002,4.2399997711181641,False,424,424,0,-2.2888183615066282e-07,2.2888183615066282e-07,0.1734751802709156,0.73553476434868215,0.73553472464336445,0.71124823911075385,0.71124823911075385,0.71124823911075385,False,0,0,85,0.02195114042700793,False,False,0,0,False,PITB-80B916173F29877FD683,2018-06-14T15:30:00+08:00
MARKET|2018|SZ_A|05|002133.SZ|2018-06-08,COORDINATE_ELIGIBLE_MARKET_SEQUENCE,SZ_A,002133.SZ,002133,2018-06-08,2018,5,-5,,4.6900000000000004,4.690000057220459,False,469,469,0,5.7220458593576495e-08,5.7220458593576495e-08,0.21488945131560075,1.0078315266701676,1.0078315389662404,0.96405919661733508,0.96405919661733508,0.91966173361522152,False,0,0,197,0.013374028097136321,False,False,1,0,False,PITB-80B916173F29877FD683,2018-06-08T15:30:00+08:00
MARKET|2018|SZ_A|05|002133.SZ|2018-06-11,COORDINATE_ELIGIBLE_MARKET_SEQUENCE,SZ_A,002133.SZ,002133,2018-06-11,2018,5,-4,,4.75,4.75,True,475,475,0,0,0,0.21488945131560069,1.0207248937491034,1.0207248937491034,0.96405919661733508,0.96405919661733508,0.91966173361522152,False,0,0,5,0.0089160187314242922,False,False,0,0,False,PITB-80B916173F29877FD683,2018-06-11T15:30:00+08:00
MARKET|2018|SZ_A|05|002133.SZ|2018-06-12,COORDINATE_ELIGIBLE_MARKET_SEQUENCE,SZ_A,002133.SZ,002133,2018-06-12,2018,5,-3,,4.7400000000000002,4.7399997711181641,False,474,474,0,-2.2888183615066282e-07,2.2888183615066282e-07,0.21488945131560075,1.0185759992359475,1.0185759500516554,0.96405919661733508,0.96405919661733508,0.91966173361522152,False,0,0,47,0.013374028097136321,False,False,0,0,False,PITB-80B916173F29877FD683,2018-06-12T15:30:00+08:00
MARKET|2018|SZ_A|05|002133.SZ|2018-06-13,COORDINATE_ELIGIBLE_MARKET_SEQUENCE,SZ_A,002133.SZ,002133,2018-06-13,2018,5,-2,,4.6600000000000001,4.6599998474121094,False,466,466,0,-1.5258789076710855e-07,1.5258789076710855e-07,0.21488945131560069,1.0013848431306993,1.0013848103411711,0.96405919661733508,0.96405919661733508,0.91966173361522152,False,0,0,240,0,False,False,0,0,False,PITB-80B916173F29877FD683,2018-06-13T15:30:00+08:00
MARKET|2018|SZ_A|05|002133.SZ|2018-06-14,COORDINATE_ELIGIBLE_MARKET_SEQUENCE,SZ_A,002133.SZ,002133,2018-06-14,2018,5,-1,,4.6799999999999997,4.679999828338623,False,468,468,0,-1.7166137666890791e-07,1.7166137666890791e-07,0.21488945131560069,1.0056826321570111,1.0056825952687922,0.97251585623678549,0.96405919661733508,0.91966173361522152,False,0,0,1,0.01114497027061679,False,False,0,0,False,PITB-80B916173F29877FD683,2018-06-14T15:30:00+08:00
MARKET|2018|SZ_A|06|002906.SZ|2018-06-08,COORDINATE_ELIGIBLE_MARKET_SEQUENCE,SZ_A,002906.SZ,002906,2018-06-08,2018,6,-5,,19.57,19.569999694824219,False,1957,1957,0,-3.0517578153421709e-07,3.0517578153421709e-07,0.044228217602830633,0.86554621848739544,0.86554620499001467,0.78858911985847002,0.78858911985847002,0.78858911985847002,False,0,0,13,0.064498015621439947,False,False,0,0,False,PITB-80B916173F29877FD683,2018-06-08T15:30:00+08:00
MARKET|2018|SZ_A|06|002906.SZ|2018-06-11,COORDINATE_ELIGIBLE_MARKET_SEQUENCE,SZ_A,002906.SZ,002906,2018-06-11,2018,6,-4,,21.530000000000001,21.530000686645508,False,2153,2153,0,6.8664550667563162e-07,6.8664550667563162e-07,0.044228217602830633,0.95223352498894365,0.95223355535805043,0.78858911985847002,0.78858911985847002,0.78858911985847002,False,0,0,6,0.13348295390438775,True,False,0,0,False,PITB-80B916173F29877FD683,2018-06-11T15:30:00+08:00
MARKET|2018|SZ_A|06|002906.SZ|2018-06-12,COORDINATE_ELIGIBLE_MARKET_SEQUENCE,SZ_A,002906.SZ,002906,2018-06-12,2018,6,-3,,22.359999999999999,22.360000610351562,False,2236,2236,0,6.1035156306843419e-07,6.1035156306843419e-07,0.044228217602830633,0.98894294559929286,0.98894297259405473,0.78858911985847002,0.78858911985847002,0.78858911985847002,False,0,0,1,0.086371335699794993,False,False,0,0,False,PITB-80B916173F29877FD683,2018-06-12T15:30:00+08:00
MARKET|2018|SZ_A|06|002906.SZ|2018-06-13,COORDINATE_ELIGIBLE_MARKET_SEQUENCE,SZ_A,002906.SZ,002906,2018-06-13,2018,6,-2,,20.690000000000001,20.690000534057617,False,2069,2069,0,5.3405761590852308e-07,5.3405761590852308e-07,0.044228217602830626,0.91508182220256573,0.91508184582298213,0.78858911985847002,0.78858911985847002,0.78858911985847002,False,0,0,220,0.0022434613307539945,False,False,0,0,False,PITB-80B916173F29877FD683,2018-06-13T15:30:00+08:00
MARKET|2018|SZ_A|06|002906.SZ|2018-06-14,COORDINATE_ELIGIBLE_MARKET_SEQUENCE,SZ_A,002906.SZ,002906,2018-06-14,2018,6,-1,,20.170000000000002,20.170000076293945,False,2017,2017,0,7.6293943607197434e-08,7.6293943607197434e-08,0.044228217602830633,0.89208314904909392,0.89208315242343905,0.78858911985847002,0.78858911985847002,0.78858911985847002,False,0,0,163,0.0089736313747676693,False,False,0,0,False,PITB-80B916173F29877FD683,2018-06-14T15:30:00+08:00
MARKET|2018|SZ_A|07|002311.SZ|2018-06-08,COORDINATE_ELIGIBLE_MARKET_SEQUENCE,SZ_A,002311.SZ,002311,2018-06-08,2018,7,-5,,23.870000000000001,23.870000839233398,False,2387,2387,0,8.3923339744274017e-07,8.3923339744274017e-07,0.043782837127845871,1.0450963222416809,1.0450963589857001,1.0135726795096318,1.0135726795096318,1.0135726795096318,True,0.0056155309821308164,0.13692946058091288,113,0.036717079113163194,False,False,0,0,False,PITB-80B916173F29877FD683,2018-06-08T15:30:00+08:00
MARKET|2018|SZ_A|07|002311.SZ|2018-06-11,COORDINATE_ELIGIBLE_MARKET_SEQUENCE,SZ_A,002311.SZ,002311,2018-06-11,2018,7,-4,,22.59,22.590000152587891,False,2259,2259,0,1.5258789076710855e-07,1.5258789076710855e-07,0.043782837127845878,0.9890542907180383,0.98905429739876916,1.0078809106830118,1.0078809106830118,1.0078809106830118,True,0.066898369146988032,0.7136929460580913,84,0.048218966566097435,False,True,0,0,False,PITB-80B916173F29877FD683,2018-06-11T15:30:00+08:00
MARKET|2018|SZ_A|07|002311.SZ|2018-06-12,COORDINATE_ELIGIBLE_MARKET_SEQUENCE,SZ_A,002311.SZ,002311,2018-06-12,2018,7,-3,,23.25,23.25,True,2325,2325,0,0,0,0.043782837127845864,1.0179509632224164,1.0179509632224164,0.94045534150612942,0.94045534150612942,0.94045534150612942,False,0,0,1,0.054469277294876446,False,False,0,0,False,PITB-80B916173F29877FD683,2018-06-12T15:30:00+08:00
MARKET|2018|SZ_A|07|002311.SZ|2018-06-13,COORDINATE_ELIGIBLE_MARKET_SEQUENCE,SZ_A,002311.SZ,002311,2018-06-13,2018,7,-2,,23.579999999999998,23.579999923706055,False,2358,2358,0,-7.6293943607197434e-08,7.6293943607197434e-08,0.043782837127845871,1.0323992994746056,1.0323992961342403,0.94045534150612942,0.94045534150612942,0.94045534150612942,False,0,0,0,0.02932956986809146,False,False,0,0,False,PITB-80B916173F29877FD683,2018-06-13T15:30:00+08:00
MARKET|2018|SZ_A|07|002311.SZ|2018-06-14,COORDINATE_ELIGIBLE_MARKET_SEQUENCE,SZ_A,002311.SZ,002311,2018-06-14,2018,7,-1,,22.850000000000001,22.850000381469727,False,2285,2285,0,3.8146972514141453e-07,3.8146972514141453e-07,0.043782837127845871,1.0004378283712783,1.0004378450731051,0.94045534150612942,0.94045534150612942,0.94045534150612942,False,0,0,161,0.016294244947380226,False,False,0,0,False,PITB-80B916173F29877FD683,2018-06-14T15:30:00+08:00
MARKET|2018|SZ_A|08|300569.SZ|2018-06-08,COORDINATE_ELIGIBLE_MARKET_SEQUENCE,SZ_A,300569.SZ,300569,2018-06-08,2018,8,-5,,18.780000000000001,18.780000686645508,False,1878,1878,0,6.8664550667563162e-07,6.8664550667563162e-07,0.043271311120726942,0.81263522284725198,0.81263525255930336,0.82388576373864097,0.82388576373864097,0.82388576373864097,True,0.023109223662304262,0.92116182572614103,114,0.0094537975407447822,False,False,0,0,False,PITB-80B916173F29877FD683,2018-06-08T15:30:00+08:00
MARKET|2018|SZ_A|08|300569.SZ|2018-06-11,COORDINATE_ELIGIBLE_MARKET_SEQUENCE,SZ_A,300569.SZ,300569,2018-06-11,2018,8,-4,,18.629999999999999,18.629999160766602,False,1863,1863,0,-8.3923339744274017e-07,8.3923339744274017e-07,0.043271311120726942,0.8061445261791429,0.80614448986441345,0.80484638684552112,0.80484638684552112,0.80484638684552112,True,0.0026882130612609681,0.033195020746887967,200,0.0043010711669922421,False,False,0,0,False,PITB-80B916173F29877FD683,2018-06-11T15:30:00+08:00
MARKET|2018|SZ_A|08|300569.SZ|2018-06-12,COORDINATE_ELIGIBLE_MARKET_SEQUENCE,SZ_A,300569.SZ,300569,2018-06-12,2018,8,-3,,18.469999999999999,18.469999313354492,False,1847,1847,0,-6.8664550667563162e-07,6.8664550667563162e-07,0.043271311120726942,0.79922111639982651,0.79922108668777525,0.80268282128948476,0.80268282128948476,0.80268282128948476,True,0.019946075192680216,0.90041493775933612,85,0.015633369713138071,False,False,0,0,False,PITB-80B916173F29877FD683,2018-06-12T15:30:00+08:00
MARKET|2018|SZ_A|08|300569.SZ|2018-06-13,COORDINATE_ELIGIBLE_MARKET_SEQUENCE,SZ_A,300569.SZ,300569,2018-06-13,2018,8,-2,,17.77,17.770000457763672,False,1777,1777,0,4.5776367230132564e-07,4.5776367230132564e-07,0.043271311120726935,0.76893119861531767,0.76893121842335188,0.78667243617481575,0.78667243617481575,0.78667243617481575,True,0.022552230046002757,0.52697095435684649,237,0,False,False,0,0,False,PITB-80B916173F29877FD683,2018-06-13T15:30:00+08:00
MARKET|2018|SZ_A|08|300569.SZ|2018-06-14,COORDINATE_ELIGIBLE_MARKET_SEQUENCE,SZ_A,300569.SZ,300569,2018-06-14,2018,8,-1,,17.350000000000001,17.350000381469727,False,1735,1735,0,3.8146972514141453e-07,3.8146972514141453e-07,0.043271311120726942,0.75075724794461252,0.75075726445130764,0.76893119861531767,0.76893119861531767,0.76893119861531767,True,0.024760837157790875,0.98340248962655596,234,0.001125518163403029,False,False,0,0,False,PITB-80B916173F29877FD683,2018-06-14T15:30:00+08:00
MARKET|2018|SZ_A|09|002629.SZ|2018-06-08,COORDINATE_ELIGIBLE_MARKET_SEQUENCE,SZ_A,002629.SZ,002629,2018-06-08,2018,9,-5,,5.7800000000000002,5.7800002098083496,False,578,578,0,2.0980834936068504e-07,2.0980834936068504e-07,0.14044943820224709,0.81179775280898825,0.81179778227645305,0.79494382022471877,0.79494382022471877,0.77668539325842689,False,0,0,198,0.014134346385726726,False,False,0,0,False,PITB-80B916173F29877FD683,2018-06-08T15:30:00+08:00
MARKET|2018|SZ_A|09|002629.SZ|2018-06-11,COORDINATE_ELIGIBLE_MARKET_SEQUENCE,SZ_A,002629.SZ,002629,2018-06-11,2018,9,-4,,5.5999999999999996,5.5999999046325684,False,560,560,0,-9.5367431285353632e-08,9.5367431285353632e-08,0.14044943820224709,0.78651685393258364,0.78651684053828153,0.79494382022471877,0.79494382022471877,0.77668539325842689,True,0.033568941662252882,1,3,0.022968218099102142,False,False,0,0,False,PITB-80B916173F29877FD683,2018-06-11T15:30:00+08:00
MARKET|2018|SZ_A|09|002629.SZ|2018-06-12,COORDINATE_ELIGIBLE_MARKET_SEQUENCE,SZ_A,002629.SZ,002629,2018-06-12,2018,9,-3,,5.7000000000000002,5.6999998092651367,False,570,570,0,-1.9073486345888568e-07,1.9073486345888568e-07,0.14044943820224709,0.80056179775280845,0.800561770964204,0.76825842696629154,0.76825842696629154,0.76825842696629154,False,0,0,48,0.040219340071599656,False,False,0,0,False,PITB-80B916173F29877FD683,2018-06-12T15:30:00+08:00
MARKET|2018|SZ_A|09|002629.SZ|2018-06-13,COORDINATE_ELIGIBLE_MARKET_SEQUENCE,SZ_A,002629.SZ,002629,2018-06-13,2018,9,-2,,5.6799999999999997,5.679999828338623,False,568,568,0,-1.7166137666890791e-07,1.7166137666890791e-07,0.14044943820224709,0.79775280898876344,0.79775278487901957,0.76825842696629154,0.76825842696629154,0.76825842696629154,False,0,0,12,0.020109626449222429,False,False,0,0,False,PITB-80B916173F29877FD683,2018-06-13T15:30:00+08:00
MARKET|2018|SZ_A|09|002629.SZ|2018-06-14,COORDINATE_ELIGIBLE_MARKET_SEQUENCE,SZ_A,002629.SZ,002629,2018-06-14,2018,9,-1,,5.54,5.5399999618530273,False,554,554,0,-3.8146972691777137e-08,3.8146972691777137e-08,0.14044943820224709,0.77808988764044884,0.77808988228272802,0.76825842696629154,0.76825842696629154,0.76825842696629154,False,0,0,237,0.0018281082348588292,False,False,0,0,False,PITB-80B916173F29877FD683,2018-06-14T15:30:00+08:00
MARKET|2018|SZ_A|10|002919.SZ|2018-06-08,COORDINATE_ELIGIBLE_MARKET_SEQUENCE,SZ_A,002919.SZ,002919,2018-06-08,2018,10,-5,,36.829999999999998,36.830001831054688,False,3683,3683,0,1.8310546892053026e-06,1.8310546892053026e-06,0.02577984016499095,0.94947151327661661,0.94947156048091386,0.80716679556586679,0.80716679556586679,0.76411446249033199,False,0,0,11,0.040881590354332184,False,False,0,0,False,PITB-80B916173F29877FD683,2018-06-08T15:30:00+08:00
MARKET|2018|SZ_A|10|002919.SZ|2018-06-11,COORDINATE_ELIGIBLE_MARKET_SEQUENCE,SZ_A,002919.SZ,002919,2018-06-11,2018,10,-4,,34.579999999999998,34.580001831054688,False,3458,3458,0,1.8310546892053026e-06,1.8310546892053026e-06,0.02577984016499095,0.89146687290538695,0.8914669201096842,0.80716679556586679,0.80716679556586679,0.76411446249033199,False,0,0,234,0.029383646874563279,False,False,0,0,False,PITB-80B916173F29877FD683,2018-06-11T15:30:00+08:00
MARKET|2018|SZ_A|10|002919.SZ|2018-06-12,COORDINATE_ELIGIBLE_MARKET_SEQUENCE,SZ_A,002919.SZ,002919,2018-06-12,2018,10,-3,,33.950000000000003,33.950000762939453,False,3395,3395,0,7.6293945028282906e-07,7.6293945028282906e-07,0.02577984016499095,0.87522557360144282,0.8752255932698999,0.80716679556586679,0.80716679556586679,0.76411446249033199,False,0,0,43,0.066113114090477557,False,False,0,0,False,PITB-80B916173F29877FD683,2018-06-12T15:30:00+08:00
MARKET|2018|SZ_A|10|002919.SZ|2018-06-13,COORDINATE_ELIGIBLE_MARKET_SEQUENCE,SZ_A,002919.SZ,002919,2018-06-13,2018,10,-2,,32.229999999999997,32.229999542236328,False,3223,3223,0,-4.5776366874861196e-07,4.5776366874861196e-07,0.025932609588190898,0.83580800702739255,0.83580799515638604,0.80716679556586679,0.80716679556586679,0.76411446249033199,False,0,0,240,0,False,False,1,0,False,PITB-80B916173F29877FD683,2018-06-13T15:30:00+08:00
MARKET|2018|SZ_A|10|002919.SZ|2018-06-14,COORDINATE_ELIGIBLE_MARKET_SEQUENCE,SZ_A,002919.SZ,002919,2018-06-14,2018,10,-1,,35.450000000000003,35.450000762939453,False,3545,3545,0,7.6293945028282906e-07,7.6293945028282906e-07,0.025932609588190898,0.91931100990136738,0.91931102968637834,0.82186130445991146,0.80716679556586679,0.76411446249033199,False,0,0,1,0.1201585644003907,True,False,0,0,False,PITB-80B916173F29877FD683,2018-06-14T15:30:00+08:00
MARKET|2019|ALL_A|01|002948.SZ|2019-06-10,COORDINATE_ELIGIBLE_MARKET_SEQUENCE,ALL_A,002948.SZ,002948,2019-06-10,2019,1,-5,,6.3200000000000003,6.320000171661377,False,632,632,0,1.7166137666890791e-07,1.7166137666890791e-07,0.13071895424836608,0.8261437908496736,0.82614381328906927,0.81568627450980435,0.81568627450980424,0.81568627450980424,False,0,0,26,0.0064102502969594407,False,False,0,0,False,PITB-80B916173F29877FD683,2019-06-10T15:30:00+08:00
MARKET|2019|ALL_A|01|002948.SZ|2019-06-11,COORDINATE_ELIGIBLE_MARKET_SEQUENCE,ALL_A,002948.SZ,002948,2019-06-11,2019,1,-4,,6.5700000000000003,6.570000171661377,False,657,657,0,1.7166137666890791e-07,1.7166137666890791e-07,0.13071895424836608,0.8588235294117651,0.85882355185116077,0.81830065359477155,0.81568627450980424,0.81568627450980424,False,0,0,2,0.043269227712582334,False,False,0,0,False,PITB-80B916173F29877FD683,2019-06-11T15:30:00+08:00
MARKET|2019|ALL_A|01|002948.SZ|2019-06-12,COORDINATE_ELIGIBLE_MARKET_SEQUENCE,ALL_A,002948.SZ,002948,2019-06-12,2019,1,-3,,6.4800000000000004,6.4800000190734863,False,648,648,0,1.9073485901799359e-08,1.9073485901799359e-08,0.13071895424836608,0.8470588235294122,0.84705882602267835,0.81830065359477155,0.81568627450980424,0.81568627450980424,False,0,0,147,0.0032051251484797884,False,False,0,0,False,PITB-80B916173F29877FD683,2019-06-12T15:30:00+08:00
MARKET|2019|ALL_A|01|002948.SZ|2019-06-13,COORDINATE_ELIGIBLE_MARKET_SEQUENCE,ALL_A,002948.SZ,002948,2019-06-13,2019,1,-2,,6.4900000000000002,6.4899997711181641,False,649,649,0,-2.2888183615066282e-07,2.2888183615066282e-07,0.13071895424836605,0.84836601307189574,0.8483659831527014,0.81830065359477155,0.81568627450980424,0.81568627450980424,False,0,0,0,0.0064102502969594407,False,False,0,0,False,PITB-80B916173F29877FD683,2019-06-13T15:30:00+08:00
MARKET|2019|ALL_A|01|002948.SZ|2019-06-14,COORDINATE_ELIGIBLE_MARKET_SEQUENCE,ALL_A,002948.SZ,002948,2019-06-14,2019,1,-1,,6.29,6.2899999618530273,False,629,629,0,-3.8146972691777137e-08,3.8146972691777137e-08,0.13071895424836605,0.82222222222222241,0.82222221723569011,0.81830065359477155,0.81568627450980424,0.81568627450980424,False,0,0,240,0,False,False,0,0,False,PITB-80B916173F29877FD683,2019-06-14T15:30:00+08:00
MARKET|2019|ALL_A|02|300047.SZ|2019-06-10,COORDINATE_ELIGIBLE_MARKET_SEQUENCE,ALL_A,300047.SZ,300047,2019-06-10,2019,2,-5,,8.6999999999999993,8.6999998092651367,False,870,870,0,-1.9073486257070726e-07,1.9073486257070726e-07,0.145122883711469,1.2625690882897802,1.262569060609787,1.2335445115474863,1.2335445115474863,1.2335445115474863,False,0,0,2,0.016470516429228074,False,False,0,0,False,PITB-80B916173F29877FD683,2019-06-10T15:30:00+08:00
MARKET|2019|ALL_A|02|300047.SZ|2019-06-11,COORDINATE_ELIGIBLE_MARKET_SEQUENCE,ALL_A,300047.SZ,300047,2019-06-11,2019,2,-4,,9.0199999999999996,9.0200004577636719,False,902,902,0,4.5776367230132564e-07,4.5776367230132564e-07,0.145122883711469,1.3090084110774503,1.3090084775094346,1.2335445115474863,1.2335445115474863,1.2335445115474863,True,0.0047058778650619394,0.0082987551867219917,23,0.065882402307847088,False,False,0,0,False,PITB-80B916173F29877FD683,2019-06-11T15:30:00+08:00
MARKET|2019|ALL_A|02|300047.SZ|2019-06-12,COORDINATE_ELIGIBLE_MARKET_SEQUENCE,ALL_A,300047.SZ,300047,2019-06-12,2019,2,-3,,8.7799999999999994,8.7799997329711914,False,878,878,0,-2.6702880795426154e-07,2.6702880795426154e-07,0.145122883711469,1.2741789189866977,1.2741788802347072,1.2277395961990278,1.2277395961990278,1.2277395961990278,False,0,0,208,0.0094562557572168415,False,False,0,0,False,PITB-80B916173F29877FD683,2019-06-12T15:30:00+08:00
MARKET|2019|ALL_A|02|300047.SZ|2019-06-13,COORDINATE_ELIGIBLE_MARKET_SEQUENCE,ALL_A,300047.SZ,300047,2019-06-13,2019,2,-2,,8.8599999999999994,8.8599996566772461,False,886,886,0,-3.4332275333781581e-07,3.4332275333781581e-07,0.14512288371146898,1.2857887496836151,1.2857886998596271,1.2277395961990278,1.2277395961990278,1.2277395961990278,False,0,0,53,0.027186707120133366,False,False,0,0,False,PITB-80B916173F29877FD683,2019-06-13T15:30:00+08:00
MARKET|2019|ALL_A|02|300047.SZ|2019-06-14,COORDINATE_ELIGIBLE_MARKET_SEQUENCE,ALL_A,300047.SZ,300047,2019-06-14,2019,2,-1,,8.25,8.25,True,825,825,0,0,0,0.14512288371146898,1.1972637906196191,1.1972637906196191,1.2277395961990278,1.2277395961990278,1.2277395961990278,True,0.028368762762552385,0.26141078838174275,232,0.0035460677270911707,False,False,0,0,False,PITB-80B916173F29877FD683,2019-06-14T15:30:00+08:00
MARKET|2019|ALL_A|03|300487.SZ|2019-06-10,COORDINATE_ELIGIBLE_MARKET_SEQUENCE,ALL_A,300487.SZ,300487,2019-06-10,2019,3,-5,,29.5,29.5,True,2950,2950,0,0,0,0.058982595450783992,1.7399865657981277,1.7399865657981277,1.6391263275772872,1.6220213748965597,1.6220213748965597,False,0,0,0,0.028363661332563947,False,False,0,0,False,PITB-80B916173F29877FD683,2019-06-10T15:30:00+08:00
MARKET|2019|ALL_A|03|300487.SZ|2019-06-11,COORDINATE_ELIGIBLE_MARKET_SEQUENCE,ALL_A,300487.SZ,300487,2019-06-11,2019,3,-4,,30.100000000000001,30.100000381469727,False,3010,3010,0,3.8146972514141453e-07,3.8146972514141453e-07,0.058982595450783999,1.7753761230685985,1.775376145568673,1.6450245871223652,1.6220213748965597,1.6220213748965597,False,0,0,7,0.035272771661931775,False,False,0,0,False,PITB-80B916173F29877FD683,2019-06-11T15:30:00+08:00
MARKET|2019|ALL_A|03|300487.SZ|2019-06-12,COORDINATE_ELIGIBLE_MARKET_SEQUENCE,ALL_A,300487.SZ,300487,2019-06-12,2019,3,-3,,30.23,30.229999542236328,False,3023,3023,0,-4.5776367230132564e-07,4.5776367230132564e-07,0.058982595450784006,1.7830438604772005,1.783043833477111,1.6880818818014376,1.6220213748965597,1.6220213748965597,False,0,0,7,0.017454528808593755,False,False,0,0,False,PITB-80B916173F29877FD683,2019-06-12T15:30:00+08:00
MARKET|2019|ALL_A|03|300487.SZ|2019-06-13,COORDINATE_ELIGIBLE_MARKET_SEQUENCE,ALL_A,300487.SZ,300487,2019-06-13,2019,3,-2,,29.82,29.819999694824219,False,2982,2982,0,-3.0517578153421709e-07,3.0517578153421709e-07,0.058982595450783999,1.7588609963423789,1.7588609783423192,1.6880818818014376,1.6220213748965597,1.6220213748965597,False,0,0,113,0.0050908868963068822,False,False,0,0,False,PITB-80B916173F29877FD683,2019-06-13T15:30:00+08:00
MARKET|2019|ALL_A|03|300487.SZ|2019-06-14,COORDINATE_ELIGIBLE_MARKET_SEQUENCE,ALL_A,300487.SZ,300487,2019-06-14,2019,3,-1,,28.949999999999999,28.950000762939453,False,2895,2895,0,7.6293945383554274e-07,7.6293945383554274e-07,0.058982595450784006,1.7075461383001969,1.707546183300346,1.6880818818014376,1.6220213748965597,1.6220213748965597,False,0,0,223,0.002545512806285408,False,False,0,0,False,PITB-80B916173F29877FD683,2019-06-14T15:30:00+08:00
MARKET|2019|ALL_A|04|600367.SH|2019-06-10,COORDINATE_ELIGIBLE_MARKET_SEQUENCE,ALL_A,600367.SH,600367,2019-06-10,2019,4,-5,,8.6400000000000006,8.6400003433227539,False,864,864,0,3.4332275333781581e-07,3.4332275333781581e-07,0.0876884199323609,0.7576279482155982,0.75762797832102802,0.67607771767850244,0.65152496009744165,0.65064807589811791,False,0,0,3,0.039030950451282367,False,False,0,0,False,PITB-80B916173F29877FD683,2019-06-10T15:30:00+08:00
MARKET|2019|ALL_A|04|600367.SH|2019-06-11,COORDINATE_ELIGIBLE_MARKET_SEQUENCE,ALL_A,600367.SH,600367,2019-06-11,2019,4,-4,,8.9700000000000006,8.9700002670288086,False,897,897,0,2.6702880795426154e-07,2.6702880795426154e-07,0.0876884199323609,0.78656512679327728,0.78656515020861162,0.67958525447579698,0.65152496009744165,0.65064807589811791,False,0,0,1,0.05787352694155868,False,False,0,0,False,PITB-80B916173F29877FD683,2019-06-11T15:30:00+08:00
MARKET|2019|ALL_A|04|600367.SH|2019-06-12,COORDINATE_ELIGIBLE_MARKET_SEQUENCE,ALL_A,600367.SH,600367,2019-06-12,2019,4,-3,,9,9,True,900,900,0,0,0,0.0876884199323609,0.78919577939124808,0.78919577939124808,0.69361540166497471,0.65152496009744165,0.65064807589811791,False,0,0,0,0.020188373961005882,False,False,0,0,False,PITB-80B916173F29877FD683,2019-06-12T15:30:00+08:00
MARKET|2019|ALL_A|04|600367.SH|2019-06-13,COORDINATE_ELIGIBLE_MARKET_SEQUENCE,ALL_A,600367.SH,600367,2019-06-13,2019,4,-2,,9.1500000000000004,9.1499996185302734,False,915,915,0,-3.8146972691777137e-07,3.8146972691777137e-07,0.087688419932360886,0.80234904238110216,0.80234900893062455,0.69712293846226925,0.65152496009744165,0.65064807589811791,False,0,0,1,0.033647375504710614,False,False,0,0,False,PITB-80B916173F29877FD683,2019-06-13T15:30:00+08:00
MARKET|2019|ALL_A|04|600367.SH|2019-06-14,COORDINATE_ELIGIBLE_MARKET_SEQUENCE,ALL_A,600367.SH,600367,2019-06-14,2019,4,-1,,8.9499999999999993,8.9499998092651367,False,895,895,0,-1.9073486257070726e-07,1.9073486257070726e-07,0.087688419932360873,0.78481135839462979,0.78481134166939104,0.70238424365821084,0.65152496009744165,0.65064807589811791,False,0,0,234,0.020188373961005882,False,False,0,0,False,PITB-80B916173F29877FD683,2019-06-14T15:30:00+08:00
MARKET|2019|ALL_A|05|600230.SH|2019-06-10,COORDINATE_ELIGIBLE_MARKET_SEQUENCE,ALL_A,600230.SH,600230,2019-06-10,2019,5,-5,,13.56,13.560000419616699,False,1356,1356,0,4.1961669872137008e-07,4.1961669872137008e-07,0.034423731505805626,0.46678579921872432,0.46678581366349686,0.46196647680791147,0.46196647680791147,0.46196647680791147,False,0,0,26,0.0059613172414583297,False,False,0,0,False,PITB-80B916173F29877FD683,2019-06-10T15:30:00+08:00
MARKET|2019|ALL_A|05|600230.SH|2019-06-11,COORDINATE_ELIGIBLE_MARKET_SEQUENCE,ALL_A,600230.SH,600230,2019-06-11,2019,5,-4,,14.109999999999999,14.109999656677246,False,1411,1411,0,-3.4332275333781581e-07,3.4332275333781581e-07,0.034423731505805619,0.4857188515469173,0.48571883972846697,0.46196647680791147,0.46196647680791147,0.46196647680791147,False,0,0,5,0.050670592511286458,False,False,0,0,False,PITB-80B916173F29877FD683,2019-06-11T15:30:00+08:00
MARKET|2019|ALL_A|05|600230.SH|2019-06-12,COORDINATE_ELIGIBLE_MARKET_SEQUENCE,ALL_A,600230.SH,600230,2019-06-12,2019,5,-3,,13.880000000000001,13.880000114440918,False,1388,1388,0,1.1444091718715299e-07,1.1444091718715299e-07,0.034423731505805626,0.47780139330058208,0.47780139724006554,0.46196647680791147,0.46196647680791147,0.46196647680791147,False,0,0,231,0.0052160726396587222,False,False,0,0,False,PITB-80B916173F29877FD683,2019-06-12T15:30:00+08:00
MARKET|2019|ALL_A|05|600230.SH|2019-06-13,COORDINATE_ELIGIBLE_MARKET_SEQUENCE,ALL_A,600230.SH,600230,2019-06-13,2019,5,-2,,13.94,13.939999580383301,False,1394,1394,0,-4.1961669872137008e-07,4.1961669872137008e-07,0.034423731505805626,0.47986681719093038,0.47986680274615784,0.46196647680791147,0.46196647680791147,0.46196647680791147,False,0,0,3,0.014157941906356263,False,False,0,0,False,PITB-80B916173F29877FD683,2019-06-13T15:30:00+08:00
MARKET|2019|ALL_A|05|600230.SH|2019-06-14,COORDINATE_ELIGIBLE_MARKET_SEQUENCE,ALL_A,600230.SH,600230,2019-06-14,2019,5,-1,,13.42,13.420000076293945,False,1342,1342,0,7.6293945383554274e-08,7.6293945383554274e-08,0.034423731505805626,0.46196647680791147,0.4619664794342338,0.46196647680791147,0.46196647680791147,0.46196647680791147,True,0.0044709644800859788,0.037344398340248962,220,0.0044709701651788544,False,False,0,0,False,PITB-80B916173F29877FD683,2019-06-14T15:30:00+08:00
MARKET|2019|ALL_A|06|300623.SZ|2019-06-10,COORDINATE_ELIGIBLE_MARKET_SEQUENCE,ALL_A,300623.SZ,300623,2019-06-10,2019,6,-5,,20.73,20.729999542236328,False,2073,2073,0,-4.5776367230132564e-07,4.5776367230132564e-07,0.040494193920970679,0.83944463998172214,0.83944462144495124,0.74063880681455341,0.7195818259756489,0.69528530962306645,False,0,0,3,0.063590273537794131,False,False,0,0,False,PITB-80B916173F29877FD683,2019-06-10T15:30:00+08:00
MARKET|2019|ALL_A|06|300623.SZ|2019-06-11,COORDINATE_ELIGIBLE_MARKET_SEQUENCE,ALL_A,300623.SZ,300623,2019-06-11,2019,6,-4,,21.489999999999998,21.489999771118164,False,2149,2149,0,-2.2888183437430598e-07,2.2888183437430598e-07,0.040494193920970679,0.87022022736165983,0.87022021809327443,0.74063880681455341,0.74063880681455341,0.69528530962306645,False,0,0,8,0.073264087074242257,False,False,0,0,False,PITB-80B916173F29877FD683,2019-06-11T15:30:00+08:00
MARKET|2019|ALL_A|06|300623.SZ|2019-06-12,COORDINATE_ELIGIBLE_MARKET_SEQUENCE,ALL_A,300623.SZ,300623,2019-06-12,2019,6,-3,,21.66,21.659999847412109,False,2166,2166,0,-1.5258789076710855e-07,1.5258789076710855e-07,0.040494193920970679,0.87710424032822498,0.87710423414930128,0.78437253624920178,0.74063880681455341,0.69528530962306645,False,0,0,1,0.029524276007583974,False,False,0,0,False,PITB-80B916173F29877FD683,2019-06-12T15:30:00+08:00
MARKET|2019|ALL_A|06|300623.SZ|2019-06-13,COORDINATE_ELIGIBLE_MARKET_SEQUENCE,ALL_A,300623.SZ,300623,2019-06-13,2019,6,-2,,21.219999999999999,21.219999313354492,False,2122,2122,0,-6.8664550667563162e-07,6.8664550667563162e-07,0.040494193920970686,0.85928679500299787,0.85928676719784158,0.78558736206683089,0.74063880681455341,0.69528530962306645,False,0,0,240,0,False,False,0,0,False,PITB-80B916173F29877FD683,2019-06-13T15:30:00+08:00
MARKET|2019|ALL_A|06|300623.SZ|2019-06-14,COORDINATE_ELIGIBLE_MARKET_SEQUENCE,ALL_A,300623.SZ,300623,2019-06-14,2019,6,-1,,20.43,20.430000305175781,False,2043,2043,0,3.0517578153421709e-07,3.0517578153421709e-07,0.040494193920970686,0.82729638180543108,0.82729639416327838,0.79004172339813794,0.74063880681455341,0.69528530962306645,False,0,0,223,0.0021870374809919713,False,False,0,0,False,PITB-80B916173F29877FD683,2019-06-14T15:30:00+08:00
MARKET|2019|ALL_A|07|000756.SZ|2019-06-10,COORDINATE_ELIGIBLE_MARKET_SEQUENCE,ALL_A,000756.SZ,000756,2019-06-10,2019,7,-5,,6.5700000000000003,6.570000171661377,False,657,657,0,1.7166137666890791e-07,1.7166137666890791e-07,0.094195177047185635,0.61886231320000962,0.61886232936968344,0.60850084372481916,0.60850084372481916,0.60850084372481916,False,0,0,10,0.013931912165308126,False,False,0,0,False,PITB-80B916173F29877FD683,2019-06-10T15:30:00+08:00
MARKET|2019|ALL_A|07|000756.SZ|2019-06-11,COORDINATE_ELIGIBLE_MARKET_SEQUENCE,ALL_A,000756.SZ,000756,2019-06-11,2019,7,-4,,6.8600000000000003,6.8600001335144043,False,686,686,0,1.3351440397713077e-07,1.3351440397713077e-07,0.094195177047185635,0.64617891454369347,0.64617892712010638,0.60850084372481916,0.60850084372481916,0.60850084372481916,False,0,0,0,0.044891634961768866,False,False,0,0,False,PITB-80B916173F29877FD683,2019-06-11T15:30:00+08:00
MARKET|2019|ALL_A|07|000756.SZ|2019-06-12,COORDINATE_ELIGIBLE_MARKET_SEQUENCE,ALL_A,000756.SZ,000756,2019-06-12,2019,7,-3,,6.79,6.7899999618530273,False,679,679,0,-3.8146972691777137e-08,3.8146972691777137e-08,0.094195177047185649,0.63958525215039053,0.63958524855712973,0.60850084372481916,0.60850084372481916,0.60850084372481916,False,0,0,129,0.0030959722796460921,False,False,0,0,False,PITB-80B916173F29877FD683,2019-06-12T15:30:00+08:00
MARKET|2019|ALL_A|07|000756.SZ|2019-06-13,COORDINATE_ELIGIBLE_MARKET_SEQUENCE,ALL_A,000756.SZ,000756,2019-06-13,2019,7,-2,,6.8499999999999996,6.8499999046325684,False,685,685,0,-9.5367431285353632e-08,9.5367431285353632e-08,0.094195177047185649,0.64523696277322162,0.64523695379006962,0.60850084372481916,0.60850084372481916,0.60850084372481916,False,0,0,20,0.018575833677876553,False,False,0,0,False,PITB-80B916173F29877FD683,2019-06-13T15:30:00+08:00
MARKET|2019|ALL_A|07|000756.SZ|2019-06-14,COORDINATE_ELIGIBLE_MARKET_SEQUENCE,ALL_A,000756.SZ,000756,2019-06-14,2019,7,-1,,6.7400000000000002,6.7399997711181641,False,674,674,0,-2.2888183615066282e-07,2.2888183615066282e-07,0.094195177047185649,0.63487549329803128,0.63487547173846626,0.60850084372481916,0.60850084372481916,0.60850084372481916,False,0,0,224,0.0030959722796460921,False,False,0,0,False,PITB-80B916173F29877FD683,2019-06-14T15:30:00+08:00
MARKET|2019|ALL_A|08|300170.SZ|2019-06-10,COORDINATE_ELIGIBLE_MARKET_SEQUENCE,ALL_A,300170.SZ,300170,2019-06-10,2019,8,-5,,13.52,13.520000457763672,False,1352,1352,0,4.5776367230132564e-07,4.5776367230132564e-07,0.081197113986043082,1.0977849810913025,1.0977850182603914,1.0766737314549315,1.0766737314549315,1.0766737314549315,False,0,0,25,0.015837106949243649,False,False,0,0,False,PITB-80B916173F29877FD683,2019-06-10T15:30:00+08:00
MARKET|2019|ALL_A|08|300170.SZ|2019-06-11,COORDINATE_ELIGIBLE_MARKET_SEQUENCE,ALL_A,300170.SZ,300170,2019-06-11,2019,8,-4,,14.1,14.100000381469727,False,1410,1410,0,3.8146972691777137e-07,3.8146972691777137e-07,0.081197113986043082,1.1448793072032075,1.1448793381774482,1.0766737314549315,1.0766737314549315,1.0766737314549315,False,0,0,7,0.059577674347890297,False,False,0,0,False,PITB-80B916173F29877FD683,2019-06-11T15:30:00+08:00
MARKET|2019|ALL_A|08|300170.SZ|2019-06-12,COORDINATE_ELIGIBLE_MARKET_SEQUENCE,ALL_A,300170.SZ,300170,2019-06-12,2019,8,-3,,13.880000000000001,13.880000114440918,False,1388,1388,0,1.1444091718715299e-07,1.1444091718715299e-07,0.081197113986043096,1.1270159421262782,1.1270159514185505,1.0766737314549315,1.0766737314549315,1.0766737314549315,False,0,0,151,0.0015083301480899602,False,False,0,0,False,PITB-80B916173F29877FD683,2019-06-12T15:30:00+08:00
MARKET|2019|ALL_A|08|300170.SZ|2019-06-13,COORDINATE_ELIGIBLE_MARKET_SEQUENCE,ALL_A,300170.SZ,300170,2019-06-13,2019,8,-2,,14.09,14.090000152587891,False,1409,1409,0,1.5258789076710855e-07,1.5258789076710855e-07,0.08119711398604311,1.1440673360633473,1.1440673484530437,1.0766737314549315,1.0766737314549315,1.0766737314549315,False,0,0,4,0.019607860398328365,False,False,0,0,False,PITB-80B916173F29877FD683,2019-06-13T15:30:00+08:00
MARKET|2019|ALL_A|08|300170.SZ|2019-06-14,COORDINATE_ELIGIBLE_MARKET_SEQUENCE,ALL_A,300170.SZ,300170,2019-06-14,2019,8,-1,,13.51,13.510000228881836,False,1351,1351,0,2.2888183615066282e-07,2.2888183615066282e-07,0.08119711398604311,1.0969730099514423,1.0969730285359869,1.0766737314549315,1.0766737314549315,1.0766737314549315,False,0,0,233,0.0015083301480897538,False,False,0,0,False,PITB-80B916173F29877FD683,2019-06-14T15:30:00+08:00
MARKET|2019|ALL_A|09|603086.SH|2019-06-10,COORDINATE_ELIGIBLE_MARKET_SEQUENCE,ALL_A,603086.SH,603086,2019-06-10,2019,9,-5,,28.140000000000001,28.139999389648438,False,2814,2814,0,-6.1035156306843419e-07,6.1035156306843419e-07,0.039837408166932167,1.1210246658174712,1.1210246415026468,1.1154474286741007,1.1154474286741007,1.1154474286741007,True,0.018214293888637056,0.43153526970954359,26,0.023214272090366857,False,False,0,0,False,PITB-80B916173F29877FD683,2019-06-10T15:30:00+08:00
MARKET|2019|ALL_A|09|603086.SH|2019-06-11,COORDINATE_ELIGIBLE_MARKET_SEQUENCE,ALL_A,603086.SH,603086,2019-06-11,2019,9,-4,,29.109999999999999,29.110000610351562,False,2911,2911,0,6.1035156306843419e-07,6.1035156306843419e-07,0.039837408166932167,1.1596669517393954,1.1596669760542198,1.0923417319372801,1.0923417319372801,1.0923417319372801,False,0,0,0,0.041575539642489785,False,False,0,0,False,PITB-80B916173F29877FD683,2019-06-11T15:30:00+08:00
MARKET|2019|ALL_A|09|603086.SH|2019-06-12,COORDINATE_ELIGIBLE_MARKET_SEQUENCE,ALL_A,603086.SH,603086,2019-06-12,2019,9,-3,,28.43,28.430000305175781,False,2843,2843,0,3.0517578153421709e-07,3.0517578153421709e-07,0.03983740816693216,1.1325775141858814,1.1325775263432936,1.0923417319372801,1.0923417319372801,1.0923417319372801,False,0,0,131,0.0076586794974942774,False,False,0,0,False,PITB-80B916173F29877FD683,2019-06-12T15:30:00+08:00
MARKET|2019|ALL_A|09|603086.SH|2019-06-13,COORDINATE_ELIGIBLE_MARKET_SEQUENCE,ALL_A,603086.SH,603086,2019-06-13,2019,9,-2,,29.09,29.090000152587891,False,2909,2909,0,1.5258789076710855e-07,1.5258789076710855e-07,0.03983740816693216,1.1588702035760565,1.1588702096547627,1.0923417319372801,1.0923417319372801,1.0923417319372801,False,0,0,46,0.02990516757199926,False,False,0,0,False,PITB-80B916173F29877FD683,2019-06-13T15:30:00+08:00
MARKET|2019|ALL_A|09|603086.SH|2019-06-14,COORDINATE_ELIGIBLE_MARKET_SEQUENCE,ALL_A,603086.SH,603086,2019-06-14,2019,9,-1,,28.300000000000001,28.299999237060547,False,2830,2830,0,-7.6293945383554274e-07,7.6293945383554274e-07,0.03983740816693216,1.1273986511241803,1.1273986207306497,1.0923417319372801,1.0923417319372801,1.0923417319372801,False,0,0,237,0.0072939042885054543,False,False,0,0,False,PITB-80B916173F29877FD683,2019-06-14T15:30:00+08:00
MARKET|2019|ALL_A|10|600770.SH|2019-06-10,COORDINATE_ELIGIBLE_MARKET_SEQUENCE,ALL_A,600770.SH,600770,2019-06-10,2019,10,-5,,7.2800000000000002,7.2800002098083496,False,728,728,0,2.0980834936068504e-07,2.0980834936068504e-07,0.13106159895150729,0.9541284403669732,0.95412846786479089,0.81913499344692065,0.76146788990825742,0.73918741808650112,False,0,0,3,0.063683367021728082,False,False,0,0,False,PITB-80B916173F29877FD683,2019-06-10T15:30:00+08:00
MARKET|2019|ALL_A|10|600770.SH|2019-06-11,COORDINATE_ELIGIBLE_MARKET_SEQUENCE,ALL_A,600770.SH,600770,2019-06-11,2019,10,-4,,7.4699999999999998,7.4699997901916504,False,747,747,0,-2.0980834936068504e-07,2.0980834936068504e-07,0.13106159895150729,0.97903014416775946,0.97903011666994166,0.81913499344692065,0.77588466579292326,0.73918741808650112,False,0,0,9,0.065878355825269519,False,False,0,0,False,PITB-80B916173F29877FD683,2019-06-11T15:30:00+08:00
MARKET|2019|ALL_A|10|600770.SH|2019-06-12,COORDINATE_ELIGIBLE_MARKET_SEQUENCE,ALL_A,600770.SH,600770,2019-06-12,2019,10,-3,,7.4400000000000004,7.440000057220459,False,744,744,0,5.7220458593576495e-08,5.7220458593576495e-08,0.13106159895150729,0.97509829619921429,0.97509830369861905,0.84534731323722212,0.77588466579292326,0.73918741808650112,False,0,0,25,0.027027001252045404,False,False,0,0,False,PITB-80B916173F29877FD683,2019-06-12T15:30:00+08:00
MARKET|2019|ALL_A|10|600770.SH|2019-06-13,COORDINATE_ELIGIBLE_MARKET_SEQUENCE,ALL_A,600770.SH,600770,2019-06-13,2019,10,-2,,7.2199999999999998,7.2199997901916504,False,722,722,0,-2.0980834936068504e-07,2.0980834936068504e-07,0.13106159895150729,0.94626474442988262,0.94626471693206482,0.84534731323722212,0.78374836173001372,0.73918741808650112,False,0,0,46,0.010033435247414884,False,False,0,0,False,PITB-80B916173F29877FD683,2019-06-13T15:30:00+08:00
MARKET|2019|ALL_A|10|600770.SH|2019-06-14,COORDINATE_ELIGIBLE_MARKET_SEQUENCE,ALL_A,600770.SH,600770,2019-06-14,2019,10,-1,,6.9000000000000004,6.9000000953674316,False,690,690,0,9.5367431285353632e-08,9.5367431285353632e-08,0.13106159895150729,0.90432503276540033,0.90432504526440838,0.84534731323722212,0.7876802096985589,0.73918741808650112,False,0,0,225,0.0049917154423210477,False,False,0,0,False,PITB-80B916173F29877FD683,2019-06-14T15:30:00+08:00
MARKET|2019|CHINEXT_BOARD|01|300423.SZ|2019-06-10,COORDINATE_ELIGIBLE_MARKET_SEQUENCE,CHINEXT_BOARD,300423.SZ,300423,2019-06-10,2019,1,-5,,13.199999999999999,13.199999809265137,False,1320,1320,0,-1.9073486257070726e-07,1.9073486257070726e-07,0.10544236478715741,1.3918392151904777,1.3918391950789428,1.3612609294022024,1.3612609294022024,1.3612609294022024,True,0.0085205119492750524,0.041493775933609957,31,0.030983703991500799,False,False,0,0,False,PITB-80B916173F29877FD683,2019-06-10T15:30:00+08:00
MARKET|2019|CHINEXT_BOARD|01|300423.SZ|2019-06-11,COORDINATE_ELIGIBLE_MARKET_SEQUENCE,CHINEXT_BOARD,300423.SZ,300423,2019-06-11,2019,1,-4,,13.65,13.649999618530273,False,1365,1365,0,-3.8146972691777137e-07,3.8146972691777137e-07,0.10544236478715741,1.4392882793446986,1.4392882391216286,1.3496622692756148,1.3496622692756148,1.3496622692756148,False,0,0,0,0.037499964237213156,False,False,0,0,False,PITB-80B916173F29877FD683,2019-06-11T15:30:00+08:00
MARKET|2019|CHINEXT_BOARD|01|300423.SZ|2019-06-12,COORDINATE_ELIGIBLE_MARKET_SEQUENCE,CHINEXT_BOARD,300423.SZ,300423,2019-06-12,2019,1,-3,,13.48,13.479999542236328,False,1348,1348,0,-4.5776367230132564e-07,4.5776367230132564e-07,0.10544236478715742,1.4213630773308821,1.421363029063198,1.3496622692756148,1.3496622692756148,1.3496622692756148,False,0,0,183,0.0070311874151230665,False,False,0,0,False,PITB-80B916173F29877FD683,2019-06-12T15:30:00+08:00
MARKET|2019|CHINEXT_BOARD|01|300423.SZ|2019-06-13,COORDINATE_ELIGIBLE_MARKET_SEQUENCE,CHINEXT_BOARD,300423.SZ,300423,2019-06-13,2019,1,-2,,13.48,13.479999542236328,False,1348,1348,0,-4.5776367230132564e-07,4.5776367230132564e-07,0.10544236478715742,1.4213630773308821,1.421363029063198,1.3496622692756148,1.3496622692756148,1.3496622692756148,False,0,0,10,0.014062449336052042,False,False,0,0,False,PITB-80B916173F29877FD683,2019-06-13T15:30:00+08:00
MARKET|2019|CHINEXT_BOARD|01|300423.SZ|2019-06-14,COORDINATE_ELIGIBLE_MARKET_SEQUENCE,CHINEXT_BOARD,300423.SZ,300423,2019-06-14,2019,1,-1,,13.19,13.189999580383301,False,1319,1319,0,-4.1961669872137008e-07,4.1961669872137008e-07,0.10544236478715741,1.3907847915426061,1.390784747297229,1.3496622692756148,1.3496622692756148,1.3496622692756148,False,0,0,223,0.0062499940395353889,False,False,0,0,False,PITB-80B916173F29877FD683,2019-06-14T15:30:00+08:00
MARKET|2019|CHINEXT_BOARD|02|300031.SZ|2019-06-10,COORDINATE_ELIGIBLE_MARKET_SEQUENCE,CHINEXT_BOARD,300031.SZ,300031,2019-06-10,2019,2,-5,,11.9,11.899999618530273,False,1190,1190,0,-3.8146972691777137e-07,3.8146972691777137e-07,0.066860052043946835,0.79563461932296742,0.7956345938178816,0.76554759590319144,0.76554759590319144,0.76554759590319144,False,0,0,3,0.028820954035463271,False,False,0,0,False,PITB-80B916173F29877FD683,2019-06-10T15:30:00+08:00
MARKET|2019|CHINEXT_BOARD|02|300031.SZ|2019-06-11,COORDINATE_ELIGIBLE_MARKET_SEQUENCE,CHINEXT_BOARD,300031.SZ,300031,2019-06-11,2019,2,-4,,12.199999999999999,12.199999809265137,False,1220,1220,0,-1.9073486257070726e-07,1.9073486257070726e-07,0.066860052043946835,0.81569263493615141,0.8156926221836085,0.76554759590319144,0.76554759590319144,0.76554759590319144,False,0,0,8,0.034061082065365761,False,False,0,0,False,PITB-80B916173F29877FD683,2019-06-11T15:30:00+08:00
MARKET|2019|CHINEXT_BOARD|02|300031.SZ|2019-06-12,COORDINATE_ELIGIBLE_MARKET_SEQUENCE,CHINEXT_BOARD,300031.SZ,300031,2019-06-12,2019,2,-3,,12.199999999999999,12.199999809265137,False,1220,1220,0,-1.9073486257070726e-07,1.9073486257070726e-07,0.066860052043946835,0.81569263493615141,0.8156926221836085,0.76554759590319144,0.76554759590319144,0.76554759590319144,False,0,0,0,0.005240128029902349,False,False,0,0,False,PITB-80B916173F29877FD683,2019-06-12T15:30:00+08:00
MARKET|2019|CHINEXT_BOARD|02|300031.SZ|2019-06-13,COORDINATE_ELIGIBLE_MARKET_SEQUENCE,CHINEXT_BOARD,300031.SZ,300031,2019-06-13,2019,2,-2,,12.289999999999999,12.289999961853027,False,1229,1229,0,-3.8146971803598717e-08,3.8146971803598717e-08,0.066860052043946835,0.82171003962010658,0.821710037069598,0.76554759590319144,0.76554759590319144,0.76554759590319144,False,0,0,99,0.0052402113202356781,False,False,0,0,False,PITB-80B916173F29877FD683,2019-06-13T15:30:00+08:00
MARKET|2019|CHINEXT_BOARD|02|300031.SZ|2019-06-14,COORDINATE_ELIGIBLE_MARKET_SEQUENCE,CHINEXT_BOARD,300031.SZ,300031,2019-06-14,2019,2,-1,,12.18,12.180000305175781,False,1218,1218,0,3.0517578153421709e-07,3.0517578153421709e-07,0.066860052043946835,0.81435543389527243,0.81435545429934109,0.76554759590319144,0.76554759590319144,0.76554759590319144,False,0,0,223,0.0052402113202358229,False,False,0,0,False,PITB-80B916173F29877FD683,2019-06-14T15:30:00+08:00
MARKET|2019|CHINEXT_BOARD|03|300056.SZ|2019-06-10,COORDINATE_ELIGIBLE_MARKET_SEQUENCE,CHINEXT_BOARD,300056.SZ,300056,2019-06-10,2019,3,-5,,5.9400000000000004,5.940000057220459,False,594,594,0,5.7220458593576495e-08,5.7220458593576495e-08,0.13586956521739116,0.80706521739130355,0.80706522516582235,0.75815217391304268,0.75815217391304268,0.75815217391304268,False,0,0,0,0.062723997245979976,False,False,0,0,False,PITB-80B916173F29877FD683,2019-06-10T15:30:00+08:00
MARKET|2019|CHINEXT_BOARD|03|300056.SZ|2019-06-11,COORDINATE_ELIGIBLE_MARKET_SEQUENCE,CHINEXT_BOARD,300056.SZ,300056,2019-06-11,2019,3,-4,,6.2400000000000002,6.2399997711181641,False,624,624,0,-2.2888183615066282e-07,2.2888183615066282e-07,0.13586956521739113,0.84782608695652073,0.84782605585844517,0.75815217391304268,0.75815217391304268,0.75815217391304268,False,0,0,106,0.0017920702589029171,True,False,0,0,False,PITB-80B916173F29877FD683,2019-06-11T15:30:00+08:00
MARKET|2019|CHINEXT_BOARD|03|300056.SZ|2019-06-12,COORDINATE_ELIGIBLE_MARKET_SEQUENCE,CHINEXT_BOARD,300056.SZ,300056,2019-06-12,2019,3,-3,,6.04,6.0399999618530273,False,604,604,0,-3.8146972691777137e-08,3.8146972691777137e-08,0.13586956521739116,0.82065217391304257,0.82065216873003,0.75815217391304268,0.75815217391304268,0.75815217391304268,False,0,0,236,0.0035842259724935188,False,False,0,0,False,PITB-80B916173F29877FD683,2019-06-12T15:30:00+08:00
MARKET|2019|CHINEXT_BOARD|03|300056.SZ|2019-06-13,COORDINATE_ELIGIBLE_MARKET_SEQUENCE,CHINEXT_BOARD,300056.SZ,300056,2019-06-13,2019,3,-2,,5.8499999999999996,5.8499999046325684,False,585,585,0,-9.5367431285353632e-08,9.5367431285353632e-08,0.13586956521739113,0.79483695652173814,0.79483694356420664,0.75815217391304268,0.75815217391304268,0.75815217391304268,False,0,0,233,0.0053762962313962893,False,False,0,0,False,PITB-80B916173F29877FD683,2019-06-13T15:30:00+08:00
MARKET|2019|CHINEXT_BOARD|03|300056.SZ|2019-06-14,COORDINATE_ELIGIBLE_MARKET_SEQUENCE,CHINEXT_BOARD,300056.SZ,300056,2019-06-14,2019,3,-1,,5.6600000000000001,5.6599998474121094,False,566,566,0,-1.5258789076710855e-07,1.5258789076710855e-07,0.13586956521739116,0.76902173913043392,0.76902171839838362,0.75815217391304268,0.75815217391304268,0.75815217391304268,False,0,0,188,0.0071684519449870376,False,False,0,0,False,PITB-80B916173F29877FD683,2019-06-14T15:30:00+08:00
MARKET|2019|CHINEXT_BOARD|04|300098.SZ|2019-06-10,COORDINATE_ELIGIBLE_MARKET_SEQUENCE,CHINEXT_BOARD,300098.SZ,300098,2019-06-10,2019,4,-5,,8.0600000000000005,8.0600004196166992,False,806,806,0,4.1961669872137008e-07,4.1961669872137008e-07,0.10992691435071543,0.88601092966676642,0.88601097579393528,0.8354445490654373,0.8354445490654373,0.8354445490654373,False,0,0,5,0.03421055643182043,False,False,0,0,False,PITB-80B916173F29877FD683,2019-06-10T15:30:00+08:00
MARKET|2019|CHINEXT_BOARD|04|300098.SZ|2019-06-11,COORDINATE_ELIGIBLE_MARKET_SEQUENCE,CHINEXT_BOARD,300098.SZ,300098,2019-06-11,2019,4,-4,,8.3100000000000005,8.3100004196166992,False,831,831,0,4.1961669872137008e-07,4.1961669872137008e-07,0.10992691435071543,0.91349265825444526,0.91349270438161423,0.8354445490654373,0.8354445490654373,0.8354445490654373,False,0,0,8,0.052631654237446049,False,False,0,0,False,PITB-80B916173F29877FD683,2019-06-11T15:30:00+08:00
MARKET|2019|CHINEXT_BOARD|04|300098.SZ|2019-06-12,COORDINATE_ELIGIBLE_MARKET_SEQUENCE,CHINEXT_BOARD,300098.SZ,300098,2019-06-12,2019,4,-3,,8.1600000000000001,8.1599998474121094,False,816,816,0,-1.5258789076710855e-07,1.5258789076710855e-07,0.10992691435071542,0.89700362110183784,0.89700360432832182,0.8354445490654373,0.8354445490654373,0.8354445490654373,False,0,0,133,0.0039473332856830717,False,False,0,0,False,PITB-80B916173F29877FD683,2019-06-12T15:30:00+08:00
MARKET|2019|CHINEXT_BOARD|04|300098.SZ|2019-06-13,COORDINATE_ELIGIBLE_MARKET_SEQUENCE,CHINEXT_BOARD,300098.SZ,300098,2019-06-13,2019,4,-2,,8.1699999999999999,8.1700000762939453,False,817,817,0,7.6293945383554274e-08,7.6293945383554274e-08,0.10992691435071543,0.89810289024534506,0.89810289863210302,0.8354445490654373,0.8354445490654373,0.8354445490654373,False,0,0,1,0.0078947920548288059,False,False,0,0,False,PITB-80B916173F29877FD683,2019-06-13T15:30:00+08:00
MARKET|2019|CHINEXT_BOARD|04|300098.SZ|2019-06-14,COORDINATE_ELIGIBLE_MARKET_SEQUENCE,CHINEXT_BOARD,300098.SZ,300098,2019-06-14,2019,4,-1,,7.5899999999999999,7.5900001525878906,False,759,759,0,1.5258789076710855e-07,1.5258789076710855e-07,0.10992691435071543,0.83434527992193008,0.8343452966954461,0.8354445490654373,0.8354445490654373,0.8354445490654373,True,0.0026315889860455484,0.024896265560165973,235,0.0013158195897153332,False,False,0,0,False,PITB-80B916173F29877FD683,2019-06-14T15:30:00+08:00
MARKET|2019|CHINEXT_BOARD|05|300599.SZ|2019-06-10,COORDINATE_ELIGIBLE_MARKET_SEQUENCE,CHINEXT_BOARD,300599.SZ,300599,2019-06-10,2019,5,-5,,10.449999999999999,10.449999809265137,False,1045,1045,0,-1.9073486257070726e-07,1.9073486257070726e-07,0.082594859782104249,0.8631162847229894,0.86311626896927007,0.8540308501469579,0.8540308501469579,0.8540308501469579,True,0.0038684535072665278,0,1,0.014506732933295218,False,False,0,0,False,PITB-80B916173F29877FD683,2019-06-10T15:30:00+08:00
MARKET|2019|CHINEXT_BOARD|05|300599.SZ|2019-06-11,COORDINATE_ELIGIBLE_MARKET_SEQUENCE,CHINEXT_BOARD,300599.SZ,300599,2019-06-11,2019,5,-4,,10.800000000000001,10.800000190734863,False,1080,1080,0,1.9073486257070726e-07,1.9073486257070726e-07,0.082594859782104249,0.89202448564672598,0.8920245014004452,0.85072705575567398,0.85072705575567398,0.85072705575567398,False,0,0,2,0.034951515568112879,False,False,0,0,False,PITB-80B916173F29877FD683,2019-06-11T15:30:00+08:00
MARKET|2019|CHINEXT_BOARD|05|300599.SZ|2019-06-12,COORDINATE_ELIGIBLE_MARKET_SEQUENCE,CHINEXT_BOARD,300599.SZ,300599,2019-06-12,2019,5,-3,,10.75,10.75,True,1075,1075,0,0,0,0.082594859782104249,0.88789474265762069,0.88789474265762069,0.85072705575567398,0.85072705575567398,0.85072705575567398,False,0,0,63,0.0058252834579320453,False,False,0,0,False,PITB-80B916173F29877FD683,2019-06-12T15:30:00+08:00
MARKET|2019|CHINEXT_BOARD|05|300599.SZ|2019-06-13,COORDINATE_ELIGIBLE_MARKET_SEQUENCE,CHINEXT_BOARD,300599.SZ,300599,2019-06-13,2019,5,-2,,10.640000000000001,10.640000343322754,False,1064,1064,0,3.4332275333781581e-07,3.4332275333781581e-07,0.083842751903458052,0.8920868802527937,0.8920869090379181,0.85072705575567398,0.85072705575567398,0.85072705575567398,False,0,0,3,0.0088698959479983856,False,False,1,0,False,PITB-80B916173F29877FD683,2019-06-13T15:30:00+08:00
MARKET|2019|CHINEXT_BOARD|05|300599.SZ|2019-06-14,COORDINATE_ELIGIBLE_MARKET_SEQUENCE,CHINEXT_BOARD,300599.SZ,300599,2019-06-14,2019,5,-1,,10.789999999999999,10.789999961853027,False,1079,1079,0,-3.8146971803598717e-08,3.8146971803598717e-08,0.083842751903458052,0.90466329303831228,0.90466328983996525,0.85072705575567398,0.85072705575567398,0.85072705575567398,False,0,0,112,0.024638558082822313,False,False,0,0,False,PITB-80B916173F29877FD683,2019-06-14T15:30:00+08:00
MARKET|2019|CHINEXT_BOARD|06|300339.SZ|2019-06-10,COORDINATE_ELIGIBLE_MARKET_SEQUENCE,CHINEXT_BOARD,300339.SZ,300339,2019-06-10,2019,6,-5,,11.609999999999999,11.609999656677246,False,1161,1161,0,-3.4332275333781581e-07,3.4332275333781581e-07,0.096142177739510323,1.1162106835557148,1.1162106505479177,1.07198528179554,1.0575639551346134,1.0296827235901553,False,0,0,26,0.039090850136496838,False,False,0,0,False,PITB-80B916173F29877FD683,2019-06-10T15:30:00+08:00
MARKET|2019|CHINEXT_BOARD|06|300339.SZ|2019-06-11,COORDINATE_ELIGIBLE_MARKET_SEQUENCE,CHINEXT_BOARD,300339.SZ,300339,2019-06-11,2019,6,-4,,12.029999999999999,12.029999732971191,False,1203,1203,0,-2.6702880795426154e-07,2.6702880795426154e-07,0.096142177739510323,1.156590398206309,1.156590372533578,1.07198528179554,1.07198528179554,1.0296827235901553,False,0,0,23,0.063677133466096103,False,False,0,0,False,PITB-80B916173F29877FD683,2019-06-11T15:30:00+08:00
MARKET|2019|CHINEXT_BOARD|06|300339.SZ|2019-06-12,COORDINATE_ELIGIBLE_MARKET_SEQUENCE,CHINEXT_BOARD,300339.SZ,300339,2019-06-12,2019,6,-3,,13.23,13.229999542236328,False,1323,1323,0,-4.5776367230132564e-07,4.5776367230132564e-07,0.096142177739510309,1.2719610114937214,1.271960967483325,1.07198528179554,1.07198528179554,1.0296827235901553,False,0,0,7,0.04035872728835304,False,False,0,0,False,PITB-80B916173F29877FD683,2019-06-12T15:30:00+08:00
MARKET|2019|CHINEXT_BOARD|06|300339.SZ|2019-06-13,COORDINATE_ELIGIBLE_MARKET_SEQUENCE,CHINEXT_BOARD,300339.SZ,300339,2019-06-13,2019,6,-2,,13.619999999999999,13.619999885559082,False,1362,1362,0,-1.1444091718715299e-07,1.1444091718715299e-07,0.096142177739510309,1.3094564608121304,1.3094564498095314,1.07198528179554,1.07198528179554,1.0296827235901553,False,0,0,1,0.03318384623848266,False,False,0,0,False,PITB-80B916173F29877FD683,2019-06-13T15:30:00+08:00
MARKET|2019|CHINEXT_BOARD|06|300339.SZ|2019-06-14,COORDINATE_ELIGIBLE_MARKET_SEQUENCE,CHINEXT_BOARD,300339.SZ,300339,2019-06-14,2019,6,-1,,13.699999999999999,13.699999809265137,False,1370,1370,0,-1.9073486257070726e-07,1.9073486257070726e-07,0.096142177739510323,1.3171478350312913,1.3171478166936263,1.07198528179554,1.07198528179554,1.0296827235901553,False,0,0,0,0.04035872728835304,False,False,0,0,False,PITB-80B916173F29877FD683,2019-06-14T15:30:00+08:00
MARKET|2019|CHINEXT_BOARD|07|300752.SZ|2019-06-10,COORDINATE_ELIGIBLE_MARKET_SEQUENCE,CHINEXT_BOARD,300752.SZ,300752,2019-06-10,2019,7,-5,,30.48,30.479999542236328,False,3048,3048,0,-4.5776367230132564e-07,4.5776367230132564e-07,0.054289013537656923,1.6547291326277831,1.6547291077762449,1.6372712146422628,1.600665557404326,1.5490848585690515,False,0,0,6,0.031542378683768857,False,False,0,0,False,PITB-80B916173F29877FD683,2019-06-10T15:30:00+08:00
MARKET|2019|CHINEXT_BOARD|07|300752.SZ|2019-06-11,COORDINATE_ELIGIBLE_MARKET_SEQUENCE,CHINEXT_BOARD,300752.SZ,300752,2019-06-11,2019,7,-4,,31.449999999999999,31.450000762939453,False,3145,3145,0,7.6293945383554274e-07,7.6293945383554274e-07,0.054289013537656916,1.70738947575931,1.7073895171785403,1.6042403500377622,1.6042403500377622,1.5490848585690515,False,0,0,0,0.038578724094655473,False,False,0,0,False,PITB-80B916173F29877FD683,2019-06-11T15:30:00+08:00
MARKET|2019|CHINEXT_BOARD|07|300752.SZ|2019-06-12,COORDINATE_ELIGIBLE_MARKET_SEQUENCE,CHINEXT_BOARD,300752.SZ,300752,2019-06-12,2019,7,-3,,31.449999999999999,31.450000762939453,False,3145,3145,0,7.6293945383554274e-07,7.6293945383554274e-07,0.054289013537656916,1.70738947575931,1.7073895171785403,1.6042403500377622,1.6042403500377622,1.5490848585690515,False,0,0,8,0.011844344550582919,False,False,0,0,False,PITB-80B916173F29877FD683,2019-06-12T15:30:00+08:00
MARKET|2019|CHINEXT_BOARD|07|300752.SZ|2019-06-13,COORDINATE_ELIGIBLE_MARKET_SEQUENCE,CHINEXT_BOARD,300752.SZ,300752,2019-06-13,2019,7,-2,,31.399999999999999,31.399999618530273,False,3140,3140,0,-3.8146972514141453e-07,3.8146972514141453e-07,0.054289013537656916,1.7046750250824272,1.7046750043728121,1.6042403500377622,1.6042403500377622,1.5490848585690515,False,0,0,4,0.013197948888271959,False,False,0,0,False,PITB-80B916173F29877FD683,2019-06-13T15:30:00+08:00
MARKET|2019|CHINEXT_BOARD|07|300752.SZ|2019-06-14,COORDINATE_ELIGIBLE_MARKET_SEQUENCE,CHINEXT_BOARD,300752.SZ,300752,2019-06-14,2019,7,-1,,29.190000000000001,29.190000534057617,False,2919,2919,0,5.3405761590852308e-07,5.3405761590852308e-07,0.054289013537656923,1.5846963051642056,1.5846963341576668,1.6042403500377622,1.6042403500377622,1.5490848585690515,True,0.013536391927909598,0.15352697095435686,226,0.0013536688841740262,False,False,0,0,False,PITB-80B916173F29877FD683,2019-06-14T15:30:00+08:00
MARKET|2019|CHINEXT_BOARD|08|300329.SZ|2019-06-10,COORDINATE_ELIGIBLE_MARKET_SEQUENCE,CHINEXT_BOARD,300329.SZ,300329,2019-06-10,2019,8,-5,,7.4000000000000004,7.4000000953674316,False,740,740,0,9.5367431285353632e-08,9.5367431285353632e-08,0.11398406010479183,0.84348204477545952,0.84348205564582657,0.8355031605681239,0.8355031605681239,0.8355031605681239,False,0,0,176,0.0040927980638949552,False,False,0,0,False,PITB-80B916173F29877FD683,2019-06-10T15:30:00+08:00
MARKET|2019|CHINEXT_BOARD|08|300329.SZ|2019-06-11,COORDINATE_ELIGIBLE_MARKET_SEQUENCE,CHINEXT_BOARD,300329.SZ,300329,2019-06-11,2019,8,-4,,7.6500000000000004,7.6500000953674316,False,765,765,0,9.5367431285353632e-08,9.5367431285353632e-08,0.11398406010479181,0.87197805980165743,0.87197807067202437,0.8355031605681239,0.8355031605681239,0.8355031605681239,False,0,0,1,0.036834922363780782,False,False,0,0,False,PITB-80B916173F29877FD683,2019-06-11T15:30:00+08:00
MARKET|2019|CHINEXT_BOARD|08|300329.SZ|2019-06-12,COORDINATE_ELIGIBLE_MARKET_SEQUENCE,CHINEXT_BOARD,300329.SZ,300329,2019-06-12,2019,8,-3,,7.5999999999999996,7.5999999046325684,False,760,760,0,-9.5367431285353632e-08,9.5367431285353632e-08,0.11398406010479183,0.86627885679641781,0.86627884592605087,0.8355031605681239,0.8355031605681239,0.8355031605681239,False,0,0,78,0.0040927330110767015,False,False,0,0,False,PITB-80B916173F29877FD683,2019-06-12T15:30:00+08:00
MARKET|2019|CHINEXT_BOARD|08|300329.SZ|2019-06-13,COORDINATE_ELIGIBLE_MARKET_SEQUENCE,CHINEXT_BOARD,300329.SZ,300329,2019-06-13,2019,8,-2,,7.6500000000000004,7.6500000953674316,False,765,765,0,9.5367431285353632e-08,9.5367431285353632e-08,0.11398406010479183,0.87197805980165755,0.87197807067202449,0.8355031605681239,0.8355031605681239,0.8355031605681239,False,0,0,4,0.0095498187805425488,False,False,0,0,False,PITB-80B916173F29877FD683,2019-06-13T15:30:00+08:00
MARKET|2019|CHINEXT_BOARD|08|300329.SZ|2019-06-14,COORDINATE_ELIGIBLE_MARKET_SEQUENCE,CHINEXT_BOARD,300329.SZ,300329,2019-06-14,2019,8,-1,,7.4100000000000001,7.4099998474121094,False,741,741,0,-1.5258789076710855e-07,1.5258789076710855e-07,0.11398406010479184,0.84462188537650751,0.84462186798392025,0.8355031605681239,0.8355031605681239,0.8355031605681239,False,0,0,237,0.0013642226527527718,False,False,0,0,False,PITB-80B916173F29877FD683,2019-06-14T15:30:00+08:00
MARKET|2019|CHINEXT_BOARD|09|300197.SZ|2019-06-10,COORDINATE_ELIGIBLE_MARKET_SEQUENCE,CHINEXT_BOARD,300197.SZ,300197,2019-06-10,2019,9,-5,,3.1899999999999999,3.190000057220459,False,319,319,0,5.7220459037665705e-08,5.7220459037665705e-08,0.1245283720238648,0.39724550675612869,0.39724551388169932,0.39475493931565137,0.39475493931565137,0.39475493931565137,True,0.0031545470565650675,0.0082987551867219917,3,0.0094637133721674083,False,False,0,0,False,PITB-80B916173F29877FD683,2019-06-10T15:30:00+08:00
MARKET|2019|CHINEXT_BOARD|09|300197.SZ|2019-06-11,COORDINATE_ELIGIBLE_MARKET_SEQUENCE,CHINEXT_BOARD,300197.SZ,300197,2019-06-11,2019,9,-4,,3.3799999999999999,3.380000114440918,False,338,338,0,1.1444091807533141e-07,1.1444091807533141e-07,0.12452837202386477,0.42090589744066292,0.42090591169180414,0.39350965559541279,0.39350965559541279,0.39350965559541279,False,0,0,1,0.060126600386221224,False,False,0,0,False,PITB-80B916173F29877FD683,2019-06-11T15:30:00+08:00
MARKET|2019|CHINEXT_BOARD|09|300197.SZ|2019-06-12,COORDINATE_ELIGIBLE_MARKET_SEQUENCE,CHINEXT_BOARD,300197.SZ,300197,2019-06-12,2019,9,-3,,3.3700000000000001,3.369999885559082,False,337,337,0,-1.1444091807533141e-07,1.1444091807533141e-07,0.12452837202386478,0.41966061372042435,0.41966059946928314,0.39350965559541279,0.39350965559541279,0.39350965559541279,False,0,0,1,0.012658215776274549,False,False,0,0,False,PITB-80B916173F29877FD683,2019-06-12T15:30:00+08:00
MARKET|2019|CHINEXT_BOARD|09|300197.SZ|2019-06-13,COORDINATE_ELIGIBLE_MARKET_SEQUENCE,CHINEXT_BOARD,300197.SZ,300197,2019-06-13,2019,9,-2,,3.3500000000000001,3.3499999046325684,False,335,335,0,-9.5367431729442842e-08,9.5367431729442842e-08,0.1245283720238648,0.41717004627994708,0.41717003440399608,0.39350965559541279,0.39350965559541279,0.39350965559541279,False,0,0,136,0.0094936618322059123,False,False,0,0,False,PITB-80B916173F29877FD683,2019-06-13T15:30:00+08:00
MARKET|2019|CHINEXT_BOARD|09|300197.SZ|2019-06-14,COORDINATE_ELIGIBLE_MARKET_SEQUENCE,CHINEXT_BOARD,300197.SZ,300197,2019-06-14,2019,9,-1,,3.3500000000000001,3.3499999046325684,False,335,335,0,-9.5367431729442842e-08,9.5367431729442842e-08,0.1245283720238648,0.41717004627994708,0.41717003440399608,0.39350965559541279,0.39350965559541279,0.39350965559541279,False,0,0,224,0.0063291078881372743,False,False,0,0,False,PITB-80B916173F29877FD683,2019-06-14T15:30:00+08:00
MARKET|2019|CHINEXT_BOARD|10|300627.SZ|2019-06-10,COORDINATE_ELIGIBLE_MARKET_SEQUENCE,CHINEXT_BOARD,300627.SZ,300627,2019-06-10,2019,10,-5,,19.260000000000002,19.260000228881836,False,1926,1926,0,2.2888183437430598e-07,2.2888183437430598e-07,0.04395271349334999,0.8465292618819209,0.84652927194189853,0.82806912221471385,0.79949985844403637,0.78631404439603125,False,0,0,1,0.014293580477286166,False,False,0,0,False,PITB-80B916173F29877FD683,2019-06-10T15:30:00+08:00
MARKET|2019|CHINEXT_BOARD|10|300627.SZ|2019-06-11,COORDINATE_ELIGIBLE_MARKET_SEQUENCE,CHINEXT_BOARD,300627.SZ,300627,2019-06-11,2019,10,-4,,19.780000000000001,19.780000686645508,False,1978,1978,0,6.8664550667563162e-07,6.8664550667563162e-07,0.04395271349334999,0.86938467289846288,0.8693847030783961,0.82806912221471385,0.82806912221471385,0.78631404439603125,False,0,0,11,0.04564759078299168,False,False,0,0,False,PITB-80B916173F29877FD683,2019-06-11T15:30:00+08:00
MARKET|2019|CHINEXT_BOARD|10|300627.SZ|2019-06-12,COORDINATE_ELIGIBLE_MARKET_SEQUENCE,CHINEXT_BOARD,300627.SZ,300627,2019-06-12,2019,10,-3,,20.280000000000001,20.280000686645508,False,2028,2028,0,6.8664550667563162e-07,6.8664550667563162e-07,0.04395271349334999,0.89136102964513786,0.89136105982507108,0.82806912221471385,0.82806912221471385,0.78631404439603125,False,0,0,1,0.034501142562574694,False,False,0,0,False,PITB-80B916173F29877FD683,2019-06-12T15:30:00+08:00
MARKET|2019|CHINEXT_BOARD|10|300627.SZ|2019-06-13,COORDINATE_ELIGIBLE_MARKET_SEQUENCE,CHINEXT_BOARD,300627.SZ,300627,2019-06-13,2019,10,-2,,20.18,20.180000305175781,False,2018,2018,0,3.0517578153421709e-07,3.0517578153421709e-07,0.04395271349334999,0.88696575829580282,0.88696577170910651,0.82806912221471385,0.82806912221471385,0.78631404439603125,False,0,0,43,0.019108312651356887,False,False,0,0,False,PITB-80B916173F29877FD683,2019-06-13T15:30:00+08:00
MARKET|2019|CHINEXT_BOARD|10|300627.SZ|2019-06-14,COORDINATE_ELIGIBLE_MARKET_SEQUENCE,CHINEXT_BOARD,300627.SZ,300627,2019-06-14,2019,10,-1,,19.300000000000001,19.299999237060547,False,1930,1930,0,-7.6293945383554274e-07,7.6293945383554274e-07,0.043952713493349997,0.84828737042165492,0.84828733688839575,0.82806912221471385,0.82806912221471385,0.78631404439603125,False,0,0,237,0.001061494183388462,False,False,0,0,False,PITB-80B916173F29877FD683,2019-06-14T15:30:00+08:00
MARKET|2019|SH_A|01|600960.SH|2019-06-10,COORDINATE_ELIGIBLE_MARKET_SEQUENCE,SH_A,600960.SH,600960,2019-06-10,2019,1,-5,,3.77,3.7699999809265137,False,377,377,0,-1.9073486345888568e-08,1.9073486345888568e-08,0.13680693923506446,0.51576216091619298,0.51576215830680772,0.50481760577738777,0.50481760577738777,0.50481760577738777,False,0,0,2,0.013550122578938706,False,False,0,0,False,PITB-80B916173F29877FD683,2019-06-10T15:30:00+08:00
MARKET|2019|SH_A|01|600960.SH|2019-06-11,COORDINATE_ELIGIBLE_MARKET_SEQUENCE,SH_A,600960.SH,600960,2019-06-11,2019,1,-4,,3.9300000000000002,3.9300000667572021,False,393,393,0,6.6757201988565384e-08,6.6757201988565384e-08,0.13680693923506446,0.53765127119380329,0.53765128032665177,0.50481760577738777,0.50481760577738777,0.50481760577738777,False,0,0,0,0.043360456864685148,False,False,0,0,False,PITB-80B916173F29877FD683,2019-06-11T15:30:00+08:00
MARKET|2019|SH_A|01|600960.SH|2019-06-12,COORDINATE_ELIGIBLE_MARKET_SEQUENCE,SH_A,600960.SH,600960,2019-06-12,2019,1,-3,,3.8700000000000001,3.869999885559082,False,387,387,0,-1.1444091807533141e-07,1.1444091807533141e-07,0.13680693923506446,0.52944285483969944,0.52944283918338775,0.50481760577738777,0.50481760577738777,0.50481760577738777,False,0,0,236,0.0027100245157877412,False,False,0,0,False,PITB-80B916173F29877FD683,2019-06-12T15:30:00+08:00
MARKET|2019|SH_A|01|600960.SH|2019-06-13,COORDINATE_ELIGIBLE_MARKET_SEQUENCE,SH_A,600960.SH,600960,2019-06-13,2019,1,-2,,3.9500000000000002,3.9500000476837158,False,395,395,0,4.7683715642676816e-08,4.7683715642676816e-08,0.13680693923506443,0.54038740997850454,0.54038741650196775,0.50481760577738777,0.50481760577738777,0.50481760577738777,False,0,0,2,0.029810334285746441,False,False,0,0,False,PITB-80B916173F29877FD683,2019-06-13T15:30:00+08:00
MARKET|2019|SH_A|01|600960.SH|2019-06-14,COORDINATE_ELIGIBLE_MARKET_SEQUENCE,SH_A,600960.SH,600960,2019-06-14,2019,1,-1,,3.8399999999999999,3.8399999141693115,False,384,384,0,-8.5830688334453953e-08,8.5830688334453953e-08,0.13680693923506446,0.52533864666264751,0.52533863492041377,0.50481760577738777,0.50481760577738777,0.50481760577738777,False,0,0,222,0.0081300735473634426,False,False,0,0,False,PITB-80B916173F29877FD683,2019-06-14T15:30:00+08:00
MARKET|2019|SH_A|02|603081.SH|2019-06-10,COORDINATE_ELIGIBLE_MARKET_SEQUENCE,SH_A,603081.SH,603081,2019-06-10,2019,2,-5,,12.220000000000001,12.220000267028809,False,1222,1222,0,2.6702880795426154e-07,2.6702880795426154e-07,0.037939541726054508,0.46362119989238615,0.46362121002333673,0.44882477861922493,0.44882477861922493,0.44882477861922493,False,0,0,0,0.022823369210792283,False,False,0,0,False,PITB-80B916173F29877FD683,2019-06-10T15:30:00+08:00
MARKET|2019|SH_A|02|603081.SH|2019-06-11,COORDINATE_ELIGIBLE_MARKET_SEQUENCE,SH_A,603081.SH,603081,2019-06-11,2019,2,-4,,12.710000000000001,12.710000038146973,False,1271,1271,0,3.8146971803598717e-08,3.8146971803598717e-08,0.037939541726054501,0.48221157533815279,0.48221157678543136,0.45148054654004877,0.44882477861922493,0.44882477861922493,False,0,0,1,0.04818256084735574,False,False,0,0,False,PITB-80B916173F29877FD683,2019-06-11T15:30:00+08:00
MARKET|2019|SH_A|02|603081.SH|2019-06-12,COORDINATE_ELIGIBLE_MARKET_SEQUENCE,SH_A,603081.SH,603081,2019-06-12,2019,2,-3,,13.33,13.329999923706055,False,1333,1333,0,-7.6293945383554274e-08,7.6293945383554274e-08,0.037939541726054508,0.50573409120830659,0.50573408831374933,0.45148054654004877,0.44882477861922493,0.44882477861922493,False,0,0,1,0.057481006354673056,False,False,0,0,False,PITB-80B916173F29877FD683,2019-06-12T15:30:00+08:00
MARKET|2019|SH_A|02|603081.SH|2019-06-13,COORDINATE_ELIGIBLE_MARKET_SEQUENCE,SH_A,603081.SH,603081,2019-06-13,2019,2,-2,,13.1,13.100000381469727,False,1310,1310,0,3.8146972691777137e-07,3.8146972691777137e-07,0.037939541726054508,0.49700799661131406,0.49700801108410064,0.45148054654004877,0.44882477861922493,0.44882477861922493,False,0,0,37,0.0059172145814484524,False,False,0,0,False,PITB-80B916173F29877FD683,2019-06-13T15:30:00+08:00
MARKET|2019|SH_A|02|603081.SH|2019-06-14,COORDINATE_ELIGIBLE_MARKET_SEQUENCE,SH_A,603081.SH,603081,2019-06-14,2019,2,-1,,12.630000000000001,12.630000114440918,False,1263,1263,0,1.1444091718715299e-07,1.1444091718715299e-07,0.038290292497019568,0.48360639423735718,0.48360639861933336,0.45148054654004877,0.44882477861922493,0.44882477861922493,False,0,0,222,0.0017062858699585413,False,False,1,0,False,PITB-80B916173F29877FD683,2019-06-14T15:30:00+08:00
MARKET|2019|SH_A|03|600425.SH|2019-06-10,COORDINATE_ELIGIBLE_MARKET_SEQUENCE,SH_A,600425.SH,600425,2019-06-10,2019,3,-5,,3.6699999999999999,3.6700000762939453,False,367,367,0,7.6293945383554274e-08,7.6293945383554274e-08,0.25380710659898459,0.93147208121827341,0.93147210058221896,0.9238578680203039,0.90101522842639536,0.90101522842639525,False,0,0,25,0.016901459492428203,False,False,0,0,False,PITB-80B916173F29877FD683,2019-06-10T15:30:00+08:00
MARKET|2019|SH_A|03|600425.SH|2019-06-11,COORDINATE_ELIGIBLE_MARKET_SEQUENCE,SH_A,600425.SH,600425,2019-06-11,2019,3,-4,,4.04,4.0399999618530273,False,404,404,0,-3.8146972691777137e-08,3.8146972691777137e-08,0.25380710659898459,1.0253807106598978,1.025380700977925,0.91370558375634459,0.91370558375634459,0.90101522842639525,False,0,0,0,0.10277774598863389,False,False,0,0,False,PITB-80B916173F29877FD683,2019-06-11T15:30:00+08:00
MARKET|2019|SH_A|03|600425.SH|2019-06-12,COORDINATE_ELIGIBLE_MARKET_SEQUENCE,SH_A,600425.SH,600425,2019-06-12,2019,3,-3,,4.1299999999999999,4.130000114440918,False,413,413,0,1.1444091807533141e-07,1.1444091807533141e-07,0.25380710659898459,1.0482233502538063,1.0482233792997246,0.91370558375634459,0.91370558375634459,0.90101522842639525,False,0,0,237,0.0027778413560655213,False,False,0,0,False,PITB-80B916173F29877FD683,2019-06-12T15:30:00+08:00
MARKET|2019|SH_A|03|600425.SH|2019-06-13,COORDINATE_ELIGIBLE_MARKET_SEQUENCE,SH_A,600425.SH,600425,2019-06-13,2019,3,-2,,4.1200000000000001,4.119999885559082,False,412,412,0,-1.1444091807533141e-07,1.1444091807533141e-07,0.25380710659898459,1.0456852791878166,1.0456852501418983,0.91370558375634459,0.91370558375634459,0.90101522842639525,False,0,0,1,0.016666650772094747,False,False,0,0,False,PITB-80B916173F29877FD683,2019-06-13T15:30:00+08:00
MARKET|2019|SH_A|03|600425.SH|2019-06-14,COORDINATE_ELIGIBLE_MARKET_SEQUENCE,SH_A,600425.SH,600425,2019-06-14,2019,3,-1,,4.0700000000000003,4.070000171661377,False,407,407,0,1.7166137666890791e-07,1.7166137666890791e-07,0.25380710659898459,1.0329949238578673,1.0329949674267447,0.91370558375634459,0.91370558375634459,0.90101522842639525,False,0,0,33,0.013888941870795354,False,False,0,0,False,PITB-80B916173F29877FD683,2019-06-14T15:30:00+08:00
MARKET|2019|SH_A|04|603515.SH|2019-06-10,COORDINATE_ELIGIBLE_MARKET_SEQUENCE,SH_A,603515.SH,603515,2019-06-10,2019,4,-5,,33.140000000000001,33.139999389648438,False,3314,3314,0,-6.1035156306843419e-07,6.1035156306843419e-07,0.030501692300635552,1.0108260828430622,1.0108260642263067,0.94555246131970205,0.92054107363318094,0.92054107363318094,False,0,0,22,0.014579146014214294,False,False,0,0,False,PITB-80B916173F29877FD683,2019-06-10T15:30:00+08:00
MARKET|2019|SH_A|04|603515.SH|2019-06-11,COORDINATE_ELIGIBLE_MARKET_SEQUENCE,SH_A,603515.SH,603515,2019-06-11,2019,4,-4,,33.960000000000001,33.959999084472656,False,3396,3396,0,-9.1552734460265128e-07,9.1552734460265128e-07,0.030501692300635548,1.0358374705295832,1.0358374426044499,0.94555246131970205,0.92054107363318094,0.92054107363318094,False,0,0,1,0.038436045308552248,False,False,0,0,False,PITB-80B916173F29877FD683,2019-06-11T15:30:00+08:00
MARKET|2019|SH_A|04|603515.SH|2019-06-12,COORDINATE_ELIGIBLE_MARKET_SEQUENCE,SH_A,603515.SH,603515,2019-06-12,2019,4,-3,,33.479999999999997,33.479999542236328,False,3348,3348,0,-4.5776366874861196e-07,4.5776366874861196e-07,0.030501692300635548,1.0211966582252781,1.0211966442627114,0.96293842593106438,0.92054107363318094,0.92054107363318094,False,0,0,133,0.0019881170739234504,False,False,0,0,False,PITB-80B916173F29877FD683,2019-06-12T15:30:00+08:00
MARKET|2019|SH_A|04|603515.SH|2019-06-13,COORDINATE_ELIGIBLE_MARKET_SEQUENCE,SH_A,603515.SH,603515,2019-06-13,2019,4,-2,,33.049999999999997,33.049999237060547,False,3305,3305,0,-7.6293945028282906e-07,7.6293945028282906e-07,0.030501692300635548,1.0080809305360048,1.0080809072650605,0.96385347670008337,0.92054107363318094,0.92054107363318094,False,0,0,53,0.0066269305148923966,False,False,0,0,False,PITB-80B916173F29877FD683,2019-06-13T15:30:00+08:00
MARKET|2019|SH_A|04|603515.SH|2019-06-14,COORDINATE_ELIGIBLE_MARKET_SEQUENCE,SH_A,603515.SH,603515,2019-06-14,2019,4,-1,,32.609999999999999,32.610000610351562,False,3261,3261,0,6.1035156306843419e-07,6.1035156306843419e-07,0.030501692300635548,0.99466018592372518,0.99466020454048076,0.96385347670008337,0.92054107363318094,0.92054107363318094,False,0,0,209,0.00033141604474715597,False,False,0,0,False,PITB-80B916173F29877FD683,2019-06-14T15:30:00+08:00
MARKET|2019|SH_A|05|603681.SH|2019-06-10,COORDINATE_ELIGIBLE_MARKET_SEQUENCE,SH_A,603681.SH,603681,2019-06-10,2019,5,-5,,23,23,True,2300,2300,0,0,0,0.069444444444444461,1.5972222222222228,1.5972222222222225,1.5625000000000004,1.5388888888888892,1.5388888888888892,False,0,0,0,0.019855619767942947,False,False,0,0,False,PITB-80B916173F29877FD683,2019-06-10T15:30:00+08:00
MARKET|2019|SH_A|05|603681.SH|2019-06-11,COORDINATE_ELIGIBLE_MARKET_SEQUENCE,SH_A,603681.SH,603681,2019-06-11,2019,5,-4,,24.120000000000001,24.120000839233398,False,2412,2412,0,8.3923339744274017e-07,8.3923339744274017e-07,0.069444444444444475,1.6750000000000007,1.6750000582800979,1.5625000000000004,1.5388888888888892,1.5388888888888892,False,0,0,3,0.050541554117030624,False,False,0,0,False,PITB-80B916173F29877FD683,2019-06-11T15:30:00+08:00
MARKET|2019|SH_A|05|603681.SH|2019-06-12,COORDINATE_ELIGIBLE_MARKET_SEQUENCE,SH_A,603681.SH,603681,2019-06-12,2019,5,-3,,23.399999999999999,23.399999618530273,False,2340,2340,0,-3.8146972514141453e-07,3.8146972514141453e-07,0.069444444444444461,1.6250000000000004,1.6249999735090472,1.5625000000000004,1.5388888888888892,1.5388888888888892,False,0,0,141,0.0045126525933993243,False,False,0,0,False,PITB-80B916173F29877FD683,2019-06-12T15:30:00+08:00
MARKET|2019|SH_A|05|603681.SH|2019-06-13,COORDINATE_ELIGIBLE_MARKET_SEQUENCE,SH_A,603681.SH,603681,2019-06-13,2019,5,-2,,23.710000000000001,23.709999084472656,False,2371,2371,0,-9.1552734460265128e-07,9.1552734460265128e-07,0.069444444444444475,1.6465277777777785,1.6465277141994907,1.5625000000000004,1.5388888888888892,1.5388888888888892,False,0,0,1,0.0027075571273638289,False,False,0,0,False,PITB-80B916173F29877FD683,2019-06-13T15:30:00+08:00
MARKET|2019|SH_A|05|603681.SH|2019-06-14,COORDINATE_ELIGIBLE_MARKET_SEQUENCE,SH_A,603681.SH,603681,2019-06-14,2019,5,-1,,22.600000000000001,22.600000381469727,False,2260,2260,0,3.8146972514141453e-07,3.8146972514141453e-07,0.069444444444444475,1.5694444444444451,1.5694444709353983,1.5625000000000004,1.5388888888888892,1.5388888888888892,False,0,0,226,0.0054152003264167836,False,False,0,0,False,PITB-80B916173F29877FD683,2019-06-14T15:30:00+08:00
MARKET|2019|SH_A|06|603331.SH|2019-06-10,COORDINATE_ELIGIBLE_MARKET_SEQUENCE,SH_A,603331.SH,603331,2019-06-10,2019,6,-5,,15.720000000000001,15.720000267028809,False,1572,1572,0,2.6702880795426154e-07,2.6702880795426154e-07,0.05214774477308963,0.81976254783296898,0.81976256175791917,0.80985447632608187,0.80188332105362359,0.78851859903606336,False,0,0,1,0.012356036217050592,False,False,0,0,False,PITB-80B916173F29877FD683,2019-06-10T15:30:00+08:00
MARKET|2019|SH_A|06|603331.SH|2019-06-11,COORDINATE_ELIGIBLE_MARKET_SEQUENCE,SH_A,603331.SH,603331,2019-06-11,2019,6,-4,,16.120000000000001,16.120000839233398,False,1612,1612,0,8.3923339744274017e-07,8.3923339744274017e-07,0.05214774477308963,0.84062164574220488,0.84062168950633387,0.80985447632608187,0.80188332105362359,0.78851859903606336,False,0,0,2,0.0305649251664982,False,False,0,0,False,PITB-80B916173F29877FD683,2019-06-11T15:30:00+08:00
MARKET|2019|SH_A|06|603331.SH|2019-06-12,COORDINATE_ELIGIBLE_MARKET_SEQUENCE,SH_A,603331.SH,603331,2019-06-12,2019,6,-3,,16.18,16.180000305175781,False,1618,1618,0,3.0517578153421709e-07,3.0517578153421709e-07,0.052147744773089637,0.84375051042859028,0.84375052634281911,0.80985447632608187,0.80188332105362359,0.78851859903606336,False,0,0,1,0.0084541757414218887,False,False,0,0,False,PITB-80B916173F29877FD683,2019-06-12T15:30:00+08:00
MARKET|2019|SH_A|06|603331.SH|2019-06-13,COORDINATE_ELIGIBLE_MARKET_SEQUENCE,SH_A,603331.SH,603331,2019-06-13,2019,6,-2,,16.280000000000001,16.280000686645508,False,1628,1628,0,6.8664550667563162e-07,6.8664550667563162e-07,0.05214774477308963,0.84896528490589929,0.84896532071291386,0.80985447632608187,0.80188332105362359,0.78851859903606336,False,0,0,1,0.010405043960282143,False,False,0,0,False,PITB-80B916173F29877FD683,2019-06-13T15:30:00+08:00
MARKET|2019|SH_A|06|603331.SH|2019-06-14,COORDINATE_ELIGIBLE_MARKET_SEQUENCE,SH_A,603331.SH,603331,2019-06-14,2019,6,-1,,16.07,16.069999694824219,False,1607,1607,0,-3.0517578153421709e-07,3.0517578153421709e-07,0.052147744773089637,0.83801425850355049,0.83801424258932167,0.80985447632608187,0.80188332105362359,0.78851859903606336,False,0,0,234,0.013006304950352645,False,False,0,0,False,PITB-80B916173F29877FD683,2019-06-14T15:30:00+08:00
MARKET|2019|SH_A|07|601128.SH|2019-06-10,COORDINATE_ELIGIBLE_MARKET_SEQUENCE,SH_A,601128.SH,601128,2019-06-10,2019,7,-5,,7.1900000000000004,7.190000057220459,False,719,719,0,5.7220458593576495e-08,5.7220458593576495e-08,0.14650006949999655,1.0533354997049753,1.0533355080877764,1.0038588048847936,0.99386305576076328,0.99386305576076328,False,0,0,214,0.017688545189900685,False,False,0,0,False,PITB-80B916173F29877FD683,2019-06-10T15:30:00+08:00
MARKET|2019|SH_A|07|601128.SH|2019-06-11,COORDINATE_ELIGIBLE_MARKET_SEQUENCE,SH_A,601128.SH,601128,2019-06-11,2019,7,-4,,7.3300000000000001,7.3299999237060547,False,733,733,0,-7.6293945383554274e-08,7.6293945383554274e-08,0.14650006949999653,1.0738455094349746,1.0738454982579062,1.0038588048847936,0.99386305576076328,0.99386305576076328,False,0,0,16,0.030954989226341673,False,False,0,0,False,PITB-80B916173F29877FD683,2019-06-11T15:30:00+08:00
MARKET|2019|SH_A|07|601128.SH|2019-06-12,COORDINATE_ELIGIBLE_MARKET_SEQUENCE,SH_A,601128.SH,601128,2019-06-12,2019,7,-3,,7.25,7.25,True,725,725,0,0,0,0.14650006949999653,1.0621255038749748,1.0621255038749748,1.0038588048847936,0.99386305576076328,0.99386305576076328,False,0,0,87,0.0044221714414905333,False,False,0,0,False,PITB-80B916173F29877FD683,2019-06-12T15:30:00+08:00
MARKET|2019|SH_A|07|601128.SH|2019-06-13,COORDINATE_ELIGIBLE_MARKET_SEQUENCE,SH_A,601128.SH,601128,2019-06-13,2019,7,-2,,7.25,7.25,True,725,725,0,0,0,0.14650006949999653,1.0621255038749748,1.0621255038749748,1.0038588048847936,0.99386305576076328,0.99386305576076328,False,0,0,40,0.010318353171457429,False,False,0,0,False,PITB-80B916173F29877FD683,2019-06-13T15:30:00+08:00
MARKET|2019|SH_A|07|601128.SH|2019-06-14,COORDINATE_ELIGIBLE_MARKET_SEQUENCE,SH_A,601128.SH,601128,2019-06-14,2019,7,-1,,7.0899999999999999,7.0900001525878906,False,709,709,0,1.5258789076710855e-07,1.5258789076710855e-07,0.14650006949999655,1.0386854927549756,1.0386855151091121,1.0038588048847936,0.99386305576076328,0.99386305576076328,False,0,0,199,0.0088442725949504555,False,False,0,0,False,PITB-80B916173F29877FD683,2019-06-14T15:30:00+08:00
MARKET|2019|SH_A|08|603527.SH|2019-06-10,COORDINATE_ELIGIBLE_MARKET_SEQUENCE,SH_A,603527.SH,603527,2019-06-10,2019,8,-5,,11,11,True,1100,1100,0,0,0,0.04351213310592919,0.47863346416522112,0.47863346416522112,0.44643448566683347,0.44254464415151351,0.4378458110572408,False,0,0,5,0.038345841655261052,False,False,0,0,False,PITB-80B916173F29877FD683,2019-06-10T15:30:00+08:00
MARKET|2019|SH_A|08|603527.SH|2019-06-11,COORDINATE_ELIGIBLE_MARKET_SEQUENCE,SH_A,603527.SH,603527,2019-06-11,2019,8,-4,,11.300000000000001,11.300000190734863,False,1130,1130,0,1.9073486257070726e-07,1.9073486257070726e-07,0.04351213310592919,0.49168710409699989,0.4916871123962806,0.44904521365318922,0.44643448566683347,0.4378458110572408,False,0,0,21,0.039960998773110004,False,False,0,0,False,PITB-80B916173F29877FD683,2019-06-11T15:30:00+08:00
MARKET|2019|SH_A|08|603527.SH|2019-06-12,COORDINATE_ELIGIBLE_MARKET_SEQUENCE,SH_A,603527.SH,603527,2019-06-12,2019,8,-3,,11.4,11.399999618530273,False,1140,1140,0,-3.8146972691777137e-07,3.8146972691777137e-07,0.04351213310592919,0.4960383174075928,0.49603830080903127,0.45774764027437498,0.44643448566683347,0.4378458110572408,False,0,0,4,0.033138323480855172,False,False,0,0,False,PITB-80B916173F29877FD683,2019-06-12T15:30:00+08:00
MARKET|2019|SH_A|08|603527.SH|2019-06-13,COORDINATE_ELIGIBLE_MARKET_SEQUENCE,SH_A,603527.SH,603527,2019-06-13,2019,8,-2,,11.19,11.189999580383301,False,1119,1119,0,-4.1961669872137008e-07,4.1961669872137008e-07,0.043512133105929197,0.48690076945534766,0.48690075119693005,0.45861788293649364,0.44643448566683347,0.4378458110572408,False,0,0,22,0.017543796442637941,False,False,0,0,False,PITB-80B916173F29877FD683,2019-06-13T15:30:00+08:00
MARKET|2019|SH_A|08|603527.SH|2019-06-14,COORDINATE_ELIGIBLE_MARKET_SEQUENCE,SH_A,603527.SH,603527,2019-06-14,2019,8,-1,,11.35,11.350000381469727,False,1135,1135,0,3.8146972691777137e-07,3.8146972691777137e-07,0.04351213310592919,0.49386271075229632,0.49386272735085784,0.45861788293649364,0.44643448566683347,0.4378458110572408,False,0,0,32,0.024366471734892772,False,False,0,0,False,PITB-80B916173F29877FD683,2019-06-14T15:30:00+08:00
MARKET|2019|SH_A|09|601615.SH|2019-06-10,COORDINATE_ELIGIBLE_MARKET_SEQUENCE,SH_A,601615.SH,601615,2019-06-10,2019,9,-5,,10.23,10.229999542236328,False,1023,1023,0,-4.5776367230132564e-07,4.5776367230132564e-07,0.14619883040935652,1.4956140350877172,1.4956139681632037,1.4649122807017525,1.4649122807017525,1.4649122807017525,False,0,0,5,0.011976036482942286,False,False,0,0,False,PITB-80B916173F29877FD683,2019-06-10T15:30:00+08:00
MARKET|2019|SH_A|09|601615.SH|2019-06-11,COORDINATE_ELIGIBLE_MARKET_SEQUENCE,SH_A,601615.SH,601615,2019-06-11,2019,9,-4,,10.619999999999999,10.619999885559082,False,1062,1062,0,-1.1444091718715299e-07,1.1444091718715299e-07,0.14619883040935652,1.5526315789473661,1.5526315622162379,1.4663742690058457,1.4649122807017525,1.4649122807017525,False,0,0,8,0.041916175278836794,False,False,0,0,False,PITB-80B916173F29877FD683,2019-06-11T15:30:00+08:00
MARKET|2019|SH_A|09|601615.SH|2019-06-12,COORDINATE_ELIGIBLE_MARKET_SEQUENCE,SH_A,601615.SH,601615,2019-06-12,2019,9,-3,,10.44,10.439999580383301,False,1044,1044,0,-4.1961669872137008e-07,4.1961669872137008e-07,0.14619883040935652,1.5263157894736821,1.5263157281262114,1.4663742690058457,1.4649122807017525,1.4649122807017525,False,0,0,144,0.00099793165743702439,False,False,0,0,False,PITB-80B916173F29877FD683,2019-06-12T15:30:00+08:00
MARKET|2019|SH_A|09|601615.SH|2019-06-13,COORDINATE_ELIGIBLE_MARKET_SEQUENCE,SH_A,601615.SH,601615,2019-06-13,2019,9,-2,,10.6,10.600000381469727,False,1060,1060,0,3.8146972691777137e-07,3.8146972691777137e-07,0.14619883040935649,1.5497076023391789,1.5497076581096068,1.4663742690058457,1.4649122807017525,1.4649122807017525,False,0,0,40,0.015968143821000588,False,False,0,0,False,PITB-80B916173F29877FD683,2019-06-13T15:30:00+08:00
MARKET|2019|SH_A|09|601615.SH|2019-06-14,COORDINATE_ELIGIBLE_MARKET_SEQUENCE,SH_A,601615.SH,601615,2019-06-14,2019,9,-1,,10.210000000000001,10.210000038146973,False,1021,1021,0,3.8146971803598717e-08,3.8146971803598717e-08,0.14619883040935649,1.49269005847953,1.4926900640565726,1.4663742690058457,1.4649122807017525,1.4649122807017525,False,0,0,223,0.0029939853264662501,False,False,0,0,False,PITB-80B916173F29877FD683,2019-06-14T15:30:00+08:00
MARKET|2019|SH_A|10|600727.SH|2019-06-10,COORDINATE_ELIGIBLE_MARKET_SEQUENCE,SH_A,600727.SH,600727,2019-06-10,2019,10,-5,,6.3200000000000003,6.320000171661377,False,632,632,0,1.7166137666890791e-07,1.7166137666890791e-07,0.12150668286755763,0.76792223572296425,0.76792225658096869,0.74726609963547963,0.74726609963547963,0.74726609963547963,False,0,0,1,0.024390259409338456,False,False,0,0,False,PITB-80B916173F29877FD683,2019-06-10T15:30:00+08:00
MARKET|2019|SH_A|10|600727.SH|2019-06-11,COORDINATE_ELIGIBLE_MARKET_SEQUENCE,SH_A,600727.SH,600727,2019-06-11,2019,10,-4,,6.5800000000000001,6.5799999237060547,False,658,658,0,-7.6293945383554274e-08,7.6293945383554274e-08,0.12150668286755763,0.79951397326852924,0.79951396399830499,0.74726609963547963,0.74726609963547963,0.74726609963547963,False,0,0,0,0.052032470703124958,False,False,0,0,False,PITB-80B916173F29877FD683,2019-06-11T15:30:00+08:00
MARKET|2019|SH_A|10|600727.SH|2019-06-12,COORDINATE_ELIGIBLE_MARKET_SEQUENCE,SH_A,600727.SH,600727,2019-06-12,2019,10,-3,,6.54,6.5399999618530273,False,654,654,0,-3.8146972691777137e-08,3.8146972691777137e-08,0.12150668286755763,0.79465370595382689,0.79465370131871482,0.74726609963547963,0.74726609963547963,0.74726609963547963,False,0,0,144,0.011382141733557291,False,False,0,0,False,PITB-80B916173F29877FD683,2019-06-12T15:30:00+08:00
MARKET|2019|SH_A|10|600727.SH|2019-06-13,COORDINATE_ELIGIBLE_MARKET_SEQUENCE,SH_A,600727.SH,600727,2019-06-13,2019,10,-2,,6.6799999999999997,6.679999828338623,False,668,668,0,-1.7166137666890791e-07,1.7166137666890791e-07,0.12150668286755763,0.81166464155528495,0.81166462069728051,0.74726609963547963,0.74726609963547963,0.74726609963547963,False,0,0,1,0.02926826477050792,False,False,0,0,False,PITB-80B916173F29877FD683,2019-06-13T15:30:00+08:00
MARKET|2019|SH_A|10|600727.SH|2019-06-14,COORDINATE_ELIGIBLE_MARKET_SEQUENCE,SH_A,600727.SH,600727,2019-06-14,2019,10,-1,,6.4900000000000002,6.4899997711181641,False,649,649,0,-2.2888183615066282e-07,2.2888183615066282e-07,0.12150668286755764,0.7885783718104491,0.78857834399977644,0.74726609963547963,0.74726609963547963,0.74726609963547963,False,0,0,226,0.0065040588378905825,False,False,0,0,False,PITB-80B916173F29877FD683,2019-06-14T15:30:00+08:00
MARKET|2019|SZ_A|01|000045.SZ|2019-06-10,COORDINATE_ELIGIBLE_MARKET_SEQUENCE,SZ_A,000045.SZ,000045,2019-06-10,2019,1,-5,,7.0300000000000002,7.0300002098083496,False,703,703,0,2.0980834936068504e-07,2.0980834936068504e-07,0.10183299389002004,0.71588594704684094,0.71588596841225327,0.64867617107942777,0.64867617107942777,0.64867617107942777,False,0,0,5,0.023547895662077253,False,False,0,0,False,PITB-80B916173F29877FD683,2019-06-10T15:30:00+08:00
MARKET|2019|SZ_A|01|000045.SZ|2019-06-11,COORDINATE_ELIGIBLE_MARKET_SEQUENCE,SZ_A,000045.SZ,000045,2019-06-11,2019,1,-4,,7.1699999999999999,7.1700000762939453,False,717,717,0,7.6293945383554274e-08,7.6293945383554274e-08,0.10183299389002005,0.7301425661914438,0.7301425739606846,0.67006109979633188,0.64867617107942777,0.64867617107942777,False,0,0,8,0.032967038955568684,False,False,0,0,False,PITB-80B916173F29877FD683,2019-06-11T15:30:00+08:00
MARKET|2019|SZ_A|01|000045.SZ|2019-06-12,COORDINATE_ELIGIBLE_MARKET_SEQUENCE,SZ_A,000045.SZ,000045,2019-06-12,2019,1,-3,,7.0700000000000003,7.070000171661377,False,707,707,0,1.7166137666890791e-07,1.7166137666890791e-07,0.10183299389002005,0.71995926680244182,0.71995928428323375,0.68940936863543567,0.64867617107942777,0.64867617107942777,False,0,0,199,0.0031397144311639245,False,False,0,0,False,PITB-80B916173F29877FD683,2019-06-12T15:30:00+08:00
MARKET|2019|SZ_A|01|000045.SZ|2019-06-13,COORDINATE_ELIGIBLE_MARKET_SEQUENCE,SZ_A,000045.SZ,000045,2019-06-13,2019,1,-2,,6.9199999999999999,6.9200000762939453,False,692,692,0,7.6293945383554274e-08,7.6293945383554274e-08,0.10183299389002005,0.7046843177189388,0.70468432548817961,0.68940936863543567,0.64867617107942777,0.64867617107942777,False,0,0,42,0.010989037937421725,False,False,0,0,False,PITB-80B916173F29877FD683,2019-06-13T15:30:00+08:00
MARKET|2019|SZ_A|01|000045.SZ|2019-06-14,COORDINATE_ELIGIBLE_MARKET_SEQUENCE,SZ_A,000045.SZ,000045,2019-06-14,2019,1,-1,,6.6900000000000004,6.690000057220459,False,669,669,0,5.7220458593576495e-08,5.7220458593576495e-08,0.10183299389002004,0.68126272912423413,0.68126273495116474,0.68940936863543567,0.64867617107942777,0.64867617107942777,False,0,0,233,0.0062794288623276781,False,False,0,0,False,PITB-80B916173F29877FD683,2019-06-14T15:30:00+08:00
MARKET|2019|SZ_A|02|300719.SZ|2019-06-10,COORDINATE_ELIGIBLE_MARKET_SEQUENCE,SZ_A,300719.SZ,300719,2019-06-10,2019,2,-5,,10.74,10.739999771118164,False,1074,1074,0,-2.2888183615066282e-07,2.2888183615066282e-07,0.058142907145357289,0.62445482274113728,0.62445480943328191,0.60584909245462293,0.60410480524026222,0.57154477723886221,False,0,0,3,0.0096245840034080883,False,False,0,0,False,PITB-80B916173F29877FD683,2019-06-10T15:30:00+08:00
MARKET|2019|SZ_A|02|300719.SZ|2019-06-11,COORDINATE_ELIGIBLE_MARKET_SEQUENCE,SZ_A,300719.SZ,300719,2019-06-11,2019,2,-4,,11.19,11.189999580383301,False,1119,1119,0,-4.1961669872137008e-07,4.1961669872137008e-07,0.058142907145357282,0.650619130956548,0.65061910655881317,0.60584909245462293,0.60584909245462293,0.57154477723886221,False,0,0,7,0.049903983117980354,False,False,0,0,False,PITB-80B916173F29877FD683,2019-06-11T15:30:00+08:00
MARKET|2019|SZ_A|02|300719.SZ|2019-06-12,COORDINATE_ELIGIBLE_MARKET_SEQUENCE,SZ_A,300719.SZ,300719,2019-06-12,2019,2,-3,,11.32,11.319999694824219,False,1132,1132,0,-3.0517578153421709e-07,3.0517578153421709e-07,0.058142907145357296,0.65817770888544458,0.65817769114163749,0.60584909245462293,0.60584909245462293,0.57154477723886221,False,0,0,1,0.022072892729014183,False,False,0,0,False,PITB-80B916173F29877FD683,2019-06-12T15:30:00+08:00
MARKET|2019|SZ_A|02|300719.SZ|2019-06-13,COORDINATE_ELIGIBLE_MARKET_SEQUENCE,SZ_A,300719.SZ,300719,2019-06-13,2019,2,-2,,11.359999999999999,11.359999656677246,False,1136,1136,0,-3.4332275333781581e-07,3.4332275333781581e-07,0.05919045160080022,0.67240353018509047,0.67240350986366171,0.60584909245462293,0.60584909245462293,0.57154477723886221,False,0,0,20,0.035171369438760369,False,False,1,0,False,PITB-80B916173F29877FD683,2019-06-13T15:30:00+08:00
MARKET|2019|SZ_A|02|300719.SZ|2019-06-14,COORDINATE_ELIGIBLE_MARKET_SEQUENCE,SZ_A,300719.SZ,300719,2019-06-14,2019,2,-1,,11.35,11.350000381469727,False,1135,1135,0,3.8146972691777137e-07,3.8146972691777137e-07,0.05919045160080022,0.67181162566908248,0.67181164824844786,0.60584909245462293,0.60584909245462293,0.57154477723886221,False,0,0,9,0.0039079299376400204,False,False,0,0,False,PITB-80B916173F29877FD683,2019-06-14T15:30:00+08:00
MARKET|2019|SZ_A|03|002745.SZ|2019-06-10,COORDINATE_ELIGIBLE_MARKET_SEQUENCE,SZ_A,002745.SZ,002745,2019-06-10,2019,3,-5,,11.300000000000001,11.300000190734863,False,1130,1130,0,1.9073486257070726e-07,1.9073486257070726e-07,0.044945364666102827,0.507882620726962,0.50788262929960992,0.50383753790701269,0.50383753790701269,0.50383753790701269,False,0,0,34,0.0080285595528893638,False,False,0,0,False,PITB-80B916173F29877FD683,2019-06-10T15:30:00+08:00
MARKET|2019|SZ_A|03|002745.SZ|2019-06-11,COORDINATE_ELIGIBLE_MARKET_SEQUENCE,SZ_A,002745.SZ,002745,2019-06-11,2019,3,-4,,11.630000000000001,11.630000114440918,False,1163,1163,0,1.1444091718715299e-07,1.1444091718715299e-07,0.04494536466610282,0.52271459106677587,0.52271459621036465,0.50383753790701269,0.50383753790701269,0.50383753790701269,True,0.0053523979901631416,0.0041493775933609959,7,0.042818955924232502,False,False,0,0,False,PITB-80B916173F29877FD683,2019-06-11T15:30:00+08:00
MARKET|2019|SZ_A|03|002745.SZ|2019-06-12,COORDINATE_ELIGIBLE_MARKET_SEQUENCE,SZ_A,002745.SZ,002745,2019-06-12,2019,3,-3,,11.609999999999999,11.609999656677246,False,1161,1161,0,-3.4332275333781581e-07,3.4332275333781581e-07,0.044945364666102827,0.52181568377345378,0.52181566834268744,0.50114081602704641,0.50114081602704641,0.50114081602704641,False,0,0,1,0.007174881049870319,False,False,0,0,False,PITB-80B916173F29877FD683,2019-06-12T15:30:00+08:00
MARKET|2019|SZ_A|03|002745.SZ|2019-06-13,COORDINATE_ELIGIBLE_MARKET_SEQUENCE,SZ_A,002745.SZ,002745,2019-06-13,2019,3,-2,,11.85,11.850000381469727,False,1185,1185,0,3.8146972691777137e-07,3.8146972691777137e-07,0.044945364666102827,0.53260257129331845,0.53260258843861452,0.50114081602704641,0.50114081602704641,0.50114081602704641,False,0,0,4,0.025112169205875341,False,False,0,0,False,PITB-80B916173F29877FD683,2019-06-13T15:30:00+08:00
MARKET|2019|SZ_A|03|002745.SZ|2019-06-14,COORDINATE_ELIGIBLE_MARKET_SEQUENCE,SZ_A,002745.SZ,002745,2019-06-14,2019,3,-1,,11.539999999999999,11.539999961853027,False,1154,1154,0,-3.8146971803598717e-08,3.8146971803598717e-08,0.044945364666102827,0.51866950824682656,0.51866950653229704,0.50114081602704641,0.50114081602704641,0.50114081602704641,False,0,0,223,0.0008968815140659854,False,False,0,0,False,PITB-80B916173F29877FD683,2019-06-14T15:30:00+08:00
MARKET|2019|SZ_A|04|000009.SZ|2019-06-10,COORDINATE_ELIGIBLE_MARKET_SEQUENCE,SZ_A,000009.SZ,000009,2019-06-10,2019,4,-5,,5.5099999999999998,5.5100002288818359,False,551,551,0,2.2888183615066282e-07,2.2888183615066282e-07,0.13714462233300315,0.75566686905484726,0.75566690044476026,0.73372372948156683,0.72549505214158638,0.72549505214158638,False,0,0,0,0.026465093255719042,False,False,0,0,False,PITB-80B916173F29877FD683,2019-06-10T15:30:00+08:00
MARKET|2019|SZ_A|04|000009.SZ|2019-06-11,COORDINATE_ELIGIBLE_MARKET_SEQUENCE,SZ_A,000009.SZ,000009,2019-06-11,2019,4,-4,,5.7300000000000004,5.7300000190734863,False,573,573,0,1.9073485901799359e-08,1.9073485901799359e-08,0.13714462233300315,0.78583868596810802,0.78583868858393413,0.73372372948156683,0.73372372948156683,0.72549505214158638,False,0,0,7,0.050467286154488582,False,False,0,0,False,PITB-80B916173F29877FD683,2019-06-11T15:30:00+08:00
MARKET|2019|SZ_A|04|000009.SZ|2019-06-12,COORDINATE_ELIGIBLE_MARKET_SEQUENCE,SZ_A,000009.SZ,000009,2019-06-12,2019,4,-3,,5.71,5.7100000381469727,False,571,571,0,3.8146972691777137e-08,3.8146972691777137e-08,0.13714462233300315,0.78309579352144798,0.78309579875310009,0.73372372948156683,0.73372372948156683,0.72549505214158638,False,0,0,145,0.0074766283837434276,False,False,0,0,False,PITB-80B916173F29877FD683,2019-06-12T15:30:00+08:00
MARKET|2019|SZ_A|04|000009.SZ|2019-06-13,COORDINATE_ELIGIBLE_MARKET_SEQUENCE,SZ_A,000009.SZ,000009,2019-06-13,2019,4,-2,,5.7599999999999998,5.7600002288818359,False,576,576,0,2.2888183615066282e-07,2.2888183615066282e-07,0.13714462233300315,0.78995302463809813,0.78995305602801102,0.73372372948156683,0.73372372948156683,0.72549505214158638,False,0,0,50,0.016822458427643086,False,False,0,0,False,PITB-80B916173F29877FD683,2019-06-13T15:30:00+08:00
MARKET|2019|SZ_A|04|000009.SZ|2019-06-14,COORDINATE_ELIGIBLE_MARKET_SEQUENCE,SZ_A,000009.SZ,000009,2019-06-14,2019,4,-1,,5.6200000000000001,5.619999885559082,False,562,562,0,-1.1444091807533141e-07,1.1444091807533141e-07,0.13714462233300315,0.77075277751147775,0.77075276181652119,0.73372372948156683,0.73372372948156683,0.72549505214158638,False,0,0,230,0.0018691125317154068,False,False,0,0,False,PITB-80B916173F29877FD683,2019-06-14T15:30:00+08:00
MARKET|2019|SZ_A|05|002634.SZ|2019-06-10,COORDINATE_ELIGIBLE_MARKET_SEQUENCE,SZ_A,002634.SZ,002634,2019-06-10,2019,5,-5,,5.4000000000000004,5.4000000953674316,False,540,540,0,9.5367431285353632e-08,9.5367431285353632e-08,0.13935698119174922,0.75252769843544587,0.75252771172556321,0.72744344182093112,0.72744344182093112,0.72744344182093112,False,0,0,0,0.021072822512338128,False,False,0,0,False,PITB-80B916173F29877FD683,2019-06-10T15:30:00+08:00
MARKET|2019|SZ_A|05|002634.SZ|2019-06-11,COORDINATE_ELIGIBLE_MARKET_SEQUENCE,SZ_A,002634.SZ,002634,2019-06-11,2019,5,-4,,5.5800000000000001,5.5799999237060547,False,558,558,0,-7.6293945383554274e-08,7.6293945383554274e-08,0.13935698119174922,0.77761195504996072,0.77761194441786674,0.72744344182093112,0.72744344182093112,0.72744344182093112,False,0,0,1,0.030651311764771913,False,False,0,0,False,PITB-80B916173F29877FD683,2019-06-11T15:30:00+08:00
MARKET|2019|SZ_A|05|002634.SZ|2019-06-12,COORDINATE_ELIGIBLE_MARKET_SEQUENCE,SZ_A,002634.SZ,002634,2019-06-12,2019,5,-3,,5.7000000000000002,5.6999998092651367,False,570,570,0,-1.9073486345888568e-07,1.9073486345888568e-07,0.13935698119174922,0.79433479279297059,0.7943347662127358,0.72744344182093112,0.72744344182093112,0.72744344182093112,False,0,0,4,0.030651311764771913,False,False,0,0,False,PITB-80B916173F29877FD683,2019-06-12T15:30:00+08:00
MARKET|2019|SZ_A|05|002634.SZ|2019-06-13,COORDINATE_ELIGIBLE_MARKET_SEQUENCE,SZ_A,002634.SZ,002634,2019-06-13,2019,5,-2,,5.9800000000000004,5.9800000190734863,False,598,598,0,1.9073485901799359e-08,1.9073485901799359e-08,0.13935698119174925,0.8333547475266605,0.83335475018468397,0.72744344182093112,0.72744344182093112,0.72744344182093112,False,0,0,3,0.061302714877658468,False,False,0,0,False,PITB-80B916173F29877FD683,2019-06-13T15:30:00+08:00
MARKET|2019|SZ_A|05|002634.SZ|2019-06-14,COORDINATE_ELIGIBLE_MARKET_SEQUENCE,SZ_A,002634.SZ,002634,2019-06-14,2019,5,-1,,5.8899999999999997,5.8899998664855957,False,589,589,0,-1.3351440397713077e-07,1.3351440397713077e-07,0.13935698119174925,0.82081261921940296,0.82081260061323869,0.72744344182093112,0.72744344182093112,0.72744344182093112,False,0,0,228,0.022988483823578935,False,False,0,0,False,PITB-80B916173F29877FD683,2019-06-14T15:30:00+08:00
MARKET|2019|SZ_A|06|002548.SZ|2019-06-10,COORDINATE_ELIGIBLE_MARKET_SEQUENCE,SZ_A,002548.SZ,002548,2019-06-10,2019,6,-5,,13.050000000000001,13.050000190734863,False,1305,1305,0,1.9073486257070726e-07,1.9073486257070726e-07,0.092035294805118809,1.2010605972068005,1.2010606147611398,1.0989014199731189,1.0989014199731189,1.0464413019342012,False,0,0,26,0.056951449344705196,False,False,0,0,False,PITB-80B916173F29877FD683,2019-06-10T15:30:00+08:00
MARKET|2019|SZ_A|06|002548.SZ|2019-06-11,COORDINATE_ELIGIBLE_MARKET_SEQUENCE,SZ_A,002548.SZ,002548,2019-06-11,2019,6,-4,,14.359999999999999,14.359999656677246,False,1436,1436,0,-3.4332275333781581e-07,3.4332275333781581e-07,0.092035294805118822,1.3216268334015062,1.3216268018036954,1.1320341261029614,1.0989014199731189,1.0464413019342012,False,0,0,2,0.11809043948175113,False,False,0,0,False,PITB-80B916173F29877FD683,2019-06-11T15:30:00+08:00
MARKET|2019|SZ_A|06|002548.SZ|2019-06-12,COORDINATE_ELIGIBLE_MARKET_SEQUENCE,SZ_A,002548.SZ,002548,2019-06-12,2019,6,-3,,14.289999999999999,14.289999961853027,False,1429,1429,0,-3.8146971803598717e-08,3.8146971803598717e-08,0.092035294805118822,1.3151843627651478,1.31518435925428,1.1375562437912685,1.0989014199731189,1.0547244784666621,False,0,0,0,0.022613023793078182,False,False,0,0,False,PITB-80B916173F29877FD683,2019-06-12T15:30:00+08:00
MARKET|2019|SZ_A|06|002548.SZ|2019-06-13,COORDINATE_ELIGIBLE_MARKET_SEQUENCE,SZ_A,002548.SZ,002548,2019-06-13,2019,6,-2,,14.130000000000001,14.130000114440918,False,1413,1413,0,1.1444091718715299e-07,1.1444091718715299e-07,0.092035294805118822,1.300458715596329,1.3004587261289327,1.1375562437912685,1.0989014199731189,1.0961403611289653,False,0,0,114,0.011725321886327874,False,False,0,0,False,PITB-80B916173F29877FD683,2019-06-13T15:30:00+08:00
MARKET|2019|SZ_A|06|002548.SZ|2019-06-14,COORDINATE_ELIGIBLE_MARKET_SEQUENCE,SZ_A,002548.SZ,002548,2019-06-14,2019,6,-1,,13.09,13.090000152587891,False,1309,1309,0,1.5258789076710855e-07,1.5258789076710855e-07,0.092035294805118822,1.2047420089990053,1.2047420230424768,1.1375562437912685,1.0989014199731189,1.0989014199731189,False,0,0,177,0.0075377012217663786,False,False,0,0,False,PITB-80B916173F29877FD683,2019-06-14T15:30:00+08:00
MARKET|2019|SZ_A|07|002103.SZ|2019-06-10,COORDINATE_ELIGIBLE_MARKET_SEQUENCE,SZ_A,002103.SZ,002103,2019-06-10,2019,7,-5,,4.3499999999999996,4.3499999046325684,False,435,435,0,-9.5367431285353632e-08,9.5367431285353632e-08,0.10628902800246984,0.46235727181074376,0.46235726167423219,0.43578501481012627,0.43578501481012627,0.43578501481012627,False,0,0,0,0.024390220642089913,False,False,0,0,False,PITB-80B916173F29877FD683,2019-06-10T15:30:00+08:00
MARKET|2019|SZ_A|07|002103.SZ|2019-06-11,COORDINATE_ELIGIBLE_MARKET_SEQUENCE,SZ_A,002103.SZ,002103,2019-06-11,2019,7,-4,,4.5899999999999999,4.5900001525878906,False,459,459,0,1.5258789076710855e-07,1.5258789076710855e-07,0.10628902800246984,0.48786663853133655,0.48786665474975516,0.43578501481012627,0.43578501481012627,0.43578501481012627,False,0,0,1,0.058536645842761574,False,False,0,0,False,PITB-80B916173F29877FD683,2019-06-11T15:30:00+08:00
MARKET|2019|SZ_A|07|002103.SZ|2019-06-12,COORDINATE_ELIGIBLE_MARKET_SEQUENCE,SZ_A,002103.SZ,002103,2019-06-12,2019,7,-3,,4.5700000000000003,4.570000171661377,False,457,457,0,1.7166137666890791e-07,1.7166137666890791e-07,0.10628902800246984,0.48574085797128719,0.48574087621700807,0.43578501481012627,0.43578501481012627,0.43578501481012627,False,0,0,145,0.0097560882568360173,False,False,0,0,False,PITB-80B916173F29877FD683,2019-06-12T15:30:00+08:00
MARKET|2019|SZ_A|07|002103.SZ|2019-06-13,COORDINATE_ELIGIBLE_MARKET_SEQUENCE,SZ_A,002103.SZ,002103,2019-06-13,2019,7,-2,,4.5800000000000001,4.5799999237060547,False,458,458,0,-7.6293945383554274e-08,7.6293945383554274e-08,0.10628902800246985,0.4868037482513119,0.48680374014210265,0.43578501481012627,0.43578501481012627,0.43578501481012627,False,0,0,49,0.017073096298589975,False,False,0,0,False,PITB-80B916173F29877FD683,2019-06-13T15:30:00+08:00
MARKET|2019|SZ_A|07|002103.SZ|2019-06-14,COORDINATE_ELIGIBLE_MARKET_SEQUENCE,SZ_A,002103.SZ,002103,2019-06-14,2019,7,-1,,4.3899999999999997,4.3899998664855957,False,439,439,0,-1.3351440397713077e-07,1.3351440397713077e-07,0.10628902800246985,0.4666088329308426,0.46660881873972637,0.43578501481012627,0.43578501481012627,0.43578501481012627,False,0,0,225,0.0048780441284178811,False,False,0,0,False,PITB-80B916173F29877FD683,2019-06-14T15:30:00+08:00
MARKET|2019|SZ_A|08|300145.SZ|2019-06-10,COORDINATE_ELIGIBLE_MARKET_SEQUENCE,SZ_A,300145.SZ,300145,2019-06-10,2019,8,-5,,4.2400000000000002,4.2399997711181641,False,424,424,0,-2.2888183615066282e-07,2.2888183615066282e-07,0.13439379308466837,0.56982968267899392,0.56982965191869572,0.56445393095560725,0.56445393095560725,0.54295092406206025,True,0.026190439860026303,0.65145228215767637,54,0.035714194888160307,False,False,0,0,False,PITB-80B916173F29877FD683,2019-06-10T15:30:00+08:00
MARKET|2019|SZ_A|08|300145.SZ|2019-06-11,COORDINATE_ELIGIBLE_MARKET_SEQUENCE,SZ_A,300145.SZ,300145,2019-06-11,2019,8,-4,,4.4000000000000004,4.4000000953674316,False,440,440,0,9.5367431285353632e-08,9.5367431285353632e-08,0.13439379308466839,0.59133268957254093,0.59133270238933178,0.54967061371629355,0.54967061371629355,0.54295092406206025,False,0,0,14,0.053789796339561886,False,False,0,0,False,PITB-80B916173F29877FD683,2019-06-11T15:30:00+08:00
MARKET|2019|SZ_A|08|300145.SZ|2019-06-12,COORDINATE_ELIGIBLE_MARKET_SEQUENCE,SZ_A,300145.SZ,300145,2019-06-12,2019,8,-3,,4.2800000000000002,4.2800002098083496,False,428,428,0,2.0980834936068504e-07,2.0980834936068504e-07,0.13439379308466837,0.57520543440238059,0.57520546259932048,0.54967061371629355,0.54967061371629355,0.54295092406206025,False,0,0,225,0.0048899708866779667,False,False,0,0,False,PITB-80B916173F29877FD683,2019-06-12T15:30:00+08:00
MARKET|2019|SZ_A|08|300145.SZ|2019-06-13,COORDINATE_ELIGIBLE_MARKET_SEQUENCE,SZ_A,300145.SZ,300145,2019-06-13,2019,8,-2,,4.4000000000000004,4.4000000953674316,False,440,440,0,9.5367431285353632e-08,9.5367431285353632e-08,0.13439379308466839,0.59133268957254093,0.59133270238933178,0.54967061371629355,0.54967061371629355,0.54295092406206025,False,0,0,3,0.044009854566205549,False,False,0,0,False,PITB-80B916173F29877FD683,2019-06-13T15:30:00+08:00
MARKET|2019|SZ_A|08|300145.SZ|2019-06-14,COORDINATE_ELIGIBLE_MARKET_SEQUENCE,SZ_A,300145.SZ,300145,2019-06-14,2019,8,-1,,4.1600000000000001,4.1599998474121094,False,416,416,0,-1.5258789076710855e-07,1.5258789076710855e-07,0.13439379308466837,0.55907817923222047,0.55907815872535505,0.54967061371629355,0.54967061371629355,0.54295092406206025,False,0,0,221,0.0073348980369662376,False,False,0,0,False,PITB-80B916173F29877FD683,2019-06-14T15:30:00+08:00
MARKET|2019|SZ_A|09|002422.SZ|2019-06-10,COORDINATE_ELIGIBLE_MARKET_SEQUENCE,SZ_A,002422.SZ,002422,2019-06-10,2019,9,-5,,26.920000000000002,26.920000076293945,False,2692,2692,0,7.6293943607197434e-08,7.6293943607197434e-08,0.042250076119863145,1.1373720491467159,1.1373720523701409,1.069349426593736,1.069349426593736,1.069349426593736,False,0,0,4,0.046226790845276436,False,False,0,0,False,PITB-80B916173F29877FD683,2019-06-10T15:30:00+08:00
MARKET|2019|SZ_A|09|002422.SZ|2019-06-11,COORDINATE_ELIGIBLE_MARKET_SEQUENCE,SZ_A,002422.SZ,002422,2019-06-11,2019,9,-4,,27.210000000000001,27.209999084472656,False,2721,2721,0,-9.1552734460265128e-07,9.1552734460265128e-07,0.042250076119863138,1.1496245712214761,1.149624532540376,1.069349426593736,1.069349426593736,1.069349426593736,False,0,0,0,0.016989268977761672,False,False,0,0,False,PITB-80B916173F29877FD683,2019-06-11T15:30:00+08:00
MARKET|2019|SZ_A|09|002422.SZ|2019-06-12,COORDINATE_ELIGIBLE_MARKET_SEQUENCE,SZ_A,002422.SZ,002422,2019-06-12,2019,9,-3,,27.02,27.020000457763672,False,2702,2702,0,4.5776367230132564e-07,4.5776367230132564e-07,0.042250076119863138,1.1415970567587019,1.141597076099252,1.069349426593736,1.069349426593736,1.069349426593736,False,0,0,90,0.0094824089734557269,False,False,0,0,False,PITB-80B916173F29877FD683,2019-06-12T15:30:00+08:00
MARKET|2019|SZ_A|09|002422.SZ|2019-06-13,COORDINATE_ELIGIBLE_MARKET_SEQUENCE,SZ_A,002422.SZ,002422,2019-06-13,2019,9,-2,,26.739999999999998,26.739999771118164,False,2674,2674,0,-2.2888183437430598e-07,2.2888183437430598e-07,0.042250076119863145,1.1297670354451403,1.1297670257748655,1.069349426593736,1.069349426593736,1.069349426593736,False,0,0,64,0.018569708153081458,False,False,0,0,False,PITB-80B916173F29877FD683,2019-06-13T15:30:00+08:00
MARKET|2019|SZ_A|09|002422.SZ|2019-06-14,COORDINATE_ELIGIBLE_MARKET_SEQUENCE,SZ_A,002422.SZ,002422,2019-06-14,2019,9,-1,,26.550000000000001,26.549999237060547,False,2655,2655,0,-7.6293945383554274e-07,7.6293945383554274e-07,0.042250076119863138,1.1217395209823664,1.1217394887481162,1.069349426593736,1.069349426593736,1.069349426593736,False,0,0,227,0.0039509472193239711,False,False,0,0,False,PITB-80B916173F29877FD683,2019-06-14T15:30:00+08:00
MARKET|2019|SZ_A|10|300729.SZ|2019-06-10,COORDINATE_ELIGIBLE_MARKET_SEQUENCE,SZ_A,300729.SZ,300729,2019-06-10,2019,10,-5,,22.050000000000001,22.049999237060547,False,2205,2205,0,-7.6293945383554274e-07,7.6293945383554274e-07,0.028766642135709682,0.63430445909239852,0.63430443714519225,0.61905813876047255,0.61905813876047255,0.61905813876047255,False,0,0,4,0.011152405721104316,False,False,0,0,False,PITB-80B916173F29877FD683,2019-06-10T15:30:00+08:00
MARKET|2019|SZ_A|10|300729.SZ|2019-06-11,COORDINATE_ELIGIBLE_MARKET_SEQUENCE,SZ_A,300729.SZ,300729,2019-06-11,2019,10,-4,,22.550000000000001,22.549999237060547,False,2255,2255,0,-7.6293945383554274e-07,7.6293945383554274e-07,0.028766642135709685,0.64868778016025341,0.64868775821304714,0.61905813876047255,0.61905813876047255,0.61905813876047255,False,0,0,10,0.025557585365266988,False,False,0,0,False,PITB-80B916173F29877FD683,2019-06-11T15:30:00+08:00
MARKET|2019|SZ_A|10|300729.SZ|2019-06-12,COORDINATE_ELIGIBLE_MARKET_SEQUENCE,SZ_A,300729.SZ,300729,2019-06-12,2019,10,-3,,22.379999999999999,22.379999160766602,False,2238,2238,0,-8.3923339744274017e-07,8.3923339744274017e-07,0.028766642135709689,0.64379745099718277,0.64379742685525598,0.61905813876047255,0.61905813876047255,0.61905813876047255,False,0,0,70,0.0055761585448310244,False,False,0,0,False,PITB-80B916173F29877FD683,2019-06-12T15:30:00+08:00
MARKET|2019|SZ_A|10|300729.SZ|2019-06-13,COORDINATE_ELIGIBLE_MARKET_SEQUENCE,SZ_A,300729.SZ,300729,2019-06-13,2019,10,-2,,22.440000000000001,22.440000534057617,False,2244,2244,0,5.3405761590852308e-07,5.3405761590852308e-07,0.028766642135709685,0.64552344952532537,0.64552346488836965,0.61905813876047255,0.61905813876047255,0.61905813876047255,False,0,0,3,0.010223105051260358,False,False,0,0,False,PITB-80B916173F29877FD683,2019-06-13T15:30:00+08:00
MARKET|2019|SZ_A|10|300729.SZ|2019-06-14,COORDINATE_ELIGIBLE_MARKET_SEQUENCE,SZ_A,300729.SZ,300729,2019-06-14,2019,10,-1,,21.899999999999999,21.899999618530273,False,2190,2190,0,-3.8146972514141453e-07,3.8146972514141453e-07,0.028766642135709685,0.62998946277204204,0.62998945179843902,0.61905813876047255,0.61905813876047255,0.61905813876047255,False,0,0,204,0.003252773923058535,False,False,0,0,False,PITB-80B916173F29877FD683,2019-06-14T15:30:00+08:00
MARKET|2020|ALL_A|01|603499.SH|2020-06-08,COORDINATE_ELIGIBLE_MARKET_SEQUENCE,ALL_A,603499.SH,603499,2020-06-08,2020,1,-5,,18.66,18.659999847412109,False,1866,1866,0,-1.5258789076710855e-07,1.5258789076710855e-07,0.049339766850710488,0.92068004943425774,0.92068004190560682,0.82644109474940064,0.75489843281587043,0.70555866596515993,False,0,0,1,0.02091501273360907,False,False,0,0,False,PITB-80B916173F29877FD683,2020-06-08T15:30:00+08:00
MARKET|2020|ALL_A|01|603499.SH|2020-06-09,COORDINATE_ELIGIBLE_MARKET_SEQUENCE,ALL_A,603499.SH,603499,2020-06-09,2020,1,-4,,18.600000000000001,18.600000381469727,False,1860,1860,0,3.8146972514141453e-07,3.8146972514141453e-07,0.049339766850710488,0.9177196634232152,0.91771968224484246,0.83680244578805008,0.75539183048437764,0.70555866596515993,False,0,0,25,0.014369772743509191,False,False,0,0,False,PITB-80B916173F29877FD683,2020-06-09T15:30:00+08:00
MARKET|2020|ALL_A|01|603499.SH|2020-06-10,COORDINATE_ELIGIBLE_MARKET_SEQUENCE,ALL_A,603499.SH,603499,2020-06-10,2020,1,-3,,18.52,18.520000457763672,False,1852,1852,0,4.5776367230132564e-07,4.5776367230132564e-07,0.049339766850710488,0.91377248207515827,0.91377250466111104,0.83680244578805008,0.75983240950094155,0.70555866596515993,False,0,0,30,0.012987062528535801,False,False,0,0,False,PITB-80B916173F29877FD683,2020-06-10T15:30:00+08:00
MARKET|2020|ALL_A|01|603499.SH|2020-06-11,COORDINATE_ELIGIBLE_MARKET_SEQUENCE,ALL_A,603499.SH,603499,2020-06-11,2020,1,-2,,18.510000000000002,18.510000228881836,False,1851,1851,0,2.2888183437430598e-07,2.2888183437430598e-07,0.049339766850710488,0.91327908440665118,0.91327909569962751,0.83877603646207832,0.75983240950094155,0.70555866596515993,False,0,0,155,0.0071428967760754367,False,False,0,0,False,PITB-80B916173F29877FD683,2020-06-11T15:30:00+08:00
MARKET|2020|ALL_A|01|603499.SH|2020-06-12,COORDINATE_ELIGIBLE_MARKET_SEQUENCE,ALL_A,603499.SH,603499,2020-06-12,2020,1,-1,,18.52,18.520000457763672,False,1852,1852,0,4.5776367230132564e-07,4.5776367230132564e-07,0.049339766850710481,0.91377248207515815,0.91377250466111093,0.83877603646207832,0.77167395354511215,0.70555866596515993,False,0,0,1,0.017263456378751346,False,False,0,0,False,PITB-80B916173F29877FD683,2020-06-12T15:30:00+08:00
MARKET|2020|ALL_A|02|300218.SZ|2020-06-08,COORDINATE_ELIGIBLE_MARKET_SEQUENCE,ALL_A,300218.SZ,300218,2020-06-08,2020,2,-5,,7.1100000000000003,7.1100001335144043,False,711,711,0,1.3351440397713077e-07,1.3351440397713077e-07,0.11263519488731491,0.80083623564880901,0.80083625068722997,0.77830919667134579,0.76817202913148741,0.76028756548937548,False,0,0,221,0.0014663092202105582,False,False,0,0,False,PITB-80B916173F29877FD683,2020-06-08T15:30:00+08:00
MARKET|2020|ALL_A|02|300218.SZ|2020-06-09,COORDINATE_ELIGIBLE_MARKET_SEQUENCE,ALL_A,300218.SZ,300218,2020-06-09,2020,2,-4,,7.1799999999999997,7.179999828338623,False,718,718,0,-1.7166137666890791e-07,1.7166137666890791e-07,0.11263519488731491,0.80872069929092105,0.80872067995580843,0.78056190056909203,0.76817202913148741,0.76028756548937548,False,0,0,1,0.01173019409179691,False,False,0,0,False,PITB-80B916173F29877FD683,2020-06-09T15:30:00+08:00
MARKET|2020|ALL_A|02|300218.SZ|2020-06-10,COORDINATE_ELIGIBLE_MARKET_SEQUENCE,ALL_A,300218.SZ,300218,2020-06-10,2020,2,-3,,7.1399999999999997,7.1399998664855957,False,714,714,0,-1.3351440397713077e-07,1.3351440397713077e-07,0.1126351948873149,0.80421529149542836,0.80421527645700741,0.78619366031345805,0.76817202913148741,0.76028756548937548,False,0,0,180,0.010263884871586351,False,False,0,0,False,PITB-80B916173F29877FD683,2020-06-10T15:30:00+08:00
MARKET|2020|ALL_A|02|300218.SZ|2020-06-11,COORDINATE_ELIGIBLE_MARKET_SEQUENCE,ALL_A,300218.SZ,300218,2020-06-11,2020,2,-2,,7.0899999999999999,7.0900001525878906,False,709,709,0,1.5258789076710855e-07,1.5258789076710855e-07,0.11263519488731491,0.79858353175106267,0.79858354893782946,0.78619366031345805,0.77718284472247279,0.76028756548937548,False,0,0,202,0.0028985479603642365,False,False,0,0,False,PITB-80B916173F29877FD683,2020-06-11T15:30:00+08:00
MARKET|2020|ALL_A|02|300218.SZ|2020-06-12,COORDINATE_ELIGIBLE_MARKET_SEQUENCE,ALL_A,300218.SZ,300218,2020-06-12,2020,2,-1,,7.1399999999999997,7.1399998664855957,False,714,714,0,-1.3351440397713077e-07,1.3351440397713077e-07,0.1126351948873149,0.80421529149542836,0.80421527645700741,0.78844636421120429,0.77830919667134579,0.76028756548937548,False,0,0,1,0.026049179209641542,False,False,0,0,False,PITB-80B916173F29877FD683,2020-06-12T15:30:00+08:00
MARKET|2020|ALL_A|03|300760.SZ|2020-06-08,COORDINATE_ELIGIBLE_MARKET_SEQUENCE,ALL_A,300760.SZ,300760,2020-06-08,2020,3,-5,,270.94999999999999,270.95001220703125,False,27095,27095,0,1.2207031261368684e-05,1.2207031261368684e-05,0.014408528628303607,3.9039908318388621,3.9039910077242217,3.857451284369442,3.6980112843032957,3.6117577859247376,False,0,0,143,0.0050262488730520392,False,False,0,0,False,PITB-80B916173F29877FD683,2020-06-08T15:30:00+08:00
MARKET|2020|ALL_A|03|300760.SZ|2020-06-09,COORDINATE_ELIGIBLE_MARKET_SEQUENCE,ALL_A,300760.SZ,300760,2020-06-09,2020,3,-4,,272.52999999999997,272.52999877929688,False,27253,27253,0,-1.2207030977151589e-06,1.2207030977151589e-06,0.014408528628303609,3.9267563070715821,3.9267562894830466,3.857451284369442,3.6980112843032957,3.6117577859247376,False,0,0,2,0.021117950334760438,False,False,0,0,False,PITB-80B916173F29877FD683,2020-06-09T15:30:00+08:00
MARKET|2020|ALL_A|03|300760.SZ|2020-06-10,COORDINATE_ELIGIBLE_MARKET_SEQUENCE,ALL_A,300760.SZ,300760,2020-06-10,2020,3,-3,,273.82999999999998,273.82998657226562,False,27383,27383,0,-1.3427734359083843e-05,1.3427734359083843e-05,0.014408528628303609,3.945487394288377,3.9454872008144823,3.8486620819061765,3.7029918574740277,3.6117577859247376,False,0,0,1,0.011167296175826945,False,False,0,0,False,PITB-80B916173F29877FD683,2020-06-10T15:30:00+08:00
MARKET|2020|ALL_A|03|300760.SZ|2020-06-11,COORDINATE_ELIGIBLE_MARKET_SEQUENCE,ALL_A,300760.SZ,300760,2020-06-11,2020,3,-2,,272.69999999999999,272.70001220703125,False,27270,27270,0,1.2207031261368684e-05,1.2207031261368684e-05,0.014408528628303609,3.9292057569383942,3.9292059328237534,3.8486620819061765,3.7029918574740277,3.6117577859247376,False,0,0,190,0.005136215269333686,False,False,0,0,False,PITB-80B916173F29877FD683,2020-06-11T15:30:00+08:00
MARKET|2020|ALL_A|03|300760.SZ|2020-06-12,COORDINATE_ELIGIBLE_MARKET_SEQUENCE,ALL_A,300760.SZ,300760,2020-06-12,2020,3,-1,,277.89999999999998,277.89999389648438,False,27790,27790,0,-6.1035156022626325e-06,6.1035156022626325e-06,0.014408528628303607,4.0041301058055723,4.0041300178628925,3.8486620819061765,3.7029918574740277,3.6117577859247376,False,0,0,1,0.033852068830556768,False,False,0,0,False,PITB-80B916173F29877FD683,2020-06-12T15:30:00+08:00
MARKET|2020|ALL_A|04|002028.SZ|2020-06-08,COORDINATE_ELIGIBLE_MARKET_SEQUENCE,ALL_A,002028.SZ,002028,2020-06-08,2020,4,-5,,18.27,18.270000457763672,False,1827,1827,0,4.5776367230132564e-07,4.5776367230132564e-07,0.06214654085327341,1.1354173013893052,1.1354173298377339,1.0751351567616299,1.0751351567616299,1.0751351567616299,False,0,0,214,0.005780368871082471,False,False,0,0,False,PITB-80B916173F29877FD683,2020-06-08T15:30:00+08:00
MARKET|2020|ALL_A|04|002028.SZ|2020-06-09,COORDINATE_ELIGIBLE_MARKET_SEQUENCE,ALL_A,002028.SZ,002028,2020-06-09,2020,4,-4,,18.280000000000001,18.280000686645508,False,1828,1828,0,6.8664550667563162e-07,6.8664550667563162e-07,0.06248856914635692,1.1422910439954046,1.1422910869028997,1.0751351567616299,1.0751351567616299,1.0751351567616299,False,0,0,5,0.015111627759888559,False,False,1,0,False,PITB-80B916173F29877FD683,2020-06-09T15:30:00+08:00
MARKET|2020|ALL_A|04|002028.SZ|2020-06-10,COORDINATE_ELIGIBLE_MARKET_SEQUENCE,ALL_A,002028.SZ,002028,2020-06-10,2020,4,-3,,18.559999999999999,18.559999465942383,False,1856,1856,0,-5.3405761590852308e-07,5.3405761590852308e-07,0.06248856914635692,1.1597878433563844,1.1597878099838881,1.0751351567616299,1.0751351567616299,1.0751351567616299,False,0,0,6,0.02441107394164416,False,False,0,0,False,PITB-80B916173F29877FD683,2020-06-10T15:30:00+08:00
MARKET|2020|ALL_A|04|002028.SZ|2020-06-11,COORDINATE_ELIGIBLE_MARKET_SEQUENCE,ALL_A,002028.SZ,002028,2020-06-11,2020,4,-2,,18.649999999999999,18.649999618530273,False,1865,1865,0,-3.8146972514141453e-07,3.8146972514141453e-07,0.06248856914635692,1.1654118145795564,1.1654117907420591,1.0751351567616299,1.0751351567616299,1.0751351567616299,False,0,0,1,0.012205481541750666,False,False,0,0,False,PITB-80B916173F29877FD683,2020-06-11T15:30:00+08:00
MARKET|2020|ALL_A|04|002028.SZ|2020-06-12,COORDINATE_ELIGIBLE_MARKET_SEQUENCE,ALL_A,002028.SZ,002028,2020-06-12,2020,4,-1,,18.940000000000001,18.940000534057617,False,1894,1894,0,5.3405761590852308e-07,5.3405761590852308e-07,0.06248856914635692,1.1835334996320002,1.1835335330044965,1.0875644649322846,1.0751351567616299,1.0751351567616299,False,0,0,1,0.05463432946142148,False,False,0,0,False,PITB-80B916173F29877FD683,2020-06-12T15:30:00+08:00
MARKET|2020|ALL_A|05|600694.SH|2020-06-08,COORDINATE_ELIGIBLE_MARKET_SEQUENCE,ALL_A,600694.SH,600694,2020-06-08,2020,5,-5,,24.43,24.430000305175781,False,2443,2443,0,3.0517578153421709e-07,3.0517578153421709e-07,0.030333051641180636,0.74103645159404297,0.74103646085095565,0.70676010323950889,0.67976368727885816,0.66459716145826808,False,0,0,57,0.0075859025566240726,False,False,0,0,False,PITB-80B916173F29877FD683,2020-06-08T15:30:00+08:00
MARKET|2020|ALL_A|05|600694.SH|2020-06-09,COORDINATE_ELIGIBLE_MARKET_SEQUENCE,ALL_A,600694.SH,600694,2020-06-09,2020,5,-4,,24.510000000000002,24.510000228881836,False,2451,2451,0,2.2888183437430598e-07,2.2888183437430598e-07,0.030333051641180636,0.74346309572533742,0.74346310266802196,0.71070339995286225,0.67976368727885816,0.66459716145826808,False,0,0,0,0.0049085502164909998,False,False,0,0,False,PITB-80B916173F29877FD683,2020-06-09T15:30:00+08:00
MARKET|2020|ALL_A|05|600694.SH|2020-06-10,COORDINATE_ELIGIBLE_MARKET_SEQUENCE,ALL_A,600694.SH,600694,2020-06-10,2020,5,-3,,24.68,24.680000305175781,False,2468,2468,0,3.0517578153421709e-07,3.0517578153421709e-07,0.030333051641180636,0.74861971450433806,0.74861972376125085,0.71100673046927421,0.67976368727885816,0.66459716145826808,False,0,0,82,0.008924621282438764,False,False,0,0,False,PITB-80B916173F29877FD683,2020-06-10T15:30:00+08:00
MARKET|2020|ALL_A|05|600694.SH|2020-06-11,COORDINATE_ELIGIBLE_MARKET_SEQUENCE,ALL_A,600694.SH,600694,2020-06-11,2020,5,-2,,24.920000000000002,24.920000076293945,False,2492,2492,0,7.6293943607197434e-08,7.6293943607197434e-08,0.030333051641180633,0.75589964689822142,0.75589964921244956,0.73102654455245364,0.69766018774715466,0.66459716145826808,False,0,0,4,0.018695665442425236,False,False,0,0,False,PITB-80B916173F29877FD683,2020-06-11T15:30:00+08:00
MARKET|2020|ALL_A|05|600694.SH|2020-06-12,COORDINATE_ELIGIBLE_MARKET_SEQUENCE,ALL_A,600694.SH,600694,2020-06-12,2020,5,-1,,24.879999999999999,24.879999160766602,False,2488,2488,0,-8.3923339744274017e-07,8.3923339744274017e-07,0.030333051641180633,0.75468632483257414,0.75468629937606413,0.734969841265807,0.69766018774715466,0.66459716145826808,False,0,0,1,0.01521732496178661,False,False,0,0,False,PITB-80B916173F29877FD683,2020-06-12T15:30:00+08:00
MARKET|2020|ALL_A|06|688099.SH|2020-06-08,COORDINATE_ELIGIBLE_MARKET_SEQUENCE,ALL_A,688099.SH,688099,2020-06-08,2020,6,-5,,58.049999999999997,58.049999237060547,False,5805,5805,0,-7.6293945028282906e-07,7.6293945028282906e-07,0.006975446428571422,0.40492466517857101,0.40492465985672776,0.37458147321428548,0.35595703124999967,0.28892299107142833,False,0,0,184,0.0074466209703162034,False,False,0,0,False,PITB-80B916173F29877FD683,2020-06-08T15:30:00+08:00
MARKET|2020|ALL_A|06|688099.SH|2020-06-09,COORDINATE_ELIGIBLE_MARKET_SEQUENCE,ALL_A,688099.SH,688099,2020-06-09,2020,6,-4,,55.5,55.5,True,5550,5550,0,0,0,0.0069754464285714211,0.38713727678571386,0.38713727678571386,0.37458147321428548,0.35595703124999967,0.28892299107142833,False,0,0,222,0.006662750393648679,False,False,0,0,False,PITB-80B916173F29877FD683,2020-06-09T15:30:00+08:00
MARKET|2020|ALL_A|06|688099.SH|2020-06-10,COORDINATE_ELIGIBLE_MARKET_SEQUENCE,ALL_A,688099.SH,688099,2020-06-10,2020,6,-3,,53.859999999999999,53.860000610351562,False,5386,5386,0,6.1035156306843419e-07,6.1035156306843419e-07,0.0069754464285714203,0.37569754464285671,0.3756975489003313,0.37458147321428548,0.36760602678571391,0.28892299107142833,False,0,0,91,0.0030360502355238355,False,False,0,0,False,PITB-80B916173F29877FD683,2020-06-10T15:30:00+08:00
MARKET|2020|ALL_A|06|688099.SH|2020-06-11,COORDINATE_ELIGIBLE_MARKET_SEQUENCE,ALL_A,688099.SH,688099,2020-06-11,2020,6,-2,,53.539999999999999,53.540000915527344,False,5354,5354,0,9.1552734460265128e-07,9.1552734460265128e-07,0.0069754464285714203,0.37346540178571386,0.37346540817192581,0.37458147321428525,0.36760602678571391,0.28892299107142833,False,0,0,195,0.0096774598905213036,False,False,0,0,False,PITB-80B916173F29877FD683,2020-06-11T15:30:00+08:00
MARKET|2020|ALL_A|06|688099.SH|2020-06-12,COORDINATE_ELIGIBLE_MARKET_SEQUENCE,ALL_A,688099.SH,688099,2020-06-12,2020,6,-1,,53.310000000000002,53.310001373291016,False,5331,5331,0,1.3732910133512632e-06,1.3732910133512632e-06,0.0069754464285714194,0.37186104910714241,0.3718610586864603,0.36990792410714246,0.36990792410714246,0.28892299107142833,True,0.025080128928164473,0.50207468879668049,1,0.030360184996258113,False,False,0,0,False,PITB-80B916173F29877FD683,2020-06-12T15:30:00+08:00
MARKET|2020|ALL_A|07|603050.SH|2020-06-08,COORDINATE_ELIGIBLE_MARKET_SEQUENCE,ALL_A,603050.SH,603050,2020-06-08,2020,7,-5,,12.15,12.149999618530273,False,1215,1215,0,-3.8146972691777137e-07,3.8146972691777137e-07,0.051666150326986932,0.62774372647289123,0.62774370676381896,0.60191065130939769,0.60191065130939769,0.58461520246303267,False,0,0,232,0.003433473120431563,False,False,0,0,False,PITB-80B916173F29877FD683,2020-06-08T15:30:00+08:00
MARKET|2020|ALL_A|07|603050.SH|2020-06-09,COORDINATE_ELIGIBLE_MARKET_SEQUENCE,ALL_A,603050.SH,603050,2020-06-09,2020,7,-4,,12.19,12.189999580383301,False,1219,1219,0,-4.1961669872137008e-07,4.1961669872137008e-07,0.051666150326986938,0.62981037248597072,0.62981035080599135,0.60191065130939769,0.60191065130939769,0.58461520246303267,False,0,0,62,0.0060085574956411916,False,False,0,0,False,PITB-80B916173F29877FD683,2020-06-09T15:30:00+08:00
MARKET|2020|ALL_A|07|603050.SH|2020-06-10,COORDINATE_ELIGIBLE_MARKET_SEQUENCE,ALL_A,603050.SH,603050,2020-06-10,2020,7,-3,,12.06,12.060000419616699,False,1206,1206,0,4.1961669872137008e-07,4.1961669872137008e-07,0.051666150326986938,0.62309377294346247,0.62309379462344194,0.60191065130939769,0.60191065130939769,0.58461520246303267,False,0,0,221,0.0077253349860850595,False,False,0,0,False,PITB-80B916173F29877FD683,2020-06-10T15:30:00+08:00
MARKET|2020|ALL_A|07|603050.SH|2020-06-11,COORDINATE_ELIGIBLE_MARKET_SEQUENCE,ALL_A,603050.SH,603050,2020-06-11,2020,7,-2,,12.15,12.149999618530273,False,1215,1215,0,-3.8146972691777137e-07,3.8146972691777137e-07,0.051666150326986932,0.62774372647289123,0.62774370676381896,0.60191065130939769,0.60191065130939769,0.58461520246303267,False,0,0,3,0.01716736560215763,False,False,0,0,False,PITB-80B916173F29877FD683,2020-06-11T15:30:00+08:00
MARKET|2020|ALL_A|07|603050.SH|2020-06-12,COORDINATE_ELIGIBLE_MARKET_SEQUENCE,ALL_A,603050.SH,603050,2020-06-12,2020,7,-1,,11.98,11.979999542236328,False,1198,1198,0,-4.5776367230132564e-07,4.5776367230132564e-07,0.051666150326986932,0.61896048091730349,0.6189604572664168,0.60191065130939769,0.60191065130939769,0.59480901593230961,False,0,0,1,0.010300419361294689,False,False,0,0,False,PITB-80B916173F29877FD683,2020-06-12T15:30:00+08:00
MARKET|2020|ALL_A|08|688321.SH|2020-06-08,COORDINATE_ELIGIBLE_MARKET_SEQUENCE,ALL_A,688321.SH,688321,2020-06-08,2020,8,-5,,55.189999999999998,55.189998626708984,False,5519,5519,0,-1.3732910133512632e-06,1.3732910133512632e-06,0.010492078480747041,0.57905781135242917,0.57905779694375215,0.5371944182142484,0.53194837897387492,0.47371734340572874,False,0,0,231,0.0011833837986934311,False,False,0,0,False,PITB-80B916173F29877FD683,2020-06-08T15:30:00+08:00
MARKET|2020|ALL_A|08|688321.SH|2020-06-09,COORDINATE_ELIGIBLE_MARKET_SEQUENCE,ALL_A,688321.SH,688321,2020-06-09,2020,8,-4,,55.700000000000003,55.700000762939453,False,5570,5570,0,7.6293945028282906e-07,7.6293945028282906e-07,0.01049207848074704,0.58440877137761016,0.58440877938243074,0.54464379393557882,0.53194837897387492,0.47371734340572874,False,0,0,4,0.021696297609829673,False,False,0,0,False,PITB-80B916173F29877FD683,2020-06-09T15:30:00+08:00
MARKET|2020|ALL_A|08|688321.SH|2020-06-10,COORDINATE_ELIGIBLE_MARKET_SEQUENCE,ALL_A,688321.SH,688321,2020-06-10,2020,8,-3,,55.840000000000003,55.840000152587891,False,5584,5584,0,1.5258788721439487e-07,1.5258788721439487e-07,0.010492078480747041,0.58587766236491479,0.58587766396587893,0.54464379393557882,0.5371944182142484,0.47371734340572874,False,0,0,16,0.01171872019767769,False,False,0,0,False,PITB-80B916173F29877FD683,2020-06-10T15:30:00+08:00
MARKET|2020|ALL_A|08|688321.SH|2020-06-11,COORDINATE_ELIGIBLE_MARKET_SEQUENCE,ALL_A,688321.SH,688321,2020-06-11,2020,8,-2,,55.539999999999999,55.540000915527344,False,5554,5554,0,9.1552734460265128e-07,9.1552734460265128e-07,0.01049207848074704,0.58273003882069052,0.58273004842647536,0.54464379393557882,0.5371944182142484,0.47371734340572874,False,0,0,193,0.0052734464406966868,False,False,0,0,False,PITB-80B916173F29877FD683,2020-06-11T15:30:00+08:00
MARKET|2020|ALL_A|08|688321.SH|2020-06-12,COORDINATE_ELIGIBLE_MARKET_SEQUENCE,ALL_A,688321.SH,688321,2020-06-12,2020,8,-1,,54.850000000000001,54.849998474121094,False,5485,5485,0,-1.5258789076710855e-06,1.5258789076710855e-06,0.01049207848074704,0.57549050466897511,0.57549048865933383,0.55093904102402702,0.5371944182142484,0.48441926345609082,False,0,0,1,0.016601532697677446,False,False,0,0,False,PITB-80B916173F29877FD683,2020-06-12T15:30:00+08:00
MARKET|2020|ALL_A|09|000025.SZ|2020-06-08,COORDINATE_ELIGIBLE_MARKET_SEQUENCE,ALL_A,000025.SZ,000025,2020-06-08,2020,9,-5,,18.129999999999999,18.129999160766602,False,1813,1813,0,-8.3923339744274017e-07,8.3923339744274017e-07,0.037439974531704258,0.67878673825979818,0.67878670683892117,0.64842864502833786,0.64842864502833786,0.64021123132406166,False,0,0,0,0.01385747743745387,False,False,0,0,False,PITB-80B916173F29877FD683,2020-06-08T15:30:00+08:00
MARKET|2020|ALL_A|09|000025.SZ|2020-06-09,COORDINATE_ELIGIBLE_MARKET_SEQUENCE,ALL_A,000025.SZ,000025,2020-06-09,2020,9,-4,,18.050000000000001,18.049999237060547,False,1805,1805,0,-7.6293945383554274e-07,7.6293945383554274e-07,0.037439974531704258,0.67579154029726185,0.67579151173282814,0.65403142709943529,0.64842864502833786,0.64021123132406166,False,0,0,55,0.0069286836540063011,False,False,0,0,False,PITB-80B916173F29877FD683,2020-06-09T15:30:00+08:00
MARKET|2020|ALL_A|09|000025.SZ|2020-06-10,COORDINATE_ELIGIBLE_MARKET_SEQUENCE,ALL_A,000025.SZ,000025,2020-06-10,2020,9,-3,,17.940000000000001,17.940000534057617,False,1794,1794,0,5.3405761590852308e-07,5.3405761590852308e-07,0.037439974531704258,0.67167314309877446,0.67167316309387792,0.65407635506887329,0.64842864502833786,0.64021123132406166,False,0,0,80,0.0034644519564440762,False,False,0,0,False,PITB-80B916173F29877FD683,2020-06-10T15:30:00+08:00
MARKET|2020|ALL_A|09|000025.SZ|2020-06-11,COORDINATE_ELIGIBLE_MARKET_SEQUENCE,ALL_A,000025.SZ,000025,2020-06-11,2020,9,-2,,17.829999999999998,17.829999923706055,False,1783,1783,0,-7.6293943607197434e-08,7.6293943607197434e-08,0.037439974531704258,0.66755474590028685,0.66755474304384355,0.65407635506887329,0.64842864502833786,0.64021123132406166,False,0,0,193,0.0063513851240399669,False,False,0,0,False,PITB-80B916173F29877FD683,2020-06-11T15:30:00+08:00
MARKET|2020|ALL_A|09|000025.SZ|2020-06-12,COORDINATE_ELIGIBLE_MARKET_SEQUENCE,ALL_A,000025.SZ,000025,2020-06-12,2020,9,-1,,17.850000000000001,17.850000381469727,False,1785,1785,0,3.8146972514141453e-07,3.8146972514141453e-07,0.037439974531704265,0.66830354539092118,0.66830355967313793,0.65782035252204385,0.64842864502833786,0.64021123132406166,False,0,0,1,0.019631453902086406,False,False,0,0,False,PITB-80B916173F29877FD683,2020-06-12T15:30:00+08:00
MARKET|2020|ALL_A|10|002316.SZ|2020-06-08,COORDINATE_ELIGIBLE_MARKET_SEQUENCE,ALL_A,002316.SZ,002316,2020-06-08,2020,10,-5,,5.9500000000000002,5.9499998092651367,False,595,595,0,-1.9073486345888568e-07,1.9073486345888568e-07,0.086668100274340257,0.51567519663232453,0.51567518010169622,0.48447468053356219,0.48447468053356219,0.48447468053356219,False,0,0,230,0,False,False,0,0,False,PITB-80B916173F29877FD683,2020-06-08T15:30:00+08:00
MARKET|2020|ALL_A|10|002316.SZ|2020-06-09,COORDINATE_ELIGIBLE_MARKET_SEQUENCE,ALL_A,002316.SZ,002316,2020-06-09,2020,10,-4,,6.0300000000000002,6.0300002098083496,False,603,603,0,2.0980834936068504e-07,2.0980834936068504e-07,0.086668100274340243,0.5226086446542717,0.5226086628379627,0.48794140454453566,0.48447468053356219,0.48447468053356219,False,0,0,5,0.026833648545157587,False,False,0,0,False,PITB-80B916173F29877FD683,2020-06-09T15:30:00+08:00
MARKET|2020|ALL_A|10|002316.SZ|2020-06-10,COORDINATE_ELIGIBLE_MARKET_SEQUENCE,ALL_A,002316.SZ,002316,2020-06-10,2020,10,-3,,5.9100000000000001,5.9099998474121094,False,591,591,0,-1.5258789076710855e-07,1.5258789076710855e-07,0.086668100274340243,0.51220847262135083,0.51220845939684823,0.48794140454453566,0.48447468053356219,0.48447468053356219,False,0,0,78,0.0071556282384664964,False,False,0,0,False,PITB-80B916173F29877FD683,2020-06-10T15:30:00+08:00
MARKET|2020|ALL_A|10|002316.SZ|2020-06-11,COORDINATE_ELIGIBLE_MARKET_SEQUENCE,ALL_A,002316.SZ,002316,2020-06-11,2020,10,-2,,5.9199999999999999,5.9200000762939453,False,592,592,0,7.6293945383554274e-08,7.6293945383554274e-08,0.086668100274340257,0.51307515362409428,0.51307516023634558,0.48794140454453566,0.48447468053356219,0.48447468053356219,False,0,0,1,0.010733442357699515,False,False,0,0,False,PITB-80B916173F29877FD683,2020-06-11T15:30:00+08:00
MARKET|2020|ALL_A|10|002316.SZ|2020-06-12,COORDINATE_ELIGIBLE_MARKET_SEQUENCE,ALL_A,002316.SZ,002316,2020-06-12,2020,10,-1,,5.8700000000000001,5.869999885559082,False,587,587,0,-1.1444091807533141e-07,1.1444091807533141e-07,0.086668100274340243,0.50874174861037724,0.50874173869200023,0.49400817156373961,0.48447468053356219,0.48447468053356219,False,0,0,1,0.026833648545157587,False,False,0,0,False,PITB-80B916173F29877FD683,2020-06-12T15:30:00+08:00
MARKET|2020|CHINEXT_BOARD|01|300183.SZ|2020-06-08,COORDINATE_ELIGIBLE_MARKET_SEQUENCE,CHINEXT_BOARD,300183.SZ,300183,2020-06-08,2020,1,-5,,14.82,14.819999694824219,False,1482,1482,0,-3.0517578153421709e-07,3.0517578153421709e-07,0.054342126233125738,0.80535031077492347,0.80535029419102266,0.75589897590277899,0.75589897590277899,0.71825695926043709,False,0,0,180,0.0043134051719902113,False,False,0,0,False,PITB-80B916173F29877FD683,2020-06-08T15:30:00+08:00
MARKET|2020|CHINEXT_BOARD|01|300183.SZ|2020-06-09,COORDINATE_ELIGIBLE_MARKET_SEQUENCE,CHINEXT_BOARD,300183.SZ,300183,2020-06-09,2020,1,-4,,14.949999999999999,14.949999809265137,False,1495,1495,0,-1.9073486257070726e-07,1.9073486257070726e-07,0.054342126233125745,0.81241478718522986,0.81241477682029184,0.75589897590277899,0.75589897590277899,0.71825695926043709,False,0,0,5,0.015815978938088324,False,False,0,0,False,PITB-80B916173F29877FD683,2020-06-09T15:30:00+08:00
MARKET|2020|CHINEXT_BOARD|01|300183.SZ|2020-06-10,COORDINATE_ELIGIBLE_MARKET_SEQUENCE,CHINEXT_BOARD,300183.SZ,300183,2020-06-10,2020,1,-3,,14.41,14.409999847412109,False,1441,1441,0,-1.5258789076710855e-07,1.5258789076710855e-07,0.054342126233125745,0.78307003901934202,0.78307003072739156,0.75589897590277899,0.75589897590277899,0.71825695926043709,False,0,0,187,0.010064657774869729,False,False,0,0,False,PITB-80B916173F29877FD683,2020-06-10T15:30:00+08:00
MARKET|2020|CHINEXT_BOARD|01|300183.SZ|2020-06-11,COORDINATE_ELIGIBLE_MARKET_SEQUENCE,CHINEXT_BOARD,300183.SZ,300183,2020-06-11,2020,1,-2,,14.33,14.329999923706055,False,1433,1433,0,-7.6293945383554274e-08,7.6293945383554274e-08,0.054342126233125745,0.77872266892069197,0.77872266477471674,0.75589897590277899,0.75589897590277899,0.71825695926043709,False,0,0,193,0.0043134051719902113,False,False,0,0,False,PITB-80B916173F29877FD683,2020-06-11T15:30:00+08:00
MARKET|2020|CHINEXT_BOARD|01|300183.SZ|2020-06-12,COORDINATE_ELIGIBLE_MARKET_SEQUENCE,CHINEXT_BOARD,300183.SZ,300183,2020-06-12,2020,1,-1,,14.550000000000001,14.550000190734863,False,1455,1455,0,1.9073486257070726e-07,1.9073486257070726e-07,0.054342126233125745,0.79067793669197961,0.79067794705691763,0.76078976726376024,0.75589897590277899,0.71825695926043709,False,0,0,1,0.043853386797380559,False,False,0,0,False,PITB-80B916173F29877FD683,2020-06-12T15:30:00+08:00
MARKET|2020|CHINEXT_BOARD|02|300125.SZ|2020-06-08,COORDINATE_ELIGIBLE_MARKET_SEQUENCE,CHINEXT_BOARD,300125.SZ,300125,2020-06-08,2020,2,-5,,11.9,11.899999618530273,False,1190,1190,0,-3.8146972691777137e-07,3.8146972691777137e-07,0.084158933085501847,1.001491303717472,1.0014912716133868,0.95099594386617103,0.95099594386617103,0.95099594386617103,False,0,0,52,0.0088495068845496159,False,False,0,0,False,PITB-80B916173F29877FD683,2020-06-08T15:30:00+08:00
MARKET|2020|CHINEXT_BOARD|02|300125.SZ|2020-06-09,COORDINATE_ELIGIBLE_MARKET_SEQUENCE,CHINEXT_BOARD,300125.SZ,300125,2020-06-09,2020,2,-4,,11.85,11.850000381469727,False,1185,1185,0,3.8146972691777137e-07,3.8146972691777137e-07,0.084158933085501847,0.99728335706319693,0.9972833891672821,0.95099594386617103,0.95099594386617103,0.95099594386617103,False,0,0,1,0.010619543294991082,False,False,0,0,False,PITB-80B916173F29877FD683,2020-06-09T15:30:00+08:00
MARKET|2020|CHINEXT_BOARD|02|300125.SZ|2020-06-10,COORDINATE_ELIGIBLE_MARKET_SEQUENCE,CHINEXT_BOARD,300125.SZ,300125,2020-06-10,2020,2,-3,,11.869999999999999,11.869999885559082,False,1187,1187,0,-1.1444091718715299e-07,1.1444091718715299e-07,0.084158933085501847,0.9989665357249069,0.99896652609368142,0.95099594386617103,0.95099594386617103,0.95099594386617103,False,0,0,17,0.015044254539287261,False,False,0,0,False,PITB-80B916173F29877FD683,2020-06-10T15:30:00+08:00
MARKET|2020|CHINEXT_BOARD|02|300125.SZ|2020-06-11,COORDINATE_ELIGIBLE_MARKET_SEQUENCE,CHINEXT_BOARD,300125.SZ,300125,2020-06-11,2020,2,-2,,11.74,11.739999771118164,False,1174,1174,0,-2.2888183615066282e-07,2.2888183615066282e-07,0.084158933085501847,0.98802587442379175,0.98802585516134056,0.95099594386617103,0.95099594386617103,0.95099594386617103,False,0,0,231,0.0070796392660225499,False,False,0,0,False,PITB-80B916173F29877FD683,2020-06-11T15:30:00+08:00
MARKET|2020|CHINEXT_BOARD|02|300125.SZ|2020-06-12,COORDINATE_ELIGIBLE_MARKET_SEQUENCE,CHINEXT_BOARD,300125.SZ,300125,2020-06-12,2020,2,-1,,11.710000000000001,11.710000038146973,False,1171,1171,0,3.8146971803598717e-08,3.8146971803598717e-08,0.084158933085501847,0.98550110643122668,0.98550110964163518,0.97035249847583638,0.95099594386617103,0.95099594386617103,False,0,0,1,0.023008869812551857,False,False,0,0,False,PITB-80B916173F29877FD683,2020-06-12T15:30:00+08:00
MARKET|2020|CHINEXT_BOARD|03|300699.SZ|2020-06-08,COORDINATE_ELIGIBLE_MARKET_SEQUENCE,CHINEXT_BOARD,300699.SZ,300699,2020-06-08,2020,3,-5,,57.810000000000002,57.810001373291016,False,5781,5781,0,1.3732910133512632e-06,1.3732910133512632e-06,0.021734140687774038,1.2564506731602172,1.2564507030075174,1.249930430953885,1.1907104991623525,1.0366464371100395,False,0,0,169,0.0023729206267730286,False,False,0,0,False,PITB-80B916173F29877FD683,2020-06-08T15:30:00+08:00
MARKET|2020|CHINEXT_BOARD|03|300699.SZ|2020-06-09,COORDINATE_ELIGIBLE_MARKET_SEQUENCE,CHINEXT_BOARD,300699.SZ,300699,2020-06-09,2020,3,-4,,58.740000000000002,58.740001678466797,False,5874,5874,0,1.6784667948854803e-06,1.6784667948854803e-06,0.021734140687774038,1.2766634239998471,1.2766634604798806,1.249930430953885,1.196528302904188,1.0366464371100395,False,0,0,2,0.01761942692613638,False,False,0,0,False,PITB-80B916173F29877FD683,2020-06-09T15:30:00+08:00
MARKET|2020|CHINEXT_BOARD|03|300699.SZ|2020-06-10,COORDINATE_ELIGIBLE_MARKET_SEQUENCE,CHINEXT_BOARD,300699.SZ,300699,2020-06-10,2020,3,-3,,58.700000000000003,58.700000762939453,False,5870,5870,0,7.6293945028282906e-07,7.6293945028282906e-07,0.021734140687774035,1.2757940583723359,1.2757940749541692,1.249930430953885,1.2325124964185046,1.0366464371100395,False,0,0,78,0.01234382215797764,False,False,0,0,False,PITB-80B916173F29877FD683,2020-06-10T15:30:00+08:00
MARKET|2020|CHINEXT_BOARD|03|300699.SZ|2020-06-11,COORDINATE_ELIGIBLE_MARKET_SEQUENCE,CHINEXT_BOARD,300699.SZ,300699,2020-06-11,2020,3,-2,,59.549999999999997,59.549999237060547,False,5955,5955,0,-7.6293945028282906e-07,7.6293945028282906e-07,0.021734140687774038,1.294268077956944,1.2942680613751105,1.249930430953885,1.2375419707618538,1.0366464371100395,False,0,0,0,0.016157326465495499,False,False,0,0,False,PITB-80B916173F29877FD683,2020-06-11T15:30:00+08:00
MARKET|2020|CHINEXT_BOARD|03|300699.SZ|2020-06-12,COORDINATE_ELIGIBLE_MARKET_SEQUENCE,CHINEXT_BOARD,300699.SZ,300699,2020-06-12,2020,3,-1,,60.200000000000003,60.200000762939453,False,6020,6020,0,7.6293945028282906e-07,7.6293945028282906e-07,0.021734140687774038,1.3083952694039971,1.3083952859858305,1.249930430953885,1.2375419707618538,1.0398785502999481,False,0,0,1,0.02757287837766462,False,False,0,0,False,PITB-80B916173F29877FD683,2020-06-12T15:30:00+08:00
MARKET|2020|CHINEXT_BOARD|04|300334.SZ|2020-06-08,COORDINATE_ELIGIBLE_MARKET_SEQUENCE,CHINEXT_BOARD,300334.SZ,300334,2020-06-08,2020,4,-5,,7.0700000000000003,7.070000171661377,False,707,707,0,1.7166137666890791e-07,1.7166137666890791e-07,0.069444444444444378,0.49097222222222175,0.49097223414315072,0.47777777777777736,0.47777777777777736,0.47777777777777736,False,0,0,217,0.024709313414817604,False,False,0,0,False,PITB-80B916173F29877FD683,2020-06-08T15:30:00+08:00
MARKET|2020|CHINEXT_BOARD|04|300334.SZ|2020-06-09,COORDINATE_ELIGIBLE_MARKET_SEQUENCE,CHINEXT_BOARD,300334.SZ,300334,2020-06-09,2020,4,-4,,6.75,6.75,True,675,675,0,0,0,0.069444444444444392,0.46874999999999961,0.46874999999999967,0.47777777777777736,0.47777777777777736,0.47777777777777736,True,0.024709296780963192,0.76763485477178428,231,0.0058139479437540565,False,False,0,0,False,PITB-80B916173F29877FD683,2020-06-09T15:30:00+08:00
MARKET|2020|CHINEXT_BOARD|04|300334.SZ|2020-06-10,COORDINATE_ELIGIBLE_MARKET_SEQUENCE,CHINEXT_BOARD,300334.SZ,300334,2020-06-10,2020,4,-3,,6.6299999999999999,6.630000114440918,False,663,663,0,1.1444091807533141e-07,1.1444091807533141e-07,0.069444444444444378,0.46041666666666625,0.46041667461395219,0.46597222222222184,0.46597222222222184,0.46597222222222184,True,0.016393456835682989,0.7385892116182573,219,0.0044709701651788093,False,False,0,0,False,PITB-80B916173F29877FD683,2020-06-10T15:30:00+08:00
MARKET|2020|CHINEXT_BOARD|04|300334.SZ|2020-06-11,COORDINATE_ELIGIBLE_MARKET_SEQUENCE,CHINEXT_BOARD,300334.SZ,300334,2020-06-11,2020,4,-2,,6.6799999999999997,6.679999828338623,False,668,668,0,-1.7166137666890791e-07,1.7166137666890791e-07,0.069444444444444378,0.46388888888888846,0.4638888769679595,0.45833333333333293,0.45833333333333293,0.45833333333333293,True,0.0045454285361550915,0.062240663900414939,35,0.016666614648067617,False,False,0,0,False,PITB-80B916173F29877FD683,2020-06-11T15:30:00+08:00
MARKET|2020|CHINEXT_BOARD|04|300334.SZ|2020-06-12,COORDINATE_ELIGIBLE_MARKET_SEQUENCE,CHINEXT_BOARD,300334.SZ,300334,2020-06-12,2020,4,-1,,6.5,6.5,True,650,650,0,0,0,0.069444444444444392,0.45138888888888851,0.45138888888888856,0.45624999999999966,0.45624999999999966,0.45624999999999966,True,0.033485554850446228,0.99585062240663902,167,0.022831064743901359,False,False,0,0,False,PITB-80B916173F29877FD683,2020-06-12T15:30:00+08:00
MARKET|2020|CHINEXT_BOARD|05|300013.SZ|2020-06-08,COORDINATE_ELIGIBLE_MARKET_SEQUENCE,CHINEXT_BOARD,300013.SZ,300013,2020-06-08,2020,5,-5,,5.9500000000000002,5.9499998092651367,False,595,595,0,-1.9073486345888568e-07,1.9073486345888568e-07,0.11683528454673694,0.69516994305308488,0.6951699207685228,0.57599795281541311,0.57599795281541311,0.57599795281541311,False,0,0,232,0.012170373788953533,False,False,0,0,False,PITB-80B916173F29877FD683,2020-06-08T15:30:00+08:00
MARKET|2020|CHINEXT_BOARD|05|300013.SZ|2020-06-09,COORDINATE_ELIGIBLE_MARKET_SEQUENCE,CHINEXT_BOARD,300013.SZ,300013,2020-06-09,2020,5,-4,,6.3099999999999996,6.309999942779541,False,631,631,0,-5.7220458593576495e-08,5.7220458593576495e-08,0.11683528454673697,0.73723064548991024,0.73723063880454165,0.57950301135181526,0.57599795281541311,0.57599795281541311,False,0,0,28,0.085192713244208004,True,False,0,0,False,PITB-80B916173F29877FD683,2020-06-09T15:30:00+08:00
MARKET|2020|CHINEXT_BOARD|05|300013.SZ|2020-06-10,COORDINATE_ELIGIBLE_MARKET_SEQUENCE,CHINEXT_BOARD,300013.SZ,300013,2020-06-10,2020,5,-3,,6.25,6.25,True,625,625,0,0,0,0.11683528454673697,0.73022052841710605,0.73022052841710605,0.60053336257022794,0.57599795281541311,0.57599795281541311,False,0,0,9,0.038539565359119454,False,False,0,0,False,PITB-80B916173F29877FD683,2020-06-10T15:30:00+08:00
MARKET|2020|CHINEXT_BOARD|05|300013.SZ|2020-06-11,COORDINATE_ELIGIBLE_MARKET_SEQUENCE,CHINEXT_BOARD,300013.SZ,300013,2020-06-11,2020,5,-2,,5.96,5.9600000381469727,False,596,596,0,3.8146972691777137e-08,3.8146972691777137e-08,0.11683528454673697,0.69633829589855234,0.69633830035546473,0.60053336257022794,0.57599795281541311,0.57599795281541311,False,0,0,165,0.0020284439922588575,False,False,0,0,False,PITB-80B916173F29877FD683,2020-06-11T15:30:00+08:00
MARKET|2020|CHINEXT_BOARD|05|300013.SZ|2020-06-12,COORDINATE_ELIGIBLE_MARKET_SEQUENCE,CHINEXT_BOARD,300013.SZ,300013,2020-06-12,2020,5,-1,,6.2199999999999998,6.2199997901916504,False,622,622,0,-2.0980834936068504e-07,2.0980834936068504e-07,0.11683528454673697,0.7267154698807039,0.72671544536768573,0.60520677395209754,0.57599795281541311,0.57599795281541311,False,0,0,1,0.081135825259690278,False,False,0,0,False,PITB-80B916173F29877FD683,2020-06-12T15:30:00+08:00
MARKET|2020|CHINEXT_BOARD|06|300106.SZ|2020-06-08,COORDINATE_ELIGIBLE_MARKET_SEQUENCE,CHINEXT_BOARD,300106.SZ,300106,2020-06-08,2020,6,-5,,7.0599999999999996,7.059999942779541,False,706,706,0,-5.7220458593576495e-08,5.7220458593576495e-08,0.12690355329949235,0.89593908629441588,0.89593907903293646,0.9035532994923855,0.79695431472081191,0.74619289340101502,False,0,0,67,0.014331234488517619,False,False,0,0,False,PITB-80B916173F29877FD683,2020-06-08T15:30:00+08:00
MARKET|2020|CHINEXT_BOARD|06|300106.SZ|2020-06-09,COORDINATE_ELIGIBLE_MARKET_SEQUENCE,CHINEXT_BOARD,300106.SZ,300106,2020-06-09,2020,6,-4,,7.04,7.0399999618530273,False,704,704,0,-3.8146972691777137e-08,3.8146972691777137e-08,0.12690355329949235,0.89340101522842608,0.8934010103874398,0.88324873096446677,0.81598984771573568,0.74619289340101502,False,0,0,65,0.018662501642158966,False,False,0,0,False,PITB-80B916173F29877FD683,2020-06-09T15:30:00+08:00
MARKET|2020|CHINEXT_BOARD|06|300106.SZ|2020-06-10,COORDINATE_ELIGIBLE_MARKET_SEQUENCE,CHINEXT_BOARD,300106.SZ,300106,2020-06-10,2020,6,-3,,7.1100000000000003,7.1100001335144043,False,711,711,0,1.3351440397713077e-07,1.3351440397713077e-07,0.12690355329949232,0.90228426395939054,0.90228428090284274,0.87817258883248694,0.81598984771573568,0.74619289340101502,False,0,0,2,0.018662575800348403,False,False,0,0,False,PITB-80B916173F29877FD683,2020-06-10T15:30:00+08:00
MARKET|2020|CHINEXT_BOARD|06|300106.SZ|2020-06-11,COORDINATE_ELIGIBLE_MARKET_SEQUENCE,CHINEXT_BOARD,300106.SZ,300106,2020-06-11,2020,6,-2,,6.8899999999999997,6.8899998664855957,False,689,689,0,-1.3351440397713077e-07,1.3351440397713077e-07,0.12690355329949235,0.87436548223350219,0.87436546529004999,0.87817258883248694,0.81598984771573568,0.74619289340101502,False,0,0,194,0.0031104169403598282,False,False,0,0,False,PITB-80B916173F29877FD683,2020-06-11T15:30:00+08:00
MARKET|2020|CHINEXT_BOARD|06|300106.SZ|2020-06-12,COORDINATE_ELIGIBLE_MARKET_SEQUENCE,CHINEXT_BOARD,300106.SZ,300106,2020-06-12,2020,6,-1,,6.7699999999999996,6.7699999809265137,False,677,677,0,-1.9073485901799359e-08,1.9073485901799359e-08,0.12690355329949232,0.85913705583756306,0.85913705341706981,0.87055837563451743,0.81598984771573579,0.74619289340101502,False,0,0,1,0.01399691331071394,False,False,0,0,False,PITB-80B916173F29877FD683,2020-06-12T15:30:00+08:00
MARKET|2020|CHINEXT_BOARD|07|300281.SZ|2020-06-08,COORDINATE_ELIGIBLE_MARKET_SEQUENCE,CHINEXT_BOARD,300281.SZ,300281,2020-06-08,2020,7,-5,,7.1399999999999997,7.1399998664855957,False,714,714,0,-1.3351440397713077e-07,1.3351440397713077e-07,0.11438929715754263,0.81673958170485439,0.81673956643223555,0.75448369978417729,0.75448369978417729,0.75220084441417956,False,0,0,230,0.010612841462943978,False,False,0,0,False,PITB-80B916173F29877FD683,2020-06-08T15:30:00+08:00
MARKET|2020|CHINEXT_BOARD|07|300281.SZ|2020-06-09,COORDINATE_ELIGIBLE_MARKET_SEQUENCE,CHINEXT_BOARD,300281.SZ,300281,2020-06-09,2020,7,-4,,7.2599999999999998,7.2600002288818359,False,726,726,0,2.2888183615066282e-07,2.2888183615066282e-07,0.11438929715754262,0.83046629736375943,0.83046632354539174,0.76361512126416731,0.75448369978417729,0.75220084441417956,False,0,0,1,0.034870919723730819,False,False,0,0,False,PITB-80B916173F29877FD683,2020-06-09T15:30:00+08:00
MARKET|2020|CHINEXT_BOARD|07|300281.SZ|2020-06-10,COORDINATE_ELIGIBLE_MARKET_SEQUENCE,CHINEXT_BOARD,300281.SZ,300281,2020-06-10,2020,7,-3,,7.2699999999999996,7.2699999809265137,False,727,727,0,-1.9073485901799359e-08,1.9073485901799359e-08,0.11438929715754262,0.83161019033533479,0.83161018815353216,0.76361512126416731,0.75448369978417729,0.75220084441417956,False,0,0,23,0.010612913757504307,False,False,0,0,False,PITB-80B916173F29877FD683,2020-06-10T15:30:00+08:00
MARKET|2020|CHINEXT_BOARD|07|300281.SZ|2020-06-11,COORDINATE_ELIGIBLE_MARKET_SEQUENCE,CHINEXT_BOARD,300281.SZ,300281,2020-06-11,2020,7,-2,,7.2699999999999996,7.2699999809265137,False,727,727,0,-1.9073485901799359e-08,1.9073485901799359e-08,0.11438929715754262,0.83161019033533479,0.83161018815353216,0.76361512126416731,0.75448369978417729,0.75220084441417956,False,0,0,180,0.012129002983113327,False,False,0,0,False,PITB-80B916173F29877FD683,2020-06-11T15:30:00+08:00
MARKET|2020|CHINEXT_BOARD|07|300281.SZ|2020-06-12,COORDINATE_ELIGIBLE_MARKET_SEQUENCE,CHINEXT_BOARD,300281.SZ,300281,2020-06-12,2020,7,-1,,7.1100000000000003,7.1100001335144043,False,711,711,0,1.3351440397713077e-07,1.3351440397713077e-07,0.11438929715754262,0.8133079027901281,0.81330791806274694,0.76932225968916101,0.75448369978417729,0.75448369978417706,False,0,0,1,0.0045484122659477178,False,False,0,0,False,PITB-80B916173F29877FD683,2020-06-12T15:30:00+08:00
MARKET|2020|CHINEXT_BOARD|08|300664.SZ|2020-06-08,COORDINATE_ELIGIBLE_MARKET_SEQUENCE,CHINEXT_BOARD,300664.SZ,300664,2020-06-08,2020,8,-5,,8.8000000000000007,8.8000001907348633,False,880,880,0,1.9073486257070726e-07,1.9073486257070726e-07,0.11859831274349628,1.0436651521427673,1.0436651747636001,0.9725061644966696,0.9725061644966696,0.9725061644966696,False,0,0,234,0.0060975842359587331,False,False,0,0,False,PITB-80B916173F29877FD683,2020-06-08T15:30:00+08:00
MARKET|2020|CHINEXT_BOARD|08|300664.SZ|2020-06-09,COORDINATE_ELIGIBLE_MARKET_SEQUENCE,CHINEXT_BOARD,300664.SZ,300664,2020-06-09,2020,8,-4,,8.6099999999999994,8.6099996566772461,False,861,861,0,-3.4332275333781581e-07,3.4332275333781581e-07,0.11859831274349628,1.0211314727215028,1.0211314320040037,0.9725061644966696,0.9725061644966696,0.9725061644966696,False,0,0,231,0.013414592277712965,False,False,0,0,False,PITB-80B916173F29877FD683,2020-06-09T15:30:00+08:00
MARKET|2020|CHINEXT_BOARD|08|300664.SZ|2020-06-10,COORDINATE_ELIGIBLE_MARKET_SEQUENCE,CHINEXT_BOARD,300664.SZ,300664,2020-06-10,2020,8,-3,,8.4399999999999995,8.4399995803833008,False,844,844,0,-4.1961669872137008e-07,4.1961669872137008e-07,0.11859831274349629,1.0009697595551086,1.0009697097892762,0.9725061644966696,0.9725061644966696,0.9725061644966696,False,0,0,13,0.0048780441284180381,False,False,0,0,False,PITB-80B916173F29877FD683,2020-06-10T15:30:00+08:00
MARKET|2020|CHINEXT_BOARD|08|300664.SZ|2020-06-11,COORDINATE_ELIGIBLE_MARKET_SEQUENCE,CHINEXT_BOARD,300664.SZ,300664,2020-06-11,2020,8,-2,,8.4100000000000001,8.4099998474121094,False,841,841,0,-1.5258789076710855e-07,1.5258789076710855e-07,0.11859831274349629,0.99741181017280378,0.99741179207613739,0.9725061644966696,0.9725061644966696,0.9725061644966696,False,0,0,5,0.0085365481492949251,False,False,0,0,False,PITB-80B916173F29877FD683,2020-06-11T15:30:00+08:00
MARKET|2020|CHINEXT_BOARD|08|300664.SZ|2020-06-12,COORDINATE_ELIGIBLE_MARKET_SEQUENCE,CHINEXT_BOARD,300664.SZ,300664,2020-06-12,2020,8,-1,,8.3200000000000003,8.3199996948242188,False,832,832,0,-3.0517578153421709e-07,3.0517578153421709e-07,0.11859831274349628,0.98673796202588904,0.98673792583255626,0.98080804638871411,0.9725061644966696,0.9725061644966696,False,0,0,1,0.012195052170171927,False,False,0,0,False,PITB-80B916173F29877FD683,2020-06-12T15:30:00+08:00
MARKET|2020|CHINEXT_BOARD|09|300576.SZ|2020-06-08,COORDINATE_ELIGIBLE_MARKET_SEQUENCE,CHINEXT_BOARD,300576.SZ,300576,2020-06-08,2020,9,-5,,66.5,66.5,True,6650,6650,0,0,0,0.059206839632207756,3.9372548355418155,3.9372548355418155,3.9200848520484755,3.4446539298018464,2.0888173022242875,False,0,0,231,0.011687870491161479,False,False,0,0,False,PITB-80B916173F29877FD683,2020-06-08T15:30:00+08:00
MARKET|2020|CHINEXT_BOARD|09|300576.SZ|2020-06-09,COORDINATE_ELIGIBLE_MARKET_SEQUENCE,CHINEXT_BOARD,300576.SZ,300576,2020-06-09,2020,9,-4,,67.549999999999997,67.550003051757812,False,6755,6755,0,3.0517578153421709e-06,3.0517578153421709e-06,0.059206839632207756,3.9994220171556338,3.9994221978405693,3.8964021161955924,3.4446539298018464,2.0888173022242875,False,0,0,0,0.036610603004683689,False,False,0,0,False,PITB-80B916173F29877FD683,2020-06-09T15:30:00+08:00
MARKET|2020|CHINEXT_BOARD|09|300576.SZ|2020-06-10,COORDINATE_ELIGIBLE_MARKET_SEQUENCE,CHINEXT_BOARD,300576.SZ,300576,2020-06-10,2020,9,-3,,70.25,70.25,True,7025,7025,0,0,0,0.059206839632207749,4.1592804841625943,4.1592804841625943,3.8733114487390314,3.4446539298018464,2.0888173022242875,False,0,0,24,0.10054999096117385,False,False,0,0,False,PITB-80B916173F29877FD683,2020-06-10T15:30:00+08:00
MARKET|2020|CHINEXT_BOARD|09|300576.SZ|2020-06-11,COORDINATE_ELIGIBLE_MARKET_SEQUENCE,CHINEXT_BOARD,300576.SZ,300576,2020-06-11,2020,9,-2,,67.859999999999999,67.860000610351562,False,6786,6786,0,6.1035156306843419e-07,6.1035156306843419e-07,0.059206839632207763,4.0177761374416185,4.0177761735786062,3.8069997883509581,3.4813621703738153,2.0888173022242875,False,0,0,226,0.006462538323434886,False,False,0,0,False,PITB-80B916173F29877FD683,2020-06-11T15:30:00+08:00
MARKET|2020|CHINEXT_BOARD|09|300576.SZ|2020-06-12,COORDINATE_ELIGIBLE_MARKET_SEQUENCE,CHINEXT_BOARD,300576.SZ,300576,2020-06-12,2020,9,-1,,68.420000000000002,68.419998168945312,False,6842,6842,0,-1.8310546892053026e-06,1.8310546892053026e-06,0.059206839632207756,4.0509319676356546,4.0509318592246935,3.8069997883509581,3.5115576585862409,2.1332224319484441,False,0,0,1,0.050918844091492277,False,False,0,0,False,PITB-80B916173F29877FD683,2020-06-12T15:30:00+08:00
MARKET|2020|CHINEXT_BOARD|10|300721.SZ|2020-06-08,COORDINATE_ELIGIBLE_MARKET_SEQUENCE,CHINEXT_BOARD,300721.SZ,300721,2020-06-08,2020,10,-5,,21.030000000000001,21.030000686645508,False,2103,2103,0,6.8664550667563162e-07,6.8664550667563162e-07,0.025683306892593526,0.54011994395124185,0.54011996158656916,0.47796634127116538,0.45998802644635001,0.41314416331259729,False,0,0,186,0.0016750802147130026,False,False,0,0,False,PITB-80B916173F29877FD683,2020-06-08T15:30:00+08:00
MARKET|2020|CHINEXT_BOARD|10|300721.SZ|2020-06-09,COORDINATE_ELIGIBLE_MARKET_SEQUENCE,CHINEXT_BOARD,300721.SZ,300721,2020-06-09,2020,10,-4,,21.120000000000001,21.120000839233398,False,2112,2112,0,8.3923339744274017e-07,8.3923339744274017e-07,0.025683306892593526,0.5424314415715753,0.54243146312586421,0.47796634127116538,0.45998802644635001,0.41314416331259729,False,0,0,213,0.029592444815494619,False,False,0,0,False,PITB-80B916173F29877FD683,2020-06-09T15:30:00+08:00
MARKET|2020|CHINEXT_BOARD|10|300721.SZ|2020-06-10,COORDINATE_ELIGIBLE_MARKET_SEQUENCE,CHINEXT_BOARD,300721.SZ,300721,2020-06-10,2020,10,-3,,20.559999999999999,20.559999465942383,False,2056,2056,0,-5.3405761590852308e-07,5.3405761590852308e-07,0.025683306892593526,0.52804878971172287,0.52804877599535727,0.47796634127116538,0.46101535872205374,0.41314416331259729,False,0,0,143,0.0083565247092075891,False,False,0,0,False,PITB-80B916173F29877FD683,2020-06-10T15:30:00+08:00
MARKET|2020|CHINEXT_BOARD|10|300721.SZ|2020-06-11,COORDINATE_ELIGIBLE_MARKET_SEQUENCE,CHINEXT_BOARD,300721.SZ,300721,2020-06-11,2020,10,-2,,21.219999999999999,21.219999313354492,False,2122,2122,0,-6.8664550667563162e-07,6.8664550667563162e-07,0.025683306892593526,0.54499977226083463,0.54499975462550732,0.47796634127116538,0.46255635713560933,0.41314416331259729,False,0,0,4,0.04553024402133371,False,False,0,0,False,PITB-80B916173F29877FD683,2020-06-11T15:30:00+08:00
MARKET|2020|CHINEXT_BOARD|10|300721.SZ|2020-06-12,COORDINATE_ELIGIBLE_MARKET_SEQUENCE,CHINEXT_BOARD,300721.SZ,300721,2020-06-12,2020,10,-1,,20.77,20.770000457763672,False,2077,2077,0,4.5776367230132564e-07,4.5776367230132564e-07,0.02568330689259353,0.53344228415916761,0.53344229591605252,0.48181883730505448,0.4702613492033873,0.41314416331259729,False,0,0,0,0.0092845481318375306,False,False,0,0,False,PITB-80B916173F29877FD683,2020-06-12T15:30:00+08:00
MARKET|2020|SH_A|01|600309.SH|2020-06-08,COORDINATE_ELIGIBLE_MARKET_SEQUENCE,SH_A,600309.SH,600309,2020-06-08,2020,1,-5,,49.789999999999999,49.790000915527344,False,4979,4979,0,9.1552734460265128e-07,9.1552734460265128e-07,0.029721168133622477,1.4798169613730632,1.4798169885836052,1.3092174562860703,1.2979234123952939,1.1928020114236246,False,0,0,1,0.014655355842648005,False,False,0,0,False,PITB-80B916173F29877FD683,2020-06-08T15:30:00+08:00
MARKET|2020|SH_A|01|600309.SH|2020-06-09,COORDINATE_ELIGIBLE_MARKET_SEQUENCE,SH_A,600309.SH,600309,2020-06-09,2020,1,-4,,49.5,49.5,True,4950,4950,0,0,0,0.029721168133622477,1.4711978226143125,1.4711978226143125,1.3282390038915888,1.2979234123952939,1.1928020114236246,False,0,0,40,0.0050378113282143902,False,False,0,0,False,PITB-80B916173F29877FD683,2020-06-09T15:30:00+08:00
MARKET|2020|SH_A|01|600309.SH|2020-06-10,COORDINATE_ELIGIBLE_MARKET_SEQUENCE,SH_A,600309.SH,600309,2020-06-10,2020,1,-3,,49.159999999999997,49.159999847412109,False,4916,4916,0,-1.5258788721439487e-07,1.5258788721439487e-07,0.02972116813362248,1.461092625448881,1.4610926209137909,1.3282390038915888,1.2979234123952939,1.1928020114236246,False,0,0,84,0.0064116963429557434,False,False,0,0,False,PITB-80B916173F29877FD683,2020-06-10T15:30:00+08:00
MARKET|2020|SH_A|01|600309.SH|2020-06-11,COORDINATE_ELIGIBLE_MARKET_SEQUENCE,SH_A,600309.SH,600309,2020-06-11,2020,1,-2,,49,49,True,4900,4900,0,0,0,0.02972116813362248,1.4563372385475015,1.4563372385475015,1.3282390038915888,1.2979234123952939,1.1928020114236246,False,0,0,7,0.0096175445144334442,False,False,0,0,False,PITB-80B916173F29877FD683,2020-06-11T15:30:00+08:00
MARKET|2020|SH_A|01|600309.SH|2020-06-12,COORDINATE_ELIGIBLE_MARKET_SEQUENCE,SH_A,600309.SH,600309,2020-06-12,2020,1,-1,,48.5,48.5,True,4850,4850,0,0,0,0.029721168133622477,1.4414766544806901,1.4414766544806901,1.3636071939705996,1.2979234123952939,1.1928020114236246,False,0,0,1,0.02587591179563159,False,False,0,0,False,PITB-80B916173F29877FD683,2020-06-12T15:30:00+08:00
MARKET|2020|SH_A|02|600936.SH|2020-06-08,COORDINATE_ELIGIBLE_MARKET_SEQUENCE,SH_A,600936.SH,600936,2020-06-08,2020,2,-5,,3.9300000000000002,3.9300000667572021,False,393,393,0,6.6757201988565384e-08,6.6757201988565384e-08,0.14712221451730786,0.57819030305301988,0.5781903128744873,0.54876586014955819,0.52375508368161594,0.5105140843750583,False,0,0,50,0,False,False,0,0,False,PITB-80B916173F29877FD683,2020-06-08T15:30:00+08:00
MARKET|2020|SH_A|02|600936.SH|2020-06-09,COORDINATE_ELIGIBLE_MARKET_SEQUENCE,SH_A,600936.SH,600936,2020-06-09,2020,2,-4,,3.9300000000000002,3.9300000667572021,False,393,393,0,6.6757201988565384e-08,6.6757201988565384e-08,0.14712221451730786,0.57819030305301988,0.5781903128744873,0.54876586014955819,0.52375508368161594,0.5105140843750583,False,0,0,26,0.016853983482617942,False,False,0,0,False,PITB-80B916173F29877FD683,2020-06-09T15:30:00+08:00
MARKET|2020|SH_A|02|600936.SH|2020-06-10,COORDINATE_ELIGIBLE_MARKET_SEQUENCE,SH_A,600936.SH,600936,2020-06-10,2020,2,-3,,3.9199999999999999,3.9200000762939453,False,392,392,0,7.6293945383554274e-08,7.6293945383554274e-08,0.14712221451730784,0.57671908090784674,0.57671909213238093,0.54876586014955819,0.52375508368161594,0.5105140843750583,False,0,0,6,0.0084269582555534725,False,False,0,0,False,PITB-80B916173F29877FD683,2020-06-10T15:30:00+08:00
MARKET|2020|SH_A|02|600936.SH|2020-06-11,COORDINATE_ELIGIBLE_MARKET_SEQUENCE,SH_A,600936.SH,600936,2020-06-11,2020,2,-2,,3.96,3.9600000381469727,False,396,396,0,3.8146972691777137e-08,3.8146972691777137e-08,0.14712221451730784,0.58260396948853899,0.58260397510080608,0.56642052589163516,0.52375508368161594,0.5105140843750583,False,0,0,0,0.016853916511106945,False,False,0,0,False,PITB-80B916173F29877FD683,2020-06-11T15:30:00+08:00
MARKET|2020|SH_A|02|600936.SH|2020-06-12,COORDINATE_ELIGIBLE_MARKET_SEQUENCE,SH_A,600936.SH,600936,2020-06-12,2020,2,-1,,3.9500000000000002,3.9500000476837158,False,395,395,0,4.7683715642676816e-08,4.7683715642676816e-08,0.14712221451730784,0.58113274734336595,0.58113275435869982,0.56936297018198134,0.52375508368161594,0.5105140843750583,False,0,0,1,0.030898913908540465,False,False,0,0,False,PITB-80B916173F29877FD683,2020-06-12T15:30:00+08:00
MARKET|2020|SH_A|03|603558.SH|2020-06-08,COORDINATE_ELIGIBLE_MARKET_SEQUENCE,SH_A,603558.SH,603558,2020-06-08,2020,3,-5,,8.5500000000000007,8.5500001907348633,False,855,855,0,1.9073486257070726e-07,1.9073486257070726e-07,0.085876351946289467,0.734242809140775,0.73424282552038922,0.69989226836225904,0.69989226836225904,0.6621066735058917,False,0,0,228,0.0049079707795125745,False,False,0,0,False,PITB-80B916173F29877FD683,2020-06-08T15:30:00+08:00
MARKET|2020|SH_A|03|603558.SH|2020-06-09,COORDINATE_ELIGIBLE_MARKET_SEQUENCE,SH_A,603558.SH,603558,2020-06-09,2020,3,-4,,8.5399999999999991,8.5399999618530273,False,854,854,0,-3.8146971803598717e-08,3.8146971803598717e-08,0.085876351946289467,0.73338404562131199,0.73338404234538923,0.69989226836225904,0.69989226836225904,0.6621066735058917,False,0,0,158,0.0085889196103336278,False,False,0,0,False,PITB-80B916173F29877FD683,2020-06-09T15:30:00+08:00
MARKET|2020|SH_A|03|603558.SH|2020-06-10,COORDINATE_ELIGIBLE_MARKET_SEQUENCE,SH_A,603558.SH,603558,2020-06-10,2020,3,-3,,8.3800000000000008,8.380000114440918,False,838,838,0,1.1444091718715299e-07,1.1444091718715299e-07,0.085876351946289467,0.71964382930990578,0.71964383913767427,0.69989226836225904,0.69989226836225904,0.6621066735058917,False,0,0,98,0.009815941559025149,False,False,0,0,False,PITB-80B916173F29877FD683,2020-06-10T15:30:00+08:00
MARKET|2020|SH_A|03|603558.SH|2020-06-11,COORDINATE_ELIGIBLE_MARKET_SEQUENCE,SH_A,603558.SH,603558,2020-06-11,2020,3,-2,,8.2599999999999998,8.2600002288818359,False,826,826,0,2.2888183615066282e-07,2.2888183615066282e-07,0.085876351946289467,0.70933866707635096,0.70933868673188805,0.70160979540118484,0.69989226836225904,0.6621066735058917,False,0,0,226,0.0024540438973830437,False,False,0,0,False,PITB-80B916173F29877FD683,2020-06-11T15:30:00+08:00
MARKET|2020|SH_A|03|603558.SH|2020-06-12,COORDINATE_ELIGIBLE_MARKET_SEQUENCE,SH_A,603558.SH,603558,2020-06-12,2020,3,-1,,8.25,8.25,True,825,825,0,0,0,0.085876351946289467,0.70847990355688806,0.70847990355688806,0.70504484947903645,0.69989226836225904,0.6621066735058917,True,0.007361944467743289,0.074688796680497924,7,0.019631883118050142,False,False,0,0,False,PITB-80B916173F29877FD683,2020-06-12T15:30:00+08:00
MARKET|2020|SH_A|04|603716.SH|2020-06-08,COORDINATE_ELIGIBLE_MARKET_SEQUENCE,SH_A,603716.SH,603716,2020-06-08,2020,4,-5,,14.470000000000001,14.470000267028809,False,1447,1447,0,2.6702880795426154e-07,2.6702880795426154e-07,0.05283782289955128,0.76456329735650708,0.76456331146572787,0.73180384715878533,0.72969033424280327,0.72969033424280327,False,0,0,231,0.0028964490842162739,False,False,0,0,False,PITB-80B916173F29877FD683,2020-06-08T15:30:00+08:00
MARKET|2020|SH_A|04|603716.SH|2020-06-09,COORDINATE_ELIGIBLE_MARKET_SEQUENCE,SH_A,603716.SH,603716,2020-06-09,2020,4,-4,,14.42,14.420000076293945,False,1442,1442,0,7.6293945383554274e-08,7.6293945383554274e-08,0.05283782289955128,0.76192140621152948,0.76192141024273541,0.73180384715878533,0.72969033424280327,0.72969033424280327,False,0,0,190,0.0014482590705048441,False,False,0,0,False,PITB-80B916173F29877FD683,2020-06-09T15:30:00+08:00
MARKET|2020|SH_A|04|603716.SH|2020-06-10,COORDINATE_ELIGIBLE_MARKET_SEQUENCE,SH_A,603716.SH,603716,2020-06-10,2020,4,-3,,14.69,14.689999580383301,False,1469,1469,0,-4.1961669872137008e-07,4.1961669872137008e-07,0.05283782289955128,0.77618761839440831,0.77618759622277544,0.73180384715878533,0.72969033424280327,0.72969033424280327,False,0,0,2,0.013758115885829099,False,False,0,0,False,PITB-80B916173F29877FD683,2020-06-10T15:30:00+08:00
MARKET|2020|SH_A|04|603716.SH|2020-06-11,COORDINATE_ELIGIBLE_MARKET_SEQUENCE,SH_A,603716.SH,603716,2020-06-11,2020,4,-2,,14.6,14.600000381469727,False,1460,1460,0,3.8146972691777137e-07,3.8146972691777137e-07,0.05283782289955128,0.77143221433344866,0.77143223448947851,0.73180384715878533,0.72969033424280327,0.72969033424280327,False,0,0,7,0.0065170277036849696,False,False,0,0,False,PITB-80B916173F29877FD683,2020-06-11T15:30:00+08:00
MARKET|2020|SH_A|04|603716.SH|2020-06-12,COORDINATE_ELIGIBLE_MARKET_SEQUENCE,SH_A,603716.SH,603716,2020-06-12,2020,4,-1,,14.74,14.739999771118164,False,1474,1474,0,-2.2888183615066282e-07,2.2888183615066282e-07,0.052837822899551287,0.77882950953938601,0.77882949744576802,0.73338898184577195,0.72969033424280327,0.72969033424280327,False,0,0,0,0.037653838094812014,False,False,0,0,False,PITB-80B916173F29877FD683,2020-06-12T15:30:00+08:00
MARKET|2020|SH_A|05|603099.SH|2020-06-08,COORDINATE_ELIGIBLE_MARKET_SEQUENCE,SH_A,603099.SH,603099,2020-06-08,2020,5,-5,,7.75,7.75,True,775,775,0,0,0,0.08383343484583719,0.64970912005523818,0.64970912005523818,0.61366074307152818,0.61366074307152818,0.59605572175390231,False,0,0,3,0.019125664820436528,False,False,0,0,False,PITB-80B916173F29877FD683,2020-06-08T15:30:00+08:00
MARKET|2020|SH_A|05|603099.SH|2020-06-09,COORDINATE_ELIGIBLE_MARKET_SEQUENCE,SH_A,603099.SH,603099,2020-06-09,2020,5,-4,,7.7999999999999998,7.8000001907348633,False,780,780,0,1.9073486345888568e-07,1.9073486345888568e-07,0.083833434845837176,0.65390079179752991,0.65390080778748871,0.62036741785919503,0.61366074307152818,0.59605572175390231,False,0,0,1,0.0095628649810624057,False,False,0,0,False,PITB-80B916173F29877FD683,2020-06-09T15:30:00+08:00
MARKET|2020|SH_A|05|603099.SH|2020-06-10,COORDINATE_ELIGIBLE_MARKET_SEQUENCE,SH_A,603099.SH,603099,2020-06-10,2020,5,-3,,7.7300000000000004,7.7300000190734863,False,773,773,0,1.9073485901799359e-08,1.9073485901799359e-08,0.083833434845837163,0.64803245135832133,0.64803245295731715,0.62036741785919503,0.61366074307152818,0.59605572175390231,False,0,0,17,0.0013661514865895565,False,False,0,0,False,PITB-80B916173F29877FD683,2020-06-10T15:30:00+08:00
MARKET|2020|SH_A|05|603099.SH|2020-06-11,COORDINATE_ELIGIBLE_MARKET_SEQUENCE,SH_A,603099.SH,603099,2020-06-11,2020,5,-2,,7.71,7.7100000381469727,False,771,771,0,3.8146972691777137e-08,3.8146972691777137e-08,0.083833434845837176,0.64635578266140459,0.64635578585939635,0.63461910178298742,0.61366074307152818,0.59605572175390231,False,0,0,6,0.0068306271495713966,False,False,0,0,False,PITB-80B916173F29877FD683,2020-06-11T15:30:00+08:00
MARKET|2020|SH_A|05|603099.SH|2020-06-12,COORDINATE_ELIGIBLE_MARKET_SEQUENCE,SH_A,603099.SH,603099,2020-06-12,2020,5,-1,,7.7999999999999998,7.8000001907348633,False,780,780,0,1.9073486345888568e-07,1.9073486345888568e-07,0.083833434845837176,0.65390079179752991,0.65390080778748871,0.637972439176821,0.61366074307152818,0.59605572175390231,False,0,0,1,0.025956291970008108,False,False,0,0,False,PITB-80B916173F29877FD683,2020-06-12T15:30:00+08:00
MARKET|2020|SH_A|06|600868.SH|2020-06-08,COORDINATE_ELIGIBLE_MARKET_SEQUENCE,SH_A,600868.SH,600868,2020-06-08,2020,6,-5,,3.1099999999999999,3.1099998950958252,False,311,311,0,-1.0490417468034252e-07,1.0490417468034252e-07,0.24916161278970955,0.77489261577599666,0.77489258963790331,0.75994291900861421,0.7599429190086141,0.73269333945113646,False,0,0,13,0.0032786853977891574,False,False,0,0,False,PITB-80B916173F29877FD683,2020-06-08T15:30:00+08:00
MARKET|2020|SH_A|06|600868.SH|2020-06-09,COORDINATE_ELIGIBLE_MARKET_SEQUENCE,SH_A,600868.SH,600868,2020-06-09,2020,6,-4,,3.1200000000000001,3.119999885559082,False,312,312,0,-1.1444091807533141e-07,1.1444091807533141e-07,0.24916161278970952,0.77738423190389372,0.77738420338961001,0.76741776739230538,0.7599429190086141,0.73269333945113646,False,0,0,3,0.0098360561933673266,False,False,0,0,False,PITB-80B916173F29877FD683,2020-06-09T15:30:00+08:00
MARKET|2020|SH_A|06|600868.SH|2020-06-10,COORDINATE_ELIGIBLE_MARKET_SEQUENCE,SH_A,600868.SH,600868,2020-06-10,2020,6,-3,,3.1000000000000001,3.0999999046325684,False,310,310,0,-9.5367431729442842e-08,9.5367431729442842e-08,0.24916161278970955,0.77240099964809961,0.77240097588619649,0.76741776739230538,0.7599429190086141,0.73269333945113646,False,0,0,14,0.0032786853977890117,False,False,0,0,False,PITB-80B916173F29877FD683,2020-06-10T15:30:00+08:00
MARKET|2020|SH_A|06|600868.SH|2020-06-11,COORDINATE_ELIGIBLE_MARKET_SEQUENCE,SH_A,600868.SH,600868,2020-06-11,2020,6,-2,,3.0899999999999999,3.0899999141693115,False,309,309,0,-8.5830688334453953e-08,8.5830688334453953e-08,0.24916161278970955,0.76990938352020244,0.76990936213448979,0.76741776739230538,0.7599429190086141,0.73269333945113646,False,0,0,227,0.0065573707955783149,False,False,0,0,False,PITB-80B916173F29877FD683,2020-06-11T15:30:00+08:00
MARKET|2020|SH_A|06|600868.SH|2020-06-12,COORDINATE_ELIGIBLE_MARKET_SEQUENCE,SH_A,600868.SH,600868,2020-06-12,2020,6,-1,,3.0899999999999999,3.0899999141693115,False,309,309,0,-8.5830688334453953e-08,8.5830688334453953e-08,0.24916161278970955,0.76990938352020244,0.76990936213448979,0.76492615126440822,0.7599429190086141,0.73269333945113646,True,0.0032787010317942228,0.0082987551867219917,1,0.016393426988945643,False,False,0,0,False,PITB-80B916173F29877FD683,2020-06-12T15:30:00+08:00
MARKET|2020|SH_A|07|601965.SH|2020-06-08,COORDINATE_ELIGIBLE_MARKET_SEQUENCE,SH_A,601965.SH,601965,2020-06-08,2020,7,-5,,9.3300000000000001,9.3299999237060547,False,933,933,0,-7.6293945383554274e-08,7.6293945383554274e-08,0.12544932088510424,1.1704421638580225,1.1704421542869989,1.0299389244667057,1.0299389244667057,1.002340073871983,False,0,0,173,0.017052416969884725,False,False,0,0,False,PITB-80B916173F29877FD683,2020-06-08T15:30:00+08:00
MARKET|2020|SH_A|07|601965.SH|2020-06-09,COORDINATE_ELIGIBLE_MARKET_SEQUENCE,SH_A,601965.SH,601965,2020-06-09,2020,7,-4,,9.2400000000000002,9.2399997711181641,False,924,924,0,-2.2888183615066282e-07,2.2888183615066282e-07,0.12544932088510422,1.1591517249783629,1.1591516962652921,1.0324479108844078,1.0299389244667057,1.002340073871983,False,0,0,199,0.0048721025399547681,False,False,0,0,False,PITB-80B916173F29877FD683,2020-06-09T15:30:00+08:00
MARKET|2020|SH_A|07|601965.SH|2020-06-10,COORDINATE_ELIGIBLE_MARKET_SEQUENCE,SH_A,601965.SH,601965,2020-06-10,2020,7,-3,,9.2400000000000002,9.2399997711181641,False,924,924,0,-2.2888183615066282e-07,2.2888183615066282e-07,0.12544932088510422,1.1591517249783629,1.1591516962652921,1.0625557478968328,1.0299389244667057,1.002340073871983,False,0,0,3,0.012180198269843021,False,False,0,0,False,PITB-80B916173F29877FD683,2020-06-10T15:30:00+08:00
MARKET|2020|SH_A|07|601965.SH|2020-06-11,COORDINATE_ELIGIBLE_MARKET_SEQUENCE,SH_A,601965.SH,601965,2020-06-11,2020,7,-2,,9.3200000000000003,9.3199996948242188,False,932,932,0,-3.0517578153421709e-07,3.0517578153421709e-07,0.12544932088510422,1.1691876706491713,1.1691876323650767,1.0625557478968328,1.0299389244667057,1.002340073871983,False,0,0,193,0.014616307619863872,False,False,0,0,False,PITB-80B916173F29877FD683,2020-06-11T15:30:00+08:00
MARKET|2020|SH_A|07|601965.SH|2020-06-12,COORDINATE_ELIGIBLE_MARKET_SEQUENCE,SH_A,601965.SH,601965,2020-06-12,2020,7,-1,,9.3399999999999999,9.3400001525878906,False,934,934,0,1.5258789076710855e-07,1.5258789076710855e-07,0.12544932088510419,1.1716966570668732,1.1716966762089203,1.0763551731941943,1.0299389244667057,1.002340073871983,False,0,0,0,0.029232615239727529,False,False,0,0,False,PITB-80B916173F29877FD683,2020-06-12T15:30:00+08:00
MARKET|2020|SH_A|08|600742.SH|2020-06-08,COORDINATE_ELIGIBLE_MARKET_SEQUENCE,SH_A,600742.SH,600742,2020-06-08,2020,8,-5,,11.58,11.579999923706055,False,1158,1158,0,-7.6293945383554274e-08,7.6293945383554274e-08,0.080162619015750725,0.92828312820239334,0.9282831220864709,0.83609611633428016,0.79601480682640469,0.72226519733191386,False,0,0,51,0.022155112490312986,False,False,0,0,False,PITB-80B916173F29877FD683,2020-06-08T15:30:00+08:00
MARKET|2020|SH_A|08|600742.SH|2020-06-09,COORDINATE_ELIGIBLE_MARKET_SEQUENCE,SH_A,600742.SH,600742,2020-06-09,2020,8,-4,,11.48,11.479999542236328,False,1148,1148,0,-4.5776367230132564e-07,4.5776367230132564e-07,0.080162619015750711,0.92026686630081822,0.92026682960528328,0.83609611633428016,0.79841968539687735,0.72226519733191386,False,0,0,55,0.010040103192310234,False,False,0,0,False,PITB-80B916173F29877FD683,2020-06-09T15:30:00+08:00
MARKET|2020|SH_A|08|600742.SH|2020-06-10,COORDINATE_ELIGIBLE_MARKET_SEQUENCE,SH_A,600742.SH,600742,2020-06-10,2020,8,-3,,11.369999999999999,11.369999885559082,False,1137,1137,0,-1.1444091718715299e-07,1.1444091718715299e-07,0.080162619015750711,0.91144897820908555,0.91144896903520189,0.83609611633428016,0.79841968539687735,0.72226519733191386,False,0,0,68,0.018072319796765268,False,False,0,0,False,PITB-80B916173F29877FD683,2020-06-10T15:30:00+08:00
MARKET|2020|SH_A|08|600742.SH|2020-06-11,COORDINATE_ELIGIBLE_MARKET_SEQUENCE,SH_A,600742.SH,600742,2020-06-11,2020,8,-2,,11.359999999999999,11.359999656677246,False,1136,1136,0,-3.4332275333781581e-07,3.4332275333781581e-07,0.080162619015750711,0.9106473520189281,0.91064732449727692,0.84651725680632761,0.80483269491813703,0.72226519733191386,False,0,0,236,0.0079681198910412851,False,False,0,0,False,PITB-80B916173F29877FD683,2020-06-11T15:30:00+08:00
MARKET|2020|SH_A|08|600742.SH|2020-06-12,COORDINATE_ELIGIBLE_MARKET_SEQUENCE,SH_A,600742.SH,600742,2020-06-12,2020,8,-1,,11.19,11.189999580383301,False,1119,1119,0,-4.1961669872137008e-07,4.1961669872137008e-07,0.080162619015750711,0.89701970678625043,0.89701967314867681,0.84651725680632761,0.80483269491813703,0.72226519733191386,False,0,0,1,0.0059760424245401114,False,False,0,0,False,PITB-80B916173F29877FD683,2020-06-12T15:30:00+08:00
MARKET|2020|SH_A|09|688037.SH|2020-06-08,COORDINATE_ELIGIBLE_MARKET_SEQUENCE,SH_A,688037.SH,688037,2020-06-08,2020,9,-5,,119.7,119.69999694824219,False,11970,11970,0,-3.0517578153421709e-06,3.0517578153421709e-06,0.015503875968992239,1.8558139534883711,1.8558139061742964,1.8243410852713169,1.8105426356589138,1.428062015503875,False,0,0,236,0.00085629794589053604,False,False,0,0,False,PITB-80B916173F29877FD683,2020-06-08T15:30:00+08:00
MARKET|2020|SH_A|09|688037.SH|2020-06-09,COORDINATE_ELIGIBLE_MARKET_SEQUENCE,SH_A,688037.SH,688037,2020-06-09,2020,9,-4,,117.59999999999999,117.59999847412109,False,11760,11760,0,-1.5258789005656581e-06,1.5258789005656581e-06,0.015503875968992241,1.8232558139534873,1.8232557902964501,1.8243410852713169,1.8105426356589138,1.428062015503875,True,0.0099331842217671319,0.19917012448132779,23,0.016954921455206867,False,False,0,0,False,PITB-80B916173F29877FD683,2020-06-09T15:30:00+08:00
MARKET|2020|SH_A|09|688037.SH|2020-06-10,COORDINATE_ELIGIBLE_MARKET_SEQUENCE,SH_A,688037.SH,688037,2020-06-10,2020,9,-3,,117.81999999999999,117.81999969482422,False,11782,11782,0,-3.0517577442878974e-07,3.0517577442878974e-07,0.015503875968992239,1.8266666666666656,1.8266666619352581,1.7925581395348829,1.7925581395348829,1.428062015503875,False,0,0,10,0.015308741074782953,False,False,0,0,False,PITB-80B916173F29877FD683,2020-06-10T15:30:00+08:00
MARKET|2020|SH_A|09|688037.SH|2020-06-11,COORDINATE_ELIGIBLE_MARKET_SEQUENCE,SH_A,688037.SH,688037,2020-06-11,2020,9,-2,,123,123,True,12300,12300,0,0,0,0.015503875968992237,1.9069767441860452,1.9069767441860452,1.7925581395348829,1.7925581395348829,1.428062015503875,False,0,0,1,0.038055712903294528,False,False,0,0,False,PITB-80B916173F29877FD683,2020-06-11T15:30:00+08:00
MARKET|2020|SH_A|09|688037.SH|2020-06-12,COORDINATE_ELIGIBLE_MARKET_SEQUENCE,SH_A,688037.SH,688037,2020-06-12,2020,9,-1,,119.45,119.44999694824219,False,11945,11945,0,-3.0517578153421709e-06,3.0517578153421709e-06,0.015503875968992239,1.851937984496123,1.8519379371820484,1.7925581395348829,1.7925581395348829,1.428062015503875,False,0,0,1,0.012454547760004523,False,False,0,0,False,PITB-80B916173F29877FD683,2020-06-12T15:30:00+08:00
MARKET|2020|SH_A|10|600802.SH|2020-06-08,COORDINATE_ELIGIBLE_MARKET_SEQUENCE,SH_A,600802.SH,600802,2020-06-08,2020,10,-5,,11.1,11.100000381469727,False,1110,1110,0,3.8146972691777137e-07,3.8146972691777137e-07,0.1254965691585409,1.3930119176598039,1.393011965532946,1.3453232213795587,1.3453232213795587,1.3390483929216319,False,0,0,20,0.0055970540687220469,False,False,0,0,False,PITB-80B916173F29877FD683,2020-06-08T15:30:00+08:00
MARKET|2020|SH_A|10|600802.SH|2020-06-09,COORDINATE_ELIGIBLE_MARKET_SEQUENCE,SH_A,600802.SH,600802,2020-06-09,2020,10,-4,,11.18,11.180000305175781,False,1118,1118,0,3.0517578153421709e-07,3.0517578153421709e-07,0.12549656915854088,1.4030516431924871,1.4030516814910006,1.3453232213795587,1.3453232213795587,1.3390483929216319,False,0,0,2,0.0093283937938177467,False,False,0,0,False,PITB-80B916173F29877FD683,2020-06-09T15:30:00+08:00
MARKET|2020|SH_A|10|600802.SH|2020-06-10,COORDINATE_ELIGIBLE_MARKET_SEQUENCE,SH_A,600802.SH,600802,2020-06-10,2020,10,-3,,11.41,11.409999847412109,False,1141,1141,0,-1.5258789076710855e-07,1.5258789076710855e-07,0.1254965691585409,1.4319158540989516,1.431915834949695,1.3453232213795587,1.3453232213795587,1.3390483929216319,False,0,0,12,0.029850717800766757,False,False,0,0,False,PITB-80B916173F29877FD683,2020-06-10T15:30:00+08:00
MARKET|2020|SH_A|10|600802.SH|2020-06-11,COORDINATE_ELIGIBLE_MARKET_SEQUENCE,SH_A,600802.SH,600802,2020-06-11,2020,10,-2,,11.09,11.090000152587891,False,1109,1109,0,1.5258789076710855e-07,1.5258789076710855e-07,0.1254965691585409,1.3917569519682185,1.3917569711174753,1.3453232213795587,1.3453232213795587,1.3390483929216319,False,0,0,194,0.0065298222783785574,False,False,0,0,False,PITB-80B916173F29877FD683,2020-06-11T15:30:00+08:00
MARKET|2020|SH_A|10|600802.SH|2020-06-12,COORDINATE_ELIGIBLE_MARKET_SEQUENCE,SH_A,600802.SH,600802,2020-06-12,2020,10,-1,,10.93,10.930000305175781,False,1093,1093,0,3.0517578153421709e-07,3.0517578153421709e-07,0.12549656915854088,1.3716775009028519,1.3716775392013654,1.3453232213795587,1.3453232213795587,1.3453232213795587,False,0,0,1,0.016791073244009476,False,False,0,0,False,PITB-80B916173F29877FD683,2020-06-12T15:30:00+08:00
MARKET|2020|SZ_A|01|002037.SZ|2020-06-08,COORDINATE_ELIGIBLE_MARKET_SEQUENCE,SZ_A,002037.SZ,002037,2020-06-08,2020,1,-5,,6.6200000000000001,6.619999885559082,False,662,662,0,-1.1444091807533141e-07,1.1444091807533141e-07,0.090898145273795111,0.60174572171252361,0.6017457113100565,0.53902600147360491,0.53902600147360491,0.5272092425880115,False,0,0,1,0.016863390325896996,False,False,0,0,False,PITB-80B916173F29877FD683,2020-06-08T15:30:00+08:00
MARKET|2020|SZ_A|01|002037.SZ|2020-06-09,COORDINATE_ELIGIBLE_MARKET_SEQUENCE,SZ_A,002037.SZ,002037,2020-06-09,2020,1,-4,,6.6299999999999999,6.630000114440918,False,663,663,0,1.1444091807533141e-07,1.1444091807533141e-07,0.090898145273795097,0.60265470316526148,0.60265471356772871,0.54266192728455664,0.53902600147360491,0.5272092425880115,False,0,0,38,0.020236068391076192,False,False,0,0,False,PITB-80B916173F29877FD683,2020-06-09T15:30:00+08:00
MARKET|2020|SZ_A|01|002037.SZ|2020-06-10,COORDINATE_ELIGIBLE_MARKET_SEQUENCE,SZ_A,002037.SZ,002037,2020-06-10,2020,1,-3,,6.7000000000000002,6.6999998092651367,False,670,670,0,-1.9073486345888568e-07,1.9073486345888568e-07,0.090898145273795097,0.60901757333442719,0.60901755599698182,0.54266192728455664,0.53902600147360491,0.5272092425880115,False,0,0,0,0.021922367218171968,False,False,0,0,False,PITB-80B916173F29877FD683,2020-06-10T15:30:00+08:00
MARKET|2020|SZ_A|01|002037.SZ|2020-06-11,COORDINATE_ELIGIBLE_MARKET_SEQUENCE,SZ_A,002037.SZ,002037,2020-06-11,2020,1,-2,,6.7199999999999998,6.7199997901916504,False,672,672,0,-2.0980834936068504e-07,2.0980834936068504e-07,0.090898145273795097,0.61083553623990305,0.6108355171687132,0.54266192728455664,0.53902600147360491,0.5272092425880115,False,0,0,192,0.020236068391076192,False,False,0,0,False,PITB-80B916173F29877FD683,2020-06-11T15:30:00+08:00
MARKET|2020|SZ_A|01|002037.SZ|2020-06-12,COORDINATE_ELIGIBLE_MARKET_SEQUENCE,SZ_A,002037.SZ,002037,2020-06-12,2020,1,-1,,6.8099999999999996,6.809999942779541,False,681,681,0,-5.7220458593576495e-08,5.7220458593576495e-08,0.090898145273795097,0.61901636931454462,0.61901636411331107,0.54720683454824648,0.53902600147360491,0.5272092425880115,False,0,0,1,0.038785837955056815,False,False,0,0,False,PITB-80B916173F29877FD683,2020-06-12T15:30:00+08:00
MARKET|2020|SZ_A|02|002937.SZ|2020-06-08,COORDINATE_ELIGIBLE_MARKET_SEQUENCE,SZ_A,002937.SZ,002937,2020-06-08,2020,2,-5,,14.609999999999999,14.609999656677246,False,1461,1461,0,-3.4332275333781581e-07,3.4332275333781581e-07,0.11379029789905111,1.6624762523051366,1.6624762132383382,1.4690327458767498,1.4690327458767498,1.3342178981057853,False,0,0,231,0.0023237593316182241,False,False,0,0,False,PITB-80B916173F29877FD683,2020-06-08T15:30:00+08:00
MARKET|2020|SZ_A|02|002937.SZ|2020-06-09,COORDINATE_ELIGIBLE_MARKET_SEQUENCE,SZ_A,002937.SZ,002937,2020-06-09,2020,2,-4,,14.42,14.420000076293945,False,1442,1442,0,7.6293945383554274e-08,7.6293945383554274e-08,0.11379029789905111,1.640856095704317,1.6408561043858279,1.4952045143935315,1.4690327458767498,1.3342178981057853,False,0,0,4,0.0046475925342138466,False,False,0,0,False,PITB-80B916173F29877FD683,2020-06-09T15:30:00+08:00
MARKET|2020|SZ_A|02|002937.SZ|2020-06-10,COORDINATE_ELIGIBLE_MARKET_SEQUENCE,SZ_A,002937.SZ,002937,2020-06-10,2020,2,-3,,14.279999999999999,14.279999732971191,False,1428,1428,0,-2.6702880795426154e-07,2.6702880795426154e-07,0.11379029789905112,1.6249254539984499,1.6249254236131623,1.5247899918472849,1.4690327458767498,1.3342178981057853,False,0,0,82,0.0061967407982999947,False,False,0,0,False,PITB-80B916173F29877FD683,2020-06-10T15:30:00+08:00
MARKET|2020|SZ_A|02|002937.SZ|2020-06-11,COORDINATE_ELIGIBLE_MARKET_SEQUENCE,SZ_A,002937.SZ,002937,2020-06-11,2020,2,-2,,14.27,14.270000457763672,False,1427,1427,0,4.5776367230132564e-07,4.5776367230132564e-07,0.11379029789905111,1.6237875510194593,1.6237876031085239,1.5577891782380096,1.4690327458767498,1.3342178981057853,False,0,0,194,0.011618944400045614,False,False,0,0,False,PITB-80B916173F29877FD683,2020-06-11T15:30:00+08:00
MARKET|2020|SZ_A|02|002937.SZ|2020-06-12,COORDINATE_ELIGIBLE_MARKET_SEQUENCE,SZ_A,002937.SZ,002937,2020-06-12,2020,2,-1,,14.300000000000001,14.300000190734863,False,1430,1430,0,1.9073486257070726e-07,1.9073486257070726e-07,0.11379029789905111,1.6272012599564309,1.6272012816602077,1.5714440139858958,1.4690327458767498,1.3342178981057853,False,0,0,1,0.034856685458182504,False,False,0,0,False,PITB-80B916173F29877FD683,2020-06-12T15:30:00+08:00
MARKET|2020|SZ_A|03|000017.SZ|2020-06-08,COORDINATE_ELIGIBLE_MARKET_SEQUENCE,SZ_A,000017.SZ,000017,2020-06-08,2020,3,-5,,2.3799999999999999,2.380000114440918,False,238,238,0,1.1444091807533141e-07,1.1444091807533141e-07,0.15974440894568687,0.38019169329073471,0.38019171157203152,0.31948881789137379,0.31948881789137379,0.31948881789137379,False,0,0,13,0.0050001144409179202,False,True,0,0,False,PITB-80B916173F29877FD683,2020-06-08T15:30:00+08:00
MARKET|2020|SZ_A|03|000017.SZ|2020-06-09,COORDINATE_ELIGIBLE_MARKET_SEQUENCE,SZ_A,000017.SZ,000017,2020-06-09,2020,3,-4,,2.4399999999999999,2.440000057220459,False,244,244,0,5.7220459037665705e-08,5.7220459037665705e-08,0.15974440894568689,0.38977635782747599,0.3897763669681244,0.32587859424920124,0.31948881789137379,0.31948881789137379,False,0,0,5,0.070000052452087388,False,False,0,0,False,PITB-80B916173F29877FD683,2020-06-09T15:30:00+08:00
MARKET|2020|SZ_A|03|000017.SZ|2020-06-10,COORDINATE_ELIGIBLE_MARKET_SEQUENCE,SZ_A,000017.SZ,000017,2020-06-10,2020,3,-3,,2.3399999999999999,2.3399999141693115,False,234,234,0,-8.5830688334453953e-08,8.5830688334453953e-08,0.15974440894568689,0.37380191693290732,0.37380190322193474,0.33865814696485613,0.31948881789137379,0.31948881789137379,False,0,0,219,0.0099999904632567874,False,True,0,0,False,PITB-80B916173F29877FD683,2020-06-10T15:30:00+08:00
MARKET|2020|SZ_A|03|000017.SZ|2020-06-11,COORDINATE_ELIGIBLE_MARKET_SEQUENCE,SZ_A,000017.SZ,000017,2020-06-11,2020,3,-2,,2.3100000000000001,2.309999942779541,False,231,231,0,-5.7220459037665705e-08,5.7220459037665705e-08,0.15974440894568689,0.36900958466453676,0.3690095755238883,0.34185303514376991,0.31948881789137379,0.31948881789137379,False,0,0,237,0.0049999952316283937,False,False,0,0,False,PITB-80B916173F29877FD683,2020-06-11T15:30:00+08:00
MARKET|2020|SZ_A|03|000017.SZ|2020-06-12,COORDINATE_ELIGIBLE_MARKET_SEQUENCE,SZ_A,000017.SZ,000017,2020-06-12,2020,3,-1,,2.2999999999999998,2.2999999523162842,False,230,230,0,-4.7683715642676816e-08,4.7683715642676816e-08,0.15974440894568692,0.36741214057507987,0.36741213295787289,0.34345047923322675,0.31948881789137379,0.31948881789137379,False,0,0,1,0.034999966621398933,False,False,0,0,False,PITB-80B916173F29877FD683,2020-06-12T15:30:00+08:00
MARKET|2020|SZ_A|04|300484.SZ|2020-06-08,COORDINATE_ELIGIBLE_MARKET_SEQUENCE,SZ_A,300484.SZ,300484,2020-06-08,2020,4,-5,,10.369999999999999,10.369999885559082,False,1037,1037,0,-1.1444091718715299e-07,1.1444091718715299e-07,0.046559306383711314,0.4828200071990863,0.48282000187079654,0.46559306383711335,0.41391223375119374,0.3845798707294556,False,0,0,230,0.010123751697175431,False,False,0,0,False,PITB-80B916173F29877FD683,2020-06-08T15:30:00+08:00
MARKET|2020|SZ_A|04|300484.SZ|2020-06-09,COORDINATE_ELIGIBLE_MARKET_SEQUENCE,SZ_A,300484.SZ,300484,2020-06-09,2020,4,-4,,10.01,10.010000228881836,False,1001,1001,0,2.2888183615066282e-07,2.2888183615066282e-07,0.046559306383711314,0.46605865690095027,0.46605866755752978,0.47164577366699584,0.41391223375119374,0.3845798707294556,False,0,0,199,0.0044994332793056547,False,False,0,0,False,PITB-80B916173F29877FD683,2020-06-09T15:30:00+08:00
MARKET|2020|SZ_A|04|300484.SZ|2020-06-10,COORDINATE_ELIGIBLE_MARKET_SEQUENCE,SZ_A,300484.SZ,300484,2020-06-10,2020,4,-3,,9.8599999999999994,9.8599996566772461,False,986,986,0,-3.4332275333781581e-07,3.4332275333781581e-07,0.046559306383711314,0.4590747609433935,0.45907474495852429,0.46419628464560186,0.41391223375119374,0.3845798707294556,False,0,0,164,0.0067490962814829346,False,False,0,0,False,PITB-80B916173F29877FD683,2020-06-10T15:30:00+08:00
MARKET|2020|SZ_A|04|300484.SZ|2020-06-11,COORDINATE_ELIGIBLE_MARKET_SEQUENCE,SZ_A,300484.SZ,300484,2020-06-11,2020,4,-2,,9.8800000000000008,9.880000114440918,False,988,988,0,1.1444091718715299e-07,1.1444091718715299e-07,0.046559306383711307,0.46000594707106773,0.46000595239935749,0.45628120256037086,0.41391223375119374,0.3845798707294556,False,0,0,185,0.0089988665586113094,False,False,0,0,False,PITB-80B916173F29877FD683,2020-06-11T15:30:00+08:00
MARKET|2020|SZ_A|04|300484.SZ|2020-06-12,COORDINATE_ELIGIBLE_MARKET_SEQUENCE,SZ_A,300484.SZ,300484,2020-06-12,2020,4,-1,,9.8699999999999992,9.869999885559082,False,987,987,0,-1.1444091718715299e-07,1.1444091718715299e-07,0.046559306383711307,0.45954035400723059,0.45954034867894084,0.45628120256037086,0.41391223375119374,0.3845798707294556,False,0,0,1,0.035995466234445238,False,False,0,0,False,PITB-80B916173F29877FD683,2020-06-12T15:30:00+08:00
MARKET|2020|SZ_A|05|000821.SZ|2020-06-08,COORDINATE_ELIGIBLE_MARKET_SEQUENCE,SZ_A,000821.SZ,000821,2020-06-08,2020,5,-5,,6.1100000000000003,6.1100001335144043,False,611,611,0,1.3351440397713077e-07,1.3351440397713077e-07,0.080586956425481471,0.49238630375969178,0.49238631451921128,0.45692804293247991,0.45692804293247991,0.44483999946865749,False,0,0,58,0.021164085078701947,False,False,0,0,False,PITB-80B916173F29877FD683,2020-06-08T15:30:00+08:00
MARKET|2020|SZ_A|05|000821.SZ|2020-06-09,COORDINATE_ELIGIBLE_MARKET_SEQUENCE,SZ_A,000821.SZ,000821,2020-06-09,2020,5,-4,,6.0499999999999998,6.0500001907348633,False,605,605,0,1.9073486345888568e-07,1.9073486345888568e-07,0.080586956425481471,0.48755108637416289,0.48755110174490501,0.46176326031800891,0.45692804293247991,0.44483999946865749,False,0,0,25,0.008818375790981178,False,False,0,0,False,PITB-80B916173F29877FD683,2020-06-09T15:30:00+08:00
MARKET|2020|SZ_A|05|000821.SZ|2020-06-10,COORDINATE_ELIGIBLE_MARKET_SEQUENCE,SZ_A,000821.SZ,000821,2020-06-10,2020,5,-3,,6.0199999999999996,6.0199999809265137,False,602,602,0,-1.9073485901799359e-08,1.9073485901799359e-08,0.080586956425481471,0.48513347768139842,0.48513347614432423,0.46821021683204733,0.45692804293247991,0.44483999946865749,False,0,0,193,0.0035273334967395919,False,False,0,0,False,PITB-80B916173F29877FD683,2020-06-10T15:30:00+08:00
MARKET|2020|SZ_A|05|000821.SZ|2020-06-11,COORDINATE_ELIGIBLE_MARKET_SEQUENCE,SZ_A,000821.SZ,000821,2020-06-11,2020,5,-2,,6.0099999999999998,6.0100002288818359,False,601,601,0,2.2888183615066282e-07,2.2888183615066282e-07,0.080586956425481471,0.48432760811714359,0.48432762656203415,0.46821021683204733,0.45692804293247991,0.44483999946865749,False,0,0,0,0.0052910422942414638,False,False,0,0,False,PITB-80B916173F29877FD683,2020-06-11T15:30:00+08:00
MARKET|2020|SZ_A|05|000821.SZ|2020-06-12,COORDINATE_ELIGIBLE_MARKET_SEQUENCE,SZ_A,000821.SZ,000821,2020-06-12,2020,5,-1,,5.9400000000000004,5.940000057220459,False,594,594,0,5.7220458593576495e-08,5.7220458593576495e-08,0.080586956425481471,0.47868652116735999,0.47868652577858256,0.47385130378183099,0.45692804293247991,0.44483999946865749,False,0,0,1,0.015873042784460362,False,False,0,0,False,PITB-80B916173F29877FD683,2020-06-12T15:30:00+08:00
MARKET|2020|SZ_A|06|300285.SZ|2020-06-08,COORDINATE_ELIGIBLE_MARKET_SEQUENCE,SZ_A,300285.SZ,300285,2020-06-08,2020,6,-5,,27.07,27.069999694824219,False,2707,2707,0,-3.0517578153421709e-07,3.0517578153421709e-07,0.075096350825907945,2.0328582168573281,2.0328581939397408,1.7144496893554781,1.7144496893554781,1.5345748597169944,False,0,0,28,0.017520789247931528,False,False,0,0,False,PITB-80B916173F29877FD683,2020-06-08T15:30:00+08:00
MARKET|2020|SZ_A|06|300285.SZ|2020-06-09,COORDINATE_ELIGIBLE_MARKET_SEQUENCE,SZ_A,300285.SZ,300285,2020-06-09,2020,6,-4,,26.82,26.819999694824219,False,2682,2682,0,-3.0517578153421709e-07,3.0517578153421709e-07,0.075096350825907959,2.0140841291508513,2.0140841062332639,1.7144496893554781,1.7144496893554781,1.5345748597169944,False,0,0,4,0.022339037620754978,False,False,0,0,False,PITB-80B916173F29877FD683,2020-06-09T15:30:00+08:00
MARKET|2020|SZ_A|06|300285.SZ|2020-06-10,COORDINATE_ELIGIBLE_MARKET_SEQUENCE,SZ_A,300285.SZ,300285,2020-06-10,2020,6,-3,,26.789999999999999,26.790000915527344,False,2679,2679,0,9.1552734460265128e-07,9.1552734460265128e-07,0.075096350825907945,2.0118312386260739,2.0118313073788365,1.7144496893554781,1.7144496893554781,1.5345748597169944,False,0,0,67,0.014892691747169985,False,False,0,0,False,PITB-80B916173F29877FD683,2020-06-10T15:30:00+08:00
MARKET|2020|SZ_A|06|300285.SZ|2020-06-11,COORDINATE_ELIGIBLE_MARKET_SEQUENCE,SZ_A,300285.SZ,300285,2020-06-11,2020,6,-2,,25.949999999999999,25.950000762939453,False,2595,2595,0,7.6293945383554274e-07,7.6293945383554274e-07,0.075096350825907945,1.9487503039323111,1.94875036122628,1.7144496893554781,1.7144496893554781,1.5345748597169944,False,0,0,170,0.0070083156991724814,False,False,0,0,False,PITB-80B916173F29877FD683,2020-06-11T15:30:00+08:00
MARKET|2020|SZ_A|06|300285.SZ|2020-06-12,COORDINATE_ELIGIBLE_MARKET_SEQUENCE,SZ_A,300285.SZ,300285,2020-06-12,2020,6,-1,,25.66,25.659999847412109,False,2566,2566,0,-1.5258789076710855e-07,1.5258789076710855e-07,0.075096350825907945,1.9269723621927979,1.9269723507340042,1.7272160689958829,1.7144496893554781,1.5465578747269857,False,0,0,9,0.014016631398345093,False,False,0,0,False,PITB-80B916173F29877FD683,2020-06-12T15:30:00+08:00
MARKET|2020|SZ_A|07|002712.SZ|2020-06-08,COORDINATE_ELIGIBLE_MARKET_SEQUENCE,SZ_A,002712.SZ,002712,2020-06-08,2020,7,-5,,7.0599999999999996,7.059999942779541,False,706,706,0,-5.7220458593576495e-08,5.7220458593576495e-08,0.074096606339401364,0.52312204075617363,0.52312203651633182,0.47792311088913897,0.46384475568465255,0.42827838464173978,False,0,0,58,0.0063897702640619653,False,False,0,0,False,PITB-80B916173F29877FD683,2020-06-08T15:30:00+08:00
MARKET|2020|SZ_A|07|002712.SZ|2020-06-09,COORDINATE_ELIGIBLE_MARKET_SEQUENCE,SZ_A,002712.SZ,002712,2020-06-09,2020,7,-4,,7.2999999999999998,7.3000001907348633,False,730,730,0,1.9073486345888568e-07,1.9073486345888568e-07,0.074096606339401364,0.54090522627762994,0.54090524041043608,0.48162794120610902,0.46384475568465255,0.42827838464173978,False,0,0,1,0.046325872500483652,False,False,0,0,False,PITB-80B916173F29877FD683,2020-06-09T15:30:00+08:00
MARKET|2020|SZ_A|07|002712.SZ|2020-06-10,COORDINATE_ELIGIBLE_MARKET_SEQUENCE,SZ_A,002712.SZ,002712,2020-06-10,2020,7,-3,,7.2400000000000002,7.2399997711181641,False,724,724,0,-2.2888183615066282e-07,2.2888183615066282e-07,0.074096606339401364,0.53645942989726592,0.53645941293789856,0.50015209279095929,0.46903151812841065,0.42827838464173978,False,0,0,1,0.01895732789243005,False,False,0,0,False,PITB-80B916173F29877FD683,2020-06-10T15:30:00+08:00
MARKET|2020|SZ_A|07|002712.SZ|2020-06-11,COORDINATE_ELIGIBLE_MARKET_SEQUENCE,SZ_A,002712.SZ,002712,2020-06-11,2020,7,-2,,7.1399999999999997,7.1399998664855957,False,714,714,0,-1.3351440397713077e-07,1.3351440397713077e-07,0.074096606339401364,0.5290497692633257,0.52904975937036147,0.50015209279095929,0.4705134502551987,0.42827838464173978,False,0,0,198,0.017322780579093755,False,False,0,0,False,PITB-80B916173F29877FD683,2020-06-11T15:30:00+08:00
MARKET|2020|SZ_A|07|002712.SZ|2020-06-12,COORDINATE_ELIGIBLE_MARKET_SEQUENCE,SZ_A,002712.SZ,002712,2020-06-12,2020,7,-1,,7.1399999999999997,7.1399998664855957,False,714,714,0,-1.3351440397713077e-07,1.3351440397713077e-07,0.074096606339401364,0.5290497692633257,0.52904975937036147,0.50830271948829342,0.4705134502551987,0.42827838464173978,False,0,0,2,0.036220475444643435,False,False,0,0,False,PITB-80B916173F29877FD683,2020-06-12T15:30:00+08:00
MARKET|2020|SZ_A|08|300119.SZ|2020-06-08,COORDINATE_ELIGIBLE_MARKET_SEQUENCE,SZ_A,300119.SZ,300119,2020-06-08,2020,8,-5,,18.829999999999998,18.829999923706055,False,1883,1883,0,-7.6293943607197434e-08,7.6293943607197434e-08,0.087093441992986229,1.6399695127279306,1.6399695060832284,1.4579442189625895,1.4579442189625895,1.2659438965873702,False,0,0,1,0.062126583523220591,False,False,0,0,False,PITB-80B916173F29877FD683,2020-06-08T15:30:00+08:00
MARKET|2020|SZ_A|08|300119.SZ|2020-06-09,COORDINATE_ELIGIBLE_MARKET_SEQUENCE,SZ_A,300119.SZ,300119,2020-06-09,2020,8,-4,,18.27,18.270000457763672,False,1827,1827,0,4.5776367230132564e-07,4.5776367230132564e-07,0.087093441992986229,1.5911971852118583,1.5911972250800721,1.4640407599020984,1.4579442189625895,1.3089155156161338,False,0,0,219,0.013142247353830532,False,False,0,0,False,PITB-80B916173F29877FD683,2020-06-09T15:30:00+08:00
MARKET|2020|SZ_A|08|300119.SZ|2020-06-10,COORDINATE_ELIGIBLE_MARKET_SEQUENCE,SZ_A,300119.SZ,300119,2020-06-10,2020,8,-3,,18.010000000000002,18.010000228881836,False,1801,1801,0,2.2888183437430598e-07,2.2888183437430598e-07,0.087093441992986229,1.5685528902936821,1.5685529102277889,1.4683954320017478,1.4579442189625895,1.3948587536736605,False,0,0,96,0.014336903889973959,False,False,0,0,False,PITB-80B916173F29877FD683,2020-06-10T15:30:00+08:00
MARKET|2020|SZ_A|08|300119.SZ|2020-06-11,COORDINATE_ELIGIBLE_MARKET_SEQUENCE,SZ_A,300119.SZ,300119,2020-06-11,2020,8,-2,,17.09,17.090000152587891,False,1709,1709,0,1.5258789076710855e-07,1.5258789076710855e-07,0.087093441992986229,1.4884269236601346,1.4884269369495393,1.4683954320017478,1.4579442189625895,1.4008747803376878,False,0,0,187,0.0011947704757272106,False,False,0,0,False,PITB-80B916173F29877FD683,2020-06-11T15:30:00+08:00
MARKET|2020|SZ_A|08|300119.SZ|2020-06-12,COORDINATE_ELIGIBLE_MARKET_SEQUENCE,SZ_A,300119.SZ,300119,2020-06-12,2020,8,-1,,17,17,True,1700,1700,0,0,0,0.087093441992986215,1.4805885138807657,1.4805885138807657,1.4823303827206258,1.4579442189625895,1.411187968904591,True,0.011350105312990166,0.0041493775933609959,1,0.026881766005941037,False,False,0,0,False,PITB-80B916173F29877FD683,2020-06-12T15:30:00+08:00
MARKET|2020|SZ_A|09|002766.SZ|2020-06-08,COORDINATE_ELIGIBLE_MARKET_SEQUENCE,SZ_A,002766.SZ,002766,2020-06-08,2020,9,-5,,3.1299999999999999,3.130000114440918,False,313,313,0,1.1444091807533141e-07,1.1444091807533141e-07,0.071285364223657777,0.22312319002004885,0.22312319817801135,0.22098462909333919,0.19674760525729554,0.19674760525729554,False,0,0,2,0.014492826185364542,False,False,0,0,False,PITB-80B916173F29877FD683,2020-06-08T15:30:00+08:00
MARKET|2020|SZ_A|09|002766.SZ|2020-06-09,COORDINATE_ELIGIBLE_MARKET_SEQUENCE,SZ_A,002766.SZ,002766,2020-06-09,2020,9,-4,,3.1400000000000001,3.1400001049041748,False,314,314,0,1.0490417468034252e-07,1.0490417468034252e-07,0.071285364223657791,0.22383604366228549,0.22383605114041777,0.22027177545110252,0.19674760525729554,0.19674760525729554,False,0,0,27,0.025362381036730729,False,False,0,0,False,PITB-80B916173F29877FD683,2020-06-09T15:30:00+08:00
MARKET|2020|SZ_A|09|002766.SZ|2020-06-10,COORDINATE_ELIGIBLE_MARKET_SEQUENCE,SZ_A,002766.SZ,002766,2020-06-10,2020,9,-3,,3.1299999999999999,3.130000114440918,False,313,313,0,1.1444091807533141e-07,1.1444091807533141e-07,0.071285364223657804,0.22312319002004891,0.22312319817801143,0.21884606816662941,0.19674760525729554,0.19674760525729554,False,0,0,4,0.054347860640373662,False,False,0,0,False,PITB-80B916173F29877FD683,2020-06-10T15:30:00+08:00
MARKET|2020|SZ_A|09|002766.SZ|2020-06-11,COORDINATE_ELIGIBLE_MARKET_SEQUENCE,SZ_A,002766.SZ,002766,2020-06-11,2020,9,-2,,3.29,3.2899999618530273,False,329,329,0,-3.8146972691777137e-08,3.8146972691777137e-08,0.071285364223657791,0.23452884829583415,0.2345288455765133,0.21243038538650022,0.19674760525729554,0.19674760525729554,False,0,0,1,0.065217415491739844,False,False,0,0,False,PITB-80B916173F29877FD683,2020-06-11T15:30:00+08:00
MARKET|2020|SZ_A|09|002766.SZ|2020-06-12,COORDINATE_ELIGIBLE_MARKET_SEQUENCE,SZ_A,002766.SZ,002766,2020-06-12,2020,9,-1,,3.3300000000000001,3.3299999237060547,False,333,333,0,-7.6293945383554274e-08,7.6293945383554274e-08,0.071285364223657804,0.23738026286478048,0.2373802574261388,0.21243038538650022,0.19674760525729554,0.19674760525729554,False,0,0,11,0.03623184950455377,False,False,0,0,False,PITB-80B916173F29877FD683,2020-06-12T15:30:00+08:00
MARKET|2020|SZ_A|10|300220.SZ|2020-06-08,COORDINATE_ELIGIBLE_MARKET_SEQUENCE,SZ_A,300220.SZ,300220,2020-06-08,2020,10,-5,,54.32,54.319999694824219,False,5432,5432,0,-3.0517578153421709e-07,3.0517578153421709e-07,0.049587742349785399,2.6936061644403431,2.6936061493073651,2.4823623820302569,2.4744283432542904,2.2835155352076177,False,0,0,4,0.052705432226758352,False,False,0,0,False,PITB-80B916173F29877FD683,2020-06-08T15:30:00+08:00
MARKET|2020|SZ_A|10|300220.SZ|2020-06-09,COORDINATE_ELIGIBLE_MARKET_SEQUENCE,SZ_A,300220.SZ,300220,2020-06-09,2020,10,-4,,54.200000000000003,54.200000762939453,False,5420,5420,0,7.6293945028282906e-07,7.6293945028282906e-07,0.049587742349785399,2.6876556353583689,2.6876556731908137,2.5294707372625531,2.4744283432542904,2.4000467297296129,False,0,0,90,0.0088176841965180702,False,False,0,0,False,PITB-80B916173F29877FD683,2020-06-09T15:30:00+08:00
MARKET|2020|SZ_A|10|300220.SZ|2020-06-10,COORDINATE_ELIGIBLE_MARKET_SEQUENCE,SZ_A,300220.SZ,300220,2020-06-10,2020,10,-3,,53.5,53.5,True,5350,5350,0,0,0,0.049587742349785406,2.6529442157135192,2.6529442157135192,2.5631904020604077,2.4744283432542904,2.4635190399373381,False,0,0,11,0.021843690432623054,False,False,0,0,False,PITB-80B916173F29877FD683,2020-06-10T15:30:00+08:00
MARKET|2020|SZ_A|10|300220.SZ|2020-06-11,COORDINATE_ELIGIBLE_MARKET_SEQUENCE,SZ_A,300220.SZ,300220,2020-06-11,2020,10,-2,,51.189999999999998,51.189998626708984,False,5119,5119,0,-1.3732910133512632e-06,1.3732910133512632e-06,0.049587742349785399,2.5383965308855143,2.5383964627871136,2.5631904020604077,2.4744283432542904,2.465998427054827,False,0,0,226,0.0078156190310307763,False,False,0,0,False,PITB-80B916173F29877FD683,2020-06-11T15:30:00+08:00
MARKET|2020|SZ_A|10|300220.SZ|2020-06-12,COORDINATE_ELIGIBLE_MARKET_SEQUENCE,SZ_A,300220.SZ,300220,2020-06-12,2020,10,-1,,52,52,True,5200,5200,0,0,0,0.049587742349785392,2.5785626021888404,2.5785626021888404,2.5190573113690982,2.4823623820302569,2.465998427054827,False,0,0,1,0.035956836537366053,False,False,0,0,False,PITB-80B916173F29877FD683,2020-06-12T15:30:00+08:00
MARKET|2021|ALL_A|01|601933.SH|2021-06-07,COORDINATE_ELIGIBLE_MARKET_SEQUENCE,ALL_A,601933.SH,601933,2021-06-07,2021,1,-5,,5.5300000000000002,5.5300002098083496,False,553,553,0,2.0980834936068504e-07,2.0980834936068504e-07,0.10329136232659823,0.57120123366608822,0.57120125533747845,0.57223414728935407,0.54227965221464058,0.53814799772157673,False,0,0,114,0.0019048055013020251,False,False,0,0,False,PITB-80B916173F29877FD683,2021-06-07T15:30:00+08:00
MARKET|2021|ALL_A|01|601933.SH|2021-06-08,COORDINATE_ELIGIBLE_MARKET_SEQUENCE,ALL_A,601933.SH,601933,2021-06-08,2021,1,-4,,5.4199999999999999,5.4200000762939453,False,542,542,0,7.6293945383554274e-08,7.6293945383554274e-08,0.10329136232659823,0.5598391838101624,0.55983919169066798,0.57016832004282214,0.54744422033097051,0.53814799772157673,False,0,0,216,0.0037735813068894902,False,False,0,0,False,PITB-80B916173F29877FD683,2021-06-08T15:30:00+08:00
MARKET|2021|ALL_A|01|601933.SH|2021-06-09,COORDINATE_ELIGIBLE_MARKET_SEQUENCE,ALL_A,601933.SH,601933,2021-06-09,2021,1,-3,,5.4400000000000004,5.440000057220459,False,544,544,0,5.7220458593576495e-08,5.7220458593576495e-08,0.10329136232659826,0.56190501105669455,0.56190501696707373,0.55777335656363047,0.55777335656363047,0.53814799772157673,False,0,0,212,0.0018518942373771674,False,False,0,0,False,PITB-80B916173F29877FD683,2021-06-09T15:30:00+08:00
MARKET|2021|ALL_A|01|601933.SH|2021-06-10,COORDINATE_ELIGIBLE_MARKET_SEQUENCE,ALL_A,601933.SH,601933,2021-06-10,2021,1,-2,,5.4000000000000004,5.4000000953674316,False,540,540,0,9.5367431285353632e-08,9.5367431285353632e-08,0.10329136232659825,0.55777335656363058,0.55777336641426245,0.55777335656363047,0.55777335656363047,0.53814799772157673,True,0.0037036825109409595,0.15767634854771784,5,0.003703700171576522,False,False,0,0,False,PITB-80B916173F29877FD683,2021-06-10T15:30:00+08:00
MARKET|2021|ALL_A|01|601933.SH|2021-06-11,COORDINATE_ELIGIBLE_MARKET_SEQUENCE,ALL_A,601933.SH,601933,2021-06-11,2021,1,-1,,5.3200000000000003,5.320000171661377,False,532,532,0,1.7166137666890791e-07,1.7166137666890791e-07,0.10329136232659826,0.54951004757750277,0.54951006530864022,0.55570752931709866,0.55570752931709866,0.53814799772157673,True,0.014869853023259582,0.86307053941908718,219,0.0037174685737013406,False,False,0,0,False,PITB-80B916173F29877FD683,2021-06-11T15:30:00+08:00
MARKET|2021|ALL_A|02|002877.SZ|2021-06-07,COORDINATE_ELIGIBLE_MARKET_SEQUENCE,ALL_A,002877.SZ,002877,2021-06-07,2021,2,-5,,6.4000000000000004,6.4000000953674316,False,640,640,0,9.5367431285353632e-08,9.5367431285353632e-08,0.11529873068926652,0.73791187641130573,0.7379118874070496,0.74367681294576893,0.73329992718373505,0.73329992718373505,False,0,0,142,0.0062893021781490225,False,False,0,0,False,PITB-80B916173F29877FD683,2021-06-07T15:30:00+08:00
MARKET|2021|ALL_A|02|002877.SZ|2021-06-08,COORDINATE_ELIGIBLE_MARKET_SEQUENCE,ALL_A,002877.SZ,002877,2021-06-08,2021,2,-4,,6.5499999999999998,6.5500001907348633,False,655,655,0,1.9073486345888568e-07,1.9073486345888568e-07,0.11529873068926652,0.75520668601469565,0.75520670800618339,0.73329992718373505,0.73329992718373505,0.73329992718373505,True,0.025157262694160888,0.29875518672199169,29,0.055031506520397358,False,False,0,0,False,PITB-80B916173F29877FD683,2021-06-08T15:30:00+08:00
MARKET|2021|ALL_A|02|002877.SZ|2021-06-09,COORDINATE_ELIGIBLE_MARKET_SEQUENCE,ALL_A,002877.SZ,002877,2021-06-09,2021,2,-3,,6.5099999999999998,6.5100002288818359,False,651,651,0,2.2888183615066282e-07,2.2888183615066282e-07,0.11529873068926651,0.75059473678712496,0.7505947631769101,0.7148521302734524,0.7148521302734524,0.7148521302734524,False,0,0,0,0.0048387435174756738,False,False,0,0,False,PITB-80B916173F29877FD683,2021-06-09T15:30:00+08:00
MARKET|2021|ALL_A|02|002877.SZ|2021-06-10,COORDINATE_ELIGIBLE_MARKET_SEQUENCE,ALL_A,002877.SZ,002877,2021-06-10,2021,2,-2,,6.6299999999999999,6.630000114440918,False,663,663,0,1.1444091807533141e-07,1.1444091807533141e-07,0.11529873068926651,0.76443058446983692,0.76443059766472954,0.7148521302734524,0.7148521302734524,0.7148521302734524,False,0,0,23,0.017741957018452378,False,False,0,0,False,PITB-80B916173F29877FD683,2021-06-10T15:30:00+08:00
MARKET|2021|ALL_A|02|002877.SZ|2021-06-11,COORDINATE_ELIGIBLE_MARKET_SEQUENCE,ALL_A,002877.SZ,002877,2021-06-11,2021,2,-1,,6.54,6.5399999618530273,False,654,654,0,-3.8146972691777137e-08,3.8146972691777137e-08,0.11529873068926651,0.75405369870780292,0.75405369430950542,0.7148521302734524,0.7148521302734524,0.7148521302734524,False,0,0,193,0,False,False,0,0,False,PITB-80B916173F29877FD683,2021-06-11T15:30:00+08:00
MARKET|2021|ALL_A|03|003035.SZ|2021-06-07,COORDINATE_ELIGIBLE_MARKET_SEQUENCE,ALL_A,003035.SZ,003035,2021-06-07,2021,3,-5,,10.57,10.569999694824219,False,1057,1057,0,-3.0517578153421709e-07,3.0517578153421709e-07,0.49504950495049554,5.2326732673267378,5.2326731162496181,5.2079207920792117,4.7772277227722801,4.7376237623762414,False,0,0,1,0.017616588216989124,False,False,0,0,False,PITB-80B916173F29877FD683,2021-06-07T15:30:00+08:00
MARKET|2021|ALL_A|03|003035.SZ|2021-06-08,COORDINATE_ELIGIBLE_MARKET_SEQUENCE,ALL_A,003035.SZ,003035,2021-06-08,2021,3,-4,,10.44,10.439999580383301,False,1044,1044,0,-4.1961669872137008e-07,4.1961669872137008e-07,0.49504950495049549,5.1683168316831729,5.1683166239521334,5.1485148514851531,4.960396039603963,4.7376237623762414,False,0,0,93,0.0039920121609806555,False,False,0,0,False,PITB-80B916173F29877FD683,2021-06-08T15:30:00+08:00
MARKET|2021|ALL_A|03|003035.SZ|2021-06-09,COORDINATE_ELIGIBLE_MARKET_SEQUENCE,ALL_A,003035.SZ,003035,2021-06-09,2021,3,-3,,10.199999999999999,10.199999809265137,False,1020,1020,0,-1.9073486257070726e-07,1.9073486257070726e-07,0.49504950495049554,5.049504950495054,5.049504856071855,5.1485148514851531,4.960396039603963,4.7376237623762414,False,0,0,10,0.0039920121609808342,False,False,0,0,False,PITB-80B916173F29877FD683,2021-06-09T15:30:00+08:00
MARKET|2021|ALL_A|03|003035.SZ|2021-06-10,COORDINATE_ELIGIBLE_MARKET_SEQUENCE,ALL_A,003035.SZ,003035,2021-06-10,2021,3,-2,,10.17,10.170000076293945,False,1017,1017,0,7.6293945383554274e-08,7.6293945383554274e-08,0.49504950495049543,5.0346534653465387,5.0346535031158188,5.0297029702970351,4.960396039603963,4.7376237623762414,False,0,0,10,0.0049900389954954851,False,False,0,0,False,PITB-80B916173F29877FD683,2021-06-10T15:30:00+08:00
MARKET|2021|ALL_A|03|003035.SZ|2021-06-11,COORDINATE_ELIGIBLE_MARKET_SEQUENCE,ALL_A,003035.SZ,003035,2021-06-11,2021,3,-1,,10.470000000000001,10.470000267028809,False,1047,1047,0,2.6702880795426154e-07,2.6702880795426154e-07,0.49504950495049543,5.1831683168316873,5.1831684490241665,5.0099009900990135,4.960396039603963,4.7376237623762414,False,0,0,0,0.031936192464923727,False,False,0,0,False,PITB-80B916173F29877FD683,2021-06-11T15:30:00+08:00
MARKET|2021|ALL_A|04|002587.SZ|2021-06-07,COORDINATE_ELIGIBLE_MARKET_SEQUENCE,ALL_A,002587.SZ,002587,2021-06-07,2021,4,-5,,4.5300000000000002,4.5300002098083496,False,453,453,0,2.0980834936068504e-07,2.0980834936068504e-07,0.15149108504616324,0.68625461525911946,0.68625464704321404,0.64535202229665523,0.63929237889480883,0.63929237889480883,False,0,0,21,0.0047393319731075263,False,False,0,0,False,PITB-80B916173F29877FD683,2021-06-07T15:30:00+08:00
MARKET|2021|ALL_A|04|002587.SZ|2021-06-08,COORDINATE_ELIGIBLE_MARKET_SEQUENCE,ALL_A,002587.SZ,002587,2021-06-08,2021,4,-4,,4.5599999999999996,4.559999942779541,False,456,456,0,-5.7220458593576495e-08,5.7220458593576495e-08,0.15149108504616321,0.69079934781050423,0.69079933914211478,0.65141166569850184,0.63929237889480883,0.63929237889480883,False,0,0,1,0.018957327892429932,False,False,0,0,False,PITB-80B916173F29877FD683,2021-06-08T15:30:00+08:00
MARKET|2021|ALL_A|04|002587.SZ|2021-06-09,COORDINATE_ELIGIBLE_MARKET_SEQUENCE,ALL_A,002587.SZ,002587,2021-06-09,2021,4,-3,,4.5800000000000001,4.5799999237060547,False,458,458,0,-7.6293945383554274e-08,7.6293945383554274e-08,0.15149108504616324,0.69382916951142759,0.69382915795357503,0.6544414873994252,0.63929237889480883,0.63929237889480883,False,0,0,3,0.0071089414623674825,False,False,0,0,False,PITB-80B916173F29877FD683,2021-06-09T15:30:00+08:00
MARKET|2021|ALL_A|04|002587.SZ|2021-06-10,COORDINATE_ELIGIBLE_MARKET_SEQUENCE,ALL_A,002587.SZ,002587,2021-06-10,2021,4,-2,,4.7800000000000002,4.7800002098083496,False,478,478,0,2.0980834936068504e-07,2.0980834936068504e-07,0.15149108504616321,0.72412738652066022,0.72412741830475469,0.66201604165173322,0.63929237889480883,0.63929237889480883,False,0,0,1,0.054502374188030014,False,False,0,0,False,PITB-80B916173F29877FD683,2021-06-10T15:30:00+08:00
MARKET|2021|ALL_A|04|002587.SZ|2021-06-11,COORDINATE_ELIGIBLE_MARKET_SEQUENCE,ALL_A,002587.SZ,002587,2021-06-11,2021,4,-1,,4.8499999999999996,4.8499999046325684,False,485,485,0,-9.5367431285353632e-08,9.5367431285353632e-08,0.15149108504616324,0.7347317624738916,0.73473174802657604,0.66201604165173322,0.63929237889480883,0.63929237889480883,False,0,0,8,0.02606638234938503,False,False,0,0,False,PITB-80B916173F29877FD683,2021-06-11T15:30:00+08:00
MARKET|2021|ALL_A|05|002612.SZ|2021-06-07,COORDINATE_ELIGIBLE_MARKET_SEQUENCE,ALL_A,002612.SZ,002612,2021-06-07,2021,5,-5,,57.289999999999999,57.290000915527344,False,5729,5729,0,9.1552734460265128e-07,9.1552734460265128e-07,0.092792986498756586,5.3161101965137645,5.3161102814682808,5.2038306828502705,4.4540633519403157,3.2551779663763822,False,0,0,0,0,False,False,0,0,False,PITB-80B916173F29877FD683,2021-06-07T15:30:00+08:00
MARKET|2021|ALL_A|05|002612.SZ|2021-06-08,COORDINATE_ELIGIBLE_MARKET_SEQUENCE,ALL_A,002612.SZ,002612,2021-06-08,2021,5,-4,,51.560000000000002,51.560001373291016,False,5156,5156,0,1.3732910133512632e-06,1.3732910133512632e-06,0.092792986498756586,4.7844063838758899,4.7844065113076644,5.3003353888089766,4.4540633519403157,3.2551779663763822,False,0,0,0,0,False,False,0,0,False,PITB-80B916173F29877FD683,2021-06-08T15:30:00+08:00
MARKET|2021|ALL_A|05|002612.SZ|2021-06-09,COORDINATE_ELIGIBLE_MARKET_SEQUENCE,ALL_A,002612.SZ,002612,2021-06-09,2021,5,-3,,51.100000000000001,51.099998474121094,False,5110,5110,0,-1.5258789076710855e-06,1.5258789076710855e-06,0.092792986498756599,4.7417216100864623,4.7417214684956015,4.7844063838758899,4.7231630127867108,3.2551779663763822,True,0.036149285397033132,0.016597510373443983,0,0.04007852850353795,False,False,0,0,False,PITB-80B916173F29877FD683,2021-06-09T15:30:00+08:00
MARKET|2021|ALL_A|05|002612.SZ|2021-06-10,COORDINATE_ELIGIBLE_MARKET_SEQUENCE,ALL_A,002612.SZ,002612,2021-06-10,2021,5,-2,,49.890000000000001,49.889999389648438,False,4989,4989,0,-6.1035156306843419e-07,6.1035156306843419e-07,0.092792986498756599,4.6294420964229666,4.6294420397866221,4.5524239176289987,4.5524239176289987,3.2551779663763822,True,0.012637614620689162,0.049792531120331947,25,0.029555661698724919,False,False,0,0,False,PITB-80B916173F29877FD683,2021-06-10T15:30:00+08:00
MARKET|2021|ALL_A|05|002612.SZ|2021-06-11,COORDINATE_ELIGIBLE_MARKET_SEQUENCE,ALL_A,002612.SZ,002612,2021-06-11,2021,5,-1,,46.030000000000001,46.029998779296875,False,4603,4603,0,-1.2207031261368684e-06,1.2207031261368684e-06,0.092792986498756586,4.2712611685377659,4.2712610552650769,4.494892265999769,4.494892265999769,3.2941510207058604,True,0.066680448297426656,0.92116182572614103,225,0.016928152246577653,False,False,0,0,False,PITB-80B916173F29877FD683,2021-06-11T15:30:00+08:00
MARKET|2021|ALL_A|06|300849.SZ|2021-06-07,COORDINATE_ELIGIBLE_MARKET_SEQUENCE,ALL_A,300849.SZ,300849,2021-06-07,2021,6,-5,,24.719999999999999,24.719999313354492,False,2472,2472,0,-6.8664550667563162e-07,6.8664550667563162e-07,0.049627791563275431,1.2267990074441686,1.2267989733674685,1.0352357320099255,0.99205955334987572,0.99205955334987572,False,0,0,3,0.066533262816710986,False,False,0,0,False,PITB-80B916173F29877FD683,2021-06-07T15:30:00+08:00
MARKET|2021|ALL_A|06|300849.SZ|2021-06-08,COORDINATE_ELIGIBLE_MARKET_SEQUENCE,ALL_A,300849.SZ,300849,2021-06-08,2021,6,-4,,25,25,True,2500,2500,0,0,0,0.049627791563275431,1.2406947890818858,1.2406947890818858,1.0352357320099255,0.99205955334987572,0.99205955334987572,False,0,0,13,0.040019971838946844,False,False,0,0,False,PITB-80B916173F29877FD683,2021-06-08T15:30:00+08:00
MARKET|2021|ALL_A|06|300849.SZ|2021-06-09,COORDINATE_ELIGIBLE_MARKET_SEQUENCE,ALL_A,300849.SZ,300849,2021-06-09,2021,6,-3,,16.100000000000001,16.100000381469727,False,1610,1610,0,3.8146972514141453e-07,3.8146972514141453e-07,0.075193623580720362,1.2106173396495978,1.2106173683336889,1.0709677419354839,0.99205955334987572,0.99205955334987572,False,0,0,1,0.046993257176573079,False,False,1,0,False,PITB-80B916173F29877FD683,2021-06-09T15:30:00+08:00
MARKET|2021|ALL_A|06|300849.SZ|2021-06-10,COORDINATE_ELIGIBLE_MARKET_SEQUENCE,ALL_A,300849.SZ,300849,2021-06-10,2021,6,-2,,15.390000000000001,15.390000343322754,False,1539,1539,0,3.4332275333781581e-07,3.4332275333781581e-07,0.075193623580720348,1.1572298669072862,1.1572298927229681,1.0833746898263026,0.99205955334987572,0.99205955334987572,False,0,0,168,0.011369364394666282,False,False,0,0,False,PITB-80B916173F29877FD683,2021-06-10T15:30:00+08:00
MARKET|2021|ALL_A|06|300849.SZ|2021-06-11,COORDINATE_ELIGIBLE_MARKET_SEQUENCE,ALL_A,300849.SZ,300849,2021-06-11,2021,6,-1,,16.469999999999999,16.469999313354492,False,1647,1647,0,-6.8664550667563162e-07,6.8664550667563162e-07,0.075193623580720362,1.2384389803744642,1.2384389287431006,1.0833746898263026,1.0084367245657564,0.99205955334987572,False,0,0,0,0.085003533587482041,False,False,0,0,False,PITB-80B916173F29877FD683,2021-06-11T15:30:00+08:00
MARKET|2021|ALL_A|07|605208.SH|2021-06-07,COORDINATE_ELIGIBLE_MARKET_SEQUENCE,ALL_A,605208.SH,605208,2021-06-07,2021,7,-5,,24.18,24.180000305175781,False,2418,2418,0,3.0517578153421709e-07,3.0517578153421709e-07,0.051813471502590684,1.2528497409326427,1.2528497567448593,1.1979274611398967,1.182901554404145,1.182901554404145,False,0,0,45,0.014892691747170015,False,False,0,0,False,PITB-80B916173F29877FD683,2021-06-07T15:30:00+08:00
MARKET|2021|ALL_A|07|605208.SH|2021-06-08,COORDINATE_ELIGIBLE_MARKET_SEQUENCE,ALL_A,605208.SH,605208,2021-06-08,2021,7,-4,,24.219999999999999,24.219999313354492,False,2422,2422,0,-6.8664550667563162e-07,6.8664550667563162e-07,0.051813471502590677,1.2549222797927462,1.2549222442152588,1.1979274611398967,1.182901554404145,1.182901554404145,False,0,0,3,0.008760352851109059,False,False,0,0,False,PITB-80B916173F29877FD683,2021-06-08T15:30:00+08:00
MARKET|2021|ALL_A|07|605208.SH|2021-06-09,COORDINATE_ELIGIBLE_MARKET_SEQUENCE,ALL_A,605208.SH,605208,2021-06-09,2021,7,-3,,23.710000000000001,23.709999084472656,False,2371,2371,0,-9.1552734460265128e-07,9.1552734460265128e-07,0.051813471502590684,1.2284974093264251,1.2284973618897752,1.2082901554404148,1.182901554404145,1.182901554404145,False,0,0,197,0.0030661276751738861,False,False,0,0,False,PITB-80B916173F29877FD683,2021-06-09T15:30:00+08:00
MARKET|2021|ALL_A|07|605208.SH|2021-06-10,COORDINATE_ELIGIBLE_MARKET_SEQUENCE,ALL_A,605208.SH,605208,2021-06-10,2021,7,-2,,23.469999999999999,23.469999313354492,False,2347,2347,0,-6.8664550667563162e-07,6.8664550667563162e-07,0.051813471502590691,1.2160621761658035,1.2160621405883161,1.2248704663212437,1.182901554404145,1.182901554404145,False,0,0,6,0.0039421880239987094,False,False,0,0,False,PITB-80B916173F29877FD683,2021-06-10T15:30:00+08:00
MARKET|2021|ALL_A|07|605208.SH|2021-06-11,COORDINATE_ELIGIBLE_MARKET_SEQUENCE,ALL_A,605208.SH,605208,2021-06-11,2021,7,-1,,23.899999999999999,23.899999618530273,False,2390,2390,0,-3.8146972514141453e-07,3.8146972514141453e-07,0.051813471502590684,1.2383419689119173,1.2383419491466465,1.2113989637305702,1.182901554404145,1.182901554404145,False,0,0,1,0.024091074772691484,False,False,0,0,False,PITB-80B916173F29877FD683,2021-06-11T15:30:00+08:00
MARKET|2021|ALL_A|08|000803.SZ|2021-06-07,COORDINATE_ELIGIBLE_MARKET_SEQUENCE,ALL_A,000803.SZ,000803,2021-06-07,2021,8,-5,,13.42,13.420000076293945,False,1342,1342,0,7.6293945383554274e-08,7.6293945383554274e-08,0.043687199650502377,0.58628221930974189,0.58628222264281071,0.49934469200524206,0.49453910004368701,0.49453910004368701,False,0,0,2,0.044169611307420496,False,False,0,0,False,PITB-80B916173F29877FD683,2021-06-07T15:30:00+08:00
MARKET|2021|ALL_A|08|000803.SZ|2021-06-08,COORDINATE_ELIGIBLE_MARKET_SEQUENCE,ALL_A,000803.SZ,000803,2021-06-08,2021,8,-4,,13.82,13.819999694824219,False,1382,1382,0,-3.0517578153421709e-07,3.0517578153421709e-07,0.043687199650502384,0.60375709916994291,0.60375708583766763,0.49934469200524206,0.49453910004368701,0.49453910004368701,False,0,0,14,0.068021157605066621,False,False,0,0,False,PITB-80B916173F29877FD683,2021-06-08T15:30:00+08:00
MARKET|2021|ALL_A|08|000803.SZ|2021-06-09,COORDINATE_ELIGIBLE_MARKET_SEQUENCE,ALL_A,000803.SZ,000803,2021-06-09,2021,8,-3,,13.83,13.829999923706055,False,1383,1383,0,-7.6293945383554274e-08,7.6293945383554274e-08,0.043687199650502377,0.60419397116644791,0.60419396783337909,0.49934469200524206,0.49453910004368701,0.49453910004368701,False,0,0,1,0.0291519367231498,False,False,0,0,False,PITB-80B916173F29877FD683,2021-06-09T15:30:00+08:00
MARKET|2021|ALL_A|08|000803.SZ|2021-06-10,COORDINATE_ELIGIBLE_MARKET_SEQUENCE,ALL_A,000803.SZ,000803,2021-06-10,2021,8,-2,,13.550000000000001,13.550000190734863,False,1355,1355,0,1.9073486257070726e-07,1.9073486257070726e-07,0.043687199650502377,0.59196155526430727,0.59196156359697927,0.49934469200524206,0.49453910004368701,0.49453910004368701,False,0,0,71,0.017667827673598716,False,False,0,0,False,PITB-80B916173F29877FD683,2021-06-10T15:30:00+08:00
MARKET|2021|ALL_A|08|000803.SZ|2021-06-11,COORDINATE_ELIGIBLE_MARKET_SEQUENCE,ALL_A,000803.SZ,000803,2021-06-11,2021,8,-1,,13.539999999999999,13.539999961853027,False,1354,1354,0,-3.8146971803598717e-08,3.8146971803598717e-08,0.043687199650502377,0.59152468326780216,0.59152468160126781,0.49934469200524206,0.49453910004368701,0.49453910004368701,False,0,0,2,0.0035335655347198333,False,False,0,0,False,PITB-80B916173F29877FD683,2021-06-11T15:30:00+08:00
MARKET|2021|ALL_A|09|002366.SZ|2021-06-07,COORDINATE_ELIGIBLE_MARKET_SEQUENCE,ALL_A,002366.SZ,002366,2021-06-07,2021,9,-5,,3.7799999999999998,3.7799999713897705,False,378,378,0,-2.8610229296788248e-08,2.8610229296788248e-08,0.03842892044965892,0.1452613192997107,0.14526131820025048,0.14372416248172437,0.14372416248172437,0.13142690793783346,True,0.0053475859330937335,0.099585062240663894,0,0.016042765449075069,False,False,0,0,False,PITB-80B916173F29877FD683,2021-06-07T15:30:00+08:00
MARKET|2021|ALL_A|09|002366.SZ|2021-06-08,COORDINATE_ELIGIBLE_MARKET_SEQUENCE,ALL_A,002366.SZ,002366,2021-06-08,2021,9,-4,,3.71,3.7100000381469727,False,371,371,0,3.8146972691777137e-08,3.8146972691777137e-08,0.03842892044965892,0.14257129486823458,0.14257129633418156,0.14295558407273118,0.14295558407273118,0.13142690793783346,True,0.0053763312678183524,0.72199170124481327,11,0.0026881694793700738,False,False,0,0,False,PITB-80B916173F29877FD683,2021-06-08T15:30:00+08:00
MARKET|2021|ALL_A|09|002366.SZ|2021-06-09,COORDINATE_ELIGIBLE_MARKET_SEQUENCE,ALL_A,002366.SZ,002366,2021-06-09,2021,9,-3,,3.9300000000000002,3.9300000667572021,False,393,393,0,6.6757201988565384e-08,6.6757201988565384e-08,0.038428920449658885,0.15102565736715942,0.15102565993256664,0.14218700566373801,0.14218700566373801,0.13142690793783346,True,0.0054053873629193476,0.037344398340248962,9,0.067567567567567627,False,False,0,0,False,PITB-80B916173F29877FD683,2021-06-09T15:30:00+08:00
MARKET|2021|ALL_A|09|002366.SZ|2021-06-10,COORDINATE_ELIGIBLE_MARKET_SEQUENCE,ALL_A,002366.SZ,002366,2021-06-10,2021,9,-2,,3.8100000000000001,3.809999942779541,False,381,381,0,-5.7220459037665705e-08,5.7220459037665705e-08,0.038428920449658885,0.14641418691320035,0.14641418471427989,0.14141842725474468,0.14141842725474468,0.13142690793783346,False,0,0,1,0.0054347774256831771,False,False,0,0,False,PITB-80B916173F29877FD683,2021-06-10T15:30:00+08:00
MARKET|2021|ALL_A|09|002366.SZ|2021-06-11,COORDINATE_ELIGIBLE_MARKET_SEQUENCE,ALL_A,002366.SZ,002366,2021-06-11,2021,9,-1,,3.8300000000000001,3.8299999237060547,False,383,383,0,-7.6293945383554274e-08,7.6293945383554274e-08,0.038428920449658878,0.14718276532219352,0.14718276239029954,0.14141842725474468,0.14141842725474468,0.13142690793783346,False,0,0,0,0.010869554851365962,False,False,0,0,False,PITB-80B916173F29877FD683,2021-06-11T15:30:00+08:00
MARKET|2021|ALL_A|10|002812.SZ|2021-06-07,COORDINATE_ELIGIBLE_MARKET_SEQUENCE,ALL_A,002812.SZ,002812,2021-06-07,2021,10,-5,,174.5,174.5,True,17450,17450,0,0,0,0.034445922306343635,6.0108134424569641,6.0108134424569641,4.9309337781530935,4.2812836834554524,3.8226707564190576,False,0,0,41,0.025343904549717359,False,False,0,0,False,PITB-80B916173F29877FD683,2021-06-07T15:30:00+08:00
MARKET|2021|ALL_A|10|002812.SZ|2021-06-08,COORDINATE_ELIGIBLE_MARKET_SEQUENCE,ALL_A,002812.SZ,002812,2021-06-08,2021,10,-4,,169.41,169.41000366210938,False,16941,16941,0,3.6621093784106051e-06,3.6621093784106051e-06,0.034445922306343642,5.8354836979176765,5.8354838240624112,5.0129150732421914,4.2812836834554524,3.8226707564190576,False,0,0,173,0.029044980371321635,False,False,0,0,False,PITB-80B916173F29877FD683,2021-06-08T15:30:00+08:00
MARKET|2021|ALL_A|10|002812.SZ|2021-06-09,COORDINATE_ELIGIBLE_MARKET_SEQUENCE,ALL_A,002812.SZ,002812,2021-06-09,2021,10,-3,,170,170,True,17000,17000,0,0,0,0.034445922306343642,5.8558067920784191,5.8558067920784191,5.0246266868263474,4.2812836834554524,3.8226707564190576,False,0,0,189,0.020516558466150168,False,False,0,0,False,PITB-80B916173F29877FD683,2021-06-09T15:30:00+08:00
MARKET|2021|ALL_A|10|002812.SZ|2021-06-10,COORDINATE_ELIGIBLE_MARKET_SEQUENCE,ALL_A,002812.SZ,002812,2021-06-10,2021,10,-2,,179.5,179.5,True,17950,17950,0,0,0,0.034445922306343642,6.1830430539886834,6.1830430539886834,5.0246266868263474,4.2812836834554524,3.8226707564190576,False,0,0,1,0.076112371983805327,False,False,0,0,False,PITB-80B916173F29877FD683,2021-06-10T15:30:00+08:00
MARKET|2021|ALL_A|10|002812.SZ|2021-06-11,COORDINATE_ELIGIBLE_MARKET_SEQUENCE,ALL_A,002812.SZ,002812,2021-06-11,2021,10,-1,,191.21000000000001,191.21000671386719,False,19121,19121,0,6.7138671795419214e-06,6.7138671795419214e-06,0.034445922306343635,6.5864048041959666,6.586405035461314,5.1858336032200345,4.2812836834554524,3.8288629876659557,False,0,0,10,0.083755762025177871,False,False,0,0,False,PITB-80B916173F29877FD683,2021-06-11T15:30:00+08:00
MARKET|2021|CHINEXT_BOARD|01|300748.SZ|2021-06-07,COORDINATE_ELIGIBLE_MARKET_SEQUENCE,CHINEXT_BOARD,300748.SZ,300748,2021-06-07,2021,1,-5,,27.120000000000001,27.120000839233398,False,2712,2712,0,8.3923339744274017e-07,8.3923339744274017e-07,0.20883511770714441,5.6636083922177569,5.6636085674791623,4.9848942596695354,4.7342921184209628,4.6495454186737009,False,0,0,117,0.013233398518269962,False,False,0,0,False,PITB-80B916173F29877FD683,2021-06-07T15:30:00+08:00
MARKET|2021|CHINEXT_BOARD|01|300748.SZ|2021-06-08,COORDINATE_ELIGIBLE_MARKET_SEQUENCE,CHINEXT_BOARD,300748.SZ,300748,2021-06-08,2021,1,-4,,26.489999999999998,26.489999771118164,False,2649,2649,0,-2.2888183437430598e-07,2.2888183437430598e-07,0.20883511770714439,5.5320422680622547,5.5320422202636896,4.9848942596695354,4.7342921184209628,4.6495454186737009,False,0,0,158,0.014997801172822626,False,False,0,0,False,PITB-80B916173F29877FD683,2021-06-08T15:30:00+08:00
MARKET|2021|CHINEXT_BOARD|01|300748.SZ|2021-06-09,COORDINATE_ELIGIBLE_MARKET_SEQUENCE,CHINEXT_BOARD,300748.SZ,300748,2021-06-09,2021,1,-3,,26.239999999999998,26.239999771118164,False,2624,2624,0,-2.2888183437430598e-07,2.2888183437430598e-07,0.20883511770714441,5.4798334886354692,5.479833440836904,5.1039302767626067,4.7342921184209628,4.6807068512478889,False,0,0,196,0.0092633032409639767,False,False,0,0,False,PITB-80B916173F29877FD683,2021-06-09T15:30:00+08:00
MARKET|2021|CHINEXT_BOARD|01|300748.SZ|2021-06-10,COORDINATE_ELIGIBLE_MARKET_SEQUENCE,CHINEXT_BOARD,300748.SZ,300748,2021-06-10,2021,1,-2,,26.379999999999999,26.379999160766602,False,2638,2638,0,-8.3923339744274017e-07,8.3923339744274017e-07,0.20883511770714439,5.5090704051144685,5.5090702298530632,5.1039302767626067,4.7342921184209628,4.6949891745110568,False,0,0,1,0.015879960432418613,False,False,0,0,False,PITB-80B916173F29877FD683,2021-06-10T15:30:00+08:00
MARKET|2021|CHINEXT_BOARD|01|300748.SZ|2021-06-11,COORDINATE_ELIGIBLE_MARKET_SEQUENCE,CHINEXT_BOARD,300748.SZ,300748,2021-06-11,2021,1,-1,,25.960000000000001,25.959999084472656,False,2596,2596,0,-9.1552734460265128e-07,9.1552734460265128e-07,0.20883511770714439,5.4213596556774686,5.4213594644832073,5.1039302767626067,4.7342921184209628,4.6949891745110568,False,0,0,31,0.015879960432418613,False,False,0,0,False,PITB-80B916173F29877FD683,2021-06-11T15:30:00+08:00
MARKET|2021|CHINEXT_BOARD|02|300482.SZ|2021-06-07,COORDINATE_ELIGIBLE_MARKET_SEQUENCE,CHINEXT_BOARD,300482.SZ,300482,2021-06-07,2021,2,-5,,73.170000000000002,73.169998168945312,False,7317,7317,0,-1.8310546892053026e-06,1.8310546892053026e-06,0.032888359126937612,2.4064412373180253,2.406441177097641,2.2285152144412925,2.2154655707800681,1.9207580638638508,False,0,0,2,0.04112031600901974,False,False,0,0,False,PITB-80B916173F29877FD683,2021-06-07T15:30:00+08:00
MARKET|2021|CHINEXT_BOARD|02|300482.SZ|2021-06-08,COORDINATE_ELIGIBLE_MARKET_SEQUENCE,CHINEXT_BOARD,300482.SZ,300482,2021-06-08,2021,2,-4,,71.799999999999997,71.800003051757812,False,7180,7180,0,3.0517578153421709e-06,3.0517578153421709e-06,0.032888359126937612,2.3613841853141206,2.3613842856814276,2.2285152144412925,2.2154655707800681,1.9207580638638508,False,0,0,137,0.023603445785400985,False,False,0,0,False,PITB-80B916173F29877FD683,2021-06-08T15:30:00+08:00
MARKET|2021|CHINEXT_BOARD|02|300482.SZ|2021-06-09,COORDINATE_ELIGIBLE_MARKET_SEQUENCE,CHINEXT_BOARD,300482.SZ,300482,2021-06-09,2021,2,-3,,70.370000000000005,70.370002746582031,False,7037,7037,0,2.7465820267025265e-06,2.7465820267025265e-06,0.032888359126937605,2.3143538317625993,2.3143539220931757,2.2285152144412925,2.2154655707800681,1.9207580638638508,False,0,0,164,0.0028205667514678598,False,False,0,0,False,PITB-80B916173F29877FD683,2021-06-09T15:30:00+08:00
MARKET|2021|CHINEXT_BOARD|02|300482.SZ|2021-06-10,COORDINATE_ELIGIBLE_MARKET_SEQUENCE,CHINEXT_BOARD,300482.SZ,300482,2021-06-10,2021,2,-2,,70.030000000000001,70.029998779296875,False,7003,7003,0,-1.2207031261368684e-06,1.2207031261368684e-06,0.032888359126937612,2.3031717896594408,2.3031717495125181,2.2285152144412925,2.2154655707800681,1.9293149001022383,False,0,0,7,0.015141745530997805,False,False,0,0,False,PITB-80B916173F29877FD683,2021-06-10T15:30:00+08:00
MARKET|2021|CHINEXT_BOARD|02|300482.SZ|2021-06-11,COORDINATE_ELIGIBLE_MARKET_SEQUENCE,CHINEXT_BOARD,300482.SZ,300482,2021-06-11,2021,2,-1,,69.950000000000003,69.949996948242188,False,6995,6995,0,-3.0517578153421709e-06,3.0517578153421709e-06,0.032888359126937612,2.3005407209292859,2.3005406205619789,2.2285152144412925,2.2154655707800681,1.9700857080616123,False,0,0,52,0.024197142015371723,False,False,0,0,False,PITB-80B916173F29877FD683,2021-06-11T15:30:00+08:00
MARKET|2021|CHINEXT_BOARD|03|300755.SZ|2021-06-07,COORDINATE_ELIGIBLE_MARKET_SEQUENCE,CHINEXT_BOARD,300755.SZ,300755,2021-06-07,2021,3,-5,,50.5,50.5,True,5050,5050,0,0,0,0.07560685684752122,3.8181462707998217,3.8181462707998217,3.1271742408764078,2.585642863422136,1.9687941872955044,False,0,0,0,0.099711902970284608,False,False,0,0,False,PITB-80B916173F29877FD683,2021-06-07T15:30:00+08:00
MARKET|2021|CHINEXT_BOARD|03|300755.SZ|2021-06-08,COORDINATE_ELIGIBLE_MARKET_SEQUENCE,CHINEXT_BOARD,300755.SZ,300755,2021-06-08,2021,3,-4,,45.579999999999998,45.580001831054688,False,4558,4558,0,1.8310546892053026e-06,1.8310546892053026e-06,0.075606856847521206,3.4461605351100166,3.4461606735503061,3.1331996247701968,2.5976936312097134,1.9815981280698054,False,0,0,203,0.011933311848490287,False,False,0,0,False,PITB-80B916173F29877FD683,2021-06-08T15:30:00+08:00
MARKET|2021|CHINEXT_BOARD|03|300755.SZ|2021-06-09,COORDINATE_ELIGIBLE_MARKET_SEQUENCE,CHINEXT_BOARD,300755.SZ,300755,2021-06-09,2021,3,-3,,41.850000000000001,41.849998474121094,False,4185,4185,0,-1.5258789076710855e-06,1.5258789076710855e-06,0.075606856847521206,3.1641469590687628,3.1641468437018543,3.1331996247701968,2.7536004394615001,1.9815981280698054,False,0,0,225,0.01949476705926623,False,False,0,0,False,PITB-80B916173F29877FD683,2021-06-09T15:30:00+08:00
MARKET|2021|CHINEXT_BOARD|03|300755.SZ|2021-06-10,COORDINATE_ELIGIBLE_MARKET_SEQUENCE,CHINEXT_BOARD,300755.SZ,300755,2021-06-10,2021,3,-2,,42.890000000000001,42.889999389648438,False,4289,4289,0,-6.1035156306843419e-07,6.1035156306843419e-07,0.07560685684752122,3.242778090190185,3.2427780440434217,3.110466090707023,2.9870840653458179,1.9815981280698054,False,0,0,1,0.051381823795164129,False,False,0,0,False,PITB-80B916173F29877FD683,2021-06-10T15:30:00+08:00
MARKET|2021|CHINEXT_BOARD|03|300755.SZ|2021-06-11,COORDINATE_ELIGIBLE_MARKET_SEQUENCE,CHINEXT_BOARD,300755.SZ,300755,2021-06-11,2021,3,-1,,42.799999999999997,42.799999237060547,False,4280,4280,0,-7.6293945028282906e-07,7.6293945028282906e-07,0.07560685684752122,3.235973473073908,3.235973415390454,3.0892961707897171,2.9870840653458179,1.9815981280698054,False,0,0,10,0.070871504403106439,False,False,0,0,False,PITB-80B916173F29877FD683,2021-06-11T15:30:00+08:00
MARKET|2021|CHINEXT_BOARD|04|300317.SZ|2021-06-07,COORDINATE_ELIGIBLE_MARKET_SEQUENCE,CHINEXT_BOARD,300317.SZ,300317,2021-06-07,2021,4,-5,,6.1799999999999997,6.179999828338623,False,618,618,0,-1.7166137666890791e-07,1.7166137666890791e-07,0.064103546434325712,0.39615991696413289,0.39615990596002987,0.33974879610192621,0.33846672517323984,0.30256873917001736,False,0,0,1,0.026515126228332547,False,False,0,0,False,PITB-80B916173F29877FD683,2021-06-07T15:30:00+08:00
MARKET|2021|CHINEXT_BOARD|04|300317.SZ|2021-06-08,COORDINATE_ELIGIBLE_MARKET_SEQUENCE,CHINEXT_BOARD,300317.SZ,300317,2021-06-08,2021,4,-4,,6.0499999999999998,6.0500001907348633,False,605,605,0,1.9073486345888568e-07,1.9073486345888568e-07,0.064103546434325712,0.38782645592767057,0.38782646815445171,0.33974879610192621,0.33974879610192621,0.30256873917001736,False,0,0,90,0.0094339982518608818,False,False,0,0,False,PITB-80B916173F29877FD683,2021-06-08T15:30:00+08:00
MARKET|2021|CHINEXT_BOARD|04|300317.SZ|2021-06-09,COORDINATE_ELIGIBLE_MARKET_SEQUENCE,CHINEXT_BOARD,300317.SZ,300317,2021-06-09,2021,4,-3,,5.9199999999999999,5.9200000762939453,False,592,592,0,7.6293945383554274e-08,7.6293945383554274e-08,0.064103546434325712,0.37949299489120819,0.37949299978192069,0.33974879610192621,0.33974879610192621,0.30256873917001736,False,0,0,68,0.0094339982518610466,False,False,0,0,False,PITB-80B916173F29877FD683,2021-06-09T15:30:00+08:00
MARKET|2021|CHINEXT_BOARD|04|300317.SZ|2021-06-10,COORDINATE_ELIGIBLE_MARKET_SEQUENCE,CHINEXT_BOARD,300317.SZ,300317,2021-06-10,2021,4,-2,,6.0499999999999998,6.0500001907348633,False,605,605,0,1.9073486345888568e-07,1.9073486345888568e-07,0.064103546434325712,0.38782645592767057,0.38782646815445171,0.33974879610192621,0.33974879610192621,0.30256873917001736,False,0,0,1,0.037735903038168886,False,False,0,0,False,PITB-80B916173F29877FD683,2021-06-10T15:30:00+08:00
MARKET|2021|CHINEXT_BOARD|04|300317.SZ|2021-06-11,COORDINATE_ELIGIBLE_MARKET_SEQUENCE,CHINEXT_BOARD,300317.SZ,300317,2021-06-11,2021,4,-1,,5.7699999999999996,5.7699999809265137,False,577,577,0,-1.9073485901799359e-08,1.9073485901799359e-08,0.064103546434325712,0.36987746292605933,0.36987746170338126,0.34359500888798572,0.33974879610192621,0.30256873917001736,False,0,0,229,0.011320743920668109,False,False,0,0,False,PITB-80B916173F29877FD683,2021-06-11T15:30:00+08:00
MARKET|2021|CHINEXT_BOARD|05|300647.SZ|2021-06-07,COORDINATE_ELIGIBLE_MARKET_SEQUENCE,CHINEXT_BOARD,300647.SZ,300647,2021-06-07,2021,5,-5,,9.2300000000000004,9.2299995422363281,False,923,923,0,-4.5776367230132564e-07,4.5776367230132564e-07,0.1387987725612029,1.281112670739903,1.2811126072028671,1.242249014422766,1.1825655422214492,1.1742376158677774,False,0,0,1,0.0093896624068140894,False,False,0,0,False,PITB-80B916173F29877FD683,2021-06-07T15:30:00+08:00
MARKET|2021|CHINEXT_BOARD|05|300647.SZ|2021-06-08,COORDINATE_ELIGIBLE_MARKET_SEQUENCE,CHINEXT_BOARD,300647.SZ,300647,2021-06-08,2021,5,-4,,9.4100000000000001,9.4099998474121094,False,941,941,0,-1.5258789076710855e-07,1.5258789076710855e-07,0.13879877256120293,1.3060964498009195,1.3060964286219077,1.242249014422766,1.1825655422214492,1.1742376158677774,False,0,0,11,0.037558649627255788,False,False,0,0,False,PITB-80B916173F29877FD683,2021-06-08T15:30:00+08:00
MARKET|2021|CHINEXT_BOARD|05|300647.SZ|2021-06-09,COORDINATE_ELIGIBLE_MARKET_SEQUENCE,CHINEXT_BOARD,300647.SZ,300647,2021-06-09,2021,5,-3,,9.3699999999999992,9.369999885559082,False,937,937,0,-1.1444091718715299e-07,1.1444091718715299e-07,0.1387987725612029,1.3005444988984711,1.3005444830142123,1.242249014422766,1.1908934685751214,1.1742376158677774,False,0,0,209,0.010489528273646992,False,False,0,0,False,PITB-80B916173F29877FD683,2021-06-09T15:30:00+08:00
MARKET|2021|CHINEXT_BOARD|05|300647.SZ|2021-06-10,COORDINATE_ELIGIBLE_MARKET_SEQUENCE,CHINEXT_BOARD,300647.SZ,300647,2021-06-10,2021,5,-2,,9.5899999999999999,9.5900001525878906,False,959,959,0,1.5258789076710855e-07,1.5258789076710855e-07,0.1387987725612029,1.3310802288619359,1.3310802500409478,1.242249014422766,1.1908934685751214,1.1742376158677774,False,0,0,0,0.029137529137529143,False,False,0,0,False,PITB-80B916173F29877FD683,2021-06-10T15:30:00+08:00
MARKET|2021|CHINEXT_BOARD|05|300647.SZ|2021-06-11,COORDINATE_ELIGIBLE_MARKET_SEQUENCE,CHINEXT_BOARD,300647.SZ,300647,2021-06-11,2021,5,-1,,9.2100000000000009,9.2100000381469727,False,921,921,0,3.8146971803598717e-08,3.8146971803598717e-08,0.1387987725612029,1.2783366952886788,1.2783367005834316,1.242249014422766,1.1908934685751214,1.1742376158677774,False,0,0,232,0.0046620002159705378,False,False,0,0,False,PITB-80B916173F29877FD683,2021-06-11T15:30:00+08:00
MARKET|2021|CHINEXT_BOARD|06|300701.SZ|2021-06-07,COORDINATE_ELIGIBLE_MARKET_SEQUENCE,CHINEXT_BOARD,300701.SZ,300701,2021-06-07,2021,6,-5,,29.760000000000002,29.760000228881836,False,2976,2976,0,2.2888183437430598e-07,2.2888183437430598e-07,0.040208711638360907,1.1966112583576207,1.1966112675606644,1.1174000964300497,1.0952853050289508,1.0856352142357444,False,0,0,27,0.0091776798825258053,False,False,0,0,False,PITB-80B916173F29877FD683,2021-06-07T15:30:00+08:00
MARKET|2021|CHINEXT_BOARD|06|300701.SZ|2021-06-08,COORDINATE_ELIGIBLE_MARKET_SEQUENCE,CHINEXT_BOARD,300701.SZ,300701,2021-06-08,2021,6,-4,,19.260000000000002,19.260000228881836,False,1926,1926,0,2.2888183437430598e-07,2.2888183437430598e-07,0.061343707708012007,1.1814798104563113,1.1814798244967717,1.1266481001068724,1.0952853050289508,1.0856352142357444,False,0,0,12,0.0056007271743743828,False,False,1,0,False,PITB-80B916173F29877FD683,2021-06-08T15:30:00+08:00
MARKET|2021|CHINEXT_BOARD|06|300701.SZ|2021-06-09,COORDINATE_ELIGIBLE_MARKET_SEQUENCE,CHINEXT_BOARD,300701.SZ,300701,2021-06-09,2021,6,-3,,20.640000000000001,20.639999389648438,False,2064,2064,0,-6.1035156306843419e-07,6.1035156306843419e-07,0.061343707708012001,1.2661341270933677,1.2661340896521398,1.1395148878311485,1.1145854866153644,1.0856352142357444,False,0,0,1,0.079253548442496768,False,False,0,0,False,PITB-80B916173F29877FD683,2021-06-09T15:30:00+08:00
MARKET|2021|CHINEXT_BOARD|06|300701.SZ|2021-06-10,COORDINATE_ELIGIBLE_MARKET_SEQUENCE,CHINEXT_BOARD,300701.SZ,300701,2021-06-10,2021,6,-2,,20.739999999999998,20.739999771118164,False,2074,2074,0,-2.2888183437430598e-07,2.2888183437430598e-07,0.061343707708011987,1.2722684978641685,1.2722684838237082,1.1507733270898894,1.1157917479645152,1.0856352142357444,False,0,0,12,0.028588449544709803,False,False,0,0,False,PITB-80B916173F29877FD683,2021-06-10T15:30:00+08:00
MARKET|2021|CHINEXT_BOARD|06|300701.SZ|2021-06-11,COORDINATE_ELIGIBLE_MARKET_SEQUENCE,CHINEXT_BOARD,300701.SZ,300701,2021-06-11,2021,6,-1,,19.079999999999998,19.079999923706055,False,1908,1908,0,-7.6293943607197434e-08,7.6293943607197434e-08,0.061343707708011994,1.1704379430688687,1.1704379383887153,1.1507733270898894,1.1157917479645152,1.0856352142357444,False,0,0,3,0.004398214940592669,False,False,0,0,False,PITB-80B916173F29877FD683,2021-06-11T15:30:00+08:00
MARKET|2021|CHINEXT_BOARD|07|300337.SZ|2021-06-07,COORDINATE_ELIGIBLE_MARKET_SEQUENCE,CHINEXT_BOARD,300337.SZ,300337,2021-06-07,2021,7,-5,,4.8799999999999999,4.880000114440918,False,488,488,0,1.1444091807533141e-07,1.1444091807533141e-07,0.12242309065905191,0.5974246824161733,0.59742469642638418,0.55702506249868622,0.55580083159209581,0.53988582980641908,False,0,0,222,0.0088105642848077034,False,False,0,0,False,PITB-80B916173F29877FD683,2021-06-07T15:30:00+08:00
MARKET|2021|CHINEXT_BOARD|07|300337.SZ|2021-06-08,COORDINATE_ELIGIBLE_MARKET_SEQUENCE,CHINEXT_BOARD,300337.SZ,300337,2021-06-08,2021,7,-4,,5.1100000000000003,5.1100001335144043,False,511,511,0,1.3351440397713077e-07,1.3351440397713077e-07,0.12242309065905191,0.62558199326775532,0.62558200961300126,0.55702506249868622,0.55580083159209581,0.53988582980641908,False,0,0,1,0.057268772881461594,False,False,0,0,False,PITB-80B916173F29877FD683,2021-06-08T15:30:00+08:00
MARKET|2021|CHINEXT_BOARD|07|300337.SZ|2021-06-09,COORDINATE_ELIGIBLE_MARKET_SEQUENCE,CHINEXT_BOARD,300337.SZ,300337,2021-06-09,2021,7,-3,,5.0099999999999998,5.0100002288818359,False,501,501,0,2.2888183615066282e-07,2.2888183615066282e-07,0.12242309065905191,0.61333968420185003,0.61333971222227179,0.56437044793822944,0.55580083159209581,0.53988582980641908,False,0,0,212,0.0066079757287113407,False,False,0,0,False,PITB-80B916173F29877FD683,2021-06-09T15:30:00+08:00
MARKET|2021|CHINEXT_BOARD|07|300337.SZ|2021-06-10,COORDINATE_ELIGIBLE_MARKET_SEQUENCE,CHINEXT_BOARD,300337.SZ,300337,2021-06-10,2021,7,-2,,4.9800000000000004,4.9800000190734863,False,498,498,0,1.9073485901799359e-08,1.9073485901799359e-08,0.12242309065905191,0.60966699148207859,0.60966699381711364,0.56926737156459151,0.55580083159209581,0.53988582980641908,False,0,0,158,0.013215846427211755,False,False,0,0,False,PITB-80B916173F29877FD683,2021-06-10T15:30:00+08:00
MARKET|2021|CHINEXT_BOARD|07|300337.SZ|2021-06-11,COORDINATE_ELIGIBLE_MARKET_SEQUENCE,CHINEXT_BOARD,300337.SZ,300337,2021-06-11,2021,7,-1,,5.2300000000000004,5.2300000190734863,False,523,523,0,1.9073485901799359e-08,1.9073485901799359e-08,0.12242309065905191,0.64027276414684153,0.64027276648187659,0.59130352788322071,0.55580083159209581,0.53988582980641908,False,0,0,1,0.055066079295154106,False,False,0,0,False,PITB-80B916173F29877FD683,2021-06-11T15:30:00+08:00
MARKET|2021|CHINEXT_BOARD|08|300110.SZ|2021-06-07,COORDINATE_ELIGIBLE_MARKET_SEQUENCE,CHINEXT_BOARD,300110.SZ,300110,2021-06-07,2021,8,-5,,4.4900000000000002,4.4899997711181641,False,449,449,0,-2.2888183615066282e-07,2.2888183615066282e-07,0.099820003704593249,0.44819181663362373,0.44819179378663798,0.44472120262816767,0.44472120262816767,0.41984865214560818,True,0.0034187271914229134,0.14937759336099585,7,0.011222697719385539,False,False,0,0,False,PITB-80B916173F29877FD683,2021-06-07T15:30:00+08:00
MARKET|2021|CHINEXT_BOARD|08|300110.SZ|2021-06-08,COORDINATE_ELIGIBLE_MARKET_SEQUENCE,CHINEXT_BOARD,300110.SZ,300110,2021-06-08,2021,8,-4,,4.3600000000000003,4.3600001335144043,False,436,436,0,1.3351440397713077e-07,1.3351440397713077e-07,0.099820003704593263,0.43521521615202668,0.43521522947943497,0.4432008164483941,0.4432008164483941,0.41984865214560818,True,0.027026988364554701,0.89211618257261416,89,0.0090090004173484731,False,False,0,0,False,PITB-80B916173F29877FD683,2021-06-08T15:30:00+08:00
MARKET|2021|CHINEXT_BOARD|08|300110.SZ|2021-06-09,COORDINATE_ELIGIBLE_MARKET_SEQUENCE,CHINEXT_BOARD,300110.SZ,300110,2021-06-09,2021,8,-3,,4.3600000000000003,4.3600001335144043,False,436,436,0,1.3351440397713077e-07,1.3351440397713077e-07,0.099820003704593263,0.43521521615202668,0.43521522947943497,0.43122241600384292,0.43122241600384292,0.41984865214560818,False,0,0,0,0.0069444930111920954,False,False,0,0,False,PITB-80B916173F29877FD683,2021-06-09T15:30:00+08:00
MARKET|2021|CHINEXT_BOARD|08|300110.SZ|2021-06-10,COORDINATE_ELIGIBLE_MARKET_SEQUENCE,CHINEXT_BOARD,300110.SZ,300110,2021-06-10,2021,8,-2,,4.3499999999999996,4.3499999046325684,False,435,435,0,-9.5367431285353632e-08,9.5367431285353632e-08,0.099820003704593277,0.4342170161149807,0.43421700659540335,0.43122241600384292,0.43122241600384292,0.41984865214560818,False,0,0,4,0.0046296252144707433,False,False,0,0,False,PITB-80B916173F29877FD683,2021-06-10T15:30:00+08:00
MARKET|2021|CHINEXT_BOARD|08|300110.SZ|2021-06-11,COORDINATE_ELIGIBLE_MARKET_SEQUENCE,CHINEXT_BOARD,300110.SZ,300110,2021-06-11,2021,8,-1,,4.29,4.2899999618530273,False,429,429,0,-3.8146972691777137e-08,3.8146972691777137e-08,0.099820003704593277,0.42822781589270514,0.4282278120848742,0.43122241600384292,0.43122241600384292,0.41984865214560818,True,0.0092592106925116369,0.41493775933609961,15,0.0023147574177495196,False,False,0,0,False,PITB-80B916173F29877FD683,2021-06-11T15:30:00+08:00
MARKET|2021|CHINEXT_BOARD|09|300940.SZ|2021-06-07,COORDINATE_ELIGIBLE_MARKET_SEQUENCE,CHINEXT_BOARD,300940.SZ,300940,2021-06-07,2021,9,-5,,45.509999999999998,45.509998321533203,False,4551,4551,0,-1.6784667948854803e-06,1.6784667948854803e-06,0.0094312930302744517,0.42921814580779027,0.42921812997767811,0.39545411675940795,0.38196736772611539,0.38196736772611539,False,0,0,1,0.012098712685667435,False,False,0,0,False,PITB-80B916173F29877FD683,2021-06-07T15:30:00+08:00
MARKET|2021|CHINEXT_BOARD|09|300940.SZ|2021-06-08,COORDINATE_ELIGIBLE_MARKET_SEQUENCE,CHINEXT_BOARD,300940.SZ,300940,2021-06-08,2021,9,-4,,43.700000000000003,43.700000762939453,False,4370,4370,0,7.6293945028282906e-07,7.6293945028282906e-07,0.0094312930302744517,0.41214750542299355,0.41214751261849908,0.39686881071394914,0.3820616806564181,0.38196736772611539,False,0,0,230,0.0051838826085572791,False,False,0,0,False,PITB-80B916173F29877FD683,2021-06-08T15:30:00+08:00
MARKET|2021|CHINEXT_BOARD|09|300940.SZ|2021-06-09,COORDINATE_ELIGIBLE_MARKET_SEQUENCE,CHINEXT_BOARD,300940.SZ,300940,2021-06-09,2021,9,-3,,43.259999999999998,43.259998321533203,False,4326,4326,0,-1.6784667948854803e-06,1.6784667948854803e-06,0.0094312930302744517,0.40799773648967275,0.40799772065956058,0.39875506932000404,0.39271904178062844,0.38196736772611539,False,0,0,229,0.0055235240690760714,False,False,0,0,False,PITB-80B916173F29877FD683,2021-06-09T15:30:00+08:00
MARKET|2021|CHINEXT_BOARD|09|300940.SZ|2021-06-10,COORDINATE_ELIGIBLE_MARKET_SEQUENCE,CHINEXT_BOARD,300940.SZ,300940,2021-06-10,2021,9,-2,,44.170000000000002,44.169998168945312,False,4417,4417,0,-1.8310546892053026e-06,1.8310546892053026e-06,0.0094312930302744517,0.41658021314722254,0.41658019587800921,0.40582853909270966,0.39271904178062844,0.38196736772611539,False,0,0,66,0.037704123314702555,False,False,0,0,False,PITB-80B916173F29877FD683,2021-06-10T15:30:00+08:00
MARKET|2021|CHINEXT_BOARD|09|300940.SZ|2021-06-11,COORDINATE_ELIGIBLE_MARKET_SEQUENCE,CHINEXT_BOARD,300940.SZ,300940,2021-06-11,2021,9,-1,,43.060000000000002,43.060001373291016,False,4306,4306,0,1.3732910133512632e-06,1.3732910133512632e-06,0.0094312930302744517,0.4061114778836179,0.40611149083552789,0.40177308308969162,0.39271904178062844,0.38196736772611539,False,0,0,238,0.00024020500073172515,False,False,0,0,False,PITB-80B916173F29877FD683,2021-06-11T15:30:00+08:00
MARKET|2021|CHINEXT_BOARD|10|300585.SZ|2021-06-07,COORDINATE_ELIGIBLE_MARKET_SEQUENCE,CHINEXT_BOARD,300585.SZ,300585,2021-06-07,2021,10,-5,,12.91,12.909999847412109,False,1291,1291,0,-1.5258789076710855e-07,1.5258789076710855e-07,0.052617548146611098,0.67929254657274929,0.67929253854394855,0.62667499842613816,0.60247092627869692,0.59984004887136644,False,0,0,3,0.036681229370650194,False,False,0,0,False,PITB-80B916173F29877FD683,2021-06-07T15:30:00+08:00
MARKET|2021|CHINEXT_BOARD|10|300585.SZ|2021-06-08,COORDINATE_ELIGIBLE_MARKET_SEQUENCE,CHINEXT_BOARD,300585.SZ,300585,2021-06-08,2021,10,-4,,13.08,13.079999923706055,False,1308,1308,0,-7.6293945383554274e-08,7.6293945383554274e-08,0.052617548146611098,0.68823752975767316,0.68823752574327279,0.62667499842613816,0.60247092627869692,0.59984004887136644,False,0,0,9,0.029694336470557997,False,False,0,0,False,PITB-80B916173F29877FD683,2021-06-08T15:30:00+08:00
MARKET|2021|CHINEXT_BOARD|10|300585.SZ|2021-06-09,COORDINATE_ELIGIBLE_MARKET_SEQUENCE,CHINEXT_BOARD,300585.SZ,300585,2021-06-09,2021,10,-3,,12.859999999999999,12.859999656677246,False,1286,1286,0,-3.4332275333781581e-07,3.4332275333781581e-07,0.052617548146611098,0.6766616691654187,0.67666165110061716,0.62667499842613816,0.61036355850068846,0.59984004887136644,False,0,0,11,0.0060344564503635552,False,False,0,0,False,PITB-80B916173F29877FD683,2021-06-09T15:30:00+08:00
MARKET|2021|CHINEXT_BOARD|10|300585.SZ|2021-06-10,COORDINATE_ELIGIBLE_MARKET_SEQUENCE,CHINEXT_BOARD,300585.SZ,300585,2021-06-10,2021,10,-2,,12.91,12.909999847412109,False,1291,1291,0,-1.5258789076710855e-07,1.5258789076710855e-07,0.052617548146611098,0.67929254657274929,0.67929253854394855,0.62667499842613816,0.61036355850068846,0.59984004887136644,False,0,0,84,0.016379274170974113,False,False,0,0,False,PITB-80B916173F29877FD683,2021-06-10T15:30:00+08:00
MARKET|2021|CHINEXT_BOARD|10|300585.SZ|2021-06-11,COORDINATE_ELIGIBLE_MARKET_SEQUENCE,CHINEXT_BOARD,300585.SZ,300585,2021-06-11,2021,10,-1,,12.720000000000001,12.720000267028809,False,1272,1272,0,2.6702880795426154e-07,2.6702880795426154e-07,0.052617548146611098,0.6692952124248932,0.66929522647529438,0.62667499842613816,0.61299443590801916,0.59984004887136644,False,0,0,233,0.0017167774904440069,False,False,0,0,False,PITB-80B916173F29877FD683,2021-06-11T15:30:00+08:00
MARKET|2021|SH_A|01|600468.SH|2021-06-07,COORDINATE_ELIGIBLE_MARKET_SEQUENCE,SH_A,600468.SH,600468,2021-06-07,2021,1,-5,,4.0199999999999996,4.0199999809265137,False,402,402,0,-1.9073485901799359e-08,1.9073485901799359e-08,0.21140955156425967,0.8498663972883238,0.84986639325600666,0.85409458831960905,0.81181267800675716,0.81181267800675716,False,0,0,87,0.0026041020949681523,False,False,0,0,False,PITB-80B916173F29877FD683,2021-06-07T15:30:00+08:00
MARKET|2021|SH_A|01|600468.SH|2021-06-08,COORDINATE_ELIGIBLE_MARKET_SEQUENCE,SH_A,600468.SH,600468,2021-06-08,2021,1,-4,,4.0300000000000002,4.0300002098083496,False,403,403,0,2.0980834936068504e-07,2.0980834936068504e-07,0.21140955156425972,0.8519804928039667,0.85198053715945576,0.84775230177268135,0.82238315558497033,0.81181267800675716,False,0,0,34,0.012853519469116472,False,False,0,0,False,PITB-80B916173F29877FD683,2021-06-08T15:30:00+08:00
MARKET|2021|SH_A|01|600468.SH|2021-06-09,COORDINATE_ELIGIBLE_MARKET_SEQUENCE,SH_A,600468.SH,600468,2021-06-09,2021,1,-3,,4.1200000000000001,4.119999885559082,False,412,412,0,-1.1444091807533141e-07,1.1444091807533141e-07,0.2114095515642597,0.87100735244474992,0.87100732825084681,0.84141001522575365,0.83295363316318316,0.81181267800675716,False,0,0,4,0.027918694588133557,False,False,0,0,False,PITB-80B916173F29877FD683,2021-06-09T15:30:00+08:00
MARKET|2021|SH_A|01|600468.SH|2021-06-10,COORDINATE_ELIGIBLE_MARKET_SEQUENCE,SH_A,600468.SH,600468,2021-06-10,2021,1,-2,,4.0800000000000001,4.0799999237060547,False,408,408,0,-7.6293945383554274e-08,7.6293945383554274e-08,0.2114095515642597,0.86255097038217954,0.86255095425291084,0.84141001522575365,0.83295363316318316,0.81181267800675716,False,0,0,148,0.0025380081331669302,False,False,0,0,False,PITB-80B916173F29877FD683,2021-06-10T15:30:00+08:00
MARKET|2021|SH_A|01|600468.SH|2021-06-11,COORDINATE_ELIGIBLE_MARKET_SEQUENCE,SH_A,600468.SH,600468,2021-06-11,2021,1,-1,,4.04,4.0399999618530273,False,404,404,0,-3.8146972691777137e-08,3.8146972691777137e-08,0.21140955156425972,0.85409458831960927,0.85409458025497487,0.84141001522575365,0.83295363316318316,0.81181267800675716,False,0,0,236,0,False,False,0,0,False,PITB-80B916173F29877FD683,2021-06-11T15:30:00+08:00
MARKET|2021|SH_A|02|600167.SH|2021-06-07,COORDINATE_ELIGIBLE_MARKET_SEQUENCE,SH_A,600167.SH,600167,2021-06-07,2021,2,-5,,9.2200000000000006,9.2200002670288086,False,922,922,0,2.6702880795426154e-07,2.6702880795426154e-07,0.10734351600922448,0.98970721760504976,0.98970724626886086,0.96287133860274343,0.92315423767933036,0.92315423767933036,False,0,0,46,0.0046511583550031413,False,False,0,0,False,PITB-80B916173F29877FD683,2021-06-07T15:30:00+08:00
MARKET|2021|SH_A|02|600167.SH|2021-06-08,COORDINATE_ELIGIBLE_MARKET_SEQUENCE,SH_A,600167.SH,600167,2021-06-08,2021,2,-4,,9.25,9.25,True,925,925,0,0,0,0.10734351600922447,0.99292752308532639,0.99292752308532628,0.96287133860274343,0.92315423767933036,0.92315423767933036,False,0,0,1,0.011627951333689136,False,False,0,0,False,PITB-80B916173F29877FD683,2021-06-08T15:30:00+08:00
MARKET|2021|SH_A|02|600167.SH|2021-06-09,COORDINATE_ELIGIBLE_MARKET_SEQUENCE,SH_A,600167.SH,600167,2021-06-09,2021,2,-3,,9.1500000000000004,9.1499996185302734,False,915,915,0,-3.8146972691777137e-07,3.8146972691777137e-07,0.10734351600922448,0.98219317148440399,0.98219313053610235,0.96287133860274343,0.92315423767933036,0.92315423767933036,False,0,0,213,0.0011627064194790412,False,False,0,0,False,PITB-80B916173F29877FD683,2021-06-09T15:30:00+08:00
MARKET|2021|SH_A|02|600167.SH|2021-06-10,COORDINATE_ELIGIBLE_MARKET_SEQUENCE,SH_A,600167.SH,600167,2021-06-10,2021,2,-2,,8.9399999999999995,8.9399995803833008,False,894,894,0,-4.1961669872137008e-07,4.1961669872137008e-07,0.10734351600922448,0.9596510331224668,0.95965098807933502,0.96287133860274343,0.93496202444034526,0.92315423767933036,False,0,0,224,0.0022961543156550523,False,False,0,0,False,PITB-80B916173F29877FD683,2021-06-10T15:30:00+08:00
MARKET|2021|SH_A|02|600167.SH|2021-06-11,COORDINATE_ELIGIBLE_MARKET_SEQUENCE,SH_A,600167.SH,600167,2021-06-11,2021,2,-1,,9.0099999999999998,9.0100002288818359,False,901,901,0,2.2888183615066282e-07,2.2888183615066282e-07,0.10734351600922448,0.96716507924311257,0.96716510381209364,0.95750416280228234,0.95643072764219006,0.92315423767933036,True,0.0022446303790398512,0.024896265560165973,5,0.013468000623914934,False,False,0,0,False,PITB-80B916173F29877FD683,2021-06-11T15:30:00+08:00
MARKET|2021|SH_A|03|600882.SH|2021-06-07,COORDINATE_ELIGIBLE_MARKET_SEQUENCE,SH_A,600882.SH,600882,2021-06-07,2021,3,-5,,67.989999999999995,67.989997863769531,False,6799,6799,0,-2.1362304636340923e-06,2.1362304636340923e-06,0.10869565217391335,7.3902173913043674,7.3902171591054042,6.8532608695652355,6.8532608695652355,6.5163043478261038,False,0,0,16,0.010943613196062147,False,False,0,0,False,PITB-80B916173F29877FD683,2021-06-07T15:30:00+08:00
MARKET|2021|SH_A|03|600882.SH|2021-06-08,COORDINATE_ELIGIBLE_MARKET_SEQUENCE,SH_A,600882.SH,600882,2021-06-08,2021,3,-4,,70.349999999999994,70.349998474121094,False,7035,7035,0,-1.5258789005656581e-06,1.5258789005656581e-06,0.10869565217391333,7.6467391304348018,7.6467389645784003,6.8532608695652355,6.8532608695652355,6.5163043478261038,False,0,0,171,0.045360834422705297,False,False,0,0,False,PITB-80B916173F29877FD683,2021-06-08T15:30:00+08:00
MARKET|2021|SH_A|03|600882.SH|2021-06-09,COORDINATE_ELIGIBLE_MARKET_SEQUENCE,SH_A,600882.SH,600882,2021-06-09,2021,3,-3,,68.379999999999995,68.379997253417969,False,6838,6838,0,-2.7465820267025265e-06,2.7465820267025265e-06,0.10869565217391333,7.4326086956521928,7.4326083971106689,6.8532608695652355,6.8532608695652355,6.5163043478261038,False,0,0,227,0.0098333880600714706,False,False,0,0,False,PITB-80B916173F29877FD683,2021-06-09T15:30:00+08:00
MARKET|2021|SH_A|03|600882.SH|2021-06-10,COORDINATE_ELIGIBLE_MARKET_SEQUENCE,SH_A,600882.SH,600882,2021-06-10,2021,3,-2,,68.010000000000005,68.010002136230469,False,6801,6801,0,2.1362304636340923e-06,2.1362304636340923e-06,0.10869565217391332,7.3923913043478455,7.3923915365468087,6.8532608695652355,6.8532608695652355,6.5163043478261038,False,0,0,70,0.03695482682085148,False,False,0,0,False,PITB-80B916173F29877FD683,2021-06-10T15:30:00+08:00
MARKET|2021|SH_A|03|600882.SH|2021-06-11,COORDINATE_ELIGIBLE_MARKET_SEQUENCE,SH_A,600882.SH,600882,2021-06-11,2021,3,-1,,72.430000000000007,72.430000305175781,False,7243,7243,0,3.0517577442878974e-07,3.0517577442878974e-07,0.10869565217391332,7.8728260869565423,7.8728261201278222,6.8532608695652355,6.8532608695652355,6.5163043478261038,False,0,0,0,0.071530565205875821,False,False,0,0,False,PITB-80B916173F29877FD683,2021-06-11T15:30:00+08:00
MARKET|2021|SH_A|04|600794.SH|2021-06-07,COORDINATE_ELIGIBLE_MARKET_SEQUENCE,SH_A,600794.SH,600794,2021-06-07,2021,4,-5,,3.3300000000000001,3.3299999237060547,False,333,333,0,-7.6293945383554274e-08,7.6293945383554274e-08,0.22616943891825828,0.75314423159780008,0.75314421434244128,0.7463591484302522,0.74409745404106975,0.74409745404106975,False,0,0,0,0.003039510779105515,False,False,0,0,False,PITB-80B916173F29877FD683,2021-06-07T15:30:00+08:00
MARKET|2021|SH_A|04|600794.SH|2021-06-08,COORDINATE_ELIGIBLE_MARKET_SEQUENCE,SH_A,600794.SH,600794,2021-06-08,2021,4,-4,,3.3500000000000001,3.3499999046325684,False,335,335,0,-9.5367431729442842e-08,9.5367431729442842e-08,0.2261694389182583,0.75766762037616531,0.75766759880696677,0.74862084281943497,0.74409745404106975,0.74409745404106975,False,0,0,3,0.012158043116421612,False,False,0,0,False,PITB-80B916173F29877FD683,2021-06-08T15:30:00+08:00
MARKET|2021|SH_A|04|600794.SH|2021-06-09,COORDINATE_ELIGIBLE_MARKET_SEQUENCE,SH_A,600794.SH,600794,2021-06-09,2021,4,-3,,3.3599999999999999,3.3599998950958252,False,336,336,0,-1.0490417468034252e-07,1.0490417468034252e-07,0.2261694389182583,0.75992931476534786,0.75992929103922957,0.74862084281943497,0.74409745404106975,0.74409745404106975,False,0,0,3,0.0091185323373162465,False,False,0,0,False,PITB-80B916173F29877FD683,2021-06-09T15:30:00+08:00
MARKET|2021|SH_A|04|600794.SH|2021-06-10,COORDINATE_ELIGIBLE_MARKET_SEQUENCE,SH_A,600794.SH,600794,2021-06-10,2021,4,-2,,3.3599999999999999,3.3599998950958252,False,336,336,0,-1.0490417468034252e-07,1.0490417468034252e-07,0.2261694389182583,0.75992931476534786,0.75992929103922957,0.74862084281943497,0.74409745404106975,0.74409745404106975,False,0,0,45,0.0060790215582108807,False,False,0,0,False,PITB-80B916173F29877FD683,2021-06-10T15:30:00+08:00
MARKET|2021|SH_A|04|600794.SH|2021-06-11,COORDINATE_ELIGIBLE_MARKET_SEQUENCE,SH_A,600794.SH,600794,2021-06-11,2021,4,-1,,3.3399999999999999,3.3399999141693115,False,334,334,0,-8.5830688334453953e-08,8.5830688334453953e-08,0.22616943891825828,0.75540592598698264,0.75540590657470397,0.74862084281943497,0.74409745404106975,0.74409745404106975,False,0,0,9,0.0030395107791053658,False,False,0,0,False,PITB-80B916173F29877FD683,2021-06-11T15:30:00+08:00
MARKET|2021|SH_A|05|603600.SH|2021-06-07,COORDINATE_ELIGIBLE_MARKET_SEQUENCE,SH_A,603600.SH,603600,2021-06-07,2021,5,-5,,10.76,10.760000228881836,False,1076,1076,0,2.2888183615066282e-07,2.2888183615066282e-07,0.080768276963579647,0.86906666012811695,0.86906667861450848,0.80693628640249437,0.80693628640249437,0.80693628640249437,False,0,0,85,0.040037060602943243,False,False,0,0,False,PITB-80B916173F29877FD683,2021-06-07T15:30:00+08:00
MARKET|2021|SH_A|05|603600.SH|2021-06-08,COORDINATE_ELIGIBLE_MARKET_SEQUENCE,SH_A,603600.SH,603600,2021-06-08,2021,5,-4,,10.82,10.819999694824219,False,1082,1082,0,-3.0517578153421709e-07,3.0517578153421709e-07,0.080768276963579647,0.87391275674593183,0.87391273209740972,0.81899032841069763,0.80693628640249437,0.80693628640249437,False,0,0,1,0.010009193558994959,False,False,0,0,False,PITB-80B916173F29877FD683,2021-06-08T15:30:00+08:00
MARKET|2021|SH_A|05|603600.SH|2021-06-09,COORDINATE_ELIGIBLE_MARKET_SEQUENCE,SH_A,603600.SH,603600,2021-06-09,2021,5,-3,,10.85,10.850000381469727,False,1085,1085,0,3.8146972691777137e-07,3.8146972691777137e-07,0.080768276963579647,0.8763358050548391,0.87633583586549169,0.81899032841069763,0.80693628640249437,0.80693628640249437,False,0,0,7,0.013012037536782496,False,False,0,0,False,PITB-80B916173F29877FD683,2021-06-09T15:30:00+08:00
MARKET|2021|SH_A|05|603600.SH|2021-06-10,COORDINATE_ELIGIBLE_MARKET_SEQUENCE,SH_A,603600.SH,603600,2021-06-10,2021,5,-2,,11,11,True,1100,1100,0,0,0,0.080768276963579647,0.88845104659937613,0.88845104659937613,0.81899032841069763,0.80693628640249437,0.80693628640249437,False,0,0,1,0.015013838066319719,False,False,0,0,False,PITB-80B916173F29877FD683,2021-06-10T15:30:00+08:00
MARKET|2021|SH_A|05|603600.SH|2021-06-11,COORDINATE_ELIGIBLE_MARKET_SEQUENCE,SH_A,603600.SH,603600,2021-06-11,2021,5,-1,,11.01,11.010000228881836,False,1101,1101,0,2.2888183615066282e-07,2.2888183615066282e-07,0.080768276963579647,0.88925872936901196,0.88925874785540338,0.81899032841069763,0.80693628640249437,0.80693628640249437,False,0,0,176,0.022020378558835985,False,False,0,0,False,PITB-80B916173F29877FD683,2021-06-11T15:30:00+08:00
MARKET|2021|SH_A|06|601702.SH|2021-06-07,COORDINATE_ELIGIBLE_MARKET_SEQUENCE,SH_A,601702.SH,601702,2021-06-07,2021,6,-5,,7.4000000000000004,7.4000000953674316,False,740,740,0,9.5367431285353632e-08,9.5367431285353632e-08,0.18832391713747654,1.3935969868173264,1.3935970047772948,1.3860640301318272,1.3860640301318272,1.3559322033898318,False,0,0,8,0.0027173887128416076,False,False,0,0,False,PITB-80B916173F29877FD683,2021-06-07T15:30:00+08:00
MARKET|2021|SH_A|06|601702.SH|2021-06-08,COORDINATE_ELIGIBLE_MARKET_SEQUENCE,SH_A,601702.SH,601702,2021-06-08,2021,6,-4,,7.21,7.2100000381469727,False,721,721,0,3.8146972691777137e-08,3.8146972691777137e-08,0.18929597756279901,1.3648239982277808,1.3648240054488494,1.3860640301318272,1.3860640301318272,1.3860640301318272,True,0.016689725209027062,0.99585062240663902,50,0.0013657400097591096,False,False,1,0,False,PITB-80B916173F29877FD683,2021-06-08T15:30:00+08:00
MARKET|2021|SH_A|06|601702.SH|2021-06-09,COORDINATE_ELIGIBLE_MARKET_SEQUENCE,SH_A,601702.SH,601702,2021-06-09,2021,6,-3,,7.2699999999999996,7.2699999809265137,False,727,727,0,-1.9073485901799359e-08,1.9073485901799359e-08,0.18929597756279903,1.3761817568815489,1.3761817532710148,1.3629310384521529,1.3629310384521529,1.3629310384521529,True,0.0013888809416028242,0.0041493775933609959,2,0.01111110051472985,False,False,0,0,False,PITB-80B916173F29877FD683,2021-06-09T15:30:00+08:00
MARKET|2021|SH_A|06|601702.SH|2021-06-10,COORDINATE_ELIGIBLE_MARKET_SEQUENCE,SH_A,601702.SH,601702,2021-06-10,2021,6,-2,,7.2000000000000002,7.1999998092651367,False,720,720,0,-1.9073486345888568e-07,1.9073486345888568e-07,0.18929597756279901,1.3629310384521529,1.3629310023468104,1.361038078676525,1.361038078676525,1.361038078676525,True,0.0013908444591623876,0.020746887966804978,218,0.0027816385155094775,False,False,0,0,False,PITB-80B916173F29877FD683,2021-06-10T15:30:00+08:00
MARKET|2021|SH_A|06|601702.SH|2021-06-11,COORDINATE_ELIGIBLE_MARKET_SEQUENCE,SH_A,601702.SH,601702,2021-06-11,2021,6,-1,,7.2599999999999998,7.2600002288818359,False,726,726,0,2.2888183615066282e-07,2.2888183615066282e-07,0.18929597756279901,1.3742887971059208,1.3742888404323317,1.359145118900897,1.359145118900897,1.359145118900897,True,0.0027855365721297159,0.1908713692946058,35,0.013927629731159737,False,False,0,0,False,PITB-80B916173F29877FD683,2021-06-11T15:30:00+08:00
MARKET|2021|SH_A|07|603200.SH|2021-06-07,COORDINATE_ELIGIBLE_MARKET_SEQUENCE,SH_A,603200.SH,603200,2021-06-07,2021,7,-5,,22.850000000000001,22.850000381469727,False,2285,2285,0,3.8146972514141453e-07,3.8146972514141453e-07,0.035014933066846637,0.80009122057744564,0.80009123393458259,0.76052434621190879,0.75632255424388739,0.74861926896918096,False,0,0,210,0.0013889206780327325,False,False,0,0,False,PITB-80B916173F29877FD683,2021-06-07T15:30:00+08:00
MARKET|2021|SH_A|07|603200.SH|2021-06-08,COORDINATE_ELIGIBLE_MARKET_SEQUENCE,SH_A,603200.SH,603200,2021-06-08,2021,7,-4,,22.710000000000001,22.709999084472656,False,2271,2271,0,-9.1552734460265128e-07,9.1552734460265128e-07,0.035014933066846637,0.79518912994808721,0.79518909789095849,0.76052434621190879,0.75632255424388739,0.74861926896918096,False,0,0,89,0.0023147794935439092,False,False,0,0,False,PITB-80B916173F29877FD683,2021-06-08T15:30:00+08:00
MARKET|2021|SH_A|07|603200.SH|2021-06-09,COORDINATE_ELIGIBLE_MARKET_SEQUENCE,SH_A,603200.SH,603200,2021-06-09,2021,7,-3,,23.399999999999999,23.399999618530273,False,2340,2340,0,-3.8146972514141453e-07,3.8146972514141453e-07,0.035014933066846637,0.81934943376421121,0.81934942040707437,0.76052434621190879,0.75632255424388739,0.74861926896918096,False,0,0,1,0.026388874760380539,False,False,0,0,False,PITB-80B916173F29877FD683,2021-06-09T15:30:00+08:00
MARKET|2021|SH_A|07|603200.SH|2021-06-10,COORDINATE_ELIGIBLE_MARKET_SEQUENCE,SH_A,603200.SH,603200,2021-06-10,2021,7,-2,,23.239999999999998,23.239999771118164,False,2324,2324,0,-2.2888183437430598e-07,2.2888183437430598e-07,0.035014933066846637,0.81374704447351576,0.81374703645923374,0.77803181274533217,0.75632255424388739,0.74861926896918096,False,0,0,3,0.0087963210211860158,False,False,0,0,False,PITB-80B916173F29877FD683,2021-06-10T15:30:00+08:00
MARKET|2021|SH_A|07|603200.SH|2021-06-11,COORDINATE_ELIGIBLE_MARKET_SEQUENCE,SH_A,603200.SH,603200,2021-06-11,2021,7,-1,,23.190000000000001,23.190000534057617,False,2319,2319,0,5.3405761590852308e-07,5.3405761590852308e-07,0.035014933066846637,0.81199629782017357,0.81199631652016524,0.78468465002803311,0.76052434621190879,0.74861926896918096,False,0,0,205,0.0046040691284405105,False,False,0,0,False,PITB-80B916173F29877FD683,2021-06-11T15:30:00+08:00
MARKET|2021|SH_A|08|600691.SH|2021-06-07,COORDINATE_ELIGIBLE_MARKET_SEQUENCE,SH_A,600691.SH,600691,2021-06-07,2021,8,-5,,3.4199999999999999,3.4200000762939453,False,342,342,0,7.6293945383554274e-08,7.6293945383554274e-08,0.25316455696202506,0.86582278481012576,0.86582280412504853,0.76202531645569549,0.75949367088607533,0.70886075949367056,False,0,0,156,0.030000050862630152,False,False,0,0,False,PITB-80B916173F29877FD683,2021-06-07T15:30:00+08:00
MARKET|2021|SH_A|08|600691.SH|2021-06-08,COORDINATE_ELIGIBLE_MARKET_SEQUENCE,SH_A,600691.SH,600691,2021-06-08,2021,8,-4,,3.4500000000000002,3.4500000476837158,False,345,345,0,4.7683715642676816e-08,4.7683715642676816e-08,0.25316455696202506,0.87341772151898656,0.87341773359081321,0.76202531645569549,0.75949367088607533,0.71139240506329082,False,0,0,5,0.02333331108093261,False,False,0,0,False,PITB-80B916173F29877FD683,2021-06-08T15:30:00+08:00
MARKET|2021|SH_A|08|600691.SH|2021-06-09,COORDINATE_ELIGIBLE_MARKET_SEQUENCE,SH_A,600691.SH,600691,2021-06-09,2021,8,-3,,3.48,3.4800000190734863,False,348,348,0,1.9073486345888568e-08,1.9073486345888568e-08,0.25316455696202506,0.88101265822784725,0.88101266305657788,0.76202531645569549,0.75949367088607533,0.71139240506329082,False,0,0,6,0.02333331108093261,False,False,0,0,False,PITB-80B916173F29877FD683,2021-06-09T15:30:00+08:00
MARKET|2021|SH_A|08|600691.SH|2021-06-10,COORDINATE_ELIGIBLE_MARKET_SEQUENCE,SH_A,600691.SH,600691,2021-06-10,2021,8,-2,,3.4300000000000002,3.4300000667572021,False,343,343,0,6.6757201988565384e-08,6.6757201988565384e-08,0.25316455696202511,0.86835443037974613,0.86835444728030364,0.76202531645569549,0.75949367088607533,0.71645569620253124,False,0,0,47,0.016666650772094723,False,False,0,0,False,PITB-80B916173F29877FD683,2021-06-10T15:30:00+08:00
MARKET|2021|SH_A|08|600691.SH|2021-06-11,COORDINATE_ELIGIBLE_MARKET_SEQUENCE,SH_A,600691.SH,600691,2021-06-11,2021,8,-1,,3.4300000000000002,3.4300000667572021,False,343,343,0,6.6757201988565384e-08,6.6757201988565384e-08,0.25316455696202511,0.86835443037974613,0.86835444728030364,0.76202531645569549,0.75949367088607533,0.71645569620253124,False,0,0,100,0.020000060399373319,False,False,0,0,False,PITB-80B916173F29877FD683,2021-06-11T15:30:00+08:00
MARKET|2021|SH_A|09|600166.SH|2021-06-07,COORDINATE_ELIGIBLE_MARKET_SEQUENCE,SH_A,600166.SH,600166,2021-06-07,2021,9,-5,,3.4100000000000001,3.4100000858306885,False,341,341,0,8.5830688334453953e-08,8.5830688334453953e-08,0.35426025410733686,1.2080274665060187,1.2080274969124203,1.2399108893756792,1.2399108893756792,1.2399108893756792,True,0.031428541455950205,0.76348547717842319,236,0.005714280264718285,False,False,0,0,False,PITB-80B916173F29877FD683,2021-06-07T15:30:00+08:00
MARKET|2021|SH_A|09|600166.SH|2021-06-08,COORDINATE_ELIGIBLE_MARKET_SEQUENCE,SH_A,600166.SH,600166,2021-06-08,2021,9,-4,,3.4500000000000002,3.4500000476837158,False,345,345,0,4.7683715642676816e-08,4.7683715642676816e-08,0.35426025410733691,1.2221978766703123,1.2221978935627575,1.2009422614238718,1.2009422614238718,1.2009422614238718,False,0,0,1,0.0088495490825281336,False,False,0,0,False,PITB-80B916173F29877FD683,2021-06-08T15:30:00+08:00
MARKET|2021|SH_A|09|600166.SH|2021-06-09,COORDINATE_ELIGIBLE_MARKET_SEQUENCE,SH_A,600166.SH,600166,2021-06-09,2021,9,-3,,3.4100000000000001,3.4100000858306885,False,341,341,0,8.5830688334453953e-08,8.5830688334453953e-08,0.35426025410733686,1.2080274665060187,1.2080274969124203,1.2009422614238718,1.2009422614238718,1.2009422614238718,True,0.0058997387731320947,0.012448132780082987,28,0.011799469106668686,False,False,0,0,False,PITB-80B916173F29877FD683,2021-06-09T15:30:00+08:00
MARKET|2021|SH_A|09|600166.SH|2021-06-10,COORDINATE_ELIGIBLE_MARKET_SEQUENCE,SH_A,600166.SH,600166,2021-06-10,2021,9,-2,,3.4199999999999999,3.4200000762939453,False,342,342,0,7.6293945383554274e-08,7.6293945383554274e-08,0.35426025410733686,1.2115700690470921,1.2115700960750044,1.1938570563417252,1.1938570563417252,1.1938570563417252,False,0,0,1,0.011869424882203968,False,False,0,0,False,PITB-80B916173F29877FD683,2021-06-10T15:30:00+08:00
MARKET|2021|SH_A|09|600166.SH|2021-06-11,COORDINATE_ELIGIBLE_MARKET_SEQUENCE,SH_A,600166.SH,600166,2021-06-11,2021,9,-1,,3.4199999999999999,3.4200000762939453,False,342,342,0,7.6293945383554274e-08,7.6293945383554274e-08,0.35426025410733686,1.2115700690470921,1.2115700960750044,1.1938570563417252,1.1938570563417252,1.1938570563417252,True,0.011869458840933395,0.37759336099585061,49,0.026706276732311747,False,False,0,0,False,PITB-80B916173F29877FD683,2021-06-11T15:30:00+08:00
MARKET|2021|SH_A|10|688108.SH|2021-06-07,COORDINATE_ELIGIBLE_MARKET_SEQUENCE,SH_A,688108.SH,688108,2021-06-07,2021,10,-5,,11.6,11.600000381469727,False,1160,1160,0,3.8146972691777137e-07,3.8146972691777137e-07,0.045178326933838171,0.5240685924325228,0.52406860966668678,0.38808182836167004,0.37091406412681149,0.37091406412681144,False,0,0,147,0.051157134749567033,False,False,0,0,False,PITB-80B916173F29877FD683,2021-06-07T15:30:00+08:00
MARKET|2021|SH_A|10|688108.SH|2021-06-08,COORDINATE_ELIGIBLE_MARKET_SEQUENCE,SH_A,688108.SH,688108,2021-06-08,2021,10,-4,,11.18,11.180000305175781,False,1118,1118,0,3.0517578153421709e-07,3.0517578153421709e-07,0.045178326933838171,0.50509369512031077,0.50509370890764194,0.39395501086306894,0.37091406412681149,0.37091406412681144,False,0,0,170,0.012180314429929989,False,False,0,0,False,PITB-80B916173F29877FD683,2021-06-08T15:30:00+08:00
MARKET|2021|SH_A|10|688108.SH|2021-06-09,COORDINATE_ELIGIBLE_MARKET_SEQUENCE,SH_A,688108.SH,688108,2021-06-09,2021,10,-3,,10.93,10.930000305175781,False,1093,1093,0,3.0517578153421709e-07,3.0517578153421709e-07,0.045178326933838178,0.49379911338685128,0.49379912717418251,0.40615315913520522,0.37994972951357914,0.37091406412681144,False,0,0,237,0.001189087857530962,False,False,0,0,False,PITB-80B916173F29877FD683,2021-06-09T15:30:00+08:00
MARKET|2021|SH_A|10|688108.SH|2021-06-10,COORDINATE_ELIGIBLE_MARKET_SEQUENCE,SH_A,688108.SH,688108,2021-06-10,2021,10,-2,,11.880000000000001,11.880000114440918,False,1188,1188,0,1.1444091718715299e-07,1.1444091718715299e-07,0.045178326933838178,0.53671852397399755,0.53671852914424678,0.40750850894322038,0.38808182836167004,0.37091406412681144,False,0,0,20,0.1222351793637792,False,False,0,0,False,PITB-80B916173F29877FD683,2021-06-10T15:30:00+08:00
MARKET|2021|SH_A|10|688108.SH|2021-06-11,COORDINATE_ELIGIBLE_MARKET_SEQUENCE,SH_A,688108.SH,688108,2021-06-11,2021,10,-1,,12.9,12.899999618530273,False,1290,1290,0,-3.8146972691777137e-07,3.8146972691777137e-07,0.045178326933838185,0.58280041744651256,0.58280040021234858,0.40750850894322038,0.38808182836167004,0.37091406412681144,False,0,0,0,0.10942952041714787,False,False,0,0,False,PITB-80B916173F29877FD683,2021-06-11T15:30:00+08:00
MARKET|2021|SZ_A|01|300370.SZ|2021-06-07,COORDINATE_ELIGIBLE_MARKET_SEQUENCE,SZ_A,300370.SZ,300370,2021-06-07,2021,1,-5,,1.79,1.7899999618530273,False,179,179,0,-3.8146972691777137e-08,3.8146972691777137e-08,0.26141698676909947,0.46793640631668804,0.46793639634442141,0.41303883909517725,0.38428297055057642,0.38428297055057642,False,0,0,1,0.047619002205984889,True,False,0,0,False,PITB-80B916173F29877FD683,2021-06-07T15:30:00+08:00
MARKET|2021|SZ_A|01|300370.SZ|2021-06-08,COORDINATE_ELIGIBLE_MARKET_SEQUENCE,SZ_A,300370.SZ,300370,2021-06-08,2021,1,-4,,1.8799999999999999,1.8799999952316284,False,188,188,0,-4.7683714754498396e-09,4.7683714754498396e-09,0.26141698676909947,0.49146393512590697,0.49146393387937365,0.41303883909517725,0.38428297055057642,0.38428297055057642,False,0,0,0,0.054421797901594612,True,False,0,0,False,PITB-80B916173F29877FD683,2021-06-08T15:30:00+08:00
MARKET|2021|SZ_A|01|300370.SZ|2021-06-09,COORDINATE_ELIGIBLE_MARKET_SEQUENCE,SZ_A,300370.SZ,300370,2021-06-09,2021,1,-3,,2,2,True,200,200,0,0,0,0.26141698676909941,0.52283397353819883,0.52283397353819883,0.41826717883055931,0.38428297055057642,0.38428297055057642,False,0,0,6,0.088435370905869684,True,False,0,0,False,PITB-80B916173F29877FD683,2021-06-09T15:30:00+08:00
MARKET|2021|SZ_A|01|300370.SZ|2021-06-10,COORDINATE_ELIGIBLE_MARKET_SEQUENCE,SZ_A,300370.SZ,300370,2021-06-10,2021,1,-2,,1.96,1.9600000381469727,False,196,196,0,3.8146972691777137e-08,3.8146972691777137e-08,0.26141698676909941,0.51237729406743482,0.5123773040397015,0.42088134869825022,0.38428297055057642,0.38428297055057642,False,0,0,119,0.020408224897319836,True,False,0,0,False,PITB-80B916173F29877FD683,2021-06-10T15:30:00+08:00
MARKET|2021|SZ_A|01|300370.SZ|2021-06-11,COORDINATE_ELIGIBLE_MARKET_SEQUENCE,SZ_A,300370.SZ,300370,2021-06-11,2021,1,-1,,2,2,True,200,200,0,0,0,0.26141698676909941,0.52283397353819883,0.52283397353819883,0.42088134869825022,0.38428297055057642,0.38428297055057642,False,0,0,0,0.034013573004275065,False,False,0,0,False,PITB-80B916173F29877FD683,2021-06-11T15:30:00+08:00
MARKET|2021|SZ_A|02|300093.SZ|2021-06-07,COORDINATE_ELIGIBLE_MARKET_SEQUENCE,SZ_A,300093.SZ,300093,2021-06-07,2021,2,-5,,19.48,19.479999542236328,False,1948,1948,0,-4.5776367230132564e-07,4.5776367230132564e-07,0.088228951665075078,1.7186999784356625,1.7186999380476538,1.469894334740151,1.469894334740151,1.242263639444257,False,0,0,0,0.049219669557276045,False,False,0,0,False,PITB-80B916173F29877FD683,2021-06-07T15:30:00+08:00
MARKET|2021|SZ_A|02|300093.SZ|2021-06-08,COORDINATE_ELIGIBLE_MARKET_SEQUENCE,SZ_A,300093.SZ,300093,2021-06-08,2021,2,-4,,19.600000000000001,19.600000381469727,False,1960,1960,0,3.8146972514141453e-07,3.8146972514141453e-07,0.088228951665075078,1.7292874526354718,1.7292874862921457,1.469894334740151,1.469894334740151,1.2590271402606212,False,0,0,2,0.033613413321871802,False,False,0,0,False,PITB-80B916173F29877FD683,2021-06-08T15:30:00+08:00
MARKET|2021|SZ_A|02|300093.SZ|2021-06-09,COORDINATE_ELIGIBLE_MARKET_SEQUENCE,SZ_A,300093.SZ,300093,2021-06-09,2021,2,-3,,19.59,19.590000152587891,False,1959,1959,0,1.5258789076710855e-07,1.5258789076710855e-07,0.088228951665075092,1.7284051631188211,1.7284051765814907,1.469894334740151,1.469894334740151,1.2802020886602392,False,0,0,132,0.018607410920911331,False,False,0,0,False,PITB-80B916173F29877FD683,2021-06-09T15:30:00+08:00
MARKET|2021|SZ_A|02|300093.SZ|2021-06-10,COORDINATE_ELIGIBLE_MARKET_SEQUENCE,SZ_A,300093.SZ,300093,2021-06-10,2021,2,-2,,19.66,19.659999847412109,False,1966,1966,0,-1.5258789076710855e-07,1.5258789076710855e-07,0.088228951665075092,1.7345811897353762,1.7345811762727066,1.469894334740151,1.469894334740151,1.2802020886602392,False,0,0,15,0.015606256235404242,False,False,0,0,False,PITB-80B916173F29877FD683,2021-06-10T15:30:00+08:00
MARKET|2021|SZ_A|02|300093.SZ|2021-06-11,COORDINATE_ELIGIBLE_MARKET_SEQUENCE,SZ_A,300093.SZ,300093,2021-06-11,2021,2,-1,,19.68,19.680000305175781,False,1968,1968,0,3.0517578153421709e-07,3.0517578153421709e-07,0.088228951665075078,1.7363457687686776,1.7363457956940167,1.469894334740151,1.469894334740151,1.2802020886602392,False,0,0,205,0.021008426258687013,False,False,0,0,False,PITB-80B916173F29877FD683,2021-06-11T15:30:00+08:00
MARKET|2021|SZ_A|03|002333.SZ|2021-06-07,COORDINATE_ELIGIBLE_MARKET_SEQUENCE,SZ_A,002333.SZ,002333,2021-06-07,2021,3,-5,,5.9699999999999998,5.9699997901916504,False,597,597,0,-2.0980834936068504e-07,2.0980834936068504e-07,0.072929182821538735,0.43538722144458625,0.43538720614343474,0.42153067670849381,0.39892263003381684,0.38141962615664787,False,0,0,113,0.012797019163476911,False,False,0,0,False,PITB-80B916173F29877FD683,2021-06-07T15:30:00+08:00
MARKET|2021|SZ_A|03|002333.SZ|2021-06-08,COORDINATE_ELIGIBLE_MARKET_SEQUENCE,SZ_A,002333.SZ,002333,2021-06-08,2021,3,-4,,5.9400000000000004,5.940000057220459,False,594,594,0,5.7220458593576495e-08,5.7220458593576495e-08,0.072929182821538735,0.43319934595994014,0.43319935013298139,0.42153067670849381,0.39892263003381684,0.38141962615664787,False,0,0,37,0.0073126072857454243,False,False,0,0,False,PITB-80B916173F29877FD683,2021-06-08T15:30:00+08:00
MARKET|2021|SZ_A|03|002333.SZ|2021-06-09,COORDINATE_ELIGIBLE_MARKET_SEQUENCE,SZ_A,002333.SZ,002333,2021-06-09,2021,3,-3,,5.8799999999999999,5.880000114440918,False,588,588,0,1.1444091807533141e-07,1.1444091807533141e-07,0.072929182821538749,0.42882359499064782,0.42882360333673047,0.42153067670849381,0.4091327156288323,0.38141962615664787,False,0,0,234,0.0053476309818805655,False,False,0,0,False,PITB-80B916173F29877FD683,2021-06-09T15:30:00+08:00
MARKET|2021|SZ_A|03|002333.SZ|2021-06-10,COORDINATE_ELIGIBLE_MARKET_SEQUENCE,SZ_A,002333.SZ,002333,2021-06-10,2021,3,-2,,5.8200000000000003,5.820000171661377,False,582,582,0,1.7166137666890791e-07,1.7166137666890791e-07,0.072929182821538735,0.42444784402135549,0.4244478565404794,0.42153067670849381,0.4091327156288323,0.38141962615664787,False,0,0,66,0.026737984913980682,False,False,0,0,False,PITB-80B916173F29877FD683,2021-06-10T15:30:00+08:00
MARKET|2021|SZ_A|03|002333.SZ|2021-06-11,COORDINATE_ELIGIBLE_MARKET_SEQUENCE,SZ_A,002333.SZ,002333,2021-06-11,2021,3,-1,,5.7699999999999996,5.7699999809265137,False,577,577,0,-1.9073485901799359e-08,1.9073485901799359e-08,0.072929182821538749,0.42080138488027852,0.42080138348926482,0.41350846659812462,0.4091327156288323,0.39381758723630922,False,0,0,37,0.01960786693661393,False,False,0,0,False,PITB-80B916173F29877FD683,2021-06-11T15:30:00+08:00
MARKET|2021|SZ_A|04|002694.SZ|2021-06-07,COORDINATE_ELIGIBLE_MARKET_SEQUENCE,SZ_A,002694.SZ,002694,2021-06-07,2021,4,-5,,2.4700000000000002,2.4700000286102295,False,247,247,0,2.8610229296788248e-08,2.8610229296788248e-08,0.045883010828553138,0.11333103674652627,0.11333103805924973,0.11149571631338417,0.10598975501395774,0.10461326468910108,False,0,0,117,0.0086580004010882016,False,False,0,0,False,PITB-80B916173F29877FD683,2021-06-07T15:30:00+08:00
MARKET|2021|SZ_A|04|002694.SZ|2021-06-08,COORDINATE_ELIGIBLE_MARKET_SEQUENCE,SZ_A,002694.SZ,002694,2021-06-08,2021,4,-4,,2.5099999999999998,2.5099999904632568,False,251,251,0,-9.5367429508996793e-09,9.5367429508996793e-09,0.045883010828553138,0.11516635717966837,0.11516635674209388,0.11149571631338417,0.10644858512224334,0.10461326468910108,False,0,0,19,0.038793066452289367,False,False,0,0,False,PITB-80B916173F29877FD683,2021-06-08T15:30:00+08:00
MARKET|2021|SZ_A|04|002694.SZ|2021-06-09,COORDINATE_ELIGIBLE_MARKET_SEQUENCE,SZ_A,002694.SZ,002694,2021-06-09,2021,4,-3,,2.54,2.5399999618530273,False,254,254,0,-3.8146972691777137e-08,3.8146972691777137e-08,0.045883010828553172,0.11654284750452507,0.1165428457542271,0.11103688620509859,0.10644858512224334,0.10461326468910108,False,0,0,0,0.01724136286768425,False,False,0,0,False,PITB-80B916173F29877FD683,2021-06-09T15:30:00+08:00
MARKET|2021|SZ_A|04|002694.SZ|2021-06-10,COORDINATE_ELIGIBLE_MARKET_SEQUENCE,SZ_A,002694.SZ,002694,2021-06-10,2021,4,-2,,2.54,2.5399999618530273,False,254,254,0,-3.8146972691777137e-08,3.8146972691777137e-08,0.045883010828553172,0.11654284750452507,0.1165428457542271,0.11103688620509859,0.10644858512224334,0.10461326468910108,False,0,0,143,0.021551703584605248,False,False,0,0,False,PITB-80B916173F29877FD683,2021-06-10T15:30:00+08:00
MARKET|2021|SZ_A|04|002694.SZ|2021-06-11,COORDINATE_ELIGIBLE_MARKET_SEQUENCE,SZ_A,002694.SZ,002694,2021-06-11,2021,4,-1,,2.5499999999999998,2.5499999523162842,False,255,255,0,-4.7683715642676816e-08,4.7683715642676816e-08,0.045883010828553179,0.11700167761281061,0.11700167542493815,0.11103688620509859,0.10644858512224334,0.10461326468910108,False,0,0,151,0.017241362867684122,False,False,0,0,False,PITB-80B916173F29877FD683,2021-06-11T15:30:00+08:00
MARKET|2021|SZ_A|05|000988.SZ|2021-06-07,COORDINATE_ELIGIBLE_MARKET_SEQUENCE,SZ_A,000988.SZ,000988,2021-06-07,2021,5,-5,,21.07,21.069999694824219,False,2107,2107,0,-3.0517578153421709e-07,3.0517578153421709e-07,0.060255222361246238,1.2695775351514582,1.2695775167630237,1.2051044472249248,1.1822074627276513,1.1822074627276513,False,0,0,166,0.0035677724171364524,False,False,0,0,False,PITB-80B916173F29877FD683,2021-06-07T15:30:00+08:00
MARKET|2021|SZ_A|05|000988.SZ|2021-06-08,COORDINATE_ELIGIBLE_MARKET_SEQUENCE,SZ_A,000988.SZ,000988,2021-06-08,2021,5,-4,,21.030000000000001,21.030000686645508,False,2103,2103,0,6.8664550667563162e-07,6.8664550667563162e-07,0.060255222361246225,1.2671673262570082,1.2671673676309858,1.2141427305791117,1.1954636116471253,1.1822074627276513,False,0,0,164,0.0035283065611315702,False,False,0,0,False,PITB-80B916173F29877FD683,2021-06-08T15:30:00+08:00
MARKET|2021|SZ_A|05|000988.SZ|2021-06-09,COORDINATE_ELIGIBLE_MARKET_SEQUENCE,SZ_A,000988.SZ,000988,2021-06-09,2021,5,-3,,20.829999999999998,20.829999923706055,False,2083,2083,0,-7.6293943607197434e-08,7.6293943607197434e-08,0.060255222361246238,1.255116281784759,1.2551162771876505,1.2286039839458109,1.1990789249887999,1.1822074627276513,False,0,0,222,0.0045226207330598947,False,False,0,0,False,PITB-80B916173F29877FD683,2021-06-09T15:30:00+08:00
MARKET|2021|SZ_A|05|000988.SZ|2021-06-10,COORDINATE_ELIGIBLE_MARKET_SEQUENCE,SZ_A,000988.SZ,000988,2021-06-10,2021,5,-2,,21.010000000000002,21.010000228881836,False,2101,2101,0,2.2888183437430598e-07,2.2888183437430598e-07,0.060255222361246231,1.2659622218097835,1.2659622356011093,1.2352320584055478,1.1990789249887999,1.1822074627276513,False,0,0,83,0.011055241877110185,False,False,0,0,False,PITB-80B916173F29877FD683,2021-06-10T15:30:00+08:00
MARKET|2021|SZ_A|05|000988.SZ|2021-06-11,COORDINATE_ELIGIBLE_MARKET_SEQUENCE,SZ_A,000988.SZ,000988,2021-06-11,2021,5,-1,,21.079999999999998,21.079999923706055,False,2108,2108,0,-7.6293943607197434e-08,7.6293943607197434e-08,0.060255222361246225,1.2701800873750704,1.2701800827779617,1.2394499239708354,1.1990789249887999,1.1822074627276513,False,0,0,6,0.0075376692728779792,False,False,0,0,False,PITB-80B916173F29877FD683,2021-06-11T15:30:00+08:00
MARKET|2021|SZ_A|06|002753.SZ|2021-06-07,COORDINATE_ELIGIBLE_MARKET_SEQUENCE,SZ_A,002753.SZ,002753,2021-06-07,2021,6,-5,,8.9199999999999999,8.9200000762939453,False,892,892,0,7.6293945383554274e-08,7.6293945383554274e-08,0.073847956174805718,0.658723769079267,0.65872377471341892,0.60258918307893083,0.59820139776524917,0.57406857854000071,False,0,0,140,0.0086414615795620594,False,False,0,0,False,PITB-80B916173F29877FD683,2021-06-07T15:30:00+08:00
MARKET|2021|SZ_A|06|002753.SZ|2021-06-08,COORDINATE_ELIGIBLE_MARKET_SEQUENCE,SZ_A,002753.SZ,002753,2021-06-08,2021,6,-4,,8.7599999999999998,8.7600002288818359,False,876,876,0,2.2888183615066282e-07,2.2888183615066282e-07,0.073847956174805718,0.64690809609129807,0.64690811299375384,0.60332048063121113,0.59820139776524917,0.57406857854000071,False,0,0,229,0.0049379948641901797,False,False,0,0,False,PITB-80B916173F29877FD683,2021-06-08T15:30:00+08:00
MARKET|2021|SZ_A|06|002753.SZ|2021-06-09,COORDINATE_ELIGIBLE_MARKET_SEQUENCE,SZ_A,002753.SZ,002753,2021-06-09,2021,6,-3,,8.9700000000000006,8.9700002670288086,False,897,897,0,2.6702880795426154e-07,2.6702880795426154e-07,0.073847956174805718,0.66241616688800731,0.66241618660753909,0.60697696839261239,0.59820139776524917,0.57406857854000071,False,0,0,4,0.02839355876740747,False,False,0,0,False,PITB-80B916173F29877FD683,2021-06-09T15:30:00+08:00
MARKET|2021|SZ_A|06|002753.SZ|2021-06-10,COORDINATE_ELIGIBLE_MARKET_SEQUENCE,SZ_A,002753.SZ,002753,2021-06-10,2021,6,-2,,8.8800000000000008,8.880000114440918,False,888,888,0,1.1444091718715299e-07,1.1444091718715299e-07,0.073847956174805732,0.6557698508322749,0.65576985928350284,0.61794643167681607,0.59820139776524917,0.574799876092281,False,0,0,46,0.012345046026017889,False,False,0,0,False,PITB-80B916173F29877FD683,2021-06-10T15:30:00+08:00
MARKET|2021|SZ_A|06|002753.SZ|2021-06-11,COORDINATE_ELIGIBLE_MARKET_SEQUENCE,SZ_A,002753.SZ,002753,2021-06-11,2021,6,-1,,8.7699999999999996,8.7700004577636719,False,877,877,0,4.5776367230132564e-07,4.5776367230132564e-07,0.073847956174805718,0.64764657565304606,0.64764660945795771,0.62087162188593714,0.59820139776524917,0.574799876092281,False,0,0,86,0.0061725230130088519,False,False,0,0,False,PITB-80B916173F29877FD683,2021-06-11T15:30:00+08:00
MARKET|2021|SZ_A|07|000598.SZ|2021-06-07,COORDINATE_ELIGIBLE_MARKET_SEQUENCE,SZ_A,000598.SZ,000598,2021-06-07,2021,7,-5,,5.2800000000000002,5.2800002098083496,False,528,528,0,2.0980834936068504e-07,2.0980834936068504e-07,0.1943187737219616,1.0260031252519572,1.0260031660216584,1.006571247879761,1.0046280601425415,0.97353705634702736,False,0,0,37,0.0058027485122531478,False,False,0,0,False,PITB-80B916173F29877FD683,2021-06-07T15:30:00+08:00
MARKET|2021|SZ_A|07|000598.SZ|2021-06-08,COORDINATE_ELIGIBLE_MARKET_SEQUENCE,SZ_A,000598.SZ,000598,2021-06-08,2021,7,-4,,5.2699999999999996,5.2699999809265137,False,527,527,0,-1.9073485901799359e-08,1.9073485901799359e-08,0.19431877372196157,1.0240599375147375,1.0240599338084011,1.006571247879761,1.006571247879761,0.97353705634702736,False,0,0,0,0.0019304540626791291,False,False,0,0,False,PITB-80B916173F29877FD683,2021-06-08T15:30:00+08:00
MARKET|2021|SZ_A|07|000598.SZ|2021-06-09,COORDINATE_ELIGIBLE_MARKET_SEQUENCE,SZ_A,000598.SZ,000598,2021-06-09,2021,7,-3,,5.21,5.2100000381469727,False,521,521,0,3.8146972691777137e-08,3.8146972691777137e-08,0.19431877372196157,1.0124008110914198,1.0124008185040927,1.006571247879761,1.006571247879761,0.97353705634702736,False,0,0,212,0.0019305461161845589,False,False,0,0,False,PITB-80B916173F29877FD683,2021-06-09T15:30:00+08:00
MARKET|2021|SZ_A|07|000598.SZ|2021-06-10,COORDINATE_ELIGIBLE_MARKET_SEQUENCE,SZ_A,000598.SZ,000598,2021-06-10,2021,7,-2,,5.2300000000000004,5.2300000190734863,False,523,523,0,1.9073485901799359e-08,1.9073485901799359e-08,0.19431877372196157,1.0162871865658591,1.0162871902721955,1.006571247879761,1.006571247879761,0.97353705634702747,True,3.3139261945892409e-08,0.0041493775933609959,53,0.0096525464739117151,False,False,0,0,False,PITB-80B916173F29877FD683,2021-06-10T15:30:00+08:00
MARKET|2021|SZ_A|07|000598.SZ|2021-06-11,COORDINATE_ELIGIBLE_MARKET_SEQUENCE,SZ_A,000598.SZ,000598,2021-06-11,2021,7,-1,,5.2300000000000004,5.2300000190734863,False,523,523,0,1.9073485901799359e-08,1.9073485901799359e-08,0.19431877372196157,1.0162871865658591,1.0162871902721955,1.006571247879761,1.006571247879761,0.97353705634702747,False,0,0,1,0.0019305461161845589,False,False,0,0,False,PITB-80B916173F29877FD683,2021-06-11T15:30:00+08:00
MARKET|2021|SZ_A|08|002055.SZ|2021-06-07,COORDINATE_ELIGIBLE_MARKET_SEQUENCE,SZ_A,002055.SZ,002055,2021-06-07,2021,8,-5,,12.17,12.170000076293945,False,1217,1217,0,7.6293945383554274e-08,7.6293945383554274e-08,0.049115650471971542,0.59773746624389368,0.59773746999112043,0.48428031365363933,0.4764218095781238,0.4764218095781238,False,0,0,0,0.0134020736537029,False,False,0,0,False,PITB-80B916173F29877FD683,2021-06-07T15:30:00+08:00
MARKET|2021|SZ_A|08|002055.SZ|2021-06-08,COORDINATE_ELIGIBLE_MARKET_SEQUENCE,SZ_A,002055.SZ,002055,2021-06-08,2021,8,-4,,12.449999999999999,12.449999809265137,False,1245,1245,0,-1.9073486257070726e-07,1.9073486257070726e-07,0.049115650471971542,0.6114898483760457,0.61148983900797882,0.48968303520555628,0.48329800064419981,0.4764218095781238,False,0,0,8,0.051829291553032085,False,False,0,0,False,PITB-80B916173F29877FD683,2021-06-08T15:30:00+08:00
MARKET|2021|SZ_A|08|002055.SZ|2021-06-09,COORDINATE_ELIGIBLE_MARKET_SEQUENCE,SZ_A,002055.SZ,002055,2021-06-09,2021,8,-3,,12.09,12.090000152587891,False,1209,1209,0,1.5258789076710855e-07,1.5258789076710855e-07,0.049115650471971535,0.59380821420613583,0.59380822170058933,0.49508575675747318,0.48329800064419981,0.4764218095781238,False,0,0,83,0.008130073547363309,False,False,0,0,False,PITB-80B916173F29877FD683,2021-06-09T15:30:00+08:00
MARKET|2021|SZ_A|08|002055.SZ|2021-06-10,COORDINATE_ELIGIBLE_MARKET_SEQUENCE,SZ_A,002055.SZ,002055,2021-06-10,2021,8,-2,,12.26,12.260000228881836,False,1226,1226,0,2.2888183615066282e-07,2.2888183615066282e-07,0.049115650471971542,0.60215787478637106,0.60215788602805131,0.49803269578579135,0.48428031365363933,0.4764218095781238,False,0,0,2,0.062880312937026603,False,False,0,0,False,PITB-80B916173F29877FD683,2021-06-10T15:30:00+08:00
MARKET|2021|SZ_A|08|002055.SZ|2021-06-11,COORDINATE_ELIGIBLE_MARKET_SEQUENCE,SZ_A,002055.SZ,002055,2021-06-11,2021,8,-1,,11.609999999999999,11.609999656677246,False,1161,1161,0,-3.4332275333781581e-07,3.4332275333781581e-07,0.049115650471971535,0.57023270197958953,0.57023268511706915,0.50589119986130693,0.48428031365363933,0.4764218095781238,False,0,0,227,0.0030425692668551506,False,False,0,0,False,PITB-80B916173F29877FD683,2021-06-11T15:30:00+08:00
MARKET|2021|SZ_A|09|000688.SZ|2021-06-07,COORDINATE_ELIGIBLE_MARKET_SEQUENCE,SZ_A,000688.SZ,000688,2021-06-07,2021,9,-5,,9.0899999999999999,9.0900001525878906,False,909,909,0,1.5258789076710855e-07,1.5258789076710855e-07,0.092101428155056814,0.83720198192946638,0.83720199598302913,0.82062372486155621,0.82062372486155621,0.74602156805596043,False,0,0,34,0.003366973397440244,False,False,0,0,False,PITB-80B916173F29877FD683,2021-06-07T15:30:00+08:00
MARKET|2021|SZ_A|09|000688.SZ|2021-06-08,COORDINATE_ELIGIBLE_MARKET_SEQUENCE,SZ_A,000688.SZ,000688,2021-06-08,2021,9,-4,,9.1099999999999994,9.1099996566772461,False,911,911,0,-3.4332275333781581e-07,3.4332275333781581e-07,0.092101428155056814,0.83904401049256749,0.83904397887205162,0.82062372486155621,0.82062372486155621,0.74602156805596043,False,0,0,96,0.0078563069387451393,False,False,0,0,False,PITB-80B916173F29877FD683,2021-06-08T15:30:00+08:00
MARKET|2021|SZ_A|09|000688.SZ|2021-06-09,COORDINATE_ELIGIBLE_MARKET_SEQUENCE,SZ_A,000688.SZ,000688,2021-06-09,2021,9,-3,,9.2100000000000009,9.2100000381469727,False,921,921,0,3.8146971803598717e-08,3.8146971803598717e-08,0.092101428155056814,0.8482541533080733,0.84825415682146388,0.82062372486155621,0.82062372486155621,0.74602156805596043,False,0,0,0,0.011223387370339635,False,False,0,0,False,PITB-80B916173F29877FD683,2021-06-09T15:30:00+08:00
MARKET|2021|SZ_A|09|000688.SZ|2021-06-10,COORDINATE_ELIGIBLE_MARKET_SEQUENCE,SZ_A,000688.SZ,000688,2021-06-10,2021,9,-2,,9.1500000000000004,9.1499996185302734,False,915,915,0,-3.8146972691777137e-07,3.8146972691777137e-07,0.092101428155056814,0.84272806761876984,0.84272803248486328,0.82062372486155621,0.82062372486155621,0.74602156805596043,False,0,0,36,0.0056115866510154308,False,False,0,0,False,PITB-80B916173F29877FD683,2021-06-10T15:30:00+08:00
MARKET|2021|SZ_A|09|000688.SZ|2021-06-11,COORDINATE_ELIGIBLE_MARKET_SEQUENCE,SZ_A,000688.SZ,000688,2021-06-11,2021,9,-1,,9.0600000000000005,9.0600004196166992,False,906,906,0,4.1961669872137008e-07,4.1961669872137008e-07,0.092101428155056814,0.83443893908481481,0.83443897773211195,0.82062372486155621,0.82062372486155621,0.74602156805596043,False,0,0,237,0.0011223601438647866,False,False,0,0,False,PITB-80B916173F29877FD683,2021-06-11T15:30:00+08:00
MARKET|2021|SZ_A|10|002716.SZ|2021-06-07,COORDINATE_ELIGIBLE_MARKET_SEQUENCE,SZ_A,002716.SZ,002716,2021-06-07,2021,10,-5,,2.9199999999999999,2.9200000762939453,False,292,292,0,7.6293945383554274e-08,7.6293945383554274e-08,0.086303256718359228,0.25200550961760892,0.25200551620202488,0.23906002110985505,0.23129272800520273,0.20453871842251142,False,0,0,0,0.014925358900383304,False,False,0,0,False,PITB-80B916173F29877FD683,2021-06-07T15:30:00+08:00
MARKET|2021|SZ_A|10|002716.SZ|2021-06-08,COORDINATE_ELIGIBLE_MARKET_SEQUENCE,SZ_A,002716.SZ,002716,2021-06-08,2021,10,-4,,2.98,2.9800000190734863,False,298,298,0,1.9073486345888568e-08,1.9073486345888568e-08,0.086303256718359214,0.25718370502071047,0.25718370666681445,0.23906002110985505,0.23129272800520273,0.20540175098969501,False,0,0,0,0.022388038350575137,False,False,0,0,False,PITB-80B916173F29877FD683,2021-06-08T15:30:00+08:00
MARKET|2021|SZ_A|10|002716.SZ|2021-06-09,COORDINATE_ELIGIBLE_MARKET_SEQUENCE,SZ_A,002716.SZ,002716,2021-06-09,2021,10,-3,,3.1299999999999999,3.130000114440918,False,313,313,0,1.1444091807533141e-07,1.1444091807533141e-07,0.086303256718359242,0.27012919352846443,0.27012920340508834,0.23906002110985505,0.23129272800520273,0.20540175098969501,False,0,0,0,0.05597018483859395,True,False,0,0,False,PITB-80B916173F29877FD683,2021-06-09T15:30:00+08:00
MARKET|2021|SZ_A|10|002716.SZ|2021-06-10,COORDINATE_ELIGIBLE_MARKET_SEQUENCE,SZ_A,002716.SZ,002716,2021-06-10,2021,10,-2,,3.1000000000000001,3.0999999046325684,False,310,310,0,-9.5367431729442842e-08,9.5367431729442842e-08,0.086303256718359256,0.26754009582691368,0.26754008759639375,0.23906002110985505,0.23906002110985505,0.20626478355687863,False,0,0,26,0.0072202097207631011,False,False,0,0,False,PITB-80B916173F29877FD683,2021-06-10T15:30:00+08:00
MARKET|2021|SZ_A|10|002716.SZ|2021-06-11,COORDINATE_ELIGIBLE_MARKET_SEQUENCE,SZ_A,002716.SZ,002716,2021-06-11,2021,10,-1,,3.2200000000000002,3.2200000286102295,False,322,322,0,2.8610229296788248e-08,2.8610229296788248e-08,0.086303256718359256,0.27789648663311683,0.27789648910227277,0.23906002110985505,0.23906002110985505,0.20626478355687863,False,0,0,0,0.061371868698175062,False,False,0,0,False,PITB-80B916173F29877FD683,2021-06-11T15:30:00+08:00
MARKET|2022|ALL_A|01|300228.SZ|2022-06-08,COORDINATE_ELIGIBLE_MARKET_SEQUENCE,ALL_A,300228.SZ,300228,2022-06-08,2022,1,-5,,6.1500000000000004,6.1500000953674316,False,615,615,0,9.5367431285353632e-08,9.5367431285353632e-08,0.095861467504230441,0.58954802515101723,0.58954803429307912,0.54641036477411342,0.52340361257309798,0.48697625492149038,False,0,0,117,0.029304088690341994,False,False,0,0,False,PITB-80B916173F29877FD683,2022-06-08T15:30:00+08:00
MARKET|2022|ALL_A|01|300228.SZ|2022-06-09,COORDINATE_ELIGIBLE_MARKET_SEQUENCE,ALL_A,300228.SZ,300228,2022-06-09,2022,1,-4,,5.9900000000000002,5.9899997711181641,False,599,599,0,-2.2888183615066282e-07,2.2888183615066282e-07,0.095861467504230441,0.57421019035034038,0.57421016840939165,0.54641036477411342,0.53203114464847878,0.48697625492149038,False,0,0,176,0.0054053572921064661,False,False,0,0,False,PITB-80B916173F29877FD683,2022-06-09T15:30:00+08:00
MARKET|2022|ALL_A|01|300228.SZ|2022-06-10,COORDINATE_ELIGIBLE_MARKET_SEQUENCE,ALL_A,300228.SZ,300228,2022-06-10,2022,1,-3,,6.1299999999999999,6.130000114440918,False,613,613,0,1.1444091807533141e-07,1.1444091807533141e-07,0.095861467504230441,0.58763079580093258,0.58763080677140689,0.54736897944915563,0.53203114464847878,0.48697625492149038,False,0,0,0,0.036036087585999056,False,False,0,0,False,PITB-80B916173F29877FD683,2022-06-10T15:30:00+08:00
MARKET|2022|ALL_A|01|300228.SZ|2022-06-13,COORDINATE_ELIGIBLE_MARKET_SEQUENCE,ALL_A,300228.SZ,300228,2022-06-13,2022,1,-2,,6.3300000000000001,6.3299999237060547,False,633,633,0,-7.6293945383554274e-08,7.6293945383554274e-08,0.095861467504230427,0.60680308930177862,0.60680308198812904,0.5588723555496633,0.53203114464847878,0.48697625492149038,False,0,0,1,0.050450402337151617,False,False,0,0,False,PITB-80B916173F29877FD683,2022-06-13T15:30:00+08:00
MARKET|2022|ALL_A|01|300228.SZ|2022-06-14,COORDINATE_ELIGIBLE_MARKET_SEQUENCE,ALL_A,300228.SZ,300228,2022-06-14,2022,1,-1,,6.75,6.75,True,675,675,0,0,0,0.095861467504230441,0.64706490565355546,0.64706490565355546,0.5588723555496633,0.53203114464847878,0.48697625492149038,False,0,0,15,0.1027027336326805,False,False,0,0,False,PITB-80B916173F29877FD683,2022-06-14T15:30:00+08:00
MARKET|2022|ALL_A|02|002204.SZ|2022-06-08,COORDINATE_ELIGIBLE_MARKET_SEQUENCE,ALL_A,002204.SZ,002204,2022-06-08,2022,2,-5,,3.9399999999999999,3.940000057220459,False,394,394,0,5.7220459037665705e-08,5.7220459037665705e-08,0.24206663975412415,0.95374256063124918,0.9537425744824134,0.83028857435664571,0.8157645759713984,0.75766858243040847,False,0,0,111,0.029673632952862791,False,False,0,0,False,PITB-80B916173F29877FD683,2022-06-08T15:30:00+08:00
MARKET|2022|ALL_A|02|002204.SZ|2022-06-09,COORDINATE_ELIGIBLE_MARKET_SEQUENCE,ALL_A,002204.SZ,002204,2022-06-09,2022,2,-4,,3.8500000000000001,3.8499999046325684,False,385,385,0,-9.5367431729442842e-08,9.5367431729442842e-08,0.24206663975412412,0.93195656305337793,0.93195653996810413,0.83028857435664571,0.82544724156156335,0.75766858243040847,False,0,0,169,0.014662742614746089,False,False,0,0,False,PITB-80B916173F29877FD683,2022-06-09T15:30:00+08:00
MARKET|2022|ALL_A|02|002204.SZ|2022-06-10,COORDINATE_ELIGIBLE_MARKET_SEQUENCE,ALL_A,002204.SZ,002204,2022-06-10,2022,2,-3,,3.8799999999999999,3.880000114440918,False,388,388,0,1.1444091807533141e-07,1.1444091807533141e-07,0.24206663975412412,0.93921856224600153,0.93921858994833007,0.84481257274189325,0.82544724156156335,0.75766858243040847,False,0,0,1,0.020527909578116454,False,False,0,0,False,PITB-80B916173F29877FD683,2022-06-10T15:30:00+08:00
MARKET|2022|ALL_A|02|002204.SZ|2022-06-13,COORDINATE_ELIGIBLE_MARKET_SEQUENCE,ALL_A,002204.SZ,002204,2022-06-13,2022,2,-2,,3.8700000000000001,3.869999885559082,False,387,387,0,-1.1444091807533141e-07,1.1444091807533141e-07,0.2420666397541241,0.93679789584846029,0.93679786814613175,0.86175723752468181,0.82544724156156335,0.75766858243040847,False,0,0,51,0.01173019409179687,False,False,0,0,False,PITB-80B916173F29877FD683,2022-06-13T15:30:00+08:00
MARKET|2022|ALL_A|02|002204.SZ|2022-06-14,COORDINATE_ELIGIBLE_MARKET_SEQUENCE,ALL_A,002204.SZ,002204,2022-06-14,2022,2,-1,,3.9100000000000001,3.9100000858306885,False,391,391,0,8.5830688334453953e-08,8.5830688334453953e-08,0.24206663975412412,0.94648056143862536,0.94648058221537168,0.873860569512388,0.82544724156156335,0.75766858243040847,False,0,0,104,0.043988297761710198,False,False,0,0,False,PITB-80B916173F29877FD683,2022-06-14T15:30:00+08:00
MARKET|2022|ALL_A|03|688626.SH|2022-06-08,COORDINATE_ELIGIBLE_MARKET_SEQUENCE,ALL_A,688626.SH,688626,2022-06-08,2022,3,-5,,33.789999999999999,33.790000915527344,False,3379,3379,0,9.1552734460265128e-07,9.1552734460265128e-07,0.022416032564228437,0.75743774034527889,0.75743776086776959,0.65208238729340529,0.65208238729340529,0.56488402061855647,False,0,0,113,0.027157130131569007,False,False,0,0,False,PITB-80B916173F29877FD683,2022-06-08T15:30:00+08:00
MARKET|2022|ALL_A|03|688626.SH|2022-06-09,COORDINATE_ELIGIBLE_MARKET_SEQUENCE,ALL_A,688626.SH,688626,2022-06-09,2022,3,-4,,32.840000000000003,32.840000152587891,False,3284,3284,0,1.5258788721439487e-07,1.5258788721439487e-07,0.022416032564228441,0.73614250940926207,0.73614251282967713,0.65208238729340529,0.65208238729340529,0.56488402061855647,False,0,0,177,0.005500166634998545,False,False,0,0,False,PITB-80B916173F29877FD683,2022-06-09T15:30:00+08:00
MARKET|2022|ALL_A|03|688626.SH|2022-06-10,COORDINATE_ELIGIBLE_MARKET_SEQUENCE,ALL_A,688626.SH,688626,2022-06-10,2022,3,-3,,32.950000000000003,32.950000762939453,False,3295,3295,0,7.6293945028282906e-07,7.6293945028282906e-07,0.022416032564228444,0.73860827299132725,0.7386082900934029,0.65208238729340529,0.65208238729340529,0.56488402061855647,False,0,0,1,0.018906814611912976,False,False,0,0,False,PITB-80B916173F29877FD683,2022-06-10T15:30:00+08:00
MARKET|2022|ALL_A|03|688626.SH|2022-06-13,COORDINATE_ELIGIBLE_MARKET_SEQUENCE,ALL_A,688626.SH,688626,2022-06-13,2022,3,-2,,33.030000000000001,33.029998779296875,False,3303,3303,0,-1.2207031261368684e-06,1.2207031261368684e-06,0.022416032564228441,0.74040155559646548,0.74040152823314442,0.65208238729340529,0.65208238729340529,0.56488402061855647,False,0,0,1,0.033688537031155978,False,False,0,0,False,PITB-80B916173F29877FD683,2022-06-13T15:30:00+08:00
MARKET|2022|ALL_A|03|688626.SH|2022-06-14,COORDINATE_ELIGIBLE_MARKET_SEQUENCE,ALL_A,688626.SH,688626,2022-06-14,2022,3,-1,,31.890000000000001,31.889999389648438,False,3189,3189,0,-6.1035156306843419e-07,6.1035156306843419e-07,0.022416032564228437,0.71484727847324492,0.71484726479158434,0.65432399054982804,0.65208238729340529,0.56488402061855647,False,0,0,159,0.015469194073249162,False,False,0,0,False,PITB-80B916173F29877FD683,2022-06-14T15:30:00+08:00
MARKET|2022|ALL_A|04|002339.SZ|2022-06-08,COORDINATE_ELIGIBLE_MARKET_SEQUENCE,ALL_A,002339.SZ,002339,2022-06-08,2022,4,-5,,5.96,5.9600000381469727,False,596,596,0,3.8146972691777137e-08,3.8146972691777137e-08,0.1461820131463131,0.87124479835202606,0.87124480392842729,0.71775368454839727,0.68413182152474505,0.63442993705499862,False,0,0,2,0.064102604857876777,False,False,0,0,False,PITB-80B916173F29877FD683,2022-06-08T15:30:00+08:00
MARKET|2022|ALL_A|04|002339.SZ|2022-06-09,COORDINATE_ELIGIBLE_MARKET_SEQUENCE,ALL_A,002339.SZ,002339,2022-06-09,2022,4,-4,,6.5599999999999996,6.559999942779541,False,656,656,0,-5.7220458593576495e-08,5.7220458593576495e-08,0.14618201314631313,0.95895400623981397,0.95895399787521218,0.71775368454839727,0.692902742313524,0.63442993705499862,False,0,0,0,0.1265822583613013,False,False,0,0,False,PITB-80B916173F29877FD683,2022-06-09T15:30:00+08:00
MARKET|2022|ALL_A|04|002339.SZ|2022-06-10,COORDINATE_ELIGIBLE_MARKET_SEQUENCE,ALL_A,002339.SZ,002339,2022-06-10,2022,4,-3,,7.2199999999999998,7.2199997901916504,False,722,722,0,-2.0980834936068504e-07,2.0980834936068504e-07,0.1461820131463131,1.0554341349163805,1.0554341042461737,0.73968098652034431,0.692902742313524,0.63442993705499862,False,0,0,1,0.26582273249887728,False,False,0,0,False,PITB-80B916173F29877FD683,2022-06-10T15:30:00+08:00
MARKET|2022|ALL_A|04|002339.SZ|2022-06-13,COORDINATE_ELIGIBLE_MARKET_SEQUENCE,ALL_A,002339.SZ,002339,2022-06-13,2022,4,-2,,6.8799999999999999,6.880000114440918,False,688,688,0,1.1444091807533141e-07,1.1444091807533141e-07,0.1461820131463131,1.0057322504466342,1.005732267175838,0.75283736770351251,0.70313548323376585,0.63442993705499862,False,0,0,234,0,True,False,0,0,False,PITB-80B916173F29877FD683,2022-06-13T15:30:00+08:00
MARKET|2022|ALL_A|04|002339.SZ|2022-06-14,COORDINATE_ELIGIBLE_MARKET_SEQUENCE,ALL_A,002339.SZ,002339,2022-06-14,2022,4,-1,,6.1900000000000004,6.190000057220459,False,619,619,0,5.7220458593576495e-08,5.7220458593576495e-08,0.1461820131463131,0.90486666137567817,0.90486666974027996,0.75576100796643875,0.70313548323376585,0.63442993705499862,False,0,0,0,0,False,False,0,0,False,PITB-80B916173F29877FD683,2022-06-14T15:30:00+08:00
MARKET|2022|ALL_A|05|300515.SZ|2022-06-08,COORDINATE_ELIGIBLE_MARKET_SEQUENCE,ALL_A,300515.SZ,300515,2022-06-08,2022,5,-5,,9.9199999999999999,9.9200000762939453,False,992,992,0,7.6293945383554274e-08,7.6293945383554274e-08,0.092055428678212439,0.91318985248786744,0.91318985951113929,0.82934653110018919,0.79769208334827357,0.72895671108697113,False,0,0,111,0.024234468333842494,False,False,0,0,False,PITB-80B916173F29877FD683,2022-06-08T15:30:00+08:00
MARKET|2022|ALL_A|05|300515.SZ|2022-06-09,COORDINATE_ELIGIBLE_MARKET_SEQUENCE,ALL_A,300515.SZ,300515,2022-06-09,2022,5,-4,,9.6600000000000001,9.6599998474121094,False,966,966,0,-1.5258789076710855e-07,1.5258789076710855e-07,0.092055428678212439,0.8892554410315322,0.8892554269849885,0.82934653110018919,0.80764062407030413,0.72895671108697113,False,0,0,177,0.0091184458179806981,False,False,0,0,False,PITB-80B916173F29877FD683,2022-06-09T15:30:00+08:00
MARKET|2022|ALL_A|05|300515.SZ|2022-06-10,COORDINATE_ELIGIBLE_MARKET_SEQUENCE,ALL_A,300515.SZ,300515,2022-06-10,2022,5,-3,,9.75,9.75,True,975,975,0,0,0,0.092055428678212453,0.89754042961257141,0.89754042961257141,0.83205976947892479,0.80764062407030413,0.72895671108697113,False,0,0,1,0.022796114544951607,False,False,0,0,False,PITB-80B916173F29877FD683,2022-06-10T15:30:00+08:00
MARKET|2022|ALL_A|05|300515.SZ|2022-06-13,COORDINATE_ELIGIBLE_MARKET_SEQUENCE,ALL_A,300515.SZ,300515,2022-06-13,2022,5,-2,,9.7100000000000009,9.7100000381469727,False,971,971,0,3.8146971803598717e-08,3.8146971803598717e-08,0.092055428678212453,0.89385821246544295,0.89385821597707882,0.84783049812633671,0.82392005434271798,0.72895671108697113,False,0,0,52,0.013407418411838661,False,False,0,0,False,PITB-80B916173F29877FD683,2022-06-13T15:30:00+08:00
MARKET|2022|ALL_A|05|300515.SZ|2022-06-14,COORDINATE_ELIGIBLE_MARKET_SEQUENCE,ALL_A,300515.SZ,300515,2022-06-14,2022,5,-1,,9.6600000000000001,9.6599998474121094,False,966,966,0,-1.5258789076710855e-07,1.5258789076710855e-07,0.092055428678212453,0.88925544103153231,0.88925542698498861,0.85243326956024723,0.82392005434271798,0.72895671108697113,False,0,0,114,0.025697525317851799,False,False,0,0,False,PITB-80B916173F29877FD683,2022-06-14T15:30:00+08:00
MARKET|2022|ALL_A|06|002340.SZ|2022-06-08,COORDINATE_ELIGIBLE_MARKET_SEQUENCE,ALL_A,002340.SZ,002340,2022-06-08,2022,6,-5,,8.0800000000000001,8.0799999237060547,False,808,808,0,-7.6293945383554274e-08,7.6293945383554274e-08,0.1409426454160902,1.1388165749620087,1.1388165642089383,1.0147870469958493,0.93867801847116039,0.84424644604238031,False,0,0,110,0.018018000834697109,False,False,0,0,False,PITB-80B916173F29877FD683,2022-06-08T15:30:00+08:00
MARKET|2022|ALL_A|06|002340.SZ|2022-06-09,COORDINATE_ELIGIBLE_MARKET_SEQUENCE,ALL_A,002340.SZ,002340,2022-06-09,2022,6,-4,,7.9000000000000004,7.9000000953674316,False,790,790,0,9.5367431285353632e-08,9.5367431285353632e-08,0.14094264541609017,1.1134468987871124,1.1134469122284505,1.0161964734500102,0.98237023855014827,0.84424644604238031,False,0,0,177,0.01004306623549177,False,False,0,0,False,PITB-80B916173F29877FD683,2022-06-09T15:30:00+08:00
MARKET|2022|ALL_A|06|002340.SZ|2022-06-10,COORDINATE_ELIGIBLE_MARKET_SEQUENCE,ALL_A,002340.SZ,002340,2022-06-10,2022,6,-3,,8.1300000000000008,8.130000114440918,False,813,813,0,1.1444091718715299e-07,1.1444091718715299e-07,0.14094264541609017,1.1458637072328133,1.1458637233624187,1.0161964734500102,0.99787392954591825,0.84424644604238031,False,0,0,0,0.042372908295884602,False,False,0,0,False,PITB-80B916173F29877FD683,2022-06-10T15:30:00+08:00
MARKET|2022|ALL_A|06|002340.SZ|2022-06-13,COORDINATE_ELIGIBLE_MARKET_SEQUENCE,ALL_A,002340.SZ,002340,2022-06-13,2022,6,-2,,8.3399999999999999,8.3400001525878906,False,834,834,0,1.5258789076710855e-07,1.5258789076710855e-07,0.1409426454160902,1.1754616627701922,1.1754616842763332,1.0161964734500102,1.0063304882708837,0.84424644604238031,False,0,0,1,0.046218476709531491,False,False,0,0,False,PITB-80B916173F29877FD683,2022-06-13T15:30:00+08:00
MARKET|2022|ALL_A|06|002340.SZ|2022-06-14,COORDINATE_ELIGIBLE_MARKET_SEQUENCE,ALL_A,002340.SZ,002340,2022-06-14,2022,6,-1,,8.3200000000000003,8.3199996948242188,False,832,832,0,-3.0517578153421709e-07,3.0517578153421709e-07,0.14094264541609017,1.1726428098618702,1.1726427668495882,1.0161964734500102,1.0091493411792054,0.84424644604238031,False,0,0,110,0.03770942794544075,False,False,0,0,False,PITB-80B916173F29877FD683,2022-06-14T15:30:00+08:00
MARKET|2022|ALL_A|07|000928.SZ|2022-06-08,COORDINATE_ELIGIBLE_MARKET_SEQUENCE,ALL_A,000928.SZ,000928,2022-06-08,2022,7,-5,,6.2800000000000002,6.2800002098083496,False,628,628,0,2.0980834936068504e-07,2.0980834936068504e-07,0.17220005677683703,1.0814163565585366,1.0814163926875462,0.98154032362797128,0.9569259648221643,0.86626982078637993,False,0,0,121,0.028792263908479405,False,False,0,0,False,PITB-80B916173F29877FD683,2022-06-08T15:30:00+08:00
MARKET|2022|ALL_A|07|000928.SZ|2022-06-09,COORDINATE_ELIGIBLE_MARKET_SEQUENCE,ALL_A,000928.SZ,000928,2022-06-09,2022,7,-4,,6.4500000000000002,6.4499998092651367,False,645,645,0,-1.9073486345888568e-07,1.9073486345888568e-07,0.17220005677683706,1.1106903662105991,1.1106903333660447,0.98154032362797128,0.97707177460789385,0.86626982078637993,False,0,0,3,0.05287223427055935,False,False,0,0,False,PITB-80B916173F29877FD683,2022-06-09T15:30:00+08:00
MARKET|2022|ALL_A|07|000928.SZ|2022-06-10,COORDINATE_ELIGIBLE_MARKET_SEQUENCE,ALL_A,000928.SZ,000928,2022-06-10,2022,7,-3,,6.4000000000000004,6.4000000953674316,False,640,640,0,9.5367431285353632e-08,9.5367431285353632e-08,0.17220005677683703,1.1020803633717571,1.1020803797940342,1.0142583344155702,0.97707177460789385,0.86626982078637993,False,0,0,1,0.026436159154396413,False,False,0,0,False,PITB-80B916173F29877FD683,2022-06-10T15:30:00+08:00
MARKET|2022|ALL_A|07|000928.SZ|2022-06-13,COORDINATE_ELIGIBLE_MARKET_SEQUENCE,ALL_A,000928.SZ,000928,2022-06-13,2022,7,-2,,6.25,6.25,True,625,625,0,0,0,0.17220005677683706,1.0762503548552316,1.0762503548552316,1.0194243361188753,0.97707177460789385,0.86626982078637993,False,0,0,187,0.010574446854111916,False,False,0,0,False,PITB-80B916173F29877FD683,2022-06-13T15:30:00+08:00
MARKET|2022|ALL_A|07|000928.SZ|2022-06-14,COORDINATE_ELIGIBLE_MARKET_SEQUENCE,ALL_A,000928.SZ,000928,2022-06-14,2022,7,-1,,6.2699999999999996,6.2699999809265137,False,627,627,0,-1.9073485901799359e-08,1.9073485901799359e-08,0.17220005677683703,1.0796943559907681,1.0796943527063128,1.0452543446354008,0.97707177460789385,0.86626982078637993,False,0,0,111,0.044060237244582634,False,False,0,0,False,PITB-80B916173F29877FD683,2022-06-14T15:30:00+08:00
MARKET|2022|ALL_A|08|000557.SZ|2022-06-08,COORDINATE_ELIGIBLE_MARKET_SEQUENCE,ALL_A,000557.SZ,000557,2022-06-08,2022,8,-5,,4.5800000000000001,4.5799999237060547,False,458,458,0,-7.6293945383554274e-08,7.6293945383554274e-08,0.20920502092050244,0.95815899581590125,0.95815897985482479,0.81380753138075457,0.80543933054393435,0.74058577405857851,False,0,0,151,0.028571463250494623,False,False,0,0,False,PITB-80B916173F29877FD683,2022-06-08T15:30:00+08:00
MARKET|2022|ALL_A|08|000557.SZ|2022-06-09,COORDINATE_ELIGIBLE_MARKET_SEQUENCE,ALL_A,000557.SZ,000557,2022-06-09,2022,8,-4,,4.46,4.4600000381469727,False,446,446,0,3.8146972691777137e-08,3.8146972691777137e-08,0.20920502092050244,0.93305439330544093,0.93305440128597916,0.81380753138075457,0.80543933054393435,0.74058577405857851,False,0,0,172,0.012987062528536005,False,False,0,0,False,PITB-80B916173F29877FD683,2022-06-09T15:30:00+08:00
MARKET|2022|ALL_A|08|000557.SZ|2022-06-10,COORDINATE_ELIGIBLE_MARKET_SEQUENCE,ALL_A,000557.SZ,000557,2022-06-10,2022,8,-3,,4.4900000000000002,4.4899997711181641,False,449,449,0,-2.2888183615066282e-07,2.2888183615066282e-07,0.20920502092050247,0.93933054393305615,0.93933049604982677,0.83682008368200989,0.80543933054393435,0.74058577405857851,False,0,0,4,0.023376539156034336,False,False,0,0,False,PITB-80B916173F29877FD683,2022-06-10T15:30:00+08:00
MARKET|2022|ALL_A|08|000557.SZ|2022-06-13,COORDINATE_ELIGIBLE_MARKET_SEQUENCE,ALL_A,000557.SZ,000557,2022-06-13,2022,8,-2,,4.4100000000000001,4.4099998474121094,False,441,441,0,-1.5258789076710855e-07,1.5258789076710855e-07,0.20920502092050247,0.92259414225941594,0.92259411033726302,0.86401673640167531,0.80543933054393435,0.74058577405857851,False,0,0,195,0.01558440072195862,False,False,0,0,False,PITB-80B916173F29877FD683,2022-06-13T15:30:00+08:00
MARKET|2022|ALL_A|08|000557.SZ|2022-06-14,COORDINATE_ELIGIBLE_MARKET_SEQUENCE,ALL_A,000557.SZ,000557,2022-06-14,2022,8,-1,,4.4100000000000001,4.4099998474121094,False,441,441,0,-1.5258789076710855e-07,1.5258789076710855e-07,0.20920502092050247,0.92259414225941594,0.92259411033726302,0.8912133891213404,0.80543933054393435,0.74058577405857851,False,0,0,100,0.038960939877993095,False,False,0,0,False,PITB-80B916173F29877FD683,2022-06-14T15:30:00+08:00
MARKET|2022|ALL_A|09|000785.SZ|2022-06-08,COORDINATE_ELIGIBLE_MARKET_SEQUENCE,ALL_A,000785.SZ,000785,2022-06-08,2022,9,-5,,4.6600000000000001,4.6599998474121094,False,466,466,0,-1.5258789076710855e-07,1.5258789076710855e-07,0.10907121754091739,0.50827187374067506,0.50827185709772804,0.43628487016366962,0.41366254243869333,0.39161453890769704,False,0,0,106,0.02109373749520255,False,False,0,0,False,PITB-80B916173F29877FD683,2022-06-08T15:30:00+08:00
MARKET|2022|ALL_A|09|000785.SZ|2022-06-09,COORDINATE_ELIGIBLE_MARKET_SEQUENCE,ALL_A,000785.SZ,000785,2022-06-09,2022,9,-4,,4.5800000000000001,4.5799999237060547,False,458,458,0,-7.6293945383554274e-08,7.6293945383554274e-08,0.10907121754091736,0.49954617633740156,0.49954616801592805,0.43628487016366962,0.41891206708893053,0.39161453890769704,False,0,0,148,0.0052073512362843721,False,False,0,0,False,PITB-80B916173F29877FD683,2022-06-09T15:30:00+08:00
MARKET|2022|ALL_A|09|000785.SZ|2022-06-10,COORDINATE_ELIGIBLE_MARKET_SEQUENCE,ALL_A,000785.SZ,000785,2022-06-10,2022,9,-3,,4.5199999999999996,4.5199999809265137,False,452,452,0,-1.9073485901799359e-08,1.9073485901799359e-08,0.10907121754091738,0.49300190328494647,0.49300190120457815,0.45155484061939805,0.41891206708893053,0.39161453890769704,False,0,0,174,0.02343314263980277,False,False,0,0,False,PITB-80B916173F29877FD683,2022-06-10T15:30:00+08:00
MARKET|2022|ALL_A|09|000785.SZ|2022-06-13,COORDINATE_ELIGIBLE_MARKET_SEQUENCE,ALL_A,000785.SZ,000785,2022-06-13,2022,9,-2,,4.3899999999999997,4.3899998664855957,False,439,439,0,-1.3351440397713077e-07,1.3351440397713077e-07,0.10907121754091738,0.47882264500462723,0.47882263044204865,0.45373626497021641,0.42521149666921521,0.39161453890769704,False,0,0,203,0.010260410584086114,False,False,0,0,False,PITB-80B916173F29877FD683,2022-06-13T15:30:00+08:00
MARKET|2022|ALL_A|09|000785.SZ|2022-06-14,COORDINATE_ELIGIBLE_MARKET_SEQUENCE,ALL_A,000785.SZ,000785,2022-06-14,2022,9,-1,,4.4500000000000002,4.4499998092651367,False,445,445,0,-1.9073486345888568e-07,1.9073486345888568e-07,0.10907121754091738,0.48536691805708237,0.48536689725339854,0.47227837195217226,0.4273113065293101,0.39161453890769704,False,0,0,110,0.048497395804921337,False,False,0,0,False,PITB-80B916173F29877FD683,2022-06-14T15:30:00+08:00
MARKET|2022|ALL_A|10|688560.SH|2022-06-08,COORDINATE_ELIGIBLE_MARKET_SEQUENCE,ALL_A,688560.SH,688560,2022-06-08,2022,10,-5,,31.449999999999999,31.450000762939453,False,3145,3145,0,7.6293945383554274e-07,7.6293945383554274e-07,0.030238074247914564,0.95098743509691297,0.95098745816673291,0.82428990399815094,0.77379232000413367,0.63227813252389364,False,0,0,111,0.03712390632823187,False,False,0,0,False,PITB-80B916173F29877FD683,2022-06-08T15:30:00+08:00
MARKET|2022|ALL_A|10|688560.SH|2022-06-09,COORDINATE_ELIGIBLE_MARKET_SEQUENCE,ALL_A,688560.SH,688560,2022-06-09,2022,10,-4,,31.280000000000001,31.280000686645508,False,3128,3128,0,6.8664550667563162e-07,6.8664550667563162e-07,0.030238074247914561,0.94584696247476752,0.9458469832376053,0.82428990399815094,0.79042326084048664,0.63227813252389364,False,0,0,63,0.011476707896296139,False,False,0,0,False,PITB-80B916173F29877FD683,2022-06-09T15:30:00+08:00
MARKET|2022|ALL_A|10|688560.SH|2022-06-10,COORDINATE_ELIGIBLE_MARKET_SEQUENCE,ALL_A,688560.SH,688560,2022-06-10,2022,10,-3,,32.280000000000001,32.279998779296875,False,3228,3228,0,-1.2207031261368684e-06,1.2207031261368684e-06,0.030238074247914561,0.9760850367226821,0.9760849998109703,0.82428990399815094,0.79042326084048664,0.63227813252389364,False,0,0,1,0.053557751282718905,False,False,0,0,False,PITB-80B916173F29877FD683,2022-06-10T15:30:00+08:00
MARKET|2022|ALL_A|10|688560.SH|2022-06-13,COORDINATE_ELIGIBLE_MARKET_SEQUENCE,ALL_A,688560.SH,688560,2022-06-13,2022,10,-2,,32.719999999999999,32.720001220703125,False,3272,3272,0,1.2207031261368684e-06,1.2207031261368684e-06,0.030238074247914568,0.98938978939176458,0.98938982630347638,0.82428990399815094,0.79042326084048664,0.63227813252389364,False,0,0,1,0.04093349664012446,False,False,0,0,False,PITB-80B916173F29877FD683,2022-06-13T15:30:00+08:00
MARKET|2022|ALL_A|10|688560.SH|2022-06-14,COORDINATE_ELIGIBLE_MARKET_SEQUENCE,ALL_A,688560.SH,688560,2022-06-14,2022,10,-1,,32.609999999999999,32.610000610351562,False,3261,3261,0,6.1035156306843419e-07,6.1035156306843419e-07,0.030238074247914568,0.98606360122449399,0.98606361968034995,0.82428990399815094,0.80886848613171447,0.63227813252389364,False,0,0,15,0.02990658483772634,False,False,0,0,False,PITB-80B916173F29877FD683,2022-06-14T15:30:00+08:00
MARKET|2022|CHINEXT_BOARD|01|300805.SZ|2022-06-08,COORDINATE_ELIGIBLE_MARKET_SEQUENCE,CHINEXT_BOARD,300805.SZ,300805,2022-06-08,2022,1,-5,,7.8200000000000003,7.820000171661377,False,782,782,0,1.7166137666890791e-07,1.7166137666890791e-07,0.068605073306260131,0.53649167325495428,0.53649168503179556,0.5049333395340746,0.48435181754219664,0.43770036769393966,False,0,0,121,0.022662935446071893,False,False,0,0,False,PITB-80B916173F29877FD683,2022-06-08T15:30:00+08:00
MARKET|2022|CHINEXT_BOARD|01|300805.SZ|2022-06-09,COORDINATE_ELIGIBLE_MARKET_SEQUENCE,CHINEXT_BOARD,300805.SZ,300805,2022-06-09,2022,1,-4,,7.6200000000000001,7.619999885559082,False,762,762,0,-1.1444091807533141e-07,1.1444091807533141e-07,0.068605073306260145,0.52277065859370231,0.52277065074247475,0.50561939026713731,0.4946425785381357,0.43770036769393966,False,0,0,180,0.009708695537339572,False,False,0,0,False,PITB-80B916173F29877FD683,2022-06-09T15:30:00+08:00
MARKET|2022|CHINEXT_BOARD|01|300805.SZ|2022-06-10,COORDINATE_ELIGIBLE_MARKET_SEQUENCE,CHINEXT_BOARD,300805.SZ,300805,2022-06-10,2022,1,-3,,7.7199999999999998,7.7199997901916504,False,772,772,0,-2.0980834936068504e-07,2.0980834936068504e-07,0.068605073306260131,0.52963116592432824,0.52963115153041096,0.51316594833082585,0.4946425785381357,0.43770036769393966,False,0,0,1,0.022191379668808325,False,False,0,0,False,PITB-80B916173F29877FD683,2022-06-10T15:30:00+08:00
MARKET|2022|CHINEXT_BOARD|01|300805.SZ|2022-06-13,COORDINATE_ELIGIBLE_MARKET_SEQUENCE,CHINEXT_BOARD,300805.SZ,300805,2022-06-13,2022,1,-2,,7.7800000000000002,7.7800002098083496,False,778,778,0,2.0980834936068504e-07,2.0980834936068504e-07,0.068605073306260131,0.53374747032270387,0.53374748471662103,0.51385199906388845,0.49944493366957393,0.43770036769393966,False,0,0,46,0.015109908449780884,False,False,0,0,False,PITB-80B916173F29877FD683,2022-06-13T15:30:00+08:00
MARKET|2022|CHINEXT_BOARD|01|300805.SZ|2022-06-14,COORDINATE_ELIGIBLE_MARKET_SEQUENCE,CHINEXT_BOARD,300805.SZ,300805,2022-06-14,2022,1,-1,,7.7199999999999998,7.7199997901916504,False,772,772,0,-2.0980834936068504e-07,2.0980834936068504e-07,0.068605073306260131,0.52963116592432824,0.52963115153041096,0.51385199906388845,0.50287518733488679,0.43770036769393966,False,0,0,110,0.032742124299885912,False,False,0,0,False,PITB-80B916173F29877FD683,2022-06-14T15:30:00+08:00
MARKET|2022|CHINEXT_BOARD|02|300570.SZ|2022-06-08,COORDINATE_ELIGIBLE_MARKET_SEQUENCE,CHINEXT_BOARD,300570.SZ,300570,2022-06-08,2022,2,-5,,13.66,13.659999847412109,False,1366,1366,0,-1.5258789076710855e-07,1.5258789076710855e-07,0.049951474280857604,0.68233713867651491,0.68233713105452476,0.60990750096927138,0.59592108817063139,0.5314836863483251,False,0,0,11,0.032690644563993031,False,False,0,0,False,PITB-80B916173F29877FD683,2022-06-08T15:30:00+08:00
MARKET|2022|CHINEXT_BOARD|02|300570.SZ|2022-06-09,COORDINATE_ELIGIBLE_MARKET_SEQUENCE,CHINEXT_BOARD,300570.SZ,300570,2022-06-09,2022,2,-4,,13.1,13.100000381469727,False,1310,1310,0,3.8146972691777137e-07,3.8146972691777137e-07,0.049951474280857604,0.65436431307923459,0.65436433213420986,0.60990750096927138,0.60840895674084572,0.5314836863483251,False,0,0,183,0.0073891750893178947,False,False,0,0,False,PITB-80B916173F29877FD683,2022-06-09T15:30:00+08:00
MARKET|2022|CHINEXT_BOARD|02|300570.SZ|2022-06-10,COORDINATE_ELIGIBLE_MARKET_SEQUENCE,CHINEXT_BOARD,300570.SZ,300570,2022-06-10,2022,2,-3,,14.140000000000001,14.140000343322754,False,1414,1414,0,3.4332275333781581e-07,3.4332275333781581e-07,0.049951474280857604,0.70631384633132654,0.70631386348080427,0.60990750096927138,0.60840895674084572,0.5314836863483251,False,0,0,0,0.091133055037074195,False,False,0,0,False,PITB-80B916173F29877FD683,2022-06-10T15:30:00+08:00
MARKET|2022|CHINEXT_BOARD|02|300570.SZ|2022-06-13,COORDINATE_ELIGIBLE_MARKET_SEQUENCE,CHINEXT_BOARD,300570.SZ,300570,2022-06-13,2022,2,-2,,14.300000000000001,14.300000190734863,False,1430,1430,0,1.9073486257070726e-07,1.9073486257070726e-07,0.049951474280857604,0.71430608221626379,0.71430609174375137,0.62539245799633714,0.60840895674084572,0.5314836863483251,False,0,0,1,0.041050903119868587,False,False,0,0,False,PITB-80B916173F29877FD683,2022-06-13T15:30:00+08:00
MARKET|2022|CHINEXT_BOARD|02|300570.SZ|2022-06-14,COORDINATE_ELIGIBLE_MARKET_SEQUENCE,CHINEXT_BOARD,300570.SZ,300570,2022-06-14,2022,2,-1,,15.91,15.909999847412109,False,1591,1591,0,-1.5258789076710855e-07,1.5258789076710855e-07,0.049951474280857597,0.79472795580844435,0.79472794818645431,0.62739051696757153,0.60840895674084572,0.5314836863483251,False,0,0,1,0.14121512865589564,False,False,0,0,False,PITB-80B916173F29877FD683,2022-06-14T15:30:00+08:00
MARKET|2022|CHINEXT_BOARD|03|300473.SZ|2022-06-08,COORDINATE_ELIGIBLE_MARKET_SEQUENCE,CHINEXT_BOARD,300473.SZ,300473,2022-06-08,2022,3,-5,,16.960000000000001,16.959999084472656,False,1696,1696,0,-9.1552734460265128e-07,9.1552734460265128e-07,0.026115624700444495,0.44292099491953862,0.44292097100997013,0.41549958898407185,0.38546662057856068,0.35804521464309397,False,0,0,111,0.026422722875910513,False,False,0,0,False,PITB-80B916173F29877FD683,2022-06-08T15:30:00+08:00
MARKET|2022|CHINEXT_BOARD|03|300473.SZ|2022-06-09,COORDINATE_ELIGIBLE_MARKET_SEQUENCE,CHINEXT_BOARD,300473.SZ,300473,2022-06-09,2022,3,-4,,16.390000000000001,16.389999389648438,False,1639,1639,0,-6.1035156306843419e-07,6.1035156306843419e-07,0.026115624700444491,0.42803508884028524,0.42803507290057285,0.41549958898407185,0.39434593297671178,0.35804521464309397,False,0,0,169,0.0086092159448080425,False,False,0,0,False,PITB-80B916173F29877FD683,2022-06-09T15:30:00+08:00
MARKET|2022|CHINEXT_BOARD|03|300473.SZ|2022-06-10,COORDINATE_ELIGIBLE_MARKET_SEQUENCE,CHINEXT_BOARD,300473.SZ,300473,2022-06-10,2022,3,-3,,17.010000000000002,17.010000228881836,False,1701,1701,0,2.2888183437430598e-07,2.2888183437430598e-07,0.026115624700444488,0.4442267761545608,0.44422678213195288,0.41549958898407185,0.40923183905596527,0.35804521464309397,False,0,0,1,0.05169109546537231,False,False,0,0,False,PITB-80B916173F29877FD683,2022-06-10T15:30:00+08:00
MARKET|2022|CHINEXT_BOARD|03|300473.SZ|2022-06-13,COORDINATE_ELIGIBLE_MARKET_SEQUENCE,CHINEXT_BOARD,300473.SZ,300473,2022-06-13,2022,3,-2,,17.579999999999998,17.579999923706055,False,1758,1758,0,-7.6293943607197434e-08,7.6293943607197434e-08,0.026115624700444488,0.45911268223381407,0.45911268024135005,0.41549958898407185,0.41053762029098745,0.35804521464309397,False,0,0,1,0.035623375696080359,False,False,0,0,False,PITB-80B916173F29877FD683,2022-06-13T15:30:00+08:00
MARKET|2022|CHINEXT_BOARD|03|300473.SZ|2022-06-14,COORDINATE_ELIGIBLE_MARKET_SEQUENCE,CHINEXT_BOARD,300473.SZ,300473,2022-06-14,2022,3,-1,,17.370000000000001,17.370000839233398,False,1737,1737,0,8.3923339744274017e-07,8.3923339744274017e-07,0.026115624700444491,0.45362840104672081,0.45362842296382527,0.41549958898407185,0.41314918276103185,0.35804521464309397,False,0,0,111,0.03666244776903,False,False,0,0,False,PITB-80B916173F29877FD683,2022-06-14T15:30:00+08:00
MARKET|2022|CHINEXT_BOARD|04|300181.SZ|2022-06-08,COORDINATE_ELIGIBLE_MARKET_SEQUENCE,CHINEXT_BOARD,300181.SZ,300181,2022-06-08,2022,4,-5,,8.5899999999999999,8.5900001525878906,False,859,859,0,1.5258789076710855e-07,1.5258789076710855e-07,0.14367646312532284,1.2341808182465233,1.2341808401698116,1.121308729330148,1.121308729330148,1.0231942155137599,False,0,0,8,0.020501233581313373,False,False,0,0,False,PITB-80B916173F29877FD683,2022-06-08T15:30:00+08:00
MARKET|2022|CHINEXT_BOARD|04|300181.SZ|2022-06-09,COORDINATE_ELIGIBLE_MARKET_SEQUENCE,CHINEXT_BOARD,300181.SZ,300181,2022-06-09,2022,4,-4,,8.3100000000000005,8.3100004196166992,False,831,831,0,4.1961669872137008e-07,4.1961669872137008e-07,0.14367646312532287,1.1939514085714331,1.1939514688604762,1.1227103652418104,1.121308729330148,1.0231942155137599,False,0,0,169,0.0076880236914880036,False,False,0,0,False,PITB-80B916173F29877FD683,2022-06-09T15:30:00+08:00
MARKET|2022|CHINEXT_BOARD|04|300181.SZ|2022-06-10,COORDINATE_ELIGIBLE_MARKET_SEQUENCE,CHINEXT_BOARD,300181.SZ,300181,2022-06-10,2022,4,-3,,8.3900000000000006,8.3900003433227539,False,839,839,0,3.4332275333781581e-07,3.4332275333781581e-07,0.14367646312532287,1.2054455256214589,1.205445574948858,1.1297185448001239,1.121308729330148,1.0231942155137599,False,0,0,0,0.019219998130224816,False,False,0,0,False,PITB-80B916173F29877FD683,2022-06-10T15:30:00+08:00
MARKET|2022|CHINEXT_BOARD|04|300181.SZ|2022-06-13,COORDINATE_ELIGIBLE_MARKET_SEQUENCE,CHINEXT_BOARD,300181.SZ,300181,2022-06-13,2022,4,-2,,8.5700000000000003,8.5699996948242188,False,857,857,0,-3.0517578153421709e-07,3.0517578153421709e-07,0.14367646312532287,1.2313072889840171,1.2313072451374401,1.1297185448001239,1.121308729330148,1.0231942155137599,False,0,0,1,0.035877158767298599,False,False,0,0,False,PITB-80B916173F29877FD683,2022-06-13T15:30:00+08:00
MARKET|2022|CHINEXT_BOARD|04|300181.SZ|2022-06-14,COORDINATE_ELIGIBLE_MARKET_SEQUENCE,CHINEXT_BOARD,300181.SZ,300181,2022-06-14,2022,4,-1,,8.4499999999999993,8.4499998092651367,False,845,845,0,-1.9073486257070726e-07,1.9073486257070726e-07,0.14367646312532287,1.2140661134089781,1.2140660860048678,1.1297185448001239,1.121308729330148,1.0231942155137599,False,0,0,111,0.025626541976641912,False,False,0,0,False,PITB-80B916173F29877FD683,2022-06-14T15:30:00+08:00
MARKET|2022|CHINEXT_BOARD|05|300175.SZ|2022-06-08,COORDINATE_ELIGIBLE_MARKET_SEQUENCE,CHINEXT_BOARD,300175.SZ,300175,2022-06-08,2022,5,-5,,4.0599999999999996,4.059999942779541,False,406,406,0,-5.7220458593576495e-08,5.7220458593576495e-08,0.13349991665451202,0.54200966161731878,0.54200965397839229,0.50863468245369092,0.49928968828787512,0.47392470412351789,False,0,0,120,0.024064148173612746,False,False,0,0,False,PITB-80B916173F29877FD683,2022-06-08T15:30:00+08:00
MARKET|2022|CHINEXT_BOARD|05|300175.SZ|2022-06-09,COORDINATE_ELIGIBLE_MARKET_SEQUENCE,CHINEXT_BOARD,300175.SZ,300175,2022-06-09,2022,5,-4,,3.96,3.9600000381469727,False,396,396,0,3.8146972691777137e-08,3.8146972691777137e-08,0.13349991665451202,0.52865966995186764,0.5286596750444853,0.50863468245369092,0.50062468745442035,0.47392470412351789,False,0,0,176,0.0079999923706055541,False,False,0,0,False,PITB-80B916173F29877FD683,2022-06-09T15:30:00+08:00
MARKET|2022|CHINEXT_BOARD|05|300175.SZ|2022-06-10,COORDINATE_ELIGIBLE_MARKET_SEQUENCE,CHINEXT_BOARD,300175.SZ,300175,2022-06-10,2022,5,-3,,3.9500000000000002,3.9500000476837158,False,395,395,0,4.7683715642676816e-08,4.7683715642676816e-08,0.133499916654512,0.52732467078532241,0.52732467715109443,0.51263967995332616,0.50062468745442035,0.47392470412351789,False,0,0,2,0.013333320617675629,False,False,0,0,False,PITB-80B916173F29877FD683,2022-06-10T15:30:00+08:00
MARKET|2022|CHINEXT_BOARD|05|300175.SZ|2022-06-13,COORDINATE_ELIGIBLE_MARKET_SEQUENCE,CHINEXT_BOARD,300175.SZ,300175,2022-06-13,2022,5,-2,,3.96,3.9600000381469727,False,396,396,0,3.8146972691777137e-08,3.8146972691777137e-08,0.13349991665451202,0.52865966995186764,0.5286596750444853,0.52064967495259684,0.50462968495405558,0.47392470412351789,False,0,0,192,0.013227500612773665,False,False,0,0,False,PITB-80B916173F29877FD683,2022-06-13T15:30:00+08:00
MARKET|2022|CHINEXT_BOARD|05|300175.SZ|2022-06-14,COORDINATE_ELIGIBLE_MARKET_SEQUENCE,CHINEXT_BOARD,300175.SZ,300175,2022-06-14,2022,5,-1,,3.9700000000000002,3.9700000286102295,False,397,397,0,2.8610229296788248e-08,2.8610229296788248e-08,0.13349991665451202,0.52999466911841275,0.52999467293787594,0.52064967495259684,0.50863468245369092,0.47392470412351789,False,0,0,36,0.028871426119266023,False,False,0,0,False,PITB-80B916173F29877FD683,2022-06-14T15:30:00+08:00
MARKET|2022|CHINEXT_BOARD|06|300668.SZ|2022-06-08,COORDINATE_ELIGIBLE_MARKET_SEQUENCE,CHINEXT_BOARD,300668.SZ,300668,2022-06-08,2022,6,-5,,18.199999999999999,18.200000762939453,False,1820,1820,0,7.6293945383554274e-07,7.6293945383554274e-07,0.036963233472522034,0.672730849199901,0.67273087740061011,0.62837496903287449,0.587345779878375,0.5293135033265155,False,0,0,117,0.023914478798944802,False,False,0,0,False,PITB-80B916173F29877FD683,2022-06-08T15:30:00+08:00
MARKET|2022|CHINEXT_BOARD|06|300668.SZ|2022-06-09,COORDINATE_ELIGIBLE_MARKET_SEQUENCE,CHINEXT_BOARD,300668.SZ,300668,2022-06-09,2022,6,-4,,17.91,17.909999847412109,False,1791,1791,0,-1.5258789076710855e-07,1.5258789076710855e-07,0.036963233472522034,0.66201151149286963,0.66201150585272783,0.62837496903287449,0.62061269000364494,0.5293135033265155,False,0,0,12,0.001191212493369358,False,False,0,0,False,PITB-80B916173F29877FD683,2022-06-09T15:30:00+08:00
MARKET|2022|CHINEXT_BOARD|06|300668.SZ|2022-06-10,COORDINATE_ELIGIBLE_MARKET_SEQUENCE,CHINEXT_BOARD,300668.SZ,300668,2022-06-10,2022,6,-3,,18.510000000000002,18.510000228881836,False,1851,1851,0,2.2888183437430598e-07,2.2888183437430598e-07,0.036963233472522027,0.68418945157638278,0.68418946003659542,0.62837496903287449,0.62837496903287449,0.5293135033265155,False,0,0,1,0.05529414906221277,False,False,0,0,False,PITB-80B916173F29877FD683,2022-06-10T15:30:00+08:00
MARKET|2022|CHINEXT_BOARD|06|300668.SZ|2022-06-13,COORDINATE_ELIGIBLE_MARKET_SEQUENCE,CHINEXT_BOARD,300668.SZ,300668,2022-06-13,2022,6,-2,,18,18,True,1800,1800,0,0,0,0.036963233472522034,0.66533820250539655,0.66533820250539666,0.62837496903287449,0.62837496903287449,0.5293135033265155,False,0,0,117,0.0058823753805721671,False,False,0,0,False,PITB-80B916173F29877FD683,2022-06-13T15:30:00+08:00
MARKET|2022|CHINEXT_BOARD|06|300668.SZ|2022-06-14,COORDINATE_ELIGIBLE_MARKET_SEQUENCE,CHINEXT_BOARD,300668.SZ,300668,2022-06-14,2022,6,-1,,17.960000000000001,17.959999084472656,False,1796,1796,0,-9.1552734460265128e-07,9.1552734460265128e-07,0.036963233472522034,0.66385967316649575,0.66385963932564473,0.64944401211221203,0.62837496903287449,0.5293135033265155,False,0,0,75,0.015294018913717865,False,False,0,0,False,PITB-80B916173F29877FD683,2022-06-14T15:30:00+08:00
MARKET|2022|CHINEXT_BOARD|07|300862.SZ|2022-06-08,COORDINATE_ELIGIBLE_MARKET_SEQUENCE,CHINEXT_BOARD,300862.SZ,300862,2022-06-08,2022,7,-5,,26.09,26.090000152587891,False,2609,2609,0,1.5258789076710855e-07,1.5258789076710855e-07,0.015695160826754019,0.40948674597001233,0.40948674836490384,0.37414965986394527,0.37414965986394527,0.33998144712430389,False,0,0,112,0.015940620875014865,False,False,1,0,False,PITB-80B916173F29877FD683,2022-06-08T15:30:00+08:00
MARKET|2022|CHINEXT_BOARD|07|300862.SZ|2022-06-09,COORDINATE_ELIGIBLE_MARKET_SEQUENCE,CHINEXT_BOARD,300862.SZ,300862,2022-06-09,2022,7,-4,,25.23,25.229999542236328,False,2523,2523,0,-4.5776367230132564e-07,4.5776367230132564e-07,0.015695160826754019,0.39598890765900391,0.39598890047432944,0.37414965986394527,0.37414965986394527,0.33998144712430389,False,0,0,176,0.0096482242073710027,False,False,0,0,False,PITB-80B916173F29877FD683,2022-06-09T15:30:00+08:00
MARKET|2022|CHINEXT_BOARD|07|300862.SZ|2022-06-10,COORDINATE_ELIGIBLE_MARKET_SEQUENCE,CHINEXT_BOARD,300862.SZ,300862,2022-06-10,2022,7,-3,,25.530000000000001,25.530000686645508,False,2553,2553,0,6.8664550667563162e-07,6.8664550667563162e-07,0.015695160826754019,0.4006974559070301,0.40069746668404177,0.37414965986394527,0.37414965986394527,0.33998144712430389,False,0,0,1,0.018877029980636752,False,False,0,0,False,PITB-80B916173F29877FD683,2022-06-10T15:30:00+08:00
MARKET|2022|CHINEXT_BOARD|07|300862.SZ|2022-06-13,COORDINATE_ELIGIBLE_MARKET_SEQUENCE,CHINEXT_BOARD,300862.SZ,300862,2022-06-13,2022,7,-2,,25.670000000000002,25.670000076293945,False,2567,2567,0,7.6293943607197434e-08,7.6293943607197434e-08,0.015695160826754019,0.40289477842277566,0.40289477962022141,0.38620902906617166,0.37414965986394527,0.33998144712430389,False,0,0,1,0.026847260406996913,False,False,0,0,False,PITB-80B916173F29877FD683,2022-06-13T15:30:00+08:00
MARKET|2022|CHINEXT_BOARD|07|300862.SZ|2022-06-14,COORDINATE_ELIGIBLE_MARKET_SEQUENCE,CHINEXT_BOARD,300862.SZ,300862,2022-06-14,2022,7,-1,,25.329999999999998,25.329999923706055,False,2533,2533,0,-7.6293943607197434e-08,7.6293943607197434e-08,0.015695160826754016,0.39755842374167921,0.39755842254423346,0.38698206555349385,0.37414965986394527,0.33998144712430389,False,0,0,109,0.032300660184135133,False,False,0,0,False,PITB-80B916173F29877FD683,2022-06-14T15:30:00+08:00
MARKET|2022|CHINEXT_BOARD|08|301016.SZ|2022-06-08,COORDINATE_ELIGIBLE_MARKET_SEQUENCE,CHINEXT_BOARD,301016.SZ,301016,2022-06-08,2022,8,-5,,18.550000000000001,18.549999237060547,False,1855,1855,0,-7.6293945383554274e-07,7.6293945383554274e-07,0.023180343069077385,0.42999536393138549,0.42999534624618724,0.39638386648122337,0.39638386648122337,0.35744089012517338,False,0,0,123,0.023391790557325948,False,False,0,0,False,PITB-80B916173F29877FD683,2022-06-08T15:30:00+08:00
MARKET|2022|CHINEXT_BOARD|08|301016.SZ|2022-06-09,COORDINATE_ELIGIBLE_MARKET_SEQUENCE,CHINEXT_BOARD,301016.SZ,301016,2022-06-09,2022,8,-4,,18.050000000000001,18.049999237060547,False,1805,1805,0,-7.6293945383554274e-07,7.6293945383554274e-07,0.023180343069077385,0.41840519239684681,0.41840517471164856,0.39638386648122342,0.39638386648122337,0.35744089012517338,False,0,0,172,0.0064326726902298294,False,False,0,0,False,PITB-80B916173F29877FD683,2022-06-09T15:30:00+08:00
MARKET|2022|CHINEXT_BOARD|08|301016.SZ|2022-06-10,COORDINATE_ELIGIBLE_MARKET_SEQUENCE,CHINEXT_BOARD,301016.SZ,301016,2022-06-10,2022,8,-3,,18.109999999999999,18.110000610351562,False,1811,1811,0,6.1035156306843419e-07,6.1035156306843419e-07,0.023180343069077382,0.4197960129809914,0.41979602712914998,0.40078813166434807,0.39638386648122337,0.35744089012517338,False,0,0,1,0.011111142342550636,False,False,0,0,False,PITB-80B916173F29877FD683,2022-06-10T15:30:00+08:00
MARKET|2022|CHINEXT_BOARD|08|301016.SZ|2022-06-13,COORDINATE_ELIGIBLE_MARKET_SEQUENCE,CHINEXT_BOARD,301016.SZ,301016,2022-06-13,2022,8,-2,,18.219999999999999,18.219999313354492,False,1822,1822,0,-6.8664550667563162e-07,6.8664550667563162e-07,0.023180343069077385,0.42234585071858993,0.42234583480191151,0.40774223458507125,0.39638386648122337,0.35744089012517338,False,0,0,1,0.018713432445860701,False,False,0,0,False,PITB-80B916173F29877FD683,2022-06-13T15:30:00+08:00
MARKET|2022|CHINEXT_BOARD|08|301016.SZ|2022-06-14,COORDINATE_ELIGIBLE_MARKET_SEQUENCE,CHINEXT_BOARD,301016.SZ,301016,2022-06-14,2022,8,-1,,17.949999999999999,17.950000762939453,False,1795,1795,0,7.6293945383554274e-07,7.6293945383554274e-07,0.023180343069077382,0.41608715808993901,0.41608717577513726,0.40890125173852515,0.39638386648122337,0.35744089012517338,False,0,0,122,0.029239766081871291,False,False,0,0,False,PITB-80B916173F29877FD683,2022-06-14T15:30:00+08:00
MARKET|2022|CHINEXT_BOARD|09|300921.SZ|2022-06-08,COORDINATE_ELIGIBLE_MARKET_SEQUENCE,CHINEXT_BOARD,300921.SZ,300921,2022-06-08,2022,9,-5,,19.530000000000001,19.530000686645508,False,1953,1953,0,6.8664550667563162e-07,6.8664550667563162e-07,0.030200570664138695,0.58981714507062877,0.58981716580771493,0.53455010075525466,0.53455010075525466,0.48793205536752632,False,0,0,110,0.033333341954118113,False,False,0,0,False,PITB-80B916173F29877FD683,2022-06-08T15:30:00+08:00
MARKET|2022|CHINEXT_BOARD|09|300921.SZ|2022-06-09,COORDINATE_ELIGIBLE_MARKET_SEQUENCE,CHINEXT_BOARD,300921.SZ,300921,2022-06-09,2022,9,-4,,18.870000000000001,18.870000839233398,False,1887,1887,0,8.3923339744274017e-07,8.3923339744274017e-07,0.030200570664138695,0.56988476843229718,0.56988479377762469,0.53455010075525466,0.53455010075525466,0.48793205536752632,False,0,0,178,0.0045197697009069452,False,False,0,0,False,PITB-80B916173F29877FD683,2022-06-09T15:30:00+08:00
MARKET|2022|CHINEXT_BOARD|09|300921.SZ|2022-06-10,COORDINATE_ELIGIBLE_MARKET_SEQUENCE,CHINEXT_BOARD,300921.SZ,300921,2022-06-10,2022,9,-3,,19.079999999999998,19.079999923706055,False,1908,1908,0,-7.6293943607197434e-08,7.6293943607197434e-08,0.030200570664138695,0.57622688827176627,0.5762268859676456,0.53455010075525466,0.53455010075525466,0.48793205536752632,False,0,0,1,0.020904002216576182,False,False,0,0,False,PITB-80B916173F29877FD683,2022-06-10T15:30:00+08:00
MARKET|2022|CHINEXT_BOARD|09|300921.SZ|2022-06-13,COORDINATE_ELIGIBLE_MARKET_SEQUENCE,CHINEXT_BOARD,300921.SZ,300921,2022-06-13,2022,9,-2,,19.210000000000001,19.209999084472656,False,1921,1921,0,-9.1552734460265128e-07,9.1552734460265128e-07,0.030200570664138695,0.58015296245810433,0.58015293480865604,0.53908018635487576,0.53455010075525466,0.48793205536752632,False,0,0,0,0.017514094121038434,False,False,0,0,False,PITB-80B916173F29877FD683,2022-06-13T15:30:00+08:00
MARKET|2022|CHINEXT_BOARD|09|300921.SZ|2022-06-14,COORDINATE_ELIGIBLE_MARKET_SEQUENCE,CHINEXT_BOARD,300921.SZ,300921,2022-06-14,2022,9,-1,,18.640000000000001,18.639999389648438,False,1864,1864,0,-6.1035156306843419e-07,6.1035156306843419e-07,0.030200570664138695,0.56293863717954529,0.5629386187465798,0.53908018635487576,0.53455010075525466,0.48793205536752632,False,0,0,110,0.033333341954118113,False,False,0,0,False,PITB-80B916173F29877FD683,2022-06-14T15:30:00+08:00
MARKET|2022|CHINEXT_BOARD|10|300458.SZ|2022-06-08,COORDINATE_ELIGIBLE_MARKET_SEQUENCE,CHINEXT_BOARD,300458.SZ,300458,2022-06-08,2022,10,-5,,20.879999999999999,20.879999160766602,False,2088,2088,0,-8.3923339744274017e-07,8.3923339744274017e-07,0.06994827877580298,1.4605200608387661,1.4605200021358344,1.3122297098340641,1.2171000506989718,1.1802473716085657,False,0,0,110,0.027586180588294689,False,False,0,0,False,PITB-80B916173F29877FD683,2022-06-08T15:30:00+08:00
MARKET|2022|CHINEXT_BOARD|10|300458.SZ|2022-06-09,COORDINATE_ELIGIBLE_MARKET_SEQUENCE,CHINEXT_BOARD,300458.SZ,300458,2022-06-09,2022,10,-4,,20.190000000000001,20.190000534057617,False,2019,2019,0,5.3405761590852308e-07,5.3405761590852308e-07,0.06994827877580298,1.4122557484834624,1.4122557858398732,1.3122297098340641,1.2702607425685821,1.1802473716085657,False,0,0,183,0.011563931267692049,False,False,0,0,False,PITB-80B916173F29877FD683,2022-06-09T15:30:00+08:00
MARKET|2022|CHINEXT_BOARD|10|300458.SZ|2022-06-10,COORDINATE_ELIGIBLE_MARKET_SEQUENCE,CHINEXT_BOARD,300458.SZ,300458,2022-06-10,2022,10,-3,,20.600000000000001,20.600000381469727,False,2060,2060,0,3.8146972514141453e-07,3.8146972514141453e-07,0.06994827877580298,1.4409345427815414,1.4409345694646922,1.3122297098340641,1.3122297098340641,1.1802473716085657,False,0,0,1,0.031982962764910756,False,False,0,0,False,PITB-80B916173F29877FD683,2022-06-10T15:30:00+08:00
MARKET|2022|CHINEXT_BOARD|10|300458.SZ|2022-06-13,COORDINATE_ELIGIBLE_MARKET_SEQUENCE,CHINEXT_BOARD,300458.SZ,300458,2022-06-13,2022,10,-2,,20.510000000000002,20.510000228881836,False,2051,2051,0,2.2888183437430598e-07,2.2888183437430598e-07,0.06994827877580298,1.4346391976917192,1.4346392137016095,1.3150276409850961,1.3122297098340641,1.1802473716085657,False,0,0,1,0.013326226012793096,False,False,0,0,False,PITB-80B916173F29877FD683,2022-06-13T15:30:00+08:00
MARKET|2022|CHINEXT_BOARD|10|300458.SZ|2022-06-14,COORDINATE_ELIGIBLE_MARKET_SEQUENCE,CHINEXT_BOARD,300458.SZ,300458,2022-06-14,2022,10,-1,,20.140000000000001,20.139999389648438,False,2014,2014,0,-6.1035156306843419e-07,6.1035156306843419e-07,0.06994827877580298,1.4087583345446719,1.4087582918516308,1.3178255721361281,1.3122297098340641,1.1802473716085657,False,0,0,111,0.045842148347704122,False,False,0,0,False,PITB-80B916173F29877FD683,2022-06-14T15:30:00+08:00
MARKET|2022|SH_A|01|601669.SH|2022-06-08,COORDINATE_ELIGIBLE_MARKET_SEQUENCE,SH_A,601669.SH,601669,2022-06-08,2022,1,-5,,7.6900000000000004,7.690000057220459,False,769,769,0,5.7220458593576495e-08,5.7220458593576495e-08,0.14591826146324646,1.1221114306523654,1.1221114390018752,1.043315569462212,1.0170502823988277,0.97911153441838361,False,0,0,121,0.021520817125886854,False,False,0,0,False,PITB-80B916173F29877FD683,2022-06-08T15:30:00+08:00
MARKET|2022|SH_A|01|601669.SH|2022-06-09,COORDINATE_ELIGIBLE_MARKET_SEQUENCE,SH_A,601669.SH,601669,2022-06-09,2022,1,-4,,7.9699999999999998,7.9699997901916504,False,797,797,0,-2.0980834936068504e-07,2.0980834936068504e-07,0.14591826146324643,1.162968543862074,1.1629685132472045,1.043315569462212,1.0170502823988277,0.97911153441838361,False,0,0,1,0.040172128116383363,False,False,0,0,False,PITB-80B916173F29877FD683,2022-06-09T15:30:00+08:00
MARKET|2022|SH_A|01|601669.SH|2022-06-10,COORDINATE_ELIGIBLE_MARKET_SEQUENCE,SH_A,601669.SH,601669,2022-06-10,2022,1,-3,,7.9000000000000004,7.9000000953674316,False,790,790,0,9.5367431285353632e-08,9.5367431285353632e-08,0.14591826146324643,1.152754265559647,1.1527542794754966,1.1002236914328782,1.0170502823988277,0.97911153441838361,False,0,0,75,0.022955570193582134,False,False,0,0,False,PITB-80B916173F29877FD683,2022-06-10T15:30:00+08:00
MARKET|2022|SH_A|01|601669.SH|2022-06-13,COORDINATE_ELIGIBLE_MARKET_SEQUENCE,SH_A,601669.SH,601669,2022-06-13,2022,1,-2,,7.7699999999999996,7.7699999809265137,False,777,777,0,-1.9073485901799359e-08,1.9073485901799359e-08,0.14591826146324646,1.1337848915694249,1.1337848887862549,1.1002236914328782,1.0170502823988277,0.97911153441838361,False,0,0,114,0.017216626335592618,False,False,0,0,False,PITB-80B916173F29877FD683,2022-06-13T15:30:00+08:00
MARKET|2022|SH_A|01|601669.SH|2022-06-14,COORDINATE_ELIGIBLE_MARKET_SEQUENCE,SH_A,601669.SH,601669,2022-06-14,2022,1,-1,,7.9100000000000001,7.9099998474121094,False,791,791,0,-1.5258789076710855e-07,1.5258789076710855e-07,0.14591826146324643,1.1542134481742794,1.1542134259089196,1.1002236914328782,1.0170502823988277,0.97911153441838361,False,0,0,105,0.035868005738880958,False,False,0,0,False,PITB-80B916173F29877FD683,2022-06-14T15:30:00+08:00
MARKET|2022|SH_A|02|603015.SH|2022-06-08,COORDINATE_ELIGIBLE_MARKET_SEQUENCE,SH_A,603015.SH,603015,2022-06-08,2022,2,-5,,6.1500000000000004,6.1500000953674316,False,615,615,0,9.5367431285353632e-08,9.5367431285353632e-08,0.12552690770255126,0.77199048237069023,0.77199049434186906,0.73684294821397578,0.67031368713162343,0.62512400035870497,False,0,0,111,0.028089905499519077,False,False,0,0,False,PITB-80B916173F29877FD683,2022-06-08T15:30:00+08:00
MARKET|2022|SH_A|02|603015.SH|2022-06-09,COORDINATE_ELIGIBLE_MARKET_SEQUENCE,SH_A,603015.SH,603015,2022-06-09,2022,2,-4,,5.8600000000000003,5.8600001335144043,False,586,586,0,1.3351440397713077e-07,1.3351440397713077e-07,0.12760173262325455,0.74774615317227178,0.74774617020894096,0.73684294821397578,0.6816111088248531,0.62512400035870497,False,0,0,178,0.0018721034845681191,False,False,1,0,False,PITB-80B916173F29877FD683,2022-06-09T15:30:00+08:00
MARKET|2022|SH_A|02|603015.SH|2022-06-10,COORDINATE_ELIGIBLE_MARKET_SEQUENCE,SH_A,603015.SH,603015,2022-06-10,2022,2,-3,,5.9699999999999998,5.9699997901916504,False,597,597,0,-2.0980834936068504e-07,2.0980834936068504e-07,0.12760173262325458,0.76178234376082976,0.76178231698892096,0.74311929359910334,0.6816111088248531,0.62512400035870497,False,0,0,0,0.029952941618631483,False,False,0,0,False,PITB-80B916173F29877FD683,2022-06-10T15:30:00+08:00
MARKET|2022|SH_A|02|603015.SH|2022-06-13,COORDINATE_ELIGIBLE_MARKET_SEQUENCE,SH_A,603015.SH,603015,2022-06-13,2022,2,-2,,6,6,True,600,600,0,0,0,0.12760173262325458,0.76561039573952749,0.76561039573952749,0.74136606654110904,0.68537691605592976,0.62512400035870497,False,0,0,1,0.018617728135207064,False,False,0,0,False,PITB-80B916173F29877FD683,2022-06-13T15:30:00+08:00
MARKET|2022|SH_A|02|603015.SH|2022-06-14,COORDINATE_ELIGIBLE_MARKET_SEQUENCE,SH_A,603015.SH,603015,2022-06-14,2022,2,-1,,5.9699999999999998,5.9699997901916504,False,597,597,0,-2.0980834936068504e-07,2.0980834936068504e-07,0.12760173262325458,0.76178234376082987,0.76178231698892096,0.74136606654110904,0.68914272328700632,0.62512400035870497,False,0,0,110,0.033328785448600191,False,False,0,0,False,PITB-80B916173F29877FD683,2022-06-14T15:30:00+08:00
MARKET|2022|SH_A|03|603267.SH|2022-06-08,COORDINATE_ELIGIBLE_MARKET_SEQUENCE,SH_A,603267.SH,603267,2022-06-08,2022,3,-5,,128.30000000000001,128.30000305175781,False,12830,12830,0,3.0517578011313162e-06,3.0517578011313162e-06,0.048646992933079884,6.2414091933141496,6.2414093417729894,5.6532670487532126,5.6459699998132491,4.8890227897745264,False,0,0,111,0.016112379343288134,False,False,0,0,False,PITB-80B916173F29877FD683,2022-06-08T15:30:00+08:00
MARKET|2022|SH_A|03|603267.SH|2022-06-09,COORDINATE_ELIGIBLE_MARKET_SEQUENCE,SH_A,603267.SH,603267,2022-06-09,2022,3,-4,,122.59999999999999,122.59999847412109,False,12260,12260,0,-1.5258789005656581e-06,1.5258789005656581e-06,0.04879531853110898,5.9823060519139606,5.9823059774582141,5.6532670487532126,5.6532670487532126,4.8890227897745264,False,0,0,220,0.0071640351284395871,False,False,1,0,False,PITB-80B916173F29877FD683,2022-06-09T15:30:00+08:00
MARKET|2022|SH_A|03|603267.SH|2022-06-10,COORDINATE_ELIGIBLE_MARKET_SEQUENCE,SH_A,603267.SH,603267,2022-06-10,2022,3,-3,,127.78,127.77999877929688,False,12778,12778,0,-1.2207031261368684e-06,1.2207031261368684e-06,0.048795318531108967,6.2350658019051037,6.235065742340506,5.6532670487532126,5.6532670487532126,4.8890227897745264,False,0,0,0,0.052823811183279563,False,False,0,0,False,PITB-80B916173F29877FD683,2022-06-10T15:30:00+08:00
MARKET|2022|SH_A|03|603267.SH|2022-06-13,COORDINATE_ELIGIBLE_MARKET_SEQUENCE,SH_A,603267.SH,603267,2022-06-13,2022,3,-2,,128.18000000000001,128.17999267578125,False,12818,12818,0,-7.3242187568212103e-06,7.3242187568212103e-06,0.048795318531108967,6.2545839293175476,6.2545835719299605,5.9193661000971609,5.6532670487532126,4.8890227897745264,False,0,0,115,0.035733712013889023,False,False,0,0,False,PITB-80B916173F29877FD683,2022-06-13T15:30:00+08:00
MARKET|2022|SH_A|03|603267.SH|2022-06-14,COORDINATE_ELIGIBLE_MARKET_SEQUENCE,SH_A,603267.SH,603267,2022-06-14,2022,3,-1,,125.27,125.26999664306641,False,12527,12527,0,-3.3569335897709607e-06,3.3569335897709607e-06,0.048795318531108967,6.11258955239202,6.1125893885893765,5.9193661000971609,5.6532670487532126,4.8890227897745264,False,0,0,121,0.031677033495484327,False,False,0,0,False,PITB-80B916173F29877FD683,2022-06-14T15:30:00+08:00
MARKET|2022|SH_A|04|603950.SH|2022-06-08,COORDINATE_ELIGIBLE_MARKET_SEQUENCE,SH_A,603950.SH,603950,2022-06-08,2022,4,-5,,14.109999999999999,14.109999656677246,False,1411,1411,0,-3.4332275333781581e-07,3.4332275333781581e-07,0.047357474843443458,0.66821397004098715,0.66821395378208848,0.65542745183325757,0.59623060827895336,0.54982028293237872,False,0,0,150,0.021445552350226708,False,False,0,0,False,PITB-80B916173F29877FD683,2022-06-08T15:30:00+08:00
MARKET|2022|SH_A|04|603950.SH|2022-06-09,COORDINATE_ELIGIBLE_MARKET_SEQUENCE,SH_A,603950.SH,603950,2022-06-09,2022,4,-4,,13.5,13.5,True,1350,1350,0,0,0,0.047357474843443458,0.63932591038648667,0.63932591038648667,0.65542745183325746,0.60712282749294533,0.54982028293237872,False,0,0,218,0.0078003417683093178,False,False,0,0,False,PITB-80B916173F29877FD683,2022-06-09T15:30:00+08:00
MARKET|2022|SH_A|04|603950.SH|2022-06-10,COORDINATE_ELIGIBLE_MARKET_SEQUENCE,SH_A,603950.SH,603950,2022-06-10,2022,4,-3,,13.779999999999999,13.779999732971191,False,1378,1378,0,-2.6702880795426154e-07,2.6702880795426154e-07,0.047357474843443458,0.65258600334265082,0.65258599069684076,0.63459016290214243,0.61185857497728968,0.54982028293237872,False,0,0,2,0.027089738993452805,False,False,0,0,False,PITB-80B916173F29877FD683,2022-06-10T15:30:00+08:00
MARKET|2022|SH_A|04|603950.SH|2022-06-13,COORDINATE_ELIGIBLE_MARKET_SEQUENCE,SH_A,603950.SH,603950,2022-06-13,2022,4,-2,,14.17,14.170000076293945,False,1417,1417,0,7.6293945383554274e-08,7.6293945383554274e-08,0.047357474843443464,0.67105541853159389,0.6710554221446825,0.63459016290214243,0.61706789721006827,0.54982028293237872,False,0,0,1,0.031465836332471998,False,False,0,0,False,PITB-80B916173F29877FD683,2022-06-13T15:30:00+08:00
MARKET|2022|SH_A|04|603950.SH|2022-06-14,COORDINATE_ELIGIBLE_MARKET_SEQUENCE,SH_A,603950.SH,603950,2022-06-14,2022,4,-1,,14.24,14.239999771118164,False,1424,1424,0,-2.2888183615066282e-07,2.2888183615066282e-07,0.047357474843443464,0.67437044177063499,0.67437043093136917,0.63459016290214243,0.61706789721006827,0.54982028293237872,False,0,0,114,0.033000717690058815,False,False,0,0,False,PITB-80B916173F29877FD683,2022-06-14T15:30:00+08:00
MARKET|2022|SH_A|05|600816.SH|2022-06-08,COORDINATE_ELIGIBLE_MARKET_SEQUENCE,SH_A,600816.SH,600816,2022-06-08,2022,5,-5,,4.1900000000000004,4.190000057220459,False,419,419,0,5.7220458593576495e-08,5.7220458593576495e-08,0.095188902007083673,0.39884149940968061,0.39884150485643327,0.39217827626918467,0.39217827626918467,0.37504427390790945,False,0,0,118,0.0097087286051037221,False,False,0,0,False,PITB-80B916173F29877FD683,2022-06-08T15:30:00+08:00
MARKET|2022|SH_A|05|600816.SH|2022-06-09,COORDINATE_ELIGIBLE_MARKET_SEQUENCE,SH_A,600816.SH,600816,2022-06-09,2022,5,-4,,4.2199999999999998,4.2199997901916504,False,422,422,0,-2.0980834936068504e-07,2.0980834936068504e-07,0.095188902007083659,0.40169716646989301,0.40169714649846661,0.39217827626918467,0.39217827626918467,0.37504427390790945,False,0,0,16,0.016990217190344294,False,False,0,0,False,PITB-80B916173F29877FD683,2022-06-09T15:30:00+08:00
MARKET|2022|SH_A|05|600816.SH|2022-06-10,COORDINATE_ELIGIBLE_MARKET_SEQUENCE,SH_A,600816.SH,600816,2022-06-10,2022,5,-3,,4.3600000000000003,4.3600001335144043,False,436,436,0,1.3351440397713077e-07,1.3351440397713077e-07,0.095188902007083673,0.41502361275088484,0.41502362545997434,0.39217827626918467,0.39217827626918467,0.37504427390790945,False,0,0,29,0.041262154440277907,False,False,0,0,False,PITB-80B916173F29877FD683,2022-06-10T15:30:00+08:00
MARKET|2022|SH_A|05|600816.SH|2022-06-13,COORDINATE_ELIGIBLE_MARKET_SEQUENCE,SH_A,600816.SH,600816,2022-06-13,2022,5,-2,,4.25,4.25,True,425,425,0,0,0,0.095188902007083645,0.40455283353010552,0.40455283353010552,0.39217827626918467,0.39217827626918467,0.37599616292798027,False,0,0,193,0.014563092907655584,False,False,0,0,False,PITB-80B916173F29877FD683,2022-06-13T15:30:00+08:00
MARKET|2022|SH_A|05|600816.SH|2022-06-14,COORDINATE_ELIGIBLE_MARKET_SEQUENCE,SH_A,600816.SH,600816,2022-06-14,2022,5,-1,,4.25,4.25,True,425,425,0,0,0,0.095188902007083645,0.40455283353010552,0.40455283353010552,0.39217827626918467,0.39217827626918467,0.37885182998819278,False,0,0,0,0.012135968624966876,False,False,0,0,False,PITB-80B916173F29877FD683,2022-06-14T15:30:00+08:00
MARKET|2022|SH_A|06|601968.SH|2022-06-08,COORDINATE_ELIGIBLE_MARKET_SEQUENCE,SH_A,601968.SH,601968,2022-06-08,2022,6,-5,,6.9199999999999999,6.9200000762939453,False,692,692,0,7.6293945383554274e-08,7.6293945383554274e-08,0.19661320869776014,1.3605634041885002,1.3605634191888976,1.3389359512317465,1.1914760447084263,1.0538467986199944,False,0,0,112,0.031353144755851395,False,False,0,0,False,PITB-80B916173F29877FD683,2022-06-08T15:30:00+08:00
MARKET|2022|SH_A|06|601968.SH|2022-06-09,COORDINATE_ELIGIBLE_MARKET_SEQUENCE,SH_A,601968.SH,601968,2022-06-09,2022,6,-4,,6.6399999999999997,6.6399998664855957,False,664,664,0,-1.3351440397713077e-07,1.3351440397713077e-07,0.19661320869776017,1.3055117057531274,1.305511679502432,1.3232068945359259,1.1914760447084263,1.0538467986199944,False,0,0,172,0.011551104756471727,False,False,0,0,False,PITB-80B916173F29877FD683,2022-06-09T15:30:00+08:00
MARKET|2022|SH_A|06|601968.SH|2022-06-10,COORDINATE_ELIGIBLE_MARKET_SEQUENCE,SH_A,601968.SH,601968,2022-06-10,2022,6,-3,,6.7699999999999996,6.7699999809265137,False,677,677,0,-1.9073485901799359e-08,1.9073485901799359e-08,0.19661320869776014,1.3310714228838361,1.3310714191337367,1.2917487811442843,1.1914760447084263,1.0538467986199944,False,0,0,1,0.026402615084506351,False,False,0,0,False,PITB-80B916173F29877FD683,2022-06-10T15:30:00+08:00
MARKET|2022|SH_A|06|601968.SH|2022-06-13,COORDINATE_ELIGIBLE_MARKET_SEQUENCE,SH_A,601968.SH,601968,2022-06-13,2022,6,-2,,6.7699999999999996,6.7699999809265137,False,677,677,0,-1.9073485901799359e-08,1.9073485901799359e-08,0.19661320869776014,1.3310714228838361,1.3310714191337367,1.2917487811442843,1.1914760447084265,1.0538467986199944,False,0,0,52,0.013201307542253266,False,False,0,0,False,PITB-80B916173F29877FD683,2022-06-13T15:30:00+08:00
MARKET|2022|SH_A|06|601968.SH|2022-06-14,COORDINATE_ELIGIBLE_MARKET_SEQUENCE,SH_A,601968.SH,601968,2022-06-14,2022,6,-1,,6.6799999999999997,6.679999828338623,False,668,668,0,-1.7166137666890791e-07,1.7166137666890791e-07,0.19661320869776014,1.3133762341010378,1.3133762003501437,1.2917487811442843,1.1973744409693592,1.0538467986199944,False,0,0,119,0.044334972237522863,False,False,0,0,False,PITB-80B916173F29877FD683,2022-06-14T15:30:00+08:00
MARKET|2022|SH_A|07|600059.SH|2022-06-08,COORDINATE_ELIGIBLE_MARKET_SEQUENCE,SH_A,600059.SH,600059,2022-06-08,2022,7,-5,,10.210000000000001,10.210000038146973,False,1021,1021,0,3.8146971803598717e-08,3.8146971803598717e-08,0.11073354856280077,1.130589530826196,1.1305895350503454,1.1051208146567517,1.010997298378371,0.94898651118320265,False,0,0,120,0.021905784147331398,False,False,0,0,False,PITB-80B916173F29877FD683,2022-06-08T15:30:00+08:00
MARKET|2022|SH_A|07|600059.SH|2022-06-09,COORDINATE_ELIGIBLE_MARKET_SEQUENCE,SH_A,600059.SH,600059,2022-06-09,2022,7,-4,,10.23,10.229999542236328,False,1023,1023,0,-4.5776367230132564e-07,4.5776367230132564e-07,0.11073354856280078,1.132804201797452,1.1328041511076561,1.1051208146567517,1.046432033918467,0.94898651118320265,False,0,0,1,0.0074073751136738012,False,False,0,0,False,PITB-80B916173F29877FD683,2022-06-09T15:30:00+08:00
MARKET|2022|SH_A|07|600059.SH|2022-06-10,COORDINATE_ELIGIBLE_MARKET_SEQUENCE,SH_A,600059.SH,600059,2022-06-10,2022,7,-3,,10.27,10.270000457763672,False,1027,1027,0,4.5776367230132564e-07,4.5776367230132564e-07,0.11073354856280079,1.1372335437399641,1.13723359442976,1.1051208146567517,1.046432033918467,0.94898651118320265,False,0,0,0,0.017989426062851414,False,False,0,0,False,PITB-80B916173F29877FD683,2022-06-10T15:30:00+08:00
MARKET|2022|SH_A|07|600059.SH|2022-06-13,COORDINATE_ELIGIBLE_MARKET_SEQUENCE,SH_A,600059.SH,600059,2022-06-13,2022,7,-2,,10.109999999999999,10.109999656677246,False,1011,1011,0,-3.4332275333781581e-07,3.4332275333781581e-07,0.11073354856280079,1.1195161759699159,1.1195161379525691,1.1051208146567517,1.046432033918467,0.94898651118320265,False,0,0,188,0.012698400588262502,False,False,0,0,False,PITB-80B916173F29877FD683,2022-06-13T15:30:00+08:00
MARKET|2022|SH_A|07|600059.SH|2022-06-14,COORDINATE_ELIGIBLE_MARKET_SEQUENCE,SH_A,600059.SH,600059,2022-06-14,2022,7,-1,,10.4,10.399999618530273,False,1040,1040,0,-3.8146972691777137e-07,3.8146972691777137e-07,0.11073354856280079,1.1516289050531283,1.1516288628116318,1.1062281501423799,1.046432033918467,0.94898651118320265,False,0,0,1,0.046560802156963073,False,False,0,0,False,PITB-80B916173F29877FD683,2022-06-14T15:30:00+08:00
MARKET|2022|SH_A|08|600098.SH|2022-06-08,COORDINATE_ELIGIBLE_MARKET_SEQUENCE,SH_A,600098.SH,600098,2022-06-08,2022,8,-5,,7.1299999999999999,7.130000114440918,False,713,713,0,1.1444091807533141e-07,1.1444091807533141e-07,0.1505821725294258,1.0736508901348059,1.073650907367568,0.93511529140773397,0.84627180961537285,0.76345161472418877,False,0,0,118,0.040925270297773285,False,False,0,0,False,PITB-80B916173F29877FD683,2022-06-08T15:30:00+08:00
MARKET|2022|SH_A|08|600098.SH|2022-06-09,COORDINATE_ELIGIBLE_MARKET_SEQUENCE,SH_A,600098.SH,600098,2022-06-09,2022,8,-4,,6.8200000000000003,6.820000171661377,False,682,682,0,1.7166137666890791e-07,1.7166137666890791e-07,0.1505821725294258,1.0269704166506839,1.0269704424998269,0.93511529140773397,0.85831838341772682,0.76345161472418877,False,0,0,234,0.0017544261196203023,False,False,0,0,False,PITB-80B916173F29877FD683,2022-06-09T15:30:00+08:00
MARKET|2022|SH_A|08|600098.SH|2022-06-10,COORDINATE_ELIGIBLE_MARKET_SEQUENCE,SH_A,600098.SH,600098,2022-06-10,2022,8,-3,,6.8200000000000003,6.820000171661377,False,682,682,0,1.7166137666890791e-07,1.7166137666890791e-07,0.1505821725294258,1.0269704166506839,1.0269704424998269,0.95167933038597097,0.85831838341772682,0.76345161472418877,False,0,0,3,0.021052695157235176,False,False,0,0,False,PITB-80B916173F29877FD683,2022-06-10T15:30:00+08:00
MARKET|2022|SH_A|08|600098.SH|2022-06-13,COORDINATE_ELIGIBLE_MARKET_SEQUENCE,SH_A,600098.SH,600098,2022-06-13,2022,8,-2,,7.1200000000000001,7.119999885559082,False,712,712,0,-1.1444091807533141e-07,1.1444091807533141e-07,0.15058217252942577,1.0721450684095115,1.0721450511767494,0.95167933038597097,0.85831838341772682,0.76345161472418877,False,0,0,10,0.078947334958795801,False,False,0,0,False,PITB-80B916173F29877FD683,2022-06-13T15:30:00+08:00
MARKET|2022|SH_A|08|600098.SH|2022-06-14,COORDINATE_ELIGIBLE_MARKET_SEQUENCE,SH_A,600098.SH,600098,2022-06-14,2022,8,-1,,7.29,7.2899999618530273,False,729,729,0,-3.8146972691777137e-08,3.8146972691777137e-08,0.1505821725294258,1.097744037739514,1.0977440319952601,0.95167933038597097,0.85831838341772682,0.76345161472418877,False,0,0,9,0.066666686744020653,False,False,0,0,False,PITB-80B916173F29877FD683,2022-06-14T15:30:00+08:00
MARKET|2022|SH_A|09|600546.SH|2022-06-08,COORDINATE_ELIGIBLE_MARKET_SEQUENCE,SH_A,600546.SH,600546,2022-06-08,2022,9,-5,,19.690000000000001,19.690000534057617,False,1969,1969,0,5.3405761590852308e-07,5.3405761590852308e-07,0.22136951320481832,4.3587657150028729,4.3587658332269479,3.0862801703270981,2.5956511986590041,2.2108840797989626,False,0,0,124,0.080167728523812806,False,False,0,0,False,PITB-80B916173F29877FD683,2022-06-08T15:30:00+08:00
MARKET|2022|SH_A|09|600546.SH|2022-06-09,COORDINATE_ELIGIBLE_MARKET_SEQUENCE,SH_A,600546.SH,600546,2022-06-09,2022,9,-4,,21.09,21.090000152587891,False,2109,2109,0,1.5258789076710855e-07,1.5258789076710855e-07,0.22136951320481829,4.6686830334896179,4.6686830672679251,3.0862801703270981,2.677083393126737,2.2108840797989626,False,0,0,2,0.14388154784339541,False,False,0,0,False,PITB-80B916173F29877FD683,2022-06-09T15:30:00+08:00
MARKET|2022|SH_A|09|600546.SH|2022-06-10,COORDINATE_ELIGIBLE_MARKET_SEQUENCE,SH_A,600546.SH,600546,2022-06-10,2022,9,-3,,21.449999999999999,21.450000762939453,False,2145,2145,0,7.6293945383554274e-07,7.6293945383554274e-07,0.22136951320481835,4.7483760582433536,4.748376227134889,3.2471087544008719,2.7157636854989109,2.2108840797989626,False,0,0,4,0.095369986984419855,False,False,0,0,False,PITB-80B916173F29877FD683,2022-06-10T15:30:00+08:00
MARKET|2022|SH_A|09|600546.SH|2022-06-13,COORDINATE_ELIGIBLE_MARKET_SEQUENCE,SH_A,600546.SH,600546,2022-06-13,2022,9,-2,,20.719999999999999,20.719999313354492,False,2072,2072,0,-6.8664550667563162e-07,6.8664550667563162e-07,0.22136951320481835,4.5867763136038358,4.5867761616014544,3.4730830940488326,2.7157636854989109,2.2108840797989626,False,0,0,49,0.068470767859241832,False,False,0,0,False,PITB-80B916173F29877FD683,2022-06-13T15:30:00+08:00
MARKET|2022|SH_A|09|600546.SH|2022-06-14,COORDINATE_ELIGIBLE_MARKET_SEQUENCE,SH_A,600546.SH,600546,2022-06-14,2022,9,-1,,20.879999999999999,20.879999160766602,False,2088,2088,0,-8.3923339744274017e-07,8.3923339744274017e-07,0.22136951320481832,4.6221954357166064,4.6221952499359178,3.4995485572508462,2.8501268063706706,2.2108840797989626,False,0,0,1,0.087767099899422232,False,False,0,0,False,PITB-80B916173F29877FD683,2022-06-14T15:30:00+08:00
MARKET|2022|SH_A|10|600749.SH|2022-06-08,COORDINATE_ELIGIBLE_MARKET_SEQUENCE,SH_A,600749.SH,600749,2022-06-08,2022,10,-5,,12.26,12.260000228881836,False,1226,1226,0,2.2888183615066282e-07,2.2888183615066282e-07,0.049701789264413515,0.60934393638170969,0.60934394775754652,0.58300198807157055,0.49204771371769396,0.47266401590457263,False,0,0,118,0.035353573885831116,False,False,0,0,False,PITB-80B916173F29877FD683,2022-06-08T15:30:00+08:00
MARKET|2022|SH_A|10|600749.SH|2022-06-09,COORDINATE_ELIGIBLE_MARKET_SEQUENCE,SH_A,600749.SH,600749,2022-06-09,2022,10,-4,,11.779999999999999,11.779999732971191,False,1178,1178,0,-2.6702880795426154e-07,2.6702880795426154e-07,0.049701789264413508,0.58548707753479112,0.58548706426298158,0.58300198807157055,0.51491053677932408,0.47266401590457263,False,0,0,171,0.016409273773546888,False,False,0,0,False,PITB-80B916173F29877FD683,2022-06-09T15:30:00+08:00
MARKET|2022|SH_A|10|600749.SH|2022-06-10,COORDINATE_ELIGIBLE_MARKET_SEQUENCE,SH_A,600749.SH,600749,2022-06-10,2022,10,-3,,11.83,11.829999923706055,False,1183,1183,0,-7.6293945383554274e-08,7.6293945383554274e-08,0.049701789264413508,0.5879721669980118,0.58797216320606616,0.57703777335984086,0.51491053677932408,0.47266401590457263,False,0,0,1,0.014478727657362227,False,False,0,0,False,PITB-80B916173F29877FD683,2022-06-10T15:30:00+08:00
MARKET|2022|SH_A|10|600749.SH|2022-06-13,COORDINATE_ELIGIBLE_MARKET_SEQUENCE,SH_A,600749.SH,600749,2022-06-13,2022,10,-2,,11.91,11.909999847412109,False,1191,1191,0,-1.5258789076710855e-07,1.5258789076710855e-07,0.049701789264413501,0.59194831013916482,0.59194830255527364,0.57703777335984086,0.52683896620278325,0.47266401590457263,False,0,0,79,0.033962231762004323,False,False,0,0,False,PITB-80B916173F29877FD683,2022-06-13T15:30:00+08:00
MARKET|2022|SH_A|10|600749.SH|2022-06-14,COORDINATE_ELIGIBLE_MARKET_SEQUENCE,SH_A,600749.SH,600749,2022-06-14,2022,10,-1,,11.9,11.899999618530273,False,1190,1190,0,-3.8146972691777137e-07,3.8146972691777137e-07,0.049701789264413501,0.59145129224652071,0.5914512732867927,0.57405566600397606,0.54423459244532801,0.47266401590457263,False,0,0,2,0.022831050228310539,False,False,0,0,False,PITB-80B916173F29877FD683,2022-06-14T15:30:00+08:00
MARKET|2022|SZ_A|01|300883.SZ|2022-06-08,COORDINATE_ELIGIBLE_MARKET_SEQUENCE,SZ_A,300883.SZ,300883,2022-06-08,2022,1,-5,,6.71,6.7100000381469727,False,671,671,0,3.8146972691777137e-08,3.8146972691777137e-08,0.044543696528106247,0.29888820370359293,0.29888820540280009,0.28507965777987992,0.28507965777987992,0.2458812048351465,False,0,0,125,0.017187520861625682,False,False,0,0,False,PITB-80B916173F29877FD683,2022-06-08T15:30:00+08:00
MARKET|2022|SZ_A|01|300883.SZ|2022-06-09,COORDINATE_ELIGIBLE_MARKET_SEQUENCE,SZ_A,300883.SZ,300883,2022-06-09,2022,1,-4,,6.5,6.5,True,650,650,0,0,0,0.044543696528106254,0.28953402743269063,0.28953402743269063,0.28507965777987992,0.28507965777987992,0.2458812048351465,False,0,0,170,0.0031249970197677395,False,False,0,0,False,PITB-80B916173F29877FD683,2022-06-09T15:30:00+08:00
MARKET|2022|SZ_A|01|300883.SZ|2022-06-10,COORDINATE_ELIGIBLE_MARKET_SEQUENCE,SZ_A,300883.SZ,300883,2022-06-10,2022,1,-3,,6.5899999999999999,6.5900001525878906,False,659,659,0,1.5258789076710855e-07,1.5258789076710855e-07,0.044543696528106261,0.29354296012022024,0.29354296691704895,0.28507965777987992,0.28507965777987992,0.2458812048351465,False,0,0,1,0.015625059604644734,False,False,0,0,False,PITB-80B916173F29877FD683,2022-06-10T15:30:00+08:00
MARKET|2022|SZ_A|01|300883.SZ|2022-06-13,COORDINATE_ELIGIBLE_MARKET_SEQUENCE,SZ_A,300883.SZ,300883,2022-06-13,2022,1,-2,,6.6100000000000003,6.6100001335144043,False,661,661,0,1.3351440397713077e-07,1.3351440397713077e-07,0.044543696528106261,0.29443383405078238,0.29443383999800748,0.28686140564100426,0.28507965777987992,0.2458812048351465,False,0,0,53,0.0093749910593032195,False,False,0,0,False,PITB-80B916173F29877FD683,2022-06-13T15:30:00+08:00
MARKET|2022|SZ_A|01|300883.SZ|2022-06-14,COORDINATE_ELIGIBLE_MARKET_SEQUENCE,SZ_A,300883.SZ,300883,2022-06-14,2022,1,-1,,6.5300000000000002,6.5300002098083496,False,653,653,0,2.0980834936068504e-07,2.0980834936068504e-07,0.044543696528106261,0.29087033832853387,0.29087034767417336,0.28686140564100426,0.28507965777987992,0.2458812048351465,True,0.0093749761581416232,0.1037344398340249,113,0.029687508940696838,False,False,0,0,False,PITB-80B916173F29877FD683,2022-06-14T15:30:00+08:00
MARKET|2022|SZ_A|02|002549.SZ|2022-06-08,COORDINATE_ELIGIBLE_MARKET_SEQUENCE,SZ_A,002549.SZ,002549,2022-06-08,2022,2,-5,,14.5,14.5,True,1450,1450,0,0,0,0.1560155828778953,2.2622259517294818,2.2622259517294818,2.2341431468114612,2.1786305780025068,1.8007524691840846,False,0,0,121,0.0078772696601935345,False,False,0,0,False,PITB-80B916173F29877FD683,2022-06-08T15:30:00+08:00
MARKET|2022|SZ_A|02|002549.SZ|2022-06-09,COORDINATE_ELIGIBLE_MARKET_SEQUENCE,SZ_A,002549.SZ,002549,2022-06-09,2022,2,-4,,13.869999999999999,13.869999885559082,False,1387,1387,0,-1.1444091718715299e-07,1.1444091718715299e-07,0.15601558287789527,2.1639361345164074,2.1639361166618407,2.2341431468114612,2.2299473582124163,1.8007524691840846,True,0.034499596798339451,0.99585062240663902,57,0.0048974443943957469,False,False,0,0,False,PITB-80B916173F29877FD683,2022-06-09T15:30:00+08:00
MARKET|2022|SZ_A|02|002549.SZ|2022-06-10,COORDINATE_ELIGIBLE_MARKET_SEQUENCE,SZ_A,002549.SZ,002549,2022-06-10,2022,2,-3,,15.26,15.260000228881836,False,1526,1526,0,2.2888183615066282e-07,2.2888183615066282e-07,0.1560155828778953,2.3807977947166821,2.3807978304258155,2.1530150437149551,2.1530150437149551,1.8007524691840846,True,0.0072463906329611871,0.0041493775933609959,1,0.11304350866787694,True,False,0,0,False,PITB-80B916173F29877FD683,2022-06-10T15:30:00+08:00
MARKET|2022|SZ_A|02|002549.SZ|2022-06-13,COORDINATE_ELIGIBLE_MARKET_SEQUENCE,SZ_A,002549.SZ,002549,2022-06-13,2022,2,-2,,16.100000000000001,16.100000381469727,False,1610,1610,0,3.8146972514141453e-07,3.8146972514141453e-07,0.1560155828778953,2.5118508843341143,2.5118509438493359,2.1374134854271656,2.1374134854271656,1.8007524691840846,False,0,0,0,0.061313879750940777,False,False,0,0,False,PITB-80B916173F29877FD683,2022-06-13T15:30:00+08:00
MARKET|2022|SZ_A|02|002549.SZ|2022-06-14,COORDINATE_ELIGIBLE_MARKET_SEQUENCE,SZ_A,002549.SZ,002549,2022-06-14,2022,2,-1,,16.399999999999999,16.399999618530273,False,1640,1640,0,-3.8146972514141453e-07,3.8146972514141453e-07,0.1560155828778953,2.5586555591974829,2.5586554996822612,2.1374134854271656,2.1374134854271656,1.8007524691840846,False,0,0,0,0.044525522385200508,False,False,0,0,False,PITB-80B916173F29877FD683,2022-06-14T15:30:00+08:00
MARKET|2022|SZ_A|03|300453.SZ|2022-06-08,COORDINATE_ELIGIBLE_MARKET_SEQUENCE,SZ_A,300453.SZ,300453,2022-06-08,2022,3,-5,,9.5600000000000005,9.5600004196166992,False,956,956,0,4.1961669872137008e-07,4.1961669872137008e-07,0.15050378799183317,1.4388162132019253,1.4388162763558279,1.3786146980051919,1.3786146980051919,1.2958263709969202,False,0,0,111,0.021834144425704572,False,False,0,0,False,PITB-80B916173F29877FD683,2022-06-08T15:30:00+08:00
MARKET|2022|SZ_A|03|300453.SZ|2022-06-09,COORDINATE_ELIGIBLE_MARKET_SEQUENCE,SZ_A,300453.SZ,300453,2022-06-09,2022,3,-4,,9.25,9.25,True,925,925,0,0,0,0.1505037879918332,1.3921600389244571,1.3921600389244571,1.3786146980051919,1.3786146980051919,1.2958263709969202,False,0,0,240,0,False,False,0,0,False,PITB-80B916173F29877FD683,2022-06-09T15:30:00+08:00
MARKET|2022|SZ_A|03|300453.SZ|2022-06-10,COORDINATE_ELIGIBLE_MARKET_SEQUENCE,SZ_A,300453.SZ,300453,2022-06-10,2022,3,-3,,9.3699999999999992,9.369999885559082,False,937,937,0,-1.1444091718715299e-07,1.1444091718715299e-07,0.15050378799183317,1.4102204934834768,1.4102204762596851,1.3786146980051919,1.3786146980051919,1.2958263709969202,False,0,0,1,0.017467232250230232,False,False,0,0,False,PITB-80B916173F29877FD683,2022-06-10T15:30:00+08:00
MARKET|2022|SZ_A|03|300453.SZ|2022-06-13,COORDINATE_ELIGIBLE_MARKET_SEQUENCE,SZ_A,300453.SZ,300453,2022-06-13,2022,3,-2,,9.4199999999999999,9.4200000762939453,False,942,942,0,7.6293945383554274e-08,7.6293945383554274e-08,0.15050378799183317,1.4177456828830683,1.4177456943655962,1.3861398874047837,1.3786146980051919,1.2958263709969202,False,0,0,53,0.015283880275409724,False,False,0,0,False,PITB-80B916173F29877FD683,2022-06-13T15:30:00+08:00
MARKET|2022|SZ_A|03|300453.SZ|2022-06-14,COORDINATE_ELIGIBLE_MARKET_SEQUENCE,SZ_A,300453.SZ,300453,2022-06-14,2022,3,-1,,9.3900000000000006,9.3900003433227539,False,939,939,0,3.4332275333781581e-07,3.4332275333781581e-07,0.15050378799183317,1.4132305692433136,1.4132306209146885,1.3861398874047837,1.3786146980051919,1.2958263709969202,True,0.0054585527644928737,0,185,0.030567760550819771,False,False,0,0,False,PITB-80B916173F29877FD683,2022-06-14T15:30:00+08:00
MARKET|2022|SZ_A|04|300584.SZ|2022-06-08,COORDINATE_ELIGIBLE_MARKET_SEQUENCE,SZ_A,300584.SZ,300584,2022-06-08,2022,4,-5,,31,31,True,3100,3100,0,0,0,0.047030186240179767,1.4579357734455727,1.4579357734455727,1.4024401536821605,1.4024401536821605,1.4024401536821605,False,0,0,121,0.018779324813627863,False,False,0,0,False,PITB-80B916173F29877FD683,2022-06-08T15:30:00+08:00
MARKET|2022|SZ_A|04|300584.SZ|2022-06-09,COORDINATE_ELIGIBLE_MARKET_SEQUENCE,SZ_A,300584.SZ,300584,2022-06-09,2022,4,-4,,29.84,29.840000152587891,False,2984,2984,0,1.5258789076710855e-07,1.5258789076710855e-07,0.04703018624017976,1.4033807574069641,1.403380764583201,1.4024401536821605,1.4024401536821605,1.4024401536821605,True,0.010060346822143816,0.13278008298755187,176,0.01073104275064456,False,False,0,0,False,PITB-80B916173F29877FD683,2022-06-09T15:30:00+08:00
MARKET|2022|SZ_A|04|300584.SZ|2022-06-10,COORDINATE_ELIGIBLE_MARKET_SEQUENCE,SZ_A,300584.SZ,300584,2022-06-10,2022,4,-3,,30.440000000000001,30.440000534057617,False,3044,3044,0,5.3405761590852308e-07,5.3405761590852308e-07,0.047030186240179767,1.4315988691510722,1.4315988942679012,1.3883310978101067,1.3883310978101067,1.3883310978101067,False,0,0,1,0.021341499597399446,False,False,0,0,False,PITB-80B916173F29877FD683,2022-06-10T15:30:00+08:00
MARKET|2022|SZ_A|04|300584.SZ|2022-06-13,COORDINATE_ELIGIBLE_MARKET_SEQUENCE,SZ_A,300584.SZ,300584,2022-06-13,2022,4,-2,,31.469999999999999,31.469999313354492,False,3147,3147,0,-6.8664550667563162e-07,6.8664550667563162e-07,0.047030186240179767,1.4800399609784571,1.4800399286853911,1.3883310978101067,1.3883310978101067,1.3883310978101067,False,0,0,189,0.008807595829330505,False,False,0,0,False,PITB-80B916173F29877FD683,2022-06-13T15:30:00+08:00
MARKET|2022|SZ_A|04|300584.SZ|2022-06-14,COORDINATE_ELIGIBLE_MARKET_SEQUENCE,SZ_A,300584.SZ,300584,2022-06-14,2022,4,-1,,30.149999999999999,30.149999618530273,False,3015,3015,0,-3.8146972514141453e-07,3.8146972514141453e-07,0.047030186240179767,1.4179601151414198,1.4179600972008277,1.3883310978101067,1.3883310978101067,1.3883310978101067,True,0.005758794665659696,0.020746887966804978,109,0.027100245157877696,False,False,0,0,False,PITB-80B916173F29877FD683,2022-06-14T15:30:00+08:00
MARKET|2022|SZ_A|05|301189.SZ|2022-06-08,COORDINATE_ELIGIBLE_MARKET_SEQUENCE,SZ_A,301189.SZ,301189,2022-06-08,2022,5,-5,,32.600000000000001,32.599998474121094,False,3260,3260,0,-1.5258789076710855e-06,1.5258789076710855e-06,0.017354784631534968,0.56576597898804004,0.56576595250674022,0.51520879876267445,0.51520879876267445,0.47258979206049206,False,0,0,119,0.015831840951088229,False,False,0,0,False,PITB-80B916173F29877FD683,2022-06-08T15:30:00+08:00
MARKET|2022|SZ_A|05|301189.SZ|2022-06-09,COORDINATE_ELIGIBLE_MARKET_SEQUENCE,SZ_A,301189.SZ,301189,2022-06-09,2022,5,-4,,31.609999999999999,31.610000610351562,False,3161,3161,0,6.1035156306843419e-07,6.1035156306843419e-07,0.017354784631534968,0.54858474220282039,0.54858475279534025,0.51520879876267445,0.51520879876267445,0.47258979206049206,False,0,0,181,0.00067371449760606254,False,False,0,0,False,PITB-80B916173F29877FD683,2022-06-09T15:30:00+08:00
MARKET|2022|SZ_A|05|301189.SZ|2022-06-10,COORDINATE_ELIGIBLE_MARKET_SEQUENCE,SZ_A,301189.SZ,301189,2022-06-10,2022,5,-3,,31.949999999999999,31.950000762939453,False,3195,3195,0,7.6293945383554274e-07,7.6293945383554274e-07,0.017354784631534968,0.55448536897754219,0.5544853822181921,0.51520879876267445,0.51520879876267445,0.47258979206049206,False,0,0,1,0.017516191444053988,False,False,0,0,False,PITB-80B916173F29877FD683,2022-06-10T15:30:00+08:00
MARKET|2022|SZ_A|05|301189.SZ|2022-06-13,COORDINATE_ELIGIBLE_MARKET_SEQUENCE,SZ_A,301189.SZ,301189,2022-06-13,2022,5,-2,,32.280000000000001,32.279998779296875,False,3228,3228,0,-1.2207031261368684e-06,1.2207031261368684e-06,0.017354784631534968,0.56021244790594882,0.56021242672090898,0.52070802543392392,0.51520879876267445,0.47258979206049206,False,0,0,1,0.019537206438970965,False,False,0,0,False,PITB-80B916173F29877FD683,2022-06-13T15:30:00+08:00
MARKET|2022|SZ_A|05|301189.SZ|2022-06-14,COORDINATE_ELIGIBLE_MARKET_SEQUENCE,SZ_A,301189.SZ,301189,2022-06-14,2022,5,-1,,31.859999999999999,31.860000610351562,False,3186,3186,0,6.1035156306843419e-07,6.1035156306843419e-07,0.017354784631534968,0.55292343836070412,0.55292344895322398,0.52070802543392392,0.51520879876267445,0.47258979206049206,False,0,0,114,0.025600572668474923,False,False,0,0,False,PITB-80B916173F29877FD683,2022-06-14T15:30:00+08:00
MARKET|2022|SZ_A|06|301218.SZ|2022-06-08,COORDINATE_ELIGIBLE_MARKET_SEQUENCE,SZ_A,301218.SZ,301218,2022-06-08,2022,6,-5,,40.380000000000003,40.380001068115234,False,4038,4038,0,1.0681152318170462e-06,1.0681152318170462e-06,0.016722408026755849,0.67525083612040115,0.67525085398185991,0.62040133779264206,0.62040133779264206,0.58076923076923059,False,0,0,109,0.031805938144899785,False,False,0,0,False,PITB-80B916173F29877FD683,2022-06-08T15:30:00+08:00
MARKET|2022|SZ_A|06|301218.SZ|2022-06-09,COORDINATE_ELIGIBLE_MARKET_SEQUENCE,SZ_A,301218.SZ,301218,2022-06-09,2022,6,-4,,37.829999999999998,37.830001831054688,False,3783,3783,0,1.8310546892053026e-06,1.8310546892053026e-06,0.016722408026755849,0.6326086956521737,0.63260872627181741,0.62040133779264206,0.62040133779264206,0.58076923076923059,False,0,0,235,0.0013477911525018188,False,False,0,0,False,PITB-80B916173F29877FD683,2022-06-09T15:30:00+08:00
MARKET|2022|SZ_A|06|301218.SZ|2022-06-10,COORDINATE_ELIGIBLE_MARKET_SEQUENCE,SZ_A,301218.SZ,301218,2022-06-10,2022,6,-3,,38.119999999999997,38.119998931884766,False,3812,3812,0,-1.0681152318170462e-06,1.0681152318170462e-06,0.016722408026755849,0.63745819397993286,0.63745817611847422,0.62040133779264206,0.62040133779264206,0.58076923076923059,False,0,0,1,0.014016184845382133,False,False,0,0,False,PITB-80B916173F29877FD683,2022-06-10T15:30:00+08:00
MARKET|2022|SZ_A|06|301218.SZ|2022-06-13,COORDINATE_ELIGIBLE_MARKET_SEQUENCE,SZ_A,301218.SZ,301218,2022-06-13,2022,6,-2,,40.229999999999997,40.229999542236328,False,4023,4023,0,-4.5776366874861196e-07,4.5776366874861196e-07,0.016722408026755849,0.67274247491638772,0.67274246726147691,0.62876254180601998,0.62040133779264206,0.58076923076923059,False,0,0,1,0.068194037177813416,False,False,0,0,False,PITB-80B916173F29877FD683,2022-06-13T15:30:00+08:00
MARKET|2022|SZ_A|06|301218.SZ|2022-06-14,COORDINATE_ELIGIBLE_MARKET_SEQUENCE,SZ_A,301218.SZ,301218,2022-06-14,2022,6,-1,,39.990000000000002,39.990001678466797,False,3999,3999,0,1.6784667948854803e-06,1.6784667948854803e-06,0.016722408026755849,0.66872909698996641,0.668729125057973,0.62876254180601998,0.62040133779264206,0.58076923076923059,False,0,0,110,0.032345034041494684,False,False,0,0,False,PITB-80B916173F29877FD683,2022-06-14T15:30:00+08:00
MARKET|2022|SZ_A|07|300144.SZ|2022-06-08,COORDINATE_ELIGIBLE_MARKET_SEQUENCE,SZ_A,300144.SZ,300144,2022-06-08,2022,7,-5,,12.890000000000001,12.890000343322754,False,1289,1289,0,3.4332275333781581e-07,3.4332275333781581e-07,0.099357184651129166,1.280714110153055,1.2807141442646373,1.124236362231148,1.0787127067182669,1.0787127067182669,False,0,0,111,0.031316455003908727,False,False,0,0,False,PITB-80B916173F29877FD683,2022-06-08T15:30:00+08:00
MARKET|2022|SZ_A|07|300144.SZ|2022-06-09,COORDINATE_ELIGIBLE_MARKET_SEQUENCE,SZ_A,300144.SZ,300144,2022-06-09,2022,7,-4,,12.460000000000001,12.460000038146973,False,1246,1246,0,3.8146971803598717e-08,3.8146971803598717e-08,0.099357184651129166,1.2379905207530695,1.2379905245432452,1.124236362231148,1.124236362231148,1.0787127067182669,False,0,0,168,0.011489083442862832,False,False,0,0,False,PITB-80B916173F29877FD683,2022-06-09T15:30:00+08:00
MARKET|2022|SZ_A|07|300144.SZ|2022-06-10,COORDINATE_ELIGIBLE_MARKET_SEQUENCE,SZ_A,300144.SZ,300144,2022-06-10,2022,7,-3,,12.74,12.739999771118164,False,1274,1274,0,-2.2888183615066282e-07,2.2888183615066282e-07,0.099357184651129166,1.2658105324553857,1.2658105097143306,1.1460085453025259,1.124236362231148,1.0787127067182669,False,0,0,1,0.030048359114665749,False,False,0,0,False,PITB-80B916173F29877FD683,2022-06-10T15:30:00+08:00
MARKET|2022|SZ_A|07|300144.SZ|2022-06-13,COORDINATE_ELIGIBLE_MARKET_SEQUENCE,SZ_A,300144.SZ,300144,2022-06-13,2022,7,-2,,12.300000000000001,12.300000190734863,False,1230,1230,0,1.9073486257070726e-07,1.9073486257070726e-07,0.099357184651129166,1.2220933712088888,1.2220933901597677,1.1826253986498432,1.124236362231148,1.0787127067182669,False,0,0,192,0.014140384457880364,False,False,0,0,False,PITB-80B916173F29877FD683,2022-06-13T15:30:00+08:00
MARKET|2022|SZ_A|07|300144.SZ|2022-06-14,COORDINATE_ELIGIBLE_MARKET_SEQUENCE,SZ_A,300144.SZ,300144,2022-06-14,2022,7,-1,,12.35,12.350000381469727,False,1235,1235,0,3.8146972691777137e-07,3.8146972691777137e-07,0.099357184651129166,1.2270612304414452,1.2270612683432032,1.2061962216647082,1.124236362231148,1.0787127067182669,False,0,0,110,0.028280853199100627,False,False,0,0,False,PITB-80B916173F29877FD683,2022-06-14T15:30:00+08:00
MARKET|2022|SZ_A|08|300583.SZ|2022-06-08,COORDINATE_ELIGIBLE_MARKET_SEQUENCE,SZ_A,300583.SZ,300583,2022-06-08,2022,8,-5,,21.57,21.569999694824219,False,2157,2157,0,-3.0517578153421709e-07,3.0517578153421709e-07,0.02476508702948536,0.53418292722599925,0.53418291966829445,0.51139904715887274,0.50768428410444988,0.44601921740103145,False,0,0,111,0.013170754037252302,False,False,0,0,False,PITB-80B916173F29877FD683,2022-06-08T15:30:00+08:00
MARKET|2022|SZ_A|08|300583.SZ|2022-06-09,COORDINATE_ELIGIBLE_MARKET_SEQUENCE,SZ_A,300583.SZ,300583,2022-06-09,2022,8,-4,,20.75,20.75,True,2075,2075,0,0,0,0.024765087029485364,0.51387555586182132,0.51387555586182132,0.51139904715887274,0.51139904715887274,0.44601921740103145,False,0,0,169,0.0024212705598328612,False,False,0,0,False,PITB-80B916173F29877FD683,2022-06-09T15:30:00+08:00
MARKET|2022|SZ_A|08|300583.SZ|2022-06-10,COORDINATE_ELIGIBLE_MARKET_SEQUENCE,SZ_A,300583.SZ,300583,2022-06-10,2022,8,-3,,21.030000000000001,21.030000686645508,False,2103,2103,0,6.8664550667563162e-07,6.8664550667563162e-07,0.024765087029485367,0.52080978023007729,0.52080979723491305,0.51139904715887274,0.51139904715887274,0.44601921740103145,True,0.0062953773480060723,0,1,0.024697347645609574,False,False,0,0,False,PITB-80B916173F29877FD683,2022-06-10T15:30:00+08:00
MARKET|2022|SZ_A|08|300583.SZ|2022-06-13,COORDINATE_ELIGIBLE_MARKET_SEQUENCE,SZ_A,300583.SZ,300583,2022-06-13,2022,8,-2,,21.32,21.319999694824219,False,2132,2132,0,-3.0517578153421709e-07,3.0517578153421709e-07,0.024765087029485367,0.52799165546862803,0.52799164791092323,0.50718898236386034,0.50718898236386034,0.44601921740103145,False,0,0,1,0.029785186052322304,False,False,0,0,False,PITB-80B916173F29877FD683,2022-06-13T15:30:00+08:00
MARKET|2022|SZ_A|08|300583.SZ|2022-06-14,COORDINATE_ELIGIBLE_MARKET_SEQUENCE,SZ_A,300583.SZ,300583,2022-06-14,2022,8,-1,,20.960000000000001,20.959999084472656,False,2096,2096,0,-9.1552734460265128e-07,9.1552734460265128e-07,0.024765087029485371,0.51907622413801335,0.51907620146489897,0.50718898236386034,0.50718898236386034,0.44601921740103145,True,0.0034179762005804243,0.053941908713692949,122,0.026855431497096835,False,False,0,0,False,PITB-80B916173F29877FD683,2022-06-14T15:30:00+08:00
MARKET|2022|SZ_A|09|300614.SZ|2022-06-08,COORDINATE_ELIGIBLE_MARKET_SEQUENCE,SZ_A,300614.SZ,300614,2022-06-08,2022,9,-5,,26.600000000000001,26.600000381469727,False,2660,2660,0,3.8146972514141453e-07,3.8146972514141453e-07,0.027855153203342614,0.74094707520891356,0.74094708583481117,0.65738161559888586,0.65738161559888586,0.60139275766016709,False,0,0,121,0.019915305961996824,False,False,0,0,False,PITB-80B916173F29877FD683,2022-06-08T15:30:00+08:00
MARKET|2022|SZ_A|09|300614.SZ|2022-06-09,COORDINATE_ELIGIBLE_MARKET_SEQUENCE,SZ_A,300614.SZ,300614,2022-06-09,2022,9,-4,,25.510000000000002,25.510000228881836,False,2551,2551,0,2.2888183437430598e-07,2.2888183437430598e-07,0.027855153203342618,0.71058495821727019,0.71058496459280873,0.65738161559888586,0.65738161559888586,0.60139275766016709,False,0,0,168,0.00508478132344908,False,False,0,0,False,PITB-80B916173F29877FD683,2022-06-09T15:30:00+08:00
MARKET|2022|SZ_A|09|300614.SZ|2022-06-10,COORDINATE_ELIGIBLE_MARKET_SEQUENCE,SZ_A,300614.SZ,300614,2022-06-10,2022,9,-3,,26.239999999999998,26.239999771118164,False,2624,2624,0,-2.2888183437430598e-07,2.2888183437430598e-07,0.027929602948560259,0.73287278137022116,0.73287277497764236,0.65738161559888586,0.65738161559888586,0.60139275766016709,False,0,0,1,0.04206126224157633,False,False,1,0,False,PITB-80B916173F29877FD683,2022-06-10T15:30:00+08:00
MARKET|2022|SZ_A|09|300614.SZ|2022-06-13,COORDINATE_ELIGIBLE_MARKET_SEQUENCE,SZ_A,300614.SZ,300614,2022-06-13,2022,9,-2,,26.800000000000001,26.799999237060547,False,2680,2680,0,-7.6293945383554274e-07,7.6293945383554274e-07,0.027929602948560263,0.74851335902141503,0.74851333771281903,0.67799442896935924,0.65738161559888586,0.60139275766016709,False,0,0,1,0.046734681800061489,False,False,0,0,False,PITB-80B916173F29877FD683,2022-06-13T15:30:00+08:00
MARKET|2022|SZ_A|09|300614.SZ|2022-06-14,COORDINATE_ELIGIBLE_MARKET_SEQUENCE,SZ_A,300614.SZ,300614,2022-06-14,2022,9,-1,,26.079999999999998,26.079999923706055,False,2608,2608,0,-7.6293943607197434e-08,7.6293943607197434e-08,0.027929602948560263,0.72840404489845156,0.72840404276759207,0.70055710306406671,0.65738161559888586,0.60139275766016709,False,0,0,111,0.023792211957323655,False,False,0,0,False,PITB-80B916173F29877FD683,2022-06-14T15:30:00+08:00
MARKET|2022|SZ_A|10|002820.SZ|2022-06-08,COORDINATE_ELIGIBLE_MARKET_SEQUENCE,SZ_A,002820.SZ,002820,2022-06-08,2022,10,-5,,8.0399999999999991,8.0399999618530273,False,804,804,0,-3.8146971803598717e-08,3.8146971803598717e-08,0.067192553833890722,0.54022813282448134,0.54022813026128891,0.50863541569458304,0.50005920245978464,0.48686502825240258,False,0,0,121,0.02687381390985677,False,False,0,0,False,PITB-80B916173F29877FD683,2022-06-08T15:30:00+08:00
MARKET|2022|SZ_A|10|002820.SZ|2022-06-09,COORDINATE_ELIGIBLE_MARKET_SEQUENCE,SZ_A,002820.SZ,002820,2022-06-09,2022,10,-4,,7.8300000000000001,7.8299999237060547,False,783,783,0,-7.6293945383554274e-08,7.6293945383554274e-08,0.067192553833890722,0.52611769651936435,0.52611769139297937,0.50863541569458304,0.50005920245978464,0.48686502825240258,False,0,0,174,0.0040310400503652984,False,False,0,0,False,PITB-80B916173F29877FD683,2022-06-09T15:30:00+08:00
MARKET|2022|SZ_A|10|002820.SZ|2022-06-10,COORDINATE_ELIGIBLE_MARKET_SEQUENCE,SZ_A,002820.SZ,002820,2022-06-10,2022,10,-3,,7.8799999999999999,7.880000114440918,False,788,788,0,1.1444091807533141e-07,1.1444091807533141e-07,0.067192553833890722,0.52947732421105886,0.52947733190063639,0.51391308537753599,0.50005920245978464,0.48686502825240258,False,0,0,1,0.018811733809125951,False,False,0,0,False,PITB-80B916173F29877FD683,2022-06-10T15:30:00+08:00
MARKET|2022|SZ_A|10|002820.SZ|2022-06-13,COORDINATE_ELIGIBLE_MARKET_SEQUENCE,SZ_A,002820.SZ,002820,2022-06-13,2022,10,-2,,7.9199999999999999,7.9200000762939453,False,792,792,0,7.6293945383554274e-08,7.6293945383554274e-08,0.067192553833890709,0.53216502636441443,0.53216503149079941,0.51787133763975057,0.50467716343236846,0.48686502825240258,False,0,0,1,0.014645382094631398,False,False,0,0,False,PITB-80B916173F29877FD683,2022-06-13T15:30:00+08:00
MARKET|2022|SZ_A|10|002820.SZ|2022-06-14,COORDINATE_ELIGIBLE_MARKET_SEQUENCE,SZ_A,002820.SZ,002820,2022-06-14,2022,10,-1,,7.9199999999999999,7.9200000762939453,False,792,792,0,7.6293945383554274e-08,7.6293945383554274e-08,0.067192553833890709,0.53216502636441443,0.53216503149079941,0.52007036667431417,0.50467716343236846,0.48686502825240258,False,0,0,111,0.027959336959776013,False,False,0,0,False,PITB-80B916173F29877FD683,2022-06-14T15:30:00+08:00
MARKET|2023|ALL_A|01|300032.SZ|2023-06-08,COORDINATE_ELIGIBLE_MARKET_SEQUENCE,ALL_A,300032.SZ,300032,2023-06-08,2023,1,-5,,6.0999999999999996,6.0999999046325684,False,610,610,0,-9.5367431285353632e-08,9.5367431285353632e-08,0.071994240460763179,0.43916486681065536,0.43916485994474957,0.43052555795536396,0.40676745860331209,0.40532757379409695,False,0,0,67,0.005309687251538229,False,False,0,0,False,PITB-80B916173F29877FD683,2023-06-08T15:30:00+08:00
MARKET|2023|ALL_A|01|300032.SZ|2023-06-09,COORDINATE_ELIGIBLE_MARKET_SEQUENCE,ALL_A,300032.SZ,300032,2023-06-09,2023,1,-4,,6.1399999999999997,6.1399998664855957,False,614,614,0,-1.3351440397713077e-07,1.3351440397713077e-07,0.071994240460763179,0.44204463642908587,0.44204462681681778,0.43700503959683251,0.40676745860331209,0.40532757379409695,False,0,0,4,0.010619458899033722,False,False,0,0,False,PITB-80B916173F29877FD683,2023-06-09T15:30:00+08:00
MARKET|2023|ALL_A|01|300032.SZ|2023-06-12,COORDINATE_ELIGIBLE_MARKET_SEQUENCE,ALL_A,300032.SZ,300032,2023-06-12,2023,1,-3,,6.1600000000000001,6.1599998474121094,False,616,616,0,-1.5258789076710855e-07,1.5258789076710855e-07,0.071994240460763165,0.44348452123830112,0.44348451025285179,0.43700503959683251,0.40676745860331209,0.40532757379409695,False,0,0,122,0.0035398196330111956,False,False,0,0,False,PITB-80B916173F29877FD683,2023-06-12T15:30:00+08:00
MARKET|2023|ALL_A|01|300032.SZ|2023-06-13,COORDINATE_ELIGIBLE_MARKET_SEQUENCE,ALL_A,300032.SZ,300032,2023-06-13,2023,1,-2,,6.1699999999999999,6.1700000762939453,False,617,617,0,7.6293945383554274e-08,7.6293945383554274e-08,0.071994240460763179,0.44420446364290878,0.44420446913563344,0.43700503959683251,0.40676745860331209,0.40532757379409695,False,0,0,3,0.0088495912805066895,False,False,0,0,False,PITB-80B916173F29877FD683,2023-06-13T15:30:00+08:00
MARKET|2023|ALL_A|01|300032.SZ|2023-06-14,COORDINATE_ELIGIBLE_MARKET_SEQUENCE,ALL_A,300032.SZ,300032,2023-06-14,2023,1,-1,,6.0899999999999999,6.0900001525878906,False,609,609,0,1.5258789076710855e-07,1.5258789076710855e-07,0.071994240460763179,0.43844492440604771,0.43844493539149704,0.43700503959683251,0.40676745860331209,0.40532757379409695,False,0,0,76,0.012389410913518022,False,False,0,0,False,PITB-80B916173F29877FD683,2023-06-14T15:30:00+08:00
MARKET|2023|ALL_A|02|300249.SZ|2023-06-08,COORDINATE_ELIGIBLE_MARKET_SEQUENCE,ALL_A,300249.SZ,300249,2023-06-08,2023,2,-5,,10.470000000000001,10.470000267028809,False,1047,1047,0,2.6702880795426154e-07,2.6702880795426154e-07,0.12954696868121821,1.3563567620923547,1.3563567966851273,1.1749910059386495,1.1607408393837155,1.1607408393837155,False,0,0,1,0.055803571428571445,False,False,0,0,False,PITB-80B916173F29877FD683,2023-06-08T15:30:00+08:00
MARKET|2023|ALL_A|02|300249.SZ|2023-06-09,COORDINATE_ELIGIBLE_MARKET_SEQUENCE,ALL_A,300249.SZ,300249,2023-06-09,2023,2,-4,,10.699999999999999,10.699999809265137,False,1070,1070,0,-1.9073486257070726e-07,1.9073486257070726e-07,0.12954696868121821,1.3861525648890347,1.3861525401799115,1.1931275815540201,1.1607408393837155,1.1607408393837155,False,0,0,4,0.050223192998341236,False,False,0,0,False,PITB-80B916173F29877FD683,2023-06-09T15:30:00+08:00
MARKET|2023|ALL_A|02|300249.SZ|2023-06-12,COORDINATE_ELIGIBLE_MARKET_SEQUENCE,ALL_A,300249.SZ,300249,2023-06-12,2023,2,-3,,10.99,10.989999771118164,False,1099,1099,0,-2.2888183615066282e-07,2.2888183615066282e-07,0.12954696868121821,1.4237211858065881,1.42372115615564,1.2151505662298272,1.1607408393837155,1.1607408393837155,False,0,0,87,0.04910709602492197,False,False,0,0,False,PITB-80B916173F29877FD683,2023-06-12T15:30:00+08:00
MARKET|2023|ALL_A|02|300249.SZ|2023-06-13,COORDINATE_ELIGIBLE_MARKET_SEQUENCE,ALL_A,300249.SZ,300249,2023-06-13,2023,2,-2,,10.880000000000001,10.880000114440918,False,1088,1088,0,1.1444091718715299e-07,1.1444091718715299e-07,0.12954696868121821,1.4094710192516542,1.4094710340771281,1.2242188540375123,1.1607408393837155,1.1607408393837155,False,0,0,7,0.010044659887041351,False,False,0,0,False,PITB-80B916173F29877FD683,2023-06-13T15:30:00+08:00
MARKET|2023|ALL_A|02|300249.SZ|2023-06-14,COORDINATE_ELIGIBLE_MARKET_SEQUENCE,ALL_A,300249.SZ,300249,2023-06-14,2023,2,-1,,10.710000000000001,10.710000038146973,False,1071,1071,0,3.8146971803598717e-08,3.8146971803598717e-08,0.12954696868121823,1.3874480345758473,1.387448039517672,1.2436508993396949,1.1607408393837155,1.1607408393837155,False,0,0,77,0.0167410288538253,False,False,0,0,False,PITB-80B916173F29877FD683,2023-06-14T15:30:00+08:00
MARKET|2023|ALL_A|03|002347.SZ|2023-06-08,COORDINATE_ELIGIBLE_MARKET_SEQUENCE,ALL_A,002347.SZ,002347,2023-06-08,2023,3,-5,,5.0499999999999998,5.0500001907348633,False,505,505,0,1.9073486345888568e-07,1.9073486345888568e-07,0.16356014671756844,0.82597874092372059,0.82597877212034287,0.81616513212066666,0.80798712478478818,0.73438505876188254,False,0,0,6,0.0060729169652529611,False,False,0,0,False,PITB-80B916173F29877FD683,2023-06-08T15:30:00+08:00
MARKET|2023|ALL_A|03|002347.SZ|2023-06-09,COORDINATE_ELIGIBLE_MARKET_SEQUENCE,ALL_A,002347.SZ,002347,2023-06-09,2023,3,-4,,5.3099999999999996,5.309999942779541,False,531,531,0,-5.7220458593576495e-08,5.7220458593576495e-08,0.16356014671756844,0.86850437907028832,0.86850436971130174,0.81616513212066666,0.80798712478478818,0.73438505876188254,False,0,0,3,0.060728687023826895,False,False,0,0,False,PITB-80B916173F29877FD683,2023-06-09T15:30:00+08:00
MARKET|2023|ALL_A|03|002347.SZ|2023-06-12,COORDINATE_ELIGIBLE_MARKET_SEQUENCE,ALL_A,002347.SZ,002347,2023-06-12,2023,3,-3,,5.3700000000000001,5.369999885559082,False,537,537,0,-1.1444091807533141e-07,1.1444091807533141e-07,0.16356014671756844,0.87831798787334259,0.87831796915536919,0.81616513212066666,0.80798712478478818,0.73438505876188254,False,0,0,2,0.034412970909705576,False,False,0,0,False,PITB-80B916173F29877FD683,2023-06-12T15:30:00+08:00
MARKET|2023|ALL_A|03|002347.SZ|2023-06-13,COORDINATE_ELIGIBLE_MARKET_SEQUENCE,ALL_A,002347.SZ,002347,2023-06-13,2023,3,-2,,5.3600000000000003,5.3600001335144043,False,536,536,0,1.3351440397713077e-07,1.3351440397713077e-07,0.16356014671756844,0.87668238640616691,0.87668240824380239,0.81616513212066666,0.80962272625196385,0.73438505876188254,False,0,0,1,0.014141448820480209,False,False,0,0,False,PITB-80B916173F29877FD683,2023-06-13T15:30:00+08:00
MARKET|2023|ALL_A|03|002347.SZ|2023-06-14,COORDINATE_ELIGIBLE_MARKET_SEQUENCE,ALL_A,002347.SZ,002347,2023-06-14,2023,3,-1,,5.3899999999999997,5.3899998664855957,False,539,539,0,-1.3351440397713077e-07,1.3351440397713077e-07,0.16356014671756847,0.88158919080769393,0.88158916897005846,0.81616513212066666,0.81125832771913964,0.73438505876188254,False,0,0,78,0.016129016876220727,False,False,0,0,False,PITB-80B916173F29877FD683,2023-06-14T15:30:00+08:00
MARKET|2023|ALL_A|04|300284.SZ|2023-06-08,COORDINATE_ELIGIBLE_MARKET_SEQUENCE,ALL_A,300284.SZ,300284,2023-06-08,2023,4,-5,,6.3200000000000003,6.320000171661377,False,632,632,0,1.7166137666890791e-07,1.7166137666890791e-07,0.1133228833424304,0.71620062272416019,0.71620064217732238,0.66180563871979359,0.66180563871979359,0.64855121266475113,False,0,0,1,0.04280821917808221,False,False,0,0,False,PITB-80B916173F29877FD683,2023-06-08T15:30:00+08:00
MARKET|2023|ALL_A|04|300284.SZ|2023-06-09,COORDINATE_ELIGIBLE_MARKET_SEQUENCE,ALL_A,300284.SZ,300284,2023-06-09,2023,4,-4,,6.2400000000000002,6.2399997711181641,False,624,624,0,-2.2888183615066282e-07,2.2888183615066282e-07,0.1133228833424304,0.70713479205676577,0.70713476611921611,0.66293886755321785,0.66180563871979359,0.64855121266475113,False,0,0,58,0.013698617072954618,False,False,0,0,False,PITB-80B916173F29877FD683,2023-06-09T15:30:00+08:00
MARKET|2023|ALL_A|04|300284.SZ|2023-06-12,COORDINATE_ELIGIBLE_MARKET_SEQUENCE,ALL_A,300284.SZ,300284,2023-06-12,2023,4,-3,,6.1399999999999997,6.1399998664855957,False,614,614,0,-1.3351440397713077e-07,1.3351440397713077e-07,0.11332288334243042,0.69580250372252272,0.69580248859228555,0.66293886755321785,0.66180563871979359,0.65851189681830524,False,0,0,7,0.006849308536477393,False,False,0,0,False,PITB-80B916173F29877FD683,2023-06-12T15:30:00+08:00
MARKET|2023|ALL_A|04|300284.SZ|2023-06-13,COORDINATE_ELIGIBLE_MARKET_SEQUENCE,ALL_A,300284.SZ,300284,2023-06-13,2023,4,-2,,6.1299999999999999,6.130000114440918,False,613,613,0,1.1444091807533141e-07,1.1444091807533141e-07,0.1133228833424304,0.69466927488909835,0.69466928785787319,0.66293886755321785,0.66180563871979359,0.65851189681830524,False,0,0,81,0.018835639300411669,False,False,0,0,False,PITB-80B916173F29877FD683,2023-06-13T15:30:00+08:00
MARKET|2023|ALL_A|04|300284.SZ|2023-06-14,COORDINATE_ELIGIBLE_MARKET_SEQUENCE,ALL_A,300284.SZ,300284,2023-06-14,2023,4,-1,,6.2400000000000002,6.2399997711181641,False,624,624,0,-2.2888183615066282e-07,2.2888183615066282e-07,0.1133228833424304,0.70713479205676577,0.70713476611921611,0.66973824055376385,0.66180563871979359,0.66180563871979359,False,0,0,1,0.01883555765021332,False,False,0,0,False,PITB-80B916173F29877FD683,2023-06-14T15:30:00+08:00
MARKET|2023|ALL_A|05|601208.SH|2023-06-08,COORDINATE_ELIGIBLE_MARKET_SEQUENCE,ALL_A,601208.SH,601208,2023-06-08,2023,5,-5,,10.91,10.909999847412109,False,1091,1091,0,-1.5258789076710855e-07,1.5258789076710855e-07,0.21925024098112011,2.3920201291040204,2.3920200956490887,2.4095601483825102,2.4095601483825102,2.4095601483825102,True,0.018198365618468906,0.80082987551867224,133,0.010919006875257698,False,False,0,0,False,PITB-80B916173F29877FD683,2023-06-08T15:30:00+08:00
MARKET|2023|ALL_A|05|601208.SH|2023-06-09,COORDINATE_ELIGIBLE_MARKET_SEQUENCE,ALL_A,601208.SH,601208,2023-06-09,2023,5,-4,,10.81,10.810000419616699,False,1081,1081,0,4.1961669872137008e-07,4.1961669872137008e-07,0.21925024098112011,2.3700951050059085,2.3700951970069708,2.3657101001862855,2.3657101001862855,2.3657101001862855,True,0.0037071362372564799,0.32780082987551867,111,0.0055607432452918389,False,False,0,0,False,PITB-80B916173F29877FD683,2023-06-09T15:30:00+08:00
MARKET|2023|ALL_A|05|601208.SH|2023-06-12,COORDINATE_ELIGIBLE_MARKET_SEQUENCE,ALL_A,601208.SH,601208,2023-06-12,2023,5,-3,,10.970000000000001,10.970000267028809,False,1097,1097,0,2.6702880795426154e-07,2.6702880795426154e-07,0.21925024098112014,2.4051751435628881,2.4051752021090187,2.3569400905470412,2.3569400905470412,2.3569400905470412,False,0,0,18,0.020465141118958922,False,False,0,0,False,PITB-80B916173F29877FD683,2023-06-12T15:30:00+08:00
MARKET|2023|ALL_A|05|601208.SH|2023-06-13,COORDINATE_ELIGIBLE_MARKET_SEQUENCE,ALL_A,601208.SH,601208,2023-06-13,2023,5,-2,,11.41,11.409999847412109,False,1141,1141,0,-1.5258789076710855e-07,1.5258789076710855e-07,0.21925024098112014,2.5016452495945809,2.5016452161396492,2.3569400905470412,2.3569400905470412,2.3569400905470412,False,0,0,1,0.047441881756449839,False,False,0,0,False,PITB-80B916173F29877FD683,2023-06-13T15:30:00+08:00
MARKET|2023|ALL_A|05|601208.SH|2023-06-14,COORDINATE_ELIGIBLE_MARKET_SEQUENCE,ALL_A,601208.SH,601208,2023-06-14,2023,5,-1,,12.43,12.430000305175781,False,1243,1243,0,3.0517578153421709e-07,3.0517578153421709e-07,0.21925024098112017,2.7252804953953236,2.7252805623051874,2.3569400905470412,2.3569400905470412,2.3569400905470412,False,0,0,1,0.086511656295421679,False,False,0,0,False,PITB-80B916173F29877FD683,2023-06-14T15:30:00+08:00
MARKET|2023|ALL_A|06|300456.SZ|2023-06-08,COORDINATE_ELIGIBLE_MARKET_SEQUENCE,ALL_A,300456.SZ,300456,2023-06-08,2023,6,-5,,22.879999999999999,22.879999160766602,False,2288,2288,0,-8.3923339744274017e-07,8.3923339744274017e-07,0.063132981517680473,1.4444826171245291,1.4444825641412227,1.2658162794294934,1.2102592556939347,1.0366435565203129,False,0,0,20,0.034428787032452272,False,False,0,0,False,PITB-80B916173F29877FD683,2023-06-08T15:30:00+08:00
MARKET|2023|ALL_A|06|300456.SZ|2023-06-09,COORDINATE_ELIGIBLE_MARKET_SEQUENCE,ALL_A,300456.SZ,300456,2023-06-09,2023,6,-4,,22.5,22.5,True,2250,2250,0,0,0,0.063132981517680473,1.4204920841478106,1.4204920841478106,1.270235588135731,1.2102592556939347,1.0366435565203129,False,0,0,68,0.03129892443764877,False,False,0,0,False,PITB-80B916173F29877FD683,2023-06-09T15:30:00+08:00
MARKET|2023|ALL_A|06|300456.SZ|2023-06-12,COORDINATE_ELIGIBLE_MARKET_SEQUENCE,ALL_A,300456.SZ,300456,2023-06-12,2023,6,-3,,23.16,23.159999847412109,False,2316,2316,0,-1.5258789076710855e-07,1.5258789076710855e-07,0.063132981517680473,1.4621598519494798,1.4621598423161513,1.270235588135731,1.2102592556939347,1.0366435565203129,False,0,0,14,0.04329681396484366,False,False,0,0,False,PITB-80B916173F29877FD683,2023-06-12T15:30:00+08:00
MARKET|2023|ALL_A|06|300456.SZ|2023-06-13,COORDINATE_ELIGIBLE_MARKET_SEQUENCE,ALL_A,300456.SZ,300456,2023-06-13,2023,6,-2,,23.030000000000001,23.030000686645508,False,2303,2303,0,6.8664550667563162e-07,6.8664550667563162e-07,0.063132981517680473,1.4539525643521813,1.4539526077021594,1.270235588135731,1.2102592556939347,1.0366435565203129,False,0,0,85,0.022952557853814119,False,False,0,0,False,PITB-80B916173F29877FD683,2023-06-13T15:30:00+08:00
MARKET|2023|ALL_A|06|300456.SZ|2023-06-14,COORDINATE_ELIGIBLE_MARKET_SEQUENCE,ALL_A,300456.SZ,300456,2023-06-14,2023,6,-1,,22.829999999999998,22.829999923706055,False,2283,2283,0,-7.6293943607197434e-08,7.6293943607197434e-08,0.063132981517680473,1.4413259680486452,1.441325963231981,1.270235588135731,1.2102592556939347,1.0366435565203129,False,0,0,24,0.022952557853814302,False,False,0,0,False,PITB-80B916173F29877FD683,2023-06-14T15:30:00+08:00
MARKET|2023|ALL_A|07|603387.SH|2023-06-08,COORDINATE_ELIGIBLE_MARKET_SEQUENCE,ALL_A,603387.SH,603387,2023-06-08,2023,7,-5,,12.869999999999999,12.869999885559082,False,1287,1287,0,-1.1444091718715299e-07,1.1444091718715299e-07,0.07210016255394501,0.92792909206927221,0.92792908381806349,0.92144007743941725,0.92144007743941725,0.85241997857246721,True,0.0078247022554161702,0.44398340248962653,12,0.014866946821854495,False,False,0,0,False,PITB-80B916173F29877FD683,2023-06-08T15:30:00+08:00
MARKET|2023|ALL_A|07|603387.SH|2023-06-09,COORDINATE_ELIGIBLE_MARKET_SEQUENCE,ALL_A,603387.SH,603387,2023-06-09,2023,7,-4,,12.890000000000001,12.890000343322754,False,1289,1289,0,3.4332275333781581e-07,3.4332275333781581e-07,0.07210016255394501,0.92937109532035123,0.9293711200739776,0.91423006118402272,0.91423006118402272,0.85241997857246721,False,0,0,149,0.0055205558752788545,False,False,0,0,False,PITB-80B916173F29877FD683,2023-06-09T15:30:00+08:00
MARKET|2023|ALL_A|07|603387.SH|2023-06-12,COORDINATE_ELIGIBLE_MARKET_SEQUENCE,ALL_A,603387.SH,603387,2023-06-12,2023,7,-3,,12.9,12.899999618530273,False,1290,1290,0,-3.8146972691777137e-07,3.8146972691777137e-07,0.07210016255394501,0.93009209694589068,0.93009206944186129,0.91423006118402272,0.91423006118402272,0.85241997857246721,False,0,0,5,0.0039431574968884862,False,False,0,0,False,PITB-80B916173F29877FD683,2023-06-12T15:30:00+08:00
MARKET|2023|ALL_A|07|603387.SH|2023-06-13,COORDINATE_ELIGIBLE_MARKET_SEQUENCE,ALL_A,603387.SH,603387,2023-06-13,2023,7,-2,,12.75,12.75,True,1275,1275,0,0,0,0.07210016255394501,0.91927707256279889,0.91927707256279889,0.91423006118402272,0.91423006118402272,0.85241997857246721,False,0,0,27,0.0055204806643705494,False,False,0,0,False,PITB-80B916173F29877FD683,2023-06-13T15:30:00+08:00
MARKET|2023|ALL_A|07|603387.SH|2023-06-14,COORDINATE_ELIGIBLE_MARKET_SEQUENCE,ALL_A,603387.SH,603387,2023-06-14,2023,7,-1,,12.68,12.680000305175781,False,1268,1268,0,3.0517578153421709e-07,3.0517578153421709e-07,0.07210016255394501,0.91423006118402272,0.91423008318724619,0.91423006118402272,0.91423006118402272,0.85241997857246721,True,0.0039432086403061242,0.15767634854771784,83,0.0039432327077967913,False,False,0,0,False,PITB-80B916173F29877FD683,2023-06-14T15:30:00+08:00
MARKET|2023|ALL_A|08|600166.SH|2023-06-08,COORDINATE_ELIGIBLE_MARKET_SEQUENCE,ALL_A,600166.SH,600166,2023-06-08,2023,8,-5,,3.04,3.0399999618530273,False,304,304,0,-3.8146972691777137e-08,3.8146972691777137e-08,0.35426025410733697,1.0769511724863043,1.0769511589723482,1.0769511724863043,1.0769511724863043,1.0308973394523504,True,0.0065789536425942463,0.70954356846473032,11,0.0065789410942480248,False,False,0,0,False,PITB-80B916173F29877FD683,2023-06-08T15:30:00+08:00
MARKET|2023|ALL_A|08|600166.SH|2023-06-09,COORDINATE_ELIGIBLE_MARKET_SEQUENCE,ALL_A,600166.SH,600166,2023-06-09,2023,8,-4,,3.1200000000000001,3.119999885559082,False,312,312,0,-1.1444091807533141e-07,1.1444091807533141e-07,0.35426025410733697,1.1052919928148914,1.1052919522730227,1.0698659674041575,1.0698659674041575,1.0308973394523504,False,0,0,32,0.019867530721702439,False,False,0,0,False,PITB-80B916173F29877FD683,2023-06-09T15:30:00+08:00
MARKET|2023|ALL_A|08|600166.SH|2023-06-12,COORDINATE_ELIGIBLE_MARKET_SEQUENCE,ALL_A,600166.SH,600166,2023-06-12,2023,8,-3,,3.2799999999999998,3.2799999713897705,False,328,328,0,-2.8610229296788248e-08,2.8610229296788248e-08,0.35426025410733697,1.1619736334720652,1.161973623336598,1.0698659674041575,1.0698659674041575,1.0308973394523504,False,0,0,1,0.052980160871088845,False,False,0,0,False,PITB-80B916173F29877FD683,2023-06-12T15:30:00+08:00
MARKET|2023|ALL_A|08|600166.SH|2023-06-13,COORDINATE_ELIGIBLE_MARKET_SEQUENCE,ALL_A,600166.SH,600166,2023-06-13,2023,8,-2,,3.3500000000000001,3.3499999046325684,False,335,335,0,-9.5367431729442842e-08,9.5367431729442842e-08,0.35426025410733697,1.1867718512595788,1.1867718174746882,1.0698659674041575,1.0698659674041575,1.0308973394523504,False,0,0,1,0.033112551202837119,False,False,0,0,False,PITB-80B916173F29877FD683,2023-06-13T15:30:00+08:00
MARKET|2023|ALL_A|08|600166.SH|2023-06-14,COORDINATE_ELIGIBLE_MARKET_SEQUENCE,ALL_A,600166.SH,600166,2023-06-14,2023,8,-1,,3.3999999999999999,3.4000000953674316,False,340,340,0,9.5367431729442842e-08,9.5367431729442842e-08,0.35426025410733697,1.2044848639649457,1.2044848977498364,1.0698659674041575,1.0698659674041575,1.0308973394523504,False,0,0,0,0.023178864788535498,False,False,0,0,False,PITB-80B916173F29877FD683,2023-06-14T15:30:00+08:00
MARKET|2023|ALL_A|09|601669.SH|2023-06-08,COORDINATE_ELIGIBLE_MARKET_SEQUENCE,ALL_A,601669.SH,601669,2023-06-08,2023,9,-5,,5.7699999999999996,5.7699999809265137,False,577,577,0,-1.9073485901799359e-08,1.9073485901799359e-08,0.14785278202916552,0.85311055230828492,0.85311054948821707,0.82945410718361867,0.82945410718361867,0.82945410718361867,False,0,0,2,0.016042807947930633,False,False,0,0,False,PITB-80B916173F29877FD683,2023-06-08T15:30:00+08:00
MARKET|2023|ALL_A|09|601669.SH|2023-06-09,COORDINATE_ELIGIBLE_MARKET_SEQUENCE,ALL_A,601669.SH,601669,2023-06-09,2023,9,-4,,5.75,5.75,True,575,575,0,0,0,0.14785278202916552,0.85015349666770168,0.85015349666770179,0.82945410718361867,0.82945410718361867,0.82945410718361867,False,0,0,5,0.0053476309818805837,False,False,0,0,False,PITB-80B916173F29877FD683,2023-06-09T15:30:00+08:00
MARKET|2023|ALL_A|09|601669.SH|2023-06-12,COORDINATE_ELIGIBLE_MARKET_SEQUENCE,ALL_A,601669.SH,601669,2023-06-12,2023,9,-3,,5.75,5.75,True,575,575,0,0,0,0.14785278202916552,0.85015349666770168,0.85015349666770179,0.82945410718361867,0.82945410718361867,0.82945410718361867,False,0,0,10,0.014260235954733533,False,False,0,0,False,PITB-80B916173F29877FD683,2023-06-12T15:30:00+08:00
MARKET|2023|ALL_A|09|601669.SH|2023-06-13,COORDINATE_ELIGIBLE_MARKET_SEQUENCE,ALL_A,601669.SH,601669,2023-06-13,2023,9,-2,,5.7199999999999998,5.7199997901916504,False,572,572,0,-2.0980834936068504e-07,2.0980834936068504e-07,0.14785278202916552,0.84571791320682665,0.84571788218607857,0.82945410718361867,0.82945410718361867,0.82945410718361867,False,0,0,184,0.0089126049728529486,False,False,0,0,False,PITB-80B916173F29877FD683,2023-06-13T15:30:00+08:00
MARKET|2023|ALL_A|09|601669.SH|2023-06-14,COORDINATE_ELIGIBLE_MARKET_SEQUENCE,ALL_A,601669.SH,601669,2023-06-14,2023,9,-1,,5.6500000000000004,5.6500000953674316,False,565,565,0,9.5367431285353632e-08,9.5367431285353632e-08,0.14785278202916549,0.83536821846478515,0.83536823256512516,0.82945410718361867,0.82945410718361867,0.82945410718361867,False,0,0,177,0.0017825719931972342,False,False,0,0,False,PITB-80B916173F29877FD683,2023-06-14T15:30:00+08:00
MARKET|2023|ALL_A|10|002508.SZ|2023-06-08,COORDINATE_ELIGIBLE_MARKET_SEQUENCE,ALL_A,002508.SZ,002508,2023-06-08,2023,10,-5,,24.920000000000002,24.920000076293945,False,2492,2492,0,7.6293943607197434e-08,7.6293943607197434e-08,0.022552029879258053,0.56199658459111068,0.56199658631169402,0.52388365409516457,0.52269161823011789,0.52269161823011789,False,0,0,34,0.044008895490296449,False,False,0,0,False,PITB-80B916173F29877FD683,2023-06-08T15:30:00+08:00
MARKET|2023|ALL_A|10|002508.SZ|2023-06-09,COORDINATE_ELIGIBLE_MARKET_SEQUENCE,ALL_A,002508.SZ,002508,2023-06-09,2023,10,-4,,24.530000000000001,24.530000686645508,False,2453,2453,0,6.8664550667563162e-07,6.8664550667563162e-07,0.022552029879258053,0.55320129293820008,0.55320130842345006,0.52388365409516457,0.52269161823011789,0.52269161823011789,False,0,0,127,0.0073348159150493381,False,False,0,0,False,PITB-80B916173F29877FD683,2023-06-09T15:30:00+08:00
MARKET|2023|ALL_A|10|002508.SZ|2023-06-12,COORDINATE_ELIGIBLE_MARKET_SEQUENCE,ALL_A,002508.SZ,002508,2023-06-12,2023,10,-3,,25.66,25.659999847412109,False,2566,2566,0,-1.5258789076710855e-07,1.5258789076710855e-07,0.022552029879258053,0.57868508670176166,0.57868508326059498,0.52388365409516457,0.52269161823011789,0.52269161823011789,False,0,0,0,0.061267261674418372,False,False,0,0,False,PITB-80B916173F29877FD683,2023-06-12T15:30:00+08:00
MARKET|2023|ALL_A|10|002508.SZ|2023-06-13,COORDINATE_ELIGIBLE_MARKET_SEQUENCE,ALL_A,002508.SZ,002508,2023-06-13,2023,10,-2,,25.93,25.930000305175781,False,2593,2593,0,3.0517578153421709e-07,3.0517578153421709e-07,0.022552029879258053,0.58477413476916129,0.58477414165149466,0.52388365409516457,0.52269161823011789,0.52269161823011789,False,0,0,43,0.017258366184121712,False,False,0,0,False,PITB-80B916173F29877FD683,2023-06-13T15:30:00+08:00
MARKET|2023|ALL_A|10|002508.SZ|2023-06-14,COORDINATE_ELIGIBLE_MARKET_SEQUENCE,ALL_A,002508.SZ,002508,2023-06-14,2023,10,-1,,26.059999999999999,26.059999465942383,False,2606,2606,0,-5.3405761590852308e-07,5.3405761590852308e-07,0.022552029879258056,0.5877058986534649,0.58770588660938161,0.52388365409516457,0.52269161823011789,0.52269161823011789,False,0,0,79,0.019847100538144744,False,False,0,0,False,PITB-80B916173F29877FD683,2023-06-14T15:30:00+08:00
MARKET|2023|CHINEXT_BOARD|01|300445.SZ|2023-06-08,COORDINATE_ELIGIBLE_MARKET_SEQUENCE,CHINEXT_BOARD,300445.SZ,300445,2023-06-08,2023,1,-5,,14.140000000000001,14.140000343322754,False,1414,1414,0,3.4332275333781581e-07,3.4332275333781581e-07,0.079114166620445056,1.1186743160130932,1.1186743431747868,1.1083894743524354,1.0039587744134479,1.0039587744134479,False,0,0,90,0.018912586666074201,False,False,0,0,False,PITB-80B916173F29877FD683,2023-06-08T15:30:00+08:00
MARKET|2023|CHINEXT_BOARD|01|300445.SZ|2023-06-09,COORDINATE_ELIGIBLE_MARKET_SEQUENCE,CHINEXT_BOARD,300445.SZ,300445,2023-06-09,2023,1,-4,,14.19,14.189999580383301,False,1419,1419,0,-4.1961669872137008e-07,4.1961669872137008e-07,0.079114166620445042,1.1226300243441152,1.1226299911464896,1.0996869160241864,1.0039587744134479,1.0039587744134479,False,0,0,78,0.019700551615445247,False,False,0,0,False,PITB-80B916173F29877FD683,2023-06-09T15:30:00+08:00
MARKET|2023|CHINEXT_BOARD|01|300445.SZ|2023-06-12,COORDINATE_ELIGIBLE_MARKET_SEQUENCE,CHINEXT_BOARD,300445.SZ,300445,2023-06-12,2023,1,-3,,14.31,14.310000419616699,False,1431,1431,0,4.1961669872137008e-07,4.1961669872137008e-07,0.07911416662044507,1.1321237243385689,1.1321237575361944,1.0996869160241864,1.0039587744134479,1.0039587744134479,False,0,0,1,0.021276631817468191,False,False,0,0,False,PITB-80B916173F29877FD683,2023-06-12T15:30:00+08:00
MARKET|2023|CHINEXT_BOARD|01|300445.SZ|2023-06-13,COORDINATE_ELIGIBLE_MARKET_SEQUENCE,CHINEXT_BOARD,300445.SZ,300445,2023-06-13,2023,1,-2,,14.84,14.840000152587891,False,1484,1484,0,1.5258789076710855e-07,1.5258789076710855e-07,0.079114166620445056,1.1740542326474046,1.1740542447192683,1.0996869160241864,1.0205727494037415,1.0039587744134479,False,0,0,1,0.052713201951610944,False,False,0,0,False,PITB-80B916173F29877FD683,2023-06-13T15:30:00+08:00
MARKET|2023|CHINEXT_BOARD|01|300445.SZ|2023-06-14,COORDINATE_ELIGIBLE_MARKET_SEQUENCE,CHINEXT_BOARD,300445.SZ,300445,2023-06-14,2023,1,-1,,14.85,14.850000381469727,False,1485,1485,0,3.8146972691777137e-07,3.8146972691777137e-07,0.079114166620445056,1.1748453743136091,1.1748454044932686,1.0996869160241864,1.0205727494037415,1.0039587744134479,False,0,0,94,0.027131812517033144,False,False,0,0,False,PITB-80B916173F29877FD683,2023-06-14T15:30:00+08:00
MARKET|2023|CHINEXT_BOARD|02|300224.SZ|2023-06-08,COORDINATE_ELIGIBLE_MARKET_SEQUENCE,CHINEXT_BOARD,300224.SZ,300224,2023-06-08,2023,2,-5,,11.43,11.430000305175781,False,1143,1143,0,3.0517578153421709e-07,3.0517578153421709e-07,0.11240109429394377,1.2847445077797772,1.2847445420818691,1.2802484640080196,1.2802484640080196,1.2802484640080196,True,0.0035118190105597313,0.1908713692946058,136,0.0070236983060628557,False,False,0,0,False,PITB-80B916173F29877FD683,2023-06-08T15:30:00+08:00
MARKET|2023|CHINEXT_BOARD|02|300224.SZ|2023-06-09,COORDINATE_ELIGIBLE_MARKET_SEQUENCE,CHINEXT_BOARD,300224.SZ,300224,2023-06-09,2023,2,-4,,11.49,11.489999771118164,False,1149,1149,0,-2.2888183615066282e-07,2.2888183615066282e-07,0.11240109429394378,1.291488573437414,1.2914885477108451,1.2757524202362618,1.2757524202362618,1.2757524202362618,False,0,0,105,0.010572677141769333,False,False,0,0,False,PITB-80B916173F29877FD683,2023-06-09T15:30:00+08:00
MARKET|2023|CHINEXT_BOARD|02|300224.SZ|2023-06-12,COORDINATE_ELIGIBLE_MARKET_SEQUENCE,CHINEXT_BOARD,300224.SZ,300224,2023-06-12,2023,2,-3,,11.57,11.569999694824219,False,1157,1157,0,-3.0517578153421709e-07,3.0517578153421709e-07,0.11240109429394377,1.3004806609809294,1.3004806266788376,1.2757524202362618,1.2757524202362618,1.2757524202362618,False,0,0,28,0.018502206004138454,False,False,0,0,False,PITB-80B916173F29877FD683,2023-06-12T15:30:00+08:00
MARKET|2023|CHINEXT_BOARD|02|300224.SZ|2023-06-13,COORDINATE_ELIGIBLE_MARKET_SEQUENCE,CHINEXT_BOARD,300224.SZ,300224,2023-06-13,2023,2,-2,,11.619999999999999,11.619999885559082,False,1162,1162,0,-1.1444091718715299e-07,1.1444091718715299e-07,0.11240109429394378,1.3061007156956266,1.3061007028323424,1.2757524202362618,1.2757524202362618,1.2757524202362618,False,0,0,1,0.0070484514278463381,False,False,0,0,False,PITB-80B916173F29877FD683,2023-06-13T15:30:00+08:00
MARKET|2023|CHINEXT_BOARD|02|300224.SZ|2023-06-14,COORDINATE_ELIGIBLE_MARKET_SEQUENCE,CHINEXT_BOARD,300224.SZ,300224,2023-06-14,2023,2,-1,,11.5,11.5,True,1150,1150,0,0,0,0.11240109429394377,1.2926125843803533,1.2926125843803533,1.2757524202362618,1.2757524202362618,1.2757524202362618,False,0,0,182,0.0017621548690459183,False,False,0,0,False,PITB-80B916173F29877FD683,2023-06-14T15:30:00+08:00
MARKET|2023|CHINEXT_BOARD|03|300402.SZ|2023-06-08,COORDINATE_ELIGIBLE_MARKET_SEQUENCE,CHINEXT_BOARD,300402.SZ,300402,2023-06-08,2023,3,-5,,18.789999999999999,18.790000915527344,False,1879,1879,0,9.1552734460265128e-07,9.1552734460265128e-07,0.081735813251244377,1.5358159309908817,1.5358160058222539,1.5284597077982698,1.5284597077982698,1.4712446385223985,False,0,0,2,0.0021390863918365386,False,False,0,0,False,PITB-80B916173F29877FD683,2023-06-08T15:30:00+08:00
MARKET|2023|CHINEXT_BOARD|03|300402.SZ|2023-06-09,COORDINATE_ELIGIBLE_MARKET_SEQUENCE,CHINEXT_BOARD,300402.SZ,300402,2023-06-09,2023,3,-4,,18.960000000000001,18.959999084472656,False,1896,1896,0,-9.1552734460265128e-07,9.1552734460265128e-07,0.081735813251244377,1.5497110192435934,1.5497109444122215,1.5284597077982698,1.5284597077982698,1.4712446385223985,True,0.011229958763734432,0,1,0.025133653120561053,False,False,0,0,False,PITB-80B916173F29877FD683,2023-06-09T15:30:00+08:00
MARKET|2023|CHINEXT_BOARD|03|300402.SZ|2023-06-12,COORDINATE_ELIGIBLE_MARKET_SEQUENCE,CHINEXT_BOARD,300402.SZ,300402,2023-06-12,2023,3,-3,,19.300000000000001,19.299999237060547,False,1930,1930,0,-7.6293945383554274e-07,7.6293945383554274e-07,0.081735813251244363,1.5775011957490164,1.5775011333895395,1.5112951870155085,1.5112951870155085,1.4712446385223985,False,0,0,1,0.021633294674433319,False,False,0,0,False,PITB-80B916173F29877FD683,2023-06-12T15:30:00+08:00
MARKET|2023|CHINEXT_BOARD|03|300402.SZ|2023-06-13,COORDINATE_ELIGIBLE_MARKET_SEQUENCE,CHINEXT_BOARD,300402.SZ,300402,2023-06-13,2023,3,-2,,19.149999999999999,19.149999618530273,False,1915,1915,0,-3.8146972514141453e-07,3.8146972514141453e-07,0.082376041553473431,1.5775011957490161,1.5775011643250501,1.5112951870155085,1.5112951870155085,1.4712446385223985,False,0,0,182,0.0059956901915974815,False,False,1,0,False,PITB-80B916173F29877FD683,2023-06-13T15:30:00+08:00
MARKET|2023|CHINEXT_BOARD|03|300402.SZ|2023-06-14,COORDINATE_ELIGIBLE_MARKET_SEQUENCE,CHINEXT_BOARD,300402.SZ,300402,2023-06-14,2023,3,-1,,19.210000000000001,19.209999084472656,False,1921,1921,0,-9.1552734460265128e-07,9.1552734460265128e-07,0.082376041553473431,1.5824437582422246,1.5824436828247062,1.5112951870155085,1.5112951870155085,1.4712446385223985,False,0,0,19,0.012536565994069548,False,False,0,0,False,PITB-80B916173F29877FD683,2023-06-14T15:30:00+08:00
MARKET|2023|CHINEXT_BOARD|04|300157.SZ|2023-06-08,COORDINATE_ELIGIBLE_MARKET_SEQUENCE,CHINEXT_BOARD,300157.SZ,300157,2023-06-08,2023,4,-5,,3.2000000000000002,3.2000000476837158,False,320,320,0,4.7683715642676816e-08,4.7683715642676816e-08,0.10638297872340403,0.34042553191489294,0.34042553698762862,0.34042553191489294,0.34042553191489294,0.34042553191489294,True,0.0062499791383743581,0.44398340248962653,25,0.0062499940395354062,False,False,0,0,False,PITB-80B916173F29877FD683,2023-06-08T15:30:00+08:00
MARKET|2023|CHINEXT_BOARD|04|300157.SZ|2023-06-09,COORDINATE_ELIGIBLE_MARKET_SEQUENCE,CHINEXT_BOARD,300157.SZ,300157,2023-06-09,2023,4,-4,,3.1899999999999999,3.190000057220459,False,319,319,0,5.7220459037665705e-08,5.7220459037665705e-08,0.10638297872340405,0.33936170212765893,0.33936170821494177,0.33829787234042485,0.33829787234042485,0.33829787234042485,False,0,0,1,0.0031446510890745004,False,False,0,0,False,PITB-80B916173F29877FD683,2023-06-09T15:30:00+08:00
MARKET|2023|CHINEXT_BOARD|04|300157.SZ|2023-06-12,COORDINATE_ELIGIBLE_MARKET_SEQUENCE,CHINEXT_BOARD,300157.SZ,300157,2023-06-12,2023,4,-3,,3.23,3.2300000190734863,False,323,323,0,1.9073486345888568e-08,1.9073486345888568e-08,0.10638297872340406,0.3436170212765951,0.34361702330568938,0.33829787234042485,0.33829787234042485,0.33829787234042485,True,0.0062892811853179813,0.13692946058091288,12,0.022012557623521341,False,False,0,0,False,PITB-80B916173F29877FD683,2023-06-12T15:30:00+08:00
MARKET|2023|CHINEXT_BOARD|04|300157.SZ|2023-06-13,COORDINATE_ELIGIBLE_MARKET_SEQUENCE,CHINEXT_BOARD,300157.SZ,300157,2023-06-13,2023,4,-2,,3.2400000000000002,3.2400000095367432,False,324,324,0,9.5367429508996793e-09,9.5367429508996793e-09,0.10638297872340406,0.34468085106382917,0.34468085207837629,0.33617021276595682,0.33617021276595682,0.33617021276595682,False,0,0,1,0.015822769720343046,False,False,0,0,False,PITB-80B916173F29877FD683,2023-06-13T15:30:00+08:00
MARKET|2023|CHINEXT_BOARD|04|300157.SZ|2023-06-14,COORDINATE_ELIGIBLE_MARKET_SEQUENCE,CHINEXT_BOARD,300157.SZ,300157,2023-06-14,2023,4,-1,,3.2599999999999998,3.2599999904632568,False,326,326,0,-9.5367429508996793e-09,9.5367429508996793e-09,0.10638297872340405,0.34680851063829715,0.34680850962375004,0.33617021276595682,0.33617021276595682,0.33617021276595682,False,0,0,0,0.0094936618322057614,False,False,0,0,False,PITB-80B916173F29877FD683,2023-06-14T15:30:00+08:00
MARKET|2023|CHINEXT_BOARD|05|300768.SZ|2023-06-08,COORDINATE_ELIGIBLE_MARKET_SEQUENCE,CHINEXT_BOARD,300768.SZ,300768,2023-06-08,2023,5,-5,,18.129999999999999,18.129999160766602,False,1813,1813,0,-8.3923339744274017e-07,8.3923339744274017e-07,0.094420652616530182,1.711846431937692,1.7118463526967269,1.4944448968234438,1.4944448968234438,1.4944448968234438,False,0,0,96,0.024008759927904525,False,False,0,0,False,PITB-80B916173F29877FD683,2023-06-08T15:30:00+08:00
MARKET|2023|CHINEXT_BOARD|05|300768.SZ|2023-06-09,COORDINATE_ELIGIBLE_MARKET_SEQUENCE,CHINEXT_BOARD,300768.SZ,300768,2023-06-09,2023,5,-4,,18.460000000000001,18.459999084472656,False,1846,1846,0,-9.1552734460265128e-07,9.1552734460265128e-07,0.094420652616530196,1.7430052473011475,1.7430051608564581,1.4944448968234438,1.4944448968234438,1.4944448968234438,False,0,0,0,0.019586103139213631,False,False,0,0,False,PITB-80B916173F29877FD683,2023-06-09T15:30:00+08:00
MARKET|2023|CHINEXT_BOARD|05|300768.SZ|2023-06-12,COORDINATE_ELIGIBLE_MARKET_SEQUENCE,CHINEXT_BOARD,300768.SZ,300768,2023-06-12,2023,5,-3,,18.52,18.520000457763672,False,1852,1852,0,4.5776367230132564e-07,4.5776367230132564e-07,0.094420652616530196,1.7486704864581393,1.7486705296804839,1.5677572879883679,1.4944448968234438,1.4944448968234438,False,0,0,82,0.015795271678672857,False,False,0,0,False,PITB-80B916173F29877FD683,2023-06-12T15:30:00+08:00
MARKET|2023|CHINEXT_BOARD|05|300768.SZ|2023-06-13,COORDINATE_ELIGIBLE_MARKET_SEQUENCE,CHINEXT_BOARD,300768.SZ,300768,2023-06-13,2023,5,-2,,18.829999999999998,18.829999923706055,False,1883,1883,0,-7.6293943607197434e-08,7.6293943607197434e-08,0.094420652616530196,1.7779408887692634,1.7779408815655395,1.6193141923734928,1.4944448968234438,1.4944448968234438,False,0,0,1,0.02148157912366384,False,False,0,0,False,PITB-80B916173F29877FD683,2023-06-13T15:30:00+08:00
MARKET|2023|CHINEXT_BOARD|05|300768.SZ|2023-06-14,COORDINATE_ELIGIBLE_MARKET_SEQUENCE,CHINEXT_BOARD,300768.SZ,300768,2023-06-14,2023,5,-1,,18.899999999999999,18.899999618530273,False,1890,1890,0,-3.8146972514141453e-07,3.8146972514141453e-07,0.09442065261653021,1.7845503344524207,1.7845502984338004,1.6618034860509314,1.4944448968234438,1.4944448968234438,False,0,0,77,0.025272410584204763,False,False,0,0,False,PITB-80B916173F29877FD683,2023-06-14T15:30:00+08:00
MARKET|2023|CHINEXT_BOARD|06|300747.SZ|2023-06-08,COORDINATE_ELIGIBLE_MARKET_SEQUENCE,CHINEXT_BOARD,300747.SZ,300747,2023-06-08,2023,6,-5,,26.960000000000001,26.959999084472656,False,2696,2696,0,-9.1552734460265128e-07,9.1552734460265128e-07,0.080437207065918268,2.1685871024971566,2.1685870288546938,2.2080013339594569,2.0994111044204677,1.9401454344299498,False,0,0,218,0.0011493785171214975,False,False,0,0,False,PITB-80B916173F29877FD683,2023-06-08T15:30:00+08:00
MARKET|2023|CHINEXT_BOARD|06|300747.SZ|2023-06-09,COORDINATE_ELIGIBLE_MARKET_SEQUENCE,CHINEXT_BOARD,300747.SZ,300747,2023-06-09,2023,6,-4,,27.23,27.229999542236328,False,2723,2723,0,-4.5776367230132564e-07,4.5776367230132564e-07,0.080437207065918268,2.1903051484049545,2.1903051115837231,2.166173986285179,2.0994111044204677,1.9401454344299498,False,0,0,83,0.018007636526992072,False,False,0,0,False,PITB-80B916173F29877FD683,2023-06-09T15:30:00+08:00
MARKET|2023|CHINEXT_BOARD|06|300747.SZ|2023-06-12,COORDINATE_ELIGIBLE_MARKET_SEQUENCE,CHINEXT_BOARD,300747.SZ,300747,2023-06-12,2023,6,-3,,27.460000000000001,27.459999084472656,False,2746,2746,0,-9.1552734460265128e-07,9.1552734460265128e-07,0.080437207065918268,2.2088057060301156,2.2088056323876533,2.1524996610839731,2.0994111044204677,1.9401454344299498,False,0,0,13,0.038314176245210822,False,False,0,0,False,PITB-80B916173F29877FD683,2023-06-12T15:30:00+08:00
MARKET|2023|CHINEXT_BOARD|06|300747.SZ|2023-06-13,COORDINATE_ELIGIBLE_MARKET_SEQUENCE,CHINEXT_BOARD,300747.SZ,300747,2023-06-13,2023,6,-2,,28.079999999999998,28.079999923706055,False,2808,2808,0,-7.6293943607197434e-08,7.6293943607197434e-08,0.080437207065918281,2.258676774410985,2.2586767682741136,2.1283684989641976,2.1179116620456284,1.9401454344299498,False,0,0,1,0.033801723875747869,False,False,0,0,False,PITB-80B916173F29877FD683,2023-06-13T15:30:00+08:00
MARKET|2023|CHINEXT_BOARD|06|300747.SZ|2023-06-14,COORDINATE_ELIGIBLE_MARKET_SEQUENCE,CHINEXT_BOARD,300747.SZ,300747,2023-06-14,2023,6,-1,,29.710000000000001,29.709999084472656,False,2971,2971,0,-9.1552734460265128e-07,9.1552734460265128e-07,0.080437207065918281,2.3897894219284321,2.3897893482859698,2.1283684989641976,2.1179116620456284,1.9401454344299498,False,0,0,10,0.075579178546075515,False,False,0,0,False,PITB-80B916173F29877FD683,2023-06-14T15:30:00+08:00
MARKET|2023|CHINEXT_BOARD|07|300377.SZ|2023-06-08,COORDINATE_ELIGIBLE_MARKET_SEQUENCE,CHINEXT_BOARD,300377.SZ,300377,2023-06-08,2023,7,-5,,8.5,8.5,True,850,850,0,0,0,0.085005200395802158,0.72254420336431835,0.72254420336431835,0.66814087511100495,0.66814087511100495,0.66814087511100495,False,0,0,91,0.021628508434344162,False,False,0,0,False,PITB-80B916173F29877FD683,2023-06-08T15:30:00+08:00
MARKET|2023|CHINEXT_BOARD|07|300377.SZ|2023-06-09,COORDINATE_ELIGIBLE_MARKET_SEQUENCE,CHINEXT_BOARD,300377.SZ,300377,2023-06-09,2023,7,-4,,8.5199999999999996,8.5200004577636719,False,852,852,0,4.5776367230132564e-07,4.5776367230132564e-07,0.085005200395802158,0.72424430737223433,0.72424434628452705,0.67239113513079496,0.66814087511100495,0.66814087511100495,False,0,0,76,0.012722694843476606,False,False,0,0,False,PITB-80B916173F29877FD683,2023-06-09T15:30:00+08:00
MARKET|2023|CHINEXT_BOARD|07|300377.SZ|2023-06-12,COORDINATE_ELIGIBLE_MARKET_SEQUENCE,CHINEXT_BOARD,300377.SZ,300377,2023-06-12,2023,7,-3,,8.5899999999999999,8.5900001525878906,False,859,859,0,1.5258789076710855e-07,1.5258789076710855e-07,0.085005200395802144,0.73019467139994043,0.73019468437070467,0.67239113513079496,0.66814087511100495,0.66814087511100495,False,0,0,1,0.011450401092606978,False,False,0,0,False,PITB-80B916173F29877FD683,2023-06-12T15:30:00+08:00
MARKET|2023|CHINEXT_BOARD|07|300377.SZ|2023-06-13,COORDINATE_ELIGIBLE_MARKET_SEQUENCE,CHINEXT_BOARD,300377.SZ,300377,2023-06-13,2023,7,-2,,8.6999999999999993,8.6999998092651367,False,870,870,0,-1.9073486257070726e-07,1.9073486257070726e-07,0.085005200395802144,0.73954524344347861,0.73954522723002336,0.67239113513079496,0.66814087511100495,0.66814087511100495,False,0,0,6,0.025445268354343045,False,False,0,0,False,PITB-80B916173F29877FD683,2023-06-13T15:30:00+08:00
MARKET|2023|CHINEXT_BOARD|07|300377.SZ|2023-06-14,COORDINATE_ELIGIBLE_MARKET_SEQUENCE,CHINEXT_BOARD,300377.SZ,300377,2023-06-14,2023,7,-1,,8.5199999999999996,8.5200004577636719,False,852,852,0,4.5776367230132564e-07,4.5776367230132564e-07,0.085993632958544036,0.73266575280679513,0.73266579217155636,0.69279238322578751,0.66814087511100495,0.66814087511100495,False,0,0,235,0.0025741757285038464,False,False,1,0,False,PITB-80B916173F29877FD683,2023-06-14T15:30:00+08:00
MARKET|2023|CHINEXT_BOARD|08|301003.SZ|2023-06-08,COORDINATE_ELIGIBLE_MARKET_SEQUENCE,CHINEXT_BOARD,301003.SZ,301003,2023-06-08,2023,8,-5,,22.559999999999999,22.559999465942383,False,2256,2256,0,-5.3405761590852308e-07,5.3405761590852308e-07,0.024276541736622421,0.54767878157820182,0.54767876861312981,0.54864984324766675,0.52947137527573507,0.50815841625287639,False,0,0,126,0.0013754598485500595,False,False,0,0,False,PITB-80B916173F29877FD683,2023-06-08T15:30:00+08:00
MARKET|2023|CHINEXT_BOARD|08|301003.SZ|2023-06-09,COORDINATE_ELIGIBLE_MARKET_SEQUENCE,CHINEXT_BOARD,301003.SZ,301003,2023-06-09,2023,8,-4,,22.390000000000001,22.389999389648438,False,2239,2239,0,-6.1035156306843419e-07,6.1035156306843419e-07,0.024276541736622425,0.54355176948297612,0.5435517546657509,0.54695048532610324,0.53214179486676372,0.50815841625287639,False,0,0,76,0.0072992631118662691,False,False,0,0,False,PITB-80B916173F29877FD683,2023-06-09T15:30:00+08:00
MARKET|2023|CHINEXT_BOARD|08|301003.SZ|2023-06-12,COORDINATE_ELIGIBLE_MARKET_SEQUENCE,CHINEXT_BOARD,301003.SZ,301003,2023-06-12,2023,8,-3,,22.75,22.75,True,2275,2275,0,0,0,0.024276541736622421,0.5522913245081601,0.5522913245081601,0.53966752280511654,0.53481221445779203,0.50815841625287639,False,0,0,5,0.030867013398809904,False,False,0,0,False,PITB-80B916173F29877FD683,2023-06-12T15:30:00+08:00
MARKET|2023|CHINEXT_BOARD|08|301003.SZ|2023-06-13,COORDINATE_ELIGIBLE_MARKET_SEQUENCE,CHINEXT_BOARD,301003.SZ,301003,2023-06-13,2023,8,-2,,23.32,23.319999694824219,False,2332,2332,0,-3.0517578153421709e-07,3.0517578153421709e-07,0.024276541736622418,0.56612895329803481,0.5661289458894222,0.53578327612725685,0.53578327612725685,0.50815841625287639,False,0,0,63,0.035342038028857013,False,False,0,0,False,PITB-80B916173F29877FD683,2023-06-13T15:30:00+08:00
MARKET|2023|CHINEXT_BOARD|08|301003.SZ|2023-06-14,COORDINATE_ELIGIBLE_MARKET_SEQUENCE,CHINEXT_BOARD,301003.SZ,301003,2023-06-14,2023,8,-1,,22.649999999999999,22.649999618530273,False,2265,2265,0,-3.8146972514141453e-07,3.8146972514141453e-07,0.024276541736622421,0.54986367033449779,0.54986366107373208,0.53578327612725685,0.53578327612725685,0.50815841625287639,False,0,0,218,0.0022654842347324873,False,False,0,0,False,PITB-80B916173F29877FD683,2023-06-14T15:30:00+08:00
MARKET|2023|CHINEXT_BOARD|09|300275.SZ|2023-06-08,COORDINATE_ELIGIBLE_MARKET_SEQUENCE,CHINEXT_BOARD,300275.SZ,300275,2023-06-08,2023,9,-5,,23.289999999999999,23.290000915527344,False,2329,2329,0,9.1552734460265128e-07,9.1552734460265128e-07,0.071655957620484795,1.6688672529810908,1.6688673185840794,1.4868611206250597,1.4567656184244562,1.4367019502907203,False,0,0,98,0.018691641323917142,False,False,0,0,False,PITB-80B916173F29877FD683,2023-06-08T15:30:00+08:00
MARKET|2023|CHINEXT_BOARD|09|300275.SZ|2023-06-09,COORDINATE_ELIGIBLE_MARKET_SEQUENCE,CHINEXT_BOARD,300275.SZ,300275,2023-06-09,2023,9,-4,,23.030000000000001,23.030000686645508,False,2303,2303,0,6.8664550667563162e-07,6.8664550667563162e-07,0.071655957620484809,1.6502367039997652,1.6502367532020066,1.5069247887587953,1.4567656184244562,1.4367019502907203,False,0,0,174,0.0063945434390179573,False,False,0,0,False,PITB-80B916173F29877FD683,2023-06-09T15:30:00+08:00
MARKET|2023|CHINEXT_BOARD|09|300275.SZ|2023-06-12,COORDINATE_ELIGIBLE_MARKET_SEQUENCE,CHINEXT_BOARD,300275.SZ,300275,2023-06-12,2023,9,-3,,23.059999999999999,23.059999465942383,False,2306,2306,0,-5.3405761590852308e-07,5.3405761590852308e-07,0.071655957620484795,1.6523863827283793,1.6523863444599693,1.5341540526545794,1.4567656184244562,1.4367019502907203,False,0,0,6,0.020167233025681665,False,False,0,0,False,PITB-80B916173F29877FD683,2023-06-12T15:30:00+08:00
MARKET|2023|CHINEXT_BOARD|09|300275.SZ|2023-06-13,COORDINATE_ELIGIBLE_MARKET_SEQUENCE,CHINEXT_BOARD,300275.SZ,300275,2023-06-13,2023,9,-2,,14.390000000000001,14.390000343322754,False,1439,1439,0,3.4332275333781581e-07,3.4332275333781581e-07,0.11479888025902767,1.6519558869274082,1.6519559263404759,1.5341540526545794,1.4567656184244562,1.4367019502907203,False,0,0,11,0.040190030892412111,False,False,1,0,False,PITB-80B916173F29877FD683,2023-06-13T15:30:00+08:00
MARKET|2023|CHINEXT_BOARD|09|300275.SZ|2023-06-14,COORDINATE_ELIGIBLE_MARKET_SEQUENCE,CHINEXT_BOARD,300275.SZ,300275,2023-06-14,2023,9,-1,,15.06,15.060000419616699,False,1506,1506,0,4.1961669872137008e-07,4.1961669872137008e-07,0.11479888025902768,1.7288711367009568,1.728871184872484,1.5341540526545794,1.4632146546103002,1.4367019502907203,False,0,0,1,0.076102945083968102,False,False,0,0,False,PITB-80B916173F29877FD683,2023-06-14T15:30:00+08:00
MARKET|2023|CHINEXT_BOARD|10|300869.SZ|2023-06-08,COORDINATE_ELIGIBLE_MARKET_SEQUENCE,CHINEXT_BOARD,300869.SZ,300869,2023-06-08,2023,10,-5,,23.850000000000001,23.850000381469727,False,2385,2385,0,3.8146972514141453e-07,3.8146972514141453e-07,0.0085988010344992954,0.20508140467280822,0.20508140795299049,0.2049094286521182,0.2049094286521182,0.18564811433483994,True,0.016785551608234001,0.2033195020746888,9,0.017624845836925952,False,False,0,0,False,PITB-80B916173F29877FD683,2023-06-08T15:30:00+08:00
MARKET|2023|CHINEXT_BOARD|10|300869.SZ|2023-06-09,COORDINATE_ELIGIBLE_MARKET_SEQUENCE,CHINEXT_BOARD,300869.SZ,300869,2023-06-09,2023,10,-4,,23.920000000000002,23.920000076293945,False,2392,2392,0,7.6293943607197434e-08,7.6293943607197434e-08,0.0085988010344992972,0.20568332074522319,0.20568332140125964,0.20146990823831848,0.20146990823831848,0.18564811433483994,False,0,0,1,0.0038412357058424627,False,False,0,0,False,PITB-80B916173F29877FD683,2023-06-09T15:30:00+08:00
MARKET|2023|CHINEXT_BOARD|10|300869.SZ|2023-06-12,COORDINATE_ELIGIBLE_MARKET_SEQUENCE,CHINEXT_BOARD,300869.SZ,300869,2023-06-12,2023,10,-3,,23.52,23.520000457763672,False,2352,2352,0,4.5776367230132564e-07,4.5776367230132564e-07,0.0085988010344992954,0.20224380033142345,0.20224380426764216,0.20146990823831848,0.20146990823831848,0.18564811433483994,False,0,0,226,0.0017072520498226139,False,False,0,0,False,PITB-80B916173F29877FD683,2023-06-12T15:30:00+08:00
MARKET|2023|CHINEXT_BOARD|10|300869.SZ|2023-06-13,COORDINATE_ELIGIBLE_MARKET_SEQUENCE,CHINEXT_BOARD,300869.SZ,300869,2023-06-13,2023,10,-2,,23.300000000000001,23.299999237060547,False,2330,2330,0,-7.6293945383554274e-07,7.6293945383554274e-07,0.0085988010344992954,0.20035206410383358,0.20035205754346902,0.20146990823831848,0.20146990823831848,0.18564811433483994,True,0.011523694092526222,0.87551867219917012,170,0.0059752193618624492,False,False,0,0,False,PITB-80B916173F29877FD683,2023-06-13T15:30:00+08:00
MARKET|2023|CHINEXT_BOARD|10|300869.SZ|2023-06-14,COORDINATE_ELIGIBLE_MARKET_SEQUENCE,CHINEXT_BOARD,300869.SZ,300869,2023-06-14,2023,10,-1,,23.32,23.319999694824219,False,2332,2332,0,-3.0517578153421709e-07,3.0517578153421709e-07,0.0085988010344992989,0.20052404012452366,0.20052403750037784,0.19914823195900369,0.19914823195900369,0.18564811433483994,False,0,0,4,0.0047495945747652165,False,False,0,0,False,PITB-80B916173F29877FD683,2023-06-14T15:30:00+08:00
MARKET|2023|SH_A|01|600118.SH|2023-06-08,COORDINATE_ELIGIBLE_MARKET_SEQUENCE,SH_A,600118.SH,600118,2023-06-08,2023,1,-5,,26.5,26.5,True,2650,2650,0,0,0,0.040111387957840139,1.0629517808827638,1.0629517808827638,1.0244448484432374,1.0180270263699827,1.0180270263699827,False,0,0,76,0.017730526514556949,False,False,0,0,False,PITB-80B916173F29877FD683,2023-06-08T15:30:00+08:00
MARKET|2023|SH_A|01|600118.SH|2023-06-09,COORDINATE_ELIGIBLE_MARKET_SEQUENCE,SH_A,600118.SH,600118,2023-06-09,2023,1,-4,,27.41,27.409999847412109,False,2741,2741,0,-1.5258789076710855e-07,1.5258789076710855e-07,0.040225232956774409,1.1025736353451865,1.1025736292073032,1.0244448484432374,1.0180270263699827,1.0180270263699827,False,0,0,73,0.053342473657097503,False,False,1,0,False,PITB-80B916173F29877FD683,2023-06-09T15:30:00+08:00
MARKET|2023|SH_A|01|600118.SH|2023-06-12,COORDINATE_ELIGIBLE_MARKET_SEQUENCE,SH_A,600118.SH,600118,2023-06-12,2023,1,-3,,27.059999999999999,27.059999465942383,False,2706,2706,0,-5.3405761590852308e-07,5.3405761590852308e-07,0.040225232956774409,1.0884948038103155,1.0884947823277233,1.0244448484432374,1.0180270263699827,1.0180270263699827,False,0,0,123,0.0023707548348889549,False,False,0,0,False,PITB-80B916173F29877FD683,2023-06-12T15:30:00+08:00
MARKET|2023|SH_A|01|600118.SH|2023-06-13,COORDINATE_ELIGIBLE_MARKET_SEQUENCE,SH_A,600118.SH,600118,2023-06-13,2023,1,-2,,27.309999999999999,27.309999465942383,False,2731,2731,0,-5.3405761590852308e-07,5.3405761590852308e-07,0.040225232956774409,1.0985511120495091,1.0985510905669171,1.0244448484432374,1.0244448484432374,1.0180270263699827,False,0,0,10,0.012172251881550637,False,False,0,0,False,PITB-80B916173F29877FD683,2023-06-13T15:30:00+08:00
MARKET|2023|SH_A|01|600118.SH|2023-06-14,COORDINATE_ELIGIBLE_MARKET_SEQUENCE,SH_A,600118.SH,600118,2023-06-14,2023,1,-1,,27.600000000000001,27.600000381469727,False,2760,2760,0,3.8146972514141453e-07,3.8146972514141453e-07,0.040225232956774402,1.1102164296069736,1.110216444951682,1.0392860619876383,1.0244448484432374,1.0180270263699827,False,0,0,1,0.016884132389815284,False,False,0,0,False,PITB-80B916173F29877FD683,2023-06-14T15:30:00+08:00
MARKET|2023|SH_A|02|688039.SH|2023-06-08,COORDINATE_ELIGIBLE_MARKET_SEQUENCE,SH_A,688039.SH,688039,2023-06-08,2023,2,-5,,59.57,59.569999694824219,False,5957,5957,0,-3.0517578153421709e-07,3.0517578153421709e-07,0.013108934067866172,0.78089920242278787,0.78089919842225863,0.68035367812225422,0.6752411938357864,0.6752411938357864,False,0,0,91,0.023684745111689384,False,False,0,0,False,PITB-80B916173F29877FD683,2023-06-08T15:30:00+08:00
MARKET|2023|SH_A|02|688039.SH|2023-06-09,COORDINATE_ELIGIBLE_MARKET_SEQUENCE,SH_A,688039.SH,688039,2023-06-09,2023,2,-4,,61.780000000000001,61.779998779296875,False,6178,6178,0,-1.2207031261368684e-06,1.2207031261368684e-06,0.013108934067866172,0.80986994671277213,0.80986993071065527,0.69411805889351375,0.6752411938357864,0.6752411938357864,False,0,0,5,0.052611125693509057,False,False,0,0,False,PITB-80B916173F29877FD683,2023-06-09T15:30:00+08:00
MARKET|2023|SH_A|02|688039.SH|2023-06-12,COORDINATE_ELIGIBLE_MARKET_SEQUENCE,SH_A,688039.SH,688039,2023-06-12,2023,2,-3,,60,60,True,6000,6000,0,0,0,0.013108934067866172,0.78653604407197031,0.78653604407197031,0.73147852098693222,0.6752411938357864,0.6752411938357864,False,0,0,219,0.0058240970114647166,False,False,0,0,False,PITB-80B916173F29877FD683,2023-06-12T15:30:00+08:00
MARKET|2023|SH_A|02|688039.SH|2023-06-13,COORDINATE_ELIGIBLE_MARKET_SEQUENCE,SH_A,688039.SH,688039,2023-06-13,2023,2,-2,,61.25,61.25,True,6125,6125,0,0,0,0.013108934067866172,0.802922211656803,0.802922211656803,0.73147852098693222,0.6752411938357864,0.6752411938357864,False,0,0,1,0.047563594698882682,False,False,0,0,False,PITB-80B916173F29877FD683,2023-06-13T15:30:00+08:00
MARKET|2023|SH_A|02|688039.SH|2023-06-14,COORDINATE_ELIGIBLE_MARKET_SEQUENCE,SH_A,688039.SH,688039,2023-06-14,2023,2,-1,,61.789999999999999,61.790000915527344,False,6179,6179,0,9.1552734460265128e-07,9.1552734460265128e-07,0.013108934067866172,0.81000103605345075,0.81000104805503836,0.76490630285999117,0.68035367812225422,0.6752411938357864,False,0,0,79,0.012909479453614318,False,False,0,0,False,PITB-80B916173F29877FD683,2023-06-14T15:30:00+08:00
MARKET|2023|SH_A|03|600509.SH|2023-06-08,COORDINATE_ELIGIBLE_MARKET_SEQUENCE,SH_A,600509.SH,600509,2023-06-08,2023,3,-5,,7.2400000000000002,7.2399997711181641,False,724,724,0,-2.2888183615066282e-07,2.2888183615066282e-07,0.14645929650689252,1.0603653067099019,1.0603652731880291,0.97102513584069716,0.935874904679043,0.935874904679043,False,0,0,73,0.012519549875751958,False,False,0,0,False,PITB-80B916173F29877FD683,2023-06-08T15:30:00+08:00
MARKET|2023|SH_A|03|600509.SH|2023-06-09,COORDINATE_ELIGIBLE_MARKET_SEQUENCE,SH_A,600509.SH,600509,2023-06-09,2023,3,-4,,7.2999999999999998,7.3000001907348633,False,730,730,0,1.9073486345888568e-07,1.9073486345888568e-07,0.14645929650689252,1.0691528645003154,1.0691528924352092,1.0134983318276962,0.95637920619000794,0.935874904679043,False,0,0,1,0.012251209884106079,False,False,0,0,False,PITB-80B916173F29877FD683,2023-06-09T15:30:00+08:00
MARKET|2023|SH_A|03|600509.SH|2023-06-12,COORDINATE_ELIGIBLE_MARKET_SEQUENCE,SH_A,600509.SH,600509,2023-06-12,2023,3,-3,,7.3200000000000003,7.320000171661377,False,732,732,0,1.7166137666890791e-07,1.7166137666890791e-07,0.14645929650689252,1.0720820504304533,1.0720820755718576,1.0413255981640057,0.95637920619000794,0.935874904679043,False,0,0,135,0.0091883526461776031,False,False,0,0,False,PITB-80B916173F29877FD683,2023-06-12T15:30:00+08:00
MARKET|2023|SH_A|03|600509.SH|2023-06-13,COORDINATE_ELIGIBLE_MARKET_SEQUENCE,SH_A,600509.SH,600509,2023-06-13,2023,3,-2,,7.21,7.2100000381469727,False,721,721,0,3.8146972691777137e-08,3.8146972691777137e-08,0.14645929650689254,1.0559715278146953,1.0559715334016739,1.0413255981640057,0.957843799155077,0.935874904679043,False,0,0,168,0.0045871880440901324,False,False,0,0,False,PITB-80B916173F29877FD683,2023-06-13T15:30:00+08:00
MARKET|2023|SH_A|03|600509.SH|2023-06-14,COORDINATE_ELIGIBLE_MARKET_SEQUENCE,SH_A,600509.SH,600509,2023-06-14,2023,3,-1,,7.2000000000000002,7.1999998092651367,False,720,720,0,-1.9073486345888568e-07,1.9073486345888568e-07,0.14645929650689254,1.0545069348496263,1.0545069069147324,1.0413255981640057,0.96077298508521469,0.935874904679043,False,0,0,13,0.015243887901305984,False,False,0,0,False,PITB-80B916173F29877FD683,2023-06-14T15:30:00+08:00
MARKET|2023|SH_A|04|603051.SH|2023-06-08,COORDINATE_ELIGIBLE_MARKET_SEQUENCE,SH_A,603051.SH,603051,2023-06-08,2023,4,-5,,43.030000000000001,43.029998779296875,False,4303,4303,0,-1.2207031261368684e-06,1.2207031261368684e-06,0.027335820739895701,1.176260366437712,1.1762603330687902,1.0660970088559323,1.0660970088559323,1.0660970088559323,False,0,0,1,0.098205077342498046,False,False,0,0,False,PITB-80B916173F29877FD683,2023-06-08T15:30:00+08:00
MARKET|2023|SH_A|04|603051.SH|2023-06-09,COORDINATE_ELIGIBLE_MARKET_SEQUENCE,SH_A,603051.SH,603051,2023-06-09,2023,4,-4,,43.399999999999999,43.400001525878906,False,4340,4340,0,1.5258789076710855e-06,1.5258789076710855e-06,0.027335820739895704,1.1863746201114735,1.1863746618226259,1.0660970088559323,1.0660970088559323,1.0660970088559323,False,0,0,3,0.023846161671173954,False,False,0,0,False,PITB-80B916173F29877FD683,2023-06-09T15:30:00+08:00
MARKET|2023|SH_A|04|603051.SH|2023-06-12,COORDINATE_ELIGIBLE_MARKET_SEQUENCE,SH_A,603051.SH,603051,2023-06-12,2023,4,-3,,43.130000000000003,43.130001068115234,False,4313,4313,0,1.0681152318170462e-06,1.0681152318170462e-06,0.027335820739895701,1.1789939485117016,1.1789939777095082,1.0660970088559323,1.0660970088559323,1.0660970088559323,False,0,0,42,0.011538481101011765,False,False,0,0,False,PITB-80B916173F29877FD683,2023-06-12T15:30:00+08:00
MARKET|2023|SH_A|04|603051.SH|2023-06-13,COORDINATE_ELIGIBLE_MARKET_SEQUENCE,SH_A,603051.SH,603051,2023-06-13,2023,4,-2,,43.020000000000003,43.020000457763672,False,4302,4302,0,4.5776366874861196e-07,4.5776366874861196e-07,0.027335820739895704,1.1759870082303132,1.1759870207436589,1.0660970088559323,1.0660970088559323,1.0660970088559323,False,0,0,34,0.0074359209109576326,False,False,0,0,False,PITB-80B916173F29877FD683,2023-06-13T15:30:00+08:00
MARKET|2023|SH_A|04|603051.SH|2023-06-14,COORDINATE_ELIGIBLE_MARKET_SEQUENCE,SH_A,603051.SH,603051,2023-06-14,2023,4,-1,,42.799999999999997,42.799999237060547,False,4280,4280,0,-7.6293945028282906e-07,7.6293945028282906e-07,0.027335820739895704,1.169973127667536,1.1699731068119601,1.0660970088559323,1.0660970088559323,1.0660970088559323,False,0,0,32,0.015128209040715159,False,False,0,0,False,PITB-80B916173F29877FD683,2023-06-14T15:30:00+08:00
MARKET|2023|SH_A|05|600768.SH|2023-06-08,COORDINATE_ELIGIBLE_MARKET_SEQUENCE,SH_A,600768.SH,600768,2023-06-08,2023,5,-5,,10.58,10.579999923706055,False,1058,1058,0,-7.6293945383554274e-08,7.6293945383554274e-08,0.067704807041299817,0.71631685849695204,0.7163168533314852,0.72037914691942984,0.66892349356804204,0.62288422477995808,False,0,0,91,0.0080971582698435695,False,False,0,0,False,PITB-80B916173F29877FD683,2023-06-08T15:30:00+08:00
MARKET|2023|SH_A|05|600768.SH|2023-06-09,COORDINATE_ELIGIBLE_MARKET_SEQUENCE,SH_A,600768.SH,600768,2023-06-09,2023,5,-4,,10.41,10.409999847412109,False,1041,1041,0,-1.5258789076710855e-07,1.5258789076710855e-07,0.067704807041299803,0.70480704129993099,0.70480703096899722,0.71090047393364797,0.67027758970886797,0.62288422477995808,False,0,0,149,0.0070706762448705844,False,False,0,0,False,PITB-80B916173F29877FD683,2023-06-09T15:30:00+08:00
MARKET|2023|SH_A|05|600768.SH|2023-06-12,COORDINATE_ELIGIBLE_MARKET_SEQUENCE,SH_A,600768.SH,600768,2023-06-12,2023,5,-3,,10.52,10.520000457763672,False,1052,1052,0,4.5776367230132564e-07,4.5776367230132564e-07,0.067704807041299817,0.71225457007447401,0.71225460106727512,0.70006770480703995,0.68584969532836693,0.62288422477995808,False,0,0,32,0.033563687323582517,False,False,0,0,False,PITB-80B916173F29877FD683,2023-06-12T15:30:00+08:00
MARKET|2023|SH_A|05|600768.SH|2023-06-13,COORDINATE_ELIGIBLE_MARKET_SEQUENCE,SH_A,600768.SH,600768,2023-06-13,2023,5,-2,,10.630000000000001,10.630000114440918,False,1063,1063,0,1.1444091718715299e-07,1.1444091718715299e-07,0.067704807041299817,0.71970209884901704,0.71970210659721734,0.68923493568043215,0.68923493568043215,0.62288422477995808,False,0,0,1,0.031434154697860456,False,False,0,0,False,PITB-80B916173F29877FD683,2023-06-13T15:30:00+08:00
MARKET|2023|SH_A|05|600768.SH|2023-06-14,COORDINATE_ELIGIBLE_MARKET_SEQUENCE,SH_A,600768.SH,600768,2023-06-14,2023,5,-1,,10.52,10.520000457763672,False,1052,1052,0,4.5776367230132564e-07,4.5776367230132564e-07,0.067704807041299817,0.71225457007447401,0.71225460106727512,0.68923493568043215,0.68923493568043215,0.62288422477995808,False,0,0,35,0.0098232201836665825,False,False,0,0,False,PITB-80B916173F29877FD683,2023-06-14T15:30:00+08:00
MARKET|2023|SH_A|06|601456.SH|2023-06-08,COORDINATE_ELIGIBLE_MARKET_SEQUENCE,SH_A,601456.SH,601456,2023-06-08,2023,6,-5,,9.1400000000000006,9.1400003433227539,False,914,914,0,3.4332275333781581e-07,3.4332275333781581e-07,0.16626567074901472,1.5196682306459945,1.5196682877287824,1.5229935440609748,1.5229935440609748,1.5229935440609748,True,0.019650704996034038,0.91701244813278004,133,0.017467336363146877,False,False,0,0,False,PITB-80B916173F29877FD683,2023-06-08T15:30:00+08:00
MARKET|2023|SH_A|06|601456.SH|2023-06-09,COORDINATE_ELIGIBLE_MARKET_SEQUENCE,SH_A,601456.SH,601456,2023-06-09,2023,6,-4,,9.1899999999999995,9.1899995803833008,False,919,919,0,-4.1961669872137008e-07,4.1961669872137008e-07,0.16626567074901469,1.527981514183445,1.527981444415593,1.4930657233261522,1.4930657233261522,1.4930657233261522,False,0,0,1,0.016703743711611756,False,False,0,0,False,PITB-80B916173F29877FD683,2023-06-09T15:30:00+08:00
MARKET|2023|SH_A|06|601456.SH|2023-06-12,COORDINATE_ELIGIBLE_MARKET_SEQUENCE,SH_A,601456.SH,601456,2023-06-12,2023,6,-3,,9.1300000000000008,9.130000114440918,False,913,913,0,1.1444091718715299e-07,1.1444091718715299e-07,0.16626567074901469,1.5180055739385043,1.5180055929661,1.4930657233261522,1.4930657233261522,1.4930657233261522,False,0,0,26,0.0033407275023598568,False,False,0,0,False,PITB-80B916173F29877FD683,2023-06-12T15:30:00+08:00
MARKET|2023|SH_A|06|601456.SH|2023-06-13,COORDINATE_ELIGIBLE_MARKET_SEQUENCE,SH_A,601456.SH,601456,2023-06-13,2023,6,-2,,9.1699999999999999,9.1700000762939453,False,917,917,0,7.6293945383554274e-08,7.6293945383554274e-08,0.16626567074901469,1.5246562007684648,1.5246562134535286,1.4930657233261522,1.4930657233261522,1.4930657233261522,False,0,0,1,0.0077950662387771558,False,False,0,0,False,PITB-80B916173F29877FD683,2023-06-13T15:30:00+08:00
MARKET|2023|SH_A|06|601456.SH|2023-06-14,COORDINATE_ELIGIBLE_MARKET_SEQUENCE,SH_A,601456.SH,601456,2023-06-14,2023,6,-1,,9.1699999999999999,9.1700000762939453,False,917,917,0,7.6293945383554274e-08,7.6293945383554274e-08,0.16626567074901469,1.5246562007684648,1.5246562134535286,1.4930657233261522,1.4930657233261522,1.4930657233261522,False,0,0,184,0.0011136112340574425,False,False,0,0,False,PITB-80B916173F29877FD683,2023-06-14T15:30:00+08:00
MARKET|2023|SH_A|07|603517.SH|2023-06-08,COORDINATE_ELIGIBLE_MARKET_SEQUENCE,SH_A,603517.SH,603517,2023-06-08,2023,7,-5,,37.329999999999998,37.330001831054688,False,3733,3733,0,1.8310546892053026e-06,1.8310546892053026e-06,0.036993060182126412,1.3809509365987789,1.3809510043350952,1.3927887158570598,1.3365592643802275,1.3365592643802275,False,0,0,197,0.0041517167417356249,False,False,0,0,False,PITB-80B916173F29877FD683,2023-06-08T15:30:00+08:00
MARKET|2023|SH_A|07|603517.SH|2023-06-09,COORDINATE_ELIGIBLE_MARKET_SEQUENCE,SH_A,603517.SH,603517,2023-06-09,2023,7,-4,,36.619999999999997,36.619998931884766,False,3662,3662,0,-1.0681152318170462e-06,1.0681152318170462e-06,0.036993060182126412,1.3546858638694692,1.354685824356618,1.3754019775714601,1.3365592643802275,1.3365592643802275,False,0,0,220,0.0047051804302604217,False,False,0,0,False,PITB-80B916173F29877FD683,2023-06-09T15:30:00+08:00
MARKET|2023|SH_A|07|603517.SH|2023-06-12,COORDINATE_ELIGIBLE_MARKET_SEQUENCE,SH_A,603517.SH,603517,2023-06-12,2023,7,-3,,39.850000000000001,39.849998474121094,False,3985,3985,0,-1.5258789076710855e-06,1.5258789076710855e-06,0.036993060182126419,1.4741734482577378,1.4741733918108075,1.348397043638508,1.3365592643802275,1.3365592643802275,False,0,0,1,0.092720688461696413,False,False,0,0,False,PITB-80B916173F29877FD683,2023-06-12T15:30:00+08:00
MARKET|2023|SH_A|07|603517.SH|2023-06-13,COORDINATE_ELIGIBLE_MARKET_SEQUENCE,SH_A,603517.SH,603517,2023-06-13,2023,7,-2,,39.289999999999999,39.290000915527344,False,3929,3929,0,9.1552734460265128e-07,9.1552734460265128e-07,0.036993060182126419,1.4534573345557469,1.4534573684239052,1.348397043638508,1.3365592643802275,1.3365592643802275,False,0,0,145,0.002767846355337983,False,False,0,0,False,PITB-80B916173F29877FD683,2023-06-13T15:30:00+08:00
MARKET|2023|SH_A|07|603517.SH|2023-06-14,COORDINATE_ELIGIBLE_MARKET_SEQUENCE,SH_A,603517.SH,603517,2023-06-14,2023,7,-1,,40.299999999999997,40.299999237060547,False,4030,4030,0,-7.6293945028282906e-07,7.6293945028282906e-07,0.037163317170947251,1.4976816819891741,1.4976816536358133,1.348397043638508,1.3365592643802275,1.3365592643802275,False,0,0,1,0.044488300931695972,False,False,1,0,False,PITB-80B916173F29877FD683,2023-06-14T15:30:00+08:00
MARKET|2023|SH_A|08|601618.SH|2023-06-08,COORDINATE_ELIGIBLE_MARKET_SEQUENCE,SH_A,601618.SH,601618,2023-06-08,2023,8,-5,,4.0499999999999998,4.0500001907348633,False,405,405,0,1.9073486345888568e-07,1.9073486345888568e-07,0.23132884213230032,0.93688181063581621,0.93688185475829133,0.87442302326009524,0.87442302326009524,0.87442302326009524,False,0,0,1,0.029100564421800083,False,False,0,0,False,PITB-80B916173F29877FD683,2023-06-08T15:30:00+08:00
MARKET|2023|SH_A|08|601618.SH|2023-06-09,COORDINATE_ELIGIBLE_MARKET_SEQUENCE,SH_A,601618.SH,601618,2023-06-09,2023,8,-4,,4.0899999999999999,4.0900001525878906,False,409,409,0,1.5258789076710855e-07,1.5258789076710855e-07,0.23132884213230034,0.94613496432110833,0.94613499961908842,0.87442302326009524,0.87442302326009524,0.87442302326009524,False,0,0,4,0.015873000735328217,False,False,0,0,False,PITB-80B916173F29877FD683,2023-06-09T15:30:00+08:00
MARKET|2023|SH_A|08|601618.SH|2023-06-12,COORDINATE_ELIGIBLE_MARKET_SEQUENCE,SH_A,601618.SH,601618,2023-06-12,2023,8,-3,,4.04,4.0399999618530273,False,404,404,0,-3.8146972691777137e-08,3.8146972691777137e-08,0.23132884213230032,0.93456852221449327,0.93456851338999825,0.89292933063067925,0.87442302326009524,0.87442302326009524,False,0,0,8,0,False,False,0,0,False,PITB-80B916173F29877FD683,2023-06-12T15:30:00+08:00
MARKET|2023|SH_A|08|601618.SH|2023-06-13,COORDINATE_ELIGIBLE_MARKET_SEQUENCE,SH_A,601618.SH,601618,2023-06-13,2023,8,-2,,3.98,3.9800000190734863,False,398,398,0,1.9073486345888568e-08,1.9073486345888568e-08,0.23132884213230032,0.92068879168655526,0.92068879609880272,0.90449577273729431,0.87442302326009524,0.87442302326009524,False,0,0,52,0.0079365003676640459,False,False,0,0,False,PITB-80B916173F29877FD683,2023-06-13T15:30:00+08:00
MARKET|2023|SH_A|08|601618.SH|2023-06-14,COORDINATE_ELIGIBLE_MARKET_SEQUENCE,SH_A,601618.SH,601618,2023-06-14,2023,8,-1,,3.9500000000000002,3.9500000476837158,False,395,395,0,4.7683715642676816e-08,4.7683715642676816e-08,0.23132884213230032,0.91374892642258632,0.91374893745320507,0.9091223495799402,0.87442302326009524,0.87442302326009524,False,0,0,47,0.0052910002451094906,False,False,0,0,False,PITB-80B916173F29877FD683,2023-06-14T15:30:00+08:00
MARKET|2023|SH_A|09|601038.SH|2023-06-08,COORDINATE_ELIGIBLE_MARKET_SEQUENCE,SH_A,601038.SH,601038,2023-06-08,2023,9,-5,,11.07,11.069999694824219,False,1107,1107,0,-3.0517578153421709e-07,3.0517578153421709e-07,0.1192348408052825,1.3199296877144773,1.3199296513268917,1.3056215068178434,1.3056215068178434,1.2555428736796241,True,1.7418708914148604e-08,0.0041493775933609959,1,0.010958893658363644,False,False,0,0,False,PITB-80B916173F29877FD683,2023-06-08T15:30:00+08:00
MARKET|2023|SH_A|09|601038.SH|2023-06-09,COORDINATE_ELIGIBLE_MARKET_SEQUENCE,SH_A,601038.SH,601038,2023-06-09,2023,9,-4,,10.970000000000001,10.970000267028809,False,1097,1097,0,2.6702880795426154e-07,2.6702880795426154e-07,0.11923484080528252,1.3080062036339493,1.3080062354730866,1.3056215068178434,1.3056215068178434,1.2555428736796241,False,0,0,230,0.00091326291158309891,False,False,0,0,False,PITB-80B916173F29877FD683,2023-06-09T15:30:00+08:00
MARKET|2023|SH_A|09|601038.SH|2023-06-12,COORDINATE_ELIGIBLE_MARKET_SEQUENCE,SH_A,601038.SH,601038,2023-06-12,2023,9,-3,,11.19,11.189999580383301,False,1119,1119,0,-4.1961669872137008e-07,4.1961669872137008e-07,0.11923484080528253,1.3342378686111114,1.3342378185781811,1.3056215068178434,1.3056215068178434,1.2555428736796241,True,0.0045662448830798381,0.087136929460580909,31,0.026484014781098384,False,False,0,0,False,PITB-80B916173F29877FD683,2023-06-12T15:30:00+08:00
MARKET|2023|SH_A|09|601038.SH|2023-06-13,COORDINATE_ELIGIBLE_MARKET_SEQUENCE,SH_A,601038.SH,601038,2023-06-13,2023,9,-2,,11.1,11.100000381469727,False,1110,1110,0,3.8146972691777137e-07,3.8146972691777137e-07,0.11923484080528252,1.3235067329386359,1.323506778423118,1.2996597647775796,1.2996597647775796,1.2555428736796241,False,0,0,141,0.00091745219099403029,False,False,0,0,False,PITB-80B916173F29877FD683,2023-06-13T15:30:00+08:00
MARKET|2023|SH_A|09|601038.SH|2023-06-14,COORDINATE_ELIGIBLE_MARKET_SEQUENCE,SH_A,601038.SH,601038,2023-06-14,2023,9,-1,,11.140000000000001,11.140000343322754,False,1114,1114,0,3.4332275333781581e-07,3.4332275333781581e-07,0.11923484080528252,1.3282761265708474,1.328276167506881,1.2996597647775796,1.2996597647775796,1.2555428736796241,False,0,0,1,0.0082568947328339574,False,False,0,0,False,PITB-80B916173F29877FD683,2023-06-14T15:30:00+08:00
MARKET|2023|SH_A|10|603836.SH|2023-06-08,COORDINATE_ELIGIBLE_MARKET_SEQUENCE,SH_A,603836.SH,603836,2023-06-08,2023,10,-5,,15.35,15.350000381469727,False,1535,1535,0,3.8146972691777137e-07,3.8146972691777137e-07,0.043084240542131794,0.66134309232172306,0.66134310875705649,0.64927950496992615,0.64927950496992615,0.63118412394223078,False,0,0,1,0.011944280369992047,False,False,0,0,False,PITB-80B916173F29877FD683,2023-06-08T15:30:00+08:00
MARKET|2023|SH_A|10|603836.SH|2023-06-09,COORDINATE_ELIGIBLE_MARKET_SEQUENCE,SH_A,603836.SH,603836,2023-06-09,2023,10,-4,,15.279999999999999,15.279999732971191,False,1528,1528,0,-2.6702880795426154e-07,2.6702880795426154e-07,0.043084240542131794,0.65832719548377383,0.65832718397904033,0.64927950496992615,0.64927950496992615,0.63118412394223078,False,0,0,234,0.004644969795900321,False,False,0,0,False,PITB-80B916173F29877FD683,2023-06-09T15:30:00+08:00
MARKET|2023|SH_A|10|603836.SH|2023-06-12,COORDINATE_ELIGIBLE_MARKET_SEQUENCE,SH_A,603836.SH,603836,2023-06-12,2023,10,-3,,15.289999999999999,15.289999961853027,False,1529,1529,0,-3.8146971803598717e-08,3.8146971803598717e-08,0.043084240542131794,0.65875803788919507,0.65875803624566176,0.64927950496992615,0.64927950496992615,0.63118412394223078,False,0,0,4,0.009290002874768024,False,False,0,0,False,PITB-80B916173F29877FD683,2023-06-12T15:30:00+08:00
MARKET|2023|SH_A|10|603836.SH|2023-06-13,COORDINATE_ELIGIBLE_MARKET_SEQUENCE,SH_A,603836.SH,603836,2023-06-13,2023,10,-2,,15.27,15.270000457763672,False,1527,1527,0,4.5776367230132564e-07,4.5776367230132564e-07,0.043084240542131794,0.65789635307835248,0.65789637280075264,0.64927950496992615,0.64927950496992615,0.63118412394223078,False,0,0,30,0.0026543407781914048,False,False,0,0,False,PITB-80B916173F29877FD683,2023-06-13T15:30:00+08:00
MARKET|2023|SH_A|10|603836.SH|2023-06-14,COORDINATE_ELIGIBLE_MARKET_SEQUENCE,SH_A,603836.SH,603836,2023-06-14,2023,10,-1,,15.199999999999999,15.199999809265137,False,1520,1520,0,-1.9073486257070726e-07,1.9073486257070726e-07,0.043084240542131787,0.65488045624040314,0.65488044802273648,0.64927950496992615,0.64927950496992615,0.63118412394223078,False,0,0,10,0.001990692300676299,False,False,0,0,False,PITB-80B916173F29877FD683,2023-06-14T15:30:00+08:00
MARKET|2023|SZ_A|01|300629.SZ|2023-06-08,COORDINATE_ELIGIBLE_MARKET_SEQUENCE,SZ_A,300629.SZ,300629,2023-06-08,2023,1,-5,,19.670000000000002,19.670000076293945,False,1967,1967,0,7.6293943607197434e-08,7.6293943607197434e-08,0.050710127908019931,0.99746821595075219,0.99746821981962774,0.92343142920504306,0.91442056459484244,0.89732859142484556,False,0,0,2,0.068765455889739743,False,False,0,0,False,PITB-80B916173F29877FD683,2023-06-08T15:30:00+08:00
MARKET|2023|SZ_A|01|300629.SZ|2023-06-09,COORDINATE_ELIGIBLE_MARKET_SEQUENCE,SZ_A,300629.SZ,300629,2023-06-09,2023,1,-4,,19.420000000000002,19.420000076293945,False,1942,1942,0,7.6293943607197434e-08,7.6293943607197434e-08,0.050710127908019931,0.98479068397374714,0.9847906878426228,0.92343142920504306,0.91442056459484244,0.89732859142484556,False,0,0,77,0.022736960988786099,False,False,0,0,False,PITB-80B916173F29877FD683,2023-06-09T15:30:00+08:00
MARKET|2023|SZ_A|01|300629.SZ|2023-06-12,COORDINATE_ELIGIBLE_MARKET_SEQUENCE,SZ_A,300629.SZ,300629,2023-06-12,2023,1,-3,,19.600000000000001,19.600000381469727,False,1960,1960,0,3.8146972514141453e-07,3.8146972514141453e-07,0.050710127908019931,0.99391850699719075,0.9939185263415693,0.92343142920504306,0.91442056459484244,0.89732859142484556,False,0,0,9,0.014418578686005625,False,False,0,0,False,PITB-80B916173F29877FD683,2023-06-12T15:30:00+08:00
MARKET|2023|SZ_A|01|300629.SZ|2023-06-13,COORDINATE_ELIGIBLE_MARKET_SEQUENCE,SZ_A,300629.SZ,300629,2023-06-13,2023,1,-2,,19.609999999999999,19.610000610351562,False,1961,1961,0,6.1035156306843419e-07,6.1035156306843419e-07,0.050710127908019931,0.9944256082762708,0.99442563922727667,0.92343142920504306,0.92343142920504306,0.89732859142484556,False,0,0,151,0.010433856894981724,False,False,0,0,False,PITB-80B916173F29877FD683,2023-06-13T15:30:00+08:00
MARKET|2023|SZ_A|01|300629.SZ|2023-06-14,COORDINATE_ELIGIBLE_MARKET_SEQUENCE,SZ_A,300629.SZ,300629,2023-06-14,2023,1,-1,,19.960000000000001,19.959999084472656,False,1996,1996,0,-9.1552734460265128e-07,9.1552734460265128e-07,0.050710127908019924,1.0121741530440778,1.0121741066175689,0.92343142920504306,0.92343142920504306,0.89732859142484556,False,0,0,33,0.033498006754691292,False,False,0,0,False,PITB-80B916173F29877FD683,2023-06-14T15:30:00+08:00
MARKET|2023|SZ_A|02|300708.SZ|2023-06-08,COORDINATE_ELIGIBLE_MARKET_SEQUENCE,SZ_A,300708.SZ,300708,2023-06-08,2023,2,-5,,10.16,10.159999847412109,False,1016,1016,0,-1.5258789076710855e-07,1.5258789076710855e-07,0.059427890035360968,0.60378736275926748,0.60378735369129111,0.60378736275926759,0.55921644523274683,0.55446221402991791,False,0,0,91,0.011689655332332244,False,False,0,0,False,PITB-80B916173F29877FD683,2023-06-08T15:30:00+08:00
MARKET|2023|SZ_A|02|300708.SZ|2023-06-09,COORDINATE_ELIGIBLE_MARKET_SEQUENCE,SZ_A,300708.SZ,300708,2023-06-09,2023,2,-4,,10.210000000000001,10.210000038146973,False,1021,1021,0,3.8146971803598717e-08,3.8146971803598717e-08,0.059427890035360968,0.60675875726103556,0.6067587595280296,0.59725029485537784,0.55921644523274683,0.55446221402991791,False,0,0,4,0.014877826070430922,False,False,0,0,False,PITB-80B916173F29877FD683,2023-06-09T15:30:00+08:00
MARKET|2023|SZ_A|02|300708.SZ|2023-06-12,COORDINATE_ELIGIBLE_MARKET_SEQUENCE,SZ_A,300708.SZ,300708,2023-06-12,2023,2,-3,,10.199999999999999,10.199999809265137,False,1020,1020,0,-1.9073486257070726e-07,1.9073486257070726e-07,0.059427890035360975,0.60616447836068188,0.60616446702571147,0.59725029485537784,0.55921644523274683,0.55446221402991791,False,0,0,0,0.0010627235793662921,False,False,0,0,False,PITB-80B916173F29877FD683,2023-06-12T15:30:00+08:00
MARKET|2023|SZ_A|02|300708.SZ|2023-06-13,COORDINATE_ELIGIBLE_MARKET_SEQUENCE,SZ_A,300708.SZ,300708,2023-06-13,2023,2,-2,,10.26,10.260000228881836,False,1026,1026,0,2.2888183615066282e-07,2.2888183615066282e-07,0.059427890035360968,0.60973015176280354,0.6097301653647681,0.59725029485537784,0.55981072413310051,0.55446221402991791,False,0,0,8,0.019108312651356773,False,False,0,0,False,PITB-80B916173F29877FD683,2023-06-13T15:30:00+08:00
MARKET|2023|SZ_A|02|300708.SZ|2023-06-14,COORDINATE_ELIGIBLE_MARKET_SEQUENCE,SZ_A,300708.SZ,300708,2023-06-14,2023,2,-1,,10.06,10.060000419616699,False,1006,1006,0,4.1961669872137008e-07,4.1961669872137008e-07,0.059427890035360975,0.59784457375573141,0.59784459869266648,0.59725029485537784,0.56634779203699015,0.55446221402991791,False,0,0,79,0.0031480258809557776,False,False,0,0,False,PITB-80B916173F29877FD683,2023-06-14T15:30:00+08:00
MARKET|2023|SZ_A|03|300217.SZ|2023-06-08,COORDINATE_ELIGIBLE_MARKET_SEQUENCE,SZ_A,300217.SZ,300217,2023-06-08,2023,3,-5,,5.3600000000000003,5.3600001335144043,False,536,536,0,1.3351440397713077e-07,1.3351440397713077e-07,0.34276029753048814,1.8371951947634166,1.8371952405268535,1.8371951947634166,1.8133780709698757,1.8099630463541136,False,0,0,236,0,False,False,0,0,False,PITB-80B916173F29877FD683,2023-06-08T15:30:00+08:00
MARKET|2023|SZ_A|03|300217.SZ|2023-06-09,COORDINATE_ELIGIBLE_MARKET_SEQUENCE,SZ_A,300217.SZ,300217,2023-06-09,2023,3,-4,,5.3300000000000001,5.3299999237060547,False,533,533,0,-7.6293945383554274e-08,7.6293945383554274e-08,0.34276029753048814,1.8269123858375018,1.8269123596869665,1.8371951947634166,1.8133780709698757,1.8099630463541136,False,0,0,108,0.003780347585933637,False,False,0,0,False,PITB-80B916173F29877FD683,2023-06-09T15:30:00+08:00
MARKET|2023|SZ_A|03|300217.SZ|2023-06-12,COORDINATE_ELIGIBLE_MARKET_SEQUENCE,SZ_A,300217.SZ,300217,2023-06-12,2023,3,-3,,5.5,5.5,True,550,550,0,0,0,0.34276029753048814,1.8851816364176848,1.8851816364176848,1.8200571798868919,1.8133780709698757,1.8099630463541136,False,0,0,1,0.035913347131667217,False,False,0,0,False,PITB-80B916173F29877FD683,2023-06-12T15:30:00+08:00
MARKET|2023|SZ_A|03|300217.SZ|2023-06-13,COORDINATE_ELIGIBLE_MARKET_SEQUENCE,SZ_A,300217.SZ,300217,2023-06-13,2023,3,-2,,5.4299999999999997,5.429999828338623,False,543,543,0,-1.7166137666890791e-07,1.7166137666890791e-07,0.34276029753048814,1.8611884155905505,1.8611883567518459,1.8200571798868916,1.8133780709698757,1.8099630463541136,False,0,0,35,0,False,False,0,0,False,PITB-80B916173F29877FD683,2023-06-13T15:30:00+08:00
MARKET|2023|SZ_A|03|300217.SZ|2023-06-14,COORDINATE_ELIGIBLE_MARKET_SEQUENCE,SZ_A,300217.SZ,300217,2023-06-14,2023,3,-1,,5.3700000000000001,5.369999885559082,False,537,537,0,-1.1444091807533141e-07,1.1444091807533141e-07,0.34276029753048814,1.8406227977387213,1.8406227585129182,1.8200571798868916,1.8133780709698757,1.8099630463541136,False,0,0,17,0.0056704763136024277,False,False,0,0,False,PITB-80B916173F29877FD683,2023-06-14T15:30:00+08:00
MARKET|2023|SZ_A|04|300614.SZ|2023-06-08,COORDINATE_ELIGIBLE_MARKET_SEQUENCE,SZ_A,300614.SZ,300614,2023-06-08,2023,4,-5,,28.77,28.770000457763672,False,2877,2877,0,4.5776367230132564e-07,4.5776367230132564e-07,0.027953460809848903,0.80422106749935296,0.80422108029543182,0.74292743843170328,0.68008583179744275,0.66081440576293615,False,0,0,3,0.039458769537026914,False,False,1,0,False,PITB-80B916173F29877FD683,2023-06-08T15:30:00+08:00
MARKET|2023|SZ_A|04|300614.SZ|2023-06-09,COORDINATE_ELIGIBLE_MARKET_SEQUENCE,SZ_A,300614.SZ,300614,2023-06-09,2023,4,-4,,28.649999999999999,28.649999618530273,False,2865,2865,0,-3.8146972514141453e-07,3.8146972514141453e-07,0.027953460809848903,0.80086665220217101,0.80086664153877196,0.74292743843170328,0.68148231194487052,0.66081440576293615,False,0,0,67,0.0086138716662470943,False,False,0,0,False,PITB-80B916173F29877FD683,2023-06-09T15:30:00+08:00
MARKET|2023|SZ_A|04|300614.SZ|2023-06-12,COORDINATE_ELIGIBLE_MARKET_SEQUENCE,SZ_A,300614.SZ,300614,2023-06-12,2023,4,-3,,25.48,25.479999542236328,False,2548,2548,0,-4.5776367230132564e-07,4.5776367230132564e-07,0.027953460809848906,0.71225418143495012,0.71225416863887125,0.74292743843170328,0.68148231194487052,0.66081440576293615,False,0,0,154,0.023790793763615793,False,False,0,0,False,PITB-80B916173F29877FD683,2023-06-12T15:30:00+08:00
MARKET|2023|SZ_A|04|300614.SZ|2023-06-13,COORDINATE_ELIGIBLE_MARKET_SEQUENCE,SZ_A,300614.SZ,300614,2023-06-13,2023,4,-2,,25.23,25.229999542236328,False,2523,2523,0,-4.5776367230132564e-07,4.5776367230132564e-07,0.027953460809848903,0.70526581623248785,0.70526580343640899,0.6960411741652377,0.6823202000333275,0.66081440576293615,False,0,0,35,0.013109825750425547,False,False,0,0,False,PITB-80B916173F29877FD683,2023-06-13T15:30:00+08:00
MARKET|2023|SZ_A|04|300614.SZ|2023-06-14,COORDINATE_ELIGIBLE_MARKET_SEQUENCE,SZ_A,300614.SZ,300614,2023-06-14,2023,4,-1,,25.449999999999999,25.450000762939453,False,2545,2545,0,7.6293945383554274e-07,7.6293945383554274e-07,0.027953460809848906,0.71141557761065466,0.71141559893745276,0.6960411741652377,0.6823202000333275,0.66081440576293615,False,0,0,1,0.013109903891150767,False,False,0,0,False,PITB-80B916173F29877FD683,2023-06-14T15:30:00+08:00
MARKET|2023|SZ_A|05|301076.SZ|2023-06-08,COORDINATE_ELIGIBLE_MARKET_SEQUENCE,SZ_A,301076.SZ,301076,2023-06-08,2023,5,-5,,19.379999999999999,19.379999160766602,False,1938,1938,0,-8.3923339744274017e-07,8.3923339744274017e-07,0.037338272929954751,0.72361572938252305,0.72361569804699744,0.72473587757042168,0.70345306200034718,0.67507597457358137,False,0,0,237,0.0015922918947386441,False,False,0,0,False,PITB-80B916173F29877FD683,2023-06-08T15:30:00+08:00
MARKET|2023|SZ_A|05|301076.SZ|2023-06-09,COORDINATE_ELIGIBLE_MARKET_SEQUENCE,SZ_A,301076.SZ,301076,2023-06-09,2023,5,-4,,19.530000000000001,19.530000686645508,False,1953,1953,0,6.8664550667563162e-07,6.8664550667563162e-07,0.037338272929954751,0.72921647032201631,0.72921649596017368,0.72249558119462454,0.70345306200034718,0.67507597457358137,False,0,0,134,0.011146549459728721,False,False,0,0,False,PITB-80B916173F29877FD683,2023-06-09T15:30:00+08:00
MARKET|2023|SZ_A|05|301076.SZ|2023-06-12,COORDINATE_ELIGIBLE_MARKET_SEQUENCE,SZ_A,301076.SZ,301076,2023-06-12,2023,5,-3,,19.579999999999998,19.579999923706055,False,1958,1958,0,-7.6293943607197434e-08,7.6293943607197434e-08,0.037338272929954751,0.73108338396851391,0.73108338111982984,0.72137543300672569,0.70345306200034718,0.67507597457358137,False,0,0,41,0.020169806834745313,False,False,0,0,False,PITB-80B916173F29877FD683,2023-06-12T15:30:00+08:00
MARKET|2023|SZ_A|05|301076.SZ|2023-06-13,COORDINATE_ELIGIBLE_MARKET_SEQUENCE,SZ_A,301076.SZ,301076,2023-06-13,2023,5,-2,,19.289999999999999,19.290000915527344,False,1929,1929,0,9.1552734460265128e-07,9.1552734460265128e-07,0.037338272929954751,0.72025528481882706,0.72025531900303696,0.71689484025513117,0.71353439569143506,0.67507597457358137,False,0,0,230,0.0026164910732171631,False,False,0,0,False,PITB-80B916173F29877FD683,2023-06-13T15:30:00+08:00
MARKET|2023|SZ_A|05|301076.SZ|2023-06-14,COORDINATE_ELIGIBLE_MARKET_SEQUENCE,SZ_A,301076.SZ,301076,2023-06-14,2023,5,-1,,19.190000000000001,19.190000534057617,False,1919,1919,0,5.3405761590852308e-07,5.3405761590852308e-07,0.037338272929954744,0.71652145752583163,0.71652147746662065,0.71689484025513117,0.71614807479653186,0.67507597457358137,True,0.011991618199194134,0.68049792531120334,8,0.012513022477485149,False,False,0,0,False,PITB-80B916173F29877FD683,2023-06-14T15:30:00+08:00
MARKET|2023|SZ_A|06|301045.SZ|2023-06-08,COORDINATE_ELIGIBLE_MARKET_SEQUENCE,SZ_A,301045.SZ,301045,2023-06-08,2023,6,-5,,29.199999999999999,29.200000762939453,False,2920,2920,0,7.6293945383554274e-07,7.6293945383554274e-07,0.02536783358701165,0.74074074074074014,0.74074076009486123,0.60096397767630616,0.50786402841197331,0.46499238964992379,False,0,0,3,0.032467608685260017,False,False,0,0,False,PITB-80B916173F29877FD683,2023-06-08T15:30:00+08:00
MARKET|2023|SZ_A|06|301045.SZ|2023-06-09,COORDINATE_ELIGIBLE_MARKET_SEQUENCE,SZ_A,301045.SZ,301045,2023-06-09,2023,6,-4,,32.380000000000003,32.380001068115234,False,3238,3238,0,1.0681152318170462e-06,1.0681152318170462e-06,0.025367833587011654,0.82141045154743741,0.82141047864320682,0.61593099949264296,0.50786402841197331,0.46499238964992379,False,0,0,1,0.14735268546151106,False,False,0,0,False,PITB-80B916173F29877FD683,2023-06-09T15:30:00+08:00
MARKET|2023|SZ_A|06|301045.SZ|2023-06-12,COORDINATE_ELIGIBLE_MARKET_SEQUENCE,SZ_A,301045.SZ,301045,2023-06-12,2023,6,-3,,32.310000000000002,32.310001373291016,False,3231,3231,0,1.3732910133512632e-06,1.3732910133512632e-06,0.025367833587011654,0.81963470319634657,0.81963473803376452,0.61821410451547398,0.51243023845763547,0.46499238964992379,False,0,0,1,0.05544558610066342,False,False,0,0,False,PITB-80B916173F29877FD683,2023-06-12T15:30:00+08:00
MARKET|2023|SZ_A|06|301045.SZ|2023-06-13,COORDINATE_ELIGIBLE_MARKET_SEQUENCE,SZ_A,301045.SZ,301045,2023-06-13,2023,6,-2,,30.600000000000001,30.600000381469727,False,3060,3060,0,3.8146972514141453e-07,3.8146972514141453e-07,0.025367833587011657,0.7762557077625567,0.7762557174396173,0.61821410451547398,0.54540842212075069,0.46499238964992379,False,0,0,156,0.0330233019451764,False,False,0,0,False,PITB-80B916173F29877FD683,2023-06-13T15:30:00+08:00
MARKET|2023|SZ_A|06|301045.SZ|2023-06-14,COORDINATE_ELIGIBLE_MARKET_SEQUENCE,SZ_A,301045.SZ,301045,2023-06-14,2023,6,-1,,27.420000000000002,27.420000076293945,False,2742,2742,0,7.6293943607197434e-08,7.6293943607197434e-08,0.025367833587011657,0.69558599695585965,0.69558599889127171,0.61821410451547398,0.55530187721968527,0.46499238964992379,False,0,0,214,0.037460013468442979,False,False,0,0,False,PITB-80B916173F29877FD683,2023-06-14T15:30:00+08:00
MARKET|2023|SZ_A|07|000886.SZ|2023-06-08,COORDINATE_ELIGIBLE_MARKET_SEQUENCE,SZ_A,000886.SZ,000886,2023-06-08,2023,7,-5,,5.4100000000000001,5.4099998474121094,False,541,541,0,-1.5258789076710855e-07,1.5258789076710855e-07,0.14381283286185023,0.77802742578260975,0.77802740383851299,0.72481667762372481,0.72481667762372481,0.72481667762372481,False,0,0,7,0.011904750551496358,False,False,0,0,False,PITB-80B916173F29877FD683,2023-06-08T15:30:00+08:00
MARKET|2023|SZ_A|07|000886.SZ|2023-06-09,COORDINATE_ELIGIBLE_MARKET_SEQUENCE,SZ_A,000886.SZ,000886,2023-06-09,2023,7,-4,,5.4500000000000002,5.4499998092651367,False,545,545,0,-1.9073486345888568e-07,1.9073486345888568e-07,0.14381283286185023,0.78377993909708377,0.7837799116669627,0.72481667762372481,0.72481667762372481,0.72481667762372481,False,0,0,12,0.019841250919160391,False,False,0,0,False,PITB-80B916173F29877FD683,2023-06-09T15:30:00+08:00
MARKET|2023|SZ_A|07|000886.SZ|2023-06-12,COORDINATE_ELIGIBLE_MARKET_SEQUENCE,SZ_A,000886.SZ,000886,2023-06-12,2023,7,-3,,5.4800000000000004,5.4800000190734863,False,548,548,0,1.9073485901799359e-08,1.9073485901799359e-08,0.14381283286185023,0.78809432408293933,0.78809432682595137,0.72481667762372481,0.72481667762372481,0.72481667762372481,False,0,0,14,0.02182542331635004,False,False,0,0,False,PITB-80B916173F29877FD683,2023-06-12T15:30:00+08:00
MARKET|2023|SZ_A|07|000886.SZ|2023-06-13,COORDINATE_ELIGIBLE_MARKET_SEQUENCE,SZ_A,000886.SZ,000886,2023-06-13,2023,7,-2,,5.4699999999999998,5.4699997901916504,False,547,547,0,-2.0980834936068504e-07,2.0980834936068504e-07,0.14381283286185023,0.78665619575432078,0.78665616558118767,0.72481667762372481,0.72481667762372481,0.72481667762372481,False,0,0,1,0.013888828338138726,False,False,0,0,False,PITB-80B916173F29877FD683,2023-06-13T15:30:00+08:00
MARKET|2023|SZ_A|07|000886.SZ|2023-06-14,COORDINATE_ELIGIBLE_MARKET_SEQUENCE,SZ_A,000886.SZ,000886,2023-06-14,2023,7,-1,,5.46,5.4600000381469727,False,546,546,0,3.8146972691777137e-08,3.8146972691777137e-08,0.14381283286185023,0.78521806742570233,0.78521807291172652,0.73344544759543584,0.72481667762372481,0.72481667762372481,False,0,0,180,0.0079365003676641864,False,False,0,0,False,PITB-80B916173F29877FD683,2023-06-14T15:30:00+08:00
MARKET|2023|SZ_A|08|300861.SZ|2023-06-08,COORDINATE_ELIGIBLE_MARKET_SEQUENCE,SZ_A,300861.SZ,300861,2023-06-08,2023,8,-5,,38.880000000000003,38.880001068115234,False,3888,3888,0,1.0681152318170462e-06,1.0681152318170462e-06,0.01743263198144419,0.67778073143855011,0.67778075005860994,0.66557788905153914,0.66557788905153914,0.66557788905153914,False,0,0,206,0.0062860575816343356,False,False,0,0,False,PITB-80B916173F29877FD683,2023-06-08T15:30:00+08:00
MARKET|2023|SZ_A|08|300861.SZ|2023-06-09,COORDINATE_ELIGIBLE_MARKET_SEQUENCE,SZ_A,300861.SZ,300861,2023-06-09,2023,8,-4,,39.799999999999997,39.799999237060547,False,3980,3980,0,-7.6293945028282906e-07,7.6293945028282906e-07,0.017432631981444187,0.69381875286147865,0.69381873956143592,0.66557788905153914,0.66557788905153914,0.66557788905153914,False,0,0,2,0.034049220457321859,False,False,0,0,False,PITB-80B916173F29877FD683,2023-06-09T15:30:00+08:00
MARKET|2023|SZ_A|08|300861.SZ|2023-06-12,COORDINATE_ELIGIBLE_MARKET_SEQUENCE,SZ_A,300861.SZ,300861,2023-06-12,2023,8,-3,,40.25,40.25,True,4025,4025,0,0,0,0.017432631981444187,0.70166343725312852,0.70166343725312852,0.66557788905153914,0.66557788905153914,0.66557788905153914,False,0,0,19,0.023048744581331403,False,False,0,0,False,PITB-80B916173F29877FD683,2023-06-12T15:30:00+08:00
MARKET|2023|SZ_A|08|300861.SZ|2023-06-13,COORDINATE_ELIGIBLE_MARKET_SEQUENCE,SZ_A,300861.SZ,300861,2023-06-13,2023,8,-2,,39.979999999999997,39.979999542236328,False,3998,3998,0,-4.5776366874861196e-07,4.5776366874861196e-07,0.017432631981444187,0.69695662661813851,0.69695661863811298,0.66557788905153914,0.66557788905153914,0.66557788905153914,False,0,0,37,0.011000475875990458,False,False,0,0,False,PITB-80B916173F29877FD683,2023-06-13T15:30:00+08:00
MARKET|2023|SZ_A|08|300861.SZ|2023-06-14,COORDINATE_ELIGIBLE_MARKET_SEQUENCE,SZ_A,300861.SZ,300861,2023-06-14,2023,8,-1,,39.670000000000002,39.669998168945312,False,3967,3967,0,-1.8310546892053026e-06,1.8310546892053026e-06,0.017432631981444187,0.6915525107038909,0.69155247878378834,0.66557788905153914,0.66557788905153914,0.66557788905153914,False,0,0,76,0.0073336505839935832,False,False,0,0,False,PITB-80B916173F29877FD683,2023-06-14T15:30:00+08:00
MARKET|2023|SZ_A|09|300533.SZ|2023-06-08,COORDINATE_ELIGIBLE_MARKET_SEQUENCE,SZ_A,300533.SZ,300533,2023-06-08,2023,9,-5,,45.509999999999998,45.509998321533203,False,4551,4551,0,-1.6784667948854803e-06,1.6784667948854803e-06,0.047549194932130646,2.1639638613612657,2.1639637815515207,2.1406647558445218,1.9781363774665892,1.1795118130510704,False,0,0,9,0.025479552934417466,False,False,0,0,False,PITB-80B916173F29877FD683,2023-06-08T15:30:00+08:00
MARKET|2023|SZ_A|09|300533.SZ|2023-06-09,COORDINATE_ELIGIBLE_MARKET_SEQUENCE,SZ_A,300533.SZ,300533,2023-06-09,2023,9,-4,,50.920000000000002,50.919998168945312,False,5092,5092,0,-1.8310546892053026e-06,1.8310546892053026e-06,0.047549194932130653,2.4212050059440928,2.4212049188789164,2.1135617147332075,1.9781363774665892,1.1819891284893507,False,0,0,2,0.13869554104771908,False,False,0,0,False,PITB-80B916173F29877FD683,2023-06-09T15:30:00+08:00
MARKET|2023|SZ_A|09|300533.SZ|2023-06-12,COORDINATE_ELIGIBLE_MARKET_SEQUENCE,SZ_A,300533.SZ,300533,2023-06-12,2023,9,-3,,50.149999999999999,50.150001525878906,False,5015,5015,0,1.5258789076710855e-06,1.5258789076710855e-06,0.047549194932130653,2.3845921258463521,2.3845921984006657,2.1135617147332075,1.9781363774665892,1.5127107394997321,False,0,0,8,0.025239311281108723,False,False,0,0,False,PITB-80B916173F29877FD683,2023-06-12T15:30:00+08:00
MARKET|2023|SZ_A|09|300533.SZ|2023-06-13,COORDINATE_ELIGIBLE_MARKET_SEQUENCE,SZ_A,300533.SZ,300533,2023-06-13,2023,9,-2,,51.700000000000003,51.700000762939453,False,5170,5170,0,7.6293945028282906e-07,7.6293945028282906e-07,0.047549194932130646,2.4582933779911547,2.4582934142683111,2.1135617147332075,1.9812330217644396,1.5480124844952223,False,0,0,1,0.040799677157505855,False,False,0,0,False,PITB-80B916173F29877FD683,2023-06-13T15:30:00+08:00
MARKET|2023|SZ_A|09|300533.SZ|2023-06-14,COORDINATE_ELIGIBLE_MARKET_SEQUENCE,SZ_A,300533.SZ,300533,2023-06-14,2023,9,-1,,51.979999999999997,51.979999542236328,False,5198,5198,0,-4.5776366874861196e-07,4.5776366874861196e-07,0.04754919493213066,2.4716071525721515,2.4716071308058578,2.1135617147332075,1.9812330217644396,1.5480124844952223,False,0,0,181,0.05207952058342756,False,False,0,0,False,PITB-80B916173F29877FD683,2023-06-14T15:30:00+08:00
MARKET|2023|SZ_A|10|002347.SZ|2023-06-08,COORDINATE_ELIGIBLE_MARKET_SEQUENCE,SZ_A,002347.SZ,002347,2023-06-08,2023,10,-5,,5.0499999999999998,5.0500001907348633,False,505,505,0,1.9073486345888568e-07,1.9073486345888568e-07,0.16356014671756844,0.82597874092372059,0.82597877212034287,0.81616513212066666,0.80798712478478818,0.73438505876188254,False,0,0,6,0.0060729169652529611,False,False,0,0,False,PITB-80B916173F29877FD683,2023-06-08T15:30:00+08:00
MARKET|2023|SZ_A|10|002347.SZ|2023-06-09,COORDINATE_ELIGIBLE_MARKET_SEQUENCE,SZ_A,002347.SZ,002347,2023-06-09,2023,10,-4,,5.3099999999999996,5.309999942779541,False,531,531,0,-5.7220458593576495e-08,5.7220458593576495e-08,0.16356014671756844,0.86850437907028832,0.86850436971130174,0.81616513212066666,0.80798712478478818,0.73438505876188254,False,0,0,3,0.060728687023826895,False,False,0,0,False,PITB-80B916173F29877FD683,2023-06-09T15:30:00+08:00
MARKET|2023|SZ_A|10|002347.SZ|2023-06-12,COORDINATE_ELIGIBLE_MARKET_SEQUENCE,SZ_A,002347.SZ,002347,2023-06-12,2023,10,-3,,5.3700000000000001,5.369999885559082,False,537,537,0,-1.1444091807533141e-07,1.1444091807533141e-07,0.16356014671756844,0.87831798787334259,0.87831796915536919,0.81616513212066666,0.80798712478478818,0.73438505876188254,False,0,0,2,0.034412970909705576,False,False,0,0,False,PITB-80B916173F29877FD683,2023-06-12T15:30:00+08:00
MARKET|2023|SZ_A|10|002347.SZ|2023-06-13,COORDINATE_ELIGIBLE_MARKET_SEQUENCE,SZ_A,002347.SZ,002347,2023-06-13,2023,10,-2,,5.3600000000000003,5.3600001335144043,False,536,536,0,1.3351440397713077e-07,1.3351440397713077e-07,0.16356014671756844,0.87668238640616691,0.87668240824380239,0.81616513212066666,0.80962272625196385,0.73438505876188254,False,0,0,1,0.014141448820480209,False,False,0,0,False,PITB-80B916173F29877FD683,2023-06-13T15:30:00+08:00
MARKET|2023|SZ_A|10|002347.SZ|2023-06-14,COORDINATE_ELIGIBLE_MARKET_SEQUENCE,SZ_A,002347.SZ,002347,2023-06-14,2023,10,-1,,5.3899999999999997,5.3899998664855957,False,539,539,0,-1.3351440397713077e-07,1.3351440397713077e-07,0.16356014671756847,0.88158919080769393,0.88158916897005846,0.81616513212066666,0.81125832771913964,0.73438505876188254,False,0,0,78,0.016129016876220727,False,False,0,0,False,PITB-80B916173F29877FD683,2023-06-14T15:30:00+08:00
