setup_id,t,decision_at,rule,decision_cutoff
D08:600201.SH:487:519,519,2020-02-25T15:00:00+08:00,FIXED_COOLING,2020-02-25T15:00:00+08:00
D08:002213.SZ:514:547,547,2020-04-03T15:00:00+08:00,FIXED_COOLING,2020-04-03T15:00:00+08:00
D08:300003.SZ:517:560,560,2020-04-23T15:00:00+08:00,FIXED_COOLING,2020-04-23T15:00:00+08:00
D08:300069.SZ:513:561,561,2020-04-24T15:00:00+08:00,FIXED_COOLING,2020-04-24T15:00:00+08:00
D08:300653.SZ:548:568,568,2020-05-08T15:00:00+08:00,FIXED_COOLING,2020-05-08T15:00:00+08:00
D08:002749.SZ:544:568,568,2020-05-08T15:00:00+08:00,FIXED_COOLING,2020-05-08T15:00:00+08:00
D08:300551.SZ:544:569,569,2020-05-11T15:00:00+08:00,FIXED_COOLING,2020-05-11T15:00:00+08:00
D08:600380.SH:548:571,571,2020-05-13T15:00:00+08:00,FIXED_COOLING,2020-05-13T15:00:00+08:00
D08:300257.SZ:517:571,571,2020-05-13T15:00:00+08:00,FIXED_COOLING,2020-05-13T15:00:00+08:00
D08:002715.SZ:546:575,575,2020-05-19T15:00:00+08:00,FIXED_COOLING,2020-05-19T15:00:00+08:00
D08:002448.SZ:517:575,575,2020-05-19T15:00:00+08:00,FIXED_COOLING,2020-05-19T15:00:00+08:00
D08:601595.SH:556:579,579,2020-05-25T15:00:00+08:00,FIXED_COOLING,2020-05-25T15:00:00+08:00
D08:300015.SZ:548:580,580,2020-05-26T15:00:00+08:00,FIXED_COOLING,2020-05-26T15:00:00+08:00
D08:002921.SZ:556:580,580,2020-05-26T15:00:00+08:00,FIXED_COOLING,2020-05-26T15:00:00+08:00
D08:002920.SZ:554:580,580,2020-05-26T15:00:00+08:00,FIXED_COOLING,2020-05-26T15:00:00+08:00
D08:603833.SH:548:580,580,2020-05-26T15:00:00+08:00,FIXED_COOLING,2020-05-26T15:00:00+08:00
D08:300144.SZ:563:581,581,2020-05-27T15:00:00+08:00,FIXED_COOLING,2020-05-27T15:00:00+08:00
D08:300220.SZ:547:581,581,2020-05-27T15:00:00+08:00,FIXED_COOLING,2020-05-27T15:00:00+08:00
D08:600059.SH:548:581,581,2020-05-27T15:00:00+08:00,FIXED_COOLING,2020-05-27T15:00:00+08:00
D08:002294.SZ:548:581,581,2020-05-27T15:00:00+08:00,FIXED_COOLING,2020-05-27T15:00:00+08:00
D08:600809.SH:553:582,582,2020-05-28T15:00:00+08:00,FIXED_COOLING,2020-05-28T15:00:00+08:00
D08:600702.SH:548:582,582,2020-05-28T15:00:00+08:00,FIXED_COOLING,2020-05-28T15:00:00+08:00
D08:002074.SZ:555:583,583,2020-05-29T15:00:00+08:00,FIXED_COOLING,2020-05-29T15:00:00+08:00
D08:300751.SZ:563:583,583,2020-05-29T15:00:00+08:00,FIXED_COOLING,2020-05-29T15:00:00+08:00
D08:603566.SH:549:584,584,2020-06-01T15:00:00+08:00,FIXED_COOLING,2020-06-01T15:00:00+08:00
D08:603129.SH:553:584,584,2020-06-01T15:00:00+08:00,FIXED_COOLING,2020-06-01T15:00:00+08:00
D08:300012.SZ:548:584,584,2020-06-01T15:00:00+08:00,FIXED_COOLING,2020-06-01T15:00:00+08:00
D08:600570.SH:548:584,584,2020-06-01T15:00:00+08:00,FIXED_COOLING,2020-06-01T15:00:00+08:00
D08:300569.SZ:548:584,584,2020-06-01T15:00:00+08:00,FIXED_COOLING,2020-06-01T15:00:00+08:00
D08:300724.SZ:556:584,584,2020-06-01T15:00:00+08:00,FIXED_COOLING,2020-06-01T15:00:00+08:00
D08:601369.SH:558:584,584,2020-06-01T15:00:00+08:00,FIXED_COOLING,2020-06-01T15:00:00+08:00
D08:300567.SZ:554:585,585,2020-06-02T15:00:00+08:00,FIXED_COOLING,2020-06-02T15:00:00+08:00
D08:603536.SH:544:585,585,2020-06-02T15:00:00+08:00,FIXED_COOLING,2020-06-02T15:00:00+08:00
D08:002392.SZ:561:585,585,2020-06-02T15:00:00+08:00,FIXED_COOLING,2020-06-02T15:00:00+08:00
D08:300182.SZ:559:585,585,2020-06-02T15:00:00+08:00,FIXED_COOLING,2020-06-02T15:00:00+08:00
D08:002479.SZ:548:585,585,2020-06-02T15:00:00+08:00,FIXED_COOLING,2020-06-02T15:00:00+08:00
D08:000915.SZ:550:586,586,2020-06-03T15:00:00+08:00,FIXED_COOLING,2020-06-03T15:00:00+08:00
D08:300031.SZ:554:586,586,2020-06-03T15:00:00+08:00,FIXED_COOLING,2020-06-03T15:00:00+08:00
D08:601336.SH:548:586,586,2020-06-03T15:00:00+08:00,FIXED_COOLING,2020-06-03T15:00:00+08:00
D08:603659.SH:554:587,587,2020-06-04T15:00:00+08:00,FIXED_COOLING,2020-06-04T15:00:00+08:00
D08:300624.SZ:550:587,587,2020-06-04T15:00:00+08:00,FIXED_COOLING,2020-06-04T15:00:00+08:00
D08:600380.SH:548:587,587,2020-06-04T15:00:00+08:00,FIXED_COOLING,2020-06-04T15:00:00+08:00
D08:601865.SH:554:587,587,2020-06-04T15:00:00+08:00,FIXED_COOLING,2020-06-04T15:00:00+08:00
D08:002381.SZ:562:587,587,2020-06-04T15:00:00+08:00,FIXED_COOLING,2020-06-04T15:00:00+08:00
D08:000651.SZ:551:587,587,2020-06-04T15:00:00+08:00,FIXED_COOLING,2020-06-04T15:00:00+08:00
D08:300357.SZ:559:588,588,2020-06-05T15:00:00+08:00,FIXED_COOLING,2020-06-05T15:00:00+08:00
D08:300685.SZ:548:588,588,2020-06-05T15:00:00+08:00,FIXED_COOLING,2020-06-05T15:00:00+08:00
D08:002832.SZ:557:588,588,2020-06-05T15:00:00+08:00,FIXED_COOLING,2020-06-05T15:00:00+08:00
D08:002238.SZ:548:589,589,2020-06-08T15:00:00+08:00,FIXED_COOLING,2020-06-08T15:00:00+08:00
D08:002050.SZ:548:589,589,2020-06-08T15:00:00+08:00,FIXED_COOLING,2020-06-08T15:00:00+08:00
D08:000333.SZ:559:589,589,2020-06-08T15:00:00+08:00,FIXED_COOLING,2020-06-08T15:00:00+08:00
D08:000600.SZ:564:589,589,2020-06-08T15:00:00+08:00,FIXED_COOLING,2020-06-08T15:00:00+08:00
D08:002387.SZ:559:589,589,2020-06-08T15:00:00+08:00,FIXED_COOLING,2020-06-08T15:00:00+08:00
D08:603826.SH:555:590,590,2020-06-09T15:00:00+08:00,FIXED_COOLING,2020-06-09T15:00:00+08:00
D08:603768.SH:549:590,590,2020-06-09T15:00:00+08:00,FIXED_COOLING,2020-06-09T15:00:00+08:00
D08:300536.SZ:548:590,590,2020-06-09T15:00:00+08:00,FIXED_COOLING,2020-06-09T15:00:00+08:00
D08:601799.SH:556:591,591,2020-06-10T15:00:00+08:00,FIXED_COOLING,2020-06-10T15:00:00+08:00
D08:300750.SZ:553:591,591,2020-06-10T15:00:00+08:00,FIXED_COOLING,2020-06-10T15:00:00+08:00
D08:603365.SH:549:591,591,2020-06-10T15:00:00+08:00,FIXED_COOLING,2020-06-10T15:00:00+08:00
D08:600438.SH:556:591,591,2020-06-10T15:00:00+08:00,FIXED_COOLING,2020-06-10T15:00:00+08:00
D08:300676.SZ:552:592,592,2020-06-11T15:00:00+08:00,FIXED_COOLING,2020-06-11T15:00:00+08:00
D08:002126.SZ:548:592,592,2020-06-11T15:00:00+08:00,FIXED_COOLING,2020-06-11T15:00:00+08:00
D08:002623.SZ:564:592,592,2020-06-11T15:00:00+08:00,FIXED_COOLING,2020-06-11T15:00:00+08:00
D08:002824.SZ:548:592,592,2020-06-11T15:00:00+08:00,FIXED_COOLING,2020-06-11T15:00:00+08:00
D08:002331.SZ:558:592,592,2020-06-11T15:00:00+08:00,FIXED_COOLING,2020-06-11T15:00:00+08:00
D08:603177.SH:573:592,592,2020-06-11T15:00:00+08:00,FIXED_COOLING,2020-06-11T15:00:00+08:00
D08:603848.SH:549:593,593,2020-06-12T15:00:00+08:00,FIXED_COOLING,2020-06-12T15:00:00+08:00
D08:300328.SZ:566:593,593,2020-06-12T15:00:00+08:00,FIXED_COOLING,2020-06-12T15:00:00+08:00
D08:000607.SZ:548:593,593,2020-06-12T15:00:00+08:00,FIXED_COOLING,2020-06-12T15:00:00+08:00
D08:603238.SH:547:594,594,2020-06-15T15:00:00+08:00,FIXED_COOLING,2020-06-15T15:00:00+08:00
D08:600566.SH:548:594,594,2020-06-15T15:00:00+08:00,FIXED_COOLING,2020-06-15T15:00:00+08:00
D08:002134.SZ:571:594,594,2020-06-15T15:00:00+08:00,FIXED_COOLING,2020-06-15T15:00:00+08:00
D08:300751.SZ:563:595,595,2020-06-16T15:00:00+08:00,FIXED_COOLING,2020-06-16T15:00:00+08:00
D08:002715.SZ:546:595,595,2020-06-16T15:00:00+08:00,FIXED_COOLING,2020-06-16T15:00:00+08:00
D08:002685.SZ:575:595,595,2020-06-16T15:00:00+08:00,FIXED_COOLING,2020-06-16T15:00:00+08:00
D08:002653.SZ:550:596,596,2020-06-17T15:00:00+08:00,FIXED_COOLING,2020-06-17T15:00:00+08:00
D08:603368.SH:548:596,596,2020-06-17T15:00:00+08:00,FIXED_COOLING,2020-06-17T15:00:00+08:00
D08:600640.SH:548:596,596,2020-06-17T15:00:00+08:00,FIXED_COOLING,2020-06-17T15:00:00+08:00
D08:002475.SZ:546:597,597,2020-06-18T15:00:00+08:00,FIXED_COOLING,2020-06-18T15:00:00+08:00
D08:002749.SZ:544:597,597,2020-06-18T15:00:00+08:00,FIXED_COOLING,2020-06-18T15:00:00+08:00
D08:002831.SZ:581:597,597,2020-06-18T15:00:00+08:00,FIXED_COOLING,2020-06-18T15:00:00+08:00
D08:600153.SH:557:597,597,2020-06-18T15:00:00+08:00,FIXED_COOLING,2020-06-18T15:00:00+08:00
D08:002883.SZ:548:597,597,2020-06-18T15:00:00+08:00,FIXED_COOLING,2020-06-18T15:00:00+08:00
D08:002050.SZ:564:598,598,2020-06-19T15:00:00+08:00,FIXED_COOLING,2020-06-19T15:00:00+08:00
D08:002080.SZ:548:598,598,2020-06-19T15:00:00+08:00,FIXED_COOLING,2020-06-19T15:00:00+08:00
D08:600436.SH:553:598,598,2020-06-19T15:00:00+08:00,FIXED_COOLING,2020-06-19T15:00:00+08:00
D08:600885.SH:548:598,598,2020-06-19T15:00:00+08:00,FIXED_COOLING,2020-06-19T15:00:00+08:00
D08:601615.SH:559:598,598,2020-06-19T15:00:00+08:00,FIXED_COOLING,2020-06-19T15:00:00+08:00
D08:000049.SZ:556:599,599,2020-06-22T15:00:00+08:00,FIXED_COOLING,2020-06-22T15:00:00+08:00
D08:002832.SZ:557:599,599,2020-06-22T15:00:00+08:00,FIXED_COOLING,2020-06-22T15:00:00+08:00
D08:300442.SZ:575:599,599,2020-06-22T15:00:00+08:00,FIXED_COOLING,2020-06-22T15:00:00+08:00
D08:601865.SH:554:600,600,2020-06-23T15:00:00+08:00,FIXED_COOLING,2020-06-23T15:00:00+08:00
D08:600612.SH:548:600,600,2020-06-23T15:00:00+08:00,FIXED_COOLING,2020-06-23T15:00:00+08:00
D08:300124.SZ:548:601,601,2020-06-24T15:00:00+08:00,FIXED_COOLING,2020-06-24T15:00:00+08:00
D08:300750.SZ:553:601,601,2020-06-24T15:00:00+08:00,FIXED_COOLING,2020-06-24T15:00:00+08:00
D08:002414.SZ:560:602,602,2020-06-29T15:00:00+08:00,FIXED_COOLING,2020-06-29T15:00:00+08:00
D08:600604.SH:557:602,602,2020-06-29T15:00:00+08:00,FIXED_COOLING,2020-06-29T15:00:00+08:00
D08:600283.SH:542:602,602,2020-06-29T15:00:00+08:00,FIXED_COOLING,2020-06-29T15:00:00+08:00
D08:603788.SH:576:602,602,2020-06-29T15:00:00+08:00,FIXED_COOLING,2020-06-29T15:00:00+08:00
D08:002124.SZ:544:602,602,2020-06-29T15:00:00+08:00,FIXED_COOLING,2020-06-29T15:00:00+08:00
D08:002920.SZ:554:603,603,2020-06-30T15:00:00+08:00,FIXED_COOLING,2020-06-30T15:00:00+08:00
D08:601799.SH:556:603,603,2020-06-30T15:00:00+08:00,FIXED_COOLING,2020-06-30T15:00:00+08:00
D08:600933.SH:564:603,603,2020-06-30T15:00:00+08:00,FIXED_COOLING,2020-06-30T15:00:00+08:00
D08:600563.SH:564:603,603,2020-06-30T15:00:00+08:00,FIXED_COOLING,2020-06-30T15:00:00+08:00
D08:002876.SZ:556:603,603,2020-06-30T15:00:00+08:00,FIXED_COOLING,2020-06-30T15:00:00+08:00
D08:601636.SH:551:603,603,2020-06-30T15:00:00+08:00,FIXED_COOLING,2020-06-30T15:00:00+08:00
D08:002443.SZ:562:603,603,2020-06-30T15:00:00+08:00,FIXED_COOLING,2020-06-30T15:00:00+08:00
D08:002841.SZ:572:603,603,2020-06-30T15:00:00+08:00,FIXED_COOLING,2020-06-30T15:00:00+08:00
D08:300727.SZ:548:603,603,2020-06-30T15:00:00+08:00,FIXED_COOLING,2020-06-30T15:00:00+08:00
D08:002812.SZ:565:604,604,2020-07-01T15:00:00+08:00,FIXED_COOLING,2020-07-01T15:00:00+08:00
D08:002126.SZ:548:604,604,2020-07-01T15:00:00+08:00,FIXED_COOLING,2020-07-01T15:00:00+08:00
D08:300031.SZ:554:604,604,2020-07-01T15:00:00+08:00,FIXED_COOLING,2020-07-01T15:00:00+08:00
D08:603315.SH:550:604,604,2020-07-01T15:00:00+08:00,FIXED_COOLING,2020-07-01T15:00:00+08:00
D08:600064.SH:563:604,604,2020-07-01T15:00:00+08:00,FIXED_COOLING,2020-07-01T15:00:00+08:00
D08:000600.SZ:564:604,604,2020-07-01T15:00:00+08:00,FIXED_COOLING,2020-07-01T15:00:00+08:00
D08:600731.SH:548:604,604,2020-07-01T15:00:00+08:00,FIXED_COOLING,2020-07-01T15:00:00+08:00
D08:000718.SZ:554:604,604,2020-07-01T15:00:00+08:00,FIXED_COOLING,2020-07-01T15:00:00+08:00
D08:603318.SH:584:604,604,2020-07-01T15:00:00+08:00,FIXED_COOLING,2020-07-01T15:00:00+08:00
D08:603501.SH:546:605,605,2020-07-02T15:00:00+08:00,FIXED_COOLING,2020-07-02T15:00:00+08:00
D08:002915.SZ:565:605,605,2020-07-02T15:00:00+08:00,FIXED_COOLING,2020-07-02T15:00:00+08:00
D08:002601.SZ:546:605,605,2020-07-02T15:00:00+08:00,FIXED_COOLING,2020-07-02T15:00:00+08:00
D08:601369.SH:558:605,605,2020-07-02T15:00:00+08:00,FIXED_COOLING,2020-07-02T15:00:00+08:00
D08:000060.SZ:574:605,605,2020-07-02T15:00:00+08:00,FIXED_COOLING,2020-07-02T15:00:00+08:00
D08:600886.SH:581:605,605,2020-07-02T15:00:00+08:00,FIXED_COOLING,2020-07-02T15:00:00+08:00
D08:002392.SZ:561:606,606,2020-07-03T15:00:00+08:00,FIXED_COOLING,2020-07-03T15:00:00+08:00
D08:600326.SH:548:606,606,2020-07-03T15:00:00+08:00,FIXED_COOLING,2020-07-03T15:00:00+08:00
D08:600256.SH:576:606,606,2020-07-03T15:00:00+08:00,FIXED_COOLING,2020-07-03T15:00:00+08:00
D08:600395.SH:584:606,606,2020-07-03T15:00:00+08:00,FIXED_COOLING,2020-07-03T15:00:00+08:00
D08:002683.SZ:557:607,607,2020-07-06T15:00:00+08:00,FIXED_COOLING,2020-07-06T15:00:00+08:00
D08:000100.SZ:583:607,607,2020-07-06T15:00:00+08:00,FIXED_COOLING,2020-07-06T15:00:00+08:00
D08:002384.SZ:556:607,607,2020-07-06T15:00:00+08:00,FIXED_COOLING,2020-07-06T15:00:00+08:00
D08:300418.SZ:553:607,607,2020-07-06T15:00:00+08:00,FIXED_COOLING,2020-07-06T15:00:00+08:00
D08:002270.SZ:555:607,607,2020-07-06T15:00:00+08:00,FIXED_COOLING,2020-07-06T15:00:00+08:00
D08:300200.SZ:549:607,607,2020-07-06T15:00:00+08:00,FIXED_COOLING,2020-07-06T15:00:00+08:00
D08:002921.SZ:556:607,607,2020-07-06T15:00:00+08:00,FIXED_COOLING,2020-07-06T15:00:00+08:00
D08:300604.SZ:564:607,607,2020-07-06T15:00:00+08:00,FIXED_COOLING,2020-07-06T15:00:00+08:00
D08:002925.SZ:554:607,607,2020-07-06T15:00:00+08:00,FIXED_COOLING,2020-07-06T15:00:00+08:00
D08:600690.SH:560:607,607,2020-07-06T15:00:00+08:00,FIXED_COOLING,2020-07-06T15:00:00+08:00
D08:000062.SZ:563:607,607,2020-07-06T15:00:00+08:00,FIXED_COOLING,2020-07-06T15:00:00+08:00
D08:300476.SZ:556:607,607,2020-07-06T15:00:00+08:00,FIXED_COOLING,2020-07-06T15:00:00+08:00
D08:600703.SH:565:607,607,2020-07-06T15:00:00+08:00,FIXED_COOLING,2020-07-06T15:00:00+08:00
D08:300007.SZ:584:607,607,2020-07-06T15:00:00+08:00,FIXED_COOLING,2020-07-06T15:00:00+08:00
D08:002004.SZ:549:607,607,2020-07-06T15:00:00+08:00,FIXED_COOLING,2020-07-06T15:00:00+08:00
D08:002055.SZ:576:607,607,2020-07-06T15:00:00+08:00,FIXED_COOLING,2020-07-06T15:00:00+08:00
D08:002526.SZ:549:607,607,2020-07-06T15:00:00+08:00,FIXED_COOLING,2020-07-06T15:00:00+08:00
D08:300092.SZ:554:607,607,2020-07-06T15:00:00+08:00,FIXED_COOLING,2020-07-06T15:00:00+08:00
D08:002916.SZ:548:607,607,2020-07-06T15:00:00+08:00,FIXED_COOLING,2020-07-06T15:00:00+08:00
D08:002393.SZ:584:607,607,2020-07-06T15:00:00+08:00,FIXED_COOLING,2020-07-06T15:00:00+08:00
D08:600007.SH:551:607,607,2020-07-06T15:00:00+08:00,FIXED_COOLING,2020-07-06T15:00:00+08:00
D08:603717.SH:577:607,607,2020-07-06T15:00:00+08:00,FIXED_COOLING,2020-07-06T15:00:00+08:00
D08:300014.SZ:556:608,608,2020-07-07T15:00:00+08:00,FIXED_COOLING,2020-07-07T15:00:00+08:00
D08:002698.SZ:550:608,608,2020-07-07T15:00:00+08:00,FIXED_COOLING,2020-07-07T15:00:00+08:00
D08:300328.SZ:566:608,608,2020-07-07T15:00:00+08:00,FIXED_COOLING,2020-07-07T15:00:00+08:00
D08:002859.SZ:557:608,608,2020-07-07T15:00:00+08:00,FIXED_COOLING,2020-07-07T15:00:00+08:00
D08:603626.SH:556:608,608,2020-07-07T15:00:00+08:00,FIXED_COOLING,2020-07-07T15:00:00+08:00
D08:002609.SZ:568:608,608,2020-07-07T15:00:00+08:00,FIXED_COOLING,2020-07-07T15:00:00+08:00
D08:300227.SZ:559:608,608,2020-07-07T15:00:00+08:00,FIXED_COOLING,2020-07-07T15:00:00+08:00
D08:300627.SZ:557:608,608,2020-07-07T15:00:00+08:00,FIXED_COOLING,2020-07-07T15:00:00+08:00
D08:600822.SH:577:608,608,2020-07-07T15:00:00+08:00,FIXED_COOLING,2020-07-07T15:00:00+08:00
D08:002169.SZ:573:608,608,2020-07-07T15:00:00+08:00,FIXED_COOLING,2020-07-07T15:00:00+08:00
D08:300533.SZ:571:608,608,2020-07-07T15:00:00+08:00,FIXED_COOLING,2020-07-07T15:00:00+08:00
D08:002534.SZ:557:608,608,2020-07-07T15:00:00+08:00,FIXED_COOLING,2020-07-07T15:00:00+08:00
D08:002570.SZ:557:608,608,2020-07-07T15:00:00+08:00,FIXED_COOLING,2020-07-07T15:00:00+08:00
D08:300696.SZ:591:609,609,2020-07-08T15:00:00+08:00,FIXED_COOLING,2020-07-08T15:00:00+08:00
D08:002150.SZ:575:609,609,2020-07-08T15:00:00+08:00,FIXED_COOLING,2020-07-08T15:00:00+08:00
D08:603989.SH:559:609,609,2020-07-08T15:00:00+08:00,FIXED_COOLING,2020-07-08T15:00:00+08:00
D08:002732.SZ:579:609,609,2020-07-08T15:00:00+08:00,FIXED_COOLING,2020-07-08T15:00:00+08:00
D08:603656.SH:580:609,609,2020-07-08T15:00:00+08:00,FIXED_COOLING,2020-07-08T15:00:00+08:00
D08:300724.SZ:556:610,610,2020-07-09T15:00:00+08:00,FIXED_COOLING,2020-07-09T15:00:00+08:00
D08:002623.SZ:564:610,610,2020-07-09T15:00:00+08:00,FIXED_COOLING,2020-07-09T15:00:00+08:00
D08:002866.SZ:554:610,610,2020-07-09T15:00:00+08:00,FIXED_COOLING,2020-07-09T15:00:00+08:00
D08:002690.SZ:557:610,610,2020-07-09T15:00:00+08:00,FIXED_COOLING,2020-07-09T15:00:00+08:00
D08:300049.SZ:580:610,610,2020-07-09T15:00:00+08:00,FIXED_COOLING,2020-07-09T15:00:00+08:00
D08:002226.SZ:560:610,610,2020-07-09T15:00:00+08:00,FIXED_COOLING,2020-07-09T15:00:00+08:00
D08:603177.SH:573:610,610,2020-07-09T15:00:00+08:00,FIXED_COOLING,2020-07-09T15:00:00+08:00
D08:600353.SH:575:611,611,2020-07-10T15:00:00+08:00,FIXED_COOLING,2020-07-10T15:00:00+08:00
D08:002459.SZ:554:612,612,2020-07-13T15:00:00+08:00,FIXED_COOLING,2020-07-13T15:00:00+08:00
D08:300695.SZ:564:612,612,2020-07-13T15:00:00+08:00,FIXED_COOLING,2020-07-13T15:00:00+08:00
D08:300582.SZ:584:612,612,2020-07-13T15:00:00+08:00,FIXED_COOLING,2020-07-13T15:00:00+08:00
D08:600506.SH:573:612,612,2020-07-13T15:00:00+08:00,FIXED_COOLING,2020-07-13T15:00:00+08:00
D08:603598.SH:558:613,613,2020-07-14T15:00:00+08:00,FIXED_COOLING,2020-07-14T15:00:00+08:00
D08:002154.SZ:584:613,613,2020-07-14T15:00:00+08:00,FIXED_COOLING,2020-07-14T15:00:00+08:00
D08:300042.SZ:555:614,614,2020-07-15T15:00:00+08:00,FIXED_COOLING,2020-07-15T15:00:00+08:00
D08:300487.SZ:594:618,618,2020-07-21T15:00:00+08:00,FIXED_COOLING,2020-07-21T15:00:00+08:00
D08:002090.SZ:583:620,620,2020-07-23T15:00:00+08:00,FIXED_COOLING,2020-07-23T15:00:00+08:00
D08:002691.SZ:571:621,621,2020-07-24T15:00:00+08:00,FIXED_COOLING,2020-07-24T15:00:00+08:00
D08:002685.SZ:575:622,622,2020-07-27T15:00:00+08:00,FIXED_COOLING,2020-07-27T15:00:00+08:00
D08:600105.SH:585:623,623,2020-07-28T15:00:00+08:00,FIXED_COOLING,2020-07-28T15:00:00+08:00
D08:603778.SH:575:623,623,2020-07-28T15:00:00+08:00,FIXED_COOLING,2020-07-28T15:00:00+08:00
D08:002082.SZ:596:623,623,2020-07-28T15:00:00+08:00,FIXED_COOLING,2020-07-28T15:00:00+08:00
D08:002588.SZ:606:623,623,2020-07-28T15:00:00+08:00,FIXED_COOLING,2020-07-28T15:00:00+08:00
D08:601607.SH:590:624,624,2020-07-29T15:00:00+08:00,FIXED_COOLING,2020-07-29T15:00:00+08:00
D08:002157.SZ:597:624,624,2020-07-29T15:00:00+08:00,FIXED_COOLING,2020-07-29T15:00:00+08:00
D08:600429.SH:574:625,625,2020-07-30T15:00:00+08:00,FIXED_COOLING,2020-07-30T15:00:00+08:00
D08:002337.SZ:576:625,625,2020-07-30T15:00:00+08:00,FIXED_COOLING,2020-07-30T15:00:00+08:00
D08:002170.SZ:606:625,625,2020-07-30T15:00:00+08:00,FIXED_COOLING,2020-07-30T15:00:00+08:00
D08:300194.SZ:594:625,625,2020-07-30T15:00:00+08:00,FIXED_COOLING,2020-07-30T15:00:00+08:00
D08:603557.SH:570:626,626,2020-07-31T15:00:00+08:00,FIXED_COOLING,2020-07-31T15:00:00+08:00
D08:600222.SH:594:626,626,2020-07-31T15:00:00+08:00,FIXED_COOLING,2020-07-31T15:00:00+08:00
D08:000919.SZ:594:626,626,2020-07-31T15:00:00+08:00,FIXED_COOLING,2020-07-31T15:00:00+08:00
D08:300234.SZ:599:626,626,2020-07-31T15:00:00+08:00,FIXED_COOLING,2020-07-31T15:00:00+08:00
D08:002540.SZ:583:627,627,2020-08-03T15:00:00+08:00,FIXED_COOLING,2020-08-03T15:00:00+08:00
D08:603898.SH:580:627,627,2020-08-03T15:00:00+08:00,FIXED_COOLING,2020-08-03T15:00:00+08:00
D08:300218.SZ:584:627,627,2020-08-03T15:00:00+08:00,FIXED_COOLING,2020-08-03T15:00:00+08:00
D08:300641.SZ:578:627,627,2020-08-03T15:00:00+08:00,FIXED_COOLING,2020-08-03T15:00:00+08:00
D08:300402.SZ:578:627,627,2020-08-03T15:00:00+08:00,FIXED_COOLING,2020-08-03T15:00:00+08:00
D08:603798.SH:584:627,627,2020-08-03T15:00:00+08:00,FIXED_COOLING,2020-08-03T15:00:00+08:00
D08:000534.SZ:584:627,627,2020-08-03T15:00:00+08:00,FIXED_COOLING,2020-08-03T15:00:00+08:00
D08:300288.SZ:580:627,627,2020-08-03T15:00:00+08:00,FIXED_COOLING,2020-08-03T15:00:00+08:00
D08:002073.SZ:582:627,627,2020-08-03T15:00:00+08:00,FIXED_COOLING,2020-08-03T15:00:00+08:00
D08:002544.SZ:596:627,627,2020-08-03T15:00:00+08:00,FIXED_COOLING,2020-08-03T15:00:00+08:00
D08:300011.SZ:598:627,627,2020-08-03T15:00:00+08:00,FIXED_COOLING,2020-08-03T15:00:00+08:00
D08:300351.SZ:575:628,628,2020-08-04T15:00:00+08:00,FIXED_COOLING,2020-08-04T15:00:00+08:00
D08:300540.SZ:597:628,628,2020-08-04T15:00:00+08:00,FIXED_COOLING,2020-08-04T15:00:00+08:00
D08:002209.SZ:584:628,628,2020-08-04T15:00:00+08:00,FIXED_COOLING,2020-08-04T15:00:00+08:00
D08:603036.SH:583:628,628,2020-08-04T15:00:00+08:00,FIXED_COOLING,2020-08-04T15:00:00+08:00
D08:603016.SH:608:629,629,2020-08-05T15:00:00+08:00,FIXED_COOLING,2020-08-05T15:00:00+08:00
D08:002748.SZ:577:629,629,2020-08-05T15:00:00+08:00,FIXED_COOLING,2020-08-05T15:00:00+08:00
D08:300553.SZ:582:629,629,2020-08-05T15:00:00+08:00,FIXED_COOLING,2020-08-05T15:00:00+08:00
D08:600107.SH:600:629,629,2020-08-05T15:00:00+08:00,FIXED_COOLING,2020-08-05T15:00:00+08:00
D08:300605.SZ:599:629,629,2020-08-05T15:00:00+08:00,FIXED_COOLING,2020-08-05T15:00:00+08:00
D08:603728.SH:581:630,630,2020-08-06T15:00:00+08:00,FIXED_COOLING,2020-08-06T15:00:00+08:00
D08:600506.SH:573:630,630,2020-08-06T15:00:00+08:00,FIXED_COOLING,2020-08-06T15:00:00+08:00
D08:300532.SZ:597:630,630,2020-08-06T15:00:00+08:00,FIXED_COOLING,2020-08-06T15:00:00+08:00
D08:000957.SZ:582:630,630,2020-08-06T15:00:00+08:00,FIXED_COOLING,2020-08-06T15:00:00+08:00
D08:300172.SZ:584:631,631,2020-08-07T15:00:00+08:00,FIXED_COOLING,2020-08-07T15:00:00+08:00
D08:300154.SZ:583:632,632,2020-08-10T15:00:00+08:00,FIXED_COOLING,2020-08-10T15:00:00+08:00
D08:300405.SZ:580:633,633,2020-08-11T15:00:00+08:00,FIXED_COOLING,2020-08-11T15:00:00+08:00
D08:002615.SZ:573:633,633,2020-08-11T15:00:00+08:00,FIXED_COOLING,2020-08-11T15:00:00+08:00
D08:002170.SZ:606:635,635,2020-08-13T15:00:00+08:00,FIXED_COOLING,2020-08-13T15:00:00+08:00
D08:300437.SZ:595:636,636,2020-08-14T15:00:00+08:00,FIXED_COOLING,2020-08-14T15:00:00+08:00
D08:300350.SZ:594:636,636,2020-08-14T15:00:00+08:00,FIXED_COOLING,2020-08-14T15:00:00+08:00
D08:000539.SZ:605:640,640,2020-08-20T15:00:00+08:00,FIXED_COOLING,2020-08-20T15:00:00+08:00
D08:002879.SZ:605:640,640,2020-08-20T15:00:00+08:00,FIXED_COOLING,2020-08-20T15:00:00+08:00
D08:603860.SH:584:641,641,2020-08-21T15:00:00+08:00,FIXED_COOLING,2020-08-21T15:00:00+08:00
D08:300172.SZ:584:641,641,2020-08-21T15:00:00+08:00,FIXED_COOLING,2020-08-21T15:00:00+08:00
D08:300514.SZ:584:641,641,2020-08-21T15:00:00+08:00,FIXED_COOLING,2020-08-21T15:00:00+08:00
D08:002403.SZ:587:642,642,2020-08-24T15:00:00+08:00,FIXED_COOLING,2020-08-24T15:00:00+08:00
D08:002312.SZ:583:643,643,2020-08-25T15:00:00+08:00,FIXED_COOLING,2020-08-25T15:00:00+08:00
D08:300210.SZ:584:643,643,2020-08-25T15:00:00+08:00,FIXED_COOLING,2020-08-25T15:00:00+08:00
D08:300047.SZ:584:643,643,2020-08-25T15:00:00+08:00,FIXED_COOLING,2020-08-25T15:00:00+08:00
D08:002272.SZ:597:643,643,2020-08-25T15:00:00+08:00,FIXED_COOLING,2020-08-25T15:00:00+08:00
D08:002885.SZ:584:643,643,2020-08-25T15:00:00+08:00,FIXED_COOLING,2020-08-25T15:00:00+08:00
D08:002922.SZ:584:643,643,2020-08-25T15:00:00+08:00,FIXED_COOLING,2020-08-25T15:00:00+08:00
D08:300483.SZ:597:643,643,2020-08-25T15:00:00+08:00,FIXED_COOLING,2020-08-25T15:00:00+08:00
D08:300154.SZ:583:643,643,2020-08-25T15:00:00+08:00,FIXED_COOLING,2020-08-25T15:00:00+08:00
D08:300535.SZ:595:643,643,2020-08-25T15:00:00+08:00,FIXED_COOLING,2020-08-25T15:00:00+08:00
D08:300743.SZ:585:643,643,2020-08-25T15:00:00+08:00,FIXED_COOLING,2020-08-25T15:00:00+08:00
D08:300279.SZ:584:643,643,2020-08-25T15:00:00+08:00,FIXED_COOLING,2020-08-25T15:00:00+08:00
D08:300039.SZ:594:644,644,2020-08-26T15:00:00+08:00,FIXED_COOLING,2020-08-26T15:00:00+08:00
D08:000517.SZ:597:645,645,2020-08-27T15:00:00+08:00,FIXED_COOLING,2020-08-27T15:00:00+08:00
D08:002067.SZ:598:647,647,2020-08-31T15:00:00+08:00,FIXED_COOLING,2020-08-31T15:00:00+08:00
D08:002913.SZ:600:647,647,2020-08-31T15:00:00+08:00,FIXED_COOLING,2020-08-31T15:00:00+08:00
D08:600110.SH:595:648,648,2020-09-01T15:00:00+08:00,FIXED_COOLING,2020-09-01T15:00:00+08:00
D08:000938.SZ:596:648,648,2020-09-01T15:00:00+08:00,FIXED_COOLING,2020-09-01T15:00:00+08:00
D08:300134.SZ:589:649,649,2020-09-02T15:00:00+08:00,FIXED_COOLING,2020-09-02T15:00:00+08:00
D08:300615.SZ:605:649,649,2020-09-02T15:00:00+08:00,FIXED_COOLING,2020-09-02T15:00:00+08:00
D08:603090.SH:598:652,652,2020-09-07T15:00:00+08:00,FIXED_COOLING,2020-09-07T15:00:00+08:00
D08:601111.SH:605:652,652,2020-09-07T15:00:00+08:00,FIXED_COOLING,2020-09-07T15:00:00+08:00
D08:300319.SZ:592:652,652,2020-09-07T15:00:00+08:00,FIXED_COOLING,2020-09-07T15:00:00+08:00
D08:002217.SZ:597:652,652,2020-09-07T15:00:00+08:00,FIXED_COOLING,2020-09-07T15:00:00+08:00
D08:603803.SH:597:653,653,2020-09-08T15:00:00+08:00,FIXED_COOLING,2020-09-08T15:00:00+08:00
D08:000528.SZ:598:658,658,2020-09-15T15:00:00+08:00,FIXED_COOLING,2020-09-15T15:00:00+08:00
D08:300679.SZ:638:670,670,2020-10-09T15:00:00+08:00,FIXED_COOLING,2020-10-09T15:00:00+08:00
D08:603466.SH:637:688,688,2020-11-04T15:00:00+08:00,FIXED_COOLING,2020-11-04T15:00:00+08:00
D08:002568.SZ:666:692,692,2020-11-10T15:00:00+08:00,FIXED_COOLING,2020-11-10T15:00:00+08:00
D08:300557.SZ:671:692,692,2020-11-10T15:00:00+08:00,FIXED_COOLING,2020-11-10T15:00:00+08:00
D08:603008.SH:677:696,696,2020-11-16T15:00:00+08:00,FIXED_COOLING,2020-11-16T15:00:00+08:00
D08:600803.SH:682:702,702,2020-11-24T15:00:00+08:00,FIXED_COOLING,2020-11-24T15:00:00+08:00
D08:600363.SH:671:702,702,2020-11-24T15:00:00+08:00,FIXED_COOLING,2020-11-24T15:00:00+08:00
D08:603897.SH:671:703,703,2020-11-25T15:00:00+08:00,FIXED_COOLING,2020-11-25T15:00:00+08:00
D08:600584.SH:671:708,708,2020-12-02T15:00:00+08:00,FIXED_COOLING,2020-12-02T15:00:00+08:00
D08:000967.SZ:686:710,710,2020-12-04T15:00:00+08:00,FIXED_COOLING,2020-12-04T15:00:00+08:00
D08:002726.SZ:688:710,710,2020-12-04T15:00:00+08:00,FIXED_COOLING,2020-12-04T15:00:00+08:00
D08:000869.SZ:679:711,711,2020-12-07T15:00:00+08:00,FIXED_COOLING,2020-12-07T15:00:00+08:00
D08:603979.SH:677:718,718,2020-12-16T15:00:00+08:00,FIXED_COOLING,2020-12-16T15:00:00+08:00
D08:600519.SH:689:722,722,2020-12-22T15:00:00+08:00,FIXED_COOLING,2020-12-22T15:00:00+08:00
D08:300357.SZ:681:724,724,2020-12-24T15:00:00+08:00,FIXED_COOLING,2020-12-24T15:00:00+08:00
D08:300138.SZ:668:724,724,2020-12-24T15:00:00+08:00,FIXED_COOLING,2020-12-24T15:00:00+08:00
D08:002371.SZ:671:729,729,2020-12-31T15:00:00+08:00,FIXED_COOLING,2020-12-31T15:00:00+08:00
D08:603899.SH:671:730,730,2021-01-04T15:00:00+08:00,FIXED_COOLING,2021-01-04T15:00:00+08:00
D08:002371.SZ:685:730,730,2021-01-04T15:00:00+08:00,FIXED_COOLING,2021-01-04T15:00:00+08:00
D08:002714.SZ:696:730,730,2021-01-04T15:00:00+08:00,FIXED_COOLING,2021-01-04T15:00:00+08:00
D08:603313.SH:677:731,731,2021-01-05T15:00:00+08:00,FIXED_COOLING,2021-01-05T15:00:00+08:00
D08:600987.SH:689:732,732,2021-01-06T15:00:00+08:00,FIXED_COOLING,2021-01-06T15:00:00+08:00
D08:002129.SZ:708:733,733,2021-01-07T15:00:00+08:00,FIXED_COOLING,2021-01-07T15:00:00+08:00
D08:603991.SH:706:741,741,2021-01-19T15:00:00+08:00,FIXED_COOLING,2021-01-19T15:00:00+08:00
D08:300737.SZ:730:751,751,2021-02-02T15:00:00+08:00,FIXED_COOLING,2021-02-02T15:00:00+08:00
D08:300225.SZ:726:756,756,2021-02-09T15:00:00+08:00,FIXED_COOLING,2021-02-09T15:00:00+08:00
D08:300492.SZ:725:761,761,2021-02-23T15:00:00+08:00,FIXED_COOLING,2021-02-23T15:00:00+08:00
D08:002918.SZ:723:765,765,2021-03-01T15:00:00+08:00,FIXED_COOLING,2021-03-01T15:00:00+08:00
D08:002443.SZ:747:768,768,2021-03-04T15:00:00+08:00,FIXED_COOLING,2021-03-04T15:00:00+08:00
D08:603358.SH:749:771,771,2021-03-09T15:00:00+08:00,FIXED_COOLING,2021-03-09T15:00:00+08:00
D08:603978.SH:751:777,777,2021-03-17T15:00:00+08:00,FIXED_COOLING,2021-03-17T15:00:00+08:00
D08:603227.SH:758:780,780,2021-03-22T15:00:00+08:00,FIXED_COOLING,2021-03-22T15:00:00+08:00
D08:600076.SH:759:780,780,2021-03-22T15:00:00+08:00,FIXED_COOLING,2021-03-22T15:00:00+08:00
D08:002743.SZ:751:780,780,2021-03-22T15:00:00+08:00,FIXED_COOLING,2021-03-22T15:00:00+08:00
D08:600894.SH:758:780,780,2021-03-22T15:00:00+08:00,FIXED_COOLING,2021-03-22T15:00:00+08:00
D08:002181.SZ:758:782,782,2021-03-24T15:00:00+08:00,FIXED_COOLING,2021-03-24T15:00:00+08:00
D08:000900.SZ:745:785,785,2021-03-29T15:00:00+08:00,FIXED_COOLING,2021-03-29T15:00:00+08:00
D08:603826.SH:758:786,786,2021-03-30T15:00:00+08:00,FIXED_COOLING,2021-03-30T15:00:00+08:00
D08:601229.SH:735:787,787,2021-03-31T15:00:00+08:00,FIXED_COOLING,2021-03-31T15:00:00+08:00
D08:600969.SH:766:787,787,2021-03-31T15:00:00+08:00,FIXED_COOLING,2021-03-31T15:00:00+08:00
D08:300442.SZ:759:788,788,2021-04-01T15:00:00+08:00,FIXED_COOLING,2021-04-01T15:00:00+08:00
D08:000881.SZ:769:790,790,2021-04-06T15:00:00+08:00,FIXED_COOLING,2021-04-06T15:00:00+08:00
D08:601226.SH:769:790,790,2021-04-06T15:00:00+08:00,FIXED_COOLING,2021-04-06T15:00:00+08:00
D08:688139.SH:743:791,791,2021-04-07T15:00:00+08:00,FIXED_COOLING,2021-04-07T15:00:00+08:00
D08:300255.SZ:769:792,792,2021-04-08T15:00:00+08:00,FIXED_COOLING,2021-04-08T15:00:00+08:00
D08:603519.SH:737:793,793,2021-04-09T15:00:00+08:00,FIXED_COOLING,2021-04-09T15:00:00+08:00
D08:603968.SH:750:794,794,2021-04-12T15:00:00+08:00,FIXED_COOLING,2021-04-12T15:00:00+08:00
D08:600851.SH:764:794,794,2021-04-12T15:00:00+08:00,FIXED_COOLING,2021-04-12T15:00:00+08:00
D08:002824.SZ:750:797,797,2021-04-15T15:00:00+08:00,FIXED_COOLING,2021-04-15T15:00:00+08:00
D08:600479.SH:751:797,797,2021-04-15T15:00:00+08:00,FIXED_COOLING,2021-04-15T15:00:00+08:00
D08:300679.SZ:777:798,798,2021-04-16T15:00:00+08:00,FIXED_COOLING,2021-04-16T15:00:00+08:00
D08:603099.SH:755:798,798,2021-04-16T15:00:00+08:00,FIXED_COOLING,2021-04-16T15:00:00+08:00
D08:300175.SZ:767:798,798,2021-04-16T15:00:00+08:00,FIXED_COOLING,2021-04-16T15:00:00+08:00
D08:600826.SH:758:798,798,2021-04-16T15:00:00+08:00,FIXED_COOLING,2021-04-16T15:00:00+08:00
D08:300512.SZ:758:799,799,2021-04-19T15:00:00+08:00,FIXED_COOLING,2021-04-19T15:00:00+08:00
D08:002802.SZ:769:799,799,2021-04-19T15:00:00+08:00,FIXED_COOLING,2021-04-19T15:00:00+08:00
D08:603076.SH:743:799,799,2021-04-19T15:00:00+08:00,FIXED_COOLING,2021-04-19T15:00:00+08:00
D08:603829.SH:758:799,799,2021-04-19T15:00:00+08:00,FIXED_COOLING,2021-04-19T15:00:00+08:00
D08:000811.SZ:766:799,799,2021-04-19T15:00:00+08:00,FIXED_COOLING,2021-04-19T15:00:00+08:00
D08:300505.SZ:753:799,799,2021-04-19T15:00:00+08:00,FIXED_COOLING,2021-04-19T15:00:00+08:00
D08:300529.SZ:784:800,800,2021-04-20T15:00:00+08:00,FIXED_COOLING,2021-04-20T15:00:00+08:00
D08:300595.SZ:784:800,800,2021-04-20T15:00:00+08:00,FIXED_COOLING,2021-04-20T15:00:00+08:00
D08:600298.SH:780:800,800,2021-04-20T15:00:00+08:00,FIXED_COOLING,2021-04-20T15:00:00+08:00
D08:603278.SH:758:801,801,2021-04-21T15:00:00+08:00,FIXED_COOLING,2021-04-21T15:00:00+08:00
D08:300404.SZ:756:801,801,2021-04-21T15:00:00+08:00,FIXED_COOLING,2021-04-21T15:00:00+08:00
D08:600809.SH:778:801,801,2021-04-21T15:00:00+08:00,FIXED_COOLING,2021-04-21T15:00:00+08:00
D08:603159.SH:757:802,802,2021-04-22T15:00:00+08:00,FIXED_COOLING,2021-04-22T15:00:00+08:00
D08:002511.SZ:773:802,802,2021-04-22T15:00:00+08:00,FIXED_COOLING,2021-04-22T15:00:00+08:00
D08:002267.SZ:759:802,802,2021-04-22T15:00:00+08:00,FIXED_COOLING,2021-04-22T15:00:00+08:00
D08:002527.SZ:764:803,803,2021-04-23T15:00:00+08:00,FIXED_COOLING,2021-04-23T15:00:00+08:00
D08:603727.SH:752:803,803,2021-04-23T15:00:00+08:00,FIXED_COOLING,2021-04-23T15:00:00+08:00
D08:300575.SZ:780:804,804,2021-04-26T15:00:00+08:00,FIXED_COOLING,2021-04-26T15:00:00+08:00
D08:300132.SZ:767:806,806,2021-04-28T15:00:00+08:00,FIXED_COOLING,2021-04-28T15:00:00+08:00
D08:600901.SH:767:806,806,2021-04-28T15:00:00+08:00,FIXED_COOLING,2021-04-28T15:00:00+08:00
D08:002821.SZ:782:806,806,2021-04-28T15:00:00+08:00,FIXED_COOLING,2021-04-28T15:00:00+08:00
D08:002538.SZ:757:809,809,2021-05-06T15:00:00+08:00,FIXED_COOLING,2021-05-06T15:00:00+08:00
D08:300592.SZ:756:810,810,2021-05-07T15:00:00+08:00,FIXED_COOLING,2021-05-07T15:00:00+08:00
D08:600763.SH:784:812,812,2021-05-11T15:00:00+08:00,FIXED_COOLING,2021-05-11T15:00:00+08:00
D08:300384.SZ:765:813,813,2021-05-12T15:00:00+08:00,FIXED_COOLING,2021-05-12T15:00:00+08:00
D08:300759.SZ:783:813,813,2021-05-12T15:00:00+08:00,FIXED_COOLING,2021-05-12T15:00:00+08:00
D08:000799.SZ:785:813,813,2021-05-12T15:00:00+08:00,FIXED_COOLING,2021-05-12T15:00:00+08:00
D08:000929.SZ:769:814,814,2021-05-13T15:00:00+08:00,FIXED_COOLING,2021-05-13T15:00:00+08:00
D08:300529.SZ:784:814,814,2021-05-13T15:00:00+08:00,FIXED_COOLING,2021-05-13T15:00:00+08:00
D08:000990.SZ:758:814,814,2021-05-13T15:00:00+08:00,FIXED_COOLING,2021-05-13T15:00:00+08:00
D08:300716.SZ:765:815,815,2021-05-14T15:00:00+08:00,FIXED_COOLING,2021-05-14T15:00:00+08:00
D08:300512.SZ:758:815,815,2021-05-14T15:00:00+08:00,FIXED_COOLING,2021-05-14T15:00:00+08:00
D08:002495.SZ:776:815,815,2021-05-14T15:00:00+08:00,FIXED_COOLING,2021-05-14T15:00:00+08:00
D08:600809.SH:778:815,815,2021-05-14T15:00:00+08:00,FIXED_COOLING,2021-05-14T15:00:00+08:00
D08:300685.SZ:795:816,816,2021-05-17T15:00:00+08:00,FIXED_COOLING,2021-05-17T15:00:00+08:00
D08:002568.SZ:785:816,816,2021-05-17T15:00:00+08:00,FIXED_COOLING,2021-05-17T15:00:00+08:00
D08:300760.SZ:784:816,816,2021-05-17T15:00:00+08:00,FIXED_COOLING,2021-05-17T15:00:00+08:00
D08:002166.SZ:757:817,817,2021-05-18T15:00:00+08:00,FIXED_COOLING,2021-05-18T15:00:00+08:00
D08:603444.SH:787:819,819,2021-05-20T15:00:00+08:00,FIXED_COOLING,2021-05-20T15:00:00+08:00
D08:300294.SZ:788:819,819,2021-05-20T15:00:00+08:00,FIXED_COOLING,2021-05-20T15:00:00+08:00
D08:002309.SZ:759:819,819,2021-05-20T15:00:00+08:00,FIXED_COOLING,2021-05-20T15:00:00+08:00
D08:002920.SZ:788:819,819,2021-05-20T15:00:00+08:00,FIXED_COOLING,2021-05-20T15:00:00+08:00
D08:300015.SZ:800:820,820,2021-05-21T15:00:00+08:00,FIXED_COOLING,2021-05-21T15:00:00+08:00
D08:002049.SZ:785:821,821,2021-05-24T15:00:00+08:00,FIXED_COOLING,2021-05-24T15:00:00+08:00
D08:000035.SZ:763:821,821,2021-05-24T15:00:00+08:00,FIXED_COOLING,2021-05-24T15:00:00+08:00
D08:002090.SZ:769:821,821,2021-05-24T15:00:00+08:00,FIXED_COOLING,2021-05-24T15:00:00+08:00
D08:600882.SH:784:822,822,2021-05-25T15:00:00+08:00,FIXED_COOLING,2021-05-25T15:00:00+08:00
D08:300012.SZ:779:822,822,2021-05-25T15:00:00+08:00,FIXED_COOLING,2021-05-25T15:00:00+08:00
D08:600298.SH:780:822,822,2021-05-25T15:00:00+08:00,FIXED_COOLING,2021-05-25T15:00:00+08:00
D08:300463.SZ:792:822,822,2021-05-25T15:00:00+08:00,FIXED_COOLING,2021-05-25T15:00:00+08:00
D08:603899.SH:784:822,822,2021-05-25T15:00:00+08:00,FIXED_COOLING,2021-05-25T15:00:00+08:00
D08:002466.SZ:806:822,822,2021-05-25T15:00:00+08:00,FIXED_COOLING,2021-05-25T15:00:00+08:00
D08:600845.SH:784:822,822,2021-05-25T15:00:00+08:00,FIXED_COOLING,2021-05-25T15:00:00+08:00
D08:688111.SH:799:822,822,2021-05-25T15:00:00+08:00,FIXED_COOLING,2021-05-25T15:00:00+08:00
D08:300316.SZ:786:822,822,2021-05-25T15:00:00+08:00,FIXED_COOLING,2021-05-25T15:00:00+08:00
D08:000668.SZ:767:823,823,2021-05-26T15:00:00+08:00,FIXED_COOLING,2021-05-26T15:00:00+08:00
D08:600563.SH:780:823,823,2021-05-26T15:00:00+08:00,FIXED_COOLING,2021-05-26T15:00:00+08:00
D08:600422.SH:776:823,823,2021-05-26T15:00:00+08:00,FIXED_COOLING,2021-05-26T15:00:00+08:00
D08:002801.SZ:781:823,823,2021-05-26T15:00:00+08:00,FIXED_COOLING,2021-05-26T15:00:00+08:00
D08:300384.SZ:765:824,824,2021-05-27T15:00:00+08:00,FIXED_COOLING,2021-05-27T15:00:00+08:00
D08:300760.SZ:799:824,824,2021-05-27T15:00:00+08:00,FIXED_COOLING,2021-05-27T15:00:00+08:00
D08:300179.SZ:765:824,824,2021-05-27T15:00:00+08:00,FIXED_COOLING,2021-05-27T15:00:00+08:00
D08:000903.SZ:767:824,824,2021-05-27T15:00:00+08:00,FIXED_COOLING,2021-05-27T15:00:00+08:00
D08:603882.SH:784:824,824,2021-05-27T15:00:00+08:00,FIXED_COOLING,2021-05-27T15:00:00+08:00
D08:300751.SZ:784:825,825,2021-05-28T15:00:00+08:00,FIXED_COOLING,2021-05-28T15:00:00+08:00
D08:603260.SH:801:825,825,2021-05-28T15:00:00+08:00,FIXED_COOLING,2021-05-28T15:00:00+08:00
D08:300450.SZ:787:825,825,2021-05-28T15:00:00+08:00,FIXED_COOLING,2021-05-28T15:00:00+08:00
D08:002481.SZ:785:825,825,2021-05-28T15:00:00+08:00,FIXED_COOLING,2021-05-28T15:00:00+08:00
D08:300490.SZ:767:826,826,2021-05-31T15:00:00+08:00,FIXED_COOLING,2021-05-31T15:00:00+08:00
D08:300014.SZ:799:826,826,2021-05-31T15:00:00+08:00,FIXED_COOLING,2021-05-31T15:00:00+08:00
D08:603396.SH:808:826,826,2021-05-31T15:00:00+08:00,FIXED_COOLING,2021-05-31T15:00:00+08:00
D08:002179.SZ:785:826,826,2021-05-31T15:00:00+08:00,FIXED_COOLING,2021-05-31T15:00:00+08:00
D08:300274.SZ:800:826,826,2021-05-31T15:00:00+08:00,FIXED_COOLING,2021-05-31T15:00:00+08:00
D08:000929.SZ:769:827,827,2021-06-01T15:00:00+08:00,FIXED_COOLING,2021-06-01T15:00:00+08:00
D08:002901.SZ:790:827,827,2021-06-01T15:00:00+08:00,FIXED_COOLING,2021-06-01T15:00:00+08:00
D08:002821.SZ:782:827,827,2021-06-01T15:00:00+08:00,FIXED_COOLING,2021-06-01T15:00:00+08:00
D08:600573.SH:769:827,827,2021-06-01T15:00:00+08:00,FIXED_COOLING,2021-06-01T15:00:00+08:00
D08:002891.SZ:786:827,827,2021-06-01T15:00:00+08:00,FIXED_COOLING,2021-06-01T15:00:00+08:00
D08:300347.SZ:784:827,827,2021-06-01T15:00:00+08:00,FIXED_COOLING,2021-06-01T15:00:00+08:00
D08:300685.SZ:795:827,827,2021-06-01T15:00:00+08:00,FIXED_COOLING,2021-06-01T15:00:00+08:00
D08:000700.SZ:798:827,827,2021-06-01T15:00:00+08:00,FIXED_COOLING,2021-06-01T15:00:00+08:00
D08:600711.SH:799:828,828,2021-06-02T15:00:00+08:00,FIXED_COOLING,2021-06-02T15:00:00+08:00
D08:600436.SH:784:829,829,2021-06-03T15:00:00+08:00,FIXED_COOLING,2021-06-03T15:00:00+08:00
D08:300712.SZ:791:831,831,2021-06-07T15:00:00+08:00,FIXED_COOLING,2021-06-07T15:00:00+08:00
D08:002461.SZ:785:831,831,2021-06-07T15:00:00+08:00,FIXED_COOLING,2021-06-07T15:00:00+08:00
D08:000823.SZ:777:831,831,2021-06-07T15:00:00+08:00,FIXED_COOLING,2021-06-07T15:00:00+08:00
D08:002353.SZ:806:831,831,2021-06-07T15:00:00+08:00,FIXED_COOLING,2021-06-07T15:00:00+08:00
D08:002079.SZ:777:832,832,2021-06-08T15:00:00+08:00,FIXED_COOLING,2021-06-08T15:00:00+08:00
D08:600763.SH:784:833,833,2021-06-09T15:00:00+08:00,FIXED_COOLING,2021-06-09T15:00:00+08:00
D08:300587.SZ:773:833,833,2021-06-09T15:00:00+08:00,FIXED_COOLING,2021-06-09T15:00:00+08:00
D08:300782.SZ:785:833,833,2021-06-09T15:00:00+08:00,FIXED_COOLING,2021-06-09T15:00:00+08:00
D08:688111.SH:799:833,833,2021-06-09T15:00:00+08:00,FIXED_COOLING,2021-06-09T15:00:00+08:00
D08:300759.SZ:783:834,834,2021-06-10T15:00:00+08:00,FIXED_COOLING,2021-06-10T15:00:00+08:00
D08:300015.SZ:800:834,834,2021-06-10T15:00:00+08:00,FIXED_COOLING,2021-06-10T15:00:00+08:00
D08:601633.SH:784:834,834,2021-06-10T15:00:00+08:00,FIXED_COOLING,2021-06-10T15:00:00+08:00
D08:300707.SZ:777:834,834,2021-06-10T15:00:00+08:00,FIXED_COOLING,2021-06-10T15:00:00+08:00
D08:300750.SZ:796:835,835,2021-06-11T15:00:00+08:00,FIXED_COOLING,2021-06-11T15:00:00+08:00
D08:300450.SZ:787:835,835,2021-06-11T15:00:00+08:00,FIXED_COOLING,2021-06-11T15:00:00+08:00
D08:300416.SZ:784:837,837,2021-06-16T15:00:00+08:00,FIXED_COOLING,2021-06-16T15:00:00+08:00
D08:002815.SZ:821:838,838,2021-06-17T15:00:00+08:00,FIXED_COOLING,2021-06-17T15:00:00+08:00
D08:002747.SZ:789:839,839,2021-06-18T15:00:00+08:00,FIXED_COOLING,2021-06-18T15:00:00+08:00
D08:300274.SZ:800:840,840,2021-06-21T15:00:00+08:00,FIXED_COOLING,2021-06-21T15:00:00+08:00
D08:002049.SZ:785:840,840,2021-06-21T15:00:00+08:00,FIXED_COOLING,2021-06-21T15:00:00+08:00
D08:300316.SZ:786:840,840,2021-06-21T15:00:00+08:00,FIXED_COOLING,2021-06-21T15:00:00+08:00
D08:603605.SH:795:840,840,2021-06-21T15:00:00+08:00,FIXED_COOLING,2021-06-21T15:00:00+08:00
D08:300011.SZ:813:840,840,2021-06-21T15:00:00+08:00,FIXED_COOLING,2021-06-21T15:00:00+08:00
D08:300408.SZ:783:841,841,2021-06-22T15:00:00+08:00,FIXED_COOLING,2021-06-22T15:00:00+08:00
D08:002119.SZ:821:842,842,2021-06-23T15:00:00+08:00,FIXED_COOLING,2021-06-23T15:00:00+08:00
D08:600862.SH:815:842,842,2021-06-23T15:00:00+08:00,FIXED_COOLING,2021-06-23T15:00:00+08:00
D08:600345.SH:824:842,842,2021-06-23T15:00:00+08:00,FIXED_COOLING,2021-06-23T15:00:00+08:00
D08:002182.SZ:798:843,843,2021-06-24T15:00:00+08:00,FIXED_COOLING,2021-06-24T15:00:00+08:00
D08:002648.SZ:804:844,844,2021-06-25T15:00:00+08:00,FIXED_COOLING,2021-06-25T15:00:00+08:00
D08:002753.SZ:789:844,844,2021-06-25T15:00:00+08:00,FIXED_COOLING,2021-06-25T15:00:00+08:00
D08:300750.SZ:796:845,845,2021-06-28T15:00:00+08:00,FIXED_COOLING,2021-06-28T15:00:00+08:00
D08:300782.SZ:785:845,845,2021-06-28T15:00:00+08:00,FIXED_COOLING,2021-06-28T15:00:00+08:00
D08:300015.SZ:800:845,845,2021-06-28T15:00:00+08:00,FIXED_COOLING,2021-06-28T15:00:00+08:00
D08:002850.SZ:796:847,847,2021-06-30T15:00:00+08:00,FIXED_COOLING,2021-06-30T15:00:00+08:00
D08:002430.SZ:801:847,847,2021-06-30T15:00:00+08:00,FIXED_COOLING,2021-06-30T15:00:00+08:00
D08:002920.SZ:788:848,848,2021-07-01T15:00:00+08:00,FIXED_COOLING,2021-07-01T15:00:00+08:00
D08:300347.SZ:800:848,848,2021-07-01T15:00:00+08:00,FIXED_COOLING,2021-07-01T15:00:00+08:00
D08:300760.SZ:799:848,848,2021-07-01T15:00:00+08:00,FIXED_COOLING,2021-07-01T15:00:00+08:00
D08:002353.SZ:806:851,851,2021-07-06T15:00:00+08:00,FIXED_COOLING,2021-07-06T15:00:00+08:00
D08:300136.SZ:822:851,851,2021-07-06T15:00:00+08:00,FIXED_COOLING,2021-07-06T15:00:00+08:00
D08:300557.SZ:820:851,851,2021-07-06T15:00:00+08:00,FIXED_COOLING,2021-07-06T15:00:00+08:00
D08:300628.SZ:800:852,852,2021-07-07T15:00:00+08:00,FIXED_COOLING,2021-07-07T15:00:00+08:00
D08:002254.SZ:799:853,853,2021-07-08T15:00:00+08:00,FIXED_COOLING,2021-07-08T15:00:00+08:00
D08:600885.SH:796:854,854,2021-07-09T15:00:00+08:00,FIXED_COOLING,2021-07-09T15:00:00+08:00
D08:300335.SZ:827:854,854,2021-07-09T15:00:00+08:00,FIXED_COOLING,2021-07-09T15:00:00+08:00
D08:688025.SH:799:855,855,2021-07-12T15:00:00+08:00,FIXED_COOLING,2021-07-12T15:00:00+08:00
D08:300548.SZ:824:855,855,2021-07-12T15:00:00+08:00,FIXED_COOLING,2021-07-12T15:00:00+08:00
D08:300375.SZ:818:857,857,2021-07-14T15:00:00+08:00,FIXED_COOLING,2021-07-14T15:00:00+08:00
D08:300107.SZ:823:860,860,2021-07-19T15:00:00+08:00,FIXED_COOLING,2021-07-19T15:00:00+08:00
D08:002380.SZ:831:862,862,2021-07-21T15:00:00+08:00,FIXED_COOLING,2021-07-21T15:00:00+08:00
D08:300091.SZ:823:863,863,2021-07-22T15:00:00+08:00,FIXED_COOLING,2021-07-22T15:00:00+08:00
D08:300302.SZ:824:863,863,2021-07-22T15:00:00+08:00,FIXED_COOLING,2021-07-22T15:00:00+08:00
D08:300068.SZ:825:864,864,2021-07-23T15:00:00+08:00,FIXED_COOLING,2021-07-23T15:00:00+08:00
D08:002368.SZ:854:870,870,2021-08-02T15:00:00+08:00,FIXED_COOLING,2021-08-02T15:00:00+08:00
D08:002160.SZ:852:874,874,2021-08-06T15:00:00+08:00,FIXED_COOLING,2021-08-06T15:00:00+08:00
D08:603380.SH:820:877,877,2021-08-11T15:00:00+08:00,FIXED_COOLING,2021-08-11T15:00:00+08:00
D08:603227.SH:824:877,877,2021-08-11T15:00:00+08:00,FIXED_COOLING,2021-08-11T15:00:00+08:00
D08:000815.SZ:820:878,878,2021-08-12T15:00:00+08:00,FIXED_COOLING,2021-08-12T15:00:00+08:00
D08:000709.SZ:854:878,878,2021-08-12T15:00:00+08:00,FIXED_COOLING,2021-08-12T15:00:00+08:00
D08:601619.SH:820:879,879,2021-08-13T15:00:00+08:00,FIXED_COOLING,2021-08-13T15:00:00+08:00
D08:300020.SZ:827:880,880,2021-08-16T15:00:00+08:00,FIXED_COOLING,2021-08-16T15:00:00+08:00
D08:002664.SZ:874:891,891,2021-08-31T15:00:00+08:00,FIXED_COOLING,2021-08-31T15:00:00+08:00
D08:000910.SZ:856:895,895,2021-09-06T15:00:00+08:00,FIXED_COOLING,2021-09-06T15:00:00+08:00
D08:002160.SZ:852:897,897,2021-09-08T15:00:00+08:00,FIXED_COOLING,2021-09-08T15:00:00+08:00
D08:002742.SZ:850:897,897,2021-09-08T15:00:00+08:00,FIXED_COOLING,2021-09-08T15:00:00+08:00
D08:002682.SZ:876:897,897,2021-09-08T15:00:00+08:00,FIXED_COOLING,2021-09-08T15:00:00+08:00
D08:002278.SZ:856:897,897,2021-09-08T15:00:00+08:00,FIXED_COOLING,2021-09-08T15:00:00+08:00
D08:600620.SH:856:898,898,2021-09-09T15:00:00+08:00,FIXED_COOLING,2021-09-09T15:00:00+08:00
D08:601899.SH:854:899,899,2021-09-10T15:00:00+08:00,FIXED_COOLING,2021-09-10T15:00:00+08:00
D08:002778.SZ:885:901,901,2021-09-14T15:00:00+08:00,FIXED_COOLING,2021-09-14T15:00:00+08:00
D08:603618.SH:877:904,904,2021-09-17T15:00:00+08:00,FIXED_COOLING,2021-09-17T15:00:00+08:00
D08:002479.SZ:877:905,905,2021-09-22T15:00:00+08:00,FIXED_COOLING,2021-09-22T15:00:00+08:00
D08:300190.SZ:880:906,906,2021-09-23T15:00:00+08:00,FIXED_COOLING,2021-09-23T15:00:00+08:00
D08:600071.SH:876:911,911,2021-09-30T15:00:00+08:00,FIXED_COOLING,2021-09-30T15:00:00+08:00
D08:002229.SZ:856:912,912,2021-10-08T15:00:00+08:00,FIXED_COOLING,2021-10-08T15:00:00+08:00
D08:002649.SZ:878:927,927,2021-10-29T15:00:00+08:00,FIXED_COOLING,2021-10-29T15:00:00+08:00
D08:000403.SZ:914:931,931,2021-11-04T15:00:00+08:00,FIXED_COOLING,2021-11-04T15:00:00+08:00
D08:300014.SZ:911:933,933,2021-11-08T15:00:00+08:00,FIXED_COOLING,2021-11-08T15:00:00+08:00
D08:002617.SZ:886:934,934,2021-11-09T15:00:00+08:00,FIXED_COOLING,2021-11-09T15:00:00+08:00
D08:002484.SZ:917:934,934,2021-11-09T15:00:00+08:00,FIXED_COOLING,2021-11-09T15:00:00+08:00
D08:603630.SH:895:935,935,2021-11-10T15:00:00+08:00,FIXED_COOLING,2021-11-10T15:00:00+08:00
D08:002106.SZ:887:935,935,2021-11-10T15:00:00+08:00,FIXED_COOLING,2021-11-10T15:00:00+08:00
D08:600885.SH:902:937,937,2021-11-12T15:00:00+08:00,FIXED_COOLING,2021-11-12T15:00:00+08:00
D08:600436.SH:908:938,938,2021-11-15T15:00:00+08:00,FIXED_COOLING,2021-11-15T15:00:00+08:00
D08:002117.SZ:886:938,938,2021-11-15T15:00:00+08:00,FIXED_COOLING,2021-11-15T15:00:00+08:00
D08:603369.SH:887:939,939,2021-11-16T15:00:00+08:00,FIXED_COOLING,2021-11-16T15:00:00+08:00
D08:000596.SZ:887:941,941,2021-11-18T15:00:00+08:00,FIXED_COOLING,2021-11-18T15:00:00+08:00
D08:002293.SZ:886:941,941,2021-11-18T15:00:00+08:00,FIXED_COOLING,2021-11-18T15:00:00+08:00
D08:300777.SZ:902:941,941,2021-11-18T15:00:00+08:00,FIXED_COOLING,2021-11-18T15:00:00+08:00
D08:002810.SZ:919:942,942,2021-11-19T15:00:00+08:00,FIXED_COOLING,2021-11-19T15:00:00+08:00
D08:603315.SH:918:943,943,2021-11-22T15:00:00+08:00,FIXED_COOLING,2021-11-22T15:00:00+08:00
D08:300014.SZ:911:943,943,2021-11-22T15:00:00+08:00,FIXED_COOLING,2021-11-22T15:00:00+08:00
D08:603856.SH:893:943,943,2021-11-22T15:00:00+08:00,FIXED_COOLING,2021-11-22T15:00:00+08:00
D08:601965.SH:919:943,943,2021-11-22T15:00:00+08:00,FIXED_COOLING,2021-11-22T15:00:00+08:00
D08:002597.SZ:920:944,944,2021-11-23T15:00:00+08:00,FIXED_COOLING,2021-11-23T15:00:00+08:00
D08:002014.SZ:894:944,944,2021-11-23T15:00:00+08:00,FIXED_COOLING,2021-11-23T15:00:00+08:00
D08:000062.SZ:919:945,945,2021-11-24T15:00:00+08:00,FIXED_COOLING,2021-11-24T15:00:00+08:00
D08:002391.SZ:889:946,946,2021-11-25T15:00:00+08:00,FIXED_COOLING,2021-11-25T15:00:00+08:00
D08:300095.SZ:928:948,948,2021-11-29T15:00:00+08:00,FIXED_COOLING,2021-11-29T15:00:00+08:00
D08:000811.SZ:922:949,949,2021-11-30T15:00:00+08:00,FIXED_COOLING,2021-11-30T15:00:00+08:00
D08:603630.SH:895:950,950,2021-12-01T15:00:00+08:00,FIXED_COOLING,2021-12-01T15:00:00+08:00
D08:603867.SH:901:950,950,2021-12-01T15:00:00+08:00,FIXED_COOLING,2021-12-01T15:00:00+08:00
D08:000409.SZ:896:950,950,2021-12-01T15:00:00+08:00,FIXED_COOLING,2021-12-01T15:00:00+08:00
D08:300602.SZ:928:950,950,2021-12-01T15:00:00+08:00,FIXED_COOLING,2021-12-01T15:00:00+08:00
D08:600745.SH:925:950,950,2021-12-01T15:00:00+08:00,FIXED_COOLING,2021-12-01T15:00:00+08:00
D08:688006.SH:926:951,951,2021-12-02T15:00:00+08:00,FIXED_COOLING,2021-12-02T15:00:00+08:00
D08:300679.SZ:911:952,952,2021-12-03T15:00:00+08:00,FIXED_COOLING,2021-12-03T15:00:00+08:00
D08:000568.SZ:892:952,952,2021-12-03T15:00:00+08:00,FIXED_COOLING,2021-12-03T15:00:00+08:00
D08:600038.SH:927:952,952,2021-12-03T15:00:00+08:00,FIXED_COOLING,2021-12-03T15:00:00+08:00
D08:600372.SH:923:952,952,2021-12-03T15:00:00+08:00,FIXED_COOLING,2021-12-03T15:00:00+08:00
D08:603589.SH:908:956,956,2021-12-09T15:00:00+08:00,FIXED_COOLING,2021-12-09T15:00:00+08:00
D08:688299.SH:934:956,956,2021-12-09T15:00:00+08:00,FIXED_COOLING,2021-12-09T15:00:00+08:00
D08:002921.SZ:935:957,957,2021-12-10T15:00:00+08:00,FIXED_COOLING,2021-12-10T15:00:00+08:00
D08:603169.SH:937:958,958,2021-12-13T15:00:00+08:00,FIXED_COOLING,2021-12-13T15:00:00+08:00
D08:600436.SH:908:959,959,2021-12-14T15:00:00+08:00,FIXED_COOLING,2021-12-14T15:00:00+08:00
D08:688298.SH:938:959,959,2021-12-14T15:00:00+08:00,FIXED_COOLING,2021-12-14T15:00:00+08:00
D08:603279.SH:928:959,959,2021-12-14T15:00:00+08:00,FIXED_COOLING,2021-12-14T15:00:00+08:00
D08:300868.SZ:935:960,960,2021-12-15T15:00:00+08:00,FIXED_COOLING,2021-12-15T15:00:00+08:00
D08:603937.SH:934:960,960,2021-12-15T15:00:00+08:00,FIXED_COOLING,2021-12-15T15:00:00+08:00
D08:002279.SZ:934:960,960,2021-12-15T15:00:00+08:00,FIXED_COOLING,2021-12-15T15:00:00+08:00
D08:002639.SZ:928:961,961,2021-12-16T15:00:00+08:00,FIXED_COOLING,2021-12-16T15:00:00+08:00
D08:000723.SZ:924:961,961,2021-12-16T15:00:00+08:00,FIXED_COOLING,2021-12-16T15:00:00+08:00
D08:600302.SH:936:961,961,2021-12-16T15:00:00+08:00,FIXED_COOLING,2021-12-16T15:00:00+08:00
D08:000632.SZ:940:961,961,2021-12-16T15:00:00+08:00,FIXED_COOLING,2021-12-16T15:00:00+08:00
D08:000701.SZ:934:961,961,2021-12-16T15:00:00+08:00,FIXED_COOLING,2021-12-16T15:00:00+08:00
D08:300176.SZ:936:961,961,2021-12-16T15:00:00+08:00,FIXED_COOLING,2021-12-16T15:00:00+08:00
D08:300231.SZ:935:961,961,2021-12-16T15:00:00+08:00,FIXED_COOLING,2021-12-16T15:00:00+08:00
D08:600976.SH:914:962,962,2021-12-17T15:00:00+08:00,FIXED_COOLING,2021-12-17T15:00:00+08:00
D08:300650.SZ:923:962,962,2021-12-17T15:00:00+08:00,FIXED_COOLING,2021-12-17T15:00:00+08:00
D08:002364.SZ:934:962,962,2021-12-17T15:00:00+08:00,FIXED_COOLING,2021-12-17T15:00:00+08:00
D08:600353.SH:934:962,962,2021-12-17T15:00:00+08:00,FIXED_COOLING,2021-12-17T15:00:00+08:00
D08:603289.SH:936:962,962,2021-12-17T15:00:00+08:00,FIXED_COOLING,2021-12-17T15:00:00+08:00
D08:002144.SZ:936:962,962,2021-12-17T15:00:00+08:00,FIXED_COOLING,2021-12-17T15:00:00+08:00
D08:300039.SZ:934:963,963,2021-12-20T15:00:00+08:00,FIXED_COOLING,2021-12-20T15:00:00+08:00
D08:600422.SH:938:963,963,2021-12-20T15:00:00+08:00,FIXED_COOLING,2021-12-20T15:00:00+08:00
D08:000901.SZ:934:964,964,2021-12-21T15:00:00+08:00,FIXED_COOLING,2021-12-21T15:00:00+08:00
D08:600693.SH:942:964,964,2021-12-21T15:00:00+08:00,FIXED_COOLING,2021-12-21T15:00:00+08:00
D08:002066.SZ:935:964,964,2021-12-21T15:00:00+08:00,FIXED_COOLING,2021-12-21T15:00:00+08:00
D08:603803.SH:934:965,965,2021-12-22T15:00:00+08:00,FIXED_COOLING,2021-12-22T15:00:00+08:00
D08:600770.SH:936:965,965,2021-12-22T15:00:00+08:00,FIXED_COOLING,2021-12-22T15:00:00+08:00
D08:688519.SH:943:965,965,2021-12-22T15:00:00+08:00,FIXED_COOLING,2021-12-22T15:00:00+08:00
D08:600572.SH:946:965,965,2021-12-22T15:00:00+08:00,FIXED_COOLING,2021-12-22T15:00:00+08:00
D08:000766.SZ:935:965,965,2021-12-22T15:00:00+08:00,FIXED_COOLING,2021-12-22T15:00:00+08:00
D08:002876.SZ:936:967,967,2021-12-24T15:00:00+08:00,FIXED_COOLING,2021-12-24T15:00:00+08:00
D08:600378.SH:925:969,969,2021-12-28T15:00:00+08:00,FIXED_COOLING,2021-12-28T15:00:00+08:00
D08:603995.SH:931:969,969,2021-12-28T15:00:00+08:00,FIXED_COOLING,2021-12-28T15:00:00+08:00
D08:002403.SZ:936:969,969,2021-12-28T15:00:00+08:00,FIXED_COOLING,2021-12-28T15:00:00+08:00
D08:603279.SH:928:970,970,2021-12-29T15:00:00+08:00,FIXED_COOLING,2021-12-29T15:00:00+08:00
D08:300078.SZ:937:970,970,2021-12-29T15:00:00+08:00,FIXED_COOLING,2021-12-29T15:00:00+08:00
D08:002989.SZ:936:971,971,2021-12-30T15:00:00+08:00,FIXED_COOLING,2021-12-30T15:00:00+08:00
D08:001965.SZ:944:971,971,2021-12-30T15:00:00+08:00,FIXED_COOLING,2021-12-30T15:00:00+08:00
D08:002084.SZ:946:971,971,2021-12-30T15:00:00+08:00,FIXED_COOLING,2021-12-30T15:00:00+08:00
D08:601688.SH:944:971,971,2021-12-30T15:00:00+08:00,FIXED_COOLING,2021-12-30T15:00:00+08:00
D08:300413.SZ:930:972,972,2021-12-31T15:00:00+08:00,FIXED_COOLING,2021-12-31T15:00:00+08:00
D08:002399.SZ:935:972,972,2021-12-31T15:00:00+08:00,FIXED_COOLING,2021-12-31T15:00:00+08:00
D08:603333.SH:940:973,973,2022-01-04T15:00:00+08:00,FIXED_COOLING,2022-01-04T15:00:00+08:00
D08:600873.SH:938:973,973,2022-01-04T15:00:00+08:00,FIXED_COOLING,2022-01-04T15:00:00+08:00
D08:300377.SZ:943:973,973,2022-01-04T15:00:00+08:00,FIXED_COOLING,2022-01-04T15:00:00+08:00
D08:000877.SZ:951:973,973,2022-01-04T15:00:00+08:00,FIXED_COOLING,2022-01-04T15:00:00+08:00
D08:600287.SH:936:973,973,2022-01-04T15:00:00+08:00,FIXED_COOLING,2022-01-04T15:00:00+08:00
D08:002749.SZ:938:973,973,2022-01-04T15:00:00+08:00,FIXED_COOLING,2022-01-04T15:00:00+08:00
D08:600797.SH:936:973,973,2022-01-04T15:00:00+08:00,FIXED_COOLING,2022-01-04T15:00:00+08:00
D08:603029.SH:934:973,973,2022-01-04T15:00:00+08:00,FIXED_COOLING,2022-01-04T15:00:00+08:00
D08:600790.SH:934:973,973,2022-01-04T15:00:00+08:00,FIXED_COOLING,2022-01-04T15:00:00+08:00
D08:603289.SH:936:973,973,2022-01-04T15:00:00+08:00,FIXED_COOLING,2022-01-04T15:00:00+08:00
D08:600284.SH:938:973,973,2022-01-04T15:00:00+08:00,FIXED_COOLING,2022-01-04T15:00:00+08:00
D08:002279.SZ:934:973,973,2022-01-04T15:00:00+08:00,FIXED_COOLING,2022-01-04T15:00:00+08:00
D08:002144.SZ:936:973,973,2022-01-04T15:00:00+08:00,FIXED_COOLING,2022-01-04T15:00:00+08:00
D08:002849.SZ:936:973,973,2022-01-04T15:00:00+08:00,FIXED_COOLING,2022-01-04T15:00:00+08:00
D08:300349.SZ:940:973,973,2022-01-04T15:00:00+08:00,FIXED_COOLING,2022-01-04T15:00:00+08:00
D08:300743.SZ:933:973,973,2022-01-04T15:00:00+08:00,FIXED_COOLING,2022-01-04T15:00:00+08:00
D08:600561.SH:945:973,973,2022-01-04T15:00:00+08:00,FIXED_COOLING,2022-01-04T15:00:00+08:00
D08:600153.SH:954:974,974,2022-01-05T15:00:00+08:00,FIXED_COOLING,2022-01-05T15:00:00+08:00
D08:600325.SH:954:974,974,2022-01-05T15:00:00+08:00,FIXED_COOLING,2022-01-05T15:00:00+08:00
D08:000935.SZ:928:975,975,2022-01-06T15:00:00+08:00,FIXED_COOLING,2022-01-06T15:00:00+08:00
D08:600449.SH:951:975,975,2022-01-06T15:00:00+08:00,FIXED_COOLING,2022-01-06T15:00:00+08:00
D08:601800.SH:951:975,975,2022-01-06T15:00:00+08:00,FIXED_COOLING,2022-01-06T15:00:00+08:00
D08:601390.SH:944:975,975,2022-01-06T15:00:00+08:00,FIXED_COOLING,2022-01-06T15:00:00+08:00
D08:603817.SH:938:975,975,2022-01-06T15:00:00+08:00,FIXED_COOLING,2022-01-06T15:00:00+08:00
D08:600611.SH:941:975,975,2022-01-06T15:00:00+08:00,FIXED_COOLING,2022-01-06T15:00:00+08:00
D08:002081.SZ:945:975,975,2022-01-06T15:00:00+08:00,FIXED_COOLING,2022-01-06T15:00:00+08:00
D08:603937.SH:934:976,976,2022-01-07T15:00:00+08:00,FIXED_COOLING,2022-01-07T15:00:00+08:00
D08:000786.SZ:952:976,976,2022-01-07T15:00:00+08:00,FIXED_COOLING,2022-01-07T15:00:00+08:00
D08:002715.SZ:936:977,977,2022-01-10T15:00:00+08:00,FIXED_COOLING,2022-01-10T15:00:00+08:00
D08:601518.SH:944:978,978,2022-01-11T15:00:00+08:00,FIXED_COOLING,2022-01-11T15:00:00+08:00
D08:300539.SZ:933:979,979,2022-01-12T15:00:00+08:00,FIXED_COOLING,2022-01-12T15:00:00+08:00
D08:000908.SZ:946:979,979,2022-01-12T15:00:00+08:00,FIXED_COOLING,2022-01-12T15:00:00+08:00
D08:600768.SH:935:979,979,2022-01-12T15:00:00+08:00,FIXED_COOLING,2022-01-12T15:00:00+08:00
D08:600370.SH:944:979,979,2022-01-12T15:00:00+08:00,FIXED_COOLING,2022-01-12T15:00:00+08:00
D08:000715.SZ:949:979,979,2022-01-12T15:00:00+08:00,FIXED_COOLING,2022-01-12T15:00:00+08:00
D08:603116.SH:938:979,979,2022-01-12T15:00:00+08:00,FIXED_COOLING,2022-01-12T15:00:00+08:00
D08:600650.SH:938:979,979,2022-01-12T15:00:00+08:00,FIXED_COOLING,2022-01-12T15:00:00+08:00
D08:600858.SH:938:979,979,2022-01-12T15:00:00+08:00,FIXED_COOLING,2022-01-12T15:00:00+08:00
D08:000524.SZ:933:980,980,2022-01-13T15:00:00+08:00,FIXED_COOLING,2022-01-13T15:00:00+08:00
D08:600778.SH:936:980,980,2022-01-13T15:00:00+08:00,FIXED_COOLING,2022-01-13T15:00:00+08:00
D08:002224.SZ:936:980,980,2022-01-13T15:00:00+08:00,FIXED_COOLING,2022-01-13T15:00:00+08:00
D08:002552.SZ:936:981,981,2022-01-14T15:00:00+08:00,FIXED_COOLING,2022-01-14T15:00:00+08:00
D08:603722.SH:931:982,982,2022-01-17T15:00:00+08:00,FIXED_COOLING,2022-01-17T15:00:00+08:00
D08:300515.SZ:936:982,982,2022-01-17T15:00:00+08:00,FIXED_COOLING,2022-01-17T15:00:00+08:00
D08:300493.SZ:934:982,982,2022-01-17T15:00:00+08:00,FIXED_COOLING,2022-01-17T15:00:00+08:00
D08:002031.SZ:936:982,982,2022-01-17T15:00:00+08:00,FIXED_COOLING,2022-01-17T15:00:00+08:00
D08:300074.SZ:935:982,982,2022-01-17T15:00:00+08:00,FIXED_COOLING,2022-01-17T15:00:00+08:00
D08:001965.SZ:944:983,983,2022-01-18T15:00:00+08:00,FIXED_COOLING,2022-01-18T15:00:00+08:00
D08:002928.SZ:965:984,984,2022-01-19T15:00:00+08:00,FIXED_COOLING,2022-01-19T15:00:00+08:00
D08:300518.SZ:926:984,984,2022-01-19T15:00:00+08:00,FIXED_COOLING,2022-01-19T15:00:00+08:00
D08:603955.SH:936:984,984,2022-01-19T15:00:00+08:00,FIXED_COOLING,2022-01-19T15:00:00+08:00
D08:300862.SZ:934:984,984,2022-01-19T15:00:00+08:00,FIXED_COOLING,2022-01-19T15:00:00+08:00
D08:600115.SH:933:985,985,2022-01-20T15:00:00+08:00,FIXED_COOLING,2022-01-20T15:00:00+08:00
D08:600004.SH:965:986,986,2022-01-21T15:00:00+08:00,FIXED_COOLING,2022-01-21T15:00:00+08:00
D08:603177.SH:941:992,992,2022-02-07T15:00:00+08:00,FIXED_COOLING,2022-02-07T15:00:00+08:00
D08:000933.SZ:953:993,993,2022-02-08T15:00:00+08:00,FIXED_COOLING,2022-02-08T15:00:00+08:00
D08:601088.SH:951:993,993,2022-02-08T15:00:00+08:00,FIXED_COOLING,2022-02-08T15:00:00+08:00
D08:600561.SH:945:997,997,2022-02-14T15:00:00+08:00,FIXED_COOLING,2022-02-14T15:00:00+08:00
D08:600507.SH:943:1001,1001,2022-02-18T15:00:00+08:00,FIXED_COOLING,2022-02-18T15:00:00+08:00
D08:002110.SZ:951:1001,1001,2022-02-18T15:00:00+08:00,FIXED_COOLING,2022-02-18T15:00:00+08:00
D08:601212.SH:953:1003,1003,2022-02-22T15:00:00+08:00,FIXED_COOLING,2022-02-22T15:00:00+08:00
D08:601019.SH:950:1005,1005,2022-02-24T15:00:00+08:00,FIXED_COOLING,2022-02-24T15:00:00+08:00
D08:000605.SZ:947:1006,1006,2022-02-25T15:00:00+08:00,FIXED_COOLING,2022-02-25T15:00:00+08:00
D08:000408.SZ:948:1007,1007,2022-02-28T15:00:00+08:00,FIXED_COOLING,2022-02-28T15:00:00+08:00
D08:600759.SH:961:1007,1007,2022-02-28T15:00:00+08:00,FIXED_COOLING,2022-02-28T15:00:00+08:00
D08:601808.SH:961:1007,1007,2022-02-28T15:00:00+08:00,FIXED_COOLING,2022-02-28T15:00:00+08:00
D08:000933.SZ:953:1009,1009,2022-03-02T15:00:00+08:00,FIXED_COOLING,2022-03-02T15:00:00+08:00
D08:000912.SZ:958:1012,1012,2022-03-07T15:00:00+08:00,FIXED_COOLING,2022-03-07T15:00:00+08:00
D08:600481.SH:993:1015,1015,2022-03-10T15:00:00+08:00,FIXED_COOLING,2022-03-10T15:00:00+08:00
D08:300066.SZ:999:1038,1038,2022-04-14T15:00:00+08:00,FIXED_COOLING,2022-04-14T15:00:00+08:00
D08:688516.SH:1004:1060,1060,2022-05-19T15:00:00+08:00,FIXED_COOLING,2022-05-19T15:00:00+08:00
D08:002468.SZ:1037:1061,1061,2022-05-20T15:00:00+08:00,FIXED_COOLING,2022-05-20T15:00:00+08:00
D08:002959.SZ:1026:1061,1061,2022-05-20T15:00:00+08:00,FIXED_COOLING,2022-05-20T15:00:00+08:00
D08:002895.SZ:1034:1062,1062,2022-05-23T15:00:00+08:00,FIXED_COOLING,2022-05-23T15:00:00+08:00
D08:688050.SH:1029:1064,1064,2022-05-25T15:00:00+08:00,FIXED_COOLING,2022-05-25T15:00:00+08:00
D08:600886.SH:1032:1065,1065,2022-05-26T15:00:00+08:00,FIXED_COOLING,2022-05-26T15:00:00+08:00
D08:000429.SZ:1027:1067,1067,2022-05-30T15:00:00+08:00,FIXED_COOLING,2022-05-30T15:00:00+08:00
D08:002463.SZ:1049:1067,1067,2022-05-30T15:00:00+08:00,FIXED_COOLING,2022-05-30T15:00:00+08:00
D08:002539.SZ:1028:1069,1069,2022-06-01T15:00:00+08:00,FIXED_COOLING,2022-06-01T15:00:00+08:00
D08:002594.SZ:1032:1071,1071,2022-06-06T15:00:00+08:00,FIXED_COOLING,2022-06-06T15:00:00+08:00
D08:300068.SZ:1054:1071,1071,2022-06-06T15:00:00+08:00,FIXED_COOLING,2022-06-06T15:00:00+08:00
D08:603848.SH:1056:1072,1072,2022-06-07T15:00:00+08:00,FIXED_COOLING,2022-06-07T15:00:00+08:00
D08:601898.SH:1036:1073,1073,2022-06-08T15:00:00+08:00,FIXED_COOLING,2022-06-08T15:00:00+08:00
D08:600551.SH:1056:1075,1075,2022-06-10T15:00:00+08:00,FIXED_COOLING,2022-06-10T15:00:00+08:00
D08:002741.SZ:1057:1076,1076,2022-06-13T15:00:00+08:00,FIXED_COOLING,2022-06-13T15:00:00+08:00
D08:000016.SZ:1061:1078,1078,2022-06-15T15:00:00+08:00,FIXED_COOLING,2022-06-15T15:00:00+08:00
D08:600150.SH:1060:1078,1078,2022-06-15T15:00:00+08:00,FIXED_COOLING,2022-06-15T15:00:00+08:00
D08:002557.SZ:1029:1079,1079,2022-06-16T15:00:00+08:00,FIXED_COOLING,2022-06-16T15:00:00+08:00
D08:300025.SZ:1058:1079,1079,2022-06-16T15:00:00+08:00,FIXED_COOLING,2022-06-16T15:00:00+08:00
D08:300622.SZ:1028:1080,1080,2022-06-17T15:00:00+08:00,FIXED_COOLING,2022-06-17T15:00:00+08:00
D08:300015.SZ:1036:1080,1080,2022-06-17T15:00:00+08:00,FIXED_COOLING,2022-06-17T15:00:00+08:00
D08:300896.SZ:1029:1080,1080,2022-06-17T15:00:00+08:00,FIXED_COOLING,2022-06-17T15:00:00+08:00
D08:603786.SH:1054:1080,1080,2022-06-17T15:00:00+08:00,FIXED_COOLING,2022-06-17T15:00:00+08:00
D08:300160.SZ:1053:1080,1080,2022-06-17T15:00:00+08:00,FIXED_COOLING,2022-06-17T15:00:00+08:00
D08:603218.SH:1059:1080,1080,2022-06-17T15:00:00+08:00,FIXED_COOLING,2022-06-17T15:00:00+08:00
D08:002304.SZ:1044:1081,1081,2022-06-20T15:00:00+08:00,FIXED_COOLING,2022-06-20T15:00:00+08:00
D08:300068.SZ:1054:1081,1081,2022-06-20T15:00:00+08:00,FIXED_COOLING,2022-06-20T15:00:00+08:00
D08:300518.SZ:1061:1081,1081,2022-06-20T15:00:00+08:00,FIXED_COOLING,2022-06-20T15:00:00+08:00
D08:002480.SZ:1059:1081,1081,2022-06-20T15:00:00+08:00,FIXED_COOLING,2022-06-20T15:00:00+08:00
D08:603527.SH:1059:1081,1081,2022-06-20T15:00:00+08:00,FIXED_COOLING,2022-06-20T15:00:00+08:00
D08:000049.SZ:1054:1081,1081,2022-06-20T15:00:00+08:00,FIXED_COOLING,2022-06-20T15:00:00+08:00
D08:300510.SZ:1059:1081,1081,2022-06-20T15:00:00+08:00,FIXED_COOLING,2022-06-20T15:00:00+08:00
D08:002335.SZ:1059:1081,1081,2022-06-20T15:00:00+08:00,FIXED_COOLING,2022-06-20T15:00:00+08:00
D08:600132.SH:1036:1082,1082,2022-06-21T15:00:00+08:00,FIXED_COOLING,2022-06-21T15:00:00+08:00
D08:300802.SZ:1057:1082,1082,2022-06-21T15:00:00+08:00,FIXED_COOLING,2022-06-21T15:00:00+08:00
D08:002747.SZ:1060:1082,1082,2022-06-21T15:00:00+08:00,FIXED_COOLING,2022-06-21T15:00:00+08:00
D08:002953.SZ:1060:1082,1082,2022-06-21T15:00:00+08:00,FIXED_COOLING,2022-06-21T15:00:00+08:00
D08:002559.SZ:1060:1082,1082,2022-06-21T15:00:00+08:00,FIXED_COOLING,2022-06-21T15:00:00+08:00
D08:300207.SZ:1054:1083,1083,2022-06-22T15:00:00+08:00,FIXED_COOLING,2022-06-22T15:00:00+08:00
D08:688196.SH:1068:1084,1084,2022-06-23T15:00:00+08:00,FIXED_COOLING,2022-06-23T15:00:00+08:00
D08:300080.SZ:1059:1084,1084,2022-06-23T15:00:00+08:00,FIXED_COOLING,2022-06-23T15:00:00+08:00
D08:300842.SZ:1060:1084,1084,2022-06-23T15:00:00+08:00,FIXED_COOLING,2022-06-23T15:00:00+08:00
D08:300286.SZ:1061:1084,1084,2022-06-23T15:00:00+08:00,FIXED_COOLING,2022-06-23T15:00:00+08:00
D08:002632.SZ:1061:1084,1084,2022-06-23T15:00:00+08:00,FIXED_COOLING,2022-06-23T15:00:00+08:00
D08:603950.SH:1059:1084,1084,2022-06-23T15:00:00+08:00,FIXED_COOLING,2022-06-23T15:00:00+08:00
D08:603444.SH:1057:1085,1085,2022-06-24T15:00:00+08:00,FIXED_COOLING,2022-06-24T15:00:00+08:00
D08:000400.SZ:1053:1085,1085,2022-06-24T15:00:00+08:00,FIXED_COOLING,2022-06-24T15:00:00+08:00
D08:300183.SZ:1059:1085,1085,2022-06-24T15:00:00+08:00,FIXED_COOLING,2022-06-24T15:00:00+08:00
D08:002159.SZ:1059:1085,1085,2022-06-24T15:00:00+08:00,FIXED_COOLING,2022-06-24T15:00:00+08:00
D08:002190.SZ:1059:1085,1085,2022-06-24T15:00:00+08:00,FIXED_COOLING,2022-06-24T15:00:00+08:00
D08:002402.SZ:1061:1085,1085,2022-06-24T15:00:00+08:00,FIXED_COOLING,2022-06-24T15:00:00+08:00
D08:002012.SZ:1062:1085,1085,2022-06-24T15:00:00+08:00,FIXED_COOLING,2022-06-24T15:00:00+08:00
D08:002815.SZ:1054:1085,1085,2022-06-24T15:00:00+08:00,FIXED_COOLING,2022-06-24T15:00:00+08:00
D08:003015.SZ:1057:1085,1085,2022-06-24T15:00:00+08:00,FIXED_COOLING,2022-06-24T15:00:00+08:00
D08:000519.SZ:1065:1086,1086,2022-06-27T15:00:00+08:00,FIXED_COOLING,2022-06-27T15:00:00+08:00
D08:300332.SZ:1058:1086,1086,2022-06-27T15:00:00+08:00,FIXED_COOLING,2022-06-27T15:00:00+08:00
D08:002698.SZ:1062:1086,1086,2022-06-27T15:00:00+08:00,FIXED_COOLING,2022-06-27T15:00:00+08:00
D08:600312.SH:1061:1086,1086,2022-06-27T15:00:00+08:00,FIXED_COOLING,2022-06-27T15:00:00+08:00
D08:688698.SH:1054:1086,1086,2022-06-27T15:00:00+08:00,FIXED_COOLING,2022-06-27T15:00:00+08:00
D08:300515.SZ:1060:1086,1086,2022-06-27T15:00:00+08:00,FIXED_COOLING,2022-06-27T15:00:00+08:00
D08:002790.SZ:1059:1086,1086,2022-06-27T15:00:00+08:00,FIXED_COOLING,2022-06-27T15:00:00+08:00
D08:603829.SH:1060:1086,1086,2022-06-27T15:00:00+08:00,FIXED_COOLING,2022-06-27T15:00:00+08:00
D08:600085.SH:1065:1087,1087,2022-06-28T15:00:00+08:00,FIXED_COOLING,2022-06-28T15:00:00+08:00
D08:300529.SZ:1061:1087,1087,2022-06-28T15:00:00+08:00,FIXED_COOLING,2022-06-28T15:00:00+08:00
D08:300056.SZ:1056:1087,1087,2022-06-28T15:00:00+08:00,FIXED_COOLING,2022-06-28T15:00:00+08:00
D08:002203.SZ:1061:1087,1087,2022-06-28T15:00:00+08:00,FIXED_COOLING,2022-06-28T15:00:00+08:00
D08:600320.SH:1060:1087,1087,2022-06-28T15:00:00+08:00,FIXED_COOLING,2022-06-28T15:00:00+08:00
D08:600353.SH:1053:1087,1087,2022-06-28T15:00:00+08:00,FIXED_COOLING,2022-06-28T15:00:00+08:00
D08:300092.SZ:1061:1087,1087,2022-06-28T15:00:00+08:00,FIXED_COOLING,2022-06-28T15:00:00+08:00
D08:601016.SH:1054:1087,1087,2022-06-28T15:00:00+08:00,FIXED_COOLING,2022-06-28T15:00:00+08:00
D08:300567.SZ:1060:1087,1087,2022-06-28T15:00:00+08:00,FIXED_COOLING,2022-06-28T15:00:00+08:00
D08:688510.SH:1069:1087,1087,2022-06-28T15:00:00+08:00,FIXED_COOLING,2022-06-28T15:00:00+08:00
D08:002273.SZ:1054:1087,1087,2022-06-28T15:00:00+08:00,FIXED_COOLING,2022-06-28T15:00:00+08:00
D08:603499.SH:1057:1087,1087,2022-06-28T15:00:00+08:00,FIXED_COOLING,2022-06-28T15:00:00+08:00
D08:600169.SH:1061:1087,1087,2022-06-28T15:00:00+08:00,FIXED_COOLING,2022-06-28T15:00:00+08:00
D08:002691.SZ:1061:1087,1087,2022-06-28T15:00:00+08:00,FIXED_COOLING,2022-06-28T15:00:00+08:00
D08:603890.SH:1061:1087,1087,2022-06-28T15:00:00+08:00,FIXED_COOLING,2022-06-28T15:00:00+08:00
D08:600768.SH:1059:1087,1087,2022-06-28T15:00:00+08:00,FIXED_COOLING,2022-06-28T15:00:00+08:00
D08:002829.SZ:1059:1087,1087,2022-06-28T15:00:00+08:00,FIXED_COOLING,2022-06-28T15:00:00+08:00
D08:601869.SH:1060:1089,1089,2022-06-30T15:00:00+08:00,FIXED_COOLING,2022-06-30T15:00:00+08:00
D08:300345.SZ:1059:1090,1090,2022-07-01T15:00:00+08:00,FIXED_COOLING,2022-07-01T15:00:00+08:00
D08:002538.SZ:1069:1090,1090,2022-07-01T15:00:00+08:00,FIXED_COOLING,2022-07-01T15:00:00+08:00
D08:002240.SZ:1054:1090,1090,2022-07-01T15:00:00+08:00,FIXED_COOLING,2022-07-01T15:00:00+08:00
D08:002497.SZ:1058:1090,1090,2022-07-01T15:00:00+08:00,FIXED_COOLING,2022-07-01T15:00:00+08:00
D08:000408.SZ:1058:1090,1090,2022-07-01T15:00:00+08:00,FIXED_COOLING,2022-07-01T15:00:00+08:00
D08:688189.SH:1069:1090,1090,2022-07-01T15:00:00+08:00,FIXED_COOLING,2022-07-01T15:00:00+08:00
D08:603855.SH:1049:1091,1091,2022-07-04T15:00:00+08:00,FIXED_COOLING,2022-07-04T15:00:00+08:00
D08:600673.SH:1054:1091,1091,2022-07-04T15:00:00+08:00,FIXED_COOLING,2022-07-04T15:00:00+08:00
D08:000860.SZ:1061:1091,1091,2022-07-04T15:00:00+08:00,FIXED_COOLING,2022-07-04T15:00:00+08:00
D08:605336.SH:1032:1091,1091,2022-07-04T15:00:00+08:00,FIXED_COOLING,2022-07-04T15:00:00+08:00
D08:300082.SZ:1060:1091,1091,2022-07-04T15:00:00+08:00,FIXED_COOLING,2022-07-04T15:00:00+08:00
D08:300481.SZ:1062:1091,1091,2022-07-04T15:00:00+08:00,FIXED_COOLING,2022-07-04T15:00:00+08:00
D08:000027.SZ:1055:1091,1091,2022-07-04T15:00:00+08:00,FIXED_COOLING,2022-07-04T15:00:00+08:00
D08:600160.SH:1060:1091,1091,2022-07-04T15:00:00+08:00,FIXED_COOLING,2022-07-04T15:00:00+08:00
D08:002759.SZ:1061:1091,1091,2022-07-04T15:00:00+08:00,FIXED_COOLING,2022-07-04T15:00:00+08:00
D08:603609.SH:1062:1091,1091,2022-07-04T15:00:00+08:00,FIXED_COOLING,2022-07-04T15:00:00+08:00
D08:603050.SH:1059:1091,1091,2022-07-04T15:00:00+08:00,FIXED_COOLING,2022-07-04T15:00:00+08:00
D08:002488.SZ:1056:1091,1091,2022-07-04T15:00:00+08:00,FIXED_COOLING,2022-07-04T15:00:00+08:00
D08:300073.SZ:1054:1092,1092,2022-07-05T15:00:00+08:00,FIXED_COOLING,2022-07-05T15:00:00+08:00
D08:300121.SZ:1061:1092,1092,2022-07-05T15:00:00+08:00,FIXED_COOLING,2022-07-05T15:00:00+08:00
D08:600129.SH:1068:1092,1092,2022-07-05T15:00:00+08:00,FIXED_COOLING,2022-07-05T15:00:00+08:00
D08:600161.SH:1061:1092,1092,2022-07-05T15:00:00+08:00,FIXED_COOLING,2022-07-05T15:00:00+08:00
D08:002391.SZ:1057:1092,1092,2022-07-05T15:00:00+08:00,FIXED_COOLING,2022-07-05T15:00:00+08:00
D08:603877.SH:1061:1092,1092,2022-07-05T15:00:00+08:00,FIXED_COOLING,2022-07-05T15:00:00+08:00
D08:300620.SZ:1062:1092,1092,2022-07-05T15:00:00+08:00,FIXED_COOLING,2022-07-05T15:00:00+08:00
D08:688059.SH:1067:1093,1093,2022-07-06T15:00:00+08:00,FIXED_COOLING,2022-07-06T15:00:00+08:00
D08:601968.SH:1058:1093,1093,2022-07-06T15:00:00+08:00,FIXED_COOLING,2022-07-06T15:00:00+08:00
D08:300109.SZ:1071:1093,1093,2022-07-06T15:00:00+08:00,FIXED_COOLING,2022-07-06T15:00:00+08:00
D08:002130.SZ:1061:1093,1093,2022-07-06T15:00:00+08:00,FIXED_COOLING,2022-07-06T15:00:00+08:00
D08:300260.SZ:1053:1094,1094,2022-07-07T15:00:00+08:00,FIXED_COOLING,2022-07-07T15:00:00+08:00
D08:600523.SH:1059:1094,1094,2022-07-07T15:00:00+08:00,FIXED_COOLING,2022-07-07T15:00:00+08:00
D08:002333.SZ:1060:1094,1094,2022-07-07T15:00:00+08:00,FIXED_COOLING,2022-07-07T15:00:00+08:00
D08:300787.SZ:1068:1095,1095,2022-07-08T15:00:00+08:00,FIXED_COOLING,2022-07-08T15:00:00+08:00
D08:002112.SZ:1060:1095,1095,2022-07-08T15:00:00+08:00,FIXED_COOLING,2022-07-08T15:00:00+08:00
D08:688607.SH:1069:1095,1095,2022-07-08T15:00:00+08:00,FIXED_COOLING,2022-07-08T15:00:00+08:00
D08:300772.SZ:1060:1096,1096,2022-07-11T15:00:00+08:00,FIXED_COOLING,2022-07-11T15:00:00+08:00
D08:603713.SH:1054:1096,1096,2022-07-11T15:00:00+08:00,FIXED_COOLING,2022-07-11T15:00:00+08:00
D08:300486.SZ:1071:1096,1096,2022-07-11T15:00:00+08:00,FIXED_COOLING,2022-07-11T15:00:00+08:00
D08:600917.SH:1065:1097,1097,2022-07-12T15:00:00+08:00,FIXED_COOLING,2022-07-12T15:00:00+08:00
D08:300101.SZ:1065:1099,1099,2022-07-14T15:00:00+08:00,FIXED_COOLING,2022-07-14T15:00:00+08:00
D08:600433.SH:1060:1099,1099,2022-07-14T15:00:00+08:00,FIXED_COOLING,2022-07-14T15:00:00+08:00
D08:002123.SZ:1069:1099,1099,2022-07-14T15:00:00+08:00,FIXED_COOLING,2022-07-14T15:00:00+08:00
D08:300091.SZ:1069:1099,1099,2022-07-14T15:00:00+08:00,FIXED_COOLING,2022-07-14T15:00:00+08:00
D08:002295.SZ:1059:1099,1099,2022-07-14T15:00:00+08:00,FIXED_COOLING,2022-07-14T15:00:00+08:00
D08:300855.SZ:1068:1100,1100,2022-07-15T15:00:00+08:00,FIXED_COOLING,2022-07-15T15:00:00+08:00
D08:000099.SZ:1059:1100,1100,2022-07-15T15:00:00+08:00,FIXED_COOLING,2022-07-15T15:00:00+08:00
D08:300425.SZ:1059:1100,1100,2022-07-15T15:00:00+08:00,FIXED_COOLING,2022-07-15T15:00:00+08:00
D08:300763.SZ:1047:1101,1101,2022-07-18T15:00:00+08:00,FIXED_COOLING,2022-07-18T15:00:00+08:00
D08:300203.SZ:1059:1101,1101,2022-07-18T15:00:00+08:00,FIXED_COOLING,2022-07-18T15:00:00+08:00
D08:300683.SZ:1071:1101,1101,2022-07-18T15:00:00+08:00,FIXED_COOLING,2022-07-18T15:00:00+08:00
D08:300120.SZ:1060:1101,1101,2022-07-18T15:00:00+08:00,FIXED_COOLING,2022-07-18T15:00:00+08:00
D08:603112.SH:1057:1101,1101,2022-07-18T15:00:00+08:00,FIXED_COOLING,2022-07-18T15:00:00+08:00
D08:000586.SZ:1057:1101,1101,2022-07-18T15:00:00+08:00,FIXED_COOLING,2022-07-18T15:00:00+08:00
D08:600261.SH:1061:1101,1101,2022-07-18T15:00:00+08:00,FIXED_COOLING,2022-07-18T15:00:00+08:00
D08:688317.SH:1061:1101,1101,2022-07-18T15:00:00+08:00,FIXED_COOLING,2022-07-18T15:00:00+08:00
D08:000551.SZ:1065:1102,1102,2022-07-19T15:00:00+08:00,FIXED_COOLING,2022-07-19T15:00:00+08:00
D08:300222.SZ:1061:1102,1102,2022-07-19T15:00:00+08:00,FIXED_COOLING,2022-07-19T15:00:00+08:00
D08:300050.SZ:1056:1102,1102,2022-07-19T15:00:00+08:00,FIXED_COOLING,2022-07-19T15:00:00+08:00
D08:002593.SZ:1057:1102,1102,2022-07-19T15:00:00+08:00,FIXED_COOLING,2022-07-19T15:00:00+08:00
D08:603829.SH:1060:1102,1102,2022-07-19T15:00:00+08:00,FIXED_COOLING,2022-07-19T15:00:00+08:00
D08:300281.SZ:1062:1102,1102,2022-07-19T15:00:00+08:00,FIXED_COOLING,2022-07-19T15:00:00+08:00
D08:300858.SZ:1068:1102,1102,2022-07-19T15:00:00+08:00,FIXED_COOLING,2022-07-19T15:00:00+08:00
D08:002560.SZ:1069:1103,1103,2022-07-20T15:00:00+08:00,FIXED_COOLING,2022-07-20T15:00:00+08:00
D08:300910.SZ:1069:1103,1103,2022-07-20T15:00:00+08:00,FIXED_COOLING,2022-07-20T15:00:00+08:00
D08:000159.SZ:1059:1103,1103,2022-07-20T15:00:00+08:00,FIXED_COOLING,2022-07-20T15:00:00+08:00
D08:000852.SZ:1062:1103,1103,2022-07-20T15:00:00+08:00,FIXED_COOLING,2022-07-20T15:00:00+08:00
D08:300410.SZ:1059:1103,1103,2022-07-20T15:00:00+08:00,FIXED_COOLING,2022-07-20T15:00:00+08:00
D08:600128.SH:1061:1103,1103,2022-07-20T15:00:00+08:00,FIXED_COOLING,2022-07-20T15:00:00+08:00
D08:300227.SZ:1061:1103,1103,2022-07-20T15:00:00+08:00,FIXED_COOLING,2022-07-20T15:00:00+08:00
D08:600391.SH:1063:1103,1103,2022-07-20T15:00:00+08:00,FIXED_COOLING,2022-07-20T15:00:00+08:00
D08:300405.SZ:1060:1103,1103,2022-07-20T15:00:00+08:00,FIXED_COOLING,2022-07-20T15:00:00+08:00
D08:600105.SH:1069:1103,1103,2022-07-20T15:00:00+08:00,FIXED_COOLING,2022-07-20T15:00:00+08:00
D08:002752.SZ:1059:1103,1103,2022-07-20T15:00:00+08:00,FIXED_COOLING,2022-07-20T15:00:00+08:00
D08:603878.SH:1069:1103,1103,2022-07-20T15:00:00+08:00,FIXED_COOLING,2022-07-20T15:00:00+08:00
D08:601606.SH:1062:1103,1103,2022-07-20T15:00:00+08:00,FIXED_COOLING,2022-07-20T15:00:00+08:00
D08:002391.SZ:1057:1103,1103,2022-07-20T15:00:00+08:00,FIXED_COOLING,2022-07-20T15:00:00+08:00
D08:688215.SH:1061:1103,1103,2022-07-20T15:00:00+08:00,FIXED_COOLING,2022-07-20T15:00:00+08:00
D08:002790.SZ:1059:1104,1104,2022-07-21T15:00:00+08:00,FIXED_COOLING,2022-07-21T15:00:00+08:00
D08:300506.SZ:1070:1104,1104,2022-07-21T15:00:00+08:00,FIXED_COOLING,2022-07-21T15:00:00+08:00
D08:603733.SH:1069:1104,1104,2022-07-21T15:00:00+08:00,FIXED_COOLING,2022-07-21T15:00:00+08:00
D08:002617.SZ:1070:1104,1104,2022-07-21T15:00:00+08:00,FIXED_COOLING,2022-07-21T15:00:00+08:00
D08:300444.SZ:1060:1104,1104,2022-07-21T15:00:00+08:00,FIXED_COOLING,2022-07-21T15:00:00+08:00
D08:003015.SZ:1057:1104,1104,2022-07-21T15:00:00+08:00,FIXED_COOLING,2022-07-21T15:00:00+08:00
D08:300554.SZ:1059:1104,1104,2022-07-21T15:00:00+08:00,FIXED_COOLING,2022-07-21T15:00:00+08:00
D08:600353.SH:1053:1105,1105,2022-07-22T15:00:00+08:00,FIXED_COOLING,2022-07-22T15:00:00+08:00
D08:002741.SZ:1057:1105,1105,2022-07-22T15:00:00+08:00,FIXED_COOLING,2022-07-22T15:00:00+08:00
D08:600523.SH:1059:1105,1105,2022-07-22T15:00:00+08:00,FIXED_COOLING,2022-07-22T15:00:00+08:00
D08:002675.SZ:1056:1105,1105,2022-07-22T15:00:00+08:00,FIXED_COOLING,2022-07-22T15:00:00+08:00
D08:300283.SZ:1061:1105,1105,2022-07-22T15:00:00+08:00,FIXED_COOLING,2022-07-22T15:00:00+08:00
D08:002967.SZ:1067:1106,1106,2022-07-25T15:00:00+08:00,FIXED_COOLING,2022-07-25T15:00:00+08:00
D08:600129.SH:1068:1106,1106,2022-07-25T15:00:00+08:00,FIXED_COOLING,2022-07-25T15:00:00+08:00
D08:603609.SH:1062:1106,1106,2022-07-25T15:00:00+08:00,FIXED_COOLING,2022-07-25T15:00:00+08:00
D08:002344.SZ:1057:1106,1106,2022-07-25T15:00:00+08:00,FIXED_COOLING,2022-07-25T15:00:00+08:00
D08:603611.SH:1070:1107,1107,2022-07-26T15:00:00+08:00,FIXED_COOLING,2022-07-26T15:00:00+08:00
D08:601798.SH:1059:1107,1107,2022-07-26T15:00:00+08:00,FIXED_COOLING,2022-07-26T15:00:00+08:00
D08:600444.SH:1059:1107,1107,2022-07-26T15:00:00+08:00,FIXED_COOLING,2022-07-26T15:00:00+08:00
D08:300416.SZ:1053:1107,1107,2022-07-26T15:00:00+08:00,FIXED_COOLING,2022-07-26T15:00:00+08:00
D08:002787.SZ:1056:1107,1107,2022-07-26T15:00:00+08:00,FIXED_COOLING,2022-07-26T15:00:00+08:00
D08:002842.SZ:1061:1107,1107,2022-07-26T15:00:00+08:00,FIXED_COOLING,2022-07-26T15:00:00+08:00
D08:000008.SZ:1061:1107,1107,2022-07-26T15:00:00+08:00,FIXED_COOLING,2022-07-26T15:00:00+08:00
D08:603196.SH:1059:1107,1107,2022-07-26T15:00:00+08:00,FIXED_COOLING,2022-07-26T15:00:00+08:00
D08:000565.SZ:1067:1108,1108,2022-07-27T15:00:00+08:00,FIXED_COOLING,2022-07-27T15:00:00+08:00
D08:300808.SZ:1069:1108,1108,2022-07-27T15:00:00+08:00,FIXED_COOLING,2022-07-27T15:00:00+08:00
D08:300508.SZ:1070:1108,1108,2022-07-27T15:00:00+08:00,FIXED_COOLING,2022-07-27T15:00:00+08:00
D08:603499.SH:1057:1108,1108,2022-07-27T15:00:00+08:00,FIXED_COOLING,2022-07-27T15:00:00+08:00
D08:603898.SH:1061:1108,1108,2022-07-27T15:00:00+08:00,FIXED_COOLING,2022-07-27T15:00:00+08:00
D08:300515.SZ:1060:1108,1108,2022-07-27T15:00:00+08:00,FIXED_COOLING,2022-07-27T15:00:00+08:00
D08:600302.SH:1059:1108,1108,2022-07-27T15:00:00+08:00,FIXED_COOLING,2022-07-27T15:00:00+08:00
D08:002908.SZ:1059:1108,1108,2022-07-27T15:00:00+08:00,FIXED_COOLING,2022-07-27T15:00:00+08:00
D08:300818.SZ:1062:1108,1108,2022-07-27T15:00:00+08:00,FIXED_COOLING,2022-07-27T15:00:00+08:00
D08:300154.SZ:1062:1108,1108,2022-07-27T15:00:00+08:00,FIXED_COOLING,2022-07-27T15:00:00+08:00
D08:002760.SZ:1069:1108,1108,2022-07-27T15:00:00+08:00,FIXED_COOLING,2022-07-27T15:00:00+08:00
D08:300644.SZ:1061:1108,1108,2022-07-27T15:00:00+08:00,FIXED_COOLING,2022-07-27T15:00:00+08:00
D08:600619.SH:1062:1108,1108,2022-07-27T15:00:00+08:00,FIXED_COOLING,2022-07-27T15:00:00+08:00
D08:000973.SZ:1061:1108,1108,2022-07-27T15:00:00+08:00,FIXED_COOLING,2022-07-27T15:00:00+08:00
D08:600333.SH:1062:1108,1108,2022-07-27T15:00:00+08:00,FIXED_COOLING,2022-07-27T15:00:00+08:00
D08:002303.SZ:1062:1108,1108,2022-07-27T15:00:00+08:00,FIXED_COOLING,2022-07-27T15:00:00+08:00
D08:002998.SZ:1059:1108,1108,2022-07-27T15:00:00+08:00,FIXED_COOLING,2022-07-27T15:00:00+08:00
D08:688379.SH:1069:1108,1108,2022-07-27T15:00:00+08:00,FIXED_COOLING,2022-07-27T15:00:00+08:00
D08:601139.SH:1061:1108,1108,2022-07-27T15:00:00+08:00,FIXED_COOLING,2022-07-27T15:00:00+08:00
D08:600894.SH:1062:1108,1108,2022-07-27T15:00:00+08:00,FIXED_COOLING,2022-07-27T15:00:00+08:00
D08:603011.SH:1069:1109,1109,2022-07-28T15:00:00+08:00,FIXED_COOLING,2022-07-28T15:00:00+08:00
D08:002123.SZ:1069:1109,1109,2022-07-28T15:00:00+08:00,FIXED_COOLING,2022-07-28T15:00:00+08:00
D08:300629.SZ:1068:1109,1109,2022-07-28T15:00:00+08:00,FIXED_COOLING,2022-07-28T15:00:00+08:00
D08:300160.SZ:1053:1109,1109,2022-07-28T15:00:00+08:00,FIXED_COOLING,2022-07-28T15:00:00+08:00
D08:300112.SZ:1062:1109,1109,2022-07-28T15:00:00+08:00,FIXED_COOLING,2022-07-28T15:00:00+08:00
D08:688160.SH:1068:1109,1109,2022-07-28T15:00:00+08:00,FIXED_COOLING,2022-07-28T15:00:00+08:00
D08:300488.SZ:1062:1109,1109,2022-07-28T15:00:00+08:00,FIXED_COOLING,2022-07-28T15:00:00+08:00
D08:002890.SZ:1071:1109,1109,2022-07-28T15:00:00+08:00,FIXED_COOLING,2022-07-28T15:00:00+08:00
D08:300195.SZ:1071:1109,1109,2022-07-28T15:00:00+08:00,FIXED_COOLING,2022-07-28T15:00:00+08:00
D08:300127.SZ:1070:1109,1109,2022-07-28T15:00:00+08:00,FIXED_COOLING,2022-07-28T15:00:00+08:00
D08:300091.SZ:1062:1109,1109,2022-07-28T15:00:00+08:00,FIXED_COOLING,2022-07-28T15:00:00+08:00
D08:688577.SH:1069:1109,1109,2022-07-28T15:00:00+08:00,FIXED_COOLING,2022-07-28T15:00:00+08:00
D08:603320.SH:1061:1109,1109,2022-07-28T15:00:00+08:00,FIXED_COOLING,2022-07-28T15:00:00+08:00
D08:300594.SZ:1062:1109,1109,2022-07-28T15:00:00+08:00,FIXED_COOLING,2022-07-28T15:00:00+08:00
D08:300126.SZ:1070:1109,1109,2022-07-28T15:00:00+08:00,FIXED_COOLING,2022-07-28T15:00:00+08:00
D08:002401.SZ:1061:1109,1109,2022-07-28T15:00:00+08:00,FIXED_COOLING,2022-07-28T15:00:00+08:00
D08:605058.SH:1069:1109,1109,2022-07-28T15:00:00+08:00,FIXED_COOLING,2022-07-28T15:00:00+08:00
D08:688328.SH:1069:1109,1109,2022-07-28T15:00:00+08:00,FIXED_COOLING,2022-07-28T15:00:00+08:00
D08:000823.SZ:1062:1109,1109,2022-07-28T15:00:00+08:00,FIXED_COOLING,2022-07-28T15:00:00+08:00
D08:000409.SZ:1060:1109,1109,2022-07-28T15:00:00+08:00,FIXED_COOLING,2022-07-28T15:00:00+08:00
D08:603041.SH:1061:1109,1109,2022-07-28T15:00:00+08:00,FIXED_COOLING,2022-07-28T15:00:00+08:00
D08:300193.SZ:1057:1109,1109,2022-07-28T15:00:00+08:00,FIXED_COOLING,2022-07-28T15:00:00+08:00
D08:300441.SZ:1069:1109,1109,2022-07-28T15:00:00+08:00,FIXED_COOLING,2022-07-28T15:00:00+08:00
D08:300862.SZ:1069:1109,1109,2022-07-28T15:00:00+08:00,FIXED_COOLING,2022-07-28T15:00:00+08:00
D08:300445.SZ:1068:1109,1109,2022-07-28T15:00:00+08:00,FIXED_COOLING,2022-07-28T15:00:00+08:00
D08:688092.SH:1069:1109,1109,2022-07-28T15:00:00+08:00,FIXED_COOLING,2022-07-28T15:00:00+08:00
D08:300687.SZ:1062:1109,1109,2022-07-28T15:00:00+08:00,FIXED_COOLING,2022-07-28T15:00:00+08:00
D08:603860.SH:1060:1109,1109,2022-07-28T15:00:00+08:00,FIXED_COOLING,2022-07-28T15:00:00+08:00
D08:688312.SH:1069:1109,1109,2022-07-28T15:00:00+08:00,FIXED_COOLING,2022-07-28T15:00:00+08:00
D08:002324.SZ:1057:1110,1110,2022-07-29T15:00:00+08:00,FIXED_COOLING,2022-07-29T15:00:00+08:00
D08:002017.SZ:1059:1110,1110,2022-07-29T15:00:00+08:00,FIXED_COOLING,2022-07-29T15:00:00+08:00
D08:002929.SZ:1061:1110,1110,2022-07-29T15:00:00+08:00,FIXED_COOLING,2022-07-29T15:00:00+08:00
D08:002048.SZ:1069:1110,1110,2022-07-29T15:00:00+08:00,FIXED_COOLING,2022-07-29T15:00:00+08:00
D08:688328.SH:1061:1110,1110,2022-07-29T15:00:00+08:00,FIXED_COOLING,2022-07-29T15:00:00+08:00
D08:300324.SZ:1069:1110,1110,2022-07-29T15:00:00+08:00,FIXED_COOLING,2022-07-29T15:00:00+08:00
D08:002912.SZ:1061:1110,1110,2022-07-29T15:00:00+08:00,FIXED_COOLING,2022-07-29T15:00:00+08:00
D08:300018.SZ:1062:1110,1110,2022-07-29T15:00:00+08:00,FIXED_COOLING,2022-07-29T15:00:00+08:00
D08:688335.SH:1055:1110,1110,2022-07-29T15:00:00+08:00,FIXED_COOLING,2022-07-29T15:00:00+08:00
D08:300319.SZ:1059:1111,1111,2022-08-01T15:00:00+08:00,FIXED_COOLING,2022-08-01T15:00:00+08:00
D08:600768.SH:1059:1111,1111,2022-08-01T15:00:00+08:00,FIXED_COOLING,2022-08-01T15:00:00+08:00
D08:688199.SH:1068:1111,1111,2022-08-01T15:00:00+08:00,FIXED_COOLING,2022-08-01T15:00:00+08:00
D08:300538.SZ:1060:1111,1111,2022-08-01T15:00:00+08:00,FIXED_COOLING,2022-08-01T15:00:00+08:00
D08:605060.SH:1062:1112,1112,2022-08-02T15:00:00+08:00,FIXED_COOLING,2022-08-02T15:00:00+08:00
D08:300123.SZ:1062:1112,1112,2022-08-02T15:00:00+08:00,FIXED_COOLING,2022-08-02T15:00:00+08:00
D08:000159.SZ:1059:1113,1113,2022-08-03T15:00:00+08:00,FIXED_COOLING,2022-08-03T15:00:00+08:00
D08:688369.SH:1062:1114,1114,2022-08-04T15:00:00+08:00,FIXED_COOLING,2022-08-04T15:00:00+08:00
D08:300590.SZ:1069:1115,1115,2022-08-05T15:00:00+08:00,FIXED_COOLING,2022-08-05T15:00:00+08:00
D08:600877.SH:1067:1115,1115,2022-08-05T15:00:00+08:00,FIXED_COOLING,2022-08-05T15:00:00+08:00
D08:603933.SH:1069:1115,1115,2022-08-05T15:00:00+08:00,FIXED_COOLING,2022-08-05T15:00:00+08:00
D08:300303.SZ:1070:1115,1115,2022-08-05T15:00:00+08:00,FIXED_COOLING,2022-08-05T15:00:00+08:00
D08:600106.SH:1062:1115,1115,2022-08-05T15:00:00+08:00,FIXED_COOLING,2022-08-05T15:00:00+08:00
D08:300139.SZ:1058:1115,1115,2022-08-05T15:00:00+08:00,FIXED_COOLING,2022-08-05T15:00:00+08:00
D08:688181.SH:1068:1115,1115,2022-08-05T15:00:00+08:00,FIXED_COOLING,2022-08-05T15:00:00+08:00
D08:688418.SH:1069:1115,1115,2022-08-05T15:00:00+08:00,FIXED_COOLING,2022-08-05T15:00:00+08:00
D08:603859.SH:1061:1116,1116,2022-08-08T15:00:00+08:00,FIXED_COOLING,2022-08-08T15:00:00+08:00
D08:603890.SH:1061:1116,1116,2022-08-08T15:00:00+08:00,FIXED_COOLING,2022-08-08T15:00:00+08:00
D08:688288.SH:1062:1116,1116,2022-08-08T15:00:00+08:00,FIXED_COOLING,2022-08-08T15:00:00+08:00
D08:300566.SZ:1061:1116,1116,2022-08-08T15:00:00+08:00,FIXED_COOLING,2022-08-08T15:00:00+08:00
D08:603822.SH:1062:1117,1117,2022-08-09T15:00:00+08:00,FIXED_COOLING,2022-08-09T15:00:00+08:00
D08:603339.SH:1060:1117,1117,2022-08-09T15:00:00+08:00,FIXED_COOLING,2022-08-09T15:00:00+08:00
D08:002856.SZ:1059:1117,1117,2022-08-09T15:00:00+08:00,FIXED_COOLING,2022-08-09T15:00:00+08:00
D08:002836.SZ:1059:1117,1117,2022-08-09T15:00:00+08:00,FIXED_COOLING,2022-08-09T15:00:00+08:00
D08:300219.SZ:1061:1117,1117,2022-08-09T15:00:00+08:00,FIXED_COOLING,2022-08-09T15:00:00+08:00
D08:300252.SZ:1062:1117,1117,2022-08-09T15:00:00+08:00,FIXED_COOLING,2022-08-09T15:00:00+08:00
D08:603131.SH:1062:1117,1117,2022-08-09T15:00:00+08:00,FIXED_COOLING,2022-08-09T15:00:00+08:00
D08:688519.SH:1059:1117,1117,2022-08-09T15:00:00+08:00,FIXED_COOLING,2022-08-09T15:00:00+08:00
D08:300365.SZ:1062:1118,1118,2022-08-10T15:00:00+08:00,FIXED_COOLING,2022-08-10T15:00:00+08:00
D08:002783.SZ:1060:1118,1118,2022-08-10T15:00:00+08:00,FIXED_COOLING,2022-08-10T15:00:00+08:00
D08:000811.SZ:1060:1118,1118,2022-08-10T15:00:00+08:00,FIXED_COOLING,2022-08-10T15:00:00+08:00
D08:688089.SH:1070:1118,1118,2022-08-10T15:00:00+08:00,FIXED_COOLING,2022-08-10T15:00:00+08:00
D08:688510.SH:1069:1118,1118,2022-08-10T15:00:00+08:00,FIXED_COOLING,2022-08-10T15:00:00+08:00
D08:002998.SZ:1059:1118,1118,2022-08-10T15:00:00+08:00,FIXED_COOLING,2022-08-10T15:00:00+08:00
D08:002014.SZ:1059:1118,1118,2022-08-10T15:00:00+08:00,FIXED_COOLING,2022-08-10T15:00:00+08:00
D08:300654.SZ:1060:1118,1118,2022-08-10T15:00:00+08:00,FIXED_COOLING,2022-08-10T15:00:00+08:00
D08:688669.SH:1062:1118,1118,2022-08-10T15:00:00+08:00,FIXED_COOLING,2022-08-10T15:00:00+08:00
D08:300669.SZ:1061:1118,1118,2022-08-10T15:00:00+08:00,FIXED_COOLING,2022-08-10T15:00:00+08:00
D08:688215.SH:1061:1118,1118,2022-08-10T15:00:00+08:00,FIXED_COOLING,2022-08-10T15:00:00+08:00
D08:600160.SH:1071:1119,1119,2022-08-11T15:00:00+08:00,FIXED_COOLING,2022-08-11T15:00:00+08:00
D08:002660.SZ:1060:1119,1119,2022-08-11T15:00:00+08:00,FIXED_COOLING,2022-08-11T15:00:00+08:00
D08:002587.SZ:1061:1119,1119,2022-08-11T15:00:00+08:00,FIXED_COOLING,2022-08-11T15:00:00+08:00
D08:300472.SZ:1060:1119,1119,2022-08-11T15:00:00+08:00,FIXED_COOLING,2022-08-11T15:00:00+08:00
D08:300410.SZ:1059:1119,1119,2022-08-11T15:00:00+08:00,FIXED_COOLING,2022-08-11T15:00:00+08:00
D08:300162.SZ:1061:1119,1119,2022-08-11T15:00:00+08:00,FIXED_COOLING,2022-08-11T15:00:00+08:00
D08:002690.SZ:1068:1119,1119,2022-08-11T15:00:00+08:00,FIXED_COOLING,2022-08-11T15:00:00+08:00
D08:300594.SZ:1069:1119,1119,2022-08-11T15:00:00+08:00,FIXED_COOLING,2022-08-11T15:00:00+08:00
D08:300701.SZ:1069:1119,1119,2022-08-11T15:00:00+08:00,FIXED_COOLING,2022-08-11T15:00:00+08:00
D08:603022.SH:1062:1119,1119,2022-08-11T15:00:00+08:00,FIXED_COOLING,2022-08-11T15:00:00+08:00
D08:000920.SZ:1061:1119,1119,2022-08-11T15:00:00+08:00,FIXED_COOLING,2022-08-11T15:00:00+08:00
D08:000823.SZ:1062:1119,1119,2022-08-11T15:00:00+08:00,FIXED_COOLING,2022-08-11T15:00:00+08:00
D08:603888.SH:1061:1119,1119,2022-08-11T15:00:00+08:00,FIXED_COOLING,2022-08-11T15:00:00+08:00
D08:603116.SH:1062:1119,1119,2022-08-11T15:00:00+08:00,FIXED_COOLING,2022-08-11T15:00:00+08:00
D08:300582.SZ:1060:1119,1119,2022-08-11T15:00:00+08:00,FIXED_COOLING,2022-08-11T15:00:00+08:00
D08:002792.SZ:1087:1119,1119,2022-08-11T15:00:00+08:00,FIXED_COOLING,2022-08-11T15:00:00+08:00
D08:600261.SH:1061:1119,1119,2022-08-11T15:00:00+08:00,FIXED_COOLING,2022-08-11T15:00:00+08:00
D08:002942.SZ:1062:1119,1119,2022-08-11T15:00:00+08:00,FIXED_COOLING,2022-08-11T15:00:00+08:00
D08:300085.SZ:1062:1119,1119,2022-08-11T15:00:00+08:00,FIXED_COOLING,2022-08-11T15:00:00+08:00
D08:300002.SZ:1062:1119,1119,2022-08-11T15:00:00+08:00,FIXED_COOLING,2022-08-11T15:00:00+08:00
D08:600500.SH:1061:1119,1119,2022-08-11T15:00:00+08:00,FIXED_COOLING,2022-08-11T15:00:00+08:00
D08:300088.SZ:1059:1119,1119,2022-08-11T15:00:00+08:00,FIXED_COOLING,2022-08-11T15:00:00+08:00
D08:300246.SZ:1071:1119,1119,2022-08-11T15:00:00+08:00,FIXED_COOLING,2022-08-11T15:00:00+08:00
D08:688393.SH:1068:1119,1119,2022-08-11T15:00:00+08:00,FIXED_COOLING,2022-08-11T15:00:00+08:00
D08:688338.SH:1069:1119,1119,2022-08-11T15:00:00+08:00,FIXED_COOLING,2022-08-11T15:00:00+08:00
D08:688009.SH:1061:1119,1119,2022-08-11T15:00:00+08:00,FIXED_COOLING,2022-08-11T15:00:00+08:00
D08:002787.SZ:1071:1120,1120,2022-08-12T15:00:00+08:00,FIXED_COOLING,2022-08-12T15:00:00+08:00
D08:601636.SH:1061:1120,1120,2022-08-12T15:00:00+08:00,FIXED_COOLING,2022-08-12T15:00:00+08:00
D08:600497.SH:1071:1120,1120,2022-08-12T15:00:00+08:00,FIXED_COOLING,2022-08-12T15:00:00+08:00
D08:002827.SZ:1062:1120,1120,2022-08-12T15:00:00+08:00,FIXED_COOLING,2022-08-12T15:00:00+08:00
D08:600333.SH:1062:1120,1120,2022-08-12T15:00:00+08:00,FIXED_COOLING,2022-08-12T15:00:00+08:00
D08:002303.SZ:1062:1120,1120,2022-08-12T15:00:00+08:00,FIXED_COOLING,2022-08-12T15:00:00+08:00
D08:601678.SH:1060:1120,1120,2022-08-12T15:00:00+08:00,FIXED_COOLING,2022-08-12T15:00:00+08:00
D08:600107.SH:1062:1121,1121,2022-08-15T15:00:00+08:00,FIXED_COOLING,2022-08-15T15:00:00+08:00
D08:002691.SZ:1061:1121,1121,2022-08-15T15:00:00+08:00,FIXED_COOLING,2022-08-15T15:00:00+08:00
D08:002634.SZ:1062:1121,1121,2022-08-15T15:00:00+08:00,FIXED_COOLING,2022-08-15T15:00:00+08:00
D08:300018.SZ:1062:1121,1121,2022-08-15T15:00:00+08:00,FIXED_COOLING,2022-08-15T15:00:00+08:00
D08:002004.SZ:1069:1121,1121,2022-08-15T15:00:00+08:00,FIXED_COOLING,2022-08-15T15:00:00+08:00
D08:300193.SZ:1070:1121,1121,2022-08-15T15:00:00+08:00,FIXED_COOLING,2022-08-15T15:00:00+08:00
D08:002165.SZ:1062:1121,1121,2022-08-15T15:00:00+08:00,FIXED_COOLING,2022-08-15T15:00:00+08:00
D08:000962.SZ:1070:1121,1121,2022-08-15T15:00:00+08:00,FIXED_COOLING,2022-08-15T15:00:00+08:00
D08:003008.SZ:1069:1121,1121,2022-08-15T15:00:00+08:00,FIXED_COOLING,2022-08-15T15:00:00+08:00
D08:000060.SZ:1061:1121,1121,2022-08-15T15:00:00+08:00,FIXED_COOLING,2022-08-15T15:00:00+08:00
D08:603699.SH:1062:1121,1121,2022-08-15T15:00:00+08:00,FIXED_COOLING,2022-08-15T15:00:00+08:00
D08:601011.SH:1061:1121,1121,2022-08-15T15:00:00+08:00,FIXED_COOLING,2022-08-15T15:00:00+08:00
D08:300457.SZ:1069:1122,1122,2022-08-16T15:00:00+08:00,FIXED_COOLING,2022-08-16T15:00:00+08:00
D08:002255.SZ:1062:1122,1122,2022-08-16T15:00:00+08:00,FIXED_COOLING,2022-08-16T15:00:00+08:00
D08:300943.SZ:1070:1122,1122,2022-08-16T15:00:00+08:00,FIXED_COOLING,2022-08-16T15:00:00+08:00
D08:002130.SZ:1071:1122,1122,2022-08-16T15:00:00+08:00,FIXED_COOLING,2022-08-16T15:00:00+08:00
D08:300154.SZ:1062:1122,1122,2022-08-16T15:00:00+08:00,FIXED_COOLING,2022-08-16T15:00:00+08:00
D08:002752.SZ:1071:1122,1122,2022-08-16T15:00:00+08:00,FIXED_COOLING,2022-08-16T15:00:00+08:00
D08:605318.SH:1068:1122,1122,2022-08-16T15:00:00+08:00,FIXED_COOLING,2022-08-16T15:00:00+08:00
D08:601616.SH:1068:1122,1122,2022-08-16T15:00:00+08:00,FIXED_COOLING,2022-08-16T15:00:00+08:00
D08:603321.SH:1062:1122,1122,2022-08-16T15:00:00+08:00,FIXED_COOLING,2022-08-16T15:00:00+08:00
D08:300405.SZ:1071:1122,1122,2022-08-16T15:00:00+08:00,FIXED_COOLING,2022-08-16T15:00:00+08:00
D08:300172.SZ:1071:1122,1122,2022-08-16T15:00:00+08:00,FIXED_COOLING,2022-08-16T15:00:00+08:00
D08:300535.SZ:1062:1122,1122,2022-08-16T15:00:00+08:00,FIXED_COOLING,2022-08-16T15:00:00+08:00
D08:300430.SZ:1069:1122,1122,2022-08-16T15:00:00+08:00,FIXED_COOLING,2022-08-16T15:00:00+08:00
D08:300897.SZ:1062:1122,1122,2022-08-16T15:00:00+08:00,FIXED_COOLING,2022-08-16T15:00:00+08:00
D08:300838.SZ:1069:1122,1122,2022-08-16T15:00:00+08:00,FIXED_COOLING,2022-08-16T15:00:00+08:00
D08:000910.SZ:1068:1122,1122,2022-08-16T15:00:00+08:00,FIXED_COOLING,2022-08-16T15:00:00+08:00
D08:002825.SZ:1069:1123,1123,2022-08-17T15:00:00+08:00,FIXED_COOLING,2022-08-17T15:00:00+08:00
D08:003036.SZ:1069:1123,1123,2022-08-17T15:00:00+08:00,FIXED_COOLING,2022-08-17T15:00:00+08:00
D08:002296.SZ:1069:1123,1123,2022-08-17T15:00:00+08:00,FIXED_COOLING,2022-08-17T15:00:00+08:00
D08:603269.SH:1069:1123,1123,2022-08-17T15:00:00+08:00,FIXED_COOLING,2022-08-17T15:00:00+08:00
D08:300091.SZ:1069:1123,1123,2022-08-17T15:00:00+08:00,FIXED_COOLING,2022-08-17T15:00:00+08:00
D08:603053.SH:1067:1123,1123,2022-08-17T15:00:00+08:00,FIXED_COOLING,2022-08-17T15:00:00+08:00
D08:002326.SZ:1070:1123,1123,2022-08-17T15:00:00+08:00,FIXED_COOLING,2022-08-17T15:00:00+08:00
D08:600217.SH:1067:1123,1123,2022-08-17T15:00:00+08:00,FIXED_COOLING,2022-08-17T15:00:00+08:00
D08:600735.SH:1065:1123,1123,2022-08-17T15:00:00+08:00,FIXED_COOLING,2022-08-17T15:00:00+08:00
D08:300296.SZ:1070:1123,1123,2022-08-17T15:00:00+08:00,FIXED_COOLING,2022-08-17T15:00:00+08:00
D08:605186.SH:1069:1124,1124,2022-08-18T15:00:00+08:00,FIXED_COOLING,2022-08-18T15:00:00+08:00
D08:300557.SZ:1067:1124,1124,2022-08-18T15:00:00+08:00,FIXED_COOLING,2022-08-18T15:00:00+08:00
D08:600237.SH:1069:1124,1124,2022-08-18T15:00:00+08:00,FIXED_COOLING,2022-08-18T15:00:00+08:00
D08:000811.SZ:1070:1124,1124,2022-08-18T15:00:00+08:00,FIXED_COOLING,2022-08-18T15:00:00+08:00
D08:300543.SZ:1070:1124,1124,2022-08-18T15:00:00+08:00,FIXED_COOLING,2022-08-18T15:00:00+08:00
D08:002263.SZ:1071:1124,1124,2022-08-18T15:00:00+08:00,FIXED_COOLING,2022-08-18T15:00:00+08:00
D08:605218.SH:1068:1124,1124,2022-08-18T15:00:00+08:00,FIXED_COOLING,2022-08-18T15:00:00+08:00
D08:002442.SZ:1067:1124,1124,2022-08-18T15:00:00+08:00,FIXED_COOLING,2022-08-18T15:00:00+08:00
D08:002849.SZ:1068:1124,1124,2022-08-18T15:00:00+08:00,FIXED_COOLING,2022-08-18T15:00:00+08:00
D08:300102.SZ:1070:1124,1124,2022-08-18T15:00:00+08:00,FIXED_COOLING,2022-08-18T15:00:00+08:00
D08:300232.SZ:1070:1124,1124,2022-08-18T15:00:00+08:00,FIXED_COOLING,2022-08-18T15:00:00+08:00
D08:300283.SZ:1069:1124,1124,2022-08-18T15:00:00+08:00,FIXED_COOLING,2022-08-18T15:00:00+08:00
D08:300708.SZ:1070:1124,1124,2022-08-18T15:00:00+08:00,FIXED_COOLING,2022-08-18T15:00:00+08:00
D08:300862.SZ:1069:1124,1124,2022-08-18T15:00:00+08:00,FIXED_COOLING,2022-08-18T15:00:00+08:00
D08:300697.SZ:1070:1124,1124,2022-08-18T15:00:00+08:00,FIXED_COOLING,2022-08-18T15:00:00+08:00
D08:603167.SH:1066:1124,1124,2022-08-18T15:00:00+08:00,FIXED_COOLING,2022-08-18T15:00:00+08:00
D08:688679.SH:1069:1124,1124,2022-08-18T15:00:00+08:00,FIXED_COOLING,2022-08-18T15:00:00+08:00
D08:688589.SH:1069:1124,1124,2022-08-18T15:00:00+08:00,FIXED_COOLING,2022-08-18T15:00:00+08:00
D08:002988.SZ:1070:1125,1125,2022-08-19T15:00:00+08:00,FIXED_COOLING,2022-08-19T15:00:00+08:00
D08:600173.SH:1072:1125,1125,2022-08-19T15:00:00+08:00,FIXED_COOLING,2022-08-19T15:00:00+08:00
D08:300315.SZ:1070:1126,1126,2022-08-22T15:00:00+08:00,FIXED_COOLING,2022-08-22T15:00:00+08:00
D08:603679.SH:1069:1127,1127,2022-08-23T15:00:00+08:00,FIXED_COOLING,2022-08-23T15:00:00+08:00
D08:601226.SH:1067:1127,1127,2022-08-23T15:00:00+08:00,FIXED_COOLING,2022-08-23T15:00:00+08:00
D08:601609.SH:1070:1127,1127,2022-08-23T15:00:00+08:00,FIXED_COOLING,2022-08-23T15:00:00+08:00
D08:300509.SZ:1070:1127,1127,2022-08-23T15:00:00+08:00,FIXED_COOLING,2022-08-23T15:00:00+08:00
D08:603099.SH:1067:1127,1127,2022-08-23T15:00:00+08:00,FIXED_COOLING,2022-08-23T15:00:00+08:00
D08:000537.SZ:1120:1138,1138,2022-09-07T15:00:00+08:00,FIXED_COOLING,2022-09-07T15:00:00+08:00
D08:001979.SZ:1088:1140,1140,2022-09-09T15:00:00+08:00,FIXED_COOLING,2022-09-09T15:00:00+08:00
D08:600985.SH:1116:1140,1140,2022-09-09T15:00:00+08:00,FIXED_COOLING,2022-09-09T15:00:00+08:00
D08:002831.SZ:1119:1167,1167,2022-10-26T15:00:00+08:00,FIXED_COOLING,2022-10-26T15:00:00+08:00
D08:600998.SH:1126:1168,1168,2022-10-27T15:00:00+08:00,FIXED_COOLING,2022-10-27T15:00:00+08:00
D08:300765.SZ:1158:1177,1177,2022-11-09T15:00:00+08:00,FIXED_COOLING,2022-11-09T15:00:00+08:00
D08:300452.SZ:1159:1177,1177,2022-11-09T15:00:00+08:00,FIXED_COOLING,2022-11-09T15:00:00+08:00
D08:300245.SZ:1158:1178,1178,2022-11-10T15:00:00+08:00,FIXED_COOLING,2022-11-10T15:00:00+08:00
D08:603815.SH:1133:1183,1183,2022-11-17T15:00:00+08:00,FIXED_COOLING,2022-11-17T15:00:00+08:00
D08:688588.SH:1167:1183,1183,2022-11-17T15:00:00+08:00,FIXED_COOLING,2022-11-17T15:00:00+08:00
D08:300962.SZ:1157:1184,1184,2022-11-18T15:00:00+08:00,FIXED_COOLING,2022-11-18T15:00:00+08:00
D08:000029.SZ:1168:1184,1184,2022-11-18T15:00:00+08:00,FIXED_COOLING,2022-11-18T15:00:00+08:00
D08:600312.SH:1167:1184,1184,2022-11-18T15:00:00+08:00,FIXED_COOLING,2022-11-18T15:00:00+08:00
D08:300706.SZ:1163:1185,1185,2022-11-21T15:00:00+08:00,FIXED_COOLING,2022-11-21T15:00:00+08:00
D08:601000.SH:1127:1187,1187,2022-11-23T15:00:00+08:00,FIXED_COOLING,2022-11-23T15:00:00+08:00
D08:600478.SH:1172:1188,1188,2022-11-24T15:00:00+08:00,FIXED_COOLING,2022-11-24T15:00:00+08:00
D08:000608.SZ:1175:1191,1191,2022-11-29T15:00:00+08:00,FIXED_COOLING,2022-11-29T15:00:00+08:00
D08:600895.SH:1170:1191,1191,2022-11-29T15:00:00+08:00,FIXED_COOLING,2022-11-29T15:00:00+08:00
D08:600936.SH:1172:1191,1191,2022-11-29T15:00:00+08:00,FIXED_COOLING,2022-11-29T15:00:00+08:00
D08:002159.SZ:1171:1191,1191,2022-11-29T15:00:00+08:00,FIXED_COOLING,2022-11-29T15:00:00+08:00
D08:603103.SH:1167:1191,1191,2022-11-29T15:00:00+08:00,FIXED_COOLING,2022-11-29T15:00:00+08:00
D08:603303.SH:1171:1193,1193,2022-12-01T15:00:00+08:00,FIXED_COOLING,2022-12-01T15:00:00+08:00
D08:300793.SZ:1168:1193,1193,2022-12-01T15:00:00+08:00,FIXED_COOLING,2022-12-01T15:00:00+08:00
D08:600353.SH:1163:1193,1193,2022-12-01T15:00:00+08:00,FIXED_COOLING,2022-12-01T15:00:00+08:00
D08:600219.SH:1168:1193,1193,2022-12-01T15:00:00+08:00,FIXED_COOLING,2022-12-01T15:00:00+08:00
D08:603518.SH:1172:1194,1194,2022-12-02T15:00:00+08:00,FIXED_COOLING,2022-12-02T15:00:00+08:00
D08:600626.SH:1171:1195,1195,2022-12-05T15:00:00+08:00,FIXED_COOLING,2022-12-05T15:00:00+08:00
D08:688396.SH:1163:1196,1196,2022-12-06T15:00:00+08:00,FIXED_COOLING,2022-12-06T15:00:00+08:00
D08:603059.SH:1170:1197,1197,2022-12-07T15:00:00+08:00,FIXED_COOLING,2022-12-07T15:00:00+08:00
D08:000538.SZ:1141:1198,1198,2022-12-08T15:00:00+08:00,FIXED_COOLING,2022-12-08T15:00:00+08:00
D08:601995.SH:1171:1198,1198,2022-12-08T15:00:00+08:00,FIXED_COOLING,2022-12-08T15:00:00+08:00
D08:000910.SZ:1174:1199,1199,2022-12-09T15:00:00+08:00,FIXED_COOLING,2022-12-09T15:00:00+08:00
D08:002838.SZ:1181:1200,1200,2022-12-12T15:00:00+08:00,FIXED_COOLING,2022-12-12T15:00:00+08:00
D08:600433.SH:1175:1201,1201,2022-12-13T15:00:00+08:00,FIXED_COOLING,2022-12-13T15:00:00+08:00
D08:688366.SH:1167:1202,1202,2022-12-14T15:00:00+08:00,FIXED_COOLING,2022-12-14T15:00:00+08:00
D08:300762.SZ:1166:1202,1202,2022-12-14T15:00:00+08:00,FIXED_COOLING,2022-12-14T15:00:00+08:00
D08:600763.SH:1151:1203,1203,2022-12-15T15:00:00+08:00,FIXED_COOLING,2022-12-15T15:00:00+08:00
D08:600682.SH:1178:1205,1205,2022-12-19T15:00:00+08:00,FIXED_COOLING,2022-12-19T15:00:00+08:00
D08:603696.SH:1172:1206,1206,2022-12-20T15:00:00+08:00,FIXED_COOLING,2022-12-20T15:00:00+08:00
D08:002410.SZ:1179:1212,1212,2022-12-28T15:00:00+08:00,FIXED_COOLING,2022-12-28T15:00:00+08:00
D08:002153.SZ:1167:1216,1216,2023-01-04T15:00:00+08:00,FIXED_COOLING,2023-01-04T15:00:00+08:00
D08:688156.SH:1159:1216,1216,2023-01-04T15:00:00+08:00,FIXED_COOLING,2023-01-04T15:00:00+08:00
D08:601636.SH:1179:1216,1216,2023-01-04T15:00:00+08:00,FIXED_COOLING,2023-01-04T15:00:00+08:00
D08:300911.SZ:1179:1216,1216,2023-01-04T15:00:00+08:00,FIXED_COOLING,2023-01-04T15:00:00+08:00
D08:600036.SH:1179:1216,1216,2023-01-04T15:00:00+08:00,FIXED_COOLING,2023-01-04T15:00:00+08:00
D08:600426.SH:1179:1216,1216,2023-01-04T15:00:00+08:00,FIXED_COOLING,2023-01-04T15:00:00+08:00
D08:603369.SH:1179:1217,1217,2023-01-05T15:00:00+08:00,FIXED_COOLING,2023-01-05T15:00:00+08:00
D08:000568.SZ:1191:1217,1217,2023-01-05T15:00:00+08:00,FIXED_COOLING,2023-01-05T15:00:00+08:00
D08:002032.SZ:1179:1218,1218,2023-01-06T15:00:00+08:00,FIXED_COOLING,2023-01-06T15:00:00+08:00
D08:002648.SZ:1174:1218,1218,2023-01-06T15:00:00+08:00,FIXED_COOLING,2023-01-06T15:00:00+08:00
D08:600309.SH:1179:1218,1218,2023-01-06T15:00:00+08:00,FIXED_COOLING,2023-01-06T15:00:00+08:00
D08:300979.SZ:1179:1219,1219,2023-01-09T15:00:00+08:00,FIXED_COOLING,2023-01-09T15:00:00+08:00
D08:688100.SH:1164:1219,1219,2023-01-09T15:00:00+08:00,FIXED_COOLING,2023-01-09T15:00:00+08:00
D08:002915.SZ:1171:1220,1220,2023-01-10T15:00:00+08:00,FIXED_COOLING,2023-01-10T15:00:00+08:00
D08:000048.SZ:1171:1222,1222,2023-01-12T15:00:00+08:00,FIXED_COOLING,2023-01-12T15:00:00+08:00
D08:300510.SZ:1174:1223,1223,2023-01-13T15:00:00+08:00,FIXED_COOLING,2023-01-13T15:00:00+08:00
D08:002048.SZ:1168:1223,1223,2023-01-13T15:00:00+08:00,FIXED_COOLING,2023-01-13T15:00:00+08:00
D08:601995.SH:1171:1224,1224,2023-01-16T15:00:00+08:00,FIXED_COOLING,2023-01-16T15:00:00+08:00
D08:002532.SZ:1191:1226,1226,2023-01-18T15:00:00+08:00,FIXED_COOLING,2023-01-18T15:00:00+08:00
D08:601168.SH:1172:1226,1226,2023-01-18T15:00:00+08:00,FIXED_COOLING,2023-01-18T15:00:00+08:00
D08:002767.SZ:1170:1226,1226,2023-01-18T15:00:00+08:00,FIXED_COOLING,2023-01-18T15:00:00+08:00
D08:002938.SZ:1167:1226,1226,2023-01-18T15:00:00+08:00,FIXED_COOLING,2023-01-18T15:00:00+08:00
D08:002391.SZ:1167:1226,1226,2023-01-18T15:00:00+08:00,FIXED_COOLING,2023-01-18T15:00:00+08:00
D08:600469.SH:1172:1227,1227,2023-01-19T15:00:00+08:00,FIXED_COOLING,2023-01-19T15:00:00+08:00
D08:601966.SH:1181:1228,1228,2023-01-20T15:00:00+08:00,FIXED_COOLING,2023-01-20T15:00:00+08:00
D08:002237.SZ:1168:1228,1228,2023-01-20T15:00:00+08:00,FIXED_COOLING,2023-01-20T15:00:00+08:00
D08:600219.SH:1168:1228,1228,2023-01-20T15:00:00+08:00,FIXED_COOLING,2023-01-20T15:00:00+08:00
D08:600331.SH:1191:1228,1228,2023-01-20T15:00:00+08:00,FIXED_COOLING,2023-01-20T15:00:00+08:00
D08:601279.SH:1172:1228,1228,2023-01-20T15:00:00+08:00,FIXED_COOLING,2023-01-20T15:00:00+08:00
D08:002601.SZ:1174:1229,1229,2023-01-30T15:00:00+08:00,FIXED_COOLING,2023-01-30T15:00:00+08:00
D08:000683.SZ:1179:1229,1229,2023-01-30T15:00:00+08:00,FIXED_COOLING,2023-01-30T15:00:00+08:00
D08:600309.SH:1179:1229,1229,2023-01-30T15:00:00+08:00,FIXED_COOLING,2023-01-30T15:00:00+08:00
D08:601138.SH:1179:1229,1229,2023-01-30T15:00:00+08:00,FIXED_COOLING,2023-01-30T15:00:00+08:00
D08:000625.SZ:1191:1229,1229,2023-01-30T15:00:00+08:00,FIXED_COOLING,2023-01-30T15:00:00+08:00
D08:600509.SH:1170:1229,1229,2023-01-30T15:00:00+08:00,FIXED_COOLING,2023-01-30T15:00:00+08:00
D08:603040.SH:1170:1229,1229,2023-01-30T15:00:00+08:00,FIXED_COOLING,2023-01-30T15:00:00+08:00
D08:603335.SH:1173:1229,1229,2023-01-30T15:00:00+08:00,FIXED_COOLING,2023-01-30T15:00:00+08:00
D08:300631.SZ:1171:1230,1230,2023-01-31T15:00:00+08:00,FIXED_COOLING,2023-01-31T15:00:00+08:00
D08:600458.SH:1187:1230,1230,2023-01-31T15:00:00+08:00,FIXED_COOLING,2023-01-31T15:00:00+08:00
D08:002741.SZ:1174:1230,1230,2023-01-31T15:00:00+08:00,FIXED_COOLING,2023-01-31T15:00:00+08:00
D08:002713.SZ:1190:1231,1231,2023-02-01T15:00:00+08:00,FIXED_COOLING,2023-02-01T15:00:00+08:00
D08:002632.SZ:1172:1231,1231,2023-02-01T15:00:00+08:00,FIXED_COOLING,2023-02-01T15:00:00+08:00
D08:300295.SZ:1172:1231,1231,2023-02-01T15:00:00+08:00,FIXED_COOLING,2023-02-01T15:00:00+08:00
D08:600692.SH:1179:1231,1231,2023-02-01T15:00:00+08:00,FIXED_COOLING,2023-02-01T15:00:00+08:00
D08:000062.SZ:1192:1231,1231,2023-02-01T15:00:00+08:00,FIXED_COOLING,2023-02-01T15:00:00+08:00
D08:300180.SZ:1175:1231,1231,2023-02-01T15:00:00+08:00,FIXED_COOLING,2023-02-01T15:00:00+08:00
D08:002333.SZ:1179:1231,1231,2023-02-01T15:00:00+08:00,FIXED_COOLING,2023-02-01T15:00:00+08:00
D08:002797.SZ:1174:1231,1231,2023-02-01T15:00:00+08:00,FIXED_COOLING,2023-02-01T15:00:00+08:00
D08:002517.SZ:1183:1232,1232,2023-02-02T15:00:00+08:00,FIXED_COOLING,2023-02-02T15:00:00+08:00
D08:600197.SH:1179:1232,1232,2023-02-02T15:00:00+08:00,FIXED_COOLING,2023-02-02T15:00:00+08:00
D08:002789.SZ:1179:1233,1233,2023-02-03T15:00:00+08:00,FIXED_COOLING,2023-02-03T15:00:00+08:00
D08:000421.SZ:1182:1234,1234,2023-02-06T15:00:00+08:00,FIXED_COOLING,2023-02-06T15:00:00+08:00
D08:300564.SZ:1174:1234,1234,2023-02-06T15:00:00+08:00,FIXED_COOLING,2023-02-06T15:00:00+08:00
D08:300960.SZ:1175:1234,1234,2023-02-06T15:00:00+08:00,FIXED_COOLING,2023-02-06T15:00:00+08:00
D08:600149.SH:1180:1235,1235,2023-02-07T15:00:00+08:00,FIXED_COOLING,2023-02-07T15:00:00+08:00
D08:300195.SZ:1183:1235,1235,2023-02-07T15:00:00+08:00,FIXED_COOLING,2023-02-07T15:00:00+08:00
D08:002521.SZ:1175:1235,1235,2023-02-07T15:00:00+08:00,FIXED_COOLING,2023-02-07T15:00:00+08:00
D08:600359.SH:1189:1235,1235,2023-02-07T15:00:00+08:00,FIXED_COOLING,2023-02-07T15:00:00+08:00
D08:002523.SZ:1175:1235,1235,2023-02-07T15:00:00+08:00,FIXED_COOLING,2023-02-07T15:00:00+08:00
D08:605011.SH:1177:1235,1235,2023-02-07T15:00:00+08:00,FIXED_COOLING,2023-02-07T15:00:00+08:00
D08:603041.SH:1179:1235,1235,2023-02-07T15:00:00+08:00,FIXED_COOLING,2023-02-07T15:00:00+08:00
D08:300998.SZ:1216:1236,1236,2023-02-08T15:00:00+08:00,FIXED_COOLING,2023-02-08T15:00:00+08:00
D08:605198.SH:1182:1236,1236,2023-02-08T15:00:00+08:00,FIXED_COOLING,2023-02-08T15:00:00+08:00
D08:300890.SZ:1188:1236,1236,2023-02-08T15:00:00+08:00,FIXED_COOLING,2023-02-08T15:00:00+08:00
D08:002454.SZ:1217:1236,1236,2023-02-08T15:00:00+08:00,FIXED_COOLING,2023-02-08T15:00:00+08:00
D08:688022.SH:1218:1237,1237,2023-02-09T15:00:00+08:00,FIXED_COOLING,2023-02-09T15:00:00+08:00
D08:688183.SH:1217:1237,1237,2023-02-09T15:00:00+08:00,FIXED_COOLING,2023-02-09T15:00:00+08:00
D08:002398.SZ:1177:1237,1237,2023-02-09T15:00:00+08:00,FIXED_COOLING,2023-02-09T15:00:00+08:00
D08:600696.SH:1181:1238,1238,2023-02-10T15:00:00+08:00,FIXED_COOLING,2023-02-10T15:00:00+08:00
D08:300908.SZ:1182:1238,1238,2023-02-10T15:00:00+08:00,FIXED_COOLING,2023-02-10T15:00:00+08:00
D08:605577.SH:1182:1238,1238,2023-02-10T15:00:00+08:00,FIXED_COOLING,2023-02-10T15:00:00+08:00
D08:601599.SH:1178:1238,1238,2023-02-10T15:00:00+08:00,FIXED_COOLING,2023-02-10T15:00:00+08:00
D08:605066.SH:1216:1238,1238,2023-02-10T15:00:00+08:00,FIXED_COOLING,2023-02-10T15:00:00+08:00
D08:300056.SZ:1221:1238,1238,2023-02-10T15:00:00+08:00,FIXED_COOLING,2023-02-10T15:00:00+08:00
D08:000921.SZ:1179:1239,1239,2023-02-13T15:00:00+08:00,FIXED_COOLING,2023-02-13T15:00:00+08:00
D08:000800.SZ:1182:1239,1239,2023-02-13T15:00:00+08:00,FIXED_COOLING,2023-02-13T15:00:00+08:00
D08:000672.SZ:1189:1239,1239,2023-02-13T15:00:00+08:00,FIXED_COOLING,2023-02-13T15:00:00+08:00
D08:600987.SH:1184:1239,1239,2023-02-13T15:00:00+08:00,FIXED_COOLING,2023-02-13T15:00:00+08:00
D08:301079.SZ:1217:1239,1239,2023-02-13T15:00:00+08:00,FIXED_COOLING,2023-02-13T15:00:00+08:00
D08:603889.SH:1180:1239,1239,2023-02-13T15:00:00+08:00,FIXED_COOLING,2023-02-13T15:00:00+08:00
D08:603320.SH:1216:1239,1239,2023-02-13T15:00:00+08:00,FIXED_COOLING,2023-02-13T15:00:00+08:00
D08:603916.SH:1179:1239,1239,2023-02-13T15:00:00+08:00,FIXED_COOLING,2023-02-13T15:00:00+08:00
D08:002061.SZ:1223:1239,1239,2023-02-13T15:00:00+08:00,FIXED_COOLING,2023-02-13T15:00:00+08:00
D08:002139.SZ:1217:1239,1239,2023-02-13T15:00:00+08:00,FIXED_COOLING,2023-02-13T15:00:00+08:00
D08:600276.SH:1217:1239,1239,2023-02-13T15:00:00+08:00,FIXED_COOLING,2023-02-13T15:00:00+08:00
D08:601518.SH:1183:1239,1239,2023-02-13T15:00:00+08:00,FIXED_COOLING,2023-02-13T15:00:00+08:00
D08:600528.SH:1186:1239,1239,2023-02-13T15:00:00+08:00,FIXED_COOLING,2023-02-13T15:00:00+08:00
D08:600343.SH:1223:1239,1239,2023-02-13T15:00:00+08:00,FIXED_COOLING,2023-02-13T15:00:00+08:00
D08:002611.SZ:1217:1239,1239,2023-02-13T15:00:00+08:00,FIXED_COOLING,2023-02-13T15:00:00+08:00
D08:002286.SZ:1179:1239,1239,2023-02-13T15:00:00+08:00,FIXED_COOLING,2023-02-13T15:00:00+08:00
D08:688678.SH:1217:1239,1239,2023-02-13T15:00:00+08:00,FIXED_COOLING,2023-02-13T15:00:00+08:00
D08:002028.SZ:1184:1240,1240,2023-02-14T15:00:00+08:00,FIXED_COOLING,2023-02-14T15:00:00+08:00
D08:000906.SZ:1191:1240,1240,2023-02-14T15:00:00+08:00,FIXED_COOLING,2023-02-14T15:00:00+08:00
D08:300001.SZ:1219:1240,1240,2023-02-14T15:00:00+08:00,FIXED_COOLING,2023-02-14T15:00:00+08:00
D08:002971.SZ:1223:1240,1240,2023-02-14T15:00:00+08:00,FIXED_COOLING,2023-02-14T15:00:00+08:00
D08:002054.SZ:1186:1240,1240,2023-02-14T15:00:00+08:00,FIXED_COOLING,2023-02-14T15:00:00+08:00
D08:688278.SH:1220:1240,1240,2023-02-14T15:00:00+08:00,FIXED_COOLING,2023-02-14T15:00:00+08:00
D08:002386.SZ:1218:1240,1240,2023-02-14T15:00:00+08:00,FIXED_COOLING,2023-02-14T15:00:00+08:00
D08:002274.SZ:1219:1240,1240,2023-02-14T15:00:00+08:00,FIXED_COOLING,2023-02-14T15:00:00+08:00
D08:300899.SZ:1224:1240,1240,2023-02-14T15:00:00+08:00,FIXED_COOLING,2023-02-14T15:00:00+08:00
D08:300882.SZ:1218:1241,1241,2023-02-15T15:00:00+08:00,FIXED_COOLING,2023-02-15T15:00:00+08:00
D08:300836.SZ:1224:1241,1241,2023-02-15T15:00:00+08:00,FIXED_COOLING,2023-02-15T15:00:00+08:00
D08:300543.SZ:1218:1241,1241,2023-02-15T15:00:00+08:00,FIXED_COOLING,2023-02-15T15:00:00+08:00
D08:002779.SZ:1215:1242,1242,2023-02-16T15:00:00+08:00,FIXED_COOLING,2023-02-16T15:00:00+08:00
D08:600066.SH:1218:1242,1242,2023-02-16T15:00:00+08:00,FIXED_COOLING,2023-02-16T15:00:00+08:00
D08:600872.SH:1191:1243,1243,2023-02-17T15:00:00+08:00,FIXED_COOLING,2023-02-17T15:00:00+08:00
D08:000426.SZ:1219:1245,1245,2023-02-21T15:00:00+08:00,FIXED_COOLING,2023-02-21T15:00:00+08:00
D08:000628.SZ:1225:1245,1245,2023-02-21T15:00:00+08:00,FIXED_COOLING,2023-02-21T15:00:00+08:00
D08:300705.SZ:1220:1245,1245,2023-02-21T15:00:00+08:00,FIXED_COOLING,2023-02-21T15:00:00+08:00
D08:002233.SZ:1224:1245,1245,2023-02-21T15:00:00+08:00,FIXED_COOLING,2023-02-21T15:00:00+08:00
D08:000856.SZ:1226:1245,1245,2023-02-21T15:00:00+08:00,FIXED_COOLING,2023-02-21T15:00:00+08:00
D08:300572.SZ:1217:1246,1246,2023-02-22T15:00:00+08:00,FIXED_COOLING,2023-02-22T15:00:00+08:00
D08:300906.SZ:1226:1246,1246,2023-02-22T15:00:00+08:00,FIXED_COOLING,2023-02-22T15:00:00+08:00
D08:300354.SZ:1224:1248,1248,2023-02-24T15:00:00+08:00,FIXED_COOLING,2023-02-24T15:00:00+08:00
D08:002857.SZ:1214:1248,1248,2023-02-24T15:00:00+08:00,FIXED_COOLING,2023-02-24T15:00:00+08:00
D08:600363.SH:1228:1248,1248,2023-02-24T15:00:00+08:00,FIXED_COOLING,2023-02-24T15:00:00+08:00
D08:002361.SZ:1222:1248,1248,2023-02-24T15:00:00+08:00,FIXED_COOLING,2023-02-24T15:00:00+08:00
D08:300943.SZ:1228:1248,1248,2023-02-24T15:00:00+08:00,FIXED_COOLING,2023-02-24T15:00:00+08:00
D08:300019.SZ:1216:1249,1249,2023-02-27T15:00:00+08:00,FIXED_COOLING,2023-02-27T15:00:00+08:00
D08:603677.SH:1226:1249,1249,2023-02-27T15:00:00+08:00,FIXED_COOLING,2023-02-27T15:00:00+08:00
D08:003008.SZ:1227:1249,1249,2023-02-27T15:00:00+08:00,FIXED_COOLING,2023-02-27T15:00:00+08:00
D08:600552.SH:1226:1249,1249,2023-02-27T15:00:00+08:00,FIXED_COOLING,2023-02-27T15:00:00+08:00
D08:002583.SZ:1226:1249,1249,2023-02-27T15:00:00+08:00,FIXED_COOLING,2023-02-27T15:00:00+08:00
D08:300564.SZ:1225:1249,1249,2023-02-27T15:00:00+08:00,FIXED_COOLING,2023-02-27T15:00:00+08:00
D08:600312.SH:1217:1249,1249,2023-02-27T15:00:00+08:00,FIXED_COOLING,2023-02-27T15:00:00+08:00
D08:600550.SH:1217:1249,1249,2023-02-27T15:00:00+08:00,FIXED_COOLING,2023-02-27T15:00:00+08:00
D08:000726.SZ:1229:1250,1250,2023-02-28T15:00:00+08:00,FIXED_COOLING,2023-02-28T15:00:00+08:00
D08:600694.SH:1191:1250,1250,2023-02-28T15:00:00+08:00,FIXED_COOLING,2023-02-28T15:00:00+08:00
D08:603797.SH:1228:1250,1250,2023-02-28T15:00:00+08:00,FIXED_COOLING,2023-02-28T15:00:00+08:00
D08:301090.SZ:1227:1250,1250,2023-02-28T15:00:00+08:00,FIXED_COOLING,2023-02-28T15:00:00+08:00
D08:600105.SH:1216:1251,1251,2023-03-01T15:00:00+08:00,FIXED_COOLING,2023-03-01T15:00:00+08:00
D08:000700.SZ:1218:1251,1251,2023-03-01T15:00:00+08:00,FIXED_COOLING,2023-03-01T15:00:00+08:00
D08:300711.SZ:1224:1251,1251,2023-03-01T15:00:00+08:00,FIXED_COOLING,2023-03-01T15:00:00+08:00
D08:000586.SZ:1225:1251,1251,2023-03-01T15:00:00+08:00,FIXED_COOLING,2023-03-01T15:00:00+08:00
D08:002106.SZ:1217:1251,1251,2023-03-01T15:00:00+08:00,FIXED_COOLING,2023-03-01T15:00:00+08:00
D08:300504.SZ:1226:1251,1251,2023-03-01T15:00:00+08:00,FIXED_COOLING,2023-03-01T15:00:00+08:00
D08:300597.SZ:1227:1251,1251,2023-03-01T15:00:00+08:00,FIXED_COOLING,2023-03-01T15:00:00+08:00
D08:002978.SZ:1227:1251,1251,2023-03-01T15:00:00+08:00,FIXED_COOLING,2023-03-01T15:00:00+08:00
D08:601766.SH:1228:1251,1251,2023-03-01T15:00:00+08:00,FIXED_COOLING,2023-03-01T15:00:00+08:00
D08:002376.SZ:1226:1251,1251,2023-03-01T15:00:00+08:00,FIXED_COOLING,2023-03-01T15:00:00+08:00
D08:300296.SZ:1224:1251,1251,2023-03-01T15:00:00+08:00,FIXED_COOLING,2023-03-01T15:00:00+08:00
D08:300851.SZ:1218:1251,1251,2023-03-01T15:00:00+08:00,FIXED_COOLING,2023-03-01T15:00:00+08:00
D08:002061.SZ:1223:1251,1251,2023-03-01T15:00:00+08:00,FIXED_COOLING,2023-03-01T15:00:00+08:00
D08:603058.SH:1226:1251,1251,2023-03-01T15:00:00+08:00,FIXED_COOLING,2023-03-01T15:00:00+08:00
D08:600539.SH:1227:1251,1251,2023-03-01T15:00:00+08:00,FIXED_COOLING,2023-03-01T15:00:00+08:00
D08:300196.SZ:1218:1251,1251,2023-03-01T15:00:00+08:00,FIXED_COOLING,2023-03-01T15:00:00+08:00
D08:603357.SH:1227:1251,1251,2023-03-01T15:00:00+08:00,FIXED_COOLING,2023-03-01T15:00:00+08:00
D08:688505.SH:1223:1251,1251,2023-03-01T15:00:00+08:00,FIXED_COOLING,2023-03-01T15:00:00+08:00
D08:300732.SZ:1224:1251,1251,2023-03-01T15:00:00+08:00,FIXED_COOLING,2023-03-01T15:00:00+08:00
D08:300425.SZ:1227:1251,1251,2023-03-01T15:00:00+08:00,FIXED_COOLING,2023-03-01T15:00:00+08:00
D08:603979.SH:1219:1252,1252,2023-03-02T15:00:00+08:00,FIXED_COOLING,2023-03-02T15:00:00+08:00
D08:603757.SH:1218:1252,1252,2023-03-02T15:00:00+08:00,FIXED_COOLING,2023-03-02T15:00:00+08:00
D08:000997.SZ:1215:1252,1252,2023-03-02T15:00:00+08:00,FIXED_COOLING,2023-03-02T15:00:00+08:00
D08:688118.SH:1227:1252,1252,2023-03-02T15:00:00+08:00,FIXED_COOLING,2023-03-02T15:00:00+08:00
D08:300615.SZ:1224:1252,1252,2023-03-02T15:00:00+08:00,FIXED_COOLING,2023-03-02T15:00:00+08:00
D08:688159.SH:1226:1252,1252,2023-03-02T15:00:00+08:00,FIXED_COOLING,2023-03-02T15:00:00+08:00
D08:600416.SH:1225:1252,1252,2023-03-02T15:00:00+08:00,FIXED_COOLING,2023-03-02T15:00:00+08:00
D08:300136.SZ:1224:1252,1252,2023-03-02T15:00:00+08:00,FIXED_COOLING,2023-03-02T15:00:00+08:00
D08:000547.SZ:1224:1252,1252,2023-03-02T15:00:00+08:00,FIXED_COOLING,2023-03-02T15:00:00+08:00
D08:300195.SZ:1226:1252,1252,2023-03-02T15:00:00+08:00,FIXED_COOLING,2023-03-02T15:00:00+08:00
D08:002491.SZ:1226:1252,1252,2023-03-02T15:00:00+08:00,FIXED_COOLING,2023-03-02T15:00:00+08:00
D08:600425.SH:1224:1252,1252,2023-03-02T15:00:00+08:00,FIXED_COOLING,2023-03-02T15:00:00+08:00
D08:600169.SH:1228:1252,1252,2023-03-02T15:00:00+08:00,FIXED_COOLING,2023-03-02T15:00:00+08:00
D08:601608.SH:1227:1252,1252,2023-03-02T15:00:00+08:00,FIXED_COOLING,2023-03-02T15:00:00+08:00
D08:601106.SH:1228:1252,1252,2023-03-02T15:00:00+08:00,FIXED_COOLING,2023-03-02T15:00:00+08:00
D08:603616.SH:1228:1252,1252,2023-03-02T15:00:00+08:00,FIXED_COOLING,2023-03-02T15:00:00+08:00
D08:300590.SZ:1224:1252,1252,2023-03-02T15:00:00+08:00,FIXED_COOLING,2023-03-02T15:00:00+08:00
D08:600619.SH:1224:1252,1252,2023-03-02T15:00:00+08:00,FIXED_COOLING,2023-03-02T15:00:00+08:00
D08:600495.SH:1226:1252,1252,2023-03-02T15:00:00+08:00,FIXED_COOLING,2023-03-02T15:00:00+08:00
D08:301048.SZ:1224:1252,1252,2023-03-02T15:00:00+08:00,FIXED_COOLING,2023-03-02T15:00:00+08:00
D08:300664.SZ:1227:1252,1252,2023-03-02T15:00:00+08:00,FIXED_COOLING,2023-03-02T15:00:00+08:00
D08:300992.SZ:1226:1252,1252,2023-03-02T15:00:00+08:00,FIXED_COOLING,2023-03-02T15:00:00+08:00
D08:300388.SZ:1226:1252,1252,2023-03-02T15:00:00+08:00,FIXED_COOLING,2023-03-02T15:00:00+08:00
D08:003037.SZ:1228:1252,1252,2023-03-02T15:00:00+08:00,FIXED_COOLING,2023-03-02T15:00:00+08:00
D08:600502.SH:1227:1252,1252,2023-03-02T15:00:00+08:00,FIXED_COOLING,2023-03-02T15:00:00+08:00
D08:600248.SH:1221:1252,1252,2023-03-02T15:00:00+08:00,FIXED_COOLING,2023-03-02T15:00:00+08:00
D08:300865.SZ:1224:1252,1252,2023-03-02T15:00:00+08:00,FIXED_COOLING,2023-03-02T15:00:00+08:00
D08:300600.SZ:1216:1253,1253,2023-03-03T15:00:00+08:00,FIXED_COOLING,2023-03-03T15:00:00+08:00
D08:002189.SZ:1226:1253,1253,2023-03-03T15:00:00+08:00,FIXED_COOLING,2023-03-03T15:00:00+08:00
D08:300527.SZ:1223:1253,1253,2023-03-03T15:00:00+08:00,FIXED_COOLING,2023-03-03T15:00:00+08:00
D08:600023.SH:1228:1253,1253,2023-03-03T15:00:00+08:00,FIXED_COOLING,2023-03-03T15:00:00+08:00
D08:001211.SZ:1227:1253,1253,2023-03-03T15:00:00+08:00,FIXED_COOLING,2023-03-03T15:00:00+08:00
D08:002023.SZ:1224:1253,1253,2023-03-03T15:00:00+08:00,FIXED_COOLING,2023-03-03T15:00:00+08:00
D08:688569.SH:1217:1253,1253,2023-03-03T15:00:00+08:00,FIXED_COOLING,2023-03-03T15:00:00+08:00
D08:002887.SZ:1227:1253,1253,2023-03-03T15:00:00+08:00,FIXED_COOLING,2023-03-03T15:00:00+08:00
D08:600098.SH:1226:1253,1253,2023-03-03T15:00:00+08:00,FIXED_COOLING,2023-03-03T15:00:00+08:00
D08:601963.SH:1224:1253,1253,2023-03-03T15:00:00+08:00,FIXED_COOLING,2023-03-03T15:00:00+08:00
D08:600710.SH:1226:1253,1253,2023-03-03T15:00:00+08:00,FIXED_COOLING,2023-03-03T15:00:00+08:00
D08:600444.SH:1226:1253,1253,2023-03-03T15:00:00+08:00,FIXED_COOLING,2023-03-03T15:00:00+08:00
D08:002135.SZ:1218:1253,1253,2023-03-03T15:00:00+08:00,FIXED_COOLING,2023-03-03T15:00:00+08:00
D08:603108.SH:1223:1254,1254,2023-03-06T15:00:00+08:00,FIXED_COOLING,2023-03-06T15:00:00+08:00
D08:300516.SZ:1222:1254,1254,2023-03-06T15:00:00+08:00,FIXED_COOLING,2023-03-06T15:00:00+08:00
D08:300923.SZ:1217:1254,1254,2023-03-06T15:00:00+08:00,FIXED_COOLING,2023-03-06T15:00:00+08:00
D08:300889.SZ:1226:1254,1254,2023-03-06T15:00:00+08:00,FIXED_COOLING,2023-03-06T15:00:00+08:00
D08:603393.SH:1228:1254,1254,2023-03-06T15:00:00+08:00,FIXED_COOLING,2023-03-06T15:00:00+08:00
D08:600590.SH:1216:1254,1254,2023-03-06T15:00:00+08:00,FIXED_COOLING,2023-03-06T15:00:00+08:00
D08:600968.SH:1228:1254,1254,2023-03-06T15:00:00+08:00,FIXED_COOLING,2023-03-06T15:00:00+08:00
D08:601200.SH:1227:1254,1254,2023-03-06T15:00:00+08:00,FIXED_COOLING,2023-03-06T15:00:00+08:00
D08:605162.SH:1227:1254,1254,2023-03-06T15:00:00+08:00,FIXED_COOLING,2023-03-06T15:00:00+08:00
D08:002986.SZ:1228:1257,1257,2023-03-09T15:00:00+08:00,FIXED_COOLING,2023-03-09T15:00:00+08:00
D08:603048.SH:1226:1257,1257,2023-03-09T15:00:00+08:00,FIXED_COOLING,2023-03-09T15:00:00+08:00
D08:300959.SZ:1226:1257,1257,2023-03-09T15:00:00+08:00,FIXED_COOLING,2023-03-09T15:00:00+08:00
D08:300906.SZ:1226:1257,1257,2023-03-09T15:00:00+08:00,FIXED_COOLING,2023-03-09T15:00:00+08:00
D08:605303.SH:1226:1257,1257,2023-03-09T15:00:00+08:00,FIXED_COOLING,2023-03-09T15:00:00+08:00
D08:300150.SZ:1226:1257,1257,2023-03-09T15:00:00+08:00,FIXED_COOLING,2023-03-09T15:00:00+08:00
D08:300867.SZ:1228:1257,1257,2023-03-09T15:00:00+08:00,FIXED_COOLING,2023-03-09T15:00:00+08:00
D08:603018.SH:1227:1257,1257,2023-03-09T15:00:00+08:00,FIXED_COOLING,2023-03-09T15:00:00+08:00
D08:601368.SH:1227:1257,1257,2023-03-09T15:00:00+08:00,FIXED_COOLING,2023-03-09T15:00:00+08:00
D08:300746.SZ:1227:1257,1257,2023-03-09T15:00:00+08:00,FIXED_COOLING,2023-03-09T15:00:00+08:00
D08:301098.SZ:1226:1257,1257,2023-03-09T15:00:00+08:00,FIXED_COOLING,2023-03-09T15:00:00+08:00
D08:603516.SH:1223:1258,1258,2023-03-10T15:00:00+08:00,FIXED_COOLING,2023-03-10T15:00:00+08:00
D08:603110.SH:1223:1258,1258,2023-03-10T15:00:00+08:00,FIXED_COOLING,2023-03-10T15:00:00+08:00
D08:300735.SZ:1224:1258,1258,2023-03-10T15:00:00+08:00,FIXED_COOLING,2023-03-10T15:00:00+08:00
D08:600211.SH:1224:1259,1259,2023-03-13T15:00:00+08:00,FIXED_COOLING,2023-03-13T15:00:00+08:00
D08:600557.SH:1222:1259,1259,2023-03-13T15:00:00+08:00,FIXED_COOLING,2023-03-13T15:00:00+08:00
D08:300020.SZ:1227:1259,1259,2023-03-13T15:00:00+08:00,FIXED_COOLING,2023-03-13T15:00:00+08:00
D08:600750.SH:1223:1259,1259,2023-03-13T15:00:00+08:00,FIXED_COOLING,2023-03-13T15:00:00+08:00
D08:300884.SZ:1229:1259,1259,2023-03-13T15:00:00+08:00,FIXED_COOLING,2023-03-13T15:00:00+08:00
D08:002368.SZ:1224:1260,1260,2023-03-14T15:00:00+08:00,FIXED_COOLING,2023-03-14T15:00:00+08:00
D08:000070.SZ:1227:1260,1260,2023-03-14T15:00:00+08:00,FIXED_COOLING,2023-03-14T15:00:00+08:00
D08:600271.SH:1224:1260,1260,2023-03-14T15:00:00+08:00,FIXED_COOLING,2023-03-14T15:00:00+08:00
D08:300671.SZ:1227:1260,1260,2023-03-14T15:00:00+08:00,FIXED_COOLING,2023-03-14T15:00:00+08:00
D08:600820.SH:1227:1261,1261,2023-03-15T15:00:00+08:00,FIXED_COOLING,2023-03-15T15:00:00+08:00
D08:603058.SH:1226:1263,1263,2023-03-17T15:00:00+08:00,FIXED_COOLING,2023-03-17T15:00:00+08:00
D08:601868.SH:1228:1264,1264,2023-03-20T15:00:00+08:00,FIXED_COOLING,2023-03-20T15:00:00+08:00
D08:300701.SZ:1226:1264,1264,2023-03-20T15:00:00+08:00,FIXED_COOLING,2023-03-20T15:00:00+08:00
D08:300241.SZ:1224:1265,1265,2023-03-21T15:00:00+08:00,FIXED_COOLING,2023-03-21T15:00:00+08:00
D08:002322.SZ:1227:1266,1266,2023-03-22T15:00:00+08:00,FIXED_COOLING,2023-03-22T15:00:00+08:00
D08:000997.SZ:1215:1266,1266,2023-03-22T15:00:00+08:00,FIXED_COOLING,2023-03-22T15:00:00+08:00
D08:300302.SZ:1226:1266,1266,2023-03-22T15:00:00+08:00,FIXED_COOLING,2023-03-22T15:00:00+08:00
D08:300205.SZ:1216:1266,1266,2023-03-22T15:00:00+08:00,FIXED_COOLING,2023-03-22T15:00:00+08:00
D08:688118.SH:1227:1266,1266,2023-03-22T15:00:00+08:00,FIXED_COOLING,2023-03-22T15:00:00+08:00
D08:002491.SZ:1226:1266,1266,2023-03-22T15:00:00+08:00,FIXED_COOLING,2023-03-22T15:00:00+08:00
D08:603017.SH:1229:1266,1266,2023-03-22T15:00:00+08:00,FIXED_COOLING,2023-03-22T15:00:00+08:00
D08:688798.SH:1224:1266,1266,2023-03-22T15:00:00+08:00,FIXED_COOLING,2023-03-22T15:00:00+08:00
D08:600718.SH:1227:1266,1266,2023-03-22T15:00:00+08:00,FIXED_COOLING,2023-03-22T15:00:00+08:00
D08:300508.SZ:1216:1266,1266,2023-03-22T15:00:00+08:00,FIXED_COOLING,2023-03-22T15:00:00+08:00
D08:300162.SZ:1227:1266,1266,2023-03-22T15:00:00+08:00,FIXED_COOLING,2023-03-22T15:00:00+08:00
D08:002243.SZ:1227:1266,1266,2023-03-22T15:00:00+08:00,FIXED_COOLING,2023-03-22T15:00:00+08:00
D08:300889.SZ:1226:1266,1266,2023-03-22T15:00:00+08:00,FIXED_COOLING,2023-03-22T15:00:00+08:00
D08:300277.SZ:1226:1266,1266,2023-03-22T15:00:00+08:00,FIXED_COOLING,2023-03-22T15:00:00+08:00
D08:300300.SZ:1226:1266,1266,2023-03-22T15:00:00+08:00,FIXED_COOLING,2023-03-22T15:00:00+08:00
D08:002457.SZ:1227:1266,1266,2023-03-22T15:00:00+08:00,FIXED_COOLING,2023-03-22T15:00:00+08:00
D08:000973.SZ:1226:1266,1266,2023-03-22T15:00:00+08:00,FIXED_COOLING,2023-03-22T15:00:00+08:00
D08:000859.SZ:1227:1266,1266,2023-03-22T15:00:00+08:00,FIXED_COOLING,2023-03-22T15:00:00+08:00
D08:300120.SZ:1216:1266,1266,2023-03-22T15:00:00+08:00,FIXED_COOLING,2023-03-22T15:00:00+08:00
D08:688135.SH:1225:1266,1266,2023-03-22T15:00:00+08:00,FIXED_COOLING,2023-03-22T15:00:00+08:00
D08:300388.SZ:1226:1266,1266,2023-03-22T15:00:00+08:00,FIXED_COOLING,2023-03-22T15:00:00+08:00
D08:300284.SZ:1228:1266,1266,2023-03-22T15:00:00+08:00,FIXED_COOLING,2023-03-22T15:00:00+08:00
D08:002745.SZ:1229:1267,1267,2023-03-23T15:00:00+08:00,FIXED_COOLING,2023-03-23T15:00:00+08:00
D08:002023.SZ:1224:1267,1267,2023-03-23T15:00:00+08:00,FIXED_COOLING,2023-03-23T15:00:00+08:00
D08:000885.SZ:1228:1267,1267,2023-03-23T15:00:00+08:00,FIXED_COOLING,2023-03-23T15:00:00+08:00
D08:300131.SZ:1220:1267,1267,2023-03-23T15:00:00+08:00,FIXED_COOLING,2023-03-23T15:00:00+08:00
D08:601963.SH:1224:1267,1267,2023-03-23T15:00:00+08:00,FIXED_COOLING,2023-03-23T15:00:00+08:00
D08:300386.SZ:1227:1268,1268,2023-03-24T15:00:00+08:00,FIXED_COOLING,2023-03-24T15:00:00+08:00
D08:688568.SH:1226:1268,1268,2023-03-24T15:00:00+08:00,FIXED_COOLING,2023-03-24T15:00:00+08:00
D08:300468.SZ:1227:1268,1268,2023-03-24T15:00:00+08:00,FIXED_COOLING,2023-03-24T15:00:00+08:00
D08:600558.SH:1227:1268,1268,2023-03-24T15:00:00+08:00,FIXED_COOLING,2023-03-24T15:00:00+08:00
D08:300384.SZ:1219:1268,1268,2023-03-24T15:00:00+08:00,FIXED_COOLING,2023-03-24T15:00:00+08:00
D08:300154.SZ:1226:1268,1268,2023-03-24T15:00:00+08:00,FIXED_COOLING,2023-03-24T15:00:00+08:00
D08:002583.SZ:1226:1269,1269,2023-03-27T15:00:00+08:00,FIXED_COOLING,2023-03-27T15:00:00+08:00
D08:600517.SH:1218:1269,1269,2023-03-27T15:00:00+08:00,FIXED_COOLING,2023-03-27T15:00:00+08:00
D08:301008.SZ:1226:1269,1269,2023-03-27T15:00:00+08:00,FIXED_COOLING,2023-03-27T15:00:00+08:00
D08:601811.SH:1220:1270,1270,2023-03-28T15:00:00+08:00,FIXED_COOLING,2023-03-28T15:00:00+08:00
D08:300077.SZ:1221:1270,1270,2023-03-28T15:00:00+08:00,FIXED_COOLING,2023-03-28T15:00:00+08:00
D08:605218.SH:1217:1272,1272,2023-03-30T15:00:00+08:00,FIXED_COOLING,2023-03-30T15:00:00+08:00
D08:000060.SZ:1219:1273,1273,2023-03-31T15:00:00+08:00,FIXED_COOLING,2023-03-31T15:00:00+08:00
D08:002577.SZ:1216:1274,1274,2023-04-03T15:00:00+08:00,FIXED_COOLING,2023-04-03T15:00:00+08:00
D08:600551.SH:1229:1274,1274,2023-04-03T15:00:00+08:00,FIXED_COOLING,2023-04-03T15:00:00+08:00
D08:300843.SZ:1218:1274,1274,2023-04-03T15:00:00+08:00,FIXED_COOLING,2023-04-03T15:00:00+08:00
D08:605588.SH:1224:1275,1275,2023-04-04T15:00:00+08:00,FIXED_COOLING,2023-04-04T15:00:00+08:00
D08:600547.SH:1252:1275,1275,2023-04-04T15:00:00+08:00,FIXED_COOLING,2023-04-04T15:00:00+08:00
D08:300872.SZ:1228:1275,1275,2023-04-04T15:00:00+08:00,FIXED_COOLING,2023-04-04T15:00:00+08:00
D08:300219.SZ:1227:1275,1275,2023-04-04T15:00:00+08:00,FIXED_COOLING,2023-04-04T15:00:00+08:00
D08:300241.SZ:1224:1275,1275,2023-04-04T15:00:00+08:00,FIXED_COOLING,2023-04-04T15:00:00+08:00
D08:603893.SH:1225:1276,1276,2023-04-06T15:00:00+08:00,FIXED_COOLING,2023-04-06T15:00:00+08:00
D08:002436.SZ:1225:1276,1276,2023-04-06T15:00:00+08:00,FIXED_COOLING,2023-04-06T15:00:00+08:00
D08:002194.SZ:1221:1276,1276,2023-04-06T15:00:00+08:00,FIXED_COOLING,2023-04-06T15:00:00+08:00
D08:603002.SH:1224:1276,1276,2023-04-06T15:00:00+08:00,FIXED_COOLING,2023-04-06T15:00:00+08:00
D08:300088.SZ:1224:1276,1276,2023-04-06T15:00:00+08:00,FIXED_COOLING,2023-04-06T15:00:00+08:00
D08:688181.SH:1217:1276,1276,2023-04-06T15:00:00+08:00,FIXED_COOLING,2023-04-06T15:00:00+08:00
D08:002019.SZ:1224:1277,1277,2023-04-07T15:00:00+08:00,FIXED_COOLING,2023-04-07T15:00:00+08:00
D08:300290.SZ:1227:1277,1277,2023-04-07T15:00:00+08:00,FIXED_COOLING,2023-04-07T15:00:00+08:00
D08:688278.SH:1220:1278,1278,2023-04-10T15:00:00+08:00,FIXED_COOLING,2023-04-10T15:00:00+08:00
D08:688219.SH:1222:1278,1278,2023-04-10T15:00:00+08:00,FIXED_COOLING,2023-04-10T15:00:00+08:00
D08:600738.SH:1227:1281,1281,2023-04-13T15:00:00+08:00,FIXED_COOLING,2023-04-13T15:00:00+08:00
D08:603138.SH:1226:1281,1281,2023-04-13T15:00:00+08:00,FIXED_COOLING,2023-04-13T15:00:00+08:00
D08:600604.SH:1228:1281,1281,2023-04-13T15:00:00+08:00,FIXED_COOLING,2023-04-13T15:00:00+08:00
D08:601018.SH:1227:1281,1281,2023-04-13T15:00:00+08:00,FIXED_COOLING,2023-04-13T15:00:00+08:00
D08:300381.SZ:1229:1281,1281,2023-04-13T15:00:00+08:00,FIXED_COOLING,2023-04-13T15:00:00+08:00
D08:600710.SH:1226:1282,1282,2023-04-14T15:00:00+08:00,FIXED_COOLING,2023-04-14T15:00:00+08:00
D08:600170.SH:1228:1282,1282,2023-04-14T15:00:00+08:00,FIXED_COOLING,2023-04-14T15:00:00+08:00
D08:600479.SH:1228:1283,1283,2023-04-17T15:00:00+08:00,FIXED_COOLING,2023-04-17T15:00:00+08:00
D08:601607.SH:1231:1283,1283,2023-04-17T15:00:00+08:00,FIXED_COOLING,2023-04-17T15:00:00+08:00
D08:688528.SH:1228:1283,1283,2023-04-17T15:00:00+08:00,FIXED_COOLING,2023-04-17T15:00:00+08:00
D08:300702.SZ:1224:1283,1283,2023-04-17T15:00:00+08:00,FIXED_COOLING,2023-04-17T15:00:00+08:00
D08:300550.SZ:1258:1284,1284,2023-04-18T15:00:00+08:00,FIXED_COOLING,2023-04-18T15:00:00+08:00
D08:002986.SZ:1228:1285,1285,2023-04-19T15:00:00+08:00,FIXED_COOLING,2023-04-19T15:00:00+08:00
D08:300551.SZ:1274:1304,1304,2023-05-19T15:00:00+08:00,FIXED_COOLING,2023-05-19T15:00:00+08:00
D08:688186.SH:1274:1305,1305,2023-05-22T15:00:00+08:00,FIXED_COOLING,2023-05-22T15:00:00+08:00
D08:002332.SZ:1273:1310,1310,2023-05-29T15:00:00+08:00,FIXED_COOLING,2023-05-29T15:00:00+08:00
D08:600578.SH:1290:1310,1310,2023-05-29T15:00:00+08:00,FIXED_COOLING,2023-05-29T15:00:00+08:00
D08:300908.SZ:1278:1321,1321,2023-06-13T15:00:00+08:00,FIXED_COOLING,2023-06-13T15:00:00+08:00
D08:000020.SZ:1303:1321,1321,2023-06-13T15:00:00+08:00,FIXED_COOLING,2023-06-13T15:00:00+08:00
D08:603657.SH:1303:1322,1322,2023-06-14T15:00:00+08:00,FIXED_COOLING,2023-06-14T15:00:00+08:00
D08:300183.SZ:1301:1325,1325,2023-06-19T15:00:00+08:00,FIXED_COOLING,2023-06-19T15:00:00+08:00
D08:300951.SZ:1302:1325,1325,2023-06-19T15:00:00+08:00,FIXED_COOLING,2023-06-19T15:00:00+08:00
D08:603239.SH:1298:1326,1326,2023-06-20T15:00:00+08:00,FIXED_COOLING,2023-06-20T15:00:00+08:00
D08:603488.SH:1302:1326,1326,2023-06-20T15:00:00+08:00,FIXED_COOLING,2023-06-20T15:00:00+08:00
D08:300307.SZ:1301:1326,1326,2023-06-20T15:00:00+08:00,FIXED_COOLING,2023-06-20T15:00:00+08:00
D08:603959.SH:1300:1327,1327,2023-06-21T15:00:00+08:00,FIXED_COOLING,2023-06-21T15:00:00+08:00
D08:002406.SZ:1303:1330,1330,2023-06-28T15:00:00+08:00,FIXED_COOLING,2023-06-28T15:00:00+08:00
D08:603586.SH:1302:1331,1331,2023-06-29T15:00:00+08:00,FIXED_COOLING,2023-06-29T15:00:00+08:00
D08:603656.SH:1303:1331,1331,2023-06-29T15:00:00+08:00,FIXED_COOLING,2023-06-29T15:00:00+08:00
D08:300971.SZ:1297:1331,1331,2023-06-29T15:00:00+08:00,FIXED_COOLING,2023-06-29T15:00:00+08:00
D08:002931.SZ:1302:1331,1331,2023-06-29T15:00:00+08:00,FIXED_COOLING,2023-06-29T15:00:00+08:00
D08:002452.SZ:1277:1332,1332,2023-06-30T15:00:00+08:00,FIXED_COOLING,2023-06-30T15:00:00+08:00
D08:688772.SH:1305:1332,1332,2023-06-30T15:00:00+08:00,FIXED_COOLING,2023-06-30T15:00:00+08:00
D08:002997.SZ:1297:1334,1334,2023-07-04T15:00:00+08:00,FIXED_COOLING,2023-07-04T15:00:00+08:00
D08:300939.SZ:1309:1334,1334,2023-07-04T15:00:00+08:00,FIXED_COOLING,2023-07-04T15:00:00+08:00
D08:601966.SH:1277:1337,1337,2023-07-07T15:00:00+08:00,FIXED_COOLING,2023-07-07T15:00:00+08:00
D08:603607.SH:1300:1337,1337,2023-07-07T15:00:00+08:00,FIXED_COOLING,2023-07-07T15:00:00+08:00
D08:000937.SZ:1283:1338,1338,2023-07-10T15:00:00+08:00,FIXED_COOLING,2023-07-10T15:00:00+08:00
D08:300517.SZ:1301:1338,1338,2023-07-10T15:00:00+08:00,FIXED_COOLING,2023-07-10T15:00:00+08:00
D08:601058.SH:1305:1339,1339,2023-07-11T15:00:00+08:00,FIXED_COOLING,2023-07-11T15:00:00+08:00
D08:605378.SH:1301:1339,1339,2023-07-11T15:00:00+08:00,FIXED_COOLING,2023-07-11T15:00:00+08:00
D08:605268.SH:1305:1339,1339,2023-07-11T15:00:00+08:00,FIXED_COOLING,2023-07-11T15:00:00+08:00
D08:300062.SZ:1297:1340,1340,2023-07-12T15:00:00+08:00,FIXED_COOLING,2023-07-12T15:00:00+08:00
D08:301037.SZ:1302:1341,1341,2023-07-13T15:00:00+08:00,FIXED_COOLING,2023-07-13T15:00:00+08:00
D08:301182.SZ:1302:1341,1341,2023-07-13T15:00:00+08:00,FIXED_COOLING,2023-07-13T15:00:00+08:00
D08:300956.SZ:1303:1341,1341,2023-07-13T15:00:00+08:00,FIXED_COOLING,2023-07-13T15:00:00+08:00
D08:301106.SZ:1300:1342,1342,2023-07-14T15:00:00+08:00,FIXED_COOLING,2023-07-14T15:00:00+08:00
D08:605058.SH:1298:1342,1342,2023-07-14T15:00:00+08:00,FIXED_COOLING,2023-07-14T15:00:00+08:00
D08:002691.SZ:1302:1343,1343,2023-07-17T15:00:00+08:00,FIXED_COOLING,2023-07-17T15:00:00+08:00
D08:002767.SZ:1301:1343,1343,2023-07-17T15:00:00+08:00,FIXED_COOLING,2023-07-17T15:00:00+08:00
D08:603800.SH:1315:1343,1343,2023-07-17T15:00:00+08:00,FIXED_COOLING,2023-07-17T15:00:00+08:00
D08:605033.SH:1302:1344,1344,2023-07-18T15:00:00+08:00,FIXED_COOLING,2023-07-18T15:00:00+08:00
D08:300535.SZ:1302:1344,1344,2023-07-18T15:00:00+08:00,FIXED_COOLING,2023-07-18T15:00:00+08:00
D08:601188.SH:1292:1344,1344,2023-07-18T15:00:00+08:00,FIXED_COOLING,2023-07-18T15:00:00+08:00
D08:300931.SZ:1303:1345,1345,2023-07-19T15:00:00+08:00,FIXED_COOLING,2023-07-19T15:00:00+08:00
D08:002936.SZ:1292:1345,1345,2023-07-19T15:00:00+08:00,FIXED_COOLING,2023-07-19T15:00:00+08:00
D08:300877.SZ:1298:1346,1346,2023-07-20T15:00:00+08:00,FIXED_COOLING,2023-07-20T15:00:00+08:00
D08:002521.SZ:1305:1348,1348,2023-07-24T15:00:00+08:00,FIXED_COOLING,2023-07-24T15:00:00+08:00
D08:002984.SZ:1319:1348,1348,2023-07-24T15:00:00+08:00,FIXED_COOLING,2023-07-24T15:00:00+08:00
D08:301056.SZ:1299:1349,1349,2023-07-25T15:00:00+08:00,FIXED_COOLING,2023-07-25T15:00:00+08:00
D08:600660.SH:1298:1349,1349,2023-07-25T15:00:00+08:00,FIXED_COOLING,2023-07-25T15:00:00+08:00
D08:000785.SZ:1332:1349,1349,2023-07-25T15:00:00+08:00,FIXED_COOLING,2023-07-25T15:00:00+08:00
D08:002075.SZ:1310:1349,1349,2023-07-25T15:00:00+08:00,FIXED_COOLING,2023-07-25T15:00:00+08:00
D08:600293.SH:1321:1350,1350,2023-07-26T15:00:00+08:00,FIXED_COOLING,2023-07-26T15:00:00+08:00
D08:300889.SZ:1303:1350,1350,2023-07-26T15:00:00+08:00,FIXED_COOLING,2023-07-26T15:00:00+08:00
D08:002643.SZ:1322:1350,1350,2023-07-26T15:00:00+08:00,FIXED_COOLING,2023-07-26T15:00:00+08:00
D08:600689.SH:1298:1352,1352,2023-07-28T15:00:00+08:00,FIXED_COOLING,2023-07-28T15:00:00+08:00
D08:601100.SH:1322:1353,1353,2023-07-31T15:00:00+08:00,FIXED_COOLING,2023-07-31T15:00:00+08:00
D08:601616.SH:1300:1353,1353,2023-07-31T15:00:00+08:00,FIXED_COOLING,2023-07-31T15:00:00+08:00
D08:001219.SZ:1304:1353,1353,2023-07-31T15:00:00+08:00,FIXED_COOLING,2023-07-31T15:00:00+08:00
D08:000902.SZ:1337:1353,1353,2023-07-31T15:00:00+08:00,FIXED_COOLING,2023-07-31T15:00:00+08:00
D08:002810.SZ:1331:1353,1353,2023-07-31T15:00:00+08:00,FIXED_COOLING,2023-07-31T15:00:00+08:00
D08:000727.SZ:1312:1354,1354,2023-08-01T15:00:00+08:00,FIXED_COOLING,2023-08-01T15:00:00+08:00
D08:002097.SZ:1302:1354,1354,2023-08-01T15:00:00+08:00,FIXED_COOLING,2023-08-01T15:00:00+08:00
D08:000541.SZ:1301:1354,1354,2023-08-01T15:00:00+08:00,FIXED_COOLING,2023-08-01T15:00:00+08:00
D08:603897.SH:1300:1354,1354,2023-08-01T15:00:00+08:00,FIXED_COOLING,2023-08-01T15:00:00+08:00
D08:601958.SH:1311:1354,1354,2023-08-01T15:00:00+08:00,FIXED_COOLING,2023-08-01T15:00:00+08:00
D08:002658.SZ:1302:1355,1355,2023-08-02T15:00:00+08:00,FIXED_COOLING,2023-08-02T15:00:00+08:00
D08:002984.SZ:1319:1358,1358,2023-08-07T15:00:00+08:00,FIXED_COOLING,2023-08-07T15:00:00+08:00
D08:300448.SZ:1303:1359,1359,2023-08-08T15:00:00+08:00,FIXED_COOLING,2023-08-08T15:00:00+08:00
D08:300605.SZ:1311:1363,1363,2023-08-14T15:00:00+08:00,FIXED_COOLING,2023-08-14T15:00:00+08:00
D08:603979.SH:1314:1373,1373,2023-08-28T15:00:00+08:00,FIXED_COOLING,2023-08-28T15:00:00+08:00
D08:601128.SH:1351:1373,1373,2023-08-28T15:00:00+08:00,FIXED_COOLING,2023-08-28T15:00:00+08:00
D08:605499.SH:1320:1375,1375,2023-08-30T15:00:00+08:00,FIXED_COOLING,2023-08-30T15:00:00+08:00
D08:001296.SZ:1342:1376,1376,2023-08-31T15:00:00+08:00,FIXED_COOLING,2023-08-31T15:00:00+08:00
D08:601857.SH:1329:1380,1380,2023-09-06T15:00:00+08:00,FIXED_COOLING,2023-09-06T15:00:00+08:00
D08:002524.SZ:1342:1384,1384,2023-09-12T15:00:00+08:00,FIXED_COOLING,2023-09-12T15:00:00+08:00
D08:000429.SZ:1343:1386,1386,2023-09-14T15:00:00+08:00,FIXED_COOLING,2023-09-14T15:00:00+08:00
D08:600177.SH:1341:1388,1388,2023-09-18T15:00:00+08:00,FIXED_COOLING,2023-09-18T15:00:00+08:00
D08:300251.SZ:1353:1388,1388,2023-09-18T15:00:00+08:00,FIXED_COOLING,2023-09-18T15:00:00+08:00
D08:000096.SZ:1337:1389,1389,2023-09-19T15:00:00+08:00,FIXED_COOLING,2023-09-19T15:00:00+08:00
D08:601825.SH:1340:1393,1393,2023-09-25T15:00:00+08:00,FIXED_COOLING,2023-09-25T15:00:00+08:00
D08:603259.SH:1341:1395,1395,2023-09-27T15:00:00+08:00,FIXED_COOLING,2023-09-27T15:00:00+08:00
D08:300558.SZ:1373:1395,1395,2023-09-27T15:00:00+08:00,FIXED_COOLING,2023-09-27T15:00:00+08:00
D08:600561.SH:1344:1396,1396,2023-09-28T15:00:00+08:00,FIXED_COOLING,2023-09-28T15:00:00+08:00
D08:000919.SZ:1347:1396,1396,2023-09-28T15:00:00+08:00,FIXED_COOLING,2023-09-28T15:00:00+08:00
D08:300606.SZ:1364:1399,1399,2023-10-11T15:00:00+08:00,FIXED_COOLING,2023-10-11T15:00:00+08:00
D08:600645.SH:1341:1401,1401,2023-10-13T15:00:00+08:00,FIXED_COOLING,2023-10-13T15:00:00+08:00
D08:600867.SH:1383:1401,1401,2023-10-13T15:00:00+08:00,FIXED_COOLING,2023-10-13T15:00:00+08:00
D08:600941.SH:1357:1403,1403,2023-10-17T15:00:00+08:00,FIXED_COOLING,2023-10-17T15:00:00+08:00
D08:603439.SH:1383:1419,1419,2023-11-08T15:00:00+08:00,FIXED_COOLING,2023-11-08T15:00:00+08:00
D08:605289.SH:1392:1419,1419,2023-11-08T15:00:00+08:00,FIXED_COOLING,2023-11-08T15:00:00+08:00
D08:688288.SH:1382:1419,1419,2023-11-08T15:00:00+08:00,FIXED_COOLING,2023-11-08T15:00:00+08:00
D08:000859.SZ:1379:1419,1419,2023-11-08T15:00:00+08:00,FIXED_COOLING,2023-11-08T15:00:00+08:00
D08:002058.SZ:1374:1422,1422,2023-11-13T15:00:00+08:00,FIXED_COOLING,2023-11-13T15:00:00+08:00
D08:300668.SZ:1388:1422,1422,2023-11-13T15:00:00+08:00,FIXED_COOLING,2023-11-13T15:00:00+08:00
D08:002488.SZ:1380:1423,1423,2023-11-14T15:00:00+08:00,FIXED_COOLING,2023-11-14T15:00:00+08:00
D08:002197.SZ:1392:1423,1423,2023-11-14T15:00:00+08:00,FIXED_COOLING,2023-11-14T15:00:00+08:00
D08:688488.SH:1383:1424,1424,2023-11-15T15:00:00+08:00,FIXED_COOLING,2023-11-15T15:00:00+08:00
D08:002521.SZ:1383:1425,1425,2023-11-16T15:00:00+08:00,FIXED_COOLING,2023-11-16T15:00:00+08:00
D08:300396.SZ:1383:1426,1426,2023-11-17T15:00:00+08:00,FIXED_COOLING,2023-11-17T15:00:00+08:00
D08:300482.SZ:1384:1427,1427,2023-11-20T15:00:00+08:00,FIXED_COOLING,2023-11-20T15:00:00+08:00
D08:002773.SZ:1383:1428,1428,2023-11-21T15:00:00+08:00,FIXED_COOLING,2023-11-21T15:00:00+08:00
D08:603221.SH:1395:1429,1429,2023-11-22T15:00:00+08:00,FIXED_COOLING,2023-11-22T15:00:00+08:00
D08:688626.SH:1387:1432,1432,2023-11-27T15:00:00+08:00,FIXED_COOLING,2023-11-27T15:00:00+08:00
D08:601699.SH:1377:1432,1432,2023-11-27T15:00:00+08:00,FIXED_COOLING,2023-11-27T15:00:00+08:00
D08:301020.SZ:1417:1433,1433,2023-11-28T15:00:00+08:00,FIXED_COOLING,2023-11-28T15:00:00+08:00
D08:300705.SZ:1383:1435,1435,2023-11-30T15:00:00+08:00,FIXED_COOLING,2023-11-30T15:00:00+08:00
D08:300551.SZ:1416:1436,1436,2023-12-01T15:00:00+08:00,FIXED_COOLING,2023-12-01T15:00:00+08:00
D08:300498.SZ:1398:1437,1437,2023-12-04T15:00:00+08:00,FIXED_COOLING,2023-12-04T15:00:00+08:00
D08:600959.SH:1417:1440,1440,2023-12-07T15:00:00+08:00,FIXED_COOLING,2023-12-07T15:00:00+08:00
D08:601101.SH:1420:1441,1441,2023-12-08T15:00:00+08:00,FIXED_COOLING,2023-12-08T15:00:00+08:00
D08:601107.SH:1421:1443,1443,2023-12-12T15:00:00+08:00,FIXED_COOLING,2023-12-12T15:00:00+08:00
D08:600764.SH:1417:1443,1443,2023-12-12T15:00:00+08:00,FIXED_COOLING,2023-12-12T15:00:00+08:00
D08:300001.SZ:1417:1456,1456,2023-12-29T15:00:00+08:00,FIXED_COOLING,2023-12-29T15:00:00+08:00
