blind_id,triplet_id,symbol,trade_date,year,label,participation,direction,turn,retention,quieting,spike_distribution,volume_alignment,rejection,context,ir20,ir40,ir60,persistent_excess_score,mfe60,mae60,future_dd60
CASE_000617,235,300552.SZ,2021-04-22,2021,LOSER,HIGH,0,1,0.0,-1.0,0,1.0,0.0,0,-0.12268822332442508,-0.16896037209713372,-0.3058703637073251,0.10050590219224283,0.0036344755970925124,-0.29182643898101057,-0.2799221393000788
CASE_000741,160,000999.SZ,2020-02-28,2020,LOSER,MID,1,-1,1.0,0.0,-1,1.0,0.0,2,-0.13018854232652213,-0.12038771603352139,-0.16877754690935215,0.13333333333333333,0.041158536585365946,-0.18628048780487816,-0.2077308940690472
CASE_000080,11,002529.SZ,2018-07-11,2018,LOSER,LOW,-2,-2,-2.0,,-1,,0.0,-2,-0.10339369591227741,-0.11075000220631637,-0.17858991503658667,0.14742589703588144,0.0972088546679497,-0.2887391722810394,-0.3330324909747291
CASE_000422,168,300636.SZ,2020-03-10,2020,WINNER,HIGH,1,2,2.0,-1.0,0,1.0,0.0,2,0.2080302566935285,0.10785738661569967,0.4851066946643096,0.9659543643607389,0.5281563467833181,-0.14813785436353533,-0.18268261115971407
CASE_000125,82,300473.SZ,2019-01-07,2019,LOSER,MID,0,-1,0.0,0.0,0,1.0,0.0,0,-0.017755327771807744,-0.1275746065265374,-0.17858526674202857,0.1730345334313005,0.17459396751740242,-0.081206496519721,-0.1325788197251414
CASE_000711,184,600206.SH,2021-01-29,2021,NEUTRAL,LOW,-2,-2,-2.0,0.0,0,0.0,0.0,-1,0.06797326426151921,-0.0056722573500709375,-0.050526431549873026,0.5263157894736842,0.13865546218487412,-0.09495798319327764,-0.14340198321891662
CASE_000765,223,603131.SH,2021-04-16,2021,LOSER,HIGH,-1,1,-1.0,0.0,1,1.0,0.0,0,-0.14583666840485768,-0.25027544515170075,-0.2640690340017908,0.0722972972972973,0.0625601539942251,-0.23252687806815953,-0.22937753554890805
CASE_000323,160,000538.SZ,2020-02-28,2020,WINNER,MID,0,-1,-1.0,0.0,0,1.0,0.0,0,0.06631247103122478,0.10454495743591881,0.12080746907745378,0.8243727598566308,0.2168001016647607,-0.09772525098487717,-0.09231707317073168
CASE_000142,78,002843.SZ,2019-11-29,2019,LOSER,LOW,-1,0,-1.0,1.0,-1,1.0,0.0,-1,-0.09387982957888565,-0.1345874313478362,-0.18282952971135258,0.17525035765379113,0.05256723716381395,-0.22249388753056243,-0.20954598370197908
CASE_000127,34,600351.SH,2018-01-04,2018,NEUTRAL,MID,-1,1,-1.0,0.0,-1,1.0,0.0,-1,-0.0022224384499902536,0.0013431958252692446,-0.03735636007447382,0.5289156626506024,0.07047872340425543,-0.07845744680851063,-0.06878306878306872
CASE_000124,107,000897.SZ,2019-01-23,2019,LOSER,HIGH,0,0,0.0,0.0,-1,1.0,0.0,-1,-0.060844195964895265,-0.294414315958138,-0.28471566157943395,0.046863468634686344,0.42125984251968474,-0.13385826771653542,-0.2941176470588234
CASE_000165,117,002713.SZ,2019-07-02,2019,LOSER,HIGH,1,-1,0.0,1.0,1,1.0,0.0,0,-0.10443147036782661,-0.18388771765965503,-0.1841488065619606,0.056085043988269793,0.001945525291829009,-0.22081712062256786,-0.2023346303501945
CASE_000369,46,300075.SZ,2018-05-23,2018,NEUTRAL,HIGH,0,-1,-1.0,-1.0,0,1.0,0.0,-1,0.0027883762655494804,-0.003592058531188297,-0.040680258224806365,0.5249376558603491,0.00694444444444442,-0.2471513620404424,-0.23513108966965957
CASE_000578,153,000610.SZ,2020-04-23,2020,LOSER,MID,0,0,0.0,-1.0,-1,1.0,0.0,-1,-0.11092082842359076,-0.1329067499651269,-0.27052478515470174,0.12237375598967933,0.13096559378468364,-0.15094339622641517,-0.14317425083240853
CASE_000047,58,002686.SZ,2018-07-17,2018,LOSER,HIGH,-1,2,-1.0,-2.0,-1,1.0,0.0,-1,-0.13789188806624045,-0.19982168826164307,-0.1948650751182754,0.04726850058117009,0.06043329532497177,-0.4287343215507412,-0.4241733181299886
CASE_000746,140,603901.SH,2020-09-15,2020,NEUTRAL,LOW,1,-1,1.0,0.0,1,1.0,0.0,1,-0.017172217745132626,0.05977237145563229,-0.022700654888079513,0.48262682418346076,0.11143695014662747,-0.12805474095796676,-0.1950354609929077
CASE_000183,230,600745.SH,2021-03-08,2021,LOSER,HIGH,-1,-1,-1.0,0.0,-1,-1.0,0.0,-2,-0.06035163261900409,-0.25774224003215906,-0.3981459134824943,0.0204560697518444,0.016610978520286368,-0.25661097852028647,-0.2324582338902148
CASE_000036,227,600405.SH,2021-09-13,2021,NEUTRAL,HIGH,1,0,1.0,0.0,0,1.0,0.0,1,-0.021046572885491208,-0.023367445702173542,0.027263284104962898,0.5043997485857951,0.2218749999999996,-0.09375000000000022,-0.12650602409638545
CASE_000326,141,603283.SH,2020-10-19,2020,LOSER,MID,1,2,1.0,-1.0,1,0.0,0.0,2,-0.2646235278246395,-0.2861190063748782,-0.39944811803909147,0.011631885049606569,0.013211203100228941,-0.3903470142680996,-0.38523868240267767
CASE_000465,31,002426.SZ,2018-02-27,2018,LOSER,MID,-2,1,-1.0,,-2,,0.0,-1,-0.10509234357969217,-0.16222521694950828,-0.27544745019365474,0.07772236076475478,0.03296703296703285,-0.23992673992673985,-0.25886524822695034
CASE_000676,229,300173.SZ,2021-09-15,2021,LOSER,HIGH,1,-1,1.0,1.0,-2,1.0,0.0,0,-0.0909266750347125,-0.07512351380951436,-0.14443908190996518,0.1596480201131364,0.04817708333333415,-0.2526041666666664,-0.20833333333333326
CASE_000001,176,300745.SZ,2020-03-09,2020,LOSER,HIGH,-1,1,0.0,0.0,0,1.0,0.0,-1,-0.08866026236303826,-0.16074811123725827,-0.17849729957027977,0.11006517016654598,0.08870967741935454,-0.2791218637992833,-0.29602733874412646
CASE_000496,7,002376.SZ,2018-09-10,2018,WINNER,LOW,0,1,0.0,0.0,0,0.0,0.0,1,0.07733298652320206,0.20147666262833855,0.0801799068891874,0.8344069723380069,0.1975155279503109,-0.11118012422360257,-0.16329966329966328
CASE_000546,129,002512.SZ,2020-04-13,2020,LOSER,LOW,0,1,0.0,-2.0,0,1.0,0.0,0,-0.12815958692887094,-0.16018283037605682,-0.2895445180367064,0.09667896678966789,0.06932409012131746,-0.14384748700173278,-0.18985270049099834
CASE_000333,35,300101.SZ,2018-08-03,2018,NEUTRAL,MID,-1,-2,-1.0,0.0,0,-1.0,0.0,-1,0.03200416351471095,0.003931453703826825,-0.07107311434113016,0.5174396320429283,0.1146897093479966,-0.23802042419481562,-0.2965074839629369
CASE_000173,226,000639.SZ,2021-04-07,2021,WINNER,HIGH,-2,-2,-1.0,0.0,0,-1.0,0.0,-2,-0.003812396986365464,0.1535644421821124,0.17947762552363505,0.8630508474576272,0.2573673870333988,-0.04715127701375266,-0.08510638297872342
CASE_000703,48,300193.SZ,2018-07-17,2018,WINNER,HIGH,-2,-1,-1.0,1.0,1,1.0,0.0,-2,0.11786697095872052,0.24731028219640155,0.36269359461500483,0.9845021309569935,0.23378839590443734,-0.08191126279863492,-0.10569105691056913
CASE_000429,144,601999.SH,2020-02-28,2020,LOSER,MID,1,-2,-1.0,-1.0,-2,1.0,-1.0,1,-0.06277239171287849,-0.1526785617780263,-0.1718810037525478,0.12939068100358422,0.0923482849604218,-0.25725593667546165,-0.3020961775585693
CASE_000241,146,300747.SZ,2020-09-01,2020,NEUTRAL,MID,1,1,2.0,0.0,1,0.0,0.0,1,-0.10120812208750747,-0.011261323390747653,0.0854915698448961,0.5252349460494257,0.1843258571796862,-0.2405259087393652,-0.23936581593194073
CASE_000573,140,300151.SZ,2020-09-15,2020,WINNER,LOW,2,-1,1.0,0.0,0,1.0,0.0,2,0.16981639259081271,0.29127134057172316,0.3529619846992985,0.9673384294649062,0.45491183879093255,-0.05390428211586917,-0.12943262411347545
CASE_000698,49,300219.SZ,2018-11-16,2018,LOSER,HIGH,-1,2,0.0,0.0,1,1.0,0.0,0,-0.03832350927754427,-0.11375008937513995,-0.2445109554508803,0.10160029772981019,0.010570824524312794,-0.3171247357293864,-0.31289640591966106
CASE_000099,117,002822.SZ,2019-07-02,2019,WINNER,HIGH,1,0,1.0,0.0,0,0.0,0.0,1,0.24937741074561937,0.43882559666938115,0.409137887014574,0.9897360703812317,0.4846456109657076,-0.021001615508885352,-0.08445040214477217
CASE_000789,154,600067.SH,2020-02-17,2020,LOSER,MID,-1,0,-1.0,0.0,-1,1.0,0.0,-2,-0.13985611507584542,-0.12680162977445467,-0.20703877349870337,0.10177935943060498,0.1338797814207653,-0.09836065573770503,-0.16957605985037416
CASE_000201,232,002364.SZ,2021-08-30,2021,LOSER,HIGH,1,0,1.0,0.0,0,1.0,0.0,1,-0.0932159399399981,-0.1328259195733883,-0.09620504626560498,0.1561712846347607,0.040609137055837685,-0.15532994923857912,-0.1370558375634523
CASE_000138,239,000503.SZ,2021-06-03,2021,LOSER,HIGH,-1,1,0.0,0.0,1,1.0,0.0,-1,-0.17150791018836511,-0.20430567698743973,-0.17338986605575848,0.0985172981878089,0.00837320574162681,-0.19976076555023914,-0.1961722488038279
CASE_000396,93,300555.SZ,2019-10-28,2019,LOSER,MID,0,0,0.0,1.0,-1,1.0,0.0,1,-0.06374309912438438,-0.09837517080649047,-0.15883322705285718,0.1362819129809421,0.025423728813559476,-0.16478342749529218,-0.15913370998116783
CASE_000030,21,603258.SH,2018-01-04,2018,LOSER,MID,-1,-2,-1.0,0.0,1,-1.0,0.0,-2,-0.15933293336085874,-0.15691655691967157,-0.0871326310575688,0.048594377510040164,0.037901758641600836,-0.2989690721649486,-0.2939939939939942
CASE_000590,167,002241.SZ,2020-05-29,2020,WINNER,HIGH,0,1,0.0,0.0,0,0.0,0.0,1,0.22249931340511162,0.6128216895570773,0.7967426061876139,0.9823399558498896,1.1266478342749537,0.01789077212806056,-0.1381624623929647
CASE_000410,16,002625.SZ,2018-06-12,2018,LOSER,LOW,-2,-1,-1.0,,-1,,0.0,-2,-0.11946710855510417,-0.1858549001815154,-0.2410366648851025,0.0498793242156074,0.008064516129032251,-0.40542521994134895,-0.4017595307917886
CASE_000319,100,000920.SZ,2019-06-12,2019,NEUTRAL,MID,1,-1,-1.0,1.0,1,1.0,0.0,1,-0.009070549973057373,0.06217719028747344,-0.02564852971488768,0.48637551325121314,0.13050460801405528,-0.07116832457136668,-0.14961636828644487
CASE_000306,128,300432.SZ,2020-10-12,2020,NEUTRAL,LOW,2,0,1.0,1.0,-1,1.0,0.0,2,0.03418708581895319,-0.0076334161605419795,-0.0891371809130877,0.4962251201098147,0.21393998063891484,-0.0600193610842209,-0.18234804329725252
CASE_000531,164,000935.SZ,2020-03-09,2020,NEUTRAL,HIGH,0,1,0.0,-2.0,-1,1.0,0.0,0,-0.011775119059588737,0.018375952863209324,-0.056545713361154895,0.5043446777697321,0.014705882352941124,-0.16711229946524075,-0.16337285902503296
CASE_000164,148,002649.SZ,2020-04-15,2020,NEUTRAL,MID,0,-1,-1.0,0.0,0,1.0,0.0,0,-0.07050926815574617,-0.036978513373263064,-0.06579798089983405,0.4718024327312938,0.142532434365104,-0.12417582417582418,-0.13778256189451
CASE_000431,120,002174.SZ,2019-12-13,2019,WINNER,HIGH,0,2,1.0,-1.0,0,1.0,0.0,0,0.3259656417317487,0.3652966827979609,0.05888216974288589,0.9449213161659513,0.7497291440953409,-0.019501625135427858,-0.3538557213930348
CASE_000675,169,603717.SH,2020-07-01,2020,LOSER,HIGH,-1,1,0.0,0.0,0,1.0,0.0,0,0.0792376080228597,-0.16252301375823666,-0.22751355108984317,0.14495873699318262,0.19285714285714284,-0.09404761904761905,-0.22626262626262628
CASE_000075,167,002139.SZ,2020-05-29,2020,NEUTRAL,HIGH,0,-1,-2.0,0.0,0,1.0,0.0,-1,-0.08806537018462951,-0.05157449128381,0.011525074273459612,0.452906548933039,0.34631737999859347,0.00379506641366234,-0.14198473282442736
CASE_000008,45,600073.SH,2018-11-09,2018,WINNER,HIGH,-1,-1,-1.0,0.0,1,1.0,0.0,-2,0.07026799886131473,0.23786820516387208,0.24218797614398213,0.9578672632363907,0.2768729641693817,-0.021172638436481983,-0.09455958549222776
CASE_000428,98,002322.SZ,2019-06-28,2019,NEUTRAL,MID,1,0,0.0,0.0,1,1.0,0.0,0,0.0012880584085560535,-0.024038863327369177,-0.043240635261676874,0.4577516531961793,0.18203497615262187,-0.09062003179650258,-0.11186696900982651
CASE_000274,73,300406.SZ,2019-07-29,2019,NEUTRAL,LOW,1,1,1.0,0.0,1,1.0,0.0,2,-0.013845598976738094,0.031078625678988614,-0.07943223281100908,0.4930909090909091,0.2507956715467854,-0.17250159134309373,-0.18684210526315814
CASE_000078,73,600587.SH,2019-07-29,2019,LOSER,LOW,2,1,1.0,0.0,1,1.0,0.0,2,-0.061792976615159104,-0.16095589869680388,-0.20995672706370916,0.04654545454545454,0.006318207926479191,-0.13670304422745483,-0.12464101091326751
CASE_000645,228,002396.SZ,2021-08-27,2021,LOSER,HIGH,2,-1,1.0,0.0,1,1.0,0.0,1,-0.04930272031225569,-0.1517997210207683,-0.20333977301775577,0.11569987389659521,0.04107542942494424,-0.18894697535474225,-0.2057329462989841
CASE_000486,67,002632.SZ,2019-05-16,2019,NEUTRAL,LOW,0,-2,-1.0,0.0,-1,1.0,0.0,-1,0.029419371581670406,0.0011897848460928652,-0.06530184891116006,0.5214395099540582,0.05021520803443402,-0.150518446686829,-0.17580872011251736
CASE_000630,230,603501.SH,2021-03-08,2021,NEUTRAL,HIGH,2,-1,1.0,0.0,1,1.0,0.0,1,0.07053654285771285,-0.009866750660492939,-0.11102132910238299,0.5315224681421864,0.20597362296353738,-0.07649340574088459,-0.13334645152826985
CASE_000551,156,300099.SZ,2020-11-19,2020,NEUTRAL,MID,1,-2,-1.0,1.0,-2,1.0,-1.0,0,-0.031153236485579244,-0.0029969765200691945,-0.017662133279955902,0.5266372582287071,0.06068268015170686,-0.22123893805309713,-0.23803680981595088
CASE_000235,80,002251.SZ,2019-07-23,2019,NEUTRAL,LOW,-1,-1,-2.0,1.0,1,1.0,0.0,-1,-0.002227918966827242,-0.022252640997025702,-0.022133901868102594,0.4967225054624909,0.056209150326796964,-0.07581699346405257,-0.06708860759493684
CASE_000592,199,000963.SZ,2021-01-15,2021,WINNER,LOW,0,-1,0.0,0.0,-2,1.0,0.0,0,0.21632221971698065,0.5131647944207801,0.45556863432140393,0.9842546063651592,0.6095588235294098,-0.09742647058823584,-0.17394382818031595
CASE_000734,139,002813.SZ,2020-12-25,2020,WINNER,LOW,-1,-1,-1.0,-1.0,0,0.0,0.0,-1,0.45633845278346735,0.39135411230524403,0.47277478165320896,0.9865546218487395,1.0063944909001474,-0.0703393999016233,-0.39390700160342085
CASE_000392,90,000785.SZ,2019-10-08,2019,LOSER,MID,0,1,0.0,-2.0,-1,1.0,1.0,1,-0.1162359345059212,-0.14094582376793793,-0.1652289355878889,0.08756756756756756,0.11617515638963383,-0.16711349419124244,-0.23308883455582763
CASE_000020,205,002686.SZ,2021-06-29,2021,NEUTRAL,MID,-1,0,-1.0,1.0,1,1.0,0.0,-1,0.08589646707577567,-0.031481523478193774,-0.14248734848665068,0.4606993904395252,0.21892393320964776,-0.02597402597402576,-0.14062500000000022
CASE_000062,59,603022.SH,2018-11-08,2018,NEUTRAL,HIGH,-1,1,-1.0,0.0,-1,1.0,0.0,-2,0.024506866576754424,-0.009234680868273512,-0.014337807291078095,0.4990675121223424,0.11428571428571432,-0.08843537414965985,-0.16256157635467972
CASE_000048,82,002920.SZ,2019-01-07,2019,WINNER,MID,-2,-1,-2.0,1.0,1,2.0,0.0,-2,0.22635786761748933,0.36524874814031033,0.3766776521572548,0.9621601763409258,0.8495670995671007,-0.008116883116883078,-0.10578231292517004
CASE_000417,44,603908.SH,2018-12-04,2018,NEUTRAL,HIGH,-1,1,-1.0,0.0,1,1.0,0.0,-1,0.08653541290589606,-0.043238985565214244,-0.03258447826978743,0.47253962403243643,0.11952026468155497,-0.17287014061207606,-0.15463076295389666
CASE_000442,5,603648.SH,2018-12-18,2018,LOSER,LOW,-2,-1,-2.0,0.0,1,1.0,0.0,-2,-0.06183355083550541,-0.11396293794978785,-0.07127164919720133,0.16906077348066298,0.29694323144104784,-0.17903930131004364,-0.17928633594429944
CASE_000041,228,600522.SH,2021-08-27,2021,WINNER,HIGH,-1,-1,-1.0,,-1,,0.0,-1,0.1450105592187176,0.5529030854638874,1.2164292148598745,0.9883354350567465,1.475471698113206,-0.0339622641509435,-0.10749354005167966
CASE_000262,67,300230.SZ,2019-05-16,2019,LOSER,LOW,0,-2,-2.0,0.0,-1,1.0,0.0,0,-0.12741751488448907,-0.16777122169072806,-0.17140517642487801,0.05934150076569678,0.023032629558541462,-0.2544269862128351,-0.2503968618139857
CASE_000426,128,600110.SH,2020-10-12,2020,WINNER,LOW,1,2,1.0,-1.0,0,1.0,0.0,2,0.18481316414838006,0.07771858964046899,0.4030894149952139,0.9457789979409746,0.7118380062305294,-0.09034267912772576,-0.15155279503105612
CASE_000403,183,300234.SZ,2021-01-05,2021,WINNER,LOW,-1,-2,-1.0,-1.0,-1,-1.0,-1.0,-2,-0.15819392548079397,0.3580392857721408,0.7149981169878611,0.9859390693003013,1.2676056338028165,-0.16901408450704247,-0.27062706270627035
CASE_000766,159,603969.SH,2020-10-13,2020,NEUTRAL,MID,1,-1,0.0,1.0,-2,1.0,0.0,0,-0.10485889473540462,-0.012664637587067835,0.009417492946658265,0.4711934156378601,0.009132420091324311,-0.1278538812785387,-0.11643835616438325
CASE_000253,3,600354.SH,2018-02-01,2018,WINNER,LOW,-2,-2,-2.0,0.0,0,1.0,0.0,-2,0.13943528215532047,0.23477264746541687,0.03234619608993023,0.9448248086991542,0.5032573289902278,-0.07817589576547235,-0.2597701149425288
CASE_000068,232,601727.SH,2021-08-30,2021,NEUTRAL,HIGH,-1,2,-1.0,0.0,-1,1.0,0.0,-1,0.10510445086151396,-0.029204361782499348,-0.12070158443223285,0.46032745591939545,0.14639175257731973,-0.08041237113402044,-0.18098720292504566
CASE_000316,160,002737.SZ,2020-02-28,2020,NEUTRAL,MID,0,-2,-2.0,1.0,-2,1.0,-1.0,0,-0.018911542828838113,-0.05756961992608204,0.02885543893500096,0.47240143369175625,0.058906030855540026,-0.07433380084151442,-0.09939556749496292
CASE_000504,95,002152.SZ,2019-07-25,2019,NEUTRAL,MID,1,0,1.0,1.0,1,1.0,0.0,1,-0.011017862828060731,-0.08045131607225195,0.10553147399887365,0.5134741442097597,0.4023668639053257,-0.06952662721893477,-0.14978902953586504
CASE_000029,196,300380.SZ,2021-01-11,2021,WINNER,LOW,-1,-2,-2.0,0.0,1,1.0,0.0,-2,0.08083303423253779,0.14414178657078658,0.13136014308149058,0.841083974573436,0.20047169811320775,-0.026533018867924474,-0.17976424361493126
CASE_000626,44,603196.SH,2018-12-04,2018,LOSER,HIGH,0,-1,0.0,1.0,-2,1.0,0.0,0,0.07302813924034691,-0.1532000843729672,-0.14326500898636374,0.14854404718024328,0.23927550047664425,-0.25929456625357494,-0.36816720257234725
CASE_000371,32,300532.SZ,2018-01-26,2018,WINNER,MID,0,0,-1.0,1.0,0,1.0,0.0,-1,0.11530269318928343,0.2728889588214887,0.45205242094706033,0.9703525641025641,0.5311845960652997,-0.12766848053578883,-0.10422771033905398
CASE_000432,98,002279.SZ,2019-06-28,2019,LOSER,MID,0,-1,-1.0,1.0,1,1.0,0.0,-1,-0.09573174869528472,-0.09432848613799989,-0.17876586910623743,0.09000734753857458,0.053391053391053545,-0.21067821067821102,-0.23291492329149255
CASE_000301,100,300180.SZ,2019-06-12,2019,WINNER,MID,0,-1,-1.0,1.0,1,1.0,0.0,1,0.10798606181084629,0.08634880408713219,0.20260182278522837,0.9148936170212766,0.20683412211901842,-0.06144393241167434,-0.09553478712357233
CASE_000782,116,300420.SZ,2019-04-24,2019,LOSER,HIGH,2,0,1.0,0.0,1,1.0,0.0,2,-0.08174360900886944,-0.10053742814020708,-0.13002748741725068,0.15135341212352268,0.004225352112675829,-0.2971830985915489,-0.2859154929577461
CASE_000179,208,601098.SH,2021-01-21,2021,WINNER,MID,-2,-2,-2.0,1.0,1,1.0,0.0,-2,0.07522250078005105,0.11452980048645012,0.08546947342018488,0.8272636151019045,0.21444201312910294,-0.036105032822757344,-0.058768656716417955
CASE_000065,200,002896.SZ,2021-02-04,2021,LOSER,LOW,-1,-2,-2.0,0.0,0,0.0,0.0,0,-0.18027149256061858,-0.19041102570498136,-0.17919383569169586,0.07771847898599066,0.006893910379165424,-0.19532746074301022,-0.1895825354270394
CASE_000537,111,002864.SZ,2019-02-22,2019,LOSER,HIGH,-1,1,0.0,0.0,0,1.0,0.0,-1,-0.12731443827110606,-0.230896786136005,-0.22586354924763016,0.05978462681024879,0.15694403316553118,-0.18625999407758398,-0.28036175710594313
CASE_000646,185,300170.SZ,2021-01-12,2021,NEUTRAL,LOW,-2,-2,-2.0,0.0,1,1.0,0.0,-2,-0.009987401006686727,0.03678057521863281,-0.04538091711510875,0.514553362328538,0.08594815825375135,-0.13778990450204687,-0.1766233766233769
CASE_000180,217,002481.SZ,2021-08-16,2021,LOSER,MID,-1,0,-1.0,1.0,0,0.0,0.0,-1,-0.10178612285815211,-0.1536076583024792,-0.28674326347858564,0.11072664359861592,0.050434782608695716,-0.2295652173913043,-0.22898799313893636
CASE_000407,107,600848.SH,2019-01-23,2019,WINNER,HIGH,0,0,0.0,,-1,,0.0,-1,-0.022319766056636575,0.20452729050933927,0.37908587899717955,0.9,0.8848955803788265,-0.0398251578436134,-0.12174189446916683
CASE_000356,103,601766.SH,2019-02-14,2019,LOSER,HIGH,0,1,0.0,0.0,0,0.0,0.0,-1,-0.1338210827506571,-0.2863752128637676,-0.2077389878372509,0.09583486914854404,0.12935883014623184,-0.1001124859392567,-0.17386831275720127
CASE_000137,106,002055.SZ,2019-03-19,2019,LOSER,HIGH,2,1,2.0,0.0,1,1.0,0.0,0,-0.08726311792139996,-0.1313481421497117,-0.1467251067186738,0.12191416635017091,0.030605455755156274,-0.3193612774451101,-0.32198952879581166
CASE_000601,187,300541.SZ,2021-01-11,2021,NEUTRAL,LOW,-2,-2,-2.0,0.0,1,1.0,0.0,-2,-0.036513303332659716,-0.023906637925968914,0.05446027335943021,0.45065239210438274,0.17439581972566942,-0.1417374265186152,-0.18450184501845046
CASE_000198,193,300682.SZ,2021-07-28,2021,WINNER,LOW,2,1,1.0,0.0,1,1.0,0.0,1,0.11823280201412732,0.44222254841561487,0.897528910230107,0.9753787878787878,0.9343493552168833,0.0023446658851116187,-0.13231904103273384
CASE_000683,174,300454.SZ,2020-01-08,2020,WINNER,HIGH,1,0,1.0,0.0,1,1.0,0.0,2,0.5659966112845702,0.4016769165647084,0.3982458231520804,0.9689618266143418,0.8987234042553189,0.0008510638297873907,-0.28938589484565147
CASE_000468,174,002153.SZ,2020-01-08,2020,LOSER,HIGH,1,1,1.0,0.0,1,1.0,0.0,2,-0.05787525401597514,-0.19431735090936642,-0.25820118489888466,0.07420620763467713,0.18373648996397307,-0.2619660319094186,-0.35357142857142854
CASE_000694,188,300759.SZ,2021-01-11,2021,WINNER,LOW,1,2,1.0,0.0,0,1.0,0.0,2,0.18106912962355304,-0.06804966716193134,0.15103923487627816,0.8624958179993308,0.384414524683802,-0.18400652794777672,-0.3846516562536838
CASE_000379,234,300647.SZ,2021-09-03,2021,LOSER,HIGH,1,-1,1.0,0.0,-1,0.0,0.0,1,-0.15914995820581568,-0.30938188843667974,-0.34258035529499,0.008495909376966647,0.04181494661921703,-0.3211743772241994,-0.32003469210754554
CASE_000704,31,603633.SH,2018-02-27,2018,WINNER,MID,-2,-1,-2.0,0.0,0,1.0,0.0,-2,0.02925105392681436,0.10832438629233808,0.24688623333906756,0.8487115544472152,0.41339343206696744,-0.019961365099806505,-0.10778443113772429
CASE_000721,123,603687.SH,2020-09-22,2020,LOSER,LOW,-1,-1,-1.0,0.0,0,0.0,0.0,-2,-0.08684557915870683,-0.14095834362060092,-0.15561715240789073,0.1412292817679558,0.007843137254901933,-0.24470588235294133,-0.2425897035881437
CASE_000557,3,601118.SH,2018-02-01,2018,NEUTRAL,LOW,0,1,0.0,-2.0,-1,1.0,0.0,-1,0.032806822707894576,-0.041969598802715724,-0.033050102506371935,0.4526782118405155,0.28417266187050294,-0.13669064748201454,-0.22205882352941186
CASE_000569,216,002975.SZ,2021-07-02,2021,LOSER,MID,-1,1,-1.0,0.0,1,1.0,0.0,-1,-0.2800842722071519,-0.3495276676759247,-0.37745425219119466,0.013777635373277796,0.03155479059093502,-0.38405048766494576,-0.38365714285714303
CASE_000631,126,300173.SZ,2020-12-30,2020,LOSER,LOW,-1,1,0.0,-1.0,-1,0.0,0.0,0,-0.1586721115325985,-0.15572388678397137,-0.21568488389013712,0.05736330090573633,0.03042876901798075,-0.3402489626556018,-0.32510288065843673
CASE_000372,146,300484.SZ,2020-09-01,2020,WINNER,MID,1,2,2.0,-1.0,1,1.0,0.0,2,0.2543942757508918,0.4106081348852246,0.3400879430228201,0.9805081796032022,0.9213724088634734,-0.12008577555396716,-0.3218298555377209
CASE_000121,165,600246.SH,2020-01-13,2020,WINNER,HIGH,2,2,2.0,-1.0,1,1.0,0.0,2,0.1134714580055982,0.04080693686641504,0.4784068790937151,0.8689753659407354,0.42115027829313645,-0.1762523191094616,-0.15978456014362674
CASE_000100,172,600829.SH,2020-07-30,2020,LOSER,HIGH,-1,1,-1.0,1.0,-1,1.0,0.0,0,-0.09204734880343242,-0.14535012461947636,-0.18842903045656623,0.13069586718474038,0.039859320046893076,-0.19226260257913252,-0.2080459770114943
CASE_000750,104,002286.SZ,2019-04-01,2019,LOSER,HIGH,1,2,1.0,0.0,1,1.0,0.0,0,-0.010577989789659042,-0.10186089075313516,-0.17148408435725554,0.1594646271510516,0.1335187760778862,-0.21140472878998606,-0.2702020202020202
CASE_000725,52,000030.SZ,2018-05-21,2018,WINNER,HIGH,-1,1,-1.0,1.0,1,1.0,0.0,-1,0.10816386284854998,0.15694618733748106,0.12223196313944912,0.8882890365448505,0.037837837837837895,-0.11576576576576558,-0.11010816859380801
CASE_000745,46,000503.SZ,2018-05-23,2018,LOSER,HIGH,2,0,1.0,,-1,,0.0,2,-0.0738497729080852,-0.14757472395780777,-0.3263531910239714,0.06816292601828762,0.03772683858643733,-0.5164756446991403,-0.5288506281991623
CASE_000444,213,002472.SZ,2021-07-29,2021,WINNER,MID,2,-1,1.0,0.0,1,1.0,0.0,2,0.32339502404211024,0.23756778552304414,0.4827189781987703,0.9706253948199621,0.5926998841251454,-0.008111239860950081,-0.25613496932515334
CASE_000294,237,600166.SH,2021-09-06,2021,LOSER,HIGH,1,2,2.0,-1.0,0,1.0,0.0,2,-0.11909810530026688,-0.17190460489355514,-0.19435095907810868,0.07958477508650519,0.02096436058700224,-0.31865828092243176,-0.31611570247933884
CASE_000572,173,603912.SH,2020-01-06,2020,WINNER,HIGH,0,0,-1.0,1.0,-2,1.0,0.0,-1,0.08626087464649933,0.9768468434422561,0.5650979904847624,0.9843025330003567,1.1760563380281694,-0.18802816901408426,-0.33333333333333337
CASE_000197,51,002653.SZ,2018-12-03,2018,LOSER,HIGH,0,0,0.0,0.0,0,0.0,0.0,0,-0.04428349514751698,-0.10278224239689665,-0.16618540375988178,0.12352507374631268,0.03801396431342163,-0.2684251357641585,-0.26475037821482617
CASE_000144,236,600039.SH,2021-03-10,2021,WINNER,HIGH,1,2,2.0,-1.0,0,1.0,0.0,2,0.11935230910842534,0.10793406938673943,0.13968804082812886,0.8419636852723604,0.3570190641247821,-0.010398613518197708,-0.16391184573002737
CASE_000228,101,002930.SZ,2019-04-10,2019,NEUTRAL,HIGH,0,1,0.0,-1.0,0,0.0,0.0,0,-0.020948582647116354,0.009195091728456117,-0.07554011920604337,0.4602750190985485,0.0608011444921317,-0.2327874566572098,-0.258316059017193
CASE_000237,216,300048.SZ,2021-07-02,2021,WINNER,MID,0,-1,-1.0,0.0,0,1.0,0.0,0,0.08732800362428457,0.1891813157231098,0.1825170437253394,0.868631848766421,0.41505376344086087,-0.015053763440860068,-0.14785373608903019
CASE_000376,15,002327.SZ,2018-08-21,2018,NEUTRAL,LOW,-2,-2,-2.0,0.0,1,1.0,0.0,-2,-0.025188234631001546,-0.0036920208924256515,8.530969235260796e-05,0.5304645849200305,0.04379562043795637,-0.1873479318734793,-0.18203592814371228
CASE_000266,199,600079.SH,2021-01-15,2021,NEUTRAL,LOW,-2,-2,-2.0,0.0,-1,0.0,0.0,-1,-0.03448464934211684,-0.008897453429176652,0.02647118878581503,0.5132328308207705,0.15423218467714994,-0.15255938440950156,-0.1943661971830989
CASE_000349,221,300444.SZ,2021-06-09,2021,WINNER,HIGH,-1,1,-1.0,0.0,0,0.0,0.0,-1,0.190848154437634,0.13570530142180223,-0.12064689900190462,0.8412438625204582,0.5154440154440161,-0.013513513513513375,-0.2400548696844993
CASE_000219,62,600980.SH,2019-04-30,2019,WINNER,LOW,1,-1,-1.0,-1.0,-1,0.0,0.0,1,0.5296252613197913,0.41955463961359923,0.23015305358400318,0.9923076923076923,0.7843295638126018,-0.10904684975767376,-0.31678486997635924
CASE_000452,198,300292.SZ,2021-01-05,2021,LOSER,LOW,-2,-2,-2.0,1.0,1,1.0,0.0,-2,-0.11835498505517354,-0.1223827859689859,-0.1513586662874239,0.1342484097756947,0.0024330900243307862,-0.2725060827250607,-0.2603406326034061
CASE_000217,215,300206.SZ,2021-09-24,2021,NEUTRAL,MID,-2,-2,-1.0,0.0,1,-1.0,0.0,-2,-0.04258389694571474,-0.0011707868918155798,-0.020601767227888063,0.5384615384615384,0.18270799347471534,-0.12969004893964076,-0.12479608482871096
CASE_000530,123,002374.SZ,2020-09-22,2020,NEUTRAL,LOW,0,-2,-1.0,-1.0,0,1.0,0.0,0,-0.01981668038989695,0.03303276445053499,-0.0096621250481089,0.5203729281767956,0.06589147286821717,-0.10077519379844924,-0.1140684410646382
CASE_000076,138,002106.SZ,2020-04-01,2020,WINNER,LOW,1,-1,-1.0,0.0,0,1.0,0.0,1,0.21965455474751613,0.24098549708039155,0.4836484459703532,0.9618908024917552,0.6471131425831884,-0.006880733944954365,-0.06678865507776754
CASE_000384,118,603008.SH,2019-12-09,2019,LOSER,HIGH,2,2,2.0,1.0,1,1.0,0.0,2,-0.07280280698185818,-0.07896139708738142,-0.2176477670471928,0.15431435732187612,0.0634715025906738,-0.22150259067357514,-0.22119531731361686
CASE_000554,185,600756.SH,2021-01-12,2021,LOSER,LOW,-2,-1,-2.0,1.0,1,1.0,0.0,-2,-0.09555269708902997,-0.13474468586742533,-0.13688325089445277,0.1642689862830378,0.044718081659105735,-0.22164614387556703,-0.21654040404040398
CASE_000604,34,000989.SZ,2018-01-04,2018,WINNER,MID,0,-1,-1.0,0.0,0,0.0,0.0,-1,0.09442545263404656,0.16200191584048892,0.13166444813083247,0.880722891566265,0.25802997858672483,-0.035331905781584405,-0.0849976776590804
CASE_000490,134,300423.SZ,2020-02-11,2020,LOSER,LOW,-1,1,0.0,0.0,0,1.0,0.0,-1,-0.11370120868533348,-0.2071754352348237,-0.264372628491976,0.06473533619456366,0.15981380915438237,-0.13498836307214945,-0.23382749326145558
CASE_000529,26,600783.SH,2018-08-09,2018,WINNER,MID,-2,-2,-1.0,0.0,0,-1.0,0.0,-2,0.13510918480973813,0.07414044723257415,0.7249217424805863,0.9575850210164311,0.6898395721925143,-0.14331550802139026,-0.1992187500000001
CASE_000362,221,002451.SZ,2021-06-09,2021,LOSER,HIGH,-1,2,0.0,0.0,1,1.0,0.0,-1,-0.10765420330144591,-0.10913264229546951,-0.21303259322755824,0.1220949263502455,0.11521418020679453,-0.10192023633678005,-0.09748892171344148
CASE_000012,20,002164.SZ,2018-06-12,2018,LOSER,LOW,-2,-2,-2.0,0.0,1,0.0,0.0,-2,-0.203853019095086,-0.24148100612229595,-0.3327405289420162,0.016090104585679808,-0.0014641288433381305,-0.5967555941383017,-0.589370165459516
CASE_000632,233,300098.SZ,2021-03-18,2021,WINNER,HIGH,-2,-1,-2.0,1.0,1,2.0,0.0,-2,0.21628710176616397,0.46252080596668,0.5854909837003848,0.9762872628726287,0.909657320872274,-0.06542056074766367,-0.15702479338842956
CASE_000532,182,603898.SH,2021-02-04,2021,NEUTRAL,LOW,-1,1,-1.0,0.0,1,1.0,0.0,-1,0.0006543713561608412,-0.010105377526303291,0.0027643569638421857,0.5053368912608406,0.13241461953265343,-0.08927501497902979,-0.13580931263858076
CASE_000146,143,300211.SZ,2020-11-18,2020,WINNER,MID,1,-2,-1.0,0.0,0,1.0,0.0,0,-0.04713645448448171,0.17696895631134515,0.5769044361695163,0.8838709677419355,0.42783505154639134,-0.1945876288659797,-0.22404371584699456
CASE_000790,163,000501.SZ,2020-06-18,2020,WINNER,HIGH,1,2,2.0,0.0,0,1.0,0.0,2,0.20779970854456076,0.5511475681029596,0.08383900666124641,0.9309222423146474,0.8825938566552907,-0.03549488054607497,-0.39885496183206104
CASE_000636,74,300377.SZ,2019-08-15,2019,NEUTRAL,LOW,-2,-2,-1.0,1.0,1,-1.0,0.0,-2,0.050218503328892716,-0.022507992867352583,-0.08242571700622711,0.4796954314720812,0.3962450592885376,-0.009881422924901129,-0.1683093252463984
CASE_000764,58,600243.SH,2018-07-17,2018,NEUTRAL,HIGH,-2,-1,-2.0,1.0,1,1.0,0.0,-2,0.04870578033971352,0.009719132090543064,-0.034827150477067054,0.5253777605579233,0.07444668008048283,-0.2877263581488929,-0.30639097744360855
CASE_000577,173,300165.SZ,2020-01-06,2020,NEUTRAL,HIGH,-1,1,-1.0,0.0,1,1.0,0.0,-1,0.019252878467797316,-0.027966980216395036,-0.04389106681189002,0.5297895112379594,0.05749486652977409,-0.23613963039014374,-0.21730382293762585
CASE_000591,203,002799.SZ,2021-08-03,2021,LOSER,MID,0,-1,0.0,1.0,1,1.0,0.0,0,-0.03215114058504906,-0.1569788245476278,-0.24580181211220137,0.10974067046173308,0.10652663165791498,-0.22730682670667646,-0.2793914246196406
CASE_000187,92,603881.SH,2019-11-07,2019,WINNER,MID,0,-1,-1.0,0.0,1,1.0,0.0,0,0.18786169112133677,0.12288072676709538,0.29355545815070927,0.9178327951202009,0.5138154027042923,-0.0064667842445620405,-0.16740914419695163
CASE_000085,220,002801.SZ,2021-05-13,2021,NEUTRAL,MID,1,0,1.0,0.0,1,0.0,0.0,1,0.023334697061576155,-0.039977232080260036,-0.22414872512110495,0.4638898219684246,0.12248272664523929,-0.025401069518716346,-0.10406091370558357
CASE_000650,233,603118.SH,2021-03-18,2021,NEUTRAL,HIGH,-2,-1,-2.0,0.0,1,1.0,0.0,-2,-0.005774173755766096,-0.02317116463440073,-0.1522105570234536,0.4959349593495935,0.07745664739884406,-0.038150289017340744,-0.0856832971800432
CASE_000152,111,600422.SH,2019-02-22,2019,WINNER,HIGH,0,1,1.0,-1.0,1,0.0,0.0,-1,0.5397124569280227,0.6582081431879045,0.37548028579368975,0.9847753434831044,1.246376811594204,-0.005797101449275366,-0.3594771241830065
CASE_000256,110,601700.SH,2019-09-04,2019,LOSER,HIGH,-1,1,-1.0,1.0,1,1.0,0.0,-1,-0.12473213284238427,-0.1532709931357069,-0.18454708716789495,0.06424682395644284,0.062003179650238494,-0.21144674085850546,-0.21283255086071962
CASE_000003,77,300615.SZ,2019-12-03,2019,LOSER,LOW,-2,-1,-2.0,0.0,0,1.0,0.0,0,-0.06717005031412511,-0.22487847005620976,-0.26711775712640135,0.08118741058655221,0.10951437066402403,-0.23885034687809703,-0.28965205603253497
CASE_000114,33,300651.SZ,2018-05-18,2018,WINNER,MID,1,1,1.0,0.0,1,0.0,0.0,1,0.09994068608906494,0.1611416662660516,0.18077590501503502,0.9181553801412546,0.1377659574468082,-0.10345744680851121,-0.16458733205374276
CASE_000513,36,300185.SZ,2018-05-10,2018,WINNER,MID,-2,-2,-1.0,1.0,1,-1.0,0.0,-2,0.04162708853301911,0.10152725380663408,0.13530836397616658,0.8551637279596978,0.004629629629629539,-0.20833333333333348,-0.20276497695852536
CASE_000479,193,002065.SZ,2021-07-28,2021,NEUTRAL,LOW,0,-2,-1.0,0.0,0,0.0,0.0,-2,-0.09606045809322208,0.0158089507941354,-0.03813388773002176,0.4715909090909091,0.1809256661991585,-0.0462833099579244,-0.15061728395061735
CASE_000701,164,600599.SH,2020-03-09,2020,LOSER,HIGH,-2,-1,-1.0,0.0,-1,-1.0,-1.0,-2,-0.09823430937907317,-0.14878331603531328,0.012514169738489421,0.10463432295438088,0.20828402366863896,-0.3538461538461539,-0.4146090534979423
CASE_000521,41,002763.SZ,2018-07-24,2018,LOSER,HIGH,-1,1,-1.0,0.0,0,1.0,0.0,-2,-0.0950481694052358,-0.0851078285177222,-0.12295170696980309,0.12475859405175743,0.019147084421236027,-0.3577023498694517,-0.34725848563968675
CASE_000163,134,300427.SZ,2020-02-11,2020,WINNER,LOW,0,0,0.0,-2.0,-1,1.0,0.0,0,0.11697243146545916,0.20942453665564312,0.16071938129179167,0.8723175965665236,0.5767344078486338,-0.03924316748423229,-0.265333333333333
CASE_000671,140,300512.SZ,2020-09-15,2020,LOSER,LOW,2,-2,1.0,-1.0,-1,1.0,0.0,1,-0.08266802033799944,-0.17410555700835237,-0.17732343766436523,0.10006949270326616,0.021289178001182796,-0.28562980484920164,-0.27735068007096375
CASE_000670,83,002402.SZ,2019-07-10,2019,WINNER,MID,1,0,1.0,1.0,1,0.0,0.0,1,0.08148067632694411,0.7464575850993944,0.45277151318043285,0.9802270230684731,0.8271604938271602,-0.04040404040403989,-0.18762088974854874
CASE_000606,156,603076.SH,2020-11-19,2020,WINNER,MID,1,-1,1.0,0.0,-2,-1.0,0.0,2,0.26385009805396337,0.1769334099940244,0.6437650776609654,0.985408890397014,0.5845758354755792,-0.011311053984575992,-0.18771060455896926
CASE_000061,48,002158.SZ,2018-07-17,2018,NEUTRAL,HIGH,-2,-1,-1.0,1.0,1,1.0,0.0,-2,-0.008207175271331572,0.0299566397789245,-0.011922843262768712,0.484695854320031,0.06615214994487317,-0.25468577728776187,-0.2720510095642933
CASE_000139,217,002852.SZ,2021-08-16,2021,NEUTRAL,MID,0,1,1.0,-1.0,0,0.0,0.0,-1,-0.04194237285815192,-0.020659288737261652,0.16707467130402265,0.4784523435042466,0.27426470588235263,-0.08676470588235297,-0.13487738419618533
CASE_000312,112,600416.SH,2019-09-11,2019,NEUTRAL,HIGH,-1,2,0.0,-1.0,1,1.0,0.0,1,0.007646051040859199,-0.08155758440929736,-0.01744857855496776,0.520404478150957,0.07660738714090298,-0.2393980848153211,-0.2731958762886597
CASE_000092,198,002467.SZ,2021-01-05,2021,NEUTRAL,LOW,-2,1,1.0,0.0,1,-1.0,0.0,-2,0.03877860505112404,-0.012275322145638548,-0.03201669911808465,0.4971543354536324,0.006482982171798879,-0.12317666126418136,-0.11345218800648293
CASE_000110,101,600753.SH,2019-04-10,2019,WINNER,HIGH,1,2,1.0,-1.0,-1,1.0,0.0,-1,0.10422100179949734,0.10523702340975927,0.09862488558828411,0.872803666921314,0.056185845488925024,-0.1048082117774175,-0.119232763089684
CASE_000580,186,300716.SZ,2021-07-28,2021,WINNER,LOW,1,1,1.0,0.0,-1,1.0,0.0,1,0.12674457520578022,0.15775473142231233,0.02616522955533302,0.8731060606060606,0.515402843601896,0.0,-0.32681782642689616
CASE_000309,226,603536.SH,2021-04-07,2021,NEUTRAL,HIGH,-2,-1,-1.0,0.0,1,1.0,0.0,-1,-0.02457986917025827,-0.022350464821857964,-0.03044292193956992,0.4976271186440678,0.05171906907264878,-0.12878358084431796,-0.14468995010691377
CASE_000304,208,601801.SH,2021-01-21,2021,NEUTRAL,MID,-2,-1,-2.0,1.0,1,2.0,0.0,-2,-0.014509302715151395,-0.013277808167625506,-0.05150766737935365,0.46541931172736384,0.07805907172995763,-0.06540084388185663,-0.0588235294117645
CASE_000779,207,000526.SZ,2021-02-22,2021,LOSER,MID,-2,0,-1.0,1.0,1,0.0,0.0,-1,-0.12000974496118937,-0.1626247563119596,-0.2129803675237738,0.07922121517287681,0.030366492146596924,-0.3623036649214664,-0.3612565445026181
CASE_000014,201,000785.SZ,2021-05-06,2021,LOSER,MID,-2,0,-1.0,1.0,1,1.0,0.0,-1,-0.12571264188340422,-0.1575174431388069,-0.20724178281843086,0.10968178740690589,0.06162464985994376,-0.2876870439836763,-0.3191871058163981
CASE_000605,48,300430.SZ,2018-07-17,2018,LOSER,HIGH,0,1,0.0,0.0,1,1.0,0.0,-1,-0.16910857513538882,-0.1204855071159332,-0.10943245210238375,0.13134444013948082,0.12362637362637363,-0.35256410256410253,-0.38078902229845624
CASE_000245,41,600177.SH,2018-07-24,2018,WINNER,HIGH,-2,0,-2.0,1.0,1,2.0,0.0,-2,0.025665426730843627,0.12779866531796089,0.17715456006868244,0.9042101197373503,0.0026845637583889914,-0.09261744966443008,-0.09127516778523526
CASE_000518,39,300424.SZ,2018-03-28,2018,LOSER,MID,0,2,2.0,,-2,,0.0,0,-0.08570086775885571,-0.1306163596182011,-0.14264060083100405,0.15813953488372093,0.0598111227701994,-0.4123819517313747,-0.42137508509189936
CASE_000055,228,300205.SZ,2021-08-27,2021,NEUTRAL,HIGH,2,1,2.0,0.0,0,1.0,0.0,2,-0.014999744753355703,-0.10749435205971115,-0.042112822064975464,0.4766708701134931,0.19908116385911234,-0.12710566615620222,-0.2528957528957535
CASE_000054,33,002348.SZ,2018-05-18,2018,NEUTRAL,MID,-2,-1,-2.0,1.0,1,2.0,0.0,-2,-0.0037180840432671225,-0.09373222537843146,-0.005921913703006154,0.49605317823016204,0.10891089108910923,-0.2623762376237626,-0.2927400468384078
CASE_000195,87,600088.SH,2019-12-06,2019,NEUTRAL,MID,-1,-1,-1.0,1.0,1,1.0,0.0,-1,-0.08870936241738814,-0.04367416597647933,0.015403789478633856,0.4676207513416816,0.47484276729559705,-0.05896226415094408,-0.34008528784648206
CASE_000200,68,002592.SZ,2019-11-13,2019,LOSER,LOW,-1,1,1.0,0.0,-1,-1.0,0.0,-2,-0.08286252955387668,-0.18028528679809597,-0.29922293669852174,0.05342416636787379,0.14305750350631152,-0.2917251051893405,-0.3454429572976414
CASE_000251,17,002432.SZ,2018-10-19,2018,WINNER,LOW,-2,-2,-2.0,1.0,1,2.0,0.0,-2,0.1743053495951145,0.0612181175104914,0.12868165513978227,0.8467590857999251,0.5151515151515156,-0.008658008658008587,-0.22390317700453866
CASE_000437,16,000738.SZ,2018-06-12,2018,WINNER,LOW,-1,-1,-1.0,1.0,1,1.0,0.0,-1,0.11278743606919962,0.1106183494660648,0.10046961714291394,0.8660498793242156,0.13942029764143293,-0.16571428571428581,-0.1615384615384613
CASE_000033,13,300438.SZ,2018-06-21,2018,NEUTRAL,LOW,-2,-2,-2.0,0.0,-1,1.0,0.0,-2,0.010007161105309137,0.0036242047727653194,-0.002708778813183904,0.5088211708099438,0.16628701594533046,-0.1252847380410026,-0.2426181102362206
CASE_000375,14,300313.SZ,2018-06-05,2018,NEUTRAL,LOW,-1,0,-1.0,0.0,0,1.0,0.0,-1,0.012555839248705208,-0.08209423950289416,-0.0083133281592387,0.47073170731707314,0.0942662779397474,-0.18270165208940703,-0.19962511715089037
CASE_000539,86,000550.SZ,2019-10-30,2019,LOSER,MID,-2,-1,-1.0,1.0,1,1.0,0.0,-1,-0.0807049715307945,-0.14928031517054022,-0.12762640725547097,0.11290902553038476,0.06080634500991389,-0.11896893588896229,-0.12032932235592131
CASE_000541,18,002875.SZ,2018-07-02,2018,WINNER,LOW,-2,-2,-2.0,,-1,,0.0,-2,0.21396546896979488,0.17899658673658125,0.032369171766203284,0.9479700433582972,0.3026052104208421,-0.13026052104208397,-0.31194574856546686
CASE_000786,172,600998.SH,2020-07-30,2020,NEUTRAL,HIGH,0,-1,0.0,0.0,0,0.0,0.0,1,-0.04395283372329413,-0.023346437897769263,0.02929354406259027,0.5022960084775697,0.1509223029625486,-0.1106763555058693,-0.2090143635463101
CASE_000664,27,300083.SZ,2018-09-13,2018,LOSER,MID,-2,-1,-2.0,1.0,1,1.0,0.0,-2,-0.1931606846713006,-0.17257523925877657,-0.23768764170050327,0.025738077214231644,0.007712082262210762,-0.3650385604113109,-0.3290488431876607
CASE_000784,67,300716.SZ,2019-05-16,2019,WINNER,LOW,-1,1,-1.0,-1.0,0,1.0,0.0,-1,0.08716786819446734,0.30538301533183804,0.4404849354730772,0.9877488514548239,0.5184501876117755,-0.11472448057813922,-0.10580411124546552
CASE_000300,80,002419.SZ,2019-07-23,2019,LOSER,LOW,1,-1,-1.0,0.0,1,1.0,0.0,1,-0.0648971076731419,-0.1192160420960752,-0.1711197847624471,0.09759650400582666,0.023628048780487854,-0.16615853658536595,-0.17378277153558053
CASE_000329,177,300310.SZ,2020-03-05,2020,WINNER,HIGH,0,2,2.0,-1.0,-2,1.0,0.0,1,0.24526078459910317,0.09357237951478382,0.09014632263605624,0.8311030741410488,0.30605564648117767,-0.11456628477905073,-0.23809523809523792
CASE_000707,200,300421.SZ,2021-02-04,2021,WINNER,LOW,0,-1,-1.0,1.0,-2,1.0,0.0,-1,0.2668306861177715,0.4988375131165068,0.9258980126470006,0.9886591060707138,1.0490883590462845,-0.05610098176718081,-0.13372582001682076
CASE_000638,94,300124.SZ,2019-10-10,2019,WINNER,MID,-1,0,-1.0,0.0,1,1.0,0.0,0,0.09674231861679972,0.1823727514264043,0.20258433501411982,0.9174774774774774,0.289921194525093,-0.05433430111986781,-0.09233176838810697
CASE_000491,5,600787.SH,2018-12-18,2018,NEUTRAL,LOW,-2,-1,-1.0,1.0,-1,1.0,0.0,-2,-0.013920583910172733,0.055180665457374906,-0.031712178345236014,0.5009208103130756,0.22242990654205586,-0.08971962616822426,-0.0864779874213838
CASE_000523,37,300278.SZ,2018-04-27,2018,WINNER,MID,-2,-2,,,-2,,,-2,0.023235022001728414,0.20171277408763558,0.2281618563876341,0.9319526627218935,0.4676616915422891,-0.07835820895522394,-0.2117400419287213
CASE_000558,126,002580.SZ,2020-12-30,2020,NEUTRAL,LOW,0,1,0.0,0.0,-1,0.0,0.0,1,-0.07569025730704046,-0.012383271677785745,0.05256559639303415,0.5223079503522308,0.32090761750405195,-0.2188006482982171,-0.3373819163292846
CASE_000220,143,300571.SZ,2020-11-18,2020,NEUTRAL,MID,-1,-1,-1.0,1.0,1,1.0,0.0,-1,-0.13309870568493198,0.01827283550709119,-0.02950660020610149,0.49847198641765705,0.0011646866992778282,-0.2853482413230839,-0.2741672490100162
CASE_000447,183,002392.SZ,2021-01-05,2021,LOSER,LOW,-1,-1,-2.0,0.0,1,1.0,0.0,-1,-0.12520403583659812,-0.08754264694054024,-0.14723689964700593,0.1342484097756947,0.19026548672566368,-0.13274336283185806,-0.1172566371681415
CASE_000453,148,300300.SZ,2020-04-15,2020,LOSER,MID,-1,-2,-1.0,-1.0,-1,-1.0,-1.0,-2,-0.28902622128808403,-0.27841326909373343,-0.3516651958009136,0.025801695539992626,0.07936507936507908,-0.3345543345543348,-0.35944700460829493
CASE_000368,82,002448.SZ,2019-01-07,2019,NEUTRAL,MID,-2,-1,-1.0,1.0,1,1.0,0.0,-2,0.019596886662959993,-0.0421092897162621,-0.030153053793687545,0.5308596620132255,0.31720430107526854,-0.05017921146953386,-0.10434782608695692
CASE_000659,161,002733.SZ,2020-04-21,2020,LOSER,HIGH,0,1,0.0,-2.0,0,1.0,0.0,0,-0.0572628529626045,-0.16179392342561325,-0.2670428938441747,0.11500184297825286,0.1272953932681995,-0.09773755656108574,-0.1022476862053765
CASE_000310,7,300552.SZ,2018-09-10,2018,NEUTRAL,LOW,-2,-2,-2.0,1.0,-1,1.0,0.0,-2,-0.03769472312382896,-0.01308705743572636,-0.0032029130084128034,0.4808639636225843,0.14373088685015234,-0.19938837920489327,-0.20263788968824936
CASE_000130,39,300395.SZ,2018-03-28,2018,WINNER,MID,-1,1,-1.0,0.0,1,1.0,0.0,-1,0.1138655400369437,0.13630632041640114,0.11642375131507277,0.8773784355179705,0.17330538085255043,-0.11249538205432952,-0.2076529627485043
CASE_000060,200,002931.SZ,2021-02-04,2021,NEUTRAL,LOW,-2,-2,-2.0,1.0,-1,1.0,0.0,-1,-0.00568417786900674,0.004599560053880319,-0.012813470753162678,0.518679119412942,0.2174524982406758,-0.06474313863476422,-0.09197422378441733
CASE_000143,188,300725.SZ,2021-01-11,2021,NEUTRAL,LOW,1,2,2.0,-1.0,0,1.0,0.0,2,0.13803558287854295,-0.028719197866871077,-0.014353514639468858,0.5021746403479425,0.3566602931803695,-0.2464627151051627,-0.3962732919254661
CASE_000111,227,300870.SZ,2021-09-13,2021,WINNER,HIGH,0,1,1.0,-1.0,0,0.0,0.0,0,0.013419079990817484,0.25109083202487603,0.14586095215300765,0.8560653676932747,0.44232633279483013,-0.06171243941841664,-0.18110344827586222
CASE_000408,147,300419.SZ,2020-08-26,2020,WINNER,MID,0,1,1.0,0.0,-2,-1.0,0.0,1,0.14045500780916775,1.070828485353394,0.6778458344650681,0.9919748778785764,1.4347826086956519,-0.02398800599700157,-0.33310533515731866
CASE_000414,217,002286.SZ,2021-08-16,2021,WINNER,MID,1,1,1.0,0.0,0,1.0,0.0,-1,0.1358606209293368,0.17192720440755457,0.22218794251224921,0.9037433155080213,0.3701799485861188,-0.04884318766066831,-0.1335131490222521
CASE_000502,87,300182.SZ,2019-12-06,2019,WINNER,MID,-1,-2,-1.0,0.0,1,-1.0,0.0,-2,-0.08621829397929437,0.7059298448530409,0.2785624340210793,0.9098389982110913,0.9112426035502965,-0.008875739644970237,-0.2596774193548387
CASE_000508,239,300803.SZ,2021-06-03,2021,NEUTRAL,HIGH,1,2,1.0,0.0,0,1.0,0.0,-1,-0.0015299546377387924,-0.038046882515925196,-0.03602071559253178,0.4889621087314662,0.29199961098382543,-0.11072862880091783,-0.16728201122434705
CASE_000267,45,002626.SZ,2018-11-09,2018,NEUTRAL,HIGH,-2,-1,-2.0,1.0,1,1.0,0.0,-2,0.08381405430690697,-0.012568962674290862,-0.005747230543153566,0.5082028337061895,0.16905901116427424,-0.10207336523126054,-0.16359773371104824
CASE_000511,66,600020.SH,2019-01-03,2019,WINNER,LOW,0,-1,-1.0,1.0,-2,1.0,0.0,-1,0.07941395739332524,0.4417747978309125,0.46739756253347775,0.9570011025358324,1.0685714285714285,-0.02000000000000013,-0.13881019830028296
CASE_000327,69,300513.SZ,2019-10-18,2019,NEUTRAL,LOW,-1,1,0.0,0.0,0,1.0,0.0,0,-0.028417148001804157,-0.016211389818607844,-0.02611382958516789,0.5030564545127651,0.1012931034482758,-0.12643678160919491,-0.17508417508417495
CASE_000680,64,000561.SZ,2019-05-13,2019,NEUTRAL,LOW,1,-1,-1.0,0.0,1,1.0,0.0,0,0.056280079879751935,-0.021409476862624354,0.00029315615694379014,0.5416187188339087,0.07348703170028825,-0.07348703170028847,-0.12027027027027082
CASE_000318,9,002100.SZ,2018-07-03,2018,NEUTRAL,LOW,-2,-1,-2.0,1.0,0,1.0,0.0,-2,-0.0006101855801902648,0.004724015942857596,-0.17304323101303315,0.46337641989815903,0.09149277688603497,-0.2792937399678974,-0.26947040498442354
CASE_000474,99,002900.SZ,2019-01-31,2019,LOSER,MID,-1,-1,-1.0,0.0,1,1.0,0.0,-2,-0.07612640009123195,-0.17769262399988656,-0.23222847398366248,0.1614448949502396,0.41418563922942253,-0.0017513134851137035,-0.2253609541745134
CASE_000221,77,002897.SZ,2019-12-03,2019,WINNER,LOW,-1,-1,-2.0,1.0,-1,1.0,0.0,0,0.13066754775548997,0.035538803719573867,0.18560757453774368,0.847997138769671,0.5879999999999994,-0.014222222222222247,-0.24495030458480294
CASE_000182,167,002369.SZ,2020-05-29,2020,LOSER,HIGH,0,0,-1.0,-2.0,0,1.0,0.0,-1,-0.2350478868373565,-0.2134330625972944,-0.30991436492274926,0.04525386313465784,0.12157721796276033,-0.08762322015334079,-0.17221135029354206
CASE_000498,21,300002.SZ,2018-01-04,2018,WINNER,MID,-2,-1,-2.0,0.0,0,1.0,0.0,-2,0.07366880691011811,0.16075733055765057,0.18858000281409162,0.9160642570281124,0.2964169381107493,-0.02931596091205213,-0.2227979274611398
CASE_000451,103,000927.SZ,2019-02-14,2019,WINNER,HIGH,0,1,1.0,0.0,0,-1.0,0.0,0,-0.011935289063104343,0.5806726929127152,0.2904271605118515,0.9189089568743088,1.2117647058823526,-0.008823529411764786,-0.35233918128654984
CASE_000760,219,002724.SZ,2021-02-22,2021,WINNER,MID,-1,-1,-2.0,1.0,1,1.0,0.0,-1,0.23858291982210306,0.42934211705876874,0.5826052533991818,0.9835515273581739,0.7342143906020555,-0.019089574155653377,-0.11206896551724099
CASE_000255,30,600755.SH,2018-08-13,2018,WINNER,MID,-2,-1,-1.0,1.0,1,1.0,0.0,-2,0.06243379976414795,0.008647401019198114,0.09707473145590544,0.8225190839694656,0.026760563380281432,-0.167605633802817,-0.16759002770083087
CASE_000113,56,002831.SZ,2018-11-20,2018,LOSER,HIGH,0,1,0.0,-1.0,0,0.0,0.0,-1,-0.1014384206940323,-0.1002138121927223,0.06038323663707781,0.12481481481481481,0.1358930112165666,-0.19499568593615169,-0.16760138050043116
CASE_000538,131,600502.SH,2020-02-11,2020,NEUTRAL,LOW,-1,1,-1.0,0.0,-1,1.0,0.0,-2,-0.025521683665095635,-0.023220982088579326,0.004829484856361518,0.5014306151645207,0.30578512396694246,-0.04683195592286493,-0.15333333333333332
CASE_000189,127,300142.SZ,2020-03-17,2020,WINNER,LOW,1,0,1.0,0.0,0,1.0,0.0,1,0.04194765261175215,0.2300298317923071,0.3420723475385105,0.928,0.7488554610856759,-0.053302812295618174,-0.05237767057201925
CASE_000208,145,300365.SZ,2020-08-06,2020,WINNER,MID,-1,-1,-1.0,1.0,1,0.0,0.0,-1,0.09091387211710554,0.05880443225380791,0.19115009867358612,0.8409010911650827,0.1760624457935822,-0.0737207285342586,-0.19366993217784523
CASE_000612,163,002251.SZ,2020-06-18,2020,NEUTRAL,HIGH,2,2,2.0,-1.0,1,1.0,0.0,2,-0.020003315367587843,-0.04222756140655021,-0.10240313257752516,0.4911392405063291,0.2622149837133547,-0.10260586319218257,-0.24898511502029752
CASE_000175,212,300582.SZ,2021-04-23,2021,WINNER,MID,-1,0,-1.0,1.0,1,1.0,0.0,1,0.1864210501882578,0.6666480976362817,1.4133443774756864,0.9902060114826072,1.6965486583599678,-0.13748712667353258,-0.12946216087577345
CASE_000710,185,300682.SZ,2021-01-12,2021,WINNER,LOW,-1,-1,-2.0,1.0,1,1.0,0.0,-2,0.04258295027548292,0.1879656124390632,0.21649477772946074,0.9163599866175979,0.24614254224834697,-0.10139603232916894,-0.1204819277108432
CASE_000481,41,002029.SZ,2018-07-24,2018,NEUTRAL,HIGH,-1,-1,-2.0,0.0,1,1.0,0.0,-1,-0.03840222479076774,0.034064524663168866,-0.0061365889484196745,0.5102356122054847,0.0038659793814435073,-0.28092783505154606,-0.2680412371134018
CASE_000084,42,000035.SZ,2018-07-24,2018,WINNER,HIGH,-2,-2,,,-2,,,-2,-0.007246206095264704,0.15187871959683202,0.2073647749178691,0.9343375820780224,0.10537634408602092,-0.15053763440860224,-0.14743589743589736
CASE_000096,239,300579.SZ,2021-06-03,2021,WINNER,HIGH,-1,0,-1.0,0.0,0,1.0,0.0,-1,0.13257281920882086,0.18793655215245866,0.16157674936308755,0.8859967051070841,0.42602075344010837,-0.04168170539138294,-0.15679161628375649
CASE_000190,60,600053.SH,2018-07-24,2018,LOSER,HIGH,-1,-1,-2.0,1.0,1,1.0,0.0,-2,-0.08605182672857187,-0.09991620623338027,-0.09841450972865495,0.1633835457705678,0.11929824561403501,-0.3695906432748537,-0.38529088913282095
CASE_000480,144,000793.SZ,2020-02-28,2020,WINNER,MID,0,1,0.0,-2.0,-1,1.0,0.0,-1,0.13672949625241784,0.10569825096623589,0.058981442600802875,0.8344086021505376,0.24342105263157898,-0.06249999999999967,-0.17191977077363874
CASE_000005,197,002551.SZ,2021-02-01,2021,NEUTRAL,LOW,-2,-2,-2.0,1.0,1,1.0,0.0,-2,-0.0001783290154500957,-0.004892014231027236,0.07024579402392675,0.5367965367965368,0.182149362477231,-0.10018214936247727,-0.0856102003642989
CASE_000073,51,002099.SZ,2018-12-03,2018,WINNER,HIGH,-1,0,-1.0,0.0,0,1.0,0.0,-1,0.05340095029417258,0.0907466708514564,0.16766886265381245,0.8528761061946902,0.2907949790794977,-0.10460251046025104,-0.1030927835051545
CASE_000363,215,300030.SZ,2021-09-24,2021,LOSER,MID,-1,-1,-1.0,1.0,1,0.0,0.0,-1,-0.1700448067790181,-0.17500851556786745,-0.15836720427669515,0.09042386185243328,0.12718446601941702,-0.26990291262135924,-0.25631067961165066
CASE_000286,135,002946.SZ,2020-04-03,2020,WINNER,LOW,-2,1,1.0,-1.0,-1,1.0,0.0,-1,0.10345544419741406,0.3540625701798153,0.31225426840594106,0.9236417033773862,0.7069689336691845,-0.12678421494542436,-0.17938931297709937
CASE_000354,130,300323.SZ,2020-03-23,2020,LOSER,LOW,1,-1,-1.0,0.0,0,1.0,0.0,0,-0.11574319954643648,-0.12397365277242588,-0.23745805924695673,0.10714285714285714,0.13302034428795007,-0.20187793427229994,-0.25889046941678473
CASE_000695,93,300638.SZ,2019-10-28,2019,WINNER,MID,1,-1,-1.0,0.0,1,1.0,0.0,1,0.05622237816907176,0.0832572986909252,0.13484458192341484,0.8399856166846458,0.19186806009144464,-0.08213585891574116,-0.10863636363636375
CASE_000280,93,002796.SZ,2019-10-28,2019,NEUTRAL,MID,0,-1,-1.0,0.0,1,1.0,0.0,1,-0.04453289203594733,-0.013869228632411426,0.02683518622965253,0.5282272563825962,0.07184672698243744,-0.1572645023948911,-0.15593400745077202
CASE_000159,95,000066.SZ,2019-07-25,2019,WINNER,MID,1,0,1.0,0.0,0,0.0,0.0,2,-0.014822913561866585,0.21187690638055726,0.4282481040403976,0.9468317552804079,0.5683890577507593,-0.16919959473151003,-0.15704154002026371
CASE_000562,64,300034.SZ,2019-05-13,2019,WINNER,LOW,1,0,1.0,0.0,1,1.0,0.0,1,0.0878247484676479,0.17457658378363292,0.2636815704608535,0.9558879938626774,0.3480724562110402,-0.016129032258064724,-0.09661139149242981
CASE_000522,79,600237.SH,2019-07-22,2019,LOSER,LOW,1,0,0.0,1.0,-1,1.0,0.0,1,-0.23624643624700198,-0.3423438578254481,-0.395969243575388,0.0018214936247723133,0.09226932668329169,-0.08478802992518741,-0.14874141876430202
CASE_000761,32,300290.SZ,2018-01-26,2018,LOSER,MID,-2,-1,-1.0,,-1,,0.0,-2,-0.12018966777398604,-0.2288978078041231,-0.2344201078025723,0.03766025641025641,-0.0036855036855037993,-0.19533169533169537,-0.17199017199017208
CASE_000147,126,002805.SZ,2020-12-30,2020,WINNER,LOW,0,-2,-2.0,-2.0,-2,1.0,-1.0,0,0.2846990486573909,0.3245209334079806,0.6623358346675285,0.9708151626970816,0.573518653986834,-0.06583760058522292,-0.2492997198879553
CASE_000778,26,000530.SZ,2018-08-09,2018,NEUTRAL,MID,-1,-1,-2.0,1.0,-1,1.0,0.0,-2,-0.007613912844471035,-0.024996583718099152,-0.013655228669041272,0.46197936568589987,0.06989247311827951,-0.217741935483871,-0.2210526315789475
CASE_000681,175,300204.SZ,2020-07-08,2020,NEUTRAL,HIGH,-1,0,-1.0,1.0,-2,1.0,0.0,-1,-0.024350423442873304,-0.03699751612809497,-0.06511295495901726,0.4855098389982111,0.18809318377912043,-0.10698878343399443,-0.20707831325301196
CASE_000552,112,002176.SZ,2019-09-11,2019,LOSER,HIGH,-2,1,-1.0,1.0,1,1.0,0.0,-2,-0.06789706571512494,-0.14067813896779696,-0.16609502241094026,0.10400866738894908,0.050458715596330084,-0.2981651376146792,-0.29864253393665163
CASE_000740,36,002531.SZ,2018-05-10,2018,LOSER,MID,-1,-1,-1.0,0.0,-1,0.0,0.0,-1,-0.09688522761087585,-0.17116737318157216,-0.08303765832566573,0.10453400503778337,0.019138755980861344,-0.4342445260437915,-0.4300549861003955
CASE_000739,207,600880.SH,2021-02-22,2021,WINNER,MID,-1,1,2.0,-1.0,1,1.0,0.0,-1,0.11291504034636814,0.08147113327634374,0.155832040689406,0.8670694864048338,0.1995133819951338,-0.06812652068126568,-0.19246861924686243
CASE_000177,136,300640.SZ,2020-04-10,2020,WINNER,LOW,-1,1,0.0,0.0,0,1.0,0.0,0,0.3854932066843688,0.2621173073254064,0.10442640155379584,0.9358407079646017,0.6579310344827589,-0.0482758620689655,-0.20010304620175623
CASE_000467,187,300271.SZ,2021-01-11,2021,LOSER,LOW,-1,1,0.0,-1.0,0,0.0,0.0,-1,-0.14712057029138603,-0.17252004541294808,-0.18026123697041443,0.07962529274004684,0.0059726962457336,-0.27175767918088756,-0.26109215017064835
CASE_000351,95,600100.SH,2019-07-25,2019,LOSER,MID,-1,-1,-2.0,1.0,1,1.0,0.0,-1,-0.0826549685214181,-0.09404993123450181,-0.24717471026562052,0.11179898033503277,0.09251101321585886,-0.1299559471365641,-0.17409326424870497
CASE_000653,120,300467.SZ,2019-12-13,2019,NEUTRAL,HIGH,-1,1,-1.0,0.0,0,0.0,0.0,-2,0.03863570851855902,-0.16064420718304506,-0.034614089329294814,0.5178826895565093,0.5250917992656057,-0.03243574051407605,-0.30900349650349657
CASE_000093,194,300624.SZ,2021-01-13,2021,LOSER,LOW,-2,-1,-1.0,0.0,0,0.0,0.0,-1,-0.015359445618392614,-0.18015299300469473,-0.19568881467906749,0.09468049514887922,0.13919758899981138,-0.25918252024863475,-0.3110096397767632
CASE_000176,118,603661.SH,2019-12-09,2019,NEUTRAL,HIGH,2,1,1.0,0.0,1,1.0,0.0,2,-0.00695757339998862,-0.02762393552623681,-0.139080668693172,0.5248836376655925,0.13429951690821307,-0.18212560386473386,-0.22320275505811438
CASE_000570,227,002630.SZ,2021-09-13,2021,LOSER,HIGH,1,1,1.0,0.0,1,1.0,0.0,0,-0.1458654134652013,-0.24420077903550652,-0.2160942038177417,0.04305468258956631,0.0888888888888888,-0.2148148148148149,-0.23487544483985778
CASE_000543,37,600215.SH,2018-04-27,2018,LOSER,MID,0,0,0.0,-1.0,0,0.0,0.0,0,-0.1350183628774827,-0.12112786758298219,-0.14124623087382004,0.11031276415891801,0.010020040080160442,-0.29859719438877785,-0.29614245403719097
CASE_000364,186,300478.SZ,2021-07-28,2021,LOSER,LOW,1,-1,1.0,-1.0,1,0.0,0.0,1,-0.14112640740621163,-0.18346124985082823,0.05112911679070505,0.1019570707070707,0.0657476139978792,-0.1516436903499473,-0.1704081632653064
CASE_000249,24,600288.SH,2018-01-18,2018,LOSER,MID,-2,-1,-2.0,1.0,1,2.0,0.0,-2,-0.13787579349682938,-0.14632290034878817,-0.16483435599830537,0.07108626198083066,0.06257242178447275,-0.2607184241019699,-0.264870931537598
CASE_000763,54,600438.SH,2018-01-23,2018,LOSER,HIGH,1,1,1.0,0.0,0,1.0,0.0,2,-0.10283900454458333,-0.11201047055061841,-0.0045445229207172685,0.15606242496998798,0.025744167337087953,-0.29927594529364454,-0.28801287208366866
CASE_000254,177,300050.SZ,2020-03-05,2020,NEUTRAL,HIGH,0,1,0.0,-2.0,-1,1.0,0.0,0,0.22830965062669267,-0.013219764511402624,-0.025121388376335096,0.5041591320072333,0.2274959083469721,-0.2176759410801964,-0.3235294117647056
CASE_000299,128,600478.SH,2020-10-12,2020,LOSER,LOW,1,1,1.0,0.0,0,1.0,0.0,1,-0.12318895857169102,-0.11618352965994513,-0.15328615447257257,0.1455044612216884,0.10828025477707026,-0.12101910828025475,-0.11677282377919296
CASE_000101,42,600133.SH,2018-07-24,2018,NEUTRAL,HIGH,-2,-2,,,-2,,,-2,-0.048864607619905534,0.04253367860763471,-0.0052631225409241755,0.5137118578601777,0.04738562091503273,-0.3251633986928104,-0.3123993558776168
CASE_000149,99,300006.SZ,2019-01-31,2019,WINNER,MID,-1,-1,-2.0,1.0,-1,1.0,0.0,-2,0.03290655801634135,0.720636356743886,0.3553140755341085,0.9388131220051603,1.5746478873239433,-1.1102230246251565e-16,-0.32386363636363635
CASE_000337,129,300479.SZ,2020-04-13,2020,NEUTRAL,LOW,0,1,0.0,-2.0,0,1.0,0.0,0,-0.06512704610806341,-0.02289427673453618,-0.07144461055152462,0.47158671586715867,0.24143875001652382,-0.10547396528704955,-0.08766233766233744
CASE_000628,15,600107.SH,2018-08-21,2018,WINNER,LOW,-2,-2,-2.0,1.0,1,1.0,0.0,-2,0.08447058078335995,-0.023203748926412485,0.14413703598699792,0.8903274942878904,0.3105924596050258,-0.2890484739676844,-0.30185497470489053
CASE_000398,16,000697.SZ,2018-06-12,2018,NEUTRAL,LOW,-1,-1,-1.0,0.0,1,1.0,0.0,-2,-0.140098711844187,0.03775708756243104,0.0033637301342321485,0.5209171359613838,0.04009034443817039,-0.2727272727272728,-0.23232323232323238
CASE_000128,201,600327.SH,2021-05-06,2021,WINNER,MID,1,2,2.0,-1.0,0,1.0,0.0,2,0.8329060141006678,0.796517330237546,0.5247251808911297,0.9915368991198376,1.1150916125264625,-0.0757894736842103,-0.3419155509783731
CASE_000094,138,002449.SZ,2020-04-01,2020,NEUTRAL,LOW,0,-2,-2.0,0.0,0,1.0,0.0,-1,-0.08195383436417641,-0.030348518960031323,-0.03134054653214871,0.4785635764016123,0.12533814247069386,-0.14156898106402194,-0.1813643926788686
CASE_000620,35,002025.SZ,2018-08-03,2018,WINNER,MID,1,0,0.0,0.0,1,1.0,0.0,1,0.02187645618668943,0.0895639528621706,0.1661137558193454,0.8608662322729015,0.15959999999999974,-0.09200000000000008,-0.1906412478336219
CASE_000342,144,002181.SZ,2020-02-28,2020,NEUTRAL,MID,1,0,0.0,0.0,0,1.0,0.0,1,-0.02775413345677609,-0.0216439139699149,-0.005564843749995371,0.4835125448028674,0.1607142857142858,-0.1369047619047622,-0.2206654991243434
CASE_000079,88,300702.SZ,2019-11-20,2019,WINNER,MID,1,0,1.0,0.0,0,1.0,0.0,2,0.27407296318455804,0.3646221883453082,0.32196255178291877,0.9767108563238982,0.4766928361138365,-0.024533856722276703,-0.13773265651438227
CASE_000136,151,300245.SZ,2020-05-28,2020,NEUTRAL,MID,0,-1,-1.0,0.0,-2,-1.0,-1.0,0,-0.0257429782218142,-0.08709640181398778,0.05158780783847816,0.472211998527788,0.2541596289500603,-0.026150627615062705,-0.13688888888888895
CASE_000161,96,601567.SH,2019-08-23,2019,WINNER,MID,-1,1,-1.0,1.0,-1,1.0,0.0,-1,0.08169739830790985,0.128312297022306,0.13890827314266144,0.8794788273615635,0.2832764505119454,-0.03242320819112632,-0.13704206241519679
CASE_000709,135,600189.SH,2020-04-03,2020,LOSER,LOW,-1,-1,-1.0,-1.0,-2,-1.0,0.0,-2,-0.02197009583769674,-0.15906347254320333,-0.18217636393401085,0.16483113069016153,0.1303030303030306,-0.11515151515151478,-0.1797752808988763
CASE_000599,63,300017.SZ,2019-07-30,2019,LOSER,LOW,1,-1,-1.0,1.0,-2,1.0,-1.0,0,-0.09445421877483137,-0.11672433651021792,-0.1942836245451226,0.07809662186705413,0.16313364055299506,-0.1649769585253451,-0.21579804560260563
CASE_000614,219,000541.SZ,2021-02-22,2021,LOSER,MID,1,0,1.0,-1.0,1,0.0,0.0,1,-0.02075501428499702,-0.13429775267689864,-0.15277296930190826,0.1537428667338033,0.004643962848297267,-0.12538699690402455,-0.12383900928792557
CASE_000795,198,300738.SZ,2021-01-05,2021,WINNER,LOW,-2,0,-2.0,1.0,1,2.0,0.0,-1,0.06432882631125139,0.11907438787759957,0.1907825785668623,0.8644124539671911,0.16465863453815266,-0.15609103078982578,-0.17514854042882977
CASE_000409,148,002421.SZ,2020-04-15,2020,WINNER,MID,0,0,0.0,-2.0,-1,1.0,0.0,-1,0.12949120673669057,0.1270250633270227,0.0836877456045213,0.8462956137117582,0.33583648579978487,-0.011235955056179914,-0.16741071428571452
CASE_000214,63,002065.SZ,2019-07-30,2019,NEUTRAL,LOW,0,-1,-1.0,1.0,1,1.0,0.0,-1,-0.01659557599083779,-0.07275478540737358,-0.008190464016267926,0.47184889211768977,0.14119359534206755,-0.10334788937409023,-0.11360634081902288
CASE_000677,68,002328.SZ,2019-11-13,2019,NEUTRAL,LOW,-1,-2,-1.0,-1.0,1,0.0,0.0,-1,-0.012481297882322377,-0.029165719128739498,0.5424094841765343,0.46073861599139476,0.6478494623655906,-0.07795698924731231,-0.15730337078651713
CASE_000239,37,300124.SZ,2018-04-27,2018,NEUTRAL,MID,1,1,1.0,0.0,1,1.0,0.0,1,-0.019368364933187842,0.15180541070782114,-0.029004766482054772,0.45942519019442096,0.0652041438147477,-0.15064294019186264,-0.19038577387352273
CASE_000046,222,002935.SZ,2021-09-14,2021,WINNER,HIGH,1,2,2.0,-2.0,-1,1.0,0.0,1,0.11576102987897025,0.14397131518513306,0.28160717349580017,0.9073492462311558,0.4912824486633083,-0.14374273537388604,-0.1374382956612108
CASE_000252,94,300276.SZ,2019-10-10,2019,LOSER,MID,0,1,0.0,0.0,1,1.0,0.0,1,-0.13385499459931255,-0.19030635241918953,-0.24209763817015795,0.03063063063063063,0.019895287958115127,-0.2418848167539266,-0.2399172699069282
CASE_000657,161,603031.SH,2020-04-21,2020,NEUTRAL,HIGH,2,-1,1.0,1.0,1,1.0,0.0,2,0.15411718576297112,-0.02240002657087478,-0.24728285169152753,0.5090305934389974,0.2538699690402473,-0.02631578947368407,-0.1560766515380736
CASE_000668,233,300213.SZ,2021-03-18,2021,LOSER,HIGH,-2,-1,-2.0,1.0,1,1.0,0.0,-2,-0.03726003696608979,-0.13234723288338282,-0.16186738170870985,0.1568428184281843,0.027331189710610992,-0.13665594855305407,-0.15070643642072157
CASE_000743,194,300556.SZ,2021-01-13,2021,NEUTRAL,LOW,-1,-2,-2.0,0.0,1,1.0,0.0,0,-0.01118349701096085,0.05620523628338086,-0.044436048496404104,0.499163599866176,0.11757925072046116,-0.11066282420749274,-0.1512695840086441
CASE_000311,219,300625.SZ,2021-02-22,2021,NEUTRAL,MID,-1,1,-1.0,1.0,-1,1.0,0.0,-1,0.030074370663089694,-0.019936763757194685,-0.041296490372257376,0.46089291708627056,0.0875083500334004,-0.025384101536406356,-0.08983890954151208
CASE_000330,221,300514.SZ,2021-06-09,2021,NEUTRAL,HIGH,-1,1,-1.0,0.0,1,1.0,0.0,-1,0.04404092993766698,-0.0218813216025677,-0.2503756487115829,0.5086743044189853,0.3577010575597719,-0.06658052292765615,-0.2199661590524531
CASE_000565,54,300316.SZ,2018-01-23,2018,WINNER,HIGH,2,1,1.0,0.0,1,1.0,0.0,2,-0.0386218200733312,0.1529612120630851,0.22281404486034564,0.9035614245698279,0.23411534701857262,-0.31036168132942343,-0.2951835956127802
CASE_000202,114,000729.SZ,2019-02-18,2019,NEUTRAL,HIGH,1,2,1.0,0.0,1,1.0,0.0,0,-0.06356529665980751,-0.039604837336704224,0.06067745053848127,0.49629903774981493,0.3375594294770208,-0.03961965134706802,-0.14110429447852735
CASE_000472,11,300004.SZ,2018-07-11,2018,WINNER,LOW,-2,-2,,,-2,,,-2,0.06926531520476539,0.3008525036942533,0.26678629140504895,0.9695787831513261,0.45429362880886437,-0.005540166204985986,-0.1738148984198642
CASE_000449,151,300264.SZ,2020-05-28,2020,LOSER,MID,-1,-1,-2.0,1.0,-2,1.0,0.0,-1,-0.12549717114656733,-0.14354776356488075,-0.11916385493796566,0.1659919028340081,0.17291666666666616,-0.08333333333333315,-0.17939609236234455
CASE_000634,80,600655.SH,2019-07-23,2019,WINNER,LOW,-1,-2,-1.0,0.0,0,-1.0,0.0,-1,0.16453623054999125,0.1138566234877373,0.009519017339063292,0.8725418790968682,0.1773778920308482,0.0012853470437024228,-0.12985571587125366
CASE_000009,79,603328.SH,2019-07-22,2019,NEUTRAL,LOW,0,-1,-1.0,0.0,0,1.0,0.0,1,-0.02006474395900182,0.03677598904365442,-0.0938697961433117,0.45901639344262296,0.5578158458244111,-0.011777301927194839,-0.22029622871319643
CASE_000757,87,300027.SZ,2019-12-06,2019,LOSER,MID,-1,0,-1.0,1.0,1,1.0,0.0,-1,-0.187960752242185,-0.26719115974332475,-0.25253319811121183,0.037209302325581395,0.20982142857142838,-0.23437499999999967,-0.33898305084745706
CASE_000234,74,300520.SZ,2019-08-15,2019,LOSER,LOW,-1,-1,-1.0,1.0,1,1.0,0.0,-1,-0.10300846742052316,-0.09080808025096593,-0.18820934626912578,0.08701957940536621,0.15313225058004654,-0.025522041763340497,-0.14220416455053297
CASE_000471,145,002063.SZ,2020-08-06,2020,LOSER,MID,1,1,1.0,0.0,1,0.0,0.0,2,-0.10874403078644085,-0.13452159387628698,-0.1520934205952775,0.15381907778951073,-0.0064397424103035394,-0.2750689972401108,-0.25114995400184026
CASE_000652,86,000951.SZ,2019-10-30,2019,WINNER,MID,-1,1,1.0,0.0,0,0.0,0.0,0,0.17795809452003875,0.3234068888248142,0.10767353760113639,0.9626033800791083,0.3934911242603556,-0.014201183431952535,-0.16789908655937402
CASE_000016,113,000715.SZ,2019-04-09,2019,WINNER,HIGH,2,1,2.0,-1.0,-1,1.0,0.0,2,0.10785228196227413,0.2565003359953787,0.17934335942178542,0.9258693160106993,0.1534391534391535,-0.04761904761904778,-0.15384615384615363
CASE_000574,199,600812.SH,2021-01-15,2021,LOSER,LOW,-2,-1,-2.0,1.0,1,1.0,0.0,-2,-0.08440283151548426,-0.1365107236765452,-0.1743097643393349,0.12093802345058627,0.016683022571147843,-0.1746810598626105,-0.17268292682926867
CASE_000443,175,300006.SZ,2020-07-08,2020,WINNER,HIGH,-1,1,-1.0,0.0,1,1.0,0.0,1,0.32332382293282425,0.41631455174933807,0.3242900235911936,0.9610017889087656,0.6953271028037378,-0.03551401869158888,-0.24303232998885183
CASE_000287,182,002798.SZ,2021-02-04,2021,LOSER,LOW,-2,1,2.0,-1.0,1,1.0,0.0,-1,-0.20396381801473198,-0.2119643637219923,-0.23932180492335858,0.06104069379586391,0.031004366812226847,-0.2506550218340612,-0.25492716366752344
CASE_000402,107,600376.SH,2019-01-23,2019,NEUTRAL,HIGH,0,0,0.0,0.0,0,0.0,0.0,-1,-0.03712785903642271,0.011698385027768599,-0.04479431902666475,0.4955719557195572,0.46778711484593893,-0.025210084033613356,-0.14889529298751214
CASE_000339,9,002696.SZ,2018-07-03,2018,LOSER,LOW,1,0,0.0,-1.0,0,1.0,0.0,1,-0.1132668722431936,-0.10131531741846456,-0.14620426229905836,0.12260086173129651,0.025556471558120242,-0.28606760098928263,-0.2849025974025974
CASE_000627,132,300448.SZ,2020-04-02,2020,NEUTRAL,LOW,1,-2,-1.0,-1.0,-2,-1.0,-1.0,1,-0.013024309994202368,0.03710549707792553,-0.037457029322660124,0.4974321349963316,0.1844485443009498,-0.12566560170394003,-0.13645418326693226
CASE_000712,218,600463.SH,2021-03-30,2021,NEUTRAL,MID,-1,1,-1.0,0.0,1,1.0,0.0,-1,0.0167218808679605,-0.058589664684204276,-0.04633868487460766,0.47455902306648573,0.08771929824561431,-0.049441786283891065,-0.08801213960546228
CASE_000420,236,601669.SH,2021-03-10,2021,NEUTRAL,HIGH,0,1,1.0,0.0,0,0.0,0.0,0,-0.0244247597854828,-0.005204687205211605,-0.03481434200183155,0.4989912575655683,0.1053984575835476,-0.023136246786632286,-0.08173076923076916
CASE_000302,112,002801.SZ,2019-09-11,2019,WINNER,HIGH,1,2,2.0,-1.0,1,1.0,0.0,2,0.06457578043061016,0.11213918325794003,0.12563825468140025,0.8573492235464066,0.060344827586207295,-0.08850574712643655,-0.09329285122826436
CASE_000436,184,603160.SH,2021-01-29,2021,LOSER,LOW,-2,-2,-1.0,0.0,1,-1.0,0.0,-2,0.017322523427280315,-0.1798133483645986,-0.19977911903549556,0.08927381745502998,0.046526632733530304,-0.30245895763137076,-0.3057614319675571
CASE_000547,98,002212.SZ,2019-06-28,2019,WINNER,MID,1,-1,-1.0,1.0,1,1.0,0.0,1,0.13473431519100923,0.19479651931651673,0.13607817689526525,0.943791329904482,0.38978102189781083,0.005839416058393887,-0.08746048472075851
CASE_000226,114,002461.SZ,2019-02-18,2019,WINNER,HIGH,1,2,1.0,0.0,1,1.0,0.0,-1,0.04546493618183542,0.25818255751883673,0.19226327536871873,0.8826794966691339,0.6153846153846161,-0.025000000000000022,-0.261904761904762
CASE_000154,30,002352.SZ,2018-08-13,2018,NEUTRAL,MID,-2,-1,-1.0,1.0,1,1.0,0.0,-2,-0.00624654467301633,0.08101199132281489,-0.040727733506481276,0.4580152671755725,0.007594936708860356,-0.16501726121979277,-0.1518958428506164
CASE_000148,38,002484.SZ,2018-01-04,2018,NEUTRAL,MID,-1,-1,-2.0,0.0,0,1.0,0.0,-2,0.07843346283532251,-0.01653309526355136,-0.10903547136199897,0.4855421686746988,0.13436123348017626,-0.20044052863436157,-0.22997946611909703
CASE_000682,30,600794.SH,2018-08-13,2018,LOSER,MID,-1,1,0.0,,-2,,0.0,-1,-0.06736901713725989,-0.09097804395835848,0.016505160182110123,0.16717557251908396,0.027692307692307683,-0.30153846153846087,-0.2809667673716004
CASE_000405,56,002374.SZ,2018-11-20,2018,NEUTRAL,HIGH,-1,0,-1.0,1.0,-2,1.0,0.0,-1,-0.008447967394507247,-0.012893638221494245,-0.17631901005107123,0.46111111111111114,0.11309523809523814,-0.24999999999999967,-0.28808864265927947
CASE_000553,210,600530.SH,2021-08-12,2021,WINNER,MID,1,-1,0.0,1.0,-1,1.0,0.0,0,0.11779521283102104,0.09285865036156912,0.21213188265383504,0.8853543307086614,0.24691358024691357,-0.0679012345679012,-0.15934065934065955
CASE_000418,168,002898.SZ,2020-03-10,2020,NEUTRAL,HIGH,0,-1,0.0,0.0,-1,0.0,1.0,-1,0.15021717866303277,-0.02422102706232687,-0.030113700130245474,0.4773632741760232,0.2086167800453511,-0.09221466364323505,-0.19634703196347014
CASE_000643,45,000639.SZ,2018-11-09,2018,LOSER,HIGH,-2,0,0.0,1.0,1,-1.0,0.0,-2,-0.071214253732796,-0.10821012744188001,-0.04285405571292003,0.14429530201342283,0.07603092783505128,-0.20103092783505183,-0.23716381418092924
CASE_000615,159,603277.SH,2020-10-13,2020,WINNER,MID,2,0,1.0,1.0,-2,1.0,0.0,1,0.3281816980660555,0.2773589880123271,0.1787957939971948,0.9684499314128944,0.4804964539007095,-0.08599290780141833,-0.2653940886699506
CASE_000056,104,002481.SZ,2019-04-01,2019,WINNER,HIGH,1,2,2.0,-1.0,1,1.0,0.0,1,0.03151064497398802,0.4970138609882528,0.9434874410237893,0.9919694072657744,1.3925925925925928,-0.04691358024691317,-0.21999999999999997
CASE_000122,81,600429.SH,2019-09-30,2019,NEUTRAL,MID,-1,-1,-1.0,1.0,-1,1.0,0.0,0,-0.014173037362714625,-0.02883331416007673,-0.02159716096111995,0.46793948126801155,0.04332129963898956,-0.07942238267147961,-0.0952380952380949
CASE_000690,165,600638.SH,2020-01-13,2020,LOSER,HIGH,0,1,-1.0,1.0,-1,1.0,0.0,-1,-0.11552391274441007,-0.14293889258038173,-0.1857728416393806,0.1303106033559443,0.005524861878453136,-0.3149171270718233,-0.2983425414364639
CASE_000247,163,002697.SZ,2020-06-18,2020,LOSER,HIGH,2,2,2.0,0.0,1,1.0,0.0,2,-0.14364825112310106,-0.21346623686199065,-0.2803175375986693,0.08390596745027125,0.23175182481751877,-0.2755474452554745,-0.3912716328066218
CASE_000010,28,002649.SZ,2018-01-04,2018,LOSER,MID,2,1,1.0,0.0,1,1.0,0.0,1,-0.10391291357383074,-0.09782841455441718,-0.1401572913187663,0.12248995983935743,0.05312500000000009,-0.2812500000000002,-0.28843226788432275
CASE_000463,237,600686.SH,2021-09-06,2021,NEUTRAL,HIGH,1,-1,-1.0,0.0,0,0.0,0.0,0,-0.0017067614938293535,-0.005698518876148598,-0.06687221839182064,0.524693299779805,0.024531024531024404,-0.19191919191919227,-0.19971671388102008
CASE_000774,83,002860.SZ,2019-07-10,2019,LOSER,MID,1,2,2.0,-2.0,-1,1.0,0.0,2,-0.09204475794871914,-0.09875802585031387,-0.1210409602805233,0.15415598681801537,0.022415370539798918,-0.17886550777676147,-0.18194192377495488
CASE_000064,20,002046.SZ,2018-06-12,2018,WINNER,LOW,-2,-2,-1.0,0.0,0,-1.0,0.0,-2,-0.009345520268185192,0.14018450991582374,0.10126729817676641,0.8370876910699919,0.07388269794721403,-0.17811143695014686,-0.18642660865582816
CASE_000174,176,300375.SZ,2020-03-09,2020,WINNER,HIGH,1,1,1.0,-1.0,-2,1.0,0.0,0,0.22527988488778888,0.0058414365298026585,0.14747532601389768,0.8472121650977552,0.21465968586387452,-0.11256544502617793,-0.2376681614349777
CASE_000794,220,002892.SZ,2021-05-13,2021,WINNER,MID,-1,-1,-1.0,0.0,0,1.0,0.0,-1,0.1703555048101898,0.5565097226829984,0.6545837662395904,0.9731273093718509,1.084894470842023,-0.01039089559623907,-0.1760821716801173
CASE_000663,175,000915.SZ,2020-07-08,2020,LOSER,HIGH,2,1,2.0,0.0,1,1.0,0.0,2,-0.18373509786077963,-0.2076145598678646,-0.16487693203992482,0.08443649373881933,0.09310761789600996,-0.22309552599758098,-0.2706979372704148
CASE_000035,50,000069.SZ,2018-07-26,2018,NEUTRAL,HIGH,-2,1,-1.0,0.0,1,2.0,0.0,-2,-0.010132464386376688,0.0009432276075664742,0.005984403928085302,0.5142417244033872,0.008849557522123908,-0.24041297935103245,-0.23156342182890854
CASE_000240,210,002661.SZ,2021-08-12,2021,NEUTRAL,MID,-2,0,-1.0,1.0,-1,1.0,0.0,-2,-0.017728782342096985,-0.026421030321620423,0.018128355316974397,0.46204724409448816,0.13403880070546736,-0.10758377425044086,-0.09964726631393284
CASE_000533,129,300368.SZ,2020-04-13,2020,WINNER,LOW,-1,-1,-1.0,0.0,-1,1.0,0.0,-1,0.2659556970482586,0.09639190727134823,0.23481884499870598,0.8549815498154981,0.6453407510431157,2.220446049250313e-16,-0.27989371124889273
CASE_000156,118,603208.SH,2019-12-09,2019,WINNER,HIGH,2,1,1.0,1.0,1,1.0,0.0,2,-0.04353759051594967,0.3545005830873707,0.6301268809338114,0.9405656999641963,0.7335526315789473,-0.11567982456140347,-0.18947227071303874
CASE_000456,96,002441.SZ,2019-08-23,2019,LOSER,MID,-1,1,-1.0,0.0,0,0.0,0.0,0,-0.11159338372007319,-0.11574824993926383,-0.10083989109355725,0.1237785016286645,0.012032085561497263,-0.10294117647058809,-0.10092961487383811
CASE_000655,33,002292.SZ,2018-05-18,2018,LOSER,MID,-1,0,-1.0,0.0,1,1.0,0.0,-1,-0.027643528535767473,-0.17630087185346788,-0.2366196588021906,0.041130037390943085,0.05519480519480502,-0.43587662337662314,-0.45836575875486363
CASE_000077,6,000338.SZ,2018-12-26,2018,WINNER,LOW,0,0,0.0,0.0,0,0.0,0.0,-1,0.0999656472739219,0.1691560120127681,0.3222050657600077,0.9214601769911505,0.5842105263157886,-0.025000000000000022,-0.06605504587155986
CASE_000588,36,600072.SH,2018-05-10,2018,NEUTRAL,MID,-1,1,1.0,-1.0,0,0.0,0.0,-1,-0.06458772628179565,-0.01628111855039699,-0.006489592601100158,0.4672544080604534,0.015999999999999792,-0.31999999999999984,-0.2951999999999998
CASE_000430,70,300449.SZ,2019-04-30,2019,NEUTRAL,LOW,1,-1,-1.0,-1.0,-1,1.0,0.0,1,0.015005621786663065,-0.027411326293619937,-0.005458334628418349,0.5076923076923077,0.1151766279294042,-0.10683515221137219,-0.11173184357541921
CASE_000381,17,300463.SZ,2018-10-19,2018,LOSER,LOW,-2,-2,-1.0,-1.0,1,-1.0,0.0,-2,-0.1023303308815536,-0.23001226933570418,-0.2635068291716425,0.035593855376545525,0.12192329708070959,-0.20435031482541577,-0.27324380165289297
CASE_000385,138,300232.SZ,2020-04-01,2020,LOSER,LOW,1,-2,-1.0,0.0,0,1.0,0.0,-1,-0.020695990491446655,-0.14528970249126155,-0.22574554670475946,0.1462074019787468,0.07580824972129285,-0.12374581939799378,-0.15365584928684628
CASE_000708,109,300219.SZ,2019-12-10,2019,WINNER,HIGH,-1,1,0.0,,-1,,0.0,0,0.08716775813466773,0.08393164167128354,0.1461135257615343,0.8291547277936963,0.4104477611940285,-0.1000000000000002,-0.17496807151979543
CASE_000495,121,002647.SZ,2020-09-25,2020,LOSER,LOW,2,1,2.0,0.0,2,2.0,0.0,2,0.14848966851086215,-0.24643263934754564,-0.6476998866302442,0.027882960413080894,0.18578233785269282,-0.7903994137046536,-0.818054474708171
CASE_000058,24,300365.SZ,2018-01-18,2018,NEUTRAL,MID,0,2,0.0,-2.0,-1,1.0,0.0,0,0.0035558049074716214,-0.0027874512648191074,-0.036333574617783165,0.5299520766773163,0.3482629916738449,-0.1903531438415157,-0.18411451024417635
CASE_000560,13,300035.SZ,2018-06-21,2018,WINNER,LOW,-2,-2,-2.0,0.0,-1,1.0,0.0,-2,0.2017242830231516,0.08673012808484117,0.12275972336454523,0.851242983159583,0.42685370741482975,-0.02004008016032044,-0.21604938271604934
CASE_000722,50,001979.SZ,2018-07-26,2018,WINNER,HIGH,-2,-1,-1.0,0.0,0,0.0,0.0,-1,0.002083839529266468,0.1217456170332341,0.16998619131959006,0.9149345650500385,0.09945054945054999,-0.12527472527472516,-0.19014084507042217
CASE_000477,6,600698.SH,2018-12-26,2018,LOSER,LOW,-1,-1,-1.0,1.0,-1,1.0,0.0,-2,0.019593264239000423,-0.2215292160718411,-0.4731167641129048,0.04056047197640118,0.15294117647058836,-0.31529411764705884,-0.356701030927835
CASE_000019,6,600741.SH,2018-12-26,2018,NEUTRAL,LOW,-2,-1,-1.0,0.0,1,1.0,0.0,-2,0.10199279505903466,-0.003219121314635115,-0.1102971968274441,0.5471976401179941,0.21119733924611994,-0.057095343680709565,-0.09015256588072129
CASE_000603,66,603069.SH,2019-01-03,2019,NEUTRAL,LOW,-1,-1,-1.0,0.0,0,0.0,0.0,-2,-0.07685896997277843,-0.018302762173279613,-0.03261291854817111,0.5244395442851892,0.30243161094224846,-0.07294832826747721,-0.11510791366906481
CASE_000499,218,000609.SZ,2021-03-30,2021,LOSER,MID,-1,0,-1.0,1.0,-1,1.0,0.0,-1,-0.12898377927929183,-0.3905908863516653,-0.19722833050109584,0.0780189959294437,0.08108108108108114,-0.3702702702702704,-0.3944020356234097
CASE_000112,50,002016.SZ,2018-07-26,2018,LOSER,HIGH,0,-1,-1.0,0.0,1,1.0,0.0,0,-0.07195514548082096,-0.14245782540035462,-0.12803930527347784,0.11431870669745958,0.017397881996974007,-0.3562783661119514,-0.3406344410876131
CASE_000686,38,300476.SZ,2018-01-04,2018,WINNER,MID,0,-1,-1.0,1.0,1,0.0,0.0,0,0.014710738846987426,0.3337777545710754,0.21823396447263213,0.9321285140562249,0.4250105618926914,-0.16772285593578373,-0.18664047151277008
CASE_000387,27,300097.SZ,2018-09-13,2018,NEUTRAL,MID,-2,-1,-2.0,0.0,-1,1.0,0.0,-2,-0.028116554902917368,-0.007757957665372735,0.009757810631660646,0.5219530658591975,0.04732350659425899,-0.2404965089216451,-0.20687022900763374
CASE_000059,31,002351.SZ,2018-02-27,2018,NEUTRAL,MID,-2,-1,-2.0,1.0,1,1.0,0.0,-2,0.1208488591012081,-0.02542226226040064,-0.08882656925856836,0.456359102244389,0.2547051442910919,-0.055207026348807475,-0.19275825346112874
CASE_000455,42,002034.SZ,2018-07-24,2018,LOSER,HIGH,-2,-1,-1.0,0.0,0,1.0,0.0,-2,-0.04013678168033684,-0.1611720921257057,-0.17787663347344407,0.06064117419853225,0.014888337468982549,-0.5593052109181139,-0.5454094292803968
CASE_000771,68,002239.SZ,2019-11-13,2019,WINNER,LOW,-1,-1,-1.0,0.0,-1,1.0,0.0,-1,-0.06202042182010419,0.22751140944844517,1.001796451861097,0.9458587307278594,1.3063583815028896,-0.03468208092485581,-0.2734693877551021
CASE_000679,20,002598.SZ,2018-06-12,2018,NEUTRAL,LOW,-2,-1,-1.0,-1.0,0,-1.0,-1.0,-2,-0.059707934898902665,-0.00018401534106018969,0.0320452461754725,0.4879324215607401,0.06850961538461542,-0.24399038461538458,-0.2148760330578513
CASE_000649,156,601798.SH,2020-11-19,2020,LOSER,MID,2,0,1.0,1.0,-1,1.0,0.0,1,-0.15378212797130397,-0.25438612476723715,-0.2223872462173827,0.037665422463522225,0.11442786069651789,-0.42164179104477584,-0.4712514092446447
CASE_000618,28,002474.SZ,2018-01-04,2018,NEUTRAL,MID,-1,-1,-2.0,1.0,1,1.0,0.0,-2,-0.015968134705497433,-0.039624927915680924,0.0790981900228924,0.4530120481927711,0.166093928980527,-0.2474226804123708,-0.27611940298507454
CASE_000400,172,002390.SZ,2020-07-30,2020,WINNER,HIGH,-1,1,-1.0,0.0,0,1.0,0.0,-1,0.10172874180735895,0.41732572532190687,0.2946967022515226,0.9332391381137407,0.5476190476190474,-0.06150793650793662,-0.1807542262678803
CASE_000687,171,300657.SZ,2020-07-31,2020,LOSER,HIGH,1,2,1.0,0.0,0,1.0,0.0,2,-0.1818024970148945,-0.20127161194980486,-0.2053727790663989,0.04940014114326041,0.03825136612021862,-0.3257671290458174,-0.33250207813798793
CASE_000393,88,300573.SZ,2019-11-20,2019,LOSER,MID,2,1,2.0,0.0,0,1.0,0.0,2,-0.09737879821091713,-0.05782181131136528,-0.18630631252551674,0.15585811537083483,0.04838709677419328,-0.21347926267281125,-0.20647864990372689
CASE_000629,235,002869.SZ,2021-04-22,2021,NEUTRAL,HIGH,-2,-2,-2.0,0.0,-1,1.0,0.0,-2,0.010323800671882113,-0.04183444625541316,-0.155182300426611,0.45868465430016864,0.2870236372407142,-0.1582013571768267,-0.26756880627830193
CASE_000141,81,603711.SH,2019-09-30,2019,LOSER,MID,0,-2,-2.0,0.0,0,0.0,0.0,0,-0.1439916735770366,-0.1384709992668534,-0.13447288376686967,0.08033141210374639,0.03566529492455417,-0.2136488340192041,-0.22406363937686435
CASE_000470,83,300279.SZ,2019-07-10,2019,NEUTRAL,MID,1,-1,-1.0,1.0,-2,1.0,0.0,0,-0.0460182844233695,-0.0253993677708396,0.019555933875329768,0.4584401318198462,0.24485981308411153,-0.14953271028037407,-0.1618705035971224
CASE_000350,49,600707.SH,2018-11-16,2018,NEUTRAL,HIGH,-2,1,-1.0,1.0,1,2.0,0.0,-2,-0.0060237676754773956,-0.036817977559307935,0.2832472467259258,0.49162634908820246,0.4194214876033058,-0.17355371900826455,-0.1727642276422766
CASE_000611,103,600495.SH,2019-02-14,2019,NEUTRAL,HIGH,-1,0,0.0,0.0,-1,0.0,0.0,-1,-0.007012015405815364,-0.027140606320021576,-0.06207923335004148,0.524511610762993,0.34130434782608665,-0.026086956521739646,-0.24711696869851751
CASE_000596,212,600552.SH,2021-04-23,2021,LOSER,MID,1,-1,-1.0,0.0,1,1.0,0.0,1,-0.1170001972830149,-0.1485804848098019,-0.10955281773041761,0.14285714285714285,0.08825957925472117,-0.1601049868766401,-0.15123859191655808
CASE_000118,159,600114.SH,2020-10-13,2020,LOSER,MID,1,-1,0.0,1.0,1,1.0,0.0,0,-0.0830461989458756,-0.13561382522644364,-0.15507647684644676,0.15363511659807957,0.0009765625,-0.2607421875,-0.2568359375
CASE_000514,187,300096.SZ,2021-01-11,2021,WINNER,LOW,-1,-2,-2.0,1.0,1,1.0,0.0,-2,0.13092202658969126,0.13928152604605154,0.1034655971636673,0.8758782201405152,0.2363896848137539,-0.008595988538682042,-0.15690866510538615
CASE_000776,17,300562.SZ,2018-10-19,2018,NEUTRAL,LOW,-2,-2,-1.0,1.0,1,-1.0,0.0,-2,-0.018211441727053523,-0.08253111484003567,-0.018207128881904205,0.4818284001498689,0.21560975609756072,-0.0800000000000003,-0.19653179190751424
CASE_000238,210,300791.SZ,2021-08-12,2021,LOSER,MID,1,1,0.0,-1.0,0,1.0,0.0,0,-0.22218873396407152,-0.3401765520234785,-0.28964543646094515,0.022992125984251967,0.020424836601307117,-0.37908496732026176,-0.37042483660130754
CASE_000731,11,600560.SH,2018-07-11,2018,NEUTRAL,LOW,-1,-2,-2.0,1.0,-2,1.0,-1.0,-2,0.09907424183654238,0.0159019329180732,-0.010182661755422734,0.5491419656786272,0.24390243902439046,-0.12195121951219445,-0.25408942202835283
CASE_000335,106,002855.SZ,2019-03-19,2019,WINNER,HIGH,1,2,1.0,-1.0,1,1.0,0.0,1,0.13800928710492977,0.30097485667717394,0.13682608715978442,0.9020129130269654,0.2840352595494615,-0.11557296767874614,-0.28313725490196073
CASE_000542,113,000679.SZ,2019-04-09,2019,LOSER,HIGH,2,1,2.0,0.0,1,1.0,0.0,1,-0.08960719760299456,-0.1405920527349511,-0.049685302798230024,0.12342376767290791,0.047258979206049156,-0.31758034026465043,-0.33088235294117685
CASE_000759,94,002698.SZ,2019-10-10,2019,NEUTRAL,MID,1,1,2.0,0.0,0,1.0,0.0,2,0.057560976345453874,-0.018362643564486195,-0.0573607659201969,0.4745945945945946,0.11293436293436288,-0.11196911196911219,-0.11247637051039716
CASE_000673,237,600418.SH,2021-09-06,2021,WINNER,HIGH,2,1,1.0,0.0,1,1.0,0.0,1,-0.0039462510928692796,0.10735618547069005,0.33895842620286853,0.8392576281849639,0.2908863920099871,-0.21348314606741603,-0.25202312138728356
CASE_000527,110,002169.SZ,2019-09-04,2019,WINNER,HIGH,0,1,0.0,0.0,-1,1.0,0.0,1,0.254709443407703,0.2044010932597844,0.17255627525461725,0.937568058076225,0.40752864157119584,-0.013093289689034227,-0.20559610705596132
CASE_000602,52,002547.SZ,2018-05-21,2018,LOSER,HIGH,0,1,0.0,1.0,-1,1.0,0.0,-1,0.06407567191932628,-0.3188156567228915,-0.23847030512872186,0.015365448504983389,0.09253065774804914,-0.5317725752508362,-0.5255555555555557
CASE_000777,10,000796.SZ,2018-10-23,2018,WINNER,LOW,-2,-2,,,-2,,,-2,0.11713229688556265,0.109693374449012,0.037290047900428475,0.8622390891840607,0.34087237479806176,-0.05977382875605819,-0.19877300613496973
CASE_000021,197,300633.SZ,2021-02-01,2021,WINNER,LOW,-2,-2,-2.0,1.0,1,1.0,0.0,-2,0.2798850642165399,0.15128875238523262,0.26400792521981975,0.9340659340659341,0.49455234486025534,-0.005210800568450913,-0.17532467532467544
CASE_000797,215,603309.SH,2021-09-24,2021,WINNER,MID,-1,-2,-2.0,0.0,-1,1.0,0.0,-1,0.13854783584477542,0.25718697466946705,0.18994509728885617,0.9070643642072214,0.35467128027681616,-0.032006920415224904,-0.1226229508196719
CASE_000719,226,002216.SZ,2021-04-07,2021,LOSER,HIGH,-2,-1,-1.0,0.0,1,1.0,0.0,-2,-0.1478404111239427,-0.21547429009901387,-0.07250622354641983,0.08135593220338982,0.015391380826736745,-0.21987892449050073,-0.21020341234516093
CASE_000091,188,300676.SZ,2021-01-11,2021,LOSER,LOW,-1,1,-1.0,0.0,0,1.0,0.0,0,-0.0323891494961458,-0.1778968164392194,-0.22989343427143322,0.07159585145533623,0.21976011384427796,-0.2480178898150025,-0.35312622886354694
CASE_000692,13,002759.SZ,2018-06-21,2018,LOSER,LOW,-2,-2,-2.0,1.0,-1,0.0,0.0,-2,-0.27510698564761504,-0.1510188336216132,-0.10514526844766367,0.09983961507618284,0.05870236869207002,-0.19567456230690006,-0.18274111675126903
CASE_000120,176,002355.SZ,2020-03-09,2020,NEUTRAL,HIGH,-1,-1,0.0,0.0,-2,-1.0,0.0,-1,0.02653788521106666,-0.023964618185503925,-0.049983540820603696,0.4532947139753802,0.10945273631840813,-0.154228855721393,-0.20524691358024694
CASE_000647,150,300750.SZ,2020-11-23,2020,WINNER,MID,2,1,1.0,0.0,1,1.0,0.0,2,0.20424024859381196,0.4237731317634603,0.5020732187660335,0.9789687924016283,0.6798023715415025,-0.07501976284584966,-0.152215473223144
CASE_000475,69,300597.SZ,2019-10-18,2019,LOSER,LOW,-1,-1,-1.0,0.0,0,0.0,0.0,-1,-0.09676386538698355,-0.10875946674168499,-0.14937918602360134,0.12405609492988134,0.022189349112426537,-0.17677514792899374,-0.18129079042784613
CASE_000109,10,002627.SZ,2018-10-23,2018,LOSER,LOW,-2,-2,-2.0,-2.0,-1,1.0,0.0,-2,-0.122887521351604,-0.14289190818559028,-0.15569110378438888,0.08652751423149906,0.09205020920502038,-0.1213389121338917,-0.17464424320827943
CASE_000040,154,002546.SZ,2020-02-17,2020,NEUTRAL,MID,-1,1,0.0,0.0,-1,1.0,0.0,-1,0.038141556212581224,-0.029810231345508698,-0.09770847913549874,0.4729537366548043,0.4086294416243659,-0.03553299492385775,-0.23166023166023175
CASE_000072,114,600132.SH,2019-02-18,2019,LOSER,HIGH,2,1,2.0,0.0,1,1.0,0.0,2,-0.12202827439835762,-0.20698634645406483,0.1293757404983774,0.11250925240562547,0.31648545401116635,-0.07170143990596534,-0.09544159544159547
CASE_000038,60,600061.SH,2018-07-24,2018,NEUTRAL,HIGH,-2,0,-1.0,1.0,1,2.0,0.0,-2,0.036388777706492625,-0.0034762759984362374,-0.00716298911425306,0.5048281189648512,0.05291005291005302,-0.29841269841269813,-0.2864637985309545
CASE_000115,212,002654.SZ,2021-04-23,2021,NEUTRAL,MID,-1,1,0.0,0.0,1,1.0,0.0,-1,0.06984132074265899,-0.018973510490837037,-0.10526328734451432,0.5325903411009794,0.10803324099722977,-0.03878116343490279,-0.07088607594936724
CASE_000609,8,300423.SZ,2018-06-21,2018,WINNER,LOW,1,-1,1.0,-1.0,0,1.0,0.0,1,0.10073562553913815,0.11282582788792594,0.059255054261866225,0.8632718524458701,0.2518597236981934,-0.03613177470775786,-0.16702539819199302
CASE_000218,99,002693.SZ,2019-01-31,2019,NEUTRAL,MID,-2,-2,-2.0,0.0,-1,0.0,0.0,-2,0.11673964190678277,-0.05219382610760798,-0.08147796015184411,0.46811647622558056,0.9058171745152357,0.005540166204986319,-0.2873015873015873
CASE_000386,59,002735.SZ,2018-11-08,2018,LOSER,HIGH,-2,1,-1.0,0.0,0,1.0,0.0,-2,-0.08175127390528297,-0.07970605258234117,-0.1187599792422535,0.15814994405072735,0.03112033195020758,-0.17800829875518664,-0.16217320261437873
CASE_000672,104,600191.SH,2019-04-01,2019,NEUTRAL,HIGH,1,2,1.0,0.0,0,1.0,0.0,1,-0.01999569640721173,0.09071601972643678,-0.012134969403323615,0.5120458891013384,0.24402730375426596,-0.16382252559726973,-0.2398190045248868
CASE_000258,197,002901.SZ,2021-02-01,2021,LOSER,LOW,-2,-1,-2.0,0.0,1,1.0,0.0,-1,-0.27671933023353174,-0.20851658636961307,-0.14848110974528947,0.046620046620046623,0.005706134094151327,-0.3242510699001423,-0.3209700427960053
CASE_000445,59,002565.SZ,2018-11-08,2018,WINNER,HIGH,-2,0,0.0,1.0,1,-1.0,0.0,-2,0.060128490641661855,0.02951107213946292,0.5596608065509144,0.8347631480790749,1.13953488372093,-0.04651162790697705,-0.30702836004932166
CASE_000215,132,300096.SZ,2020-04-02,2020,LOSER,LOW,1,-2,-1.0,0.0,0,1.0,0.0,-1,-0.09098928073070386,-0.19454308380799676,-0.17928700567555136,0.15884079236977255,0.04741833508956783,-0.2328767123287665,-0.24645030425963432
CASE_000625,173,600860.SH,2020-01-06,2020,LOSER,HIGH,-1,2,0.0,1.0,-1,1.0,0.0,0,-0.13527748619102437,-0.22113519861874864,-0.372686800110816,0.05387085265786657,0.055932203389830626,-0.46271186440677947,-0.4862681744749595
CASE_000322,7,002268.SZ,2018-09-10,2018,LOSER,LOW,-1,1,0.0,0.0,1,1.0,0.0,0,-0.12026669122068148,-0.16438790131523984,-0.1492155534752484,0.05759757483895415,0.03544857768052512,-0.2866520787746172,-0.27782571182053517
CASE_000188,109,000509.SZ,2019-12-10,2019,LOSER,HIGH,-1,1,-1.0,0.0,0,1.0,0.0,-1,-0.10073805968111352,-0.20712512269963274,-0.16752827768487993,0.09813753581661891,0.05622489959839361,-0.2971887550200806,-0.283464566929134
CASE_000250,90,000564.SZ,2019-10-08,2019,NEUTRAL,MID,-2,-2,-2.0,1.0,1,1.0,0.0,-2,-0.04558849101637619,-0.022041007624236646,-0.02249370575225277,0.45837837837837836,0.10775862068965503,-0.08189655172413801,-0.12244897959183698
CASE_000755,223,300260.SZ,2021-04-16,2021,WINNER,HIGH,-2,0,0.0,1.0,1,-1.0,0.0,-2,0.0954016123864812,0.2727813706492088,0.5759902598848261,0.9449324324324324,0.8401753254310651,-0.0014336917562725038,-0.06349206349206349
CASE_000767,154,601179.SH,2020-02-17,2020,WINNER,MID,-1,-1,-1.0,0.0,-1,1.0,0.0,-2,0.25143383359115246,0.7900956805654784,0.725724769495927,0.9882562277580071,1.4575757575757566,-0.0121212121212122,-0.24335106382978733
CASE_000292,211,002255.SZ,2021-08-12,2021,WINNER,MID,0,1,0.0,0.0,0,0.0,0.0,0,0.20339415596739688,0.2895336400307557,0.22794045140613545,0.9505511811023623,0.48888888888888893,-0.09555555555555573,-0.2148499210110586
CASE_000425,9,002567.SZ,2018-07-03,2018,WINNER,LOW,-2,-1,-2.0,1.0,1,1.0,0.0,-2,0.10644680237567478,0.07495490864566136,0.11819811191370387,0.8535056795926361,0.18241758241758288,-0.043956043956043356,-0.15999999999999992
CASE_000666,3,002041.SZ,2018-02-01,2018,LOSER,LOW,-1,-2,-1.0,0.0,-1,-1.0,-1.0,-2,-0.016064085042180876,-0.17207816861651437,-0.16528520520308584,0.1103503826016915,0.10832587287376927,-0.16025067144136051,-0.21575061525840855
CASE_000727,60,600643.SH,2018-07-24,2018,WINNER,HIGH,-2,0,-1.0,1.0,1,1.0,0.0,-2,0.027243043199839473,0.12907733023938073,0.12322537680895412,0.8748551564310545,0.06803455723542129,-0.1684665226781854,-0.19834710743801676
CASE_000622,15,603877.SH,2018-08-21,2018,LOSER,LOW,-2,-2,-1.0,0.0,1,-1.0,0.0,-2,-0.1399108476946899,-0.16064996816225124,-0.19982024978520452,0.04226961157654227,-0.009009009009009139,-0.36404586404586414,-0.3206388206388209
CASE_000373,62,600444.SH,2019-04-30,2019,NEUTRAL,LOW,1,-2,-1.0,-1.0,-2,1.0,-1.0,0,-0.020778187258256513,-0.01791507475419425,0.08103477777544502,0.45692307692307693,0.03674355984898936,-0.13322368421052633,-0.10032894736842102
CASE_000049,146,300097.SZ,2020-09-01,2020,LOSER,MID,1,1,1.0,-1.0,0,1.0,0.0,1,-0.12316940130156985,-0.08124850664704276,-0.14185216818050617,0.1301775147928994,0.03164556962025333,-0.2518987341772144,-0.25691456668715407
CASE_000729,213,603306.SH,2021-07-29,2021,LOSER,MID,2,1,2.0,0.0,1,1.0,0.0,2,-0.15119699034580164,-0.15473936159789844,-0.3325628985462546,0.08085912823752368,0.23835491933651398,-0.30015905476028215,-0.39724966104977744
CASE_000275,235,300324.SZ,2021-04-22,2021,WINNER,HIGH,-2,0,0.0,1.0,1,-1.0,0.0,-2,-0.0011889754021242108,0.26382370564155255,0.16630351615105796,0.8448566610455311,0.4956268221574345,-0.10787172011661794,-0.20366598778004041
CASE_000232,46,300036.SZ,2018-05-23,2018,WINNER,HIGH,1,-1,1.0,1.0,1,1.0,0.0,1,0.16548243866397594,0.31097454842052347,0.42095753864052216,0.9858686616791354,0.33495934959349594,-0.10785907859078536,-0.1779591836734693
CASE_000640,149,600633.SH,2020-05-08,2020,LOSER,MID,0,1,0.0,0.0,-1,0.0,0.0,0,-0.09967947556942039,-0.4017655500180913,-0.1452386873432171,0.1447661469933185,0.3222583525685303,-0.07274590163934436,-0.10471204188481675
CASE_000095,127,600739.SH,2020-03-17,2020,LOSER,LOW,2,1,1.0,-1.0,0,1.0,0.0,2,-0.12827154040032507,-0.2598904931589496,-0.32684751183208705,0.03309090909090909,0.08032786885245913,-0.12240437158469908,-0.1453214845791948
CASE_000105,113,600838.SH,2019-04-09,2019,NEUTRAL,HIGH,2,1,2.0,0.0,1,1.0,0.0,1,-0.027998104070741922,-0.010142690580918351,0.012745918196645,0.5009552923194498,0.01479654747225645,-0.1960542540073984,-0.1813725490196081
CASE_000037,149,603444.SH,2020-05-08,2020,NEUTRAL,MID,2,1,2.0,0.0,1,1.0,0.0,2,-0.09900201313886511,-0.04463226364870165,0.12770771670998127,0.46325167037861914,0.5951007058740281,-0.062129490311136126,-0.10256730979705453
CASE_000140,58,601177.SH,2018-07-17,2018,WINNER,HIGH,-2,-2,-1.0,1.0,-2,-1.0,0.0,-2,0.08540410305906573,0.12007319412731915,0.15068148522319974,0.8880278961642775,0.10310965630114599,-0.11620294599017977,-0.12923076923076915
CASE_000166,77,603042.SH,2019-12-03,2019,NEUTRAL,LOW,-1,-2,-2.0,1.0,1,0.0,0.0,-1,0.007783971202645679,-0.03966838971493729,-0.07140841589511959,0.4871244635193133,0.26493323963457516,-0.0864371047083623,-0.17083854818523125
CASE_000754,180,300088.SZ,2020-01-17,2020,NEUTRAL,HIGH,2,1,2.0,0.0,1,1.0,0.0,2,0.130401321981554,-0.08172885654181698,-0.04243597281889949,0.4682822523164647,0.2611408199643499,-0.2522281639928702,-0.38749101365923844
CASE_000344,69,002115.SZ,2019-10-18,2019,WINNER,LOW,-1,-1,-1.0,0.0,0,1.0,0.0,-1,0.11093595172865395,0.14921706930088907,0.19314156125041174,0.9021934555915139,0.3446540880503146,-0.03144654088050303,-0.08144796380090491
CASE_000461,74,300525.SZ,2019-08-15,2019,WINNER,LOW,0,1,0.0,0.0,0,1.0,0.0,1,-0.05235369604631865,0.5396064732542368,0.5188089643370527,0.9833212472806382,0.9096170970614423,-0.06144256455921637,-0.13109540636042405
CASE_000621,135,600887.SH,2020-04-03,2020,NEUTRAL,LOW,0,-1,-1.0,0.0,0,0.0,0.0,0,-0.01921883192435418,-0.1823335256297704,0.013679183024056712,0.460352422907489,0.19372996139837784,-0.0638803941556233,-0.11234882240611055
CASE_000460,130,002876.SZ,2020-03-23,2020,WINNER,LOW,0,-2,-2.0,0.0,-1,1.0,0.0,-1,0.1765531870800833,0.23239242051884512,0.1699626252261125,0.922740524781341,0.3445421296604696,-0.03158160687215783,-0.10343489229574998
CASE_000697,34,000590.SZ,2018-01-04,2018,LOSER,MID,-1,2,0.0,0.0,0,1.0,0.0,-1,-0.14234680982782794,-0.16238213460161285,-0.18941489675221915,0.04618473895582329,0.012683578104138782,-0.3224299065420557,-0.31041388518024005
CASE_000665,141,002747.SZ,2020-10-19,2020,WINNER,MID,2,2,2.0,-1.0,1,2.0,0.0,2,0.06363481867533594,0.22900526957358935,0.42065731597523004,0.952788231269244,0.5399644760213154,-0.06971580817051526,-0.13602214313958083
CASE_000688,116,600202.SH,2019-04-24,2019,NEUTRAL,HIGH,1,-1,1.0,-1.0,-1,1.0,0.0,2,-0.00979879419189833,-0.0005737435939053293,-0.006850786837240774,0.4994281357224552,0.010452961672473782,-0.20034843205574926,-0.1864111498257841
CASE_000787,109,603773.SH,2019-12-10,2019,NEUTRAL,HIGH,0,2,0.0,-2.0,-1,1.0,0.0,-1,-0.012182501657669376,-0.04988198835622137,-0.01361139221559532,0.5046561604584527,0.30002921413964345,-0.15425065731814236,-0.3041027953110913
CASE_000284,136,002615.SZ,2020-04-10,2020,LOSER,LOW,-1,-1,0.0,0.0,-1,-1.0,0.0,-1,-0.12382846429505412,-0.18167285530855323,-0.2340239385812271,0.10287610619469026,0.08056678323266264,-0.1381443298969074,-0.11336032388663975
CASE_000397,18,002762.SZ,2018-07-02,2018,NEUTRAL,LOW,-1,-2,-2.0,0.0,-1,0.0,0.0,-2,0.005259862594754104,0.04928576040240669,-0.0012432486734171438,0.5072920772566023,0.1736613603473227,-0.15050651230101275,-0.2050599201065244
CASE_000597,5,002468.SZ,2018-12-18,2018,WINNER,LOW,0,-1,-1.0,0.0,0,0.0,0.0,-1,0.0628835082930866,0.29414024208162887,0.16436033601125513,0.8688766114180478,0.6024096385542161,-0.05662650602409658,-0.10350877192982455
CASE_000171,90,002697.SZ,2019-10-08,2019,WINNER,MID,2,1,2.0,0.0,2,2.0,0.0,2,0.11872388097254502,0.125815893174456,-0.03677993918141372,0.8872072072072072,0.2059219380888293,-0.020188425302826274,-0.13124274099883915
CASE_000488,139,603982.SH,2020-12-25,2020,LOSER,LOW,1,1,1.0,0.0,-1,1.0,0.0,1,-0.1582768629947226,-0.1522274187323094,-0.14055705320056522,0.09781512605042017,0.09614395886889437,-0.2318766066838045,-0.2780722891566263
CASE_000742,230,300782.SZ,2021-03-08,2021,WINNER,HIGH,2,0,1.0,1.0,1,1.0,0.0,2,0.15162255433284816,0.10545528229197342,0.05318802541653267,0.8410462776659959,0.3443219704701652,-0.1069606042049398,-0.1620242498010387
CASE_000168,134,300222.SZ,2020-02-11,2020,NEUTRAL,LOW,-1,1,-1.0,0.0,-1,1.0,0.0,-2,-0.019676780905328928,-0.2045212383924229,-0.01183525155689083,0.5025035765379113,0.3653846153846154,-0.1262019230769228,-0.3194057567316618
CASE_000382,169,002061.SZ,2020-07-01,2020,NEUTRAL,HIGH,0,-1,0.0,1.0,-2,1.0,0.0,-1,-0.04355381300812505,-0.03571866257918571,0.008580113223290886,0.4861858629350556,0.22840690978886746,-0.0057581573896353655,-0.0907643312101909
CASE_000773,229,000049.SZ,2021-09-15,2021,WINNER,HIGH,-2,-1,-2.0,0.0,-1,1.0,0.0,-1,0.14272187821565663,0.23018433466020688,0.5847456637482066,0.9330609679446888,0.5974135507450089,-0.12763564801799254,-0.1626731149703231
CASE_000427,216,002698.SZ,2021-07-02,2021,NEUTRAL,MID,1,-1,0.0,1.0,1,1.0,0.0,1,-0.06070493027397626,-0.024363464760891573,0.04014587348483056,0.48413969881448254,0.12570507655116803,-0.04029008863819539,-0.10310021629416055
CASE_000524,70,002835.SZ,2019-04-30,2019,WINNER,LOW,1,-2,-1.0,1.0,-1,1.0,0.0,-1,0.14993933804168888,0.06637647392762415,0.1304707885698143,0.8811538461538462,0.308888888888889,-0.10000000000000009,-0.2218181818181817
CASE_000244,39,000561.SZ,2018-03-28,2018,NEUTRAL,MID,-2,-1,-1.0,0.0,1,1.0,0.0,-2,0.08199601327748023,-0.015364204262425338,-0.02027925732590352,0.4980972515856237,0.1337837837837843,-0.24864864864864844,-0.3277711561382599
CASE_000377,121,603093.SH,2020-09-25,2020,NEUTRAL,LOW,-1,-1,-2.0,1.0,-1,1.0,0.0,-1,-0.061306261902799156,-0.007637750379563983,0.00520000354327621,0.5070567986230636,0.10964912280701733,-0.16569200779727067,-0.20654679575841384
CASE_000051,24,300253.SZ,2018-01-18,2018,WINNER,MID,-1,-2,-1.0,0.0,0,-1.0,0.0,-1,0.4032979120643243,0.3632696910150779,0.6673122626663006,0.9972044728434505,1.0448430493273557,-0.008968609865470989,-0.0731995277449824
CASE_000435,66,600377.SH,2019-01-03,2019,LOSER,LOW,2,1,1.0,0.0,1,0.0,0.0,2,0.028856529340434364,-0.19618216353802714,-0.2439843404999688,0.10033076074972437,0.08315789473684143,-0.0052631578947367474,-0.04166666666666663
CASE_000052,147,300609.SZ,2020-08-26,2020,LOSER,MID,1,-1,0.0,0.0,0,0.0,0.0,1,-0.11167998298722101,-0.2004032285029285,-0.20135060258574183,0.07815771109560363,0.04146341463414638,-0.2996658278671951,-0.3127013554602295
CASE_000613,78,002639.SZ,2019-11-29,2019,NEUTRAL,LOW,-1,-1,-2.0,0.0,1,1.0,0.0,-1,-0.006719596897764579,-0.06603896020864744,0.0286715195258663,0.5454220314735336,0.3548387096774197,-0.1458064516129033,-0.25720384204909297
CASE_000464,229,600152.SH,2021-09-15,2021,NEUTRAL,HIGH,1,-1,-1.0,1.0,-1,1.0,0.0,1,-0.010234610473038905,-0.015559593901929666,0.05471900113457259,0.5320553111250785,0.2377358490566035,-0.18742138364779903,-0.16729559748427703
CASE_000272,8,002358.SZ,2018-06-21,2018,LOSER,LOW,1,-1,-1.0,,-1,,0.0,0,-0.17829156691642759,-0.14606874602317277,-0.046006340573464505,0.107457898957498,0.004968944099378758,-0.1906832298136648,-0.15880893300248178
CASE_000134,18,002293.SZ,2018-07-02,2018,LOSER,LOW,1,-2,-1.0,0.0,-1,1.0,-1.0,0,-0.056551075247003,-0.13999004292370576,-0.13388678951799377,0.14781237682301931,0.02309782608695654,-0.3036684782608696,-0.3034759358288769
CASE_000293,78,600114.SH,2019-11-29,2019,WINNER,LOW,0,-1,-1.0,1.0,-2,1.0,0.0,-1,0.3226211110284781,0.9209701684508349,1.023923229524044,0.9907010014306151,1.5901639344262297,-0.004918032786885296,-0.2102146558105108
CASE_000732,189,300137.SZ,2021-02-04,2021,NEUTRAL,LOW,-2,-1,-2.0,1.0,1,2.0,0.0,-2,0.1258016319191021,-0.01125452710753061,-0.11024573226934087,0.49132755170113407,0.6876061120543302,-0.01018675721561968,-0.28436516264428124
CASE_000641,130,600552.SH,2020-03-23,2020,NEUTRAL,LOW,0,-2,-2.0,-1.0,0,1.0,0.0,0,0.039051468847065965,-0.013267268875173044,-0.05241677707114391,0.5178571428571429,0.08286252354048962,-0.05649717514124297,-0.09380530973451329
CASE_000540,54,300393.SZ,2018-01-23,2018,NEUTRAL,HIGH,-1,1,-1.0,0.0,1,1.0,0.0,-1,0.08478467115377443,-0.03897784808997961,-0.010332064387958972,0.5210084033613446,0.055555555555556246,-0.13983739837398346,-0.14381616318099688
CASE_000421,145,002178.SZ,2020-08-06,2020,NEUTRAL,MID,1,1,1.0,1.0,-1,1.0,0.0,1,-0.014582234732633884,0.0025202657168440917,-0.09021353077943772,0.5131995776135164,0.054229934924077794,-0.20824295010846006,-0.21875
CASE_000723,234,603626.SH,2021-09-03,2021,NEUTRAL,HIGH,1,2,1.0,-1.0,0,1.0,1.0,0,0.03889512110877205,-0.03802957526942037,-0.03706561124220356,0.4792322215229704,0.35754189944133996,-0.10148975791433945,-0.28161764705882397
CASE_000067,44,603608.SH,2018-12-04,2018,WINNER,HIGH,1,1,1.0,1.0,-1,1.0,0.0,1,0.1338299340696322,0.1235964785265623,-0.04818733906023433,0.8897899004791744,0.12019230769230793,-0.05192307692307696,-0.08676207513416734
CASE_000684,150,300037.SZ,2020-11-23,2020,NEUTRAL,MID,2,2,2.0,-1.0,-1,1.0,0.0,2,0.243199112289974,-0.010545673641509379,-0.038816025260777154,0.5335820895522388,0.3492350319238642,-0.11468497771352859,-0.3128415300546452
CASE_000285,35,002383.SZ,2018-08-03,2018,LOSER,MID,0,-1,-1.0,0.0,-1,0.0,-1.0,0,-0.022114860006057675,-0.15997233183049087,-0.11992312482087238,0.13261786124952088,0.03396901072705605,-0.31644815256257486,-0.31026528258362185
CASE_000440,147,300250.SZ,2020-08-26,2020,NEUTRAL,MID,0,1,0.0,0.0,0,1.0,0.0,0,-0.015693549305572867,0.06313623674350913,-0.014332062477113272,0.5062805303558967,0.12108843537414948,-0.11156462585034044,-0.1964395334561082
CASE_000081,79,300657.SZ,2019-07-22,2019,WINNER,LOW,1,0,0.0,0.0,1,1.0,0.0,1,0.19843228985853145,0.10114544356000182,-0.016232048283621348,0.8579234972677595,0.6144859813084123,-0.05179127725856669,-0.1860465116279072
CASE_000747,100,002522.SZ,2019-06-12,2019,LOSER,MID,1,-1,0.0,1.0,1,1.0,0.0,-1,0.16975982477657972,-0.13699854591887403,-0.16874502238475944,0.0851063829787234,0.24569640062597764,-0.2253521126760566,-0.3363518758085383
CASE_000735,88,300194.SZ,2019-11-20,2019,NEUTRAL,MID,-1,0,-1.0,0.0,0,1.0,0.0,-1,-0.0038239128667585612,-0.031829586273234955,0.023907658196692855,0.5317090648513078,0.2950191570881222,-0.09578544061302696,-0.1024208566108008
CASE_000450,201,002277.SZ,2021-05-06,2021,NEUTRAL,MID,-1,1,-1.0,1.0,1,1.0,0.0,-1,-0.013260565562159862,-0.022365599149980066,0.0008847014862192054,0.5199729180771835,0.0775862068965516,-0.1094802453000906,-0.14457211456010965
CASE_000568,92,000889.SZ,2019-11-07,2019,LOSER,MID,-1,0,-1.0,1.0,-2,1.0,0.0,-2,-0.07460739634489608,-0.057178551584977456,-0.24503226577445994,0.10405453893074991,0.04419321685508715,-0.23021582733812962,-0.202191235059761
CASE_000720,49,600552.SH,2018-11-16,2018,WINNER,HIGH,-1,1,-1.0,0.0,1,1.0,0.0,-2,0.05791485125035391,0.07160857268309974,0.6584829800179256,0.8276888723483439,0.7237851662404096,-0.09718670076726343,-0.17620137299771188
CASE_000087,211,002227.SZ,2021-08-12,2021,LOSER,MID,1,2,2.0,-1.0,-1,1.0,0.0,2,-0.1374280859728571,-0.14082424225259224,-0.16600216912033564,0.13165354330708662,0.004591836734693988,-0.26122448979591795,-0.26020408163265263
CASE_000230,186,300230.SZ,2021-07-28,2021,NEUTRAL,LOW,1,-1,0.0,1.0,-1,1.0,0.0,0,0.02870911278129415,-0.022622343516934748,-0.04170892132096897,0.492739898989899,0.198614318706698,-0.08083140877598094,-0.22674418604651136
CASE_000086,28,600845.SH,2018-01-04,2018,WINNER,MID,1,1,1.0,0.0,1,1.0,0.0,1,0.09633065977453069,0.38923880699347063,0.385531334104661,0.9799196787148594,0.5274261603375527,-0.04272151898734167,-0.1393200295639322
CASE_000365,196,300209.SZ,2021-01-11,2021,LOSER,LOW,-2,-2,-1.0,0.0,1,-1.0,0.0,-2,-0.12691788380709015,-0.0590720201539421,-0.16217044914290302,0.12177985948477751,0.12180974477958251,-0.24593967517401372,-0.2985386221294364
CASE_000231,26,603308.SH,2018-08-09,2018,LOSER,MID,-1,-1,-2.0,0.0,0,1.0,0.0,-2,-0.06558461357334457,-0.1134470343738577,-0.14687689508882565,0.10966755827283149,0.022651006711409405,-0.3355704697986581,-0.3316831683168321
CASE_000196,189,603126.SH,2021-02-04,2021,WINNER,LOW,2,1,1.0,0.0,0,1.0,0.0,2,0.6349059193875372,0.6783098175425032,0.42598266733950574,0.9946631087391594,1.5204262877442285,-0.09413854351687401,-0.31375579598145253
CASE_000207,117,002375.SZ,2019-07-02,2019,NEUTRAL,HIGH,1,1,0.0,0.0,0,1.0,0.0,1,-0.05782868811077734,-0.0209355506883671,-0.0306806147405693,0.4593108504398827,0.043663654886048286,-0.147187524178781,-0.12416126038668585
CASE_000700,161,603659.SH,2020-04-21,2020,WINNER,HIGH,1,1,0.0,0.0,1,1.0,0.0,0,0.15734807515983576,0.3156032123060253,0.28699076282267816,0.9237007003317361,0.8542574486435377,-0.014465499783017477,-0.15375253549695744
CASE_000282,164,600830.SH,2020-03-09,2020,WINNER,HIGH,-1,2,0.0,-2.0,-1,1.0,0.0,0,0.051108086730564384,0.16435430893918168,0.17052628793974356,0.8667632150615496,0.46379310344827607,-0.10172413793103452,-0.30181347150259075
CASE_000792,153,000796.SZ,2020-04-23,2020,WINNER,MID,0,1,0.0,-2.0,0,1.0,1.0,0,0.23992109325073932,0.14010207620685075,1.0393827250191772,0.9627718392922964,1.8941176470588217,-1.1102230246251565e-16,-0.27416666666666667
CASE_000497,14,002124.SZ,2018-06-05,2018,LOSER,LOW,0,0,0.0,-1.0,0,1.0,0.0,1,-0.2405043694041936,-0.2501898500716617,-0.23277772815517594,0.013821138211382113,0.011382113821138073,-0.3918699186991872,-0.3658536585365856
CASE_000548,27,002698.SZ,2018-09-13,2018,WINNER,MID,-2,-1,-2.0,1.0,1,1.0,0.0,-2,0.16347669286251088,0.28953076222529517,0.29037450429064326,0.9765329295987888,0.31559405940594076,-0.06559405940594054,-0.09272300469483552
CASE_000714,110,300407.SZ,2019-09-04,2019,NEUTRAL,HIGH,-1,0,-1.0,1.0,-2,1.0,0.0,0,0.03269779244468339,-0.02611066954681194,-0.01705515181881675,0.5121597096188748,0.34545454545454524,-0.08311688311688292,-0.2730061349693248
CASE_000733,38,603936.SH,2018-01-04,2018,LOSER,MID,0,-2,,,-2,,,0,0.07755205229584214,-0.10381746762506046,-0.13176137917952763,0.13534136546184738,0.017054263565890793,-0.294573643410853,-0.24418604651162812
CASE_000236,143,300025.SZ,2020-11-18,2020,LOSER,MID,1,0,1.0,1.0,-2,1.0,0.0,1,-0.09962210432079803,-0.1839736751929895,-0.22461217562984234,0.10288624787775891,0.07308377896613161,-0.4652406417112299,-0.4891122278056951
CASE_000209,153,002159.SZ,2020-04-23,2020,NEUTRAL,MID,-1,-1,-1.0,1.0,0,1.0,0.0,-2,-0.0004802155258400269,-0.030014544567992626,-0.16795647506123085,0.4835974935495761,0.20396600566572265,-0.07554296506137892,-0.10745098039215706
CASE_000129,86,600166.SH,2019-10-30,2019,NEUTRAL,MID,-2,-1,-1.0,1.0,1,1.0,0.0,-1,-0.042528427504944434,-0.017125655553884317,-0.026363280281834954,0.517799352750809,0.11111111111111116,-0.06565656565656552,-0.09223300970873782
CASE_000411,149,300315.SZ,2020-05-08,2020,WINNER,MID,1,-1,0.0,0.0,1,1.0,0.0,0,0.0792933967964595,0.030126017793221938,0.22439843125981085,0.852264291017075,0.7650176678445235,-0.026501766784452485,-0.18580375782881042
CASE_000303,141,000988.SZ,2020-10-19,2020,NEUTRAL,MID,1,1,1.0,1.0,-1,1.0,0.0,1,0.07234396048906176,-0.03410272301130053,-0.030562455792200544,0.4782757440985289,0.09784815265935864,-0.08363784003248076,-0.14550853749072057
CASE_000693,174,002230.SZ,2020-01-08,2020,NEUTRAL,HIGH,1,1,1.0,0.0,0,1.0,0.0,1,-0.0013955613939069383,-0.0389128130267766,-0.028409105155399114,0.5269354263289333,0.24438280166435478,-0.1214979195561724,-0.21324200913241986
CASE_000623,168,603168.SH,2020-03-10,2020,LOSER,HIGH,1,1,1.0,0.0,-1,1.0,0.0,1,-0.10080415194592676,-0.19769924755085713,-0.23623889237788784,0.049981890619340816,0.024864864864865055,-0.2670270270270275,-0.25837837837837896
CASE_000607,180,002387.SZ,2020-01-17,2020,LOSER,HIGH,1,0,1.0,1.0,1,1.0,0.0,2,-0.11219510470864182,-0.1939722237907044,-0.15686099563545447,0.14789736279401283,0.017721518987341645,-0.3234177215189876,-0.31964624131396113
CASE_000160,111,300039.SZ,2019-02-22,2019,NEUTRAL,HIGH,-1,1,-1.0,0.0,0,1.0,0.0,-2,-0.026444875364735554,-0.04618657726009251,-0.04973347718783434,0.46602302265131823,0.34474885844748804,-0.022831050228310446,-0.22912966252220224
CASE_000749,101,600180.SH,2019-04-10,2019,LOSER,HIGH,1,2,2.0,-1.0,1,1.0,0.0,2,-0.07560943652684315,-0.13773378024415778,-0.16072481233766062,0.08288770053475936,0.08474576271186418,-0.36306868867082986,-0.38545150501672276
CASE_000172,232,002366.SZ,2021-08-30,2021,WINNER,HIGH,-1,-1,-1.0,0.0,-1,1.0,0.0,0,0.4651690250617152,0.2382115405253354,0.24704192626150256,0.9373425692695214,0.6449864498644986,-0.03523035230352323,-0.3652173913043478
CASE_000388,51,000597.SZ,2018-12-03,2018,NEUTRAL,HIGH,-1,-1,-1.0,0.0,0,-1.0,0.0,-1,-0.010516926259900333,0.0763217377431907,-0.01536085777764562,0.5372418879056047,0.0978540772532197,-0.14506437768240332,-0.1401709401709399
CASE_000352,196,300047.SZ,2021-01-11,2021,NEUTRAL,LOW,-2,-2,-1.0,0.0,1,-1.0,0.0,-2,-0.07924144959039171,-0.024342537668524525,-0.022171642346683867,0.4489795918367347,0.05587392550143244,-0.17908309455587368,-0.20413793103448263
CASE_000534,116,300161.SZ,2019-04-24,2019,WINNER,HIGH,2,2,2.0,0.0,1,1.0,0.0,1,0.11906412463030733,0.04667737073395939,0.10710075065710278,0.8360655737704918,0.09612147783777991,-0.2271293375394321,-0.21072555205047305
CASE_000353,205,300420.SZ,2021-06-29,2021,LOSER,MID,0,-2,-1.0,-1.0,-2,-1.0,-1.0,0,-0.08580471451604593,-0.2118575273182088,-0.18002985765169519,0.15752325954443375,0.14425427872860697,-0.1320293398533008,-0.15581395348837201
CASE_000544,205,002046.SZ,2021-06-29,2021,WINNER,MID,-1,0,-1.0,1.0,1,1.0,0.0,-1,0.08751491296494054,0.16062562349829668,0.43091124551093996,0.8713506576836701,0.7880718008106538,-0.058482918355529656,-0.06628571428571428
CASE_000270,123,002229.SZ,2020-09-22,2020,WINNER,LOW,1,0,1.0,0.0,0,0.0,0.0,1,0.10987892359203362,0.07218702243949228,0.11994145952609209,0.8397790055248618,0.11510791366906514,-0.03884892086330938,-0.10403120936280874
CASE_000018,56,601968.SH,2018-11-20,2018,WINNER,HIGH,-1,2,0.0,0.0,1,1.0,0.0,-1,0.08634214377191052,0.09139954246541443,0.053934951289562286,0.8718518518518519,0.15609756097561056,-0.04390243902438995,-0.12195121951219523
CASE_000441,76,603022.SH,2019-05-15,2019,WINNER,LOW,0,-2,-1.0,0.0,-1,1.0,0.0,0,0.03377316053063473,0.12766811647211102,0.15040696455159416,0.8919954040597472,0.13927340237348163,-0.07416267942583699,-0.10760869565217379
CASE_000278,151,300290.SZ,2020-05-28,2020,WINNER,MID,-1,-1,-2.0,0.0,0,1.0,0.0,-1,0.0748418805318549,0.1972526163472253,0.30325629522903574,0.8855355171144644,0.5285096541592285,-0.025044722719141377,-0.06821282401091444
CASE_000585,208,000793.SZ,2021-01-21,2021,LOSER,MID,-2,-1,-2.0,1.0,1,2.0,0.0,-2,-0.107692181244522,-0.12183820293269665,-0.03577427683369008,0.14266622118275976,0.6271186440677976,-0.2161016949152541,-0.30939226519337026
CASE_000181,213,002536.SZ,2021-07-29,2021,NEUTRAL,MID,1,-1,1.0,-1.0,-2,1.0,0.0,2,0.03619000556756047,-0.011691535037577288,-0.17528858194854097,0.5170562223626026,0.2648922686945503,-0.17870722433460062,-0.32820512820512815
CASE_000307,131,300649.SZ,2020-02-11,2020,LOSER,LOW,-1,-1,-1.0,1.0,-2,-1.0,0.0,-1,-0.15761386021462634,-0.14067370091158235,-0.12173153954843025,0.1402002861230329,0.1339529797703658,-0.07982504100601417,-0.14528207688467287
CASE_000288,64,300699.SZ,2019-05-13,2019,LOSER,LOW,1,-1,1.0,-1.0,1,0.0,0.0,1,-0.09071041025828493,-0.11466198028451909,-0.0720847692129477,0.11354046797084771,0.05207914504732103,-0.20461370477522145,-0.22012422360248463
CASE_000644,63,300212.SZ,2019-07-30,2019,WINNER,LOW,1,1,1.0,0.0,1,1.0,0.0,1,-0.016622893067260232,0.13819150311501374,0.17818903133816938,0.9001089720305122,0.3146775389177172,-0.14566345441067452,-0.13940628637951125
CASE_000517,10,600706.SH,2018-10-23,2018,NEUTRAL,LOW,-2,-1,-2.0,0.0,1,1.0,0.0,-2,-0.021375991859931026,0.04793968508907205,9.168382940048792e-05,0.5411764705882353,0.21686746987951766,-0.028112449799196915,-0.14358108108108103
CASE_000259,171,002913.SZ,2020-07-31,2020,WINNER,HIGH,0,0,0.0,0.0,0,0.0,0.0,1,0.07476803794382683,0.15618229692445157,0.16845554503097698,0.8461538461538461,0.2619708535739067,-0.022727272727272707,-0.13211524947294484
CASE_000066,177,300571.SZ,2020-03-05,2020,LOSER,HIGH,1,1,1.0,-2.0,0,1.0,0.0,1,-0.1327573689410919,-0.15215797083125487,-0.12115998472099862,0.09150090415913201,-0.010672853828306184,-0.3186388244392885,-0.31307037896365
CASE_000343,218,000668.SZ,2021-03-30,2021,WINNER,MID,-2,-1,-2.0,1.0,-1,1.0,0.0,-1,0.11795341479075147,0.44489623729062167,0.31943138899550305,0.9297829036635007,0.566869300911854,-0.02127659574468066,-0.21435692921236293
CASE_000004,21,300031.SZ,2018-01-04,2018,NEUTRAL,MID,-2,-2,-1.0,0.0,-2,-1.0,0.0,-2,-0.07125255196877113,0.014260763003774435,-0.024539896805459926,0.4847389558232932,0.03743654822335052,-0.23667512690355297,-0.2138905961893054
CASE_000730,236,300374.SZ,2021-03-10,2021,LOSER,HIGH,-1,2,-1.0,-1.0,0,1.0,0.0,-1,-0.08292925911046226,-0.15278980940473022,-0.10566182473163321,0.14895763281775387,0.05270655270655289,-0.1894586894586895,-0.21438356164383554
CASE_000637,131,002062.SZ,2020-02-11,2020,WINNER,LOW,-1,1,0.0,0.0,-1,1.0,0.0,-2,0.6511811452280656,0.3662152991528379,0.43898219015710316,0.9699570815450643,1.2054380664652569,-0.012084592145015338,-0.4219178082191781
CASE_000320,171,603738.SH,2020-07-31,2020,NEUTRAL,HIGH,-2,-2,-1.0,0.0,0,-1.0,0.0,-1,0.10574717995875474,-0.048695086354781134,-0.020482710494574827,0.5338743824982357,0.12935779816513748,-0.14678899082568841,-0.21985815602836878
CASE_000512,76,002014.SZ,2019-05-15,2019,NEUTRAL,LOW,2,0,1.0,0.0,1,1.0,0.0,2,-0.019231312405548685,0.00260994651699753,0.024071084939505327,0.5323630792799694,0.13630406290956754,-0.1612057667103537,-0.22432113341204252
CASE_000648,220,000922.SZ,2021-05-13,2021,LOSER,MID,-2,-2,-2.0,1.0,0,0.0,0.0,-1,0.003284127570260101,-0.17020775248287345,-0.32195832806791136,0.10178031575411488,0.0784881255692027,-0.09849454119087198,-0.14948453608247458
CASE_000661,189,300800.SZ,2021-02-04,2021,LOSER,LOW,-2,-1,-2.0,1.0,1,1.0,0.0,-2,-0.11514143788391243,-0.34242158117198246,-0.34613896252184445,0.027685123415610406,0.23171641791044806,-0.06716417910447747,-0.18173345759552617
CASE_000104,222,600590.SH,2021-09-14,2021,NEUTRAL,HIGH,2,0,1.0,0.0,1,1.0,0.0,2,-0.014567997931654128,-0.06616596259360476,0.025716133261503404,0.48335427135678394,0.13043478260869512,-0.16149068322981364,-0.19477434679334882
CASE_000194,193,300523.SZ,2021-07-28,2021,LOSER,LOW,0,1,0.0,-1.0,0,1.0,0.0,-1,-0.1228396530802972,-0.1834661502301711,-0.21149098789163776,0.10164141414141414,0.11111111111111094,-0.24843505477308303,-0.2681584739545124
CASE_000334,76,002303.SZ,2019-05-15,2019,LOSER,LOW,1,0,1.0,-1.0,0,1.0,0.0,1,-0.052514657487398475,-0.13625199456748993,-0.178513148070503,0.07353504404442743,0.0849673202614376,-0.33173041079549737,-0.3286336317919787
CASE_000462,165,600658.SH,2020-01-13,2020,NEUTRAL,HIGH,1,1,0.0,-1.0,-2,1.0,0.0,0,0.0014376406681019388,-0.0359369779014523,-0.043510232879001104,0.4812566940378436,0.0479041916167664,-0.21357285429141737,-0.20696324951644118
CASE_000478,211,600212.SH,2021-08-12,2021,NEUTRAL,MID,0,-1,-1.0,1.0,-2,1.0,-1.0,1,0.11821272683084888,-0.05612320896410154,-0.02755780442872615,0.5039370078740157,0.08933002481389596,-0.24813895781637707,-0.28770301624129924
CASE_000525,121,000532.SZ,2020-09-25,2020,WINNER,LOW,1,-2,-1.0,0.0,1,1.0,0.0,1,0.1965114415855324,0.1950161112301547,0.17110373332646192,0.9308089500860586,0.1926765475152572,-0.015693112467306092,-0.15070527097253172
CASE_000279,32,300096.SZ,2018-01-26,2018,NEUTRAL,MID,-1,-2,-1.0,0.0,1,-1.0,0.0,-2,-0.006661217707074195,-0.008151877168081557,-0.13027845201256394,0.4979967948717949,0.23245984784446416,-0.16398985629754836,-0.23520923520923487
CASE_000494,70,300645.SZ,2019-04-30,2019,LOSER,LOW,-1,-2,-1.0,0.0,-1,0.0,0.0,0,-0.08929890171551902,-0.10290698726497963,-0.13081579014002126,0.1296153846153846,0.022367223065250297,-0.1823368740515926,-0.16965098634294318
CASE_000225,127,002007.SZ,2020-03-17,2020,NEUTRAL,LOW,2,1,2.0,-1.0,0,1.0,0.0,2,0.06100507237180591,-0.037214157777571366,-0.04730169899355019,0.45636363636363636,0.32321035998358316,-0.06900584795321629,-0.09077454366058257
CASE_000424,81,600597.SH,2019-09-30,2019,WINNER,MID,0,0,0.0,0.0,0,1.0,0.0,1,0.06553631149350841,0.1146460932524484,0.20553818643263488,0.8764409221902018,0.2000000000000004,-0.032535885167464085,-0.081395348837209
CASE_000595,73,300595.SZ,2019-07-29,2019,WINNER,LOW,2,1,1.0,0.0,1,2.0,0.0,2,0.08735893611029708,0.2361303147791416,0.29265494214567156,0.9516363636363636,0.4668500687757906,-0.0316368638239336,-0.09160597930241465
CASE_000801,182,603818.SH,2021-02-04,2021,WINNER,LOW,-2,-1,-2.0,0.0,1,1.0,0.0,-2,0.12313737718497277,0.23784745363041224,0.2763438152026013,0.9329553035356905,0.4139344262295077,-0.0327868852459019,-0.07559395248380119
CASE_000192,194,300469.SZ,2021-01-13,2021,WINNER,LOW,-2,-2,-2.0,1.0,-1,1.0,0.0,-2,0.1476149792226753,0.5092629348742219,0.28608591026763086,0.9494814319170292,0.5754504504504518,0.0011261261261261701,-0.1646153846153845
CASE_000791,62,002527.SZ,2019-04-30,2019,LOSER,LOW,1,-1,-1.0,0.0,-1,0.0,-1.0,1,-0.10961717914066145,-0.1617179806416271,-0.18321285984723945,0.052307692307692305,-0.0015503875968992942,-0.23565891472868294,-0.23410852713178365
CASE_000108,222,300177.SZ,2021-09-14,2021,LOSER,HIGH,2,1,1.0,0.0,1,1.0,0.0,0,-0.12190191058178973,-0.2779772281489411,-0.16519759623619218,0.07035175879396985,0.02383134738771786,-0.32630614115490353,-0.33062330623306213
CASE_000370,203,002191.SZ,2021-08-03,2021,NEUTRAL,MID,0,-2,-2.0,-1.0,-1,-1.0,0.0,-1,-0.03987729360764489,-0.007638833173584256,0.1564571480330226,0.528146742567995,0.22803553800592402,-0.0829220138203357,-0.12468827930174597
CASE_000057,180,600703.SH,2020-01-17,2020,WINNER,HIGH,2,1,2.0,0.0,1,1.0,0.0,2,0.3090785433737041,0.15743676542648366,0.11157430168436028,0.8731290092658589,0.5033269961977189,-0.0941064638783271,-0.3920634920634921
CASE_000589,223,300700.SZ,2021-04-16,2021,NEUTRAL,HIGH,-2,-1,-2.0,1.0,1,1.0,0.0,-2,-0.04888648852297627,0.017867600120229025,-0.04286120354450183,0.4902027027027027,0.1765408805031452,-0.09433962264150941,-0.1240364400840922
CASE_000439,150,300068.SZ,2020-11-23,2020,LOSER,MID,2,1,2.0,0.0,1,1.0,0.0,2,-0.19396913721826864,-0.19227002855365927,-0.251619314933034,0.045793758480325644,0.03407682775712528,-0.31846344485749645,-0.3048327137546465
CASE_000150,169,002431.SZ,2020-07-01,2020,WINNER,HIGH,1,2,1.0,0.0,0,1.0,0.0,-1,0.23417480535942203,0.1016359602127079,0.20469173038715407,0.8683171869393613,0.4542372881355936,-0.013559322033898202,-0.19385342789598126
CASE_000619,96,002270.SZ,2019-08-23,2019,NEUTRAL,MID,0,0,1.0,0.0,-1,0.0,0.0,0,-0.01718360355610367,-0.018295268408071136,-0.10789870750991643,0.46217879116901917,0.12662942271880784,-0.11918063314711436,-0.20991735537190126
CASE_000268,8,002706.SZ,2018-06-21,2018,NEUTRAL,LOW,-2,-2,-2.0,0.0,0,1.0,0.0,-2,-0.025594502011749426,0.11150334371466339,-0.006547188359081959,0.4715316760224539,0.15273311897106145,-0.03054662379421169,-0.12787356321839072
CASE_000616,120,002517.SZ,2019-12-13,2019,LOSER,HIGH,-1,1,0.0,0.0,0,0.0,0.0,-1,-0.20572809744055823,-0.20511178622502135,-0.0796452508191332,0.10085836909871244,0.4130434782608692,-0.1521739130434786,-0.24600638977635825
CASE_000044,14,002234.SZ,2018-06-05,2018,WINNER,LOW,1,2,1.0,0.0,0,1.0,0.0,0,-0.0026550417214919325,0.13900318341019136,0.14648777813278888,0.9089430894308943,0.15613099771515593,-0.2254379284082254,-0.2631220177232446
CASE_000526,234,002655.SZ,2021-09-03,2021,WINNER,HIGH,2,1,1.0,0.0,-1,1.0,0.0,2,0.0388546831006605,0.20972123379206858,0.33856488419872777,0.9273127753303965,0.6873786407766991,-0.059223300970873805,-0.17493692178301112
CASE_000793,183,002791.SZ,2021-01-05,2021,NEUTRAL,LOW,1,1,1.0,0.0,0,1.0,0.0,2,0.1699685833702936,-0.16842225341119837,-0.031516395186398594,0.45865416806160025,0.37201865423051306,-0.08061292471685544,-0.30344621811129346
CASE_000103,139,603266.SH,2020-12-25,2020,NEUTRAL,LOW,-1,-2,-2.0,-2.0,-1,1.0,0.0,-1,-0.0419564046877703,-0.019799894140652183,-0.016855045642704555,0.49109243697478994,0.11010830324909748,-0.1714801444043319,-0.22821576763485463
CASE_000106,132,300496.SZ,2020-04-02,2020,WINNER,LOW,1,-1,-1.0,0.0,1,1.0,0.0,1,0.10912784826092639,0.04550198280455786,0.31261159595414256,0.8690388848129127,0.41371027715080233,-0.09539637134071377,-0.1230769230769232
CASE_000153,184,600171.SH,2021-01-29,2021,WINNER,LOW,-2,-1,-1.0,1.0,1,1.0,0.0,-2,0.07686566977732773,0.12007977914234813,0.17713173324752626,0.8670886075949367,0.3127690100430418,-0.03443328550932556,-0.08798424162836493
CASE_000296,52,603166.SH,2018-05-21,2018,NEUTRAL,HIGH,0,1,0.0,-1.0,-1,1.0,0.0,-1,0.09318811106178243,-0.030791896940686042,0.0017836392403046963,0.5348837209302325,0.08729139922978169,-0.23491655969191272,-0.2382133995037221
CASE_000438,136,603848.SH,2020-04-10,2020,NEUTRAL,LOW,-1,-1,-1.0,0.0,0,1.0,0.0,-2,-0.009907527435241814,-0.031008917272511816,-0.09334187562262458,0.47676991150442477,0.22032520325203264,-0.07235772357723602,-0.08018867924528317
CASE_000024,106,600130.SH,2019-03-19,2019,NEUTRAL,HIGH,2,1,2.0,0.0,1,1.0,0.0,0,-0.04571609016075277,0.0215522654607882,-0.014842530407880333,0.5024686669198632,0.09090909090909038,-0.25108225108225135,-0.2747933884297521
CASE_000736,92,002544.SZ,2019-11-07,2019,NEUTRAL,MID,1,1,1.0,0.0,0,1.0,0.0,1,-0.04824969625362629,-0.012584286073648802,-0.03389677030402623,0.5227843559382849,0.10160818713450293,-0.17105263157894768,-0.19412941961307573
CASE_000289,203,002701.SZ,2021-08-03,2021,WINNER,MID,0,0,0.0,0.0,-1,1.0,0.0,0,0.012886837107995971,0.13132338039362468,0.38346548622809484,0.8652751423149905,0.43992606284658,0.003696857670979492,-0.1341807909604522
CASE_000775,207,600636.SH,2021-02-22,2021,NEUTRAL,MID,-2,0,-1.0,0.0,1,1.0,0.0,-2,-0.01424000380891148,-0.015856780157055564,-0.03329305601751284,0.47129909365558914,0.014888337468982549,-0.19933829611249,-0.19602977667493815
