observation_timing,feature,bucket,split,discovery_low_threshold,discovery_high_threshold,completed_trades,win_rate,mean_return,median_return,average_winner,average_loser,payoff_ratio,profit_factor,worst_trade,return_p01,return_p05,large_loss_probability,large_winner_probability,average_holding_period,median_holding_period,mean_mfe,mean_mae,mean_mfe_capture_ratio,mean_profit_giveback
candidate,peak_track_age,LOW,total,26.0,60.99999999999997,261,0.3716475095785441,0.009739309467999845,-0.019945148901644116,0.09634206174597233,-0.04148305011104485,2.322444022030128,1.3736406715665999,-0.13415768813160078,-0.10550316347497998,-0.07360835769429053,0.0421455938697318,0.12643678160919541,11.486590038314176,10.0,0.10453152430887742,-0.04013845628434673,-1.7275570971169145,0.0921221501780932
candidate,peak_track_age,MID,total,26.0,60.99999999999997,246,0.3617886178861789,0.005094768486105821,-0.02149653229869386,0.08911332741639466,-0.042533586576287225,2.095128452348196,1.1876842819043916,-0.19148707197488335,-0.09751775198331139,-0.08418526196652079,0.06097560975609756,0.1016260162601626,11.044715447154472,10.0,0.08601870287290937,-0.03637436800347157,-2.656086921740353,0.07826615133436587
candidate,peak_track_age,HIGH,total,26.0,60.99999999999997,348,0.35344827586206895,0.009655495998851592,-0.018834061103486954,0.09477590088538754,-0.036876992005788055,2.5700550866652008,1.4049634473769765,-0.10440903727174633,-0.0870738907890146,-0.06801083787071384,0.020114942528735632,0.11206896551724138,11.333333333333334,10.0,0.08045832289909198,-0.033102447319264046,-2.1628247624590444,0.06813298386632612
candidate,peak_track_age,MISSING,total,26.0,60.99999999999997,1650,0.33151515151515154,-0.0011476317032343036,-0.025743054271128163,0.09193464313269575,-0.047309013693491546,1.9432796407113324,0.9637116622566625,-0.37131225131438994,-0.13473092071013826,-0.09407677044278363,0.08484848484848485,0.1103030303030303,11.058787878787879,10.0,0.08710589234605196,-0.04231453456349883,-2.44239892183817,0.08561224784371513
candidate,peak_track_age,LOW,discovery,26.0,60.99999999999997,76,0.34210526315789475,-0.0015982605633120758,-0.018070644328753882,0.06465336808597148,-0.036049107460939527,1.7934804115753955,0.9326098140192056,-0.10266781054077834,-0.09373067636511223,-0.06526832965004392,0.02631578947368421,0.07894736842105263,11.81578947368421,12.0,0.0873127702160371,-0.034982341196735545,-0.9730436421659063,0.08627094617658486
candidate,peak_track_age,MID,discovery,26.0,60.99999999999997,64,0.4375,0.01231611009169971,-0.005759898165448141,0.0756022097530107,-0.03690641186709773,2.0484844212235784,1.5932656609516722,-0.19148707197488335,-0.12926748866526966,-0.06732651567039241,0.046875,0.109375,11.234375,10.5,0.08994856358219971,-0.02641759037091128,-0.6763056881561539,0.07495557496573774
candidate,peak_track_age,HIGH,discovery,26.0,60.99999999999997,71,0.352112676056338,0.008129432618443615,-0.01388578804861551,0.07178228737523637,-0.026464510184161148,2.712398108852876,1.4741294069852584,-0.08692150566917811,-0.08555321315046008,-0.048028337314345027,0.028169014084507043,0.08450704225352113,13.366197183098592,13.0,0.07640461118123948,-0.025018818365475322,-0.6946471847771846,0.06560937091491338
candidate,peak_track_age,MISSING,discovery,26.0,60.99999999999997,362,0.39226519337016574,0.006226623317670215,-0.014362177690821654,0.0778430524314443,-0.039998526383038524,1.9461480077039501,1.2561500776998225,-0.37131225131438994,-0.14727008202381314,-0.0756870359299229,0.04419889502762431,0.1132596685082873,12.312154696132596,11.5,0.09417485127839072,-0.03289900703645742,-1.1776453906447175,0.08528745193221382
candidate,peak_track_age,LOW,validation,26.0,60.99999999999997,107,0.45794392523364486,0.03787841162806068,-0.01090277339573642,0.12978779395506132,-0.039769169993026064,3.2635278528020812,2.7571183584017582,-0.13415768813160078,-0.08507777049565732,-0.07080601321711018,0.028037383177570093,0.205607476635514,12.495327102803738,12.0,0.150365091600987,-0.04104164644076088,-1.2579961278369878,0.10974220677556717
candidate,peak_track_age,MID,validation,26.0,60.99999999999997,83,0.4578313253012048,0.017583879614791808,-0.01123529095342679,0.09292738856310982,-0.04603952794156561,2.0184261811080106,1.7044487751578759,-0.09536266391085502,-0.09324123258132394,-0.08080246588575321,0.060240963855421686,0.14457831325301204,11.939759036144578,11.0,0.10541488497275497,-0.038541135453888375,-2.4005675946141585,0.08514019721282919
candidate,peak_track_age,HIGH,validation,26.0,60.99999999999997,134,0.4701492537313433,0.03304197591210955,-0.006469820811230265,0.11248281806792462,-0.037447785437416496,3.0037241656361284,2.6652763723250152,-0.10031718540361112,-0.08126534846270984,-0.06972680618375539,0.014925373134328358,0.16417910447761194,12.149253731343284,11.0,0.11069111753698259,-0.03175036446811821,-1.6042858421927333,0.07491745746719763
candidate,peak_track_age,MISSING,validation,26.0,60.99999999999997,693,0.3838383838383838,0.006413506578392958,-0.02302368070306593,0.09924024088575321,-0.05141298364586425,1.9302564031164968,1.2024548084988014,-0.18830621477878562,-0.13667212344525434,-0.1001318675603056,0.11544011544011544,0.13852813852813853,11.670995670995671,11.0,0.1049564435406776,-0.04471214389530963,-1.8713303926347278,0.09588166675633451
candidate,peak_track_age,LOW,holdout,26.0,60.99999999999997,78,0.28205128205128205,-0.017814903464651474,-0.03086709458042447,0.059299568878456936,-0.048109874742301204,1.232586224680337,0.48423030255298954,-0.125007020307063,-0.11052668724385721,-0.08700874589307045,0.07692307692307693,0.0641025641025641,9.782051282051283,9.0,0.05843451931913567,-0.04392337166796385,-3.1369845355372945,0.07365222002661785
candidate,peak_track_age,MID,holdout,26.0,60.99999999999997,99,0.23232323232323232,-0.010044242488024949,-0.02971015626243112,0.09926015224246316,-0.04312320405119899,2.3017805477676085,0.69659148156125,-0.10086244771548769,-0.09931263469786994,-0.08668042462626502,0.0707070707070707,0.06060606060606061,10.171717171717171,9.0,0.06721674125996221,-0.04099448992366613,-4.236774782751508,0.0746432329472926
candidate,peak_track_age,HIGH,holdout,26.0,60.99999999999997,143,0.24475524475524477,-0.01150141175197078,-0.03286044796287757,0.07932745960692876,-0.04093669413679933,1.9378081518218815,0.627993382534869,-0.10440903727174633,-0.09402218316366588,-0.06803591365489399,0.02097902097902098,0.07692307692307693,9.55944055944056,8.0,0.054140973601820575,-0.0383829840869042,-3.491479990279883,0.06302848776166543
candidate,peak_track_age,MISSING,holdout,26.0,60.99999999999997,595,0.23361344537815126,-0.014440655479259728,-0.034871491470559346,0.09234987246553328,-0.0469930313220804,1.9651822805936179,0.5990358267598968,-0.1549731678107572,-0.12085853864792491,-0.09091410948219764,0.07394957983193277,0.07563025210084033,9.583193277310924,8.0,0.062014471990787745,-0.0452504634674385,-3.9191000622155374,0.07384900215214914
candidate,valid_base_rate_20,LOW,total,0.0,0.4,878,0.3439635535307517,0.0008171686049905725,-0.02471260476521192,0.09195153812792663,-0.04696508763793771,1.9578700424621271,1.0265221403186846,-0.21903086744147537,-0.1326308031244629,-0.09319789640049657,0.08428246013667426,0.11389521640091116,10.97380410022779,10.0,0.0850554453242086,-0.04074430891021389,-2.7042052213006107,0.08159180497077435
candidate,valid_base_rate_20,MID,total,0.0,0.4,717,0.33472803347280333,0.00015108860913304401,-0.025190764015346923,0.09456340952865919,-0.047351965941571934,1.9970323860542967,1.0047961690839229,-0.37131225131438994,-0.13370514498779043,-0.09438333174885039,0.08368200836820083,0.11715481171548117,11.213389121338912,10.0,0.0951384863959598,-0.04372085807277871,-1.9365827746455395,0.09234268736097681
candidate,valid_base_rate_20,HIGH,total,0.0,0.4,910,0.34505494505494505,0.00487471269017981,-0.023116209951526856,0.09158397748533004,-0.04080768520525169,2.2442825910042985,1.1823904925760902,-0.1844147255477271,-0.1008133741074188,-0.07524559736385276,0.04285714285714286,0.1043956043956044,11.242857142857142,10.0,0.0849171118139166,-0.03696868885120366,-2.329995046802948,0.07738519796723903
candidate,valid_base_rate_20,MISSING,total,0.0,0.4,0,,,,,,,,,,,,,,,,,,
candidate,valid_base_rate_20,LOW,discovery,0.0,0.4,209,0.3875598086124402,0.006837150638424689,-0.014292660235954435,0.0784681864264434,-0.038491864196180905,2.038565501180088,1.2900297312155242,-0.21903086744147537,-0.14781782253848233,-0.07360212962133768,0.0430622009569378,0.10047846889952153,12.004784688995215,11.0,0.09091141940305648,-0.03230584333161301,-1.2970954427775814,0.08141187831207575
candidate,valid_base_rate_20,MID,discovery,0.0,0.4,169,0.40828402366863903,0.010241539574845143,-0.013573331073979289,0.08633894838533986,-0.0422656725043962,2.042767647346897,1.4095096766693587,-0.37131225131438994,-0.1610159399496463,-0.08203301765954722,0.05325443786982249,0.14792899408284024,12.390532544378699,12.0,0.10397832169581189,-0.0322283499610876,-0.8245726948590923,0.09106538940563626
candidate,valid_base_rate_20,HIGH,discovery,0.0,0.4,195,0.3641025641025641,0.0017343893763260973,-0.014741252775288594,0.061025486392044984,-0.03221454520525488,1.8943457374059227,1.0846657044824233,-0.0927258286262902,-0.08715279710888695,-0.06277964129649238,0.02564102564102564,0.07179487179487179,12.41025641025641,13.0,0.07864450841278985,-0.029931528031310942,-0.9343567569120781,0.0742612218711362
candidate,valid_base_rate_20,MISSING,discovery,0.0,0.4,0,,,,,,,,,,,,,,,,,,
candidate,valid_base_rate_20,LOW,validation,0.0,0.4,315,0.4380952380952381,0.012666388794054986,-0.014380883877223138,0.09584003057168114,-0.05218085733765353,1.8366894578124018,1.4319951704978047,-0.1494453925023993,-0.12989317530356817,-0.10649108339535042,0.12380952380952381,0.15555555555555556,11.863492063492064,11.0,0.10571296892372836,-0.04138654429387609,-1.973345873241829,0.09036877535912023
candidate,valid_base_rate_20,MID,validation,0.0,0.4,335,0.3522388059701492,0.00616655460801268,-0.025565214272942338,0.11038012238326396,-0.050502574412630875,2.185633577437143,1.1885012080072945,-0.18830621477878562,-0.13036702973437692,-0.0978468384092596,0.10149253731343283,0.14029850746268657,11.650746268656716,11.0,0.11159978480243231,-0.04886746591022011,-1.751477569063499,0.1027726130062567
candidate,valid_base_rate_20,HIGH,validation,0.0,0.4,367,0.4359673024523161,0.022694628390920003,-0.014371015350402971,0.10702741014355399,-0.04249013045169566,2.518876948735817,1.9469580280083612,-0.1844147255477271,-0.10500581812882195,-0.07817348921109842,0.04632152588555858,0.15258855585831063,12.0,11.0,0.11367959743297071,-0.03657512925753912,-1.7353425607247375,0.08828064648821783
candidate,valid_base_rate_20,MISSING,validation,0.0,0.4,0,,,,,,,,,,,,,,,,,,
candidate,valid_base_rate_20,LOW,holdout,0.0,0.4,354,0.2344632768361582,-0.013280799204452983,-0.035952310155255685,0.09864478548433658,-0.04756059082500477,2.074086628723597,0.6352368641478174,-0.1549731678107572,-0.12242682857846801,-0.08927594324118808,0.07344632768361582,0.0847457627118644,9.573446327683616,8.0,0.06321640996735002,-0.04515486020985791,-4.2169819895934335,0.07388801683331407
candidate,valid_base_rate_20,MID,holdout,0.0,0.4,213,0.24882629107981222,-0.017315894127158143,-0.0338699882050878,0.07005615862386054,-0.04625788660093308,1.5144695050216026,0.5016680235384058,-0.125007020307063,-0.11761332120688028,-0.09560531122489813,0.07981220657276995,0.056338028169014086,9.591549295774648,8.0,0.0622348848380101,-0.04474489678326193,-3.1537356218658363,0.07695225667216833
candidate,valid_base_rate_20,HIGH,holdout,0.0,0.4,348,0.23850574712643677,-0.012158465516631047,-0.03208017810369712,0.08795390088662403,-0.04351441423915999,2.0212589879578693,0.6330735698132195,-0.13254591912216596,-0.10474221641082467,-0.07786278042836525,0.04885057471264368,0.07183908045977011,9.790229885057471,9.0,0.05809908147203974,-0.0413269725602668,-3.81712811263464,0.06764538685097705
candidate,valid_base_rate_20,MISSING,holdout,0.0,0.4,0,,,,,,,,,,,,,,,,,,
candidate,days_since_rebinding,LOW,total,25.0,62.3333333333332,215,0.3767441860465116,0.011661832246732853,-0.019276360780805524,0.0940749561162933,-0.03815505606247904,2.4655960657545677,1.490397621836716,-0.10620139295225028,-0.08854231515848938,-0.06914454977618756,0.027906976744186046,0.12558139534883722,11.423255813953489,10.0,0.09944592999916214,-0.037015546884676113,-1.5739007564345555,0.08510894934170452
candidate,days_since_rebinding,MID,total,25.0,62.3333333333332,210,0.3523809523809524,0.005816605036229421,-0.020973439992904575,0.09019820050770526,-0.04009691014677949,2.2495050161601995,1.2239953764401084,-0.19148707197488335,-0.09404820833702265,-0.07913380011887117,0.047619047619047616,0.08571428571428572,11.047619047619047,10.0,0.08013948486660262,-0.03359592405203367,-2.6409951542604584,0.07166318801767757
candidate,days_since_rebinding,HIGH,total,25.0,62.3333333333332,292,0.3561643835616438,0.011677487115890247,-0.016405465893584992,0.09649270641269851,-0.0352415703674505,2.7380365121816546,1.5146584961004896,-0.10440903727174633,-0.08694738238764091,-0.06561235155200355,0.017123287671232876,0.11643835616438356,11.45890410958904,10.0,0.08163559754219438,-0.032229780323111044,-2.198802705583332,0.06728292061923818
candidate,days_since_rebinding,MISSING,total,25.0,62.3333333333332,1788,0.3338926174496644,-0.0010496723224283839,-0.025990241055609986,0.09194635172863501,-0.04766480780394378,1.9290196680710705,0.9669393298391512,-0.37131225131438994,-0.13421312796834553,-0.09372285481950121,0.08501118568232663,0.11185682326621924,11.064876957494407,10.0,0.08843388492007566,-0.04269478905506969,-2.4340665130382875,0.08684202200187444
candidate,days_since_rebinding,LOW,discovery,25.0,62.3333333333332,65,0.35384615384615387,0.001826803441216459,-0.01668469841296083,0.06613971778458273,-0.03339217346110317,1.9806952027733535,1.0846664205663603,-0.10266781054077834,-0.08308329371946507,-0.05591258472216267,0.015384615384615385,0.07692307692307693,11.784615384615385,12.0,0.08200761584986246,-0.032092202447541934,-0.8875573190028917,0.07753167087179927
candidate,days_since_rebinding,MID,discovery,25.0,62.3333333333332,59,0.423728813559322,0.014415508655712372,-0.00581365117521504,0.08012704938219888,-0.033901800701998296,2.3635042305430076,1.7378707577522112,-0.19148707197488335,-0.13307486076809305,-0.05732235995046272,0.03389830508474576,0.11864406779661017,11.067796610169491,10.0,0.0883081665416428,-0.024082263762571353,-0.6438429926105552,0.07121022789866062
candidate,days_since_rebinding,HIGH,discovery,25.0,62.3333333333332,62,0.3225806451612903,0.0029180217512813347,-0.014043375044518858,0.06302857298732828,-0.025706050265883875,2.451896434318324,1.1675697306277735,-0.08692150566917811,-0.08572913647429525,-0.04755853515170451,0.03225806451612903,0.08064516129032258,13.209677419354838,13.0,0.06854987550387955,-0.0259763241207677,-0.7824871692580619,0.06297982669527924
candidate,days_since_rebinding,MISSING,discovery,25.0,62.3333333333332,387,0.3953488372093023,0.006066708054309136,-0.014741252775288594,0.07752391418051385,-0.040655311335901646,1.9068582094968365,1.2467919062094701,-0.37131225131438994,-0.1468896343819303,-0.0769350057236821,0.046511627906976744,0.1111111111111111,12.364341085271318,12.0,0.09591145484466802,-0.03337928048906207,-1.1591148014504948,0.0871843936275263
candidate,days_since_rebinding,LOW,validation,25.0,62.3333333333332,87,0.45977011494252873,0.03835412443345774,-0.011685288545456363,0.1263032338428705,-0.03649618144689355,3.460724624757176,2.945297552984831,-0.08538795092559237,-0.07583415024181354,-0.06576842967465579,0.011494252873563218,0.20689655172413793,12.482758620689655,12.0,0.1444168171295844,-0.038208809071564494,-0.9029280502335627,0.10331696156621066
candidate,days_since_rebinding,MID,validation,25.0,62.3333333333332,69,0.43478260869565216,0.01430848759263387,-0.017017914893897368,0.0899504315488855,-0.04387762314294431,2.0500297214333014,1.5769459395640781,-0.0927755525333781,-0.08748654287417021,-0.08036865355790228,0.057971014492753624,0.10144927536231885,12.057971014492754,11.0,0.09327918614343572,-0.0349889020105231,-2.7709419526661216,0.07628855156049577
candidate,days_since_rebinding,HIGH,validation,25.0,62.3333333333332,111,0.5045045045045045,0.03995631654084955,0.0005696169387270356,0.11367710335403444,-0.035104848214393226,3.238216632066965,3.297093298104546,-0.10031718540361112,-0.07313463196236966,-0.06431972355971566,0.009009009009009009,0.17117117117117117,12.567567567567568,12.0,0.11873688173100025,-0.029049992552678035,-1.5802149097488178,0.0760305973661803
candidate,days_since_rebinding,MISSING,validation,25.0,62.3333333333332,750,0.38666666666666666,0.007500521703523134,-0.022959973378874288,0.10089173860371888,-0.051376549820513304,1.9637702211648993,1.2380290524735234,-0.18830621477878562,-0.13551142301580651,-0.09938101155791423,0.112,0.144,11.641333333333334,11.0,0.10696747276183677,-0.04515664689161612,-1.868433130740295,0.096802806446419
candidate,days_since_rebinding,LOW,holdout,25.0,62.3333333333332,63,0.2857142857142857,-0.015051700259402062,-0.030277872657928584,0.058151587925529644,-0.04433301553337474,1.311699356019489,0.5246797424077956,-0.10620139295225028,-0.09544024896270777,-0.0839093090664404,0.06349206349206349,0.06349206349206349,9.587301587301587,9.0,0.05533518776674543,-0.04044734971252423,-3.251211841128712,0.06778237850062202
candidate,days_since_rebinding,MID,holdout,25.0,62.3333333333332,82,0.23170731707317074,-0.007516019475251074,-0.029458290279592403,0.10384092929203434,-0.04109986116697208,2.5265518262986513,0.761975947613879,-0.10086244771548769,-0.09541604901970553,-0.07844328294154285,0.04878048780487805,0.04878048780487805,10.182926829268293,9.0,0.0632054408796654,-0.03926897866108863,-4.0505792316619695,0.06809702414655007
candidate,days_since_rebinding,HIGH,holdout,25.0,62.3333333333332,119,0.23529411764705882,-0.010136489468687325,-0.032188823273962774,0.08602686497671974,-0.03972521391342796,2.165548187209153,0.6663225191412778,-0.10440903727174633,-0.085265373485311,-0.06689344424496173,0.01680672268907563,0.08403361344537816,9.512605042016807,8.0,0.053846288478480636,-0.03845390407994593,-3.5971783188724538,0.0613652710761699
candidate,days_since_rebinding,MISSING,holdout,25.0,62.3333333333332,651,0.23655913978494625,-0.015130601239880087,-0.03588275906299365,0.08942992803440258,-0.04752963847979866,1.8815612930111523,0.5830189922006387,-0.1549731678107572,-0.12132419164498714,-0.09112474708452373,0.07680491551459294,0.07526881720430108,9.62826420890937,8.0,0.0626366338568835,-0.04539633811441702,-3.8859278957792314,0.0751629342099609
candidate,peak_track_mass,LOW,total,0.16297930220686171,0.3628800519417142,290,0.32068965517241377,-0.002872290420984914,-0.025403019042116837,0.07893481359843135,-0.04149188774994793,1.902415577573484,0.8980946635245382,-0.19148707197488335,-0.10827001196127968,-0.07913380011887117,0.04482758620689655,0.09310344827586207,11.455172413793104,10.0,0.07632265548343584,-0.039577141868435535,-2.8133226872516373,0.07655823023269677
candidate,peak_track_mass,MID,total,0.16297930220686171,0.3628800519417142,305,0.419672131147541,0.022028190758569193,-0.014371015350402971,0.1092509316593726,-0.04104814164427169,2.661531735252592,1.9247235147589363,-0.10503767715679979,-0.09881212216435366,-0.07895012711042075,0.05245901639344262,0.15081967213114755,11.21311475409836,10.0,0.10831226569036084,-0.03470735936451801,-1.3340926224066005,0.08358151464625453
candidate,peak_track_mass,HIGH,total,0.16297930220686171,0.3628800519417142,260,0.3384615384615385,0.004883659488662953,-0.023116209951526856,0.08646187524167384,-0.036854032291947274,2.346062828532498,1.2003112145980224,-0.09413849870834923,-0.08500840243413912,-0.06686411513707899,0.015384615384615385,0.09230769230769231,11.21923076923077,10.0,0.08182313074800106,-0.0341567982236465,-2.442278853425367,0.07428224644472357
candidate,peak_track_mass,MISSING,total,0.16297930220686171,0.3628800519417142,1650,0.33151515151515154,-0.0011476317032343036,-0.025743054271128163,0.09193464313269575,-0.047309013693491546,1.9432796407113324,0.9637116622566625,-0.37131225131438994,-0.13473092071013826,-0.09407677044278363,0.08484848484848485,0.1103030303030303,11.058787878787879,10.0,0.08710589234605196,-0.04231453456349883,-2.44239892183817,0.08561224784371513
candidate,peak_track_mass,LOW,discovery,0.16297930220686171,0.3628800519417142,71,0.323943661971831,-0.004851686527163665,-0.016525763949195582,0.06088687741770743,-0.03635141508408107,1.674952055563055,0.8025811932906306,-0.19148707197488335,-0.12235420163086813,-0.07851690253924293,0.056338028169014086,0.08450704225352113,12.366197183098592,13.0,0.08431211432600368,-0.030342570860610086,-0.6834150052977469,0.0865323193201435
candidate,peak_track_mass,MID,discovery,0.16297930220686171,0.3628800519417142,69,0.42028985507246375,0.018091210793366144,-0.012536718232569077,0.09000666179689919,-0.03404749118419531,2.6435622322351864,1.9165826183705101,-0.10266781054077834,-0.0945648088881744,-0.06100018835408089,0.028985507246376812,0.13043478260869565,11.855072463768115,11.0,0.08967387154763448,-0.02911104591282841,-1.1130315385040908,0.06889051106776863
candidate,peak_track_mass,HIGH,discovery,0.16297930220686171,0.3628800519417142,71,0.38028169014084506,0.004790551516238263,-0.006510590022060225,0.05858575018456001,-0.02822013857568645,2.076026311048507,1.2739252363252203,-0.09077636299765868,-0.06720562105874392,-0.05367951409635047,0.014084507042253521,0.056338028169014086,12.253521126760564,13.0,0.07948660205090932,-0.027644156613387243,-0.5792235937889278,0.07203907192648293
candidate,peak_track_mass,MISSING,discovery,0.16297930220686171,0.3628800519417142,362,0.39226519337016574,0.006226623317670215,-0.014362177690821654,0.0778430524314443,-0.039998526383038524,1.9461480077039501,1.2561500776998225,-0.37131225131438994,-0.14727008202381314,-0.0756870359299229,0.04419889502762431,0.1132596685082873,12.312154696132596,11.5,0.09417485127839072,-0.03289900703645742,-1.1776453906447175,0.08528745193221382
candidate,peak_track_mass,LOW,validation,0.16297930220686171,0.3628800519417142,107,0.4392523364485981,0.017458790339702275,-0.012227362567854838,0.09373129986908246,-0.04228800879164556,2.216498306432439,1.7362570067054104,-0.13415768813160078,-0.09908012630791391,-0.07501950021094732,0.018691588785046728,0.14953271028037382,12.317757009345794,11.0,0.09753701989592999,-0.04179251271553494,-2.939522238203286,0.07738775218602738
candidate,peak_track_mass,MID,validation,0.16297930220686171,0.3628800519417142,140,0.4928571428571429,0.043283583099116986,-0.003294715047837682,0.12736200453122648,-0.0384264320954683,3.3144374220016775,3.2210729875790944,-0.09536266391085502,-0.08989438790634166,-0.07281525392638014,0.05,0.2,11.95,11.5,0.1424411330300687,-0.03303697583414191,-0.6750456792553069,0.09639878377975207
candidate,peak_track_mass,HIGH,validation,0.16297930220686171,0.3628800519417142,77,0.44155844155844154,0.026133566548420407,-0.01822112857169078,0.11129149414629186,-0.041200608761524454,2.701209945475912,2.1358404220042093,-0.08499759715219002,-0.07685137239245034,-0.0720621599324558,0.012987012987012988,0.15584415584415584,12.532467532467532,12.0,0.12068688637565991,-0.03568758147038809,-1.8029284150693436,0.09183990365175025
candidate,peak_track_mass,MISSING,validation,0.16297930220686171,0.3628800519417142,693,0.3838383838383838,0.006413506578392958,-0.02302368070306593,0.09924024088575321,-0.05141298364586425,1.9302564031164968,1.2024548084988014,-0.18830621477878562,-0.13667212344525434,-0.1001318675603056,0.11544011544011544,0.13852813852813853,11.670995670995671,11.0,0.1049564435406776,-0.04471214389530963,-1.8713303926347278,0.09588166675633451
candidate,peak_track_mass,LOW,holdout,0.16297930220686171,0.3628800519417142,112,0.20535714285714285,-0.021040937901831685,-0.03502127452056997,0.0667464517478247,-0.04372756668769794,1.526415869982602,0.39446702257977356,-0.125007020307063,-0.10561410897620639,-0.08685433616095113,0.0625,0.044642857142857144,10.053571428571429,9.0,0.050990614680228794,-0.04331472991232811,-4.119501388086725,0.06944288046291913
candidate,peak_track_mass,MID,holdout,0.16297930220686171,0.3628800519417142,96,0.3125,-0.006139552054739973,-0.029678828295737425,0.08619825825449964,-0.04811128401348525,1.7916432708455439,0.8143833049297927,-0.10503767715679979,-0.10444046926599901,-0.08722474156425622,0.07291666666666667,0.09375,9.677083333333334,8.0,0.07193734661003813,-0.04116568563971839,-2.4812952963305177,0.07544882264860736
candidate,peak_track_mass,HIGH,holdout,0.16297930220686171,0.3628800519417142,112,0.24107142857142858,-0.009666627810972498,-0.02949555165330764,0.08307107278926872,-0.03912448564869618,2.123250220723018,0.6744441877590762,-0.09413849870834923,-0.08385938739594426,-0.06805250028334976,0.017857142857142856,0.07142857142857142,9.660714285714286,9.0,0.0565854910530348,-0.03723293433372959,-4.157328382764334,0.06363336953270596
candidate,peak_track_mass,MISSING,holdout,0.16297930220686171,0.3628800519417142,595,0.23361344537815126,-0.014440655479259728,-0.034871491470559346,0.09234987246553328,-0.0469930313220804,1.9651822805936179,0.5990358267598968,-0.1549731678107572,-0.12085853864792491,-0.09091410948219764,0.07394957983193277,0.07563025210084033,9.583193277310924,8.0,0.062014471990787745,-0.0452504634674385,-3.9191000622155374,0.07384900215214914
candidate,peak_track_prominence,LOW,total,0.00876661839924776,0.015791478223128534,301,0.32558139534883723,0.008300619017812132,-0.025386305266311915,0.10880672088094635,-0.040219568088528515,2.7053179845553927,1.3060155787508794,-0.125007020307063,-0.10031718540361112,-0.07581340191289576,0.036544850498338874,0.12292358803986711,11.26578073089701,10.0,0.08810009858262963,-0.03823001314432071,-2.40342129873015,0.07713321924687315
candidate,peak_track_prominence,MID,total,0.00876661839924776,0.015791478223128534,285,0.3894736842105263,0.010708304045154488,-0.01714922756148074,0.09312895015936197,-0.041870383993219254,2.2242201116293523,1.4188990367290695,-0.13415768813160078,-0.10294640681773322,-0.07990352742559277,0.05263157894736842,0.12982456140350876,11.350877192982455,10.0,0.09678408678923553,-0.03762965828187703,-1.9096069858726643,0.08340315575837368
candidate,peak_track_prominence,HIGH,total,0.00876661839924776,0.015791478223128534,269,0.37174721189591076,0.005966663379553402,-0.01822112857169078,0.07933329824299187,-0.03744554659881255,2.118631064274747,1.2536278486832821,-0.19148707197488335,-0.08906995120935018,-0.06816218892544741,0.026022304832713755,0.08550185873605948,11.275092936802974,10.0,0.08305290227484419,-0.032387348399244995,-2.181167236507542,0.07442615028168217
candidate,peak_track_prominence,MISSING,total,0.00876661839924776,0.015791478223128534,1650,0.33151515151515154,-0.0011476317032343036,-0.025743054271128163,0.09193464313269575,-0.047309013693491546,1.9432796407113324,0.9637116622566625,-0.37131225131438994,-0.13473092071013826,-0.09407677044278363,0.08484848484848485,0.1103030303030303,11.058787878787879,10.0,0.08710589234605196,-0.04231453456349883,-2.44239892183817,0.08561224784371513
candidate,peak_track_prominence,LOW,discovery,0.00876661839924776,0.015791478223128534,71,0.30985915492957744,0.0018141191608977356,-0.016525763949195582,0.07376325585467804,-0.03048957486488118,2.4192943385262087,1.0862137846444204,-0.08692150566917811,-0.08555321315046008,-0.0636635345887977,0.028169014084507043,0.09859154929577464,12.690140845070422,13.0,0.08221612676322089,-0.028486743885995675,-0.6733112794504588,0.07775289960665714
candidate,peak_track_prominence,MID,discovery,0.00876661839924776,0.015791478223128534,69,0.4057971014492754,0.00854794786389049,-0.013843659018327292,0.07807376410633872,-0.03893309737485464,2.0053314370195343,1.3694946399157797,-0.10266781054077834,-0.09590726283892641,-0.08327778018692467,0.057971014492753624,0.10144927536231885,12.057971014492754,11.0,0.0885049212858532,-0.03249855437183506,-1.1466470517687801,0.07729005908965463
candidate,peak_track_prominence,HIGH,discovery,0.00876661839924776,0.015791478223128534,71,0.4084507042253521,0.007399184449779962,-0.0057061451556812415,0.061501710480002296,-0.02995732161870689,2.0529776080381454,1.4175321579311007,-0.19148707197488335,-0.09766596276341671,-0.053916425380794164,0.014084507042253521,0.07042253521126761,11.732394366197184,12.0,0.08271861169908523,-0.02620789790248815,-0.556192027989593,0.07265555060461532
candidate,peak_track_prominence,MISSING,discovery,0.00876661839924776,0.015791478223128534,362,0.39226519337016574,0.006226623317670215,-0.014362177690821654,0.0778430524314443,-0.039998526383038524,1.9461480077039501,1.2561500776998225,-0.37131225131438994,-0.14727008202381314,-0.0756870359299229,0.04419889502762431,0.1132596685082873,12.312154696132596,11.5,0.09417485127839072,-0.03289900703645742,-1.1776453906447175,0.08528745193221382
candidate,peak_track_prominence,LOW,validation,0.00876661839924776,0.015791478223128534,105,0.4380952380952381,0.035662719809583146,-0.015614174584892226,0.13538653399039885,-0.042088050568679924,3.2167451844668604,2.5079708217877217,-0.10031718540361112,-0.07969291697844244,-0.07310220101833835,0.009523809523809525,0.19047619047619047,11.857142857142858,11.0,0.11707827967891135,-0.03867744924878445,-2.4849730922704913,0.07867694564999703
candidate,peak_track_prominence,MID,validation,0.00876661839924776,0.015791478223128534,130,0.46923076923076923,0.025930066374590364,-0.007311296531511469,0.10085599560637189,-0.040308798598433865,2.502083890197871,2.2119872072763784,-0.13415768813160078,-0.09059431861816604,-0.07392309063449873,0.046153846153846156,0.17692307692307693,12.307692307692308,12.0,0.12434322890895651,-0.03795667260598556,-1.0428748368101204,0.09570028447660481
candidate,peak_track_prominence,HIGH,validation,0.00876661839924776,0.015791478223128534,89,0.48314606741573035,0.03173688332303275,-0.007253736861697613,0.10691311423089299,-0.03853654991692354,2.774330199807054,2.5933956215587677,-0.09536266391085502,-0.08658491648382388,-0.0704465915117178,0.033707865168539325,0.14606741573033707,12.48314606741573,12.0,0.12599180763539214,-0.03201595101866855,-1.7082618207438,0.09152669122524355
candidate,peak_track_prominence,MISSING,validation,0.00876661839924776,0.015791478223128534,693,0.3838383838383838,0.006413506578392958,-0.02302368070306593,0.09924024088575321,-0.05141298364586425,1.9302564031164968,1.2024548084988014,-0.18830621477878562,-0.13667212344525434,-0.1001318675603056,0.11544011544011544,0.13852813852813853,11.670995670995671,11.0,0.1049564435406776,-0.04471214389530963,-1.8713303926347278,0.09588166675633451
candidate,peak_track_prominence,LOW,holdout,0.00876661839924776,0.015791478223128534,125,0.24,-0.010999213728548143,-0.03536107626254559,0.09374954846571597,-0.04407777021094733,2.126912228478199,0.6716564932036417,-0.125007020307063,-0.10492004609542727,-0.08647103865161745,0.064,0.08,9.96,9.0,0.06710052245517713,-0.04338834375529977,-3.3667363980029967,0.07548451062389175
candidate,peak_track_prominence,MID,holdout,0.00876661839924776,0.015791478223128534,86,0.2558139534883721,-0.010568027656234439,-0.0291733528552221,0.09086510639650051,-0.04543566748686208,1.9998629143673208,0.6874528768137665,-0.10503767715679979,-0.10450333325450435,-0.08629466401226155,0.05813953488372093,0.08139534883720931,9.337209302325581,8.0,0.0617675047446966,-0.04125215023139783,-3.9291866220846847,0.06971916665106631
candidate,peak_track_prominence,HIGH,holdout,0.00876661839924776,0.015791478223128534,109,0.25688073394495414,-0.01600818589526997,-0.030277872657928584,0.05544701101609723,-0.040708747790557394,1.3620416747124424,0.4708292208882517,-0.09413849870834923,-0.08655188831526105,-0.0728772422172254,0.027522935779816515,0.045871559633027525,9.990825688073395,9.0,0.048210444052735175,-0.03671574612530956,-3.6950704752520336,0.06161664966787288
candidate,peak_track_prominence,MISSING,holdout,0.00876661839924776,0.015791478223128534,595,0.23361344537815126,-0.014440655479259728,-0.034871491470559346,0.09234987246553328,-0.0469930313220804,1.9651822805936179,0.5990358267598968,-0.1549731678107572,-0.12085853864792491,-0.09091410948219764,0.07394957983193277,0.07563025210084033,9.583193277310924,8.0,0.062014471990787745,-0.0452504634674385,-3.9191000622155374,0.07384900215214914
candidate,peak_band_width_relative,LOW,total,0.07820713585773838,0.11399092355592808,354,0.3728813559322034,0.005636656162003369,-0.019222285305280307,0.08818873391955688,-0.04344836304519062,2.0297366284624307,1.2068704277344184,-0.19148707197488335,-0.10558462358066152,-0.08506734104206531,0.05649717514124294,0.12429378531073447,11.418079096045197,10.0,0.09283886895685561,-0.039804156631059,-2.160870468535334,0.08454299682292628
candidate,peak_band_width_relative,MID,total,0.07820713585773838,0.11399092355592808,271,0.34317343173431736,0.008205018703107103,-0.02057551435449223,0.09361552127817999,-0.036419569720947814,2.5704730175418353,1.3429999473673635,-0.10266781054077834,-0.08617017877832998,-0.06785872305031482,0.02214022140221402,0.0959409594095941,11.15129151291513,10.0,0.08506832501703883,-0.03343485752375564,-2.111055939123352,0.07419729879294167
candidate,peak_band_width_relative,HIGH,total,0.07820713585773838,0.11399092355592808,230,0.3652173913043478,0.01276716989756143,-0.019563803830881743,0.102220780738915,-0.038699291134450226,2.6414122259701482,1.5197166231609072,-0.10440903727174633,-0.09219578756801947,-0.07018926783380766,0.030434782608695653,0.11739130434782609,11.282608695652174,10.0,0.08923630186909702,-0.03387984978191185,-2.2451556351905704,0.07379106070441185
candidate,peak_band_width_relative,MISSING,total,0.07820713585773838,0.11399092355592808,1650,0.33151515151515154,-0.0011476317032343036,-0.025743054271128163,0.09193464313269575,-0.047309013693491546,1.9432796407113324,0.9637116622566625,-0.37131225131438994,-0.13473092071013826,-0.09407677044278363,0.08484848484848485,0.1103030303030303,11.058787878787879,10.0,0.08710589234605196,-0.04231453456349883,-2.44239892183817,0.08561224784371513
candidate,peak_band_width_relative,LOW,discovery,0.07820713585773838,0.11399092355592808,70,0.34285714285714286,-0.0008895040397648959,-0.02149653229869386,0.07459154373921616,-0.04027092027227675,1.8522433367525093,0.9663878278708745,-0.19148707197488335,-0.12334181406435407,-0.07158064559016124,0.04285714285714286,0.1,11.457142857142857,10.0,0.09134814421696333,-0.03360702950507948,-0.7002386540411674,0.08959568948136282
candidate,peak_band_width_relative,MID,discovery,0.07820713585773838,0.11399092355592808,70,0.34285714285714286,0.010869614448823351,-0.012138631274810185,0.08232066593156087,-0.026409195020431007,3.117121361248419,1.626324188477436,-0.10266781054077834,-0.09444564709916552,-0.046062900170820036,0.02857142857142857,0.11428571428571428,12.342857142857143,12.5,0.07901411447406234,-0.025828149549915688,-0.8615135872994557,0.06547144648467282
candidate,peak_band_width_relative,HIGH,discovery,0.07820713585773838,0.11399092355592808,71,0.43661971830985913,0.007680918737077019,-0.011663243414552715,0.05891979340651028,-0.03202920913173376,1.8395644164730245,1.425662422766594,-0.09077636299765868,-0.08807796286772228,-0.05674564755600292,0.028169014084507043,0.056338028169014086,12.67605633802817,13.0,0.08298377311515223,-0.027679680067455047,-0.8103247826615048,0.0726382327403383
candidate,peak_band_width_relative,MISSING,discovery,0.07820713585773838,0.11399092355592808,362,0.39226519337016574,0.006226623317670215,-0.014362177690821654,0.0778430524314443,-0.039998526383038524,1.9461480077039501,1.2561500776998225,-0.37131225131438994,-0.14727008202381314,-0.0756870359299229,0.04419889502762431,0.1132596685082873,12.312154696132596,11.5,0.09417485127839072,-0.03289900703645742,-1.1776453906447175,0.08528745193221382
candidate,peak_band_width_relative,LOW,validation,0.07820713585773838,0.11399092355592808,153,0.47058823529411764,0.02588897868347206,-0.009661017687339069,0.10265386350163146,-0.04234647448822519,2.4241419089132266,2.1547928079228678,-0.13415768813160078,-0.09017581315851844,-0.07297247724221315,0.032679738562091505,0.1830065359477124,12.215686274509803,11.0,0.12206942196773941,-0.040930335271765636,-1.752287702198605,0.09346767387513555
candidate,peak_band_width_relative,MID,validation,0.07820713585773838,0.11399092355592808,102,0.45098039215686275,0.024676583071997334,-0.015963464839051478,0.10140851604807413,-0.03835321901549432,2.6440679205337654,2.1719129347241646,-0.08174825640951311,-0.08018226966735587,-0.07225828077244047,0.0196078431372549,0.10784313725490197,12.27450980392157,12.0,0.11202055219242801,-0.03326015093886475,-1.4533361239157172,0.08463440566223016
candidate,peak_band_width_relative,HIGH,validation,0.07820713585773838,0.11399092355592808,69,0.463768115942029,0.05017466105127447,-0.0011099821944307031,0.15379344678582973,-0.03944158607050305,3.8992713556427274,3.372342794069386,-0.10031718540361112,-0.09518887505185267,-0.07367680274948711,0.043478260869565216,0.2463768115942029,12.101449275362318,12.0,0.13867234955519053,-0.03173974722054556,-1.9018873679969583,0.08572070020017071
candidate,peak_band_width_relative,MISSING,validation,0.07820713585773838,0.11399092355592808,693,0.3838383838383838,0.006413506578392958,-0.02302368070306593,0.09924024088575321,-0.05141298364586425,1.9302564031164968,1.2024548084988014,-0.18830621477878562,-0.13667212344525434,-0.1001318675603056,0.11544011544011544,0.13852813852813853,11.670995670995671,11.0,0.1049564435406776,-0.04471214389530963,-1.8713303926347278,0.09588166675633451
candidate,peak_band_width_relative,LOW,holdout,0.07820713585773838,0.11399092355592808,131,0.2748091603053435,-0.014529558583499916,-0.030464830413641564,0.06832326820896821,-0.04592641926275101,1.4876680852927358,0.5637479060056683,-0.125007020307063,-0.10585227821361513,-0.09363688553431271,0.0916030534351145,0.06870229007633588,10.465648854961833,9.0,0.05949593858378109,-0.04180029072869601,-3.4723922663868376,0.0714196069368303
candidate,peak_band_width_relative,MID,holdout,0.07820713585773838,0.11399092355592808,99,0.23232323232323232,-0.010649741577973111,-0.031386149865260116,0.08981546775225505,-0.04105368650685794,2.187756457322086,0.6620841910316838,-0.08884470909814945,-0.0851003666504022,-0.06853417812454508,0.020202020202020204,0.0707070707070707,9.151515151515152,8.0,0.06158011861419697,-0.038993338633126026,-3.748827288755929,0.06961371051931937
candidate,peak_band_width_relative,HIGH,holdout,0.07820713585773838,0.11399092355592808,90,0.23333333333333334,-0.01189941962701421,-0.03347705274206242,0.0875543661581186,-0.04216796312683724,2.0763242913764497,0.6319247843319631,-0.10440903727174633,-0.08811279053172641,-0.06837232460214193,0.022222222222222223,0.06666666666666667,9.555555555555555,8.0,0.056267882437870655,-0.04041184007591972,-3.7364857779158744,0.06555445692932144
candidate,peak_band_width_relative,MISSING,holdout,0.07820713585773838,0.11399092355592808,595,0.23361344537815126,-0.014440655479259728,-0.034871491470559346,0.09234987246553328,-0.0469930313220804,1.9651822805936179,0.5990358267598968,-0.1549731678107572,-0.12085853864792491,-0.09091410948219764,0.07394957983193277,0.07563025210084033,9.583193277310924,8.0,0.062014471990787745,-0.0452504634674385,-3.9191000622155374,0.07384900215214914
candidate,price_relative_to_base,LOW,total,-0.20144343954141608,-0.10565922790675276,153,0.3464052287581699,0.005887808863299358,-0.01714922756148074,0.08680925756623736,-0.03700055894925778,2.3461607076067894,1.2434651750315984,-0.19148707197488335,-0.09636967987940424,-0.06862910694674526,0.032679738562091505,0.09803921568627451,11.522875816993464,11.0,0.07700123915859547,-0.03204768937920528,-1.3931779703280662,0.06845355019754441
candidate,price_relative_to_base,MID,total,-0.20144343954141608,-0.10565922790675276,212,0.38207547169811323,0.010762246736570669,-0.014985776327078093,0.08814145288323744,-0.03708291126251336,2.3768752204829857,1.4696709378558919,-0.10440903727174633,-0.09077364254830414,-0.07435791545932362,0.0330188679245283,0.10849056603773585,10.943396226415095,10.0,0.08831476889498616,-0.0312617373471209,-2.7785086786276403,0.0748797525314612
candidate,price_relative_to_base,HIGH,total,-0.20144343954141608,-0.10565922790675276,490,0.35714285714285715,0.008108070126719517,-0.025289112762751698,0.09824773487867598,-0.04196952140214518,2.3409305514180647,1.3005169730100359,-0.13415768813160078,-0.10106103762626967,-0.07436584897518503,0.04285714285714286,0.12040816326530612,11.379591836734694,10.0,0.09375286637394806,-0.03961856835421297,-2.1308515717855645,0.08297904508841583
candidate,price_relative_to_base,MISSING,total,-0.20144343954141608,-0.10565922790675276,1650,0.33151515151515154,-0.0011476317032343036,-0.025743054271128163,0.09193464313269575,-0.047309013693491546,1.9432796407113324,0.9637116622566625,-0.37131225131438994,-0.13473092071013826,-0.09407677044278363,0.08484848484848485,0.1103030303030303,11.058787878787879,10.0,0.08710589234605196,-0.04231453456349883,-2.44239892183817,0.08561224784371513
candidate,price_relative_to_base,LOW,discovery,-0.20144343954141608,-0.10565922790675276,71,0.3380281690140845,0.0015598462916367008,-0.015391335210288903,0.06854426401401124,-0.032644962758086475,2.099688840877362,1.0721815357671636,-0.19148707197488335,-0.12235420163086813,-0.06986557868980936,0.04225352112676056,0.09859154929577464,13.28169014084507,13.0,0.0770356561694448,-0.027704282076149275,-0.7046684228289223,0.072827374258662
candidate,price_relative_to_base,MID,discovery,-0.20144343954141608,-0.10565922790675276,69,0.391304347826087,0.0029146661100405056,-0.011663243414552715,0.05833859313614658,-0.032715001263884824,1.7832367685263852,1.146366494052676,-0.09077636299765868,-0.09075954567437611,-0.06608175160988372,0.043478260869565216,0.057971014492753624,11.159420289855072,10.0,0.08082122032470128,-0.02791026422315117,-0.7290391734308675,0.0752545360307005
candidate,price_relative_to_base,HIGH,discovery,-0.20144343954141608,-0.10565922790675276,71,0.39436619718309857,0.013128055079824785,-0.013304317315068093,0.08472150988172286,-0.03349093874466699,2.5296845372903647,1.647236442886749,-0.10266781054077834,-0.07557563262075703,-0.054571674958671657,0.014084507042253521,0.11267605633802817,12.014084507042254,12.0,0.09536634097341741,-0.03144940225119636,-0.9364769361156438,0.0795592603338476
candidate,price_relative_to_base,MISSING,discovery,-0.20144343954141608,-0.10565922790675276,362,0.39226519337016574,0.006226623317670215,-0.014362177690821654,0.0778430524314443,-0.039998526383038524,1.9461480077039501,1.2561500776998225,-0.37131225131438994,-0.14727008202381314,-0.0756870359299229,0.04419889502762431,0.1132596685082873,12.312154696132596,11.5,0.09417485127839072,-0.03289900703645742,-1.1776453906447175,0.08528745193221382
candidate,price_relative_to_base,LOW,validation,-0.20144343954141608,-0.10565922790675276,43,0.5813953488372093,0.05025550729905318,0.019825786079685326,0.11264406410007291,-0.03639526603569645,3.0950196651837,4.29863842386625,-0.10031718540361112,-0.09251823522608996,-0.07014971679926471,0.046511627906976744,0.18604651162790697,12.023255813953488,12.0,0.11871047673298266,-0.02865535412613798,-0.6365087318792136,0.06567776734756983
candidate,price_relative_to_base,MID,validation,-0.20144343954141608,-0.10565922790675276,67,0.5522388059701493,0.04330126635949561,0.005761506516499537,0.10866587226556086,-0.0373150809246515,2.912116752070952,3.5916106608875076,-0.07953411305327662,-0.07760917120466683,-0.07079962155382252,0.0,0.208955223880597,12.477611940298507,12.0,0.12476903405789329,-0.02769945480115402,-3.0938002291749185,0.07870895478715983
candidate,price_relative_to_base,HIGH,validation,-0.20144343954141608,-0.10565922790675276,214,0.411214953271028,0.022793949366857004,-0.017683248293899667,0.11523319694486195,-0.041766794973336935,2.7589667107189926,1.9268973852640583,-0.13415768813160078,-0.09181516432436596,-0.0730686725355921,0.037383177570093455,0.1588785046728972,12.163551401869158,11.0,0.12246277674113475,-0.04091997921243335,-1.4574431003187163,0.09696424218490551
candidate,price_relative_to_base,MISSING,validation,-0.20144343954141608,-0.10565922790675276,693,0.3838383838383838,0.006413506578392958,-0.02302368070306593,0.09924024088575321,-0.05141298364586425,1.9302564031164968,1.2024548084988014,-0.18830621477878562,-0.13667212344525434,-0.1001318675603056,0.11544011544011544,0.13852813852813853,11.670995670995671,11.0,0.1049564435406776,-0.04471214389530963,-1.8713303926347278,0.09588166675633451
candidate,price_relative_to_base,LOW,holdout,-0.20144343954141608,-0.10565922790675276,39,0.10256410256410256,-0.03515131139694079,-0.041680003486347816,0.034931678043121916,-0.04316079590437653,0.8093381345541829,0.09249578680619233,-0.06855187915601368,-0.06795582486118411,-0.06677648886355703,0.0,0.0,7.769230769230769,7.0,0.03095147445426343,-0.043695185133022445,-3.868775067245035,0.06355142594650746
candidate,price_relative_to_base,MID,holdout,-0.20144343954141608,-0.10565922790675276,76,0.2236842105263158,-0.010798690783237109,-0.030486290556477724,0.09080461147297185,-0.04007421855197528,2.2659109710449,0.6528896018264966,-0.10440903727174633,-0.09595371358814372,-0.08050805848500295,0.05263157894736842,0.06578947368421052,9.394736842105264,8.0,0.06298080949281352,-0.037444955454143176,-4.386564058927066,0.07116374447120698
candidate,price_relative_to_base,HIGH,holdout,-0.20144343954141608,-0.10565922790675276,205,0.28780487804878047,-0.008961183966255587,-0.02970563470597143,0.07933271179546107,-0.044641593897360256,1.777103030368102,0.7181443752857397,-0.125007020307063,-0.1048706679791473,-0.08625609941605525,0.05853658536585366,0.08292682926829269,10.341463414634147,9.0,0.06322370776350773,-0.04108934332813986,-3.2967686883914324,0.06956427698561363
candidate,price_relative_to_base,MISSING,holdout,-0.20144343954141608,-0.10565922790675276,595,0.23361344537815126,-0.014440655479259728,-0.034871491470559346,0.09234987246553328,-0.0469930313220804,1.9651822805936179,0.5990358267598968,-0.1549731678107572,-0.12085853864792491,-0.09091410948219764,0.07394957983193277,0.07563025210084033,9.583193277310924,8.0,0.062014471990787745,-0.0452504634674385,-3.9191000622155374,0.07384900215214914
candidate,concentration_20,LOW,total,0.5929470702582111,0.712450926092513,823,0.3402187120291616,0.002992289697786122,-0.02569774535566627,0.10391228894403674,-0.049047488919065026,2.1186056867356866,1.0924670207845162,-0.21903086744147537,-0.13555392265472296,-0.09907143218209945,0.10085054678007291,0.12636695018226002,11.193195625759417,10.0,0.09935330559896442,-0.04549240588662424,-1.9158921751856002,0.09370879245631884
candidate,concentration_20,MID,total,0.5929470702582111,0.712450926092513,744,0.33198924731182794,0.0017489019306570317,-0.025312481147546473,0.09503387015575593,-0.04461203801219895,2.1302292921423893,1.0586853826140243,-0.37131225131438994,-0.11896298768389105,-0.08605763902653148,0.06048387096774194,0.1196236559139785,11.220430107526882,10.0,0.08515468863093126,-0.03916610005664518,-2.1333539438300453,0.08075685115924104
candidate,concentration_20,HIGH,total,0.5929470702582111,0.712450926092513,938,0.35074626865671643,0.0015969676527792479,-0.022820112664068748,0.08101259847751878,-0.04130572945943637,1.9612920419932518,1.0595485744101476,-0.1688644474680978,-0.107543549127132,-0.07764965522815001,0.04797441364605544,0.09168443496801706,11.029850746268657,10.0,0.08000499855209153,-0.0364424699670679,-2.898655272692747,0.07575949711974629
candidate,concentration_20,MISSING,total,0.5929470702582111,0.712450926092513,0,,,,,,,,,,,,,,,,,,
candidate,concentration_20,LOW,discovery,0.5929470702582111,0.712450926092513,191,0.3298429319371728,-0.0039256724263097495,-0.018723831526851087,0.06761893941579655,-0.03913903606734645,1.727659804892609,0.850332560220581,-0.21903086744147537,-0.14770027320611645,-0.0847095224925431,0.05759162303664921,0.07853403141361257,11.890052356020943,11.0,0.08527398268657442,-0.03415559439038631,-1.1046576358658564,0.08656572491067936
candidate,concentration_20,MID,discovery,0.5929470702582111,0.712450926092513,191,0.42408376963350786,0.017850816020636578,-0.013843659018327292,0.09684154104566699,-0.04031508149779492,2.4021169608937503,1.7688315802944887,-0.37131225131438994,-0.14824603706083928,-0.07268076922342298,0.03664921465968586,0.16753926701570682,12.842931937172775,13.0,0.10545152642492611,-0.03087078308025873,-0.9265289467323964,0.08490919639630781
candidate,concentration_20,HIGH,discovery,0.5929470702582111,0.712450926092513,191,0.4031413612565445,0.00438894331647515,-0.008989965388712884,0.058986520325601983,-0.0324883674703912,1.8156197100196032,1.2263396286974513,-0.14819837427000726,-0.09384758312233432,-0.05717882637828875,0.02617801047120419,0.06806282722513089,12.036649214659686,11.0,0.08104675351847347,-0.02939854591069819,-1.0719296974257837,0.07400189357075061
candidate,concentration_20,MISSING,discovery,0.5929470702582111,0.712450926092513,0,,,,,,,,,,,,,,,,,,
candidate,concentration_20,LOW,validation,0.5929470702582111,0.712450926092513,385,0.4103896103896104,0.01646353674069617,-0.017874822091469067,0.11486298261771652,-0.052025945411591126,2.2078019286147486,1.5367079503133492,-0.18830621477878562,-0.14132201342914824,-0.09903335708677838,0.11688311688311688,0.16883116883116883,11.615584415584415,10.0,0.12301778020672603,-0.047249851280794834,-1.2938604900190855,0.10386639785577026
candidate,concentration_20,MID,validation,0.5929470702582111,0.712450926092513,283,0.37809187279151946,0.006935997741479551,-0.024472254019758943,0.09487176031908852,-0.04652494882558953,2.039158832280271,1.239715880988574,-0.14356387730567566,-0.1188121499046535,-0.0922023197326072,0.08833922261484099,0.12014134275618374,11.851590106007068,11.0,0.09807955824249699,-0.04044333965191483,-1.6874397396578025,0.08848090866598929
candidate,concentration_20,HIGH,validation,0.5929470702582111,0.712450926092513,349,0.4326647564469914,0.017430624290179008,-0.01706089984443515,0.09983797798241129,-0.04541538786904863,2.1983293035013927,1.676503660751062,-0.1688644474680978,-0.11127064349194471,-0.0823351071332111,0.05730659025787966,0.1518624641833811,12.085959885386819,11.0,0.10684116050278894,-0.037804518926686695,-2.4953177855700908,0.08672013332220141
candidate,concentration_20,MISSING,validation,0.5929470702582111,0.712450926092513,0,,,,,,,,,,,,,,,,,,
candidate,concentration_20,LOW,holdout,0.5929470702582111,0.712450926092513,247,0.2388663967611336,-0.012655885791355808,-0.04038854887159138,0.11334061809382873,-0.05219734179787649,2.1713867831185167,0.6814458521488962,-0.13254591912216596,-0.12355632864369974,-0.10367920037709273,0.10931174089068826,0.09716599190283401,9.995951417004049,8.0,0.07335463334098169,-0.05151959017417796,-3.560362090664017,0.08339967432849839
candidate,concentration_20,MID,holdout,0.5929470702582111,0.712450926092513,270,0.21851851851851853,-0.015078556238412845,-0.03564009174838578,0.09284614829881721,-0.04525655418958144,2.051551426338849,0.5736565599715264,-0.1549731678107572,-0.10458219839900768,-0.07945436630064392,0.04814814814814815,0.08518518518518518,9.411111111111111,8.0,0.057249377080093776,-0.043695532416009986,-3.527077060126771,0.06972349480853919
candidate,concentration_20,HIGH,holdout,0.5929470702582111,0.712450926092513,398,0.2537688442211055,-0.013627186915608776,-0.029456029501362557,0.06965988275928937,-0.041950399161954616,1.6605296767346343,0.5646919102700272,-0.1503079545208521,-0.10669192410080591,-0.08033488643920086,0.05025125628140704,0.05025125628140704,9.620603015075377,9.0,0.05597284850341732,-0.038628486067217804,-4.172505449036499,0.0669917590373376
candidate,concentration_20,MISSING,holdout,0.5929470702582111,0.712450926092513,0,,,,,,,,,,,,,,,,,,
candidate,profit_ratio,LOW,total,0.07614010852344545,0.20938887339165407,435,0.3793103448275862,0.0020961251243290365,-0.014741252775288594,0.06418462652639778,-0.03584684795471298,1.790523579855201,1.0942088543559563,-0.37131225131438994,-0.09295176265794022,-0.06919199501733606,0.034482758620689655,0.0735632183908046,11.40919540229885,11.0,0.07063373122704175,-0.029832644464856194,-1.8518762550265653,0.06588775239560359
candidate,profit_ratio,MID,total,0.07614010852344545,0.20938887339165407,492,0.34146341463414637,0.0023507547004129672,-0.022625768710811234,0.07797839102857577,-0.0368635752475233,2.1153236088736342,1.0968344638604033,-0.15691347873888106,-0.08753008520430969,-0.0673892361131476,0.016260162601626018,0.09349593495934959,11.182926829268293,10.0,0.07602453135265755,-0.03194619318183706,-1.734447909710607,0.07102324962537179
candidate,profit_ratio,HIGH,total,0.07614010852344545,0.20938887339165407,1578,0.3314321926489227,0.0020237055603976152,-0.02802093275263562,0.10617804715535241,-0.04960920501226719,2.140289229168197,1.0610154188198742,-0.21903086744147537,-0.13291662599433596,-0.09771452541512896,0.09505703422053231,0.12737642585551331,11.052598225602027,10.0,0.09634841887322672,-0.04567055635505018,-2.6748873134107147,0.09167505110556229
candidate,profit_ratio,MISSING,total,0.07614010852344545,0.20938887339165407,0,,,,,,,,,,,,,,,,,,
candidate,profit_ratio,LOW,discovery,0.07614010852344545,0.20938887339165407,191,0.38219895287958117,0.002200280307102677,-0.012158698900030407,0.05846162921842984,-0.032605469443125146,1.7930006902800921,1.1092292405970061,-0.37131225131438994,-0.10248469134496521,-0.0553210907183353,0.02617801047120419,0.06282722513089005,13.031413612565444,13.0,0.07527434627244278,-0.026791129803782933,-0.8343705828149998,0.0704239368395458
candidate,profit_ratio,MID,discovery,0.07614010852344545,0.20938887339165407,191,0.36649214659685864,0.0032508825338827384,-0.014690057965201175,0.0668371581144807,-0.033534566149107804,1.9930825351160513,1.1530229541993684,-0.15691347873888106,-0.1328640225047551,-0.06287607765281672,0.02617801047120419,0.08900523560209424,11.963350785340314,10.0,0.0842217855214449,-0.02843159648693661,-0.9154535124587321,0.0783179957428474
candidate,profit_ratio,HIGH,discovery,0.07614010852344545,0.20938887339165407,191,0.4083769633507853,0.012862924069816564,-0.016206897003054777,0.09871564194880172,-0.046398244023642225,2.127572799921074,1.4685900742818034,-0.21903086744147537,-0.14391716729035167,-0.08527676820668245,0.06806282722513089,0.16230366492146597,11.774869109947645,10.0,0.11227613083608634,-0.039202197090623676,-1.3457242691984563,0.09673488229534459
candidate,profit_ratio,MISSING,discovery,0.07614010852344545,0.20938887339165407,0,,,,,,,,,,,,,,,,,,
candidate,profit_ratio,LOW,validation,0.07614010852344545,0.20938887339165407,83,0.5903614457831325,0.03446943038946672,0.016628212250017427,0.08014441756234188,-0.03135628641850043,2.5559282273635597,3.68354362178866,-0.11431114865326264,-0.08886164557741452,-0.06147624976154064,0.04819277108433735,0.1686746987951807,11.626506024096386,11.0,0.10417547479677419,-0.022154089376834746,-0.5212257575377363,0.06697058561619748
candidate,profit_ratio,MID,validation,0.07614010852344545,0.20938887339165407,92,0.5108695652173914,0.0259517796917847,0.00046841622026450036,0.08417951165362252,-0.03486385146835703,2.41452129091432,2.5218333482882893,-0.08174825640951311,-0.07782732146438179,-0.06347073966918779,0.010869565217391304,0.14130434782608695,12.684782608695652,12.5,0.09475795967319162,-0.028388678253768233,-1.128720724267297,0.06609324450688427
candidate,profit_ratio,HIGH,validation,0.07614010852344545,0.20938887339165407,842,0.38004750593824227,0.010850487445735487,-0.023481977025653522,0.11091140867128368,-0.05048954089176531,2.1967204833382237,1.346648572161363,-0.18830621477878562,-0.1344092996983654,-0.09769312886761888,0.10095011876484561,0.14845605700712589,11.771971496437054,11.0,0.11287604356249835,-0.04558181372017529,-2.0141753817177634,0.09935255315393951
candidate,profit_ratio,MISSING,validation,0.07614010852344545,0.20938887339165407,0,,,,,,,,,,,,,,,,,,
candidate,profit_ratio,LOW,holdout,0.07614010852344545,0.20938887339165407,161,0.2670807453416149,-0.014716781564591417,-0.028746307198321497,0.05571367403152334,-0.04038211707842985,1.3796620400886028,0.5027582010492366,-0.10440903727174633,-0.08889755774753064,-0.07495082571308076,0.037267080745341616,0.037267080745341616,9.372670807453416,8.0,0.047836698991269154,-0.03739941075411566,-3.8321345572128744,0.05994808540117963
candidate,profit_ratio,MID,holdout,0.07614010852344545,0.20938887339165407,209,0.24401913875598086,-0.00886081810053883,-0.03249849453771414,0.08755552111895733,-0.03998254784860404,2.1898434649660343,0.7068482070459983,-0.08720902476320924,-0.07854218512490899,-0.06908947050023717,0.009569377990430622,0.07655502392344497,9.808612440191387,9.0,0.06028696699032496,-0.03672408477087207,-2.766727632736166,0.06652690494816135
candidate,profit_ratio,HIGH,holdout,0.07614010852344545,0.20938887339165407,545,0.22935779816513763,-0.015411966151076718,-0.03673520578353895,0.09871718252345607,-0.049378974685163855,1.9991744088018926,0.5949923835719918,-0.1549731678107572,-0.12320495163081865,-0.09895584959158277,0.09541284403669725,0.08256880733944955,9.688073394495413,8.0,0.06523199139933145,-0.048074552534995325,-4.22368017175443,0.07804040067990717
candidate,profit_ratio,MISSING,holdout,0.07614010852344545,0.20938887339165407,0,,,,,,,,,,,,,,,,,,
candidate,cost_migration_5,LOW,total,-0.004981312305271657,-0.0024937655860348684,156,0.4230769230769231,0.017355025817108623,-0.014287923006908343,0.09520235803416187,-0.03973301780873043,2.396051528037805,1.7571044538943903,-0.09313527236027619,-0.09164002028377019,-0.07265950353370207,0.038461538461538464,0.1282051282051282,11.153846153846153,10.0,0.09382497462884797,-0.03217069071207613,-1.487049770666761,0.07377974582719717
candidate,cost_migration_5,MID,total,-0.004981312305271657,-0.0024937655860348684,44,0.3409090909090909,0.006062368166526474,-0.019486586215612778,0.08451473207554443,-0.03451644075193109,2.4485355452188706,1.2664839026994157,-0.09077636299765868,-0.08911877434641204,-0.07121696476755987,0.045454545454545456,0.09090909090909091,12.136363636363637,13.0,0.08197794804638849,-0.029313305293829382,-2.0416102465134047,0.07325523819304199
candidate,cost_migration_5,HIGH,total,-0.004981312305271657,-0.0024937655860348684,352,0.3465909090909091,0.007038504811161938,-0.020907974770519366,0.09266982310783596,-0.038383324894030374,2.4143250581777655,1.2806419873812496,-0.10620139295225028,-0.08827468699685025,-0.07247206877087849,0.03125,0.10227272727272728,11.571022727272727,11.0,0.08433615284902253,-0.036459965479264216,-2.8030708196841694,0.07463472514227068
candidate,cost_migration_5,MISSING,total,-0.004981312305271657,-0.0024937655860348684,1953,0.3343573988735279,-9.72292904922517e-05,-0.025594533809145892,0.09244281271265214,-0.046580804235148626,1.9845688418341494,0.996864195167461,-0.37131225131438994,-0.13331956824669466,-0.09284521315491935,0.07885304659498207,0.11213517665130568,11.038914490527393,10.0,0.08819124215679731,-0.04179239338619154,-2.3444838661891763,0.0856444176511684
candidate,cost_migration_5,LOW,discovery,-0.004981312305271657,-0.0024937655860348684,62,0.43548387096774194,0.005630697277055556,-0.014287923006908343,0.061287422553810963,-0.03730449079358433,1.6428966392526458,1.2673774074234694,-0.0927258286262902,-0.0915215684645862,-0.07201296329444136,0.04838709677419355,0.0967741935483871,12.596774193548388,13.0,0.08779369658659177,-0.028274203939051463,-0.4697520020368281,0.07950379909475465
candidate,cost_migration_5,MID,discovery,-0.004981312305271657,-0.0024937655860348684,20,0.25,0.01052676566725746,-0.02347763462603375,0.14755955531647563,-0.035150830882481936,4.197896653134724,1.3992988843782417,-0.09077636299765868,-0.09004394010524737,-0.08711424853560214,0.1,0.15,12.2,13.0,0.091181516774192,-0.03347465610471243,-1.7319482630394212,0.07798260416513872
candidate,cost_migration_5,HIGH,discovery,-0.004981312305271657,-0.0024937655860348684,62,0.3709677419354839,0.00405304916731814,-0.00977033221012702,0.052265772262006835,-0.024380095221857242,2.1437886844325993,1.2642856344089686,-0.0633623699511332,-0.05834069058829229,-0.05365589137115651,0.0,0.03225806451612903,12.838709677419354,13.0,0.07570856895046665,-0.02616165228255498,-0.4515682625530198,0.06900049136046082
candidate,cost_migration_5,MISSING,discovery,-0.004981312305271657,-0.0024937655860348684,429,0.38694638694638694,0.006263550133022983,-0.014343471504420391,0.07862318750243451,-0.03940831223702383,1.9950914677479787,1.2592592534074694,-0.37131225131438994,-0.14777227291109848,-0.07429324533536574,0.04195804195804196,0.11421911421911422,12.125874125874127,11.0,0.09311825492667501,-0.03261222414452846,-1.1698172000981304,0.084193831119165
candidate,cost_migration_5,LOW,validation,-0.004981312305271657,-0.0024937655860348684,45,0.6666666666666666,0.06928955740174171,0.061103885864037366,0.12175610662385401,-0.035643541042482886,3.415937447930191,6.831874895860382,-0.08174825640951311,-0.07737919093249535,-0.0563900019539411,0.022222222222222223,0.26666666666666666,12.222222222222221,12.0,0.14173156111827587,-0.025533384931379768,-0.18253273000752276,0.06961446968400549
candidate,cost_migration_5,MID,validation,-0.004981312305271657,-0.0024937655860348684,10,0.5,0.0029396764890971872,0.0015051843837465273,0.03722883518402394,-0.03134948220582956,1.1875422675115537,1.1875422675115535,-0.07284275346608793,-0.07020953564470701,-0.059676664359183354,0.0,0.0,14.3,14.5,0.05095145650379433,-0.01926071354582983,-1.896497201926394,0.04535969569551897
candidate,cost_migration_5,HIGH,validation,-0.004981312305271657,-0.0024937655860348684,142,0.4154929577464789,0.023339906939077438,-0.015090843470902227,0.10977526158326315,-0.03810209214534373,2.881082255654517,2.04799822992309,-0.10031718540361112,-0.08347914889834639,-0.0716774177019258,0.02112676056338028,0.14084507042253522,12.408450704225352,12.0,0.11597094547448836,-0.03760410503815705,-2.272882274257921,0.0899250096644792
candidate,cost_migration_5,MISSING,validation,-0.004981312305271657,-0.0024937655860348684,820,0.3926829268292683,0.00966212591458642,-0.021578676431455335,0.10266955427030287,-0.05047520727927038,2.0340590916695085,1.315194834372654,-0.18830621477878562,-0.13450312096054884,-0.0982180374934264,0.1048780487804878,0.14634146341463414,11.69390243902439,11.0,0.1085983125670144,-0.04408419828929619,-1.8216310918506262,0.09626632608695528
candidate,cost_migration_5,LOW,holdout,-0.004981312305271657,-0.0024937655860348684,49,0.1836734693877551,-0.015505087485446468,-0.03363884069736578,0.10843466917624081,-0.0433915327343261,2.4989822286332948,0.5622710014424913,-0.09313527236027619,-0.08975769251192842,-0.07696151929771036,0.04081632653061224,0.04081632653061224,8.346938775510203,7.0,0.057460542926717886,-0.04319642418266522,-3.9696892374043244,0.07036231978342292
candidate,cost_migration_5,MID,holdout,-0.004981312305271657,-0.0024937655860348684,14,0.35714285714285715,0.001915151506503129,-0.02643845442394438,0.06875580572613371,-0.035218545282180526,1.9522613774999384,1.0845896541666324,-0.06200416214256754,-0.059761440735255654,-0.0507905551060081,0.0,0.07142857142857142,10.5,11.0,0.09099177239423646,-0.030548941098281823,-2.5655179702188176,0.08642724573113454
candidate,cost_migration_5,HIGH,holdout,-0.004981312305271657,-0.0024937655860348684,148,0.2702702702702703,-0.007351365812119718,-0.030392811678621234,0.09067163059293261,-0.04365617929547243,2.0769483737743433,0.7692401384349419,-0.10620139295225028,-0.09521411056533872,-0.08200940521184145,0.05405405405405406,0.0945945945945946,10.236486486486486,9.0,0.057598109936146294,-0.039676368187596574,-4.372691654856794,0.06232460414442338
candidate,cost_migration_5,MISSING,holdout,-0.004981312305271657,-0.0024937655860348684,704,0.234375,-0.015340760030339622,-0.03467563921615313,0.08638855212678909,-0.04648238620088922,1.8585223175383463,0.5689354033280651,-0.1549731678107572,-0.12071604838898527,-0.09103929394502228,0.07102272727272728,0.07102272727272728,9.613636363636363,8.0,0.06141924469279794,-0.044717127170463784,-3.719499571780433,0.07415625956151532
candidate,root_anchor_retained_from_candidate,FALSE,total,,,1845,0.33550135501355016,-0.00020758872350917692,-0.025565214272942338,0.09248952257627022,-0.04700980070928686,1.9674519181273356,0.993354598140963,-0.37131225131438994,-0.13439650588988586,-0.0929615580484618,0.08184281842818428,0.11436314363143632,11.103523035230353,10.0,0.08784187661123584,-0.04206468039546699,-2.4275326196608655,0.08540570336327556
candidate,root_anchor_retained_from_candidate,TRUE,total,,,660,0.35909090909090907,0.008552718652830572,-0.01968751691137849,0.09270437661263468,-0.03859608261542847,2.401911549841508,1.3457518612587174,-0.10503767715679979,-0.09354659516298613,-0.07250961180359414,0.03333333333333333,0.10303030303030303,11.242424242424242,10.0,0.08802921991438231,-0.03508110603986189,-2.127042446681957,0.07680957431379448
candidate,root_anchor_retained_from_candidate,FALSE,discovery,,,389,0.3856041131105398,0.006135660478502716,-0.014292660235954435,0.07927572993191132,-0.03976814880187925,1.9934478299921552,1.251117884932315,-0.37131225131438994,-0.1492441868062721,-0.07519191981674771,0.043701799485861184,0.11568123393316196,12.16452442159383,11.0,0.09322724770451453,-0.032750237414538926,-1.1755272594581219,0.08443105173153233
candidate,root_anchor_retained_from_candidate,TRUE,discovery,,,184,0.3858695652173913,0.006039231922965333,-0.014043375044518858,0.06696845891801215,-0.03224373371109064,2.076944919532613,1.3049830910337656,-0.10266781054077834,-0.09110777215452603,-0.06387434983516285,0.03260869565217391,0.08152173913043478,12.451086956521738,13.0,0.08501686307211347,-0.028778902236852793,-0.7373322007007426,0.07631735064174915
candidate,root_anchor_retained_from_candidate,FALSE,validation,,,774,0.39276485788113696,0.008783385993871885,-0.02191943232522464,0.10015596951394819,-0.05031717866592215,1.990492554817663,1.287467524818233,-0.18830621477878562,-0.13507505849742824,-0.09886201915783359,0.10594315245478036,0.14599483204134367,11.797157622739018,11.0,0.10670874813904588,-0.044132805180175726,-1.8157665176575495,0.09525782524125241
candidate,root_anchor_retained_from_candidate,TRUE,validation,,,243,0.4609053497942387,0.031219325613260792,-0.009661017687339069,0.11542633527540658,-0.04077445363987149,2.8308493424553554,2.420268140114502,-0.10031718540361112,-0.08967275985810809,-0.07313463196236966,0.03292181069958848,0.16049382716049382,11.987654320987655,11.0,0.12268870089739921,-0.035685776792409675,-1.8088575408000473,0.0887425107805162
candidate,root_anchor_retained_from_candidate,FALSE,holdout,,,682,0.24193548387096775,-0.014029492493062798,-0.03484090878127194,0.09037721365263224,-0.047350781688497386,1.908674163970285,0.6091513289266868,-0.1549731678107572,-0.12099611794251149,-0.09080586814569692,0.07624633431085044,0.07771260997067449,9.711143695014663,8.0,0.06335819931239363,-0.04503035449549113,-3.8792806868765424,0.07478047924479175
candidate,root_anchor_retained_from_candidate,TRUE,holdout,,,233,0.2317596566523605,-0.013101804665149423,-0.03113341304852546,0.07941531709574108,-0.04101199782206611,1.9363923074484422,0.5841630424704798,-0.10503767715679979,-0.09871078403320338,-0.07286692863336401,0.034334763948497854,0.060085836909871244,9.510729613733906,8.0,0.054261064464186444,-0.039427331391297775,-3.638650292565422,0.0647532034736355
candidate,model_spread_cost_p50,LOW,total,0.08161960571026049,0.1981958174822195,720,0.3375,-0.0011496428764302025,-0.021715496588747385,0.07574907513286222,-0.040324461484937665,1.8784894414809894,0.9569663192450322,-0.37131225131438994,-0.11876709081760707,-0.0768859906987613,0.04861111111111111,0.08194444444444444,11.713888888888889,10.5,0.07660906660152335,-0.03489395760482854,-1.9614369992869483,0.07511743859054962
candidate,model_spread_cost_p50,MID,total,0.08161960571026049,0.1981958174822195,759,0.35046113306982873,0.0046197427032645105,-0.02302368070306593,0.0884374619432075,-0.040604422241613446,2.178025374107462,1.1751617637172111,-0.1503079545208521,-0.10487855259324157,-0.0777149903636492,0.04479578392621871,0.1080368906455863,11.080368906455863,10.0,0.08898404423113886,-0.036070244454263815,-2.078135342702784,0.08170777459129232
candidate,model_spread_cost_p50,HIGH,total,0.08161960571026049,0.1981958174822195,1026,0.3382066276803119,0.002517691301409091,-0.028000492955655376,0.10746559538249847,-0.05111547912000184,2.102408061757685,1.0744265057878006,-0.21903086744147537,-0.13594778753418477,-0.09856798553270574,0.10136452241715399,0.13450292397660818,10.78167641325536,10.0,0.09500012667318831,-0.04703888918097727,-2.81700293745533,0.08983146691263272
candidate,model_spread_cost_p50,MISSING,total,0.08161960571026049,0.1981958174822195,0,,,,,,,,,,,,,,,,,,
candidate,model_spread_cost_p50,LOW,discovery,0.08161960571026049,0.1981958174822195,191,0.36649214659685864,-0.0028740408749319607,-0.014200962040422205,0.05491434192699106,-0.036305336710755205,1.5125694154689677,0.8750401577093203,-0.37131225131438994,-0.14053345070423146,-0.08085810140857347,0.05235602094240838,0.04712041884816754,12.696335078534032,13.0,0.07756554968800496,-0.030660029707400244,-1.0266615701143171,0.07780287951995739
candidate,model_spread_cost_p50,MID,discovery,0.08161960571026049,0.1981958174822195,191,0.36649214659685864,0.006528009491891493,-0.015391335210288903,0.07909569209801103,-0.03545329449511979,2.2309828529164952,1.2906512372244188,-0.14819837427000726,-0.1089485385363114,-0.06825808689648927,0.020942408376963352,0.1099476439790576,11.61780104712042,10.0,0.09126449201257893,-0.030473613114505776,-1.3640231736571047,0.08207490953343499
candidate,model_spread_cost_p50,HIGH,discovery,0.08161960571026049,0.1981958174822195,191,0.42408376963350786,0.014660118293842443,-0.010199480152403684,0.08969651470636314,-0.04059395542810462,2.209602729283757,1.6270711006544025,-0.21903086744147537,-0.14770027320611645,-0.07344806469345055,0.04712041884816754,0.15706806282722513,12.455497382198953,12.0,0.10294222092939014,-0.033291280559437204,-0.7110105676769785,0.08559902582434539
candidate,model_spread_cost_p50,MISSING,discovery,0.08161960571026049,0.1981958174822195,0,,,,,,,,,,,,,,,,,,
candidate,model_spread_cost_p50,LOW,validation,0.08161960571026049,0.1981958174822195,235,0.41702127659574467,0.012148609483483347,-0.01442649373521998,0.08778482189250446,-0.04195612640034197,2.0923004439177433,1.4966820693718164,-0.1688644474680978,-0.11774037614791336,-0.08703642257101238,0.059574468085106386,0.12340425531914893,12.872340425531915,12.0,0.09473014167107614,-0.03440928762687759,-1.793865829292319,0.0799050965865147
candidate,model_spread_cost_p50,MID,validation,0.08161960571026049,0.1981958174822195,327,0.41590214067278286,0.0205025492333329,-0.015986359220356072,0.10748584540974856,-0.04143320092369606,2.5941960315278547,1.8471762318732368,-0.1187425324680823,-0.09298007728144696,-0.07775906295149876,0.04281345565749235,0.1559633027522936,11.788990825688073,11.0,0.11395559771594778,-0.03666613093084339,-1.697335743638493,0.09075452246759334
candidate,model_spread_cost_p50,HIGH,validation,0.08161960571026049,0.1981958174822195,455,0.4,0.01060523089090278,-0.02275704486162544,0.1107372349554645,-0.056149438485471714,1.9721877536516597,1.314791835767773,-0.18830621477878562,-0.14151772325053075,-0.10460995301655253,0.13626373626373625,0.15824175824175823,11.34945054945055,10.0,0.11622167391620153,-0.050009730908372615,-1.9073754553525675,0.10294408859705678
candidate,model_spread_cost_p50,MISSING,validation,0.08161960571026049,0.1981958174822195,0,,,,,,,,,,,,,,,,,,
candidate,model_spread_cost_p50,LOW,holdout,0.08161960571026049,0.1981958174822195,294,0.25510204081632654,-0.010658926165089552,-0.03084201076346127,0.07946811702574277,-0.0415243519153746,1.9137713982314872,0.6554011637779066,-0.13254591912216596,-0.10693928138928668,-0.07233828054706357,0.03741496598639456,0.07142857142857142,10.149659863945578,9.0,0.0615031451360033,-0.03803197690151996,-2.738382577671035,0.06954594591514596
candidate,model_spread_cost_p50,MID,holdout,0.08161960571026049,0.1981958174822195,241,0.24896265560165975,-0.018443148134744274,-0.031224164883197014,0.05615985757177695,-0.043173426269502685,1.3007968656740077,0.4312033808864113,-0.1503079545208521,-0.10847831820110158,-0.08461235036212422,0.06639004149377593,0.04149377593360996,9.692946058091286,9.0,0.05329415412413655,-0.039697222495974446,-3.208146224991327,0.06914176077594095
candidate,model_spread_cost_p50,HIGH,holdout,0.08161960571026049,0.1981958174822195,380,0.22105263157894736,-0.01326924045852354,-0.03780234907026819,0.117511513626393,-0.0503826976988377,2.3323783559351554,0.6618911550626791,-0.1549731678107572,-0.12101728398783249,-0.09126548213348509,0.0868421052631579,0.09473684210526316,9.260526315789473,8.0,0.06559816878238424,-0.05039167934084374,-5.022027889655017,0.07625818633750099
candidate,model_spread_cost_p50,MISSING,holdout,0.08161960571026049,0.1981958174822195,0,,,,,,,,,,,,,,,,,,
candidate,model_spread_cost_p90,LOW,total,0.18739330085123884,0.5409144278732084,1071,0.3081232492997199,-0.001102401175127057,-0.028033145511303426,0.10059230671798418,-0.04639154234209967,2.168332882235262,0.965654320023801,-0.21903086744147537,-0.1321778118774305,-0.09306301065227784,0.08216619981325864,0.11017740429505135,11.025210084033613,10.0,0.08936539253053828,-0.042637362246289286,-2.441934852990239,0.08782639789651568
candidate,model_spread_cost_p90,MID,total,0.18739330085123884,0.5409144278732084,733,0.373806275579809,0.004308476926198513,-0.02145550041527,0.08657170227167602,-0.044798546482648624,1.9324667666440243,1.1535858258397877,-0.37131225131438994,-0.11848939509569305,-0.08642779087340224,0.06821282401091405,0.11732605729877217,11.334242837653479,10.0,0.08857899493159258,-0.03928047245478806,-2.0970189347387262,0.08161481415229928
candidate,model_spread_cost_p90,HIGH,total,0.18739330085123884,0.5409144278732084,701,0.3594864479315264,0.004685237072255789,-0.021863605164864963,0.08851525433544315,-0.042364126736927306,2.0893916894618187,1.1726652689184371,-0.15691347873888106,-0.11516523626304731,-0.07968681307626291,0.04992867332382311,0.10699001426533523,11.112696148359486,10.0,0.08491984137825763,-0.03752591161313836,-2.46884164593612,0.07757790418194595
candidate,model_spread_cost_p90,MISSING,total,0.18739330085123884,0.5409144278732084,0,,,,,,,,,,,,,,,,,,
candidate,model_spread_cost_p90,LOW,discovery,0.18739330085123884,0.5409144278732084,191,0.39790575916230364,0.0107789802420869,-0.015935505802228134,0.08484434552207526,-0.038168565508166274,2.222885361094395,1.4690372821145568,-0.21903086744147537,-0.1328640225047551,-0.06918873784108759,0.041884816753926704,0.1256544502617801,12.732984293193716,13.0,0.09748176840406515,-0.031629557644942755,-1.1374164766896473,0.08402997428643294
candidate,model_spread_cost_p90,MID,discovery,0.18739330085123884,0.5409144278732084,191,0.39790575916230364,0.002423290305271942,-0.01025079240475768,0.06321564381646938,-0.03775252592821506,1.6744745487142088,1.1066092669763465,-0.37131225131438994,-0.14824603706083928,-0.07154269605865177,0.04712041884816754,0.08376963350785341,12.612565445026178,13.0,0.08688570017559773,-0.0314073064664119,-0.7793065990925553,0.08181169103676238
candidate,model_spread_cost_p90,HIGH,discovery,0.18739330085123884,0.5409144278732084,191,0.3612565445026178,0.0051118163634431375,-0.014813795666957397,0.07816754903240822,-0.03620658981818465,2.158931548785321,1.2210350562802224,-0.15691347873888106,-0.13620458093374385,-0.07428076933495248,0.031413612565445025,0.10471204188481675,11.424083769633508,10.0,0.08740479405031115,-0.031388059269988576,-1.1840369988157995,0.07963514955454247
candidate,model_spread_cost_p90,MISSING,discovery,0.18739330085123884,0.5409144278732084,0,,,,,,,,,,,,,,,,,,
candidate,model_spread_cost_p90,LOW,validation,0.18739330085123884,0.5409144278732084,473,0.3403805496828753,0.00607661129619862,-0.025027111029923943,0.1127045925354269,-0.04894616107404419,2.302623741317138,1.188212892154036,-0.18830621477878562,-0.14005439031406852,-0.09587278688152498,0.10359408033826638,0.13107822410147993,11.509513742071881,11.0,0.11013649768896687,-0.04533100314020127,-1.9013406277965004,0.10139950704268517
candidate,model_spread_cost_p90,MID,validation,0.18739330085123884,0.5409144278732084,267,0.47191011235955055,0.020145357307251283,-0.010136304352982739,0.09966056512689746,-0.0509107858507304,1.9575530697777994,1.7493027432056931,-0.14356387730567566,-0.11451400551141941,-0.09619912046486796,0.08614232209737828,0.1797752808988764,12.228464419475655,11.0,0.11487513301908514,-0.04184633843732733,-1.6854822040645834,0.09203219422331606
candidate,model_spread_cost_p90,HIGH,validation,0.18739330085123884,0.5409144278732084,277,0.4657039711191336,0.02213570158534719,-0.01002520853977873,0.09823638510769746,-0.04419529959291757,2.2227790288232403,1.9374222616094456,-0.11961197028102233,-0.11123714067874159,-0.08271792914940704,0.06498194945848375,0.15162454873646208,12.03971119133574,11.0,0.10700253232748176,-0.03688049863512623,-1.7864755073863465,0.0821639861645463
candidate,model_spread_cost_p90,MISSING,validation,0.18739330085123884,0.5409144278732084,0,,,,,,,,,,,,,,,,,,
candidate,model_spread_cost_p90,LOW,holdout,0.18739330085123884,0.5409144278732084,407,0.2285012285012285,-0.015021361247915529,-0.034868087293295935,0.09249302751670246,-0.04686479486291385,1.973614261777047,0.584541803647342,-0.1503079545208521,-0.11809535780686914,-0.09449726767862407,0.07616707616707617,0.07862407862407862,9.660933660933662,8.0,0.06141708655564797,-0.044672739484708984,-3.7482429330492173,0.07383385805225927
candidate,model_spread_cost_p90,MID,holdout,0.18739330085123884,0.5409144278732084,275,0.26181818181818184,-0.009758346408870987,-0.03175741471466009,0.0883198095333122,-0.044544687432699515,1.9827237460527807,0.7032320675655183,-0.125007020307063,-0.10654076949067223,-0.08473583070300916,0.06545454545454546,0.08,9.578181818181818,8.0,0.06422390558262711,-0.04225752149639482,-3.449510199146532,0.07136374519268496
candidate,model_spread_cost_p90,HIGH,holdout,0.18739330085123884,0.5409144278732084,233,0.2317596566523605,-0.016410279300032197,-0.0350613507145876,0.07851462093338021,-0.0450468413816203,1.742955077987226,0.5258076771581576,-0.1549731678107572,-0.1138623491326752,-0.07774632908586006,0.04721030042918455,0.055793991416309016,9.755364806866952,8.0,0.05663000724393439,-0.04332466351206955,-4.37765517306607,0.0704393695238076
candidate,model_spread_cost_p90,MISSING,holdout,0.18739330085123884,0.5409144278732084,0,,,,,,,,,,,,,,,,,,
candidate,model_spread_dominant_peak_today,LOW,total,0.0,0.0,1687,0.33254297569650265,0.0010566918428720205,-0.025257933442997982,0.09252181642044745,-0.044513410189117156,2.0785155760334804,1.035565930865704,-0.19148707197488335,-0.12416409242571755,-0.08757162052137435,0.06639004149377593,0.10314167160640189,11.016597510373444,10.0,0.08575388965480153,-0.039993496540234,-2.4445507229430445,0.08205009268957697
candidate,model_spread_dominant_peak_today,MID,total,0.0,0.0,0,,,,,,,,,,,,,,,,,,
candidate,model_spread_dominant_peak_today,HIGH,total,0.0,0.0,2505,0.34171656686626745,0.0021005162139695584,-0.02461312445239172,0.09254900903260009,-0.0448515212952771,2.0634530637948636,1.071143615893513,-0.37131225131438994,-0.12497741669538714,-0.08812323721833566,0.069061876247505,0.11137724550898204,11.140119760479042,10.0,0.08789123652344208,-0.04022469673291235,-2.3487501011465772,0.08314085499095719
candidate,model_spread_dominant_peak_today,MISSING,total,0.0,0.0,0,,,,,,,,,,,,,,,,,,
candidate,model_spread_dominant_peak_today,LOW,discovery,0.0,0.0,385,0.37402597402597404,0.005729088540165848,-0.015573298868828744,0.07783259483394495,-0.03735350443205071,2.083675842932736,1.2450179310469458,-0.19148707197488335,-0.14395909459819037,-0.07101195303721694,0.033766233766233764,0.09350649350649351,12.046753246753246,11.0,0.08671828993962881,-0.031395359347973884,-1.1143252296713284,0.07832974100759187
candidate,model_spread_dominant_peak_today,MID,discovery,0.0,0.0,0,,,,,,,,,,,,,,,,,,
candidate,model_spread_dominant_peak_today,HIGH,discovery,0.0,0.0,573,0.3856893542757417,0.006104695636933992,-0.014200962040422205,0.07532181028491203,-0.03735264054830222,2.016505638671256,1.2660447333703058,-0.37131225131438994,-0.14434730732737402,-0.07285051156883664,0.04013961605584642,0.10471204188481675,12.256544502617801,12.0,0.09059075420999134,-0.03147497446044775,-1.033872728918436,0.08182560495924593
candidate,model_spread_dominant_peak_today,MISSING,discovery,0.0,0.0,0,,,,,,,,,,,,,,,,,,
candidate,model_spread_dominant_peak_today,LOW,validation,0.0,0.0,674,0.4065281899109792,0.013932246291505952,-0.01707638407726675,0.10347644552149417,-0.04740553018103598,2.182792706385313,1.4952130038739395,-0.18830621477878562,-0.12460943496985835,-0.09255595351092452,0.08753709198813056,0.14094955489614244,11.775964391691394,11.0,0.10954349522030164,-0.04125756673328373,-1.6954718469887138,0.09293009683746345
candidate,model_spread_dominant_peak_today,MID,validation,0.0,0.0,0,,,,,,,,,,,,,,,,,,
candidate,model_spread_dominant_peak_today,HIGH,validation,0.0,0.0,1017,0.40904621435594885,0.014144185725938263,-0.01858663327896093,0.10426722183434084,-0.04823715041565154,2.161554340086167,1.4961840357335199,-0.18830621477878562,-0.1298069273590534,-0.09311756075057084,0.08849557522123894,0.14945919370698132,11.84267453294002,11.0,0.11052696693971435,-0.042114488662744906,-1.8141261569549636,0.09370106868868713
candidate,model_spread_dominant_peak_today,MISSING,validation,0.0,0.0,0,,,,,,,,,,,,,,,,,,
candidate,model_spread_dominant_peak_today,LOW,holdout,0.0,0.0,628,0.22770700636942676,-0.015626423486486882,-0.03397982683107803,0.08632377120904575,-0.04568596542764393,1.8895030541876752,0.5571112097914177,-0.1549731678107572,-0.11786221601964995,-0.08698331383449953,0.06369426751592357,0.06847133757961783,9.570063694267516,8.0,0.0596305007044742,-0.043907986204094876,-4.110756766367531,0.07265393441232981
candidate,model_spread_dominant_peak_today,MID,holdout,0.0,0.0,0,,,,,,,,,,,,,,,,,,
candidate,model_spread_dominant_peak_today,HIGH,holdout,0.0,0.0,915,0.23934426229508196,-0.013793261603550431,-0.03380492018166392,0.08767428025504263,-0.04572054848146981,1.9176121714851333,0.6033865884414429,-0.1549731678107572,-0.1167876559298389,-0.08761773356316026,0.06557377049180328,0.073224043715847,9.660109289617486,8.0,0.06104166114886108,-0.043603573748740264,-3.8189144492285507,0.07222708552383066
candidate,model_spread_dominant_peak_today,MISSING,holdout,0.0,0.0,0,,,,,,,,,,,,,,,,,,
candidate,ensemble_peak_ambiguous,FALSE,total,,,925,0.3621621621621622,0.008772460703688314,-0.019833244945136164,0.09536853583964945,-0.04039649721249302,2.360812011447264,1.3404610573471756,-0.19148707197488335,-0.10073158476063732,-0.07459194151565977,0.04108108108108108,0.11675675675675676,11.254054054054054,10.0,0.0912365034774013,-0.03635992164041598,-2.133370669902538,0.0797965347596553
candidate,ensemble_peak_ambiguous,TRUE,total,,,1580,0.32974683544303796,-0.0018055272372898385,-0.025953830327549554,0.09073606953094647,-0.04733354604394811,1.9169506008846264,0.9430890113889426,-0.37131225131438994,-0.1346445840654997,-0.0945268875432066,0.08544303797468354,0.10822784810126582,11.073417721518988,10.0,0.0859327732750799,-0.04248730240415233,-2.474763983039359,0.08509876398713076
candidate,ensemble_peak_ambiguous,FALSE,discovery,,,219,0.3744292237442922,0.006088044879323209,-0.01388578804861551,0.07112452771316036,-0.032838901050418735,2.165861994101457,1.296355354133719,-0.19148707197488335,-0.09237492481313653,-0.0634226028786661,0.0319634703196347,0.0867579908675799,12.19634703196347,12.0,0.08689351500423659,-0.029016884682871377,-0.762667822688067,0.0781450605408818
candidate,ensemble_peak_ambiguous,TRUE,discovery,,,354,0.3926553672316384,0.006114996529354224,-0.014362177690821654,0.0777979050394706,-0.04022883734462798,1.9338840039795346,1.2502784955960713,-0.37131225131438994,-0.14739182526921565,-0.07634638626345787,0.04519774011299435,0.11581920903954802,12.293785310734464,11.5,0.09287802931185658,-0.03299565711945685,-1.2039636672189855,0.08410255192992883
candidate,ensemble_peak_ambiguous,FALSE,validation,,,366,0.45901639344262296,0.030745678403179325,-0.009843113113558899,0.11641507586661805,-0.04194350732337473,2.7755207729550313,2.3549873225072995,-0.15669681459529672,-0.09468697486918522,-0.07548036583574819,0.03551912568306011,0.1830601092896175,12.133879781420765,12.0,0.12466143678790184,-0.037124388917511596,-1.6167250597116782,0.09119014635158097
candidate,ensemble_peak_ambiguous,TRUE,validation,,,651,0.38095238095238093,0.004810627630899505,-0.023329508394047016,0.09603803039312078,-0.051329312530467436,1.8710172737286455,1.151395245371474,-0.18830621477878562,-0.13549324116087408,-0.10113925751718084,0.11827956989247312,0.130568356374808,11.678955453149001,11.0,0.10258039863796842,-0.04491998252872861,-1.9257277221680962,0.09511273931139197
candidate,ensemble_peak_ambiguous,FALSE,holdout,,,340,0.25,-0.013151982274187426,-0.03127336395264435,0.07715900574366583,-0.04325564494680518,1.7837904356426597,0.5945968118808866,-0.125007020307063,-0.10459055989510628,-0.08507637465710534,0.052941176470588235,0.06470588235294118,9.7,8.0,0.05805294137145974,-0.04026677478831385,-3.651981650732912,0.06859539067514535
candidate,ensemble_peak_ambiguous,TRUE,holdout,,,575,0.23304347826086957,-0.014172452859173772,-0.03588275906299365,0.09434441707196077,-0.047145832838248664,2.0011188983689063,0.6080497332912322,-0.1549731678107572,-0.12107019910113502,-0.09091410948219764,0.07304347826086957,0.0782608695652174,9.636521739130435,8.0,0.06280890414767232,-0.04557663748186197,-3.915961304661116,0.07437452247783588
candidate,peak_track_split,FALSE,total,,,2181,0.3452544704264099,0.002490340828970162,-0.023329508394047016,0.08872783689584436,-0.04298363293738577,2.064223771524714,1.088487745068704,-0.37131225131438994,-0.11984858432721024,-0.08383854492589615,0.05823016964695094,0.10683172856487849,11.204034846400734,10.0,0.08472078509844341,-0.03854606652261877,-2.4436712965812464,0.07957954813347916
candidate,peak_track_split,TRUE,total,,,324,0.31790123456790126,-0.0005235809629326508,-0.03459807757599326,0.12048437426538726,-0.0569209537616519,2.1166963359380415,0.9865145819077751,-0.21903086744147537,-0.15502898751393032,-0.10555443830023359,0.1419753086419753,0.1419753086419753,10.709876543209877,9.0,0.10923307157875722,-0.05152436490775901,-1.7138327716835646,0.10711372615194362
candidate,peak_track_split,FALSE,discovery,,,534,0.38202247191011235,0.006492741955621651,-0.01418534327129578,0.07461420114321088,-0.03561870554216078,2.094803839934394,1.294969646504898,-0.37131225131438994,-0.13370286479322818,-0.06811202837558325,0.033707865168539325,0.10299625468164794,12.323970037453183,13.0,0.08821810763558618,-0.030605835093717945,-0.9860794714462088,0.07906388595104268
candidate,peak_track_split,TRUE,discovery,,,39,0.4358974358974359,0.0007914460425952896,-0.02461312445239172,0.08381311998532592,-0.06336166564042384,1.322773306828196,1.0221430098217879,-0.21903086744147537,-0.1921145200363175,-0.0982730831906619,0.1282051282051282,0.1282051282051282,11.333333333333334,10.0,0.12307776115184665,-0.0433754980972096,-1.6760180344427238,0.1196399113792598
candidate,peak_track_split,FALSE,validation,,,844,0.4253554502369668,0.015641071755891134,-0.016405465893584992,0.09890850491722039,-0.045993997326412364,2.150465509994312,1.591787872346305,-0.1688644474680978,-0.11940442034215594,-0.0888043831779842,0.07345971563981042,0.14454976303317535,12.060426540284361,11.0,0.1069030820172317,-0.03990511677901898,-1.9064977573738244,0.08857633950420564
candidate,peak_track_split,TRUE,validation,,,173,0.32947976878612717,0.006841458504665267,-0.03055334025286538,0.1380177371544503,-0.057615850831867016,2.395482061997311,1.1770903235676442,-0.18830621477878562,-0.16445782966197722,-0.11206413449837632,0.16184971098265896,0.17341040462427745,10.780346820809248,9.0,0.128206498006624,-0.05289315843074883,-1.3599657882288962,0.11870263765806503
candidate,peak_track_split,FALSE,holdout,,,803,0.23661270236612703,-0.013993468764993971,-0.0329625530676112,0.08464532044249291,-0.04456666607237164,1.8992966695116411,0.5886890166512427,-0.1549731678107572,-0.11353997489401205,-0.08452593092028646,0.058530510585305104,0.06973848069738481,9.55915317559153,8.0,0.05908015143182879,-0.042397928498498307,-4.038761732190348,0.07046631237822129
candidate,peak_track_split,TRUE,holdout,,,112,0.25892857142857145,-0.012357847758557916,-0.041293567809301046,0.1075191893717477,-0.05424259567155626,1.9821910813926744,0.6925727874745489,-0.125007020307063,-0.12132516985595587,-0.10187150794398654,0.11607142857142858,0.09821428571428571,10.383928571428571,8.5,0.07510498528079793,-0.05224761960538572,-2.2779478455055755,0.08485120013029779
candidate,peak_track_merge,FALSE,total,,,2064,0.3483527131782946,0.0024529213973488256,-0.022966285650143248,0.08650133480422702,-0.04247704829748049,2.036425276032135,1.088616931945803,-0.37131225131438994,-0.12287470182650098,-0.08200967317148525,0.05377906976744186,0.10368217054263566,11.24031007751938,10.0,0.08293386099825699,-0.037936607408391665,-2.4179151423117906,0.07783014241352498
candidate,peak_track_merge,TRUE,total,,,441,0.31065759637188206,0.0004511640631876837,-0.03375374188409397,0.12428826282968214,-0.055357002157239085,2.245213035139564,1.0118229796517113,-0.21903086744147537,-0.1448289058137969,-0.10573549988252873,0.14058956916099774,0.1473922902494331,10.671201814058957,9.0,0.11109310292702952,-0.05093357738100923,-2.027430923891866,0.10799643494519774
candidate,peak_track_merge,FALSE,discovery,,,523,0.3824091778202677,0.005713545422783395,-0.01402647014486269,0.07207440374462705,-0.03537676932758419,2.037337074994826,1.2615090247645981,-0.37131225131438994,-0.13409255560539032,-0.06775326544831647,0.03441682600382409,0.09751434034416825,12.302103250478012,13.0,0.08577490821145953,-0.030215958309094095,-0.9870083478682049,0.07740194349763975
candidate,peak_track_merge,TRUE,discovery,,,50,0.42,0.010196126876949258,-0.022946377090589998,0.1062494916209596,-0.05935975793767894,1.7899246107524496,1.2961523043379806,-0.21903086744147537,-0.184322945787456,-0.09266719781819806,0.1,0.18,11.78,10.5,0.14096450335463412,-0.04464428340360687,-1.5147012784938079,0.12809710384764642
candidate,peak_track_merge,FALSE,validation,,,778,0.43316195372750643,0.01578266297006629,-0.015016301816223154,0.09604542493200001,-0.04555191930016424,2.1084825054046346,1.6112440007287114,-0.1688644474680978,-0.12284492604446827,-0.08750491204979632,0.06683804627249357,0.14010282776349614,12.113110539845758,11.0,0.10555122345539354,-0.03913759318924024,-1.7613030255489852,0.08708251531700122
candidate,peak_track_merge,TRUE,validation,,,239,0.3305439330543933,0.008810565240868764,-0.030387198290115047,0.1393399503924276,-0.05563831867771342,2.5043882292626116,1.2365416881984146,-0.18830621477878562,-0.15026641223828688,-0.10892581874028437,0.1589958158995816,0.1799163179916318,10.96234309623431,10.0,0.1267241570267504,-0.05180496848863036,-1.9866514917186942,0.11524598301158095
candidate,peak_track_merge,FALSE,holdout,,,763,0.23853211009174313,-0.013373874551375248,-0.0327085730332235,0.0846828064463177,-0.04409042522535135,1.9206620488120474,0.6016531719170268,-0.1549731678107572,-0.11204226413071967,-0.08337190162038781,0.053735255570117955,0.07077326343381389,9.62254259501966,8.0,0.05792445643186488,-0.042004146781173354,-4.1338219662423255,0.06868938476490566
candidate,peak_track_merge,TRUE,holdout,,,152,0.24342105263157895,-0.015898474240456106,-0.03940280890189218,0.10238909736823024,-0.05395621467107693,1.8976330714155085,0.6105428142815115,-0.125007020307063,-0.12131360862232664,-0.10535169738337781,0.125,0.08552631578947369,9.848684210526315,8.0,0.07668920851115116,-0.051632276224092576,-2.2681027729757837,0.08998541235975024
candidate,peak_track_lost,FALSE,total,,,1998,0.3433433433433433,0.0020900708044753477,-0.023372617084531033,0.08743366078971856,-0.04253317822744298,2.055657828393957,1.0748332852730598,-0.37131225131438994,-0.11967921145593204,-0.08328385039882366,0.05405405405405406,0.1021021021021021,11.164664664664665,10.0,0.08334358026931606,-0.0380199338382625,-2.3121836619280978,0.07860367176723557
candidate,peak_track_lost,TRUE,total,,,507,0.33530571992110453,0.00214167978037869,-0.02938652715814638,0.11319094370681614,-0.05387723674037612,2.1009047708267072,1.0598035935921075,-0.1844147255477271,-0.1363105101068286,-0.10418569731671767,0.1282051282051282,0.14792899408284024,11.043392504930967,10.0,0.10581276945390328,-0.048913288968633103,-2.491826493139369,0.10102111550574189
candidate,peak_track_lost,FALSE,discovery,,,503,0.3797216699801193,0.0036792720056715213,-0.014343471504420391,0.06954331437443781,-0.03664134367520784,1.8979466198313029,1.1618839884223682,-0.37131225131438994,-0.13116374054954294,-0.07101517107352205,0.03777335984095427,0.08946322067594434,12.174950298210735,12.0,0.08579704757271724,-0.03091526479287186,-1.024209940390681,0.07946373552738101
candidate,peak_track_lost,TRUE,discovery,,,70,0.42857142857142855,0.023533096873005754,-0.007911775950367073,0.11211156758159795,-0.04290075615843839,2.613277191841433,1.9599578938810747,-0.14819837427000726,-0.14491611558560466,-0.0827001379025932,0.05714285714285714,0.21428571428571427,12.842857142857143,13.0,0.12503696047497523,-0.035496888214600175,-1.1019263681210525,0.09879732387678958
candidate,peak_track_lost,FALSE,validation,,,741,0.4224021592442645,0.015901958959253292,-0.015975024877534105,0.09851235315524579,-0.04451171717005898,2.213177999376546,1.6185156864599508,-0.18830621477878562,-0.11749164162991844,-0.08499759715219002,0.06072874493927125,0.1417004048582996,11.997300944669366,11.0,0.10583309817222131,-0.03846290298964857,-1.6043355294459198,0.08724477858895742
candidate,peak_track_lost,TRUE,validation,,,276,0.37318840579710144,0.009424946719103336,-0.024869836731924944,0.12175531791741605,-0.057453829196655086,2.119185433240097,1.2617115585186707,-0.1844147255477271,-0.13724542621299193,-0.1095193024798157,0.16304347826086957,0.17028985507246377,11.427536231884059,11.0,0.12312898417417942,-0.051918202372036135,-2.3795469931782214,0.11103480406513537
candidate,peak_track_lost,FALSE,holdout,,,754,0.2413793103448276,-0.01254385137973172,-0.0324857333592628,0.08715577867383176,-0.04426646094222919,1.9688896925276251,0.6264649021678806,-0.1549731678107572,-0.11605190747629388,-0.08539091360929321,0.058355437665782495,0.07161803713527852,9.672413793103448,8.0,0.05960508316100889,-0.042324188995629106,-3.9270373057642796,0.06953779348308561
candidate,peak_track_lost,TRUE,holdout,,,161,0.22981366459627328,-0.019644536813235577,-0.03908177044667294,0.09022474749235017,-0.05242811358183778,1.7209230187447744,0.5135012233351343,-0.13254591912216596,-0.11654237813937322,-0.10147507834388958,0.09937888198757763,0.08074534161490683,9.602484472049689,8.0,0.0677694860112247,-0.04959522656765836,-3.3197238583395685,0.08482165818669878
candidate,mass_change_5,LOW,total,-0.051890758568532286,-0.022022228342345764,199,0.36180904522613067,0.0039485582923700765,-0.0262902064408862,0.09152838984503034,-0.045702999753232595,2.0026779497894225,1.1353764754711686,-0.10620139295225028,-0.10032809064984866,-0.08499552749131115,0.06532663316582915,0.12060301507537688,11.110552763819095,10.0,0.0945559005175043,-0.04291582850981691,-2.0031724096221932,0.08795259010880618
candidate,mass_change_5,MID,total,-0.051890758568532286,-0.022022228342345764,163,0.3987730061349693,0.02119857751690121,-0.014200962040422205,0.10435476106702718,-0.033956034021447645,3.0732317266826152,2.038367981983367,-0.09313527236027619,-0.08740586246049888,-0.06349346106325152,0.018404907975460124,0.12883435582822086,11.515337423312884,11.0,0.09129908930530865,-0.029009520817302622,-2.4431057550200848,0.06740014525820856
candidate,mass_change_5,HIGH,total,-0.051890758568532286,-0.022022228342345764,190,0.3473684210526316,0.006371319394150368,-0.017411091279475654,0.08308623473249828,-0.03446081296335739,2.4110352480901978,1.2832929546286536,-0.08692150566917811,-0.08520663959607465,-0.06590799711420622,0.015789473684210527,0.07894736842105263,11.889473684210527,12.0,0.07490355683815071,-0.030913259294944633,-2.6775809746999943,0.06587107879408136
candidate,mass_change_5,MISSING,total,-0.051890758568532286,-0.022022228342345764,1953,0.3343573988735279,-9.72292904922517e-05,-0.025594533809145892,0.09244281271265214,-0.046580804235148626,1.9845688418341494,0.996864195167461,-0.37131225131438994,-0.13331956824669466,-0.09284521315491935,0.07885304659498207,0.11213517665130568,11.038914490527393,10.0,0.08819124215679731,-0.04179239338619154,-2.3444838661891763,0.0856444176511684
candidate,mass_change_5,LOW,discovery,-0.051890758568532286,-0.022022228342345764,48,0.4375,0.007068106143808585,-0.01917157606159392,0.07493451113692233,-0.04571687551750211,1.6390995729407325,1.2748552233983474,-0.0927258286262902,-0.09180957978083339,-0.08872694129078194,0.08333333333333333,0.10416666666666667,11.229166666666666,10.0,0.10398984147231666,-0.034664498775113774,-0.7483200979180982,0.09425873415779157
candidate,mass_change_5,MID,discovery,-0.051890758568532286,-0.022022228342345764,48,0.3958333333333333,0.016174591551784502,-0.008693963575163333,0.07819957039392844,-0.024462463551689115,3.196716889478158,2.0944007206925863,-0.05928872888317449,-0.057925113989382694,-0.05159466501998754,0.0,0.125,13.5625,13.0,0.08802526107666349,-0.023308866601780984,-0.2108810542620701,0.06916358797553206
candidate,mass_change_5,HIGH,discovery,-0.051890758568532286,-0.022022228342345764,48,0.3125,-0.006348372843586456,-0.0139561290967391,0.035683625080094795,-0.02545382644525975,1.4018962986502226,0.6372255902955557,-0.08692150566917811,-0.07197954909393434,-0.04929118582805058,0.020833333333333332,0.0,13.145833333333334,13.0,0.05716762242563361,-0.02628738895297708,-0.9307772529655435,0.06088847144013754
candidate,mass_change_5,MISSING,discovery,-0.051890758568532286,-0.022022228342345764,429,0.38694638694638694,0.006263550133022983,-0.014343471504420391,0.07862318750243451,-0.03940831223702383,1.9950914677479787,1.2592592534074694,-0.37131225131438994,-0.14777227291109848,-0.07429324533536574,0.04195804195804196,0.11421911421911422,12.125874125874127,11.0,0.09311825492667501,-0.03261222414452846,-1.1698172000981304,0.084193831119165
candidate,mass_change_5,LOW,validation,-0.051890758568532286,-0.022022228342345764,88,0.4090909090909091,0.013011822442158677,-0.01650213705712672,0.09085938751951676,-0.04088264568831999,2.2224439243049017,1.5386150245187782,-0.10031718540361112,-0.08721226306087221,-0.07730564550187013,0.045454545454545456,0.17045454545454544,11.897727272727273,11.0,0.10248322532807079,-0.04335412401649894,-1.8622956305884397,0.08679268468139786
candidate,mass_change_5,MID,validation,-0.051890758568532286,-0.022022228342345764,52,0.6346153846153846,0.062487921398862056,0.029642297041340804,0.11576927437547434,-0.030053375876306625,3.8521221327000443,6.69052791468955,-0.07661753449477693,-0.07417005859565814,-0.04757372140274963,0.0,0.17307692307692307,12.865384615384615,12.0,0.13818596272987332,-0.02220400815071871,-1.4591919642850468,0.07288849293870689
candidate,mass_change_5,HIGH,validation,-0.051890758568532286,-0.022022228342345764,57,0.43859649122807015,0.03626809378364132,-0.014371015350402971,0.12896975211820041,-0.03615507679023297,3.567127041838856,2.786818001436606,-0.07249571314435543,-0.07215330965015732,-0.06669994852955911,0.0,0.14035087719298245,12.964912280701755,14.0,0.1254581610862116,-0.030028439219287894,-1.9575001805216814,0.08644985228624055
candidate,mass_change_5,MISSING,validation,-0.051890758568532286,-0.022022228342345764,820,0.3926829268292683,0.00966212591458642,-0.021578676431455335,0.10266955427030287,-0.05047520727927038,2.0340590916695085,1.315194834372654,-0.18830621477878562,-0.13450312096054884,-0.0982180374934264,0.1048780487804878,0.14634146341463414,11.69390243902439,11.0,0.1085983125670144,-0.04408419828929619,-1.8216310918506262,0.09626632608695528
candidate,mass_change_5,LOW,holdout,-0.051890758568532286,-0.022022228342345764,63,0.23809523809523808,-0.011088037613192546,-0.0338699882050878,0.11636542561761416,-0.05091724487281964,2.285383388442757,0.7141823088883616,-0.10620139295225028,-0.10289124690545748,-0.08651758752354234,0.07936507936507936,0.06349206349206349,9.920634920634921,8.0,0.07629504735622102,-0.04859033363168565,-3.184591432583371,0.08476809428754643
candidate,mass_change_5,MID,holdout,-0.051890758568532286,-0.022022228342345764,63,0.20634920634920634,-0.009053717015421996,-0.03464512460736202,0.1136062751908826,-0.04094531498906119,2.774585449427688,0.7213922168511988,-0.09313527236027619,-0.08978215509304092,-0.06655257428719255,0.047619047619047616,0.09523809523809523,8.841269841269842,7.0,0.0550931581449532,-0.03897012496027725,-5.0280084927386435,0.06152650510237614
candidate,mass_change_5,HIGH,holdout,-0.051890758568532286,-0.022022228342345764,85,0.3058823529411765,-0.0064942207563157125,-0.026889316610064662,0.06631512743032514,-0.03857969622839474,1.7189126383405027,0.7574869253703911,-0.08668475238629181,-0.08528967964046887,-0.06612510068333008,0.023529411764705882,0.08235294117647059,10.458823529411765,9.0,0.05101782048122544,-0.03411886542114318,-4.2272556505924594,0.05488490307568408
candidate,mass_change_5,MISSING,holdout,-0.051890758568532286,-0.022022228342345764,704,0.234375,-0.015340760030339622,-0.03467563921615313,0.08638855212678909,-0.04648238620088922,1.8585223175383463,0.5689354033280651,-0.1549731678107572,-0.12071604838898527,-0.09103929394502228,0.07102272727272728,0.07102272727272728,9.613636363636363,8.0,0.06141924469279794,-0.044717127170463784,-3.719499571780433,0.07415625956151532
candidate,prominence_change_5,LOW,total,-0.05273136038127692,-0.022256424937913247,212,0.36792452830188677,0.008149417721941523,-0.025889522748716864,0.10017560242239124,-0.04541806292458891,2.205633529301337,1.2838762334739124,-0.10620139295225028,-0.09948213615810582,-0.08319660195718648,0.06132075471698113,0.12735849056603774,11.084905660377359,9.5,0.10199755896862847,-0.041815506132388915,-2.224092216477649,0.09118228075197747
candidate,prominence_change_5,MID,total,-0.05273136038127692,-0.022256424937913247,160,0.38125,0.020280719835124836,-0.014715655370244995,0.1086489590016994,-0.03416839722710797,3.179808472710603,1.9592759276297658,-0.09313527236027619,-0.08867163343933351,-0.06437344203634991,0.01875,0.11875,11.53125,11.0,0.0886523915645634,-0.030356650363925153,-2.0560076753115557,0.06567373230031279
candidate,prominence_change_5,HIGH,total,-0.05273136038127692,-0.022256424937913247,180,0.35555555555555557,0.002661612164741868,-0.017128037330270685,0.06899236785146341,-0.03393466683482864,2.033094009358404,1.1217070396460158,-0.08772701870344513,-0.0853727196848631,-0.0603326952264084,0.016666666666666666,0.07777777777777778,11.955555555555556,11.5,0.0673454800406551,-0.03011316485788277,-2.8053331080603843,0.062032518845258976
candidate,prominence_change_5,MISSING,total,-0.05273136038127692,-0.022256424937913247,1953,0.3343573988735279,-9.72292904922517e-05,-0.025594533809145892,0.09244281271265214,-0.046580804235148626,1.9845688418341494,0.996864195167461,-0.37131225131438994,-0.13331956824669466,-0.09284521315491935,0.07885304659498207,0.11213517665130568,11.038914490527393,10.0,0.08819124215679731,-0.04179239338619154,-2.3444838661891763,0.0856444176511684
candidate,prominence_change_5,LOW,discovery,-0.05273136038127692,-0.022256424937913247,48,0.4375,0.004480728822847409,-0.014915040632131837,0.06825205369269972,-0.04511919052037105,1.5127056338008618,1.1765488262895591,-0.0927258286262902,-0.09179795604268219,-0.0862373594098191,0.08333333333333333,0.10416666666666667,11.270833333333334,10.0,0.10314934729676506,-0.033904414526584,-1.009383130660157,0.09601245913325494
candidate,prominence_change_5,MID,discovery,-0.05273136038127692,-0.022256424937913247,48,0.3333333333333333,0.009008997273222331,-0.015140078392279321,0.08272069997081337,-0.027846854075573187,2.9705581731537363,1.4852790865768681,-0.09077636299765868,-0.0759771749638511,-0.05594736143423323,0.020833333333333332,0.10416666666666667,12.9375,13.0,0.08333525272253539,-0.027510660682379912,-0.3933259704207489,0.07165812195902617
candidate,prominence_change_5,HIGH,discovery,-0.05273136038127692,-0.022256424937913247,48,0.375,0.003404598755936891,-0.013864723533471401,0.046547034471206845,-0.02248086267322508,2.0705181623943996,1.2423108974366397,-0.05401324121676898,-0.05098190187581327,-0.04188808187522387,0.0,0.020833333333333332,13.729166666666666,13.5,0.0626981249553133,-0.02284567912090792,-0.4817147714532728,0.05664021248118004
candidate,prominence_change_5,MISSING,discovery,-0.05273136038127692,-0.022256424937913247,429,0.38694638694638694,0.006263550133022983,-0.014343471504420391,0.07862318750243451,-0.03940831223702383,1.9950914677479787,1.2592592534074694,-0.37131225131438994,-0.14777227291109848,-0.07429324533536574,0.04195804195804196,0.11421911421911422,12.125874125874127,11.0,0.09311825492667501,-0.03261222414452846,-1.1698172000981304,0.084193831119165
candidate,prominence_change_5,LOW,validation,-0.05273136038127692,-0.022256424937913247,98,0.40816326530612246,0.0206020715840838,-0.01703940736916626,0.10957452291420042,-0.040758239678065585,2.688401750902136,1.854070173035956,-0.10031718540361112,-0.08570595014791371,-0.07289139988213489,0.04081632653061224,0.16326530612244897,11.928571428571429,11.0,0.11512076340079144,-0.041504768372795375,-1.8405236296405443,0.09181990263364916
candidate,prominence_change_5,MID,validation,-0.05273136038127692,-0.022256424937913247,48,0.6458333333333334,0.06695288722168662,0.023492577490642375,0.1196758359990149,-0.029188960548735543,4.100037608369004,7.476539168202303,-0.07661753449477693,-0.07436201748970668,-0.04541911940136356,0.0,0.16666666666666666,13.25,12.0,0.13981748629536073,-0.023298579222023896,-1.4973574112913215,0.07004324392357367
candidate,prominence_change_5,HIGH,validation,-0.05273136038127692,-0.022256424937913247,51,0.45098039215686275,0.02409709865563089,-0.01002520853977873,0.09663634676133862,-0.03548871228834329,2.7230164333993043,2.236763498863714,-0.07953411305327662,-0.075709195693282,-0.05761029518919114,0.0,0.1568627450980392,12.745098039215685,12.0,0.10514186112319268,-0.02932535822740384,-1.9417322748055443,0.07833673134632015
candidate,prominence_change_5,MISSING,validation,-0.05273136038127692,-0.022256424937913247,820,0.3926829268292683,0.00966212591458642,-0.021578676431455335,0.10266955427030287,-0.05047520727927038,2.0340590916695085,1.315194834372654,-0.18830621477878562,-0.13450312096054884,-0.0982180374934264,0.1048780487804878,0.14634146341463414,11.69390243902439,11.0,0.1085983125670144,-0.04408419828929619,-1.8216310918506262,0.09626632608695528
candidate,prominence_change_5,LOW,holdout,-0.05273136038127692,-0.022256424937913247,66,0.25757575757575757,-0.007672749116443726,-0.037421787372449444,0.11749546734304739,-0.051098456867695756,2.299393651891816,0.7977488180032831,-0.10620139295225028,-0.1027310785483546,-0.086447764215655,0.07575757575757576,0.09090909090909091,9.696969696969697,8.0,0.08167392451252958,-0.04803042579176469,-3.721893538413006,0.08672265186250555
candidate,prominence_change_5,MID,holdout,-0.05273136038127692,-0.022256424937913247,64,0.21875,-0.006269613783369618,-0.034117547969616635,0.11386459882865621,-0.039907193314736855,2.853234952672267,0.7989057867482348,-0.09313527236027619,-0.08940173637412402,-0.06668529946427447,0.03125,0.09375,9.1875,8.0,0.05426642464798642,-0.03778469598151003,-3.767525749718424,0.05790830633883207
candidate,prominence_change_5,HIGH,holdout,-0.05273136038127692,-0.022256424937913247,81,0.2839506172839506,-0.01127509360578531,-0.027994014835572067,0.05891430202178902,-0.03910881945809928,1.506419852046649,0.5973733896047057,-0.08772701870344513,-0.08689320564972247,-0.06815286903629869,0.037037037037037035,0.06172839506172839,10.407407407407407,9.0,0.0463017468170377,-0.0349158494693546,-4.8104660486298085,0.05496234437515614
candidate,prominence_change_5,MISSING,holdout,-0.05273136038127692,-0.022256424937913247,704,0.234375,-0.015340760030339622,-0.03467563921615313,0.08638855212678909,-0.04648238620088922,1.8585223175383463,0.5689354033280651,-0.1549731678107572,-0.12071604838898527,-0.09103929394502228,0.07102272727272728,0.07102272727272728,9.613636363636363,8.0,0.06141924469279794,-0.044717127170463784,-3.719499571780433,0.07415625956151532
entry,peak_track_age,LOW,total,26.0,67.0,255,0.34509803921568627,0.00701407447337184,-0.02438301670975307,0.1034226338976492,-0.043788040672355144,2.3618922497928385,1.2445899280345496,-0.13415768813160078,-0.10969635434567365,-0.08562133555732832,0.06274509803921569,0.12549019607843137,10.91764705882353,10.0,0.10320053747354908,-0.04170304057358942,-1.8147813255788579,0.09352360470599587
entry,peak_track_age,MID,total,26.0,67.0,279,0.33691756272401435,0.005599561801911134,-0.02275704486162544,0.09564536385550304,-0.04015344032261663,2.381996737690003,1.2103118559073527,-0.11816196974607462,-0.0944078150529005,-0.0820731904837808,0.053763440860215055,0.1003584229390681,10.78853046594982,10.0,0.08578449742364239,-0.036254023556584365,-2.211720950359803,0.07752581773882605
entry,peak_track_age,HIGH,total,26.0,67.0,316,0.3449367088607595,0.00731914048959646,-0.020439063831194648,0.09431568509039952,-0.03849063420358002,2.450354145674929,1.2902831008626439,-0.10440903727174633,-0.10025163708426196,-0.07186296763948066,0.03164556962025317,0.10759493670886076,11.20253164556962,10.0,0.07881491360274714,-0.03445814596321588,-2.397922922806754,0.06883210812957719
entry,peak_track_age,MISSING,total,26.0,67.0,1655,0.3413897280966767,-0.00024285317955393592,-0.025027111029923943,0.08999944437458712,-0.04701982393009495,1.9140744658761504,0.9921578653394726,-0.37131225131438994,-0.13557591970149377,-0.09148513549946752,0.0797583081570997,0.11178247734138973,11.221752265861028,10.0,0.08762055767722242,-0.04176733732508574,-2.4455271295914027,0.08521974213549244
entry,peak_track_age,LOW,discovery,26.0,67.0,71,0.323943661971831,-0.007263030453676198,-0.025100460003120162,0.05727282083020069,-0.038186459193867206,1.4998201467026504,0.71866382029502,-0.10266781054077834,-0.09432648531015664,-0.07152660587712623,0.04225352112676056,0.07042253521126761,11.647887323943662,12.0,0.08371952355954905,-0.035008214722106724,-0.952820552475071,0.08835744882323139
entry,peak_track_age,MID,discovery,26.0,67.0,65,0.4307692307692308,0.013711372086492096,-0.00581365117521504,0.07479827411695358,-0.03251655377439767,2.3003136997822624,1.7407779349703607,-0.0927258286262902,-0.09147817062396603,-0.05670912135091066,0.03076923076923077,0.1076923076923077,11.584615384615384,11.0,0.092827347793881,-0.026895523747378976,-0.4664203118195782,0.0764354076761246
entry,peak_track_age,HIGH,discovery,26.0,67.0,70,0.37142857142857144,0.0077692977491184215,-0.013494315196867779,0.06933378047609871,-0.02860971477136993,2.4234348727405637,1.432029697528515,-0.08692150566917811,-0.08557276018644176,-0.0595818619849423,0.02857142857142857,0.08571428571428572,13.371428571428572,13.0,0.07817733032142055,-0.026356124433297465,-0.8447317706477516,0.06774317723298029
entry,peak_track_age,MISSING,discovery,26.0,67.0,367,0.3923705722070845,0.00702609191856652,-0.01418980024015315,0.07938760573762277,-0.039700625525129,1.9996562947697991,1.2912578764432785,-0.37131225131438994,-0.15116150978942436,-0.07533338156336919,0.043596730245231606,0.11444141689373297,12.280653950953678,11.0,0.0938916219632026,-0.03257885386009952,-1.1854142092667255,0.08420263997259338
entry,peak_track_age,LOW,validation,26.0,67.0,111,0.45045045045045046,0.03771192510056353,-0.01090277339573642,0.13877578257705062,-0.045127302339179935,3.0752067015662092,2.520661230791975,-0.13415768813160078,-0.11882177506746477,-0.07724857872820018,0.05405405405405406,0.2072072072072072,11.99099099099099,11.0,0.15177052848817477,-0.04328006538362712,-1.308194960870073,0.11131457043239157
entry,peak_track_age,MID,validation,26.0,67.0,98,0.42857142857142855,0.022253090439489354,-0.017054891601997857,0.10898928506148636,-0.0427990555270084,2.5465348176365374,1.909901113227403,-0.09536266391085502,-0.09285316587470241,-0.08223565752091465,0.061224489795918366,0.16326530612244897,11.744897959183673,11.5,0.1131435437661884,-0.03746016835838793,-2.1764468127065,0.08818729833648414
entry,peak_track_age,HIGH,validation,26.0,67.0,127,0.44881889763779526,0.026479677618088997,-0.0067082049741187255,0.11245102222061651,-0.043525560129683415,2.5835628969637896,2.1037583589562288,-0.10423783254225272,-0.10139163257862577,-0.08162795826373859,0.05511811023622047,0.14960629921259844,11.874015748031496,11.0,0.10737020094057613,-0.03500440730952408,-1.8419930790152834,0.07817619192172352
entry,peak_track_age,MISSING,validation,26.0,67.0,681,0.3920704845814978,0.006835376323861079,-0.022003602263431787,0.09531504462575163,-0.05022759816069152,1.8976628012514816,1.2238549950100135,-0.18830621477878562,-0.13707680775189263,-0.0986929669753055,0.10425844346549193,0.13803230543318648,11.826725403817916,11.0,0.10401661366661158,-0.0439202518135057,-1.8403596667718924,0.0945188515820338
entry,peak_track_age,LOW,holdout,26.0,67.0,73,0.2054794520547945,-0.02577752785262636,-0.03113341304852546,0.05634185166973224,-0.047015298418753584,1.1983727332305618,0.3099239827320418,-0.11516523626304731,-0.1078733937065491,-0.09739680765488465,0.0958904109589041,0.0547945205479452,8.575342465753424,7.0,0.04829482494300869,-0.04581650470428927,-3.5093279199025567,0.07149620569293225
entry,peak_track_age,MID,holdout,26.0,67.0,116,0.20689655172413793,-0.013015209534127041,-0.03135348884925393,0.09661510644000652,-0.041614422396944496,2.3216736139800513,0.6056539862556656,-0.11816196974607462,-0.09985385536441692,-0.08621501985603056,0.0603448275862069,0.04310344827586207,9.53448275862069,8.0,0.05872439556471982,-0.04047902611711541,-3.2611677785334257,0.06912971045869759
entry,peak_track_age,HIGH,holdout,26.0,67.0,119,0.2184873949579832,-0.013394298363219422,-0.0329625530676112,0.07953935061153221,-0.039375748614225256,2.0200085943965282,0.5647335855302122,-0.10440903727174633,-0.07605564984896789,-0.0649451033284498,0.008403361344537815,0.07563025210084033,9.210084033613445,7.0,0.048714992071558744,-0.03864105618265407,-3.9837202009680177,0.059500398223351965
entry,peak_track_age,MISSING,holdout,26.0,67.0,607,0.25370675453047775,-0.012578894601029771,-0.034871491470559346,0.09070619435291144,-0.04769126479729235,1.9019456652795932,0.6465775550840118,-0.1549731678107572,-0.12178984464204938,-0.08875203941874307,0.07413509060955518,0.08072487644151564,9.902800658978583,9.0,0.06543407543384723,-0.04490743397259143,-3.928723235158008,0.07540192164239407
entry,valid_base_rate_20,LOW,total,0.0,0.4,855,0.34502923976608185,0.000963964472001078,-0.024687872028890556,0.09133352573297404,-0.046641429406547176,1.958205974711258,1.0315549331068232,-0.21903086744147537,-0.12816821641327247,-0.09031242657689739,0.08187134502923976,0.1111111111111111,11.021052631578947,10.0,0.08448948337663283,-0.04031582026616661,-2.752784531343949,0.08087865898227677
entry,valid_base_rate_20,MID,total,0.0,0.4,748,0.32754010695187163,-0.00037651065838809316,-0.026523238658133164,0.09824872198231638,-0.04841464584123621,2.0293182006225683,0.988435306466261,-0.37131225131438994,-0.1343837120814063,-0.09776805752371279,0.0855614973262032,0.12165775401069519,11.054812834224599,10.0,0.09545113084442103,-0.0448569609908239,-2.123372999326913,0.0931843262134534
entry,valid_base_rate_20,HIGH,total,0.0,0.4,902,0.35033259423503327,0.005231966147347133,-0.021850434437280075,0.08926463530066715,-0.040082578993351034,2.2270182593658587,1.200917696176811,-0.1844147255477271,-0.10420407869398507,-0.07447904497970914,0.043237250554323724,0.10310421286031042,11.323725055432373,10.0,0.08484655580108033,-0.036296931449264665,-2.1510207382076287,0.07695644380802436
entry,valid_base_rate_20,MISSING,total,0.0,0.4,0,,,,,,,,,,,,,,,,,,
entry,valid_base_rate_20,LOW,discovery,0.0,0.4,202,0.400990099009901,0.008411137201202765,-0.012455832966140279,0.07615152908154724,-0.036935736702168334,2.0617303425025963,1.3801665929149611,-0.21903086744147537,-0.14794690699551347,-0.07062613666031894,0.034653465346534656,0.09405940594059406,12.099009900990099,11.0,0.09099573765069295,-0.03167589250579696,-1.3086372687003835,0.0799180478871088
entry,valid_base_rate_20,MID,discovery,0.0,0.4,177,0.3954802259887006,0.007613566682022187,-0.016525763949195582,0.08854084068036815,-0.04532950976549385,1.9532715252916328,1.2778411847702271,-0.37131225131438994,-0.15743110088785373,-0.08787800356096431,0.062146892655367235,0.15819209039548024,12.192090395480227,11.0,0.10341953287114164,-0.03404013010895285,-1.0129602621359757,0.09314152265115593
entry,valid_base_rate_20,HIGH,discovery,0.0,0.4,194,0.36082474226804123,0.0023264926938262476,-0.013864723533471401,0.06114267671049231,-0.030876191831711048,1.9802531686468021,1.117884853268356,-0.0927258286262902,-0.08719134568217175,-0.059914468198754275,0.02577319587628866,0.06701030927835051,12.47938144329897,13.0,0.07846446308604633,-0.028925397166911948,-0.7665413851318296,0.0734875075216358
entry,valid_base_rate_20,MISSING,discovery,0.0,0.4,0,,,,,,,,,,,,,,,,,,
entry,valid_base_rate_20,LOW,validation,0.0,0.4,307,0.4234527687296417,0.009742671432644633,-0.020250805624645207,0.09474757304897319,-0.05269030715561928,1.7981973946202099,1.3207099508510016,-0.1494453925023993,-0.13023816708162733,-0.10391274317764193,0.13029315960912052,0.1465798045602606,11.8371335504886,11.0,0.10211323920666486,-0.04141617864791426,-2.104052317398291,0.0897004942211561
entry,valid_base_rate_20,MID,validation,0.0,0.4,337,0.3590504451038576,0.008147229277103185,-0.0247562669887762,0.11231906947686951,-0.050208292316284445,2.237062132472492,1.2531690649498681,-0.18830621477878562,-0.13014404982865785,-0.09837633441940927,0.09792284866468842,0.14540059347181009,11.58753709198813,11.0,0.11465035233277836,-0.04908552126200075,-1.7024814512353155,0.10383726834789425
entry,valid_base_rate_20,HIGH,validation,0.0,0.4,373,0.44235924932975873,0.023185041520304383,-0.01442649373521998,0.10586286290920034,-0.04240073025454097,2.4967226336358395,1.9805732430284302,-0.1844147255477271,-0.1070012782936067,-0.07533576836049405,0.045576407506702415,0.1554959785522788,12.077747989276139,11.0,0.11372652065709675,-0.03639101195658883,-1.6787940380711828,0.08783585977817567
entry,valid_base_rate_20,MISSING,validation,0.0,0.4,0,,,,,,,,,,,,,,,,,,
entry,valid_base_rate_20,LOW,holdout,0.0,0.4,346,0.24277456647398843,-0.011173006418797506,-0.035023892656950384,0.10068966356256549,-0.04703737389373832,2.1406310605271575,0.6863091949781727,-0.1549731678107572,-0.121020108350034,-0.08570739859480625,0.06647398843930635,0.08959537572254335,9.667630057803468,8.0,0.06505377122871381,-0.044383610394484935,-4.200698703096585,0.07361201164958307
entry,valid_base_rate_20,MID,holdout,0.0,0.4,234,0.23076923076923078,-0.018695929664854675,-0.03670611203881058,0.07930501169149136,-0.048096212071758494,1.6488826931561682,0.4946648079468505,-0.125007020307063,-0.11893720510982007,-0.09820814185687293,0.08547008547008547,0.05982905982905983,9.427350427350428,8.0,0.06177358896277157,-0.046949073190416114,-3.6259853759458576,0.0778746455776419
entry,valid_base_rate_20,HIGH,holdout,0.0,0.4,335,0.2417910447761194,-0.013075004790354365,-0.03055060847839708,0.07975635808960867,-0.042678707126090606,1.8687622812466014,0.5959438770904516,-0.13254591912216596,-0.10580572958179711,-0.08006403589052058,0.050746268656716415,0.06567164179104477,9.814925373134328,9.0,0.056386553100848856,-0.04046106763297964,-3.5495598928004513,0.06685182136830183
entry,valid_base_rate_20,MISSING,holdout,0.0,0.4,0,,,,,,,,,,,,,,,,,,
entry,days_since_rebinding,LOW,total,27.0,70.99999999999997,237,0.3291139240506329,0.006180207923190636,-0.025100460003120162,0.10708242454741597,-0.043318992684919906,2.4719509367698946,1.2126551765286275,-0.13415768813160078,-0.11151931498479821,-0.08564731121773225,0.06329113924050633,0.12658227848101267,10.746835443037975,10.0,0.09664022891785765,-0.04138964135331994,-2.156117237617776,0.08779936770289391
entry,days_since_rebinding,MID,total,27.0,70.99999999999997,247,0.3076923076923077,0.00032333975510406463,-0.02275704486162544,0.08961554304504613,-0.039362083929314624,2.27669711811944,1.0118653858308622,-0.11816196974607462,-0.09833254716535667,-0.07942128196284089,0.048582995951417005,0.07692307692307693,10.421052631578947,9.0,0.0794823582776006,-0.035556758951023296,-2.2588961655719433,0.07651385261106362
entry,days_since_rebinding,HIGH,total,27.0,70.99999999999997,266,0.34210526315789475,0.005486743490344603,-0.020839567613834264,0.08867607509211593,-0.0377717089425765,2.3476850154418014,1.2207962080297368,-0.10423783254225272,-0.09937924854310587,-0.07195177863131472,0.03007518796992481,0.09774436090225563,11.11654135338346,10.0,0.0753188152269835,-0.034440797784323206,-2.648812953862934,0.06717325218042475
entry,days_since_rebinding,MISSING,total,27.0,70.99999999999997,1755,0.34814814814814815,0.001286464473079881,-0.024862688784297537,0.09163538218068933,-0.04696807112075699,1.9510143804945854,1.0420190441277901,-0.37131225131438994,-0.13471653126936517,-0.090904059925584,0.07863247863247863,0.11623931623931624,11.298005698005698,10.0,0.08979878398447019,-0.04160099637816291,-2.3428103816762373,0.08586460679876708
entry,days_since_rebinding,LOW,discovery,27.0,70.99999999999997,63,0.31746031746031744,-0.0028041048325569023,-0.018310178809461952,0.06588353579737448,-0.03475184466043196,1.8958284500042293,0.8817806744205718,-0.10266781054077834,-0.09181643100791474,-0.057349966422503305,0.031746031746031744,0.06349206349206349,11.333333333333334,11.0,0.08214504380781311,-0.03271784258231532,-0.8668160967009785,0.08231225266475128
entry,days_since_rebinding,MID,discovery,27.0,70.99999999999997,57,0.40350877192982454,0.010065396314278165,-0.007443904012504499,0.07032486682564354,-0.03069836314929253,2.290834416272916,1.549682105125796,-0.09077636299765868,-0.07971189762047302,-0.055524861863158415,0.017543859649122806,0.08771929824561403,11.333333333333334,10.0,0.08667434844485468,-0.023576871580878157,-0.49738031806614874,0.07393802519279
entry,days_since_rebinding,HIGH,discovery,27.0,70.99999999999997,61,0.3442622950819672,0.0002457839795844021,-0.014909137066215439,0.05413232200057457,-0.028044648481435435,1.9302193085575043,1.0133651369926897,-0.08692150566917811,-0.08574868351027694,-0.054225060911973544,0.03278688524590164,0.06557377049180328,13.39344262295082,13.0,0.06430379138776024,-0.027598272640305392,-0.9613711982616835,0.06141304657832555
entry,days_since_rebinding,MISSING,discovery,27.0,70.99999999999997,392,0.4005102040816326,0.007872267325882037,-0.01418534327129578,0.08009043731220512,-0.04037561645221466,1.9836337955853565,1.3252361953485148,-0.37131225131438994,-0.1489827336722059,-0.07651456325209337,0.04591836734693878,0.11989795918367346,12.362244897959183,12.0,0.09660815118985387,-0.03302693870403574,-1.1491499815573472,0.08607075624107575
entry,days_since_rebinding,LOW,validation,27.0,70.99999999999997,104,0.41346153846153844,0.03249143766013065,-0.013837035896544614,0.14234101017420558,-0.04494350689897134,3.167109555873653,2.2325526377470015,-0.13415768813160078,-0.12083085487704585,-0.07979781031939862,0.057692307692307696,0.21153846153846154,11.75,11.0,0.1402445304951399,-0.04346067242094042,-1.6800349908086334,0.10502286447163474
entry,days_since_rebinding,MID,validation,27.0,70.99999999999997,78,0.3974358974358974,0.013480071670748913,-0.01751762345553276,0.09652079007698329,-0.041291466001448236,2.337548152773214,1.5417870794887154,-0.09536266391085502,-0.09337058815019779,-0.0798662345567121,0.05128205128205128,0.11538461538461539,11.35897435897436,11.0,0.10428196539946892,-0.036666882154036434,-2.251250171587025,0.0881219373276664
entry,days_since_rebinding,HIGH,validation,27.0,70.99999999999997,108,0.4537037037037037,0.027792900976095852,-0.006005121964588134,0.11202802729215489,-0.04216508528639387,2.656890802692266,2.206570327659679,-0.10423783254225272,-0.10028659618791486,-0.08102360859535733,0.05555555555555555,0.1574074074074074,11.75925925925926,11.0,0.10794337368563219,-0.033753224051003713,-2.013904734369232,0.07743266873793225
entry,days_since_rebinding,MISSING,validation,27.0,70.99999999999997,727,0.4030261348005502,0.009563202848540382,-0.02145550041527,0.09820130722147738,-0.0502777293663687,1.9531770519287863,1.3186195304496184,-0.18830621477878562,-0.13592960567925233,-0.09804466857820067,0.10178817056396149,0.14305364511691884,11.92022008253095,11.0,0.10732959635074017,-0.043748500732751744,-1.7582976695456702,0.09509679452006896
entry,days_since_rebinding,LOW,holdout,27.0,70.99999999999997,70,0.21428571428571427,-0.024824880491518885,-0.0321173413065029,0.06093966408400773,-0.04821521083029886,1.263909522214776,0.3447025969676662,-0.11516523626304731,-0.10817722047973652,-0.09749898824109386,0.1,0.05714285714285714,8.728571428571428,7.5,0.0449023617449356,-0.046117299803902244,-4.129790620937471,0.06714857603795028
entry,days_since_rebinding,MID,holdout,27.0,70.99999999999997,112,0.19642857142857142,-0.013797395185013986,-0.03175896629595537,0.1000529473657828,-0.0416274789196532,2.4035312721891913,0.5875298665351356,-0.11816196974607462,-0.10401891242055789,-0.08918829091436632,0.0625,0.044642857142857144,9.303571428571429,8.0,0.05855099403617904,-0.04088054439980231,-3.1870563671118246,0.0697405629230867
entry,days_since_rebinding,HIGH,holdout,27.0,70.99999999999997,97,0.21649484536082475,-0.016053117110735423,-0.03380492018166392,0.06873193971689975,-0.03948056702363462,1.7409055871906325,0.4810397017237274,-0.07641096210821907,-0.07451596339221275,-0.06514603719829264,0.0,0.05154639175257732,8.969072164948454,7.0,0.04592153832655629,-0.03950937507281386,-4.528329360193497,0.05937279396926228
entry,days_since_rebinding,MISSING,holdout,27.0,70.99999999999997,636,0.2531446540880503,-0.012233698289904749,-0.034404673196073154,0.09094432818939197,-0.047205618843940055,1.9265572704395717,0.6530015169279391,-0.1549731678107572,-0.12148293698489472,-0.08824173383947148,0.07232704402515723,0.08333333333333333,9.930817610062894,9.0,0.06556266364675219,-0.04443086263991097,-3.7903017950361324,0.07518440073780563
entry,peak_track_mass,LOW,total,0.1686020290975746,0.3675402785046276,300,0.31,0.0012574893959827805,-0.02567557188605657,0.09532281484493203,-0.04100374377673354,2.3247344282504363,1.0444459025472974,-0.12169188908115203,-0.10147801897090591,-0.07964482022108844,0.05,0.10333333333333333,11.07,10.0,0.08155163113978771,-0.03936877432361625,-2.577548426697014,0.07764650565029389
entry,peak_track_mass,MID,total,0.1686020290975746,0.3675402785046276,279,0.3906810035842294,0.0154175818224331,-0.015975024877534105,0.10316910543546695,-0.040846630376512136,2.5257678414225286,1.6194629100885627,-0.10440903727174633,-0.09834389267046612,-0.0807130079327846,0.053763440860215055,0.12544802867383512,10.874551971326165,10.0,0.10093793066092427,-0.03610863339534417,-1.3202741668839897,0.08283526905822346
entry,peak_track_mass,HIGH,total,0.1686020290975746,0.3675402785046276,271,0.3284132841328413,0.003634549745025232,-0.025100460003120162,0.09282934142943125,-0.039982683551195296,2.321738642444276,1.1353557097667064,-0.13415768813160078,-0.10301344187871922,-0.07388355844243649,0.04059040590405904,0.1033210332103321,10.992619926199263,10.0,0.08313045217374596,-0.03598885988392126,-2.571602542125995,0.07684198064861733
entry,peak_track_mass,MISSING,total,0.1686020290975746,0.3675402785046276,1655,0.3413897280966767,-0.00024285317955393592,-0.025027111029923943,0.08999944437458712,-0.04701982393009495,1.9140744658761504,0.9921578653394726,-0.37131225131438994,-0.13557591970149377,-0.09148513549946752,0.0797583081570997,0.11178247734138973,11.221752265861028,10.0,0.08762055767722242,-0.04176733732508574,-2.4455271295914027,0.08521974213549244
entry,peak_track_mass,LOW,discovery,0.1686020290975746,0.3675402785046276,69,0.3333333333333333,-0.0025069582846195134,-0.015590098819357467,0.05894488085644177,-0.03323287785515015,1.773691737241678,0.886845868620839,-0.0927258286262902,-0.08877888901545399,-0.0716475574484167,0.043478260869565216,0.08695652173913043,12.434782608695652,13.0,0.0841636210930022,-0.029705862432669723,-0.7750109581604768,0.08403289765414716
entry,peak_track_mass,MID,discovery,0.1686020290975746,0.3675402785046276,68,0.4264705882352941,0.014920463433572829,-0.013190188625448185,0.08278035426410535,-0.035539455389130836,2.3292521890873537,1.7320080380393141,-0.10266781054077834,-0.09468397067718329,-0.06686104609424434,0.04411764705882353,0.11764705882352941,12.058823529411764,11.5,0.09133343674606963,-0.028761587626337362,-0.8437586959635354,0.07372920806780361
entry,peak_track_mass,HIGH,discovery,0.1686020290975746,0.3675402785046276,69,0.36231884057971014,0.0011275865797834757,-0.01402647014486269,0.05831769253562667,-0.031366791804218336,1.859217636908084,1.0563736573341387,-0.09077636299765868,-0.0678790708284272,-0.053935788547989125,0.014492753623188406,0.057971014492753624,12.144927536231885,13.0,0.07872917895188117,-0.030046790329491046,-0.6777743126557214,0.07495429978201953
entry,peak_track_mass,MISSING,discovery,0.1686020290975746,0.3675402785046276,367,0.3923705722070845,0.00702609191856652,-0.01418980024015315,0.07938760573762277,-0.039700625525129,1.9996562947697991,1.2912578764432785,-0.37131225131438994,-0.15116150978942436,-0.07533338156336919,0.043596730245231606,0.11444141689373297,12.280653950953678,11.0,0.0938916219632026,-0.03257885386009952,-1.1854142092667255,0.08420263997259338
entry,peak_track_mass,LOW,validation,0.1686020290975746,0.3675402785046276,118,0.4406779661016949,0.02690878031647805,-0.011069032174581606,0.11708732076198158,-0.04414097882240351,2.6525764467768114,2.0899087156423364,-0.12169188908115203,-0.10152230858639782,-0.0798662345567121,0.05084745762711865,0.1694915254237288,12.169491525423728,11.0,0.11593469880089696,-0.04043910490008109,-2.15454255094855,0.08631045240271248
entry,peak_track_mass,MID,validation,0.1686020290975746,0.3675402785046276,129,0.4496124031007752,0.032689502283136156,-0.01002520853977873,0.1225295685276529,-0.040700974367314124,3.01048243764044,2.459267343424585,-0.10423783254225272,-0.09463827272516148,-0.08323974460175229,0.06201550387596899,0.16279069767441862,11.410852713178295,11.0,0.12817661511959663,-0.03701645584532055,-0.9060680571689866,0.09275636072864434
entry,peak_track_mass,HIGH,validation,0.1686020290975746,0.3675402785046276,89,0.43820224719101125,0.026264761065852123,-0.018199023902740308,0.12130235163546639,-0.047864559578447013,2.5342832505678743,1.976740935442942,-0.13415768813160078,-0.09793078164675806,-0.0801262472485303,0.056179775280898875,0.19101123595505617,12.157303370786517,11.0,0.12759026586284516,-0.0379079359860479,-2.4820583478730383,0.09861174170241126
entry,peak_track_mass,MISSING,validation,0.1686020290975746,0.3675402785046276,681,0.3920704845814978,0.006835376323861079,-0.022003602263431787,0.09531504462575163,-0.05022759816069152,1.8976628012514816,1.2238549950100135,-0.18830621477878562,-0.13707680775189263,-0.0986929669753055,0.10425844346549193,0.13803230543318648,11.826725403817916,11.0,0.10401661366661158,-0.0439202518135057,-1.8403596667718924,0.0945188515820338
entry,peak_track_mass,LOW,holdout,0.1686020290975746,0.3675402785046276,113,0.1592920353982301,-0.023230169353193175,-0.03602186124751772,0.07893049118097091,-0.04258692608598216,1.853397237960115,0.35117000298191653,-0.10503767715679979,-0.10140156266848135,-0.08162617632324602,0.05309734513274336,0.04424778761061947,9.08849557522124,8.0,0.04405225688507364,-0.044151446115230905,-4.188824065336725,0.06469954312771627
entry,peak_track_mass,MID,holdout,0.1686020290975746,0.3675402785046276,82,0.2682926829268293,-0.01134185340913027,-0.03114699554427719,0.07900396564558981,-0.04446865372919429,1.7766214854784912,0.6514278780087801,-0.10440903727174633,-0.09850842121587648,-0.07589730400027497,0.04878048780487805,0.07317073170731707,9.048780487804878,8.0,0.066051531771185,-0.04077314578858207,-2.398690915291179,0.0747790656663241
entry,peak_track_mass,HIGH,holdout,0.1686020290975746,0.3675402785046276,113,0.22123893805309736,-0.012658444495257179,-0.02971015626243112,0.08292309440182102,-0.03981229077283621,2.082851621750918,0.5917192107246927,-0.11816196974607462,-0.11308207151144821,-0.07066652346673087,0.04424778761061947,0.061946902654867256,9.371681415929203,8.0,0.050800933890372865,-0.038105718522562095,-3.8975313237180926,0.060848540347799546
entry,peak_track_mass,MISSING,holdout,0.1686020290975746,0.3675402785046276,607,0.25370675453047775,-0.012578894601029771,-0.034871491470559346,0.09070619435291144,-0.04769126479729235,1.9019456652795932,0.6465775550840118,-0.1549731678107572,-0.12178984464204938,-0.08875203941874307,0.07413509060955518,0.08072487644151564,9.902800658978583,9.0,0.06543407543384723,-0.04490743397259143,-3.928723235158008,0.07540192164239407
entry,peak_track_prominence,LOW,total,0.008803126485106044,0.01567570308243942,303,0.3069306930693069,0.008303104618934005,-0.0262902064408862,0.11928860728701365,-0.04084761799121556,2.920332032890318,1.293289900279998,-0.12169188908115203,-0.10085154246925015,-0.07924245519742665,0.04950495049504951,0.12211221122112212,11.141914191419142,10.0,0.0899258960331738,-0.03946050243000367,-2.286010762178642,0.07895652452359331
entry,peak_track_prominence,MID,total,0.008803126485106044,0.01567570308243942,263,0.38022813688212925,0.009507127357912778,-0.01714922756148074,0.09410363040959854,-0.04239256776582083,2.219814353530855,1.3618492966446964,-0.10440903727174633,-0.10158682217051021,-0.08522841036184255,0.060836501901140684,0.12167300380228137,10.97338403041825,10.0,0.09263905884107533,-0.03816431149523606,-2.1164840938208,0.08046248078206282
entry,peak_track_prominence,HIGH,total,0.008803126485106044,0.01567570308243942,284,0.34507042253521125,0.002279929343265642,-0.021271414326718863,0.08028634838379423,-0.03882022692539995,2.068157626643422,1.089674448446534,-0.13415768813160078,-0.0987291012107277,-0.06900246318153373,0.035211267605633804,0.0880281690140845,10.816901408450704,10.0,0.08290107592311574,-0.03395836578658577,-2.061306082113698,0.07797080683724124
entry,peak_track_prominence,MISSING,total,0.008803126485106044,0.01567570308243942,1655,0.3413897280966767,-0.00024285317955393592,-0.025027111029923943,0.08999944437458712,-0.04701982393009495,1.9140744658761504,0.9921578653394726,-0.37131225131438994,-0.13557591970149377,-0.09148513549946752,0.0797583081570997,0.11178247734138973,11.221752265861028,10.0,0.08762055767722242,-0.04176733732508574,-2.4455271295914027,0.08521974213549244
entry,peak_track_prominence,LOW,discovery,0.008803126485106044,0.01567570308243942,69,0.3333333333333333,0.0033353743185558318,-0.015391335210288903,0.06905862382446386,-0.029526250434398188,2.3388890498608763,1.169444524930438,-0.08692150566917811,-0.08559230722242345,-0.0637237675163306,0.028985507246376812,0.10144927536231885,13.08695652173913,13.0,0.08391251553929553,-0.027296219292149915,-0.7534240262386142,0.0779240105534777
entry,peak_track_prominence,MID,discovery,0.008803126485106044,0.01567570308243942,68,0.39705882352941174,0.005552843814298523,-0.014230664134396498,0.07367586159867497,-0.03930865570224207,1.8742910507232808,1.2342892285250875,-0.10266781054077834,-0.09600668265807129,-0.08421201161854536,0.058823529411764705,0.08823529411764706,12.220588235294118,11.5,0.08447322357842067,-0.031886416283999554,-1.0565528076339312,0.07626138541810083
entry,peak_track_prominence,HIGH,discovery,0.008803126485106044,0.01567570308243942,69,0.391304347826087,0.004517110992704547,-0.012536718232569077,0.060618823541518124,-0.03154827564581847,1.9214623398776085,1.23522578992132,-0.08516558548777253,-0.06632369020786887,-0.054683361707052194,0.014492753623188406,0.07246376811594203,11.333333333333334,11.0,0.08574107429399548,-0.02937689218419883,-0.4896964580788115,0.07856770775485984
entry,peak_track_prominence,MISSING,discovery,0.008803126485106044,0.01567570308243942,367,0.3923705722070845,0.00702609191856652,-0.01418980024015315,0.07938760573762277,-0.039700625525129,1.9996562947697991,1.2912578764432785,-0.37131225131438994,-0.15116150978942436,-0.07533338156336919,0.043596730245231606,0.11444141689373297,12.280653950953678,11.0,0.0938916219632026,-0.03257885386009952,-1.1854142092667255,0.08420263997259338
entry,peak_track_prominence,LOW,validation,0.008803126485106044,0.01567570308243942,122,0.4098360655737705,0.033505171990314414,-0.01692124373035564,0.14727687051261668,-0.045502951983506616,3.2366443075165736,2.2476696579976205,-0.12169188908115203,-0.10341449664313798,-0.08949865429916448,0.06557377049180328,0.18032786885245902,11.87704918032787,11.0,0.12637691923353736,-0.041980119602333985,-2.1019511692899786,0.09013883825110885
entry,peak_track_prominence,MID,validation,0.008803126485106044,0.01567570308243942,111,0.4864864864864865,0.03003035103926927,-0.006231436648341804,0.10691804972657117,-0.04281062666449044,2.4974651869615134,2.366019650805644,-0.10176914104552282,-0.09298664445857467,-0.08260793712276576,0.06306306306306306,0.1891891891891892,11.954954954954955,12.0,0.12259692226930845,-0.03842723821421098,-0.9276870562480602,0.08984285074484354
entry,peak_track_prominence,HIGH,validation,0.008803126485106044,0.01567570308243942,103,0.4368932038834951,0.022415006393714236,-0.016844782304143102,0.10641398126987597,-0.04275661204468712,2.4888309943420515,1.9309895645757291,-0.13415768813160078,-0.09516316965114976,-0.07237148684863584,0.038834951456310676,0.14563106796116504,11.78640776699029,11.0,0.12178998982856529,-0.034308208269437084,-2.277476392821672,0.09667140028851343
entry,peak_track_prominence,MISSING,validation,0.008803126485106044,0.01567570308243942,681,0.3920704845814978,0.006835376323861079,-0.022003602263431787,0.09531504462575163,-0.05022759816069152,1.8976628012514816,1.2238549950100135,-0.18830621477878562,-0.13707680775189263,-0.0986929669753055,0.10425844346549193,0.13803230543318648,11.826725403817916,11.0,0.10401661366661158,-0.0439202518135057,-1.8403596667718924,0.0945188515820338
entry,peak_track_prominence,LOW,holdout,0.008803126485106044,0.01567570308243942,112,0.17857142857142858,-0.016088670636265238,-0.03641090335747055,0.10708243020493828,-0.042864996906092086,2.4981322275499673,0.5430722233804277,-0.10503767715679979,-0.09999367583604868,-0.07625490251656296,0.044642857142857144,0.07142857142857142,9.142857142857142,8.0,0.05392498910132775,-0.044209986729000214,-3.4723397283286004,0.06741189228413867
entry,peak_track_prominence,MID,holdout,0.008803126485106044,0.01567570308243942,84,0.2261904761904762,-0.014411760114287237,-0.02949555165330764,0.08671263645056777,-0.04397119911016793,1.9720325623441157,0.5764402874544339,-0.10440903727174633,-0.10197385136162523,-0.09096166081942443,0.05952380952380952,0.05952380952380952,8.666666666666666,7.0,0.05966232023782099,-0.0428989782637821,-4.670700173662844,0.0714678786258813
entry,peak_track_prominence,HIGH,holdout,0.008803126485106044,0.01567570308243942,112,0.23214285714285715,-0.017615414138944085,-0.029994014460179852,0.05548941341717017,-0.03971687363265305,1.397124404362729,0.4223864478305925,-0.11816196974607462,-0.11285229513203052,-0.07151715194091894,0.044642857142857144,0.044642857142857144,9.607142857142858,8.0,0.04538752217443709,-0.03645915063329125,-2.8971141543056085,0.060405206044413386
entry,peak_track_prominence,MISSING,holdout,0.008803126485106044,0.01567570308243942,607,0.25370675453047775,-0.012578894601029771,-0.034871491470559346,0.09070619435291144,-0.04769126479729235,1.9019456652795932,0.6465775550840118,-0.1549731678107572,-0.12178984464204938,-0.08875203941874307,0.07413509060955518,0.08072487644151564,9.902800658978583,9.0,0.06543407543384723,-0.04490743397259143,-3.928723235158008,0.07540192164239407
entry,peak_band_width_relative,LOW,total,0.07950639263606134,0.11672801792654279,354,0.3502824858757062,0.0029395833552495797,-0.025239482588718443,0.08939320662809092,-0.04367019614836922,2.047007215730794,1.10360389022008,-0.13415768813160078,-0.1016132878136572,-0.08530091940207433,0.062146892655367235,0.12146892655367232,10.799435028248588,10.0,0.08893641385258609,-0.03926134190755967,-2.1858185288364633,0.08334474642443315
entry,peak_band_width_relative,MID,total,0.07950639263606134,0.11672801792654279,283,0.35335689045936397,0.011002757789613894,-0.018199023902740308,0.09801427369488604,-0.03654451866135449,2.6820512975735338,1.4656018019527508,-0.12169188908115203,-0.09812215329250139,-0.07168932689162294,0.03180212014134275,0.0989399293286219,11.257950530035336,11.0,0.08974486247897401,-0.03386204274862377,-1.724212852420783,0.07606869907640658
entry,peak_band_width_relative,HIGH,total,0.07950639263606134,0.11672801792654279,213,0.3145539906103286,0.007086019558386965,-0.024686721754235696,0.11173254729689672,-0.040936702075038744,2.7293978662982212,1.2525318975478137,-0.10440903727174633,-0.10001578675514436,-0.07511309002587431,0.046948356807511735,0.107981220657277,10.915492957746478,10.0,0.08579454436645174,-0.038293187369915035,-2.6903579207362234,0.07604547626871086
entry,peak_band_width_relative,MISSING,total,0.07950639263606134,0.11672801792654279,1655,0.3413897280966767,-0.00024285317955393592,-0.025027111029923943,0.08999944437458712,-0.04701982393009495,1.9140744658761504,0.9921578653394726,-0.37131225131438994,-0.13557591970149377,-0.09148513549946752,0.0797583081570997,0.11178247734138973,11.221752265861028,10.0,0.08762055767722242,-0.04176733732508574,-2.4455271295914027,0.08521974213549244
entry,peak_band_width_relative,LOW,discovery,0.07950639263606134,0.11672801792654279,69,0.391304347826087,0.0043474557805783295,-0.014571591049354904,0.07329496333874899,-0.03997594193538853,1.8334768310703629,1.1786636771166619,-0.0927258286262902,-0.0913833746755382,-0.07980688244559624,0.057971014492753624,0.13043478260869565,11.695652173913043,10.0,0.09839512288486993,-0.03287296100776121,-0.6484697104736601,0.09139186017898729
entry,peak_band_width_relative,MID,discovery,0.07950639263606134,0.11672801792654279,68,0.3382352941176471,0.008390690453135523,-0.01444551000281169,0.0750315337562196,-0.025670185012885233,2.922905842655878,1.4939296529130044,-0.10266781054077834,-0.06635394175254206,-0.0433627470936723,0.014705882352941176,0.07352941176470588,12.382352941176471,13.0,0.0781688134743661,-0.02550558918233553,-0.7080317848472402,0.06711162452640795
entry,peak_band_width_relative,HIGH,discovery,0.07950639263606134,0.11672801792654279,69,0.391304347826087,0.0007083111040021057,-0.01388578804861551,0.05591168741513365,-0.0347795736674396,1.6076012877489005,1.0334579706957219,-0.09077636299765868,-0.0881550600142919,-0.06085897177607782,0.028985507246376812,0.057971014492753624,12.565217391304348,13.0,0.07747150879009804,-0.03008850181515499,-0.9423685289195625,0.07411701379072873
entry,peak_band_width_relative,MISSING,discovery,0.07950639263606134,0.11672801792654279,367,0.3923705722070845,0.00702609191856652,-0.01418980024015315,0.07938760573762277,-0.039700625525129,1.9996562947697991,1.2912578764432785,-0.37131225131438994,-0.15116150978942436,-0.07533338156336919,0.043596730245231606,0.11444141689373297,12.280653950953678,11.0,0.0938916219632026,-0.03257885386009952,-1.1854142092667255,0.08420263997259338
entry,peak_band_width_relative,LOW,validation,0.07950639263606134,0.11672801792654279,159,0.44025157232704404,0.02230453772155488,-0.01090277339573642,0.10824719626479136,-0.04529081169447382,2.390047610429539,1.8798127273041316,-0.13415768813160078,-0.10067355327173065,-0.08121997084910357,0.05660377358490566,0.18238993710691823,11.452830188679245,10.0,0.11812299221567842,-0.04035713338136988,-1.929620287578029,0.09311516346129983
entry,peak_band_width_relative,MID,validation,0.07950639263606134,0.11672801792654279,110,0.45454545454545453,0.028919900103646746,-0.012419163079977535,0.11210467577833697,-0.040400746291928455,2.774816954327748,2.31234746193979,-0.12169188908115203,-0.09251734410335512,-0.07801479570281958,0.045454545454545456,0.12727272727272726,12.427272727272728,12.0,0.12452154502318845,-0.03429784436770212,-1.0250010764548714,0.0928808608118597
entry,peak_band_width_relative,HIGH,validation,0.07950639263606134,0.11672801792654279,67,0.43283582089552236,0.04480798653136485,-0.007914388088904212,0.16356930484682253,-0.0458256511304318,3.5693831033903143,2.7240028946926085,-0.10423783254225272,-0.10165020543074926,-0.09056407200671887,0.07462686567164178,0.22388059701492538,11.970149253731343,12.0,0.13569680232661838,-0.040764125327300595,-2.5546249739998834,0.0881260186474411
entry,peak_band_width_relative,MISSING,validation,0.07950639263606134,0.11672801792654279,681,0.3920704845814978,0.006835376323861079,-0.022003602263431787,0.09531504462575163,-0.05022759816069152,1.8976628012514816,1.2238549950100135,-0.18830621477878562,-0.13707680775189263,-0.0986929669753055,0.10425844346549193,0.13803230543318648,11.826725403817916,11.0,0.10401661366661158,-0.0439202518135057,-1.8403596667718924,0.0945188515820338
entry,peak_band_width_relative,LOW,holdout,0.07950639263606134,0.11672801792654279,126,0.21428571428571427,-0.022268122530387142,-0.03384107747078213,0.056610736044505734,-0.04378053850535793,1.2930570974493067,0.35265193566799274,-0.11516523626304731,-0.10414702745357224,-0.09139457925065003,0.07142857142857142,0.03968253968253968,9.484126984126984,8.0,0.04692596240052845,-0.041376956492879285,-3.4130789834864563,0.0666086578694646
entry,peak_band_width_relative,MID,holdout,0.07950639263606134,0.11672801792654279,105,0.2571428571428571,-0.0060759572167012,-0.030275097503742243,0.09149882608069272,-0.03985184374272217,2.2959747275783804,0.7947604826232855,-0.11816196974607462,-0.09679314141191968,-0.06785920423819011,0.02857142857142857,0.08571428571428572,9.304761904761905,8.0,0.060809017264209675,-0.038817287171566454,-3.190198210975567,0.06425673030021668
entry,peak_band_width_relative,HIGH,holdout,0.07950639263606134,0.11672801792654279,77,0.14285714285714285,-0.0200219012706645,-0.03579066648099527,0.11208684255687446,-0.04204002524192099,2.6661935122984888,0.44436558538308146,-0.10440903727174633,-0.09939037174500744,-0.07477504756912674,0.03896103896103896,0.05194805194805195,8.519480519480519,7.0,0.04983140373576653,-0.04349540113788404,-4.464131593828875,0.06726193823761781
entry,peak_band_width_relative,MISSING,holdout,0.07950639263606134,0.11672801792654279,607,0.25370675453047775,-0.012578894601029771,-0.034871491470559346,0.09070619435291144,-0.04769126479729235,1.9019456652795932,0.6465775550840118,-0.1549731678107572,-0.12178984464204938,-0.08875203941874307,0.07413509060955518,0.08072487644151564,9.902800658978583,9.0,0.06543407543384723,-0.04490743397259143,-3.928723235158008,0.07540192164239407
entry,price_relative_to_base,LOW,total,-0.2060408785194458,-0.11795178643996838,164,0.3170731707317073,0.0007404096196624739,-0.02110726926671036,0.0812352502851455,-0.036632194975026074,2.2175916660338664,1.0295961306585808,-0.10031718540361112,-0.09281414500390751,-0.07065001972968607,0.036585365853658534,0.07926829268292683,11.603658536585366,11.5,0.07404509997135746,-0.0341753182787736,-1.675284329812251,0.07065842157787292
entry,price_relative_to_base,MID,total,-0.2060408785194458,-0.11795178643996838,190,0.3684210526315789,0.007059736295797824,-0.016611280147536267,0.08345680469130584,-0.03750522026824852,2.2252050273108086,1.2980362659313052,-0.10440903727174633,-0.09387721402752032,-0.07304160100195765,0.031578947368421054,0.08421052631578947,10.757894736842106,9.5,0.08110858147822397,-0.03145698934328871,-2.333377929095232,0.07138586614418999
entry,price_relative_to_base,HIGH,total,-0.2060408785194458,-0.11795178643996838,496,0.3407258064516129,0.008469633174050955,-0.02571109049941267,0.1083198598641715,-0.043134918234604615,2.5111873233428974,1.297830757324005,-0.13415768813160078,-0.10427782477298007,-0.08518770318433594,0.05846774193548387,0.1310483870967742,10.860887096774194,10.0,0.09597076140978662,-0.04043617312496942,-2.2461744516248796,0.08483442099181562
entry,price_relative_to_base,MISSING,total,-0.2060408785194458,-0.11795178643996838,1655,0.3413897280966767,-0.00024285317955393592,-0.025027111029923943,0.08999944437458712,-0.04701982393009495,1.9140744658761504,0.9921578653394726,-0.37131225131438994,-0.13557591970149377,-0.09148513549946752,0.0797583081570997,0.11178247734138973,11.221752265861028,10.0,0.08762055767722242,-0.04176733732508574,-2.4455271295914027,0.08521974213549244
entry,price_relative_to_base,LOW,discovery,-0.2060408785194458,-0.11795178643996838,69,0.3333333333333333,0.0007438198656782954,-0.016525763949195582,0.0632505798405796,-0.030509560121772354,2.0731396843523306,1.0365698421761653,-0.0927258286262902,-0.08877888901545399,-0.06659191716015886,0.028985507246376812,0.08695652173913043,13.478260869565217,13.0,0.07525087909722628,-0.027732984152565466,-0.8044407119666608,0.07186078143997521
entry,price_relative_to_base,MID,discovery,-0.2060408785194458,-0.11795178643996838,68,0.4117647058823529,0.002421768400640817,-0.007740439555588896,0.05291246348293853,-0.03292171815696758,1.6072205961626,1.12505441731382,-0.09077636299765868,-0.0907597929879538,-0.0668299080345828,0.04411764705882353,0.04411764705882353,11.632352941176471,11.0,0.08128248107505753,-0.027734693926594656,-0.5981585817329214,0.07620999786524232
entry,price_relative_to_base,HIGH,discovery,-0.2060408785194458,-0.11795178643996838,69,0.37681159420289856,0.010194362954694025,-0.014571591049354904,0.08761509741893357,-0.03661817416321826,2.3926670136093247,1.446728891949824,-0.10266781054077834,-0.09076629750473439,-0.06136158591927829,0.028985507246376812,0.13043478260869565,11.521739130434783,10.0,0.0975472105944516,-0.03303167979195043,-0.8933664674331383,0.08468157967407798
entry,price_relative_to_base,MISSING,discovery,-0.2060408785194458,-0.11795178643996838,367,0.3923705722070845,0.00702609191856652,-0.01418980024015315,0.07938760573762277,-0.039700625525129,1.9996562947697991,1.2912578764432785,-0.37131225131438994,-0.15116150978942436,-0.07533338156336919,0.043596730245231606,0.11444141689373297,12.280653950953678,11.0,0.0938916219632026,-0.03257885386009952,-1.1854142092667255,0.08420263997259338
entry,price_relative_to_base,LOW,validation,-0.2060408785194458,-0.11795178643996838,49,0.46938775510204084,0.03526215228615064,-0.0011099821944307031,0.11317959180875796,-0.033664813445386646,3.3619551165006634,2.974037218442895,-0.10031718540361112,-0.09140409948644407,-0.06787753093411539,0.04081632653061224,0.14285714285714285,12.061224489795919,12.0,0.10592686987581566,-0.031164671517614446,-0.8150292175603251,0.06792716259540246
entry,price_relative_to_base,MID,validation,-0.2060408785194458,-0.11795178643996838,57,0.5614035087719298,0.03963774511238258,0.006003181158663606,0.1029572535080007,-0.04141122563400861,2.486216042430967,3.1823565343116376,-0.09988019660795011,-0.08848638981733295,-0.07332007741443973,0.017543859649122806,0.17543859649122806,12.192982456140351,12.0,0.11610994239293036,-0.027069608527455935,-1.8980839256658975,0.07372307185847832
entry,price_relative_to_base,HIGH,validation,-0.2060408785194458,-0.11795178643996838,230,0.40869565217391307,0.02496760292740272,-0.01751762345553276,0.12796047493779408,-0.046218646844485414,2.768589815455874,1.9135841371533246,-0.13415768813160078,-0.10352191200820104,-0.08532769833238757,0.06956521739130435,0.1782608695652174,11.756521739130434,11.0,0.1293996875235436,-0.042829160411243856,-1.9245356139529852,0.1017217515909644
entry,price_relative_to_base,MISSING,validation,-0.2060408785194458,-0.11795178643996838,681,0.3920704845814978,0.006835376323861079,-0.022003602263431787,0.09531504462575163,-0.05022759816069152,1.8976628012514816,1.2238549950100135,-0.18830621477878562,-0.13707680775189263,-0.0986929669753055,0.10425844346549193,0.13803230543318648,11.826725403817916,11.0,0.10401661366661158,-0.0439202518135057,-1.8403596667718924,0.0945188515820338
entry,price_relative_to_base,LOW,holdout,-0.2060408785194458,-0.11795178643996838,46,0.13043478260869565,-0.03603786641583778,-0.03842589112694167,0.02772317781546681,-0.04560202305053347,0.6079374545455061,0.09119061818182592,-0.09296452153876944,-0.08987487830062144,-0.0738412418526507,0.043478260869565216,0.0,8.304347826086957,7.0,0.03827541551476177,-0.04704581275714661,-4.144747146599629,0.07176426635300323
entry,price_relative_to_base,MID,holdout,-0.2060408785194458,-0.11795178643996838,65,0.15384615384615385,-0.016656643483812246,-0.031133413048525793,0.10657952386131082,-0.03906321936474371,2.7283855656173484,0.4960701028395179,-0.10440903727174633,-0.09719382772840544,-0.07320076034439352,0.03076923076923077,0.046153846153846156,8.584615384615384,7.0,0.05023315463633247,-0.03919847849463738,-4.517010018468317,0.06428953256348237
entry,price_relative_to_base,HIGH,holdout,-0.2060408785194458,-0.11795178643996838,197,0.24873096446700507,-0.011396049049985979,-0.030277872657928584,0.0816281457142871,-0.04219460001923856,1.9345637990896674,0.6404974740229304,-0.11816196974607462,-0.10544277952104969,-0.08658825959363214,0.05583756345177665,0.07614213197969544,9.583756345177665,8.0,0.05638990861838564,-0.04023578207997038,-3.149249624159025,0.06517178146450435
entry,price_relative_to_base,MISSING,holdout,-0.2060408785194458,-0.11795178643996838,607,0.25370675453047775,-0.012578894601029771,-0.034871491470559346,0.09070619435291144,-0.04769126479729235,1.9019456652795932,0.6465775550840118,-0.1549731678107572,-0.12178984464204938,-0.08875203941874307,0.07413509060955518,0.08072487644151564,9.902800658978583,9.0,0.06543407543384723,-0.04490743397259143,-3.928723235158008,0.07540192164239407
entry,concentration_20,LOW,total,0.5878537024052265,0.7091515955140679,750,0.3506666666666667,0.004449348584876621,-0.02375391577197078,0.10160671191632724,-0.0480196176495618,2.1159417106948673,1.1426954207654005,-0.21903086744147537,-0.134512690662684,-0.09749898824109386,0.08933333333333333,0.13066666666666665,11.345333333333333,10.0,0.09990637929965718,-0.044344041377646685,-1.8094666393928578,0.09280095435322318
entry,concentration_20,MID,total,0.5878537024052265,0.7091515955140679,781,0.33418693982074266,0.0016139448018602388,-0.025594533809145892,0.09541799027342862,-0.04546847032906159,2.098552900127835,1.0533121287180096,-0.37131225131438994,-0.12450633645955289,-0.08965555588452057,0.07170294494238157,0.11651728553137004,11.158770806658131,10.0,0.08508694912307094,-0.039890127790630794,-2.2496862353264397,0.08082442564878432
entry,concentration_20,HIGH,total,0.5878537024052265,0.7091515955140679,974,0.3408624229979466,0.0006820233953628706,-0.023779435108390645,0.08311834649562273,-0.041948598519413266,1.9814332165866433,1.0246663986086693,-0.1688644474680978,-0.10895231416456469,-0.081311545440617,0.0513347022587269,0.09240246406570841,10.967145790554415,10.0,0.08088794224985746,-0.03732099022405318,-2.8450713398401906,0.0775598044720019
entry,concentration_20,MISSING,total,0.5878537024052265,0.7091515955140679,0,,,,,,,,,,,,,,,,,,
entry,concentration_20,LOW,discovery,0.5878537024052265,0.7091515955140679,191,0.34554973821989526,-0.0020570178117265783,-0.01714922756148074,0.06830034896551776,-0.039205707470111595,1.7421021930948808,0.9198299579540969,-0.21903086744147537,-0.14770027320611645,-0.0847095224925431,0.05759162303664921,0.08900523560209424,11.837696335078535,11.0,0.0871339301197527,-0.03391874784475147,-1.0436524244246277,0.08655207642550768
entry,concentration_20,MID,discovery,0.5878537024052265,0.7091515955140679,191,0.4083769633507853,0.01809173925135505,-0.014380883877222916,0.1015809964672092,-0.03953801351711065,2.5691982836529847,1.7734289037604674,-0.37131225131438994,-0.14824603706083928,-0.0698816688713349,0.031413612565445025,0.16753926701570682,12.926701570680628,13.0,0.10586283055811566,-0.030560636846139237,-0.9772640749408485,0.08507894022285369
entry,concentration_20,HIGH,discovery,0.5878537024052265,0.7091515955140679,191,0.4031413612565445,0.002279365471173511,-0.007994701311072827,0.054739991127260676,-0.033154565893025706,1.6510543767600834,1.11518585096953,-0.14819837427000726,-0.09384758312233432,-0.06592545721811516,0.031413612565445025,0.05759162303664921,12.00523560209424,11.0,0.07877550195210564,-0.029945538690452526,-1.0809086650725028,0.07384579822937644
entry,concentration_20,MISSING,discovery,0.5878537024052265,0.7091515955140679,0,,,,,,,,,,,,,,,,,,
entry,concentration_20,LOW,validation,0.5878537024052265,0.7091515955140679,335,0.42686567164179107,0.019600684634752518,-0.014380883877223138,0.11345624961295611,-0.05030215803130536,2.2554946756428826,1.6798736386298554,-0.18830621477878562,-0.13862809759400616,-0.09870370377997681,0.09850746268656717,0.17313432835820897,11.886567164179105,11.0,0.12556474057520883,-0.046019231383608736,-1.203846835352517,0.10326791473582368
entry,concentration_20,MID,validation,0.5878537024052265,0.7091515955140679,312,0.3814102564102564,0.006221550421029771,-0.024774705269266617,0.09592609778517656,-0.04908850728017991,1.9541457481618698,1.204887792908096,-0.1494453925023993,-0.12286384443155361,-0.0940278036642826,0.10897435897435898,0.12179487179487179,11.615384615384615,10.0,0.09704222496755821,-0.04208817873331134,-1.660128680170688,0.08815991193233767
entry,concentration_20,HIGH,validation,0.5878537024052265,0.7091515955140679,370,0.41621621621621624,0.01588455080885359,-0.017797571383009525,0.10217996722076005,-0.04564088496630195,2.2387814630720375,1.5961682653383973,-0.1688644474680978,-0.11680078703478376,-0.0855651055116744,0.062162162162162166,0.15135135135135136,11.994594594594595,11.0,0.10828260295977402,-0.03860129916678244,-2.5012547209284888,0.08971173755947165
entry,concentration_20,MISSING,validation,0.5878537024052265,0.7091515955140679,0,,,,,,,,,,,,,,,,,,
entry,concentration_20,LOW,holdout,0.5878537024052265,0.7091515955140679,224,0.24107142857142858,-0.012662176392610946,-0.03955733320188648,0.11093515754846611,-0.05192250599742366,2.136552452879886,0.6786696026794933,-0.13254591912216596,-0.1248367995399268,-0.10190107223104931,0.10267857142857142,0.10267857142857142,10.116071428571429,9.0,0.07242417736238908,-0.05072815929186858,-3.405401990338816,0.0824755255854664
entry,concentration_20,MID,holdout,0.5878537024052265,0.7091515955140679,278,0.2302158273381295,-0.01487825553279589,-0.035132755863536924,0.08696206407010221,-0.04533517354487755,1.9182029596515817,0.5736681748490711,-0.1549731678107572,-0.10658900511199004,-0.08296542823776874,0.05755395683453238,0.07553956834532374,9.431654676258994,8.0,0.05739544042676309,-0.043833080583010484,-3.8679245655390635,0.0696687277922523
entry,concentration_20,HIGH,holdout,0.5878537024052265,0.7091515955140679,413,0.24455205811138014,-0.013676396651783378,-0.03055060847839708,0.07568907690842204,-0.042605604438901164,1.776505178255702,0.5750866121917497,-0.1503079545208521,-0.10626280061073841,-0.08124001863573105,0.05084745762711865,0.05569007263922518,9.566585956416464,9.0,0.05732244983872299,-0.03958490531874543,-4.012276811672378,0.06839070023465967
entry,concentration_20,MISSING,holdout,0.5878537024052265,0.7091515955140679,0,,,,,,,,,,,,,,,,,,
entry,profit_ratio,LOW,total,0.07432282358221602,0.191039960650575,451,0.3902439024390244,0.006101349400892286,-0.014200962040422205,0.06903578235569097,-0.03417668769017887,2.019967030787753,1.2927788997041618,-0.37131225131438994,-0.08554818308538714,-0.06613092196745979,0.024390243902439025,0.07538802660753881,11.547671840354766,11.0,0.0734926779715592,-0.02849514330107792,-1.720563963573478,0.06473088380534395
entry,profit_ratio,MID,total,0.07432282358221602,0.191039960650575,503,0.3081510934393638,-0.0019755608070410173,-0.024225273391117685,0.0784934871245394,-0.03781665974208402,2.0756324767940417,0.9244914767329785,-0.19148707197488335,-0.11014925403743411,-0.07447683235511283,0.02982107355864811,0.08349900596421471,10.8051689860835,10.0,0.07192201111117258,-0.03387466613078924,-2.013123610906567,0.07125848501459657
entry,profit_ratio,HIGH,total,0.07432282358221602,0.191039960650575,1551,0.33849129593810445,0.002259053270234013,-0.027469631837364283,0.10458126387238183,-0.05009880303203461,2.0875002503654545,1.0681653327893406,-0.21903086744147537,-0.13437091827292674,-0.09775199789113764,0.09477756286266925,0.13088330109606705,11.13023855577047,10.0,0.09725698139079914,-0.045694776675288415,-2.6382238808209273,0.09234764358078373
entry,profit_ratio,MISSING,total,0.07432282358221602,0.191039960650575,0,,,,,,,,,,,,,,,,,,
entry,profit_ratio,LOW,discovery,0.07432282358221602,0.191039960650575,191,0.39790575916230364,0.007703778985343223,-0.008839841085089728,0.06387065235327398,-0.029415198196941456,2.1713486995955424,1.4349782710370542,-0.37131225131438994,-0.0874889088964244,-0.054383088542733826,0.020942408376963352,0.07329842931937172,13.136125654450261,13.0,0.07873917386656686,-0.02502867982954178,-0.7145967146617396,0.06837071279388304
entry,profit_ratio,MID,discovery,0.07432282358221602,0.191039960650575,191,0.3403141361256545,-0.000999184760700418,-0.017934310321200297,0.06319318466907184,-0.034114295974471825,1.8523959784003787,0.9556010999684494,-0.19148707197488335,-0.1328640225047551,-0.061031500319292,0.02617801047120419,0.07853403141361257,11.717277486910994,10.0,0.0794255882596957,-0.02969865442194087,-1.0843516891643925,0.0777831042749567
entry,profit_ratio,HIGH,discovery,0.07432282358221602,0.191039960650575,191,0.418848167539267,0.011609492686159174,-0.015935505802228134,0.09605491863283834,-0.04925207556369969,1.9502714867032689,1.4056010714978515,-0.21903086744147537,-0.14906988471689464,-0.0862737737334126,0.07329842931937172,0.16230366492146597,11.916230366492147,11.0,0.11360750050371145,-0.03969758912986058,-1.3017817451856903,0.09932299780889804
entry,profit_ratio,MISSING,discovery,0.07432282358221602,0.191039960650575,0,,,,,,,,,,,,,,,,,,
entry,profit_ratio,LOW,validation,0.07432282358221602,0.191039960650575,81,0.5925925925925926,0.03880694115797685,0.016886891352245748,0.08345280935196786,-0.026132503487828244,3.193448702334919,4.6450162943053375,-0.08327516929247225,-0.08271792914940704,-0.0426259343005162,0.024691358024691357,0.14814814814814814,12.123456790123457,12.0,0.10538019879497328,-0.01884932594370638,-0.34277868074649076,0.0638263291188798
entry,profit_ratio,MID,validation,0.07432282358221602,0.191039960650575,97,0.4845360824742268,0.02909174775722619,-0.0011792044134159019,0.09876668536601202,-0.036402693595032495,2.7131697029004935,2.5503795207264637,-0.11431114865326264,-0.11042819121176235,-0.0729516728065727,0.030927835051546393,0.14432989690721648,12.45360824742268,12.0,0.10420071052261377,-0.030240062382215497,-0.9940786830482352,0.07238772423908196
entry,profit_ratio,HIGH,validation,0.07432282358221602,0.191039960650575,839,0.38259833134684146,0.010035012058441173,-0.024413814320631944,0.10818503184420176,-0.05078768360030234,2.1301430617630635,1.3200307390462227,-0.18830621477878562,-0.13442209350684498,-0.09760240131372501,0.10131108462455304,0.1501787842669845,11.744934445768772,11.0,0.1117552566800991,-0.04573343685041292,-2.0508834260300954,0.09904939802929033
entry,profit_ratio,MISSING,validation,0.07432282358221602,0.191039960650575,0,,,,,,,,,,,,,,,,,,
entry,profit_ratio,LOW,holdout,0.07432282358221602,0.191039960650575,179,0.2905027932960894,-0.010408242682649489,-0.02911599173264534,0.06327679359342943,-0.0405784937563196,1.5593677274818722,0.638481274244546,-0.09313527236027619,-0.08525461339667846,-0.07046420023542353,0.027932960893854747,0.0446927374301676,9.59217877094972,8.0,0.05346491315232456,-0.036558862457561146,-3.494176345351685,0.06125636756396196
entry,profit_ratio,MID,holdout,0.07432282358221602,0.191039960650575,215,0.2,-0.016859359670226944,-0.03215758491633902,0.07946277415375282,-0.040939893126221885,1.940961934335318,0.4852404835838295,-0.1110937139806345,-0.09033667472806879,-0.07692657531132382,0.03255813953488372,0.06046511627906977,9.251162790697675,8.0,0.050693094468020415,-0.03922431636335526,-3.3475832425431307,0.06495272462620649
entry,profit_ratio,HIGH,holdout,0.07432282358221602,0.191039960650575,521,0.2380038387715931,-0.013690972356920525,-0.03675763859197445,0.10075302274503738,-0.04943670382453458,2.0380206395361538,0.6365606027770354,-0.1549731678107572,-0.12378421256773561,-0.09895584959158277,0.09213051823416507,0.08829174664107485,9.852207293666027,9.0,0.06791532665320038,-0.04783110476405473,-4.121469813272527,0.07899819129697018
entry,profit_ratio,MISSING,holdout,0.07432282358221602,0.191039960650575,0,,,,,,,,,,,,,,,,,,
entry,cost_migration_5,LOW,total,-0.004981312305271657,-0.0024937655860348684,174,0.41379310344827586,0.006658867569878989,-0.013566683053242545,0.06957935737003347,-0.03775559581846534,1.8428886066209,1.3008625458500471,-0.0927258286262902,-0.08735495334640973,-0.07233851566799042,0.028735632183908046,0.10919540229885058,11.459770114942529,11.0,0.0853554806116866,-0.03271880851949842,-1.4190875076445246,0.07603469402511309
entry,cost_migration_5,MID,total,-0.004981312305271657,-0.0024937655860348684,70,0.2714285714285714,-0.002852786389126324,-0.025784902779244667,0.08532039068159492,-0.035701617062532276,2.389818660934997,0.8903245991718615,-0.10440903727174633,-0.09500249202262585,-0.06093555928931223,0.02857142857142857,0.05714285714285714,10.442857142857143,9.0,0.06650240691919375,-0.03240489457014065,-2.6175632828448836,0.06671842606187205
entry,cost_migration_5,HIGH,total,-0.004981312305271657,-0.0024937655860348684,326,0.34049079754601225,0.010698185806368889,-0.022964481351673283,0.10587315624971143,-0.03843865939926376,2.754340497414415,1.4220083498279072,-0.10503767715679979,-0.09308888029201495,-0.07248496570186591,0.03374233128834356,0.10122699386503067,11.205521472392638,10.0,0.08913004892459322,-0.035636774082318606,-2.845635300782385,0.07575926288828612
entry,cost_migration_5,MISSING,total,-0.004981312305271657,-0.0024937655860348684,1935,0.33798449612403103,0.00042131092154903515,-0.025320292082505413,0.09302634592445719,-0.0468571378621371,1.9853185697803175,1.0135818459299981,-0.37131225131438994,-0.13360968666839293,-0.09264954231916213,0.08010335917312661,0.11524547803617571,11.125581395348837,10.0,0.08868430461551835,-0.04195548406346616,-2.3399555960601943,0.08561756871631307
entry,cost_migration_5,LOW,discovery,-0.004981312305271657,-0.0024937655860348684,65,0.4461538461538462,0.00450848250048295,-0.012439427016147864,0.054550541156472475,-0.03580317586128639,1.5236229704264146,1.2273629483990562,-0.0927258286262902,-0.09146234255499419,-0.07185084415533631,0.046153846153846156,0.07692307692307693,12.738461538461538,13.0,0.08286054713441748,-0.0280174597790769,-0.4389583823284169,0.07569583190391949
entry,cost_migration_5,MID,discovery,-0.004981312305271657,-0.0024937655860348684,21,0.23809523809523808,0.014217821098029446,-0.02591640714204224,0.16416691014063617,-0.03264126922778516,5.0294278998468815,1.5716962187021508,-0.09077636299765868,-0.08346610258052164,-0.054225060911973544,0.047619047619047616,0.19047619047619047,11.904761904761905,13.0,0.10269030329450943,-0.0323188257260924,-1.176918994386638,0.08579057495657387
entry,cost_migration_5,HIGH,discovery,-0.004981312305271657,-0.0024937655860348684,59,0.3389830508474576,-0.0023858970411943033,-0.014617669250465704,0.04943537724619309,-0.02896090949626477,1.706969087161058,0.8753687626466965,-0.08692150566917811,-0.07325720695271207,-0.0552132655666953,0.01694915254237288,0.01694915254237288,12.711864406779661,13.0,0.06778338283010331,-0.02834145891031389,-0.9871605136812484,0.06753127802425746
entry,cost_migration_5,MISSING,discovery,-0.004981312305271657,-0.0024937655860348684,428,0.3901869158878505,0.0071194694387935326,-0.014103678223650551,0.0793689358311426,-0.039109116337153964,2.0294228881807155,1.2985196257708027,-0.37131225131438994,-0.1477874908167738,-0.07429948333557237,0.04205607476635514,0.11682242990654206,12.13785046728972,11.0,0.09431507159445586,-0.03239061697252359,-1.1255818139249696,0.08453246516442503
entry,cost_migration_5,LOW,validation,-0.004981312305271657,-0.0024937655860348684,56,0.5,0.03367241712322564,0.0007191376395297988,0.1014312342727075,-0.03408640002625623,2.975709790255838,2.975709790255838,-0.08174825640951311,-0.07685022979062926,-0.07183499119099457,0.017857142857142856,0.19642857142857142,12.607142857142858,12.0,0.12106488040184187,-0.032631519603258545,-0.7839986040084475,0.08465911203837408
entry,cost_migration_5,MID,validation,-0.004981312305271657,-0.0024937655860348684,16,0.4375,0.011727133866528329,-0.007902007910306597,0.05927079579173004,-0.025251269853072997,2.3472402036255207,1.825631269486516,-0.04548346568412598,-0.045221066292349996,-0.04417146872524605,0.0,0.0,12.0625,12.5,0.07009845192411192,-0.019564232178669087,-0.6900666198025532,0.05569599696907372
entry,cost_migration_5,HIGH,validation,-0.004981312305271657,-0.0024937655860348684,137,0.44525547445255476,0.03428571399969174,-0.01123529095342679,0.12978572701778657,-0.04236561223851594,3.063468699262516,2.4588367191449145,-0.10031718540361112,-0.0924525934055751,-0.0771256294795197,0.043795620437956206,0.1678832116788321,11.832116788321168,11.0,0.12806408358793145,-0.03652139358466149,-2.611940895314921,0.09104339660038184
entry,cost_migration_5,MISSING,validation,-0.004981312305271657,-0.0024937655860348684,808,0.39603960396039606,0.009423520500688556,-0.02181230264334094,0.10063520251507149,-0.05038741852513634,1.9972287817219385,1.3096582175225828,-0.18830621477878562,-0.13455429619446707,-0.09851799295566584,0.10272277227722772,0.14603960396039603,11.787128712871286,11.0,0.107623684892146,-0.04416659806469276,-1.7730420611922275,0.09553093477288165
entry,cost_migration_5,LOW,holdout,-0.004981312305271657,-0.0024937655860348684,53,0.2830188679245283,-0.01924648611836007,-0.029082559087732607,0.039178231831259826,-0.0423088747826837,0.9260050528995587,0.365528310355089,-0.08609864767621833,-0.08222250583697567,-0.07386774395804008,0.018867924528301886,0.05660377358490566,8.679245283018869,8.0,0.05068461811685257,-0.038576843376797135,-3.3791513864824276,0.06733768702765967
entry,cost_migration_5,MID,holdout,-0.004981312305271657,-0.0024937655860348684,33,0.21212121212121213,-0.02078495248975498,-0.032188823273962774,0.055051043100716034,-0.041202335917958716,1.3361146127814838,0.35972316497963025,-0.10440903727174633,-0.09135656579056424,-0.06265052284276144,0.030303030303030304,0.0,8.727272727272727,8.0,0.04173020861736591,-0.03868544135767271,-4.425224870052221,0.05992581208296401
entry,cost_migration_5,HIGH,holdout,-0.004981312305271657,-0.0024937655860348684,130,0.23076923076923078,-0.00822127938193113,-0.031466274761869695,0.09487611502363752,-0.039150497703601725,2.423369320664069,0.7270107961992208,-0.10503767715679979,-0.09862156686247636,-0.07000971327993591,0.03076923076923077,0.06923076923076923,9.861538461538462,8.0,0.05778766854534376,-0.038015471954067105,-3.99334516507196,0.06338637664536749
entry,cost_migration_5,MISSING,holdout,-0.004981312305271657,-0.0024937655860348684,699,0.23891273247496422,-0.014085981189073817,-0.0350613507145876,0.09210391105372039,-0.047420026310402076,1.9422998724384182,0.6097069148443907,-0.1549731678107572,-0.1208162065572829,-0.09086858785935231,0.07725321888412018,0.07868383404864092,9.741058655221746,8.0,0.06334383604541766,-0.04525617505335503,-3.7899791884616403,0.07482275404750144
entry,root_anchor_retained_from_candidate,FALSE,total,,,1845,0.33550135501355016,-0.00020758872350917692,-0.025565214272942338,0.09248952257627022,-0.04700980070928686,1.9674519181273356,0.993354598140963,-0.37131225131438994,-0.13439650588988586,-0.0929615580484618,0.08184281842818428,0.11436314363143632,11.103523035230353,10.0,0.08784187661123584,-0.04206468039546699,-2.4275326196608655,0.08540570336327556
entry,root_anchor_retained_from_candidate,TRUE,total,,,660,0.35909090909090907,0.008552718652830572,-0.01968751691137849,0.09270437661263468,-0.03859608261542847,2.401911549841508,1.3457518612587174,-0.10503767715679979,-0.09354659516298613,-0.07250961180359414,0.03333333333333333,0.10303030303030303,11.242424242424242,10.0,0.08802921991438231,-0.03508110603986189,-2.127042446681957,0.07680957431379448
entry,root_anchor_retained_from_candidate,FALSE,discovery,,,389,0.3856041131105398,0.006135660478502716,-0.014292660235954435,0.07927572993191132,-0.03976814880187925,1.9934478299921552,1.251117884932315,-0.37131225131438994,-0.1492441868062721,-0.07519191981674771,0.043701799485861184,0.11568123393316196,12.16452442159383,11.0,0.09322724770451453,-0.032750237414538926,-1.1755272594581219,0.08443105173153233
entry,root_anchor_retained_from_candidate,TRUE,discovery,,,184,0.3858695652173913,0.006039231922965333,-0.014043375044518858,0.06696845891801215,-0.03224373371109064,2.076944919532613,1.3049830910337656,-0.10266781054077834,-0.09110777215452603,-0.06387434983516285,0.03260869565217391,0.08152173913043478,12.451086956521738,13.0,0.08501686307211347,-0.028778902236852793,-0.7373322007007426,0.07631735064174915
entry,root_anchor_retained_from_candidate,FALSE,validation,,,774,0.39276485788113696,0.008783385993871885,-0.02191943232522464,0.10015596951394819,-0.05031717866592215,1.990492554817663,1.287467524818233,-0.18830621477878562,-0.13507505849742824,-0.09886201915783359,0.10594315245478036,0.14599483204134367,11.797157622739018,11.0,0.10670874813904588,-0.044132805180175726,-1.8157665176575495,0.09525782524125241
entry,root_anchor_retained_from_candidate,TRUE,validation,,,243,0.4609053497942387,0.031219325613260792,-0.009661017687339069,0.11542633527540658,-0.04077445363987149,2.8308493424553554,2.420268140114502,-0.10031718540361112,-0.08967275985810809,-0.07313463196236966,0.03292181069958848,0.16049382716049382,11.987654320987655,11.0,0.12268870089739921,-0.035685776792409675,-1.8088575408000473,0.0887425107805162
entry,root_anchor_retained_from_candidate,FALSE,holdout,,,682,0.24193548387096775,-0.014029492493062798,-0.03484090878127194,0.09037721365263224,-0.047350781688497386,1.908674163970285,0.6091513289266868,-0.1549731678107572,-0.12099611794251149,-0.09080586814569692,0.07624633431085044,0.07771260997067449,9.711143695014663,8.0,0.06335819931239363,-0.04503035449549113,-3.8792806868765424,0.07478047924479175
entry,root_anchor_retained_from_candidate,TRUE,holdout,,,233,0.2317596566523605,-0.013101804665149423,-0.03113341304852546,0.07941531709574108,-0.04101199782206611,1.9363923074484422,0.5841630424704798,-0.10503767715679979,-0.09871078403320338,-0.07286692863336401,0.034334763948497854,0.060085836909871244,9.510729613733906,8.0,0.054261064464186444,-0.039427331391297775,-3.638650292565422,0.0647532034736355
entry,model_spread_cost_p50,LOW,total,0.08217522981707917,0.2023609266095233,741,0.3333333333333333,-0.0008009705360989963,-0.022527760441113265,0.07734286081224824,-0.039872886210272615,1.9397356992010797,0.9698678496005397,-0.37131225131438994,-0.11320570228517499,-0.07641096210821907,0.043184885290148446,0.08232118758434548,11.568151147098515,10.0,0.07565332566729652,-0.03492903535725252,-1.8255309620549485,0.07381210331792132
entry,model_spread_cost_p50,MID,total,0.08217522981707917,0.2023609266095233,764,0.34424083769633507,0.0030414838762395074,-0.02357340755058701,0.08958255006302367,-0.04238825745534579,2.113381286253511,1.1094197171350766,-0.14819837427000726,-0.11418271244387285,-0.08425308309685692,0.060209424083769635,0.10471204188481675,11.090314136125654,10.0,0.09026980089889113,-0.037297185579975675,-2.2862938364712697,0.08457596349308984
entry,model_spread_cost_p50,HIGH,total,0.08217522981707917,0.2023609266095233,1000,0.346,0.003531618601796119,-0.026787025623444205,0.10565911689221137,-0.05049913737447863,2.0922954803899207,1.10693308289742,-0.21903086744147537,-0.1398125948712433,-0.09381288450765857,0.095,0.138,10.861,10.0,0.0951423052850029,-0.04638540033311992,-2.7823508376317645,0.08895703708504746
entry,model_spread_cost_p50,MISSING,total,0.08217522981707917,0.2023609266095233,0,,,,,,,,,,,,,,,,,,
entry,model_spread_cost_p50,LOW,discovery,0.08217522981707917,0.2023609266095233,191,0.3507853403141361,-0.004624794819238824,-0.01668469841296083,0.05547419123652902,-0.037097634059048874,1.4953565811833147,0.8079749269296943,-0.37131225131438994,-0.14053345070423146,-0.07772228993974828,0.04712041884816754,0.04712041884816754,12.544502617801047,13.0,0.0751852420190878,-0.03146969953654091,-0.9950612783850814,0.07717795533308627
entry,model_spread_cost_p50,MID,discovery,0.08217522981707917,0.2023609266095233,191,0.39790575916230364,0.009373535101929514,-0.014292660235954435,0.0774214725285126,-0.0355972757191167,2.174926900008114,1.437342994787971,-0.14819837427000726,-0.12509062990115932,-0.06774922839493913,0.031413612565445025,0.1099476439790576,11.879581151832461,10.0,0.09560621534098493,-0.029894364655031848,-1.229118085065177,0.08356358279741444
entry,model_spread_cost_p50,HIGH,discovery,0.08217522981707917,0.2023609266095233,191,0.4083769633507853,0.013565346628111291,-0.012399451118699,0.09032458138398922,-0.03941890391134427,2.29140266272079,1.5816761742674479,-0.21903086744147537,-0.14770027320611645,-0.07237237153074566,0.041884816753926704,0.15706806282722513,12.345549738219896,12.0,0.10098080526990129,-0.03306085918977046,-0.8766022783552454,0.08473527674723706
entry,model_spread_cost_p50,MISSING,discovery,0.08217522981707917,0.2023609266095233,0,,,,,,,,,,,,,,,,,,
entry,model_spread_cost_p50,LOW,validation,0.08217522981707917,0.2023609266095233,258,0.40310077519379844,0.012343701522335439,-0.01751762345553276,0.09324744486305246,-0.042292592681785146,2.2048174148285993,1.488967604819314,-0.1688644474680978,-0.10763256248951733,-0.08229421058692499,0.05426356589147287,0.12790697674418605,12.484496124031008,11.0,0.09655964727477606,-0.03578979023938373,-1.6841884529090023,0.08153899426735758
entry,model_spread_cost_p50,MID,validation,0.08217522981707917,0.2023609266095233,320,0.403125,0.01769499851303447,-0.017314407797075437,0.108248339620351,-0.04346406432907985,2.49052501857096,1.6820823423856226,-0.13415768813160078,-0.11304762909357402,-0.08453855273407004,0.065625,0.14375,11.790625,11.0,0.11359820200049867,-0.037737489659265586,-1.9757861922666646,0.09321210150941632
entry,model_spread_cost_p50,HIGH,validation,0.08217522981707917,0.2023609266095233,439,0.4168564920273349,0.012614037280969562,-0.020251641260764175,0.10772346560821339,-0.05537434312483364,1.945367827937318,1.3906340332520672,-0.18830621477878562,-0.14212399111872182,-0.10063535069450726,0.1252847380410023,0.1662870159453303,11.503416856492027,10.0,0.11649683767799024,-0.04902203279563912,-1.7741252942565893,0.10120513406014425
entry,model_spread_cost_p50,MISSING,validation,0.08217522981707917,0.2023609266095233,0,,,,,,,,,,,,,,,,,,
entry,model_spread_cost_p50,LOW,holdout,0.08217522981707917,0.2023609266095233,292,0.2602739726027397,-0.009913898457319466,-0.029456029501362557,0.07485765186868966,-0.03974092542387824,1.883641386561965,0.6627627100866174,-0.13254591912216596,-0.10136351508208587,-0.06766464596451943,0.030821917808219176,0.06506849315068493,10.11986301369863,9.0,0.057487479784002496,-0.03643129009069796,-2.523305345123528,0.06478328277048614
entry,model_spread_cost_p50,MID,holdout,0.08217522981707917,0.2023609266095233,253,0.22924901185770752,-0.020272929040286887,-0.03286044796287757,0.06400246454108606,-0.04533945636192603,1.4116284066174283,0.4198689619682607,-0.12426693001516642,-0.11229573866977838,-0.0935365628995054,0.07509881422924901,0.05138339920948617,9.608695652173912,9.0,0.05673484631013879,-0.04232897013053496,-3.525816571629979,0.07441707237707999
entry,model_spread_cost_p50,HIGH,holdout,0.08217522981707917,0.2023609266095233,370,0.22972972972972974,-0.012424121541942643,-0.03766425881458135,0.11528638694648154,-0.05051322056480599,2.2823012600943695,0.6806863407298996,-0.1549731678107572,-0.1228309828120181,-0.0910274546253585,0.08648648648648649,0.0945945945945946,9.332432432432432,8.0,0.06679151280490284,-0.050135415758346444,-5.029283194959635,0.07660417668627528
entry,model_spread_cost_p50,MISSING,holdout,0.08217522981707917,0.2023609266095233,0,,,,,,,,,,,,,,,,,,
entry,model_spread_cost_p90,LOW,total,0.1899298268258994,0.545314479497842,1014,0.3106508875739645,-0.0012480573136747118,-0.026931268828672084,0.09714035549128695,-0.045586183255824815,2.1309166188830857,0.9602843132305752,-0.21903086744147537,-0.12577647343748896,-0.08996860971667792,0.07790927021696252,0.10650887573964497,11.100591715976332,10.0,0.08646013413164663,-0.04169002674805525,-2.4389109471830257,0.08506718079628658
entry,model_spread_cost_p90,MID,total,0.1899298268258994,0.545314479497842,768,0.359375,0.0034047739395004287,-0.023077385507442483,0.08929217575438365,-0.04477596366397065,1.9941988613465251,1.1186969222187824,-0.37131225131438994,-0.1255085839718271,-0.08663350537164219,0.06770833333333333,0.11588541666666667,11.1796875,10.0,0.08960228874152905,-0.03960514772472929,-2.2214727951993165,0.08354420062059248
entry,model_spread_cost_p90,HIGH,total,0.1899298268258994,0.545314479497842,723,0.3665283540802213,0.0054114202579855775,-0.021075974429651922,0.09048339337335999,-0.0438114462825695,2.065291175045254,1.1949828851244375,-0.15691347873888106,-0.11795552730297461,-0.08424559102049142,0.058091286307053944,0.11341632088520055,11.153526970954356,10.0,0.08808079353836575,-0.038827696736964505,-2.357791312834226,0.08001075290221044
entry,model_spread_cost_p90,MISSING,total,0.1899298268258994,0.545314479497842,0,,,,,,,,,,,,,,,,,,
entry,model_spread_cost_p90,LOW,discovery,0.1899298268258994,0.545314479497842,191,0.4083769633507853,0.012470698874675406,-0.014741252775288594,0.0841595583394154,-0.03701364659656104,2.2737440397789586,1.5694870363075997,-0.21903086744147537,-0.1328640225047551,-0.06717256809948863,0.03664921465968586,0.1256544502617801,12.900523560209423,13.0,0.09982050821180592,-0.03045653211199138,-0.7285608868710627,0.08467252203156428
entry,model_spread_cost_p90,MID,discovery,0.1899298268258994,0.545314479497842,191,0.387434554973822,-0.00010346930088629611,-0.012439427016147864,0.06181556852574488,-0.039265937669866684,1.5742796987421275,0.9956982709992943,-0.37131225131438994,-0.14824603706083928,-0.08324081632748037,0.05759162303664921,0.07853403141361257,12.486910994764397,13.0,0.0835305158195335,-0.03275872245782787,-1.2477182438664995,0.08098994782482613
entry,model_spread_cost_p90,HIGH,discovery,0.1899298268258994,0.545314479497842,191,0.3612565445026178,0.00594685733701287,-0.014813795666957397,0.07981626741429042,-0.0358317434443982,2.2275295517826272,1.2598322874836172,-0.15691347873888106,-0.10942422820071757,-0.07344806469345055,0.02617801047120419,0.1099476439790576,11.38219895287958,10.0,0.08842123859863464,-0.031209668811523983,-1.131380665863148,0.07981434502134738
entry,model_spread_cost_p90,MISSING,discovery,0.1899298268258994,0.545314479497842,0,,,,,,,,,,,,,,,,,,
entry,model_spread_cost_p90,LOW,validation,0.1899298268258994,0.545314479497842,428,0.3364485981308411,0.004546932819020042,-0.024963503717230162,0.10790115680326902,-0.047858025820880855,2.2546094401618806,1.143182251349686,-0.18830621477878562,-0.1320049310322153,-0.09291543020046401,0.10046728971962617,0.12149532710280374,11.663551401869158,11.0,0.10326724116297209,-0.044430438100314176,-2.0573144062341564,0.09606397393934057
entry,model_spread_cost_p90,MID,validation,0.1899298268258994,0.545314479497842,298,0.4563758389261745,0.02042929271627642,-0.010995254702864443,0.10384685830311552,-0.04960026851711937,2.0936753249082334,1.7576533591822205,-0.1844147255477271,-0.1308889199068868,-0.0940767824800053,0.07718120805369127,0.17785234899328858,11.89261744966443,11.0,0.12002800736591435,-0.04129053738945952,-1.5290795994878699,0.096900382347623
entry,model_spread_cost_p90,HIGH,validation,0.1899298268258994,0.545314479497842,291,0.46735395189003437,0.021823437825732855,-0.01002520853977873,0.10083988951611274,-0.047507126238084334,2.1226265931293886,1.8624336559070764,-0.13977470312948137,-0.11882947624937631,-0.0913026299858759,0.08247422680412371,0.16151202749140894,12.054982817869416,12.0,0.11147491396871127,-0.039551983921024596,-1.7459814659722268,0.08694945728785354
entry,model_spread_cost_p90,MISSING,validation,0.1899298268258994,0.545314479497842,0,,,,,,,,,,,,,,,,,,
entry,model_spread_cost_p90,LOW,holdout,0.1899298268258994,0.545314479497842,395,0.23544303797468355,-0.014160812272581617,-0.033661876709466076,0.09136558978075535,-0.04665735330225161,1.9582248737702441,0.6030295141080554,-0.1503079545208521,-0.11852826736222014,-0.09429225683846701,0.07341772151898734,0.0810126582278481,9.620253164556962,8.0,0.06178855626147519,-0.044152561980261275,-3.7478561094438,0.07334250322371659
entry,model_spread_cost_p90,MID,holdout,0.1899298268258994,0.545314479497842,279,0.23655913978494625,-0.012377420098368317,-0.033231283680683066,0.09010781375880393,-0.044133408054111825,2.0417143776506688,0.6326438916664043,-0.12185334277801241,-0.1024355638064327,-0.08465351047575254,0.06451612903225806,0.07526881720430108,9.523297491039427,8.0,0.06126122952301413,-0.04249196172432988,-3.6570426816998656,0.07102706846767594
entry,model_spread_cost_p90,HIGH,holdout,0.1899298268258994,0.545314479497842,241,0.24896265560165975,-0.014829930755743344,-0.034810326091984534,0.0792758636360505,-0.04602522171434905,1.722443927116055,0.5709758874417863,-0.1549731678107572,-0.1145351011922771,-0.08337621920767369,0.05394190871369295,0.058091286307053944,9.883817427385893,8.0,0.05956330784649065,-0.043990666708739,-4.125444872093315,0.07178814264919259
entry,model_spread_cost_p90,MISSING,holdout,0.1899298268258994,0.545314479497842,0,,,,,,,,,,,,,,,,,,
entry,model_spread_dominant_peak_today,LOW,total,0.0,0.007825483224006335,1690,0.3384615384615385,0.0027481297926664813,-0.024590498990936238,0.09477489323995916,-0.044335330575715814,2.137683242895928,1.0936984033421024,-0.21903086744147537,-0.1266588773842637,-0.0888536404011257,0.06863905325443787,0.10828402366863905,11.107692307692307,10.0,0.08752504806728985,-0.039524302757052175,-2.400113647297458,0.0821253404644625
entry,model_spread_dominant_peak_today,MID,total,0.0,0.007825483224006335,13,0.38461538461538464,0.03170772962809814,-0.02513423913551327,0.15340723171886875,-0.04435445917863348,3.4586653644233447,2.1616658527645907,-0.10484057805044611,-0.10157494998931703,-0.08851243774480068,0.07692307692307693,0.15384615384615385,12.461538461538462,14.0,0.12919350242218783,-0.03580440478630057,-0.32997097197464975,0.09475761679840713
entry,model_spread_dominant_peak_today,HIGH,total,0.0,0.007825483224006335,802,0.3478802992518703,0.0002559267845662313,-0.024687296891563126,0.08689489835145055,-0.04596256856373342,1.8905579271741269,1.008538550060385,-0.37131225131438994,-0.11873672684086223,-0.0869096680050338,0.06982543640897755,0.1172069825436409,11.187032418952619,10.0,0.08799339242645159,-0.04177223989314884,-2.27230774656118,0.08509247799130529
entry,model_spread_dominant_peak_today,MISSING,total,0.0,0.007825483224006335,0,,,,,,,,,,,,,,,,,,
entry,model_spread_dominant_peak_today,LOW,discovery,0.0,0.007825483224006335,381,0.3779527559055118,0.006004089174964186,-0.014909137066215439,0.07928317837180944,-0.03851991438767597,2.058238696324186,1.2505754104248217,-0.21903086744147537,-0.1469809418159822,-0.0743431493370188,0.04199475065616798,0.09711286089238845,12.191601049868767,12.0,0.08796340226786607,-0.03209570568595747,-1.2045745758215087,0.07929912551385454
entry,model_spread_dominant_peak_today,MID,discovery,0.0,0.007825483224006335,1,0.0,-0.03344390570421285,-0.03344390570421285,,-0.03344390570421285,,0.0,-0.03344390570421285,-0.03344390570421285,-0.03344390570421285,0.0,0.0,14.0,14.0,0.02316602316602312,-0.03474903474903468,-1.3333333333333381,0.05405405405405406
entry,model_spread_dominant_peak_today,HIGH,discovery,0.0,0.007825483224006335,191,0.4031413612565445,0.0065124425654766276,-0.00936113019568352,0.06791353749902597,-0.0349602268194646,1.9425943043714509,1.3121031704965063,-0.37131225131438994,-0.09483165604617141,-0.06717256809948863,0.03664921465968586,0.12041884816753927,12.37696335078534,12.0,0.09618471138796877,-0.030219620234228934,-0.6954005093456266,0.0870107369990329
entry,model_spread_dominant_peak_today,MISSING,discovery,0.0,0.007825483224006335,0,,,,,,,,,,,,,,,,,,
entry,model_spread_dominant_peak_today,LOW,validation,0.0,0.007825483224006335,688,0.4127906976744186,0.015714509223908695,-0.016834677435478507,0.10551243106684699,-0.047410762566671705,2.225495338077919,1.5644571188468541,-0.18830621477878562,-0.13097281195330746,-0.09499883134995589,0.09011627906976744,0.14825581395348839,11.828488372093023,11.0,0.11131678839618311,-0.04075053081946613,-1.7014667226139883,0.0929164142236423
entry,model_spread_dominant_peak_today,MID,validation,0.0,0.007825483224006335,7,0.42857142857142855,0.047760467719267306,-0.01878895903521205,0.1717830069244509,-0.04525643668462037,3.7957696077921312,2.8468272058440984,-0.10484057805044611,-0.10048586159845795,-0.08306699579050529,0.14285714285714285,0.14285714285714285,12.714285714285714,11.0,0.1629005774914928,-0.0340604842938212,-0.2213309566250741,0.11236950534622406
entry,model_spread_dominant_peak_today,HIGH,validation,0.0,0.007825483224006335,322,0.40062111801242234,0.010058171624829686,-0.02367141239792142,0.09995569642889833,-0.05002877500586904,1.9979641000038917,1.3354267818678862,-0.1844147255477271,-0.11776912979717358,-0.0890495299998379,0.08385093167701864,0.15217391304347827,11.854037267080745,10.5,0.10770084136234494,-0.04520387073342273,-2.0861976285789297,0.09497176190405382
entry,model_spread_dominant_peak_today,MISSING,validation,0.0,0.007825483224006335,0,,,,,,,,,,,,,,,,,,
entry,model_spread_dominant_peak_today,LOW,holdout,0.0,0.007825483224006335,621,0.2318840579710145,-0.013614816380199974,-0.033231283680683066,0.08908979739396895,-0.044619982802590594,1.9966345076402963,0.6027575872121649,-0.1549731678107572,-0.114873642988634,-0.08609864767621833,0.061191626409017714,0.07085346215780998,9.644122383252817,8.0,0.06089746304845228,-0.042723418018157315,-3.9507602793412113,0.07190397033542215
entry,model_spread_dominant_peak_today,MID,holdout,0.0,0.007825483224006335,5,0.4,0.02226422336692351,-0.029776457044391913,0.12584356891049553,-0.046788673662124504,2.6896160771568542,1.793077384771236,-0.0776270108743704,-0.07584043256210003,-0.06869411931301857,0.0,0.2,11.8,14.0,0.10320909317639382,-0.03845696748322487,-0.26925040849673476,0.07824168538033408
entry,model_spread_dominant_peak_today,HIGH,holdout,0.0,0.007825483224006335,289,0.25259515570934254,-0.014800534643526217,-0.034871491470559346,0.08383629333290162,-0.04813612928370784,1.741650078235037,0.5886132208849894,-0.13254591912216596,-0.11898337581339323,-0.09373720816912001,0.07612456747404844,0.07612456747404844,9.657439446366782,8.0,0.06062197208386523,-0.04558388426783916,-3.5856110015321185,0.07281733304189007
entry,model_spread_dominant_peak_today,MISSING,holdout,0.0,0.007825483224006335,0,,,,,,,,,,,,,,,,,,
entry,ensemble_peak_ambiguous,FALSE,total,,,910,0.3373626373626374,0.005400983715362146,-0.02277156124539148,0.09648200410637806,-0.04097028205585159,2.3549265288154877,1.1989426937750494,-0.14819837427000726,-0.10439362884609191,-0.08052268121637648,0.051648351648351645,0.1087912087912088,10.918681318681319,10.0,0.08720653578301081,-0.03759656682910784,-2.2206692083810724,0.07914695928694235
entry,ensemble_peak_ambiguous,TRUE,total,,,1595,0.34420062695924764,0.00021749086834745612,-0.02513423913551327,0.0903496839184838,-0.047088985216284344,1.9187010190068614,1.0070428866489167,-0.37131225131438994,-0.13496376103038144,-0.09104998619672443,0.07899686520376176,0.11285266457680251,11.266457680250785,10.0,0.08828188083302983,-0.04172413134887607,-2.421064507010305,0.08541950395061458
entry,ensemble_peak_ambiguous,FALSE,discovery,,,214,0.37383177570093457,0.004391954542935859,-0.014386276544888554,0.06817636864408205,-0.03368829268162903,2.0237406890394336,1.208203396441453,-0.14819837427000726,-0.0924723980945681,-0.06952938967271935,0.037383177570093455,0.08411214953271028,12.19158878504673,12.0,0.0863265207698294,-0.029913414278278167,-0.8975732672953579,0.07927864163302688
entry,ensemble_peak_ambiguous,TRUE,discovery,,,359,0.39275766016713093,0.007125661080152937,-0.01418980024015315,0.07937596157048933,-0.03960503786084446,2.0041885037298353,1.2962870597518659,-0.37131225131438994,-0.1509760796177661,-0.07448461108364028,0.04178272980501393,0.116991643454039,12.295264623955433,11.0,0.09313266495148065,-0.03240582092001401,-1.1155749630163607,0.08334385050746564
entry,ensemble_peak_ambiguous,FALSE,validation,,,368,0.4320652173913043,0.02572219462442409,-0.0130310425252948,0.11697974747942348,-0.043703407786795566,2.6766733626380375,2.0363208835380284,-0.13415768813160078,-0.10470240617956285,-0.08140647536351167,0.057065217391304345,0.16576086956521738,11.763586956521738,11.0,0.11931728678894739,-0.03867545171945339,-1.7060436257769769,0.09088276378429691
entry,ensemble_peak_ambiguous,TRUE,validation,,,649,0.39599383667180277,0.007579151404454772,-0.021735770934790954,0.09640227406170214,-0.05065437543970995,1.903138144037378,1.247720670963281,-0.18830621477878562,-0.13815596590292814,-0.09849299666714588,0.10631741140215717,0.14021571648690292,11.887519260400616,11.0,0.10554262533028794,-0.04406451269222298,-1.875231084030392,0.09529912139256325
entry,ensemble_peak_ambiguous,FALSE,holdout,,,328,0.2073170731707317,-0.016740093637185323,-0.03205416447138004,0.08185420470445827,-0.042526294741922877,1.924790419696864,0.5034067251514875,-0.11816196974607462,-0.1046262692636361,-0.08608946612487034,0.054878048780487805,0.06097560975609756,9.140243902439025,8.0,0.05175399566909668,-0.041398899165176105,-3.7467344311572446,0.0658940444177699
entry,ensemble_peak_ambiguous,TRUE,holdout,,,587,0.2572402044293015,-0.012146650177601123,-0.034810326091984534,0.09029524143014023,-0.047625378693126226,1.8959479989011099,0.6566241922799716,-0.1549731678107572,-0.12219124499121396,-0.0883954454101078,0.07155025553662692,0.08006814310051108,9.950596252129472,9.0,0.06623136179172773,-0.04483548731502483,-3.8580280419089026,0.07576582058820533
entry,peak_track_split,FALSE,total,,,2308,0.33925476603119586,0.0020688509706920464,-0.024380849540569904,0.09128251379469773,-0.04373724607271546,2.0870658761398873,1.0715885777164142,-0.37131225131438994,-0.1228601262506867,-0.08538795092559237,0.06195840554592721,0.10875216637781629,11.126516464471404,10.0,0.08562777129199381,-0.039491420982286564,-2.3416200094041955,0.0809091387355344
entry,peak_track_split,TRUE,total,,,197,0.37055837563451777,0.002471497845870583,-0.02970563470597165,0.10613347165284051,-0.0585553093146843,1.8125337035189177,1.0670561319103307,-0.18830621477878562,-0.1437492571842489,-0.11129157365412154,0.15228426395939088,0.14213197969543148,11.299492385786802,10.0,0.11440939771218636,-0.048815561872223676,-2.4310971192490003,0.10928705355702728
entry,peak_track_split,FALSE,discovery,,,540,0.37407407407407406,0.004303164218404213,-0.01447623746328891,0.07202315209446383,-0.03616854451225864,1.9913201668939968,1.19007891630943,-0.37131225131438994,-0.14009935687141545,-0.07079747471371323,0.03518518518518519,0.09444444444444444,12.251851851851852,12.0,0.08690824290775884,-0.030889350690401447,-0.9556291153239908,0.07994938888471098
entry,peak_track_split,TRUE,discovery,,,33,0.5757575757575758,0.0355843006674213,0.022848284099901583,0.11039175525704559,-0.06594010198992593,1.674121694168911,2.2720222992292363,-0.14819837427000726,-0.14015142148620574,-0.10485615590402513,0.12121212121212122,0.2727272727272727,12.333333333333334,11.0,0.1508500300647051,-0.041057908879387026,-2.2905125836171023,0.11252732254254509
entry,peak_track_split,FALSE,validation,,,915,0.41202185792349727,0.015457715316028475,-0.017491674496330267,0.10418353862202749,-0.04671632815304519,2.230131149877975,1.5627498949888412,-0.1844147255477271,-0.12298856916978548,-0.08922836097722375,0.07759562841530054,0.15300546448087432,11.887431693989072,11.0,0.10879564483498093,-0.04101873475181702,-1.7851211454023275,0.09065274361325014
entry,peak_track_split,TRUE,validation,,,102,0.38235294117647056,0.0023610526383642783,-0.027864832810797713,0.1050761595533697,-0.06122448973759145,1.7162439410067243,1.062436725385115,-0.18830621477878562,-0.14349226187169387,-0.11842974190355181,0.18627450980392157,0.11764705882352941,11.441176470588236,11.0,0.12605794464394077,-0.051944045804892085,-2.070576407613416,0.12104633774775415
entry,peak_track_split,FALSE,holdout,,,853,0.2391559202813599,-0.01370763206535415,-0.03363884069736578,0.08651145841991305,-0.04520947252605447,1.9135692939141462,0.6014917349129212,-0.1549731678107572,-0.11607077282125658,-0.08689446133705878,0.06213364595545135,0.07033997655334115,9.597889800703399,8.0,0.05996533405360423,-0.04329871976129899,-3.869571199746847,0.07106490245925626
entry,peak_track_split,TRUE,holdout,,,62,0.24193548387096775,-0.0149713583145412,-0.03991083758212516,0.10348865721280494,-0.05277774624880059,1.960838886998832,0.6257996447868613,-0.12426693001516642,-0.11616970263761804,-0.09926474804731605,0.11290322580645161,0.11290322580645161,10.516129032258064,10.0,0.07584983876586263,-0.047797774575956437,-3.1268917218091126,0.08821647510579782
entry,peak_track_merge,FALSE,total,,,2225,0.3348314606741573,0.0008304294532551621,-0.02442845396927651,0.0886820821177366,-0.04339219300285205,2.0437335838708997,1.028771297286365,-0.37131225131438994,-0.12420931599740427,-0.08513725868989949,0.0602247191011236,0.10292134831460674,11.102022471910113,10.0,0.08345989022406138,-0.039212484216262784,-2.38597954099225,0.07998295395655693
entry,peak_track_merge,TRUE,total,,,280,0.3964285714285714,0.012193169937503606,-0.025894309017375328,0.11850270769542263,-0.057631437702313035,2.056216405836194,1.3505326689219972,-0.14819837427000726,-0.13173704974355968,-0.10551439206470199,0.1392857142857143,0.17857142857142858,11.442857142857143,10.0,0.12310461336673521,-0.048268171195574174,-2.056893032575387,0.10823488999645921
entry,peak_track_merge,FALSE,discovery,,,527,0.3681214421252372,0.002266693008264743,-0.014617669250465704,0.0675121526676458,-0.035744175381885186,1.888759551629224,1.100358417465674,-0.37131225131438994,-0.14121339712292547,-0.06771734602467762,0.03225806451612903,0.08538899430740038,12.182163187855787,12.0,0.08414455626303824,-0.03051232172699286,-0.9789935415943166,0.07922755851314957
entry,peak_track_merge,TRUE,discovery,,,46,0.5869565217391305,0.050074856187123006,0.025608520144816738,0.13143564649786194,-0.06554310899129547,2.005331277698734,2.8496812893613592,-0.14819837427000726,-0.1368823469177864,-0.0926932559551279,0.13043478260869565,0.32608695652173914,13.108695652173912,13.5,0.16444176112399747,-0.04250362642850691,-1.650667073409082,0.11159018054821933
entry,peak_track_merge,FALSE,validation,,,871,0.40987370838117104,0.01412821842371129,-0.017491674496330267,0.10124479569326339,-0.046378820652611875,2.1829963390317833,1.5162056284714915,-0.18830621477878562,-0.1246741642323066,-0.0895855867993508,0.07577497129735936,0.14580941446613088,11.902411021814007,11.0,0.10618141967957194,-0.04062724794176041,-1.8153406933634608,0.089371530953283
entry,peak_track_merge,TRUE,validation,,,146,0.4041095890410959,0.014239442713881369,-0.02516074063085927,0.12255546136594492,-0.05921624809613874,2.069625572477569,1.403539181335363,-0.13977470312948137,-0.13374489356094976,-0.10754989037572932,0.1643835616438356,0.17123287671232876,11.486301369863014,10.5,0.13645143038892027,-0.05098700008724827,-1.8070148368803816,0.1195300232608583
entry,peak_track_merge,FALSE,holdout,,,827,0.23458282950423218,-0.014090108741130975,-0.03380492018166381,0.08673402833863635,-0.044990397198437226,1.9278342432960143,0.5908370350701844,-0.1549731678107572,-0.1165612717902866,-0.08650892097326976,0.06166868198307134,0.06892382103990327,9.570737605804112,8.0,0.05909317781984071,-0.043266566957419754,-3.935703509439276,0.07057623428851255
entry,peak_track_merge,TRUE,holdout,,,88,0.2840909090909091,-0.011003573162878734,-0.035414333420513255,0.09497063512635559,-0.053056830420511396,1.7899794309921804,0.71030929801277,-0.12185334277801241,-0.11466414633106757,-0.09916720116655818,0.10227272727272728,0.11363636363636363,10.5,10.0,0.07935297607045023,-0.0467706716626273,-2.7185645084479866,0.08774133520119518
entry,peak_track_lost,FALSE,total,,,2083,0.3374939990398464,0.0014254536647258509,-0.024390066798975263,0.08877730345243606,-0.04307335097350624,2.0610725993211356,1.0499522009585205,-0.37131225131438994,-0.1183360884726072,-0.08514878665421428,0.05952952472395583,0.10465674507921267,11.106577052328372,10.0,0.0835209113092067,-0.03857945918415744,-2.459266746274003,0.07944737740122305
entry,peak_track_lost,TRUE,total,,,422,0.36255924170616116,0.005432637754430786,-0.025922420937084245,0.10987913336498778,-0.05397373335491947,2.0357890131936327,1.1579023011844827,-0.21903086744147537,-0.15517401595578825,-0.10841372441584614,0.11611374407582939,0.14454976303317535,11.30568720379147,10.0,0.10946324463067507,-0.04834562046290404,-1.8173691095866509,0.1013719303924174
entry,peak_track_lost,FALSE,discovery,,,498,0.3714859437751004,0.002150824116683455,-0.01447623746328891,0.06612366112997756,-0.03566059712120603,1.8542499696578632,1.095962442130047,-0.37131225131438994,-0.1317897121893768,-0.07081590180621493,0.03413654618473896,0.08433734939759036,12.174698795180722,12.0,0.08411952420642352,-0.030580896373538908,-0.9841411811503088,0.0793187017414892
entry,peak_track_lost,TRUE,discovery,,,75,0.48,0.03235840253139756,-0.007872836505225522,0.12259007677554755,-0.05093237369397167,2.406918584084316,2.2217710006932148,-0.21903086744147537,-0.16309471897798328,-0.09635167348372098,0.08,0.24,12.8,13.0,0.13355972143368164,-0.03741165295752242,-1.3574593330630516,0.09847144232515062
entry,peak_track_lost,FALSE,validation,,,801,0.4132334581772784,0.014943648596541006,-0.017567915749715723,0.10144879238366651,-0.04597805904928568,2.206460961627797,1.5539118687208526,-0.13640233390749545,-0.11961197028102233,-0.08990656997756719,0.07740324594257178,0.14606741573033707,11.935081148564295,11.0,0.10695150930825059,-0.03988828874434049,-1.8533128665223668,0.08932403415823725
entry,peak_track_lost,TRUE,validation,,,216,0.39351851851851855,0.011179510914119744,-0.021729551339350894,0.11524251769520198,-0.05634228737894888,2.0454000548486775,1.3271679745201344,-0.18830621477878562,-0.16703930253717764,-0.11294282804641995,0.12962962962962962,0.16203703703703703,11.5,10.5,0.12378595565639251,-0.0503699800268279,-1.6712960940457353,0.10993257173910541
entry,peak_track_lost,FALSE,holdout,,,784,0.2385204081632653,-0.0128466236636655,-0.03341062750627716,0.0887594478022625,-0.04467298105751565,1.9868709385654457,0.6223532085623759,-0.1549731678107572,-0.11100994439853346,-0.08585340502583051,0.05739795918367347,0.07525510204081633,9.581632653061224,8.0,0.05920201051832897,-0.04232296913566434,-4.077320073257231,0.06943829374839028
entry,peak_track_lost,TRUE,holdout,,,131,0.24427480916030533,-0.01945863675522817,-0.03897848662708003,0.08133283240097655,-0.05203769749258727,1.562959860254431,0.505199146748907,-0.12589144919261008,-0.12478499321949403,-0.102741199406513,0.11450381679389313,0.061068702290076333,10.129770992366412,9.0,0.07205147866288528,-0.05126765021172896,-2.331063317125916,0.08891725920280213
entry,mass_change_5,LOW,total,-0.04630219320381581,-0.020643149357080125,209,0.3588516746411483,0.006186941844158022,-0.022153880300523343,0.09338120753432748,-0.04261581880332489,2.1912334470279347,1.2264366307992172,-0.10503767715679979,-0.09970987686142545,-0.08367938380641093,0.05741626794258373,0.11483253588516747,10.626794258373206,10.0,0.10035736943021109,-0.03979956265009815,-2.2876417556673183,0.09150975648769935
entry,mass_change_5,MID,total,-0.04630219320381581,-0.020643149357080125,163,0.3987730061349693,0.016231471452566325,-0.016537861882111704,0.09403619133432477,-0.03537369989757958,2.658364593090222,1.7632010056210656,-0.10440903727174633,-0.09216408496813608,-0.06352897340788112,0.018404907975460124,0.09202453987730061,11.484662576687116,11.0,0.08335954707544632,-0.030347808411215732,-2.0475261073633133,0.0644408436653914
entry,mass_change_5,HIGH,total,-0.04630219320381581,-0.020643149357080125,198,0.31313131313131315,0.0025644231848435486,-0.021461171405296575,0.0849480402500808,-0.034992814006661675,2.427585281764108,1.1066932902159905,-0.09294970408723124,-0.0866918549847784,-0.065666991383364,0.015151515151515152,0.08585858585858586,11.54040404040404,11.0,0.07071273573728565,-0.03188991054666545,-2.752038900212446,0.06549722051966685
entry,mass_change_5,MISSING,total,-0.04630219320381581,-0.020643149357080125,1935,0.33798449612403103,0.00042131092154903515,-0.025320292082505413,0.09302634592445719,-0.0468571378621371,1.9853185697803175,1.0135818459299981,-0.37131225131438994,-0.13360968666839293,-0.09264954231916213,0.08010335917312661,0.11524547803617571,11.125581395348837,10.0,0.08868430461551835,-0.04195548406346616,-2.3399555960601943,0.08561756871631307
entry,mass_change_5,LOW,discovery,-0.04630219320381581,-0.020643149357080125,48,0.4375,0.006606507472983023,-0.014063408525963272,0.07170598412342205,-0.04402641881069176,1.6287035389307736,1.2667694191683794,-0.0927258286262902,-0.09180957978083339,-0.08872694129078194,0.08333333333333333,0.10416666666666667,11.958333333333334,11.5,0.10247415857502044,-0.03410267673972013,-0.7580934130801857,0.09320587054171788
entry,mass_change_5,MID,discovery,-0.04630219320381581,-0.020643149357080125,48,0.3958333333333333,0.011984923351560853,-0.012072492589122186,0.07012372832330956,-0.026106017836826225,2.686113552883203,1.759867500164857,-0.056387420598511095,-0.05518855950420736,-0.05163000026971555,0.0,0.08333333333333333,13.583333333333334,13.0,0.0819701488690809,-0.02490047403167984,-0.251149120756738,0.06730922275346482
entry,mass_change_5,HIGH,discovery,-0.04630219320381581,-0.020643149357080125,49,0.2857142857142857,-0.009010836722827752,-0.015391335210288903,0.03952366317357143,-0.028424636681387425,1.3904720618452686,0.5561888247381075,-0.08692150566917811,-0.07206078808162895,-0.05476808958513402,0.02040816326530612,0.02040816326530612,12.285714285714286,13.0,0.05486377066491971,-0.027343368664678774,-1.273614417274514,0.06125412394092324
entry,mass_change_5,MISSING,discovery,-0.04630219320381581,-0.020643149357080125,428,0.3901869158878505,0.0071194694387935326,-0.014103678223650551,0.0793689358311426,-0.039109116337153964,2.0294228881807155,1.2985196257708027,-0.37131225131438994,-0.1477874908167738,-0.07429948333557237,0.04205607476635514,0.11682242990654206,12.13785046728972,11.0,0.09431507159445586,-0.03239061697252359,-1.1255818139249696,0.08453246516442503
entry,mass_change_5,LOW,validation,-0.04630219320381581,-0.020643149357080125,89,0.38202247191011235,0.015791546730191803,-0.017491674496330267,0.10869109511507631,-0.04163726499864589,2.6104283054761432,1.613719316112525,-0.10031718540361112,-0.08717945906295461,-0.07831577900826825,0.056179775280898875,0.16853932584269662,11.393258426966293,11.0,0.11853896387844069,-0.04252572025174234,-2.272454098748641,0.10006134848849917
entry,mass_change_5,MID,validation,-0.04630219320381581,-0.020643149357080125,53,0.660377358490566,0.06347814962020432,0.03596351924373886,0.11368214579037027,-0.03414073182178498,3.3298098700341985,6.474630302844275,-0.09156884108263086,-0.08379416165694681,-0.06225382691824437,0.018867924528301886,0.1509433962264151,12.245283018867925,12.0,0.1365379099835749,-0.0225479126192126,-1.4136228212239568,0.0702475934997864
entry,mass_change_5,HIGH,validation,-0.04630219320381581,-0.020643149357080125,67,0.40298507462686567,0.02986033925171579,-0.014567512356912227,0.12953804228471655,-0.03742211029555972,3.461537611364658,2.336537887671144,-0.09294970408723124,-0.08384718560586257,-0.07057572645721115,0.014925373134328358,0.16417910447761194,12.791044776119403,14.0,0.11432105926156505,-0.032298436753977186,-2.0317900683772914,0.08173744908867667
entry,mass_change_5,MISSING,validation,-0.04630219320381581,-0.020643149357080125,808,0.39603960396039606,0.009423520500688556,-0.02181230264334094,0.10063520251507149,-0.05038741852513634,1.9972287817219385,1.3096582175225828,-0.18830621477878562,-0.13455429619446707,-0.09851799295566584,0.10272277227722772,0.14603960396039603,11.787128712871286,11.0,0.107623684892146,-0.04416659806469276,-1.7730420611922275,0.09553093477288165
entry,mass_change_5,LOW,holdout,-0.04630219320381581,-0.020643149357080125,72,0.2777777777777778,-0.005965127392517069,-0.03079912173108368,0.09011338322850519,-0.04291840070829486,2.0996444821181077,0.807555570045426,-0.10503767715679979,-0.1020732642534682,-0.0774160670990895,0.041666666666666664,0.05555555555555555,8.791666666666666,8.0,0.07647170575183214,-0.040227652888317776,-3.339885013164078,0.07980829589514281
entry,mass_change_5,MID,holdout,-0.04630219320381581,-0.020643149357080125,62,0.1774193548387097,-0.02086916780608774,-0.03577977839586999,0.07282968144775172,-0.04107872352750409,1.7729295166386783,0.38239656241226394,-0.10440903727174633,-0.09753204067574954,-0.0647205663993302,0.03225806451612903,0.04838709677419355,9.209677419354838,7.0,0.03897628707181289,-0.04123275239821393,-4.07153799097979,0.05725632854522272
entry,mass_change_5,HIGH,holdout,-0.04630219320381581,-0.020643149357080125,82,0.25609756097560976,-0.012821413900577755,-0.029458290279592403,0.05790095568512678,-0.037168459167787514,1.5577981165091537,0.5362911548638071,-0.08668475238629181,-0.07676407709442257,-0.06227817133333394,0.012195121951219513,0.06097560975609756,10.073170731707316,9.0,0.044552267596056544,-0.03427295074578083,-4.33204954130766,0.05476327440057877
entry,mass_change_5,MISSING,holdout,-0.04630219320381581,-0.020643149357080125,699,0.23891273247496422,-0.014085981189073817,-0.0350613507145876,0.09210391105372039,-0.047420026310402076,1.9422998724384182,0.6097069148443907,-0.1549731678107572,-0.1208162065572829,-0.09086858785935231,0.07725321888412018,0.07868383404864092,9.741058655221746,8.0,0.06334383604541766,-0.04525617505335503,-3.7899791884616403,0.07482275404750144
entry,prominence_change_5,LOW,total,-0.047888058409306794,-0.021849212024143146,206,0.3640776699029126,0.007449079171398764,-0.025739725112484624,0.09714531504806852,-0.04390372762822133,2.212689452492491,1.2668069384498994,-0.10503767715679979,-0.09266797924910723,-0.08416216565563539,0.05825242718446602,0.1262135922330097,10.742718446601941,10.0,0.10328249507394326,-0.040475497040757015,-2.3273070484559106,0.0931694073206983
entry,prominence_change_5,MID,total,-0.047888058409306794,-0.021849212024143146,169,0.3668639053254438,0.00872732454960397,-0.018027227016303327,0.08391740064618618,-0.0348407569269203,2.408598665700801,1.3956366100322402,-0.10440903727174633,-0.07991480527058531,-0.06364692858037942,0.011834319526627219,0.07692307692307693,11.118343195266272,10.0,0.07425985587776324,-0.0314811472459108,-2.2026805860783054,0.06286514266812586
entry,prominence_change_5,HIGH,total,-0.047888058409306794,-0.021849212024143146,195,0.3333333333333333,0.007369888844128937,-0.01710684709906063,0.09067606197910767,-0.03428319772336042,2.644912610276182,1.3224563051380909,-0.10031718540361112,-0.09296083818361395,-0.0639572955627187,0.020512820512820513,0.08717948717948718,11.723076923076922,11.0,0.07557594067497504,-0.030362755785556753,-2.590527223220786,0.06554225265284552
entry,prominence_change_5,MISSING,total,-0.047888058409306794,-0.021849212024143146,1935,0.33798449612403103,0.00042131092154903515,-0.025320292082505413,0.09302634592445719,-0.0468571378621371,1.9853185697803175,1.0135818459299981,-0.37131225131438994,-0.13360968666839293,-0.09264954231916213,0.08010335917312661,0.11524547803617571,11.125581395348837,10.0,0.08868430461551835,-0.04195548406346616,-2.3399555960601943,0.08561756871631307
entry,prominence_change_5,LOW,discovery,-0.047888058409306794,-0.021849212024143146,48,0.4166666666666667,0.0028886864154983086,-0.016057931384276525,0.06732248001011672,-0.04313545186637197,1.5607227256752292,1.1148019469108779,-0.0927258286262902,-0.09180957978083339,-0.08872694129078194,0.08333333333333333,0.10416666666666667,12.291666666666666,11.5,0.10206726081206463,-0.034398084127292006,-0.710805210381066,0.09652662491099555
entry,prominence_change_5,MID,discovery,-0.047888058409306794,-0.021849212024143146,48,0.375,0.01084565923978049,-0.012317040551511671,0.07639849856647804,-0.02848604435623804,2.6819623536023824,1.6091774121614295,-0.08692150566917811,-0.07257048568596461,-0.05467739896483878,0.020833333333333332,0.08333333333333333,12.541666666666666,13.0,0.07796277605008567,-0.026429134326692593,-0.6937147384620483,0.06444412661475941
entry,prominence_change_5,HIGH,discovery,-0.047888058409306794,-0.021849212024143146,49,0.32653061224489793,-0.004252875740690533,-0.014617669250465704,0.04186782592286284,-0.02661442806241338,1.573125141922223,0.7627273415380474,-0.055961677361784035,-0.055128101465875,-0.051149084406538065,0.0,0.02040816326530612,12.979591836734693,13.0,0.059187954092137035,-0.025556526853167304,-0.8875571193038506,0.06080776485791366
entry,prominence_change_5,MISSING,discovery,-0.047888058409306794,-0.021849212024143146,428,0.3901869158878505,0.0071194694387935326,-0.014103678223650551,0.0793689358311426,-0.039109116337153964,2.0294228881807155,1.2985196257708027,-0.37131225131438994,-0.1477874908167738,-0.07429948333557237,0.04205607476635514,0.11682242990654206,12.13785046728972,11.0,0.09431507159445586,-0.03239061697252359,-1.1255818139249696,0.08453246516442503
entry,prominence_change_5,LOW,validation,-0.047888058409306794,-0.021849212024143146,98,0.3979591836734694,0.024621407982024644,-0.01832994216304268,0.12643939661853013,-0.042682008235326425,2.962358188991693,1.9581689723843392,-0.09156884108263086,-0.08557337763030352,-0.07445424193186778,0.05102040816326531,0.1836734693877551,11.581632653061224,11.0,0.12757066019462185,-0.0418117911166741,-2.2790438041237797,0.10023983465448852
entry,prominence_change_5,MID,validation,-0.047888058409306794,-0.021849212024143146,46,0.5869565217391305,0.0321490954502943,0.022626409861764674,0.0779042792228075,-0.03287142885801394,2.3699693603010115,3.367851196217227,-0.07661753449477693,-0.07473117347978087,-0.06783325579968061,0.0,0.08695652173913043,11.76086956521739,12.0,0.09551871837666692,-0.02709194625443805,-1.653967828630451,0.06064029982223529
entry,prominence_change_5,HIGH,validation,-0.047888058409306794,-0.021849212024143146,65,0.46153846153846156,0.044287322242629316,-0.0067082049741187255,0.13791158237081413,-0.035962043581529116,3.8349206172935206,3.287074814823018,-0.10031718540361112,-0.095601997361128,-0.07316744488410878,0.03076923076923077,0.18461538461538463,12.984615384615385,13.0,0.13154157292978355,-0.02769290271694763,-1.751663433346499,0.08449283033759607
entry,prominence_change_5,MISSING,validation,-0.047888058409306794,-0.021849212024143146,808,0.39603960396039606,0.009423520500688556,-0.02181230264334094,0.10063520251507149,-0.05038741852513634,1.9972287817219385,1.3096582175225828,-0.18830621477878562,-0.13455429619446707,-0.09851799295566584,0.10272277227722772,0.14603960396039603,11.787128712871286,11.0,0.107623684892146,-0.04416659806469276,-1.7730420611922275,0.09553093477288165
entry,prominence_change_5,LOW,holdout,-0.047888058409306794,-0.021849212024143146,60,0.26666666666666666,-0.01695074368123647,-0.03127336395264435,0.06301953501750818,-0.046030845026234536,1.3690718686913355,0.4978443158877583,-0.10503767715679979,-0.10257429178642566,-0.07901723470067884,0.05,0.05,8.133333333333333,7.0,0.06458401278633778,-0.04315481371419779,-3.719321170401891,0.07893526860326985
entry,prominence_change_5,MID,holdout,-0.047888058409306794,-0.021849212024143146,75,0.22666666666666666,-0.006993762471199067,-0.03358997133187125,0.10142884275594917,-0.03877280193432873,2.6159791837521533,0.766752519375631,-0.10440903727174633,-0.08369046165073615,-0.06501652823826107,0.013333333333333334,0.06666666666666667,9.813333333333333,9.0,0.05885121796814931,-0.037406478788980416,-3.530645432232715,0.06321916322109326
entry,prominence_change_5,HIGH,holdout,-0.047888058409306794,-0.021849212024143146,81,0.2345679012345679,-0.01522415691199909,-0.029206424296753686,0.05719533382904045,-0.037417226655220875,1.5285829266841162,0.46843670333868076,-0.09313527236027619,-0.08797485638108868,-0.06474416945860695,0.024691358024691357,0.04938271604938271,9.950617283950617,8.0,0.04057896840332697,-0.035412702293540405,-4.445730614179243,0.053199071818806946
entry,prominence_change_5,MISSING,holdout,-0.047888058409306794,-0.021849212024143146,699,0.23891273247496422,-0.014085981189073817,-0.0350613507145876,0.09210391105372039,-0.047420026310402076,1.9422998724384182,0.6097069148443907,-0.1549731678107572,-0.1208162065572829,-0.09086858785935231,0.07725321888412018,0.07868383404864092,9.741058655221746,8.0,0.06334383604541766,-0.04525617505335503,-3.7899791884616403,0.07482275404750144
in_position,mass_deterioration_20pct,FALSE,total,-0.2,-0.2,2429,0.3330588719637711,0.0001305858019834465,-0.02513423913551327,0.09037610851897092,-0.04493646844372203,2.0111974004400683,1.0043572203432194,-0.37131225131438994,-0.1256438091046569,-0.08822422628798317,0.06957595718402634,0.10827501029230135,11.024701523260601,10.0,0.08511473539873414,-0.04041230492921596,-2.4188388005650565,0.08233949338669719
in_position,mass_deterioration_20pct,TRUE,total,-0.2,-0.2,76,0.618421052631579,0.0650605289865257,0.019437468151894066,0.1299506370225149,-0.04010619783042232,3.2401634673018442,5.251299412523679,-0.10503767715679979,-0.09686329332046187,-0.07313753224514538,0.05263157894736842,0.21052631578947367,14.828947368421053,16.0,0.17662967378548974,-0.034228640037893374,-0.1852226164656115,0.1087527936323727
in_position,prominence_deterioration_20pct,FALSE,total,-0.2,-0.2,2457,0.33618233618233617,0.0007017295434978394,-0.024862688784297537,0.09061454562075422,-0.04483351636687235,2.02113403015851,1.0235786075480864,-0.37131225131438994,-0.12539616901670372,-0.08831517179677659,0.0695970695970696,0.10785510785510785,11.067969067969068,10.0,0.08568216804505922,-0.04024493467266276,-2.394749648831652,0.0823342720098864
in_position,prominence_deterioration_20pct,TRUE,total,-0.2,-0.2,48,0.625,0.07370090890874074,0.03884897559047895,0.14581123497208986,-0.04648296786350779,3.1368744655085017,5.228124109180835,-0.09413849870834923,-0.08992122949467818,-0.0689940497782702,0.041666666666666664,0.2916666666666667,14.833333333333334,16.0,0.20096792926066478,-0.03918876719193878,-0.0736891385555752,0.12442782133451913
in_position,combined_deterioration_with_price_confirmation,FALSE,total,-0.2,-0.2,2476,0.34006462035541196,0.002009109939205037,-0.024687296891563126,0.09287755252872645,-0.04481538740496695,2.0724478333625362,1.0679321148661296,-0.37131225131438994,-0.12522812752844978,-0.08818462509142291,0.06906300484652665,0.11147011308562198,11.097738287560581,10.0,0.08746775111858737,-0.04015256930658757,-2.3742080938707963,0.08280901756747575
in_position,combined_deterioration_with_price_confirmation,TRUE,total,-0.2,-0.2,29,0.4827586206896552,0.009904720914554166,-0.002637336961717529,0.07278946447985739,-0.04878770641306218,1.491963238927114,1.39249902299864,-0.09413849870834923,-0.09162608300658776,-0.07875062375837139,0.06896551724137931,0.10344827586206896,14.758620689655173,16.0,0.12404812833103794,-0.046382886649470226,-0.24802677048941832,0.11147290535440821
in_position,mass_deterioration_20pct,FALSE,discovery,-0.2,-0.2,552,0.3822463768115942,0.00597428698739964,-0.014362177690821654,0.07616720619265258,-0.03745886829796214,2.0333557753744596,1.2581761542639618,-0.37131225131438994,-0.14502667960344542,-0.07287210800818936,0.03985507246376811,0.10507246376811594,12.184782608695652,12.0,0.09006904434412437,-0.031481491681564194,-1.0692560671943483,0.08143464858392682
in_position,mass_deterioration_20pct,TRUE,discovery,-0.2,-0.2,21,0.47619047619047616,0.009532580138979856,-0.002637336961717529,0.057483956631586876,-0.034059580308844706,1.6877470629507214,1.534315511773383,-0.08516558548777253,-0.08188145811678656,-0.06874494863284264,0.047619047619047616,0.09523809523809523,14.142857142857142,16.0,0.10430427068420867,-0.03130366464824377,-0.1206456172258486,0.09210217253906265
in_position,prominence_deterioration_20pct,FALSE,discovery,-0.2,-0.2,562,0.38256227758007116,0.005936827517109257,-0.014318065870187413,0.07558687770590161,-0.0372181027151396,2.0309170052119376,1.2583491530852065,-0.37131225131438994,-0.14470316899579236,-0.07264720320168802,0.03914590747330961,0.10320284697508897,12.201067615658364,12.0,0.08984000472269524,-0.031320653436094185,-1.0547418341365116,0.08124316748727368
in_position,prominence_deterioration_20pct,TRUE,discovery,-0.2,-0.2,11,0.5454545454545454,0.014681230486161413,0.006307619657460073,0.06582356103278575,-0.04668956616978779,1.4098130788668437,1.6917756946402125,-0.08516558548777253,-0.08352352180227954,-0.07695526706030759,0.09090909090909091,0.18181818181818182,15.090909090909092,16.0,0.12894722801548253,-0.039359375886511304,0.013376914752261245,0.11158286489091856
in_position,combined_deterioration_with_price_confirmation,FALSE,discovery,-0.2,-0.2,564,0.38475177304964536,0.006213468185532575,-0.01424681113818832,0.07566395252900376,-0.0372181027151396,2.0329879012942036,1.271349782653724,-0.37131225131438994,-0.14463846687426177,-0.07258612949703416,0.03900709219858156,0.10460992907801418,12.22340425531915,12.0,0.08998243494009373,-0.03123920421977847,-1.0486536310818169,0.08110822551231378
in_position,combined_deterioration_with_price_confirmation,TRUE,discovery,-0.2,-0.2,9,0.4444444444444444,-0.0007117174085771419,-0.002637336961717529,0.056760593542936166,-0.04668956616978779,1.2157018837254736,0.972561506980379,-0.08516558548777253,-0.08385193453937814,-0.07859733074580058,0.1111111111111111,0.1111111111111111,14.333333333333334,16.0,0.12871209512357532,-0.046249909542389264,-0.12402608463920584,0.1267813836336603
in_position,mass_deterioration_20pct,FALSE,validation,-0.2,-0.2,981,0.3934760448521916,0.00974490806872061,-0.020250805624645207,0.09940632043143541,-0.048421991380032184,2.052916817304372,1.3318082209739288,-0.18830621477878562,-0.1312290663584575,-0.09377564927383619,0.09174311926605505,0.14271151885830785,11.720693170234455,11.0,0.10478763674527693,-0.04259045213239673,-1.892109895732569,0.09237264920933104
in_position,mass_deterioration_20pct,TRUE,validation,-0.2,-0.2,36,0.8333333333333334,0.13402450188511922,0.07125913812557394,0.16681081988505725,-0.029907088114570973,5.577634948812876,27.888174744064386,-0.06752243874636665,-0.05949517392356485,-0.03228034470822336,0.0,0.3333333333333333,15.166666666666666,15.5,0.2669237147381347,-0.02914448411473257,0.26110778051575895,0.12990049950114013
in_position,prominence_deterioration_20pct,FALSE,validation,-0.2,-0.2,989,0.39838220424671383,0.01113923120180822,-0.01972277872682715,0.10092372891234758,-0.048314705097271614,2.088882229730237,1.3832262159894344,-0.18830621477878562,-0.13093620418114318,-0.09371531275459621,0.0910010111223458,0.1435793731041456,11.758341759352883,11.0,0.10643803948105844,-0.04237000328278305,-1.8675277396851677,0.09262504178816518
in_position,prominence_deterioration_20pct,TRUE,validation,-0.2,-0.2,28,0.7857142857142857,0.1202834723103885,0.07120742720318796,0.1641461405282201,-0.04054631115499413,4.048361881818244,14.843993566666894,-0.06752243874636665,-0.06535759699812699,-0.054283517862987865,0.0,0.35714285714285715,14.821428571428571,15.5,0.25495372610438294,-0.03308934726211168,0.02822844723708313,0.1317078759964089
in_position,combined_deterioration_with_price_confirmation,FALSE,validation,-0.2,-0.2,1005,0.40497512437810945,0.013904771821573741,-0.019068352827257606,0.10522462663121727,-0.048247704612414406,2.180925030040546,1.484341951883783,-0.18830621477878562,-0.13032441502614212,-0.09349799616944489,0.08955223880597014,0.15024875621890546,11.806965174129353,11.0,0.11028813831605795,-0.042185615349419434,-1.835264402852139,0.09370228705419227
in_position,combined_deterioration_with_price_confirmation,TRUE,validation,-0.2,-0.2,12,0.75,0.03419510021646652,0.0396912093922287,0.06097124935337282,-0.046133347194252404,1.321630730513502,3.9648921915405064,-0.06752243874636665,-0.0649995840877718,-0.05490816545339239,0.0,0.08333333333333333,14.833333333333334,14.5,0.13052886417093992,-0.036157628653752716,-0.0843130343694364,0.09359903057763026
in_position,mass_deterioration_20pct,FALSE,holdout,-0.2,-0.2,896,0.23660714285714285,-0.013995946785091211,-0.03392266800277138,0.08807618678614965,-0.04563233906155768,1.9301264979499635,0.5982263414698717,-0.1549731678107572,-0.1171072807086545,-0.08681582048052117,0.06361607142857142,0.07254464285714286,9.547991071428571,8.0,0.06052333499827221,-0.043529544333661754,-3.879926427416649,0.07191198051741751
in_position,mass_deterioration_20pct,TRUE,holdout,-0.2,-0.2,19,0.3684210526315789,-0.004235055147732533,-0.022854147698979976,0.07550225388437307,-0.0507484854164608,1.4877735417081654,0.8678678993297632,-0.10503767715679979,-0.10307582503607869,-0.09522841655319428,0.15789473684210525,0.10526315789473684,14.947368421052632,16.0,0.08548483119768349,-0.04709464511244235,-1.1022758414847882,0.08708677424731393
in_position,prominence_deterioration_20pct,FALSE,holdout,-0.2,-0.2,906,0.23951434878587197,-0.013939345733807446,-0.03380492018166387,0.08678565338483503,-0.045662603801652754,1.900584858494071,0.5985876840249832,-0.1549731678107572,-0.11695744403450314,-0.08748042899665237,0.06512141280353201,0.0717439293598234,9.611479028697572,8.0,0.06044567680550663,-0.043460997806815706,-3.853839225872799,0.07177757160259128
in_position,prominence_deterioration_20pct,TRUE,holdout,-0.2,-0.2,9,0.2222222222222222,0.0009125408423224451,-0.04344285029249417,0.1840902956725693,-0.05142396053774808,3.5798544831535613,1.0228155666153032,-0.09413849870834923,-0.09213767330482286,-0.0841343716907174,0.1111111111111111,0.2222222222222222,14.555555555555555,16.0,0.1210374183798756,-0.05795621856914554,-0.49718013728675675,0.11747815359526267
in_position,combined_deterioration_with_price_confirmation,FALSE,holdout,-0.2,-0.2,907,0.24035281146637266,-0.013786257472822833,-0.03380492018166381,0.08696054353893777,-0.045662603801652754,1.904414910649275,0.6025579833404092,-0.1549731678107572,-0.11693857868954045,-0.0874623353810895,0.06504961411245866,0.07276736493936053,9.611907386990078,8.0,0.06061794868332,-0.043442455343979315,-3.8486536912633484,0.07179635040646275
in_position,combined_deterioration_with_price_confirmation,TRUE,holdout,-0.2,-0.2,8,0.125,-0.014587354924791643,-0.0437661439295387,0.24326888436590344,-0.05142396053774808,4.730652439485488,0.6758074913550697,-0.09413849870834923,-0.09238777648026365,-0.08538488756792138,0.125,0.125,15.125,16.5,0.10908006192958031,-0.06187037288851255,-0.63309814625088,0.12106167945541653
