trade_id,baseline_block,symbol,entry_signal_date,entry_execution_date,feature_available_at,potential_action_timestamp,minute_snapshot_id,daily_snapshot_id,path_efficiency_1m,time_above_session_vwap,opening_peak_retention,path_efficiency_5m,path_efficiency_auction_inclusive,signal_day_path_acceptance,signal_day_path_acceptance_5m,signal_day_path_acceptance_auction,signal_day_log_return,signal_day_log_range,signal_day_close_location,signal_day_log_amount,continuous_session_vwap,flat_signal_session,opportunity20,false_breakout,breakout_success,non_false_breakout,mfe,round_trip_return,realized_pnl,severe_loss,entry_year,entry_industry,entry_rs_score,entry_mom20,entry_box_width,entry_minvol_location,entry_breakout_volume_ratio,index_return_20d,index_realized_vol20,breadth_composite,entry_beta60,entry_log_amount20
DEVELOPMENT_2024_2025:300001.SZ-001,DEVELOPMENT_2024_2025,300001.SZ,2025-02-11,2025-02-12,2025-02-11T15:30:00,2025-02-12T09:30:00+08:00,MINUTE-PIT-B-v1:300001.SZ:2025-02-11,PITB-80B916173F29877FD683,0.0288018960262,0.1375,-0.0158830211175,0.0672391631117,0.0507960386186,0.143835616438,0.143835616438,0.184931506849,0.0112571733242,0.0370412556858,0.300000635783,20.1058100097,24.2659685688,False,False,True,0,0,0.06375,-0.0144885411205,-2192.452,False,2025,电网设备,0.463836477987,0.182352941176,0.180699162974,0.0762942779292,1.20990417413,0.114672186579,0.285372445822,0.963470319635,0.76678042812,19.8900612068
DEVELOPMENT_2024_2025:300003.SZ-001,DEVELOPMENT_2024_2025,300003.SZ,2024-05-09,2024-05-10,2024-05-09T15:30:00,2024-05-10T09:30:00+08:00,MINUTE-PIT-B-v1:300003.SZ:2024-05-09,PITB-80B916173F29877FD683,0.215510826989,0.2625,0,0.481727313183,0.211527434087,0.657894736842,0.675438596491,0.649122807018,0.043657716855,0.0496297684194,0.946666717529,19.9726271519,15.2065356437,False,False,True,0,0,0.0763754045307,-0.00152558642633,-158.079,False,2024,医疗器械,0.524212598425,0.124454148472,0.146506386176,0.203703703704,1.88159199294,0.0471304807791,0.329408950622,0.780701754386,0.622835649577,19.3303511188
DEVELOPMENT_2024_2025:300003.SZ-002,DEVELOPMENT_2024_2025,300003.SZ,2025-06-04,2025-06-05,2025-06-04T15:30:00,2025-06-05T09:30:00+08:00,MINUTE-PIT-B-v1:300003.SZ:2025-06-04,PITB-80B916173F29877FD683,0.116802333071,0.8375,-0.00585652659288,0.240440746461,0.130770723071,0.657534246575,0.65296803653,0.666666666667,0.0712227023483,0.0888815484937,1,21.8300071224,13.7080655121,False,False,True,0,0,0.0540935672515,-0.0460518587813,-7585.319,False,2025,医疗器械,0.807362784471,0.236634531113,0.141074856046,0.388888888889,16.6801146879,0.0272887692732,0.178558555176,0.271689497717,0.811774852766,19.4993706288
DEVELOPMENT_2024_2025:300009.SZ-001,DEVELOPMENT_2024_2025,300009.SZ,2025-05-29,2025-05-30,2025-05-29T15:30:00,2025-05-30T09:30:00+08:00,MINUTE-PIT-B-v1:300009.SZ:2025-05-29,PITB-80B916173F29877FD683,0.180756879494,0.379166666667,-0.0011357444191,0.397912694446,0.178760288722,0.623287671233,0.618721461187,0.614155251142,0.0373981180694,0.0408219547838,0.972221559948,19.3614578651,8.89318332095,False,False,True,0,0,0.0615901455767,-0.0567481446332,-9030.217,False,2025,生物制品,0.603443526171,0.143765903308,0.174731182796,0.261363636364,1.58606052415,0.0684057132586,0.192593500419,0.714611872146,0.767051679948,18.9247295455
DEVELOPMENT_2024_2025:300014.SZ-001,DEVELOPMENT_2024_2025,300014.SZ,2025-03-03,2025-03-04,2025-03-03T15:30:00,2025-03-04T09:30:00+08:00,MINUTE-PIT-B-v1:300014.SZ:2025-03-03,PITB-80B916173F29877FD683,0.167374960215,0.8,-0.00202221449253,0.322606411736,0.17137631315,0.812785388128,0.75799086758,0.812785388128,0.0753153533562,0.111726339727,0.663684970161,22.2791843666,50.2243601068,False,False,True,0,0,0.0537936571658,-0.0195698710825,-3024.022,False,2025,电池,0.608060453401,0.195779601407,0.145587541293,0.140461215933,2.79402911133,0.0628009020644,0.298595951539,0.397260273973,0.717463538246,21.2615641342
DEVELOPMENT_2024_2025:300033.SZ-001,DEVELOPMENT_2024_2025,300033.SZ,2024-09-24,2024-09-25,2024-09-24T15:30:00,2024-09-25T09:30:00+08:00,MINUTE-PIT-B-v1:300033.SZ:2024-09-24,PITB-80B916173F29877FD683,0.123590812529,0.520833333333,-0.0321692971408,0.230197292649,0.131244758276,0.416666666667,0.364035087719,0.416666666667,0.0714944155741,0.120658775885,0.869532196212,21.6120191971,110.459324208,False,True,False,1,1,1.87317525947,1.24746243546,118387.688,False,2024,软件开发,0.688743455497,0.198435870699,0.125605390609,0.0611764705882,4.49499018143,0.0379068312325,0.246541389241,0.65350877193,1.66045268468,20.1962369498
DEVELOPMENT_2024_2025:300035.SZ-001,DEVELOPMENT_2024_2025,300035.SZ,2025-02-27,2025-02-28,2025-02-27T15:30:00,2025-02-28T09:30:00+08:00,MINUTE-PIT-B-v1:300035.SZ:2025-02-27,PITB-80B916173F29877FD683,0.0945562203533,0.616666666667,-0.00638574216216,0.208313659187,0.0945562203533,0.504566210046,0.5,0.495433789954,0.04194662682,0.0791443965895,0.700786668389,20.982188967,16.070432537,False,False,False,,1,0.192771084337,0.0283020685866,4567.649,False,2025,电池,0.539304123711,0.0866089273817,0.187263078089,0.085020242915,2.50921260171,0.118010326596,0.248837620123,0.899543378995,0.838220958572,20.0775341666
DEVELOPMENT_2024_2025:300035.SZ-002,DEVELOPMENT_2024_2025,300035.SZ,2025-08-29,2025-09-01,2025-08-29T15:30:00,2025-09-01T09:30:00+08:00,MINUTE-PIT-B-v1:300035.SZ:2025-08-29,PITB-80B916173F29877FD683,0.149455689069,0.795833333333,-0.00568333293932,0.317109091176,0.156111268873,0.687214611872,0.668949771689,0.696347031963,0.115898101399,0.175127253765,0.730337295369,21.8845883062,20.4973569349,False,False,False,,1,0.177024482109,0.062491234788,11055.12,False,2025,电池,0.812511938873,0.315136476427,0.156327543424,0.170634920635,3.86803488736,0.165751014657,0.211597982427,0.495433789954,1.14968626696,20.5765194659
DEVELOPMENT_2024_2025:300043.SZ-001,DEVELOPMENT_2024_2025,300043.SZ,2024-08-30,2024-09-02,2024-08-30T15:30:00,2024-09-02T09:30:00+08:00,MINUTE-PIT-B-v1:300043.SZ:2024-08-30,PITB-80B916173F29877FD683,0.218877978358,0.208333333333,-0.0125262473492,0.528555675632,0.235317564637,0.491228070175,0.508771929825,0.491228070175,0.197027707664,0.197027707664,1,20.0599234633,2.59402908609,False,False,True,0,0,0.0111524163569,-0.0502285818271,-4841.95,False,2024,游戏Ⅱ,0.778622327791,0.17094017094,0.166666666667,0.243243243243,4.0733363948,-0.0276036842414,0.192976746124,0.175438596491,1.0925903535,18.7685321835
DEVELOPMENT_2024_2025:300054.SZ-001,DEVELOPMENT_2024_2025,300054.SZ,2024-04-26,2024-04-29,2024-04-26T15:30:00,2024-04-29T09:30:00+08:00,MINUTE-PIT-B-v1:300054.SZ:2024-04-26,PITB-80B916173F29877FD683,0.0802780096184,0.625,-0.010894332626,0.181916167558,0.133145635089,0.526315789474,0.526315789474,0.640350877193,0.0356365107444,0.0436829734141,0.812501490118,19.6024784656,21.9993103388,False,False,True,0,0,0.0859829825347,-0.0125751443283,-1266.098,False,2024,电子化学品Ⅱ,0.739708939709,0.066028708134,0.118951612903,0.149038461538,2.51483511708,0.00914643799472,0.333885904352,0.30701754386,0.863820203951,18.7055762962
DEVELOPMENT_2024_2025:300057.SZ-001,DEVELOPMENT_2024_2025,300057.SZ,2025-06-23,2025-06-24,2025-06-23T15:30:00,2025-06-24T09:30:00+08:00,MINUTE-PIT-B-v1:300057.SZ:2025-06-23,PITB-80B916173F29877FD683,0.145767831301,0.454166666667,-0.0133462743674,0.341463703446,0.133665556912,0.436073059361,0.463470319635,0.408675799087,0.0497234789613,0.0595757189356,1,19.6341852696,5.23028678626,False,True,False,1,1,0.318267419962,0.138932059094,22573.447,False,2025,工业金属,0.623575129534,0.145299145299,0.134657836645,0.152173913043,3.5732176382,0.0261287067315,0.169915700381,0.37899543379,1.19415624908,18.4358022895
DEVELOPMENT_2024_2025:300072.SZ-001,DEVELOPMENT_2024_2025,300072.SZ,2025-06-23,2025-06-24,2025-06-23T15:30:00,2025-06-24T09:30:00+08:00,MINUTE-PIT-B-v1:300072.SZ:2025-06-23,PITB-80B916173F29877FD683,0.306898153648,0.8125,-0.00270635897833,0.57681158098,0.319956932869,0.881278538813,0.881278538813,0.881278538813,0.160459832141,0.160459832141,1,20.2150448851,3.57589617711,False,False,True,0,0,0.0604395604396,-0.050475269519,-7591.19,False,2025,化学制品,0.661787564767,0.253378378378,0.148409893993,0.137931034483,6.68048848162,0.0261287067315,0.169915700381,0.37899543379,1.12572324648,18.4799587997
DEVELOPMENT_2024_2025:300092.SZ-001,DEVELOPMENT_2024_2025,300092.SZ,2025-03-17,2025-03-18,2025-03-17T15:30:00,2025-03-18T09:30:00+08:00,MINUTE-PIT-B-v1:300092.SZ:2025-03-17,PITB-80B916173F29877FD683,0.133078723474,0.533333333333,-0.00306983826722,0.270039262323,0.13839151239,0.561643835616,0.557077625571,0.566210045662,0.0423629138161,0.0681995626938,0.730337439846,19.5773159286,13.1283499136,False,False,False,,1,0.0372340425532,0.00482723962967,763.08,False,2025,专用设备,0.562980209546,0.112416107383,0.168795620438,0.0522388059701,2.75290847384,0.0268771683843,0.273546900849,0.477168949772,0.943636653974,18.6106116947
DEVELOPMENT_2024_2025:300092.SZ-002,DEVELOPMENT_2024_2025,300092.SZ,2025-09-02,2025-09-03,2025-09-02T15:30:00,2025-09-03T09:30:00+08:00,MINUTE-PIT-B-v1:300092.SZ:2025-09-02,PITB-80B916173F29877FD683,0.23023002299,0.833333333333,-0.0504737611857,0.412934241969,0.270479894201,0.634703196347,0.58904109589,0.634703196347,0.131958958549,0.131958958549,1,20.9327213337,15.8071664312,False,True,False,1,1,0.281681681682,0.0251526301373,4821.772,False,2025,专用设备,0.784300666032,0.207686622321,0.138204924543,0.322784810127,7.20188375697,0.131285712576,0.248544925274,0.178082191781,-0.05887904424,19.1260585321
DEVELOPMENT_2024_2025:300119.SZ-001,DEVELOPMENT_2024_2025,300119.SZ,2024-04-30,2024-05-06,2024-04-30T15:30:00,2024-05-06T09:30:00+08:00,MINUTE-PIT-B-v1:300119.SZ:2024-04-30,PITB-80B916173F29877FD683,0.126532695486,0.583333333333,-0.00370596270337,0.304219751128,0.1248933908,0.701754385965,0.710526315789,0.666666666667,0.0423739008207,0.0713481142166,0.73043372257,19.0429403306,16.263539542,False,False,False,,1,0.124096385542,-0.0107499507362,-1124.773,False,2024,动物保健Ⅱ,0.737371663244,0.135828135828,0.195175438596,0.194331983806,1.91080845743,0.00271067820298,0.345046135944,0.30701754386,0.760026362455,18.4349102049
DEVELOPMENT_2024_2025:300128.SZ-001,DEVELOPMENT_2024_2025,300128.SZ,2024-09-25,2024-09-26,2024-09-25T15:30:00,2024-09-26T09:30:00+08:00,MINUTE-PIT-B-v1:300128.SZ:2024-09-25,PITB-80B916173F29877FD683,0.113192753146,0.7,-0.0056657321783,0.219322184237,0.11833659966,0.675438596491,0.640350877193,0.675438596491,0.0604500686959,0.0988109655704,0.599999863761,19.3144023382,3.57240359672,False,True,False,1,1,0.949438202247,0.536250266587,51213.728,False,2024,电池,0.677093596059,0.0437317784257,0.11858974359,0.351351351351,2.3797404682,0.0513534514951,0.251261616897,0.820175438596,0.820317488155,18.4745318491
DEVELOPMENT_2024_2025:300138.SZ-001,DEVELOPMENT_2024_2025,300138.SZ,2025-06-18,2025-06-19,2025-06-18T15:30:00,2025-06-19T09:30:00+08:00,MINUTE-PIT-B-v1:300138.SZ:2025-06-18,PITB-80B916173F29877FD683,0.0389191656718,0.416666666667,-0.017551645204,0.0821677746642,0.021733729421,0.214611872146,0.214611872146,0.196347031963,0.00586517381685,0.0302798289583,0.722223546771,18.9993218857,11.8987869575,False,False,False,,1,0.0738874895046,0.00889538672914,1304.415,False,2025,农产品加工,0.826973684211,0.061170212766,0.150144369586,0.339130434783,1.17478993044,0.016915473493,0.15811305587,0.310502283105,0.347287289258,18.7709705558
DEVELOPMENT_2024_2025:300138.SZ-002,DEVELOPMENT_2024_2025,300138.SZ,2025-06-24,2025-06-25,2025-06-24T15:30:00,2025-06-25T09:30:00+08:00,MINUTE-PIT-B-v1:300138.SZ:2025-06-24,PITB-80B916173F29877FD683,0.0857811662507,0.525,-0.000817936674274,0.186021368285,0.10400462595,0.527397260274,0.518264840183,0.559360730594,0.0203673034574,0.0333771196213,0.780487351017,18.7583353907,12.3187597583,False,False,False,,1,0.157131345689,0.0615929934901,9590.001,False,2025,农产品加工,0.856850192061,0.143911439114,0.149155722326,0.268965517241,0.863824757756,0.0459145422592,0.185030576299,0.680365296804,0.331135949517,18.8400994881
DEVELOPMENT_2024_2025:300142.SZ-001,DEVELOPMENT_2024_2025,300142.SZ,2025-07-24,2025-07-25,2025-07-24T15:30:00,2025-07-25T09:30:00+08:00,MINUTE-PIT-B-v1:300142.SZ:2025-07-24,PITB-80B916173F29877FD683,0.156306541669,0.45,-0.0211856068108,0.324992556251,0.158439898637,0.388127853881,0.369863013699,0.397260273973,0.104691372229,0.133426420882,0.805882376041,21.6410196029,12.8012716813,False,False,True,0,0,0.0571216617211,-0.0531461253702,-9171.98,False,2025,生物制品,0.679933110368,0.215004574565,0.149950347567,0,4.9608489973,0.0806974271312,0.128538173822,0.680365296804,0.835458201031,20.1207945182
DEVELOPMENT_2024_2025:300171.SZ-001,DEVELOPMENT_2024_2025,300171.SZ,2025-10-28,2025-10-29,2025-10-28T15:30:00,2025-10-29T09:30:00+08:00,MINUTE-PIT-B-v1:300171.SZ:2025-10-28,PITB-80B916173F29877FD683,0.121855566623,0.745833333333,-0.0192731775606,0.240267487871,0.122992469607,0.527397260274,0.513698630137,0.527397260274,0.0624805151878,0.0917152122759,0.671233198839,20.4514056612,16.0019466687,False,False,False,,1,0.160583941606,0.0747976776961,12678.306,False,2025,医疗器械,0.668842364532,0.149147727273,0.102601156069,0.354545454545,5.1803331605,0.0105855872702,0.293905893049,0.374429223744,0.402148914733,18.933976523
DEVELOPMENT_2024_2025:300182.SZ-001,DEVELOPMENT_2024_2025,300182.SZ,2024-09-24,2024-09-25,2024-09-24T15:30:00,2024-09-25T09:30:00+08:00,MINUTE-PIT-B-v1:300182.SZ:2024-09-24,PITB-80B916173F29877FD683,0.082089400634,0.525,-0.0124225670936,0.222921585082,0.0972526990546,0.451754385965,0.478070175439,0.451754385965,0.0318264593364,0.044342255317,1,19.7681625361,4.07949817946,False,True,False,1,1,0.566666666667,0.220232055367,27105.711,False,2024,影视院线,0.594240837696,0.130790190736,0.148459383754,0.0943396226415,1.28358855487,0.0379068312325,0.246541389241,0.65350877193,1.11694814953,19.5241342326
DEVELOPMENT_2024_2025:300195.SZ-001,DEVELOPMENT_2024_2025,300195.SZ,2025-11-06,2025-11-07,2025-11-06T15:30:00,2025-11-07T09:30:00+08:00,MINUTE-PIT-B-v1:300195.SZ:2025-11-06,PITB-80B916173F29877FD683,0.0483271869502,0.620833333333,-0.0135902295642,0.102270338845,0.0483271869502,0.406392694064,0.401826484018,0.406392694064,0.0147814084514,0.0376112636837,0.757575932723,19.6189582956,8.80655197676,False,False,False,,1,0.049943246311,0.00706444520292,1196.16,False,2025,专用设备,0.667264038232,0.122940430925,0.183310533516,0.470149253731,3.12396878488,-0.0122368818485,0.288005597444,0.420091324201,0.439085585751,18.5065421233
DEVELOPMENT_2024_2025:300241.SZ-001,DEVELOPMENT_2024_2025,300241.SZ,2024-12-20,2024-12-23,2024-12-20T15:30:00,2024-12-23T09:30:00+08:00,MINUTE-PIT-B-v1:300241.SZ:2024-12-20,PITB-80B916173F29877FD683,0.103616788525,0.783333333333,-0.00481159072847,0.255491900569,0.0981087626283,0.701754385965,0.736842105263,0.675438596491,0.0327361154576,0.0539788263878,0.787878525159,19.9928101912,6.17032694602,False,False,True,0,0,0.0064,-0.0770477522478,-11616.923,False,2024,光学光电子,0.661324041812,0.137362637363,0.165413533835,0.195402298851,2.55689239283,0.043471580445,0.226992116319,0.44298245614,1.07971637311,19.0857730264
DEVELOPMENT_2024_2025:300254.SZ-001,DEVELOPMENT_2024_2025,300254.SZ,2025-06-03,2025-06-04,2025-06-03T15:30:00,2025-06-04T09:30:00+08:00,MINUTE-PIT-B-v1:300254.SZ:2025-06-03,PITB-80B916173F29877FD683,0.115913345617,0.358333333333,-0.00196854965776,0.262773325422,0.12183804551,0.470319634703,0.474885844749,0.470319634703,0.0555697985528,0.075786421258,0.75324620636,19.8213240744,10.2185430237,False,False,False,,1,0.138095238095,-0.0532844642362,-8927.139,False,2025,化学制药,0.718867924528,0.182648401826,0.195937873357,0.0671641791045,2.77116949695,0.0450761040797,0.19883683276,0.349315068493,1.06307420288,18.852692206
DEVELOPMENT_2024_2025:300259.SZ-001,DEVELOPMENT_2024_2025,300259.SZ,2025-11-04,2025-11-05,2025-11-04T15:30:00,2025-11-05T09:30:00+08:00,MINUTE-PIT-B-v1:300259.SZ:2025-11-04,PITB-80B916173F29877FD683,0.162714596632,0.529166666667,-0.0292907691585,0.334538624728,0.159764879014,0.41095890411,0.392694063927,0.41095890411,0.110203147178,0.172881715569,0.675324667282,20.3046399641,4.58085659541,False,True,False,1,1,0.205357142857,0.0272028649203,4607.627,False,2025,通用设备,0.741119221411,0.188630490956,0.093085106383,0.323529411765,7.24484782944,-0.0193262430332,0.284930652825,0.358447488584,0.315121990374,18.5072342534
DEVELOPMENT_2024_2025:300267.SZ-001,DEVELOPMENT_2024_2025,300267.SZ,2025-07-16,2025-07-17,2025-07-16T15:30:00,2025-07-17T09:30:00+08:00,MINUTE-PIT-B-v1:300267.SZ:2025-07-16,PITB-80B916173F29877FD683,0.0967751735018,0.325,-0.00881062104514,0.375414816785,0.111405482803,0.321917808219,0.449771689498,0.335616438356,0.0410615179765,0.0439309576561,0.933333439297,19.5796341029,3.43102980142,False,True,False,1,1,0.391930835735,0.129893935473,21329.239,False,2025,化学制药,0.792343387471,0.104761904762,0.135313531353,0.268292682927,1.77451182736,0.0673614644217,0.175551338737,0.737442922374,0.432336793534,19.0059209151
DEVELOPMENT_2024_2025:300279.SZ-001,DEVELOPMENT_2024_2025,300279.SZ,2024-12-10,2024-12-11,2024-12-10T15:30:00,2024-12-11T09:30:00+08:00,MINUTE-PIT-B-v1:300279.SZ:2024-12-10,PITB-80B916173F29877FD683,-0.0123635630508,0.6625,-0.0157483421852,-0.0343406180308,0.0062844708354,0.385964912281,0.385964912281,0.377192982456,0.00269905436388,0.058605324279,0.295454767125,19.8029092645,7.5300819551,False,False,True,0,0,0.0714285714286,-0.0625237296396,-10077.263,False,2024,家电零部件Ⅱ,0.741931818182,0.0450704225352,0.192810457516,0.172413793103,2.07978789869,-0.0262605157317,0.346559723054,0.425438596491,1.03421558388,19.0296784621
DEVELOPMENT_2024_2025:300285.SZ-001,DEVELOPMENT_2024_2025,300285.SZ,2024-05-09,2024-05-10,2024-05-09T15:30:00,2024-05-10T09:30:00+08:00,MINUTE-PIT-B-v1:300285.SZ:2024-05-09,PITB-80B916173F29877FD683,0.147876608424,0.616666666667,-0.00986195656717,0.363979287362,0.143304579374,0.688596491228,0.697368421053,0.679824561404,0.0543053755439,0.0695336372155,0.901408885826,20.1447947242,20.6127630868,False,False,True,0,0,0.0225961538462,-0.0704558553763,-7329.729,False,2024,电子化学品Ⅱ,0.498031496063,0.198630136986,0.179334916865,0.112582781457,1.57950950608,0.0471304807791,0.329408950622,0.780701754386,0.864933314472,19.6272279493
DEVELOPMENT_2024_2025:300286.SZ-001,DEVELOPMENT_2024_2025,300286.SZ,2025-02-17,2025-02-18,2025-02-17T15:30:00,2025-02-18T09:30:00+08:00,MINUTE-PIT-B-v1:300286.SZ:2025-02-17,PITB-80B916173F29877FD683,0.156430019955,0.5625,-0.00563650338902,0.359461741585,0.168698230163,0.602739726027,0.611872146119,0.625570776256,0.0556348441307,0.0660398032819,0.838028500085,19.3813021941,21.6766395759,False,True,False,1,1,0.223744292237,0.0544130920144,8479.828,False,2025,电网设备,0.418887262079,0.129429892142,0.179902755267,0.264264264264,2.1757922005,0.158162052631,0.264881453821,0.947488584475,1.29441391405,18.5586155506
DEVELOPMENT_2024_2025:300324.SZ-001,DEVELOPMENT_2024_2025,300324.SZ,2024-09-24,2024-09-25,2024-09-24T15:30:00,2024-09-25T09:30:00+08:00,MINUTE-PIT-B-v1:300324.SZ:2024-09-24,PITB-80B916173F29877FD683,0.0499827576861,0.616666666667,-0.024794634183,0.180889008888,0.0424442261727,0.355263157895,0.390350877193,0.355263157895,0.0253178844005,0.0588405442564,0.642857751067,19.4012359674,2.38485626541,False,True,False,1,1,0.987447698745,0.517725109618,49544.015,False,2024,计算机设备,0.691623036649,0.0909090909091,0.131067961165,0.185185185185,1.73864030466,0.0379068312325,0.246541389241,0.65350877193,1.14465556103,18.8316136289
DEVELOPMENT_2024_2025:300327.SZ-001,DEVELOPMENT_2024_2025,300327.SZ,2025-12-10,2025-12-11,2025-12-10T15:30:00,2025-12-11T09:30:00+08:00,MINUTE-PIT-B-v1:300327.SZ:2025-12-10,PITB-80B916173F29877FD683,0.148718761627,0.454166666667,-0.020653660526,0.334897006605,0.156750648385,0.385844748858,0.404109589041,0.404109589041,0.0692481346131,0.0725149777076,0.958334142779,20.9044254476,30.1822909929,False,False,True,0,0,0.00228758169935,-0.0725233674727,-15059.219,False,2025,半导体,0.790761548065,0.142486085343,0.160623781676,0.0773333333333,2.12172518906,0.0104142607693,0.236164102622,0.287671232877,1.18659094219,20.1651700404
DEVELOPMENT_2024_2025:300346.SZ-001,DEVELOPMENT_2024_2025,300346.SZ,2025-05-06,2025-05-07,2025-05-06T15:30:00,2025-05-07T09:30:00+08:00,MINUTE-PIT-B-v1:300346.SZ:2025-05-06,PITB-80B916173F29877FD683,0.143910992815,0.633333333333,-0.00904757622086,0.351999700065,0.145924909069,0.573059360731,0.609589041096,0.577625570776,0.0313848507497,0.0401000222932,0.888198610598,21.0402310657,40.1506997,False,False,True,0,0,0.00439024390244,-0.0855881447987,-14064.2,False,2025,电子化学品Ⅱ,0.59943019943,0.0944712828771,0.127210496292,0.150224215247,1.25339482667,-0.0373889155038,0.636465069843,0.598173515982,0.557386469949,20.7980706611
DEVELOPMENT_2024_2025:300348.SZ-001,DEVELOPMENT_2024_2025,300348.SZ,2024-09-24,2024-09-25,2024-09-24T15:30:00,2024-09-25T09:30:00+08:00,MINUTE-PIT-B-v1:300348.SZ:2024-09-24,PITB-80B916173F29877FD683,0.0981059188286,0.520833333333,-0.0150378629868,0.264031099414,0.102792649486,0.399122807018,0.460526315789,0.407894736842,0.0444517206879,0.069420729562,0.874998935632,19.4809569517,8.10580775453,False,True,False,1,1,1.63473053892,0.885646090437,84388.956,False,2024,软件开发,0.828795811518,0.15,0.134670487106,0.127659574468,2.52909387668,0.0379068312325,0.246541389241,0.65350877193,1.38048784539,18.5863928735
DEVELOPMENT_2024_2025:300357.SZ-001,DEVELOPMENT_2024_2025,300357.SZ,2024-05-08,2024-05-09,2024-05-08T15:30:00,2024-05-09T09:30:00+08:00,MINUTE-PIT-B-v1:300357.SZ:2024-05-08,PITB-80B916173F29877FD683,-0.0627869367601,0.0875,-0.0352868123229,-0.172946008299,0.014813606272,0.0438596491228,0.0438596491228,0.0614035087719,0.00725334462161,0.0659994427271,0.365715026855,20.1517303348,26.4876304007,False,False,True,0,0,0.0665384615385,-0.0587297357792,-6254.74,False,2024,生物制品,0.641188118812,0.113983050847,0.178733031674,0.0695652173913,4.33638458748,0.00683526215848,0.338875479342,0.561403508772,0.909528439874,18.7590662212
DEVELOPMENT_2024_2025:300357.SZ-002,DEVELOPMENT_2024_2025,300357.SZ,2025-07-16,2025-07-17,2025-07-16T15:30:00,2025-07-17T09:30:00+08:00,MINUTE-PIT-B-v1:300357.SZ:2025-07-16,PITB-80B916173F29877FD683,0.10670359299,0.745833333333,-0.0462933364431,0.22348618379,0.115020780229,0.408675799087,0.39497716895,0.413242009132,0.0742926440272,0.0960541059481,0.764957606327,21.022932522,24.6642890111,False,True,False,1,1,0.424267100977,0.190521588886,28256.097,False,2025,生物制品,0.727842227378,0.246261216351,0.134994807892,0,9.41526989324,0.0673614644217,0.175551338737,0.737442922374,0.5804002841,19.0392977245
DEVELOPMENT_2024_2025:300371.SZ-001,DEVELOPMENT_2024_2025,300371.SZ,2025-09-22,2025-09-23,2025-09-22T15:30:00,2025-09-23T09:30:00+08:00,MINUTE-PIT-B-v1:300371.SZ:2025-09-22,PITB-80B916173F29877FD683,0.0877908409466,0.2125,-0.0242477712267,0.200348550162,0.0934917072282,0.173515981735,0.168949771689,0.159817351598,0.043133329226,0.0755718183047,0.918918756374,19.4184603276,14.6923481163,False,False,True,0,0,0,-0.0983451808191,-19043.211,False,2025,通用设备,0.771473684211,0.0851825340014,0.175536139793,0.429530201342,2.50064391862,0.0486314724157,0.311993946557,0.0616438356164,0.268887610422,18.5422770068
DEVELOPMENT_2024_2025:300377.SZ-001,DEVELOPMENT_2024_2025,300377.SZ,2024-09-24,2024-09-25,2024-09-24T15:30:00,2024-09-25T09:30:00+08:00,MINUTE-PIT-B-v1:300377.SZ:2024-09-24,PITB-80B916173F29877FD683,0.117293875909,0.504166666667,-0.0143428994595,0.247750326098,0.122045499222,0.460526315789,0.425438596491,0.434210526316,0.09124865469,0.140608609291,0.774193581466,20.117786636,6.61325264467,False,True,False,1,1,3.84094052559,2.26696219661,216566.154,False,2024,软件开发,0.906806282723,0.224199288256,0.191287878788,0.0693069306931,2.73438195947,0.0379068312325,0.246541389241,0.65350877193,1.68881696851,19.1212326394
DEVELOPMENT_2024_2025:300404.SZ-001,DEVELOPMENT_2024_2025,300404.SZ,2024-12-09,2024-12-10,2024-12-09T15:30:00,2024-12-10T09:30:00+08:00,MINUTE-PIT-B-v1:300404.SZ:2024-12-09,PITB-80B916173F29877FD683,0.0464267094219,0.154166666667,-0.0862995324466,0.128312739832,0.0403681661504,0.0964912280702,0.0964912280702,0.0964912280702,0.0324671827518,0.148942353332,0.270440417553,20.2954366274,10.4931495993,False,False,True,0,0,0.0274361400189,-0.108295629322,-18096.084,True,2024,医疗服务,0.512358276644,0.0671487603306,0.155737704918,0.231404958678,5.61202561591,-0.0436662553724,0.344684156581,0.175438596491,0.843757305705,18.6706369877
DEVELOPMENT_2024_2025:300433.SZ-001,DEVELOPMENT_2024_2025,300433.SZ,2024-05-06,2024-05-07,2024-05-06T15:30:00,2024-05-07T09:30:00+08:00,MINUTE-PIT-B-v1:300433.SZ:2024-05-06,PITB-80B916173F29877FD683,0.0768812310235,0.470833333333,-0.00409273876662,0.17802124159,0.0861272492727,0.451754385965,0.434210526316,0.44298245614,0.0177478565301,0.0293837537893,0.837207909725,20.3269061612,14.6878726486,False,False,True,0,0,0.043507817811,-0.00110906237714,-115.913,False,2024,消费电子,0.804948453608,0.0423131170663,0.176374077112,0.149606299213,1.22670674907,-0.00357244345328,0.339270392513,0.438596491228,0.868743918306,20.041076983
DEVELOPMENT_2024_2025:300437.SZ-001,DEVELOPMENT_2024_2025,300437.SZ,2025-11-06,2025-11-07,2025-11-06T15:30:00,2025-11-07T09:30:00+08:00,MINUTE-PIT-B-v1:300437.SZ:2025-11-06,PITB-80B916173F29877FD683,0.587254390497,0.9125,0,0.851847100235,0.582324093514,0.990867579909,0.990867579909,0.990867579909,0.184615548463,0.194506769212,1,20.1665208933,11.9234956839,False,True,False,1,1,0.708745874587,0.649338285477,109502.115,False,2025,环境治理,0.857228195938,0.385487528345,0.197647058824,0.119047619048,5.45910094352,-0.0122368818485,0.288005597444,0.420091324201,0.166344595621,18.5254559771
DEVELOPMENT_2024_2025:300440.SZ-001,DEVELOPMENT_2024_2025,300440.SZ,2025-06-16,2025-06-17,2025-06-16T15:30:00,2025-06-17T09:30:00+08:00,MINUTE-PIT-B-v1:300440.SZ:2025-06-16,PITB-80B916173F29877FD683,0.214429726675,0.683333333333,-0.00408163454624,0.380188547636,0.212368487803,0.767123287671,0.716894977169,0.767123287671,0.134470719976,0.155226566425,0.871794417217,19.9052339567,10.2168203685,False,False,True,0,0,0.0207547169811,-0.0283022805574,-4384.441,False,2025,IT服务Ⅱ,0.835705045278,0.212707811432,0.138663484487,0.0774526678141,4.59859843599,0.030461553758,0.16107912454,0.388127853881,1.01357975808,18.4462786505
DEVELOPMENT_2024_2025:300442.SZ-001,DEVELOPMENT_2024_2025,300442.SZ,2024-09-24,2024-09-25,2024-09-24T15:30:00,2024-09-25T09:30:00+08:00,MINUTE-PIT-B-v1:300442.SZ:2024-09-24,PITB-80B916173F29877FD683,0.208786280303,0.5,-0.0103005103501,0.412212613183,0.229521907615,0.583333333333,0.583333333333,0.592105263158,0.0612176045005,0.0653328523117,0.935064725961,19.9060623001,23.6891113882,False,True,False,1,1,0.541482965932,0.206102376406,24940.632,False,2024,通信服务,0.492146596859,0.0603410581548,0.155297532656,0.0309278350515,1.70442625904,0.0379068312325,0.246541389241,0.65350877193,1.19151356265,19.335876675
DEVELOPMENT_2024_2025:300452.SZ-001,DEVELOPMENT_2024_2025,300452.SZ,2025-06-03,2025-06-04,2025-06-03T15:30:00,2025-06-04T09:30:00+08:00,MINUTE-PIT-B-v1:300452.SZ:2025-06-03,PITB-80B916173F29877FD683,0.131555492706,0.370833333333,-0.00306983826722,0.318121019922,0.134678061053,0.458904109589,0.481735159817,0.463470319635,0.0294823617501,0.0348197511686,0.84444505668,18.6539264895,13.00097486,False,False,True,0,0,0.00611620795107,-0.0393171349029,-6274.914,False,2025,化学制药,0.650673854447,0.0963956412406,0.199082568807,0,1.22439124839,0.0450761040797,0.19883683276,0.349315068493,0.635002871978,18.446708063
DEVELOPMENT_2024_2025:300457.SZ-001,DEVELOPMENT_2024_2025,300457.SZ,2025-08-28,2025-08-29,2025-08-28T15:30:00,2025-08-29T09:30:00+08:00,MINUTE-PIT-B-v1:300457.SZ:2025-08-28,PITB-80B916173F29877FD683,0.0549159294415,0.558333333333,-0.0135481159373,0.105717475564,0.0634158927353,0.385844748858,0.376712328767,0.390410958904,0.0242719890726,0.0516688653486,0.950000476837,20.6761956396,23.4061394439,False,True,False,1,1,0.64404662781,0.236978953516,42546.338,False,2025,电池,0.675572519084,0.159342535239,0.156914234752,0.106418357167,1.55950412286,0.154696756804,0.213279763431,0.609589041096,0.970736980682,20.2003115703
DEVELOPMENT_2024_2025:300459.SZ-001,DEVELOPMENT_2024_2025,300459.SZ,2024-09-25,2024-09-26,2024-09-25T15:30:00,2024-09-26T09:30:00+08:00,MINUTE-PIT-B-v1:300459.SZ:2024-09-25,PITB-80B916173F29877FD683,0.0221926788414,0.466666666667,-0.00272108746636,0.0515864587536,0.0215540091322,0.421052631579,0.421052631579,0.421052631579,0.00827596718302,0.0408220210112,0.266667832268,20.3520254791,3.67231268747,False,True,False,1,1,0.695890410959,0.251543923974,30001.43,False,2024,游戏Ⅱ,0.528571428571,0.0674486803519,0.0746268656716,0.12,2.79507181477,0.0513534514951,0.251261616897,0.820175438596,0.857304806331,19.3767632824
DEVELOPMENT_2024_2025:300479.SZ-001,DEVELOPMENT_2024_2025,300479.SZ,2024-12-10,2024-12-11,2024-12-10T15:30:00,2024-12-11T09:30:00+08:00,MINUTE-PIT-B-v1:300479.SZ:2024-12-10,PITB-80B916173F29877FD683,0.569084855721,0.8625,-0.0126140634981,0.696816803038,0.576262428139,0.798245614035,0.798245614035,0.798245614035,0.149609427039,0.177034309319,1,20.5781936638,23.9462704084,False,False,True,0,0,0.0506625097428,-0.171572776405,-27323.152,True,2024,计算机设备,0.762272727273,0.187977099237,0.191902384914,0.367052023121,3.00636717782,-0.0262605157317,0.346559723054,0.425438596491,0.971874896441,19.3956612745
DEVELOPMENT_2024_2025:300479.SZ-002,DEVELOPMENT_2024_2025,300479.SZ,2025-06-23,2025-06-24,2025-06-23T15:30:00,2025-06-24T09:30:00+08:00,MINUTE-PIT-B-v1:300479.SZ:2025-06-23,PITB-80B916173F29877FD683,0.218408701257,0.466666666667,-0.00714457048854,0.46189879982,0.229697415114,0.582191780822,0.591324200913,0.595890410959,0.0709450008017,0.0782360505696,0.969325605642,19.5361392581,21.2530993062,False,False,True,0,0,0.069270106927,-0.0328184713617,-4806.078,False,2025,计算机设备,0.527590673575,0.116219008264,0.1460554371,0.199134199134,1.41878881368,0.0261287067315,0.169915700381,0.37899543379,1.27776869822,19.168440121
DEVELOPMENT_2024_2025:300487.SZ-001,DEVELOPMENT_2024_2025,300487.SZ,2024-09-24,2024-09-25,2024-09-24T15:30:00,2024-09-25T09:30:00+08:00,MINUTE-PIT-B-v1:300487.SZ:2024-09-24,PITB-80B916173F29877FD683,0.115494025246,0.483333333333,-0.00726427013937,0.274144336772,0.128974230349,0.508771929825,0.526315789474,0.517543859649,0.0397899600259,0.0400288170116,1,19.034492874,42.8300219717,False,True,False,1,1,0.550843593251,0.10813263344,9969.624,False,2024,塑料,0.675654450262,0.140837696335,0.156665761607,0.156504065041,1.57785282759,0.0379068312325,0.246541389241,0.65350877193,0.744916355247,18.5979542649
DEVELOPMENT_2024_2025:300490.SZ-001,DEVELOPMENT_2024_2025,300490.SZ,2025-09-25,2025-09-26,2025-09-25T15:30:00,2025-09-26T09:30:00+08:00,MINUTE-PIT-B-v1:300490.SZ:2025-09-25,PITB-80B916173F29877FD683,0.159625317852,0.7125,-0.0376364569012,0.324996280609,0.150942596523,0.493150684932,0.470319634703,0.465753424658,0.0843411589522,0.122369428327,0.751938213731,20.5659297588,10.8624869647,False,True,False,1,1,0.347746090156,0.268633543703,47352.06,False,2025,电网设备,0.729490022173,0.207547169811,0.134593993326,0,4.01468257795,0.0665515228179,0.299764954083,0.2100456621,0.728942349344,19.2167052486
DEVELOPMENT_2024_2025:300494.SZ-001,DEVELOPMENT_2024_2025,300494.SZ,2025-08-28,2025-08-29,2025-08-28T15:30:00,2025-08-29T09:30:00+08:00,MINUTE-PIT-B-v1:300494.SZ:2025-08-28,PITB-80B916173F29877FD683,0.0207973219305,0.35,-0.022372261203,0.04092252094,0.0490771139622,0.141552511416,0.141552511416,0.182648401826,0.0186800897183,0.0465801739652,0.791666997804,20.6279940927,15.484635227,False,False,True,0,0,0.00318268618714,-0.101361720348,-17353.028,True,2025,游戏Ⅱ,0.541221374046,0.0836791147994,0.171407185629,0.355029585799,1.58297324536,0.154696756804,0.213279763431,0.609589041096,1.0271341638,20.1594843221
DEVELOPMENT_2024_2025:300497.SZ-001,DEVELOPMENT_2024_2025,300497.SZ,2025-11-06,2025-11-07,2025-11-06T15:30:00,2025-11-07T09:30:00+08:00,MINUTE-PIT-B-v1:300497.SZ:2025-11-06,PITB-80B916173F29877FD683,0.114405676778,0.5,-0.0145324850119,0.220494592691,0.111890768418,0.392694063927,0.369863013699,0.388127853881,0.047195646392,0.0722988819579,0.762499389053,19.7360950841,11.1332770242,False,True,False,1,1,1.00798580302,0.780818117109,129486.714,False,2025,化学制药,0.666188769415,0.133668341709,0.139487179487,0.323529411765,2.35530239142,-0.0122368818485,0.288005597444,0.420091324201,0.640260082585,18.8896933557
DEVELOPMENT_2024_2025:300522.SZ-001,DEVELOPMENT_2024_2025,300522.SZ,2025-05-29,2025-05-30,2025-05-29T15:30:00,2025-05-30T09:30:00+08:00,MINUTE-PIT-B-v1:300522.SZ:2025-05-29,PITB-80B916173F29877FD683,0.15226763926,0.558333333333,-0.00145239706846,0.399934453925,0.153541728712,0.664383561644,0.728310502283,0.659817351598,0.0480896427762,0.0538729892019,0.960000356038,19.1805082866,14.0718834289,False,False,True,0,0,0.0212314225053,-0.0610611733399,-10056.319,False,2025,化学制品,0.604958677686,0.14068745004,0.183811129848,0,1.79679332892,0.0684057132586,0.192593500419,0.714611872146,0.920875214994,18.6210119979
DEVELOPMENT_2024_2025:300551.SZ-001,DEVELOPMENT_2024_2025,300551.SZ,2025-09-22,2025-09-23,2025-09-22T15:30:00,2025-09-23T09:30:00+08:00,MINUTE-PIT-B-v1:300551.SZ:2025-09-22,PITB-80B916173F29877FD683,0.129765771727,0.45,-0.0295442182103,0.268382352265,0.122588733089,0.27397260274,0.27397260274,0.264840182648,0.057465060182,0.0850284220913,0.72321473427,19.8957964174,13.4095830919,False,False,True,0,0,0.0506706408346,-0.110635018093,-20808.333,True,2025,计算机设备,0.733473684211,0.066719618745,0.195454545455,0.486187845304,1.53397315526,0.0486314724157,0.311993946557,0.0616438356164,0.992700692561,19.3964774695
DEVELOPMENT_2024_2025:300576.SZ-001,DEVELOPMENT_2024_2025,300576.SZ,2025-12-01,2025-12-02,2025-12-01T15:30:00,2025-12-02T09:30:00+08:00,MINUTE-PIT-B-v1:300576.SZ:2025-12-01,PITB-80B916173F29877FD683,0.213736041248,0.279166666667,-0.00363487226437,0.449210806502,0.217074812264,0.545662100457,0.559360730594,0.559360730594,0.143795478983,0.170129834696,0.885145528014,21.7080445544,39.8720830655,False,False,False,,1,0.101971977167,0.0554893990286,10703.5,False,2025,电子化学品Ⅱ,0.624501758499,0.1220914317,0.191266375546,0.114058355438,11.776243669,-0.0237543303628,0.226260361258,0.228310502283,0.897670628138,19.608151967
DEVELOPMENT_2024_2025:300595.SZ-001,DEVELOPMENT_2024_2025,300595.SZ,2025-07-23,2025-07-24,2025-07-23T15:30:00,2025-07-24T09:30:00+08:00,MINUTE-PIT-B-v1:300595.SZ:2025-07-23,PITB-80B916173F29877FD683,0.187339265494,0.679166666667,-0.00369012549404,0.299547098736,0.187339265494,0.748858447489,0.639269406393,0.739726027397,0.132124165462,0.183572407078,0.708074478974,21.03970044,18.0667583738,False,False,False,,1,0.134582623509,0.0233244469418,3414.775,False,2025,医疗器械,0.638143176734,0.19035202086,0.0914051841746,0,11.0968801406,0.0626506613764,0.126506717144,0.552511415525,0.533079857347,18.9465420118
DEVELOPMENT_2024_2025:300627.SZ-001,DEVELOPMENT_2024_2025,300627.SZ,2025-02-07,2025-02-10,2025-02-07T15:30:00,2025-02-10T09:30:00+08:00,MINUTE-PIT-B-v1:300627.SZ:2025-02-07,PITB-80B916173F29877FD683,0.172481212922,0.770833333333,-0.000236283149085,0.380762236221,0.173339358728,0.835616438356,0.840182648402,0.835616438356,0.0801903311356,0.109673811197,0.781250124176,20.6315287332,44.0073890201,False,False,True,0,0,0.0266285211268,-0.097707662661,-15913.814,False,2025,通信设备,0.722528363047,0.177267987487,0.146612466125,0.299445471349,2.91468781753,0.0659232809359,0.31439371091,0.876712328767,0.969152527097,19.487910451
DEVELOPMENT_2024_2025:300627.SZ-002,DEVELOPMENT_2024_2025,300627.SZ,2025-06-24,2025-06-25,2025-06-24T15:30:00,2025-06-25T09:30:00+08:00,MINUTE-PIT-B-v1:300627.SZ:2025-06-24,PITB-80B916173F29877FD683,0.136677569189,0.525,-0.00351296459397,0.266652220957,0.143764679989,0.541095890411,0.522831050228,0.554794520548,0.0433073045249,0.0713628865995,0.59832664032,20.0976226618,33.846835921,False,False,False,,1,0.155151876117,0.0410208782687,6825.391,False,2025,通信设备,0.760179257362,0.108045977011,0.135061051582,0.0986301369863,1.60847986891,0.0459145422592,0.185030576299,0.680365296804,0.593279830333,19.6174295654
DEVELOPMENT_2024_2025:300632.SZ-001,DEVELOPMENT_2024_2025,300632.SZ,2024-12-09,2024-12-10,2024-12-09T15:30:00,2024-12-10T09:30:00+08:00,MINUTE-PIT-B-v1:300632.SZ:2024-12-09,PITB-80B916173F29877FD683,-0.0476676666018,0.116666666667,-0.0224872582889,-0.119812109118,-0.0150766077087,0.114035087719,0.114035087719,0.105263157895,-0.01311717659,0.102259283654,0.117647278818,20.5099763202,15.0848552879,False,False,True,0,0,0.0656883298393,-0.135901834015,-22387.05,True,2024,光学光电子,0.624716553288,0.111196911197,0.192727272727,0.257731958763,7.17030833279,-0.0436662553724,0.344684156581,0.175438596491,1.02681554838,18.6628685314
DEVELOPMENT_2024_2025:300635.SZ-001,DEVELOPMENT_2024_2025,300635.SZ,2024-12-06,2024-12-09,2024-12-06T15:30:00,2024-12-09T09:30:00+08:00,MINUTE-PIT-B-v1:300635.SZ:2024-12-06,PITB-80B916173F29877FD683,0.13952476606,0.470833333333,-0.0330062830761,0.226443222702,0.144557652827,0.355263157895,0.276315789474,0.372807017544,0.104681184641,0.170273229402,0.640553131084,19.9077419234,13.2627283638,False,False,True,0,0,0.0598705501618,-0.0821581134498,-13821.629,False,2024,工程咨询服务Ⅱ,0.828233970754,0.166815343443,0.196721311475,0.122549019608,3.29454109616,-0.0103950343885,0.36202819328,0.337719298246,0.931787923141,18.7206170964
DEVELOPMENT_2024_2025:300670.SZ-001,DEVELOPMENT_2024_2025,300670.SZ,2025-09-30,2025-10-09,2025-09-30T15:30:00,2025-10-09T09:30:00+08:00,MINUTE-PIT-B-v1:300670.SZ:2025-09-30,PITB-80B916173F29877FD683,0.0536328186428,0.658333333333,-0.00712585739732,0.117058728191,0.040402788999,0.465753424658,0.474885844749,0.438356164384,0.0152495756324,0.0507482757474,0.767442840446,19.1025473802,8.51486725359,False,False,False,,1,0.108820160367,0.0261949996638,4669.785,False,2025,电网设备,0.568028004667,0.196378830084,0.185714285714,0.353846153846,1.38489750322,0.068873357996,0.296007184103,0.351598173516,0.419065633167,18.7298426613
DEVELOPMENT_2024_2025:300679.SZ-001,DEVELOPMENT_2024_2025,300679.SZ,2024-04-26,2024-04-29,2024-04-26T15:30:00,2024-04-29T09:30:00+08:00,MINUTE-PIT-B-v1:300679.SZ:2024-04-26,PITB-80B916173F29877FD683,0.101634295718,0.545833333333,-0.0138874815337,0.209047581136,0.129141169491,0.456140350877,0.438596491228,0.517543859649,0.0395365009191,0.0434748395052,0.907609698452,19.6469897443,42.804057832,False,False,True,0,0,0.0616279069767,-0.0629500097915,-6495.88,False,2024,消费电子,0.817463617464,0.10179028133,0.187815833801,0.0588235294118,1.44411602052,0.00914643799472,0.333885904352,0.30701754386,1.09517442692,19.2630770669
DEVELOPMENT_2024_2025:300702.SZ-001,DEVELOPMENT_2024_2025,300702.SZ,2025-04-25,2025-04-28,2025-04-25T15:30:00,2025-04-28T09:30:00+08:00,MINUTE-PIT-B-v1:300702.SZ:2025-04-25,PITB-80B916173F29877FD683,0.0335041100218,0.379166666667,-0.0318379084786,0.0705839519619,0.0335041100218,0.107305936073,0.107305936073,0.102739726027,0.0103238509157,0.0332661727767,0.605633386614,19.1246015334,21.3625680996,False,False,False,,1,0.0524344569288,0.0187180282923,2841.54,False,2025,化学制药,0.847457627119,0.0484581497797,0.19976635514,0.388888888889,1.81013741543,-0.086504246266,0.624844758141,0.251141552511,0.725854183783,18.4660397198
DEVELOPMENT_2024_2025:300710.SZ-001,DEVELOPMENT_2024_2025,300710.SZ,2025-11-03,2025-11-04,2025-11-03T15:30:00,2025-11-04T09:30:00+08:00,MINUTE-PIT-B-v1:300710.SZ:2025-11-03,PITB-80B916173F29877FD683,0.200263452445,0.45,-0.0233011706175,0.42361248046,0.179548176053,0.447488584475,0.456621004566,0.424657534247,0.136751938435,0.185907768564,0.811926264362,20.1730318802,24.3562117465,False,False,True,0,0,0.0870421425758,-0.00452551181027,-781.667,False,2025,通信设备,0.718459657702,0.308784850079,0.198608137045,0.148247978437,4.30841743221,0.0168308208158,0.285625877531,0.573059360731,0.321646641035,18.7797219936
DEVELOPMENT_2024_2025:300733.SZ-001,DEVELOPMENT_2024_2025,300733.SZ,2024-12-20,2024-12-23,2024-12-20T15:30:00,2024-12-23T09:30:00+08:00,MINUTE-PIT-B-v1:300733.SZ:2024-12-20,PITB-80B916173F29877FD683,0.0893588376155,0.404166666667,-0.00697408130446,0.200617157871,0.0868939128432,0.421052631579,0.412280701754,0.394736842105,0.0301763981834,0.0540672053359,0.742856636826,19.1855150323,13.0217890026,False,False,True,0,0,0.00772200772201,-0.0359069501927,-5399.336,False,2024,汽车零部件,0.437166085947,0.154929577465,0.146536412078,0,2.10240472852,0.043471580445,0.226992116319,0.44298245614,0.797286921223,18.4558558807
DEVELOPMENT_2024_2025:300733.SZ-002,DEVELOPMENT_2024_2025,300733.SZ,2025-02-06,2025-02-07,2025-02-06T15:30:00,2025-02-07T09:30:00+08:00,MINUTE-PIT-B-v1:300733.SZ:2025-02-06,PITB-80B916173F29877FD683,0.162770496793,0.541666666667,-0.00144616495732,0.392662576046,0.160865607957,0.687214611872,0.7100456621,0.682648401826,0.102237589643,0.132598162376,0.8,19.9435855479,14.4476544657,False,True,False,1,1,0.27027027027,0.149726780784,23151.574,False,2025,汽车零部件,0.724337748344,0.278491859469,0.173950299914,0.0394088669951,2.1210681578,0.0148451487207,0.329012906471,0.735159817352,0.962957978904,19.1729640279
DEVELOPMENT_2024_2025:300748.SZ-001,DEVELOPMENT_2024_2025,300748.SZ,2025-06-11,2025-06-12,2025-06-11T15:30:00,2025-06-12T09:30:00+08:00,MINUTE-PIT-B-v1:300748.SZ:2025-06-11,PITB-80B916173F29877FD683,0.104668508507,0.520833333333,-0.0237791480467,0.234696842822,0.107088989935,0.328767123288,0.333333333333,0.324200913242,0.089923785758,0.161607288077,0.550649291457,22.0589002577,23.6510972555,False,False,True,0,0,0.058994599086,-0.0865485979106,-13381.838,False,2025,金属新材料,0.737852348993,0.149474689589,0.165621734587,0,3.69467158085,0.0196244835015,0.160338432973,0.438356164384,0.70164611445,20.8022488402
DEVELOPMENT_2024_2025:300758.SZ-001,DEVELOPMENT_2024_2025,300758.SZ,2025-02-11,2025-02-12,2025-02-11T15:30:00,2025-02-12T09:30:00+08:00,MINUTE-PIT-B-v1:300758.SZ:2025-02-11,PITB-80B916173F29877FD683,0.162724587654,0.3875,-0.0155041898109,0.367137080283,0.155863186043,0.424657534247,0.429223744292,0.397260273973,0.0772856654944,0.124015154424,0.82954536834,20.4509119209,14.2859996491,False,False,True,0,0,0.050240880936,-0.11823101153,-18374.43,True,2025,化学制品,0.558018867925,0.169169960474,0.199152542373,0.157446808511,1.93379769911,0.114672186579,0.285372445822,0.963470319635,0.724550058194,19.8142456712
DEVELOPMENT_2024_2025:300760.SZ-001,DEVELOPMENT_2024_2025,300760.SZ,2024-03-11,2024-03-12,2024-03-11T15:30:00,2024-03-12T09:30:00+08:00,MINUTE-PIT-B-v1:300760.SZ:2024-03-11,PITB-80B916173F29877FD683,0.156481997725,0.716666666667,-0.00221723363644,0.355012346364,0.137853989983,0.850877192982,0.842105263158,0.824561403509,0.0354208780209,0.0485450961618,0.90275836813,21.2553176315,301.613840784,False,False,True,0,0,0.00735052831922,-0.0501722140824,-4591.431,False,2024,医疗器械,0.734862385321,0.138952249187,0.12683692929,0.0100235849057,1.2429586724,0.218964438154,0.428184848704,0.986842105263,0.237971611764,21.0333767268
DEVELOPMENT_2024_2025:300763.SZ-001,DEVELOPMENT_2024_2025,300763.SZ,2025-08-29,2025-09-01,2025-08-29T15:30:00,2025-09-01T09:30:00+08:00,MINUTE-PIT-B-v1:300763.SZ:2025-08-29,PITB-80B916173F29877FD683,0.0540395593543,0.508333333333,-0.00267977382132,0.143937814884,0.0473302982879,0.436073059361,0.449771689498,0.422374429224,0.0213712141311,0.0786700618529,0.376163055848,21.4118542323,68.4919760159,False,True,False,1,1,0.47373081464,0.189447727597,30839.556,False,2025,光伏设备,0.748615090735,0.16885585897,0.182697379989,0.192492781521,1.88119914342,0.165751014657,0.211597982427,0.495433789954,1.10114010847,20.7762479941
DEVELOPMENT_2024_2025:300770.SZ-001,DEVELOPMENT_2024_2025,300770.SZ,2024-05-13,2024-05-14,2024-05-13T15:30:00,2024-05-14T09:30:00+08:00,MINUTE-PIT-B-v1:300770.SZ:2024-05-13,PITB-80B916173F29877FD683,0.0711946863422,0.758333333333,-0.0108159788878,0.164507831034,0.0711946863422,0.561403508772,0.552631578947,0.561403508772,0.0261607902199,0.0499446784337,0.856457880452,19.6927310621,42.2909760163,False,False,True,0,0,0.0140476190476,-0.105362494648,-10631.16,True,2024,电视广播Ⅱ,0.782978723404,0.141479099678,0.150774246129,0.0767790262172,2.30600525576,0.0274496828318,0.323726070014,0.412280701754,0.86976968028,18.8544434022
DEVELOPMENT_2024_2025:300770.SZ-002,DEVELOPMENT_2024_2025,300770.SZ,2025-06-09,2025-06-10,2025-06-09T15:30:00,2025-06-10T09:30:00+08:00,MINUTE-PIT-B-v1:300770.SZ:2025-06-09,PITB-80B916173F29877FD683,0.0441202451041,0.545833333333,-0.00319286168163,0.10379185773,0.0431006006193,0.442922374429,0.452054794521,0.433789954338,0.00734584720094,0.0287404161977,0.440678240067,18.9785917274,40.9841285982,False,False,True,0,0,0.0757649344342,-0.0541960875952,-8270.944,False,2025,电视广播Ⅱ,0.59625167336,0.0643988574396,0.146967559944,0,1.69494282371,0.0419125151953,0.173422222907,0.566210045662,0.702984030516,18.4922917158
DEVELOPMENT_2024_2025:300775.SZ-001,DEVELOPMENT_2024_2025,300775.SZ,2024-05-09,2024-05-10,2024-05-09T15:30:00,2024-05-10T09:30:00+08:00,MINUTE-PIT-B-v1:300775.SZ:2024-05-09,PITB-80B916173F29877FD683,0.263464275078,0.5875,-0.0174369553154,0.625021274025,0.259462946085,0.631578947368,0.631578947368,0.631578947368,0.182385943394,0.18858510508,1,21.249505271,29.3237308296,False,False,True,0,0,0.0893939393939,-0.0523105932442,-5523.658,False,2024,航空装备Ⅱ,0.825393700787,0.377216312057,0.173231871083,0.423772609819,4.01211528901,0.0471304807791,0.329408950622,0.780701754386,1.10038489064,19.8664791082
DEVELOPMENT_2024_2025:300779.SZ-001,DEVELOPMENT_2024_2025,300779.SZ,2025-02-12,2025-02-13,2025-02-12T15:30:00,2025-02-13T09:30:00+08:00,MINUTE-PIT-B-v1:300779.SZ:2025-02-12,PITB-80B916173F29877FD683,0.180401982583,0.6,-0.00223130391388,0.362102783784,0.187830211818,0.721461187215,0.694063926941,0.739726027397,0.0580206793036,0.0752031021137,0.789764375282,19.7354330353,96.7936300516,False,True,False,1,1,0.539591836735,0.453226691676,66690.948,False,2025,环境治理,0.667751937984,0.0859668508287,0.192948328267,0.248897290485,1.45333176002,0.112590344565,0.284317784983,0.952054794521,0.673584678798,19.2771058358
DEVELOPMENT_2024_2025:300788.SZ-001,DEVELOPMENT_2024_2025,300788.SZ,2025-02-11,2025-02-12,2025-02-11T15:30:00,2025-02-12T09:30:00+08:00,MINUTE-PIT-B-v1:300788.SZ:2025-02-11,PITB-80B916173F29877FD683,0.096213095485,0.279166666667,-0.0164523124221,0.232692346742,0.0998702950904,0.253424657534,0.267123287671,0.253424657534,0.0609531921612,0.105219766944,0.644669883661,20.3381041763,37.2675606285,False,False,True,0,0,0.0634328358209,-0.0951266615117,-15600.376,False,2025,出版,0.656603773585,0.138539796529,0.186873585516,0.114186851211,2.59353543684,0.114672186579,0.285372445822,0.963470319635,0.819131570797,19.3827979176
DEVELOPMENT_2024_2025:300790.SZ-001,DEVELOPMENT_2024_2025,300790.SZ,2024-12-09,2024-12-10,2024-12-09T15:30:00,2024-12-10T09:30:00+08:00,MINUTE-PIT-B-v1:300790.SZ:2024-12-09,PITB-80B916173F29877FD683,0.110764111536,0.3375,-0.0222349058871,0.253989515185,0.102303036343,0.298245614035,0.315789473684,0.271929824561,0.0416388106687,0.0593165971287,0.799998959628,20.2570564439,18.7769304389,False,False,True,0,0,0.0561330561331,-0.0384488273956,-6365.757,False,2024,计算机设备,0.539455782313,0.0442477876106,0.156549520767,0,1.57101223739,-0.0436662553724,0.344684156581,0.175438596491,1.03541831485,19.7272990902
DEVELOPMENT_2024_2025:300796.SZ-001,DEVELOPMENT_2024_2025,300796.SZ,2024-04-26,2024-04-29,2024-04-26T15:30:00,2024-04-29T09:30:00+08:00,MINUTE-PIT-B-v1:300796.SZ:2024-04-26,PITB-80B916173F29877FD683,0.114296949352,0.666666666667,-0.0100681977877,0.301481824966,0.113906047336,0.640350877193,0.675438596491,0.622807017544,0.0408710929176,0.054390447711,0.769229640622,19.2496183733,16.8426824896,False,False,True,0,0,0.00994152046784,-0.116175349395,-13349.453,True,2024,农化制品,0.792515592516,0.196617336152,0.177715091678,0.162698412698,2.17076795896,0.00914643799472,0.333885904352,0.30701754386,0.679079840974,18.4647944333
DEVELOPMENT_2024_2025:300801.SZ-001,DEVELOPMENT_2024_2025,300801.SZ,2025-06-23,2025-06-24,2025-06-23T15:30:00,2025-06-24T09:30:00+08:00,MINUTE-PIT-B-v1:300801.SZ:2025-06-23,PITB-80B916173F29877FD683,0.229886716339,0.9125,0,0.462383349458,0.21345537427,0.96803652968,0.96803652968,0.954337899543,0.163824480861,0.206644502055,1,20.4682476327,20.4146238696,False,True,False,1,1,0.367866549605,0.0245211214624,4022.859,False,2025,化学制品,0.895077720207,0.373968253968,0.17997382199,0.114406779661,8.01441602399,0.0261287067315,0.169915700381,0.37899543379,1.23016657218,18.5683690956
DEVELOPMENT_2024_2025:300803.SZ-001,DEVELOPMENT_2024_2025,300803.SZ,2024-09-24,2024-09-25,2024-09-24T15:30:00,2024-09-25T09:30:00+08:00,MINUTE-PIT-B-v1:300803.SZ:2024-09-24,PITB-80B916173F29877FD683,0.23731263611,0.570833333333,-0.0323197703481,0.469575486164,0.243332237887,0.535087719298,0.517543859649,0.535087719298,0.145693948983,0.173714440667,1,21.1402201203,41.121250322,False,True,False,1,1,1.6570212766,0.956340099859,94276.468,False,2024,软件开发,0.826178010471,0.237264283704,0.197864135271,0.248259860789,4.72513610094,0.0379068312325,0.246541389241,0.65350877193,2.17707643166,19.6460412833
DEVELOPMENT_2024_2025:300827.SZ-001,DEVELOPMENT_2024_2025,300827.SZ,2025-09-03,2025-09-04,2025-09-03T15:30:00,2025-09-04T09:30:00+08:00,MINUTE-PIT-B-v1:300827.SZ:2025-09-03,PITB-80B916173F29877FD683,0.219803425187,0.595833333333,-0.0200624188976,0.5091927924,0.212158039728,0.607305936073,0.62100456621,0.593607305936,0.174448265881,0.181989501429,1,21.7739211053,27.3671087198,False,True,False,1,1,0.236451612903,0.0278044147032,5020.821,False,2025,光伏设备,0.879218303146,0.27855626327,0.0999561595791,0.214912280702,3.98646775269,0.113706921168,0.252245339105,0.0890410958904,0.374701171984,20.4573624863
DEVELOPMENT_2024_2025:300863.SZ-001,DEVELOPMENT_2024_2025,300863.SZ,2025-06-23,2025-06-24,2025-06-23T15:30:00,2025-06-24T09:30:00+08:00,MINUTE-PIT-B-v1:300863.SZ:2025-06-23,PITB-80B916173F29877FD683,0.152793804472,0.495833333333,-0.00465929368204,0.332337007741,0.157879935872,0.534246575342,0.529680365297,0.543378995434,0.0282858164906,0.0303053764472,0.942306422624,18.6610810298,34.5089943368,False,False,False,,1,0.123921794135,0.0074712521521,1066.451,False,2025,汽车零部件,0.569170984456,0.0824774354186,0.113954028326,0.106617647059,1.1429034788,0.0261287067315,0.169915700381,0.37899543379,1.31868435053,18.5083036208
DEVELOPMENT_2024_2025:300910.SZ-001,DEVELOPMENT_2024_2025,300910.SZ,2025-01-23,2025-01-24,2025-01-23T15:30:00,2025-01-24T09:30:00+08:00,MINUTE-PIT-B-v1:300910.SZ:2025-01-23,PITB-80B916173F29877FD683,0.0360500036999,0.508333333333,-0.0101334311118,0.0821882678423,0.0380298865694,0.308219178082,0.317351598174,0.303652968037,0.0113322126173,0.0264204998164,0.781250745059,18.8526769906,48.4726816118,False,False,False,,1,0.16120387549,0.133875775706,20133.074,False,2025,化学制品,0.664433811802,0.0899955337204,0.120729995321,0.269320843091,1.16641549795,-0.0426687710187,0.313347983688,0.374429223744,0.561213729572,18.6932915034
DEVELOPMENT_2024_2025:300919.SZ-001,DEVELOPMENT_2024_2025,300919.SZ,2024-03-11,2024-03-12,2024-03-11T15:30:00,2024-03-12T09:30:00+08:00,MINUTE-PIT-B-v1:300919.SZ:2024-03-11,PITB-80B916173F29877FD683,0.254124310667,0.5,-0.00361084265313,0.476824148895,0.258874238207,0.706140350877,0.688596491228,0.706140350877,0.0926661788571,0.0926661788571,1,20.1736143628,50.8497186007,False,False,True,0,0,0.0603773584906,-0.0164972763086,-1575.414,False,2024,电池,0.773394495413,0.264769193973,0.179647938269,0.222701149425,2.9407676103,0.218964438154,0.428184848704,0.986842105263,0.834514671773,19.0873613283
DEVELOPMENT_2024_2025:300938.SZ-001,DEVELOPMENT_2024_2025,300938.SZ,2025-10-29,2025-10-30,2025-10-29T15:30:00,2025-10-30T09:30:00+08:00,MINUTE-PIT-B-v1:300938.SZ:2025-10-29,PITB-80B916173F29877FD683,0.0781216008095,0.616666666667,-0.00662742875662,0.21301370778,0.0888427637383,0.472602739726,0.5,0.477168949772,0.0164929802498,0.0296128182192,0.691357821194,19.0924539882,27.3229112594,False,False,False,,1,0.175444969125,0.15360835806,26245.015,False,2025,专业服务,0.623609394314,0.0955794504182,0.172324881822,0.0972568578554,0.758389018117,0.0357395080016,0.298432921908,0.490867579909,0.324796285233,19.2887809169
DEVELOPMENT_2024_2025:300945.SZ-001,DEVELOPMENT_2024_2025,300945.SZ,2024-12-02,2024-12-03,2024-12-02T15:30:00,2024-12-03T09:30:00+08:00,MINUTE-PIT-B-v1:300945.SZ:2024-12-02,PITB-80B916173F29877FD683,0.970363605408,0.966666666667,0,1,0.940925343768,0.991228070175,0.991228070175,0.991228070175,0.164463899604,0.174246157377,1,19.8548263927,12.8334438804,False,False,True,0,0,0.0435403283369,-0.15764819969,-29089.93,True,2024,饰品,0.710295728368,0.313609467456,0.170103092784,0.192857142857,2.90978076233,0.0518823630749,0.397456710087,0.460526315789,0.778333317675,18.7208554757
DEVELOPMENT_2024_2025:300947.SZ-001,DEVELOPMENT_2024_2025,300947.SZ,2025-03-17,2025-03-18,2025-03-17T15:30:00,2025-03-18T09:30:00+08:00,MINUTE-PIT-B-v1:300947.SZ:2025-03-17,PITB-80B916173F29877FD683,0.0759750192818,0.666666666667,-0.0272496053641,0.159101181726,0.0813540463712,0.360730593607,0.360730593607,0.360730593607,0.0342945507129,0.0694285228041,0.818181696926,19.6806480109,20.5899868207,False,False,True,0,0,0.00430416068867,-0.100318619687,-15538.224,True,2025,一般零售,0.617578579744,0.103773584906,0.18320610687,0.0227272727273,2.18706966755,0.0268771683843,0.273546900849,0.477168949772,0.992995513164,18.8727645399
DEVELOPMENT_2024_2025:300971.SZ-001,DEVELOPMENT_2024_2025,300971.SZ,2024-12-05,2024-12-06,2024-12-05T15:30:00,2024-12-06T09:30:00+08:00,MINUTE-PIT-B-v1:300971.SZ:2024-12-05,PITB-80B916173F29877FD683,0.0700458277048,0.525,-0.013740087467,0.180548889627,0.0926046195813,0.381578947368,0.399122807018,0.416666666667,0.0346855343774,0.0482689964752,0.805310197571,19.1295315058,23.4907373399,False,False,True,0,0,0.00674536256324,-0.100574636979,-16710.575,True,2024,专用设备,0.367640449438,0.0909090909091,0.181680161943,0.48623853211,1.94375187016,-0.0260966714457,0.358131972365,0.263157894737,0.834179565288,18.4684090089
DEVELOPMENT_2024_2025:300987.SZ-001,DEVELOPMENT_2024_2025,300987.SZ,2025-06-12,2025-06-13,2025-06-12T15:30:00,2025-06-13T09:30:00+08:00,MINUTE-PIT-B-v1:300987.SZ:2025-06-12,PITB-80B916173F29877FD683,0.223357200779,0.808333333333,-0.027454744911,0.417248753021,0.225589324607,0.657534246575,0.639269406393,0.657534246575,0.182321482866,0.182321482866,1,20.40151479,19.4292285833,False,False,True,0,0,0.0899591094957,-0.158834261472,-26436.418,True,2025,数字媒体,0.839973262032,0.314649681529,0.178889650446,0.297872340426,7.28906891006,0.0188678190576,0.160112958504,0.456621004566,1.32028454044,18.5748313864
DEVELOPMENT_2024_2025:301048.SZ-001,DEVELOPMENT_2024_2025,301048.SZ,2025-06-10,2025-06-11,2025-06-10T15:30:00,2025-06-11T09:30:00+08:00,MINUTE-PIT-B-v1:301048.SZ:2025-06-10,PITB-80B916173F29877FD683,0.102915459111,0.670833333333,-0.0142384579838,0.219724121411,0.102915459111,0.506849315068,0.493150684932,0.497716894977,0.0451897780156,0.0594418549626,1,19.6099103738,10.8870999296,False,False,True,0,0,0.025664527956,-0.0655446334359,-10500.909,False,2025,轨交设备Ⅱ,0.724331550802,0.0521821631879,0.199342825849,0,2.33196680519,0.00764936546389,0.158277967564,0.344748858447,1.26693902362,18.6827954727
DEVELOPMENT_2024_2025:301048.SZ-002,DEVELOPMENT_2024_2025,301048.SZ,2025-08-08,2025-08-11,2025-08-08T15:30:00,2025-08-11T09:30:00+08:00,MINUTE-PIT-B-v1:301048.SZ:2025-08-08,PITB-80B916173F29877FD683,0.374229568575,0.325,0,0.704132347717,0.371976889567,0.684931506849,0.689497716895,0.684931506849,0.183206938675,0.186756184807,1,20.1821984527,12.3617501033,False,False,False,,1,0.132075471698,-0.135208946897,-24949.071,True,2025,轨交设备Ⅱ,0.844491525424,0.262569832402,0.113733648288,0.0434782608696,4.25926756736,0.0613365485639,0.120763917199,0.666666666667,0.372813967367,18.803016927
DEVELOPMENT_2024_2025:301052.SZ-001,DEVELOPMENT_2024_2025,301052.SZ,2025-06-10,2025-06-11,2025-06-10T15:30:00,2025-06-11T09:30:00+08:00,MINUTE-PIT-B-v1:301052.SZ:2025-06-10,PITB-80B916173F29877FD683,0.165496992672,0.1375,-0.0244744750587,0.402483530332,0.167759888471,0.299086757991,0.331050228311,0.294520547945,0.099699302588,0.128059690766,0.786981874544,20.2101514581,39.5165532513,False,False,True,0,0,0.0957892144792,-0.0415641979296,-6251.557,False,2025,出版,0.877673796791,0.150390460996,0.192744116641,0.316821284789,2.17447653597,0.00764936546389,0.158277967564,0.344748858447,0.852733488806,19.4250707135
DEVELOPMENT_2024_2025:301083.SZ-001,DEVELOPMENT_2024_2025,301083.SZ,2025-11-05,2025-11-06,2025-11-05T15:30:00,2025-11-06T09:30:00+08:00,MINUTE-PIT-B-v1:301083.SZ:2025-11-05,PITB-80B916173F29877FD683,0.0871887726473,0.233333333333,-0.0230387044282,0.19260539625,0.0802544993463,0.196347031963,0.182648401826,0.168949771689,0.0175154826426,0.0438500285508,0.444445491001,18.2334866921,18.4464313964,False,False,False,,1,0.136659436009,0.0941421513815,15813.227,False,2025,专用设备,0.545018007203,0.0860341779611,0.173469387755,0.190721649485,0.797385352199,-0.0169348495835,0.28567949033,0.397260273973,0.286524134377,18.4406671959
DEVELOPMENT_2024_2025:301093.SZ-001,DEVELOPMENT_2024_2025,301093.SZ,2025-06-23,2025-06-24,2025-06-23T15:30:00,2025-06-24T09:30:00+08:00,MINUTE-PIT-B-v1:301093.SZ:2025-06-23,PITB-80B916173F29877FD683,0.141413595768,0.5875,-0.00980559416128,0.282876854511,0.141984447069,0.529680365297,0.520547945205,0.529680365297,0.0684583979252,0.102781432475,0.822289196426,19.6373776801,32.8175386566,False,True,False,1,1,0.807228915663,0.402698973492,70089.3033,False,2025,医疗器械,0.846113989637,0.212341197822,0.193643754619,0.122105263158,2.71745280135,0.0261287067315,0.169915700381,0.37899543379,1.17717309574,18.6978335096
DEVELOPMENT_2024_2025:301096.SZ-001,DEVELOPMENT_2024_2025,301096.SZ,2025-07-30,2025-07-31,2025-07-30T15:30:00,2025-07-31T09:30:00+08:00,MINUTE-PIT-B-v1:301096.SZ:2025-07-30,PITB-80B916173F29877FD683,0.0445381460735,0.783333333333,-0.0448990355291,0.0965191987742,0.04715684518,0.337899543379,0.333333333333,0.333333333333,0.0291870054918,0.0869135848172,0.750000205533,20.2271408057,53.5085133787,False,True,False,1,1,0.308598130841,0.0276822309866,4150.945,False,2025,医疗服务,0.901653803749,0.231220392511,0.19971604354,0.104265402844,3.14114055819,0.0829686323135,0.12515772615,0.634703196347,0.451306396116,19.1092525116
DEVELOPMENT_2024_2025:301096.SZ-002,DEVELOPMENT_2024_2025,301096.SZ,2025-11-03,2025-11-04,2025-11-03T15:30:00,2025-11-04T09:30:00+08:00,MINUTE-PIT-B-v1:301096.SZ:2025-11-03,PITB-80B916173F29877FD683,0.0979033592464,0.533333333333,-0.023818305103,0.233823703298,0.0943140141621,0.335616438356,0.344748858447,0.308219178082,0.117855486567,0.176981844132,0.956521268199,21.4463624231,66.1138800018,False,False,True,0,0,0.0289333333333,-0.244358328073,-51462.693,True,2025,医疗服务,0.76564792176,0.189482758621,0.160569471977,0.145903479237,10.1834424248,0.0168308208158,0.285625877531,0.573059360731,0.196854535055,19.3851436798
DEVELOPMENT_2024_2025:301141.SZ-001,DEVELOPMENT_2024_2025,301141.SZ,2025-06-04,2025-06-05,2025-06-04T15:30:00,2025-06-05T09:30:00+08:00,MINUTE-PIT-B-v1:301141.SZ:2025-06-04,PITB-80B916173F29877FD683,0.181755738081,0.65,0,0.41691868133,0.178809552743,0.819634703196,0.837899543379,0.810502283105,0.0823966384161,0.11531082353,0.794372907386,19.877761048,40.4098943731,False,True,False,1,1,0.728780487805,0.342693529562,52587.453,False,2025,金属新材料,0.564257028112,0.0652453120986,0.11976711949,0.219907407407,3.24973064941,0.0272887692732,0.178558555176,0.271689497717,0.400927022025,18.747314107
DEVELOPMENT_2024_2025:301165.SZ-001,DEVELOPMENT_2024_2025,301165.SZ,2025-06-24,2025-06-25,2025-06-24T15:30:00,2025-06-25T09:30:00+08:00,MINUTE-PIT-B-v1:301165.SZ:2025-06-24,PITB-80B916173F29877FD683,0.180708168389,0.858333333333,-0.00180339945621,0.369728757735,0.195591891903,0.86301369863,0.840182648402,0.890410958904,0.0853916287211,0.0917904559968,0.927273329778,20.7889729779,55.2028253159,False,True,False,1,1,0.790744466801,0.469366028299,74354.74,False,2025,通信设备,0.75019206146,0.185194130789,0.148326533117,0,3.53609534936,0.0459145422592,0.185030576299,0.680365296804,1.12196043156,19.5931686982
DEVELOPMENT_2024_2025:301182.SZ-001,DEVELOPMENT_2024_2025,301182.SZ,2025-09-03,2025-09-04,2025-09-03T15:30:00,2025-09-04T09:30:00+08:00,MINUTE-PIT-B-v1:301182.SZ:2025-09-03,PITB-80B916173F29877FD683,0.0835054973027,0.633333333333,-0.0219730089357,0.19406254697,0.098272966045,0.39497716895,0.399543378995,0.417808219178,0.0617255089715,0.125580739804,0.640816002416,19.8562947261,39.1080303071,False,False,True,0,0,0.0937892884083,-0.0788138523436,-14077.134,False,2025,计算机设备,0.591229742612,0.0605494798613,0.104895104895,0.0759493670886,2.15021311739,0.113706921168,0.252245339105,0.0890410958904,0.614997208848,19.1268754742
DEVELOPMENT_2024_2025:301188.SZ-001,DEVELOPMENT_2024_2025,301188.SZ,2025-05-19,2025-05-20,2025-05-19T15:30:00,2025-05-20T09:30:00+08:00,MINUTE-PIT-B-v1:301188.SZ:2025-05-19,PITB-80B916173F29877FD683,0.0730197420414,0.725,-0.0373141096142,0.137672070018,0.0835736265128,0.351598173516,0.34703196347,0.360730593607,0.0664307006108,0.129572798762,0.696629422173,20.1980665298,20.58048571,False,False,False,,1,0.110623781676,-0.0336062572905,-5039.117,False,2025,医疗器械,0.855886524823,0.251330573625,0.155747836836,0.313492063492,6.24825258043,0.0790275415927,0.192876852428,0.835616438356,0.667130034482,18.5124423811
DEVELOPMENT_2024_2025:301213.SZ-001,DEVELOPMENT_2024_2025,301213.SZ,2024-12-20,2024-12-23,2024-12-20T15:30:00,2024-12-23T09:30:00+08:00,MINUTE-PIT-B-v1:301213.SZ:2024-12-20,PITB-80B916173F29877FD683,0.14761961721,0.8125,-0.00452491197661,0.311188347994,0.148464116768,0.80701754386,0.80701754386,0.824561403509,0.0572353931326,0.0764417298395,0.894117515062,19.1706709817,45.1385707145,False,False,False,,1,0.0795832409665,0.0088426315427,1317.657,False,2024,军工电子Ⅱ,0.678861788618,0.107246376812,0.16829393628,0,1.34940684576,0.043471580445,0.226992116319,0.44298245614,1.00669292445,18.8345461255
DEVELOPMENT_2024_2025:301213.SZ-002,DEVELOPMENT_2024_2025,301213.SZ,2025-02-17,2025-02-18,2025-02-17T15:30:00,2025-02-18T09:30:00+08:00,MINUTE-PIT-B-v1:301213.SZ:2025-02-17,PITB-80B916173F29877FD683,0.0611689454184,0.345833333333,-0.0234790002323,0.116620039717,0.0611689454184,0.178082191781,0.168949771689,0.173515981735,0.0269480747769,0.0682266369269,0.414201503983,19.2761550941,49.8606415962,False,False,False,,1,0.122448979592,-0.0747114545534,-11352.54,False,2025,军工电子Ⅱ,0.603074670571,0.14156626506,0.163056415139,0,2.3396193188,0.158162052631,0.264881453821,0.947488584475,0.776037718208,18.4274228441
DEVELOPMENT_2024_2025:301217.SZ-001,DEVELOPMENT_2024_2025,301217.SZ,2025-03-14,2025-03-17,2025-03-14T15:30:00,2025-03-17T09:30:00+08:00,MINUTE-PIT-B-v1:301217.SZ:2025-03-14,PITB-80B916173F29877FD683,0.0397291891782,0.470833333333,-0.0526650331641,0.0792806625104,0.0432187848082,0.141552511416,0.132420091324,0.141552511416,0.0195764625888,0.0626986322935,0.62337689682,19.8699938496,12.2275524653,False,False,True,0,0,0.0161420500404,-0.10265029133,-16295.178,True,2025,电池,0.570222743259,0.125454545455,0.153919694073,0.136645962733,3.11915550837,0.0369023521195,0.2753109909,0.465753424658,1.02739851217,18.8057148506
DEVELOPMENT_2024_2025:301230.SZ-001,DEVELOPMENT_2024_2025,301230.SZ,2024-12-06,2024-12-09,2024-12-06T15:30:00,2024-12-09T09:30:00+08:00,MINUTE-PIT-B-v1:301230.SZ:2024-12-06,PITB-80B916173F29877FD683,0.0126305807314,0.104166666667,-0.0665978213061,0.0273297832178,0.018167782049,0.0701754385965,0.0701754385965,0.0701754385965,0.00926923667329,0.0742384258569,0.379147352131,19.4904105876,28.2199470215,False,False,True,0,0,0.0237288135593,-0.0824711084005,-13865.369,False,2024,医疗服务,0.423847019123,0.111637080868,0.182127659574,0.188095238095,1.37775628827,-0.0103950343885,0.36202819328,0.337719298246,0.982435283402,19.1546493465
DEVELOPMENT_2024_2025:301238.SZ-001,DEVELOPMENT_2024_2025,301238.SZ,2025-06-23,2025-06-24,2025-06-23T15:30:00,2025-06-24T09:30:00+08:00,MINUTE-PIT-B-v1:301238.SZ:2025-06-23,PITB-80B916173F29877FD683,0.186872246967,0.541666666667,-0.00212987347541,0.414302323947,0.189202466113,0.705479452055,0.714611872146,0.7100456621,0.0743089891306,0.0796954314224,0.959182773153,20.1935998613,18.7751048478,False,False,True,0,0,0.0617154811715,-0.0505409862104,-7254.825,False,2025,电池,0.663730569948,0.129279811098,0.141692789969,0,3.30709678475,0.0261287067315,0.169915700381,0.37899543379,1.26896459582,19.0485885635
DEVELOPMENT_2024_2025:301285.SZ-001,DEVELOPMENT_2024_2025,301285.SZ,2025-10-29,2025-10-30,2025-10-29T15:30:00,2025-10-30T09:30:00+08:00,MINUTE-PIT-B-v1:301285.SZ:2025-10-29,PITB-80B916173F29877FD683,0.0861205579504,0.754166666667,-0.00492795387738,0.199019959725,0.096102090161,0.575342465753,0.575342465753,0.584474885845,0.0399046050328,0.057656191123,0.822148033318,19.2547169445,52.3532437655,False,False,False,,1,0.110305343511,0.00780466929988,1350.558,False,2025,消费电子,0.750556242274,0.083093377211,0.131492439185,0.445692883895,1.01079876196,0.0357395080016,0.298432921908,0.490867579909,1.32450106816,19.1673511688
DEVELOPMENT_2024_2025:301301.SZ-001,DEVELOPMENT_2024_2025,301301.SZ,2024-04-29,2024-04-30,2024-04-29T15:30:00,2024-04-30T09:30:00+08:00,MINUTE-PIT-B-v1:301301.SZ:2024-04-29,PITB-80B916173F29877FD683,0.167204653147,0.504166666667,-0.0212774249423,0.378196248802,0.19623729469,0.486842105263,0.486842105263,0.486842105263,0.091492253049,0.0924026062474,0.989690478391,20.2079564084,10.527396702,False,True,False,1,1,0.558673469388,0.203841587156,21746.95775,False,2024,化学制药,0.88814968815,0.179377013963,0.0728260869565,0.0746268656716,3.24111959468,0.0202015722237,0.344871216177,0.491228070175,0.895128517818,19.077996335
DEVELOPMENT_2024_2025:301301.SZ-002,DEVELOPMENT_2024_2025,301301.SZ,2025-05-15,2025-05-16,2025-05-15T15:30:00,2025-05-16T09:30:00+08:00,MINUTE-PIT-B-v1:301301.SZ:2025-05-15,PITB-80B916173F29877FD683,0.503403141696,0.908333333333,-0.030415093466,0.657863928819,0.504751329096,0.689497716895,0.684931506849,0.689497716895,0.154745259108,0.158917162545,1,21.4102210211,13.4909497341,False,False,True,0,0,0.0165517241379,-0.136169404184,-22046.745,True,2025,化学制药,0.57309352518,0.151067323481,0.159685863874,0.0874316939891,8.5630984194,0.0569294750561,0.205880968039,0.803652968037,0.755759583065,19.4916042577
DEVELOPMENT_2024_2025:301361.SZ-001,DEVELOPMENT_2024_2025,301361.SZ,2025-02-12,2025-02-13,2025-02-12T15:30:00,2025-02-13T09:30:00+08:00,MINUTE-PIT-B-v1:301361.SZ:2025-02-12,PITB-80B916173F29877FD683,0.178255475868,0.795833333333,-0.000322640071157,0.413181589229,0.177716788693,0.84703196347,0.874429223744,0.84703196347,0.0803052353546,0.0841878354828,0.968871621321,19.7230183117,31.0321169321,False,True,False,1,1,0.368102073365,0.104532325198,17681.013,False,2025,电网设备,0.47023255814,0.0345389377647,0.146622123237,0.296202531646,2.38737507576,0.112590344565,0.284317784983,0.952054794521,1.07352779572,18.8202657998
DEVELOPMENT_2024_2025:301498.SZ-001,DEVELOPMENT_2024_2025,301498.SZ,2024-12-02,2024-12-03,2024-12-02T15:30:00,2024-12-03T09:30:00+08:00,MINUTE-PIT-B-v1:301498.SZ:2024-12-02,PITB-80B916173F29877FD683,0.0723240138533,0.704166666667,-0.00335834039068,0.137924550242,0.0682882352497,0.657894736842,0.631578947368,0.640350877193,0.0245521212192,0.0709517375901,0.63579037315,19.3930569128,67.3753410848,False,False,True,0,0,0.0587287639133,-0.00420599693496,-717.427,False,2024,饲料,0.373165388828,0.0517965468969,0.190054857547,0.383333333333,1.63468094951,0.0518823630749,0.397456710087,0.460526315789,0.656400989992,18.8997957706
DEVELOPMENT_2024_2025:301498.SZ-002,DEVELOPMENT_2024_2025,301498.SZ,2024-12-20,2024-12-23,2024-12-20T15:30:00,2024-12-23T09:30:00+08:00,MINUTE-PIT-B-v1:301498.SZ:2024-12-20,PITB-80B916173F29877FD683,0.115856302837,0.579166666667,0,0.303932674648,0.109713653602,0.719298245614,0.745614035088,0.675438596491,0.0416668986917,0.0790835027004,0.585197674678,19.2167809339,74.2866517402,False,False,True,0,0,0.0331081081081,-0.00159340659341,-236.06,False,2024,饲料,0.521951219512,0.210931107838,0.162246234447,0.174571140262,1.15706924704,0.043471580445,0.226992116319,0.44298245614,0.659917437275,18.9981524484
DEVELOPMENT_2024_2025:301577.SZ-001,DEVELOPMENT_2024_2025,301577.SZ,2025-11-04,2025-11-05,2025-11-04T15:30:00,2025-11-05T09:30:00+08:00,MINUTE-PIT-B-v1:301577.SZ:2025-11-04,PITB-80B916173F29877FD683,0.191166895397,0.466666666667,-0.0153512312057,0.440018166762,0.191166895397,0.518264840183,0.536529680365,0.518264840183,0.090901671992,0.112127041399,0.82288881867,19.5949066571,65.8402270872,False,False,True,0,0,0.0345864661654,-0.0553316225456,-9208.635,False,2025,通信设备,0.632725060827,0.111292962357,0.120979020979,0.433526011561,3.09530413095,-0.0193262430332,0.284930652825,0.358447488584,0.549459921079,18.5219891159
DEVELOPMENT_2024_2025:301611.SZ-001,DEVELOPMENT_2024_2025,301611.SZ,2025-09-24,2025-09-25,2025-09-24T15:30:00,2025-09-25T09:30:00+08:00,MINUTE-PIT-B-v1:301611.SZ:2025-09-24,PITB-80B916173F29877FD683,0.143240134577,0.570833333333,-0.0022446883351,0.315964653852,0.14201151135,0.625570776256,0.62100456621,0.625570776256,0.0638803822685,0.0956635398188,0.735915329787,20.9472237092,59.453855899,False,False,False,,1,0.108877721943,-0.00574170459557,-995.906,False,2025,半导体,0.481699346405,0.076732234627,0.144888547271,0.0106100795756,3.08780867853,0.0849297216535,0.308111686327,0.251141552511,0.895401282471,19.838322067
EXTENDED_2018_2021:300001.SZ-001,EXTENDED_2018_2021,300001.SZ,2020-06-12,2020-06-15,2020-06-12T15:30:00,2020-06-15T09:30:00+08:00,MINUTE-PIT-B-v1:300001.SZ:2020-06-12,PITB-80B916173F29877FD683,0.143034948873,0.795833333333,-0.00185447044771,0.292473409621,0.134046486323,0.789743589744,0.8,0.789743589744,0.0446377717928,0.0607089080522,0.809160227542,19.9608362269,21.7551597884,False,False,False,,1,0.17285648785,0.012097025589,1479.093,False,2020,电网设备,0.466323024055,0.078469838156,0.185002736727,0.431952662722,1.2449173798,0.0430809333825,0.22428654096,0.4,0.999762580425,19.7084743612
EXTENDED_2018_2021:300002.SZ-001,EXTENDED_2018_2021,300002.SZ,2021-11-17,2021-11-18,2021-11-17T15:30:00,2021-11-18T09:30:00+08:00,MINUTE-PIT-B-v1:300002.SZ:2021-11-17,PITB-80B916173F29877FD683,0.103986986806,0.495833333333,-0.0285493912869,0.263480270763,0.111545474614,0.284153005464,0.306010928962,0.295081967213,0.0446724380933,0.0772775903787,0.702127098336,20.6752710862,6.09864644341,False,False,True,0,0,0.00807754442649,-0.0556947591112,-10133.76,False,2021,游戏Ⅱ,0.604921700224,0.0636833046472,0.179732313576,0.382978723404,1.57968924053,0.0604845301996,0.14785452596,0.871584699454,0.947075644579,20.2205374532
EXTENDED_2018_2021:300002.SZ-002,EXTENDED_2018_2021,300002.SZ,2021-12-14,2021-12-15,2021-12-14T15:30:00,2021-12-15T09:30:00+08:00,MINUTE-PIT-B-v1:300002.SZ:2021-12-14,PITB-80B916173F29877FD683,0.0956757810762,0.7375,-0.00654666183982,0.213046192181,0.0956757810762,0.551912568306,0.568306010929,0.551912568306,0.0392206764735,0.0617079056254,0.710526051614,20.9435623891,6.20994576368,False,False,True,0,0,0.0288,-0.00830263478157,-1397.16,False,2021,游戏Ⅱ,0.572710622711,0.0469798657718,0.181644359465,0.232142857143,2.32226799,0.0344876927577,0.171859858666,0.368852459016,0.788171627226,20.0732642481
EXTENDED_2018_2021:300007.SZ-001,EXTENDED_2018_2021,300007.SZ,2020-06-16,2020-06-17,2020-06-16T15:30:00,2020-06-17T09:30:00+08:00,MINUTE-PIT-B-v1:300007.SZ:2020-06-16,PITB-80B916173F29877FD683,0,0.9875,0,0,0,0.676923076923,0.676923076923,0.674358974359,0,0.0133335817344,1,19.5320205948,15.0739989029,False,True,False,1,1,0.242091672046,-0.0111076137459,-1499.493,False,2020,通用设备,0.413468013468,0.138934982652,0.166693509422,0,2.24360640363,0.0595004498558,0.223225135427,0.646153846154,1.11346238555,18.6981646775
EXTENDED_2018_2021:300009.SZ-001,EXTENDED_2018_2021,300009.SZ,2021-04-08,2021-04-09,2021-04-08T15:30:00,2021-04-09T09:30:00+08:00,MINUTE-PIT-B-v1:300009.SZ:2021-04-08,PITB-80B916173F29877FD683,0.0919409813604,0.879166666667,0,0.179269143041,0.0919409813604,0.729508196721,0.724043715847,0.734972677596,0.0377629014066,0.0871152214133,0.657534031824,20.9256944699,16.8849958023,False,False,False,,1,0.0509964830012,0.0424616415238,5365.888,False,2021,生物制品,0.78125,0.150981719702,0.172388604821,0.0685714285714,6.30992705056,0.0484158156963,0.215562911374,0.715846994536,0.409927930169,19.2125415195
EXTENDED_2018_2021:300010.SZ-001,EXTENDED_2018_2021,300010.SZ,2019-10-28,2019-10-29,2019-10-28T15:30:00,2019-10-29T09:30:00+08:00,MINUTE-PIT-B-v1:300010.SZ:2019-10-28,PITB-80B916173F29877FD683,0.133842639079,0.5875,-0.00901359689731,0.319983493445,0.136721102094,0.508771929825,0.555555555556,0.514619883041,0.0421749325526,0.0500104205747,0.840000152588,19.3360109945,10.0689000732,False,False,True,0,0,0.0470588235294,-0.0581709911884,-7299.666,False,2019,教育,0.458515283843,0.0994594594595,0.149490373726,0,1.28833656725,-0.0025504835569,0.230959265707,0.257036147792,1.15413740876,19.0926899378
EXTENDED_2018_2021:300012.SZ-001,EXTENDED_2018_2021,300012.SZ,2019-02-11,2019-02-12,2019-02-11T15:30:00,2019-02-12T09:30:00+08:00,MINUTE-PIT-B-v1:300012.SZ:2019-02-11,PITB-80B916173F29877FD683,0.0955618435398,0.629166666667,-0.0123204398865,0.262905151628,0.102550061884,0.432748538012,0.485380116959,0.444444444444,0.0366639817335,0.0394340639546,1,18.8468255708,7.37853461335,False,True,False,1,1,0.211920529801,0.118108664217,12288.609,False,2019,专业服务,0.851041666667,0.196172248804,0.166936790924,0.26213592233,1.11853130857,0.00886533010095,0.225964642545,,0.843220873192,18.6292618359
EXTENDED_2018_2021:300012.SZ-002,EXTENDED_2018_2021,300012.SZ,2021-01-07,2021-01-08,2021-01-07T15:30:00,2021-01-08T09:30:00+08:00,MINUTE-PIT-B-v1:300012.SZ:2021-01-07,PITB-80B916173F29877FD683,0.132784375155,0.366666666667,-0.00210746356117,0.279428226198,0.140588051255,0.459016393443,0.459016393443,0.502732240437,0.0506615738748,0.0528291855381,1,20.0127141493,28.5331692208,False,False,False,,1,0.0962988348184,0.0188649595778,2369.429,False,2021,专业服务,0.771732522796,0.159045725646,0.175253378378,0.334939759036,1.39617604506,0.0584206294628,0.223422479875,0.139344262295,0.60488979258,19.642100181
EXTENDED_2018_2021:300014.SZ-001,EXTENDED_2018_2021,300014.SZ,2018-05-11,2018-05-14,2018-05-11T15:30:00,2018-05-14T09:30:00+08:00,MINUTE-PIT-B-v1:300014.SZ:2018-05-11,PITB-80B916173F29877FD683,0.130961030914,0.6625,-0.00308480792342,0.200857525679,0.130961030914,0.727272727273,0.69696969697,0.757575757576,0.0467860576248,0.0906935120604,0.528089983959,20.7749404517,19.6959197539,False,False,True,0,0,0.0299644489589,-0.0628208764318,-6190.9,False,2018,电池,0.524,0.114318053198,0.19751552795,0.0376569037657,4.16040956751,-0.0031054541883,0.250376957637,0.555555555556,1.27791613188,19.3766646253
EXTENDED_2018_2021:300015.SZ-001,EXTENDED_2018_2021,300015.SZ,2019-08-28,2019-08-29,2019-08-28T15:30:00,2019-08-29T09:30:00+08:00,MINUTE-PIT-B-v1:300015.SZ:2019-08-28,PITB-80B916173F29877FD683,-0.020773690105,0.733333333333,-0.0129375113481,-0.0495957569725,-0.0176391153635,0.342105263158,0.342105263158,0.342105263158,-0.00322063268524,0.0188629048114,0.765622392294,19.5874215022,33.9920049554,False,False,False,,1,0.0661764705882,0.0369145550337,4403.987,False,2019,医疗服务,0.660606060606,0.118399475238,0.168728522337,0.384928716904,0.789521191328,0.0286714906869,0.217324068965,0.68487394958,0.462866296387,19.7664132079
EXTENDED_2018_2021:300015.SZ-002,EXTENDED_2018_2021,300015.SZ,2020-12-25,2020-12-28,2020-12-25T15:30:00,2020-12-28T09:30:00+08:00,MINUTE-PIT-B-v1:300015.SZ:2020-12-25,PITB-80B916173F29877FD683,-0.00832275686516,0.508333333333,-0.00889738117501,-0.0176301442479,-0.0106724703625,0.284615384615,0.284615384615,0.284615384615,-0.0024694798839,0.0189852624815,0.579713510137,20.7756197191,72.516117359,False,False,True,0,0,0,-0.0263395141444,-3271.106,False,2020,医疗服务,0.894428152493,0.16256786969,0.187908496732,0.12347826087,0.716163142684,0.0211658016906,0.20554431132,0.202564102564,0.956184026496,21.0553787997
EXTENDED_2018_2021:300015.SZ-003,EXTENDED_2018_2021,300015.SZ,2020-12-30,2020-12-31,2020-12-30T15:30:00,2020-12-31T09:30:00+08:00,MINUTE-PIT-B-v1:300015.SZ:2020-12-30,PITB-80B916173F29877FD683,0.154931346086,0.504166666667,-0.0035417846147,0.38465026332,0.165678728825,0.579487179487,0.625641025641,0.594871794872,0.0365432127594,0.0412713334884,0.88333384196,21.1302235841,73.2692336898,False,False,False,,1,0.132836831415,0.066382365096,7851.584,False,2020,医疗服务,0.900920245399,0.153005464481,0.18954248366,0.122413793103,1.04198942149,0.00380558090415,0.20517776729,0.112820512821,1.00052273444,21.0420487818
EXTENDED_2018_2021:300017.SZ-001,EXTENDED_2018_2021,300017.SZ,2021-09-15,2021-09-16,2021-09-15T15:30:00,2021-09-16T09:30:00+08:00,MINUTE-PIT-B-v1:300017.SZ:2021-09-15,PITB-80B916173F29877FD683,0.138485305474,0.670833333333,-0.00465481214704,0.323405872138,0.133136091551,0.606557377049,0.633879781421,0.579234972678,0.0446571454946,0.0702578975771,0.695651452798,20.4597839237,6.6041705304,False,False,True,0,0,0.0105900151286,-0.0578619565004,-10604.945,False,2021,IT服务Ⅱ,0.424853228963,0.0709677419355,0.100169779287,0.25,2.26189623123,0.00798390733434,0.210359572643,0.191256830601,0.399996776016,19.6502317996
EXTENDED_2018_2021:300020.SZ-001,EXTENDED_2018_2021,300020.SZ,2019-08-19,2019-08-20,2019-08-19T15:30:00,2019-08-20T09:30:00+08:00,MINUTE-PIT-B-v1:300020.SZ:2019-08-19,PITB-80B916173F29877FD683,0.177030655736,0.533333333333,-0.00352742120509,0.383761942626,0.181259856397,0.678362573099,0.678362573099,0.672514619883,0.0418665399184,0.0489608365286,0.976189935559,19.4540539069,8.5899311205,False,False,False,,1,0.187287173666,0.0612664684457,7686.389,False,2019,IT服务Ⅱ,0.38,0.0786240786241,0.0694444444444,0.452830188679,2.49611964597,0.0580739742167,0.218082789555,0.849673202614,1.08955420149,18.5688993398
EXTENDED_2018_2021:300020.SZ-002,EXTENDED_2018_2021,300020.SZ,2020-06-15,2020-06-16,2020-06-15T15:30:00,2020-06-16T09:30:00+08:00,MINUTE-PIT-B-v1:300020.SZ:2020-06-15,PITB-80B916173F29877FD683,0.147850203782,0.691666666667,0,0.318339815014,0.156130798752,0.812820512821,0.838461538462,0.828205128205,0.0575902080991,0.0912259620516,0.653060906731,20.7657881274,11.0816897197,False,False,False,,1,0.193223443223,-0.0278816994458,-3757.439,False,2020,IT服务Ⅱ,0.591525423729,0.103238866397,0.140276301807,0.18018018018,5.15247526294,0.055653921089,0.219891483065,0.507692307692,1.21987327251,19.213745777
EXTENDED_2018_2021:300027.SZ-001,EXTENDED_2018_2021,300027.SZ,2019-02-25,2019-02-26,2019-02-25T15:30:00,2019-02-26T09:30:00+08:00,MINUTE-PIT-B-v1:300027.SZ:2019-02-25,PITB-80B916173F29877FD683,0.0471120903938,0.5125,-0.0303054110845,0.111048652678,0.0505981345867,0.233918128655,0.228070175439,0.228070175439,0.0261208636733,0.0586733898955,0.967741191201,19.8088761638,5.2769143497,False,False,False,,1,0.176579925651,-0.0164956424097,-1863.015,False,2019,影视院线,0.291194968553,0.175324675325,0.190697674419,0.365853658537,2.85788767578,0.172573927543,0.320418093019,0.915766306523,1.10523275564,18.7711992049
EXTENDED_2018_2021:300033.SZ-001,EXTENDED_2018_2021,300033.SZ,2019-02-11,2019-02-12,2019-02-11T15:30:00,2019-02-12T09:30:00+08:00,MINUTE-PIT-B-v1:300033.SZ:2019-02-11,PITB-80B916173F29877FD683,0.108852990286,0.604166666667,-0.00543184370228,0.213780531372,0.108852990286,0.567251461988,0.543859649123,0.567251461988,0.0256003913042,0.0426061333437,0.764103125899,19.9904412335,45.9386176532,False,True,False,1,1,1.16227312014,0.903956210168,83753.857,False,2019,软件开发,0.735416666667,0.0976997865781,0.153338611771,0.0430292598967,3.24681784279,0.00886533010095,0.225964642545,,1.18515941717,18.8087780731
EXTENDED_2018_2021:300034.SZ-001,EXTENDED_2018_2021,300034.SZ,2019-08-30,2019-09-02,2019-08-30T15:30:00,2019-09-02T09:30:00+08:00,MINUTE-PIT-B-v1:300034.SZ:2019-08-30,PITB-80B916173F29877FD683,0.0941753733012,0.575,-0.005459531259,0.205137927303,0.101867717402,0.502923976608,0.502923976608,0.514619883041,0.0366958833343,0.0534502065484,0.808988956682,19.4106874004,16.7520937579,False,False,False,,1,0.115180153574,-0.0305391065762,-3941.161,False,2019,航空装备Ⅱ,0.775490196078,0.0601127113338,0.139972144847,0.0308641975309,2.02920455011,0.0299012587706,0.21620717394,0.518807523009,0.861234592496,18.6879374739
EXTENDED_2018_2021:300036.SZ-001,EXTENDED_2018_2021,300036.SZ,2019-12-10,2019-12-11,2019-12-10T15:30:00,2019-12-11T09:30:00+08:00,MINUTE-PIT-B-v1:300036.SZ:2019-12-10,PITB-80B916173F29877FD683,0.08488947514,0.633333333333,-0.00754339126375,0.177660067178,0.0730507292672,0.476608187135,0.464912280702,0.453216374269,0.0202026878548,0.0416622317557,0.590361224288,19.7770375036,19.9620512155,False,True,False,1,1,0.391979949875,0.130058878443,15590.646,False,2019,软件开发,0.554022988506,0.0810810810811,0.135603000577,0.335195530726,1.87389541766,0.0359453586382,0.163961948591,0.68887555022,1.34301285209,19.1389103364
EXTENDED_2018_2021:300037.SZ-001,EXTENDED_2018_2021,300037.SZ,2019-02-14,2019-02-15,2019-02-14T15:30:00,2019-02-15T09:30:00+08:00,MINUTE-PIT-B-v1:300037.SZ:2019-02-14,PITB-80B916173F29877FD683,0.0606499341916,0.366666666667,-0.00438279878825,0.123880136412,0.0606499341916,0.397660818713,0.391812865497,0.391812865497,0.0183491386682,0.0447103202409,0.487805369731,19.2599739435,27.5858768278,False,False,False,,1,0.127339449541,0.00301058968892,337.472,False,2019,电池,0.770297029703,0.178739819974,0.181739506707,0.17619047619,1.74151805565,0.0528170986688,0.240237470479,,0.992577474899,18.6668862507
EXTENDED_2018_2021:300037.SZ-002,EXTENDED_2018_2021,300037.SZ,2019-11-07,2019-11-08,2019-11-07T15:30:00,2019-11-08T09:30:00+08:00,MINUTE-PIT-B-v1:300037.SZ:2019-11-07,PITB-80B916173F29877FD683,0.0661826637569,0.779166666667,-0.00145186987035,0.170671378319,0.0675546259094,0.707602339181,0.713450292398,0.701754385965,0.01931901449,0.0394067730372,0.768518502166,19.0477883892,27.5280926499,False,False,True,0,0,0.0136690647482,-0.00296971865222,-363.319,False,2019,电池,0.494545454545,0.0807647288334,0.16170212766,0.478947368421,1.56065254573,0.0119283021588,0.167151842185,0.31045751634,0.797872159538,18.5933347725
EXTENDED_2018_2021:300037.SZ-003,EXTENDED_2018_2021,300037.SZ,2020-06-16,2020-06-17,2020-06-16T15:30:00,2020-06-17T09:30:00+08:00,MINUTE-PIT-B-v1:300037.SZ:2020-06-16,PITB-80B916173F29877FD683,-0.00169897282543,0.391666666667,-0.0255996516067,-0.00558163773408,0.00256139843896,0.0974358974359,0.0974358974359,0.107692307692,0.000662089699582,0.0292138378912,0.870230541424,19.1005205666,44.8424470371,False,True,False,1,1,0.453342157512,0.179555620095,23127.244,False,2020,电池,0.711447811448,0.131270277015,0.173402868318,0,0.665402716491,0.0595004498558,0.223225135427,0.646153846154,1.13440161381,19.443017686
EXTENDED_2018_2021:300041.SZ-001,EXTENDED_2018_2021,300041.SZ,2019-11-20,2019-11-21,2019-11-20T15:30:00,2019-11-21T09:30:00+08:00,MINUTE-PIT-B-v1:300041.SZ:2019-11-20,PITB-80B916173F29877FD683,0.00836920424193,0.420833333333,-0.0139496458801,0.018454985744,0.0247587588045,0.175438596491,0.169590643275,0.19298245614,0.00808267990221,0.0406416383603,0.195652489401,19.2163208123,11.3034514726,False,False,True,0,0,0.0143755615454,-0.0683521330422,-7995.96,False,2019,化学制品,0.609268292683,0.0667938931298,0.101879327399,0.0777777777778,1.90974140327,0.0231559497827,0.191861884544,0.338668800854,0.909684581881,18.561771945
EXTENDED_2018_2021:300042.SZ-001,EXTENDED_2018_2021,300042.SZ,2021-04-16,2021-04-19,2021-04-16T15:30:00,2021-04-19T09:30:00+08:00,MINUTE-PIT-B-v1:300042.SZ:2021-04-16,PITB-80B916173F29877FD683,0.147961977973,0.6125,-0.00853489434496,0.309622682854,0.149142071477,0.530054644809,0.51912568306,0.530054644809,0.0788030544809,0.0857266368322,0.942622431822,19.4953951468,14.401084076,False,False,True,0,0,0.0789297658863,-0.126221421054,-17412.474,True,2021,计算机设备,0.728853754941,0.219471947195,0.166807076664,0.484848484848,2.53771981632,0.00885909141024,0.194426349152,0.327868852459,0.561288779106,18.5790289891
EXTENDED_2018_2021:300044.SZ-001,EXTENDED_2018_2021,300044.SZ,2020-08-06,2020-08-07,2020-08-06T15:30:00,2020-08-07T09:30:00+08:00,MINUTE-PIT-B-v1:300044.SZ:2020-08-06,PITB-80B916173F29877FD683,0.0440803657878,0.445833333333,-0.0180185497362,0.120363900881,0.0355122257529,0.197435897436,0.197435897436,0.187179487179,0.0152480574746,0.0682946022195,0.537036530112,20.00688093,7.88586509601,False,False,True,0,0,0.0345710627401,-0.0569456152043,-7390.154,False,2020,IT服务Ⅱ,0.405376344086,0.0219072164948,0.190045248869,0.0634920634921,1.36758770927,0.0231794271245,0.407453923248,0.317948717949,0.680279070781,19.6442903382
EXTENDED_2018_2021:300044.SZ-002,EXTENDED_2018_2021,300044.SZ,2020-08-27,2020-08-28,2020-08-27T15:30:00,2020-08-28T09:30:00+08:00,MINUTE-PIT-B-v1:300044.SZ:2020-08-27,PITB-80B916173F29877FD683,0.0831643582767,0.558333333333,-0.00256410153929,0.175076699671,0.0900045838619,0.548717948718,0.538461538462,0.579487179487,0.0369233491569,0.0761789983331,0.699999682109,20.0730609251,7.94571380313,False,True,False,1,1,0.206809583859,-0.0275352736397,-3652.651,False,2020,IT服务Ⅱ,0.375211864407,0.0695187165775,0.17008797654,0.405172413793,1.92083029338,0.0193968302806,0.279331217074,0.579487179487,0.729288614688,19.4209562836
EXTENDED_2018_2021:300046.SZ-001,EXTENDED_2018_2021,300046.SZ,2021-11-22,2021-11-23,2021-11-22T15:30:00,2021-11-23T09:30:00+08:00,MINUTE-PIT-B-v1:300046.SZ:2021-11-22,PITB-80B916173F29877FD683,0.0787369089456,0.908333333333,-0.027848953369,0.140274933665,0.087347760611,0.437158469945,0.420765027322,0.459016393443,0.0456296887521,0.0864082122063,0.649788903894,20.6290207831,27.5495258247,False,False,True,0,0,0.0486235252056,-0.125700634602,-22475.1,True,2021,半导体,0.509850107066,0.237756010686,0.18029739777,0.453608247423,3.25019259827,0.0733385894443,0.164745672399,0.931693989071,1.1486309234,19.4559552233
EXTENDED_2018_2021:300048.SZ-001,EXTENDED_2018_2021,300048.SZ,2021-11-04,2021-11-05,2021-11-04T15:30:00,2021-11-05T09:30:00+08:00,MINUTE-PIT-B-v1:300048.SZ:2021-11-04,PITB-80B916173F29877FD683,0.120402361606,0.4375,-0.0143428994595,0.303768139281,0.124394299808,0.322404371585,0.366120218579,0.322404371585,0.0440323038817,0.0610996378019,0.794871920273,19.7985533199,6.40797072524,False,True,False,1,1,0.363076923077,0.181430242921,35453.686,False,2021,自动化设备,0.700262467192,0.124567474048,0.151119402985,0.0493827160494,2.4651704924,0.0387455871663,0.175775128712,0.546448087432,0.5279416921,18.8981304708
EXTENDED_2018_2021:300059.SZ-001,EXTENDED_2018_2021,300059.SZ,2020-06-16,2020-06-17,2020-06-16T15:30:00,2020-06-17T09:30:00+08:00,MINUTE-PIT-B-v1:300059.SZ:2020-06-16,PITB-80B916173F29877FD683,0.00198615462581,0.233333333333,-0.014440670482,0.00404312645137,0.00398142663062,0.123076923077,0.123076923077,0.128205128205,0.00121288420213,0.0284781020222,0.489361443094,22.3083898524,16.4927009017,False,True,False,1,1,0.796846573681,0.496322128448,58986.261,False,2020,证券Ⅱ,0.585185185185,0.0861217772902,0.167625899281,0.047619047619,1.27950031001,0.0595004498558,0.223225135427,0.646153846154,1.02473279974,22.0184201042
EXTENDED_2018_2021:300059.SZ-002,EXTENDED_2018_2021,300059.SZ,2021-09-08,2021-09-09,2021-09-08T15:30:00,2021-09-09T09:30:00+08:00,MINUTE-PIT-B-v1:300059.SZ:2021-09-08,PITB-80B916173F29877FD683,0.0757748195305,0.304166666667,-0.00163491521872,0.167368815621,0.0717995732707,0.368852459016,0.374316939891,0.368852459016,0.0343023240879,0.0777777010427,0.46909124201,23.4145949548,35.6742138115,False,False,True,0,0,0.0454545454545,-0.0360207973844,-6599.84,False,2021,证券Ⅱ,0.653537284895,0.0706917475728,0.150869137422,0.450134770889,1.59992867917,-0.0358161087762,0.234629765533,0.191256830601,1.19960117393,22.8880979833
EXTENDED_2018_2021:300059.SZ-003,EXTENDED_2018_2021,300059.SZ,2021-12-14,2021-12-15,2021-12-14T15:30:00,2021-12-15T09:30:00+08:00,MINUTE-PIT-B-v1:300059.SZ:2021-12-14,PITB-80B916173F29877FD683,0.0191673119036,0.370833333333,-0.00698852219626,0.0424978108747,0.0202743481255,0.218579234973,0.218579234973,0.218579234973,0.00470959267742,0.0205870701586,0.41772335268,22.3108551472,38.3149592117,False,False,True,0,0,0.025841816758,-0.0212755138362,-3508.284,False,2021,证券Ⅱ,0.597802197802,0.101178499569,0.1915625,0.438825448613,0.92255770801,0.0344876927577,0.171859858666,0.368852459016,0.922664668016,22.3271093939
EXTENDED_2018_2021:300065.SZ-001,EXTENDED_2018_2021,300065.SZ,2021-07-19,2021-07-20,2021-07-19T15:30:00,2021-07-20T09:30:00+08:00,MINUTE-PIT-B-v1:300065.SZ:2021-07-19,PITB-80B916173F29877FD683,0.0115564691833,0.408333333333,-0.0181274535379,0.028855182231,0.0350417832283,0.150273224044,0.150273224044,0.166666666667,0.0146881332736,0.0428200428679,0.65714083302,19.097316807,8.1693319387,False,False,False,,1,0.149326805386,0.00166663202159,271.237,False,2021,航海装备Ⅱ,0.284855233853,0.0587478559177,0.2,0,1.67859022207,0.0507321452423,0.238317635939,0.29781420765,0.508182585852,18.5242226141
EXTENDED_2018_2021:300066.SZ-001,EXTENDED_2018_2021,300066.SZ,2020-02-20,2020-02-21,2020-02-20T15:30:00,2020-02-21T09:30:00+08:00,MINUTE-PIT-B-v1:300066.SZ:2020-02-20,PITB-80B916173F29877FD683,0.0999496768495,0.416666666667,-0.0167446056642,0.259544432114,0.107886336317,0.320512820513,0.351282051282,0.320512820513,0.0465200156349,0.0591670081546,0.781249580905,19.460888507,5.43137828495,False,False,True,0,0,0.0695970695971,-0.0846413088711,-10686.823,False,2020,通用设备,0.440431266846,0.0147601476015,0.19646799117,0.168539325843,1.36538364526,0.104417532254,0.436505730185,0.7,1.00268049375,19.0691521728
EXTENDED_2018_2021:300068.SZ-001,EXTENDED_2018_2021,300068.SZ,2018-03-13,2018-03-14,2018-03-13T15:30:00,2018-03-14T09:30:00+08:00,MINUTE-PIT-B-v1:300068.SZ:2018-03-13,PITB-80B916173F29877FD683,0.0271681616615,0.391666666667,-0.00861540034482,0.065298660144,0.0271681616615,0.272727272727,0.272727272727,0.272727272727,0.00428538164298,0.0232995917664,0.657896189812,19.0512024412,16.3354427794,False,False,True,0,0,0.0276073619632,-0.0448569835073,-4464.59,False,2018,电池,0.3375,0.102356902357,0.165951359084,0.170731707317,1.3013150293,0.172596285829,0.232004871395,,0.36913397537,18.7622469883
EXTENDED_2018_2021:300068.SZ-002,EXTENDED_2018_2021,300068.SZ,2019-03-15,2019-03-18,2019-03-15T15:30:00,2019-03-18T09:30:00+08:00,MINUTE-PIT-B-v1:300068.SZ:2019-03-15,PITB-80B916173F29877FD683,0.250303431428,0.1625,-0.00660500609153,0.483513857176,0.252165288381,0.491228070175,0.491228070175,0.491228070175,0.0673114825872,0.0860128411912,0.814814736323,19.9984697034,15.5950531914,False,False,True,0,0,0.0331664580726,-0.0498011545118,-6040.54,False,2019,电池,0.439825581395,0.107069320522,0.126618705036,0.0284090909091,1.9481761839,0.214824466932,0.400977086472,0.583299986661,0.192359930408,19.3387266994
EXTENDED_2018_2021:300075.SZ-001,EXTENDED_2018_2021,300075.SZ,2020-09-08,2020-09-09,2020-09-08T15:30:00,2020-09-09T09:30:00+08:00,MINUTE-PIT-B-v1:300075.SZ:2020-09-08,PITB-80B916173F29877FD683,0.0841504776701,0.429166666667,-0.0088608393583,0.20466891664,0.0841504776701,0.371794871795,0.376923076923,0.361538461538,0.0345403967223,0.0497741107761,0.911392894048,19.7514050897,15.8842361689,False,False,True,0,0,0.000624609618988,-0.14100764944,-18530.278,True,2020,软件开发,0.366294227188,0.0975609756098,0.140944326991,0.0833333333333,1.73821554977,0.0536149461135,0.248038457464,0.774358974359,1.00655276066,19.1703126196
EXTENDED_2018_2021:300075.SZ-002,EXTENDED_2018_2021,300075.SZ,2021-11-15,2021-11-16,2021-11-15T15:30:00,2021-11-16T09:30:00+08:00,MINUTE-PIT-B-v1:300075.SZ:2021-11-15,PITB-80B916173F29877FD683,0.131523920691,0.55,-0.00288184370179,0.265842776145,0.134727501882,0.562841530055,0.562841530055,0.590163934426,0.054028262123,0.0714589639821,0.760000228882,20.1712660687,14.0185392035,False,False,True,0,0,0.075,-0.0116820960149,-2246.328,False,2021,软件开发,0.555944055944,0.0446886446886,0.194280908326,0.0606060606061,1.89530237587,0.0556309705173,0.141241873955,0.874316939891,0.974837476037,19.4632340782
EXTENDED_2018_2021:300079.SZ-001,EXTENDED_2018_2021,300079.SZ,2019-02-14,2019-02-15,2019-02-14T15:30:00,2019-02-15T09:30:00+08:00,MINUTE-PIT-B-v1:300079.SZ:2019-02-14,PITB-80B916173F29877FD683,0.0807981010472,0.283333333333,-0.00772210011839,0.185480486901,0.0807981010472,0.286549707602,0.298245614035,0.280701754386,0.0255768786,0.0507723382828,0.600000476837,19.2334298872,3.93303714429,False,True,False,1,1,1.05583756345,0.737115661901,76400.228,False,2019,IT服务Ⅱ,0.70495049505,0.125,0.193251533742,0,1.72908348667,0.0528170986688,0.240237470479,,1.13416289038,18.6920583478
EXTENDED_2018_2021:300085.SZ-001,EXTENDED_2018_2021,300085.SZ,2021-04-27,2021-04-28,2021-04-27T15:30:00,2021-04-28T09:30:00+08:00,MINUTE-PIT-B-v1:300085.SZ:2021-04-27,PITB-80B916173F29877FD683,0.137964563652,0.845833333333,-0.0131424366977,0.247163459073,0.137964563652,0.584699453552,0.535519125683,0.595628415301,0.0660901324922,0.083580822711,0.814286862588,20.3457536638,17.0314543457,False,False,True,0,0,0.00240963855422,-0.107435875373,-14040.317,True,2021,软件开发,0.558823529412,0.0709838107098,0.171468728039,0.0748898678414,3.08719942852,0.0572263168144,0.175908486272,0.325136612022,0.564755408951,19.2362932709
EXTENDED_2018_2021:300088.SZ-001,EXTENDED_2018_2021,300088.SZ,2020-06-16,2020-06-17,2020-06-16T15:30:00,2020-06-17T09:30:00+08:00,MINUTE-PIT-B-v1:300088.SZ:2020-06-16,PITB-80B916173F29877FD683,0.261759993085,0.854166666667,-0.00771459222318,0.462610414105,0.264533203447,0.820512820513,0.810256410256,0.820512820513,0.0727049351542,0.0727049351542,1,21.5577820171,10.2751024101,False,True,False,1,1,0.270194986072,-0.00323840683738,-419.913,False,2020,光学光电子,0.432996632997,0.0832091284749,0.16184348796,0.147058823529,2.92895549222,0.0595004498558,0.223225135427,0.646153846154,1.61163783897,20.5129862777
EXTENDED_2018_2021:300088.SZ-002,EXTENDED_2018_2021,300088.SZ,2021-07-16,2021-07-19,2021-07-16T15:30:00,2021-07-19T09:30:00+08:00,MINUTE-PIT-B-v1:300088.SZ:2021-07-16,PITB-80B916173F29877FD683,0.108129290339,0.741666666667,-0.00352742120509,0.294880664093,0.115023389402,0.655737704918,0.699453551913,0.661202185792,0.0399113064422,0.0558934214278,0.708332339922,20.6177724329,8.67676991849,False,False,True,0,0,0.0229621125144,-0.0260600478741,-4316.99,False,2021,光学光电子,0.353571428571,0.0584652862363,0.111110838358,0.277106778919,1.83301828376,0.0645845836364,0.24192491167,0.338797814208,0.199973552624,20.0144527611
EXTENDED_2018_2021:300094.SZ-001,EXTENDED_2018_2021,300094.SZ,2021-08-12,2021-08-13,2021-08-12T15:30:00,2021-08-13T09:30:00+08:00,MINUTE-PIT-B-v1:300094.SZ:2021-08-12,PITB-80B916173F29877FD683,0.0555329210368,0.304166666667,-0.00892862219117,0.148575250367,0.0608144646198,0.199453551913,0.210382513661,0.199453551913,0.0251441033148,0.0408219547838,0.611109786562,18.9192141101,4.4314996837,False,False,False,,1,0.0521541950113,0.016106342637,2879.55,False,2021,渔业,0.287751004016,0.0726392251816,0.171581769437,0.1875,1.44156077375,0.00687851985465,0.308081926667,0.66393442623,0.441877938488,18.5044377612
EXTENDED_2018_2021:300101.SZ-001,EXTENDED_2018_2021,300101.SZ,2021-05-27,2021-05-28,2021-05-27T15:30:00,2021-05-28T09:30:00+08:00,MINUTE-PIT-B-v1:300101.SZ:2021-05-27,PITB-80B916173F29877FD683,0.0295373034444,0.408333333333,-0.00114484606378,0.0702012296954,0.0437217238774,0.390710382514,0.390710382514,0.396174863388,0.00872349893064,0.0322237007187,0.303571854319,19.6677767245,17.3991445723,False,False,False,,1,0.142441860465,0.0452104581465,5604.462,False,2021,军工电子Ⅱ,0.49,0.093730208993,0.157718120805,0,1.32486450163,0.0710300218821,0.188483733464,0.781420765027,1.01946902824,19.3190586258
EXTENDED_2018_2021:300102.SZ-001,EXTENDED_2018_2021,300102.SZ,2021-05-12,2021-05-13,2021-05-12T15:30:00,2021-05-13T09:30:00+08:00,MINUTE-PIT-B-v1:300102.SZ:2021-05-12,PITB-80B916173F29877FD683,0.169825792019,0.445833333333,-0.019476216903,0.410323042079,0.164474149541,0.398907103825,0.44262295082,0.398907103825,0.106843129577,0.145634376119,0.902912688779,20.5316447407,7.22334623137,False,True,False,1,1,0.364754098361,0.0792563721265,12075.2,False,2021,光学光电子,0.759615384615,0.2,0.179867986799,0.0277777777778,2.13084348471,0.0370969340409,0.211843225564,0.188524590164,0.742414012628,19.7589841104
EXTENDED_2018_2021:300107.SZ-001,EXTENDED_2018_2021,300107.SZ,2019-02-25,2019-02-26,2019-02-25T15:30:00,2019-02-26T09:30:00+08:00,MINUTE-PIT-B-v1:300107.SZ:2019-02-25,PITB-80B916173F29877FD683,0.125669473914,0.6125,-0.00634344635435,0.255525000783,0.132007005491,0.578947368421,0.567251461988,0.59649122807,0.0330830248989,0.0456455272029,0.882352171198,19.8377123488,11.1999372065,False,False,False,,1,0.178070175439,0.0623474552297,6926.864,False,2019,化学制品,0.220754716981,0.0421631530706,0.195698924731,0,2.22047319425,0.172573927543,0.320418093019,0.915766306523,0.832088591424,18.9995622267
EXTENDED_2018_2021:300110.SZ-001,EXTENDED_2018_2021,300110.SZ,2020-08-27,2020-08-28,2020-08-27T15:30:00,2020-08-28T09:30:00+08:00,MINUTE-PIT-B-v1:300110.SZ:2020-08-27,PITB-80B916173F29877FD683,0.128301707785,0.545833333333,-0.00432900684494,0.273016364891,0.122817548656,0.587179487179,0.597435897436,0.576923076923,0.0546353833678,0.0778521003141,0.864864307568,19.6429314634,4.78460187837,False,True,False,1,1,0.46875,0.0963709097807,13479.759,False,2020,化学制药,0.445762711864,0.118993135011,0.171149144254,0.047619047619,1.99933177112,0.0193968302806,0.279331217074,0.579487179487,0.766346186679,18.9639972776
EXTENDED_2018_2021:300115.SZ-001,EXTENDED_2018_2021,300115.SZ,2020-02-18,2020-02-19,2020-02-18T15:30:00,2020-02-19T09:30:00+08:00,MINUTE-PIT-B-v1:300115.SZ:2020-02-18,PITB-80B916173F29877FD683,0.0419561111791,0.429166666667,-0.0168149974412,0.114745289204,0.0419561111791,0.192307692308,0.192307692308,0.192307692308,0.0199403914892,0.0527678135877,0.991071230903,21.1342631598,21.2672707086,False,True,False,1,1,0.281860465116,0.00595119996283,717.241,False,2020,消费电子,0.657777777778,0.174123989218,0.182124789207,0.200617283951,1.53056143567,0.0914122313034,0.427929841908,0.676923076923,1.43326612104,20.6428634343
EXTENDED_2018_2021:300119.SZ-001,EXTENDED_2018_2021,300119.SZ,2021-04-29,2021-04-30,2021-04-29T15:30:00,2021-04-30T09:30:00+08:00,MINUTE-PIT-B-v1:300119.SZ:2021-04-29,PITB-80B916173F29877FD683,0.101162093497,0.429166666667,-0.00536913543208,0.20781133538,0.098075896945,0.407103825137,0.396174863388,0.390710382514,0.0370092938433,0.072121887011,0.652381233509,19.4285253452,29.506477463,False,False,True,0,0,0.0451306413302,-0.036201667352,-4378.513,False,2021,动物保健Ⅱ,0.814942528736,0.0811306901615,0.173652694611,0.356037151703,1.86521681355,0.0664656741874,0.179680302809,0.306010928962,0.558227259654,18.7915312844
EXTENDED_2018_2021:300122.SZ-001,EXTENDED_2018_2021,300122.SZ,2018-01-09,2018-01-10,2018-01-09T15:30:00,2018-01-10T09:30:00+08:00,MINUTE-PIT-B-v1:300122.SZ:2018-01-09,PITB-80B916173F29877FD683,0.236412518644,0.691666666667,-0.00319388262974,0.415043910016,0.232982496604,0.878787878788,0.878787878788,0.878787878788,0.0842232512507,0.10461820761,0.889909188,20.1430086329,31.878444843,False,False,False,,1,0.0766625615764,0.0471646580021,4600.32,False,2018,生物制品,0.910256410256,0.084971676108,0.111715632934,0.162337662338,2.86471159628,-0.0102693334748,0.110470829544,,0.888087438656,19.1007829762
EXTENDED_2018_2021:300124.SZ-001,EXTENDED_2018_2021,300124.SZ,2020-10-09,2020-10-12,2020-10-09T15:30:00,2020-10-12T09:30:00+08:00,MINUTE-PIT-B-v1:300124.SZ:2020-10-09,PITB-80B916173F29877FD683,0.107170807149,0.691666666667,-0.000667508382248,0.214041208784,0.0855564528356,0.741025641026,0.710256410256,0.694871794872,0.0354384270388,0.0777683399019,0.74522271843,20.7017532343,60.4948246425,False,True,False,1,1,0.265594855305,0.262745646199,31090.222,False,2020,自动化设备,0.877629063098,0.127647918188,0.159620703279,0.445833333333,1.5367750475,-0.0284111942542,0.368036859189,0.123076923077,0.647511675371,20.1888596473
EXTENDED_2018_2021:300131.SZ-001,EXTENDED_2018_2021,300131.SZ,2019-08-27,2019-08-28,2019-08-27T15:30:00,2019-08-28T09:30:00+08:00,MINUTE-PIT-B-v1:300131.SZ:2019-08-27,PITB-80B916173F29877FD683,0.0808788882842,0.316666666667,-0.00506333740821,0.171044620819,0.0808788882842,0.380116959064,0.368421052632,0.374269005848,0.041294059631,0.099187678758,0.540983363077,19.6902271051,6.23819717255,False,False,True,0,0,0.0496794871795,-0.0488838940849,-6079.653,False,2019,其他电子Ⅱ,0.484895833333,0.16384180791,0.178781925344,0.230769230769,3.15836411222,0.0246592029793,0.218544200995,0.713085234094,1.10719161344,18.5792706509
EXTENDED_2018_2021:300136.SZ-001,EXTENDED_2018_2021,300136.SZ,2019-12-30,2019-12-31,2019-12-30T15:30:00,2019-12-31T09:30:00+08:00,MINUTE-PIT-B-v1:300136.SZ:2019-12-30,PITB-80B916173F29877FD683,0.0383109706516,0.8375,-0.0117687331694,0.073346042507,0.0605905261984,0.461988304094,0.461988304094,0.479532163743,0.0244156108523,0.0745036763881,0.808955319057,21.0923919765,45.2877552332,False,False,True,0,0,0.0623495952746,-0.148499717303,-17666.246,True,2019,消费电子,0.822707423581,0.152228342514,0.179937139864,0.136826783115,0.941459720993,0.0805021226987,0.183333419819,0.574763238629,1.46402255943,21.1424979729
EXTENDED_2018_2021:300137.SZ-001,EXTENDED_2018_2021,300137.SZ,2018-05-18,2018-05-21,2018-05-18T15:30:00,2018-05-21T09:30:00+08:00,MINUTE-PIT-B-v1:300137.SZ:2018-05-18,PITB-80B916173F29877FD683,0.138345949813,0.341666666667,-0.00393700907905,0.280256825252,0.130284746673,0.484848484848,0.484848484848,0.454545454545,0.027533763378,0.0354891513968,0.958334989019,19.683487595,20.424038855,False,False,True,0,0,0.00478468899522,-0.0941579951149,-9061.402,False,2018,环保设备Ⅱ,0.577844311377,0.139856274185,0.182567726737,0.184549356223,1.48003992364,0.00459822849,0.220890834512,0.311111111111,0.952264116361,19.2766855933
EXTENDED_2018_2021:300141.SZ-001,EXTENDED_2018_2021,300141.SZ,2021-07-14,2021-07-15,2021-07-14T15:30:00,2021-07-15T09:30:00+08:00,MINUTE-PIT-B-v1:300141.SZ:2021-07-14,PITB-80B916173F29877FD683,0.0628149322533,0.425,-0.0240752576454,0.152108412814,0.0609341109872,0.174863387978,0.185792349727,0.174863387978,0.0316338556311,0.0828121738482,0.769230688616,19.1744602322,11.0291614651,False,False,False,,1,0.160762942779,-0.0560142112037,-9506.931,False,2021,电网设备,0.673707865169,0.143438453713,0.158780231335,0.0397350993377,1.88503524511,0.118878059089,0.234248597558,0.653005464481,0.458848960781,18.5479898611
EXTENDED_2018_2021:300142.SZ-001,EXTENDED_2018_2021,300142.SZ,2019-02-25,2019-02-26,2019-02-25T15:30:00,2019-02-26T09:30:00+08:00,MINUTE-PIT-B-v1:300142.SZ:2019-02-25,PITB-80B916173F29877FD683,0.0753220509871,0.633333333333,-0.00558805687474,0.181161674633,0.0907118827371,0.511695906433,0.523391812865,0.540935672515,0.0221782589992,0.0349137673434,0.927534629408,20.0655926706,19.820690535,False,True,False,1,1,0.230730730731,0.180694764317,21423.432,False,2019,生物制品,0.232075471698,0.0524658971668,0.0954241071429,0.25,4.31057296018,0.172573927543,0.320418093019,0.915766306523,0.588535801011,18.7469599191
EXTENDED_2018_2021:300142.SZ-002,EXTENDED_2018_2021,300142.SZ,2019-11-06,2019-11-07,2019-11-06T15:30:00,2019-11-07T09:30:00+08:00,MINUTE-PIT-B-v1:300142.SZ:2019-11-06,PITB-80B916173F29877FD683,0.167313188798,0.795833333333,0,0.308693860226,0.168552592047,0.909356725146,0.897660818713,0.90350877193,0.0529086291226,0.0633843574293,0.938461132163,20.8885507452,31.1486711612,False,False,False,,1,0.0615136876006,0.00841424022202,993.789,False,2019,生物制品,0.689237668161,0.207712867507,0.17258495609,0.254424778761,2.03663528503,0.0250479847933,0.182032126526,0.354141656663,0.597719134344,20.2055270477
EXTENDED_2018_2021:300144.SZ-001,EXTENDED_2018_2021,300144.SZ,2018-03-07,2018-03-08,2018-03-07T15:30:00,2018-03-08T09:30:00+08:00,MINUTE-PIT-B-v1:300144.SZ:2018-03-07,PITB-80B916173F29877FD683,0.0408748895308,0.520833333333,-0.0117618097753,0.0844273570997,0.0408748895308,0.333333333333,0.333333333333,0.333333333333,0.00864485814129,0.0208924718925,0.804878162246,18.786137015,19.6438353125,False,False,True,0,0,0.0659898477157,-0.0251574640382,-2530.652,False,2018,旅游及景区,0.516666666667,0.070460704607,0.112620260328,0.417085427136,0.821692497447,0.00743754658806,0.32844705267,,0.930884707697,18.924356145
EXTENDED_2018_2021:300144.SZ-002,EXTENDED_2018_2021,300144.SZ,2019-08-30,2019-09-02,2019-08-30T15:30:00,2019-09-02T09:30:00+08:00,MINUTE-PIT-B-v1:300144.SZ:2019-08-30,PITB-80B916173F29877FD683,0.00809177439787,0.45,-0.00492142431726,0.0222671086088,0.01922817452,0.33918128655,0.345029239766,0.350877192982,0.0045523918073,0.0268803234288,0.507042404868,18.9069795233,26.4736097053,False,False,False,,1,0.0738636363636,0.0474392525071,5652.056,False,2019,旅游及景区,0.662745098039,0.0260194174757,0.164462081129,0.294372294372,0.661996109037,0.0299012587706,0.21620717394,0.518807523009,0.666279817641,19.2708004809
EXTENDED_2018_2021:300146.SZ-001,EXTENDED_2018_2021,300146.SZ,2020-04-27,2020-04-28,2020-04-27T15:30:00,2020-04-28T09:30:00+08:00,MINUTE-PIT-B-v1:300146.SZ:2020-04-27,PITB-80B916173F29877FD683,0.120099406296,0.704166666667,0,0.271180795059,0.129340754353,0.8,0.815384615385,0.810256410256,0.0434614430243,0.058585077528,0.84259251083,19.8610326967,18.6444620581,False,False,False,,1,0.0289389067524,0.00602452210169,686.433,False,2020,食品加工,0.664983164983,0.11038961039,0.174418604651,0.117408906883,1.90561426714,0.0286190754562,0.279393194784,0.517948717949,0.713264694144,19.1789065529
EXTENDED_2018_2021:300151.SZ-001,EXTENDED_2018_2021,300151.SZ,2021-04-28,2021-04-29,2021-04-28T15:30:00,2021-04-29T09:30:00+08:00,MINUTE-PIT-B-v1:300151.SZ:2021-04-28,PITB-80B916173F29877FD683,0.20075924413,0.6875,-0.00165758846083,0.421992526259,0.20075924413,0.806010928962,0.795081967213,0.800546448087,0.0803020097537,0.0937984992736,0.913793092109,19.2962675358,31.4516137331,False,False,True,0,0,0.0339359340311,-0.0665690161409,-7983.876,False,2021,专用设备,0.771984435798,0.151558581154,0.146267525578,0.170588235294,2.18022609103,0.0672760540019,0.179338013938,0.398907103825,0.738984058738,18.4838331695
EXTENDED_2018_2021:300158.SZ-001,EXTENDED_2018_2021,300158.SZ,2018-03-09,2018-03-12,2018-03-09T15:30:00,2018-03-12T09:30:00+08:00,MINUTE-PIT-B-v1:300158.SZ:2018-03-09,PITB-80B916173F29877FD683,0.0249504279802,0.220833333333,-0.0308508077124,0.0599251900428,0.022726432715,0.0909090909091,0.0909090909091,0.0909090909091,0.00655742556084,0.045315183021,0.285714091087,19.3715778069,15.3826044461,False,False,True,0,0,0.0227420402859,-0.109812374847,-11480.603,True,2018,中药Ⅱ,0.443373493976,0.120879120879,0.187946074544,0.26582278481,2.19326784012,0.085954058235,0.320717084745,,1.3204127418,18.5408580619
EXTENDED_2018_2021:300161.SZ-001,EXTENDED_2018_2021,300161.SZ,2021-12-16,2021-12-17,2021-12-16T15:30:00,2021-12-17T09:30:00+08:00,MINUTE-PIT-B-v1:300161.SZ:2021-12-16,PITB-80B916173F29877FD683,0.311934108021,0.525,-0.0125738271609,0.682645805668,0.312415822583,0.584699453552,0.579234972678,0.584699453552,0.177016471753,0.177016471753,1,20.5504123102,28.5363334431,False,False,True,0,0,0.0313333333333,-0.0585514485514,-9670.65,False,2021,通用设备,0.580366972477,0.18565234529,0.187124463519,0.282548476454,4.15779427181,0.0324861083537,0.165180683305,0.344262295082,1.1060587131,19.2093448559
EXTENDED_2018_2021:300162.SZ-001,EXTENDED_2018_2021,300162.SZ,2021-07-14,2021-07-15,2021-07-14T15:30:00,2021-07-15T09:30:00+08:00,MINUTE-PIT-B-v1:300162.SZ:2021-07-14,PITB-80B916173F29877FD683,0.0852115283929,0.283333333333,-0.00242136404133,0.195819175209,0.0739210659973,0.349726775956,0.360655737705,0.333333333333,0.0353049415635,0.0577201656614,0.957445858722,19.2072529342,8.15908444779,False,True,False,1,1,0.205562273277,0.023965096812,4120.961,False,2021,光学光电子,0.713707865169,0.0423940149626,0.178102189781,0.297297297297,1.84418497806,0.118878059089,0.234248597558,0.653005464481,-0.148938114512,18.5028224148
EXTENDED_2018_2021:300166.SZ-001,EXTENDED_2018_2021,300166.SZ,2021-11-19,2021-11-22,2021-11-19T15:30:00,2021-11-22T09:30:00+08:00,MINUTE-PIT-B-v1:300166.SZ:2021-11-19,PITB-80B916173F29877FD683,0.09853914103,0.0625,-0.0811732956893,0.173022905065,0.102575600841,0.114754098361,0.0819672131148,0.131147540984,0.0677416805301,0.154574548562,0.431952819659,20.8807327447,11.0178924689,False,False,True,0,0,0.014137606032,-0.0611799763191,-11088.385,False,2021,IT服务Ⅱ,0.473026315789,0.19646799117,0.174065420561,0.442953020134,6.0705659681,0.0663646472929,0.156255048484,0.871584699454,0.865856703387,19.2097181968
EXTENDED_2018_2021:300171.SZ-001,EXTENDED_2018_2021,300171.SZ,2021-02-10,2021-02-18,2021-02-10T15:30:00,2021-02-18T09:30:00+08:00,MINUTE-PIT-B-v1:300171.SZ:2021-02-10,PITB-80B916173F29877FD683,0.160122554651,0.404166666667,-0.00457154116482,0.333959174803,0.168401046078,0.502732240437,0.497267759563,0.524590163934,0.0693065100892,0.0985325262788,0.7542855399,19.6188135615,17.9003812959,False,False,True,0,0,0.0134989200864,-0.0731298938642,-9218.896,False,2021,医疗器械,0.686738351254,0.192408376963,0.159410582719,0.299145299145,2.47747647537,0.0362370845234,0.256250111862,0.120218579235,1.00671268791,18.7232592678
EXTENDED_2018_2021:300177.SZ-001,EXTENDED_2018_2021,300177.SZ,2020-10-16,2020-10-19,2020-10-16T15:30:00,2020-10-19T09:30:00+08:00,MINUTE-PIT-B-v1:300177.SZ:2020-10-16,PITB-80B916173F29877FD683,0.093891663753,0.545833333333,-0.0283001584329,0.217605505218,0.090776903569,0.351282051282,0.366666666667,0.361538461538,0.065993342955,0.118061468368,0.579999923706,20.8397142642,12.9254271098,False,False,True,0,0,0.0662047729022,-0.0205698732745,-2611.28,False,2020,军工电子Ⅱ,0.655838641189,0.198879551821,0.165258215962,0,3.02428705164,0.101519298257,0.298990663499,0.835897435897,1.20075254908,19.6926132907
EXTENDED_2018_2021:300184.SZ-001,EXTENDED_2018_2021,300184.SZ,2021-10-15,2021-10-18,2021-10-15T15:30:00,2021-10-18T09:30:00+08:00,MINUTE-PIT-B-v1:300184.SZ:2021-10-15,PITB-80B916173F29877FD683,0.0538965280267,0.779166666667,-0.0146415356816,0.0961040337002,0.0351387179913,0.404371584699,0.404371584699,0.398907103825,0.0171923840966,0.0982997288226,0.521739280667,20.5678281084,7.00247758702,False,False,True,0,0,0.0628571428571,-0.141718281718,-25719.218,True,2021,其他电子Ⅱ,0.870975056689,0.150326797386,0.168439716312,0.136842105263,3.80029599211,-0.0218811641435,0.210995408082,0.016393442623,0.833620781642,19.2661630857
EXTENDED_2018_2021:300188.SZ-001,EXTENDED_2018_2021,300188.SZ,2018-08-29,2018-08-30,2018-08-29T15:30:00,2018-08-30T09:30:00+08:00,MINUTE-PIT-B-v1:300188.SZ:2018-08-29,PITB-80B916173F29877FD683,0.0933575934999,0.533333333333,-0.00051989754539,0.238886581219,0.0958506150303,0.666666666667,0.69696969697,0.666666666667,0.0374023583488,0.0436107923696,0.867469131972,19.894102362,19.1768645449,False,False,True,0,0,0,-0.034659885569,-3339.35,False,2018,软件开发,0.875862068966,0.0957507082153,0.16,0.142307692308,1.3638685324,-0.0366561351821,0.284967376997,,1.41103673692,19.542696225
EXTENDED_2018_2021:300194.SZ-001,EXTENDED_2018_2021,300194.SZ,2020-09-02,2020-09-03,2020-09-02T15:30:00,2020-09-03T09:30:00+08:00,MINUTE-PIT-B-v1:300194.SZ:2020-09-02,PITB-80B916173F29877FD683,0.102075819515,0.520833333333,-0.00155155223496,0.237061161167,0.105532211398,0.610256410256,0.610256410256,0.6,0.0435527939769,0.0633416102479,0.731708054597,20.2338924101,6.50625576376,False,False,True,0,0,0.0833333333333,-0.115070301974,-15574.099,True,2020,化学制药,0.391348088531,0.0395569620253,0.145421903052,0.296296296296,2.27302945103,0.0112142938425,0.261680769657,0.738461538462,0.899769215074,19.3915773895
EXTENDED_2018_2021:300212.SZ-001,EXTENDED_2018_2021,300212.SZ,2019-02-25,2019-02-26,2019-02-25T15:30:00,2019-02-26T09:30:00+08:00,MINUTE-PIT-B-v1:300212.SZ:2019-02-25,PITB-80B916173F29877FD683,0.154849372753,0.595833333333,-0.0130193049069,0.304495342198,0.171927502526,0.508771929825,0.497076023392,0.520467836257,0.0539714933401,0.064254350842,0.835616492044,19.7230377128,22.7259763145,False,True,False,1,1,0.304347826087,0.172851145429,18588.314,False,2019,IT服务Ⅱ,0.203144654088,0.116346153846,0.184971098266,0.0415335463259,2.74818287895,0.172573927543,0.320418093019,0.915766306523,1.05999621796,18.7162517365
EXTENDED_2018_2021:300226.SZ-001,EXTENDED_2018_2021,300226.SZ,2020-06-17,2020-06-18,2020-06-17T15:30:00,2020-06-18T09:30:00+08:00,MINUTE-PIT-B-v1:300226.SZ:2020-06-17,PITB-80B916173F29877FD683,0.032748208653,0.3625,-0.0134097137069,0.0755475769217,0.0572754797445,0.174358974359,0.169230769231,0.210256410256,0.0138011397729,0.0278089934627,0.832486483974,19.0804877168,71.020554783,False,True,False,1,1,0.268504267525,0.0696369532245,7971.088,False,2020,软件开发,0.454948805461,0.0185185185185,0.152997275204,0.474736842105,1.25255954143,0.0753449653433,0.216109256718,0.748717948718,1.19128243214,18.8059881468
EXTENDED_2018_2021:300227.SZ-001,EXTENDED_2018_2021,300227.SZ,2020-06-08,2020-06-09,2020-06-08T15:30:00,2020-06-09T09:30:00+08:00,MINUTE-PIT-B-v1:300227.SZ:2020-06-08,PITB-80B916173F29877FD683,0.110462849301,0.579166666667,-0.0120023929449,0.265150074278,0.113096579543,0.512820512821,0.533333333333,0.512820512821,0.0424669521947,0.0499018982981,0.847826763002,18.9094768789,9.24814397084,False,False,True,0,0,0.0398706896552,-0.0615875369958,-7520.7,False,2020,自动化设备,0.5795221843,0.0266950440863,0.151086510865,0.0651289009498,1.01614662456,0.0291259181235,0.225920001798,0.348717948718,0.890393366092,18.8646529485
EXTENDED_2018_2021:300232.SZ-001,EXTENDED_2018_2021,300232.SZ,2019-12-16,2019-12-17,2019-12-16T15:30:00,2019-12-17T09:30:00+08:00,MINUTE-PIT-B-v1:300232.SZ:2019-12-16,PITB-80B916173F29877FD683,0.216566119056,0.508333333333,-0.00312996463415,0.412449894456,0.216566119056,0.695906432749,0.690058479532,0.695906432749,0.0808839099158,0.0879226214265,0.916666950499,20.3998948403,9.74565295661,False,True,False,1,1,0.250764525994,0.00828371508173,992.403,False,2019,光学光电子,0.467204301075,0.19830713422,0.159547738693,0,5.94439816173,0.0601479237719,0.177153113018,0.901694010938,1.11011955703,18.7361595044
EXTENDED_2018_2021:300241.SZ-001,EXTENDED_2018_2021,300241.SZ,2021-06-30,2021-07-01,2021-06-30T15:30:00,2021-07-01T09:30:00+08:00,MINUTE-PIT-B-v1:300241.SZ:2021-06-30,PITB-80B916173F29877FD683,0.174895541164,0.333333333333,-0.00719941401609,0.388620199344,0.174895541164,0.437158469945,0.448087431694,0.437158469945,0.080495050442,0.110062253637,0.734177154067,19.3855526461,7.2329543093,False,True,False,1,1,0.937584803256,0.59822075437,95109.819,False,2021,光学光电子,0.59522673031,0.155172413793,0.148692810458,0.147727272727,2.30723707947,0.0743377730924,0.217052873431,0.530054644809,0.727137510841,18.5744329896
EXTENDED_2018_2021:300251.SZ-001,EXTENDED_2018_2021,300251.SZ,2019-11-14,2019-11-15,2019-11-14T15:30:00,2019-11-15T09:30:00+08:00,MINUTE-PIT-B-v1:300251.SZ:2019-11-14,PITB-80B916173F29877FD683,0.0621632138793,0.491666666667,0,0.144512451765,0.065825334928,0.535087719298,0.535087719298,0.529239766082,0.0178482515501,0.0374264694328,0.472221633535,19.3259230674,9.63799113406,False,False,False,,1,0.0459770114943,0.0272016384869,3153.018,False,2019,影视院线,0.685784313725,0.145411203814,0.167076167076,0.0441176470588,1.29525354932,0.000967928885041,0.178446116367,0.140989729225,0.529385127342,19.0322544959
EXTENDED_2018_2021:300251.SZ-002,EXTENDED_2018_2021,300251.SZ,2021-11-24,2021-11-25,2021-11-24T15:30:00,2021-11-25T09:30:00+08:00,MINUTE-PIT-B-v1:300251.SZ:2021-11-24,PITB-80B916173F29877FD683,0.154853674151,0.704166666667,-0.00395648006962,0.322766243156,0.157292211113,0.713114754098,0.70218579235,0.707650273224,0.0544882250205,0.0733920233143,0.763158819352,19.6885089166,10.4757180402,False,False,False,,1,0.0340586565752,0.0121915998693,2163,False,2021,影视院线,0.480824742268,0.175946547884,0.128062360802,0.0869565217391,1.89943149396,0.0823517054839,0.158919815014,0.939890710383,0.454435407525,19.0263592012
EXTENDED_2018_2021:300271.SZ-001,EXTENDED_2018_2021,300271.SZ,2019-02-11,2019-02-12,2019-02-11T15:30:00,2019-02-12T09:30:00+08:00,MINUTE-PIT-B-v1:300271.SZ:2019-02-11,PITB-80B916173F29877FD683,0.153754927104,0.666666666667,-0.00454987419826,0.381848036716,0.147582966623,0.72514619883,0.748538011696,0.713450292398,0.0400311600335,0.0445378892435,0.942029085662,18.7066323696,15.6030203527,False,True,False,1,1,0.449367088608,0.305790038971,29501.516,False,2019,IT服务Ⅱ,0.598958333333,0.0279765777489,0.131899641577,0.0909090909091,0.962597931557,0.00886533010095,0.225964642545,,1.05812164458,18.6868890571
EXTENDED_2018_2021:300271.SZ-002,EXTENDED_2018_2021,300271.SZ,2019-10-28,2019-10-29,2019-10-28T15:30:00,2019-10-29T09:30:00+08:00,MINUTE-PIT-B-v1:300271.SZ:2019-10-28,PITB-80B916173F29877FD683,-0.0604546178104,0.354166666667,-0.0207590492408,-0.118109759958,-0.0604546178104,0.105263157895,0.105263157895,0.105263157895,-0.0263397062523,0.0511829844628,0.478991125223,20.637624422,23.2322551618,False,False,True,0,0,0.0144104803493,-0.042784687964,-5293.133,False,2019,IT服务Ⅱ,0.556768558952,0.0749652938454,0.143718592965,0.00431034482759,4.89944162433,-0.0025504835569,0.230959265707,0.257036147792,1.34499887755,19.1645065569
EXTENDED_2018_2021:300271.SZ-003,EXTENDED_2018_2021,300271.SZ,2019-11-19,2019-11-20,2019-11-19T15:30:00,2019-11-20T09:30:00+08:00,MINUTE-PIT-B-v1:300271.SZ:2019-11-19,PITB-80B916173F29877FD683,0.0895390707735,0.495833333333,-0.00641437406372,0.212424123111,0.100949487021,0.432748538012,0.444444444444,0.444444444444,0.0220441505658,0.0357180883964,0.892856980668,19.260753542,23.6101041936,False,False,True,0,0,0.0487804878049,-0.0253994976477,-3021.927,False,2019,IT服务Ⅱ,0.635643564356,0.163414634146,0.140900195695,0.00347222222222,1.16107228279,0.0194639037507,0.194110950797,0.295518207283,1.19596517564,19.1053214893
EXTENDED_2018_2021:300271.SZ-004,EXTENDED_2018_2021,300271.SZ,2019-12-05,2019-12-06,2019-12-05T15:30:00,2019-12-06T09:30:00+08:00,MINUTE-PIT-B-v1:300271.SZ:2019-12-05,PITB-80B916173F29877FD683,0.107876566838,0.670833333333,-0.00205041025665,0.222025585778,0.103859346785,0.695906432749,0.684210526316,0.695906432749,0.023879270686,0.0329383891983,0.862499433757,19.425930625,24.4473919212,False,True,False,1,1,0.220449897751,0.0996407981876,11483.017,False,2019,IT服务Ⅱ,0.707428571429,0.0733624454148,0.190313111546,0.342028985507,1.54186199058,-0.0097708609575,0.182773715294,0.232759770575,1.18683284042,18.981781475
EXTENDED_2018_2021:300271.SZ-005,EXTENDED_2018_2021,300271.SZ,2020-12-04,2020-12-07,2020-12-04T15:30:00,2020-12-07T09:30:00+08:00,MINUTE-PIT-B-v1:300271.SZ:2020-12-04,PITB-80B916173F29877FD683,0.0267383560458,0.516666666667,-0.00412065058092,0.062952141146,0.0288601716515,0.382051282051,0.382051282051,0.382051282051,0.00528101523241,0.0218464401979,0.55172368434,19.3042612997,26.5770407528,False,False,True,0,0,0.0109392682007,-0.0215740502425,-2690.75,False,2020,IT服务Ⅱ,0.607783018868,0.103820598007,0.157941047074,0,0.959244069008,-0.019617428295,0.217429604901,0.187179487179,0.652739514355,19.3256686902
EXTENDED_2018_2021:300274.SZ-001,EXTENDED_2018_2021,300274.SZ,2019-04-17,2019-04-18,2019-04-17T15:30:00,2019-04-18T09:30:00+08:00,MINUTE-PIT-B-v1:300274.SZ:2019-04-17,PITB-80B916173F29877FD683,0.141894388982,0.75,-0.00314465373236,0.264458404871,0.124193892827,0.783625730994,0.754385964912,0.748538011696,0.0518577141309,0.0889822483526,0.710526469892,20.4789901924,12.9034843512,False,False,True,0,0,0.0939907550077,-0.0552323813172,-6673.989,False,2019,光伏设备,0.66439628483,0.0793388429752,0.1875,0.154929577465,1.7466075271,0.0269369124033,0.266682908689,0.298319327731,1.02816996012,19.8788328755
EXTENDED_2018_2021:300284.SZ-001,EXTENDED_2018_2021,300284.SZ,2020-08-10,2020-08-11,2020-08-10T15:30:00,2020-08-11T09:30:00+08:00,MINUTE-PIT-B-v1:300284.SZ:2020-08-10,PITB-80B916173F29877FD683,0.058226148385,0.625,-0.0153680676917,0.134672965838,0.0610709380394,0.369230769231,0.369230769231,0.389743589744,0.0257429433692,0.054854346886,0.73469403643,19.8719551379,8.97610125435,False,False,True,0,0,0.00898876404494,-0.0210609615104,-2739.398,False,2020,工程咨询服务Ⅱ,0.370535714286,0.0684769775679,0.187671232877,0,3.21653344158,-0.0395215061655,0.390981291679,0.241025641026,0.666781138208,18.6916348265
EXTENDED_2018_2021:300285.SZ-001,EXTENDED_2018_2021,300285.SZ,2020-12-21,2020-12-22,2020-12-21T15:30:00,2020-12-22T09:30:00+08:00,MINUTE-PIT-B-v1:300285.SZ:2020-12-21,PITB-80B916173F29877FD683,0.177936404114,0.5125,-0.00501256970621,0.363944312571,0.177127732915,0.615384615385,0.6,0.615384615385,0.0600360709152,0.0644655557045,1,20.2616338988,44.5558902563,False,False,True,0,0,0.0682222222222,-0.0241758241758,-3049.2,False,2020,电子化学品Ⅱ,0.783707865169,0.165432729129,0.195623165199,0.273214285714,1.73251114496,0.0162009141024,0.185626076521,0.305128205128,1.16427858349,19.6687120975
EXTENDED_2018_2021:300287.SZ-001,EXTENDED_2018_2021,300287.SZ,2021-04-26,2021-04-27,2021-04-26T15:30:00,2021-04-27T09:30:00+08:00,MINUTE-PIT-B-v1:300287.SZ:2021-04-26,PITB-80B916173F29877FD683,0.174831684049,0.745833333333,-0.00552493651772,0.365420717907,0.178308722279,0.726775956284,0.715846994536,0.743169398907,0.12464239191,0.175890684667,0.70769189575,20.341086165,3.78539523351,False,False,False,,1,0.113157894737,0.09087708048,11540.468,False,2021,IT服务Ⅱ,0.483984375,0.0878186968839,0.13880126183,0.232558139535,4.52772847868,0.0526193363609,0.177093328341,0.48087431694,0.330826077709,18.898293743
EXTENDED_2018_2021:300288.SZ-001,EXTENDED_2018_2021,300288.SZ,2021-12-14,2021-12-15,2021-12-14T15:30:00,2021-12-15T09:30:00+08:00,MINUTE-PIT-B-v1:300288.SZ:2021-12-14,PITB-80B916173F29877FD683,0.0839101643214,0.6875,0,0.187486634342,0.107718761621,0.620218579235,0.636612021858,0.674863387978,0.0373092196673,0.0551019450559,0.930555316401,19.1672596785,13.1593563431,False,False,True,0,0,0.0211800302572,-0.0488029368513,-8137.332,False,2021,IT服务Ⅱ,0.610073260073,0.0300230946882,0.17610619469,0.25748502994,1.312188261,0.0344876927577,0.171859858666,0.368852459016,0.531928152609,18.8631643854
EXTENDED_2018_2021:300303.SZ-001,EXTENDED_2018_2021,300303.SZ,2019-12-10,2019-12-11,2019-12-10T15:30:00,2019-12-11T09:30:00+08:00,MINUTE-PIT-B-v1:300303.SZ:2019-12-10,PITB-80B916173F29877FD683,0.3294274273,0.558333333333,-0.00503778918922,0.573089410806,0.3294274273,0.690058479532,0.684210526316,0.690058479532,0.0922984479717,0.0999613132507,1,19.811339895,4.15289416849,False,True,False,1,1,0.67264573991,0.335212973528,39013.181,False,2019,光学光电子,0.613218390805,0.128272251309,0.0913978494624,0.0588235294118,4.00831268098,0.0359453586382,0.163961948591,0.68887555022,1.10848324988,18.5153109652
EXTENDED_2018_2021:300308.SZ-001,EXTENDED_2018_2021,300308.SZ,2019-12-12,2019-12-13,2019-12-12T15:30:00,2019-12-13T09:30:00+08:00,MINUTE-PIT-B-v1:300308.SZ:2019-12-12,PITB-80B916173F29877FD683,0.167418888775,0.691666666667,-0.00620523894896,0.309530795664,0.210116885933,0.707602339181,0.695906432749,0.72514619883,0.0597518376876,0.0835973380873,0.706185805201,20.5311359193,46.7601566198,False,False,False,,1,0.192916666667,0.00744489885115,858.51,False,2019,通信设备,0.607222222222,0.11916607439,0.134,0.480769230769,2.89499625472,0.018392568806,0.16428292393,0.574296385221,1.22928646734,19.5171710235
EXTENDED_2018_2021:300308.SZ-002,EXTENDED_2018_2021,300308.SZ,2020-12-21,2020-12-22,2020-12-21T15:30:00,2020-12-22T09:30:00+08:00,MINUTE-PIT-B-v1:300308.SZ:2020-12-21,PITB-80B916173F29877FD683,0.153288910193,0.808333333333,-0.00582242729569,0.391723607624,0.142831112401,0.748717948718,0.805128205128,0.738461538462,0.0449222155238,0.0571159667488,0.873376739992,19.8337596899,54.8226246303,False,False,True,0,0,0.00636363636364,-0.110508037417,-13993.246,True,2020,通信设备,0.560674157303,0.136813867107,0.153911205074,0.330065359477,1.25961839185,0.0162009141024,0.185626076521,0.305128205128,0.763929640462,19.5609605756
EXTENDED_2018_2021:300310.SZ-001,EXTENDED_2018_2021,300310.SZ,2020-09-01,2020-09-02,2020-09-01T15:30:00,2020-09-02T09:30:00+08:00,MINUTE-PIT-B-v1:300310.SZ:2020-09-01,PITB-80B916173F29877FD683,0.150162847426,0.329166666667,-0.0177567433343,0.373431770557,0.145116453087,0.323076923077,0.374358974359,0.323076923077,0.0533878983489,0.0680103646009,1,19.8071943193,6.34177694351,False,True,False,1,1,0.285271317829,-0.0365877601394,-5202.159,False,2020,通信服务,0.317107942974,0.0756578947368,0.189435336976,0.313953488372,2.12857728074,0.00538757485145,0.257882867484,0.471794871795,0.862178774822,19.0617335909
EXTENDED_2018_2021:300316.SZ-001,EXTENDED_2018_2021,300316.SZ,2019-08-01,2019-08-02,2019-08-01T15:30:00,2019-08-02T09:30:00+08:00,MINUTE-PIT-B-v1:300316.SZ:2019-08-01,PITB-80B916173F29877FD683,0.023867489344,0.491666666667,-0.0233356068428,0.0607895352359,0,0.19298245614,0.19298245614,0.16081871345,0,0.0279157995867,0.351351769324,19.1388747566,13.1996675469,False,False,True,0,0,0.0633204633205,-0.0135578707007,-1564.175,False,2019,光伏设备,0.528901734104,0.0602409638554,0.130808950086,0.164473684211,1.2925443779,-0.00219450020849,0.202944348317,0.290516206483,1.11790776962,18.8356396554
EXTENDED_2018_2021:300323.SZ-001,EXTENDED_2018_2021,300323.SZ,2021-11-22,2021-11-23,2021-11-22T15:30:00,2021-11-23T09:30:00+08:00,MINUTE-PIT-B-v1:300323.SZ:2021-11-22,PITB-80B916173F29877FD683,0.164253066442,0.5,-0.00231390259211,0.459263004325,0.158783917241,0.617486338798,0.688524590164,0.606557377049,0.0571584138399,0.0650325004266,1,20.0044752759,13.1405734423,False,False,True,0,0,0.0204390613172,-0.0778458355876,-13683.866,False,2021,光学光电子,0.524411134904,0.116625310174,0.155730533683,0.0172413793103,2.25628267697,0.0733385894443,0.164745672399,0.931693989071,0.995665473972,19.1885789487
EXTENDED_2018_2021:300324.SZ-001,EXTENDED_2018_2021,300324.SZ,2018-03-19,2018-03-20,2018-03-19T15:30:00,2018-03-20T09:30:00+08:00,MINUTE-PIT-B-v1:300324.SZ:2018-03-19,PITB-80B916173F29877FD683,0.062410009809,0.558333333333,-0.017185662404,0.129745011162,0.0607360532439,0.393939393939,0.393939393939,0.393939393939,0.0226687644334,0.0544470665168,0.838709809737,19.6858937793,17.1724326915,False,False,True,0,0,0.0619883040936,-0.0148377937852,-1473.084,False,2018,计算机设备,0.569523809524,0.085464753587,0.195172413793,0.183745583039,1.35928457534,0.123622984899,0.20368412464,,0.898409178962,19.3800737206
EXTENDED_2018_2021:300327.SZ-001,EXTENDED_2018_2021,300327.SZ,2020-11-09,2020-11-10,2020-11-09T15:30:00,2020-11-10T09:30:00+08:00,MINUTE-PIT-B-v1:300327.SZ:2020-11-09,PITB-80B916173F29877FD683,0.18721992844,0.65,-0.00264406486478,0.354980990655,0.191405381969,0.758974358974,0.733333333333,0.764102564103,0.0922190660326,0.133151798742,0.678294593701,20.7299120288,38.8455153389,False,False,True,0,0,0.0305206463196,-0.0851861654632,-10639.136,False,2020,半导体,0.488043478261,0.0825613079019,0.171775223499,0.0736842105263,3.57268619766,0.0061351110545,0.249525216324,0.266666666667,1.25352625305,19.4739325586
EXTENDED_2018_2021:300347.SZ-001,EXTENDED_2018_2021,300347.SZ,2020-12-04,2020-12-07,2020-12-04T15:30:00,2020-12-07T09:30:00+08:00,MINUTE-PIT-B-v1:300347.SZ:2020-12-04,PITB-80B916173F29877FD683,0.198513974105,0.445833333333,0,0.49696597348,0.198513974105,0.720512820513,0.730769230769,0.720512820513,0.0581996673102,0.065020334816,0.98778924619,20.7240391579,127.103606602,False,False,False,,1,0.107282693814,0.0847508012739,9750.15,False,2020,医疗服务,0.809669811321,0.0586319218241,0.192628264493,0.0368932038835,1.38483805732,-0.019617428295,0.217429604901,0.187179487179,0.757316813395,20.3804988085
EXTENDED_2018_2021:300348.SZ-001,EXTENDED_2018_2021,300348.SZ,2021-04-16,2021-04-19,2021-04-16T15:30:00,2021-04-19T09:30:00+08:00,MINUTE-PIT-B-v1:300348.SZ:2021-04-16,PITB-80B916173F29877FD683,0.184880541955,0.683333333333,-0.0109112246603,0.377469989839,0.184880541955,0.612021857923,0.584699453552,0.617486338798,0.0585402102932,0.0693640488357,0.93798459928,20.0915698587,18.8533063098,False,False,True,0,0,0.0736292428198,-0.0692500901578,-8888.819,False,2021,软件开发,0.522924901186,0.130306603774,0.12987804878,0.19696969697,2.71237113698,0.00885909141024,0.194426349152,0.327868852459,0.682765267368,19.1585464192
EXTENDED_2018_2021:300349.SZ-001,EXTENDED_2018_2021,300349.SZ,2019-04-12,2019-04-15,2019-04-12T15:30:00,2019-04-15T09:30:00+08:00,MINUTE-PIT-B-v1:300349.SZ:2019-04-12,PITB-80B916173F29877FD683,-0.0688571182478,0.133333333333,-0.0207261108863,-0.144972199554,-0.0662592471162,0.046783625731,0.046783625731,0.046783625731,-0.0203074303435,0.0312525137463,0.319444113307,19.2776273385,23.0172646106,False,False,True,0,0,0.00947051226862,-0.0763163507006,-9400.958,False,2019,通用设备,0.579623824451,0.0432604735883,0.169246646027,0,1.38669567273,0.0422724938715,0.260365214055,0.163932239562,0.87360484371,18.8811362904
EXTENDED_2018_2021:300349.SZ-002,EXTENDED_2018_2021,300349.SZ,2020-02-24,2020-02-25,2020-02-24T15:30:00,2020-02-25T09:30:00+08:00,MINUTE-PIT-B-v1:300349.SZ:2020-02-24,PITB-80B916173F29877FD683,0.188502013298,0.6125,-0.000588421843937,0.366463101701,0.19226392288,0.805128205128,0.784615384615,0.810256410256,0.0498198772308,0.060058891936,0.825242538661,19.5368102065,17.2916514176,False,False,True,0,0,0.0210526315789,-0.110658318214,-14009.174,True,2020,通用设备,0.287080103359,0.0186371578334,0.191065292096,0.370503597122,2.2693421254,0.147894106524,0.440126710272,0.894871794872,0.946170686579,18.7191395449
EXTENDED_2018_2021:300353.SZ-001,EXTENDED_2018_2021,300353.SZ,2021-11-17,2021-11-18,2021-11-17T15:30:00,2021-11-18T09:30:00+08:00,MINUTE-PIT-B-v1:300353.SZ:2021-11-17,PITB-80B916173F29877FD683,0.284919021457,0.704166666667,-0.0202027110247,0.462249910868,0.284919021457,0.636612021858,0.620218579235,0.636612021858,0.178691809475,0.18195797821,1,20.4808218126,10.6272544316,False,False,True,0,0,0.0265151515152,-0.0838677820214,-15632.133,False,2021,通信设备,0.651901565996,0.21412803532,0.184633027523,0.217391304348,6.53766794085,0.0604845301996,0.14785452596,0.871584699454,1.2548101466,18.7837306165
EXTENDED_2018_2021:300357.SZ-001,EXTENDED_2018_2021,300357.SZ,2019-08-26,2019-08-27,2019-08-26T15:30:00,2019-08-27T09:30:00+08:00,MINUTE-PIT-B-v1:300357.SZ:2019-08-26,PITB-80B916173F29877FD683,0.170400751576,0.695833333333,-0.00877078417291,0.287418333247,0.170400751576,0.654970760234,0.608187134503,0.643274853801,0.0373741272322,0.0443373932098,0.980643525856,19.0178142706,35.3841111811,False,False,False,,1,0.108635097493,0.0571840728962,6776.22,False,2019,生物制品,0.685789473684,0.121193092622,0.168535620053,0.285714285714,1.45289872521,0.011959397659,0.209709149659,0.575563558757,0.704210153793,18.6300620203
EXTENDED_2018_2021:300357.SZ-002,EXTENDED_2018_2021,300357.SZ,2020-07-31,2020-08-03,2020-07-31T15:30:00,2020-08-03T09:30:00+08:00,MINUTE-PIT-B-v1:300357.SZ:2020-07-31,PITB-80B916173F29877FD683,0.116339372324,0.508333333333,-0.00149362944843,0.24737667928,0.117963056758,0.607692307692,0.602564102564,0.607692307692,0.050006516773,0.0581276845401,0.85676990201,19.9286000532,66.5763941496,False,False,True,0,0,0.00566994926888,-0.0731329572969,-9786.849,False,2020,生物制品,0.622384937238,0.113771466314,0.169579172611,0.179148311307,1.04210735866,0.122473985942,0.428862056211,0.405128205128,0.638117533747,19.8431053388
EXTENDED_2018_2021:300377.SZ-001,EXTENDED_2018_2021,300377.SZ,2019-10-28,2019-10-29,2019-10-28T15:30:00,2019-10-29T09:30:00+08:00,MINUTE-PIT-B-v1:300377.SZ:2019-10-28,PITB-80B916173F29877FD683,0,0,0,0,0,0.347953216374,0.347953216374,0.350877192982,0,0,0.5,18.8145884839,13.19,True,False,True,0,0,0.0505576208178,-0.139004013066,-19015.563,True,2019,软件开发,0.554585152838,0.0645682001614,0.198156682028,0.0444444444444,0.491224819721,-0.0025504835569,0.230959265707,0.257036147792,1.86045929274,19.3961686057
EXTENDED_2018_2021:300383.SZ-001,EXTENDED_2018_2021,300383.SZ,2019-07-24,2019-07-25,2019-07-24T15:30:00,2019-07-25T09:30:00+08:00,MINUTE-PIT-B-v1:300383.SZ:2019-07-24,PITB-80B916173F29877FD683,0.110848228459,0.770833333333,-0.00215174452032,0.288721993723,0.114908298894,0.760233918129,0.818713450292,0.766081871345,0.027636455351,0.0352245318657,0.89230548024,19.7876660012,18.6013687733,False,False,True,0,0,0.0597738287561,-0.0154336777923,-1778.718,False,2019,通信服务,0.6945,0.125752105897,0.197238658777,0.488372093023,1.30428747333,0.00160547097615,0.253238777625,0.0928371348539,1.18406496158,19.4946587935
EXTENDED_2018_2021:300390.SZ-001,EXTENDED_2018_2021,300390.SZ,2020-12-07,2020-12-08,2020-12-07T15:30:00,2020-12-08T09:30:00+08:00,MINUTE-PIT-B-v1:300390.SZ:2020-12-07,PITB-80B916173F29877FD683,0.155405319721,0.291666666667,-0.0328977231192,0.293167459411,0.165970821005,0.297435897436,0.287179487179,0.312820512821,0.0823128664725,0.13410299761,0.645418602195,20.5568223484,18.5657439693,False,False,False,,1,0.0973684210526,0.0310936431989,3843.905,False,2020,电池,0.798564593301,0.117543859649,0.183277591973,0.498084291188,3.75556261307,-0.0511835162251,0.181061643267,0.0794871794872,0.83167640087,19.2862592782
EXTENDED_2018_2021:300390.SZ-002,EXTENDED_2018_2021,300390.SZ,2021-05-28,2021-05-31,2021-05-28T15:30:00,2021-05-31T09:30:00+08:00,MINUTE-PIT-B-v1:300390.SZ:2021-05-28,PITB-80B916173F29877FD683,0.288518270723,0.8,-0.0140447914066,0.482430617423,0.289567491219,0.715846994536,0.704918032787,0.715846994536,0.128803991083,0.129380705594,0.99524929641,20.9889048403,33.4097335483,False,True,False,1,1,1.21379897785,0.685762764857,84618.51,False,2021,电池,0.762925170068,0.178049609242,0.16648531012,0.271137026239,2.88138357096,0.0707175235259,0.188531435036,0.715846994536,1.01903180662,19.899981092
EXTENDED_2018_2021:300393.SZ-001,EXTENDED_2018_2021,300393.SZ,2020-06-16,2020-06-17,2020-06-16T15:30:00,2020-06-17T09:30:00+08:00,MINUTE-PIT-B-v1:300393.SZ:2020-06-16,PITB-80B916173F29877FD683,0.0559102613911,0.566666666667,-0.0109423764657,0.156526682083,0.0489472959737,0.387179487179,0.423076923077,0.392307692308,0.0181932999431,0.0412179742246,0.705881362968,19.4451124705,8.27106817493,False,False,True,0,0,0.0132530120482,-0.210868062687,-25402.505,True,2020,光伏设备,0.431986531987,0.086004350979,0.12962962963,0.0654761904762,2.63668615376,0.0595004498558,0.223225135427,0.646153846154,0.588473726307,18.5262767815
EXTENDED_2018_2021:300394.SZ-001,EXTENDED_2018_2021,300394.SZ,2020-06-18,2020-06-19,2020-06-18T15:30:00,2020-06-19T09:30:00+08:00,MINUTE-PIT-B-v1:300394.SZ:2020-06-18,PITB-80B916173F29877FD683,0.127764367956,0.666666666667,-0.000750767986537,0.228170105164,0.123250931733,0.741025641026,0.710256410256,0.741025641026,0.0504277478627,0.0703807746146,0.756614162421,19.6994864431,54.0083500358,False,True,False,1,1,0.376604327099,0.228448930921,27450.204,False,2020,通信设备,0.636949152542,0.182447038478,0.167699115044,0.274348422497,2.42298738995,0.0882209206392,0.208134670635,0.85641025641,1.07286392491,18.7903313753
EXTENDED_2018_2021:300394.SZ-002,EXTENDED_2018_2021,300394.SZ,2021-05-27,2021-05-28,2021-05-27T15:30:00,2021-05-28T09:30:00+08:00,MINUTE-PIT-B-v1:300394.SZ:2021-05-27,PITB-80B916173F29877FD683,0.179639598615,0.6375,-0.00667854745375,0.421521715071,0.179639598615,0.622950819672,0.644808743169,0.628415300546,0.0527416799154,0.0678929641899,0.848874235221,19.3919527876,46.1184558095,False,False,True,0,0,0.0948515274514,-0.0047568325714,-579.514,False,2021,通信设备,0.320344827586,0.0249071444177,0.189014956163,0,1.72856799823,0.0710300218821,0.188483733464,0.781420765027,0.846929739403,18.7811791059
EXTENDED_2018_2021:300396.SZ-001,EXTENDED_2018_2021,300396.SZ,2020-05-14,2020-05-15,2020-05-14T15:30:00,2020-05-15T09:30:00+08:00,MINUTE-PIT-B-v1:300396.SZ:2020-05-14,PITB-80B916173F29877FD683,0.0847435211551,0.679166666667,-0.0133930235032,0.178263589038,0.0847435211551,0.497435897436,0.482051282051,0.497435897436,0.0239127427341,0.0373664877626,0.759037501235,18.6528519424,22.2984215376,False,False,False,,1,0.0265486725664,0.00111525642499,128.673,False,2020,医疗器械,0.744027303754,0.189289501591,0.166666666667,0.134426229508,1.10278636385,0.0769600675859,0.194073012894,0.871794871795,0.883003566485,18.4488380156
EXTENDED_2018_2021:300398.SZ-001,EXTENDED_2018_2021,300398.SZ,2019-08-01,2019-08-02,2019-08-01T15:30:00,2019-08-02T09:30:00+08:00,MINUTE-PIT-B-v1:300398.SZ:2019-08-01,PITB-80B916173F29877FD683,0.128604744502,0.6375,0,0.250777375651,0.130061412983,0.763157894737,0.728070175439,0.763157894737,0.0560763712798,0.0723542183584,0.778846585892,19.4253823004,14.5685043148,False,False,True,0,0,0.0370629370629,-0.0320078522876,-3711.177,False,2019,电子化学品Ⅱ,0.52774566474,0.117288651942,0.165189363417,0,1.41495508884,-0.00219450020849,0.202944348317,0.290516206483,1.07090885658,19.089935923
EXTENDED_2018_2021:300401.SZ-001,EXTENDED_2018_2021,300401.SZ,2021-08-12,2021-08-13,2021-08-12T15:30:00,2021-08-13T09:30:00+08:00,MINUTE-PIT-B-v1:300401.SZ:2021-08-12,PITB-80B916173F29877FD683,0.175951450267,0.720833333333,-0.000714557298257,0.378965084204,0.175951450267,0.819672131148,0.814207650273,0.819672131148,0.0724234383299,0.0905852120088,0.859375477303,19.8297004091,14.3779656378,False,False,False,,1,0.0238907849829,0.0218450491488,3908.27,False,2021,化学制药,0.313453815261,0.122213681783,0.110754414125,0.18115942029,3.88444260745,0.00687851985465,0.308081926667,0.66393442623,0.219597725242,18.5737395549
EXTENDED_2018_2021:300406.SZ-001,EXTENDED_2018_2021,300406.SZ,2020-12-25,2020-12-28,2020-12-25T15:30:00,2020-12-28T09:30:00+08:00,MINUTE-PIT-B-v1:300406.SZ:2020-12-25,PITB-80B916173F29877FD683,0.0658598645863,0.591666666667,-0.0110357751696,0.150459165204,0.0632840134379,0.433333333333,0.417948717949,0.438461538462,0.0228606322518,0.041367422989,0.750000496705,19.310478122,23.3997615963,False,False,False,,1,0.0612331081081,0.0473120629371,5943.791,False,2020,医疗器械,0.698826979472,0.151202749141,0.146912350598,0.0522388059701,1.84505066869,0.0211658016906,0.20554431132,0.202564102564,0.247507712985,18.7193837434
EXTENDED_2018_2021:300408.SZ-001,EXTENDED_2018_2021,300408.SZ,2020-02-18,2020-02-19,2020-02-18T15:30:00,2020-02-19T09:30:00+08:00,MINUTE-PIT-B-v1:300408.SZ:2020-02-18,PITB-80B916173F29877FD683,0.0709825522114,0.404166666667,-0.000397228557599,0.154283171327,0.0580055261047,0.471794871795,0.451282051282,0.446153846154,0.02191763921,0.050744166205,0.609375209547,20.1622974999,25.2562189404,False,False,False,,1,0.107692307692,-0.0524932298568,-6652.814,False,2020,元件,0.563888888889,0.111257117827,0.190043082815,0.350125944584,1.37044949295,0.0914122313034,0.427929841908,0.676923076923,0.9426869984,19.779367547
EXTENDED_2018_2021:300408.SZ-002,EXTENDED_2018_2021,300408.SZ,2020-10-12,2020-10-13,2020-10-12T15:30:00,2020-10-13T09:30:00+08:00,MINUTE-PIT-B-v1:300408.SZ:2020-10-12,PITB-80B916173F29877FD683,0.161371072651,0.55,-0.0119124001984,0.310460361495,0.161371072651,0.571794871795,0.546153846154,0.551282051282,0.0526107046253,0.0633640061713,0.940592769269,20.6331994589,32.0025620443,False,False,True,0,0,0.0482469283788,-0.00283869579612,-374.429,False,2020,元件,0.711302681992,0.134648667359,0.183996907615,0.371848739496,2.36107866525,0.00980645283322,0.399265434751,0.364102564103,0.891305381729,19.7072412346
EXTENDED_2018_2021:300408.SZ-003,EXTENDED_2018_2021,300408.SZ,2020-12-04,2020-12-07,2020-12-04T15:30:00,2020-12-07T09:30:00+08:00,MINUTE-PIT-B-v1:300408.SZ:2020-12-04,PITB-80B916173F29877FD683,0.0567507830943,0.516666666667,-0.00588228014471,0.18051919641,0.0351511449054,0.392307692308,0.458974358974,0.366666666667,0.00557111670978,0.0147278063793,1,19.8215061608,34.0343085226,False,False,True,0,0,0.0179710144928,-0.00344438170525,-428.22,False,2020,元件,0.799764150943,0.00146412884334,0.180248618785,0.409523809524,0.640834368593,-0.019617428295,0.217429604901,0.187179487179,0.880503901826,20.1893520618
EXTENDED_2018_2021:300408.SZ-004,EXTENDED_2018_2021,300408.SZ,2020-12-21,2020-12-22,2020-12-21T15:30:00,2020-12-22T09:30:00+08:00,MINUTE-PIT-B-v1:300408.SZ:2020-12-21,PITB-80B916173F29877FD683,0.210231237583,0.766666666667,-0.00142723163875,0.400258956559,0.204625387484,0.897435897436,0.892307692308,0.897435897436,0.0594571443301,0.0700059893315,0.879032543373,20.5269351208,35.8411833673,False,False,True,0,0,0.0441216771718,-0.00309200254391,-383.996,False,2020,元件,0.82106741573,0.141512394101,0.127296165002,0.189024390244,1.63018270312,0.0162009141024,0.185626076521,0.305128205128,0.96814310922,19.9883455587
EXTENDED_2018_2021:300409.SZ-001,EXTENDED_2018_2021,300409.SZ,2020-10-28,2020-10-29,2020-10-28T15:30:00,2020-10-29T09:30:00+08:00,MINUTE-PIT-B-v1:300409.SZ:2020-10-28,PITB-80B916173F29877FD683,0.0989248745029,0.7125,-0.018538086875,0.240031297686,0.111161951029,0.507692307692,0.523076923077,0.517948717949,0.0586350878201,0.0674100421302,0.865979300357,20.2474786728,14.5698072495,False,False,False,,1,0.0907811400422,0.0675320457164,7972.897,False,2020,电池,0.514154786151,0.0942136498516,0.167747163695,0.169082125604,2.6930385244,0.0441471240578,0.298865707979,0.566666666667,1.12364860537,19.2815380732
EXTENDED_2018_2021:300413.SZ-001,EXTENDED_2018_2021,300413.SZ,2019-08-23,2019-08-26,2019-08-23T15:30:00,2019-08-26T09:30:00+08:00,MINUTE-PIT-B-v1:300413.SZ:2019-08-23,PITB-80B916173F29877FD683,0.0467165247749,0.383333333333,-0.00955796302673,0.122560071221,0.0467165247749,0.25730994152,0.263157894737,0.245614035088,0.0103081412242,0.01485410482,0.806453002233,18.5711241123,41.8525927275,False,True,False,1,1,0.222865412446,0.129966993932,14563.314,False,2019,数字媒体,0.358947368421,0.110434322034,0.141336971351,0.0759753593429,0.764125290534,0.022508194941,0.207336279248,0.669467787115,0.889098061249,18.7898969303
EXTENDED_2018_2021:300418.SZ-001,EXTENDED_2018_2021,300418.SZ,2019-12-12,2019-12-13,2019-12-12T15:30:00,2019-12-13T09:30:00+08:00,MINUTE-PIT-B-v1:300418.SZ:2019-12-12,PITB-80B916173F29877FD683,0.097034038092,0.591666666667,0,0.222989915041,0.0876446569976,0.663742690058,0.669590643275,0.634502923977,0.0238738535057,0.0417693571127,0.777778450565,19.9629755065,15.155117322,False,True,False,1,1,0.341558441558,0.270465840697,32113.387,False,2019,数字媒体,0.549444444444,0.0359809911745,0.143501126972,0,0.933311265017,0.018392568806,0.16428292393,0.574296385221,1.37480434239,20.0089681755
EXTENDED_2018_2021:300422.SZ-001,EXTENDED_2018_2021,300422.SZ,2019-04-24,2019-04-25,2019-04-24T15:30:00,2019-04-25T09:30:00+08:00,MINUTE-PIT-B-v1:300422.SZ:2019-04-24,PITB-80B916173F29877FD683,0.148472765481,0.35,-0.00404696551188,0.259319654282,0.148472765481,0.549707602339,0.502923976608,0.555555555556,0.0527700228084,0.0791552252729,0.699999809265,19.1394982156,12.6711714782,False,False,True,0,0,0.00235478806907,-0.0889510803169,-10549.641,False,2019,环境治理,0.354140127389,0.146428571429,0.144394618834,0,2.0319297897,0.0551868292455,0.257655409441,0.284513805522,0.900829671105,18.4555325448
EXTENDED_2018_2021:300429.SZ-001,EXTENDED_2018_2021,300429.SZ,2020-11-10,2020-11-11,2020-11-10T15:30:00,2020-11-11T09:30:00+08:00,MINUTE-PIT-B-v1:300429.SZ:2020-11-10,PITB-80B916173F29877FD683,0.0591748327383,0.566666666667,-0.0113814586878,0.136106469738,0.0591748327383,0.392307692308,0.392307692308,0.402564102564,0.0329096910939,0.0781085371982,0.493420904033,20.8094694675,19.6087434737,False,False,True,0,0,0.0144478844169,-0.0153870896905,-1940.25,False,2020,电子化学品Ⅱ,0.520218579235,0.0616475722859,0.199378881988,0.392361111111,2.25197042108,-0.0165509565856,0.255170267843,0.205128205128,1.16727680143,20.0116369223
EXTENDED_2018_2021:300432.SZ-001,EXTENDED_2018_2021,300432.SZ,2021-05-19,2021-05-20,2021-05-19T15:30:00,2021-05-20T09:30:00+08:00,MINUTE-PIT-B-v1:300432.SZ:2021-05-19,PITB-80B916173F29877FD683,0.183436418744,0.658333333333,-0.013058960993,0.302347430231,0.194136383884,0.562841530055,0.48087431694,0.584699453552,0.0616667967842,0.0675319572443,0.910447145098,19.3453810045,10.0690480868,False,True,False,1,1,2.0585898709,1.24935618421,166314.279,False,2021,电池,0.488405797101,0.114754098361,0.141040462428,0.176470588235,2.01572840768,0.0772470350849,0.201522321735,0.469945355191,0.857557449725,18.6298706839
EXTENDED_2018_2021:300441.SZ-001,EXTENDED_2018_2021,300441.SZ,2021-07-19,2021-07-20,2021-07-19T15:30:00,2021-07-20T09:30:00+08:00,MINUTE-PIT-B-v1:300441.SZ:2021-07-19,PITB-80B916173F29877FD683,0.100322137305,0.695833333333,-0.00178726624762,0.258509493861,0.0846704857837,0.622950819672,0.650273224044,0.584699453552,0.0206007771723,0.0394316801169,0.772726681608,19.0000936072,11.2265233007,False,False,True,0,0,0.0277280858676,-0.0296706870947,-4814.725,False,2021,通用设备,0.384632516704,0.0804597701149,0.115736040609,0.0126582278481,1.6155146158,0.0507321452423,0.238317635939,0.29781420765,0.178820735303,18.5189081963
EXTENDED_2018_2021:300451.SZ-001,EXTENDED_2018_2021,300451.SZ,2019-11-07,2019-11-08,2019-11-07T15:30:00,2019-11-08T09:30:00+08:00,MINUTE-PIT-B-v1:300451.SZ:2019-11-07,PITB-80B916173F29877FD683,0.111573916617,0.641666666667,-0.00684388886373,0.239796899083,0.11813880576,0.573099415205,0.555555555556,0.573099415205,0.0346608737811,0.0461252681399,0.747126915572,19.797116504,18.9959819199,False,False,True,0,0,0.0295670538543,-0.0668126793109,-8341.344,False,2019,软件开发,0.642727272727,0.117096018735,0.158156911582,0.224409448819,1.20825993125,0.0119283021588,0.167151842185,0.31045751634,1.49760619961,19.5623274869
EXTENDED_2018_2021:300451.SZ-002,EXTENDED_2018_2021,300451.SZ,2019-12-17,2019-12-18,2019-12-17T15:30:00,2019-12-18T09:30:00+08:00,MINUTE-PIT-B-v1:300451.SZ:2019-12-17,PITB-80B916173F29877FD683,0.0975469581474,0.4625,-0.0100877167458,0.251595880695,0.081084505143,0.362573099415,0.385964912281,0.321637426901,0.027627541634,0.0533878956833,0.833333333333,19.8674850994,19.1006805155,False,False,True,0,0,0.00619514713474,-0.0952547710421,-11635.659,False,2019,软件开发,0.592670157068,0.0787576261786,0.156363636364,0.0193798449612,1.61031690225,0.0468034156559,0.161779185983,0.803854875283,1.57027441278,19.3175983736
EXTENDED_2018_2021:300452.SZ-001,EXTENDED_2018_2021,300452.SZ,2020-08-25,2020-08-26,2020-08-25T15:30:00,2020-08-26T09:30:00+08:00,MINUTE-PIT-B-v1:300452.SZ:2020-08-25,PITB-80B916173F29877FD683,0.0631418482618,0.729166666667,-0.00285306626539,0.176158707284,0.054794317839,0.607692307692,0.64358974359,0.592307692308,0.0278589009378,0.0796387137172,0.782804871418,19.1803034004,28.1388947534,False,False,True,0,0,0.0985221674877,-0.0935478793629,-13284.722,False,2020,化学制药,0.656222222222,0.129725427776,0.170558798999,0.222493887531,1.74397273161,0.0482776808731,0.285277588714,0.758974358974,1.39092336509,18.6130110091
EXTENDED_2018_2021:300453.SZ-001,EXTENDED_2018_2021,300453.SZ,2021-04-27,2021-04-28,2021-04-27T15:30:00,2021-04-28T09:30:00+08:00,MINUTE-PIT-B-v1:300453.SZ:2021-04-27,PITB-80B916173F29877FD683,0.0267922236781,0.6,-0.00697995145858,0.0654908598767,0.0267922236781,0.366120218579,0.366120218579,0.360655737705,0.0080753935514,0.0409557636422,0.946665445964,18.9373801686,18.4221565682,False,False,False,,1,0.0834227467811,0.0387690699783,4912.956,False,2021,医疗器械,0.747058823529,0.0836722835561,0.189137380192,0.0592885375494,1.19675335405,0.0572263168144,0.175908486272,0.325136612022,0.695299021192,18.7093192035
EXTENDED_2018_2021:300454.SZ-001,EXTENDED_2018_2021,300454.SZ,2019-11-04,2019-11-05,2019-11-04T15:30:00,2019-11-05T09:30:00+08:00,MINUTE-PIT-B-v1:300454.SZ:2019-11-04,PITB-80B916173F29877FD683,0.15223248524,0.7,-0.00473990251257,0.334377890533,0.152465264592,0.736842105263,0.760233918129,0.74269005848,0.0448272619667,0.0504454373507,0.886116176212,19.5220107225,128.926482632,False,False,True,0,0,0.000542635658915,-0.0424596333899,-4934.493,False,2019,软件开发,0.836818181818,0.181668946648,0.193892843762,0.13961352657,1.73836891951,0.032797587928,0.181030135526,0.41323195945,0.581435363558,18.9793596332
EXTENDED_2018_2021:300457.SZ-001,EXTENDED_2018_2021,300457.SZ,2019-07-02,2019-07-03,2019-07-02T15:30:00,2019-07-03T09:30:00+08:00,MINUTE-PIT-B-v1:300457.SZ:2019-07-02,PITB-80B916173F29877FD683,0.126999924132,0.654166666667,-0.00231211919509,0.266843953468,0.121224540874,0.713450292398,0.719298245614,0.701754385965,0.0276302803944,0.0389183511119,0.960396955791,19.1546428073,26.1137104445,False,False,True,0,0,0.0114942528736,-0.0251304251304,-2888.864,False,2019,电池,0.515311004785,0.158771929825,0.145226355894,0.123456790123,2.0521759337,0.0647703088735,0.274222419164,0.775910364146,0.567139541556,18.4367683595
EXTENDED_2018_2021:300458.SZ-001,EXTENDED_2018_2021,300458.SZ,2019-09-02,2019-09-03,2019-09-02T15:30:00,2019-09-03T09:30:00+08:00,MINUTE-PIT-B-v1:300458.SZ:2019-09-02,PITB-80B916173F29877FD683,0.0557715349874,0.491666666667,-0.00651467494993,0.127187718716,0.0890045777212,0.362573099415,0.368421052632,0.415204678363,0.0292381992214,0.0431367404447,0.780951239139,19.6827271068,24.4479132417,False,False,False,,1,0.182189542484,0.0117612167245,1383.372,False,2019,半导体,0.454589371981,0.111411817772,0.177073170732,0.180055401662,1.84025965481,0.0758744174285,0.230586730803,0.861144457783,1.24601632047,19.0314121047
EXTENDED_2018_2021:300458.SZ-002,EXTENDED_2018_2021,300458.SZ,2019-12-06,2019-12-09,2019-12-06T15:30:00,2019-12-09T09:30:00+08:00,MINUTE-PIT-B-v1:300458.SZ:2019-12-06,PITB-80B916173F29877FD683,0.0941874606117,0.25,-0.00692519577904,0.204727393069,0.101949229189,0.321637426901,0.309941520468,0.333333333333,0.0383083415372,0.0571193060501,0.832334925836,20.2757262542,29.2547555546,False,True,False,1,1,0.314381270903,0.0704632587466,8238.903,False,2019,半导体,0.684795321637,0.171844278411,0.186218211649,0.0385487528345,1.61013466447,0.00324515262507,0.186461673845,0.317993864212,1.20975254825,19.788098458
EXTENDED_2018_2021:300458.SZ-003,EXTENDED_2018_2021,300458.SZ,2020-02-18,2020-02-19,2020-02-18T15:30:00,2020-02-19T09:30:00+08:00,MINUTE-PIT-B-v1:300458.SZ:2020-02-18,PITB-80B916173F29877FD683,0.0955746917844,0.35,-0.00180714374007,0.212383907924,0.0890871357429,0.451282051282,0.441025641026,0.441025641026,0.0355707869009,0.0486385896007,0.941490980663,20.6718371296,38.7103767463,False,False,True,0,0,0.0476794319046,-0.102969377902,-12990.311,True,2020,半导体,0.687777777778,0.100613154961,0.186620819006,0.172529313233,1.49060709505,0.0914122313034,0.427929841908,0.676923076923,1.04113090239,20.2235301641
EXTENDED_2018_2021:300458.SZ-004,EXTENDED_2018_2021,300458.SZ,2021-03-31,2021-04-01,2021-03-31T15:30:00,2021-04-01T09:30:00+08:00,MINUTE-PIT-B-v1:300458.SZ:2021-03-31,PITB-80B916173F29877FD683,0.269477199751,0.879166666667,0,0.789328793463,0.265219517576,0.959016393443,0.975409836066,0.959016393443,0.0711572120798,0.0764838759824,1,20.6087688476,33.262730301,False,True,False,1,1,0.256756756757,0.149868313505,18317.22,False,2021,半导体,0.733941605839,0.0863104647487,0.180664427025,0.150826446281,6.72342813579,-0.0689682528023,0.309837038658,0.0928961748634,0.64836767707,18.8316286184
EXTENDED_2018_2021:300468.SZ-001,EXTENDED_2018_2021,300468.SZ,2021-11-26,2021-11-29,2021-11-26T15:30:00,2021-11-29T09:30:00+08:00,MINUTE-PIT-B-v1:300468.SZ:2021-11-26,PITB-80B916173F29877FD683,0.100151366003,0.5125,-0.0318551483682,0.206798091512,0.101451291428,0.27868852459,0.273224043716,0.284153005464,0.0779892718151,0.201398522304,0.507692239976,20.5023428296,19.3225823573,False,False,True,0,0,0.0628019323671,-0.0480678741548,-7977.96,False,2021,软件开发,0.603193612774,0.226212980466,0.169023136247,0,5.35751977451,0.069268568169,0.127825974882,0.841530054645,0.571959098517,18.9612161216
EXTENDED_2018_2021:300474.SZ-001,EXTENDED_2018_2021,300474.SZ,2019-08-28,2019-08-29,2019-08-28T15:30:00,2019-08-29T09:30:00+08:00,MINUTE-PIT-B-v1:300474.SZ:2019-08-28,PITB-80B916173F29877FD683,0.0200026126718,0.1375,-0.0221227874873,0.0478107485701,0.0213122445984,0.093567251462,0.093567251462,0.093567251462,0.00730429371216,0.029223982565,0.364341772975,19.26812941,44.0943489577,False,True,False,1,1,0.42437357631,0.331004504519,37818.635,False,2019,军工电子Ⅱ,0.361111111111,0.064906757084,0.175296655879,0.0938461538462,1.60030786978,0.0286714906869,0.217324068965,0.68487394958,1.1616346003,18.7557895627
EXTENDED_2018_2021:300476.SZ-001,EXTENDED_2018_2021,300476.SZ,2020-12-04,2020-12-07,2020-12-04T15:30:00,2020-12-07T09:30:00+08:00,MINUTE-PIT-B-v1:300476.SZ:2020-12-04,PITB-80B916173F29877FD683,0.070377792861,0.375,-0.00160581791923,0.154879464631,0.070377792861,0.410256410256,0.4,0.415384615385,0.0234337414534,0.0448140309878,0.554545817099,19.5874198455,24.6867250688,False,False,True,0,0,0.023720349563,-0.038961038961,-4779.567,False,2020,元件,0.673113207547,0.121695533273,0.197714853453,0.035175879397,1.27343817923,-0.019617428295,0.217429604901,0.187179487179,0.706016698947,19.2786604492
EXTENDED_2018_2021:300494.SZ-001,EXTENDED_2018_2021,300494.SZ,2020-06-11,2020-06-12,2020-06-11T15:30:00,2020-06-12T09:30:00+08:00,MINUTE-PIT-B-v1:300494.SZ:2020-06-11,PITB-80B916173F29877FD683,0.157113911189,0.708333333333,0,0.251938526284,0.176611711682,0.864102564103,0.802564102564,0.879487179487,0.0587301542197,0.0968300772495,0.59493611291,19.8370098525,16.7573180842,False,True,False,1,1,0.74804862444,0.324997805748,40534.896,False,2020,游戏Ⅱ,0.561904761905,0.109764309764,0.180206794682,0.118421052632,3.22861613349,0.041490947028,0.22402634058,0.420512820513,0.885382484044,18.687224701
EXTENDED_2018_2021:300496.SZ-001,EXTENDED_2018_2021,300496.SZ,2019-01-14,2019-01-15,2019-01-14T15:30:00,2019-01-15T09:30:00+08:00,MINUTE-PIT-B-v1:300496.SZ:2019-01-14,PITB-80B916173F29877FD683,-0.00155735081863,0.479166666667,-0.0105660899723,-0.0033594241941,0.00772341685652,0.204678362573,0.204678362573,0.222222222222,0.0019044433176,0.0291521136634,0.324675935903,18.9491246388,26.401889111,False,False,False,,1,0.157975460123,0.0462183521999,4343.688,False,2019,IT服务Ⅱ,0.615151515152,0.0783750512926,0.165158371041,0.131506849315,1.35966659283,-0.0502471098887,0.204155481269,,1.12443869404,18.5752886172
EXTENDED_2018_2021:300498.SZ-001,EXTENDED_2018_2021,300498.SZ,2018-05-17,2018-05-18,2018-05-17T15:30:00,2018-05-18T09:30:00+08:00,MINUTE-PIT-B-v1:300498.SZ:2018-05-17,PITB-80B916173F29877FD683,0.138999878357,0.625,-0.00678830988112,0.291064205994,0.138999878357,0.666666666667,0.636363636364,0.636363636364,0.0300424149526,0.0388234446158,0.8152173237,20.0205376556,23.8426997717,False,False,False,,1,0.0337640683618,0.012646980793,1273.356,False,2018,养殖业,0.336257309942,0.153365384615,0.134400776322,0,1.76046308094,0.0230311193743,0.233767963866,0.6,-0.142824226998,19.4196950195
EXTENDED_2018_2021:300498.SZ-002,EXTENDED_2018_2021,300498.SZ,2018-09-26,2018-09-27,2018-09-26T15:30:00,2018-09-27T09:30:00+08:00,MINUTE-PIT-B-v1:300498.SZ:2018-09-26,PITB-80B916173F29877FD683,0.155366732204,0.5125,-0.00598809729045,0.324880860064,0.155366732204,0.606060606061,0.575757575758,0.606060606061,0.0329160061432,0.0437902337562,0.747572761598,20.2607040506,23.667109553,False,False,True,0,0,0.00210792580101,-0.0196692009508,-1868.08,False,2018,养殖业,0.871604938272,0.142170989433,0.176,0.227272727273,2.81305726909,-0.0424256727491,0.196103941491,,0.492109622737,19.2508497828
EXTENDED_2018_2021:300498.SZ-003,EXTENDED_2018_2021,300498.SZ,2018-12-05,2018-12-06,2018-12-05T15:30:00,2018-12-06T09:30:00+08:00,MINUTE-PIT-B-v1:300498.SZ:2018-12-05,PITB-80B916173F29877FD683,0.13882594382,0.741666666667,-0.00266006971993,0.327322618494,0.142576754076,0.878787878788,0.939393939394,0.909090909091,0.0331981094251,0.0392800094353,0.951923852841,20.4840138457,26.6512085367,False,False,True,0,0,0.0104089219331,-0.0350173989579,-3300.185,False,2018,养殖业,0.908196721311,0.079295154185,0.114432109308,0.188596491228,2.53293736448,0.0391238899217,0.297602421768,,0.255470953089,19.5727495067
EXTENDED_2018_2021:300498.SZ-004,EXTENDED_2018_2021,300498.SZ,2019-01-07,2019-01-08,2019-01-07T15:30:00,2019-01-08T09:30:00+08:00,MINUTE-PIT-B-v1:300498.SZ:2019-01-07,PITB-80B916173F29877FD683,0.125331175705,0.758333333333,0,0.297536410185,0.125331175705,0.821637426901,0.868421052632,0.833333333333,0.0244225758408,0.0323135533881,0.752809590756,20.6251834922,27.5740540155,False,False,False,,1,0.0391654465593,0.0202853515445,1941.625,False,2019,养殖业,0.688235294118,0.0404645934807,0.136439966415,0.132307692308,2.17672675632,-0.0386922633969,0.213207836055,,0.344043507052,19.8552198453
EXTENDED_2018_2021:300498.SZ-005,EXTENDED_2018_2021,300498.SZ,2019-08-01,2019-08-02,2019-08-01T15:30:00,2019-08-02T09:30:00+08:00,MINUTE-PIT-B-v1:300498.SZ:2019-08-01,PITB-80B916173F29877FD683,0.205721897035,0.891666666667,-0.00190926113095,0.388341128141,0.206685351891,0.906432748538,0.906432748538,0.900584795322,0.0423317359853,0.0468474568348,0.901554936682,21.350343379,41.755994289,False,False,False,,1,0.0434782608696,0.00643921296095,720.495,False,2019,养殖业,0.735838150289,0.2018322359,0.169481820784,0.157094594595,1.53940628817,-0.00219450020849,0.202944348317,0.290516206483,0.899305741552,20.8996096222
EXTENDED_2018_2021:300502.SZ-001,EXTENDED_2018_2021,300502.SZ,2019-12-17,2019-12-18,2019-12-17T15:30:00,2019-12-18T09:30:00+08:00,MINUTE-PIT-B-v1:300502.SZ:2019-12-17,PITB-80B916173F29877FD683,0.314703403733,0.895833333333,0,0.57606387289,0.317729165182,0.973684210526,0.979532163743,0.973684210526,0.0698503090461,0.0781390002009,1,20.6106300392,43.2613457642,False,True,False,1,1,0.239042024401,0.0268684099712,3528.795,False,2019,通信设备,0.707329842932,0.127360898418,0.138038548753,0.143737166324,2.20093804056,0.0468034156559,0.161779185983,0.803854875283,2.12303885001,19.7168217515
EXTENDED_2018_2021:300503.SZ-001,EXTENDED_2018_2021,300503.SZ,2020-10-26,2020-10-27,2020-10-26T15:30:00,2020-10-27T09:30:00+08:00,MINUTE-PIT-B-v1:300503.SZ:2020-10-26,PITB-80B916173F29877FD683,0.0824378709284,0.491666666667,-0.00310717311811,0.219237321892,0.0629499848468,0.451282051282,0.502564102564,0.425641025641,0.0290318167965,0.0669813050324,0.770992855448,19.4602527788,19.75856521,False,False,False,,1,0.0537046245649,0.0271979030249,3230.231,False,2020,通用设备,0.7033126294,0.0849673202614,0.161887694146,0.0164835164835,1.86716619562,0.0121706297011,0.30190176651,0.512820512821,0.408276470454,18.8105986939
EXTENDED_2018_2021:300520.SZ-001,EXTENDED_2018_2021,300520.SZ,2020-10-09,2020-10-12,2020-10-09T15:30:00,2020-10-12T09:30:00+08:00,MINUTE-PIT-B-v1:300520.SZ:2020-10-09,PITB-80B916173F29877FD683,0.167078585734,0.883333333333,-0.0140382223744,0.373355219205,0.169927225453,0.707692307692,0.707692307692,0.702564102564,0.0661752997421,0.0806234515785,0.814814553176,19.6590644682,23.9575465566,False,True,False,1,1,0.602548294287,0.184474311367,23704.279,False,2020,软件开发,0.621797323136,0.0613415710503,0.161493695441,0.258675078864,2.06901701425,-0.0284111942542,0.368036859189,0.123076923077,1.00565527363,18.9326179314
EXTENDED_2018_2021:300529.SZ-001,EXTENDED_2018_2021,300529.SZ,2020-08-28,2020-08-31,2020-08-28T15:30:00,2020-08-31T09:30:00+08:00,MINUTE-PIT-B-v1:300529.SZ:2020-08-28,PITB-80B916173F29877FD683,0.156542455976,0.804166666667,-0.000400437553642,0.321307792107,0.157269721862,0.882051282051,0.882051282051,0.871794871795,0.0495007167073,0.0534432584864,1,20.5693270344,75.9102563867,False,False,True,0,0,0.0398709677419,-0.0822372016415,-11430.548,False,2020,医疗器械,0.583983572895,0.0550408719346,0.171996939556,0.403125,1.61369216067,0.017767314731,0.278070759228,0.679487179487,0.818046083933,20.067863371
EXTENDED_2018_2021:300531.SZ-001,EXTENDED_2018_2021,300531.SZ,2021-04-16,2021-04-19,2021-04-16T15:30:00,2021-04-19T09:30:00+08:00,MINUTE-PIT-B-v1:300531.SZ:2021-04-16,PITB-80B916173F29877FD683,0.143694048029,0.7,-0.00456173444078,0.293602272541,0.133620922712,0.674863387978,0.642076502732,0.642076502732,0.0401089232266,0.0473039597169,0.958904503299,18.9973670105,15.5603991888,False,False,True,0,0,0.0534105534106,-0.0380352853236,-4907.118,False,2021,计算机设备,0.56442687747,0.142753623188,0.129360465116,0.0786516853933,1.71812825995,0.00885909141024,0.194426349152,0.327868852459,0.187251343004,18.4781652117
EXTENDED_2018_2021:300531.SZ-002,EXTENDED_2018_2021,300531.SZ,2021-12-14,2021-12-15,2021-12-14T15:30:00,2021-12-15T09:30:00+08:00,MINUTE-PIT-B-v1:300531.SZ:2021-12-14,PITB-80B916173F29877FD683,0.191839396985,0.475,0,0.399727188785,0.192846693648,0.726775956284,0.715846994536,0.726775956284,0.079489183621,0.0908599276065,0.875675820573,19.6155220237,20.6236048999,False,False,True,0,0,0.0333174678724,-0.0508304423779,-8653.836,False,2021,计算机设备,0.768131868132,0.10778128286,0.187854710556,0.216666666667,1.70451652364,0.0344876927577,0.171859858666,0.368852459016,1.6909140464,19.0615507115
EXTENDED_2018_2021:300538.SZ-001,EXTENDED_2018_2021,300538.SZ,2021-08-25,2021-08-26,2021-08-25T15:30:00,2021-08-26T09:30:00+08:00,MINUTE-PIT-B-v1:300538.SZ:2021-08-25,PITB-80B916173F29877FD683,0.140410611621,0.458333333333,-0.00891532467403,0.398563378317,0.128842528071,0.437158469945,0.513661202186,0.398907103825,0.0329282894448,0.039751555576,0.957445858722,18.6038086287,23.7719271032,False,False,False,,1,0.0592901878914,0.0409223344505,7456.132,False,2021,塑料,0.508187134503,0.13853427896,0.186116700201,0.0351351351351,1.10485000719,0.0601820401658,0.288205033234,0.661202185792,0.893462301821,18.4711703168
EXTENDED_2018_2021:300541.SZ-001,EXTENDED_2018_2021,300541.SZ,2021-04-20,2021-04-21,2021-04-20T15:30:00,2021-04-21T09:30:00+08:00,MINUTE-PIT-B-v1:300541.SZ:2021-04-20,PITB-80B916173F29877FD683,0.0242835706167,0.504166666667,-0.00173665373035,0.0491001462892,0.017671199296,0.431693989071,0.431693989071,0.420765027322,0.00670521895283,0.0710110660834,0.24369653616,19.1404133378,16.8203790862,False,False,True,0,0,0.0651505838967,-0.0562875780923,-7321.829,False,2021,IT服务Ⅱ,0.555384615385,0.152661064426,0.169154228856,0,1.92304120545,0.0437683288584,0.207233074328,0.551912568306,0.665392417651,18.4839091907
EXTENDED_2018_2021:300558.SZ-001,EXTENDED_2018_2021,300558.SZ,2020-02-20,2020-02-21,2020-02-20T15:30:00,2020-02-21T09:30:00+08:00,MINUTE-PIT-B-v1:300558.SZ:2020-02-20,PITB-80B916173F29877FD683,0.190382857561,0.666666666667,-0.00999304101183,0.394256210695,0.189589350388,0.684615384615,0.684615384615,0.674358974359,0.0758997703213,0.0762921420297,1,20.4113153446,80.3530467583,False,False,True,0,0,0.0582926829268,-0.159807981184,-19666.44,True,2020,化学制药,0.511859838275,0.19150779896,0.193430099312,0.30620467365,1.79257394444,0.104417532254,0.436505730185,0.7,1.2107014661,19.7878475167
EXTENDED_2018_2021:300570.SZ-001,EXTENDED_2018_2021,300570.SZ,2019-01-24,2019-01-25,2019-01-24T15:30:00,2019-01-25T09:30:00+08:00,MINUTE-PIT-B-v1:300570.SZ:2019-01-24,PITB-80B916173F29877FD683,0.0419961648712,0.741666666667,-0.0125131861741,0.0952488132563,0.0494504311454,0.418128654971,0.418128654971,0.418128654971,0.0165720884107,0.0558573297595,0.620370484837,19.4292759848,19.3579759858,False,False,False,,1,0.0411099691675,0.00825895584374,788.312,False,2019,通信设备,0.712244897959,0.0193717277487,0.137336504162,0,2.06316055157,0.0102057439714,0.184307473109,,1.07287174121,18.6594545208
EXTENDED_2018_2021:300586.SZ-001,EXTENDED_2018_2021,300586.SZ,2020-10-28,2020-10-29,2020-10-28T15:30:00,2020-10-29T09:30:00+08:00,MINUTE-PIT-B-v1:300586.SZ:2020-10-28,PITB-80B916173F29877FD683,0.0987879394738,0.708333333333,-0.017910929966,0.209471700187,0.103924408184,0.505128205128,0.479487179487,0.505128205128,0.0494363209137,0.0682082263163,0.717948279045,19.6203561407,11.5087772749,False,False,False,,1,0.0526785714286,0.0389913657771,4589.97,False,2020,塑料,0.475763747454,0.0573770491803,0.183127572016,0,2.10015052364,0.0441471240578,0.298865707979,0.566666666667,0.980227601123,18.8655020124
EXTENDED_2018_2021:300587.SZ-001,EXTENDED_2018_2021,300587.SZ,2021-05-12,2021-05-13,2021-05-12T15:30:00,2021-05-13T09:30:00+08:00,MINUTE-PIT-B-v1:300587.SZ:2021-05-12,PITB-80B916173F29877FD683,0.133626967995,0.558333333333,-0.0635134039407,0.231683111845,0.133626967995,0.344262295082,0.306010928962,0.355191256831,0.0862810641119,0.110629665217,0.817204279022,19.6399474846,17.0649914464,False,True,False,1,1,0.264101212441,0.0897235709127,11952.08379,False,2021,橡胶,0.778076923077,0.0350564468212,0.19682320442,0.464052287582,3.32738505249,0.0370969340409,0.211843225564,0.188524590164,0.0646356943172,18.5109058985
EXTENDED_2018_2021:300593.SZ-001,EXTENDED_2018_2021,300593.SZ,2020-09-07,2020-09-08,2020-09-07T15:30:00,2020-09-08T09:30:00+08:00,MINUTE-PIT-B-v1:300593.SZ:2020-09-07,PITB-80B916173F29877FD683,0.0767068731834,0.45,-0.0060637295177,0.158567224942,0.0844296791613,0.389743589744,0.374358974359,0.405128205128,0.0419432484636,0.067146082113,0.977444525551,19.1724880711,19.9633905874,False,False,True,0,0,0.0654761904762,-0.129378562004,-17223.002,True,2020,其他电源设备Ⅱ,0.496724470135,0.0508735868448,0.193895870736,0.191919191919,1.35387465132,0.0214811702282,0.256888228756,0.702564102564,0.959748135171,18.771937682
EXTENDED_2018_2021:300595.SZ-001,EXTENDED_2018_2021,300595.SZ,2019-05-29,2019-05-30,2019-05-29T15:30:00,2019-05-30T09:30:00+08:00,MINUTE-PIT-B-v1:300595.SZ:2019-05-29,PITB-80B916173F29877FD683,0.0723391651523,0.279166666667,-0.00145760268667,0.15605179697,0.0715002529706,0.432748538012,0.426900584795,0.426900584795,0.0235305871802,0.0506364098665,0.517241757302,18.8517974149,34.37283714,False,False,False,,1,0.0551158018176,0.0173125028006,1950.696,False,2019,医疗器械,0.822051282051,0.0733229329173,0.170619739862,0.289237668161,0.99707291008,-0.0800610376912,0.429206716675,0.242763772176,0.499471507569,18.7669862457
EXTENDED_2018_2021:300595.SZ-002,EXTENDED_2018_2021,300595.SZ,2020-09-03,2020-09-04,2020-09-03T15:30:00,2020-09-04T09:30:00+08:00,MINUTE-PIT-B-v1:300595.SZ:2020-09-03,PITB-80B916173F29877FD683,0.0379714120133,0.591666666667,-0.0127497861908,0.0773706590289,0.0427251172388,0.361538461538,0.35641025641,0.371794871795,0.0176509381787,0.0532737467719,0.368985473543,20.4425690437,70.4102072174,False,False,True,0,0,0.014598540146,-0.136910388881,-17836.706,True,2020,医疗器械,0.551778656126,0.0991488020177,0.191819464034,0.0983455882353,1.62727321311,0.0115721640741,0.261499959718,0.666666666667,0.722890022993,19.8796603733
EXTENDED_2018_2021:300595.SZ-003,EXTENDED_2018_2021,300595.SZ,2020-12-07,2020-12-08,2020-12-07T15:30:00,2020-12-08T09:30:00+08:00,MINUTE-PIT-B-v1:300595.SZ:2020-12-07,PITB-80B916173F29877FD683,0.0941610110799,0.7375,-0.00438116401124,0.213308975503,0.0927016309712,0.65641025641,0.65641025641,0.666666666667,0.0323994001731,0.0409684398181,0.801348116028,20.10679206,73.0406093345,False,False,False,,1,0.0382938130281,0.0345872443174,4318.935,False,2020,医疗器械,0.734688995215,0.069970845481,0.16958779617,0.115789473684,1.31638813387,-0.0511835162251,0.181061643267,0.0794871794872,0.622514763676,19.7732128683
EXTENDED_2018_2021:300601.SZ-001,EXTENDED_2018_2021,300601.SZ,2020-06-23,2020-06-24,2020-06-23T15:30:00,2020-06-24T09:30:00+08:00,MINUTE-PIT-B-v1:300601.SZ:2020-06-23,PITB-80B916173F29877FD683,0.0325203760962,0.55,-0.00299240164336,0.0974194855493,0.0325203760962,0.433333333333,0.44358974359,0.433333333333,0.0120097879754,0.0286472453732,0.663695341147,20.3975862708,156.802975647,False,True,False,1,1,0.392947903431,0.313570990636,34583.801,False,2020,生物制品,0.713961038961,0.0556374849175,0.18075580513,0.422753988245,0.71605757427,0.121153763655,0.165533128662,0.933333333333,0.852860651836,20.6340240345
EXTENDED_2018_2021:300602.SZ-001,EXTENDED_2018_2021,300602.SZ,2019-11-08,2019-11-11,2019-11-08T15:30:00,2019-11-11T09:30:00+08:00,MINUTE-PIT-B-v1:300602.SZ:2019-11-08,PITB-80B916173F29877FD683,0.138449396074,0.733333333333,0,0.282359189359,0.138883275724,0.824561403509,0.824561403509,0.830409356725,0.0582489888984,0.089437163342,0.641083511726,20.2999570368,50.115769068,False,False,True,0,0,0.0160810005956,-0.0208207516129,-2414.517,False,2019,消费电子,0.870183486239,0.0038,0.154201292705,0.39371257485,2.16671064588,0.00906568095174,0.167571312338,0.240362811791,1.86045336815,19.4712777137
EXTENDED_2018_2021:300602.SZ-002,EXTENDED_2018_2021,300602.SZ,2019-11-19,2019-11-20,2019-11-19T15:30:00,2019-11-20T09:30:00+08:00,MINUTE-PIT-B-v1:300602.SZ:2019-11-19,PITB-80B916173F29877FD683,0.21012170974,0.741666666667,-0.0101465170886,0.423690743486,0.21012170974,0.675438596491,0.681286549708,0.675438596491,0.084415429141,0.0904944597105,1,20.5053640251,52.6357939906,False,False,True,0,0,0.00925925925926,-0.162564160972,-20855.708,True,2019,消费电子,0.918811881188,0.172143634385,0.169436749769,0.358310626703,2.43272285295,0.0194639037507,0.194110950797,0.295518207283,1.77190826291,19.6238406463
EXTENDED_2018_2021:300623.SZ-001,EXTENDED_2018_2021,300623.SZ,2021-05-25,2021-05-26,2021-05-25T15:30:00,2021-05-26T09:30:00+08:00,MINUTE-PIT-B-v1:300623.SZ:2021-05-25,PITB-80B916173F29877FD683,0.0841250704897,0.5375,-0.00531443665582,0.177906572882,0.081159835497,0.437158469945,0.437158469945,0.431693989071,0.0211200556128,0.0378739868733,0.925232045548,20.4309892555,28.324174769,False,True,False,1,1,0.343205574913,0.0837415106754,12980.005,False,2021,半导体,0.410915492958,0.102816901408,0.152369281046,0.18244013683,1.34835148261,0.0649735673194,0.1875945024,0.571038251366,1.16938144365,20.1126871996
EXTENDED_2018_2021:300627.SZ-001,EXTENDED_2018_2021,300627.SZ,2021-08-02,2021-08-03,2021-08-02T15:30:00,2021-08-03T09:30:00+08:00,MINUTE-PIT-B-v1:300627.SZ:2021-08-02,PITB-80B916173F29877FD683,0.15265562093,0.429166666667,-0.0190922726357,0.337915180624,0.159863382984,0.363387978142,0.374316939891,0.374316939891,0.0558513541199,0.0578195734401,0.965000152588,19.7381521077,34.9096408725,False,True,False,1,1,0.321803232209,0.281285162243,49654.243,False,2021,通信设备,0.632210526316,0.113793103448,0.168100595632,0.315545243619,1.94661759764,0.0571580586339,0.326691759345,0.551912568306,0.784482985147,19.0284301094
EXTENDED_2018_2021:300631.SZ-001,EXTENDED_2018_2021,300631.SZ,2020-10-28,2020-10-29,2020-10-28T15:30:00,2020-10-29T09:30:00+08:00,MINUTE-PIT-B-v1:300631.SZ:2020-10-28,PITB-80B916173F29877FD683,0.158068549198,0.204166666667,-0.037383993966,0.258010389373,0.167715315798,0.297435897436,0.235897435897,0.297435897436,0.137627833742,0.193653126429,0.690526460346,20.2190936487,25.5150434953,False,False,True,0,0,0.0602866779089,-0.00704691598452,-819.868,False,2020,环保设备Ⅱ,0.689816700611,0.230583695128,0.181253236665,0.0228571428571,5.9505457029,0.0441471240578,0.298865707979,0.566666666667,1.20629563217,18.5421131819
EXTENDED_2018_2021:300632.SZ-001,EXTENDED_2018_2021,300632.SZ,2019-10-25,2019-10-28,2019-10-25T15:30:00,2019-10-28T09:30:00+08:00,MINUTE-PIT-B-v1:300632.SZ:2019-10-25,PITB-80B916173F29877FD683,0.138506710541,0.308333333333,-0.0183847010125,0.27968226866,0.1395456336,0.327485380117,0.315789473684,0.333333333333,0.0561866205808,0.0804977155679,0.882353535161,19.0891792477,21.2129783219,False,False,True,0,0,0.0203139427516,-0.0640637685761,-7913.118,False,2019,光学光电子,0.719047619048,0.0645161290323,0.176927343317,0.318021201413,1.78524989989,-0.0314661217039,0.216998827792,0.0264105642257,1.4596220769,18.4707406376
EXTENDED_2018_2021:300633.SZ-001,EXTENDED_2018_2021,300633.SZ,2020-05-08,2020-05-11,2020-05-08T15:30:00,2020-05-11T09:30:00+08:00,MINUTE-PIT-B-v1:300633.SZ:2020-05-08,PITB-80B916173F29877FD683,0.00297588649066,0.629166666667,-0.00985233408886,0.00702593951286,-0.0078363867931,0.394871794872,0.394871794872,0.374358974359,-0.00260841119509,0.0321233630312,0.622447946874,18.5723871584,30.4673793652,False,True,False,1,1,0.200894282977,0.0942109631027,10629.702,False,2020,医疗器械,0.707432432432,0.173113749521,0.188258317025,0.0977130977131,1.07529525173,0.047082171798,0.231499231518,0.784615384615,0.755736369404,18.4729686379
EXTENDED_2018_2021:300638.SZ-001,EXTENDED_2018_2021,300638.SZ,2021-05-25,2021-05-26,2021-05-25T15:30:00,2021-05-26T09:30:00+08:00,MINUTE-PIT-B-v1:300638.SZ:2021-05-25,PITB-80B916173F29877FD683,0.112180898723,0.670833333333,-0.000558828131836,0.249448688218,0.100002920804,0.650273224044,0.644808743169,0.617486338798,0.03405420072,0.0509880831187,0.96111126417,19.1919694721,35.7270180907,False,True,False,1,1,0.731843575419,0.575374798027,72983.254,False,2021,通信设备,0.596830985915,0.0578168044077,0.162156900915,0.430348258706,1.78110485456,0.0649735673194,0.1875945024,0.571038251366,0.711016157198,18.6040218084
EXTENDED_2018_2021:300655.SZ-001,EXTENDED_2018_2021,300655.SZ,2021-05-27,2021-05-28,2021-05-27T15:30:00,2021-05-28T09:30:00+08:00,MINUTE-PIT-B-v1:300655.SZ:2021-05-27,PITB-80B916173F29877FD683,0.212390258817,0.691666666667,-0.0336238870049,0.433504980392,0.219081446404,0.562841530055,0.551912568306,0.562841530055,0.157648549815,0.157648549815,1,20.8033326954,23.6451884103,False,True,False,1,1,1.11675329868,0.805299119334,107585.114,False,2021,电子化学品Ⅱ,0.83275862069,0.251533678101,0.190209958267,0.059377932978,4.04450711282,0.0710300218821,0.188483733464,0.781420765027,1.08612005763,19.4205485277
EXTENDED_2018_2021:300661.SZ-001,EXTENDED_2018_2021,300661.SZ,2021-11-11,2021-11-12,2021-11-11T15:30:00,2021-11-12T09:30:00+08:00,MINUTE-PIT-B-v1:300661.SZ:2021-11-11,PITB-80B916173F29877FD683,0.142386269613,0.441666666667,-0.0249633698998,0.314255682133,0.136321744331,0.338797814208,0.344262295082,0.327868852459,0.0743564108683,0.108009559807,0.835142044693,21.0181512335,360.750787592,False,False,True,0,0,0.00917431192661,-0.127788521551,-23316.585,True,2021,半导体,0.741726618705,0.141023672818,0.152915838304,0.267880707311,1.8390641032,0.0718730041601,0.141782624059,0.781420765027,1.23491297996,20.3773713896
EXTENDED_2018_2021:300663.SZ-001,EXTENDED_2018_2021,300663.SZ,2021-12-14,2021-12-15,2021-12-14T15:30:00,2021-12-15T09:30:00+08:00,MINUTE-PIT-B-v1:300663.SZ:2021-12-14,PITB-80B916173F29877FD683,0.240723365103,0.670833333333,-0.0114800134747,0.56772021664,0.250813239976,0.633879781421,0.644808743169,0.633879781421,0.148420046658,0.148420046658,1,21.2429214036,20.6730298418,False,False,False,,1,0.121739130435,0.0284000781827,4707.756,False,2021,软件开发,0.582051282051,0.284382284382,0.199259716225,0.0588235294118,3.67538278354,0.0344876927577,0.171859858666,0.368852459016,1.18229085743,19.9889226359
EXTENDED_2018_2021:300674.SZ-001,EXTENDED_2018_2021,300674.SZ,2021-04-16,2021-04-19,2021-04-16T15:30:00,2021-04-19T09:30:00+08:00,MINUTE-PIT-B-v1:300674.SZ:2021-04-16,PITB-80B916173F29877FD683,0.198106092235,0.545833333333,-0.0122247525114,0.382178856579,0.204770727244,0.562841530055,0.524590163934,0.568306010929,0.0829111183752,0.100909464095,0.817174588414,19.8250766362,36.1542952806,False,False,True,0,0,0.00463341509948,-0.0675622777896,-8677.179,False,2021,IT服务Ⅱ,0.768774703557,0.169303797468,0.196352979486,0.0679933665008,3.00927085886,0.00885909141024,0.194426349152,0.327868852459,0.488783596894,18.8077890433
EXTENDED_2018_2021:300674.SZ-002,EXTENDED_2018_2021,300674.SZ,2021-11-23,2021-11-24,2021-11-23T15:30:00,2021-11-24T09:30:00+08:00,MINUTE-PIT-B-v1:300674.SZ:2021-11-23,PITB-80B916173F29877FD683,0.187797171195,0.2625,-0.00559079992152,0.462880366539,0.182720867725,0.48087431694,0.513661202186,0.475409836066,0.0751341630082,0.0876581887372,0.949152469315,19.9187404866,20.2798142155,False,False,True,0,0,0.0941747572816,-0.0494232343864,-8458.835,False,2021,IT服务Ⅱ,0.525887265136,0.1035207567,0.145115753811,0.0739130434783,2.25777580569,0.0740132073534,0.16443922707,0.92349726776,0.730020379976,19.124882324
EXTENDED_2018_2021:300679.SZ-001,EXTENDED_2018_2021,300679.SZ,2020-02-24,2020-02-25,2020-02-24T15:30:00,2020-02-25T09:30:00+08:00,MINUTE-PIT-B-v1:300679.SZ:2020-02-24,PITB-80B916173F29877FD683,0.313273861763,0.5,-0.00225985348425,0.568571957148,0.312722668901,0.687179487179,0.687179487179,0.687179487179,0.0908501079847,0.0964602600206,1,20.3770740915,45.1576701769,False,False,False,,1,0.198648059311,-0.143081908739,-18377.485,True,2020,消费电子,0.372868217054,0.186963112683,0.190356744705,0.478770131772,2.59883317112,0.147894106524,0.440126710272,0.894871794872,1.15194309401,19.3814938448
EXTENDED_2018_2021:300687.SZ-001,EXTENDED_2018_2021,300687.SZ,2021-05-31,2021-06-01,2021-05-31T15:30:00,2021-06-01T09:30:00+08:00,MINUTE-PIT-B-v1:300687.SZ:2021-05-31,PITB-80B916173F29877FD683,0.00651862242949,0.391666666667,-0.0342430377405,0.0189860530451,-0.00428802681829,0.0765027322404,0.0765027322404,0.0765027322404,-0.00202015259578,0.0450595733931,0.528090489631,19.086938907,19.660371036,False,True,False,1,1,0.225388601036,0.0119959272776,1862.597,False,2021,IT服务Ⅱ,0.539393939394,0.0916867885478,0.189915966387,0.480691874497,1.76299283097,0.0810172796618,0.197565447814,0.896174863388,1.0539037432,18.4686230168
EXTENDED_2018_2021:300699.SZ-001,EXTENDED_2018_2021,300699.SZ,2019-08-22,2019-08-23,2019-08-22T15:30:00,2019-08-23T09:30:00+08:00,MINUTE-PIT-B-v1:300699.SZ:2019-08-22,PITB-80B916173F29877FD683,0.00709700735183,0.345833333333,-0.00256482031869,0.0151974046073,0.0117789563727,0.345029239766,0.345029239766,0.356725146199,0.0025832738852,0.0167034979679,0.261535030576,19.0325133909,38.8450867741,False,False,False,,1,0.112628865979,0.00922198136027,1038.695,False,2019,航空装备Ⅱ,0.383957219251,0.00414507772021,0.182262996942,0.263157894737,0.903841985713,0.0233062590718,0.207157448374,0.835534213685,0.962656746058,19.0386270125
EXTENDED_2018_2021:300699.SZ-002,EXTENDED_2018_2021,300699.SZ,2019-12-13,2019-12-16,2019-12-13T15:30:00,2019-12-16T09:30:00+08:00,MINUTE-PIT-B-v1:300699.SZ:2019-12-13,PITB-80B916173F29877FD683,0.0112680835639,0.566666666667,-0.00876053769631,0.0272902000978,-0.00604081265726,0.327485380117,0.327485380117,0.298245614035,-0.00142376766962,0.0194364905456,0.402441407159,19.3368217691,42.2707237488,False,False,False,,1,0.198670780916,0.0276912183248,3387.916,False,2019,航空装备Ⅱ,0.495555555556,0.104669464848,0.121244635193,0.203539823009,1.50162633589,0.0474987062758,0.167430099751,0.802587701747,0.885894629468,18.9198626085
EXTENDED_2018_2021:300702.SZ-001,EXTENDED_2018_2021,300702.SZ,2020-02-21,2020-02-24,2020-02-21T15:30:00,2020-02-24T09:30:00+08:00,MINUTE-PIT-B-v1:300702.SZ:2020-02-21,PITB-80B916173F29877FD683,0.254302826982,0.729166666667,-0.00199504546444,0.515259304594,0.25393496746,0.858974358974,0.864102564103,0.858974358974,0.0951421549039,0.105920888178,1,19.6247286352,57.6418058768,False,False,False,,1,0.161602890458,0.0451731221644,5506.684,False,2020,化学制药,0.652242744063,0.0230398899587,0.1853188929,0.329004329004,1.78414024094,0.122715454252,0.438535654568,0.776923076923,0.818940304023,19.044404854
EXTENDED_2018_2021:300702.SZ-002,EXTENDED_2018_2021,300702.SZ,2020-08-28,2020-08-31,2020-08-28T15:30:00,2020-08-31T09:30:00+08:00,MINUTE-PIT-B-v1:300702.SZ:2020-08-28,PITB-80B916173F29877FD683,0.0746534047541,0.4375,-0.034652318111,0.184523015484,0.0762158601272,0.215384615385,0.241025641026,0.215384615385,0.0385953812497,0.0567082727256,0.807976036729,19.7536443703,119.333965086,False,False,True,0,0,0.0582857142857,-0.0848509418766,-11387.002,False,2020,化学制药,0.839219712526,0.163793103448,0.183517248235,0.0655471289274,1.30211758446,0.017767314731,0.278070759228,0.679487179487,1.02768229729,19.4526737332
EXTENDED_2018_2021:300715.SZ-001,EXTENDED_2018_2021,300715.SZ,2021-04-07,2021-04-08,2021-04-07T15:30:00,2021-04-08T09:30:00+08:00,MINUTE-PIT-B-v1:300715.SZ:2021-04-07,PITB-80B916173F29877FD683,0.134660120293,0.7,-0.00642948492365,0.29190049111,0.133424584718,0.603825136612,0.598360655738,0.598360655738,0.042798059149,0.0537042122154,0.870832843251,18.8985474581,45.1856053125,False,False,True,0,0,0.048769771529,-0.000682533635082,-83.97,False,2021,装修建材,0.750957854406,0.179560155239,0.162011173184,0.31855500821,1.51956974948,0.0504846409973,0.215481935835,0.639344262295,0.82613247501,18.443106819
EXTENDED_2018_2021:300725.SZ-001,EXTENDED_2018_2021,300725.SZ,2020-08-27,2020-08-28,2020-08-27T15:30:00,2020-08-28T09:30:00+08:00,MINUTE-PIT-B-v1:300725.SZ:2020-08-27,PITB-80B916173F29877FD683,-0.0052430854544,0.366666666667,-0.0398481933074,-0.012714978745,0,0.0564102564103,0.0564102564103,0.0641025641026,0,0.05280897404,0.381817910206,20.0845481206,134.819610723,False,False,True,0,0,0.0374252602052,-0.120229472366,-16165.733,True,2020,医疗服务,0.63156779661,0.0680952380952,0.179535299374,0.16142557652,1.93291799186,0.0193968302806,0.279331217074,0.579487179487,0.853083163764,19.372467196
EXTENDED_2018_2021:300732.SZ-001,EXTENDED_2018_2021,300732.SZ,2020-10-28,2020-10-29,2020-10-28T15:30:00,2020-10-29T09:30:00+08:00,MINUTE-PIT-B-v1:300732.SZ:2020-10-28,PITB-80B916173F29877FD683,0.0595816888189,0.525,-0.0468313067996,0.129126938539,0.0482725549224,0.246153846154,0.225641025641,0.225641025641,0.0273073392063,0.075785268395,0.873134285869,19.3490916331,17.9389273445,False,False,False,,1,0.105681818182,0.0467680047226,5520.398,False,2020,工程咨询服务Ⅱ,0.59266802444,0.117321867322,0.191078561917,0.19512195122,2.59052088053,0.0441471240578,0.298865707979,0.566666666667,0.9980232709,18.4481275968
EXTENDED_2018_2021:300745.SZ-001,EXTENDED_2018_2021,300745.SZ,2019-04-17,2019-04-18,2019-04-17T15:30:00,2019-04-18T09:30:00+08:00,MINUTE-PIT-B-v1:300745.SZ:2019-04-17,PITB-80B916173F29877FD683,0.110928702032,0.554166666667,-0.00734395551032,0.238407218518,0.110928702032,0.479532163743,0.461988304094,0.473684210526,0.060727286996,0.0964888845394,0.620689201582,19.7628029784,42.1677514324,False,False,True,0,0,0.0774346793349,-0.19074770373,-24709.345,True,2019,汽车零部件,0.268730650155,0.0945529290853,0.176115107914,0.11186440678,2.89903353647,0.0269369124033,0.266682908689,0.298319327731,0.961539088844,18.7057769449
EXTENDED_2018_2021:300750.SZ-001,EXTENDED_2018_2021,300750.SZ,2020-10-09,2020-10-12,2020-10-09T15:30:00,2020-10-12T09:30:00+08:00,MINUTE-PIT-B-v1:300750.SZ:2020-10-09,PITB-80B916173F29877FD683,0.0839428117928,0.725,-0.000527520637122,0.167990532493,0.0841023395503,0.717948717949,0.697435897436,0.707692307692,0.0219403199909,0.0396157543315,0.548930254113,22.4052718064,224.510840043,False,False,False,,1,0.164473684211,0.138072453862,15756,False,2020,电池,0.743594646272,0.0713196760362,0.162380642361,0.239893083862,1.53491461924,-0.0284111942542,0.368036859189,0.123076923077,1.0732672277,21.879314283
EXTENDED_2018_2021:300750.SZ-002,EXTENDED_2018_2021,300750.SZ,2020-12-15,2020-12-16,2020-12-15T15:30:00,2020-12-16T09:30:00+08:00,MINUTE-PIT-B-v1:300750.SZ:2020-12-15,PITB-80B916173F29877FD683,0.155712849051,0.416666666667,-0.00980081603941,0.303483053336,0.149179457088,0.469230769231,0.458974358974,0.453846153846,0.0384310788565,0.054884806966,0.941689268518,22.300986435,272.430990616,False,False,False,,1,0.178907922912,0.139759598004,15679.92,False,2020,电池,0.898927613941,0.110978139461,0.193333333333,0.0535714285714,1.49776298471,0.00473888098598,0.158426196941,0.348717948718,1.06400902183,21.8426969516
EXTENDED_2018_2021:300767.SZ-001,EXTENDED_2018_2021,300767.SZ,2021-01-07,2021-01-08,2021-01-07T15:30:00,2021-01-08T09:30:00+08:00,MINUTE-PIT-B-v1:300767.SZ:2021-01-07,PITB-80B916173F29877FD683,0.193706972787,0.891666666667,0,0.371130138556,0.166244191085,0.939890710383,0.890710382514,0.890710382514,0.101879484492,0.161996675578,0.727733876065,19.9509726725,86.0202278621,False,False,False,,1,0.182432432432,0.0185689310689,2310.798,False,2021,橡胶,0.744376899696,0.223480662983,0.173453996983,0.257344300823,3.45416317778,0.0584206294628,0.223422479875,0.139344262295,0.735617333203,18.7170398928
EXTENDED_2018_2021:300770.SZ-001,EXTENDED_2018_2021,300770.SZ,2020-05-19,2020-05-20,2020-05-19T15:30:00,2020-05-20T09:30:00+08:00,MINUTE-PIT-B-v1:300770.SZ:2020-05-19,PITB-80B916173F29877FD683,0.0971343265361,0.6375,-0.0150559842045,0.223324230916,0.111842923497,0.482051282051,0.492307692308,0.507692307692,0.0385139173406,0.0575091027015,0.820939176862,19.60468102,178.600381928,False,False,True,0,0,0.0326455703242,-0.0686572756535,-7414.566,False,2020,电视广播Ⅱ,0.669491525424,0.122171945701,0.156653941464,0.444778685002,0.964678928333,0.0490006267238,0.179508138461,0.615384615385,0.975767550187,19.5542822237
EXTENDED_2018_2021:300772.SZ-001,EXTENDED_2018_2021,300772.SZ,2020-12-21,2020-12-22,2020-12-21T15:30:00,2020-12-22T09:30:00+08:00,MINUTE-PIT-B-v1:300772.SZ:2020-12-21,PITB-80B916173F29877FD683,0.0640906946211,0.483333333333,-0.0246167215498,0.130428277179,0.0845717323401,0.241025641026,0.215384615385,0.287179487179,0.032648401959,0.035784195698,1,19.3211984712,16.2713540973,False,False,False,,1,0.149664019548,-0.0626703541046,-7907.435,False,2020,风电设备,0.763764044944,0.109616677875,0.144569816643,0.310160427807,2.10417115509,0.0162009141024,0.185626076521,0.305128205128,0.758506390531,18.5921047553
EXTENDED_2018_2021:300773.SZ-001,EXTENDED_2018_2021,300773.SZ,2021-04-16,2021-04-19,2021-04-16T15:30:00,2021-04-19T09:30:00+08:00,MINUTE-PIT-B-v1:300773.SZ:2021-04-16,PITB-80B916173F29877FD683,0.137422807115,0.7875,-0.00780650031237,0.294744391473,0.13879033363,0.617486338798,0.617486338798,0.639344262295,0.0556902080717,0.06792736566,0.877272561759,20.5252475651,32.8893482254,False,False,False,,1,0.0716472749541,0.069076138124,8800.388,False,2021,多元金融,0.679446640316,0.139574759945,0.145906228132,0.195652173913,2.51069880164,0.00885909141024,0.194426349152,0.327868852459,0.58572240925,19.6504349215
EXTENDED_2018_2021:300777.SZ-001,EXTENDED_2018_2021,300777.SZ,2020-02-21,2020-02-24,2020-02-21T15:30:00,2020-02-24T09:30:00+08:00,MINUTE-PIT-B-v1:300777.SZ:2020-02-21,PITB-80B916173F29877FD683,0.0890798094494,0.475,-0.00832642144239,0.165403988214,0.0811600878369,0.415384615385,0.374358974359,0.384615384615,0.0281087804792,0.0546764834047,0.698491566459,19.1720642148,36.3534479107,False,False,False,,1,0.11801242236,0.00139556476701,175.834,False,2020,航空装备Ⅱ,0.269656992084,0.11481369282,0.197783747482,0.371819960861,1.5280566712,0.122715454252,0.438535654568,0.776923076923,0.875928872031,18.7072190814
EXTENDED_2018_2021:300780.SZ-001,EXTENDED_2018_2021,300780.SZ,2021-11-01,2021-11-02,2021-11-01T15:30:00,2021-11-02T09:30:00+08:00,MINUTE-PIT-B-v1:300780.SZ:2021-11-01,PITB-80B916173F29877FD683,0.0679128288431,0.375,-0.00696489078758,0.132286289824,0.0679128288431,0.273224043716,0.262295081967,0.273224043716,0.0212773779382,0.0408220070686,1,18.5017961926,18.720690449,False,False,True,0,0,0,-0.142590735491,-26776.772,True,2021,通用设备,0.710962566845,0.172115977791,0.199115044248,0,0.727712476098,0.0273667385074,0.215425021617,0.366120218579,1.3007375063,18.794053862
EXTENDED_2018_2021:300835.SZ-001,EXTENDED_2018_2021,300835.SZ,2021-04-14,2021-04-15,2021-04-14T15:30:00,2021-04-15T09:30:00+08:00,MINUTE-PIT-B-v1:300835.SZ:2021-04-14,PITB-80B916173F29877FD683,0.107587543511,0.641666666667,-0.000364639158545,0.204776801701,0.110297658606,0.628415300546,0.595628415301,0.628415300546,0.0413356106259,0.0708498964152,0.75949352419,18.9341950181,56.0022101267,False,False,True,0,0,0.00656028368794,-0.0954742638276,-12380.964,False,2021,金属新材料,0.856862745098,0.196041271847,0.159191408718,0.0529100529101,1.53937637384,0.0281155356581,0.197387990055,0.289617486339,0.936745934703,18.5036556953
EXTENDED_2018_2021:300872.SZ-001,EXTENDED_2018_2021,300872.SZ,2021-12-14,2021-12-15,2021-12-14T15:30:00,2021-12-15T09:30:00+08:00,MINUTE-PIT-B-v1:300872.SZ:2021-12-14,PITB-80B916173F29877FD683,0.169900579462,0.4625,-0.00927361309156,0.353552306625,0.160140041386,0.48087431694,0.469945355191,0.469945355191,0.060568724465,0.0799195780982,0.873077611529,19.8794970429,32.7432098258,False,False,False,,1,0.026191877575,0.0024688031419,427.362,False,2021,IT服务Ⅱ,0.384249084249,0.0767748152907,0.156128576475,0,2.55593470117,0.0344876927577,0.171859858666,0.368852459016,0.495387492707,18.996257109
EXTENDED_2018_2021:300873.SZ-001,EXTENDED_2018_2021,300873.SZ,2021-11-19,2021-11-22,2021-11-19T15:30:00,2021-11-22T09:30:00+08:00,MINUTE-PIT-B-v1:300873.SZ:2021-11-19,PITB-80B916173F29877FD683,0.0929807585242,0.816666666667,-0.00396045592033,0.228392563732,0.0863178276583,0.628415300546,0.655737704918,0.617486338798,0.0246693156051,0.0446267758459,0.676470022536,18.6648571127,53.687949968,False,False,True,0,0,0.00573224852071,-0.0784676524062,-14001.867,False,2021,物流,0.580263157895,0.0510263929619,0.180820076182,0.499181669394,1.19843287124,0.0663646472929,0.156255048484,0.871584699454,0.33441683277,18.4271454829
HOLDOUT_O0_2022_2023:300001.SZ-001,HOLDOUT_O0_2022_2023,300001.SZ,2022-12-15,2022-12-16,2022-12-15T15:30:00,2022-12-16T09:30:00+08:00,MINUTE-PIT-B-v1:300001.SZ:2022-12-15,PITB-80B916173F29877FD683,0.10330823329,0.220833333333,-0.0197315779756,0.225630407118,0.118273930486,0.22972972973,0.22972972973,0.238738738739,0.0261333806996,0.0398603413611,0.666667629974,19.4397999933,16.6524443667,False,False,True,0,0,0.0150602409639,-0.0537017199668,-4461.7,False,2022,电网设备,0.513784461153,0.048427672956,0.136394790953,0.287234042553,1.62827495403,-0.00719677377929,0.13526878192,0.0810810810811,1.11625667202,18.9770082553
HOLDOUT_O0_2022_2023:300009.SZ-001,HOLDOUT_O0_2022_2023,300009.SZ,2022-07-04,2022-07-05,2022-07-04T15:30:00,2022-07-05T09:30:00+08:00,MINUTE-PIT-B-v1:300009.SZ:2022-07-04,PITB-80B916173F29877FD683,0.176927766692,0.770833333333,-0.00286120677685,0.45032893112,0.182859503063,0.864864864865,0.900900900901,0.864864864865,0.0506436845946,0.0535929697446,0.981817771975,19.4267277675,10.4114153737,False,False,True,0,0,0.000951474785918,-0.069417737353,-7010.976,False,2022,生物制品,0.610739856802,0.152078774617,0.163802978236,0.0839160839161,1.45871234395,0.0947740090597,0.238976277142,0.666666666667,0.820649258103,19.0117023074
HOLDOUT_O0_2022_2023:300012.SZ-001,HOLDOUT_O0_2022_2023,300012.SZ,2022-06-24,2022-06-27,2022-06-24T15:30:00,2022-06-27T09:30:00+08:00,MINUTE-PIT-B-v1:300012.SZ:2022-06-24,PITB-80B916173F29877FD683,0.0920520248767,0.7625,-0.00614843337152,0.208478950141,0.0890030149858,0.666666666667,0.675675675676,0.648648648649,0.023695668083,0.041773444874,0.8315789051,19.4384466046,22.9334187349,False,False,True,0,0,0.0258620689655,-0.0463058493231,-4624.091,False,2022,专业服务,0.622368421053,0.0826291079812,0.146353646354,0.109215017065,1.0950490197,0.179736205849,0.226826700401,0.851351351351,0.586356433216,19.3255795779
HOLDOUT_O0_2022_2023:300012.SZ-002,HOLDOUT_O0_2022_2023,300012.SZ,2023-01-05,2023-01-06,2023-01-05T15:30:00,2023-01-06T09:30:00+08:00,MINUTE-PIT-B-v1:300012.SZ:2023-01-05,PITB-80B916173F29877FD683,0.0157773821536,0.491666666667,-0.000425994857373,0.0281113267312,0,0.473684210526,0.473684210526,0.453216374269,0,0.0286160921464,0.328357146721,18.9504420417,23.4535847975,False,False,True,0,0,0.0243693886276,-0.0263626596144,-2220.214,False,2023,专业服务,0.645110410095,0.0928705440901,0.126815101646,0.393822393822,1.05540943123,-0.017063780715,0.167058676132,0.219298245614,1.05073694509,18.8239561749
HOLDOUT_O0_2022_2023:300012.SZ-003,HOLDOUT_O0_2022_2023,300012.SZ,2023-08-07,2023-08-08,2023-08-07T15:30:00,2023-08-08T09:30:00+08:00,MINUTE-PIT-B-v1:300012.SZ:2023-08-07,PITB-80B916173F29877FD683,0.0845713582442,0.433333333333,-0.00738008859813,0.229826457419,0.0644772108324,0.40350877193,0.421052631579,0.356725146199,0.0117648300295,0.0201431451502,0.902441407159,18.7673689144,20.4181548735,False,False,True,0,0,0.03228962818,-0.00736885423774,-603.08,False,2023,专业服务,0.645731707317,0.0961538461538,0.131301939058,0.0879120879121,1.3562612743,-0.00247630143893,0.143370244771,0.184210526316,0.371248452999,18.4703110674
HOLDOUT_O0_2022_2023:300015.SZ-001,HOLDOUT_O0_2022_2023,300015.SZ,2022-06-08,2022-06-09,2022-06-08T15:30:00,2022-06-09T09:30:00+08:00,MINUTE-PIT-B-v1:300015.SZ:2022-06-08,PITB-80B916173F29877FD683,0.155153431966,0.691666666667,-0.0066907780384,0.334904183153,0.163308537909,0.747747747748,0.756756756757,0.765765765766,0.0472571760167,0.061118813789,0.791110568576,21.4974541895,37.2918091387,False,True,False,1,1,0.222251867663,0.121884451543,11889.27343,False,2022,医疗服务,0.735446685879,0.108219988173,0.18912,0.40824742268,1.79080817804,0.112498550625,0.231605803272,0.828828828829,0.833480404339,20.8622543503
HOLDOUT_O0_2022_2023:300015.SZ-002,HOLDOUT_O0_2022_2023,300015.SZ,2023-01-05,2023-01-06,2023-01-05T15:30:00,2023-01-06T09:30:00+08:00,MINUTE-PIT-B-v1:300015.SZ:2023-01-05,PITB-80B916173F29877FD683,0.0868189323091,0.541666666667,-0.00449876393426,0.224476100927,0.0930395721069,0.558479532164,0.558479532164,0.570175438596,0.0222985655155,0.0293143826806,0.76923173661,21.1441310298,31.1147614196,False,False,False,,1,0.11648,0.0247993902245,2096.8,False,2023,医疗服务,0.539432176656,0.0745192307692,0.195,0.0828402366864,1.49250318007,-0.017063780715,0.167058676132,0.219298245614,1.27825614611,20.7252831088
HOLDOUT_O0_2022_2023:300034.SZ-001,HOLDOUT_O0_2022_2023,300034.SZ,2023-07-03,2023-07-04,2023-07-03T15:30:00,2023-07-04T09:30:00+08:00,MINUTE-PIT-B-v1:300034.SZ:2023-07-03,PITB-80B916173F29877FD683,0.1300801689,0.554166666667,-0.00125076280429,0.263296724766,0.126418072501,0.695906432749,0.672514619883,0.690058479532,0.0320427602414,0.0664268001742,0.585820714943,19.4168282993,40.4282483612,False,False,True,0,0,0.0217898832685,-0.0330642120525,-2806.98,False,2023,航空装备Ⅱ,0.481764705882,0.0531914893617,0.0962983579182,0.331395348837,2.68955905853,0.00513997655102,0.195328486485,0.184210526316,0.780783692979,18.4411646422
HOLDOUT_O0_2022_2023:300035.SZ-001,HOLDOUT_O0_2022_2023,300035.SZ,2022-08-15,2022-08-16,2022-08-15T15:30:00,2022-08-16T09:30:00+08:00,MINUTE-PIT-B-v1:300035.SZ:2022-08-15,PITB-80B916173F29877FD683,0.0953199835253,0.291666666667,-0.00536533002541,0.238593759725,0.116778143105,0.459459459459,0.495495495495,0.477477477477,0.0540854099267,0.0922616746108,0.57499998297,20.5716396693,30.9159644652,False,False,True,0,0,0.0606851549755,-0.127064276018,-11999.867,True,2022,电池,0.426431718062,0.160971905847,0.184344422701,0.0332480818414,1.23151440309,0.0103942444251,0.18767089428,0.603603603604,1.73985457812,20.2960392892
HOLDOUT_O0_2022_2023:300059.SZ-001,HOLDOUT_O0_2022_2023,300059.SZ,2022-05-20,2022-05-23,2022-05-20T15:30:00,2022-05-23T09:30:00+08:00,MINUTE-PIT-B-v1:300059.SZ:2022-05-20,PITB-80B916173F29877FD683,0.071459891794,0.525,-0.00739616505528,0.206653660345,0.0792781247857,0.459459459459,0.504504504505,0.468468468468,0.0216774584513,0.0312593833739,0.690141412622,22.7558713828,22.7907762473,False,False,False,,1,0.170259568852,0.0317629687291,3252.919,False,2022,证券Ⅱ,0.685669781931,0.0603248259861,0.133803401078,0.432372505543,1.37077928231,-0.0200402346025,0.419994688239,0.657657657658,1.01496296689,22.4270359925
HOLDOUT_O0_2022_2023:300062.SZ-001,HOLDOUT_O0_2022_2023,300062.SZ,2023-07-13,2023-07-14,2023-07-13T15:30:00,2023-07-14T09:30:00+08:00,MINUTE-PIT-B-v1:300062.SZ:2023-07-13,PITB-80B916173F29877FD683,0.0611804399034,0.191666666667,-0.0113961238934,0.13453257754,0.0473426502589,0.216374269006,0.210526315789,0.19298245614,0.0154823157826,0.0560370806512,0.549999344349,19.5018498294,7.10023473117,False,False,True,0,0,0,-0.024522592925,-2124.111,False,2023,电网设备,0.658269230769,0.0591715976331,0.117924528302,0.138888888889,1.97272210383,0.00945144544926,0.195820484553,0.157894736842,1.27231843738,18.8040760489
HOLDOUT_O0_2022_2023:300065.SZ-001,HOLDOUT_O0_2022_2023,300065.SZ,2022-07-20,2022-07-21,2022-07-20T15:30:00,2022-07-21T09:30:00+08:00,MINUTE-PIT-B-v1:300065.SZ:2022-07-20,PITB-80B916173F29877FD683,0.172778249415,0.566666666667,-0.00611622122019,0.401141498211,0.159412807719,0.725225225225,0.734234234234,0.707207207207,0.0539861429027,0.0697695932686,0.892472743382,20.0694821818,13.44058113,False,False,True,0,0,0.000738007380074,-0.0719686217841,-6735.435,False,2022,航海装备Ⅱ,0.494226327945,0.0595514307811,0.169230769231,0.181208053691,2.12715503933,0.0493673003296,0.252148663229,0.432432432432,1.21195693251,19.3462332824
HOLDOUT_O0_2022_2023:300077.SZ-001,HOLDOUT_O0_2022_2023,300077.SZ,2023-03-23,2023-03-24,2023-03-23T15:30:00,2023-03-24T09:30:00+08:00,MINUTE-PIT-B-v1:300077.SZ:2023-03-23,PITB-80B916173F29877FD683,0.135469305004,0.491666666667,-0.0104288490268,0.288978377054,0.124810027799,0.497076023392,0.502923976608,0.461988304094,0.0334132428378,0.0397861943053,0.942027703526,20.549707725,17.4493759917,False,False,False,,1,0.135227272727,-0.0541811130046,-4771.35,False,2023,半导体,0.571145374449,0.100374064838,0.155033557047,0.190789473684,2.11549565251,-0.010060432423,0.150041430747,0.584795321637,1.07586238338,19.8347519524
HOLDOUT_O0_2022_2023:300087.SZ-001,HOLDOUT_O0_2022_2023,300087.SZ,2023-02-07,2023-02-08,2023-02-07T15:30:00,2023-02-08T09:30:00+08:00,MINUTE-PIT-B-v1:300087.SZ:2023-02-07,PITB-80B916173F29877FD683,0.0819240457992,0.4875,-0.0220160959166,0.178295723932,0.0816528242846,0.292397660819,0.298245614035,0.304093567251,0.0275347794038,0.0589714465808,0.90565996995,20.0600683444,18.1002417058,False,False,True,0,0,0.012595837897,-0.0823409886937,-6923.23,False,2023,种植业,0.723287671233,0.142768466791,0.164516129032,0,1.77720016036,0.0874522151576,0.128053860209,0.868421052632,0.996738369626,19.4803563129
HOLDOUT_O0_2022_2023:300091.SZ-001,HOLDOUT_O0_2022_2023,300091.SZ,2022-08-17,2022-08-18,2022-08-17T15:30:00,2022-08-18T09:30:00+08:00,MINUTE-PIT-B-v1:300091.SZ:2022-08-17,PITB-80B916173F29877FD683,0.0973274766831,0.504166666667,0,0.175402258826,0.0973274766831,0.603603603604,0.558558558559,0.585585585586,0.0515046883303,0.0782291930387,0.815789077421,20.0325401586,4.87262893159,False,False,True,0,0,0.016,-0.106708526691,-9899.636,True,2022,通用设备,0.564175824176,0.0873362445415,0.147058823529,0,3.27361772282,0.02424923147,0.187987648192,0.531531531532,0.773241850683,18.8954610926
HOLDOUT_O0_2022_2023:300096.SZ-001,HOLDOUT_O0_2022_2023,300096.SZ,2023-11-06,2023-11-07,2023-11-06T15:30:00,2023-11-07T09:30:00+08:00,MINUTE-PIT-B-v1:300096.SZ:2023-11-06,PITB-80B916173F29877FD683,0.0821436373244,0.641666666667,-0.00745718463999,0.222383011279,0.0674213123526,0.535087719298,0.552631578947,0.505847953216,0.0147931550903,0.0267077934036,0.888888888889,18.5039274426,6.74450903383,False,False,False,,1,0.178466076696,0.066876386531,5628.054,False,2023,IT服务Ⅱ,0.579471544715,0.120065789474,0.164359861592,0.0421052631579,1.0131688308,0.0197399045958,0.230865758503,0.771929824561,1.06871158119,18.4568717501
HOLDOUT_O0_2022_2023:300131.SZ-001,HOLDOUT_O0_2022_2023,300131.SZ,2023-03-24,2023-03-27,2023-03-24T15:30:00,2023-03-27T09:30:00+08:00,MINUTE-PIT-B-v1:300131.SZ:2023-03-24,PITB-80B916173F29877FD683,-0.00746997904616,0.4,-0.00677968041013,-0.0220871376928,0.00737204385529,0.292397660819,0.292397660819,0.304093567251,0.00169343852377,0.0220908962628,0.692307128002,19.4125378639,5.87949475256,False,False,True,0,0,0.044142614601,-0.04750049986,-4227.778,False,2023,其他电子Ⅱ,0.463755458515,0.0985130111524,0.141472868217,0.242424242424,1.04816461126,0.00138922921731,0.14917994352,0.605263157895,1.17930279607,19.3423338533
HOLDOUT_O0_2022_2023:300131.SZ-002,HOLDOUT_O0_2022_2023,300131.SZ,2023-11-07,2023-11-08,2023-11-07T15:30:00,2023-11-08T09:30:00+08:00,MINUTE-PIT-B-v1:300131.SZ:2023-11-07,PITB-80B916173F29877FD683,0.0817889944465,0.525,-0.007117461126,0.216263258441,0.0817889944465,0.459064327485,0.482456140351,0.482456140351,0.0196610681641,0.0250460084224,0.928573131563,19.2506247971,5.61539240176,False,True,False,1,1,0.290265486726,0.270523638486,23100.096,False,2023,其他电子Ⅱ,0.509696969697,0.0405156537753,0.108216432866,0.166666666667,1.55991599712,0.0226262044055,0.230848014706,0.827485380117,1.02015025897,18.7460135215
HOLDOUT_O0_2022_2023:300146.SZ-001,HOLDOUT_O0_2022_2023,300146.SZ,2022-06-28,2022-06-29,2022-06-28T15:30:00,2022-06-29T09:30:00+08:00,MINUTE-PIT-B-v1:300146.SZ:2022-06-28,PITB-80B916173F29877FD683,0.0567700716122,0.370833333333,-0.0028395412178,0.121194477015,0.0275414756715,0.45045045045,0.441441441441,0.423423423423,0.00422834330866,0.017924968809,0.842106319863,18.8946912766,21.1883532679,False,False,True,0,0,0.0161439114391,-0.0898686918316,-9156.612,False,2022,食品加工,0.465,0.115002613696,0.12214551248,0.0826086956522,0.655586722418,0.182071824396,0.224960152034,0.936936936937,0.746257565004,19.2536924954
HOLDOUT_O0_2022_2023:300153.SZ-001,HOLDOUT_O0_2022_2023,300153.SZ,2022-08-17,2022-08-18,2022-08-17T15:30:00,2022-08-18T09:30:00+08:00,MINUTE-PIT-B-v1:300153.SZ:2022-08-17,PITB-80B916173F29877FD683,0.0679671297224,0.520833333333,-0.00510457838071,0.157225290606,0.0976456831892,0.513513513514,0.522522522523,0.585585585586,0.0329586673857,0.0482888121505,0.787233351798,19.1208757396,9.80421582061,False,False,True,0,0,0.0457317073171,-0.0709656197461,-6291,False,2022,其他电源设备Ⅱ,0.592747252747,0.0810514786418,0.138259833135,0,1.77914069256,0.02424923147,0.187987648192,0.531531531532,1.37059423668,18.5184093673
HOLDOUT_O0_2022_2023:300157.SZ-001,HOLDOUT_O0_2022_2023,300157.SZ,2023-11-08,2023-11-09,2023-11-08T15:30:00,2023-11-09T09:30:00+08:00,MINUTE-PIT-B-v1:300157.SZ:2023-11-08,PITB-80B916173F29877FD683,0.0204624370755,0.616666666667,-0.0367495691539,0.0731293410321,0.0204624370755,0.263157894737,0.263157894737,0.263157894737,0.00788439611361,0.0367495691539,0.571427598292,18.8207304462,3.80824475022,False,False,True,0,0,0.00523560209424,-0.0352655099185,-3031.913,False,2023,通用设备,0.618290258449,0.0760563380282,0.146341463415,0.0416666666667,1.28604733766,0.0193070297654,0.229847751315,0.751461988304,0.450880713704,18.5386460641
HOLDOUT_O0_2022_2023:300161.SZ-001,HOLDOUT_O0_2022_2023,300161.SZ,2023-03-23,2023-03-24,2023-03-23T15:30:00,2023-03-24T09:30:00+08:00,MINUTE-PIT-B-v1:300161.SZ:2023-03-23,PITB-80B916173F29877FD683,0.0724955613967,0.366666666667,-0.00821230838744,0.157478492952,0.0799250807373,0.315789473684,0.321637426901,0.345029239766,0.0293996250792,0.0436246400258,0.66911723457,18.8449855201,31.3932051091,False,True,False,1,1,0.534510433387,0.334478362729,28159.434,False,2023,通用设备,0.651101321586,0.068730860837,0.183602771363,0.129577464789,1.09547114853,-0.010060432423,0.150041430747,0.584795321637,1.12678817484,18.6346239971
HOLDOUT_O0_2022_2023:300170.SZ-001,HOLDOUT_O0_2022_2023,300170.SZ,2023-01-20,2023-01-30,2023-01-20T15:30:00,2023-01-30T09:30:00+08:00,MINUTE-PIT-B-v1:300170.SZ:2023-01-20,PITB-80B916173F29877FD683,0.0941367692318,0.370833333333,0,0.188344317998,0.0901999028296,0.555555555556,0.520467836257,0.538011695906,0.0223294799565,0.0422895590532,0.625000596047,19.7163254179,9.49838041497,False,True,False,1,1,0.278974358974,0.1424586045,12555.168,False,2023,IT服务Ⅱ,0.540453074434,0.203797468354,0.178481012658,0.120567375887,1.92099219368,0.104707948185,0.132142482847,0.897660818713,1.27453882831,19.0629481821
HOLDOUT_O0_2022_2023:300177.SZ-001,HOLDOUT_O0_2022_2023,300177.SZ,2023-10-13,2023-10-16,2023-10-13T15:30:00,2023-10-16T09:30:00+08:00,MINUTE-PIT-B-v1:300177.SZ:2023-10-13,PITB-80B916173F29877FD683,0.0812464591445,0.633333333333,-0.00517465084229,0.261569116076,0.0803051335071,0.543859649123,0.619883040936,0.561403508772,0.018445828407,0.0408219868293,0.709676873547,18.6755690386,7.66860261193,False,False,True,0,0,0.00261780104712,-0.0137545700373,-1146.571,False,2023,军工电子Ⅱ,0.576818181818,0.0580110497238,0.197160883281,0.16,1.04848316148,-0.00667855804792,0.142088191712,0.459064327485,1.01096778963,18.549552762
HOLDOUT_O0_2022_2023:300183.SZ-001,HOLDOUT_O0_2022_2023,300183.SZ,2023-04-19,2023-04-20,2023-04-19T15:30:00,2023-04-20T09:30:00+08:00,MINUTE-PIT-B-v1:300183.SZ:2023-04-19,PITB-80B916173F29877FD683,0.165806653866,0.708333333333,-0.0193774501956,0.320696564576,0.16366324021,0.637426900585,0.625730994152,0.625730994152,0.106421418877,0.122257299929,0.892241365136,20.178269618,19.266634943,False,False,True,0,0,0.00767656090072,-0.0816747224117,-7188.84,False,2023,通信设备,0.849896480331,0.208864602307,0.123067408782,0.201005025126,3.95737778985,0.0333142487958,0.124054478548,0.230994152047,1.52314696021,18.8874171007
HOLDOUT_O0_2022_2023:300184.SZ-001,HOLDOUT_O0_2022_2023,300184.SZ,2022-06-30,2022-07-01,2022-06-30T15:30:00,2022-07-01T09:30:00+08:00,MINUTE-PIT-B-v1:300184.SZ:2022-06-30,PITB-80B916173F29877FD683,0.011430386026,0.220833333333,-0.0232360117818,0.0264849784687,0.011430386026,0.0675675675676,0.0675675675676,0.0675675675676,0.00364298779794,0.0378082915782,0.238096103106,19.2566085651,5.52941455685,False,False,True,0,0,0.0036563071298,-0.0801593943892,-8372.516,False,2022,其他电子Ⅱ,0.475120772947,0.0912698412698,0.169197396963,0.183333333333,1.65021827209,0.136142265139,0.252784475336,0.837837837838,0.953850428317,18.7489998762
HOLDOUT_O0_2022_2023:300198.SZ-001,HOLDOUT_O0_2022_2023,300198.SZ,2022-08-01,2022-08-02,2022-08-01T15:30:00,2022-08-02T09:30:00+08:00,MINUTE-PIT-B-v1:300198.SZ:2022-08-01,PITB-80B916173F29877FD683,0.0552456554447,0.320833333333,-0.0122100939528,0.142003632907,0.0445864233053,0.279279279279,0.297297297297,0.288288288288,0.0193242550194,0.0582688541424,0.75,19.0246418302,4.12786386442,False,False,True,0,0,0,-0.0674010455564,-6143.137,False,2022,装修建材,0.573493975904,0.0801033591731,0.194202898551,0.268656716418,1.38942338282,-0.00477824685817,0.209342627876,0.328828828829,0.820575286146,18.6789772444
HOLDOUT_O0_2022_2023:300226.SZ-001,HOLDOUT_O0_2022_2023,300226.SZ,2023-03-22,2023-03-23,2023-03-22T15:30:00,2023-03-23T09:30:00+08:00,MINUTE-PIT-B-v1:300226.SZ:2023-03-22,PITB-80B916173F29877FD683,-0.011198646654,0.483333333333,-0.0341913054015,-0.0260224281918,0.00871406501714,0.134502923977,0.134502923977,0.157894736842,0.00358475672633,0.0503753641664,0.49726926316,19.6900446452,36.3204749055,False,True,False,1,1,0.550387596899,0.350070520264,29111.541,False,2023,软件开发,0.836748329621,0.0783615316118,0.188685524126,0.27850877193,1.71572790475,-0.0183092519218,0.147846116371,0.423976608187,1.11956727192,19.0986666402
HOLDOUT_O0_2022_2023:300229.SZ-001,HOLDOUT_O0_2022_2023,300229.SZ,2022-06-24,2022-06-27,2022-06-24T15:30:00,2022-06-27T09:30:00+08:00,MINUTE-PIT-B-v1:300229.SZ:2022-06-24,PITB-80B916173F29877FD683,0.00227609036267,0.508333333333,-0.0239532180595,0.00484410840862,0.00680308348765,0.175675675676,0.175675675676,0.175675675676,0.00265132570863,0.0591992078475,0.264706212344,19.8382524179,11.4461582437,False,False,True,0,0,0.0445804195804,-0.0255189123279,-2686.891,False,2022,软件开发,0.595263157895,0.0698771719628,0.160164187668,0.0824742863217,2.72684159758,0.179736205849,0.226826700401,0.851351351351,0.793979365342,18.8950407625
HOLDOUT_O0_2022_2023:300229.SZ-002,HOLDOUT_O0_2022_2023,300229.SZ,2023-01-30,2023-01-31,2023-01-30T15:30:00,2023-01-31T09:30:00+08:00,MINUTE-PIT-B-v1:300229.SZ:2023-01-30,PITB-80B916173F29877FD683,0,0.675,-0.0723979266233,0,0,0.266081871345,0.266081871345,0.251461988304,0,0.0810733306025,1,21.5510472268,15.6723859073,False,True,False,1,1,0.510663507109,0.336991586612,28470.532,False,2023,软件开发,0.909119496855,0.38646101114,0.183172655565,0.0434782608696,10.1741722134,0.121899759148,0.13284232134,0.964912280702,1.62718349949,19.4931381428
HOLDOUT_O0_2022_2023:300251.SZ-001,HOLDOUT_O0_2022_2023,300251.SZ,2022-08-17,2022-08-18,2022-08-17T15:30:00,2022-08-18T09:30:00+08:00,MINUTE-PIT-B-v1:300251.SZ:2022-08-17,PITB-80B916173F29877FD683,0.17231065706,0.258333333333,-0.0190056119904,0.408812517943,0.168474006687,0.342342342342,0.378378378378,0.351351351351,0.0570354330987,0.0847413027919,0.948718042769,19.4437206382,9.2773037055,False,False,True,0,0,0.0334728033473,-0.0198122501065,-1763.229,False,2022,影视院线,0.641538461538,0.120750293083,0.166256157635,0.24,2.22270029698,0.02424923147,0.187987648192,0.531531531532,0.743391727486,18.6416619732
HOLDOUT_O0_2022_2023:300268.SZ-001,HOLDOUT_O0_2022_2023,300268.SZ,2022-07-11,2022-07-12,2022-07-11T15:30:00,2022-07-12T09:30:00+08:00,MINUTE-PIT-B-v1:300268.SZ:2022-07-11,PITB-80B916173F29877FD683,0.181381795251,0.8125,-0.0165820268715,0.353485139037,0.199134433315,0.662162162162,0.635135135135,0.671171171171,0.0877561444646,0.106684071912,0.814706565435,19.2852568522,32.243789368,False,False,True,0,0,0.0104262496167,-0.0638941925823,-6247.298,False,2022,农产品加工,0.881560283688,0.040391290628,0.161103047896,0.286036036036,1.5458420521,0.0733881196155,0.22026012014,0.216216216216,-0.129550714477,18.8083913083
HOLDOUT_O0_2022_2023:300271.SZ-001,HOLDOUT_O0_2022_2023,300271.SZ,2023-01-20,2023-01-30,2023-01-20T15:30:00,2023-01-30T09:30:00+08:00,MINUTE-PIT-B-v1:300271.SZ:2023-01-20,PITB-80B916173F29877FD683,0.152242138408,0.808333333333,-0.00260077928104,0.310896946641,0.14934242447,0.847953216374,0.859649122807,0.830409356725,0.0588020827669,0.0953102090941,0.648648457078,19.8237697658,7.83956368938,False,True,False,1,1,0.31970260223,0.157828363883,13386.96,False,2023,IT服务Ⅱ,0.674110032362,0.140376266281,0.163636363636,0.0322580645161,3.1611281075,0.104707948185,0.132142482847,0.897660818713,0.969894147827,18.7062775215
HOLDOUT_O0_2022_2023:300275.SZ-001,HOLDOUT_O0_2022_2023,300275.SZ,2023-06-19,2023-06-20,2023-06-19T15:30:00,2023-06-20T09:30:00+08:00,MINUTE-PIT-B-v1:300275.SZ:2023-06-19,PITB-80B916173F29877FD683,0.160981901181,0.7125,-0.0292455704866,0.36175164386,0.159192211835,0.593567251462,0.616959064327,0.576023391813,0.0989159322556,0.125709128296,0.787128610034,19.8204818849,16.3262118206,False,False,True,0,0,0.00361010830325,-0.093271349589,-8068.944,False,2023,计算机设备,0.884979423868,0.197665020207,0.172554744526,0.411731528483,2.60479672179,0.0282641906908,0.144766924011,0.763157894737,1.25081708118,18.838415605
HOLDOUT_O0_2022_2023:300285.SZ-001,HOLDOUT_O0_2022_2023,300285.SZ,2023-01-16,2023-01-17,2023-01-16T15:30:00,2023-01-17T09:30:00+08:00,MINUTE-PIT-B-v1:300285.SZ:2023-01-16,PITB-80B916173F29877FD683,0.24192463201,0.475,-0.00100219437902,0.524551741716,0.24192463201,0.730994152047,0.730994152047,0.730994152047,0.080953576929,0.0888137523898,0.932331425507,19.4625784471,30.4438237472,False,False,False,,1,0.118251928021,0.0518787125471,4201.808,False,2023,电子化学品Ⅱ,0.641100323625,0.0257086354647,0.108512970406,0.44014084507,2.88022988599,0.0374172756843,0.169466143661,0.675438596491,1.32087267806,18.4342743319
HOLDOUT_O0_2022_2023:300303.SZ-001,HOLDOUT_O0_2022_2023,300303.SZ,2023-06-14,2023-06-15,2023-06-14T15:30:00,2023-06-15T09:30:00+08:00,MINUTE-PIT-B-v1:300303.SZ:2023-06-14,PITB-80B916173F29877FD683,0.0830855877693,0.541666666667,-0.0315378937631,0.170520927268,0.0744504567437,0.324561403509,0.301169590643,0.301169590643,0.0309723302299,0.0768980165128,0.744680980581,20.8282170215,6.13730899635,False,False,False,,1,0.160453808752,0.0337743914074,2941.209,False,2023,光学光电子,0.726205450734,0.0331674958541,0.169884169884,0.282352941176,2.07169954694,-0.00189319701274,0.123823209412,0.602339181287,0.400685045254,20.0791903737
HOLDOUT_O0_2022_2023:300308.SZ-001,HOLDOUT_O0_2022_2023,300308.SZ,2022-08-11,2022-08-12,2022-08-11T15:30:00,2022-08-12T09:30:00+08:00,MINUTE-PIT-B-v1:300308.SZ:2022-08-11,PITB-80B916173F29877FD683,0.186546341797,0.9,0,0.407592530487,0.186546341797,0.936936936937,0.927927927928,0.927927927928,0.0872187215557,0.0952252648379,0.919003615051,21.0387233302,34.4571764396,False,False,True,0,0,0.00169875424689,-0.122917818399,-11284.312,True,2022,通信设备,0.427593818985,0.189152542373,0.191518943344,0.250453720508,2.22376279718,0.0121048601388,0.200898357659,0.747747747748,0.901702401172,20.2634557312
HOLDOUT_O0_2022_2023:300311.SZ-001,HOLDOUT_O0_2022_2023,300311.SZ,2023-03-28,2023-03-29,2023-03-28T15:30:00,2023-03-29T09:30:00+08:00,MINUTE-PIT-B-v1:300311.SZ:2023-03-28,PITB-80B916173F29877FD683,0.0506158578949,0.154166666667,-0.063550899513,0.10217568687,0.0480585826028,0.0818713450292,0.0701754385965,0.0760233918129,0.0246014643629,0.0981649539062,0.341462818943,20.5542992597,8.39548055142,False,False,True,0,0,0.0709914320685,-0.0542461522541,-5042.878,False,2023,软件开发,0.759307359307,0.130494505495,0.175362318841,0.19801980198,3.22485700471,-0.0014726575885,0.151245713749,0.672514619883,1.39170970411,19.4153179281
HOLDOUT_O0_2022_2023:300315.SZ-001,HOLDOUT_O0_2022_2023,300315.SZ,2022-11-18,2022-11-21,2022-11-18T15:30:00,2022-11-21T09:30:00+08:00,MINUTE-PIT-B-v1:300315.SZ:2022-11-18,PITB-80B916173F29877FD683,0.128091767437,0.575,-0.0375378833197,0.296942508183,0.133321050495,0.423423423423,0.45045045045,0.441441441441,0.0867595711836,0.150211075108,0.641509306647,20.6553147182,3.59824184369,False,False,True,0,0,0.0115606936416,-0.0596859787611,-5002.624,False,2022,游戏Ⅱ,0.748617511521,0.244827586207,0.181818181818,0.3,9.72927049853,0.0220841939916,0.256763116141,0.5,0.555608389113,18.6587962062
HOLDOUT_O0_2022_2023:300316.SZ-001,HOLDOUT_O0_2022_2023,300316.SZ,2023-05-19,2023-05-22,2023-05-19T15:30:00,2023-05-22T09:30:00+08:00,MINUTE-PIT-B-v1:300316.SZ:2023-05-19,PITB-80B916173F29877FD683,0.0670146474387,0.6375,-0.00137492768464,0.146523561168,0.0512822391344,0.602339181287,0.602339181287,0.584795321637,0.00970204330286,0.0224417615647,0.691358547969,19.7473142499,72.5152968667,False,False,True,0,0,0.0149497145964,-0.00972919442612,-788.249,False,2023,光伏设备,0.539746300211,0.0273487317557,0.170941558442,0.423173803526,0.743266611663,-0.0427351525183,0.184421941735,0.251461988304,0.917892335127,19.9594899139
HOLDOUT_O0_2022_2023:300319.SZ-001,HOLDOUT_O0_2022_2023,300319.SZ,2022-08-01,2022-08-02,2022-08-01T15:30:00,2022-08-02T09:30:00+08:00,MINUTE-PIT-B-v1:300319.SZ:2022-08-01,PITB-80B916173F29877FD683,0.113269937524,0.5,-0.0129807230732,0.214396528905,0.125699049509,0.441441441441,0.423423423423,0.459459459459,0.0463325612859,0.0843567330432,0.879517601612,19.7355778471,10.0120979041,False,False,True,0,0,0.0170682730924,-0.0360663432953,-3272.178,False,2022,元件,0.551807228916,0.132664437012,0.195863746959,0,1.69239221293,-0.00477824685817,0.209342627876,0.328828828829,0.39888601533,19.1930583888
HOLDOUT_O0_2022_2023:300327.SZ-001,HOLDOUT_O0_2022_2023,300327.SZ,2022-05-25,2022-05-26,2022-05-25T15:30:00,2022-05-26T09:30:00+08:00,MINUTE-PIT-B-v1:300327.SZ:2022-05-25,PITB-80B916173F29877FD683,0.140192586473,0.65,-0.0161585221004,0.310673321049,0.152426862653,0.563063063063,0.563063063063,0.572072072072,0.063791666653,0.0923733507702,0.682539255374,20.1588818102,61.9548223636,False,False,True,0,0,0.0454104718811,-0.0981132635948,-9723.712,False,2022,半导体,0.797597597598,0.0938704028021,0.139613435917,0,1.90407075248,0.0188550657907,0.424009997824,0.594594594595,0.641181354137,19.4943399126
HOLDOUT_O0_2022_2023:300352.SZ-001,HOLDOUT_O0_2022_2023,300352.SZ,2023-11-22,2023-11-23,2023-11-22T15:30:00,2023-11-23T09:30:00+08:00,MINUTE-PIT-B-v1:300352.SZ:2023-11-22,PITB-80B916173F29877FD683,0.134020531318,0.279166666667,-0.00898482059013,0.286951500703,0.145702260767,0.432748538012,0.432748538012,0.438596491228,0.040078185266,0.047195646392,0.846153846154,20.1129218123,5.54517132763,False,False,True,0,0,0.0018018018018,-0.0451089645045,-3758.896,False,2023,软件开发,0.625091575092,0.0916179337232,0.176344086022,0.183673469388,2.13277723053,0.0689121859699,0.192674806849,0.690058479532,0.60072788304,19.3717817415
HOLDOUT_O0_2022_2023:300355.SZ-001,HOLDOUT_O0_2022_2023,300355.SZ,2023-11-07,2023-11-08,2023-11-07T15:30:00,2023-11-08T09:30:00+08:00,MINUTE-PIT-B-v1:300355.SZ:2023-11-07,PITB-80B916173F29877FD683,0.043119120777,0.6125,-0.0208582652098,0.125763398218,0.0356328877429,0.321637426901,0.333333333333,0.315789473684,0.0117235087856,0.0350094312282,0.533332485623,19.2479237993,4.28755235625,False,False,True,0,0,0.00459770114943,-0.0672513193729,-5877.921,False,2023,基础建设,0.725252525253,0.0833333333333,0.156756756757,0,0.834044417038,0.0226262044055,0.230848014706,0.827485380117,0.573149022352,19.3923651477
HOLDOUT_O0_2022_2023:300357.SZ-001,HOLDOUT_O0_2022_2023,300357.SZ,2023-01-13,2023-01-16,2023-01-13T15:30:00,2023-01-16T09:30:00+08:00,MINUTE-PIT-B-v1:300357.SZ:2023-01-13,PITB-80B916173F29877FD683,0.129799222154,0.516666666667,-0.00216924790856,0.280769852445,0.179817554,0.62865497076,0.622807017544,0.733918128655,0.0446671275503,0.0496562345378,0.935017951109,19.2102192021,56.304469144,False,False,True,0,0,0.0292202077099,-0.0602950041723,-5137.262,False,2023,生物制品,0.76319218241,0.10400929692,0.144927536232,0,1.90486087095,0.00879292078403,0.168452425684,0.321637426901,0.825338715188,18.5778356141
HOLDOUT_O0_2022_2023:300360.SZ-001,HOLDOUT_O0_2022_2023,300360.SZ,2022-08-15,2022-08-16,2022-08-15T15:30:00,2022-08-16T09:30:00+08:00,MINUTE-PIT-B-v1:300360.SZ:2022-08-15,PITB-80B916173F29877FD683,0.129143526354,0.55,-0.019939328509,0.276432070512,0.134028823182,0.432432432432,0.423423423423,0.45045045045,0.0731763215085,0.126360034645,0.73255801059,19.6786655547,13.7342780658,False,False,True,0,0,0.0862190812721,-0.0314863329502,-2809.656,False,2022,电网设备,0.736123348018,0.0331369661267,0.151239669421,0,2.07011817314,0.0103942444251,0.18767089428,0.603603603604,1.03190128999,18.9105087625
HOLDOUT_O0_2022_2023:300376.SZ-001,HOLDOUT_O0_2022_2023,300376.SZ,2022-08-17,2022-08-18,2022-08-17T15:30:00,2022-08-18T09:30:00+08:00,MINUTE-PIT-B-v1:300376.SZ:2022-08-17,PITB-80B916173F29877FD683,0.0166769747843,0.541666666667,-0.013498505,0.0500733809427,0.029605854364,0.342342342342,0.342342342342,0.36036036036,0.00789622790077,0.0258877187556,0.565214867398,20.1320603278,8.89234856681,False,False,True,0,0,0.0491071428571,-0.0722381585492,-6536.426,False,2022,其他电源设备Ⅱ,0.447912087912,0.02416570771,0.15183682623,0,1.32202723149,0.02424923147,0.187987648192,0.531531531532,1.05927751237,19.825904209
HOLDOUT_O0_2022_2023:300395.SZ-001,HOLDOUT_O0_2022_2023,300395.SZ,2023-06-30,2023-07-03,2023-06-30T15:30:00,2023-07-03T09:30:00+08:00,MINUTE-PIT-B-v1:300395.SZ:2023-06-30,PITB-80B916173F29877FD683,0.137499166193,0.383333333333,-0.00481159072847,0.305260488101,0.155367102652,0.543859649123,0.561403508772,0.549707602339,0.0562263318575,0.0823060291336,0.674185791932,19.9548733526,49.2956396276,False,False,True,0,0,0.00670459162942,-0.0852100099792,-7537.368,False,2023,航空装备Ⅱ,0.516732283465,0.0254272613589,0.124136342699,0.30241187384,2.85309893611,0.0095989566166,0.196423369829,0.236842105263,0.89885404775,18.935526316
HOLDOUT_O0_2022_2023:300398.SZ-001,HOLDOUT_O0_2022_2023,300398.SZ,2023-03-27,2023-03-28,2023-03-27T15:30:00,2023-03-28T09:30:00+08:00,MINUTE-PIT-B-v1:300398.SZ:2023-03-27,PITB-80B916173F29877FD683,-0.00366842202608,0.229166666667,-0.00182227879704,-0.00613151163916,0.0024337787258,0.342105263158,0.342105263158,0.342105263158,0.000947440013335,0.062017589611,0.0148151497127,20.5282375411,21.5588222173,False,False,True,0,0,0.0734597156398,-0.0424524468892,-3936.515,False,2023,电子化学品Ⅱ,0.461304347826,0.101147028154,0.151849806737,0.383966244726,2.52389461508,0.0211758267276,0.14760574766,0.824561403509,0.987539290055,19.6268678828
HOLDOUT_O0_2022_2023:300408.SZ-001,HOLDOUT_O0_2022_2023,300408.SZ,2023-01-09,2023-01-10,2023-01-09T15:30:00,2023-01-10T09:30:00+08:00,MINUTE-PIT-B-v1:300408.SZ:2023-01-09,PITB-80B916173F29877FD683,0.178207071276,0.229166666667,-0.0174746060701,0.339893966927,0.178207071276,0.43567251462,0.406432748538,0.423976608187,0.0621878050008,0.0699900563902,0.889907502354,20.3158923127,31.3927733818,False,False,False,,1,0.0990654205607,0.0242958200444,2107.411,False,2023,元件,0.762939297125,0.067,0.0857927247769,0.444,1.9460374052,-0.00513913787353,0.169047401847,0.380116959064,1.02713119813,19.6665337152
HOLDOUT_O0_2022_2023:300411.SZ-001,HOLDOUT_O0_2022_2023,300411.SZ,2022-07-14,2022-07-15,2022-07-14T15:30:00,2022-07-15T09:30:00+08:00,MINUTE-PIT-B-v1:300411.SZ:2022-07-14,PITB-80B916173F29877FD683,0.0305320799206,0.333333333333,-0.0159821149856,0.0580456042412,0.0270316652524,0.198198198198,0.198198198198,0.189189189189,0.00925931621435,0.0392660326113,0.558824849376,18.6403989385,8.65569657328,False,False,False,,1,0.0997679814385,0.000360260927164,33.88,False,2022,专用设备,0.795305164319,0.100126742712,0.164420485175,0.347826086957,1.1888467906,0.0757113012752,0.25371812784,0.144144144144,0.415175006003,18.4433527202
HOLDOUT_O0_2022_2023:300423.SZ-001,HOLDOUT_O0_2022_2023,300423.SZ,2023-07-14,2023-07-17,2023-07-14T15:30:00,2023-07-17T09:30:00+08:00,MINUTE-PIT-B-v1:300423.SZ:2023-07-14,PITB-80B916173F29877FD683,0.0556624534538,0.241666666667,-0.0057260401069,0.11417884368,0.0531965839726,0.333333333333,0.321637426901,0.33918128655,0.0188452560869,0.0817276480943,0.455445479113,19.6108768168,12.4030838878,False,False,False,,1,0.0237899917966,0.0111012859167,921.128,False,2023,电网设备,0.705813953488,0.189189189189,0.1982421875,0.0788177339901,1.24463601314,0.00871804567929,0.195809572238,0.140350877193,0.956162214702,19.3913488937
HOLDOUT_O0_2022_2023:300424.SZ-001,HOLDOUT_O0_2022_2023,300424.SZ,2023-05-31,2023-06-01,2023-05-31T15:30:00,2023-06-01T09:30:00+08:00,MINUTE-PIT-B-v1:300424.SZ:2023-05-31,PITB-80B916173F29877FD683,0.158984802824,0.7375,-0.00486616835876,0.341073088723,0.167954403976,0.795321637427,0.812865497076,0.801169590643,0.127419706852,0.179363024667,0.691729172351,19.9519626312,15.1762431811,False,False,True,0,0,0.0195813639433,-0.0518644083803,-4536.392,False,2023,航空装备Ⅱ,0.666013071895,0.143494423792,0.141157811261,0.325842696629,5.02490643869,-0.0128480484157,0.125890883015,0.561403508772,1.22137105123,18.4574989301
HOLDOUT_O0_2022_2023:300427.SZ-001,HOLDOUT_O0_2022_2023,300427.SZ,2022-07-20,2022-07-21,2022-07-20T15:30:00,2022-07-21T09:30:00+08:00,MINUTE-PIT-B-v1:300427.SZ:2022-07-20,PITB-80B916173F29877FD683,0.135175113247,0.429166666667,-0.0152049851882,0.289529973651,0.119572139871,0.405405405405,0.405405405405,0.378378378378,0.044039576528,0.058155917576,0.939998626709,19.3435423134,17.3164329263,False,False,True,0,0,0.0230017251294,-0.0387272302166,-3640.356,False,2022,电网设备,0.760969976905,0.185483870968,0.18156424581,0.00769230769231,2.23692018283,0.0493673003296,0.252148663229,0.432432432432,0.287915159964,18.5166568
HOLDOUT_O0_2022_2023:300433.SZ-001,HOLDOUT_O0_2022_2023,300433.SZ,2022-07-08,2022-07-11,2022-07-08T15:30:00,2022-07-11T09:30:00+08:00,MINUTE-PIT-B-v1:300433.SZ:2022-07-08,PITB-80B916173F29877FD683,0.135574156079,0.8125,-0.0138530219488,0.2891608454,0.138261124027,0.644144144144,0.626126126126,0.653153153153,0.0535842811313,0.0872416168804,0.64646451997,21.2362783677,11.505652688,False,False,True,0,0,0.00869565217391,-0.0511826974307,-5006.626,False,2022,消费电子,0.390070921986,0.13188976378,0.18,0,2.42669127539,0.0929685565296,0.208174202421,0.522522522523,1.09632883972,20.3837782478
HOLDOUT_O0_2022_2023:300456.SZ-001,HOLDOUT_O0_2022_2023,300456.SZ,2023-06-30,2023-07-03,2023-06-30T15:30:00,2023-07-03T09:30:00+08:00,MINUTE-PIT-B-v1:300456.SZ:2023-06-30,PITB-80B916173F29877FD683,0.132502954425,0.866666666667,-0.00611621132027,0.287176707856,0.131650685019,0.766081871345,0.777777777778,0.760233918129,0.058023804903,0.0817461627985,0.75,20.9863119467,24.2956910564,False,False,True,0,0,0.0141299959629,-0.0861911707552,-7676.442,False,2023,半导体,0.870669291339,0.185472154964,0.189938398357,0.27485380117,1.62821005307,0.0095989566166,0.196423369829,0.236842105263,0.766299521277,20.4576850237
HOLDOUT_O0_2022_2023:300473.SZ-001,HOLDOUT_O0_2022_2023,300473.SZ,2023-11-07,2023-11-08,2023-11-07T15:30:00,2023-11-08T09:30:00+08:00,MINUTE-PIT-B-v1:300473.SZ:2023-11-07,PITB-80B916173F29877FD683,0.093702955026,0.679166666667,-0.00258604459148,0.279144433599,0.0875136768425,0.672514619883,0.713450292398,0.66081871345,0.0243094107891,0.036273347113,0.885714207863,19.346894612,19.4392488598,False,False,False,,1,0.148925281474,0.0213779727522,1839.103,False,2023,汽车零部件,0.692525252525,0.0601300108342,0.11716937355,0.221649484536,1.49891338757,0.0226262044055,0.230848014706,0.827485380117,1.10389698098,18.8941113874
HOLDOUT_O0_2022_2023:300507.SZ-001,HOLDOUT_O0_2022_2023,300507.SZ,2023-11-07,2023-11-08,2023-11-07T15:30:00,2023-11-08T09:30:00+08:00,MINUTE-PIT-B-v1:300507.SZ:2023-11-07,PITB-80B916173F29877FD683,0.301128339019,0.745833333333,-0.00293685679436,0.669153989918,0.294701043191,0.891812865497,0.891812865497,0.891812865497,0.181058127906,0.188662683722,1,21.1302981179,7.53373485182,False,False,False,,1,0.125810635538,-0.00550440610103,-498.702,False,2023,汽车零部件,0.88101010101,0.30313014827,0.162257495591,0.184782608696,6.38217728383,0.0226262044055,0.230848014706,0.827485380117,0.95705866487,19.4019391711
HOLDOUT_O0_2022_2023:300510.SZ-001,HOLDOUT_O0_2022_2023,300510.SZ,2023-10-11,2023-10-12,2023-10-11T15:30:00,2023-10-12T09:30:00+08:00,MINUTE-PIT-B-v1:300510.SZ:2023-10-11,PITB-80B916173F29877FD683,0.156044544644,0.558333333333,-0.0147357167095,0.287352717757,0.156044544644,0.555555555556,0.526315789474,0.543859649123,0.0759171932172,0.120009128381,0.764044865561,20.1520173012,7.51162369293,False,False,True,0,0,0.0639147802929,-0.0209649931233,-1733.65,False,2023,电网设备,0.814678899083,0.0743338008415,0.14263322884,0.130952380952,3.27383686279,-0.0215787546033,0.156379165075,0.456140350877,1.09040486698,18.982597129
HOLDOUT_O0_2022_2023:300513.SZ-001,HOLDOUT_O0_2022_2023,300513.SZ,2023-02-15,2023-02-16,2023-02-15T15:30:00,2023-02-16T09:30:00+08:00,MINUTE-PIT-B-v1:300513.SZ:2023-02-15,PITB-80B916173F29877FD683,0.190528290133,0.208333333333,-0.00076192223738,0.443538510624,0.185917544086,0.66081871345,0.66081871345,0.654970760234,0.0502166243854,0.0628479156219,0.869048051553,19.3314460597,13.3567889504,False,False,True,0,0,0.00735294117647,-0.053987983914,-4773.041,False,2023,通信服务,0.717289719626,0.18339100346,0.198369565217,0.109589041096,1.97148262012,0.084187977547,0.128869847962,0.766081871345,0.283885609835,18.6592494706
HOLDOUT_O0_2022_2023:300532.SZ-001,HOLDOUT_O0_2022_2023,300532.SZ,2022-08-15,2022-08-16,2022-08-15T15:30:00,2022-08-16T09:30:00+08:00,MINUTE-PIT-B-v1:300532.SZ:2022-08-15,PITB-80B916173F29877FD683,0.115678052172,0.533333333333,-0.0157160418628,0.234878699601,0.109379037318,0.45045045045,0.441441441441,0.423423423423,0.0341971123397,0.0605022939725,0.822222316412,18.9380712973,14.8857901592,False,False,False,,1,0.10012755102,-0.0392591344225,-3630.307,False,2022,IT服务Ⅱ,0.652202643172,0.096098265896,0.168224299065,0.25974025974,1.09801095845,0.0103942444251,0.18767089428,0.603603603604,1.23730279694,18.8201927913
HOLDOUT_O0_2022_2023:300537.SZ-001,HOLDOUT_O0_2022_2023,300537.SZ,2023-01-12,2023-01-13,2023-01-12T15:30:00,2023-01-13T09:30:00+08:00,MINUTE-PIT-B-v1:300537.SZ:2023-01-12,PITB-80B916173F29877FD683,0.125397775088,0.516666666667,-0.0110498409813,0.280911592077,0.12185034357,0.464912280702,0.476608187135,0.459064327485,0.101995123579,0.17669401549,0.682926764431,20.0502944959,16.2098336963,False,False,True,0,0,0.0736593989393,-0.075342898643,-6887.948,False,2023,电子化学品Ⅱ,0.898026315789,0.109570957096,0.192452830189,0.153846153846,4.24460498874,0.0125069227844,0.171114449694,0.432748538012,0.996823040008,18.6368213825
HOLDOUT_O0_2022_2023:300598.SZ-001,HOLDOUT_O0_2022_2023,300598.SZ,2022-07-19,2022-07-20,2022-07-19T15:30:00,2022-07-20T09:30:00+08:00,MINUTE-PIT-B-v1:300598.SZ:2022-07-19,PITB-80B916173F29877FD683,0.204824106588,0.495833333333,-0.0104601591084,0.322346110154,0.201108031391,0.594594594595,0.531531531532,0.594594594595,0.13519860285,0.169231108896,0.841310007625,20.7681174164,47.1749550227,False,False,True,0,0,0.056912209889,-0.0808094295422,-7602.55,False,2022,软件开发,0.532638888889,0.210218978102,0.166923076923,0.226785714286,4.04812891977,0.0317337205959,0.255114857152,0.193693693694,0.855528334374,19.419002981
HOLDOUT_O0_2022_2023:300598.SZ-002,HOLDOUT_O0_2022_2023,300598.SZ,2023-08-07,2023-08-08,2023-08-07T15:30:00,2023-08-08T09:30:00+08:00,MINUTE-PIT-B-v1:300598.SZ:2023-08-07,PITB-80B916173F29877FD683,0.156565783523,0.2375,-0.0110246663928,0.336473075254,0.156565783523,0.444444444444,0.456140350877,0.432748538012,0.0545893566692,0.0847570801064,0.857142617602,20.2644736416,53.8147800067,False,False,True,0,0,0.0281353438764,-0.0236538011455,-1931.37,False,2023,软件开发,0.748983739837,0.0975803252678,0.177500547166,0.379778051788,2.22155665592,-0.00247630143893,0.143370244771,0.184210526316,1.33915610456,19.4443095027
HOLDOUT_O0_2022_2023:300601.SZ-001,HOLDOUT_O0_2022_2023,300601.SZ,2023-10-30,2023-10-31,2023-10-30T15:30:00,2023-10-31T09:30:00+08:00,MINUTE-PIT-B-v1:300601.SZ:2023-10-30,PITB-80B916173F29877FD683,0.153967174322,0.7875,-0.00266311488312,0.346245195309,0.170967027048,0.842105263158,0.883040935673,0.87134502924,0.0469760733458,0.0685314418626,0.67804903465,20.2295193592,30.1887108702,False,False,True,0,0,0.0486593843098,-0.0195068089805,-1592.703,False,2023,生物制品,0.520869565217,0.0669249735822,0.127506621264,0,2.22525732645,-0.00286579921277,0.194244041671,0.535087719298,0.822645691865,19.4596303831
HOLDOUT_O0_2022_2023:300611.SZ-001,HOLDOUT_O0_2022_2023,300611.SZ,2023-11-23,2023-11-24,2023-11-23T15:30:00,2023-11-24T09:30:00+08:00,MINUTE-PIT-B-v1:300611.SZ:2023-11-23,PITB-80B916173F29877FD683,0.121896656027,0.7125,-0.01358253912,0.286213358013,0.113571920473,0.576023391813,0.605263157895,0.570175438596,0.0410615477486,0.0783080684872,0.680851732999,18.9286060178,12.0882317827,False,False,False,,1,0.0106907894737,0.00128489931122,106.352,False,2023,汽车零部件,0.676513761468,0.0923766816143,0.184133202742,0.0106382978723,1.52694971386,0.0695939836269,0.192832779007,0.830409356725,1.68978639601,18.4843612442
HOLDOUT_O0_2022_2023:300629.SZ-001,HOLDOUT_O0_2022_2023,300629.SZ,2023-07-05,2023-07-06,2023-07-05T15:30:00,2023-07-06T09:30:00+08:00,MINUTE-PIT-B-v1:300629.SZ:2023-07-05,PITB-80B916173F29877FD683,0.074912190772,0.741666666667,-0.00232825419132,0.152964337456,0.0710552255232,0.666666666667,0.66081871345,0.672514619883,0.0188063665769,0.0423593456774,0.744443267071,19.3167409568,21.3786083535,False,False,True,0,0,0.00892018779343,-0.0479154648169,-4086.48,False,2023,军工电子Ⅱ,0.650950570342,0.139224489796,0.182933104631,0.0531914893617,1.50998291982,-0.00186440982618,0.196430648222,0.152046783626,0.178220698507,18.9121861531
HOLDOUT_O0_2022_2023:300661.SZ-001,HOLDOUT_O0_2022_2023,300661.SZ,2023-10-30,2023-10-31,2023-10-30T15:30:00,2023-10-31T09:30:00+08:00,MINUTE-PIT-B-v1:300661.SZ:2023-10-30,PITB-80B916173F29877FD683,0.17755177511,0.504166666667,-0.0245528894005,0.293826978562,0.203145610117,0.491228070175,0.438596491228,0.508771929825,0.107063184752,0.126740201369,0.836314688631,20.5381755787,89.2076571219,False,False,True,0,0,0.0673254425019,-0.0636619325945,-5281.641,False,2023,半导体,0.630869565217,0.183371883834,0.198047419805,0.0198237885463,3.74136830839,-0.00286579921277,0.194244041671,0.535087719298,1.18701282109,19.2836827971
HOLDOUT_O0_2022_2023:300663.SZ-001,HOLDOUT_O0_2022_2023,300663.SZ,2022-07-19,2022-07-20,2022-07-19T15:30:00,2022-07-20T09:30:00+08:00,MINUTE-PIT-B-v1:300663.SZ:2022-07-19,PITB-80B916173F29877FD683,0.214568475353,0.441666666667,-0.0104712900639,0.366687895859,0.214568475353,0.585585585586,0.540540540541,0.585585585586,0.130978836115,0.150216661091,0.878260581119,20.5248078517,15.4812847746,False,False,True,0,0,0.075,-0.019463036963,-1807.976,False,2022,软件开发,0.330324074074,0.064346684176,0.140248356465,0.109375,3.65490217372,0.0317337205959,0.255114857152,0.193693693694,1.14725837219,19.2986874809
HOLDOUT_O0_2022_2023:300663.SZ-002,HOLDOUT_O0_2022_2023,300663.SZ,2022-08-12,2022-08-15,2022-08-12T15:30:00,2022-08-15T09:30:00+08:00,MINUTE-PIT-B-v1:300663.SZ:2022-08-12,PITB-80B916173F29877FD683,0.0695576350544,0.670833333333,-0.0135888020004,0.127611243444,0.0659839129974,0.477477477477,0.459459459459,0.468468468468,0.0242437041011,0.0637545267837,0.714286492795,20.3160977608,16.6205215895,False,False,True,0,0,0.0259975816203,-0.0836029913293,-7727.118,False,2022,软件开发,0.428381374723,0.219868517166,0.197954711468,0.0774907749077,1.7584962985,0.0186213048869,0.194600483127,0.612612612613,0.889249906858,19.7754946235
HOLDOUT_O0_2022_2023:300676.SZ-001,HOLDOUT_O0_2022_2023,300676.SZ,2022-11-18,2022-11-21,2022-11-18T15:30:00,2022-11-21T09:30:00+08:00,MINUTE-PIT-B-v1:300676.SZ:2022-11-18,PITB-80B916173F29877FD683,0.0766211023439,0.583333333333,-0.00588045802953,0.170859462413,0.0891096157522,0.608108108108,0.599099099099,0.626126126126,0.0218166912245,0.0248948406867,0.875000941126,19.5330606069,61.3218710001,False,False,True,0,0,0.0362295081967,-0.0334105239023,-2652.104,False,2022,医疗服务,0.425576036866,0.0795235592923,0.17669827753,0,1.33145796847,0.0220841939916,0.256763116141,0.5,0.760138886999,19.2298048762
HOLDOUT_O0_2022_2023:300722.SZ-001,HOLDOUT_O0_2022_2023,300722.SZ,2022-07-20,2022-07-21,2022-07-20T15:30:00,2022-07-21T09:30:00+08:00,MINUTE-PIT-B-v1:300722.SZ:2022-07-20,PITB-80B916173F29877FD683,0.226823594696,0.566666666667,-0.00936248685445,0.477179076993,0.22854434912,0.734234234234,0.725225225225,0.734234234234,0.137244029356,0.171339828941,0.787120108367,19.9874492772,33.2233085111,False,False,True,0,0,0.000591540964212,-0.0495219066648,-4525.227,False,2022,航天装备Ⅱ,0.684295612009,0.200910045502,0.154203935599,0.352668213457,4.00241896176,0.0493673003296,0.252148663229,0.432432432432,1.27665197497,18.6922811917
HOLDOUT_O0_2022_2023:300730.SZ-001,HOLDOUT_O0_2022_2023,300730.SZ,2023-03-23,2023-03-24,2023-03-23T15:30:00,2023-03-24T09:30:00+08:00,MINUTE-PIT-B-v1:300730.SZ:2023-03-23,PITB-80B916173F29877FD683,0.0798619136069,0.629166666667,-0.0158898332813,0.174118295497,0.0763001345838,0.40350877193,0.415204678363,0.415204678363,0.0275879302056,0.0473826753892,0.695651933541,19.9760582735,14.6611310601,False,True,False,1,1,0.208747514911,-0.0122235355269,-1212.111,False,2023,软件开发,0.673348017621,0.143968871595,0.146592709984,0.043956043956,1.46627050479,-0.010060432423,0.150041430747,0.584795321637,1.62655821171,19.5917146549
HOLDOUT_O0_2022_2023:300740.SZ-001,HOLDOUT_O0_2022_2023,300740.SZ,2022-07-18,2022-07-19,2022-07-18T15:30:00,2022-07-19T09:30:00+08:00,MINUTE-PIT-B-v1:300740.SZ:2022-07-18,PITB-80B916173F29877FD683,0.221220201311,0.920833333333,-0.0109665146854,0.516295727264,0.225062087586,0.81981981982,0.828828828829,0.81981981982,0.103021654366,0.104529984774,1,20.0725037231,14.2821114649,False,False,False,,1,0.134693877551,0.0679515819458,6299.289,False,2022,化妆品,0.588758782201,0.12118902439,0.163420829805,0.198863636364,4.6150743421,0.0342960537063,0.254288845149,0.0900900900901,1.02013546112,18.5956946289
HOLDOUT_O0_2022_2023:300750.SZ-001,HOLDOUT_O0_2022_2023,300750.SZ,2023-08-04,2023-08-07,2023-08-04T15:30:00,2023-08-07T09:30:00+08:00,MINUTE-PIT-B-v1:300750.SZ:2023-08-04,PITB-80B916173F29877FD683,0.0196716684475,0.479166666667,-0.00988261219287,0.0451252033266,0.00972979675605,0.280701754386,0.280701754386,0.280701754386,0.00207944668333,0.0360476684965,0.497174108698,22.7693878025,245.105724024,False,False,False,,1,0.019754601227,0.0118801443955,872.28,False,2023,电池,0.561795407098,0.104656917885,0.153593825374,0.129464285714,2.0875962624,0.0107089041366,0.142957699809,0.140350877193,1.09006421854,22.0421689248
HOLDOUT_O0_2022_2023:300774.SZ-001,HOLDOUT_O0_2022_2023,300774.SZ,2022-06-06,2022-06-07,2022-06-06T15:30:00,2022-06-07T09:30:00+08:00,MINUTE-PIT-B-v1:300774.SZ:2022-06-06,PITB-80B916173F29877FD683,0.160422564251,0.65,-0.00738008859813,0.414843511549,0.131293723973,0.716216216216,0.77027027027,0.671171171171,0.0533723442428,0.070711386869,0.985916514549,19.1150868786,20.3801922343,False,False,True,0,0,0.00577478344562,-0.117087739615,-12586.392,True,2022,环境治理,0.76081871345,0.116603976357,0.170100058858,0.0185185185185,1.51639409486,0.137657323945,0.236685359961,0.891891891892,0.317573018479,18.6613495699
HOLDOUT_O0_2022_2023:300782.SZ-001,HOLDOUT_O0_2022_2023,300782.SZ,2023-01-16,2023-01-17,2023-01-16T15:30:00,2023-01-17T09:30:00+08:00,MINUTE-PIT-B-v1:300782.SZ:2023-01-16,PITB-80B916173F29877FD683,0.169506991725,0.675,-0.0195431299196,0.397994849946,0.174813781197,0.616959064327,0.634502923977,0.611111111111,0.0650142694395,0.0729690198666,0.953683953536,21.1247512469,131.939603756,False,False,True,0,0,0.0662721893491,-0.104898503863,-8517.876,True,2023,半导体,0.920064724919,0.15850193715,0.184235161955,0.395325203252,2.09890341019,0.0374172756843,0.169466143661,0.675438596491,1.42404765557,20.3460303168
HOLDOUT_O0_2022_2023:300782.SZ-002,HOLDOUT_O0_2022_2023,300782.SZ,2023-10-13,2023-10-16,2023-10-13T15:30:00,2023-10-16T09:30:00+08:00,MINUTE-PIT-B-v1:300782.SZ:2023-10-13,PITB-80B916173F29877FD683,0.135253872659,0.745833333333,-0.00196625968104,0.260373648884,0.132132731725,0.821637426901,0.769005847953,0.809941520468,0.026390121788,0.0346536067765,0.851937588416,20.3960699973,127.735278664,False,False,False,,1,0.0125,0.00455138611389,349.896,False,2023,半导体,0.659545454545,0.0210191082803,0.172161172161,0.389893617021,1.29574274798,-0.00667855804792,0.142088191712,0.459064327485,1.27136295117,20.1033024972
HOLDOUT_O0_2022_2023:300792.SZ-001,HOLDOUT_O0_2022_2023,300792.SZ,2023-02-07,2023-02-08,2023-02-07T15:30:00,2023-02-08T09:30:00+08:00,MINUTE-PIT-B-v1:300792.SZ:2023-02-07,PITB-80B916173F29877FD683,0.0937993047498,0.720833333333,-0.0500568149042,0.168955869112,0.0905902175698,0.456140350877,0.397660818713,0.450292397661,0.0688232138876,0.139150975087,0.671772406966,20.3662634352,32.7447778777,False,False,True,0,0,0.00657698056801,-0.0271048260323,-2357.602,False,2023,互联网电商,0.761643835616,0.188426252646,0.176822429907,0.0915032679739,5.85301984506,0.0874522151576,0.128053860209,0.868421052632,0.645631760193,18.7104311163
HOLDOUT_O0_2022_2023:300793.SZ-001,HOLDOUT_O0_2022_2023,300793.SZ,2022-08-17,2022-08-18,2022-08-17T15:30:00,2022-08-18T09:30:00+08:00,MINUTE-PIT-B-v1:300793.SZ:2022-08-17,PITB-80B916173F29877FD683,0.0724563076104,0.554166666667,-0.00705060751137,0.176454171575,0.0689707008248,0.522522522523,0.540540540541,0.504504504505,0.0250377168862,0.0648000419596,0.589285136486,19.9051200689,17.3661365163,False,False,False,,1,0.103971962617,-0.0491268706132,-4377.844,False,2022,消费电子,0.525934065934,0.115458627325,0.184083044983,0.244360902256,1.68025231407,0.02424923147,0.187987648192,0.531531531532,0.77532065768,19.378985341
HOLDOUT_O0_2022_2023:300809.SZ-001,HOLDOUT_O0_2022_2023,300809.SZ,2023-03-24,2023-03-27,2023-03-24T15:30:00,2023-03-27T09:30:00+08:00,MINUTE-PIT-B-v1:300809.SZ:2023-03-24,PITB-80B916173F29877FD683,0.0862936998497,0.491666666667,-0.0116765580554,0.174235752644,0.103583577786,0.380116959064,0.356725146199,0.415204678363,0.0351507667653,0.0571104221616,0.654412424688,19.2941740725,24.0527701677,False,False,True,0,0,0.0543933054393,-0.025950953835,-2294.54,False,2023,通用设备,0.430786026201,0.0907852927826,0.122544434051,0.106870229008,1.58708561404,0.00138922921731,0.14917994352,0.605263157895,1.19747421412,18.8434818731
HOLDOUT_O0_2022_2023:300811.SZ-001,HOLDOUT_O0_2022_2023,300811.SZ,2023-06-19,2023-06-20,2023-06-19T15:30:00,2023-06-20T09:30:00+08:00,MINUTE-PIT-B-v1:300811.SZ:2023-06-19,PITB-80B916173F29877FD683,0.128239712937,0.525,-0.00956944611326,0.283902264582,0.135336136112,0.505847953216,0.517543859649,0.529239766082,0.0581827056518,0.104653576871,0.721874826774,19.8493987523,61.3265412016,False,False,False,,1,0.11694969561,-0.0232627033332,-2034.914,False,2023,金属新材料,0.732510288066,0.180460732984,0.180931015143,0.204851752022,2.61044525757,0.0282641906908,0.144766924011,0.763157894737,1.03003039712,18.916084002
HOLDOUT_O0_2022_2023:300832.SZ-001,HOLDOUT_O0_2022_2023,300832.SZ,2022-06-29,2022-06-30,2022-06-29T15:30:00,2022-06-30T09:30:00+08:00,MINUTE-PIT-B-v1:300832.SZ:2022-06-29,PITB-80B916173F29877FD683,0.0775114349793,0.304166666667,0,0.165497860012,0.0690870146909,0.486486486486,0.459459459459,0.459459459459,0.0250297129073,0.056152680141,0.558233165527,19.1055489743,44.6105694885,False,False,True,0,0,0.0699774266366,-0.0265538073664,-2590.522,False,2022,医疗器械,0.77181372549,0.112221944514,0.170360480641,0.0397614314115,1.2405131702,0.130998868227,0.251666873945,0.801801801802,0.451675252537,18.8726358247
HOLDOUT_O0_2022_2023:300855.SZ-001,HOLDOUT_O0_2022_2023,300855.SZ,2022-10-24,2022-10-25,2022-10-24T15:30:00,2022-10-25T09:30:00+08:00,MINUTE-PIT-B-v1:300855.SZ:2022-10-24,PITB-80B916173F29877FD683,0.03439252619,0.508333333333,-0.0308473903132,0.0900920935799,0.03439252619,0.202702702703,0.202702702703,0.211711711712,0.0188954539657,0.047297803125,0.59437692554,18.8810926194,52.895746275,False,False,False,,1,0.0506545247581,0.0262133995771,2074.635,False,2022,金属新材料,0.796750902527,0.0736906211937,0.18689045135,0.265776699029,1.34420836794,0.00645772510199,0.270747258034,0.414414414414,0.847596199985,18.507890371
HOLDOUT_O0_2022_2023:300857.SZ-001,HOLDOUT_O0_2022_2023,300857.SZ,2023-03-30,2023-03-31,2023-03-30T15:30:00,2023-03-31T09:30:00+08:00,MINUTE-PIT-B-v1:300857.SZ:2023-03-30,PITB-80B916173F29877FD683,0.177979764403,0.458333333333,-0.00702047409255,0.365777055488,0.177979764403,0.59649122807,0.59649122807,0.584795321637,0.0922726880992,0.10252876355,0.912697944151,19.7090028127,24.8706271195,False,False,False,,1,0.147117296223,-0.0431356686191,-3907.25,False,2023,消费电子,0.841086956522,0.136021267169,0.175688976378,0.179271708683,3.56948706668,-0.00391217347789,0.143890257094,0.315789473684,1.12480095456,18.495556458
HOLDOUT_O0_2022_2023:300888.SZ-001,HOLDOUT_O0_2022_2023,300888.SZ,2022-12-02,2022-12-05,2022-12-02T15:30:00,2022-12-05T09:30:00+08:00,MINUTE-PIT-B-v1:300888.SZ:2022-12-02,PITB-80B916173F29877FD683,0.297803415721,0.3125,-0.00556940868994,0.565487836979,0.298066992452,0.657657657658,0.657657657658,0.657657657658,0.115788613171,0.121118905125,0.964852883297,20.3046022348,73.9724461926,False,False,True,0,0,0.0794805194805,-0.0035533297871,-273.88,False,2022,个护用品,0.685371702638,0.128847845207,0.134869431644,0.390117035111,5.02516604573,-0.0145656244788,0.162439597278,0.0900900900901,0.654109870733,18.8426743486
HOLDOUT_O0_2022_2023:300925.SZ-001,HOLDOUT_O0_2022_2023,300925.SZ,2023-03-22,2023-03-23,2023-03-22T15:30:00,2023-03-23T09:30:00+08:00,MINUTE-PIT-B-v1:300925.SZ:2023-03-22,PITB-80B916173F29877FD683,0.05047319358,0.691666666667,-0.00842793428489,0.146289321714,0.0526162171365,0.479532163743,0.497076023392,0.491228070175,0.0166777583609,0.0449947239798,0.728571954066,19.4068203908,15.6068344251,False,True,False,1,1,0.216666666667,-0.0123417662713,-1079.922,False,2023,软件开发,0.740534521158,0.085635359116,0.141592920354,0.165714285714,1.43075625076,-0.0183092519218,0.147846116371,0.423976608187,1.3534931079,19.0328392976
HOLDOUT_O0_2022_2023:300939.SZ-001,HOLDOUT_O0_2022_2023,300939.SZ,2023-04-19,2023-04-20,2023-04-19T15:30:00,2023-04-20T09:30:00+08:00,MINUTE-PIT-B-v1:300939.SZ:2023-04-19,PITB-80B916173F29877FD683,0.14648619726,0.75,-0.0257695084678,0.290211330959,0.150999578762,0.608187134503,0.608187134503,0.602339181287,0.0878066507901,0.120823899438,0.714628501381,19.7468055674,35.2574416339,False,False,False,,1,0.0548763150412,0.00310977052518,273.7,False,2023,光学光电子,0.494824016563,0.0948116121062,0.137671680837,0.0950118764846,3.91500913453,0.0333142487958,0.124054478548,0.230994152047,1.59869096274,18.4867152846
HOLDOUT_O0_2022_2023:300994.SZ-001,HOLDOUT_O0_2022_2023,300994.SZ,2022-07-06,2022-07-07,2022-07-06T15:30:00,2022-07-07T09:30:00+08:00,MINUTE-PIT-B-v1:300994.SZ:2022-07-06,PITB-80B916173F29877FD683,0.0835917287121,0.583333333333,-0.0133294498134,0.206018436903,0.0835917287121,0.509009009009,0.509009009009,0.490990990991,0.0455911686767,0.0636891651366,0.910798811534,19.4929217174,33.5685569753,False,False,True,0,0,0.0015015015015,-0.151495206166,-16021.474,True,2022,摩托车及其他,0.662884160757,0.19118667592,0.193514275643,0.0746812386157,1.6860158016,0.0782975289198,0.244849367884,0.351351351351,0.505662776158,18.9763101172
HOLDOUT_O0_2022_2023:301039.SZ-001,HOLDOUT_O0_2022_2023,301039.SZ,2023-07-03,2023-07-04,2023-07-03T15:30:00,2023-07-04T09:30:00+08:00,MINUTE-PIT-B-v1:301039.SZ:2023-07-03,PITB-80B916173F29877FD683,0.105138665921,0.545833333333,-0.014846510834,0.231315128373,0.124668728739,0.456140350877,0.432748538012,0.46783625731,0.0558558287906,0.0875151608789,0.628099342911,20.5074479417,14.0317794558,False,False,True,0,0,0.0229062276306,-0.0372951064829,-3232.09,False,2023,商用车,0.882549019608,0.168755221387,0.170212765957,0.155405405405,3.2135946689,0.00513997655102,0.195328486485,0.184210526316,1.27436653684,19.3524493824
HOLDOUT_O0_2022_2023:301091.SZ-001,HOLDOUT_O0_2022_2023,301091.SZ,2023-07-31,2023-08-01,2023-07-31T15:30:00,2023-08-01T09:30:00+08:00,MINUTE-PIT-B-v1:301091.SZ:2023-07-31,PITB-80B916173F29877FD683,0.0962961887364,0.641666666667,-0.00468385721636,0.257343829698,0.0962961887364,0.640350877193,0.640350877193,0.634502923977,0.0414997908646,0.0768033368103,0.593332926432,19.6759907801,19.6090649015,False,False,True,0,0,0.0103519668737,-0.0190446199763,-1583.733,False,2023,工程咨询服务Ⅱ,0.762525879917,0.0678241996744,0.110281447444,0.0752688172043,2.29431201324,-0.0154152545948,0.148750759621,0.0555555555556,0.91312401542,18.880702557
HOLDOUT_O0_2022_2023:301160.SZ-001,HOLDOUT_O0_2022_2023,301160.SZ,2023-11-08,2023-11-09,2023-11-08T15:30:00,2023-11-09T09:30:00+08:00,MINUTE-PIT-B-v1:301160.SZ:2023-11-08,PITB-80B916173F29877FD683,0.104852729195,0.704166666667,-0.00765187131803,0.257101580224,0.0998824000736,0.614035087719,0.602339181287,0.608187134503,0.0309651922942,0.0468118923008,0.77319642362,18.7440511084,41.7860315454,False,False,False,,1,0.108830548926,0.0296808203729,2489.74,False,2023,特钢Ⅱ,0.774155069583,0.159668508287,0.177083333333,0.16339869281,1.26206425526,0.0193070297654,0.229847751315,0.751461988304,1.05054433464,18.4719438266
HOLDOUT_O0_2022_2023:301321.SZ-001,HOLDOUT_O0_2022_2023,301321.SZ,2023-11-03,2023-11-06,2023-11-03T15:30:00,2023-11-06T09:30:00+08:00,MINUTE-PIT-B-v1:301321.SZ:2023-11-03,PITB-80B916173F29877FD683,0.0377713723534,0.608333333333,-0.0272852633162,0.0956772648228,0.0621640274778,0.280701754386,0.280701754386,0.315789473684,0.0251359777806,0.0436541375738,0.767123037128,19.4147072965,16.7848793269,False,True,False,1,1,0.24494259158,0.00948168217853,816.876,False,2023,光学光电子,0.864814814815,0.0722433460076,0.168302945302,0.130044843049,2.30298658118,-0.0112145457449,0.203334637603,0.321637426901,1.30839916963,18.5793717269
HOLDOUT_O0_2022_2023:301327.SZ-001,HOLDOUT_O0_2022_2023,301327.SZ,2023-07-31,2023-08-01,2023-07-31T15:30:00,2023-08-01T09:30:00+08:00,MINUTE-PIT-B-v1:301327.SZ:2023-07-31,PITB-80B916173F29877FD683,0.169425428939,0.766666666667,-0.022394394393,0.32012124266,0.163225269821,0.672514619883,0.649122807018,0.649122807018,0.049763972691,0.0739448036476,0.725620282855,19.3789434642,83.0321388294,False,False,True,0,0,0.0112291716977,-0.0159762961019,-1324.48,False,2023,电池,0.420082815735,0.050094637224,0.102344273275,0.455862977602,2.3615760843,-0.0154152545948,0.148750759621,0.0555555555556,1.34497362475,18.5435302806
