path,role,roles,sha256,actual_sha256,status
/Users/linmei/Documents/CY-supermind-v6/research/supermind_v6/data/market_data_hybrid_etf_longest_v1/execution_availability/critical_execution.parquet,parent_registered_input,['parent_registered_input'],09bfdf52762a8d9462277361621de09d104ed82add4e519e89d171342443c23c,09bfdf52762a8d9462277361621de09d104ed82add4e519e89d171342443c23c,PASS
/Users/linmei/Documents/CY-supermind-v6/research/supermind_v6/data/market_data_hybrid_etf_longest_v1/minute_critical/symbol=000852.SH/critical.parquet,parent_registered_input,['parent_registered_input'],3734499892f49822e7088e02e495d8ccc8fefe875cf31d99bf583f613cd51882,3734499892f49822e7088e02e495d8ccc8fefe875cf31d99bf583f613cd51882,PASS
/Users/linmei/Documents/CY-supermind-v6/research/supermind_v6/data/market_data_hybrid_etf_longest_v1/minute_critical/symbol=159141.SZ/critical.parquet,parent_registered_input,['parent_registered_input'],ccb5c3cebba6940595e46336b71ab99fc4d56a400406412245daf62bd6c38755,ccb5c3cebba6940595e46336b71ab99fc4d56a400406412245daf62bd6c38755,PASS
/Users/linmei/Documents/CY-supermind-v6/research/supermind_v6/data/market_data_hybrid_etf_longest_v1/minute_critical/symbol=159201.SZ/critical.parquet,parent_registered_input,['parent_registered_input'],c8d9cb3aacbd8d83fc256d2955314e71a99d5db891ad252c4adfa096a9096868,c8d9cb3aacbd8d83fc256d2955314e71a99d5db891ad252c4adfa096a9096868,PASS
/Users/linmei/Documents/CY-supermind-v6/research/supermind_v6/data/market_data_hybrid_etf_longest_v1/minute_critical/symbol=159206.SZ/critical.parquet,parent_registered_input,['parent_registered_input'],d71db85d3d31e9bccc57177993e9ce8221ada173188ea9eb5f0e262136fa8ce7,d71db85d3d31e9bccc57177993e9ce8221ada173188ea9eb5f0e262136fa8ce7,PASS
/Users/linmei/Documents/CY-supermind-v6/research/supermind_v6/data/market_data_hybrid_etf_longest_v1/minute_critical/symbol=159207.SZ/critical.parquet,parent_registered_input,['parent_registered_input'],f0375a5b7f8c56ec6cbd5f2a373360fe9edb7b0a8dd3d03b4522233f67adedc6,f0375a5b7f8c56ec6cbd5f2a373360fe9edb7b0a8dd3d03b4522233f67adedc6,PASS
/Users/linmei/Documents/CY-supermind-v6/research/supermind_v6/data/market_data_hybrid_etf_longest_v1/minute_critical/symbol=159209.SZ/critical.parquet,parent_registered_input,['parent_registered_input'],c91341037cae40c790eb002c490db25d4000ebce355640420bf7a1199a85aaa5,c91341037cae40c790eb002c490db25d4000ebce355640420bf7a1199a85aaa5,PASS
/Users/linmei/Documents/CY-supermind-v6/research/supermind_v6/data/market_data_hybrid_etf_longest_v1/minute_critical/symbol=159227.SZ/critical.parquet,parent_registered_input,['parent_registered_input'],076cfdf5b82cd9ef6d122a344ab0e6836502f21897fc94021895dcc94480e8a2,076cfdf5b82cd9ef6d122a344ab0e6836502f21897fc94021895dcc94480e8a2,PASS
/Users/linmei/Documents/CY-supermind-v6/research/supermind_v6/data/market_data_hybrid_etf_longest_v1/minute_critical/symbol=159235.SZ/critical.parquet,parent_registered_input,['parent_registered_input'],444547c5c3527d0b2adaf70a47fedffc9c45fa778fe646f00dda8b7c96a27373,444547c5c3527d0b2adaf70a47fedffc9c45fa778fe646f00dda8b7c96a27373,PASS
/Users/linmei/Documents/CY-supermind-v6/research/supermind_v6/data/market_data_hybrid_etf_longest_v1/minute_critical/symbol=159259.SZ/critical.parquet,parent_registered_input,['parent_registered_input'],309a9d21e64184845b2f65cfed8b1fe2cd9c1ff09acabd580960ebf441eed158,309a9d21e64184845b2f65cfed8b1fe2cd9c1ff09acabd580960ebf441eed158,PASS
/Users/linmei/Documents/CY-supermind-v6/research/supermind_v6/data/market_data_hybrid_etf_longest_v1/minute_critical/symbol=159263.SZ/critical.parquet,parent_registered_input,['parent_registered_input'],621dd78e3c3756bbca40690ca5ddeb3fa77049aea0ea05128df54f7c603da4aa,621dd78e3c3756bbca40690ca5ddeb3fa77049aea0ea05128df54f7c603da4aa,PASS
/Users/linmei/Documents/CY-supermind-v6/research/supermind_v6/data/market_data_hybrid_etf_longest_v1/minute_critical/symbol=159307.SZ/critical.parquet,parent_registered_input,['parent_registered_input'],671465c8b0920498db9a010b63461112f2e5b61549c7c7edc50a3b8fe2134fc6,671465c8b0920498db9a010b63461112f2e5b61549c7c7edc50a3b8fe2134fc6,PASS
/Users/linmei/Documents/CY-supermind-v6/research/supermind_v6/data/market_data_hybrid_etf_longest_v1/minute_critical/symbol=159325.SZ/critical.parquet,parent_registered_input,['parent_registered_input'],2ce044694ae312d5b1d76e0c6dacc28a410ce0c7ac38d84a1f278fe9e524e3ae,2ce044694ae312d5b1d76e0c6dacc28a410ce0c7ac38d84a1f278fe9e524e3ae,PASS
/Users/linmei/Documents/CY-supermind-v6/research/supermind_v6/data/market_data_hybrid_etf_longest_v1/minute_critical/symbol=159326.SZ/critical.parquet,parent_registered_input,['parent_registered_input'],61a018c9580ee47449e86bee96cebd62280050d14a10814fa646da6dbb7ba3e0,61a018c9580ee47449e86bee96cebd62280050d14a10814fa646da6dbb7ba3e0,PASS
/Users/linmei/Documents/CY-supermind-v6/research/supermind_v6/data/market_data_hybrid_etf_longest_v1/minute_critical/symbol=159363.SZ/critical.parquet,parent_registered_input,['parent_registered_input'],c39a4f166c2d3d50b78154506eb0f23c1ff3b56a48f62d1153bdd89a081f24ff,c39a4f166c2d3d50b78154506eb0f23c1ff3b56a48f62d1153bdd89a081f24ff,PASS
/Users/linmei/Documents/CY-supermind-v6/research/supermind_v6/data/market_data_hybrid_etf_longest_v1/minute_critical/symbol=159387.SZ/critical.parquet,parent_registered_input,['parent_registered_input'],70fac8113adeb478378faae0fb8287d63d369a1c912edcd4e1ec092478eb0dd7,70fac8113adeb478378faae0fb8287d63d369a1c912edcd4e1ec092478eb0dd7,PASS
/Users/linmei/Documents/CY-supermind-v6/research/supermind_v6/data/market_data_hybrid_etf_longest_v1/minute_critical/symbol=159399.SZ/critical.parquet,parent_registered_input,['parent_registered_input'],1effebe8c30537bb8d935cac3acfc89cef85818a07b12ee07bfdce88c05a544b,1effebe8c30537bb8d935cac3acfc89cef85818a07b12ee07bfdce88c05a544b,PASS
/Users/linmei/Documents/CY-supermind-v6/research/supermind_v6/data/market_data_hybrid_etf_longest_v1/minute_critical/symbol=159516.SZ/critical.parquet,parent_registered_input,['parent_registered_input'],0e0da524d2005847e6021b4e8e5e1b2ce9752124df9c6c94d63b4b1123b8659a,0e0da524d2005847e6021b4e8e5e1b2ce9752124df9c6c94d63b4b1123b8659a,PASS
/Users/linmei/Documents/CY-supermind-v6/research/supermind_v6/data/market_data_hybrid_etf_longest_v1/minute_critical/symbol=159530.SZ/critical.parquet,parent_registered_input,['parent_registered_input'],d35517cbceb34bbbae971d5313b7d5f1d8d776cab6e62a1b1875c4325da079ba,d35517cbceb34bbbae971d5313b7d5f1d8d776cab6e62a1b1875c4325da079ba,PASS
/Users/linmei/Documents/CY-supermind-v6/research/supermind_v6/data/market_data_hybrid_etf_longest_v1/minute_critical/symbol=159562.SZ/critical.parquet,parent_registered_input,['parent_registered_input'],1bc42e2a8a608eb042e595763011ea764456a1b9029da5e8ca613f7c09ab72a1,1bc42e2a8a608eb042e595763011ea764456a1b9029da5e8ca613f7c09ab72a1,PASS
/Users/linmei/Documents/CY-supermind-v6/research/supermind_v6/data/market_data_hybrid_etf_longest_v1/minute_critical/symbol=159566.SZ/critical.parquet,parent_registered_input,['parent_registered_input'],ed308c37d433ec963e9bc29e7bd8ad0c6c3c1d8c25a6ff3a40739479a69eca90,ed308c37d433ec963e9bc29e7bd8ad0c6c3c1d8c25a6ff3a40739479a69eca90,PASS
/Users/linmei/Documents/CY-supermind-v6/research/supermind_v6/data/market_data_hybrid_etf_longest_v1/minute_critical/symbol=159583.SZ/critical.parquet,parent_registered_input,['parent_registered_input'],38b8df3df659c9ccfa871d21e099797663273522e5f9d0a82fa571260a93326f,38b8df3df659c9ccfa871d21e099797663273522e5f9d0a82fa571260a93326f,PASS
/Users/linmei/Documents/CY-supermind-v6/research/supermind_v6/data/market_data_hybrid_etf_longest_v1/minute_critical/symbol=159593.SZ/critical.parquet,parent_registered_input,['parent_registered_input'],29c77d158f4cb27599c9b4138a81cd8f6df2c5b91cc0882959f6eed8fd2f631e,29c77d158f4cb27599c9b4138a81cd8f6df2c5b91cc0882959f6eed8fd2f631e,PASS
/Users/linmei/Documents/CY-supermind-v6/research/supermind_v6/data/market_data_hybrid_etf_longest_v1/minute_critical/symbol=159601.SZ/critical.parquet,parent_registered_input,['parent_registered_input'],5eef98feb3ea9e5521cba47f461c51b538241c436c1cdc81ce5bd7c461dfc153,5eef98feb3ea9e5521cba47f461c51b538241c436c1cdc81ce5bd7c461dfc153,PASS
/Users/linmei/Documents/CY-supermind-v6/research/supermind_v6/data/market_data_hybrid_etf_longest_v1/minute_critical/symbol=159611.SZ/critical.parquet,parent_registered_input,['parent_registered_input'],a33732e86290e06a826bafba3e5f5e14d2d6bdb30c197098498cc224dcdbf103,a33732e86290e06a826bafba3e5f5e14d2d6bdb30c197098498cc224dcdbf103,PASS
/Users/linmei/Documents/CY-supermind-v6/research/supermind_v6/data/market_data_hybrid_etf_longest_v1/minute_critical/symbol=159622.SZ/critical.parquet,parent_registered_input,['parent_registered_input'],71f8d3d0dcf304dc8e37c6422e9f99f85bab4287080f261b5b5c1e174d62c4bb,71f8d3d0dcf304dc8e37c6422e9f99f85bab4287080f261b5b5c1e174d62c4bb,PASS
/Users/linmei/Documents/CY-supermind-v6/research/supermind_v6/data/market_data_hybrid_etf_longest_v1/minute_critical/symbol=159623.SZ/critical.parquet,parent_registered_input,['parent_registered_input'],da0332f8000478f464d4f618f44062d5f70185999a55f39a4aca844fe172f40f,da0332f8000478f464d4f618f44062d5f70185999a55f39a4aca844fe172f40f,PASS
/Users/linmei/Documents/CY-supermind-v6/research/supermind_v6/data/market_data_hybrid_etf_longest_v1/minute_critical/symbol=159625.SZ/critical.parquet,parent_registered_input,['parent_registered_input'],cca7385fb4618ef1929b8a7ac9a4d50118cf08c53e49aa2e5948a691bb30b427,cca7385fb4618ef1929b8a7ac9a4d50118cf08c53e49aa2e5948a691bb30b427,PASS
/Users/linmei/Documents/CY-supermind-v6/research/supermind_v6/data/market_data_hybrid_etf_longest_v1/minute_critical/symbol=159638.SZ/critical.parquet,parent_registered_input,['parent_registered_input'],5c5aa16291d62c53920ed7a0d95cfd1a61284fd87dc3212ec48c21dbf0ff3896,5c5aa16291d62c53920ed7a0d95cfd1a61284fd87dc3212ec48c21dbf0ff3896,PASS
/Users/linmei/Documents/CY-supermind-v6/research/supermind_v6/data/market_data_hybrid_etf_longest_v1/minute_critical/symbol=159667.SZ/critical.parquet,parent_registered_input,['parent_registered_input'],7538d3a404620c75258fd30cf6195aa5cd2dbb1785e3149b80acac1febc265b8,7538d3a404620c75258fd30cf6195aa5cd2dbb1785e3149b80acac1febc265b8,PASS
/Users/linmei/Documents/CY-supermind-v6/research/supermind_v6/data/market_data_hybrid_etf_longest_v1/minute_critical/symbol=159680.SZ/critical.parquet,parent_registered_input,['parent_registered_input'],d986b4d351c528aadf78035396db7edad764f43a7fec3099462fe5b23cd928cf,d986b4d351c528aadf78035396db7edad764f43a7fec3099462fe5b23cd928cf,PASS
/Users/linmei/Documents/CY-supermind-v6/research/supermind_v6/data/market_data_hybrid_etf_longest_v1/minute_critical/symbol=159692.SZ/critical.parquet,parent_registered_input,['parent_registered_input'],8ef36cefd4025d89d15e336b97d9e3b3a3884416016fee004678e1c172f95e06,8ef36cefd4025d89d15e336b97d9e3b3a3884416016fee004678e1c172f95e06,PASS
/Users/linmei/Documents/CY-supermind-v6/research/supermind_v6/data/market_data_hybrid_etf_longest_v1/minute_critical/symbol=159697.SZ/critical.parquet,parent_registered_input,['parent_registered_input'],950c82467200d25484d41e18d8b5ecd5268591c2cc11f37abc81e7b6e6e39de4,950c82467200d25484d41e18d8b5ecd5268591c2cc11f37abc81e7b6e6e39de4,PASS
/Users/linmei/Documents/CY-supermind-v6/research/supermind_v6/data/market_data_hybrid_etf_longest_v1/minute_critical/symbol=159732.SZ/critical.parquet,parent_registered_input,['parent_registered_input'],b9eaa83105c875da2434802832c066044dc8fc794ac769e02a01fd1f54f3cd71,b9eaa83105c875da2434802832c066044dc8fc794ac769e02a01fd1f54f3cd71,PASS
/Users/linmei/Documents/CY-supermind-v6/research/supermind_v6/data/market_data_hybrid_etf_longest_v1/minute_critical/symbol=159736.SZ/critical.parquet,parent_registered_input,['parent_registered_input'],0bf7f5d3e3c593743ff65ae12ee064f8730548074c56a490cca4dadb52945ae9,0bf7f5d3e3c593743ff65ae12ee064f8730548074c56a490cca4dadb52945ae9,PASS
/Users/linmei/Documents/CY-supermind-v6/research/supermind_v6/data/market_data_hybrid_etf_longest_v1/minute_critical/symbol=159755.SZ/critical.parquet,parent_registered_input,['parent_registered_input'],c7214d99e4458597cd7ce123e2c4d16e4adf69e62cc58a35eb62fb1ff09b7aa2,c7214d99e4458597cd7ce123e2c4d16e4adf69e62cc58a35eb62fb1ff09b7aa2,PASS
/Users/linmei/Documents/CY-supermind-v6/research/supermind_v6/data/market_data_hybrid_etf_longest_v1/minute_critical/symbol=159758.SZ/critical.parquet,parent_registered_input,['parent_registered_input'],0de831d6c5a0e7636a98a890e6f23365c9891e4b525e8e6972936b3a8ab21168,0de831d6c5a0e7636a98a890e6f23365c9891e4b525e8e6972936b3a8ab21168,PASS
/Users/linmei/Documents/CY-supermind-v6/research/supermind_v6/data/market_data_hybrid_etf_longest_v1/minute_critical/symbol=159766.SZ/critical.parquet,parent_registered_input,['parent_registered_input'],8dc7baee3356ad7e519f0dd591f96ba45da80e49991e2e0302d81ff92a3b3414,8dc7baee3356ad7e519f0dd591f96ba45da80e49991e2e0302d81ff92a3b3414,PASS
/Users/linmei/Documents/CY-supermind-v6/research/supermind_v6/data/market_data_hybrid_etf_longest_v1/minute_critical/symbol=159781.SZ/critical.parquet,parent_registered_input,['parent_registered_input'],4e0adc028f040e7000ab6d18e038d7bb75ec10a613e35be048946c47aa4a0ed4,4e0adc028f040e7000ab6d18e038d7bb75ec10a613e35be048946c47aa4a0ed4,PASS
/Users/linmei/Documents/CY-supermind-v6/research/supermind_v6/data/market_data_hybrid_etf_longest_v1/minute_critical/symbol=159790.SZ/critical.parquet,parent_registered_input,['parent_registered_input'],194043f3d289d70d2ecb9a8c636fb9f8dba8ed44525e5aadb9b61a255692f1de,194043f3d289d70d2ecb9a8c636fb9f8dba8ed44525e5aadb9b61a255692f1de,PASS
/Users/linmei/Documents/CY-supermind-v6/research/supermind_v6/data/market_data_hybrid_etf_longest_v1/minute_critical/symbol=159796.SZ/critical.parquet,parent_registered_input,['parent_registered_input'],fb55598eb736cca3cc59ac942685fb07455ee19b57d7a1dad588e47cb78b8c27,fb55598eb736cca3cc59ac942685fb07455ee19b57d7a1dad588e47cb78b8c27,PASS
/Users/linmei/Documents/CY-supermind-v6/research/supermind_v6/data/market_data_hybrid_etf_longest_v1/minute_critical/symbol=159819.SZ/critical.parquet,parent_registered_input,['parent_registered_input'],7fb60fb5aa3f7dae1f107e0c13d94f6451d918ba4bcc737d3cba1b35a52659c3,7fb60fb5aa3f7dae1f107e0c13d94f6451d918ba4bcc737d3cba1b35a52659c3,PASS
/Users/linmei/Documents/CY-supermind-v6/research/supermind_v6/data/market_data_hybrid_etf_longest_v1/minute_critical/symbol=159825.SZ/critical.parquet,parent_registered_input,['parent_registered_input'],13d981406addec7d7322726da3d2d0393f1299e93df59fe7a7ff91234aa31699,13d981406addec7d7322726da3d2d0393f1299e93df59fe7a7ff91234aa31699,PASS
/Users/linmei/Documents/CY-supermind-v6/research/supermind_v6/data/market_data_hybrid_etf_longest_v1/minute_critical/symbol=159837.SZ/critical.parquet,parent_registered_input,['parent_registered_input'],e9e956ecba00be1b6dc8b9b8e2e4c42d6455e9742fe14b261089087d516dd4e9,e9e956ecba00be1b6dc8b9b8e2e4c42d6455e9742fe14b261089087d516dd4e9,PASS
/Users/linmei/Documents/CY-supermind-v6/research/supermind_v6/data/market_data_hybrid_etf_longest_v1/minute_critical/symbol=159851.SZ/critical.parquet,parent_registered_input,['parent_registered_input'],59ddaad398a13e613a2ba18bf4b201ec8c8fdc3a1dca678d6ca34313bd0a8641,59ddaad398a13e613a2ba18bf4b201ec8c8fdc3a1dca678d6ca34313bd0a8641,PASS
/Users/linmei/Documents/CY-supermind-v6/research/supermind_v6/data/market_data_hybrid_etf_longest_v1/minute_critical/symbol=159852.SZ/critical.parquet,parent_registered_input,['parent_registered_input'],2f00aa7282fcd4c571858c3d33fbe0e388a825239a1291ac984cce5271dd8d8c,2f00aa7282fcd4c571858c3d33fbe0e388a825239a1291ac984cce5271dd8d8c,PASS
/Users/linmei/Documents/CY-supermind-v6/research/supermind_v6/data/market_data_hybrid_etf_longest_v1/minute_critical/symbol=159859.SZ/critical.parquet,parent_registered_input,['parent_registered_input'],5e76161a7461987c237e889d3c39d0ae7721ba1f316a21fbed7b7ac8fcae31c7,5e76161a7461987c237e889d3c39d0ae7721ba1f316a21fbed7b7ac8fcae31c7,PASS
/Users/linmei/Documents/CY-supermind-v6/research/supermind_v6/data/market_data_hybrid_etf_longest_v1/minute_critical/symbol=159865.SZ/critical.parquet,parent_registered_input,['parent_registered_input'],54a8c1e00ac1aa6a383eb1bffd6250d91940a29c0c65b1c95db4007f93c3c0b6,54a8c1e00ac1aa6a383eb1bffd6250d91940a29c0c65b1c95db4007f93c3c0b6,PASS
/Users/linmei/Documents/CY-supermind-v6/research/supermind_v6/data/market_data_hybrid_etf_longest_v1/minute_critical/symbol=159869.SZ/critical.parquet,parent_registered_input,['parent_registered_input'],8e737ae345dfc166d4688488cdd3e0eb3d4bcff018803c630e4f6652bee8bb3b,8e737ae345dfc166d4688488cdd3e0eb3d4bcff018803c630e4f6652bee8bb3b,PASS
/Users/linmei/Documents/CY-supermind-v6/research/supermind_v6/data/market_data_hybrid_etf_longest_v1/minute_critical/symbol=159870.SZ/critical.parquet,parent_registered_input,['parent_registered_input'],064291690af41f86724d58881f2d0985cc2106387a27871d403db52302d7a1f1,064291690af41f86724d58881f2d0985cc2106387a27871d403db52302d7a1f1,PASS
/Users/linmei/Documents/CY-supermind-v6/research/supermind_v6/data/market_data_hybrid_etf_longest_v1/minute_critical/symbol=159876.SZ/critical.parquet,parent_registered_input,['parent_registered_input'],3904f6d56d1dfdb80cf07afe4c5d29f36a8c3d1f85b2657c18f0ee9622b5d58a,3904f6d56d1dfdb80cf07afe4c5d29f36a8c3d1f85b2657c18f0ee9622b5d58a,PASS
/Users/linmei/Documents/CY-supermind-v6/research/supermind_v6/data/market_data_hybrid_etf_longest_v1/minute_critical/symbol=159880.SZ/critical.parquet,parent_registered_input,['parent_registered_input'],e2b01889be05bd7a0cd558bf5e9bf32e8bd6d4146710a4c8ae2f59a08f18bcae,e2b01889be05bd7a0cd558bf5e9bf32e8bd6d4146710a4c8ae2f59a08f18bcae,PASS
/Users/linmei/Documents/CY-supermind-v6/research/supermind_v6/data/market_data_hybrid_etf_longest_v1/minute_critical/symbol=159883.SZ/critical.parquet,parent_registered_input,['parent_registered_input'],8e3ceedd5374bc04e931884b1a441123523a0bd7b66222818931d2ef4ac9ae82,8e3ceedd5374bc04e931884b1a441123523a0bd7b66222818931d2ef4ac9ae82,PASS
/Users/linmei/Documents/CY-supermind-v6/research/supermind_v6/data/market_data_hybrid_etf_longest_v1/minute_critical/symbol=159901.SZ/critical.parquet,parent_registered_input,['parent_registered_input'],659d709299265003f388d956390066ccd34e4a74466d5421f543ee8ecf13652a,659d709299265003f388d956390066ccd34e4a74466d5421f543ee8ecf13652a,PASS
/Users/linmei/Documents/CY-supermind-v6/research/supermind_v6/data/market_data_hybrid_etf_longest_v1/minute_critical/symbol=159905.SZ/critical.parquet,parent_registered_input,['parent_registered_input'],ee1378bc9ddc10a97e1032006af3124919157cb08342954ca345a2a6b8e9b83c,ee1378bc9ddc10a97e1032006af3124919157cb08342954ca345a2a6b8e9b83c,PASS
/Users/linmei/Documents/CY-supermind-v6/research/supermind_v6/data/market_data_hybrid_etf_longest_v1/minute_critical/symbol=159915.SZ/critical.parquet,parent_registered_input,['parent_registered_input'],9851cb87419cfb11329c7f7d6ae5a2b64f295c3abdc24a0e9aa647820e3ccac4,9851cb87419cfb11329c7f7d6ae5a2b64f295c3abdc24a0e9aa647820e3ccac4,PASS
/Users/linmei/Documents/CY-supermind-v6/research/supermind_v6/data/market_data_hybrid_etf_longest_v1/minute_critical/symbol=159928.SZ/critical.parquet,parent_registered_input,['parent_registered_input'],87dbecd9f76225c7274f53aa18548ac2da5b2d8e0231157e1c443c9d5194e6ab,87dbecd9f76225c7274f53aa18548ac2da5b2d8e0231157e1c443c9d5194e6ab,PASS
/Users/linmei/Documents/CY-supermind-v6/research/supermind_v6/data/market_data_hybrid_etf_longest_v1/minute_critical/symbol=159929.SZ/critical.parquet,parent_registered_input,['parent_registered_input'],8fcadf8e5159ee5024ba38560ecb367cb855053f819c5be4804dfd3016f40449,8fcadf8e5159ee5024ba38560ecb367cb855053f819c5be4804dfd3016f40449,PASS
/Users/linmei/Documents/CY-supermind-v6/research/supermind_v6/data/market_data_hybrid_etf_longest_v1/minute_critical/symbol=159938.SZ/critical.parquet,parent_registered_input,['parent_registered_input'],7818f3c10966ae832557bda6333b18c8bfa04f79f2bf3f612e000265e0fba6de,7818f3c10966ae832557bda6333b18c8bfa04f79f2bf3f612e000265e0fba6de,PASS
/Users/linmei/Documents/CY-supermind-v6/research/supermind_v6/data/market_data_hybrid_etf_longest_v1/minute_critical/symbol=159949.SZ/critical.parquet,parent_registered_input,['parent_registered_input'],4f51768dabb071999f59834767f707535155c9899ebe16b1d00ed7d10650b307,4f51768dabb071999f59834767f707535155c9899ebe16b1d00ed7d10650b307,PASS
/Users/linmei/Documents/CY-supermind-v6/research/supermind_v6/data/market_data_hybrid_etf_longest_v1/minute_critical/symbol=159967.SZ/critical.parquet,parent_registered_input,['parent_registered_input'],92d84fda6f0afd9e99f1eff06175ad5de5eec9ba927a6fec053e3557082b5fcf,92d84fda6f0afd9e99f1eff06175ad5de5eec9ba927a6fec053e3557082b5fcf,PASS
/Users/linmei/Documents/CY-supermind-v6/research/supermind_v6/data/market_data_hybrid_etf_longest_v1/minute_critical/symbol=159980.SZ/critical.parquet,parent_registered_input,['parent_registered_input'],36b301521bdf08eddbae8fc1bae23a0e76397034604b0625cae42cd193c3c994,36b301521bdf08eddbae8fc1bae23a0e76397034604b0625cae42cd193c3c994,PASS
/Users/linmei/Documents/CY-supermind-v6/research/supermind_v6/data/market_data_hybrid_etf_longest_v1/minute_critical/symbol=159992.SZ/critical.parquet,parent_registered_input,['parent_registered_input'],941b90309511e86f10ee24368752b3add941b4c622dbadf9c43e7b45af4d8f0c,941b90309511e86f10ee24368752b3add941b4c622dbadf9c43e7b45af4d8f0c,PASS
/Users/linmei/Documents/CY-supermind-v6/research/supermind_v6/data/market_data_hybrid_etf_longest_v1/minute_critical/symbol=159993.SZ/critical.parquet,parent_registered_input,['parent_registered_input'],cf5697cd42e12b70283135820d1cef23879cb065210318a13909249654e207e8,cf5697cd42e12b70283135820d1cef23879cb065210318a13909249654e207e8,PASS
/Users/linmei/Documents/CY-supermind-v6/research/supermind_v6/data/market_data_hybrid_etf_longest_v1/minute_critical/symbol=159995.SZ/critical.parquet,parent_registered_input,['parent_registered_input'],5ebe5535e914b628b97a7f281b2d79287217a93bec179680a7f5c005b6691e61,5ebe5535e914b628b97a7f281b2d79287217a93bec179680a7f5c005b6691e61,PASS
/Users/linmei/Documents/CY-supermind-v6/research/supermind_v6/data/market_data_hybrid_etf_longest_v1/minute_critical/symbol=159997.SZ/critical.parquet,parent_registered_input,['parent_registered_input'],3579820359770f33bcdbe830b91d4b6ae3666a6e42e1b9692de28d2421870125,3579820359770f33bcdbe830b91d4b6ae3666a6e42e1b9692de28d2421870125,PASS
/Users/linmei/Documents/CY-supermind-v6/research/supermind_v6/data/market_data_hybrid_etf_longest_v1/minute_critical/symbol=159998.SZ/critical.parquet,parent_registered_input,['parent_registered_input'],3564dffe97e78ae84757ac6e022f75ccbd025fc222055e6f83ab4b66655c5d9a,3564dffe97e78ae84757ac6e022f75ccbd025fc222055e6f83ab4b66655c5d9a,PASS
/Users/linmei/Documents/CY-supermind-v6/research/supermind_v6/data/market_data_hybrid_etf_longest_v1/minute_critical/symbol=510050.SH/critical.parquet,parent_registered_input,['parent_registered_input'],9cfa8571d7dfb66fedfd57f70d2ed44b8585b80643c49e7eaba5722648eb94d2,9cfa8571d7dfb66fedfd57f70d2ed44b8585b80643c49e7eaba5722648eb94d2,PASS
/Users/linmei/Documents/CY-supermind-v6/research/supermind_v6/data/market_data_hybrid_etf_longest_v1/minute_critical/symbol=510150.SH/critical.parquet,parent_registered_input,['parent_registered_input'],befcd23b80389153db358594237475d9c62e875bc18df66e82e9e1521280426e,befcd23b80389153db358594237475d9c62e875bc18df66e82e9e1521280426e,PASS
/Users/linmei/Documents/CY-supermind-v6/research/supermind_v6/data/market_data_hybrid_etf_longest_v1/minute_critical/symbol=510180.SH/critical.parquet,parent_registered_input,['parent_registered_input'],9bea59e8e92185d9ca94c315a4cb7b252bfc88d9012364bf343124611e5b7491,9bea59e8e92185d9ca94c315a4cb7b252bfc88d9012364bf343124611e5b7491,PASS
/Users/linmei/Documents/CY-supermind-v6/research/supermind_v6/data/market_data_hybrid_etf_longest_v1/minute_critical/symbol=510210.SH/critical.parquet,parent_registered_input,['parent_registered_input'],437a17853e1dc16dd7e714d56a6be8a81b52ff1762c633c28c2f6b9ee9a6016e,437a17853e1dc16dd7e714d56a6be8a81b52ff1762c633c28c2f6b9ee9a6016e,PASS
/Users/linmei/Documents/CY-supermind-v6/research/supermind_v6/data/market_data_hybrid_etf_longest_v1/minute_critical/symbol=510300.SH/critical.parquet,parent_registered_input,['parent_registered_input'],abd995ba5f82c3de61827f3ac5112c35a285359a6a4d4a6344a92582ab247bb6,abd995ba5f82c3de61827f3ac5112c35a285359a6a4d4a6344a92582ab247bb6,PASS
/Users/linmei/Documents/CY-supermind-v6/research/supermind_v6/data/market_data_hybrid_etf_longest_v1/minute_critical/symbol=510500.SH/critical.parquet,parent_registered_input,['parent_registered_input'],29a058641ff4c79b720ebdb3d28ad620a97da00ed68ced5ff1e1c3e224e41bb4,29a058641ff4c79b720ebdb3d28ad620a97da00ed68ced5ff1e1c3e224e41bb4,PASS
/Users/linmei/Documents/CY-supermind-v6/research/supermind_v6/data/market_data_hybrid_etf_longest_v1/minute_critical/symbol=510720.SH/critical.parquet,parent_registered_input,['parent_registered_input'],43b3ecef51df5a30937591dd473aa187d2103e9c35635e359c1b9761c95dd3da,43b3ecef51df5a30937591dd473aa187d2103e9c35635e359c1b9761c95dd3da,PASS
/Users/linmei/Documents/CY-supermind-v6/research/supermind_v6/data/market_data_hybrid_etf_longest_v1/minute_critical/symbol=510810.SH/critical.parquet,parent_registered_input,['parent_registered_input'],058d6835ed1ff3dceef44ad1fde5720b86b557bab811ff34babb7c14eb3ac358,058d6835ed1ff3dceef44ad1fde5720b86b557bab811ff34babb7c14eb3ac358,PASS
/Users/linmei/Documents/CY-supermind-v6/research/supermind_v6/data/market_data_hybrid_etf_longest_v1/minute_critical/symbol=510880.SH/critical.parquet,parent_registered_input,['parent_registered_input'],ab5a97d8b5acc95948602eab930f8b9a45d60730614f2eff5b315b810d5a1a44,ab5a97d8b5acc95948602eab930f8b9a45d60730614f2eff5b315b810d5a1a44,PASS
/Users/linmei/Documents/CY-supermind-v6/research/supermind_v6/data/market_data_hybrid_etf_longest_v1/minute_critical/symbol=512010.SH/critical.parquet,parent_registered_input,['parent_registered_input'],b4b419b069c1b1ef5d7e6d49badb6c1cbc0841e96e79812a549bf41660d7b147,b4b419b069c1b1ef5d7e6d49badb6c1cbc0841e96e79812a549bf41660d7b147,PASS
/Users/linmei/Documents/CY-supermind-v6/research/supermind_v6/data/market_data_hybrid_etf_longest_v1/minute_critical/symbol=512040.SH/critical.parquet,parent_registered_input,['parent_registered_input'],56f2bf8d88f446c5a0ccd069283f34b15cd820466294f6bfec3fb40f13276e85,56f2bf8d88f446c5a0ccd069283f34b15cd820466294f6bfec3fb40f13276e85,PASS
/Users/linmei/Documents/CY-supermind-v6/research/supermind_v6/data/market_data_hybrid_etf_longest_v1/minute_critical/symbol=512070.SH/critical.parquet,parent_registered_input,['parent_registered_input'],f1bd08147ab15f1406da276f21a6f758d210c85df60b1b5ca5b54b91e4edc22d,f1bd08147ab15f1406da276f21a6f758d210c85df60b1b5ca5b54b91e4edc22d,PASS
/Users/linmei/Documents/CY-supermind-v6/research/supermind_v6/data/market_data_hybrid_etf_longest_v1/minute_critical/symbol=512100.SH/critical.parquet,parent_registered_input,['parent_registered_input'],cc379892d6321f3be96f888abd6ea0b26a1908542f07efbdb21a6d75362f0b6a,cc379892d6321f3be96f888abd6ea0b26a1908542f07efbdb21a6d75362f0b6a,PASS
/Users/linmei/Documents/CY-supermind-v6/research/supermind_v6/data/market_data_hybrid_etf_longest_v1/minute_critical/symbol=512170.SH/critical.parquet,parent_registered_input,['parent_registered_input'],163afd86dd00a20359aa312553603712d91b8d3c89198d20c29ca2411c16ad01,163afd86dd00a20359aa312553603712d91b8d3c89198d20c29ca2411c16ad01,PASS
/Users/linmei/Documents/CY-supermind-v6/research/supermind_v6/data/market_data_hybrid_etf_longest_v1/minute_critical/symbol=512200.SH/critical.parquet,parent_registered_input,['parent_registered_input'],61ff5c95c3a2da41bb713630a4244798f947278a6f9cee8fbe615a8c90d07124,61ff5c95c3a2da41bb713630a4244798f947278a6f9cee8fbe615a8c90d07124,PASS
/Users/linmei/Documents/CY-supermind-v6/research/supermind_v6/data/market_data_hybrid_etf_longest_v1/minute_critical/symbol=512290.SH/critical.parquet,parent_registered_input,['parent_registered_input'],a9b7dad51dbc4fdc1768d05cb9da3e5eacd14f21c9954e95b289e0fac0d371f4,a9b7dad51dbc4fdc1768d05cb9da3e5eacd14f21c9954e95b289e0fac0d371f4,PASS
/Users/linmei/Documents/CY-supermind-v6/research/supermind_v6/data/market_data_hybrid_etf_longest_v1/minute_critical/symbol=512400.SH/critical.parquet,parent_registered_input,['parent_registered_input'],022948a28348a2ffc9c01246b0b55c5f7875d3a0a568955febd4d4b7dff6d77e,022948a28348a2ffc9c01246b0b55c5f7875d3a0a568955febd4d4b7dff6d77e,PASS
/Users/linmei/Documents/CY-supermind-v6/research/supermind_v6/data/market_data_hybrid_etf_longest_v1/minute_critical/symbol=512480.SH/critical.parquet,parent_registered_input,['parent_registered_input'],b53cfdd5026603540fae9228af940906f8dc1a1ef51c4476377e891bacb55489,b53cfdd5026603540fae9228af940906f8dc1a1ef51c4476377e891bacb55489,PASS
/Users/linmei/Documents/CY-supermind-v6/research/supermind_v6/data/market_data_hybrid_etf_longest_v1/minute_critical/symbol=512660.SH/critical.parquet,parent_registered_input,['parent_registered_input'],17ee8531b0a399b184d36b0e9922efb818552cc35e660c18e99d0d5b00d70f22,17ee8531b0a399b184d36b0e9922efb818552cc35e660c18e99d0d5b00d70f22,PASS
/Users/linmei/Documents/CY-supermind-v6/research/supermind_v6/data/market_data_hybrid_etf_longest_v1/minute_critical/symbol=512670.SH/critical.parquet,parent_registered_input,['parent_registered_input'],2df267f0ca5fb92dc8fda57569651eed0c99826b71e48e17bc4944d477e74e24,2df267f0ca5fb92dc8fda57569651eed0c99826b71e48e17bc4944d477e74e24,PASS
/Users/linmei/Documents/CY-supermind-v6/research/supermind_v6/data/market_data_hybrid_etf_longest_v1/minute_critical/symbol=512690.SH/critical.parquet,parent_registered_input,['parent_registered_input'],51dd4628bcef9149ca6d71c62cb0bab20260f48525ffd759dee175a3f5863384,51dd4628bcef9149ca6d71c62cb0bab20260f48525ffd759dee175a3f5863384,PASS
/Users/linmei/Documents/CY-supermind-v6/research/supermind_v6/data/market_data_hybrid_etf_longest_v1/minute_critical/symbol=512710.SH/critical.parquet,parent_registered_input,['parent_registered_input'],04f578c5a568921075eb8ffe826fef68fac55a63fac045599a069250ad1b1930,04f578c5a568921075eb8ffe826fef68fac55a63fac045599a069250ad1b1930,PASS
/Users/linmei/Documents/CY-supermind-v6/research/supermind_v6/data/market_data_hybrid_etf_longest_v1/minute_critical/symbol=512760.SH/critical.parquet,parent_registered_input,['parent_registered_input'],1f576422c094e41dddee6076a0163eef01e780fdb2ece7d035b7d0a78906b09c,1f576422c094e41dddee6076a0163eef01e780fdb2ece7d035b7d0a78906b09c,PASS
/Users/linmei/Documents/CY-supermind-v6/research/supermind_v6/data/market_data_hybrid_etf_longest_v1/minute_critical/symbol=512800.SH/critical.parquet,parent_registered_input,['parent_registered_input'],9631ea57ac02d1d373c3b51925707d3139555c8a9bcb0949e5b3c4d2f3f6870b,9631ea57ac02d1d373c3b51925707d3139555c8a9bcb0949e5b3c4d2f3f6870b,PASS
/Users/linmei/Documents/CY-supermind-v6/research/supermind_v6/data/market_data_hybrid_etf_longest_v1/minute_critical/symbol=512880.SH/critical.parquet,parent_registered_input,['parent_registered_input'],93fdedcc4b30ad8287cf68ff5748cdc734eef0a79db2557de678cc3cb61ba5ce,93fdedcc4b30ad8287cf68ff5748cdc734eef0a79db2557de678cc3cb61ba5ce,PASS
/Users/linmei/Documents/CY-supermind-v6/research/supermind_v6/data/market_data_hybrid_etf_longest_v1/minute_critical/symbol=512890.SH/critical.parquet,parent_registered_input,['parent_registered_input'],5a96644b09dbf9ef380a7e41d307ac5768dfbce4e85c06949975284f13bf8a03,5a96644b09dbf9ef380a7e41d307ac5768dfbce4e85c06949975284f13bf8a03,PASS
/Users/linmei/Documents/CY-supermind-v6/research/supermind_v6/data/market_data_hybrid_etf_longest_v1/minute_critical/symbol=512940.SH/critical.parquet,parent_registered_input,['parent_registered_input'],630c03704c2b7a905be375a3c10b560b0ea5597e81c24fc2c827c72be7d50eea,630c03704c2b7a905be375a3c10b560b0ea5597e81c24fc2c827c72be7d50eea,PASS
/Users/linmei/Documents/CY-supermind-v6/research/supermind_v6/data/market_data_hybrid_etf_longest_v1/minute_critical/symbol=512950.SH/critical.parquet,parent_registered_input,['parent_registered_input'],15bc66208d6d11233d6cfcb587e4034ebf9c15d1b72bde2aeca89add47a2edeb,15bc66208d6d11233d6cfcb587e4034ebf9c15d1b72bde2aeca89add47a2edeb,PASS
/Users/linmei/Documents/CY-supermind-v6/research/supermind_v6/data/market_data_hybrid_etf_longest_v1/minute_critical/symbol=512980.SH/critical.parquet,parent_registered_input,['parent_registered_input'],72872e33d23323f3f73e43e18361d3e31ed7bc0b18a276c866a51c655eacd1ef,72872e33d23323f3f73e43e18361d3e31ed7bc0b18a276c866a51c655eacd1ef,PASS
/Users/linmei/Documents/CY-supermind-v6/research/supermind_v6/data/market_data_hybrid_etf_longest_v1/minute_critical/symbol=515000.SH/critical.parquet,parent_registered_input,['parent_registered_input'],8942ee2ef03f5e3e377cc2a4fd5dd77df3eba69922a10234f4ea63accf335b16,8942ee2ef03f5e3e377cc2a4fd5dd77df3eba69922a10234f4ea63accf335b16,PASS
/Users/linmei/Documents/CY-supermind-v6/research/supermind_v6/data/market_data_hybrid_etf_longest_v1/minute_critical/symbol=515030.SH/critical.parquet,parent_registered_input,['parent_registered_input'],404829855783ebef994eb2eff369bc6794ef1174ca59e6d24436f2e076daed1b,404829855783ebef994eb2eff369bc6794ef1174ca59e6d24436f2e076daed1b,PASS
/Users/linmei/Documents/CY-supermind-v6/research/supermind_v6/data/market_data_hybrid_etf_longest_v1/minute_critical/symbol=515050.SH/critical.parquet,parent_registered_input,['parent_registered_input'],2f11e11047ad408c42a5c64f0df783c0e31989724ae553646bee6227506f0f98,2f11e11047ad408c42a5c64f0df783c0e31989724ae553646bee6227506f0f98,PASS
/Users/linmei/Documents/CY-supermind-v6/research/supermind_v6/data/market_data_hybrid_etf_longest_v1/minute_critical/symbol=515170.SH/critical.parquet,parent_registered_input,['parent_registered_input'],ccada42bb8423e4bc55b7993bf2f130c73d08dfd21dfa30bf4092ecc890c6b26,ccada42bb8423e4bc55b7993bf2f130c73d08dfd21dfa30bf4092ecc890c6b26,PASS
/Users/linmei/Documents/CY-supermind-v6/research/supermind_v6/data/market_data_hybrid_etf_longest_v1/minute_critical/symbol=515180.SH/critical.parquet,parent_registered_input,['parent_registered_input'],64eb3d44f9521c86ed65875758201ae890a2a8720d377995f3c8f13fa8297bb0,64eb3d44f9521c86ed65875758201ae890a2a8720d377995f3c8f13fa8297bb0,PASS
/Users/linmei/Documents/CY-supermind-v6/research/supermind_v6/data/market_data_hybrid_etf_longest_v1/minute_critical/symbol=515210.SH/critical.parquet,parent_registered_input,['parent_registered_input'],60044ed3993207cd5c947833c06105e17dcfc4f2b25bfbaa38eacdc7c63ff562,60044ed3993207cd5c947833c06105e17dcfc4f2b25bfbaa38eacdc7c63ff562,PASS
/Users/linmei/Documents/CY-supermind-v6/research/supermind_v6/data/market_data_hybrid_etf_longest_v1/minute_critical/symbol=515220.SH/critical.parquet,parent_registered_input,['parent_registered_input'],4afc7d7b236db4c214a4fff24da84505a8d6e853328326e79d28168ea556d4c8,4afc7d7b236db4c214a4fff24da84505a8d6e853328326e79d28168ea556d4c8,PASS
/Users/linmei/Documents/CY-supermind-v6/research/supermind_v6/data/market_data_hybrid_etf_longest_v1/minute_critical/symbol=515230.SH/critical.parquet,parent_registered_input,['parent_registered_input'],0d0863218435a83331a60064b4667abd2f4c0a3ae5dd272b5a422cf48d46ce78,0d0863218435a83331a60064b4667abd2f4c0a3ae5dd272b5a422cf48d46ce78,PASS
/Users/linmei/Documents/CY-supermind-v6/research/supermind_v6/data/market_data_hybrid_etf_longest_v1/minute_critical/symbol=515300.SH/critical.parquet,parent_registered_input,['parent_registered_input'],3a26d087056ba767634fe23fb0dea64a65723c80525c399f81119a03c1053031,3a26d087056ba767634fe23fb0dea64a65723c80525c399f81119a03c1053031,PASS
/Users/linmei/Documents/CY-supermind-v6/research/supermind_v6/data/market_data_hybrid_etf_longest_v1/minute_critical/symbol=515400.SH/critical.parquet,parent_registered_input,['parent_registered_input'],cd6cd602d8c81c54284bb62d85ab256f0888c648c9f6a6ddb81d4567424b4073,cd6cd602d8c81c54284bb62d85ab256f0888c648c9f6a6ddb81d4567424b4073,PASS
/Users/linmei/Documents/CY-supermind-v6/research/supermind_v6/data/market_data_hybrid_etf_longest_v1/minute_critical/symbol=515450.SH/critical.parquet,parent_registered_input,['parent_registered_input'],0331cf176130b16f14bebffa6722da95a389b91ed8389945e19a415fedde3a59,0331cf176130b16f14bebffa6722da95a389b91ed8389945e19a415fedde3a59,PASS
/Users/linmei/Documents/CY-supermind-v6/research/supermind_v6/data/market_data_hybrid_etf_longest_v1/minute_critical/symbol=515630.SH/critical.parquet,parent_registered_input,['parent_registered_input'],d150a3bc3fa571f0731f48e02a98ad52c7a6b164c1f18499e0ae3881116021ad,d150a3bc3fa571f0731f48e02a98ad52c7a6b164c1f18499e0ae3881116021ad,PASS
/Users/linmei/Documents/CY-supermind-v6/research/supermind_v6/data/market_data_hybrid_etf_longest_v1/minute_critical/symbol=515650.SH/critical.parquet,parent_registered_input,['parent_registered_input'],195a0f0389db81595145cc1d691eaad50e7e3a2b1caa23864e58798c3fcc693d,195a0f0389db81595145cc1d691eaad50e7e3a2b1caa23864e58798c3fcc693d,PASS
/Users/linmei/Documents/CY-supermind-v6/research/supermind_v6/data/market_data_hybrid_etf_longest_v1/minute_critical/symbol=515700.SH/critical.parquet,parent_registered_input,['parent_registered_input'],ea7dbecb12b00b268fa661bee32af11a6d75edc8da340b66ec943f8b6031395c,ea7dbecb12b00b268fa661bee32af11a6d75edc8da340b66ec943f8b6031395c,PASS
/Users/linmei/Documents/CY-supermind-v6/research/supermind_v6/data/market_data_hybrid_etf_longest_v1/minute_critical/symbol=515790.SH/critical.parquet,parent_registered_input,['parent_registered_input'],aed4aa3c694c1a30f62a7c993396822eb4db74bfa348cc3fa20a031a39679a1e,aed4aa3c694c1a30f62a7c993396822eb4db74bfa348cc3fa20a031a39679a1e,PASS
/Users/linmei/Documents/CY-supermind-v6/research/supermind_v6/data/market_data_hybrid_etf_longest_v1/minute_critical/symbol=515800.SH/critical.parquet,parent_registered_input,['parent_registered_input'],53560646a7f8c9263dfb08e64563ee1304852d2cfd5729dc2c925a78f4bba8b2,53560646a7f8c9263dfb08e64563ee1304852d2cfd5729dc2c925a78f4bba8b2,PASS
/Users/linmei/Documents/CY-supermind-v6/research/supermind_v6/data/market_data_hybrid_etf_longest_v1/minute_critical/symbol=515880.SH/critical.parquet,parent_registered_input,['parent_registered_input'],49898209cbab87f9d5ee2030209c8a22be6b74bd694c2aec752269e651fc732a,49898209cbab87f9d5ee2030209c8a22be6b74bd694c2aec752269e651fc732a,PASS
/Users/linmei/Documents/CY-supermind-v6/research/supermind_v6/data/market_data_hybrid_etf_longest_v1/minute_critical/symbol=515900.SH/critical.parquet,parent_registered_input,['parent_registered_input'],6889a5ac4d719594e137d7a609471a219834d51ba8e5be563424e4aa2188693a,6889a5ac4d719594e137d7a609471a219834d51ba8e5be563424e4aa2188693a,PASS
/Users/linmei/Documents/CY-supermind-v6/research/supermind_v6/data/market_data_hybrid_etf_longest_v1/minute_critical/symbol=515980.SH/critical.parquet,parent_registered_input,['parent_registered_input'],fa584c2389a72b0a412543c2489df1a9ef78f3bf603b4259c5518a642518387a,fa584c2389a72b0a412543c2489df1a9ef78f3bf603b4259c5518a642518387a,PASS
/Users/linmei/Documents/CY-supermind-v6/research/supermind_v6/data/market_data_hybrid_etf_longest_v1/minute_critical/symbol=516130.SH/critical.parquet,parent_registered_input,['parent_registered_input'],cdb580a50eec558333dfe0cf483334b0f9c330e658e5254496b5631333793c9e,cdb580a50eec558333dfe0cf483334b0f9c330e658e5254496b5631333793c9e,PASS
/Users/linmei/Documents/CY-supermind-v6/research/supermind_v6/data/market_data_hybrid_etf_longest_v1/minute_critical/symbol=516150.SH/critical.parquet,parent_registered_input,['parent_registered_input'],4900561e710ef0a680db80811851583f58e197c1cf538138bcc3882820413d4f,4900561e710ef0a680db80811851583f58e197c1cf538138bcc3882820413d4f,PASS
/Users/linmei/Documents/CY-supermind-v6/research/supermind_v6/data/market_data_hybrid_etf_longest_v1/minute_critical/symbol=516160.SH/critical.parquet,parent_registered_input,['parent_registered_input'],bbb46824db97617bc1abe581e31e46085d73a9212860498463364c8239776fea,bbb46824db97617bc1abe581e31e46085d73a9212860498463364c8239776fea,PASS
/Users/linmei/Documents/CY-supermind-v6/research/supermind_v6/data/market_data_hybrid_etf_longest_v1/minute_critical/symbol=516350.SH/critical.parquet,parent_registered_input,['parent_registered_input'],820870834713218e57e99913c38282bc558cfcf6fab7438aaa0270bd3bc21689,820870834713218e57e99913c38282bc558cfcf6fab7438aaa0270bd3bc21689,PASS
/Users/linmei/Documents/CY-supermind-v6/research/supermind_v6/data/market_data_hybrid_etf_longest_v1/minute_critical/symbol=516510.SH/critical.parquet,parent_registered_input,['parent_registered_input'],662ecd86caa569d9b3aa6137e01461dbb18b3833bb051b850e154da0cd75093a,662ecd86caa569d9b3aa6137e01461dbb18b3833bb051b850e154da0cd75093a,PASS
/Users/linmei/Documents/CY-supermind-v6/research/supermind_v6/data/market_data_hybrid_etf_longest_v1/minute_critical/symbol=516570.SH/critical.parquet,parent_registered_input,['parent_registered_input'],a8dd304b473e5d2913fd066b2d3ad647899e6cced845281cfb1828325d4d4c13,a8dd304b473e5d2913fd066b2d3ad647899e6cced845281cfb1828325d4d4c13,PASS
/Users/linmei/Documents/CY-supermind-v6/research/supermind_v6/data/market_data_hybrid_etf_longest_v1/minute_critical/symbol=516650.SH/critical.parquet,parent_registered_input,['parent_registered_input'],c7029cfa394f6a907eb2bc5a747021fcf138b1614b8003498c3c9f497056957c,c7029cfa394f6a907eb2bc5a747021fcf138b1614b8003498c3c9f497056957c,PASS
/Users/linmei/Documents/CY-supermind-v6/research/supermind_v6/data/market_data_hybrid_etf_longest_v1/minute_critical/symbol=516820.SH/critical.parquet,parent_registered_input,['parent_registered_input'],1b64da7470c617b6e2f7a9a201d2e84cc665c05c0c8e35956722ab5e0e24014c,1b64da7470c617b6e2f7a9a201d2e84cc665c05c0c8e35956722ab5e0e24014c,PASS
/Users/linmei/Documents/CY-supermind-v6/research/supermind_v6/data/market_data_hybrid_etf_longest_v1/minute_critical/symbol=516970.SH/critical.parquet,parent_registered_input,['parent_registered_input'],cdc1b7856ad932ed997643eb3f791437c6a8cafca2e51939cb9425a170c6e00e,cdc1b7856ad932ed997643eb3f791437c6a8cafca2e51939cb9425a170c6e00e,PASS
/Users/linmei/Documents/CY-supermind-v6/research/supermind_v6/data/market_data_hybrid_etf_longest_v1/minute_critical/symbol=560050.SH/critical.parquet,parent_registered_input,['parent_registered_input'],58f6dec8eccb39bf62bb12ccda3a3d7626382e452ee53841a3ba7f692d849019,58f6dec8eccb39bf62bb12ccda3a3d7626382e452ee53841a3ba7f692d849019,PASS
/Users/linmei/Documents/CY-supermind-v6/research/supermind_v6/data/market_data_hybrid_etf_longest_v1/minute_critical/symbol=560080.SH/critical.parquet,parent_registered_input,['parent_registered_input'],f868900f45b15c224f90cbca6ca900408fd0c3bb8e7b27395d997c7ff8b11dcb,f868900f45b15c224f90cbca6ca900408fd0c3bb8e7b27395d997c7ff8b11dcb,PASS
/Users/linmei/Documents/CY-supermind-v6/research/supermind_v6/data/market_data_hybrid_etf_longest_v1/minute_critical/symbol=560280.SH/critical.parquet,parent_registered_input,['parent_registered_input'],85810d6f43406c80eb3bd8594e7b534b60be9c544468842bb7ed207954a544c1,85810d6f43406c80eb3bd8594e7b534b60be9c544468842bb7ed207954a544c1,PASS
/Users/linmei/Documents/CY-supermind-v6/research/supermind_v6/data/market_data_hybrid_etf_longest_v1/minute_critical/symbol=560570.SH/critical.parquet,parent_registered_input,['parent_registered_input'],a63f9cf9a3ac9ca1dd91133e4f17bc21c8652fb2c26e8a6899adec2cac5e6f85,a63f9cf9a3ac9ca1dd91133e4f17bc21c8652fb2c26e8a6899adec2cac5e6f85,PASS
/Users/linmei/Documents/CY-supermind-v6/research/supermind_v6/data/market_data_hybrid_etf_longest_v1/minute_critical/symbol=560710.SH/critical.parquet,parent_registered_input,['parent_registered_input'],2b046a5ef6fde816dbe529c0e08f05b5c0ffe6314af7d6f96b8f7e731ba0d5a5,2b046a5ef6fde816dbe529c0e08f05b5c0ffe6314af7d6f96b8f7e731ba0d5a5,PASS
/Users/linmei/Documents/CY-supermind-v6/research/supermind_v6/data/market_data_hybrid_etf_longest_v1/minute_critical/symbol=560860.SH/critical.parquet,parent_registered_input,['parent_registered_input'],ac0a85e5406cdf2a8e92dca50b0e9b6cbc5895bc3f061248d1ee08560f3e141b,ac0a85e5406cdf2a8e92dca50b0e9b6cbc5895bc3f061248d1ee08560f3e141b,PASS
/Users/linmei/Documents/CY-supermind-v6/research/supermind_v6/data/market_data_hybrid_etf_longest_v1/minute_critical/symbol=561360.SH/critical.parquet,parent_registered_input,['parent_registered_input'],b9e55168e9a390a65ce302c4fd4ee359212c66c5683cd4b21f9970c9022357eb,b9e55168e9a390a65ce302c4fd4ee359212c66c5683cd4b21f9970c9022357eb,PASS
/Users/linmei/Documents/CY-supermind-v6/research/supermind_v6/data/market_data_hybrid_etf_longest_v1/minute_critical/symbol=561380.SH/critical.parquet,parent_registered_input,['parent_registered_input'],488b235dfe1f7e26d1f58913e5dd9f2e2f3bf92054c7055fd3a05575b2402e92,488b235dfe1f7e26d1f58913e5dd9f2e2f3bf92054c7055fd3a05575b2402e92,PASS
/Users/linmei/Documents/CY-supermind-v6/research/supermind_v6/data/market_data_hybrid_etf_longest_v1/minute_critical/symbol=561420.SH/critical.parquet,parent_registered_input,['parent_registered_input'],6eb598eaa37aa43d3d5ecf6f6de90fb0389e69675f8c0e39b26925e9235835a4,6eb598eaa37aa43d3d5ecf6f6de90fb0389e69675f8c0e39b26925e9235835a4,PASS
/Users/linmei/Documents/CY-supermind-v6/research/supermind_v6/data/market_data_hybrid_etf_longest_v1/minute_critical/symbol=561550.SH/critical.parquet,parent_registered_input,['parent_registered_input'],c9dddb13a5ef3d482dc3338135425768a3db7e3d3cb4f7482dbf38be3916ee4a,c9dddb13a5ef3d482dc3338135425768a3db7e3d3cb4f7482dbf38be3916ee4a,PASS
/Users/linmei/Documents/CY-supermind-v6/research/supermind_v6/data/market_data_hybrid_etf_longest_v1/minute_critical/symbol=561580.SH/critical.parquet,parent_registered_input,['parent_registered_input'],b62f6133d04ef8eb01d5d38ee6706ea8afcb5b32e17ee28c3e1bceca81909b75,b62f6133d04ef8eb01d5d38ee6706ea8afcb5b32e17ee28c3e1bceca81909b75,PASS
/Users/linmei/Documents/CY-supermind-v6/research/supermind_v6/data/market_data_hybrid_etf_longest_v1/minute_critical/symbol=561980.SH/critical.parquet,parent_registered_input,['parent_registered_input'],e15f79bc031e36883651f92d72158133d114b30d6774647d761f0cf730457a19,e15f79bc031e36883651f92d72158133d114b30d6774647d761f0cf730457a19,PASS
/Users/linmei/Documents/CY-supermind-v6/research/supermind_v6/data/market_data_hybrid_etf_longest_v1/minute_critical/symbol=562060.SH/critical.parquet,parent_registered_input,['parent_registered_input'],12e2417a8c677ccc39334cbe333a1d65380583c663063363f0d52736bc576e90,12e2417a8c677ccc39334cbe333a1d65380583c663063363f0d52736bc576e90,PASS
/Users/linmei/Documents/CY-supermind-v6/research/supermind_v6/data/market_data_hybrid_etf_longest_v1/minute_critical/symbol=562500.SH/critical.parquet,parent_registered_input,['parent_registered_input'],3bfef3569b4a2f6d882360accda0d03d22233425783ac7c97f346ddede8cb6fd,3bfef3569b4a2f6d882360accda0d03d22233425783ac7c97f346ddede8cb6fd,PASS
/Users/linmei/Documents/CY-supermind-v6/research/supermind_v6/data/market_data_hybrid_etf_longest_v1/minute_critical/symbol=562550.SH/critical.parquet,parent_registered_input,['parent_registered_input'],5779e9b943bcceea17839d60bb680440fd3941e2402218a97a560afdb8278ea1,5779e9b943bcceea17839d60bb680440fd3941e2402218a97a560afdb8278ea1,PASS
/Users/linmei/Documents/CY-supermind-v6/research/supermind_v6/data/market_data_hybrid_etf_longest_v1/minute_critical/symbol=562800.SH/critical.parquet,parent_registered_input,['parent_registered_input'],4a5ed8a631d95ad71630c7509a3ce8a1b883095d4d4c162884759a636dc02fa0,4a5ed8a631d95ad71630c7509a3ce8a1b883095d4d4c162884759a636dc02fa0,PASS
/Users/linmei/Documents/CY-supermind-v6/research/supermind_v6/data/market_data_hybrid_etf_longest_v1/minute_critical/symbol=562950.SH/critical.parquet,parent_registered_input,['parent_registered_input'],734ba31a9382c417e6aff1106f590118ca8361856ec01cec911dd97a438a911a,734ba31a9382c417e6aff1106f590118ca8361856ec01cec911dd97a438a911a,PASS
/Users/linmei/Documents/CY-supermind-v6/research/supermind_v6/data/market_data_hybrid_etf_longest_v1/minute_critical/symbol=563230.SH/critical.parquet,parent_registered_input,['parent_registered_input'],358c0a6c4cbcc70972d4a9dfec6b1c2fc6a8b80a5e1c4fa770aff42c88754123,358c0a6c4cbcc70972d4a9dfec6b1c2fc6a8b80a5e1c4fa770aff42c88754123,PASS
/Users/linmei/Documents/CY-supermind-v6/research/supermind_v6/data/market_data_hybrid_etf_longest_v1/minute_critical/symbol=563300.SH/critical.parquet,parent_registered_input,['parent_registered_input'],fa4abcc152084a9a748ca9459eb7dba0583333e0d98fe881009ea61fcc96b98e,fa4abcc152084a9a748ca9459eb7dba0583333e0d98fe881009ea61fcc96b98e,PASS
/Users/linmei/Documents/CY-supermind-v6/research/supermind_v6/data/market_data_hybrid_etf_longest_v1/minute_critical/symbol=563360.SH/critical.parquet,parent_registered_input,['parent_registered_input'],3c4e4a030d73b68a62174222bb014ab55a68812cd3dfa01c71fb6e17c2e23936,3c4e4a030d73b68a62174222bb014ab55a68812cd3dfa01c71fb6e17c2e23936,PASS
/Users/linmei/Documents/CY-supermind-v6/research/supermind_v6/data/market_data_hybrid_etf_longest_v1/minute_critical/symbol=588000.SH/critical.parquet,parent_registered_input,['parent_registered_input'],1cd08a6a84bc86220d5311f823c512ee6f1adc9df601a5afe706e0bfb8bf8f0b,1cd08a6a84bc86220d5311f823c512ee6f1adc9df601a5afe706e0bfb8bf8f0b,PASS
/Users/linmei/Documents/CY-supermind-v6/research/supermind_v6/data/market_data_hybrid_etf_longest_v1/minute_critical/symbol=588020.SH/critical.parquet,parent_registered_input,['parent_registered_input'],6179f7196464cf8d80c0e388d51c5aa64d64487f8e83feabfc76876d6b6f196f,6179f7196464cf8d80c0e388d51c5aa64d64487f8e83feabfc76876d6b6f196f,PASS
/Users/linmei/Documents/CY-supermind-v6/research/supermind_v6/data/market_data_hybrid_etf_longest_v1/minute_critical/symbol=588170.SH/critical.parquet,parent_registered_input,['parent_registered_input'],5ca0dcf820bbbf2335449863adbf7f6486f3174907277fca71dd42e201db5958,5ca0dcf820bbbf2335449863adbf7f6486f3174907277fca71dd42e201db5958,PASS
/Users/linmei/Documents/CY-supermind-v6/research/supermind_v6/data/market_data_hybrid_etf_longest_v1/minute_critical/symbol=588200.SH/critical.parquet,parent_registered_input,['parent_registered_input'],7e231fae7214d249cd5aa2a3b987976a5d4bfed6b825bf00322fd56cd76597fb,7e231fae7214d249cd5aa2a3b987976a5d4bfed6b825bf00322fd56cd76597fb,PASS
/Users/linmei/Documents/CY-supermind-v6/research/supermind_v6/data/market_data_hybrid_etf_longest_v1/minute_critical/symbol=588220.SH/critical.parquet,parent_registered_input,['parent_registered_input'],e3427181d0d54892756199f31762e42708cf655211350141659378c838cd4507,e3427181d0d54892756199f31762e42708cf655211350141659378c838cd4507,PASS
/Users/linmei/Documents/CY-supermind-v6/research/supermind_v6/data/market_data_hybrid_etf_longest_v1/minute_critical/symbol=588460.SH/critical.parquet,parent_registered_input,['parent_registered_input'],0eca934dbfb5944d8fe3eaed2f4c0969b7be815844ffc5c46a2e762506f115c4,0eca934dbfb5944d8fe3eaed2f4c0969b7be815844ffc5c46a2e762506f115c4,PASS
/Users/linmei/Documents/CY-supermind-v6/research/supermind_v6/data/market_data_hybrid_etf_longest_v1/minute_critical/symbol=588790.SH/critical.parquet,parent_registered_input,['parent_registered_input'],9ddda67bb0d9de31783f4b55a7b2f93d0f79966bec73aa95b6f3a93e2fdd1f0d,9ddda67bb0d9de31783f4b55a7b2f93d0f79966bec73aa95b6f3a93e2fdd1f0d,PASS
/Users/linmei/Documents/CY-supermind-v6/research/supermind_v6/data/market_data_hybrid_etf_longest_v1/minute_critical/symbol=589070.SH/critical.parquet,parent_registered_input,['parent_registered_input'],8268bcc0930404e24b664f481e1946d4bbb35d6f5468baed69a0c3b48d703f1d,8268bcc0930404e24b664f481e1946d4bbb35d6f5468baed69a0c3b48d703f1d,PASS
/Users/linmei/Documents/CY-supermind-v6/research/supermind_v6/data/market_data_hybrid_etf_longest_v1/minute_critical/symbol=589680.SH/critical.parquet,parent_registered_input,['parent_registered_input'],db53fda43ac0fbb555e7c42b4226115388c01763ce78af46f491d3fd9edecc9a,db53fda43ac0fbb555e7c42b4226115388c01763ce78af46f491d3fd9edecc9a,PASS
/Users/linmei/Documents/CY-supermind-v6/research/supermind_v6/data/market_data_hybrid_etf_longest_v1/minute_critical/symbol=589720.SH/critical.parquet,parent_registered_input,['parent_registered_input'],ea02dfcba635b6d6d6d9959da8949c0f0a1767c721ed7fef763b5b63ef098acc,ea02dfcba635b6d6d6d9959da8949c0f0a1767c721ed7fef763b5b63ef098acc,PASS
/Users/linmei/Documents/CY-supermind-v6/research/supermind_v6/data/market_data_qmt_v1/daily/symbol=000852.SH/daily.parquet,parent_registered_input,['parent_registered_input'],61b76afeafc91482f4429abb2c22c2fd4ca7a96836bfb10036af89fd538bf76e,61b76afeafc91482f4429abb2c22c2fd4ca7a96836bfb10036af89fd538bf76e,PASS
/Users/linmei/Documents/CY-supermind-v6/research/supermind_v6/data/market_data_qmt_v1/daily/symbol=159141.SZ/daily.parquet,parent_registered_input,['parent_registered_input'],2624b5aaf1e5ea10e3b9e3d190d7bd0be6fb64d2b7152f0f50992165bf257d49,2624b5aaf1e5ea10e3b9e3d190d7bd0be6fb64d2b7152f0f50992165bf257d49,PASS
/Users/linmei/Documents/CY-supermind-v6/research/supermind_v6/data/market_data_qmt_v1/daily/symbol=159201.SZ/daily.parquet,parent_registered_input,['parent_registered_input'],0dd5b59f33e174243a1ca4a18f32c25e19ecdd427660b9784e3c9fce5bd48bdf,0dd5b59f33e174243a1ca4a18f32c25e19ecdd427660b9784e3c9fce5bd48bdf,PASS
/Users/linmei/Documents/CY-supermind-v6/research/supermind_v6/data/market_data_qmt_v1/daily/symbol=159206.SZ/daily.parquet,parent_registered_input,['parent_registered_input'],6029a348dce868883ce0e14401ad172f99917a1082f24075adea6fb079f0996d,6029a348dce868883ce0e14401ad172f99917a1082f24075adea6fb079f0996d,PASS
/Users/linmei/Documents/CY-supermind-v6/research/supermind_v6/data/market_data_qmt_v1/daily/symbol=159207.SZ/daily.parquet,parent_registered_input,['parent_registered_input'],a26651c26f13556eacba6f88bc30c111e2f2a845ba9df43b3d5e926a758fc585,a26651c26f13556eacba6f88bc30c111e2f2a845ba9df43b3d5e926a758fc585,PASS
/Users/linmei/Documents/CY-supermind-v6/research/supermind_v6/data/market_data_qmt_v1/daily/symbol=159209.SZ/daily.parquet,parent_registered_input,['parent_registered_input'],c258aca35a8fa0ad2e4a791609807bf960547fdf6d718a5466d35aa90e783d5a,c258aca35a8fa0ad2e4a791609807bf960547fdf6d718a5466d35aa90e783d5a,PASS
/Users/linmei/Documents/CY-supermind-v6/research/supermind_v6/data/market_data_qmt_v1/daily/symbol=159227.SZ/daily.parquet,parent_registered_input,['parent_registered_input'],61c8497720b66a6a8b71a777ee5313d75a4832a430cde125434f6697ab06fc57,61c8497720b66a6a8b71a777ee5313d75a4832a430cde125434f6697ab06fc57,PASS
/Users/linmei/Documents/CY-supermind-v6/research/supermind_v6/data/market_data_qmt_v1/daily/symbol=159235.SZ/daily.parquet,parent_registered_input,['parent_registered_input'],4bac6db4a46ea4d1db3a58c6abb7eadd4c88c8f92ad5dd9603920aab6c71904f,4bac6db4a46ea4d1db3a58c6abb7eadd4c88c8f92ad5dd9603920aab6c71904f,PASS
/Users/linmei/Documents/CY-supermind-v6/research/supermind_v6/data/market_data_qmt_v1/daily/symbol=159259.SZ/daily.parquet,parent_registered_input,['parent_registered_input'],98982ba7d560cd73a51f4db92aa811a17eade5a2e2f849105337740aae9adcc0,98982ba7d560cd73a51f4db92aa811a17eade5a2e2f849105337740aae9adcc0,PASS
/Users/linmei/Documents/CY-supermind-v6/research/supermind_v6/data/market_data_qmt_v1/daily/symbol=159263.SZ/daily.parquet,parent_registered_input,['parent_registered_input'],f1862376054aa652e47cb35e5e2a7a062887e1ba2a4cab7c775fae8b413d785f,f1862376054aa652e47cb35e5e2a7a062887e1ba2a4cab7c775fae8b413d785f,PASS
/Users/linmei/Documents/CY-supermind-v6/research/supermind_v6/data/market_data_qmt_v1/daily/symbol=159307.SZ/daily.parquet,parent_registered_input,['parent_registered_input'],73679d341acdd6b03ee68feaf0f1d3a1690693e337c33d15ee48de33f6e31c45,73679d341acdd6b03ee68feaf0f1d3a1690693e337c33d15ee48de33f6e31c45,PASS
/Users/linmei/Documents/CY-supermind-v6/research/supermind_v6/data/market_data_qmt_v1/daily/symbol=159325.SZ/daily.parquet,parent_registered_input,['parent_registered_input'],44289609ebb8f2a9749f62122f8f81d171fe1763a5181924ceaa576bc144dc3f,44289609ebb8f2a9749f62122f8f81d171fe1763a5181924ceaa576bc144dc3f,PASS
/Users/linmei/Documents/CY-supermind-v6/research/supermind_v6/data/market_data_qmt_v1/daily/symbol=159326.SZ/daily.parquet,parent_registered_input,['parent_registered_input'],31a49cca5661a9d95c7f2d2f67f8d9a7e17b4fd0936e45bc931ac5a683b5a650,31a49cca5661a9d95c7f2d2f67f8d9a7e17b4fd0936e45bc931ac5a683b5a650,PASS
/Users/linmei/Documents/CY-supermind-v6/research/supermind_v6/data/market_data_qmt_v1/daily/symbol=159363.SZ/daily.parquet,parent_registered_input,['parent_registered_input'],07246a4eafc6ecf8e38203c82fdf9482e4b1222cdf42321312bc9a8f4bbdc8d0,07246a4eafc6ecf8e38203c82fdf9482e4b1222cdf42321312bc9a8f4bbdc8d0,PASS
/Users/linmei/Documents/CY-supermind-v6/research/supermind_v6/data/market_data_qmt_v1/daily/symbol=159387.SZ/daily.parquet,parent_registered_input,['parent_registered_input'],59757a8a9f43a9c98dd6fd0b5cd565c17897790d17aabab582250ec0eb3b296a,59757a8a9f43a9c98dd6fd0b5cd565c17897790d17aabab582250ec0eb3b296a,PASS
/Users/linmei/Documents/CY-supermind-v6/research/supermind_v6/data/market_data_qmt_v1/daily/symbol=159399.SZ/daily.parquet,parent_registered_input,['parent_registered_input'],67eeae1b4b9fc7361aeb72533e3169cdc863531fe875dad7e3b73d94a459b7a2,67eeae1b4b9fc7361aeb72533e3169cdc863531fe875dad7e3b73d94a459b7a2,PASS
/Users/linmei/Documents/CY-supermind-v6/research/supermind_v6/data/market_data_qmt_v1/daily/symbol=159516.SZ/daily.parquet,parent_registered_input,['parent_registered_input'],679cf64dec6cf4f595f6ccaae727f4886dcb15ce462898b3099ff37f9fd8d995,679cf64dec6cf4f595f6ccaae727f4886dcb15ce462898b3099ff37f9fd8d995,PASS
/Users/linmei/Documents/CY-supermind-v6/research/supermind_v6/data/market_data_qmt_v1/daily/symbol=159530.SZ/daily.parquet,parent_registered_input,['parent_registered_input'],fcbbc2596606e4364ea364285ebbd15bc4a2993a4f6a7109514c260c34aaa0a7,fcbbc2596606e4364ea364285ebbd15bc4a2993a4f6a7109514c260c34aaa0a7,PASS
/Users/linmei/Documents/CY-supermind-v6/research/supermind_v6/data/market_data_qmt_v1/daily/symbol=159562.SZ/daily.parquet,parent_registered_input,['parent_registered_input'],e10a05ce3dafe9bf25be78fa040d8bf91bf8c0c5271f43ad65c1640e0e0c9066,e10a05ce3dafe9bf25be78fa040d8bf91bf8c0c5271f43ad65c1640e0e0c9066,PASS
/Users/linmei/Documents/CY-supermind-v6/research/supermind_v6/data/market_data_qmt_v1/daily/symbol=159566.SZ/daily.parquet,parent_registered_input,['parent_registered_input'],2d41860baae83b35ba48ef9049c3f8231983c1c259a2055d02e4f7942c1f9d68,2d41860baae83b35ba48ef9049c3f8231983c1c259a2055d02e4f7942c1f9d68,PASS
/Users/linmei/Documents/CY-supermind-v6/research/supermind_v6/data/market_data_qmt_v1/daily/symbol=159583.SZ/daily.parquet,parent_registered_input,['parent_registered_input'],42caef0a101b5fcc4b41068baf6596a1c85f2daa87103092f9db6bb765352b36,42caef0a101b5fcc4b41068baf6596a1c85f2daa87103092f9db6bb765352b36,PASS
/Users/linmei/Documents/CY-supermind-v6/research/supermind_v6/data/market_data_qmt_v1/daily/symbol=159593.SZ/daily.parquet,parent_registered_input,['parent_registered_input'],35e5d83b8e35185b8dc28eb70172934c691e1a11234e4cf2b0518d731432508c,35e5d83b8e35185b8dc28eb70172934c691e1a11234e4cf2b0518d731432508c,PASS
/Users/linmei/Documents/CY-supermind-v6/research/supermind_v6/data/market_data_qmt_v1/daily/symbol=159601.SZ/daily.parquet,parent_registered_input,['parent_registered_input'],6469ed6549c065d36ea39449d97ede87c2ca16da55b965a9c6f54cc9ea9d4629,6469ed6549c065d36ea39449d97ede87c2ca16da55b965a9c6f54cc9ea9d4629,PASS
/Users/linmei/Documents/CY-supermind-v6/research/supermind_v6/data/market_data_qmt_v1/daily/symbol=159611.SZ/daily.parquet,parent_registered_input,['parent_registered_input'],53c90ca7fe6acaef9ae41136cfd1a37aa6e9d77c8bb17375f4c618f68e587c3f,53c90ca7fe6acaef9ae41136cfd1a37aa6e9d77c8bb17375f4c618f68e587c3f,PASS
/Users/linmei/Documents/CY-supermind-v6/research/supermind_v6/data/market_data_qmt_v1/daily/symbol=159622.SZ/daily.parquet,parent_registered_input,['parent_registered_input'],d48be6707203838ea97584fcf21a1e4d14b8d829ab0ebd66ac02bbf08d348c4e,d48be6707203838ea97584fcf21a1e4d14b8d829ab0ebd66ac02bbf08d348c4e,PASS
/Users/linmei/Documents/CY-supermind-v6/research/supermind_v6/data/market_data_qmt_v1/daily/symbol=159623.SZ/daily.parquet,parent_registered_input,['parent_registered_input'],dd1131420c4036178628b7a1e6e84f8bffed2b813777a7ee49b525df6a5dbaf0,dd1131420c4036178628b7a1e6e84f8bffed2b813777a7ee49b525df6a5dbaf0,PASS
/Users/linmei/Documents/CY-supermind-v6/research/supermind_v6/data/market_data_qmt_v1/daily/symbol=159625.SZ/daily.parquet,parent_registered_input,['parent_registered_input'],cbf3fafde45edc7171edf275fccd28d69b931a3d78af2364c41d3ad40e879f81,cbf3fafde45edc7171edf275fccd28d69b931a3d78af2364c41d3ad40e879f81,PASS
/Users/linmei/Documents/CY-supermind-v6/research/supermind_v6/data/market_data_qmt_v1/daily/symbol=159638.SZ/daily.parquet,parent_registered_input,['parent_registered_input'],7018cf992acbf91e86e40f77feb22fe8d7c7e096a6830746de0fda902cc5017d,7018cf992acbf91e86e40f77feb22fe8d7c7e096a6830746de0fda902cc5017d,PASS
/Users/linmei/Documents/CY-supermind-v6/research/supermind_v6/data/market_data_qmt_v1/daily/symbol=159667.SZ/daily.parquet,parent_registered_input,['parent_registered_input'],ea142668d200e5dbbe201dfe4ea9abfd52b926356239733c84b7b26e7f09a421,ea142668d200e5dbbe201dfe4ea9abfd52b926356239733c84b7b26e7f09a421,PASS
/Users/linmei/Documents/CY-supermind-v6/research/supermind_v6/data/market_data_qmt_v1/daily/symbol=159680.SZ/daily.parquet,parent_registered_input,['parent_registered_input'],93ee688e6f3be7f8ff5240567cbb21ab707b34747fc4dcf161dc56c4e2cbae85,93ee688e6f3be7f8ff5240567cbb21ab707b34747fc4dcf161dc56c4e2cbae85,PASS
/Users/linmei/Documents/CY-supermind-v6/research/supermind_v6/data/market_data_qmt_v1/daily/symbol=159692.SZ/daily.parquet,parent_registered_input,['parent_registered_input'],de9215d9dd539323822c988a5889e6b3de000e049dca18d16af5ae0bb066fba8,de9215d9dd539323822c988a5889e6b3de000e049dca18d16af5ae0bb066fba8,PASS
/Users/linmei/Documents/CY-supermind-v6/research/supermind_v6/data/market_data_qmt_v1/daily/symbol=159697.SZ/daily.parquet,parent_registered_input,['parent_registered_input'],58b6a898de20518918c819ea553ba1bb13d7a772919584e6e4d698c9180f248f,58b6a898de20518918c819ea553ba1bb13d7a772919584e6e4d698c9180f248f,PASS
/Users/linmei/Documents/CY-supermind-v6/research/supermind_v6/data/market_data_qmt_v1/daily/symbol=159732.SZ/daily.parquet,parent_registered_input,['parent_registered_input'],507125a06cba8df4b6225e37b4eb09d6e4c83b79dca5cc9862728e4db81385aa,507125a06cba8df4b6225e37b4eb09d6e4c83b79dca5cc9862728e4db81385aa,PASS
/Users/linmei/Documents/CY-supermind-v6/research/supermind_v6/data/market_data_qmt_v1/daily/symbol=159736.SZ/daily.parquet,parent_registered_input,['parent_registered_input'],873e27c4dc346a3e0980702ca3f5c6d221f07037e4e4dda58090ac19b444edb5,873e27c4dc346a3e0980702ca3f5c6d221f07037e4e4dda58090ac19b444edb5,PASS
/Users/linmei/Documents/CY-supermind-v6/research/supermind_v6/data/market_data_qmt_v1/daily/symbol=159755.SZ/daily.parquet,parent_registered_input,['parent_registered_input'],913c5ac4e1020031185e5c7ff0a883f630e13fc81391354a27db58396b09b1d9,913c5ac4e1020031185e5c7ff0a883f630e13fc81391354a27db58396b09b1d9,PASS
/Users/linmei/Documents/CY-supermind-v6/research/supermind_v6/data/market_data_qmt_v1/daily/symbol=159758.SZ/daily.parquet,parent_registered_input,['parent_registered_input'],60880635fd18450e690b85929c1faa6682972cbe8204ad65ca8ab848608d7ac4,60880635fd18450e690b85929c1faa6682972cbe8204ad65ca8ab848608d7ac4,PASS
/Users/linmei/Documents/CY-supermind-v6/research/supermind_v6/data/market_data_qmt_v1/daily/symbol=159766.SZ/daily.parquet,parent_registered_input,['parent_registered_input'],562d1d73fe718630f28b666fad8f79f93a5a02a3871b047579c67d452055d3a8,562d1d73fe718630f28b666fad8f79f93a5a02a3871b047579c67d452055d3a8,PASS
/Users/linmei/Documents/CY-supermind-v6/research/supermind_v6/data/market_data_qmt_v1/daily/symbol=159781.SZ/daily.parquet,parent_registered_input,['parent_registered_input'],cf8e0ef4333f702f45a4ea205ffb9c76d132ee66930ee9394756787735be4497,cf8e0ef4333f702f45a4ea205ffb9c76d132ee66930ee9394756787735be4497,PASS
/Users/linmei/Documents/CY-supermind-v6/research/supermind_v6/data/market_data_qmt_v1/daily/symbol=159790.SZ/daily.parquet,parent_registered_input,['parent_registered_input'],7329b7228a1c3d566058eaf0dbce04985529090117c3d261c910f1b80e7a228c,7329b7228a1c3d566058eaf0dbce04985529090117c3d261c910f1b80e7a228c,PASS
/Users/linmei/Documents/CY-supermind-v6/research/supermind_v6/data/market_data_qmt_v1/daily/symbol=159796.SZ/daily.parquet,parent_registered_input,['parent_registered_input'],cf6d8ab8e6b86821a921f9d99a75a55ffacac732cb20126589b651c7b0a3dd43,cf6d8ab8e6b86821a921f9d99a75a55ffacac732cb20126589b651c7b0a3dd43,PASS
/Users/linmei/Documents/CY-supermind-v6/research/supermind_v6/data/market_data_qmt_v1/daily/symbol=159819.SZ/daily.parquet,parent_registered_input,['parent_registered_input'],a3ff7ece04b07ba5b953687106b9c5d30000a407bb660a4b06728a274c304f51,a3ff7ece04b07ba5b953687106b9c5d30000a407bb660a4b06728a274c304f51,PASS
/Users/linmei/Documents/CY-supermind-v6/research/supermind_v6/data/market_data_qmt_v1/daily/symbol=159825.SZ/daily.parquet,parent_registered_input,['parent_registered_input'],d75a426c34cda82abb948a31079e1a99324c122044aaa5dbbb9e4c7815d21bd6,d75a426c34cda82abb948a31079e1a99324c122044aaa5dbbb9e4c7815d21bd6,PASS
/Users/linmei/Documents/CY-supermind-v6/research/supermind_v6/data/market_data_qmt_v1/daily/symbol=159837.SZ/daily.parquet,parent_registered_input,['parent_registered_input'],607b8b210ced6a41f9ac0a6fed0f5e7a8cdbf18cd7ed8fb10368b3f2f0d5fa94,607b8b210ced6a41f9ac0a6fed0f5e7a8cdbf18cd7ed8fb10368b3f2f0d5fa94,PASS
/Users/linmei/Documents/CY-supermind-v6/research/supermind_v6/data/market_data_qmt_v1/daily/symbol=159851.SZ/daily.parquet,parent_registered_input,['parent_registered_input'],0f4960abf6d565a70a83fc9c96dec161709385a59bad06d9755478f8d64375f8,0f4960abf6d565a70a83fc9c96dec161709385a59bad06d9755478f8d64375f8,PASS
/Users/linmei/Documents/CY-supermind-v6/research/supermind_v6/data/market_data_qmt_v1/daily/symbol=159852.SZ/daily.parquet,parent_registered_input,['parent_registered_input'],80d0d1ddcc76aa94fe7345febb682bcf478a8aeeebb4df13d06c4759c7b772c2,80d0d1ddcc76aa94fe7345febb682bcf478a8aeeebb4df13d06c4759c7b772c2,PASS
/Users/linmei/Documents/CY-supermind-v6/research/supermind_v6/data/market_data_qmt_v1/daily/symbol=159859.SZ/daily.parquet,parent_registered_input,['parent_registered_input'],e3abc9f1a1776ce9133dacc51accf5316fa1280851de078242db8f4a078427c2,e3abc9f1a1776ce9133dacc51accf5316fa1280851de078242db8f4a078427c2,PASS
/Users/linmei/Documents/CY-supermind-v6/research/supermind_v6/data/market_data_qmt_v1/daily/symbol=159865.SZ/daily.parquet,parent_registered_input,['parent_registered_input'],fd48aa74b057afd75acc3fb1788c97e71b0a6d20ad6231ca013ebbb52b6ea0c8,fd48aa74b057afd75acc3fb1788c97e71b0a6d20ad6231ca013ebbb52b6ea0c8,PASS
/Users/linmei/Documents/CY-supermind-v6/research/supermind_v6/data/market_data_qmt_v1/daily/symbol=159869.SZ/daily.parquet,parent_registered_input,['parent_registered_input'],7eb469300a05786bc0a783a2f09808429a5cbeb1c1cfb0c6fe4c44dbcc417025,7eb469300a05786bc0a783a2f09808429a5cbeb1c1cfb0c6fe4c44dbcc417025,PASS
/Users/linmei/Documents/CY-supermind-v6/research/supermind_v6/data/market_data_qmt_v1/daily/symbol=159870.SZ/daily.parquet,parent_registered_input,['parent_registered_input'],719fa53cd3f3acd3ad960c4a77be04117c8629b757ccd89ea793c8acafd88744,719fa53cd3f3acd3ad960c4a77be04117c8629b757ccd89ea793c8acafd88744,PASS
/Users/linmei/Documents/CY-supermind-v6/research/supermind_v6/data/market_data_qmt_v1/daily/symbol=159876.SZ/daily.parquet,parent_registered_input,['parent_registered_input'],7aeea0c158d47fcc4e7436a4f37e6cfd0ceec90a9b68ca2b2fdc7b86c8c1492e,7aeea0c158d47fcc4e7436a4f37e6cfd0ceec90a9b68ca2b2fdc7b86c8c1492e,PASS
/Users/linmei/Documents/CY-supermind-v6/research/supermind_v6/data/market_data_qmt_v1/daily/symbol=159880.SZ/daily.parquet,parent_registered_input,['parent_registered_input'],8c9e49502adc9e58ec9b1475352f3a44deab8d054d8a0097009e22760fe2d530,8c9e49502adc9e58ec9b1475352f3a44deab8d054d8a0097009e22760fe2d530,PASS
/Users/linmei/Documents/CY-supermind-v6/research/supermind_v6/data/market_data_qmt_v1/daily/symbol=159883.SZ/daily.parquet,parent_registered_input,['parent_registered_input'],50fd16fbc60ed3b52b2c3d1fe8afaeec08fbcb337fe1eeaf39c9191df5f1ec54,50fd16fbc60ed3b52b2c3d1fe8afaeec08fbcb337fe1eeaf39c9191df5f1ec54,PASS
/Users/linmei/Documents/CY-supermind-v6/research/supermind_v6/data/market_data_qmt_v1/daily/symbol=159901.SZ/daily.parquet,parent_registered_input,['parent_registered_input'],ad4f33ff3f26fd4e843beb54b213c53b6e7730b5acb0dcc3200033f874ac00ca,ad4f33ff3f26fd4e843beb54b213c53b6e7730b5acb0dcc3200033f874ac00ca,PASS
/Users/linmei/Documents/CY-supermind-v6/research/supermind_v6/data/market_data_qmt_v1/daily/symbol=159905.SZ/daily.parquet,parent_registered_input,['parent_registered_input'],b9b09d7153ba18040e39cec778deca5962b65533d2da77f21551526e50fecc67,b9b09d7153ba18040e39cec778deca5962b65533d2da77f21551526e50fecc67,PASS
/Users/linmei/Documents/CY-supermind-v6/research/supermind_v6/data/market_data_qmt_v1/daily/symbol=159915.SZ/daily.parquet,parent_registered_input,['parent_registered_input'],608c1043d7de858a9658f8574c93e50fb11434d3f4860f0983311a540b95ec91,608c1043d7de858a9658f8574c93e50fb11434d3f4860f0983311a540b95ec91,PASS
/Users/linmei/Documents/CY-supermind-v6/research/supermind_v6/data/market_data_qmt_v1/daily/symbol=159928.SZ/daily.parquet,parent_registered_input,['parent_registered_input'],ce18ea6646b6dbbf4b46a6b1d20304f2029c5721b3e6f72a7a00eac3d229692c,ce18ea6646b6dbbf4b46a6b1d20304f2029c5721b3e6f72a7a00eac3d229692c,PASS
/Users/linmei/Documents/CY-supermind-v6/research/supermind_v6/data/market_data_qmt_v1/daily/symbol=159929.SZ/daily.parquet,parent_registered_input,['parent_registered_input'],e440c0644fdd73a697438db94dfca93ef6d15948a3904202a89f310942e4c09e,e440c0644fdd73a697438db94dfca93ef6d15948a3904202a89f310942e4c09e,PASS
/Users/linmei/Documents/CY-supermind-v6/research/supermind_v6/data/market_data_qmt_v1/daily/symbol=159938.SZ/daily.parquet,parent_registered_input,['parent_registered_input'],e4002a7c78e6d4be814978eb8d595d58984ecffc2469b6c3baf6084ff85f59d2,e4002a7c78e6d4be814978eb8d595d58984ecffc2469b6c3baf6084ff85f59d2,PASS
/Users/linmei/Documents/CY-supermind-v6/research/supermind_v6/data/market_data_qmt_v1/daily/symbol=159949.SZ/daily.parquet,parent_registered_input,['parent_registered_input'],fc3090683eff4de3968bbd8c2c4b74c7c7f0c4b8846286d79d963fcb7e9d6655,fc3090683eff4de3968bbd8c2c4b74c7c7f0c4b8846286d79d963fcb7e9d6655,PASS
/Users/linmei/Documents/CY-supermind-v6/research/supermind_v6/data/market_data_qmt_v1/daily/symbol=159967.SZ/daily.parquet,parent_registered_input,['parent_registered_input'],af33dc09bcd4fb0ee007b3e675d9856612e216d9abd4e89af78dd2473508e4f6,af33dc09bcd4fb0ee007b3e675d9856612e216d9abd4e89af78dd2473508e4f6,PASS
/Users/linmei/Documents/CY-supermind-v6/research/supermind_v6/data/market_data_qmt_v1/daily/symbol=159980.SZ/daily.parquet,parent_registered_input,['parent_registered_input'],ce31b59e199a4c0e2be79c21707135fdb07d74eeb9d049602ea49cdc0cb66d64,ce31b59e199a4c0e2be79c21707135fdb07d74eeb9d049602ea49cdc0cb66d64,PASS
/Users/linmei/Documents/CY-supermind-v6/research/supermind_v6/data/market_data_qmt_v1/daily/symbol=159992.SZ/daily.parquet,parent_registered_input,['parent_registered_input'],bbc587d42389de75b4adcfd68e35ecec7b51c924a930fed7b46518039f06d670,bbc587d42389de75b4adcfd68e35ecec7b51c924a930fed7b46518039f06d670,PASS
/Users/linmei/Documents/CY-supermind-v6/research/supermind_v6/data/market_data_qmt_v1/daily/symbol=159993.SZ/daily.parquet,parent_registered_input,['parent_registered_input'],6989ebdd870056b2b1cd446b8da44f57a840db125c368a7bc5ccf71e4e5d9c7e,6989ebdd870056b2b1cd446b8da44f57a840db125c368a7bc5ccf71e4e5d9c7e,PASS
/Users/linmei/Documents/CY-supermind-v6/research/supermind_v6/data/market_data_qmt_v1/daily/symbol=159995.SZ/daily.parquet,parent_registered_input,['parent_registered_input'],dc7dc2c1fb2d714929b57a366ae440a4a5613e923a2f2ed206e688ca3a62d242,dc7dc2c1fb2d714929b57a366ae440a4a5613e923a2f2ed206e688ca3a62d242,PASS
/Users/linmei/Documents/CY-supermind-v6/research/supermind_v6/data/market_data_qmt_v1/daily/symbol=159997.SZ/daily.parquet,parent_registered_input,['parent_registered_input'],37cfcf01a0f7460401d1dcbc29d6913b107d01112f5b52a066eb8fe836ad9c01,37cfcf01a0f7460401d1dcbc29d6913b107d01112f5b52a066eb8fe836ad9c01,PASS
/Users/linmei/Documents/CY-supermind-v6/research/supermind_v6/data/market_data_qmt_v1/daily/symbol=159998.SZ/daily.parquet,parent_registered_input,['parent_registered_input'],858e2f04bc80e6f665286c056c5b3b9b5aabe1887b996b9b0327a966672de539,858e2f04bc80e6f665286c056c5b3b9b5aabe1887b996b9b0327a966672de539,PASS
/Users/linmei/Documents/CY-supermind-v6/research/supermind_v6/data/market_data_qmt_v1/daily/symbol=510050.SH/daily.parquet,parent_registered_input,['parent_registered_input'],8b55859eaf5baa12725f3db6ac264cdababe4bc216bd95d57aaeffb5dbcc3321,8b55859eaf5baa12725f3db6ac264cdababe4bc216bd95d57aaeffb5dbcc3321,PASS
/Users/linmei/Documents/CY-supermind-v6/research/supermind_v6/data/market_data_qmt_v1/daily/symbol=510150.SH/daily.parquet,parent_registered_input,['parent_registered_input'],e9869996feae9d29c8c8149f75f267faa7133c19163739b249a1fe55d98ad3c6,e9869996feae9d29c8c8149f75f267faa7133c19163739b249a1fe55d98ad3c6,PASS
/Users/linmei/Documents/CY-supermind-v6/research/supermind_v6/data/market_data_qmt_v1/daily/symbol=510180.SH/daily.parquet,parent_registered_input,['parent_registered_input'],57ed8080ba4bcd8490ec68f159c7beef99ab0b293562031ae2f797b5a37e4ec3,57ed8080ba4bcd8490ec68f159c7beef99ab0b293562031ae2f797b5a37e4ec3,PASS
/Users/linmei/Documents/CY-supermind-v6/research/supermind_v6/data/market_data_qmt_v1/daily/symbol=510210.SH/daily.parquet,parent_registered_input,['parent_registered_input'],83ab66a0b05345d2346bb29bcaf0d62062fe9e42f641680360fc0880c65f8241,83ab66a0b05345d2346bb29bcaf0d62062fe9e42f641680360fc0880c65f8241,PASS
/Users/linmei/Documents/CY-supermind-v6/research/supermind_v6/data/market_data_qmt_v1/daily/symbol=510300.SH/daily.parquet,parent_registered_input,['parent_registered_input'],15458d4adcd6e01d9b8d07f348df4bbb3288a5c231db0e1bcb9211338e8067cf,15458d4adcd6e01d9b8d07f348df4bbb3288a5c231db0e1bcb9211338e8067cf,PASS
/Users/linmei/Documents/CY-supermind-v6/research/supermind_v6/data/market_data_qmt_v1/daily/symbol=510500.SH/daily.parquet,parent_registered_input,['parent_registered_input'],85fa3fb307a500161b8f03b311241806d3afb68024c09446139d894d6d0ee5d6,85fa3fb307a500161b8f03b311241806d3afb68024c09446139d894d6d0ee5d6,PASS
/Users/linmei/Documents/CY-supermind-v6/research/supermind_v6/data/market_data_qmt_v1/daily/symbol=510720.SH/daily.parquet,parent_registered_input,['parent_registered_input'],69769bc4a1923aafa1630e8eaf7fdb11c79db77d751df3b5927561d30ed9eea7,69769bc4a1923aafa1630e8eaf7fdb11c79db77d751df3b5927561d30ed9eea7,PASS
/Users/linmei/Documents/CY-supermind-v6/research/supermind_v6/data/market_data_qmt_v1/daily/symbol=510810.SH/daily.parquet,parent_registered_input,['parent_registered_input'],da63bdc6a005e09346c19aa907279ace2e4a26eeb9920f17fb9f69873e1eda8c,da63bdc6a005e09346c19aa907279ace2e4a26eeb9920f17fb9f69873e1eda8c,PASS
/Users/linmei/Documents/CY-supermind-v6/research/supermind_v6/data/market_data_qmt_v1/daily/symbol=510880.SH/daily.parquet,parent_registered_input,['parent_registered_input'],888b5247104021cd88b7895bfe924ccb74918cb6fe86cef079457fc2c2586250,888b5247104021cd88b7895bfe924ccb74918cb6fe86cef079457fc2c2586250,PASS
/Users/linmei/Documents/CY-supermind-v6/research/supermind_v6/data/market_data_qmt_v1/daily/symbol=512010.SH/daily.parquet,parent_registered_input,['parent_registered_input'],01c95f945935f779cb8de4d3eede6ddba430c673b800a2f76751bc8d3890c4eb,01c95f945935f779cb8de4d3eede6ddba430c673b800a2f76751bc8d3890c4eb,PASS
/Users/linmei/Documents/CY-supermind-v6/research/supermind_v6/data/market_data_qmt_v1/daily/symbol=512040.SH/daily.parquet,parent_registered_input,['parent_registered_input'],95b342e0bb32e5cd296a9f68d86ead3a650e19143870eeab894a15866abcb52d,95b342e0bb32e5cd296a9f68d86ead3a650e19143870eeab894a15866abcb52d,PASS
/Users/linmei/Documents/CY-supermind-v6/research/supermind_v6/data/market_data_qmt_v1/daily/symbol=512070.SH/daily.parquet,parent_registered_input,['parent_registered_input'],0484228e52065a7f258345222776d694eae941f473268d8eeb9d9474033666ef,0484228e52065a7f258345222776d694eae941f473268d8eeb9d9474033666ef,PASS
/Users/linmei/Documents/CY-supermind-v6/research/supermind_v6/data/market_data_qmt_v1/daily/symbol=512100.SH/daily.parquet,parent_registered_input,['parent_registered_input'],0f858b288614d27c4b91a4eb28255cec965cee9fc70eef73a1952e00008e3a8f,0f858b288614d27c4b91a4eb28255cec965cee9fc70eef73a1952e00008e3a8f,PASS
/Users/linmei/Documents/CY-supermind-v6/research/supermind_v6/data/market_data_qmt_v1/daily/symbol=512170.SH/daily.parquet,parent_registered_input,['parent_registered_input'],ae58b7275ed0a380d575e117abf817fea59d97d68e6ce18183b9875735d7f3e7,ae58b7275ed0a380d575e117abf817fea59d97d68e6ce18183b9875735d7f3e7,PASS
/Users/linmei/Documents/CY-supermind-v6/research/supermind_v6/data/market_data_qmt_v1/daily/symbol=512200.SH/daily.parquet,parent_registered_input,['parent_registered_input'],833525907501f24700a10e1d33691796f22e9fc7118529b06d0eaf3b53a3c51a,833525907501f24700a10e1d33691796f22e9fc7118529b06d0eaf3b53a3c51a,PASS
/Users/linmei/Documents/CY-supermind-v6/research/supermind_v6/data/market_data_qmt_v1/daily/symbol=512290.SH/daily.parquet,parent_registered_input,['parent_registered_input'],48943c91432348636fcd785e716781d3175a4949e391fc3b1c74e9a7f3d4954d,48943c91432348636fcd785e716781d3175a4949e391fc3b1c74e9a7f3d4954d,PASS
/Users/linmei/Documents/CY-supermind-v6/research/supermind_v6/data/market_data_qmt_v1/daily/symbol=512400.SH/daily.parquet,parent_registered_input,['parent_registered_input'],7c10cf5ce5137f53fd39b7ba3cfcd2c3aec16834d429ddace63551ad02afd4cb,7c10cf5ce5137f53fd39b7ba3cfcd2c3aec16834d429ddace63551ad02afd4cb,PASS
/Users/linmei/Documents/CY-supermind-v6/research/supermind_v6/data/market_data_qmt_v1/daily/symbol=512480.SH/daily.parquet,parent_registered_input,['parent_registered_input'],622221f625157fb1319146700b461348c0e86bd52dd532a40fef0f54b13dda45,622221f625157fb1319146700b461348c0e86bd52dd532a40fef0f54b13dda45,PASS
/Users/linmei/Documents/CY-supermind-v6/research/supermind_v6/data/market_data_qmt_v1/daily/symbol=512660.SH/daily.parquet,parent_registered_input,['parent_registered_input'],f8f3db8ec3dccd49a97e89aae180688fbf5a6885df2fc269ff37104aaccfb30f,f8f3db8ec3dccd49a97e89aae180688fbf5a6885df2fc269ff37104aaccfb30f,PASS
/Users/linmei/Documents/CY-supermind-v6/research/supermind_v6/data/market_data_qmt_v1/daily/symbol=512670.SH/daily.parquet,parent_registered_input,['parent_registered_input'],06e5a89e3859d67667d68b34f54a12568c71e35656f0ee157217d97d5ba31517,06e5a89e3859d67667d68b34f54a12568c71e35656f0ee157217d97d5ba31517,PASS
/Users/linmei/Documents/CY-supermind-v6/research/supermind_v6/data/market_data_qmt_v1/daily/symbol=512690.SH/daily.parquet,parent_registered_input,['parent_registered_input'],337bf62374292870b177a57cd4fb8a66d88ad5e38b400fadadef2cd9a9b2a7a6,337bf62374292870b177a57cd4fb8a66d88ad5e38b400fadadef2cd9a9b2a7a6,PASS
/Users/linmei/Documents/CY-supermind-v6/research/supermind_v6/data/market_data_qmt_v1/daily/symbol=512710.SH/daily.parquet,parent_registered_input,['parent_registered_input'],6a6dd118d0f9b6e6c08bed1e9bdaf34e2482181bd91535d495493905755cdf0d,6a6dd118d0f9b6e6c08bed1e9bdaf34e2482181bd91535d495493905755cdf0d,PASS
/Users/linmei/Documents/CY-supermind-v6/research/supermind_v6/data/market_data_qmt_v1/daily/symbol=512760.SH/daily.parquet,parent_registered_input,['parent_registered_input'],49c787f72671dbfb829974a00c1b85bb9d86246d745412d10122b60cbc250917,49c787f72671dbfb829974a00c1b85bb9d86246d745412d10122b60cbc250917,PASS
/Users/linmei/Documents/CY-supermind-v6/research/supermind_v6/data/market_data_qmt_v1/daily/symbol=512800.SH/daily.parquet,parent_registered_input,['parent_registered_input'],da1e3fa91582357774f0a578b26e057df8963b7ddabfb7b51d1a55f4c9f921c8,da1e3fa91582357774f0a578b26e057df8963b7ddabfb7b51d1a55f4c9f921c8,PASS
/Users/linmei/Documents/CY-supermind-v6/research/supermind_v6/data/market_data_qmt_v1/daily/symbol=512880.SH/daily.parquet,parent_registered_input,['parent_registered_input'],1107ac06b170fe8c0c5e0946d45969ec1de8340c56328b864efe31fba9258be9,1107ac06b170fe8c0c5e0946d45969ec1de8340c56328b864efe31fba9258be9,PASS
/Users/linmei/Documents/CY-supermind-v6/research/supermind_v6/data/market_data_qmt_v1/daily/symbol=512890.SH/daily.parquet,parent_registered_input,['parent_registered_input'],671d82e4ca1ad056d066d921c496980e2c4f45db003dd37d576b874af35c5452,671d82e4ca1ad056d066d921c496980e2c4f45db003dd37d576b874af35c5452,PASS
/Users/linmei/Documents/CY-supermind-v6/research/supermind_v6/data/market_data_qmt_v1/daily/symbol=512940.SH/daily.parquet,parent_registered_input,['parent_registered_input'],852c4766660aa139a51792730493872ae65f57ae9efbbdf7cc7191520e5ac4a3,852c4766660aa139a51792730493872ae65f57ae9efbbdf7cc7191520e5ac4a3,PASS
/Users/linmei/Documents/CY-supermind-v6/research/supermind_v6/data/market_data_qmt_v1/daily/symbol=512950.SH/daily.parquet,parent_registered_input,['parent_registered_input'],d57472658044afb2c1a342ab56dbe4257a6f1554086b91d423a415c6badd72c2,d57472658044afb2c1a342ab56dbe4257a6f1554086b91d423a415c6badd72c2,PASS
/Users/linmei/Documents/CY-supermind-v6/research/supermind_v6/data/market_data_qmt_v1/daily/symbol=512980.SH/daily.parquet,parent_registered_input,['parent_registered_input'],bae0530399c13c1fde25e71335790a3613e6e19c62765369c5ee0844e5e60dd5,bae0530399c13c1fde25e71335790a3613e6e19c62765369c5ee0844e5e60dd5,PASS
/Users/linmei/Documents/CY-supermind-v6/research/supermind_v6/data/market_data_qmt_v1/daily/symbol=515000.SH/daily.parquet,parent_registered_input,['parent_registered_input'],f3dd96f47be42818c1b947828565d610464818f64d60b623a51c4020fe6fd867,f3dd96f47be42818c1b947828565d610464818f64d60b623a51c4020fe6fd867,PASS
/Users/linmei/Documents/CY-supermind-v6/research/supermind_v6/data/market_data_qmt_v1/daily/symbol=515030.SH/daily.parquet,parent_registered_input,['parent_registered_input'],ee3d81c2f1bf83bfbe7787e3f7429267f854f90d7239d77996b40709134743a0,ee3d81c2f1bf83bfbe7787e3f7429267f854f90d7239d77996b40709134743a0,PASS
/Users/linmei/Documents/CY-supermind-v6/research/supermind_v6/data/market_data_qmt_v1/daily/symbol=515050.SH/daily.parquet,parent_registered_input,['parent_registered_input'],652f2ef74ca1c547062579f61b7d12d57f9f00d9cf4b70214c998d08bf5d4f46,652f2ef74ca1c547062579f61b7d12d57f9f00d9cf4b70214c998d08bf5d4f46,PASS
/Users/linmei/Documents/CY-supermind-v6/research/supermind_v6/data/market_data_qmt_v1/daily/symbol=515170.SH/daily.parquet,parent_registered_input,['parent_registered_input'],9b3141e80bb7d29ea56b759054bfc0bdef9b1d18d87776e3663ed75c8bad0d4f,9b3141e80bb7d29ea56b759054bfc0bdef9b1d18d87776e3663ed75c8bad0d4f,PASS
/Users/linmei/Documents/CY-supermind-v6/research/supermind_v6/data/market_data_qmt_v1/daily/symbol=515180.SH/daily.parquet,parent_registered_input,['parent_registered_input'],d857d97b630c67e2814414a9f9d92455f98593ef90b643fa62ae743f37a8616f,d857d97b630c67e2814414a9f9d92455f98593ef90b643fa62ae743f37a8616f,PASS
/Users/linmei/Documents/CY-supermind-v6/research/supermind_v6/data/market_data_qmt_v1/daily/symbol=515210.SH/daily.parquet,parent_registered_input,['parent_registered_input'],2d3afeb1298e37e30630a677944f2b364c2fe32351b0a3c64d71d5c6286b3cfa,2d3afeb1298e37e30630a677944f2b364c2fe32351b0a3c64d71d5c6286b3cfa,PASS
/Users/linmei/Documents/CY-supermind-v6/research/supermind_v6/data/market_data_qmt_v1/daily/symbol=515220.SH/daily.parquet,parent_registered_input,['parent_registered_input'],a537779e9704f94e55f6ca32b0c9056075fe6e2ddd5fd2f338df431561b90b45,a537779e9704f94e55f6ca32b0c9056075fe6e2ddd5fd2f338df431561b90b45,PASS
/Users/linmei/Documents/CY-supermind-v6/research/supermind_v6/data/market_data_qmt_v1/daily/symbol=515230.SH/daily.parquet,parent_registered_input,['parent_registered_input'],aab3221a792167fe4aeb1ed559e33cf51cc86cdaf239a3ec3517a437e71cd7ff,aab3221a792167fe4aeb1ed559e33cf51cc86cdaf239a3ec3517a437e71cd7ff,PASS
/Users/linmei/Documents/CY-supermind-v6/research/supermind_v6/data/market_data_qmt_v1/daily/symbol=515300.SH/daily.parquet,parent_registered_input,['parent_registered_input'],e9ef6e588f81f070a1dc7b806f95f3c9b9ea960710f6800dc47614fe3540ac96,e9ef6e588f81f070a1dc7b806f95f3c9b9ea960710f6800dc47614fe3540ac96,PASS
/Users/linmei/Documents/CY-supermind-v6/research/supermind_v6/data/market_data_qmt_v1/daily/symbol=515400.SH/daily.parquet,parent_registered_input,['parent_registered_input'],2fc3f2e1cacc30191d309796a097f22c764e446c112f095b3402bfee431fbec0,2fc3f2e1cacc30191d309796a097f22c764e446c112f095b3402bfee431fbec0,PASS
/Users/linmei/Documents/CY-supermind-v6/research/supermind_v6/data/market_data_qmt_v1/daily/symbol=515450.SH/daily.parquet,parent_registered_input,['parent_registered_input'],d57b20a3d1e26169315033320c8b2012ca1dbd7e95288ce68097ede959045193,d57b20a3d1e26169315033320c8b2012ca1dbd7e95288ce68097ede959045193,PASS
/Users/linmei/Documents/CY-supermind-v6/research/supermind_v6/data/market_data_qmt_v1/daily/symbol=515630.SH/daily.parquet,parent_registered_input,['parent_registered_input'],01fb0a359c8dea763dcb269ce426d2f045b3f1a81e0743c04c9adb36ee411a86,01fb0a359c8dea763dcb269ce426d2f045b3f1a81e0743c04c9adb36ee411a86,PASS
/Users/linmei/Documents/CY-supermind-v6/research/supermind_v6/data/market_data_qmt_v1/daily/symbol=515650.SH/daily.parquet,parent_registered_input,['parent_registered_input'],3b79b1ed47f7cbe711c43d7340bed521b8fe90ab5e238533823e16f5d82be385,3b79b1ed47f7cbe711c43d7340bed521b8fe90ab5e238533823e16f5d82be385,PASS
/Users/linmei/Documents/CY-supermind-v6/research/supermind_v6/data/market_data_qmt_v1/daily/symbol=515700.SH/daily.parquet,parent_registered_input,['parent_registered_input'],9f608efc596a7d5d0cc4220846d18efe21ee81a10f028e3ef7a5723df314f22e,9f608efc596a7d5d0cc4220846d18efe21ee81a10f028e3ef7a5723df314f22e,PASS
/Users/linmei/Documents/CY-supermind-v6/research/supermind_v6/data/market_data_qmt_v1/daily/symbol=515790.SH/daily.parquet,parent_registered_input,['parent_registered_input'],3370e24995554a931682773c9c78dbade0d3a6c177f5f19cc0b39180a4a6f16f,3370e24995554a931682773c9c78dbade0d3a6c177f5f19cc0b39180a4a6f16f,PASS
/Users/linmei/Documents/CY-supermind-v6/research/supermind_v6/data/market_data_qmt_v1/daily/symbol=515800.SH/daily.parquet,parent_registered_input,['parent_registered_input'],928cd91c4e863736c9c14ed38055ffbc83d8547eee81626cda2d87c9de26fc1e,928cd91c4e863736c9c14ed38055ffbc83d8547eee81626cda2d87c9de26fc1e,PASS
/Users/linmei/Documents/CY-supermind-v6/research/supermind_v6/data/market_data_qmt_v1/daily/symbol=515880.SH/daily.parquet,parent_registered_input,['parent_registered_input'],fd3223ee27f817870755f62e37540f42f098fa132e486d99b2a7e1dc83da7440,fd3223ee27f817870755f62e37540f42f098fa132e486d99b2a7e1dc83da7440,PASS
/Users/linmei/Documents/CY-supermind-v6/research/supermind_v6/data/market_data_qmt_v1/daily/symbol=515900.SH/daily.parquet,parent_registered_input,['parent_registered_input'],5d0c8302991bd0aaf640cba262e7bc61b0c9aedc7ebd4a65c95d47c535312a53,5d0c8302991bd0aaf640cba262e7bc61b0c9aedc7ebd4a65c95d47c535312a53,PASS
/Users/linmei/Documents/CY-supermind-v6/research/supermind_v6/data/market_data_qmt_v1/daily/symbol=515980.SH/daily.parquet,parent_registered_input,['parent_registered_input'],2564c50e0f61e433c7e2ddfaf443146099c2c39c39fa19a14c6d7ed2dbed3b94,2564c50e0f61e433c7e2ddfaf443146099c2c39c39fa19a14c6d7ed2dbed3b94,PASS
/Users/linmei/Documents/CY-supermind-v6/research/supermind_v6/data/market_data_qmt_v1/daily/symbol=516130.SH/daily.parquet,parent_registered_input,['parent_registered_input'],37f36a9c4eff2f5e055fa539e0d81661b83cb09e37d932d4f06400f4f17c34d9,37f36a9c4eff2f5e055fa539e0d81661b83cb09e37d932d4f06400f4f17c34d9,PASS
/Users/linmei/Documents/CY-supermind-v6/research/supermind_v6/data/market_data_qmt_v1/daily/symbol=516150.SH/daily.parquet,parent_registered_input,['parent_registered_input'],2aad90d5220492b746701660e12b347b1acf43782ffbeee0075cd07c76f7194a,2aad90d5220492b746701660e12b347b1acf43782ffbeee0075cd07c76f7194a,PASS
/Users/linmei/Documents/CY-supermind-v6/research/supermind_v6/data/market_data_qmt_v1/daily/symbol=516160.SH/daily.parquet,parent_registered_input,['parent_registered_input'],3244896495e7793fed9dddecba4fce3224aec1960794552125559da2870672b5,3244896495e7793fed9dddecba4fce3224aec1960794552125559da2870672b5,PASS
/Users/linmei/Documents/CY-supermind-v6/research/supermind_v6/data/market_data_qmt_v1/daily/symbol=516350.SH/daily.parquet,parent_registered_input,['parent_registered_input'],47aed9190567fe3b871ef3b2558da736f986ed62334c30c11784cdfe217397fb,47aed9190567fe3b871ef3b2558da736f986ed62334c30c11784cdfe217397fb,PASS
/Users/linmei/Documents/CY-supermind-v6/research/supermind_v6/data/market_data_qmt_v1/daily/symbol=516510.SH/daily.parquet,parent_registered_input,['parent_registered_input'],fc01d96108713aee901706d1e28939897f0091f70a1c4d47c8829e00abe3727b,fc01d96108713aee901706d1e28939897f0091f70a1c4d47c8829e00abe3727b,PASS
/Users/linmei/Documents/CY-supermind-v6/research/supermind_v6/data/market_data_qmt_v1/daily/symbol=516570.SH/daily.parquet,parent_registered_input,['parent_registered_input'],ed033fc7312ccc2f8142fe8d7b8b0fa042f66395d0b18f0f340a7d57b3a4f794,ed033fc7312ccc2f8142fe8d7b8b0fa042f66395d0b18f0f340a7d57b3a4f794,PASS
/Users/linmei/Documents/CY-supermind-v6/research/supermind_v6/data/market_data_qmt_v1/daily/symbol=516650.SH/daily.parquet,parent_registered_input,['parent_registered_input'],0d40351eb0546e31376a59c79ed4b6d4070acec79e05a73a9cafa9bf09de3e7e,0d40351eb0546e31376a59c79ed4b6d4070acec79e05a73a9cafa9bf09de3e7e,PASS
/Users/linmei/Documents/CY-supermind-v6/research/supermind_v6/data/market_data_qmt_v1/daily/symbol=516820.SH/daily.parquet,parent_registered_input,['parent_registered_input'],ad5f20f84f15686ec30e7c0149618c04ce766cbdf93de20950d778652fa25cc7,ad5f20f84f15686ec30e7c0149618c04ce766cbdf93de20950d778652fa25cc7,PASS
/Users/linmei/Documents/CY-supermind-v6/research/supermind_v6/data/market_data_qmt_v1/daily/symbol=516970.SH/daily.parquet,parent_registered_input,['parent_registered_input'],5464b3546f7f7431f3e9266a005af7d4ffe112999ebcfe60adbc32ce11f57656,5464b3546f7f7431f3e9266a005af7d4ffe112999ebcfe60adbc32ce11f57656,PASS
/Users/linmei/Documents/CY-supermind-v6/research/supermind_v6/data/market_data_qmt_v1/daily/symbol=560050.SH/daily.parquet,parent_registered_input,['parent_registered_input'],0b526bb0cd93d8b134af639ff29dd8edd8fa41120804282d798ba58e52c6a702,0b526bb0cd93d8b134af639ff29dd8edd8fa41120804282d798ba58e52c6a702,PASS
/Users/linmei/Documents/CY-supermind-v6/research/supermind_v6/data/market_data_qmt_v1/daily/symbol=560080.SH/daily.parquet,parent_registered_input,['parent_registered_input'],8d811052316f5afea922e115784ebc997f6f3d5bce1cb924a6d75398633f906f,8d811052316f5afea922e115784ebc997f6f3d5bce1cb924a6d75398633f906f,PASS
/Users/linmei/Documents/CY-supermind-v6/research/supermind_v6/data/market_data_qmt_v1/daily/symbol=560280.SH/daily.parquet,parent_registered_input,['parent_registered_input'],a1b64b0217cc09826a8bae4886f97d1af87b1194c95c60e277e83f83cbd4dcb8,a1b64b0217cc09826a8bae4886f97d1af87b1194c95c60e277e83f83cbd4dcb8,PASS
/Users/linmei/Documents/CY-supermind-v6/research/supermind_v6/data/market_data_qmt_v1/daily/symbol=560570.SH/daily.parquet,parent_registered_input,['parent_registered_input'],82ff25ad041536a361d69e7559011051e5302763e587ae4297c2dee2dc86f323,82ff25ad041536a361d69e7559011051e5302763e587ae4297c2dee2dc86f323,PASS
/Users/linmei/Documents/CY-supermind-v6/research/supermind_v6/data/market_data_qmt_v1/daily/symbol=560710.SH/daily.parquet,parent_registered_input,['parent_registered_input'],337ad569c8aa684bfed18381db70eeba7dfa442cf375e34bbd1faf8e88af2d13,337ad569c8aa684bfed18381db70eeba7dfa442cf375e34bbd1faf8e88af2d13,PASS
/Users/linmei/Documents/CY-supermind-v6/research/supermind_v6/data/market_data_qmt_v1/daily/symbol=560860.SH/daily.parquet,parent_registered_input,['parent_registered_input'],36517a71bded4ef904784472f4890a4e68ee5958b329e6a7ac09bd7130d38ceb,36517a71bded4ef904784472f4890a4e68ee5958b329e6a7ac09bd7130d38ceb,PASS
/Users/linmei/Documents/CY-supermind-v6/research/supermind_v6/data/market_data_qmt_v1/daily/symbol=561360.SH/daily.parquet,parent_registered_input,['parent_registered_input'],c1f6049c7c5aee95595f0bb1f171fccd2e48289995c9b629887b7c2586e57bcb,c1f6049c7c5aee95595f0bb1f171fccd2e48289995c9b629887b7c2586e57bcb,PASS
/Users/linmei/Documents/CY-supermind-v6/research/supermind_v6/data/market_data_qmt_v1/daily/symbol=561380.SH/daily.parquet,parent_registered_input,['parent_registered_input'],8cb87366b3e5db42b604d03adf8adb405ee54fbbe7a29f36fdea082c1b994e91,8cb87366b3e5db42b604d03adf8adb405ee54fbbe7a29f36fdea082c1b994e91,PASS
/Users/linmei/Documents/CY-supermind-v6/research/supermind_v6/data/market_data_qmt_v1/daily/symbol=561420.SH/daily.parquet,parent_registered_input,['parent_registered_input'],63c5f488206a1953d2b4b5dd6e52cbd60190763bedecc5d26df07773c2750083,63c5f488206a1953d2b4b5dd6e52cbd60190763bedecc5d26df07773c2750083,PASS
/Users/linmei/Documents/CY-supermind-v6/research/supermind_v6/data/market_data_qmt_v1/daily/symbol=561550.SH/daily.parquet,parent_registered_input,['parent_registered_input'],f523160e265b6b8a6906bf65d20d0df923478d87c1ff7fd32d51a23cdcbb49b3,f523160e265b6b8a6906bf65d20d0df923478d87c1ff7fd32d51a23cdcbb49b3,PASS
/Users/linmei/Documents/CY-supermind-v6/research/supermind_v6/data/market_data_qmt_v1/daily/symbol=561580.SH/daily.parquet,parent_registered_input,['parent_registered_input'],fc69324bdf7cf3a4b27010846be31e03da17d44475140592ee3278244ce9ad4e,fc69324bdf7cf3a4b27010846be31e03da17d44475140592ee3278244ce9ad4e,PASS
/Users/linmei/Documents/CY-supermind-v6/research/supermind_v6/data/market_data_qmt_v1/daily/symbol=561980.SH/daily.parquet,parent_registered_input,['parent_registered_input'],49c4c335062023ceb80618450eb47fdf21290deba7f39bc0e9351386935b2138,49c4c335062023ceb80618450eb47fdf21290deba7f39bc0e9351386935b2138,PASS
/Users/linmei/Documents/CY-supermind-v6/research/supermind_v6/data/market_data_qmt_v1/daily/symbol=562060.SH/daily.parquet,parent_registered_input,['parent_registered_input'],09a6ddb3fac785478f2461ac2b3ccd41da10a6410a87d490e8d50dbc2e24efa5,09a6ddb3fac785478f2461ac2b3ccd41da10a6410a87d490e8d50dbc2e24efa5,PASS
/Users/linmei/Documents/CY-supermind-v6/research/supermind_v6/data/market_data_qmt_v1/daily/symbol=562500.SH/daily.parquet,parent_registered_input,['parent_registered_input'],40de99f0cfd580722f51a55dee881bcdf27a39c7a60b0420e6728720e700c594,40de99f0cfd580722f51a55dee881bcdf27a39c7a60b0420e6728720e700c594,PASS
/Users/linmei/Documents/CY-supermind-v6/research/supermind_v6/data/market_data_qmt_v1/daily/symbol=562550.SH/daily.parquet,parent_registered_input,['parent_registered_input'],3b9f743692d6a9ffd120a23d101667ccc30de8afdc6478da1bbd129afed9cb42,3b9f743692d6a9ffd120a23d101667ccc30de8afdc6478da1bbd129afed9cb42,PASS
/Users/linmei/Documents/CY-supermind-v6/research/supermind_v6/data/market_data_qmt_v1/daily/symbol=562800.SH/daily.parquet,parent_registered_input,['parent_registered_input'],341279f0c9951c54d19b87bb0f3e39ffecf0752ed54f595bb31acc2ffdc460e4,341279f0c9951c54d19b87bb0f3e39ffecf0752ed54f595bb31acc2ffdc460e4,PASS
/Users/linmei/Documents/CY-supermind-v6/research/supermind_v6/data/market_data_qmt_v1/daily/symbol=562950.SH/daily.parquet,parent_registered_input,['parent_registered_input'],0415b96af84f66dbfaa3654b0fc0b0aebe69ccb0a202c25d90c4ee8b260d15a9,0415b96af84f66dbfaa3654b0fc0b0aebe69ccb0a202c25d90c4ee8b260d15a9,PASS
/Users/linmei/Documents/CY-supermind-v6/research/supermind_v6/data/market_data_qmt_v1/daily/symbol=563230.SH/daily.parquet,parent_registered_input,['parent_registered_input'],b05bac307a69948abfa5f20e5070c9dee7e2af8b31775aaa2e001259d4d91c2e,b05bac307a69948abfa5f20e5070c9dee7e2af8b31775aaa2e001259d4d91c2e,PASS
/Users/linmei/Documents/CY-supermind-v6/research/supermind_v6/data/market_data_qmt_v1/daily/symbol=563300.SH/daily.parquet,parent_registered_input,['parent_registered_input'],26421e1f2464c6fededa0dac6c48895c73912b1e5714e6fd4dc1275b08a95d78,26421e1f2464c6fededa0dac6c48895c73912b1e5714e6fd4dc1275b08a95d78,PASS
/Users/linmei/Documents/CY-supermind-v6/research/supermind_v6/data/market_data_qmt_v1/daily/symbol=563360.SH/daily.parquet,parent_registered_input,['parent_registered_input'],832dbe8dea03aae328814089e14fdfc8b49dbf5b3906ab2375de8857b61172ad,832dbe8dea03aae328814089e14fdfc8b49dbf5b3906ab2375de8857b61172ad,PASS
/Users/linmei/Documents/CY-supermind-v6/research/supermind_v6/data/market_data_qmt_v1/daily/symbol=588000.SH/daily.parquet,parent_registered_input,['parent_registered_input'],687ee95625f7da757fe5b80b2b0ee5e86c527a4fa12ac908c79a2aeafb5c86a3,687ee95625f7da757fe5b80b2b0ee5e86c527a4fa12ac908c79a2aeafb5c86a3,PASS
/Users/linmei/Documents/CY-supermind-v6/research/supermind_v6/data/market_data_qmt_v1/daily/symbol=588020.SH/daily.parquet,parent_registered_input,['parent_registered_input'],c6129c16349692aa6c3b1bcc805f5429d7adeef9c46e529ad6881ec0b769e42c,c6129c16349692aa6c3b1bcc805f5429d7adeef9c46e529ad6881ec0b769e42c,PASS
/Users/linmei/Documents/CY-supermind-v6/research/supermind_v6/data/market_data_qmt_v1/daily/symbol=588170.SH/daily.parquet,parent_registered_input,['parent_registered_input'],5582f1adc2103878e844fb49703f670a93798f0ba01a63db22fcbc78549cbbf3,5582f1adc2103878e844fb49703f670a93798f0ba01a63db22fcbc78549cbbf3,PASS
/Users/linmei/Documents/CY-supermind-v6/research/supermind_v6/data/market_data_qmt_v1/daily/symbol=588200.SH/daily.parquet,parent_registered_input,['parent_registered_input'],244304b905f88d09734d3dc3d560b2cfffc608602854fa86815cdc3f1ce95417,244304b905f88d09734d3dc3d560b2cfffc608602854fa86815cdc3f1ce95417,PASS
/Users/linmei/Documents/CY-supermind-v6/research/supermind_v6/data/market_data_qmt_v1/daily/symbol=588220.SH/daily.parquet,parent_registered_input,['parent_registered_input'],4dfe708e013d8fc8e3628b64e8ea06122f4d9693654ca677163ffafa7864ca1c,4dfe708e013d8fc8e3628b64e8ea06122f4d9693654ca677163ffafa7864ca1c,PASS
/Users/linmei/Documents/CY-supermind-v6/research/supermind_v6/data/market_data_qmt_v1/daily/symbol=588460.SH/daily.parquet,parent_registered_input,['parent_registered_input'],aa4eb090cc01bee918656724f1244a409c6707ac4402326b002d0543459206e5,aa4eb090cc01bee918656724f1244a409c6707ac4402326b002d0543459206e5,PASS
/Users/linmei/Documents/CY-supermind-v6/research/supermind_v6/data/market_data_qmt_v1/daily/symbol=588790.SH/daily.parquet,parent_registered_input,['parent_registered_input'],c94d205164945b0497074c485215e3cac43b065823767024fc14e5c29742ecac,c94d205164945b0497074c485215e3cac43b065823767024fc14e5c29742ecac,PASS
/Users/linmei/Documents/CY-supermind-v6/research/supermind_v6/data/market_data_qmt_v1/daily/symbol=589070.SH/daily.parquet,parent_registered_input,['parent_registered_input'],05e4d9ee00a9ec32adb6ba0bdcf1ce7a57bd0866e38cb56a3e7f76e1f33d41cc,05e4d9ee00a9ec32adb6ba0bdcf1ce7a57bd0866e38cb56a3e7f76e1f33d41cc,PASS
/Users/linmei/Documents/CY-supermind-v6/research/supermind_v6/data/market_data_qmt_v1/daily/symbol=589680.SH/daily.parquet,parent_registered_input,['parent_registered_input'],2591b44b27d8022d2c2597e800b18f6d13ba2c1fa89ad65b56e792999a36589f,2591b44b27d8022d2c2597e800b18f6d13ba2c1fa89ad65b56e792999a36589f,PASS
/Users/linmei/Documents/CY-supermind-v6/research/supermind_v6/data/market_data_qmt_v1/daily/symbol=589720.SH/daily.parquet,parent_registered_input,['parent_registered_input'],8473f8d995a0f910014d617eb41f6e493a5191e713b142e0e2c04b4950418189,8473f8d995a0f910014d617eb41f6e493a5191e713b142e0e2c04b4950418189,PASS
/Users/linmei/Documents/CY-worktrees/five-strategy-capital-scaling-v1/research/capital_scaling_v1/data.py,rollforward_imported_parent_engine,['rollforward_imported_parent_engine'],e580a36e52d68cefb15fed4547a76895b2b9b84e490a3750bb4e5214ff08a3a2,e580a36e52d68cefb15fed4547a76895b2b9b84e490a3750bb4e5214ff08a3a2,PASS
/Users/linmei/Documents/CY-worktrees/five-strategy-capital-scaling-v1/research/capital_scaling_v1/output/combined_top5_backtest_curve_selection.csv,uncommitted_rollforward_source,['uncommitted_rollforward_source'],2e0323e399991de28640295a9ab5d23af65d271de881985493547de410ecdd59,2e0323e399991de28640295a9ab5d23af65d271de881985493547de410ecdd59,PASS
/Users/linmei/Documents/CY-worktrees/five-strategy-capital-scaling-v1/research/capital_scaling_v1/output/continuous_rollforward_v2/final_manifest.json,uncommitted_rollforward_source,['uncommitted_rollforward_source'],dce3d5ed9443fba4e31ad836f21c4019b9dd036cd4f9952e5fc05a8b26c189a6,dce3d5ed9443fba4e31ad836f21c4019b9dd036cd4f9952e5fc05a8b26c189a6,PASS
/Users/linmei/Documents/CY-worktrees/five-strategy-capital-scaling-v1/research/capital_scaling_v1/qmt_stock_delta/000070.SZ_1m.parquet,actual_capacity_minute_denominator,['actual_capacity_minute_denominator'],f77af72bac0cbdac12f295dca6846e8317b7933a567aa9a5d9de8915a6ccecbb,f77af72bac0cbdac12f295dca6846e8317b7933a567aa9a5d9de8915a6ccecbb,PASS
/Users/linmei/Documents/CY-worktrees/five-strategy-capital-scaling-v1/research/capital_scaling_v1/qmt_stock_delta/000718.SZ_1m.parquet,actual_capacity_minute_denominator,['actual_capacity_minute_denominator'],bd4a8689aae3984684cf4ebf2aba9e784c980c2bc22a6eb4aff9fcfbca1fede7,bd4a8689aae3984684cf4ebf2aba9e784c980c2bc22a6eb4aff9fcfbca1fede7,PASS
/Users/linmei/Documents/CY-worktrees/five-strategy-capital-scaling-v1/research/capital_scaling_v1/qmt_stock_delta/002177.SZ_1m.parquet,actual_capacity_minute_denominator,['actual_capacity_minute_denominator'],5865e409e57590b6f34935b69720094614778a5fb974ee0bb68a01230c0d2a1d,5865e409e57590b6f34935b69720094614778a5fb974ee0bb68a01230c0d2a1d,PASS
/Users/linmei/Documents/CY-worktrees/five-strategy-capital-scaling-v1/research/capital_scaling_v1/qmt_stock_delta/002196.SZ_1m.parquet,actual_capacity_minute_denominator,['actual_capacity_minute_denominator'],c6de5a0c9379029180ed995f600e7b619986be2a005c592caaabbebc980e4837,c6de5a0c9379029180ed995f600e7b619986be2a005c592caaabbebc980e4837,PASS
/Users/linmei/Documents/CY-worktrees/five-strategy-capital-scaling-v1/research/capital_scaling_v1/qmt_stock_delta/002202.SZ_1m.parquet,actual_capacity_minute_denominator,['actual_capacity_minute_denominator'],7719d9658ccc9905e8416e305e56ddc7b9f96d8a876c81b781f180e5e9ad5945,7719d9658ccc9905e8416e305e56ddc7b9f96d8a876c81b781f180e5e9ad5945,PASS
/Users/linmei/Documents/CY-worktrees/five-strategy-capital-scaling-v1/research/capital_scaling_v1/qmt_stock_delta/002208.SZ_1m.parquet,actual_capacity_minute_denominator,['actual_capacity_minute_denominator'],94c80cb9b028335aa2143904bbc2425dea8c7c45b50d6d956e99836156945423,94c80cb9b028335aa2143904bbc2425dea8c7c45b50d6d956e99836156945423,PASS
/Users/linmei/Documents/CY-worktrees/five-strategy-capital-scaling-v1/research/capital_scaling_v1/qmt_stock_delta/002229.SZ_1m.parquet,actual_capacity_minute_denominator,['actual_capacity_minute_denominator'],49a185c04778cf97a6c2764821dae8dfd509b1145080f8f82fb2ddcb5f9c03f8,49a185c04778cf97a6c2764821dae8dfd509b1145080f8f82fb2ddcb5f9c03f8,PASS
/Users/linmei/Documents/CY-worktrees/five-strategy-capital-scaling-v1/research/capital_scaling_v1/qmt_stock_delta/002243.SZ_1m.parquet,actual_capacity_minute_denominator,['actual_capacity_minute_denominator'],139bb97926d074e1ca255cb929de3bf4915a6f9a1b019b5db5bcb86822ab14fa,139bb97926d074e1ca255cb929de3bf4915a6f9a1b019b5db5bcb86822ab14fa,PASS
/Users/linmei/Documents/CY-worktrees/five-strategy-capital-scaling-v1/research/capital_scaling_v1/qmt_stock_delta/002263.SZ_1m.parquet,actual_capacity_minute_denominator,['actual_capacity_minute_denominator'],06ee2bdbf31a1b88aa6af8eed9d4ace491d04876e525ba72fd01a059180195e6,06ee2bdbf31a1b88aa6af8eed9d4ace491d04876e525ba72fd01a059180195e6,PASS
/Users/linmei/Documents/CY-worktrees/five-strategy-capital-scaling-v1/research/capital_scaling_v1/qmt_stock_delta/002446.SZ_1m.parquet,actual_capacity_minute_denominator,['actual_capacity_minute_denominator'],d48b750469ab3181581cb7f6bab389a4eba4ad6ac59929dae03e526ae2b91a04,d48b750469ab3181581cb7f6bab389a4eba4ad6ac59929dae03e526ae2b91a04,PASS
/Users/linmei/Documents/CY-worktrees/five-strategy-capital-scaling-v1/research/capital_scaling_v1/qmt_stock_delta/002465.SZ_1m.parquet,actual_capacity_minute_denominator,['actual_capacity_minute_denominator'],81c2ccbd82e8ac1dc6714d6a7c62708d5eb3cd777af6982ad752e75fb8c9993f,81c2ccbd82e8ac1dc6714d6a7c62708d5eb3cd777af6982ad752e75fb8c9993f,PASS
/Users/linmei/Documents/CY-worktrees/five-strategy-capital-scaling-v1/research/capital_scaling_v1/qmt_stock_delta/002490.SZ_1m.parquet,actual_capacity_minute_denominator,['actual_capacity_minute_denominator'],4983d989e759bbda716cab2042c7f3a88d957e212ddca034639dee1f58e3b76c,4983d989e759bbda716cab2042c7f3a88d957e212ddca034639dee1f58e3b76c,PASS
/Users/linmei/Documents/CY-worktrees/five-strategy-capital-scaling-v1/research/capital_scaling_v1/qmt_stock_delta/002607.SZ_1m.parquet,actual_capacity_minute_denominator,['actual_capacity_minute_denominator'],f800123c102cddb3d8253189f91cac3dd7509970287d191316d12cd2603e91e8,f800123c102cddb3d8253189f91cac3dd7509970287d191316d12cd2603e91e8,PASS
/Users/linmei/Documents/CY-worktrees/five-strategy-capital-scaling-v1/research/capital_scaling_v1/qmt_stock_delta/002639.SZ_1m.parquet,actual_capacity_minute_denominator,['actual_capacity_minute_denominator'],5ace4a4a053c4acff047e0ed31fd4b3100cc30191167ee117fa8746e5fa932fb,5ace4a4a053c4acff047e0ed31fd4b3100cc30191167ee117fa8746e5fa932fb,PASS
/Users/linmei/Documents/CY-worktrees/five-strategy-capital-scaling-v1/research/capital_scaling_v1/qmt_stock_delta/002698.SZ_1m.parquet,actual_capacity_minute_denominator,['actual_capacity_minute_denominator'],9c70798d39e458ea0b0b3decb2bb4a801917b79b84f60588442c6f437272c837,9c70798d39e458ea0b0b3decb2bb4a801917b79b84f60588442c6f437272c837,PASS
/Users/linmei/Documents/CY-worktrees/five-strategy-capital-scaling-v1/research/capital_scaling_v1/qmt_stock_delta/002729.SZ_1m.parquet,actual_capacity_minute_denominator,['actual_capacity_minute_denominator'],64fcfeeebffab21fbc95a7527ec273c54fbf5ed00a09099313f4f529fe0a863c,64fcfeeebffab21fbc95a7527ec273c54fbf5ed00a09099313f4f529fe0a863c,PASS
/Users/linmei/Documents/CY-worktrees/five-strategy-capital-scaling-v1/research/capital_scaling_v1/qmt_stock_delta/002735.SZ_1m.parquet,actual_capacity_minute_denominator,['actual_capacity_minute_denominator'],20d234a7bc985ae0e753ed3b1fe4a8ebee2922f45213274a88178afb18e60087,20d234a7bc985ae0e753ed3b1fe4a8ebee2922f45213274a88178afb18e60087,PASS
/Users/linmei/Documents/CY-worktrees/five-strategy-capital-scaling-v1/research/capital_scaling_v1/qmt_stock_delta/002759.SZ_1m.parquet,actual_capacity_minute_denominator,['actual_capacity_minute_denominator'],320c9d94c1972711250b411c06257d542eedfb386a768ec9fc02d8a7cf9d185d,320c9d94c1972711250b411c06257d542eedfb386a768ec9fc02d8a7cf9d185d,PASS
/Users/linmei/Documents/CY-worktrees/five-strategy-capital-scaling-v1/research/capital_scaling_v1/qmt_stock_delta/002772.SZ_1m.parquet,actual_capacity_minute_denominator,['actual_capacity_minute_denominator'],b9e04a0572c533a621d1470dbe66f21aee6b6c6dc3ddb3d1c49a1b53cf716f05,b9e04a0572c533a621d1470dbe66f21aee6b6c6dc3ddb3d1c49a1b53cf716f05,PASS
/Users/linmei/Documents/CY-worktrees/five-strategy-capital-scaling-v1/research/capital_scaling_v1/qmt_stock_delta/002820.SZ_1m.parquet,actual_capacity_minute_denominator,['actual_capacity_minute_denominator'],9c83bb978227cd9b8a1360a4890ef3a387dde4c289fa4a1704eeae9dfeff3d84,9c83bb978227cd9b8a1360a4890ef3a387dde4c289fa4a1704eeae9dfeff3d84,PASS
/Users/linmei/Documents/CY-worktrees/five-strategy-capital-scaling-v1/research/capital_scaling_v1/qmt_stock_delta/002929.SZ_1m.parquet,actual_capacity_minute_denominator,['actual_capacity_minute_denominator'],de09898c1e7c01afc098451d5df2390ebcbf3a4d4ce8f5a35b1cafc942aec5aa,de09898c1e7c01afc098451d5df2390ebcbf3a4d4ce8f5a35b1cafc942aec5aa,PASS
/Users/linmei/Documents/CY-worktrees/five-strategy-capital-scaling-v1/research/capital_scaling_v1/qmt_stock_delta/300039.SZ_1m.parquet,actual_capacity_minute_denominator,['actual_capacity_minute_denominator'],8d9cb920fe47b5346552e7f4905fac715ce11c8c12c7c59ffd76e920a9d5861e,8d9cb920fe47b5346552e7f4905fac715ce11c8c12c7c59ffd76e920a9d5861e,PASS
/Users/linmei/Documents/CY-worktrees/five-strategy-capital-scaling-v1/research/capital_scaling_v1/qmt_stock_delta/300204.SZ_1m.parquet,actual_capacity_minute_denominator,['actual_capacity_minute_denominator'],25c4f823ea66380e51c334cadd5e25f739c58adce986fc35acd9444bc1f9200f,25c4f823ea66380e51c334cadd5e25f739c58adce986fc35acd9444bc1f9200f,PASS
/Users/linmei/Documents/CY-worktrees/five-strategy-capital-scaling-v1/research/capital_scaling_v1/qmt_stock_delta/300222.SZ_1m.parquet,actual_capacity_minute_denominator,['actual_capacity_minute_denominator'],3261c84246e379939a18c1998eaa87def3a07d9e1c3d2acc21b0bb2361bd264e,3261c84246e379939a18c1998eaa87def3a07d9e1c3d2acc21b0bb2361bd264e,PASS
/Users/linmei/Documents/CY-worktrees/five-strategy-capital-scaling-v1/research/capital_scaling_v1/qmt_stock_delta/300255.SZ_1m.parquet,actual_capacity_minute_denominator,['actual_capacity_minute_denominator'],491713a9da9eed823748ff2136e7d01a1e3f9b25edcea3b20ea6e3470c451559,491713a9da9eed823748ff2136e7d01a1e3f9b25edcea3b20ea6e3470c451559,PASS
/Users/linmei/Documents/CY-worktrees/five-strategy-capital-scaling-v1/research/capital_scaling_v1/qmt_stock_delta/300368.SZ_1m.parquet,actual_capacity_minute_denominator,['actual_capacity_minute_denominator'],41113d04e8fdd47707d8ef89e603df73ee00682d64017a9c506c8567bb550ca2,41113d04e8fdd47707d8ef89e603df73ee00682d64017a9c506c8567bb550ca2,PASS
/Users/linmei/Documents/CY-worktrees/five-strategy-capital-scaling-v1/research/capital_scaling_v1/qmt_stock_delta/300561.SZ_1m.parquet,actual_capacity_minute_denominator,['actual_capacity_minute_denominator'],28123b8597c3d75c3891d4734f2421636ff5a6b5f538868f5ef0e1a77cecc6df,28123b8597c3d75c3891d4734f2421636ff5a6b5f538868f5ef0e1a77cecc6df,PASS
/Users/linmei/Documents/CY-worktrees/five-strategy-capital-scaling-v1/research/capital_scaling_v1/qmt_stock_delta/300648.SZ_1m.parquet,actual_capacity_minute_denominator,['actual_capacity_minute_denominator'],07e286982b3175c8898f9be2bc4ef2ff6cb7c643f03577e6ffe90d12b985ea91,07e286982b3175c8898f9be2bc4ef2ff6cb7c643f03577e6ffe90d12b985ea91,PASS
/Users/linmei/Documents/CY-worktrees/five-strategy-capital-scaling-v1/research/capital_scaling_v1/qmt_stock_delta/300682.SZ_1m.parquet,actual_capacity_minute_denominator,['actual_capacity_minute_denominator'],8aba694966941e749a66d88e4e8f6217c87a4d225320302da2ef9c6bc41dcb88,8aba694966941e749a66d88e4e8f6217c87a4d225320302da2ef9c6bc41dcb88,PASS
/Users/linmei/Documents/CY-worktrees/five-strategy-capital-scaling-v1/research/capital_scaling_v1/qmt_stock_delta/300757.SZ_1m.parquet,actual_capacity_minute_denominator,['actual_capacity_minute_denominator'],3ce1946c0435243b57efbbc4fb02be1ad52b264e625b543de1650a51a42257a6,3ce1946c0435243b57efbbc4fb02be1ad52b264e625b543de1650a51a42257a6,PASS
/Users/linmei/Documents/CY-worktrees/five-strategy-capital-scaling-v1/research/capital_scaling_v1/qmt_stock_delta/300853.SZ_1m.parquet,actual_capacity_minute_denominator,['actual_capacity_minute_denominator'],4e956d79f6f255c1c7b4d7e6d460bcb189e62ec80d84b976b4ee12848988b148,4e956d79f6f255c1c7b4d7e6d460bcb189e62ec80d84b976b4ee12848988b148,PASS
/Users/linmei/Documents/CY-worktrees/five-strategy-capital-scaling-v1/research/capital_scaling_v1/qmt_stock_delta/300889.SZ_1m.parquet,actual_capacity_minute_denominator,['actual_capacity_minute_denominator'],e211be3b40c119108e85079476560b6a31d311c1ba27f34ec6e2473e20a50d6e,e211be3b40c119108e85079476560b6a31d311c1ba27f34ec6e2473e20a50d6e,PASS
/Users/linmei/Documents/CY-worktrees/five-strategy-capital-scaling-v1/research/capital_scaling_v1/qmt_stock_delta/300921.SZ_1m.parquet,actual_capacity_minute_denominator,['actual_capacity_minute_denominator'],89ea3d3a78d8e3f76fd275aa25d6f75949d00e2faf6d421778edc4f3ea213da4,89ea3d3a78d8e3f76fd275aa25d6f75949d00e2faf6d421778edc4f3ea213da4,PASS
/Users/linmei/Documents/CY-worktrees/five-strategy-capital-scaling-v1/research/capital_scaling_v1/qmt_stock_delta/300928.SZ_1m.parquet,actual_capacity_minute_denominator,['actual_capacity_minute_denominator'],a8010c246f82eb12018dac3e03f3c69d27b50810ef7f29f29f89a846e0c90579,a8010c246f82eb12018dac3e03f3c69d27b50810ef7f29f29f89a846e0c90579,PASS
/Users/linmei/Documents/CY-worktrees/five-strategy-capital-scaling-v1/research/capital_scaling_v1/qmt_stock_delta/300975.SZ_1m.parquet,actual_capacity_minute_denominator,['actual_capacity_minute_denominator'],436d4a0743117462d7d1e6f51bcb9e3a5c78bef3969a3cf597011b31c7e4932d,436d4a0743117462d7d1e6f51bcb9e3a5c78bef3969a3cf597011b31c7e4932d,PASS
/Users/linmei/Documents/CY-worktrees/five-strategy-capital-scaling-v1/research/capital_scaling_v1/qmt_stock_delta/301007.SZ_1m.parquet,actual_capacity_minute_denominator,['actual_capacity_minute_denominator'],da002ec86be5858af93a89865dfa566c0c7611c6e915584ae71c5d86d128b437,da002ec86be5858af93a89865dfa566c0c7611c6e915584ae71c5d86d128b437,PASS
/Users/linmei/Documents/CY-worktrees/five-strategy-capital-scaling-v1/research/capital_scaling_v1/qmt_stock_delta/301197.SZ_1m.parquet,actual_capacity_minute_denominator,['actual_capacity_minute_denominator'],08751c654648c626e45dcb74361bbdfe3917bb7e3d6e7e3319c34058b70db0d1,08751c654648c626e45dcb74361bbdfe3917bb7e3d6e7e3319c34058b70db0d1,PASS
/Users/linmei/Documents/CY-worktrees/five-strategy-capital-scaling-v1/research/capital_scaling_v1/qmt_stock_delta/301337.SZ_1m.parquet,actual_capacity_minute_denominator,['actual_capacity_minute_denominator'],d97dbd71e91088498acbee67befd83dcb6923757665fec6cbfb729339f7dba80,d97dbd71e91088498acbee67befd83dcb6923757665fec6cbfb729339f7dba80,PASS
/Users/linmei/Documents/CY-worktrees/five-strategy-capital-scaling-v1/research/capital_scaling_v1/qmt_stock_delta/301376.SZ_1m.parquet,actual_capacity_minute_denominator,['actual_capacity_minute_denominator'],60988e7bcd6461f0eac54492451e4eb186dc20dddd8b7356346a6e0f8d4ed12c,60988e7bcd6461f0eac54492451e4eb186dc20dddd8b7356346a6e0f8d4ed12c,PASS
/Users/linmei/Documents/CY-worktrees/five-strategy-capital-scaling-v1/research/capital_scaling_v1/qmt_stock_delta/301391.SZ_1m.parquet,actual_capacity_minute_denominator,['actual_capacity_minute_denominator'],fa1ab0258d899ac320df92f21c8ecd4f753e8d06c6f2ad053cf85168540404fb,fa1ab0258d899ac320df92f21c8ecd4f753e8d06c6f2ad053cf85168540404fb,PASS
/Users/linmei/Documents/CY-worktrees/five-strategy-capital-scaling-v1/research/capital_scaling_v1/qmt_stock_delta/600195.SH_1m.parquet,actual_capacity_minute_denominator,['actual_capacity_minute_denominator'],ab4210545247b5463e5d71ea94e75de85161c658b1b4c7a548a89164c96e169b,ab4210545247b5463e5d71ea94e75de85161c658b1b4c7a548a89164c96e169b,PASS
/Users/linmei/Documents/CY-worktrees/five-strategy-capital-scaling-v1/research/capital_scaling_v1/qmt_stock_delta/600284.SH_1m.parquet,actual_capacity_minute_denominator,['actual_capacity_minute_denominator'],c11a85adc3a4267d07bb02169831957476bbbbbdecb53fb6ffb9d4f09f541281,c11a85adc3a4267d07bb02169831957476bbbbbdecb53fb6ffb9d4f09f541281,PASS
/Users/linmei/Documents/CY-worktrees/five-strategy-capital-scaling-v1/research/capital_scaling_v1/qmt_stock_delta/600292.SH_1m.parquet,actual_capacity_minute_denominator,['actual_capacity_minute_denominator'],1f7a35e95d2178d0a02d7959123a41eba78dc463a5f0078bd2db1b3b54638a31,1f7a35e95d2178d0a02d7959123a41eba78dc463a5f0078bd2db1b3b54638a31,PASS
/Users/linmei/Documents/CY-worktrees/five-strategy-capital-scaling-v1/research/capital_scaling_v1/qmt_stock_delta/600343.SH_1m.parquet,actual_capacity_minute_denominator,['actual_capacity_minute_denominator'],146a342bf5e310d8500c1712838309155ce8078b049100718a5d24feec7001d9,146a342bf5e310d8500c1712838309155ce8078b049100718a5d24feec7001d9,PASS
/Users/linmei/Documents/CY-worktrees/five-strategy-capital-scaling-v1/research/capital_scaling_v1/qmt_stock_delta/600363.SH_1m.parquet,actual_capacity_minute_denominator,['actual_capacity_minute_denominator'],e75096845912a3948f16c42844e36935a416db2575ee796c3c10db6cc83433be,e75096845912a3948f16c42844e36935a416db2575ee796c3c10db6cc83433be,PASS
/Users/linmei/Documents/CY-worktrees/five-strategy-capital-scaling-v1/research/capital_scaling_v1/qmt_stock_delta/600390.SH_1m.parquet,actual_capacity_minute_denominator,['actual_capacity_minute_denominator'],2ccb95433c668cee246753cae171422cb84f8f1a7ba9219361a6e8e1f302b889,2ccb95433c668cee246753cae171422cb84f8f1a7ba9219361a6e8e1f302b889,PASS
/Users/linmei/Documents/CY-worktrees/five-strategy-capital-scaling-v1/research/capital_scaling_v1/qmt_stock_delta/600521.SH_1m.parquet,actual_capacity_minute_denominator,['actual_capacity_minute_denominator'],ac202b70256d45c8a9d22b1ce4ba21d48167eae4b15eb6ed724c114bc05473f5,ac202b70256d45c8a9d22b1ce4ba21d48167eae4b15eb6ed724c114bc05473f5,PASS
/Users/linmei/Documents/CY-worktrees/five-strategy-capital-scaling-v1/research/capital_scaling_v1/qmt_stock_delta/600566.SH_1m.parquet,actual_capacity_minute_denominator,['actual_capacity_minute_denominator'],725bf256d5f2b7b16a7a8d0969f78dba1f67fc4937e2d294cc19e7f75717efb3,725bf256d5f2b7b16a7a8d0969f78dba1f67fc4937e2d294cc19e7f75717efb3,PASS
/Users/linmei/Documents/CY-worktrees/five-strategy-capital-scaling-v1/research/capital_scaling_v1/qmt_stock_delta/600570.SH_1m.parquet,actual_capacity_minute_denominator,['actual_capacity_minute_denominator'],a2c883e161c70faf06ad3b6740564064cc9966dadfae8335c3ac17abb5c4f6fa,a2c883e161c70faf06ad3b6740564064cc9966dadfae8335c3ac17abb5c4f6fa,PASS
/Users/linmei/Documents/CY-worktrees/five-strategy-capital-scaling-v1/research/capital_scaling_v1/qmt_stock_delta/600598.SH_1m.parquet,actual_capacity_minute_denominator,['actual_capacity_minute_denominator'],a1021cb3ac4ed72f9ab715678dbe27dd2b4841e43687fd8e7c8daf84049bd986,a1021cb3ac4ed72f9ab715678dbe27dd2b4841e43687fd8e7c8daf84049bd986,PASS
/Users/linmei/Documents/CY-worktrees/five-strategy-capital-scaling-v1/research/capital_scaling_v1/qmt_stock_delta/600622.SH_1m.parquet,actual_capacity_minute_denominator,['actual_capacity_minute_denominator'],9492efca002ba489c65518ac10b80b87e2ab7828b5d0d129f77938364ee4b414,9492efca002ba489c65518ac10b80b87e2ab7828b5d0d129f77938364ee4b414,PASS
/Users/linmei/Documents/CY-worktrees/five-strategy-capital-scaling-v1/research/capital_scaling_v1/qmt_stock_delta/600773.SH_1m.parquet,actual_capacity_minute_denominator,['actual_capacity_minute_denominator'],ca3c6037bb0acfb4521696b36defe033dbaecee8241eb51e92a4a6f0ebf518bb,ca3c6037bb0acfb4521696b36defe033dbaecee8241eb51e92a4a6f0ebf518bb,PASS
/Users/linmei/Documents/CY-worktrees/five-strategy-capital-scaling-v1/research/capital_scaling_v1/qmt_stock_delta/600783.SH_1m.parquet,actual_capacity_minute_denominator,['actual_capacity_minute_denominator'],ffd34f087f88f69be87a1eb91f97a927806c80ba084918ed0e14e104d85e481b,ffd34f087f88f69be87a1eb91f97a927806c80ba084918ed0e14e104d85e481b,PASS
/Users/linmei/Documents/CY-worktrees/five-strategy-capital-scaling-v1/research/capital_scaling_v1/qmt_stock_delta/600879.SH_1m.parquet,actual_capacity_minute_denominator,['actual_capacity_minute_denominator'],90a9b45c80f2bce7a5881ecf21829c1bcae434a9e3a8575fcbd15859e53977a4,90a9b45c80f2bce7a5881ecf21829c1bcae434a9e3a8575fcbd15859e53977a4,PASS
/Users/linmei/Documents/CY-worktrees/five-strategy-capital-scaling-v1/research/capital_scaling_v1/qmt_stock_delta/600996.SH_1m.parquet,actual_capacity_minute_denominator,['actual_capacity_minute_denominator'],8b55861f8efc14a744e333567c60488fce3a37fb8c625bb614f37caf1a97658c,8b55861f8efc14a744e333567c60488fce3a37fb8c625bb614f37caf1a97658c,PASS
/Users/linmei/Documents/CY-worktrees/five-strategy-capital-scaling-v1/research/capital_scaling_v1/qmt_stock_delta/601128.SH_1m.parquet,actual_capacity_minute_denominator,['actual_capacity_minute_denominator'],ab64612ff17ed9a4b102cbf82a9428e521a6309d9143b50ffd494009d799d437,ab64612ff17ed9a4b102cbf82a9428e521a6309d9143b50ffd494009d799d437,PASS
/Users/linmei/Documents/CY-worktrees/five-strategy-capital-scaling-v1/research/capital_scaling_v1/qmt_stock_delta/601318.SH_1m.parquet,actual_capacity_minute_denominator,['actual_capacity_minute_denominator'],7053fc17bbf3eac8638e45d86b0bca95fcb00317db37dee700b23bc4522d23ab,7053fc17bbf3eac8638e45d86b0bca95fcb00317db37dee700b23bc4522d23ab,PASS
/Users/linmei/Documents/CY-worktrees/five-strategy-capital-scaling-v1/research/capital_scaling_v1/qmt_stock_delta/601336.SH_1m.parquet,actual_capacity_minute_denominator,['actual_capacity_minute_denominator'],0d77e7d8fe7b1d5b26cf248b6558e15dd357b0328432768fad756adb189e292d,0d77e7d8fe7b1d5b26cf248b6558e15dd357b0328432768fad756adb189e292d,PASS
/Users/linmei/Documents/CY-worktrees/five-strategy-capital-scaling-v1/research/capital_scaling_v1/qmt_stock_delta/601601.SH_1m.parquet,actual_capacity_minute_denominator,['actual_capacity_minute_denominator'],bc1422b67bb90a66e88b69a62b09c8fc62f9a25ae2dc7618988935ab3c5aac83,bc1422b67bb90a66e88b69a62b09c8fc62f9a25ae2dc7618988935ab3c5aac83,PASS
/Users/linmei/Documents/CY-worktrees/five-strategy-capital-scaling-v1/research/capital_scaling_v1/qmt_stock_delta/601827.SH_1m.parquet,actual_capacity_minute_denominator,['actual_capacity_minute_denominator'],869a61067d6b3d2448688676b7b7c589856e11c512301086b5d2df1c0a60a865,869a61067d6b3d2448688676b7b7c589856e11c512301086b5d2df1c0a60a865,PASS
/Users/linmei/Documents/CY-worktrees/five-strategy-capital-scaling-v1/research/capital_scaling_v1/qmt_stock_delta/603138.SH_1m.parquet,actual_capacity_minute_denominator,['actual_capacity_minute_denominator'],005344121cb5449fea02380efdc74fbb7fc35ed74406c943d79a63dda076274f,005344121cb5449fea02380efdc74fbb7fc35ed74406c943d79a63dda076274f,PASS
/Users/linmei/Documents/CY-worktrees/five-strategy-capital-scaling-v1/research/capital_scaling_v1/qmt_stock_delta/603268.SH_1m.parquet,actual_capacity_minute_denominator,['actual_capacity_minute_denominator'],51adc2fe05e311c2cf32eb60daa2730d8f5bf36420488a7425e610c38f829454,51adc2fe05e311c2cf32eb60daa2730d8f5bf36420488a7425e610c38f829454,PASS
/Users/linmei/Documents/CY-worktrees/five-strategy-capital-scaling-v1/research/capital_scaling_v1/qmt_stock_delta/603316.SH_1m.parquet,actual_capacity_minute_denominator,['actual_capacity_minute_denominator'],c35015edbae378ec23ca49e8f293e37877833fe14aafa2e1f42b9014d99a64f7,c35015edbae378ec23ca49e8f293e37877833fe14aafa2e1f42b9014d99a64f7,PASS
/Users/linmei/Documents/CY-worktrees/five-strategy-capital-scaling-v1/research/capital_scaling_v1/qmt_stock_delta/603330.SH_1m.parquet,actual_capacity_minute_denominator,['actual_capacity_minute_denominator'],08effcd9986ef11a0f80cc3f23c3a30a17f44f03bacd30da9a352cdb5d4847f8,08effcd9986ef11a0f80cc3f23c3a30a17f44f03bacd30da9a352cdb5d4847f8,PASS
/Users/linmei/Documents/CY-worktrees/five-strategy-capital-scaling-v1/research/capital_scaling_v1/qmt_stock_delta/603368.SH_1m.parquet,actual_capacity_minute_denominator,['actual_capacity_minute_denominator'],882621d5219c9066a8fc7dec42858bc276d932c79496abafc4abdad885de7eb2,882621d5219c9066a8fc7dec42858bc276d932c79496abafc4abdad885de7eb2,PASS
/Users/linmei/Documents/CY-worktrees/five-strategy-capital-scaling-v1/research/capital_scaling_v1/qmt_stock_delta/603429.SH_1m.parquet,actual_capacity_minute_denominator,['actual_capacity_minute_denominator'],bf312615f3c52caf3f304c0fd3a83dba43d8123fa0aa722fe6981fc346025fb6,bf312615f3c52caf3f304c0fd3a83dba43d8123fa0aa722fe6981fc346025fb6,PASS
/Users/linmei/Documents/CY-worktrees/five-strategy-capital-scaling-v1/research/capital_scaling_v1/qmt_stock_delta/603458.SH_1m.parquet,actual_capacity_minute_denominator,['actual_capacity_minute_denominator'],1fcbee3ab459fadf90f58cf249ba89a1952dd9a52de9e5f4babcd081dd7f1d98,1fcbee3ab459fadf90f58cf249ba89a1952dd9a52de9e5f4babcd081dd7f1d98,PASS
/Users/linmei/Documents/CY-worktrees/five-strategy-capital-scaling-v1/research/capital_scaling_v1/qmt_stock_delta/603496.SH_1m.parquet,actual_capacity_minute_denominator,['actual_capacity_minute_denominator'],e520607c80de1d7a154d4fdcb551e90c41f81435cc5c61dd6817bd7314feb7d1,e520607c80de1d7a154d4fdcb551e90c41f81435cc5c61dd6817bd7314feb7d1,PASS
/Users/linmei/Documents/CY-worktrees/five-strategy-capital-scaling-v1/research/capital_scaling_v1/qmt_stock_delta/603636.SH_1m.parquet,actual_capacity_minute_denominator,['actual_capacity_minute_denominator'],02f1952dc0df95b9ad663e88b31803f56384a326a096228345691f47eca80820,02f1952dc0df95b9ad663e88b31803f56384a326a096228345691f47eca80820,PASS
/Users/linmei/Documents/CY-worktrees/five-strategy-capital-scaling-v1/research/capital_scaling_v1/qmt_stock_delta/603660.SH_1m.parquet,actual_capacity_minute_denominator,['actual_capacity_minute_denominator'],423041a75ef557503a9380ce29661e5048a19ebe5b569dcf2fd56a2950febd02,423041a75ef557503a9380ce29661e5048a19ebe5b569dcf2fd56a2950febd02,PASS
/Users/linmei/Documents/CY-worktrees/five-strategy-capital-scaling-v1/research/capital_scaling_v1/qmt_stock_delta/603767.SH_1m.parquet,actual_capacity_minute_denominator,['actual_capacity_minute_denominator'],be8376d085277e9ea20569cdf00c8341996889741aae11d61862d93da40fd494,be8376d085277e9ea20569cdf00c8341996889741aae11d61862d93da40fd494,PASS
/Users/linmei/Documents/CY-worktrees/five-strategy-capital-scaling-v1/research/capital_scaling_v1/qmt_stock_delta/603778.SH_1m.parquet,actual_capacity_minute_denominator,['actual_capacity_minute_denominator'],be75e979cc0718cddb3ca9c36bc0fdb09144ecc4442b54403188f03d53d52a69,be75e979cc0718cddb3ca9c36bc0fdb09144ecc4442b54403188f03d53d52a69,PASS
/Users/linmei/Documents/CY-worktrees/five-strategy-capital-scaling-v1/research/capital_scaling_v1/qmt_stock_delta/605598.SH_1m.parquet,actual_capacity_minute_denominator,['actual_capacity_minute_denominator'],9c9e48c125b2efe108509c36762d23b654fad597434c238a6335eb0912823271,9c9e48c125b2efe108509c36762d23b654fad597434c238a6335eb0912823271,PASS
/Users/linmei/Documents/CY-worktrees/five-strategy-capital-scaling-v1/research/capital_scaling_v1/reports/continuous_rollforward_v2/研究报告.md,uncommitted_rollforward_source,['uncommitted_rollforward_source'],2c90abd41586f2e1a1a73b6724a6b51aaeda22b3027b4d0b7fb516a5096d3056,2c90abd41586f2e1a1a73b6724a6b51aaeda22b3027b4d0b7fb516a5096d3056,PASS
/Users/linmei/Documents/CY-worktrees/five-strategy-capital-scaling-v1/research/capital_scaling_v1/run.py,rollforward_imported_parent_engine,['rollforward_imported_parent_engine'],3d0dae103cd48c14d2a0a6ffc16ed171d37a4c4bfaf15465068c0cecc0473d10,3d0dae103cd48c14d2a0a6ffc16ed171d37a4c4bfaf15465068c0cecc0473d10,PASS
/Users/linmei/Documents/CY-worktrees/five-strategy-capital-scaling-v1/research/capital_scaling_v1/scaling.py,rollforward_imported_parent_engine,['rollforward_imported_parent_engine'],0b09b9a3347f36cf4289c8dc36d0a4c72842ea35d311615217fb6573481d0f09,0b09b9a3347f36cf4289c8dc36d0a4c72842ea35d311615217fb6573481d0f09,PASS
/Users/linmei/Documents/CY-worktrees/five-strategy-capital-scaling-v1/research/capital_scaling_v1/tools/ROLLFORWARD_README.md,uncommitted_rollforward_source,['uncommitted_rollforward_source'],dd790bd7938b72f608091da793654e8c18e312dc7376ef99682461e1dce66234,dd790bd7938b72f608091da793654e8c18e312dc7376ef99682461e1dce66234,PASS
/Users/linmei/Documents/CY-worktrees/five-strategy-capital-scaling-v1/research/capital_scaling_v1/tools/build_rollforward_inputs.py,uncommitted_rollforward_source,['uncommitted_rollforward_source'],80581b05a1df343c29c65f2d15dfebccec1402be74916da4bc0f4fa57da67d64,80581b05a1df343c29c65f2d15dfebccec1402be74916da4bc0f4fa57da67d64,PASS
/Users/linmei/Documents/CY-worktrees/five-strategy-capital-scaling-v1/research/capital_scaling_v1/tools/export_continuous_top5.py,uncommitted_rollforward_source,['uncommitted_rollforward_source'],8a727b5ee4923098b7257bf2d434890248b2baaa01504990ca106eec6b46c54a,8a727b5ee4923098b7257bf2d434890248b2baaa01504990ca106eec6b46c54a,PASS
/Users/linmei/Documents/CY-worktrees/five-strategy-capital-scaling-v1/research/capital_scaling_v1/tools/run_continuous_combinations.py,uncommitted_rollforward_source,['uncommitted_rollforward_source'],88d3f780511919d29c50267cbf3d81e64b70b8789a0e22c23b4dfef1d3d1dc07,88d3f780511919d29c50267cbf3d81e64b70b8789a0e22c23b4dfef1d3d1dc07,PASS
/Users/linmei/Documents/CY-worktrees/five-strategy-capital-scaling-v1/research/shared_capital_v1/build_inputs.py,rollforward_imported_parent_engine,['rollforward_imported_parent_engine'],2f42ec2f691cd849c7afcd5ed6e50681fb4ff95bd52a6ba48f78bde017b0e61d,2f42ec2f691cd849c7afcd5ed6e50681fb4ff95bd52a6ba48f78bde017b0e61d,PASS
/Users/linmei/Documents/CY-worktrees/five-strategy-capital-scaling-v1/research/shared_capital_v1/causal_adapters.py,rollforward_imported_parent_engine,['rollforward_imported_parent_engine'],f51ae721419e1ac25f0c4d3da7bb32648d800a25f4d3e814d8c097d4a31cc5b3,f51ae721419e1ac25f0c4d3da7bb32648d800a25f4d3e814d8c097d4a31cc5b3,PASS
/Users/linmei/Documents/CY-worktrees/five-strategy-capital-scaling-v1/research/shared_capital_v1/common_p0_v06.py,rollforward_imported_parent_engine,['rollforward_imported_parent_engine'],42f309bdc893849f828f276f68d9a7732531cce8eb6a1e0defd4232e19555456,42f309bdc893849f828f276f68d9a7732531cce8eb6a1e0defd4232e19555456,PASS
/Users/linmei/Documents/CY-worktrees/five-strategy-capital-scaling-v1/research/shared_capital_v1/continuous_replay.py,rollforward_imported_parent_engine,['rollforward_imported_parent_engine'],2f6dea5ff5342c136e60fc4d6450ad6cf3f91d3427eba5ac8419e022a9b9b85d,2f6dea5ff5342c136e60fc4d6450ad6cf3f91d3427eba5ac8419e022a9b9b85d,PASS
/Users/linmei/Documents/CY-worktrees/five-strategy-capital-scaling-v1/research/shared_capital_v1/gap_p0.py,rollforward_imported_parent_engine,['rollforward_imported_parent_engine'],9bd2d9d3637800d52591f9391c69ec063f5259b80751995084b31d70e762f2c1,9bd2d9d3637800d52591f9391c69ec063f5259b80751995084b31d70e762f2c1,PASS
/Users/linmei/Documents/CY-worktrees/five-strategy-capital-scaling-v1/research/shared_capital_v1/native_states_v06.py,rollforward_imported_parent_engine,['rollforward_imported_parent_engine'],20fb4dbd988b05723e59196f4db8982d9fa97520c6b90f861b1d3c4e563439c0,20fb4dbd988b05723e59196f4db8982d9fa97520c6b90f861b1d3c4e563439c0,PASS
/Users/linmei/Documents/CY-worktrees/five-strategy-capital-scaling-v1/research/shared_capital_v1/shared_account/allocator.py,rollforward_imported_parent_engine,['rollforward_imported_parent_engine'],10f48725684e39708beda57a141db00beb82a9a3f6c1d5735e042525db777ce2,10f48725684e39708beda57a141db00beb82a9a3f6c1d5735e042525db777ce2,PASS
/Users/linmei/Documents/CY-worktrees/five-strategy-capital-scaling-v1/research/shared_capital_v1/shared_account/corporate_actions.py,rollforward_imported_parent_engine,['rollforward_imported_parent_engine'],f204bc7ef431621eb254db04d167ca545c73e44d5022e2c3ed34adb15d53c864,f204bc7ef431621eb254db04d167ca545c73e44d5022e2c3ed34adb15d53c864,PASS
/Users/linmei/Documents/CY-worktrees/five-strategy-capital-scaling-v1/research/shared_capital_v1/shared_account/drawdown_gate.py,rollforward_imported_parent_engine,['rollforward_imported_parent_engine'],947bea51d0b43703d9432293e0ef6b678154a0b8cd6cf38e28704e3b1554ba95,947bea51d0b43703d9432293e0ef6b678154a0b8cd6cf38e28704e3b1554ba95,PASS
/Users/linmei/Documents/CY-worktrees/five-strategy-capital-scaling-v1/research/shared_capital_v1/shared_account/engine.py,rollforward_imported_parent_engine,['rollforward_imported_parent_engine'],bb2245bc0c2ef3138dc5353502fdacacd9f77910935e0586b8c7d284e9440473,bb2245bc0c2ef3138dc5353502fdacacd9f77910935e0586b8c7d284e9440473,PASS
/Users/linmei/Documents/CY-worktrees/five-strategy-capital-scaling-v1/research/shared_capital_v1/shared_account/held_actions.py,rollforward_imported_parent_engine,['rollforward_imported_parent_engine'],285392c1369a690b0346a32a352724dfa061c08135e079856083a9aeca522d3d,285392c1369a690b0346a32a352724dfa061c08135e079856083a9aeca522d3d,PASS
/Users/linmei/Documents/CY-worktrees/five-strategy-capital-scaling-v1/research/shared_capital_v1/shared_account/native_funding.py,rollforward_imported_parent_engine,['rollforward_imported_parent_engine'],2fa792e4f2ee50047ef55c5fec61f06c99122ae0d6463d4c44161e02e734396e,2fa792e4f2ee50047ef55c5fec61f06c99122ae0d6463d4c44161e02e734396e,PASS
/Users/linmei/Documents/CY-worktrees/five-strategy-capital-scaling-v1/research/shared_capital_v1/shared_account/p0.py,rollforward_imported_parent_engine,['rollforward_imported_parent_engine'],9777eedca3087f40a7361b33a0f1942092cc5208182a63b607eb2d24afe69003,9777eedca3087f40a7361b33a0f1942092cc5208182a63b607eb2d24afe69003,PASS
/Users/linmei/Documents/CY-worktrees/five-strategy-capital-scaling-v1/research/shared_capital_v1/shared_account/price_space.py,rollforward_imported_parent_engine,['rollforward_imported_parent_engine'],77f94bdfd41d80cbd823c08bc92ae06c915f833e9fb53f92fee2042023af7115,77f94bdfd41d80cbd823c08bc92ae06c915f833e9fb53f92fee2042023af7115,PASS
/Users/linmei/Documents/CY-worktrees/five-strategy-capital-scaling-v1/research/shared_capital_v1/shared_account/scheduler.py,rollforward_imported_parent_engine,['rollforward_imported_parent_engine'],5ddcf63a3969941da6be05d4265f5b3140860f162fc1876a30e20f06cc4ca3ba,5ddcf63a3969941da6be05d4265f5b3140860f162fc1876a30e20f06cc4ca3ba,PASS
/Users/linmei/Documents/CY-worktrees/five-strategy-capital-scaling-v1/research/shared_capital_v1/smv6_baseline.py,rollforward_imported_parent_engine,['rollforward_imported_parent_engine'],3919df4006180c35cfa80ca2efe6c16817b8fab1e9289f26d7f7c54514be23fd,3919df4006180c35cfa80ca2efe6c16817b8fab1e9289f26d7f7c54514be23fd,PASS
/Users/linmei/Documents/CY-worktrees/five-strategy-capital-scaling-v1/research/shared_capital_v1/smv6_physical.py,rollforward_imported_parent_engine,['rollforward_imported_parent_engine'],1865d86c9df02c6827c81764a63a2f1e548fcf035b1b802f094b4f1c6719f996,1865d86c9df02c6827c81764a63a2f1e548fcf035b1b802f094b4f1c6719f996,PASS
/Users/linmei/Documents/CY-worktrees/five-strategy-capital-scaling-v1/research/shared_capital_v1/stock_p0.py,rollforward_imported_parent_engine,['rollforward_imported_parent_engine'],2439763d3fcc7f1103dc2c7d8ba53c6e42e165d8cbd926541de383d0c8a1528c,2439763d3fcc7f1103dc2c7d8ba53c6e42e165d8cbd926541de383d0c8a1528c,PASS
/Users/linmei/Documents/CY-worktrees/five-strategy-capital-scaling-v1/research/shared_capital_v1/universe.py,rollforward_imported_parent_engine,['rollforward_imported_parent_engine'],3f13e5bd8478effeeb39e3a9f5f8ab4482a64dd93fbbd78652ae3fef5cc0bd40,3f13e5bd8478effeeb39e3a9f5f8ab4482a64dd93fbbd78652ae3fef5cc0bd40,PASS
/Users/linmei/Documents/CY-worktrees/five-strategy-capital-scaling-v1/src/five_strategy_bundle/__init__.py,rollforward_imported_parent_engine,['rollforward_imported_parent_engine'],c29c0e938ed8bd29018fa99b561bd71580b9638865cf53418d0639790a44306f,c29c0e938ed8bd29018fa99b561bd71580b9638865cf53418d0639790a44306f,PASS
/Users/linmei/Documents/CY-worktrees/five-strategy-capital-scaling-v1/src/five_strategy_bundle/compare.py,rollforward_imported_parent_engine,['rollforward_imported_parent_engine'],a6f24d32ff86f2705d9b05963c76629c3f3f763891243e62bedf0b3580a879fb,a6f24d32ff86f2705d9b05963c76629c3f3f763891243e62bedf0b3580a879fb,PASS
/Users/linmei/Documents/CY-worktrees/five-strategy-capital-scaling-v1/src/five_strategy_bundle/errors.py,rollforward_imported_parent_engine,['rollforward_imported_parent_engine'],45a29d8f808ae2e4b62174e8790d67f1695384821a49ee53c179f50a3c12f5dc,45a29d8f808ae2e4b62174e8790d67f1695384821a49ee53c179f50a3c12f5dc,PASS
/Users/linmei/Documents/CY-worktrees/five-strategy-capital-scaling-v1/src/five_strategy_bundle/execution/__init__.py,rollforward_imported_parent_engine,['rollforward_imported_parent_engine'],14e12333e8a9b0f8b3c67c6d92393dda199ba65d8b86bef0f41416a086a958cc,14e12333e8a9b0f8b3c67c6d92393dda199ba65d8b86bef0f41416a086a958cc,PASS
/Users/linmei/Documents/CY-worktrees/five-strategy-capital-scaling-v1/src/five_strategy_bundle/execution/daily.py,rollforward_imported_parent_engine,['rollforward_imported_parent_engine'],45648bba9b243e2686231cf3df0b6791cbd2010e4cff7aa9488f3bb26b40b1bc,45648bba9b243e2686231cf3df0b6791cbd2010e4cff7aa9488f3bb26b40b1bc,PASS
/Users/linmei/Documents/CY-worktrees/five-strategy-capital-scaling-v1/src/five_strategy_bundle/io.py,rollforward_imported_parent_engine,['rollforward_imported_parent_engine'],5a4c3d34163ff1c8383de89ad014444f34b24120075f6162c2823cd683c4ca86,5a4c3d34163ff1c8383de89ad014444f34b24120075f6162c2823cd683c4ca86,PASS
/Users/linmei/Documents/CY-worktrees/five-strategy-capital-scaling-v1/src/five_strategy_bundle/reproduce.py,rollforward_imported_parent_engine,['rollforward_imported_parent_engine'],8cb4e34778262369a2dfd06d070f196e089c129c77104474deb08ec72beb66d7,8cb4e34778262369a2dfd06d070f196e089c129c77104474deb08ec72beb66d7,PASS
/Users/linmei/Documents/CY-worktrees/five-strategy-capital-scaling-v1/src/five_strategy_bundle/strategies/__init__.py,rollforward_imported_parent_engine,['rollforward_imported_parent_engine'],cbd44169e2521426589d5f4848f361666b6dd9efafb3f638ce2583f1c7e726c9,cbd44169e2521426589d5f4848f361666b6dd9efafb3f638ce2583f1c7e726c9,PASS
/Users/linmei/Documents/CY-worktrees/five-strategy-capital-scaling-v1/src/five_strategy_bundle/strategies/atrdr.py,rollforward_imported_parent_engine,['rollforward_imported_parent_engine'],951d4aaafce634888e9f42b36fd1137917b5f730d86535adb97641398c9be107,951d4aaafce634888e9f42b36fd1137917b5f730d86535adb97641398c9be107,PASS
/Users/linmei/Documents/CY-worktrees/five-strategy-capital-scaling-v1/src/five_strategy_bundle/strategies/atrdr_post.py,rollforward_imported_parent_engine,['rollforward_imported_parent_engine'],7a8b7f1c1aa8ad729fad0fec4581127a1e0bf5a345c37f0ec6f441b0f7f2db54,7a8b7f1c1aa8ad729fad0fec4581127a1e0bf5a345c37f0ec6f441b0f7f2db54,PASS
/Users/linmei/Documents/CY-worktrees/five-strategy-capital-scaling-v1/src/five_strategy_bundle/strategies/ifcgr.py,rollforward_imported_parent_engine,['rollforward_imported_parent_engine'],7997a21aca7721a9563820b2d678e5b1fb0b87bf035c1003d8d59698ee9974b8,7997a21aca7721a9563820b2d678e5b1fb0b87bf035c1003d8d59698ee9974b8,PASS
/Users/linmei/Documents/CY-worktrees/five-strategy-capital-scaling-v1/src/five_strategy_bundle/strategies/issuer_classifier.py,rollforward_imported_parent_engine,['rollforward_imported_parent_engine'],5d863e6f3933ef0149edc67886ca011172d7dd7db7c1ae790dad590b0eec9db2,5d863e6f3933ef0149edc67886ca011172d7dd7db7c1ae790dad590b0eec9db2,PASS
/Users/linmei/Documents/CY-worktrees/five-strategy-capital-scaling-v1/src/five_strategy_bundle/strategies/mcb.py,rollforward_imported_parent_engine,['rollforward_imported_parent_engine'],2fad119333a09cd31494994d36374ceb423080149c3e5764559cd5003c0c9312,2fad119333a09cd31494994d36374ceb423080149c3e5764559cd5003c0c9312,PASS
/Users/linmei/Documents/CY-worktrees/five-strategy-capital-scaling-v1/src/five_strategy_bundle/strategies/ogr.py,rollforward_imported_parent_engine,['rollforward_imported_parent_engine'],41bd16909d136f60168909a4f33a0874ddcfcef5b07d070b01120b337507cc22,41bd16909d136f60168909a4f33a0874ddcfcef5b07d070b01120b337507cc22,PASS
/Users/linmei/Documents/CY-worktrees/five-strategy-capital-scaling-v1/src/five_strategy_bundle/strategies/smv6.py,rollforward_imported_parent_engine,['rollforward_imported_parent_engine'],6a1c06e03094ee237950f040d9172b2705f3cb78501bf8908a555cb2e97c0025,6a1c06e03094ee237950f040d9172b2705f3cb78501bf8908a555cb2e97c0025,PASS
/Users/linmei/Documents/CY-worktrees/five-strategy-capital-scaling-v1/src/five_strategy_bundle/strategies/smv6_frozen.py,rollforward_imported_parent_engine,['rollforward_imported_parent_engine'],7fa9d715bdf4c352526d556132f8ec8502e9f355876100f357c8bdc5fdc91f33,7fa9d715bdf4c352526d556132f8ec8502e9f355876100f357c8bdc5fdc91f33,PASS
/Users/linmei/Documents/CY-worktrees/five-strategy-capital-scaling-v1/src/five_strategy_bundle/validate.py,rollforward_imported_parent_engine,['rollforward_imported_parent_engine'],040d0a9d1655ea82ca49a9764924bb92e9cd26745ab69279a523c1d6a7b2027b,040d0a9d1655ea82ca49a9764924bb92e9cd26745ab69279a523c1d6a7b2027b,PASS
/Users/linmei/Documents/CY-worktrees/five-strategy-scaling-regime-v1/configs/frozen/atrdr_v29.json,frozen_strategy_identity,['frozen_strategy_identity'],5e3eb472223d8bccd45adee110fdf8606ed0ae0f692257d887c14ad6dbc63c8f,5e3eb472223d8bccd45adee110fdf8606ed0ae0f692257d887c14ad6dbc63c8f,PASS
/Users/linmei/Documents/CY-worktrees/five-strategy-scaling-regime-v1/configs/frozen/ifcgr_v29r2.json,frozen_strategy_identity,['frozen_strategy_identity'],eca1499ba83a92c7586017da6d9138177856b6f6189a4c8a4002bf61ecfc5403,eca1499ba83a92c7586017da6d9138177856b6f6189a4c8a4002bf61ecfc5403,PASS
/Users/linmei/Documents/CY-worktrees/five-strategy-scaling-regime-v1/configs/frozen/mcb_v72.json,frozen_strategy_identity,['frozen_strategy_identity'],7bacbfc440e8e9b091f401d3bf8445baf470253b9b45ac3913eab9c0628d8c53,7bacbfc440e8e9b091f401d3bf8445baf470253b9b45ac3913eab9c0628d8c53,PASS
/Users/linmei/Documents/CY-worktrees/five-strategy-scaling-regime-v1/configs/frozen/ogr_v28r2.json,frozen_strategy_identity,['frozen_strategy_identity'],f954a95adc6c13393b8bd7ee2d2a0a9994d84a9e3c46c1eb56e99d5dc7b1f39e,f954a95adc6c13393b8bd7ee2d2a0a9994d84a9e3c46c1eb56e99d5dc7b1f39e,PASS
/Users/linmei/Documents/CY-worktrees/five-strategy-scaling-regime-v1/configs/frozen/smv6_ci.json,frozen_strategy_identity,['frozen_strategy_identity'],762fed8aabe5414d80799e6f9ebeda1438c6941cdd6d838a7e076136fa32dee1,762fed8aabe5414d80799e6f9ebeda1438c6941cdd6d838a7e076136fa32dee1,PASS
/Users/linmei/Documents/CY-worktrees/five-strategy-scaling-regime-v1/manifests/raw_input_contract.json,frozen_strategy_identity,['frozen_strategy_identity'],305907c3ea5cbb923812ae4d3a4d56fa8b15f2c41f7f6cdfc634d20a8b775943,305907c3ea5cbb923812ae4d3a4d56fa8b15f2c41f7f6cdfc634d20a8b775943,PASS
/Users/linmei/Documents/CY-worktrees/five-strategy-scaling-regime-v1/manifests/source_provenance.json,frozen_strategy_identity,['frozen_strategy_identity'],2834579f93025a9c3a2dc501574dbd5b958a45c3a7a629e7d16748f5baba58f7,2834579f93025a9c3a2dc501574dbd5b958a45c3a7a629e7d16748f5baba58f7,PASS
/Users/linmei/Documents/CY-worktrees/five-strategy-scaling-regime-v1/manifests/strategy_identity.json,frozen_strategy_identity,['frozen_strategy_identity'],8e0cfa03f792de4959877435c4e75dc4872746e25e6091e7a1839fe43febd5c9,8e0cfa03f792de4959877435c4e75dc4872746e25e6091e7a1839fe43febd5c9,PASS
/Users/linmei/Documents/CY-worktrees/five-strategy-scaling-regime-v1/original_sources/README.md,frozen_strategy_identity,['frozen_strategy_identity'],eeb09834273f7666f466ec207daa35a3090d7a9ecce638b7690dcca58414b91d,eeb09834273f7666f466ec207daa35a3090d7a9ecce638b7690dcca58414b91d,PASS
/Users/linmei/Documents/CY-worktrees/five-strategy-scaling-regime-v1/original_sources/atrdr/run_ashare_causal_market_regime_substrategy_router_v27_diagnostic_2026ytd_v2.py,frozen_strategy_identity,['frozen_strategy_identity'],30fe1f2f738df0285d387e7e0b55b382f77f7ca026649bec3d5e8aa9616428bb,30fe1f2f738df0285d387e7e0b55b382f77f7ca026649bec3d5e8aa9616428bb,PASS
/Users/linmei/Documents/CY-worktrees/five-strategy-scaling-regime-v1/original_sources/atrdr/run_ashare_distributed_accumulation_slow_exhaustion_mother_screen_v1.py,frozen_strategy_identity,['frozen_strategy_identity'],4c4992e333c9f7931ca84454e1f71742cf49bcfa8ff333ba8876cc202f351870,4c4992e333c9f7931ca84454e1f71742cf49bcfa8ff333ba8876cc202f351870,PASS
/Users/linmei/Documents/CY-worktrees/five-strategy-scaling-regime-v1/original_sources/atrdr/run_ashare_simple_regime_complementary_demand_router_v29.py,frozen_strategy_identity,['frozen_strategy_identity'],69a83159aa2bd1aa2426268c3036a9759148c19d0f03d15eedf5e7ad95edbfba,69a83159aa2bd1aa2426268c3036a9759148c19d0f03d15eedf5e7ad95edbfba,PASS
/Users/linmei/Documents/CY-worktrees/five-strategy-scaling-regime-v1/original_sources/ogr/run_ashare_true_gap_below_l_demand_not_locked_v28r1.py,frozen_strategy_identity,['frozen_strategy_identity'],b74bdc04a7b898cbac7bb042601b33d7ae52643af6cff758e22b314ea24a7dc8,b74bdc04a7b898cbac7bb042601b33d7ae52643af6cff758e22b314ea24a7dc8,PASS
/Users/linmei/Documents/CY-worktrees/five-strategy-scaling-regime-v1/original_sources/ogr/run_ashare_true_gap_below_l_first_reversal_v13.py,frozen_strategy_identity,['frozen_strategy_identity'],a156657128053cdeda68e53d5f433de34976353bcc79f25cfab9410bb779dc26,a156657128053cdeda68e53d5f433de34976353bcc79f25cfab9410bb779dc26,PASS
/Users/linmei/Documents/CY-worktrees/five-strategy-scaling-regime-v1/original_sources/ogr/run_ashare_true_gap_below_l_fresh_capitulation_snapback_v27.py,frozen_strategy_identity,['frozen_strategy_identity'],86dd15e8a49da1f6481d3552f02ffbbcdb874eaf6b8b0754220d36b4dee9face,86dd15e8a49da1f6481d3552f02ffbbcdb874eaf6b8b0754220d36b4dee9face,PASS
/Users/linmei/Documents/CY-worktrees/five-strategy-scaling-regime-v1/original_sources/ogr/run_ashare_true_gap_below_l_liquidity_trap_guard_v28.py,frozen_strategy_identity,['frozen_strategy_identity'],865aa4e0058b69168002ac3ce61014d41fbf502a9541565ecdeec3f075147cce,865aa4e0058b69168002ac3ce61014d41fbf502a9541565ecdeec3f075147cce,PASS
/Users/linmei/Documents/CY-worktrees/five-strategy-scaling-regime-v1/original_sources/ogr/run_ashare_true_gap_below_l_orderly_demand_v28r2.py,frozen_strategy_identity,['frozen_strategy_identity'],540863fde51f23efc1fc413385868d58ac0a48575b9ebc0cf9eab64acbca30af,540863fde51f23efc1fc413385868d58ac0a48575b9ebc0cf9eab64acbca30af,PASS
/Users/linmei/Documents/CY-worktrees/five-strategy-scaling-regime-v1/research/capital_scaling_v1/analysis.py,continuous_identity_extension,['continuous_identity_extension'],4723e30c10faba12589daacfe20de5dee394b6dd137846c97d8176a9d58b3dda,4723e30c10faba12589daacfe20de5dee394b6dd137846c97d8176a9d58b3dda,PASS
/Users/linmei/Documents/CY-worktrees/five-strategy-scaling-regime-v1/research/capital_scaling_v1/audit.py,continuous_identity_extension,['continuous_identity_extension'],765bc03d49f4aa527fc2434aa713599459adf1527e05e52c043424e39412417f,765bc03d49f4aa527fc2434aa713599459adf1527e05e52c043424e39412417f,PASS
/Users/linmei/Documents/CY-worktrees/five-strategy-scaling-regime-v1/research/capital_scaling_v1/contract.py,continuous_identity_extension,['continuous_identity_extension'],ebfc80e5b60e775d74653290af1842b28b14fa1d4bf10b7af47adc25f72f3aa8,ebfc80e5b60e775d74653290af1842b28b14fa1d4bf10b7af47adc25f72f3aa8,PASS
/Users/linmei/Documents/CY-worktrees/five-strategy-scaling-regime-v1/research/capital_scaling_v1/contracts/capital_scaling_policy_v1.json,identity_evidence,['identity_evidence'],ff8ce68bfbb7ce7d86e4fd8de8b2c3ff9a0154a227a6ce6ca0a72ef36df36576,ff8ce68bfbb7ce7d86e4fd8de8b2c3ff9a0154a227a6ce6ca0a72ef36df36576,PASS
/Users/linmei/Documents/CY-worktrees/five-strategy-scaling-regime-v1/research/capital_scaling_v1/data.py,frozen_parent_engine,['frozen_parent_engine'],e580a36e52d68cefb15fed4547a76895b2b9b84e490a3750bb4e5214ff08a3a2,e580a36e52d68cefb15fed4547a76895b2b9b84e490a3750bb4e5214ff08a3a2,PASS
/Users/linmei/Documents/CY-worktrees/five-strategy-scaling-regime-v1/research/capital_scaling_v1/finalize.py,continuous_identity_extension,['continuous_identity_extension'],f9bdfe2259386c545fbd9a3077a67b6f57cdd0cb8e3c4ca7284b79937abc99bc,f9bdfe2259386c545fbd9a3077a67b6f57cdd0cb8e3c4ca7284b79937abc99bc,PASS
/Users/linmei/Documents/CY-worktrees/five-strategy-scaling-regime-v1/research/capital_scaling_v1/habitat.py,continuous_identity_extension,['continuous_identity_extension'],6e7ce2c94f24f2528ec5c412950986e2b4c200828a08a45d52f7a36a6da79446,6e7ce2c94f24f2528ec5c412950986e2b4c200828a08a45d52f7a36a6da79446,PASS
/Users/linmei/Documents/CY-worktrees/five-strategy-scaling-regime-v1/research/capital_scaling_v1/metrics.py,continuous_identity_extension,['continuous_identity_extension'],1afe2cdc97130e3c78609bb7bb36cfe0b272a421e2fd01ea46af3575f37c3aaa,1afe2cdc97130e3c78609bb7bb36cfe0b272a421e2fd01ea46af3575f37c3aaa,PASS
/Users/linmei/Documents/CY-worktrees/five-strategy-scaling-regime-v1/research/capital_scaling_v1/output/scenario_summary.csv,identity_evidence,['identity_evidence'],55016645f6bd31ccfe1920c27918331f01065d70a22d7ea6166bce832bc412e1,55016645f6bd31ccfe1920c27918331f01065d70a22d7ea6166bce832bc412e1,PASS
/Users/linmei/Documents/CY-worktrees/five-strategy-scaling-regime-v1/research/capital_scaling_v1/plot.py,continuous_identity_extension,['continuous_identity_extension'],a7816891dbebe62e178fb1d4e44249045bd5854dadb8269dbc68f9a98a02a65c,a7816891dbebe62e178fb1d4e44249045bd5854dadb8269dbc68f9a98a02a65c,PASS
/Users/linmei/Documents/CY-worktrees/five-strategy-scaling-regime-v1/research/capital_scaling_v1/preflight.py,continuous_identity_extension,['continuous_identity_extension'],9337e5dd36b9e824c2f9204265ff4b7fdc344fcf2d14e0f43066a1bcd7ccd789,9337e5dd36b9e824c2f9204265ff4b7fdc344fcf2d14e0f43066a1bcd7ccd789,PASS
/Users/linmei/Documents/CY-worktrees/five-strategy-scaling-regime-v1/research/capital_scaling_v1/report.py,continuous_identity_extension,['continuous_identity_extension'],103e71d50e416c1b66133c055509fc48c7eda96e075a320cc5dc66823510aad9,103e71d50e416c1b66133c055509fc48c7eda96e075a320cc5dc66823510aad9,PASS
/Users/linmei/Documents/CY-worktrees/five-strategy-scaling-regime-v1/research/capital_scaling_v1/run.py,frozen_parent_engine,['frozen_parent_engine'],3d0dae103cd48c14d2a0a6ffc16ed171d37a4c4bfaf15465068c0cecc0473d10,3d0dae103cd48c14d2a0a6ffc16ed171d37a4c4bfaf15465068c0cecc0473d10,PASS
/Users/linmei/Documents/CY-worktrees/five-strategy-scaling-regime-v1/research/capital_scaling_v1/scaling.py,frozen_parent_engine,['frozen_parent_engine'],0b09b9a3347f36cf4289c8dc36d0a4c72842ea35d311615217fb6573481d0f09,0b09b9a3347f36cf4289c8dc36d0a4c72842ea35d311615217fb6573481d0f09,PASS
/Users/linmei/Documents/CY-worktrees/five-strategy-scaling-regime-v1/research/capital_scaling_v1/tests/test_bugfix_regressions.py,continuous_identity_extension,['continuous_identity_extension'],6a66e0ce851b8aa1718ee395c1a7ad88c541ace4ad78364ed35e72c1a2c61b74,6a66e0ce851b8aa1718ee395c1a7ad88c541ace4ad78364ed35e72c1a2c61b74,PASS
/Users/linmei/Documents/CY-worktrees/five-strategy-scaling-regime-v1/research/capital_scaling_v1/tests/test_finalize_receipts.py,continuous_identity_extension,['continuous_identity_extension'],72189ec57ee530cafc65e4188b672f16023efcd7989f5e92a1c351f64b49a347,72189ec57ee530cafc65e4188b672f16023efcd7989f5e92a1c351f64b49a347,PASS
/Users/linmei/Documents/CY-worktrees/five-strategy-scaling-regime-v1/research/capital_scaling_v1/tests/test_hardening.py,continuous_identity_extension,['continuous_identity_extension'],bbccfec6f6dd60fdeab6eab026b5d4354caa59f452ba52ebc1ff4b17a6446a55,bbccfec6f6dd60fdeab6eab026b5d4354caa59f452ba52ebc1ff4b17a6446a55,PASS
/Users/linmei/Documents/CY-worktrees/five-strategy-scaling-regime-v1/research/capital_scaling_v1/tests/test_scaling.py,continuous_identity_extension,['continuous_identity_extension'],e88416b2da4016682f017ee1f4f3ab7602005eeb480b81e15e20dcf57d6d7c9a,e88416b2da4016682f017ee1f4f3ab7602005eeb480b81e15e20dcf57d6d7c9a,PASS
/Users/linmei/Documents/CY-worktrees/five-strategy-scaling-regime-v1/research/scaling_regime_v1/accounts.py,continuous_identity_extension,['continuous_identity_extension'],fd264ae1ee3e504e71fc90ea90400bbd091706aa63a8912e67771ed18940afb9,fd264ae1ee3e504e71fc90ea90400bbd091706aa63a8912e67771ed18940afb9,PASS
/Users/linmei/Documents/CY-worktrees/five-strategy-scaling-regime-v1/research/scaling_regime_v1/boundary.py,continuous_identity_extension,['continuous_identity_extension'],b78c0f4eaa89090d4a035c4632a4f9cfe593fbc0907bef63133438f3870cb6a9,b78c0f4eaa89090d4a035c4632a4f9cfe593fbc0907bef63133438f3870cb6a9,PASS
/Users/linmei/Documents/CY-worktrees/five-strategy-scaling-regime-v1/research/scaling_regime_v1/cache/atrdr/bear_routes.parquet,continuous_identity_extension,['continuous_identity_extension'],e3e4ce0fd2c175a5ee7c220a74ec52f42fb4b2f328941ac95e08c726d9f1c56a,e3e4ce0fd2c175a5ee7c220a74ec52f42fb4b2f328941ac95e08c726d9f1c56a,PASS
/Users/linmei/Documents/CY-worktrees/five-strategy-scaling-regime-v1/research/scaling_regime_v1/cache/atrdr/bull_outcomes.parquet,continuous_identity_extension,['continuous_identity_extension'],66cd2cfec7b4f72eddbdb2ca6ce21937faeb4d5780192c265b83fccc0d97cc67,66cd2cfec7b4f72eddbdb2ca6ce21937faeb4d5780192c265b83fccc0d97cc67,PASS
/Users/linmei/Documents/CY-worktrees/five-strategy-scaling-regime-v1/research/scaling_regime_v1/cache/atrdr/bull_signals.parquet,continuous_identity_extension,['continuous_identity_extension'],1f60f7c6eb5c37ca23786178d2af4ea4e37ade64c51a0d5502a1e7f283ddbd32,1f60f7c6eb5c37ca23786178d2af4ea4e37ade64c51a0d5502a1e7f283ddbd32,PASS
/Users/linmei/Documents/CY-worktrees/five-strategy-scaling-regime-v1/research/scaling_regime_v1/cache/atrdr/fast_capacity.parquet,continuous_identity_extension,['continuous_identity_extension'],8ca9f54195fd027d195061815d74ff72af29eefc973441182e33c974578d7ebc,8ca9f54195fd027d195061815d74ff72af29eefc973441182e33c974578d7ebc,PASS
/Users/linmei/Documents/CY-worktrees/five-strategy-scaling-regime-v1/research/scaling_regime_v1/cache/atrdr/fast_mother.parquet,continuous_identity_extension,['continuous_identity_extension'],37586a63e1686f94b870915df9a74eb9708ca14d0e797b03d9d57e07081a2a3d,37586a63e1686f94b870915df9a74eb9708ca14d0e797b03d9d57e07081a2a3d,PASS
/Users/linmei/Documents/CY-worktrees/five-strategy-scaling-regime-v1/research/scaling_regime_v1/cache/atrdr/fast_outcomes.parquet,continuous_identity_extension,['continuous_identity_extension'],209a3d8ef8716fd64dcb037a691354fe56c00279de44eca41688d9718d026b91,209a3d8ef8716fd64dcb037a691354fe56c00279de44eca41688d9718d026b91,PASS
/Users/linmei/Documents/CY-worktrees/five-strategy-scaling-regime-v1/research/scaling_regime_v1/cache/atrdr/fast_signals.parquet,continuous_identity_extension,['continuous_identity_extension'],d9a487f13a975101098850692d2d228fd170cbb8efcecb24fcfc1fb253fcd736,d9a487f13a975101098850692d2d228fd170cbb8efcecb24fcfc1fb253fcd736,PASS
/Users/linmei/Documents/CY-worktrees/five-strategy-scaling-regime-v1/research/scaling_regime_v1/cache/atrdr/market.parquet,continuous_identity_extension,['continuous_identity_extension'],f99da91d7a59fca6d7d7536f96d7d8fcc01d0e95b2920b8b695af3851cc12a04,f99da91d7a59fca6d7d7536f96d7d8fcc01d0e95b2920b8b695af3851cc12a04,PASS
/Users/linmei/Documents/CY-worktrees/five-strategy-scaling-regime-v1/research/scaling_regime_v1/cache/atrdr/precapital_entry_population.parquet,continuous_identity_extension,['continuous_identity_extension'],a9b531663e709b432624286dce69440573b2c907e6c9511ac40f77d9f950928f,a9b531663e709b432624286dce69440573b2c907e6c9511ac40f77d9f950928f,PASS
/Users/linmei/Documents/CY-worktrees/five-strategy-scaling-regime-v1/research/scaling_regime_v1/cache/atrdr/slow_outcomes.parquet,continuous_identity_extension,['continuous_identity_extension'],417e3fe5edccfecfb0de5f3c5d5d3b86f684d33743aa81c5a3a6e231c834769d,417e3fe5edccfecfb0de5f3c5d5d3b86f684d33743aa81c5a3a6e231c834769d,PASS
/Users/linmei/Documents/CY-worktrees/five-strategy-scaling-regime-v1/research/scaling_regime_v1/cache/atrdr/slow_signals.parquet,continuous_identity_extension,['continuous_identity_extension'],7b4a70d5042dc4eda81b2f9d97ec92f0619b87c18762bc654706ecc5b8e3fd2f,7b4a70d5042dc4eda81b2f9d97ec92f0619b87c18762bc654706ecc5b8e3fd2f,PASS
/Users/linmei/Documents/CY-worktrees/five-strategy-scaling-regime-v1/research/scaling_regime_v1/cache/daily_with_snapshot.parquet,continuous_identity_extension,['continuous_identity_extension'],506ab8e3b969156b18d319e8cc74a84a13bbf6a1456309588389c79be3bf8177,506ab8e3b969156b18d319e8cc74a84a13bbf6a1456309588389c79be3bf8177,PASS
/Users/linmei/Documents/CY-worktrees/five-strategy-scaling-regime-v1/research/scaling_regime_v1/cache/legal_quotes.parquet,continuous_identity_extension,['continuous_identity_extension'],798299028c25f70abfee2b0b923bba20d6a200273a430f4df26cf259c032b333,798299028c25f70abfee2b0b923bba20d6a200273a430f4df26cf259c032b333,PASS
/Users/linmei/Documents/CY-worktrees/five-strategy-scaling-regime-v1/research/scaling_regime_v1/cache/mcb/outcomes.parquet,continuous_identity_extension,['continuous_identity_extension'],751f9be492d027e3561c2b222b91bb49264f40e905551d89ea9852f4de0cd820,751f9be492d027e3561c2b222b91bb49264f40e905551d89ea9852f4de0cd820,PASS
/Users/linmei/Documents/CY-worktrees/five-strategy-scaling-regime-v1/research/scaling_regime_v1/cache/mcb/precapital_entry_population.parquet,continuous_identity_extension,['continuous_identity_extension'],140a2330c02777fcf09b85890079dae7dc469455a520560d9aa220049cbf1979,140a2330c02777fcf09b85890079dae7dc469455a520560d9aa220049cbf1979,PASS
/Users/linmei/Documents/CY-worktrees/five-strategy-scaling-regime-v1/research/scaling_regime_v1/cache/mcb/signals.parquet,continuous_identity_extension,['continuous_identity_extension'],809c4e69dd9fadb3c6aac5c89e880b808d317b14ab98a1d47b5bb3bec49fe588,809c4e69dd9fadb3c6aac5c89e880b808d317b14ab98a1d47b5bb3bec49fe588,PASS
/Users/linmei/Documents/CY-worktrees/five-strategy-scaling-regime-v1/research/scaling_regime_v1/cache/mcb/v53.parquet,continuous_identity_extension,['continuous_identity_extension'],727ab3c4aa28c636e84d2a4ba82c82b71e415e64ac47b8a9850b1110bc99e48f,727ab3c4aa28c636e84d2a4ba82c82b71e415e64ac47b8a9850b1110bc99e48f,PASS
/Users/linmei/Documents/CY-worktrees/five-strategy-scaling-regime-v1/research/scaling_regime_v1/cache/mcb/v65.parquet,continuous_identity_extension,['continuous_identity_extension'],6418eee4cb6ccea292c2f892c3d35a2be549188f842cce0f35ec0f8ff7968b40,6418eee4cb6ccea292c2f892c3d35a2be549188f842cce0f35ec0f8ff7968b40,PASS
/Users/linmei/Documents/CY-worktrees/five-strategy-scaling-regime-v1/research/scaling_regime_v1/contracts/attribution_v2_freeze_receipt.json,versioned_contract_or_freeze_receipt,['versioned_contract_or_freeze_receipt'],952c206b639ae23dc9f7a0c2d936fd4ead126e584259b019ab876508f4412edf,952c206b639ae23dc9f7a0c2d936fd4ead126e584259b019ab876508f4412edf,PASS
/Users/linmei/Documents/CY-worktrees/five-strategy-scaling-regime-v1/research/scaling_regime_v1/contracts/continuous_protocol_freeze_receipt.json,versioned_contract_or_freeze_receipt,['versioned_contract_or_freeze_receipt'],c870d4f7c5eb6d79076cef13be3a59266592d2d107d2157e78936bfbd742ac30,c870d4f7c5eb6d79076cef13be3a59266592d2d107d2157e78936bfbd742ac30,PASS
/Users/linmei/Documents/CY-worktrees/five-strategy-scaling-regime-v1/research/scaling_regime_v1/contracts/continuous_rollforward_protocol_v1.json,versioned_contract_or_freeze_receipt,['versioned_contract_or_freeze_receipt'],f194822e1aa73037c0b2694e8484cc55a04197141e79106009641fff698874ec,f194822e1aa73037c0b2694e8484cc55a04197141e79106009641fff698874ec,PASS
/Users/linmei/Documents/CY-worktrees/five-strategy-scaling-regime-v1/research/scaling_regime_v1/contracts/freeze_receipt.json,versioned_contract_or_freeze_receipt,['versioned_contract_or_freeze_receipt'],c41f5954da4605763da40e6a6c8230ba92341217b062d9ac681fa8534e2a26bf,c41f5954da4605763da40e6a6c8230ba92341217b062d9ac681fa8534e2a26bf,PASS
/Users/linmei/Documents/CY-worktrees/five-strategy-scaling-regime-v1/research/scaling_regime_v1/contracts/rollforward_protocol_v1.json,versioned_contract_or_freeze_receipt,['versioned_contract_or_freeze_receipt'],af5607caa2822e416d74bb42a92c53c6a7254f7402e856b970c0ad593a6ddbe2,af5607caa2822e416d74bb42a92c53c6a7254f7402e856b970c0ad593a6ddbe2,PASS
/Users/linmei/Documents/CY-worktrees/five-strategy-scaling-regime-v1/research/scaling_regime_v1/contracts/scaling_observation_extension_v1.json,versioned_contract_or_freeze_receipt,['versioned_contract_or_freeze_receipt'],faf6eaf20ca0402bad85a44d856e93c9a029dca2e9eb707466b0833a33ec71e5,faf6eaf20ca0402bad85a44d856e93c9a029dca2e9eb707466b0833a33ec71e5,PASS
/Users/linmei/Documents/CY-worktrees/five-strategy-scaling-regime-v1/research/scaling_regime_v1/contracts/scaling_observation_freeze_receipt.json,versioned_contract_or_freeze_receipt,['versioned_contract_or_freeze_receipt'],26a4d3daa105839e26e6d9e9f30d56f9fa2f4f29c2165d1e487d5594a9aac6a8,26a4d3daa105839e26e6d9e9f30d56f9fa2f4f29c2165d1e487d5594a9aac6a8,PASS
/Users/linmei/Documents/CY-worktrees/five-strategy-scaling-regime-v1/research/scaling_regime_v1/contracts/scaling_regime_attribution_v1.json,pre_analysis_contract,['pre_analysis_contract'],9e3465f8c2a6234767353ee33486f4c8357bfc3d7b4081ba1a9830c8acf2dda4,9e3465f8c2a6234767353ee33486f4c8357bfc3d7b4081ba1a9830c8acf2dda4,PASS
/Users/linmei/Documents/CY-worktrees/five-strategy-scaling-regime-v1/research/scaling_regime_v1/contracts/scaling_regime_attribution_v2.json,versioned_contract_or_freeze_receipt,['versioned_contract_or_freeze_receipt'],c661bbfa5df9e8be6160d6422f96c687c2a62764bc8c457e3c5830ca68a063af,c661bbfa5df9e8be6160d6422f96c687c2a62764bc8c457e3c5830ca68a063af,PASS
/Users/linmei/Documents/CY-worktrees/five-strategy-scaling-regime-v1/research/scaling_regime_v1/evidence/ROLLFORWARD_README.md,reviewable_source_snapshot,['reviewable_source_snapshot'],dd790bd7938b72f608091da793654e8c18e312dc7376ef99682461e1dce66234,dd790bd7938b72f608091da793654e8c18e312dc7376ef99682461e1dce66234,PASS
/Users/linmei/Documents/CY-worktrees/five-strategy-scaling-regime-v1/research/scaling_regime_v1/evidence/build_rollforward_inputs.py,reviewable_source_snapshot,['reviewable_source_snapshot'],80581b05a1df343c29c65f2d15dfebccec1402be74916da4bc0f4fa57da67d64,80581b05a1df343c29c65f2d15dfebccec1402be74916da4bc0f4fa57da67d64,PASS
/Users/linmei/Documents/CY-worktrees/five-strategy-scaling-regime-v1/research/scaling_regime_v1/evidence/combined_top5_backtest_curve_selection.csv,reviewable_source_snapshot,['reviewable_source_snapshot'],2e0323e399991de28640295a9ab5d23af65d271de881985493547de410ecdd59,2e0323e399991de28640295a9ab5d23af65d271de881985493547de410ecdd59,PASS
/Users/linmei/Documents/CY-worktrees/five-strategy-scaling-regime-v1/research/scaling_regime_v1/evidence/export_continuous_top5.py,reviewable_source_snapshot,['reviewable_source_snapshot'],8a727b5ee4923098b7257bf2d434890248b2baaa01504990ca106eec6b46c54a,8a727b5ee4923098b7257bf2d434890248b2baaa01504990ca106eec6b46c54a,PASS
/Users/linmei/Documents/CY-worktrees/five-strategy-scaling-regime-v1/research/scaling_regime_v1/evidence/final_manifest.json,reviewable_source_snapshot,['reviewable_source_snapshot'],dce3d5ed9443fba4e31ad836f21c4019b9dd036cd4f9952e5fc05a8b26c189a6,dce3d5ed9443fba4e31ad836f21c4019b9dd036cd4f9952e5fc05a8b26c189a6,PASS
/Users/linmei/Documents/CY-worktrees/five-strategy-scaling-regime-v1/research/scaling_regime_v1/evidence/run_continuous_combinations.py,reviewable_source_snapshot,['reviewable_source_snapshot'],88d3f780511919d29c50267cbf3d81e64b70b8789a0e22c23b4dfef1d3d1dc07,88d3f780511919d29c50267cbf3d81e64b70b8789a0e22c23b4dfef1d3d1dc07,PASS
/Users/linmei/Documents/CY-worktrees/five-strategy-scaling-regime-v1/research/scaling_regime_v1/evidence/研究报告.md,reviewable_source_snapshot,['reviewable_source_snapshot'],2c90abd41586f2e1a1a73b6724a6b51aaeda22b3027b4d0b7fb516a5096d3056,2c90abd41586f2e1a1a73b6724a6b51aaeda22b3027b4d0b7fb516a5096d3056,PASS
/Users/linmei/Documents/CY-worktrees/five-strategy-scaling-regime-v1/research/scaling_regime_v1/rebuild_inputs.py,continuous_identity_extension,['continuous_identity_extension'],506efb71e94fd36bbe9d1f54e0c6b0e33283634e85959105f232f8e571714059,506efb71e94fd36bbe9d1f54e0c6b0e33283634e85959105f232f8e571714059,PASS
/Users/linmei/Documents/CY-worktrees/five-strategy-scaling-regime-v1/research/scaling_regime_v1/scaling_observer.py,read_only_scaling_observation_extension,['read_only_scaling_observation_extension'],43719e14e2b4f3378301835563f4ebbc2572b97c4a2720d31f21af53dd1525b0,43719e14e2b4f3378301835563f4ebbc2572b97c4a2720d31f21af53dd1525b0,PASS
/Users/linmei/Documents/CY-worktrees/five-strategy-scaling-regime-v1/research/scaling_regime_v1/snapshot.py,continuous_identity_extension,['continuous_identity_extension'],c36640f61a13a84158edaec41de46d561b4850c10593e717dc9e43a14527ff83,c36640f61a13a84158edaec41de46d561b4850c10593e717dc9e43a14527ff83,PASS
/Users/linmei/Documents/CY-worktrees/five-strategy-scaling-regime-v1/research/shared_capital_v1/build_inputs.py,frozen_parent_engine,['frozen_parent_engine'],2f42ec2f691cd849c7afcd5ed6e50681fb4ff95bd52a6ba48f78bde017b0e61d,2f42ec2f691cd849c7afcd5ed6e50681fb4ff95bd52a6ba48f78bde017b0e61d,PASS
/Users/linmei/Documents/CY-worktrees/five-strategy-scaling-regime-v1/research/shared_capital_v1/ca_execution_audit.py,continuous_identity_extension,['continuous_identity_extension'],76b86843ada539f6bfbb4e6e35e0e71848587d778000d08d8ab8012678c28125,76b86843ada539f6bfbb4e6e35e0e71848587d778000d08d8ab8012678c28125,PASS
/Users/linmei/Documents/CY-worktrees/five-strategy-scaling-regime-v1/research/shared_capital_v1/ca_final_facts.py,continuous_identity_extension,['continuous_identity_extension'],f27d622889c718aa2d8085fdfbac560e49573a0d665121f7feb46a8f2f460b23,f27d622889c718aa2d8085fdfbac560e49573a0d665121f7feb46a8f2f460b23,PASS
/Users/linmei/Documents/CY-worktrees/five-strategy-scaling-regime-v1/research/shared_capital_v1/ca_forensic.py,continuous_identity_extension,['continuous_identity_extension'],5288083f4c91c8a753997616f45623a6f18082702ba65aabc36ae6c7d3ab27ff,5288083f4c91c8a753997616f45623a6f18082702ba65aabc36ae6c7d3ab27ff,PASS
/Users/linmei/Documents/CY-worktrees/five-strategy-scaling-regime-v1/research/shared_capital_v1/cache/ifcgr/2018_2021/signals.parquet,continuous_identity_extension,['continuous_identity_extension'],4a7e96004c4055c4b147e30da92bcd0164fcc01009be359520d4d5b6c0004614,4a7e96004c4055c4b147e30da92bcd0164fcc01009be359520d4d5b6c0004614,PASS
/Users/linmei/Documents/CY-worktrees/five-strategy-scaling-regime-v1/research/shared_capital_v1/cache/ifcgr/2022_2023/signals.parquet,continuous_identity_extension,['continuous_identity_extension'],c4d423c2edcf49a41da15783079d4d9ae2da8fa076475740233d4dbfd4ff5298,c4d423c2edcf49a41da15783079d4d9ae2da8fa076475740233d4dbfd4ff5298,PASS
/Users/linmei/Documents/CY-worktrees/five-strategy-scaling-regime-v1/research/shared_capital_v1/cache/ogr/entries.parquet,continuous_identity_extension,['continuous_identity_extension'],eca7864efae4b81d1eddd6455f8490d55e8d4aaa2590946aa5d0f67316def425,eca7864efae4b81d1eddd6455f8490d55e8d4aaa2590946aa5d0f67316def425,PASS
/Users/linmei/Documents/CY-worktrees/five-strategy-scaling-regime-v1/research/shared_capital_v1/cache/ogr/outcomes.parquet,continuous_identity_extension,['continuous_identity_extension'],24e04a90584612fd0b90d949a26e173e3de8ef8f0872b6ccee0458b23ba2ffb2,24e04a90584612fd0b90d949a26e173e3de8ef8f0872b6ccee0458b23ba2ffb2,PASS
/Users/linmei/Documents/CY-worktrees/five-strategy-scaling-regime-v1/research/shared_capital_v1/cache/ogr/select_v28.parquet,continuous_identity_extension,['continuous_identity_extension'],672615f722cb71b78656355e415bc3be76727a09a16ec0bf469caf78cf76fb05,672615f722cb71b78656355e415bc3be76727a09a16ec0bf469caf78cf76fb05,PASS
/Users/linmei/Documents/CY-worktrees/five-strategy-scaling-regime-v1/research/shared_capital_v1/cache/ogr/select_v28r1.parquet,continuous_identity_extension,['continuous_identity_extension'],4b7299bb8b156a459ed482422377c6dbc473d163c2014b1499ff9ecee4bce659,4b7299bb8b156a459ed482422377c6dbc473d163c2014b1499ff9ecee4bce659,PASS
/Users/linmei/Documents/CY-worktrees/five-strategy-scaling-regime-v1/research/shared_capital_v1/cache/ogr/select_v28r2.parquet,continuous_identity_extension,['continuous_identity_extension'],fd4748ab8512caddfcaa8305001ab40ffa4a5014afa92a934f521c23ed86f1e5,fd4748ab8512caddfcaa8305001ab40ffa4a5014afa92a934f521c23ed86f1e5,PASS
/Users/linmei/Documents/CY-worktrees/five-strategy-scaling-regime-v1/research/shared_capital_v1/cache/ogr/signals.parquet,continuous_identity_extension,['continuous_identity_extension'],fd4748ab8512caddfcaa8305001ab40ffa4a5014afa92a934f521c23ed86f1e5,fd4748ab8512caddfcaa8305001ab40ffa4a5014afa92a934f521c23ed86f1e5,PASS
/Users/linmei/Documents/CY-worktrees/five-strategy-scaling-regime-v1/research/shared_capital_v1/cache/ogr/v13_candidates.parquet,continuous_identity_extension,['continuous_identity_extension'],90cfd881f57ead4a4caa9c6fa4abfc25459e24786b47c7974611788cc650ac05,90cfd881f57ead4a4caa9c6fa4abfc25459e24786b47c7974611788cc650ac05,PASS
/Users/linmei/Documents/CY-worktrees/five-strategy-scaling-regime-v1/research/shared_capital_v1/cache/ogr/v13_pre_gap_days.parquet,continuous_identity_extension,['continuous_identity_extension'],376d384b10551c6905e8915c17c47492d5298827d1d7cad2556902b4a00d34bb,376d384b10551c6905e8915c17c47492d5298827d1d7cad2556902b4a00d34bb,PASS
/Users/linmei/Documents/CY-worktrees/five-strategy-scaling-regime-v1/research/shared_capital_v1/cache/ogr/v13_signals.parquet,continuous_identity_extension,['continuous_identity_extension'],33306deef8a01073d1be7ee305a976f4dd416ba10f1c6817f893c9cb24c75877,33306deef8a01073d1be7ee305a976f4dd416ba10f1c6817f893c9cb24c75877,PASS
/Users/linmei/Documents/CY-worktrees/five-strategy-scaling-regime-v1/research/shared_capital_v1/causal_adapters.py,frozen_parent_engine,['frozen_parent_engine'],f51ae721419e1ac25f0c4d3da7bb32648d800a25f4d3e814d8c097d4a31cc5b3,f51ae721419e1ac25f0c4d3da7bb32648d800a25f4d3e814d8c097d4a31cc5b3,PASS
/Users/linmei/Documents/CY-worktrees/five-strategy-scaling-regime-v1/research/shared_capital_v1/close_baseline_v05.py,continuous_identity_extension,['continuous_identity_extension'],3b520e8186345310c8c79ec93eb4e9211b2023724d405db0bb66ea8322bbc829,3b520e8186345310c8c79ec93eb4e9211b2023724d405db0bb66ea8322bbc829,PASS
/Users/linmei/Documents/CY-worktrees/five-strategy-scaling-regime-v1/research/shared_capital_v1/close_baseline_v06.py,continuous_identity_extension,['continuous_identity_extension'],e492b9dac8919e8b2660228cb5f1cbbadcbd4839202cfc52fce63fa3c209d711,e492b9dac8919e8b2660228cb5f1cbbadcbd4839202cfc52fce63fa3c209d711,PASS
/Users/linmei/Documents/CY-worktrees/five-strategy-scaling-regime-v1/research/shared_capital_v1/common_p0_v06.py,identity_evidence,['identity_evidence'],42f309bdc893849f828f276f68d9a7732531cce8eb6a1e0defd4232e19555456,42f309bdc893849f828f276f68d9a7732531cce8eb6a1e0defd4232e19555456,PASS
/Users/linmei/Documents/CY-worktrees/five-strategy-scaling-regime-v1/research/shared_capital_v1/continuous_replay.py,frozen_parent_engine,['frozen_parent_engine'],2f6dea5ff5342c136e60fc4d6450ad6cf3f91d3427eba5ac8419e022a9b9b85d,2f6dea5ff5342c136e60fc4d6450ad6cf3f91d3427eba5ac8419e022a9b9b85d,PASS
/Users/linmei/Documents/CY-worktrees/five-strategy-scaling-regime-v1/research/shared_capital_v1/final_analysis.py,continuous_identity_extension,['continuous_identity_extension'],20bf9173220453fa2679b305a10ef96e94cd64650661ddfca9382b5ff996295a,20bf9173220453fa2679b305a10ef96e94cd64650661ddfca9382b5ff996295a,PASS
/Users/linmei/Documents/CY-worktrees/five-strategy-scaling-regime-v1/research/shared_capital_v1/final_progress_v1.py,continuous_identity_extension,['continuous_identity_extension'],c98158d837e4e014255fe081548424a2399d2788543d585b08a7190c464d0573,c98158d837e4e014255fe081548424a2399d2788543d585b08a7190c464d0573,PASS
/Users/linmei/Documents/CY-worktrees/five-strategy-scaling-regime-v1/research/shared_capital_v1/finalize_v06.py,continuous_identity_extension,['continuous_identity_extension'],faaec334a71fc570fe69721fc8ebe2892f5499364a5b1e6ec4ee7a0ee647451b,faaec334a71fc570fe69721fc8ebe2892f5499364a5b1e6ec4ee7a0ee647451b,PASS
/Users/linmei/Documents/CY-worktrees/five-strategy-scaling-regime-v1/research/shared_capital_v1/finalize_v2.py,continuous_identity_extension,['continuous_identity_extension'],dfe6eec15734db6b23db38bbc8f97292b9fff4b5616dafafc581969687bf295a,dfe6eec15734db6b23db38bbc8f97292b9fff4b5616dafafc581969687bf295a,PASS
/Users/linmei/Documents/CY-worktrees/five-strategy-scaling-regime-v1/research/shared_capital_v1/gap_action_control_v06.py,continuous_identity_extension,['continuous_identity_extension'],2b9fee2e504d1c73bf7bce35d3907e83d3f78ab10895b623692119ac14f9b623,2b9fee2e504d1c73bf7bce35d3907e83d3f78ab10895b623692119ac14f9b623,PASS
/Users/linmei/Documents/CY-worktrees/five-strategy-scaling-regime-v1/research/shared_capital_v1/gap_p0.py,frozen_parent_engine,['frozen_parent_engine'],9bd2d9d3637800d52591f9391c69ec063f5259b80751995084b31d70e762f2c1,9bd2d9d3637800d52591f9391c69ec063f5259b80751995084b31d70e762f2c1,PASS
/Users/linmei/Documents/CY-worktrees/five-strategy-scaling-regime-v1/research/shared_capital_v1/gap_prefix_v06.py,continuous_identity_extension,['continuous_identity_extension'],a0456a94ac667b2876f81f9aec3b04119fde4b2c4813d456cde8f1e1f182131d,a0456a94ac667b2876f81f9aec3b04119fde4b2c4813d456cde8f1e1f182131d,PASS
/Users/linmei/Documents/CY-worktrees/five-strategy-scaling-regime-v1/research/shared_capital_v1/initial_state.py,continuous_identity_extension,['continuous_identity_extension'],0dd4e184a42ad3649b0d2cf3352f7c7d981c7d6a63a1f1c2346c42397d0ee9bd,0dd4e184a42ad3649b0d2cf3352f7c7d981c7d6a63a1f1c2346c42397d0ee9bd,PASS
/Users/linmei/Documents/CY-worktrees/five-strategy-scaling-regime-v1/research/shared_capital_v1/issuer_inputs.py,continuous_identity_extension,['continuous_identity_extension'],eb3f707cd85a8d22f5684c895725c03b0b6d599643fe0dd0c89125b6f94525b3,eb3f707cd85a8d22f5684c895725c03b0b6d599643fe0dd0c89125b6f94525b3,PASS
/Users/linmei/Documents/CY-worktrees/five-strategy-scaling-regime-v1/research/shared_capital_v1/native_states_v06.py,identity_evidence,['identity_evidence'],20fb4dbd988b05723e59196f4db8982d9fa97520c6b90f861b1d3c4e563439c0,20fb4dbd988b05723e59196f4db8982d9fa97520c6b90f861b1d3c4e563439c0,PASS
/Users/linmei/Documents/CY-worktrees/five-strategy-scaling-regime-v1/research/shared_capital_v1/official_backfill.py,continuous_identity_extension,['continuous_identity_extension'],6a72fbf74064ba27f522de9cd30d246640ca5290ceeb220c3fcad126ab0837fa,6a72fbf74064ba27f522de9cd30d246640ca5290ceeb220c3fcad126ab0837fa,PASS
/Users/linmei/Documents/CY-worktrees/five-strategy-scaling-regime-v1/research/shared_capital_v1/output/atrdr_initial_state_2018.json,continuous_identity_extension,['continuous_identity_extension'],b10dfc56dd1406b20b2d20c5dc7f0048f97ee424f625a462efa288efa1ea4dd8,b10dfc56dd1406b20b2d20c5dc7f0048f97ee424f625a462efa288efa1ea4dd8,PASS
/Users/linmei/Documents/CY-worktrees/five-strategy-scaling-regime-v1/research/shared_capital_v1/output/ifcgr_initial_state_2018.json,continuous_identity_extension,['continuous_identity_extension'],9082c5f989529de7bcac7ae98f5a38bba1a869860f5d89109bd985317bf7c748,9082c5f989529de7bcac7ae98f5a38bba1a869860f5d89109bd985317bf7c748,PASS
/Users/linmei/Documents/CY-worktrees/five-strategy-scaling-regime-v1/research/shared_capital_v1/output/mcb_initial_state_2018.json,continuous_identity_extension,['continuous_identity_extension'],1a7f3bc875732624bed940b754b6a7b15eade6d7f207f29039e666cf64d8c974,1a7f3bc875732624bed940b754b6a7b15eade6d7f207f29039e666cf64d8c974,PASS
/Users/linmei/Documents/CY-worktrees/five-strategy-scaling-regime-v1/research/shared_capital_v1/output/ogr_initial_state_2018.json,continuous_identity_extension,['continuous_identity_extension'],25903ba48fbf04caa9d7da56ed70b2952d7511c71daed632e575060c12275f63,25903ba48fbf04caa9d7da56ed70b2952d7511c71daed632e575060c12275f63,PASS
/Users/linmei/Documents/CY-worktrees/five-strategy-scaling-regime-v1/research/shared_capital_v1/output/smv6_initial_state_2018.json,continuous_identity_extension,['continuous_identity_extension'],ddd68e11f92cdfe0186eed18fd3707916561ff134a3a2e025ad20251bb4088d7,ddd68e11f92cdfe0186eed18fd3707916561ff134a3a2e025ad20251bb4088d7,PASS
/Users/linmei/Documents/CY-worktrees/five-strategy-scaling-regime-v1/research/shared_capital_v1/output/smv6_initial_state_2022.json,identity_evidence,['identity_evidence'],78bd702227ced53b55e5153cb5f227ef5b34a1bc4796f388b1e2dcf32a85f4f2,78bd702227ced53b55e5153cb5f227ef5b34a1bc4796f388b1e2dcf32a85f4f2,PASS
/Users/linmei/Documents/CY-worktrees/five-strategy-scaling-regime-v1/research/shared_capital_v1/prefix_probe.py,continuous_identity_extension,['continuous_identity_extension'],41c414cedbebcb92a5a89072a6e15adea07457714c795ebb1b7b6d7e8e3f1064,41c414cedbebcb92a5a89072a6e15adea07457714c795ebb1b7b6d7e8e3f1064,PASS
/Users/linmei/Documents/CY-worktrees/five-strategy-scaling-regime-v1/research/shared_capital_v1/reproduce_v2.py,continuous_identity_extension,['continuous_identity_extension'],b2751b31b787a281dad8e9e054fd15801b9d14c9cadd24caaceb2bb6287c0e71,b2751b31b787a281dad8e9e054fd15801b9d14c9cadd24caaceb2bb6287c0e71,PASS
/Users/linmei/Documents/CY-worktrees/five-strategy-scaling-regime-v1/research/shared_capital_v1/run_shared_capital_v1.py,continuous_identity_extension,['continuous_identity_extension'],6e7a5a5e995a7ac55e7a70e0b2e544a51646a3fa73d8384f45f35bf435bcf9c8,6e7a5a5e995a7ac55e7a70e0b2e544a51646a3fa73d8384f45f35bf435bcf9c8,PASS
/Users/linmei/Documents/CY-worktrees/five-strategy-scaling-regime-v1/research/shared_capital_v1/shared_account/allocator.py,frozen_parent_engine,['frozen_parent_engine'],10f48725684e39708beda57a141db00beb82a9a3f6c1d5735e042525db777ce2,10f48725684e39708beda57a141db00beb82a9a3f6c1d5735e042525db777ce2,PASS
/Users/linmei/Documents/CY-worktrees/five-strategy-scaling-regime-v1/research/shared_capital_v1/shared_account/corporate_actions.py,frozen_parent_engine,['frozen_parent_engine'],f204bc7ef431621eb254db04d167ca545c73e44d5022e2c3ed34adb15d53c864,f204bc7ef431621eb254db04d167ca545c73e44d5022e2c3ed34adb15d53c864,PASS
/Users/linmei/Documents/CY-worktrees/five-strategy-scaling-regime-v1/research/shared_capital_v1/shared_account/drawdown_gate.py,frozen_parent_engine,['frozen_parent_engine'],947bea51d0b43703d9432293e0ef6b678154a0b8cd6cf38e28704e3b1554ba95,947bea51d0b43703d9432293e0ef6b678154a0b8cd6cf38e28704e3b1554ba95,PASS
/Users/linmei/Documents/CY-worktrees/five-strategy-scaling-regime-v1/research/shared_capital_v1/shared_account/engine.py,frozen_parent_engine,['frozen_parent_engine'],bb2245bc0c2ef3138dc5353502fdacacd9f77910935e0586b8c7d284e9440473,bb2245bc0c2ef3138dc5353502fdacacd9f77910935e0586b8c7d284e9440473,PASS
/Users/linmei/Documents/CY-worktrees/five-strategy-scaling-regime-v1/research/shared_capital_v1/shared_account/held_actions.py,frozen_parent_engine,['frozen_parent_engine'],285392c1369a690b0346a32a352724dfa061c08135e079856083a9aeca522d3d,285392c1369a690b0346a32a352724dfa061c08135e079856083a9aeca522d3d,PASS
/Users/linmei/Documents/CY-worktrees/five-strategy-scaling-regime-v1/research/shared_capital_v1/shared_account/native_funding.py,frozen_parent_engine,['frozen_parent_engine'],2fa792e4f2ee50047ef55c5fec61f06c99122ae0d6463d4c44161e02e734396e,2fa792e4f2ee50047ef55c5fec61f06c99122ae0d6463d4c44161e02e734396e,PASS
/Users/linmei/Documents/CY-worktrees/five-strategy-scaling-regime-v1/research/shared_capital_v1/shared_account/p0.py,frozen_parent_engine,['frozen_parent_engine'],9777eedca3087f40a7361b33a0f1942092cc5208182a63b607eb2d24afe69003,9777eedca3087f40a7361b33a0f1942092cc5208182a63b607eb2d24afe69003,PASS
/Users/linmei/Documents/CY-worktrees/five-strategy-scaling-regime-v1/research/shared_capital_v1/shared_account/price_space.py,frozen_parent_engine,['frozen_parent_engine'],77f94bdfd41d80cbd823c08bc92ae06c915f833e9fb53f92fee2042023af7115,77f94bdfd41d80cbd823c08bc92ae06c915f833e9fb53f92fee2042023af7115,PASS
/Users/linmei/Documents/CY-worktrees/five-strategy-scaling-regime-v1/research/shared_capital_v1/shared_account/scheduler.py,frozen_parent_engine,['frozen_parent_engine'],5ddcf63a3969941da6be05d4265f5b3140860f162fc1876a30e20f06cc4ca3ba,5ddcf63a3969941da6be05d4265f5b3140860f162fc1876a30e20f06cc4ca3ba,PASS
/Users/linmei/Documents/CY-worktrees/five-strategy-scaling-regime-v1/research/shared_capital_v1/shared_study.py,continuous_identity_extension,['continuous_identity_extension'],60bf8cf94cb66181fe0a5b08d47fc8aebd2486bd3c1b65313f9dd862a9969848,60bf8cf94cb66181fe0a5b08d47fc8aebd2486bd3c1b65313f9dd862a9969848,PASS
/Users/linmei/Documents/CY-worktrees/five-strategy-scaling-regime-v1/research/shared_capital_v1/smv6_baseline.py,frozen_parent_engine,['frozen_parent_engine'],3919df4006180c35cfa80ca2efe6c16817b8fab1e9289f26d7f7c54514be23fd,3919df4006180c35cfa80ca2efe6c16817b8fab1e9289f26d7f7c54514be23fd,PASS
/Users/linmei/Documents/CY-worktrees/five-strategy-scaling-regime-v1/research/shared_capital_v1/smv6_physical.py,frozen_parent_engine,['frozen_parent_engine'],1865d86c9df02c6827c81764a63a2f1e548fcf035b1b802f094b4f1c6719f996,1865d86c9df02c6827c81764a63a2f1e548fcf035b1b802f094b4f1c6719f996,PASS
/Users/linmei/Documents/CY-worktrees/five-strategy-scaling-regime-v1/research/shared_capital_v1/stock_p0.py,frozen_parent_engine,['frozen_parent_engine'],2439763d3fcc7f1103dc2c7d8ba53c6e42e165d8cbd926541de383d0c8a1528c,2439763d3fcc7f1103dc2c7d8ba53c6e42e165d8cbd926541de383d0c8a1528c,PASS
/Users/linmei/Documents/CY-worktrees/five-strategy-scaling-regime-v1/research/shared_capital_v1/tests/test_account_guards.py,continuous_identity_extension,['continuous_identity_extension'],50c7af0bdf788314813e8408e66756103c875d51ec4885ab60348f78baca1032,50c7af0bdf788314813e8408e66756103c875d51ec4885ab60348f78baca1032,PASS
/Users/linmei/Documents/CY-worktrees/five-strategy-scaling-regime-v1/research/shared_capital_v1/tests/test_baseline_closure.py,continuous_identity_extension,['continuous_identity_extension'],d718a94206b537d3ecb0c0dac931828148cdc6ea1bda1dc54e36f4282e349fe1,d718a94206b537d3ecb0c0dac931828148cdc6ea1bda1dc54e36f4282e349fe1,PASS
/Users/linmei/Documents/CY-worktrees/five-strategy-scaling-regime-v1/research/shared_capital_v1/tests/test_execution_facts_v1.py,continuous_identity_extension,['continuous_identity_extension'],bc522aedf36715b86d6b16ddc9dfd7180b6935bea458e2d095bed3d740caaf9e,bc522aedf36715b86d6b16ddc9dfd7180b6935bea458e2d095bed3d740caaf9e,PASS
/Users/linmei/Documents/CY-worktrees/five-strategy-scaling-regime-v1/research/shared_capital_v1/tests/test_policy.py,continuous_identity_extension,['continuous_identity_extension'],7dcab21693ca0b8f60a7e4b9dfbf06129cdde2d409952a421ccd91490af6e6ae,7dcab21693ca0b8f60a7e4b9dfbf06129cdde2d409952a421ccd91490af6e6ae,PASS
/Users/linmei/Documents/CY-worktrees/five-strategy-scaling-regime-v1/research/shared_capital_v1/tests/test_raw_continuous_v2.py,continuous_identity_extension,['continuous_identity_extension'],ea28ca3cfbf45a0762b784c88f93ab26c3132d07605649491cd47d6a4c77c704,ea28ca3cfbf45a0762b784c88f93ab26c3132d07605649491cd47d6a4c77c704,PASS
/Users/linmei/Documents/CY-worktrees/five-strategy-scaling-regime-v1/research/shared_capital_v1/tests/test_universe_v1.py,continuous_identity_extension,['continuous_identity_extension'],89a757a0efc3b435cd23f3e5accc069c2bc16104b3d70f1dc37e0d102c1b4f81,89a757a0efc3b435cd23f3e5accc069c2bc16104b3d70f1dc37e0d102c1b4f81,PASS
/Users/linmei/Documents/CY-worktrees/five-strategy-scaling-regime-v1/research/shared_capital_v1/tests/test_v06.py,continuous_identity_extension,['continuous_identity_extension'],54a4898b5f3341db085e39f7b19a766502205516b178f2efcfdad97b025349e9,54a4898b5f3341db085e39f7b19a766502205516b178f2efcfdad97b025349e9,PASS
/Users/linmei/Documents/CY-worktrees/five-strategy-scaling-regime-v1/research/shared_capital_v1/universe.py,frozen_parent_engine,['frozen_parent_engine'],3f13e5bd8478effeeb39e3a9f5f8ab4482a64dd93fbbd78652ae3fef5cc0bd40,3f13e5bd8478effeeb39e3a9f5f8ab4482a64dd93fbbd78652ae3fef5cc0bd40,PASS
/Users/linmei/Documents/CY-worktrees/five-strategy-scaling-regime-v1/research/shared_capital_v1/validate_continuous.py,continuous_identity_extension,['continuous_identity_extension'],0a14cf5202f3b45c242a1e1ebc8311ee6e4e534202a3fefb5400cf8fe3427a7f,0a14cf5202f3b45c242a1e1ebc8311ee6e4e534202a3fefb5400cf8fe3427a7f,PASS
/Users/linmei/Documents/CY-worktrees/five-strategy-scaling-regime-v1/research/shared_capital_v1/validate_rerun_v2.py,continuous_identity_extension,['continuous_identity_extension'],91146f77765204c414595c41dff9279f78ff48277a29d89b22a275ff0e992944,91146f77765204c414595c41dff9279f78ff48277a29d89b22a275ff0e992944,PASS
/Users/linmei/Documents/CY-worktrees/five-strategy-scaling-regime-v1/research/shared_capital_v1/validation.py,continuous_identity_extension,['continuous_identity_extension'],7ef3e82ce698ddd58fa3711c4729de11de59339056c8e94f4beb6eb1a7f8f19c,7ef3e82ce698ddd58fa3711c4729de11de59339056c8e94f4beb6eb1a7f8f19c,PASS
/Users/linmei/Documents/CY-worktrees/five-strategy-scaling-regime-v1/src/five_strategy_bundle/__init__.py,frozen_parent_engine,['frozen_parent_engine'],c29c0e938ed8bd29018fa99b561bd71580b9638865cf53418d0639790a44306f,c29c0e938ed8bd29018fa99b561bd71580b9638865cf53418d0639790a44306f,PASS
/Users/linmei/Documents/CY-worktrees/five-strategy-scaling-regime-v1/src/five_strategy_bundle/compare.py,frozen_parent_engine,['frozen_parent_engine'],a6f24d32ff86f2705d9b05963c76629c3f3f763891243e62bedf0b3580a879fb,a6f24d32ff86f2705d9b05963c76629c3f3f763891243e62bedf0b3580a879fb,PASS
/Users/linmei/Documents/CY-worktrees/five-strategy-scaling-regime-v1/src/five_strategy_bundle/errors.py,frozen_parent_engine,['frozen_parent_engine'],45a29d8f808ae2e4b62174e8790d67f1695384821a49ee53c179f50a3c12f5dc,45a29d8f808ae2e4b62174e8790d67f1695384821a49ee53c179f50a3c12f5dc,PASS
/Users/linmei/Documents/CY-worktrees/five-strategy-scaling-regime-v1/src/five_strategy_bundle/execution/__init__.py,frozen_parent_engine,['frozen_parent_engine'],14e12333e8a9b0f8b3c67c6d92393dda199ba65d8b86bef0f41416a086a958cc,14e12333e8a9b0f8b3c67c6d92393dda199ba65d8b86bef0f41416a086a958cc,PASS
/Users/linmei/Documents/CY-worktrees/five-strategy-scaling-regime-v1/src/five_strategy_bundle/execution/daily.py,frozen_parent_engine,['frozen_parent_engine'],45648bba9b243e2686231cf3df0b6791cbd2010e4cff7aa9488f3bb26b40b1bc,45648bba9b243e2686231cf3df0b6791cbd2010e4cff7aa9488f3bb26b40b1bc,PASS
/Users/linmei/Documents/CY-worktrees/five-strategy-scaling-regime-v1/src/five_strategy_bundle/io.py,frozen_parent_engine,['frozen_parent_engine'],5a4c3d34163ff1c8383de89ad014444f34b24120075f6162c2823cd683c4ca86,5a4c3d34163ff1c8383de89ad014444f34b24120075f6162c2823cd683c4ca86,PASS
/Users/linmei/Documents/CY-worktrees/five-strategy-scaling-regime-v1/src/five_strategy_bundle/reproduce.py,frozen_parent_engine,['frozen_parent_engine'],8cb4e34778262369a2dfd06d070f196e089c129c77104474deb08ec72beb66d7,8cb4e34778262369a2dfd06d070f196e089c129c77104474deb08ec72beb66d7,PASS
/Users/linmei/Documents/CY-worktrees/five-strategy-scaling-regime-v1/src/five_strategy_bundle/strategies/__init__.py,frozen_parent_engine,"['frozen_parent_engine', 'frozen_strategy_identity']",cbd44169e2521426589d5f4848f361666b6dd9efafb3f638ce2583f1c7e726c9,cbd44169e2521426589d5f4848f361666b6dd9efafb3f638ce2583f1c7e726c9,PASS
/Users/linmei/Documents/CY-worktrees/five-strategy-scaling-regime-v1/src/five_strategy_bundle/strategies/atrdr.py,frozen_parent_engine,"['frozen_parent_engine', 'frozen_strategy_identity']",951d4aaafce634888e9f42b36fd1137917b5f730d86535adb97641398c9be107,951d4aaafce634888e9f42b36fd1137917b5f730d86535adb97641398c9be107,PASS
/Users/linmei/Documents/CY-worktrees/five-strategy-scaling-regime-v1/src/five_strategy_bundle/strategies/atrdr_post.py,frozen_parent_engine,"['frozen_parent_engine', 'frozen_strategy_identity']",7a8b7f1c1aa8ad729fad0fec4581127a1e0bf5a345c37f0ec6f441b0f7f2db54,7a8b7f1c1aa8ad729fad0fec4581127a1e0bf5a345c37f0ec6f441b0f7f2db54,PASS
/Users/linmei/Documents/CY-worktrees/five-strategy-scaling-regime-v1/src/five_strategy_bundle/strategies/ifcgr.py,frozen_parent_engine,"['frozen_parent_engine', 'frozen_strategy_identity']",7997a21aca7721a9563820b2d678e5b1fb0b87bf035c1003d8d59698ee9974b8,7997a21aca7721a9563820b2d678e5b1fb0b87bf035c1003d8d59698ee9974b8,PASS
/Users/linmei/Documents/CY-worktrees/five-strategy-scaling-regime-v1/src/five_strategy_bundle/strategies/issuer_classifier.py,frozen_parent_engine,"['frozen_parent_engine', 'frozen_strategy_identity']",5d863e6f3933ef0149edc67886ca011172d7dd7db7c1ae790dad590b0eec9db2,5d863e6f3933ef0149edc67886ca011172d7dd7db7c1ae790dad590b0eec9db2,PASS
/Users/linmei/Documents/CY-worktrees/five-strategy-scaling-regime-v1/src/five_strategy_bundle/strategies/mcb.py,frozen_parent_engine,"['frozen_parent_engine', 'frozen_strategy_identity']",2fad119333a09cd31494994d36374ceb423080149c3e5764559cd5003c0c9312,2fad119333a09cd31494994d36374ceb423080149c3e5764559cd5003c0c9312,PASS
/Users/linmei/Documents/CY-worktrees/five-strategy-scaling-regime-v1/src/five_strategy_bundle/strategies/ogr.py,frozen_parent_engine,"['frozen_parent_engine', 'frozen_strategy_identity']",41bd16909d136f60168909a4f33a0874ddcfcef5b07d070b01120b337507cc22,41bd16909d136f60168909a4f33a0874ddcfcef5b07d070b01120b337507cc22,PASS
/Users/linmei/Documents/CY-worktrees/five-strategy-scaling-regime-v1/src/five_strategy_bundle/strategies/smv6.py,frozen_parent_engine,"['frozen_parent_engine', 'frozen_strategy_identity']",6a1c06e03094ee237950f040d9172b2705f3cb78501bf8908a555cb2e97c0025,6a1c06e03094ee237950f040d9172b2705f3cb78501bf8908a555cb2e97c0025,PASS
/Users/linmei/Documents/CY-worktrees/five-strategy-scaling-regime-v1/src/five_strategy_bundle/strategies/smv6_frozen.py,frozen_parent_engine,"['frozen_parent_engine', 'frozen_strategy_identity']",7fa9d715bdf4c352526d556132f8ec8502e9f355876100f357c8bdc5fdc91f33,7fa9d715bdf4c352526d556132f8ec8502e9f355876100f357c8bdc5fdc91f33,PASS
/Users/linmei/Documents/CY-worktrees/five-strategy-scaling-regime-v1/src/five_strategy_bundle/validate.py,frozen_parent_engine,['frozen_parent_engine'],040d0a9d1655ea82ca49a9764924bb92e9cd26745ab69279a523c1d6a7b2027b,040d0a9d1655ea82ca49a9764924bb92e9cd26745ab69279a523c1d6a7b2027b,PASS
/Users/linmei/Documents/CY-worktrees/five-strategy-shared-capital-v1/research/shared_capital_v1/cache/atrdr/2018_2021/native_reference_nav.parquet,parent_cache,['parent_cache'],84a7389584b2b6cd38a7a6d1b8cca62c36b5be9109a598ccba38cfbc9316f172,84a7389584b2b6cd38a7a6d1b8cca62c36b5be9109a598ccba38cfbc9316f172,PASS
/Users/linmei/Documents/CY-worktrees/five-strategy-shared-capital-v1/research/shared_capital_v1/cache/atrdr/2018_2021/p0_checkpoints.parquet,parent_cache,['parent_cache'],804080b709e93d3045da844bdfc2a1d8cd90e89c70b7806e9f665518ef3834c5,804080b709e93d3045da844bdfc2a1d8cd90e89c70b7806e9f665518ef3834c5,PASS
/Users/linmei/Documents/CY-worktrees/five-strategy-shared-capital-v1/research/shared_capital_v1/cache/atrdr/2018_2021/p0_fills.parquet,parent_cache,['parent_cache'],1ec4f43562fa46b8158cbff20b6f4388e1e20efa530f01ad083824a18266d1b2,1ec4f43562fa46b8158cbff20b6f4388e1e20efa530f01ad083824a18266d1b2,PASS
/Users/linmei/Documents/CY-worktrees/five-strategy-shared-capital-v1/research/shared_capital_v1/cache/atrdr/2018_2021/p0_intents.parquet,parent_cache,['parent_cache'],69473d82cf1f797f2f203768961f2e2a558b47b97d9175f35ce7170a3c4f0e58,69473d82cf1f797f2f203768961f2e2a558b47b97d9175f35ce7170a3c4f0e58,PASS
/Users/linmei/Documents/CY-worktrees/five-strategy-shared-capital-v1/research/shared_capital_v1/cache/atrdr/2018_2021/p0_nav.parquet,parent_cache,['parent_cache'],1b961ebf1e3a75c0a27fc6bbd3f2321349ab4781c0582fc8e237f388844d7485,1b961ebf1e3a75c0a27fc6bbd3f2321349ab4781c0582fc8e237f388844d7485,PASS
/Users/linmei/Documents/CY-worktrees/five-strategy-shared-capital-v1/research/shared_capital_v1/cache/atrdr/2018_2021/p0_other_rejected.parquet,parent_cache,['parent_cache'],50b041d132558e91cc5e4ebbd714f93e95e6a334b9548df39245625ebea885b6,50b041d132558e91cc5e4ebbd714f93e95e6a334b9548df39245625ebea885b6,PASS
/Users/linmei/Documents/CY-worktrees/five-strategy-shared-capital-v1/research/shared_capital_v1/cache/atrdr/2022_2023/native_reference_nav.parquet,parent_cache,['parent_cache'],69c2be79d90bc84e1f558f1528aa3ffcaaefae0da5eb3b786a65dd90eb15c9b8,69c2be79d90bc84e1f558f1528aa3ffcaaefae0da5eb3b786a65dd90eb15c9b8,PASS
/Users/linmei/Documents/CY-worktrees/five-strategy-shared-capital-v1/research/shared_capital_v1/cache/atrdr/2022_2023/p0_checkpoints.parquet,parent_cache,['parent_cache'],e883a681d474d012af32d0357df15247baa08318191cb1f10fa3582edb5ebac8,e883a681d474d012af32d0357df15247baa08318191cb1f10fa3582edb5ebac8,PASS
/Users/linmei/Documents/CY-worktrees/five-strategy-shared-capital-v1/research/shared_capital_v1/cache/atrdr/2022_2023/p0_fills.parquet,parent_cache,['parent_cache'],ffa8e13342f675b959125d1dceb6a57063b6173386ec1e91eb11ad13e18a4f85,ffa8e13342f675b959125d1dceb6a57063b6173386ec1e91eb11ad13e18a4f85,PASS
/Users/linmei/Documents/CY-worktrees/five-strategy-shared-capital-v1/research/shared_capital_v1/cache/atrdr/2022_2023/p0_intents.parquet,parent_cache,['parent_cache'],b897198149d4de75dbec4d1be5ad808b37479b1292ee7aa31ca23028d2f5a549,b897198149d4de75dbec4d1be5ad808b37479b1292ee7aa31ca23028d2f5a549,PASS
/Users/linmei/Documents/CY-worktrees/five-strategy-shared-capital-v1/research/shared_capital_v1/cache/atrdr/2022_2023/p0_nav.parquet,parent_cache,['parent_cache'],e732b9433ad3d18144d77977c00e78af10034509cd88e320e27e15b429ed8ec9,e732b9433ad3d18144d77977c00e78af10034509cd88e320e27e15b429ed8ec9,PASS
/Users/linmei/Documents/CY-worktrees/five-strategy-shared-capital-v1/research/shared_capital_v1/cache/atrdr/2022_2023/p0_other_rejected.parquet,parent_cache,['parent_cache'],0fa39094916eeb859e104ee7722c823ba3d26370071f9f231853b08f7421263f,0fa39094916eeb859e104ee7722c823ba3d26370071f9f231853b08f7421263f,PASS
/Users/linmei/Documents/CY-worktrees/five-strategy-shared-capital-v1/research/shared_capital_v1/cache/atrdr/bear_routes.parquet,parent_cache,['parent_cache'],5158a83f19697644f1c2061ed7024e5885ec27cc56524057930b0ca5e22f376a,5158a83f19697644f1c2061ed7024e5885ec27cc56524057930b0ca5e22f376a,PASS
/Users/linmei/Documents/CY-worktrees/five-strategy-shared-capital-v1/research/shared_capital_v1/cache/atrdr/bull_outcomes.parquet,parent_cache,['parent_cache'],a30860aa57c94d1e2fe4aa9e69731a09d813b8f18de8c3f6cdcdb3a60a6cf070,a30860aa57c94d1e2fe4aa9e69731a09d813b8f18de8c3f6cdcdb3a60a6cf070,PASS
/Users/linmei/Documents/CY-worktrees/five-strategy-shared-capital-v1/research/shared_capital_v1/cache/atrdr/bull_signals.parquet,parent_cache,['parent_cache'],d040a2074aeecf06073a88da94a44d026e2bfb5f4d45b672802fc1edc01646ec,d040a2074aeecf06073a88da94a44d026e2bfb5f4d45b672802fc1edc01646ec,PASS
/Users/linmei/Documents/CY-worktrees/five-strategy-shared-capital-v1/research/shared_capital_v1/cache/atrdr/fast_capacity.parquet,parent_cache,['parent_cache'],1f1f4cb4e96b408efa7d1786493927f8bdc81062c47434b2a574dd7ac1b4efed,1f1f4cb4e96b408efa7d1786493927f8bdc81062c47434b2a574dd7ac1b4efed,PASS
/Users/linmei/Documents/CY-worktrees/five-strategy-shared-capital-v1/research/shared_capital_v1/cache/atrdr/fast_mother.parquet,parent_cache,['parent_cache'],660fd0c5091b97e1771162fb5f1a72e8f254d58a3a7893437c0dcbf2c8348a1f,660fd0c5091b97e1771162fb5f1a72e8f254d58a3a7893437c0dcbf2c8348a1f,PASS
/Users/linmei/Documents/CY-worktrees/five-strategy-shared-capital-v1/research/shared_capital_v1/cache/atrdr/fast_outcomes.parquet,parent_cache,['parent_cache'],1f61754930cf77d5e0b2dc78ff9a36cb3b38dd3305b6e2eb887be46e77bc9a2d,1f61754930cf77d5e0b2dc78ff9a36cb3b38dd3305b6e2eb887be46e77bc9a2d,PASS
/Users/linmei/Documents/CY-worktrees/five-strategy-shared-capital-v1/research/shared_capital_v1/cache/atrdr/fast_signals.parquet,parent_cache,['parent_cache'],ad6c7bf4e71e14c1b876c5b4654fadd1d86056cabc322199b415d501aa0688c6,ad6c7bf4e71e14c1b876c5b4654fadd1d86056cabc322199b415d501aa0688c6,PASS
/Users/linmei/Documents/CY-worktrees/five-strategy-shared-capital-v1/research/shared_capital_v1/cache/atrdr/market.parquet,parent_cache,['parent_cache'],9baf752e2657f3049b98044efce7ceaedb5f9d53edbe5876d4802b274b578627,9baf752e2657f3049b98044efce7ceaedb5f9d53edbe5876d4802b274b578627,PASS
/Users/linmei/Documents/CY-worktrees/five-strategy-shared-capital-v1/research/shared_capital_v1/cache/atrdr/native_continuous/boundary_snapshots.json,parent_cache,['parent_cache'],44136fa355b3678a1146ad16f7e8649e94fb4fc21fe77e8310c060f61caaff8a,44136fa355b3678a1146ad16f7e8649e94fb4fc21fe77e8310c060f61caaff8a,PASS
/Users/linmei/Documents/CY-worktrees/five-strategy-shared-capital-v1/research/shared_capital_v1/cache/atrdr/native_continuous/fills.parquet,parent_cache,"['parent_cache', 'parent_registered_input']",5bf84b527f2b3d532660bcfa40b847f6dd13efe0327c27b75b2f549b1b26cccc,5bf84b527f2b3d532660bcfa40b847f6dd13efe0327c27b75b2f549b1b26cccc,PASS
/Users/linmei/Documents/CY-worktrees/five-strategy-shared-capital-v1/research/shared_capital_v1/cache/atrdr/native_continuous/intents.parquet,parent_cache,['parent_cache'],3ecf474e558f15cfb7ccac6e5356f050f52f561b3937829a0721ea41e467696f,3ecf474e558f15cfb7ccac6e5356f050f52f561b3937829a0721ea41e467696f,PASS
/Users/linmei/Documents/CY-worktrees/five-strategy-shared-capital-v1/research/shared_capital_v1/cache/atrdr/native_continuous/last_known_lots.parquet,parent_cache,['parent_cache'],863223bb3889da4f444c0e309217a29b07897fd75830f22874c5c58ee19aa39e,863223bb3889da4f444c0e309217a29b07897fd75830f22874c5c58ee19aa39e,PASS
/Users/linmei/Documents/CY-worktrees/five-strategy-shared-capital-v1/research/shared_capital_v1/cache/atrdr/native_continuous/nav.parquet,parent_cache,"['parent_cache', 'parent_registered_input']",11e573997bc52846bf84473fbfca6bff81a5b1ffa39a84e9608b11db8a599197,11e573997bc52846bf84473fbfca6bff81a5b1ffa39a84e9608b11db8a599197,PASS
/Users/linmei/Documents/CY-worktrees/five-strategy-shared-capital-v1/research/shared_capital_v1/cache/atrdr/precapital_entry_population.parquet,parent_cache,"['parent_cache', 'parent_registered_input']",bdad1206a4d0dbff7f11cb1593f39ffc955d0c4d3d1081ba4fda3c044dac5eaa,bdad1206a4d0dbff7f11cb1593f39ffc955d0c4d3d1081ba4fda3c044dac5eaa,PASS
/Users/linmei/Documents/CY-worktrees/five-strategy-shared-capital-v1/research/shared_capital_v1/cache/atrdr/raw_continuous/action_timeline.csv,parent_cache,['parent_cache'],8249d7404159e0e77ccef2b952427be0f1a106f0413e10dcad2fd0962331bf84,8249d7404159e0e77ccef2b952427be0f1a106f0413e10dcad2fd0962331bf84,PASS
/Users/linmei/Documents/CY-worktrees/five-strategy-shared-capital-v1/research/shared_capital_v1/cache/atrdr/raw_continuous/boundary_snapshots.json,parent_cache,['parent_cache'],4195fbf23e894a3052e450c3816cb604540d1890a563a626e336760addecd77d,4195fbf23e894a3052e450c3816cb604540d1890a563a626e336760addecd77d,PASS
/Users/linmei/Documents/CY-worktrees/five-strategy-shared-capital-v1/research/shared_capital_v1/cache/atrdr/raw_continuous/checkpoints.parquet,parent_cache,['parent_cache'],453c9caf06c9eb75077d0b3b2b5c3568a9093e29ee4b769d07044c47ef34aa4b,453c9caf06c9eb75077d0b3b2b5c3568a9093e29ee4b769d07044c47ef34aa4b,PASS
/Users/linmei/Documents/CY-worktrees/five-strategy-shared-capital-v1/research/shared_capital_v1/cache/atrdr/raw_continuous/fills.parquet,parent_cache,['parent_cache'],5bf8322633d256a3f498059624794aa1b693fa2cd3ef8678ad56f7f10b1602ec,5bf8322633d256a3f498059624794aa1b693fa2cd3ef8678ad56f7f10b1602ec,PASS
/Users/linmei/Documents/CY-worktrees/five-strategy-shared-capital-v1/research/shared_capital_v1/cache/atrdr/raw_continuous/held_actions.csv,parent_cache,['parent_cache'],b6452100fd5d45cc413d0d47d526a110686bf9ccce37074d732f8c7d21e05b61,b6452100fd5d45cc413d0d47d526a110686bf9ccce37074d732f8c7d21e05b61,PASS
/Users/linmei/Documents/CY-worktrees/five-strategy-shared-capital-v1/research/shared_capital_v1/cache/atrdr/raw_continuous/intents.parquet,parent_cache,['parent_cache'],cf08df77e9b38480e9ddc75e34a3c8d597bbe8491321cf32d0fa1adab1b4272d,cf08df77e9b38480e9ddc75e34a3c8d597bbe8491321cf32d0fa1adab1b4272d,PASS
/Users/linmei/Documents/CY-worktrees/five-strategy-shared-capital-v1/research/shared_capital_v1/cache/atrdr/raw_continuous/nav.parquet,parent_cache,['parent_cache'],2f38b41bf8c503e5e44458b03caa576220ae5e860965cf979fa1beebbcdd0cd1,2f38b41bf8c503e5e44458b03caa576220ae5e860965cf979fa1beebbcdd0cd1,PASS
/Users/linmei/Documents/CY-worktrees/five-strategy-shared-capital-v1/research/shared_capital_v1/cache/atrdr/raw_continuous/other_rejected.parquet,parent_cache,['parent_cache'],361207a302c80aabbd30b9839320b570206fae100a0206b8ca9a0e04b32e4ca9,361207a302c80aabbd30b9839320b570206fae100a0206b8ca9a0e04b32e4ca9,PASS
/Users/linmei/Documents/CY-worktrees/five-strategy-shared-capital-v1/research/shared_capital_v1/cache/atrdr/raw_continuous/status.json,parent_cache,['parent_cache'],52e31ed253f2c2198c91c2148fa208fa48506c6513c9ef91cb927fd51837b015,52e31ed253f2c2198c91c2148fa208fa48506c6513c9ef91cb927fd51837b015,PASS
/Users/linmei/Documents/CY-worktrees/five-strategy-shared-capital-v1/research/shared_capital_v1/cache/atrdr/slow_outcomes.parquet,parent_cache,['parent_cache'],13fb7233c992e3cb50eb4cacf391715dadbf82a32aad62f2475eee7e19507862,13fb7233c992e3cb50eb4cacf391715dadbf82a32aad62f2475eee7e19507862,PASS
/Users/linmei/Documents/CY-worktrees/five-strategy-shared-capital-v1/research/shared_capital_v1/cache/atrdr/slow_signals.parquet,parent_cache,['parent_cache'],cbb22156fefda332ae1068c65b2fcc5d0ab5f1a9c6caf607137d9bf2f29cb53d,cbb22156fefda332ae1068c65b2fcc5d0ab5f1a9c6caf607137d9bf2f29cb53d,PASS
/Users/linmei/Documents/CY-worktrees/five-strategy-shared-capital-v1/research/shared_capital_v1/cache/common_p0/IFCGR/2022_2023/atrdr_intents.parquet,parent_2022_boundary_evidence,['parent_2022_boundary_evidence'],baa5d73a53a2e5d6b9eac7e79004c820cdd36d48737b754d64150b3e004d921c,baa5d73a53a2e5d6b9eac7e79004c820cdd36d48737b754d64150b3e004d921c,PASS
/Users/linmei/Documents/CY-worktrees/five-strategy-shared-capital-v1/research/shared_capital_v1/cache/common_p0/IFCGR/2022_2023/daily.parquet,parent_2022_boundary_evidence,['parent_2022_boundary_evidence'],811c32c72b345ada265b6f56e2a2a83b3d64d5b65d7b8cd8cae7e6ce9972dd9c,811c32c72b345ada265b6f56e2a2a83b3d64d5b65d7b8cd8cae7e6ce9972dd9c,PASS
/Users/linmei/Documents/CY-worktrees/five-strategy-shared-capital-v1/research/shared_capital_v1/cache/common_p0/IFCGR/2022_2023/ifcgr_intents.parquet,parent_2022_boundary_evidence,['parent_2022_boundary_evidence'],d947d809d4b2e7979dbcbc4ed4c309a41eedae26f55970837a497e9e3358af8b,d947d809d4b2e7979dbcbc4ed4c309a41eedae26f55970837a497e9e3358af8b,PASS
/Users/linmei/Documents/CY-worktrees/five-strategy-shared-capital-v1/research/shared_capital_v1/cache/common_p0/IFCGR/2022_2023/mcb_intents.parquet,parent_2022_boundary_evidence,['parent_2022_boundary_evidence'],5adcd9e0a8608c12b1775b9750a21835583cd541951c2b0cec02c2dc1e7e89b1,5adcd9e0a8608c12b1775b9750a21835583cd541951c2b0cec02c2dc1e7e89b1,PASS
/Users/linmei/Documents/CY-worktrees/five-strategy-shared-capital-v1/research/shared_capital_v1/cache/common_p0/OGR/2022_2023/atrdr_intents.parquet,parent_2022_boundary_evidence,['parent_2022_boundary_evidence'],ff1128102ca916b19e33cccc8db20c47da838625221414a3275fd422b1994338,ff1128102ca916b19e33cccc8db20c47da838625221414a3275fd422b1994338,PASS
/Users/linmei/Documents/CY-worktrees/five-strategy-shared-capital-v1/research/shared_capital_v1/cache/common_p0/OGR/2022_2023/daily.parquet,parent_2022_boundary_evidence,['parent_2022_boundary_evidence'],8352a6808b753dbb5da6d850a07f66758fd31193ff98b2e2fe527e6c670c5587,8352a6808b753dbb5da6d850a07f66758fd31193ff98b2e2fe527e6c670c5587,PASS
/Users/linmei/Documents/CY-worktrees/five-strategy-shared-capital-v1/research/shared_capital_v1/cache/common_p0/OGR/2022_2023/mcb_intents.parquet,parent_2022_boundary_evidence,['parent_2022_boundary_evidence'],5adcd9e0a8608c12b1775b9750a21835583cd541951c2b0cec02c2dc1e7e89b1,5adcd9e0a8608c12b1775b9750a21835583cd541951c2b0cec02c2dc1e7e89b1,PASS
/Users/linmei/Documents/CY-worktrees/five-strategy-shared-capital-v1/research/shared_capital_v1/cache/common_p0/OGR/2022_2023/ogr_intents.parquet,parent_2022_boundary_evidence,['parent_2022_boundary_evidence'],ce0a21466f394cd220ae0244944fddc4bdde69fa90aa7581c3020bf5cc58e3c6,ce0a21466f394cd220ae0244944fddc4bdde69fa90aa7581c3020bf5cc58e3c6,PASS
/Users/linmei/Documents/CY-worktrees/five-strategy-shared-capital-v1/research/shared_capital_v1/cache/ifcgr/2018_2021/facts.parquet,parent_cache,['parent_cache'],8ebe2a2b27bc51c5f688d98e43178fa962862135e56a60d994562ce503be1780,8ebe2a2b27bc51c5f688d98e43178fa962862135e56a60d994562ce503be1780,PASS
/Users/linmei/Documents/CY-worktrees/five-strategy-shared-capital-v1/research/shared_capital_v1/cache/ifcgr/2018_2021/p0_checkpoints.parquet,parent_cache,['parent_cache'],e3832ed20a0ca945c90873ba32267696ef203a5b3b6e0ae1c3edf258a86e7ef6,e3832ed20a0ca945c90873ba32267696ef203a5b3b6e0ae1c3edf258a86e7ef6,PASS
/Users/linmei/Documents/CY-worktrees/five-strategy-shared-capital-v1/research/shared_capital_v1/cache/ifcgr/2018_2021/p0_fills.parquet,parent_cache,"['parent_cache', 'parent_registered_input']",7a80b63e9b4502009e59ea0356da502a5970826ddd9abf86741fe2150911595a,7a80b63e9b4502009e59ea0356da502a5970826ddd9abf86741fe2150911595a,PASS
/Users/linmei/Documents/CY-worktrees/five-strategy-shared-capital-v1/research/shared_capital_v1/cache/ifcgr/2018_2021/p0_intents.parquet,parent_cache,['parent_cache'],887f9119f18b7df75a91a4fb6d613676be2b00bb4fa156dfb75f44827ef0b297,887f9119f18b7df75a91a4fb6d613676be2b00bb4fa156dfb75f44827ef0b297,PASS
/Users/linmei/Documents/CY-worktrees/five-strategy-shared-capital-v1/research/shared_capital_v1/cache/ifcgr/2018_2021/p0_native_nav.parquet,parent_cache,['parent_cache'],d3ea9b04ddbb961f86a1379c0ed6fe771e10ee8ff095be1c06555fca9df53ec2,d3ea9b04ddbb961f86a1379c0ed6fe771e10ee8ff095be1c06555fca9df53ec2,PASS
/Users/linmei/Documents/CY-worktrees/five-strategy-shared-capital-v1/research/shared_capital_v1/cache/ifcgr/2018_2021/p0_nav.parquet,parent_cache,['parent_cache'],c504b5a29333c84cad45a6200ab7eac7dc8b8c73fb6b6bbb70a1b436f4821e00,c504b5a29333c84cad45a6200ab7eac7dc8b8c73fb6b6bbb70a1b436f4821e00,PASS
/Users/linmei/Documents/CY-worktrees/five-strategy-shared-capital-v1/research/shared_capital_v1/cache/ifcgr/2018_2021/p0_other_rejected.parquet,parent_cache,['parent_cache'],5e2c52fb4d8d2e6412e8898f00ffd472ad897e9125c88a1fbbe4985267a7c8e0,5e2c52fb4d8d2e6412e8898f00ffd472ad897e9125c88a1fbbe4985267a7c8e0,PASS
/Users/linmei/Documents/CY-worktrees/five-strategy-shared-capital-v1/research/shared_capital_v1/cache/ifcgr/2018_2021/rejected.parquet,parent_cache,['parent_cache'],20af5daab40292f3b1e737bffaec0012f83d1824b078117d8ecfb5487c7d485e,20af5daab40292f3b1e737bffaec0012f83d1824b078117d8ecfb5487c7d485e,PASS
/Users/linmei/Documents/CY-worktrees/five-strategy-shared-capital-v1/research/shared_capital_v1/cache/ifcgr/2018_2021/signals.parquet,parent_cache,"['parent_cache', 'parent_registered_input']",4a7e96004c4055c4b147e30da92bcd0164fcc01009be359520d4d5b6c0004614,4a7e96004c4055c4b147e30da92bcd0164fcc01009be359520d4d5b6c0004614,PASS
/Users/linmei/Documents/CY-worktrees/five-strategy-shared-capital-v1/research/shared_capital_v1/cache/ifcgr/2022_2023/facts.parquet,parent_cache,['parent_cache'],17470317430f7441c833a269b1f4290bec3d802ca37a7d13247150c8e9d0d95d,17470317430f7441c833a269b1f4290bec3d802ca37a7d13247150c8e9d0d95d,PASS
/Users/linmei/Documents/CY-worktrees/five-strategy-shared-capital-v1/research/shared_capital_v1/cache/ifcgr/2022_2023/p0_checkpoints.parquet,parent_cache,['parent_cache'],e8e859d53f501335ba3c3fdad93593d85144defb3069a3a55b4552bed142e45b,e8e859d53f501335ba3c3fdad93593d85144defb3069a3a55b4552bed142e45b,PASS
/Users/linmei/Documents/CY-worktrees/five-strategy-shared-capital-v1/research/shared_capital_v1/cache/ifcgr/2022_2023/p0_fills.parquet,parent_cache,"['parent_cache', 'parent_registered_input']",a582f462042fc80c281b580bacb3e6917eebcc8842a1bfab362f8bdc7d140363,a582f462042fc80c281b580bacb3e6917eebcc8842a1bfab362f8bdc7d140363,PASS
/Users/linmei/Documents/CY-worktrees/five-strategy-shared-capital-v1/research/shared_capital_v1/cache/ifcgr/2022_2023/p0_intents.parquet,parent_cache,['parent_cache'],cbb2d660a7d68ee528baaa00bcedb011eb3a86ef0ae06fc48364a5ee3a45a0e1,cbb2d660a7d68ee528baaa00bcedb011eb3a86ef0ae06fc48364a5ee3a45a0e1,PASS
/Users/linmei/Documents/CY-worktrees/five-strategy-shared-capital-v1/research/shared_capital_v1/cache/ifcgr/2022_2023/p0_native_nav.parquet,parent_cache,['parent_cache'],3e2cf3bd4bef8f10fd9615f59cf8c910751aeca94d3ae452f4c432028bddea63,3e2cf3bd4bef8f10fd9615f59cf8c910751aeca94d3ae452f4c432028bddea63,PASS
/Users/linmei/Documents/CY-worktrees/five-strategy-shared-capital-v1/research/shared_capital_v1/cache/ifcgr/2022_2023/p0_nav.parquet,parent_cache,['parent_cache'],cc72f826346dfe0a2cdf7ad6793db8b7536c6f27716982042ba53717e0347b3f,cc72f826346dfe0a2cdf7ad6793db8b7536c6f27716982042ba53717e0347b3f,PASS
/Users/linmei/Documents/CY-worktrees/five-strategy-shared-capital-v1/research/shared_capital_v1/cache/ifcgr/2022_2023/p0_other_rejected.parquet,parent_cache,['parent_cache'],a833e96f01ea15c0cb26621027a7441026e077093fd7fb4364da8b330d71de18,a833e96f01ea15c0cb26621027a7441026e077093fd7fb4364da8b330d71de18,PASS
/Users/linmei/Documents/CY-worktrees/five-strategy-shared-capital-v1/research/shared_capital_v1/cache/ifcgr/2022_2023/rejected.parquet,parent_cache,['parent_cache'],fdfa2147820db0606d8890ef685ef0347cb767fefe53b8d2e60c6a2cb4612128,fdfa2147820db0606d8890ef685ef0347cb767fefe53b8d2e60c6a2cb4612128,PASS
/Users/linmei/Documents/CY-worktrees/five-strategy-shared-capital-v1/research/shared_capital_v1/cache/ifcgr/2022_2023/signals.parquet,parent_cache,"['parent_cache', 'parent_registered_input']",c4d423c2edcf49a41da15783079d4d9ae2da8fa076475740233d4dbfd4ff5298,c4d423c2edcf49a41da15783079d4d9ae2da8fa076475740233d4dbfd4ff5298,PASS
/Users/linmei/Documents/CY-worktrees/five-strategy-shared-capital-v1/research/shared_capital_v1/cache/ifcgr/action_control_v06/CAUSAL_CORRECTED_P0.parquet,parent_cache,['parent_cache'],cc72f826346dfe0a2cdf7ad6793db8b7536c6f27716982042ba53717e0347b3f,cc72f826346dfe0a2cdf7ad6793db8b7536c6f27716982042ba53717e0347b3f,PASS
/Users/linmei/Documents/CY-worktrees/five-strategy-shared-capital-v1/research/shared_capital_v1/cache/ifcgr/action_control_v06/LEGACY_REFERENCE.parquet,parent_cache,['parent_cache'],026b22b522718e86b62e45163a804d2d63ccfa877ce839b911374d7ca5eb5249,026b22b522718e86b62e45163a804d2d63ccfa877ce839b911374d7ca5eb5249,PASS
/Users/linmei/Documents/CY-worktrees/five-strategy-shared-capital-v1/research/shared_capital_v1/cache/ifcgr/native_continuous/checkpoints.parquet,parent_cache,['parent_cache'],637b33347a48a68565d2fe919b3bc8fbacf0a1ad5d79cb3b86e5f55ef2b16b3f,637b33347a48a68565d2fe919b3bc8fbacf0a1ad5d79cb3b86e5f55ef2b16b3f,PASS
/Users/linmei/Documents/CY-worktrees/five-strategy-shared-capital-v1/research/shared_capital_v1/cache/ifcgr/native_continuous/nav.parquet,parent_cache,['parent_cache'],ed932c120136e7926d0e058c63a567e99d0ea1a659380589c9bcf1fea3a3bcc5,ed932c120136e7926d0e058c63a567e99d0ea1a659380589c9bcf1fea3a3bcc5,PASS
/Users/linmei/Documents/CY-worktrees/five-strategy-shared-capital-v1/research/shared_capital_v1/cache/mcb/2018_2021/native_reference_nav.parquet,parent_cache,['parent_cache'],152fef95de20c8e9538d3e42705a7047acafafcc34480307104570d411759f9f,152fef95de20c8e9538d3e42705a7047acafafcc34480307104570d411759f9f,PASS
/Users/linmei/Documents/CY-worktrees/five-strategy-shared-capital-v1/research/shared_capital_v1/cache/mcb/2018_2021/p0_checkpoints.parquet,parent_cache,['parent_cache'],6d84d106254ebf76d5c0a6b95076e0800c0f05d65ff2395669be66ad4b0560e6,6d84d106254ebf76d5c0a6b95076e0800c0f05d65ff2395669be66ad4b0560e6,PASS
/Users/linmei/Documents/CY-worktrees/five-strategy-shared-capital-v1/research/shared_capital_v1/cache/mcb/2018_2021/p0_fills.parquet,parent_cache,['parent_cache'],bada741ea755369e2fd9a7344dbf619543e3b004a5b7e571f0acc40d48658bb7,bada741ea755369e2fd9a7344dbf619543e3b004a5b7e571f0acc40d48658bb7,PASS
/Users/linmei/Documents/CY-worktrees/five-strategy-shared-capital-v1/research/shared_capital_v1/cache/mcb/2018_2021/p0_intents.parquet,parent_cache,['parent_cache'],ba85687dfdb6fa9619ca6531c776c82cb73b0f595b1dc3b9c2402db85489e6f6,ba85687dfdb6fa9619ca6531c776c82cb73b0f595b1dc3b9c2402db85489e6f6,PASS
/Users/linmei/Documents/CY-worktrees/five-strategy-shared-capital-v1/research/shared_capital_v1/cache/mcb/2018_2021/p0_nav.parquet,parent_cache,['parent_cache'],4147443f3836828da14f876b7b735fa6837fb03e3a9e53f7f549bed35bc5ff24,4147443f3836828da14f876b7b735fa6837fb03e3a9e53f7f549bed35bc5ff24,PASS
/Users/linmei/Documents/CY-worktrees/five-strategy-shared-capital-v1/research/shared_capital_v1/cache/mcb/2018_2021/p0_other_rejected.parquet,parent_cache,['parent_cache'],818ea1226fb7fb7013d24cadb143f3e283a5781b910be5c58aa6e0c3247bfa08,818ea1226fb7fb7013d24cadb143f3e283a5781b910be5c58aa6e0c3247bfa08,PASS
/Users/linmei/Documents/CY-worktrees/five-strategy-shared-capital-v1/research/shared_capital_v1/cache/mcb/2022_2023/native_reference_nav.parquet,parent_cache,['parent_cache'],9e8484de4eda59b49415246fcce21b66e9569da749f15addf8d6d5cd1cd62ff4,9e8484de4eda59b49415246fcce21b66e9569da749f15addf8d6d5cd1cd62ff4,PASS
/Users/linmei/Documents/CY-worktrees/five-strategy-shared-capital-v1/research/shared_capital_v1/cache/mcb/2022_2023/p0_checkpoints.parquet,parent_cache,['parent_cache'],16a897aaebcad85c56b0e78a184bdbb9b798f41f3d2431b22d5e245a70a94628,16a897aaebcad85c56b0e78a184bdbb9b798f41f3d2431b22d5e245a70a94628,PASS
/Users/linmei/Documents/CY-worktrees/five-strategy-shared-capital-v1/research/shared_capital_v1/cache/mcb/2022_2023/p0_fills.parquet,parent_cache,['parent_cache'],4d552d60f47f69b54fcd67f5f23fad549385ebd3c07ed5e8265744355815b07d,4d552d60f47f69b54fcd67f5f23fad549385ebd3c07ed5e8265744355815b07d,PASS
/Users/linmei/Documents/CY-worktrees/five-strategy-shared-capital-v1/research/shared_capital_v1/cache/mcb/2022_2023/p0_intents.parquet,parent_cache,['parent_cache'],710ef643e8a015e720babae8698b88785f4b29aed0ebabb756a743915c4b6385,710ef643e8a015e720babae8698b88785f4b29aed0ebabb756a743915c4b6385,PASS
/Users/linmei/Documents/CY-worktrees/five-strategy-shared-capital-v1/research/shared_capital_v1/cache/mcb/2022_2023/p0_nav.parquet,parent_cache,['parent_cache'],622d50c758d2fbcf61dd04f60dd1fbfdfa2623fff25b0bfd1a303de46388f86f,622d50c758d2fbcf61dd04f60dd1fbfdfa2623fff25b0bfd1a303de46388f86f,PASS
/Users/linmei/Documents/CY-worktrees/five-strategy-shared-capital-v1/research/shared_capital_v1/cache/mcb/2022_2023/p0_other_rejected.parquet,parent_cache,['parent_cache'],b9a901585d5ef5f1a9630c31589e2906cfca73378061c90eb52911dc93df9fec,b9a901585d5ef5f1a9630c31589e2906cfca73378061c90eb52911dc93df9fec,PASS
/Users/linmei/Documents/CY-worktrees/five-strategy-shared-capital-v1/research/shared_capital_v1/cache/mcb/native_continuous/boundary_snapshots.json,parent_cache,['parent_cache'],20cb677625d9ea8f62c1300cf36561c3c347740766870d351f32d13cf12f2fe6,20cb677625d9ea8f62c1300cf36561c3c347740766870d351f32d13cf12f2fe6,PASS
/Users/linmei/Documents/CY-worktrees/five-strategy-shared-capital-v1/research/shared_capital_v1/cache/mcb/native_continuous/fills.parquet,parent_cache,"['parent_cache', 'parent_registered_input']",0b6e58a2e077b0b0d8010b3da0d9c5d737222b7ef49a901c48513f053d440def,0b6e58a2e077b0b0d8010b3da0d9c5d737222b7ef49a901c48513f053d440def,PASS
/Users/linmei/Documents/CY-worktrees/five-strategy-shared-capital-v1/research/shared_capital_v1/cache/mcb/native_continuous/intents.parquet,parent_cache,['parent_cache'],0e0a3c8b5ea7c6d1e52caf935218821b14ad5e8e994c99285f6d40f710773461,0e0a3c8b5ea7c6d1e52caf935218821b14ad5e8e994c99285f6d40f710773461,PASS
/Users/linmei/Documents/CY-worktrees/five-strategy-shared-capital-v1/research/shared_capital_v1/cache/mcb/native_continuous/last_known_lots.parquet,parent_cache,['parent_cache'],3655b6e219658478cf6a6cc1ee9e9509cb1cee083887c960aacf39e419ef3a23,3655b6e219658478cf6a6cc1ee9e9509cb1cee083887c960aacf39e419ef3a23,PASS
/Users/linmei/Documents/CY-worktrees/five-strategy-shared-capital-v1/research/shared_capital_v1/cache/mcb/native_continuous/nav.parquet,parent_cache,"['parent_cache', 'parent_registered_input']",14aaf95ca559380537ccc90e69979fff0acd39f76aa1745dd9e5233ff3ef91ae,14aaf95ca559380537ccc90e69979fff0acd39f76aa1745dd9e5233ff3ef91ae,PASS
/Users/linmei/Documents/CY-worktrees/five-strategy-shared-capital-v1/research/shared_capital_v1/cache/mcb/outcomes.parquet,parent_cache,['parent_cache'],05c305bdc2e6826b374f35226c9d400548231d3ac0db88241f2eb35c0c37868a,05c305bdc2e6826b374f35226c9d400548231d3ac0db88241f2eb35c0c37868a,PASS
/Users/linmei/Documents/CY-worktrees/five-strategy-shared-capital-v1/research/shared_capital_v1/cache/mcb/precapital_entry_population.parquet,parent_cache,"['parent_cache', 'parent_registered_input']",6289479b68ca06364ada3a4de94de068ea3bd3715c6f9f9d4b544942ece99ddb,6289479b68ca06364ada3a4de94de068ea3bd3715c6f9f9d4b544942ece99ddb,PASS
/Users/linmei/Documents/CY-worktrees/five-strategy-shared-capital-v1/research/shared_capital_v1/cache/mcb/raw_continuous/action_timeline.csv,parent_cache,['parent_cache'],18d20aa4fce45a1846f5395f23d3ccac37bb9d5642b4fa5c152b9bc979d0e871,18d20aa4fce45a1846f5395f23d3ccac37bb9d5642b4fa5c152b9bc979d0e871,PASS
/Users/linmei/Documents/CY-worktrees/five-strategy-shared-capital-v1/research/shared_capital_v1/cache/mcb/raw_continuous/boundary_snapshots.json,parent_cache,['parent_cache'],1392f62b15e556b1fe9fd5e0d93a018bebafccd5032b4c055924030ca6fdb021,1392f62b15e556b1fe9fd5e0d93a018bebafccd5032b4c055924030ca6fdb021,PASS
/Users/linmei/Documents/CY-worktrees/five-strategy-shared-capital-v1/research/shared_capital_v1/cache/mcb/raw_continuous/checkpoints.parquet,parent_cache,['parent_cache'],92224dff2ca927fddc0b974c73f0fd5ae8945238d95d65613016eaa65d39c64f,92224dff2ca927fddc0b974c73f0fd5ae8945238d95d65613016eaa65d39c64f,PASS
/Users/linmei/Documents/CY-worktrees/five-strategy-shared-capital-v1/research/shared_capital_v1/cache/mcb/raw_continuous/fills.parquet,parent_cache,['parent_cache'],3c84a05e25ef7b377e08d394ac9f3c9f04ad5e6db98f735e1d76ec8433159738,3c84a05e25ef7b377e08d394ac9f3c9f04ad5e6db98f735e1d76ec8433159738,PASS
/Users/linmei/Documents/CY-worktrees/five-strategy-shared-capital-v1/research/shared_capital_v1/cache/mcb/raw_continuous/held_actions.csv,parent_cache,['parent_cache'],7d78fa7d730cab5462ec57ab31499fe0b89c8495cba420622de03f2fd08f401b,7d78fa7d730cab5462ec57ab31499fe0b89c8495cba420622de03f2fd08f401b,PASS
/Users/linmei/Documents/CY-worktrees/five-strategy-shared-capital-v1/research/shared_capital_v1/cache/mcb/raw_continuous/intents.parquet,parent_cache,['parent_cache'],5cba9f7dc99ac6b4e3176ce3f60adf33ba8762fdc3e017eb8ed7edec4be91dd6,5cba9f7dc99ac6b4e3176ce3f60adf33ba8762fdc3e017eb8ed7edec4be91dd6,PASS
/Users/linmei/Documents/CY-worktrees/five-strategy-shared-capital-v1/research/shared_capital_v1/cache/mcb/raw_continuous/nav.parquet,parent_cache,['parent_cache'],4aa4976b5260fe15e489e3f829ea55d54e97b283cebcd9ce8443109bc408638f,4aa4976b5260fe15e489e3f829ea55d54e97b283cebcd9ce8443109bc408638f,PASS
/Users/linmei/Documents/CY-worktrees/five-strategy-shared-capital-v1/research/shared_capital_v1/cache/mcb/raw_continuous/other_rejected.parquet,parent_cache,['parent_cache'],abf55b4a345ca3dc4da1e8a1ac36d78fd649bcb6f007813b7822878d5c4e1e88,abf55b4a345ca3dc4da1e8a1ac36d78fd649bcb6f007813b7822878d5c4e1e88,PASS
/Users/linmei/Documents/CY-worktrees/five-strategy-shared-capital-v1/research/shared_capital_v1/cache/mcb/raw_continuous/status.json,parent_cache,['parent_cache'],1d315c68ab8b8c95371ba55c7ad793d588e5a24f1fe17229e76603530afb67ab,1d315c68ab8b8c95371ba55c7ad793d588e5a24f1fe17229e76603530afb67ab,PASS
/Users/linmei/Documents/CY-worktrees/five-strategy-shared-capital-v1/research/shared_capital_v1/cache/mcb/signals.parquet,parent_cache,['parent_cache'],73939a8bb19f24a41604f688cff420db3ed44261dd92d3986b79e0537ca81afa,73939a8bb19f24a41604f688cff420db3ed44261dd92d3986b79e0537ca81afa,PASS
/Users/linmei/Documents/CY-worktrees/five-strategy-shared-capital-v1/research/shared_capital_v1/cache/mcb/v53.parquet,parent_cache,['parent_cache'],4184ebbd2d00181e5c0d44db39b65e77b6f08790a4f3d4a5c61d3c30363b8f53,4184ebbd2d00181e5c0d44db39b65e77b6f08790a4f3d4a5c61d3c30363b8f53,PASS
/Users/linmei/Documents/CY-worktrees/five-strategy-shared-capital-v1/research/shared_capital_v1/cache/mcb/v64.parquet,parent_cache,['parent_cache'],5910a00814c9be3c3c8b34d537d050a61f03123096dcd0d5ef4bdc0f979334ac,5910a00814c9be3c3c8b34d537d050a61f03123096dcd0d5ef4bdc0f979334ac,PASS
/Users/linmei/Documents/CY-worktrees/five-strategy-shared-capital-v1/research/shared_capital_v1/cache/mcb/v65.parquet,parent_cache,['parent_cache'],e641623cec9233bf377e0739cae4b53b1813ec0095769991e0767d1471717a05,e641623cec9233bf377e0739cae4b53b1813ec0095769991e0767d1471717a05,PASS
/Users/linmei/Documents/CY-worktrees/five-strategy-shared-capital-v1/research/shared_capital_v1/cache/ogr/2018_2021/p0_checkpoints.parquet,parent_cache,['parent_cache'],ed302b6999cba76324a4daa9f157e7dd0103cbeab184b36bcce71f23e903da5f,ed302b6999cba76324a4daa9f157e7dd0103cbeab184b36bcce71f23e903da5f,PASS
/Users/linmei/Documents/CY-worktrees/five-strategy-shared-capital-v1/research/shared_capital_v1/cache/ogr/2018_2021/p0_fills.parquet,parent_cache,"['parent_cache', 'parent_registered_input']",09a968457a0a66a598ae2335d47bcfddabd88daa9d55a3320b8715dd3b7a311c,09a968457a0a66a598ae2335d47bcfddabd88daa9d55a3320b8715dd3b7a311c,PASS
/Users/linmei/Documents/CY-worktrees/five-strategy-shared-capital-v1/research/shared_capital_v1/cache/ogr/2018_2021/p0_intents.parquet,parent_cache,['parent_cache'],7a3ce1412adff3f7e655f16ebfc92dd5bbb8309da5114e5093c428650e220156,7a3ce1412adff3f7e655f16ebfc92dd5bbb8309da5114e5093c428650e220156,PASS
/Users/linmei/Documents/CY-worktrees/five-strategy-shared-capital-v1/research/shared_capital_v1/cache/ogr/2018_2021/p0_native_nav.parquet,parent_cache,['parent_cache'],61022183d077a6f9cb97f0e131a547e0df3214800aa21226a77e2a507c625df0,61022183d077a6f9cb97f0e131a547e0df3214800aa21226a77e2a507c625df0,PASS
/Users/linmei/Documents/CY-worktrees/five-strategy-shared-capital-v1/research/shared_capital_v1/cache/ogr/2018_2021/p0_nav.parquet,parent_cache,['parent_cache'],9c4a9c4b353a01b52364118c5ab656e16b03d11e32a726f6efc92a627fa78c5c,9c4a9c4b353a01b52364118c5ab656e16b03d11e32a726f6efc92a627fa78c5c,PASS
/Users/linmei/Documents/CY-worktrees/five-strategy-shared-capital-v1/research/shared_capital_v1/cache/ogr/2018_2021/p0_other_rejected.parquet,parent_cache,['parent_cache'],509d7369d7a956979325e20b7b81dab4981357434749618fbc1e62785903f7df,509d7369d7a956979325e20b7b81dab4981357434749618fbc1e62785903f7df,PASS
/Users/linmei/Documents/CY-worktrees/five-strategy-shared-capital-v1/research/shared_capital_v1/cache/ogr/2022_2023/p0_checkpoints.parquet,parent_cache,['parent_cache'],e8e859d53f501335ba3c3fdad93593d85144defb3069a3a55b4552bed142e45b,e8e859d53f501335ba3c3fdad93593d85144defb3069a3a55b4552bed142e45b,PASS
/Users/linmei/Documents/CY-worktrees/five-strategy-shared-capital-v1/research/shared_capital_v1/cache/ogr/2022_2023/p0_fills.parquet,parent_cache,"['parent_cache', 'parent_registered_input']",40010957bfb5443bf8642f3e7761bbe90c9c40bdb3cc3a4f52dc9a983f1a1ef5,40010957bfb5443bf8642f3e7761bbe90c9c40bdb3cc3a4f52dc9a983f1a1ef5,PASS
/Users/linmei/Documents/CY-worktrees/five-strategy-shared-capital-v1/research/shared_capital_v1/cache/ogr/2022_2023/p0_intents.parquet,parent_cache,['parent_cache'],f2ab95748a225a41a8bb8a39eb3dfcd71bb3bb8500b0f0e9abb36ca5153d22d7,f2ab95748a225a41a8bb8a39eb3dfcd71bb3bb8500b0f0e9abb36ca5153d22d7,PASS
/Users/linmei/Documents/CY-worktrees/five-strategy-shared-capital-v1/research/shared_capital_v1/cache/ogr/2022_2023/p0_native_nav.parquet,parent_cache,['parent_cache'],3e2cf3bd4bef8f10fd9615f59cf8c910751aeca94d3ae452f4c432028bddea63,3e2cf3bd4bef8f10fd9615f59cf8c910751aeca94d3ae452f4c432028bddea63,PASS
/Users/linmei/Documents/CY-worktrees/five-strategy-shared-capital-v1/research/shared_capital_v1/cache/ogr/2022_2023/p0_nav.parquet,parent_cache,['parent_cache'],cc72f826346dfe0a2cdf7ad6793db8b7536c6f27716982042ba53717e0347b3f,cc72f826346dfe0a2cdf7ad6793db8b7536c6f27716982042ba53717e0347b3f,PASS
/Users/linmei/Documents/CY-worktrees/five-strategy-shared-capital-v1/research/shared_capital_v1/cache/ogr/2022_2023/p0_other_rejected.parquet,parent_cache,['parent_cache'],a833e96f01ea15c0cb26621027a7441026e077093fd7fb4364da8b330d71de18,a833e96f01ea15c0cb26621027a7441026e077093fd7fb4364da8b330d71de18,PASS
/Users/linmei/Documents/CY-worktrees/five-strategy-shared-capital-v1/research/shared_capital_v1/cache/ogr/action_control_v06/CAUSAL_CORRECTED_P0.parquet,parent_cache,['parent_cache'],cc72f826346dfe0a2cdf7ad6793db8b7536c6f27716982042ba53717e0347b3f,cc72f826346dfe0a2cdf7ad6793db8b7536c6f27716982042ba53717e0347b3f,PASS
/Users/linmei/Documents/CY-worktrees/five-strategy-shared-capital-v1/research/shared_capital_v1/cache/ogr/action_control_v06/LEGACY_REFERENCE.parquet,parent_cache,['parent_cache'],026b22b522718e86b62e45163a804d2d63ccfa877ce839b911374d7ca5eb5249,026b22b522718e86b62e45163a804d2d63ccfa877ce839b911374d7ca5eb5249,PASS
/Users/linmei/Documents/CY-worktrees/five-strategy-shared-capital-v1/research/shared_capital_v1/cache/ogr/entries.parquet,parent_cache,['parent_cache'],eca7864efae4b81d1eddd6455f8490d55e8d4aaa2590946aa5d0f67316def425,eca7864efae4b81d1eddd6455f8490d55e8d4aaa2590946aa5d0f67316def425,PASS
/Users/linmei/Documents/CY-worktrees/five-strategy-shared-capital-v1/research/shared_capital_v1/cache/ogr/native_continuous/checkpoints.parquet,parent_cache,['parent_cache'],29da52afbc6665d2444897f3253c6f048bf568bb7bc9a1f25cd499c622e82efb,29da52afbc6665d2444897f3253c6f048bf568bb7bc9a1f25cd499c622e82efb,PASS
/Users/linmei/Documents/CY-worktrees/five-strategy-shared-capital-v1/research/shared_capital_v1/cache/ogr/native_continuous/nav.parquet,parent_cache,['parent_cache'],df5a66684e4702fcb9592c519ddc664f6d801b26ff1e28ef8a09c70f0298f90a,df5a66684e4702fcb9592c519ddc664f6d801b26ff1e28ef8a09c70f0298f90a,PASS
/Users/linmei/Documents/CY-worktrees/five-strategy-shared-capital-v1/research/shared_capital_v1/cache/ogr/outcomes.parquet,parent_cache,['parent_cache'],24e04a90584612fd0b90d949a26e173e3de8ef8f0872b6ccee0458b23ba2ffb2,24e04a90584612fd0b90d949a26e173e3de8ef8f0872b6ccee0458b23ba2ffb2,PASS
/Users/linmei/Documents/CY-worktrees/five-strategy-shared-capital-v1/research/shared_capital_v1/cache/ogr/select_v28.parquet,parent_cache,['parent_cache'],672615f722cb71b78656355e415bc3be76727a09a16ec0bf469caf78cf76fb05,672615f722cb71b78656355e415bc3be76727a09a16ec0bf469caf78cf76fb05,PASS
/Users/linmei/Documents/CY-worktrees/five-strategy-shared-capital-v1/research/shared_capital_v1/cache/ogr/select_v28r1.parquet,parent_cache,['parent_cache'],4b7299bb8b156a459ed482422377c6dbc473d163c2014b1499ff9ecee4bce659,4b7299bb8b156a459ed482422377c6dbc473d163c2014b1499ff9ecee4bce659,PASS
/Users/linmei/Documents/CY-worktrees/five-strategy-shared-capital-v1/research/shared_capital_v1/cache/ogr/select_v28r2.parquet,parent_cache,['parent_cache'],fd4748ab8512caddfcaa8305001ab40ffa4a5014afa92a934f521c23ed86f1e5,fd4748ab8512caddfcaa8305001ab40ffa4a5014afa92a934f521c23ed86f1e5,PASS
/Users/linmei/Documents/CY-worktrees/five-strategy-shared-capital-v1/research/shared_capital_v1/cache/ogr/signals.parquet,parent_cache,"['parent_cache', 'parent_registered_input']",fd4748ab8512caddfcaa8305001ab40ffa4a5014afa92a934f521c23ed86f1e5,fd4748ab8512caddfcaa8305001ab40ffa4a5014afa92a934f521c23ed86f1e5,PASS
/Users/linmei/Documents/CY-worktrees/five-strategy-shared-capital-v1/research/shared_capital_v1/cache/ogr/v13_candidates.parquet,parent_cache,['parent_cache'],90cfd881f57ead4a4caa9c6fa4abfc25459e24786b47c7974611788cc650ac05,90cfd881f57ead4a4caa9c6fa4abfc25459e24786b47c7974611788cc650ac05,PASS
/Users/linmei/Documents/CY-worktrees/five-strategy-shared-capital-v1/research/shared_capital_v1/cache/ogr/v13_pre_gap_days.parquet,parent_cache,['parent_cache'],376d384b10551c6905e8915c17c47492d5298827d1d7cad2556902b4a00d34bb,376d384b10551c6905e8915c17c47492d5298827d1d7cad2556902b4a00d34bb,PASS
/Users/linmei/Documents/CY-worktrees/five-strategy-shared-capital-v1/research/shared_capital_v1/cache/ogr/v13_signals.parquet,parent_cache,['parent_cache'],33306deef8a01073d1be7ee305a976f4dd416ba10f1c6817f893c9cb24c75877,33306deef8a01073d1be7ee305a976f4dd416ba10f1c6817f893c9cb24c75877,PASS
/Users/linmei/Documents/CY-worktrees/five-strategy-shared-capital-v1/research/shared_capital_v1/cache/smv6/2018_2021/CAUSAL_CORRECTED_BASELINE_events.parquet,parent_cache,['parent_cache'],f5efc93ecb52a92cf0852675ad501fff4d50e5bb74f20bbb8e73b1faa2a2fdbf,f5efc93ecb52a92cf0852675ad501fff4d50e5bb74f20bbb8e73b1faa2a2fdbf,PASS
/Users/linmei/Documents/CY-worktrees/five-strategy-shared-capital-v1/research/shared_capital_v1/cache/smv6/2018_2021/CAUSAL_CORRECTED_BASELINE_nav.parquet,parent_cache,['parent_cache'],e58f0d72ab8614b2fc2b4f4318f79cbeb279b6f266f3d33904cfd3f52946cfee,e58f0d72ab8614b2fc2b4f4318f79cbeb279b6f266f3d33904cfd3f52946cfee,PASS
/Users/linmei/Documents/CY-worktrees/five-strategy-shared-capital-v1/research/shared_capital_v1/cache/smv6/2018_2021/LEGACY_EXECUTION_RESET_CONTROL_events.parquet,parent_cache,['parent_cache'],fdf9130ce3b7687264caa1774f3df82852e3c115e8f38451aed8de3d2299fba1,fdf9130ce3b7687264caa1774f3df82852e3c115e8f38451aed8de3d2299fba1,PASS
/Users/linmei/Documents/CY-worktrees/five-strategy-shared-capital-v1/research/shared_capital_v1/cache/smv6/2018_2021/LEGACY_EXECUTION_RESET_CONTROL_nav.parquet,parent_cache,['parent_cache'],eb99a09945acc83d4a1d5157a8758715657daac50e49624689a7eaaf2eb25088,eb99a09945acc83d4a1d5157a8758715657daac50e49624689a7eaaf2eb25088,PASS
/Users/linmei/Documents/CY-worktrees/five-strategy-shared-capital-v1/research/shared_capital_v1/cache/smv6/2018_2021/physical_p0_checkpoints.parquet,parent_cache,['parent_cache'],6bc60f759a71e7351bc0d0f68699ef74343c072e43215843e42ae3b5d90402a1,6bc60f759a71e7351bc0d0f68699ef74343c072e43215843e42ae3b5d90402a1,PASS
/Users/linmei/Documents/CY-worktrees/five-strategy-shared-capital-v1/research/shared_capital_v1/cache/smv6/2018_2021/physical_p0_events.parquet,parent_cache,['parent_cache'],b0ccd371f2c27a3103444131afaf58da1c0fb460e3fc8412e0410c2420f26949,b0ccd371f2c27a3103444131afaf58da1c0fb460e3fc8412e0410c2420f26949,PASS
/Users/linmei/Documents/CY-worktrees/five-strategy-shared-capital-v1/research/shared_capital_v1/cache/smv6/2018_2021/physical_p0_fills.parquet,parent_cache,['parent_cache'],38b05ade9a4097e7b422b65952b3bb1aaa1c535ca43dc129e25c287531497da5,38b05ade9a4097e7b422b65952b3bb1aaa1c535ca43dc129e25c287531497da5,PASS
/Users/linmei/Documents/CY-worktrees/five-strategy-shared-capital-v1/research/shared_capital_v1/cache/smv6/2018_2021/physical_p0_intents.parquet,parent_cache,['parent_cache'],9e573b793cd897b0b5bf8779a3d965587d50a080ea21385d6b9c5b3505e13485,9e573b793cd897b0b5bf8779a3d965587d50a080ea21385d6b9c5b3505e13485,PASS
/Users/linmei/Documents/CY-worktrees/five-strategy-shared-capital-v1/research/shared_capital_v1/cache/smv6/2018_2021/physical_p0_nav.parquet,parent_cache,['parent_cache'],af8233721d2d057829503e009f7712fcfa124754babefe244824c64d32633d02,af8233721d2d057829503e009f7712fcfa124754babefe244824c64d32633d02,PASS
/Users/linmei/Documents/CY-worktrees/five-strategy-shared-capital-v1/research/shared_capital_v1/cache/smv6/2018_2021/precapital_intents.parquet,parent_cache,['parent_cache'],19e2ff78340510d87270f3c0a2ab29d2d3ba06c222915e687e21380e0633d266,19e2ff78340510d87270f3c0a2ab29d2d3ba06c222915e687e21380e0633d266,PASS
/Users/linmei/Documents/CY-worktrees/five-strategy-shared-capital-v1/research/shared_capital_v1/cache/smv6/2022_2023/CAUSAL_CORRECTED_BASELINE_events.parquet,parent_cache,['parent_cache'],91c719704d1ffe919db0c52499bf04fd4bec3e2053ed661c32cff5781966b55e,91c719704d1ffe919db0c52499bf04fd4bec3e2053ed661c32cff5781966b55e,PASS
/Users/linmei/Documents/CY-worktrees/five-strategy-shared-capital-v1/research/shared_capital_v1/cache/smv6/2022_2023/CAUSAL_CORRECTED_BASELINE_nav.parquet,parent_cache,['parent_cache'],2e59fac2642437592d06421f0dab86e8b64e792f5156c03a477da4d6580aa88a,2e59fac2642437592d06421f0dab86e8b64e792f5156c03a477da4d6580aa88a,PASS
/Users/linmei/Documents/CY-worktrees/five-strategy-shared-capital-v1/research/shared_capital_v1/cache/smv6/2022_2023/LEGACY_EXECUTION_RESET_CONTROL_events.parquet,parent_cache,['parent_cache'],cada7548813f0aaa4946f289cca9e7554e2d12531bf699caf898c21468fa4194,cada7548813f0aaa4946f289cca9e7554e2d12531bf699caf898c21468fa4194,PASS
/Users/linmei/Documents/CY-worktrees/five-strategy-shared-capital-v1/research/shared_capital_v1/cache/smv6/2022_2023/LEGACY_EXECUTION_RESET_CONTROL_nav.parquet,parent_cache,['parent_cache'],4557b9e47d2e099d69d644d218b079b57fa3f878f4771406e5bf6a5a31860e15,4557b9e47d2e099d69d644d218b079b57fa3f878f4771406e5bf6a5a31860e15,PASS
/Users/linmei/Documents/CY-worktrees/five-strategy-shared-capital-v1/research/shared_capital_v1/cache/smv6/2022_2023/physical_p0_checkpoints.parquet,parent_cache,['parent_cache'],44314938dada9fe0d85bc03193eb5954f8ed9aeb6bd732b2f46b267577450f78,44314938dada9fe0d85bc03193eb5954f8ed9aeb6bd732b2f46b267577450f78,PASS
/Users/linmei/Documents/CY-worktrees/five-strategy-shared-capital-v1/research/shared_capital_v1/cache/smv6/2022_2023/physical_p0_events.parquet,parent_cache,['parent_cache'],ac9895ce5066fb1104c462a6dabe15b80faf0d4f8b425a64fe9b42b14e9715fb,ac9895ce5066fb1104c462a6dabe15b80faf0d4f8b425a64fe9b42b14e9715fb,PASS
/Users/linmei/Documents/CY-worktrees/five-strategy-shared-capital-v1/research/shared_capital_v1/cache/smv6/2022_2023/physical_p0_fills.parquet,parent_cache,['parent_cache'],242b0213479ffeaa55530ce358d42af2e43d69f7b959f7984c896270a9e1f487,242b0213479ffeaa55530ce358d42af2e43d69f7b959f7984c896270a9e1f487,PASS
/Users/linmei/Documents/CY-worktrees/five-strategy-shared-capital-v1/research/shared_capital_v1/cache/smv6/2022_2023/physical_p0_intents.parquet,parent_cache,['parent_cache'],a8b8c8e2e9d2ce5b7e7364bb4c51fbe4a9dc58c7bc184711dff962752a3d412e,a8b8c8e2e9d2ce5b7e7364bb4c51fbe4a9dc58c7bc184711dff962752a3d412e,PASS
/Users/linmei/Documents/CY-worktrees/five-strategy-shared-capital-v1/research/shared_capital_v1/cache/smv6/2022_2023/physical_p0_nav.parquet,parent_cache,['parent_cache'],aeeae96001df05c3a23abeb84cbfebf4903ad69a0b5d760b9fc64e1ad3d8e5ac,aeeae96001df05c3a23abeb84cbfebf4903ad69a0b5d760b9fc64e1ad3d8e5ac,PASS
/Users/linmei/Documents/CY-worktrees/five-strategy-shared-capital-v1/research/shared_capital_v1/cache/smv6/2022_2023/precapital_intents.parquet,parent_cache,['parent_cache'],993304bfa5b8715b3b5f2c1c89b55edb3d6c682deee17afc0170f4d854a44493,993304bfa5b8715b3b5f2c1c89b55edb3d6c682deee17afc0170f4d854a44493,PASS
/Users/linmei/Documents/CY-worktrees/five-strategy-shared-capital-v1/research/shared_capital_v1/contracts/initial_state_v05.json,parent_registered_input,['parent_registered_input'],70f2ed3e447b01c91f18f42e8b758ef4d2e5dd7e9bb524f4de9cf9671ec85450,70f2ed3e447b01c91f18f42e8b758ef4d2e5dd7e9bb524f4de9cf9671ec85450,PASS
/Users/linmei/Documents/CY/data/input_inventories/QD-008-eastmoney-pit-20260820.json,original_industry_snapshot_source,['original_industry_snapshot_source'],b9246df9746f8b97484032dce69dc51bcf3937ece8c93b13a5c3ce2330b2038b,b9246df9746f8b97484032dce69dc51bcf3937ece8c93b13a5c3ce2330b2038b,PASS
/Users/linmei/Documents/CY/data/input_snapshots/CYQ-PREP-2018-2026-20260820.json,original_industry_snapshot_source,['original_industry_snapshot_source'],f6406061552a15c97662d457c3e5ec8e316b25743999f729e10116a210f72d53,f6406061552a15c97662d457c3e5ec8e316b25743999f729e10116a210f72d53,PASS
/Users/linmei/Documents/CY/data/registered_inputs/CY-033-PIT-B-DAILY-2018-20260904-V1/daily/partition_year=2018/data_0.parquet,parent_registered_input,['parent_registered_input'],b906d2c21fd35128b8f65f1b00fa12ae6e5bd9ee476a368a63881304f38ceed4,b906d2c21fd35128b8f65f1b00fa12ae6e5bd9ee476a368a63881304f38ceed4,PASS
/Users/linmei/Documents/CY/data/registered_inputs/CY-033-PIT-B-DAILY-2018-20260904-V1/daily/partition_year=2019/data_0.parquet,parent_registered_input,['parent_registered_input'],c69a464e4a04efdca0177a8a09a13a34646531afa37a2b35b4892fd40ec3ebfd,c69a464e4a04efdca0177a8a09a13a34646531afa37a2b35b4892fd40ec3ebfd,PASS
/Users/linmei/Documents/CY/data/registered_inputs/CY-033-PIT-B-DAILY-2018-20260904-V1/daily/partition_year=2020/data_0.parquet,parent_registered_input,['parent_registered_input'],1b0a00c6d2cfbce0ae4f907e1ee9dc5006f59677d556cc10f8f34a9893937c62,1b0a00c6d2cfbce0ae4f907e1ee9dc5006f59677d556cc10f8f34a9893937c62,PASS
/Users/linmei/Documents/CY/data/registered_inputs/CY-033-PIT-B-DAILY-2018-20260904-V1/daily/partition_year=2021/data_0.parquet,parent_registered_input,['parent_registered_input'],cbd4b2d2ccdff32b09ed1a2e9347f8045cde89ff7e4e1b189577bc353e4d9311,cbd4b2d2ccdff32b09ed1a2e9347f8045cde89ff7e4e1b189577bc353e4d9311,PASS
/Users/linmei/Documents/CY/data/registered_inputs/CY-033-PIT-B-DAILY-2018-20260904-V1/daily/partition_year=2022/data_0.parquet,parent_registered_input,['parent_registered_input'],c9ff6ca51a043a32a50e7704053154ad89d58f71b3694bf36766180bfa7a68a1,c9ff6ca51a043a32a50e7704053154ad89d58f71b3694bf36766180bfa7a68a1,PASS
/Users/linmei/Documents/CY/data/registered_inputs/CY-033-PIT-B-DAILY-2018-20260904-V1/daily/partition_year=2023/data_0.parquet,parent_registered_input,['parent_registered_input'],8e5dc8599de88b69c9a52c2703bd1f8c3e87d962785f988cda7504a1758e6740,8e5dc8599de88b69c9a52c2703bd1f8c3e87d962785f988cda7504a1758e6740,PASS
/Users/linmei/Documents/CY/data/staging/CY-034-EXCHANGE-ISSUER-RISK-V28R1-DEV-20171001-20211231-V1/source_capture/announcements.parquet,parent_registered_input,['parent_registered_input'],65096c160af25b172d6c310804036a4b6dc57031ae45b9b4f9af220f251b9a65,65096c160af25b172d6c310804036a4b6dc57031ae45b9b4f9af220f251b9a65,PASS
/Users/linmei/Documents/CY/data/staging/CY-036-R1-EXCHANGE-ISSUER-RISK-V29R1-DEV-19901219-20211231-V1/sse_full_history_capture/announcements.parquet,parent_registered_input,['parent_registered_input'],b69af9e0ea707babe6a3ecd2d02c2220e09f4d52502f09025c6df8dec34015c9,b69af9e0ea707babe6a3ecd2d02c2220e09f4d52502f09025c6df8dec34015c9,PASS
/Users/linmei/Documents/CY/data/staging/CY-036-R2-EXCHANGE-ISSUER-FACT-V29R2-DEV-19901219-20211231-V1/announcement_route_index.parquet,parent_registered_input,['parent_registered_input'],f9bf1a275fa5a3294ed7c571eef583cb88c7f3e011a397acfd5d616bf4225af3,f9bf1a275fa5a3294ed7c571eef583cb88c7f3e011a397acfd5d616bf4225af3,PASS
/Users/linmei/Documents/CY/data/staging/CY-062-V29R2-ISSUER-FACT-ROLLFORWARD-2022-2026-V1/activation_audit.json,parent_registered_input,['parent_registered_input'],436f1d9445184ac08d5c0ddb0baa1bdcecdb64d64662d1cfa93c616481800f6c,436f1d9445184ac08d5c0ddb0baa1bdcecdb64d64662d1cfa93c616481800f6c,PASS
/Users/linmei/Documents/CY/data/staging/CY-062-V29R2-ISSUER-FACT-ROLLFORWARD-2022-2026-V1/announcement_route_index.parquet,parent_registered_input,['parent_registered_input'],ddcd4717bf3301d99d4df3d4b6908620b701b95eaebbc06215107409f2fda679,ddcd4717bf3301d99d4df3d4b6908620b701b95eaebbc06215107409f2fda679,PASS
/Users/linmei/Documents/CY/data/staging/CY-062-V29R2-ISSUER-FACT-ROLLFORWARD-2022-2026-V1/source_capture/announcements.parquet,parent_registered_input,['parent_registered_input'],9303bfb41abab1e9eb45db27312b16ce6fd77b7454444378b606fdfe6b38fd79,9303bfb41abab1e9eb45db27312b16ce6fd77b7454444378b606fdfe6b38fd79,PASS
/Users/linmei/Documents/CY/data/staging/CY-062-V29R2-ISSUER-FACT-ROLLFORWARD-2022-2026-V1/source_capture/asset_manifest.json,parent_registered_input,['parent_registered_input'],67b59e680eb929f38314e7da48bdd23398009721c6fd4e3c52208b566b89145f,67b59e680eb929f38314e7da48bdd23398009721c6fd4e3c52208b566b89145f,PASS
/Users/linmei/Documents/CY/data/staging/CY-062-V29R2-ISSUER-FACT-ROLLFORWARD-2022-2026-V1/source_capture/source_manifest.json,parent_registered_input,['parent_registered_input'],615471295b84f55293f6361d0d3725607de90ef13c596ec7fd71885c4d8b9cc5,615471295b84f55293f6361d0d3725607de90ef13c596ec7fd71885c4d8b9cc5,PASS
/Users/linmei/Documents/CY/data/staging/CY-062-V29R2-ISSUER-FACT-ROLLFORWARD-2022-2026-V1/sse_full_history_capture/announcements.parquet,parent_registered_input,['parent_registered_input'],b82e6a453dfcece08888cc2ca386cad5f0acc3962058a2472f4a0f78df6ae597,b82e6a453dfcece08888cc2ca386cad5f0acc3962058a2472f4a0f78df6ae597,PASS
/Users/linmei/Documents/CY/data/staging/CY-062-V29R2-ISSUER-FACT-ROLLFORWARD-2022-2026-V1/sse_full_history_capture/asset_manifest.json,parent_registered_input,['parent_registered_input'],95e966411165faf85acfa79b24069240a8bf98fff3060be7758c27106cb322a1,95e966411165faf85acfa79b24069240a8bf98fff3060be7758c27106cb322a1,PASS
/Users/linmei/Documents/CY/data/staging/CY-062-V29R2-ISSUER-FACT-ROLLFORWARD-2022-2026-V1/sse_full_history_capture/source_manifest.json,parent_registered_input,['parent_registered_input'],492af1dcaa2b27adaa51fd0b4bc46716af28107a810ac94e770f619973043e24,492af1dcaa2b27adaa51fd0b4bc46716af28107a810ac94e770f619973043e24,PASS
/Users/linmei/Documents/CY/data/staging/CY-062-V29R2-ISSUER-FACT-ROLLFORWARD-2022-2026-V1/sse_full_universe.parquet,parent_registered_input,['parent_registered_input'],21e7ed5f662d8721d2247e1e3174a116f083b7758934360538e8531e125ed3e7,21e7ed5f662d8721d2247e1e3174a116f083b7758934360538e8531e125ed3e7,PASS
/Users/linmei/Documents/CY/data/staging/CY-062-V29R2-ISSUER-FACT-ROLLFORWARD-2022-2026-V1/universe.parquet,parent_registered_input,['parent_registered_input'],ec6d485e6585408a65576bacbfe805cec2727692803a380396eaae5829b0041f,ec6d485e6585408a65576bacbfe805cec2727692803a380396eaae5829b0041f,PASS
/Users/linmei/Documents/CY/src/cyq_game/data/full_market.py,original_industry_snapshot_source,['original_industry_snapshot_source'],8ea136aa024120bea2b175f50bab5e6c416e27a276e9be390f16ae7b31cc3962,8ea136aa024120bea2b175f50bab5e6c416e27a276e9be390f16ae7b31cc3962,PASS
/Users/linmei/Downloads/workspace/quant/data/lake/meta/industry_daily.parquet,original_industry_snapshot_source,['original_industry_snapshot_source'],5b7ff1e41d54543c81e3eab95b2052ace49b2f1d6b48d5df6f175d0cecfbbc0b,5b7ff1e41d54543c81e3eab95b2052ace49b2f1d6b48d5df6f175d0cecfbbc0b,PASS
/Users/linmei/Downloads/workspace/quant/data/lake/stock_1min_canonical_none_20260813/bars/2016_day_parquet_none.parquet,parent_registered_input,['parent_registered_input'],a7c0b062a9de260c4798922aa998ca3471bdbe2690c754b732ebc7fc9272faf8,a7c0b062a9de260c4798922aa998ca3471bdbe2690c754b732ebc7fc9272faf8,PASS
/Users/linmei/Downloads/workspace/quant/data/lake/stock_1min_canonical_none_20260813/bars/2017_day_parquet_none.parquet,parent_registered_input,['parent_registered_input'],3bb9d8d1df8795e9cc45cb04631b796de7153798f815d629c420156e47a448d7,3bb9d8d1df8795e9cc45cb04631b796de7153798f815d629c420156e47a448d7,PASS
/Users/linmei/Downloads/workspace/quant/data/lake/stock_1min_canonical_none_20260813/bars/2018_day_parquet_none.parquet,parent_registered_input,['parent_registered_input'],83fbb3e0fda4b278e1072836a9695b7d9a6dfa396a07248e40f85db0d2ba0812,83fbb3e0fda4b278e1072836a9695b7d9a6dfa396a07248e40f85db0d2ba0812,PASS
/Users/linmei/Downloads/workspace/quant/data/lake/stock_1min_canonical_none_20260813/bars/2019_day_parquet_none.parquet,parent_registered_input,['parent_registered_input'],b31fccebb8f2319099b412233263dbc99f965a091b0995e62d275997b411130c,b31fccebb8f2319099b412233263dbc99f965a091b0995e62d275997b411130c,PASS
/Users/linmei/Downloads/workspace/quant/data/lake/stock_1min_canonical_none_20260813/bars/2020_day_parquet_none.parquet,parent_registered_input,['parent_registered_input'],67d6b958f2b4113750df8f1a98d6e48d93ef00e04cab0fbf0cf0661b1600d45e,67d6b958f2b4113750df8f1a98d6e48d93ef00e04cab0fbf0cf0661b1600d45e,PASS
/Users/linmei/Downloads/workspace/quant/data/lake/stock_1min_canonical_none_20260813/bars/2021_day_parquet_none.parquet,parent_registered_input,['parent_registered_input'],efd3b1a4bf60c47ba36b83792c97fc08d600aa8cde58014ff44e3c005eebac61,efd3b1a4bf60c47ba36b83792c97fc08d600aa8cde58014ff44e3c005eebac61,PASS
/Users/linmei/Downloads/workspace/quant/data/lake/stock_1min_canonical_none_20260813/bars/2022_day_parquet_none.parquet,parent_registered_input,['parent_registered_input'],32a6ff7b4d64bdb4da6a572dc9384c12f381689937c50cc3166dcec473cc4cbe,32a6ff7b4d64bdb4da6a572dc9384c12f381689937c50cc3166dcec473cc4cbe,PASS
/Users/linmei/Downloads/workspace/quant/data/lake/stock_1min_canonical_none_20260813/bars/2023_day_parquet_none.parquet,parent_registered_input,['parent_registered_input'],411402b8ad198ad2b8787dec803dce4cb2131055fabcc0539b6428e046d19dc5,411402b8ad198ad2b8787dec803dce4cb2131055fabcc0539b6428e046d19dc5,PASS
/Users/linmei/Downloads/workspace/quant/data/lake/stock_1min_canonical_none_20260813/bars/2024_day_parquet_none.parquet,actual_capacity_minute_denominator,['actual_capacity_minute_denominator'],9adea8c1bb7e0c936b159be1a2a014062d40decb6b1010e5afd807c3f1dbaca6,9adea8c1bb7e0c936b159be1a2a014062d40decb6b1010e5afd807c3f1dbaca6,PASS
/Users/linmei/Downloads/workspace/quant/data/lake/stock_1min_canonical_none_20260813/bars/2025_day_parquet_none.parquet,actual_capacity_minute_denominator,['actual_capacity_minute_denominator'],b0ce2004bbe6569c62ac02bcee474aa5d77910784316a4f49f3e1102ebb3bad9,b0ce2004bbe6569c62ac02bcee474aa5d77910784316a4f49f3e1102ebb3bad9,PASS
/Users/linmei/Downloads/workspace/quant/data/lake/stock_1min_canonical_none_20260813/bars/2026_day_parquet_none.parquet,actual_capacity_minute_denominator,['actual_capacity_minute_denominator'],2aa5a5289e31a1c5c9387887e6243576ca101178be9289063706f0afdee23857,2aa5a5289e31a1c5c9387887e6243576ca101178be9289063706f0afdee23857,PASS
/Users/linmei/Downloads/workspace/quant/data/lake/stock_1min_canonical_none_20260813/bars/2026_qmt_tail.parquet,actual_capacity_minute_denominator,['actual_capacity_minute_denominator'],94504518051872d99665e475939c9c6932fcca77bbe33be41673b9b7983c054a,94504518051872d99665e475939c9c6932fcca77bbe33be41673b9b7983c054a,PASS
/Users/linmei/Downloads/workspace/quant/data/staging/crsp_lean_corporate_actions_enrichment_20260809_v2/vintages/official_full_sh_sz_current_snapshot_20260809_v5/lineage/fetch_crsp_lean_cninfo_corporate_actions_v1.py,parent_registered_input,['parent_registered_input'],e2711ee436b7188eb408e44739c6b22a86e94c2b9201d2df414894d81b362596,e2711ee436b7188eb408e44739c6b22a86e94c2b9201d2df414894d81b362596,PASS
/Users/linmei/Downloads/workspace/quant/data/staging/crsp_lean_corporate_actions_enrichment_20260809_v2/vintages/official_full_sh_sz_current_snapshot_20260809_v5/manifest.json,parent_registered_input,['parent_registered_input'],d57afb7826aa87c3929367a989a369f087a7ecf05f1026bcfed751600a3e884c,d57afb7826aa87c3929367a989a369f087a7ecf05f1026bcfed751600a3e884c,PASS
/Users/linmei/Downloads/workspace/quant/data/staging/crsp_lean_corporate_actions_enrichment_20260809_v2/vintages/official_full_sh_sz_current_snapshot_20260809_v5/normalized/distributions.parquet,parent_registered_input,['parent_registered_input'],5982b7dd75ec53deb9ce3874aaf3e4a5168a731b5bbd6d8c2d89258fe4aff387,5982b7dd75ec53deb9ce3874aaf3e4a5168a731b5bbd6d8c2d89258fe4aff387,PASS
/Users/linmei/Downloads/workspace/quant/data/staging/crsp_lean_corporate_actions_enrichment_20260809_v2/vintages/official_full_sh_sz_current_snapshot_20260809_v5/normalized/rights_issues.parquet,parent_registered_input,['parent_registered_input'],07e864ac6da1d59b69c1b9ce1bcdd01d96d913d0909a718d79627939f8ab87cb,07e864ac6da1d59b69c1b9ce1bcdd01d96d913d0909a718d79627939f8ab87cb,PASS
/Users/linmei/Downloads/workspace/quant/data/staging/crsp_lean_corporate_actions_enrichment_20260809_v2/vintages/official_full_sh_sz_current_snapshot_20260809_v5/raw/distribution/600195.parquet,parent_registered_input,['parent_registered_input'],861ee563d61d21136dc4d000d349c23ae30b86e25a17630c12fe8a570a063812,861ee563d61d21136dc4d000d349c23ae30b86e25a17630c12fe8a570a063812,PASS
/Users/linmei/Downloads/workspace/quant/data/staging/crsp_lean_corporate_actions_enrichment_20260809_v2/vintages/official_full_sh_sz_current_snapshot_20260809_v5/raw/distribution/600622.parquet,parent_registered_input,['parent_registered_input'],97ed7fb0f3cb968d044755b1b4617e4024934f7fb7f2c0906e4bf8ac2c605da6,97ed7fb0f3cb968d044755b1b4617e4024934f7fb7f2c0906e4bf8ac2c605da6,PASS
/Users/linmei/Downloads/workspace/quant/data/staging/crsp_lean_corporate_actions_enrichment_20260809_v2/vintages/official_full_sh_sz_current_snapshot_20260809_v5/raw/distribution/603368.parquet,parent_registered_input,['parent_registered_input'],6621d28cff4aac9ad479a602555eed147054fd2272dc1f2d03174a501afa13d6,6621d28cff4aac9ad479a602555eed147054fd2272dc1f2d03174a501afa13d6,PASS
/Users/linmei/Downloads/workspace/quant/data/staging/crsp_lean_corporate_actions_enrichment_20260809_v2/vintages/official_full_sh_sz_current_snapshot_20260809_v5/receipts/distribution/600195.json,parent_registered_input,['parent_registered_input'],d8100930218faa8e14f0fd1dae9bb1ef7324149abbff3ae95b3beb81282743bf,d8100930218faa8e14f0fd1dae9bb1ef7324149abbff3ae95b3beb81282743bf,PASS
/Users/linmei/Downloads/workspace/quant/data/staging/crsp_lean_corporate_actions_enrichment_20260809_v2/vintages/official_full_sh_sz_current_snapshot_20260809_v5/receipts/distribution/600622.json,parent_registered_input,['parent_registered_input'],cb17e35d42ee2f25f9f579487b066408616a8b17ae73bdf8d7bfeaa3309f023a,cb17e35d42ee2f25f9f579487b066408616a8b17ae73bdf8d7bfeaa3309f023a,PASS
/Users/linmei/Downloads/workspace/quant/data/staging/crsp_lean_corporate_actions_enrichment_20260809_v2/vintages/official_full_sh_sz_current_snapshot_20260809_v5/receipts/distribution/603368.json,parent_registered_input,['parent_registered_input'],ee69124d2619f52c162a386fa8eedf5331c737df15edf02b6b47e27f2ba3c58b,ee69124d2619f52c162a386fa8eedf5331c737df15edf02b6b47e27f2ba3c58b,PASS
/Users/linmei/Downloads/workspace/quant/data/staging/crsp_lean_corporate_actions_enrichment_20260809_v2/vintages/official_full_sh_sz_current_snapshot_20260809_v5/responses/distribution/600195.json,parent_registered_input,['parent_registered_input'],6f4f5e3fd324057f5bf289e6b0fb2187bc3f7640e4da2f781fd3eaf041aed0d3,6f4f5e3fd324057f5bf289e6b0fb2187bc3f7640e4da2f781fd3eaf041aed0d3,PASS
/Users/linmei/Downloads/workspace/quant/data/staging/crsp_lean_corporate_actions_enrichment_20260809_v2/vintages/official_full_sh_sz_current_snapshot_20260809_v5/responses/distribution/600622.json,parent_registered_input,['parent_registered_input'],4bf533362d10f50b80e37a6f62c7dc60cfdbe0b9b64836638cd0e7419b93e865,4bf533362d10f50b80e37a6f62c7dc60cfdbe0b9b64836638cd0e7419b93e865,PASS
/Users/linmei/Downloads/workspace/quant/data/staging/crsp_lean_corporate_actions_enrichment_20260809_v2/vintages/official_full_sh_sz_current_snapshot_20260809_v5/responses/distribution/603368.json,parent_registered_input,['parent_registered_input'],ee5b0c67b634f333e1196d7a2f2ab483ebad206f3db2e1b29878a675bff5b74b,ee5b0c67b634f333e1196d7a2f2ab483ebad206f3db2e1b29878a675bff5b74b,PASS
/Users/linmei/Downloads/workspace/quant/data/staging/crsp_lean_corporate_actions_enrichment_20260809_v2/vintages/official_full_sh_sz_current_snapshot_20260809_v5/run_contract.json,parent_registered_input,['parent_registered_input'],bba183f4491eb08eb5a3ec457ed1572bbf7098402f5d20e760535465b0d44ca9,bba183f4491eb08eb5a3ec457ed1572bbf7098402f5d20e760535465b0d44ca9,PASS
/Volumes/quant/CY_quant_research/ashare_collapse_gap_zone_dual_fresh_k10_validation_v1/pit_daily_compact_2013_2023.parquet,parent_registered_input,['parent_registered_input'],53c9e1e62b4b1bbd45979c868f5543eea58114d0bf659f866cd37d979068cc00,53c9e1e62b4b1bbd45979c868f5543eea58114d0bf659f866cd37d979068cc00,PASS
/Volumes/quant/CY_quant_research/ashare_true_gap_below_l_clean_corridor_v26_validation_2024_2025_v1/pit_daily_qd010_exact_2022_2026q1.parquet,parent_registered_input,['parent_registered_input'],95ba886707811da9a0514d1d3a9b2ddf9df5debe69eed4e904502f8f3e1cfca9,95ba886707811da9a0514d1d3a9b2ddf9df5debe69eed4e904502f8f3e1cfca9,PASS
/Volumes/quant/CY_quant_research/bull_sectoral_rotation_v43/market_industry_state.parquet,parent_registered_input,['parent_registered_input'],2c0ff6c7a65818c61f68932927ad7a0ce08f7d3fb991c10bfeb0c278a84c58f3,2c0ff6c7a65818c61f68932927ad7a0ce08f7d3fb991c10bfeb0c278a84c58f3,PASS
/Volumes/quant/CY_quant_research/five_strategy_capital_scaling_rollforward_v2/atrdr/action_registry.parquet,continuous_identity_extension,['continuous_identity_extension'],fafb1e2994efa51c10b386c861ebbd7b4b8edd064f4bbab89256bbc969528e0e,fafb1e2994efa51c10b386c861ebbd7b4b8edd064f4bbab89256bbc969528e0e,PASS
/Volumes/quant/CY_quant_research/five_strategy_capital_scaling_rollforward_v2/combinations/IFCGR_confirmation_tag_G100/account.json,observed_rollforward_account_not_parent_sealed,['observed_rollforward_account_not_parent_sealed'],f1731e2cfde1a9346ead097c4f6cff6f4d8f241cf4ba15d85992e57799adab74,f1731e2cfde1a9346ead097c4f6cff6f4d8f241cf4ba15d85992e57799adab74,PASS
/Volumes/quant/CY_quant_research/five_strategy_capital_scaling_rollforward_v2/combinations/IFCGR_confirmation_tag_G100/atrdr_intents.parquet,observed_rollforward_account_not_parent_sealed,['observed_rollforward_account_not_parent_sealed'],bc3420f4309a0f5d87e7c47c3273ffcb6e9dcf47606537680f6832bd7faada7d,bc3420f4309a0f5d87e7c47c3273ffcb6e9dcf47606537680f6832bd7faada7d,PASS
/Volumes/quant/CY_quant_research/five_strategy_capital_scaling_rollforward_v2/combinations/IFCGR_confirmation_tag_G100/daily.parquet,observed_rollforward_account_not_parent_sealed,['observed_rollforward_account_not_parent_sealed'],311ffb3821fe891dcd20febf8b480d10acb8df361d8ab9a54b3fe587867675c2,311ffb3821fe891dcd20febf8b480d10acb8df361d8ab9a54b3fe587867675c2,PASS
/Volumes/quant/CY_quant_research/five_strategy_capital_scaling_rollforward_v2/combinations/IFCGR_confirmation_tag_G100/fills.parquet,observed_rollforward_account_not_parent_sealed,['observed_rollforward_account_not_parent_sealed'],5464181415f394c24f0111e75e465e60cc7e275e4a9d984f60fcace54e661abc,5464181415f394c24f0111e75e465e60cc7e275e4a9d984f60fcace54e661abc,PASS
/Volumes/quant/CY_quant_research/five_strategy_capital_scaling_rollforward_v2/combinations/IFCGR_confirmation_tag_G100/home_before_funding.parquet,observed_rollforward_account_not_parent_sealed,['observed_rollforward_account_not_parent_sealed'],e0f58fb91b08344fb91660452dffac7aab321b162b18a66248e8dfc1e3409c7a,e0f58fb91b08344fb91660452dffac7aab321b162b18a66248e8dfc1e3409c7a,PASS
/Volumes/quant/CY_quant_research/five_strategy_capital_scaling_rollforward_v2/combinations/IFCGR_confirmation_tag_G100/ifcgr_intents.parquet,observed_rollforward_account_not_parent_sealed,['observed_rollforward_account_not_parent_sealed'],cbf49ef856ffbdefab92be4574db9215fcc96de07daf30ce641c83e5c46c3dfc,cbf49ef856ffbdefab92be4574db9215fcc96de07daf30ce641c83e5c46c3dfc,PASS
/Volumes/quant/CY_quant_research/five_strategy_capital_scaling_rollforward_v2/combinations/IFCGR_confirmation_tag_G100/mcb_intents.parquet,observed_rollforward_account_not_parent_sealed,['observed_rollforward_account_not_parent_sealed'],939d6dd50ef886e71b5313a10a9d3af153168dbd2b0272f3091e96aa90115cbe,939d6dd50ef886e71b5313a10a9d3af153168dbd2b0272f3091e96aa90115cbe,PASS
/Volumes/quant/CY_quant_research/five_strategy_capital_scaling_rollforward_v2/combinations/IFCGR_confirmation_tag_G100/receipt.json,observed_rollforward_account_not_parent_sealed,['observed_rollforward_account_not_parent_sealed'],f294f1918af386e58e3e41dd8f4b2a1fb6823053c439c7d374690edb0a9f5bf9,f294f1918af386e58e3e41dd8f4b2a1fb6823053c439c7d374690edb0a9f5bf9,PASS
/Volumes/quant/CY_quant_research/five_strategy_capital_scaling_rollforward_v2/combinations/IFCGR_confirmation_tag_G100/scaling.json,observed_rollforward_account_not_parent_sealed,['observed_rollforward_account_not_parent_sealed'],6e7ca014010550af165f8ac8045976fc05e0d352e48ad287dabaab5967a0b52b,6e7ca014010550af165f8ac8045976fc05e0d352e48ad287dabaab5967a0b52b,PASS
/Volumes/quant/CY_quant_research/five_strategy_capital_scaling_rollforward_v2/combinations/IFCGR_confirmation_tag_G100/timeline.parquet,observed_rollforward_account_not_parent_sealed,['observed_rollforward_account_not_parent_sealed'],d28f7abef17f03ed1e73cb4d3ce854ba97be32ce40725550dc6e69dd0d0e566c,d28f7abef17f03ed1e73cb4d3ce854ba97be32ce40725550dc6e69dd0d0e566c,PASS
/Volumes/quant/CY_quant_research/five_strategy_capital_scaling_rollforward_v2/combinations/IFCGR_independent_G100/account.json,observed_rollforward_account_not_parent_sealed,['observed_rollforward_account_not_parent_sealed'],9d46b81cfc5457e16aeb2a2d183a46a4de222366184774d40b41b7fff53046f1,9d46b81cfc5457e16aeb2a2d183a46a4de222366184774d40b41b7fff53046f1,PASS
/Volumes/quant/CY_quant_research/five_strategy_capital_scaling_rollforward_v2/combinations/IFCGR_independent_G100/atrdr_intents.parquet,observed_rollforward_account_not_parent_sealed,['observed_rollforward_account_not_parent_sealed'],2579a6e3b0ef202ffdfd1b90eaaaeec0b397b3d363879c83de78b27d243b7072,2579a6e3b0ef202ffdfd1b90eaaaeec0b397b3d363879c83de78b27d243b7072,PASS
/Volumes/quant/CY_quant_research/five_strategy_capital_scaling_rollforward_v2/combinations/IFCGR_independent_G100/daily.parquet,observed_rollforward_account_not_parent_sealed,['observed_rollforward_account_not_parent_sealed'],6a663466e46822bd1449d30a513e94438fa4921afcfb5b70b55c77b676bdb581,6a663466e46822bd1449d30a513e94438fa4921afcfb5b70b55c77b676bdb581,PASS
/Volumes/quant/CY_quant_research/five_strategy_capital_scaling_rollforward_v2/combinations/IFCGR_independent_G100/fills.parquet,observed_rollforward_account_not_parent_sealed,['observed_rollforward_account_not_parent_sealed'],d2a4df965a6b5f79659496a5f2de035067b33e60f205f3c5b0c9f4f3f2db56b0,d2a4df965a6b5f79659496a5f2de035067b33e60f205f3c5b0c9f4f3f2db56b0,PASS
/Volumes/quant/CY_quant_research/five_strategy_capital_scaling_rollforward_v2/combinations/IFCGR_independent_G100/home_before_funding.parquet,observed_rollforward_account_not_parent_sealed,['observed_rollforward_account_not_parent_sealed'],dafe3160906b31616e41e3b2db203cfb122cb85b76f156c655aa62f6be92e455,dafe3160906b31616e41e3b2db203cfb122cb85b76f156c655aa62f6be92e455,PASS
/Volumes/quant/CY_quant_research/five_strategy_capital_scaling_rollforward_v2/combinations/IFCGR_independent_G100/ifcgr_intents.parquet,observed_rollforward_account_not_parent_sealed,['observed_rollforward_account_not_parent_sealed'],41a1a80995108db1214913682c258525aa5cc33af8b47ceb025164974414cc44,41a1a80995108db1214913682c258525aa5cc33af8b47ceb025164974414cc44,PASS
/Volumes/quant/CY_quant_research/five_strategy_capital_scaling_rollforward_v2/combinations/IFCGR_independent_G100/mcb_intents.parquet,observed_rollforward_account_not_parent_sealed,['observed_rollforward_account_not_parent_sealed'],1e2beefac7d348196297eaa2e3eafdb02d618d6521cdb7d4b9d61fcd8307e9f4,1e2beefac7d348196297eaa2e3eafdb02d618d6521cdb7d4b9d61fcd8307e9f4,PASS
/Volumes/quant/CY_quant_research/five_strategy_capital_scaling_rollforward_v2/combinations/IFCGR_independent_G100/receipt.json,observed_rollforward_account_not_parent_sealed,['observed_rollforward_account_not_parent_sealed'],d09055b3121c4066ad428b565e256d7ff71c7bbe12ed32004650cd7bf511974b,d09055b3121c4066ad428b565e256d7ff71c7bbe12ed32004650cd7bf511974b,PASS
/Volumes/quant/CY_quant_research/five_strategy_capital_scaling_rollforward_v2/combinations/IFCGR_independent_G100/scaling.json,observed_rollforward_account_not_parent_sealed,['observed_rollforward_account_not_parent_sealed'],f7014aa855e4dc625ff2a83409a5cd915546fd5bc755ce921c075a6dcabdd943,f7014aa855e4dc625ff2a83409a5cd915546fd5bc755ce921c075a6dcabdd943,PASS
/Volumes/quant/CY_quant_research/five_strategy_capital_scaling_rollforward_v2/combinations/IFCGR_independent_G100/timeline.parquet,observed_rollforward_account_not_parent_sealed,['observed_rollforward_account_not_parent_sealed'],d33374bfec3c92891908fd139e28d9bc8ddece0a33dc5f1de58bb10b51e27032,d33374bfec3c92891908fd139e28d9bc8ddece0a33dc5f1de58bb10b51e27032,PASS
/Volumes/quant/CY_quant_research/five_strategy_capital_scaling_rollforward_v2/combinations/IFCGR_independent_NATIVE/account.json,observed_rollforward_account_not_parent_sealed,['observed_rollforward_account_not_parent_sealed'],79a64a6d4abcb2600c387c18b9bc6b683b7fb658027c8cbe837d0db465ba2a49,79a64a6d4abcb2600c387c18b9bc6b683b7fb658027c8cbe837d0db465ba2a49,PASS
/Volumes/quant/CY_quant_research/five_strategy_capital_scaling_rollforward_v2/combinations/IFCGR_independent_NATIVE/atrdr_intents.parquet,observed_rollforward_account_not_parent_sealed,['observed_rollforward_account_not_parent_sealed'],4a6807a36c57c74d82d2bf921d771aedbefe1304d1020009c5e53bf1e4b5e2b8,4a6807a36c57c74d82d2bf921d771aedbefe1304d1020009c5e53bf1e4b5e2b8,PASS
/Volumes/quant/CY_quant_research/five_strategy_capital_scaling_rollforward_v2/combinations/IFCGR_independent_NATIVE/daily.parquet,observed_rollforward_account_not_parent_sealed,['observed_rollforward_account_not_parent_sealed'],e1f29f11554c8e320b5a1687def715d723f28ddf27786fabdbce5352a8763567,e1f29f11554c8e320b5a1687def715d723f28ddf27786fabdbce5352a8763567,PASS
/Volumes/quant/CY_quant_research/five_strategy_capital_scaling_rollforward_v2/combinations/IFCGR_independent_NATIVE/fills.parquet,observed_rollforward_account_not_parent_sealed,['observed_rollforward_account_not_parent_sealed'],9d5cbf63f9628449740014210f5f636b9961dc3934c84ded1686b84823ceed30,9d5cbf63f9628449740014210f5f636b9961dc3934c84ded1686b84823ceed30,PASS
/Volumes/quant/CY_quant_research/five_strategy_capital_scaling_rollforward_v2/combinations/IFCGR_independent_NATIVE/home_before_funding.parquet,observed_rollforward_account_not_parent_sealed,['observed_rollforward_account_not_parent_sealed'],ddf987143b5613ca42aec84dc8c57cdbdbc5d7ac2482f02b718272dbf8469fa9,ddf987143b5613ca42aec84dc8c57cdbdbc5d7ac2482f02b718272dbf8469fa9,PASS
/Volumes/quant/CY_quant_research/five_strategy_capital_scaling_rollforward_v2/combinations/IFCGR_independent_NATIVE/ifcgr_intents.parquet,observed_rollforward_account_not_parent_sealed,['observed_rollforward_account_not_parent_sealed'],4c374a441e806ee00e3f19adc9f2f12bdce65614f7839d901ee98c4e264b8119,4c374a441e806ee00e3f19adc9f2f12bdce65614f7839d901ee98c4e264b8119,PASS
/Volumes/quant/CY_quant_research/five_strategy_capital_scaling_rollforward_v2/combinations/IFCGR_independent_NATIVE/mcb_intents.parquet,observed_rollforward_account_not_parent_sealed,['observed_rollforward_account_not_parent_sealed'],dcd80c298895681cf5f7ab007f1af7511a1589cdb08c040ec167dd5b409c1e00,dcd80c298895681cf5f7ab007f1af7511a1589cdb08c040ec167dd5b409c1e00,PASS
/Volumes/quant/CY_quant_research/five_strategy_capital_scaling_rollforward_v2/combinations/IFCGR_independent_NATIVE/receipt.json,observed_rollforward_account_not_parent_sealed,['observed_rollforward_account_not_parent_sealed'],fb2d5f3fedcd13fa0992e5d0890aa5423928139bf9ce01cda98b6be897031191,fb2d5f3fedcd13fa0992e5d0890aa5423928139bf9ce01cda98b6be897031191,PASS
/Volumes/quant/CY_quant_research/five_strategy_capital_scaling_rollforward_v2/combinations/IFCGR_independent_NATIVE/timeline.parquet,observed_rollforward_account_not_parent_sealed,['observed_rollforward_account_not_parent_sealed'],9ef3eca25ff6fc30f7ff3e5fe9c3705a01164e5b36e2a7aa549c74c3d60a4907,9ef3eca25ff6fc30f7ff3e5fe9c3705a01164e5b36e2a7aa549c74c3d60a4907,PASS
/Volumes/quant/CY_quant_research/five_strategy_capital_scaling_rollforward_v2/combinations/OGR_confirmation_tag_G100/account.json,observed_rollforward_account_not_parent_sealed,['observed_rollforward_account_not_parent_sealed'],8583656a7a5d9da461e5e5af1c05b3b00525153c564d1cc4132fdaf08a2fe94a,8583656a7a5d9da461e5e5af1c05b3b00525153c564d1cc4132fdaf08a2fe94a,PASS
/Volumes/quant/CY_quant_research/five_strategy_capital_scaling_rollforward_v2/combinations/OGR_confirmation_tag_G100/atrdr_intents.parquet,observed_rollforward_account_not_parent_sealed,['observed_rollforward_account_not_parent_sealed'],958ee401c75e0f60635146342b148b52b70cbad28627a1840b2361a3e1e43b0f,958ee401c75e0f60635146342b148b52b70cbad28627a1840b2361a3e1e43b0f,PASS
/Volumes/quant/CY_quant_research/five_strategy_capital_scaling_rollforward_v2/combinations/OGR_confirmation_tag_G100/daily.parquet,observed_rollforward_account_not_parent_sealed,['observed_rollforward_account_not_parent_sealed'],63d6b397a84558d3e7a3b50c2889bec8fb5e07485f6051dfb81443c88894a6a0,63d6b397a84558d3e7a3b50c2889bec8fb5e07485f6051dfb81443c88894a6a0,PASS
/Volumes/quant/CY_quant_research/five_strategy_capital_scaling_rollforward_v2/combinations/OGR_confirmation_tag_G100/fills.parquet,observed_rollforward_account_not_parent_sealed,['observed_rollforward_account_not_parent_sealed'],9dfaabae8a6205c8be5f5caf5d9e2d2d6aaaf9997e47c8d7e935117f9fd1ce9f,9dfaabae8a6205c8be5f5caf5d9e2d2d6aaaf9997e47c8d7e935117f9fd1ce9f,PASS
/Volumes/quant/CY_quant_research/five_strategy_capital_scaling_rollforward_v2/combinations/OGR_confirmation_tag_G100/home_before_funding.parquet,observed_rollforward_account_not_parent_sealed,['observed_rollforward_account_not_parent_sealed'],078509fdf69f7b4d1ac4f9ee01a7633fd4930c58a76ac05dc923d304532a5600,078509fdf69f7b4d1ac4f9ee01a7633fd4930c58a76ac05dc923d304532a5600,PASS
/Volumes/quant/CY_quant_research/five_strategy_capital_scaling_rollforward_v2/combinations/OGR_confirmation_tag_G100/mcb_intents.parquet,observed_rollforward_account_not_parent_sealed,['observed_rollforward_account_not_parent_sealed'],4994cf8a153867f73b5f44f686281d47d2a81451eb2a7bd825cdfec2db3176b7,4994cf8a153867f73b5f44f686281d47d2a81451eb2a7bd825cdfec2db3176b7,PASS
/Volumes/quant/CY_quant_research/five_strategy_capital_scaling_rollforward_v2/combinations/OGR_confirmation_tag_G100/ogr_intents.parquet,observed_rollforward_account_not_parent_sealed,['observed_rollforward_account_not_parent_sealed'],98aec83de3d7ced6c88831a1f5b8330e567526cb860501e1b228a7c6340df8ed,98aec83de3d7ced6c88831a1f5b8330e567526cb860501e1b228a7c6340df8ed,PASS
/Volumes/quant/CY_quant_research/five_strategy_capital_scaling_rollforward_v2/combinations/OGR_confirmation_tag_G100/receipt.json,observed_rollforward_account_not_parent_sealed,['observed_rollforward_account_not_parent_sealed'],81008468edbf1f2385a1a6599c154613920802d6d35e4eef81b058dd58632e69,81008468edbf1f2385a1a6599c154613920802d6d35e4eef81b058dd58632e69,PASS
/Volumes/quant/CY_quant_research/five_strategy_capital_scaling_rollforward_v2/combinations/OGR_confirmation_tag_G100/scaling.json,observed_rollforward_account_not_parent_sealed,['observed_rollforward_account_not_parent_sealed'],120514aa2257b16bda49951bbfdc7fe0c88887212f0ffa9a852a83daad3f524b,120514aa2257b16bda49951bbfdc7fe0c88887212f0ffa9a852a83daad3f524b,PASS
/Volumes/quant/CY_quant_research/five_strategy_capital_scaling_rollforward_v2/combinations/OGR_confirmation_tag_G100/timeline.parquet,observed_rollforward_account_not_parent_sealed,['observed_rollforward_account_not_parent_sealed'],41f232110aeb1ae2bc7e331afabcd7859c3b8ade560c8347f85fdb2ef1c4bd47,41f232110aeb1ae2bc7e331afabcd7859c3b8ade560c8347f85fdb2ef1c4bd47,PASS
/Volumes/quant/CY_quant_research/five_strategy_capital_scaling_rollforward_v2/combinations/OGR_independent_G100/account.json,observed_rollforward_account_not_parent_sealed,['observed_rollforward_account_not_parent_sealed'],1ba252f428c836b21addae2485175054f4ae3ad1ecc9797121b076710f0d75d9,1ba252f428c836b21addae2485175054f4ae3ad1ecc9797121b076710f0d75d9,PASS
/Volumes/quant/CY_quant_research/five_strategy_capital_scaling_rollforward_v2/combinations/OGR_independent_G100/atrdr_intents.parquet,observed_rollforward_account_not_parent_sealed,['observed_rollforward_account_not_parent_sealed'],676aabc8f86ca83fd6080ac6be070cf2af0b724ea129ed8e7d80e0faeecb89bd,676aabc8f86ca83fd6080ac6be070cf2af0b724ea129ed8e7d80e0faeecb89bd,PASS
/Volumes/quant/CY_quant_research/five_strategy_capital_scaling_rollforward_v2/combinations/OGR_independent_G100/daily.parquet,observed_rollforward_account_not_parent_sealed,['observed_rollforward_account_not_parent_sealed'],fdf38afda666065a7723cbfe26de1437e2f6ccab858b1307e0c69796944be12a,fdf38afda666065a7723cbfe26de1437e2f6ccab858b1307e0c69796944be12a,PASS
/Volumes/quant/CY_quant_research/five_strategy_capital_scaling_rollforward_v2/combinations/OGR_independent_G100/fills.parquet,observed_rollforward_account_not_parent_sealed,['observed_rollforward_account_not_parent_sealed'],04d2f1679752452812d2c53e3c378e8e2670c60d4380b85b98b4a67584f65cce,04d2f1679752452812d2c53e3c378e8e2670c60d4380b85b98b4a67584f65cce,PASS
/Volumes/quant/CY_quant_research/five_strategy_capital_scaling_rollforward_v2/combinations/OGR_independent_G100/home_before_funding.parquet,observed_rollforward_account_not_parent_sealed,['observed_rollforward_account_not_parent_sealed'],cae101e364b9fab26b39949d7b700094636c6fa487eeec4a91a47ced4a916c25,cae101e364b9fab26b39949d7b700094636c6fa487eeec4a91a47ced4a916c25,PASS
/Volumes/quant/CY_quant_research/five_strategy_capital_scaling_rollforward_v2/combinations/OGR_independent_G100/mcb_intents.parquet,observed_rollforward_account_not_parent_sealed,['observed_rollforward_account_not_parent_sealed'],caf8d965f72ae92b8e671e8ff9101896a1c20aa5ca91b9c72dc813a7988e4693,caf8d965f72ae92b8e671e8ff9101896a1c20aa5ca91b9c72dc813a7988e4693,PASS
/Volumes/quant/CY_quant_research/five_strategy_capital_scaling_rollforward_v2/combinations/OGR_independent_G100/ogr_intents.parquet,observed_rollforward_account_not_parent_sealed,['observed_rollforward_account_not_parent_sealed'],b5bdaf671501a8e914068074ea23cf7e5fa826677af6dcaf686304c448bbfe76,b5bdaf671501a8e914068074ea23cf7e5fa826677af6dcaf686304c448bbfe76,PASS
/Volumes/quant/CY_quant_research/five_strategy_capital_scaling_rollforward_v2/combinations/OGR_independent_G100/receipt.json,observed_rollforward_account_not_parent_sealed,['observed_rollforward_account_not_parent_sealed'],4eecdaa306b4d9bff308b475dff80b0fcf402be499a3af47cda418f96619a455,4eecdaa306b4d9bff308b475dff80b0fcf402be499a3af47cda418f96619a455,PASS
/Volumes/quant/CY_quant_research/five_strategy_capital_scaling_rollforward_v2/combinations/OGR_independent_G100/scaling.json,observed_rollforward_account_not_parent_sealed,['observed_rollforward_account_not_parent_sealed'],15c75e5b104028aeb38f80b4b64b8b784644860518de7326a01d70040d135432,15c75e5b104028aeb38f80b4b64b8b784644860518de7326a01d70040d135432,PASS
/Volumes/quant/CY_quant_research/five_strategy_capital_scaling_rollforward_v2/combinations/OGR_independent_G100/timeline.parquet,observed_rollforward_account_not_parent_sealed,['observed_rollforward_account_not_parent_sealed'],c5862f66859479709ad796689f3dfc1360caf81e8335ee68fa345338855122b0,c5862f66859479709ad796689f3dfc1360caf81e8335ee68fa345338855122b0,PASS
/Volumes/quant/CY_quant_research/five_strategy_capital_scaling_rollforward_v2/combinations/OGR_independent_G75/account.json,observed_rollforward_account_not_parent_sealed,['observed_rollforward_account_not_parent_sealed'],bb4f0daa827d1a024c78d492714b70ddbc5498d130ab306b66142bdb2edee25d,bb4f0daa827d1a024c78d492714b70ddbc5498d130ab306b66142bdb2edee25d,PASS
/Volumes/quant/CY_quant_research/five_strategy_capital_scaling_rollforward_v2/combinations/OGR_independent_G75/atrdr_intents.parquet,observed_rollforward_account_not_parent_sealed,['observed_rollforward_account_not_parent_sealed'],976389772f44aeb74c70dd47fc3d42b886750280946a1618fe9566d8a17fa9fb,976389772f44aeb74c70dd47fc3d42b886750280946a1618fe9566d8a17fa9fb,PASS
/Volumes/quant/CY_quant_research/five_strategy_capital_scaling_rollforward_v2/combinations/OGR_independent_G75/daily.parquet,observed_rollforward_account_not_parent_sealed,['observed_rollforward_account_not_parent_sealed'],c6091eb980a29f90caf75a77c124de64542a3de9800da3136f292288d046dd8a,c6091eb980a29f90caf75a77c124de64542a3de9800da3136f292288d046dd8a,PASS
/Volumes/quant/CY_quant_research/five_strategy_capital_scaling_rollforward_v2/combinations/OGR_independent_G75/fills.parquet,observed_rollforward_account_not_parent_sealed,['observed_rollforward_account_not_parent_sealed'],7b0fd5ff79b27b2d25561f0e7425ae75121607089a9288c5d6c1593800da2d3b,7b0fd5ff79b27b2d25561f0e7425ae75121607089a9288c5d6c1593800da2d3b,PASS
/Volumes/quant/CY_quant_research/five_strategy_capital_scaling_rollforward_v2/combinations/OGR_independent_G75/home_before_funding.parquet,observed_rollforward_account_not_parent_sealed,['observed_rollforward_account_not_parent_sealed'],50d4428f82551aadef609bc2b3987bc95165439f5f768f306d7aebc380a94415,50d4428f82551aadef609bc2b3987bc95165439f5f768f306d7aebc380a94415,PASS
/Volumes/quant/CY_quant_research/five_strategy_capital_scaling_rollforward_v2/combinations/OGR_independent_G75/mcb_intents.parquet,observed_rollforward_account_not_parent_sealed,['observed_rollforward_account_not_parent_sealed'],fcbb38c0aba3f7766065cac254673e1c95df9f987532657c8ce252de3749d186,fcbb38c0aba3f7766065cac254673e1c95df9f987532657c8ce252de3749d186,PASS
/Volumes/quant/CY_quant_research/five_strategy_capital_scaling_rollforward_v2/combinations/OGR_independent_G75/ogr_intents.parquet,observed_rollforward_account_not_parent_sealed,['observed_rollforward_account_not_parent_sealed'],9df0c427fc25c0e4ad81a1d9bc9b63dafbc66fdd1b67c7ca90cf9ae9a95edfdb,9df0c427fc25c0e4ad81a1d9bc9b63dafbc66fdd1b67c7ca90cf9ae9a95edfdb,PASS
/Volumes/quant/CY_quant_research/five_strategy_capital_scaling_rollforward_v2/combinations/OGR_independent_G75/receipt.json,observed_rollforward_account_not_parent_sealed,['observed_rollforward_account_not_parent_sealed'],ac1d5c32c00e83dde88d27a5fb8698cf4d7c1d76f12838796c10c6cb2a2388ee,ac1d5c32c00e83dde88d27a5fb8698cf4d7c1d76f12838796c10c6cb2a2388ee,PASS
/Volumes/quant/CY_quant_research/five_strategy_capital_scaling_rollforward_v2/combinations/OGR_independent_G75/scaling.json,observed_rollforward_account_not_parent_sealed,['observed_rollforward_account_not_parent_sealed'],00d945fccc3c7032da74281f71a9dd3d47c6b819ba7021a05b0739a78a4aa5fe,00d945fccc3c7032da74281f71a9dd3d47c6b819ba7021a05b0739a78a4aa5fe,PASS
/Volumes/quant/CY_quant_research/five_strategy_capital_scaling_rollforward_v2/combinations/OGR_independent_G75/timeline.parquet,observed_rollforward_account_not_parent_sealed,['observed_rollforward_account_not_parent_sealed'],f3b95b8fe840fe02bff6ec92775c5bf92c5e7a714bb80641f30849077cc086c4,f3b95b8fe840fe02bff6ec92775c5bf92c5e7a714bb80641f30849077cc086c4,PASS
/Volumes/quant/CY_quant_research/five_strategy_capital_scaling_rollforward_v2/combinations/OGR_independent_NATIVE/account.json,observed_rollforward_account_not_parent_sealed,['observed_rollforward_account_not_parent_sealed'],699896c2bf839483fa22267357a231f4befd764468417b3ab9650d8fc6dd650b,699896c2bf839483fa22267357a231f4befd764468417b3ab9650d8fc6dd650b,PASS
/Volumes/quant/CY_quant_research/five_strategy_capital_scaling_rollforward_v2/combinations/OGR_independent_NATIVE/atrdr_intents.parquet,observed_rollforward_account_not_parent_sealed,['observed_rollforward_account_not_parent_sealed'],d62a9c46f7403d945285ea1195c47331767f86547becd0cafa0f438bb69c56a8,d62a9c46f7403d945285ea1195c47331767f86547becd0cafa0f438bb69c56a8,PASS
/Volumes/quant/CY_quant_research/five_strategy_capital_scaling_rollforward_v2/combinations/OGR_independent_NATIVE/daily.parquet,observed_rollforward_account_not_parent_sealed,['observed_rollforward_account_not_parent_sealed'],d89c40ea3f208f1ad6d0946d70d89367a7ad807cbd129284f761698eeaf5ff47,d89c40ea3f208f1ad6d0946d70d89367a7ad807cbd129284f761698eeaf5ff47,PASS
/Volumes/quant/CY_quant_research/five_strategy_capital_scaling_rollforward_v2/combinations/OGR_independent_NATIVE/fills.parquet,observed_rollforward_account_not_parent_sealed,['observed_rollforward_account_not_parent_sealed'],22756a3b0c94bd08631fb5995086411c5650579f2e588215fb8ae6f68c9e8640,22756a3b0c94bd08631fb5995086411c5650579f2e588215fb8ae6f68c9e8640,PASS
/Volumes/quant/CY_quant_research/five_strategy_capital_scaling_rollforward_v2/combinations/OGR_independent_NATIVE/home_before_funding.parquet,observed_rollforward_account_not_parent_sealed,['observed_rollforward_account_not_parent_sealed'],a65addc62cfe5d607db2175dee742234194b6a0cc0b5763cf0fe7efd36d9a13b,a65addc62cfe5d607db2175dee742234194b6a0cc0b5763cf0fe7efd36d9a13b,PASS
/Volumes/quant/CY_quant_research/five_strategy_capital_scaling_rollforward_v2/combinations/OGR_independent_NATIVE/mcb_intents.parquet,observed_rollforward_account_not_parent_sealed,['observed_rollforward_account_not_parent_sealed'],4abfcd48a63862c259f580652c44c9380a0892e9fdd283da86a027c3cc600061,4abfcd48a63862c259f580652c44c9380a0892e9fdd283da86a027c3cc600061,PASS
/Volumes/quant/CY_quant_research/five_strategy_capital_scaling_rollforward_v2/combinations/OGR_independent_NATIVE/ogr_intents.parquet,observed_rollforward_account_not_parent_sealed,['observed_rollforward_account_not_parent_sealed'],c131f95655750a0a678b6755d3fa2be0e07fe50f20459fde0bdb65d02f3cd304,c131f95655750a0a678b6755d3fa2be0e07fe50f20459fde0bdb65d02f3cd304,PASS
/Volumes/quant/CY_quant_research/five_strategy_capital_scaling_rollforward_v2/combinations/OGR_independent_NATIVE/receipt.json,observed_rollforward_account_not_parent_sealed,['observed_rollforward_account_not_parent_sealed'],b5722f3665e1548257cc4988a7fbf64226e80835dd28c4db57aff871ff23f72a,b5722f3665e1548257cc4988a7fbf64226e80835dd28c4db57aff871ff23f72a,PASS
/Volumes/quant/CY_quant_research/five_strategy_capital_scaling_rollforward_v2/combinations/OGR_independent_NATIVE/timeline.parquet,observed_rollforward_account_not_parent_sealed,['observed_rollforward_account_not_parent_sealed'],ee0d95ff458ebf7b250a4ae3af002f55355e29a6cdf1a6bed73755be2396fb09,ee0d95ff458ebf7b250a4ae3af002f55355e29a6cdf1a6bed73755be2396fb09,PASS
/Volumes/quant/CY_quant_research/five_strategy_capital_scaling_rollforward_v2/daily.parquet,rollforward_panel_schema_evidence,['rollforward_panel_schema_evidence'],b7488f9e1cd0605994f7d54c822f383a48f87f5106c20b1af480a5ebf2d6ede5,b7488f9e1cd0605994f7d54c822f383a48f87f5106c20b1af480a5ebf2d6ede5,PASS
/Volumes/quant/CY_quant_research/five_strategy_capital_scaling_rollforward_v2/ifcgr/causal_routes.parquet,continuous_identity_extension,['continuous_identity_extension'],63681e945612bc1b0a5c4fe64cf78b587157fecea83bb86deb7a30c82705d321,63681e945612bc1b0a5c4fe64cf78b587157fecea83bb86deb7a30c82705d321,PASS
/Volumes/quant/CY_quant_research/five_strategy_capital_scaling_rollforward_v2/ifcgr/classified.parquet,continuous_identity_extension,['continuous_identity_extension'],99c842bfade6e8c9745dfd81e4be485dc3531d683446a1c91dc3eb19b2004be7,99c842bfade6e8c9745dfd81e4be485dc3531d683446a1c91dc3eb19b2004be7,PASS
/Volumes/quant/CY_quant_research/five_strategy_capital_scaling_rollforward_v2/ifcgr/rejected_post2023.parquet,continuous_identity_extension,['continuous_identity_extension'],539fe78e1e8bcadc829ff5c061f5da02dfa9508774347e01060d767b7ec0f66b,539fe78e1e8bcadc829ff5c061f5da02dfa9508774347e01060d767b7ec0f66b,PASS
/Volumes/quant/CY_quant_research/five_strategy_capital_scaling_rollforward_v2/ifcgr/signals_post2023.parquet,continuous_identity_extension,['continuous_identity_extension'],803fafad01dbd93c87dc112caa1bec02aaf509453ddbb09bb1aef19e401dd055,803fafad01dbd93c87dc112caa1bec02aaf509453ddbb09bb1aef19e401dd055,PASS
/Volumes/quant/CY_quant_research/five_strategy_capital_scaling_rollforward_v2/ogr/entries_post2023.parquet,continuous_identity_extension,['continuous_identity_extension'],5331784eb5e7365300d3e1958dd663ca11fe36421710a33db708d33c1a328a77,5331784eb5e7365300d3e1958dd663ca11fe36421710a33db708d33c1a328a77,PASS
/Volumes/quant/CY_quant_research/five_strategy_capital_scaling_rollforward_v2/ogr/outcomes_post2023.parquet,continuous_identity_extension,['continuous_identity_extension'],c59165e140b1ede662ad3de5e2cf60b0d433ec42be03029b83f1c3ff18521376,c59165e140b1ede662ad3de5e2cf60b0d433ec42be03029b83f1c3ff18521376,PASS
/Volumes/quant/CY_quant_research/five_strategy_capital_scaling_rollforward_v2/ogr/select_v28_post2023.parquet,continuous_identity_extension,['continuous_identity_extension'],48cdd168bbca047259b92bbdeff5f206482dba432cdc5b2521b709b36d0c3c79,48cdd168bbca047259b92bbdeff5f206482dba432cdc5b2521b709b36d0c3c79,PASS
/Volumes/quant/CY_quant_research/five_strategy_capital_scaling_rollforward_v2/ogr/select_v28r1_post2023.parquet,continuous_identity_extension,['continuous_identity_extension'],007dd8ae650719779169edae9dd61fbb584e756854e06a42517ca3340ea9aa05,007dd8ae650719779169edae9dd61fbb584e756854e06a42517ca3340ea9aa05,PASS
/Volumes/quant/CY_quant_research/five_strategy_capital_scaling_rollforward_v2/ogr/select_v28r2_post2023.parquet,continuous_identity_extension,['continuous_identity_extension'],b6c7b297b7f356b590a19ed98908226cdeba4985bda8933994714a9a0d4f1edd,b6c7b297b7f356b590a19ed98908226cdeba4985bda8933994714a9a0d4f1edd,PASS
/Volumes/quant/CY_quant_research/five_strategy_capital_scaling_rollforward_v2/ogr/signals_post2023.parquet,continuous_identity_extension,['continuous_identity_extension'],b6c7b297b7f356b590a19ed98908226cdeba4985bda8933994714a9a0d4f1edd,b6c7b297b7f356b590a19ed98908226cdeba4985bda8933994714a9a0d4f1edd,PASS
/Volumes/quant/CY_quant_research/five_strategy_capital_scaling_rollforward_v2/ogr/v13_post2023_candidates.parquet,continuous_identity_extension,['continuous_identity_extension'],f322d7fc60d8682c2049576957d472c3d375153823ef6179370475fdd98caf7e,f322d7fc60d8682c2049576957d472c3d375153823ef6179370475fdd98caf7e,PASS
/Volumes/quant/CY_quant_research/five_strategy_capital_scaling_rollforward_v2/ogr/v13_pre_gap_days.parquet,continuous_identity_extension,['continuous_identity_extension'],7221f75f509b4dc1d4a68986da3277b59e6c40763a981dbd28a5e6f0aa705cf2,7221f75f509b4dc1d4a68986da3277b59e6c40763a981dbd28a5e6f0aa705cf2,PASS
/Volumes/quant/CY_quant_research/five_strategy_capital_scaling_rollforward_v2/ogr/v13_signals.parquet,continuous_identity_extension,['continuous_identity_extension'],25fe543aa1bd52e65cd503f6bb4b67f4a9a32ec38679421899759cb160c4453a,25fe543aa1bd52e65cd503f6bb4b67f4a9a32ec38679421899759cb160c4453a,PASS
/Volumes/quant/CY_quant_research/five_strategy_capital_scaling_rollforward_v2/ogr/v27_pre_vap_candidates.parquet,continuous_identity_extension,['continuous_identity_extension'],97f21cf983e1ab2283948ace2a19a00a2e13fcb74c7118a552854ade66f264df,97f21cf983e1ab2283948ace2a19a00a2e13fcb74c7118a552854ade66f264df,PASS
/Volumes/quant/CY_quant_research/five_strategy_capital_scaling_rollforward_v2/smv6/availability.parquet,continuous_identity_extension,['continuous_identity_extension'],cac05e932282971905f87049e5492b83baf035eb263cb8c87ae3b425dbd2fd4b,cac05e932282971905f87049e5492b83baf035eb263cb8c87ae3b425dbd2fd4b,PASS
/Volumes/quant/CY_quant_research/five_strategy_capital_scaling_rollforward_v2/smv6/continuous_events.parquet,continuous_identity_extension,['continuous_identity_extension'],636104a3b0e2ba4861d0236188dd0f78dfbe2430017c382c8997da4c71b6aebf,636104a3b0e2ba4861d0236188dd0f78dfbe2430017c382c8997da4c71b6aebf,PASS
/Volumes/quant/CY_quant_research/five_strategy_capital_scaling_rollforward_v2/smv6/continuous_nav.parquet,continuous_identity_extension,['continuous_identity_extension'],76b480c8eecb063cb9da2037aa140862ea34a9813e630b334301c8eaec16f245,76b480c8eecb063cb9da2037aa140862ea34a9813e630b334301c8eaec16f245,PASS
/Volumes/quant/CY_quant_research/five_strategy_capital_scaling_rollforward_v2/smv6/daily/symbol=000852.SH/daily.parquet,continuous_identity_extension,['continuous_identity_extension'],3b05a952cc4e32c26c127d03020d130b8b4f828c84863211849933518c2df94d,3b05a952cc4e32c26c127d03020d130b8b4f828c84863211849933518c2df94d,PASS
/Volumes/quant/CY_quant_research/five_strategy_capital_scaling_rollforward_v2/smv6/daily/symbol=159141.SZ/daily.parquet,continuous_identity_extension,['continuous_identity_extension'],228af7657a69e957b3aa263cc09d98ed2c4a69c778a3432321fee0431a3f13d9,228af7657a69e957b3aa263cc09d98ed2c4a69c778a3432321fee0431a3f13d9,PASS
/Volumes/quant/CY_quant_research/five_strategy_capital_scaling_rollforward_v2/smv6/daily/symbol=159201.SZ/daily.parquet,continuous_identity_extension,['continuous_identity_extension'],13da79a3e8534c4046c2466cc631596ede7504bb98c2fb977622279c76d435f6,13da79a3e8534c4046c2466cc631596ede7504bb98c2fb977622279c76d435f6,PASS
/Volumes/quant/CY_quant_research/five_strategy_capital_scaling_rollforward_v2/smv6/daily/symbol=159206.SZ/daily.parquet,continuous_identity_extension,['continuous_identity_extension'],31b308c549ab82937421932e6e749729278496460b74678063445ff9329552e6,31b308c549ab82937421932e6e749729278496460b74678063445ff9329552e6,PASS
/Volumes/quant/CY_quant_research/five_strategy_capital_scaling_rollforward_v2/smv6/daily/symbol=159207.SZ/daily.parquet,continuous_identity_extension,['continuous_identity_extension'],d88deb2482124eea2a19f7a6b964a6201f96a085ee985ee947a3baaeacf97758,d88deb2482124eea2a19f7a6b964a6201f96a085ee985ee947a3baaeacf97758,PASS
/Volumes/quant/CY_quant_research/five_strategy_capital_scaling_rollforward_v2/smv6/daily/symbol=159209.SZ/daily.parquet,continuous_identity_extension,['continuous_identity_extension'],f5053dd35b6f0cde989601aa7305312aa6c18fb6126a30b76f6c3de432caa27d,f5053dd35b6f0cde989601aa7305312aa6c18fb6126a30b76f6c3de432caa27d,PASS
/Volumes/quant/CY_quant_research/five_strategy_capital_scaling_rollforward_v2/smv6/daily/symbol=159227.SZ/daily.parquet,continuous_identity_extension,['continuous_identity_extension'],509e99c0577f2e8efe0bd416288222827013dc42af7b9cd7bf99e6fae36bddbf,509e99c0577f2e8efe0bd416288222827013dc42af7b9cd7bf99e6fae36bddbf,PASS
/Volumes/quant/CY_quant_research/five_strategy_capital_scaling_rollforward_v2/smv6/daily/symbol=159235.SZ/daily.parquet,continuous_identity_extension,['continuous_identity_extension'],b8c2802e34c6dcdccfb7ac9be870b5d8ff8546b676bf81fc6db7273c7609d16a,b8c2802e34c6dcdccfb7ac9be870b5d8ff8546b676bf81fc6db7273c7609d16a,PASS
/Volumes/quant/CY_quant_research/five_strategy_capital_scaling_rollforward_v2/smv6/daily/symbol=159259.SZ/daily.parquet,continuous_identity_extension,['continuous_identity_extension'],069a4a40301592021459694c35edb99a6850ee015f3fbdc9f5b22210a64dc197,069a4a40301592021459694c35edb99a6850ee015f3fbdc9f5b22210a64dc197,PASS
/Volumes/quant/CY_quant_research/five_strategy_capital_scaling_rollforward_v2/smv6/daily/symbol=159263.SZ/daily.parquet,continuous_identity_extension,['continuous_identity_extension'],a9545eda2177c01f73b08ceb7a4af951d5c392efc755ac7ae9f1e6e591a843b8,a9545eda2177c01f73b08ceb7a4af951d5c392efc755ac7ae9f1e6e591a843b8,PASS
/Volumes/quant/CY_quant_research/five_strategy_capital_scaling_rollforward_v2/smv6/daily/symbol=159307.SZ/daily.parquet,continuous_identity_extension,['continuous_identity_extension'],f0d729792e6453aac4f0711c00c1e704f252ac2e265661b97a9d0705943ca121,f0d729792e6453aac4f0711c00c1e704f252ac2e265661b97a9d0705943ca121,PASS
/Volumes/quant/CY_quant_research/five_strategy_capital_scaling_rollforward_v2/smv6/daily/symbol=159325.SZ/daily.parquet,continuous_identity_extension,['continuous_identity_extension'],dbe90ca16a6e587f349cc7a3fcc2de052f8958fec5415f9fd802d5db56c1e6b3,dbe90ca16a6e587f349cc7a3fcc2de052f8958fec5415f9fd802d5db56c1e6b3,PASS
/Volumes/quant/CY_quant_research/five_strategy_capital_scaling_rollforward_v2/smv6/daily/symbol=159326.SZ/daily.parquet,continuous_identity_extension,['continuous_identity_extension'],2d2a525d4ca2146d16abc2ab05b17a669d9126aa7d9fbde285465000b47842d0,2d2a525d4ca2146d16abc2ab05b17a669d9126aa7d9fbde285465000b47842d0,PASS
/Volumes/quant/CY_quant_research/five_strategy_capital_scaling_rollforward_v2/smv6/daily/symbol=159363.SZ/daily.parquet,continuous_identity_extension,['continuous_identity_extension'],0f515e15187f0732a65e4c1ba3442e9210d33335060ecd74f293823c2ae23ead,0f515e15187f0732a65e4c1ba3442e9210d33335060ecd74f293823c2ae23ead,PASS
/Volumes/quant/CY_quant_research/five_strategy_capital_scaling_rollforward_v2/smv6/daily/symbol=159387.SZ/daily.parquet,continuous_identity_extension,['continuous_identity_extension'],7f970a015f824ee4fe69641c65d13b7b71adba9c96c1d448fc5b0ed43a7d8462,7f970a015f824ee4fe69641c65d13b7b71adba9c96c1d448fc5b0ed43a7d8462,PASS
/Volumes/quant/CY_quant_research/five_strategy_capital_scaling_rollforward_v2/smv6/daily/symbol=159399.SZ/daily.parquet,continuous_identity_extension,['continuous_identity_extension'],08168d45fbc6baa2d5deb3b393566775cefc9ed8db775cc3bb91776bc4e82837,08168d45fbc6baa2d5deb3b393566775cefc9ed8db775cc3bb91776bc4e82837,PASS
/Volumes/quant/CY_quant_research/five_strategy_capital_scaling_rollforward_v2/smv6/daily/symbol=159516.SZ/daily.parquet,continuous_identity_extension,['continuous_identity_extension'],29225592407346900e4a34405b7909091850a2d97dc828625d2d89632cc70c1c,29225592407346900e4a34405b7909091850a2d97dc828625d2d89632cc70c1c,PASS
/Volumes/quant/CY_quant_research/five_strategy_capital_scaling_rollforward_v2/smv6/daily/symbol=159530.SZ/daily.parquet,continuous_identity_extension,['continuous_identity_extension'],52e851c8e9145d726f0a8c22d6913d667ee727613ee16c288a8e5424f2b41480,52e851c8e9145d726f0a8c22d6913d667ee727613ee16c288a8e5424f2b41480,PASS
/Volumes/quant/CY_quant_research/five_strategy_capital_scaling_rollforward_v2/smv6/daily/symbol=159562.SZ/daily.parquet,continuous_identity_extension,['continuous_identity_extension'],c48c5f3d155b2d12c0af706f9a93faa1c915043dde5b015d2a2502b9938b9083,c48c5f3d155b2d12c0af706f9a93faa1c915043dde5b015d2a2502b9938b9083,PASS
/Volumes/quant/CY_quant_research/five_strategy_capital_scaling_rollforward_v2/smv6/daily/symbol=159566.SZ/daily.parquet,continuous_identity_extension,['continuous_identity_extension'],f2ba5ba20cca786f15a6f9884c28256bafe2ec7aae5bdf96c5d59fc8aac260bb,f2ba5ba20cca786f15a6f9884c28256bafe2ec7aae5bdf96c5d59fc8aac260bb,PASS
/Volumes/quant/CY_quant_research/five_strategy_capital_scaling_rollforward_v2/smv6/daily/symbol=159583.SZ/daily.parquet,continuous_identity_extension,['continuous_identity_extension'],abbbdffcaf3c86bf2fee9da5a676de543cc7905912dce2f3326e6355f797ab07,abbbdffcaf3c86bf2fee9da5a676de543cc7905912dce2f3326e6355f797ab07,PASS
/Volumes/quant/CY_quant_research/five_strategy_capital_scaling_rollforward_v2/smv6/daily/symbol=159593.SZ/daily.parquet,continuous_identity_extension,['continuous_identity_extension'],b30afc836ab8963bc245f3ab56200150fd0f861e4ee2864502a896729e2a3433,b30afc836ab8963bc245f3ab56200150fd0f861e4ee2864502a896729e2a3433,PASS
/Volumes/quant/CY_quant_research/five_strategy_capital_scaling_rollforward_v2/smv6/daily/symbol=159601.SZ/daily.parquet,continuous_identity_extension,['continuous_identity_extension'],25c7b348c32c9562f37635212c4bb07ccacf591f0e10775159edf5f749e89bc1,25c7b348c32c9562f37635212c4bb07ccacf591f0e10775159edf5f749e89bc1,PASS
/Volumes/quant/CY_quant_research/five_strategy_capital_scaling_rollforward_v2/smv6/daily/symbol=159611.SZ/daily.parquet,continuous_identity_extension,['continuous_identity_extension'],aff8782c6d13a42e8cc3c8c90f57bd843f8a26beaf6a04132d57c3d4417e1c29,aff8782c6d13a42e8cc3c8c90f57bd843f8a26beaf6a04132d57c3d4417e1c29,PASS
/Volumes/quant/CY_quant_research/five_strategy_capital_scaling_rollforward_v2/smv6/daily/symbol=159622.SZ/daily.parquet,continuous_identity_extension,['continuous_identity_extension'],1cfeab7b6ed147ebd758fcdccc43c2dfad7957272b93c7252497804f159f8a84,1cfeab7b6ed147ebd758fcdccc43c2dfad7957272b93c7252497804f159f8a84,PASS
/Volumes/quant/CY_quant_research/five_strategy_capital_scaling_rollforward_v2/smv6/daily/symbol=159623.SZ/daily.parquet,continuous_identity_extension,['continuous_identity_extension'],6c6e61bccc181f753d2786ec5c646840e983625895820c6f0ee0d9be0cd2e870,6c6e61bccc181f753d2786ec5c646840e983625895820c6f0ee0d9be0cd2e870,PASS
/Volumes/quant/CY_quant_research/five_strategy_capital_scaling_rollforward_v2/smv6/daily/symbol=159625.SZ/daily.parquet,continuous_identity_extension,['continuous_identity_extension'],a774f63a4dbe62bfcbbd6138952b8c9badca039e4320412262447330e833dd0f,a774f63a4dbe62bfcbbd6138952b8c9badca039e4320412262447330e833dd0f,PASS
/Volumes/quant/CY_quant_research/five_strategy_capital_scaling_rollforward_v2/smv6/daily/symbol=159638.SZ/daily.parquet,continuous_identity_extension,['continuous_identity_extension'],2c840d554c618ac97d39eb62372b6ab22bd0c5a9309936ece89f31ba1d2510d4,2c840d554c618ac97d39eb62372b6ab22bd0c5a9309936ece89f31ba1d2510d4,PASS
/Volumes/quant/CY_quant_research/five_strategy_capital_scaling_rollforward_v2/smv6/daily/symbol=159667.SZ/daily.parquet,continuous_identity_extension,['continuous_identity_extension'],fb967542688d48050d4473d77dbad4757f316af6918e932f04fd011c5263f5d0,fb967542688d48050d4473d77dbad4757f316af6918e932f04fd011c5263f5d0,PASS
/Volumes/quant/CY_quant_research/five_strategy_capital_scaling_rollforward_v2/smv6/daily/symbol=159680.SZ/daily.parquet,continuous_identity_extension,['continuous_identity_extension'],6215f38075d67f834469095277f67e803bbc8e4f66935574a42931cbcffc0a21,6215f38075d67f834469095277f67e803bbc8e4f66935574a42931cbcffc0a21,PASS
/Volumes/quant/CY_quant_research/five_strategy_capital_scaling_rollforward_v2/smv6/daily/symbol=159692.SZ/daily.parquet,continuous_identity_extension,['continuous_identity_extension'],5b1b0a7f4de8b69af85af5a9d1f500a0abaf218a86eb334189bb0bcf852630e7,5b1b0a7f4de8b69af85af5a9d1f500a0abaf218a86eb334189bb0bcf852630e7,PASS
/Volumes/quant/CY_quant_research/five_strategy_capital_scaling_rollforward_v2/smv6/daily/symbol=159697.SZ/daily.parquet,continuous_identity_extension,['continuous_identity_extension'],7df47887969b3e790b216bcd7623375d35dd65d405670122748bffca72c1bce0,7df47887969b3e790b216bcd7623375d35dd65d405670122748bffca72c1bce0,PASS
/Volumes/quant/CY_quant_research/five_strategy_capital_scaling_rollforward_v2/smv6/daily/symbol=159732.SZ/daily.parquet,continuous_identity_extension,['continuous_identity_extension'],13cd0ebd396c399305b733bf94fbca7bc5c11decdf4b8130b986492991da26ef,13cd0ebd396c399305b733bf94fbca7bc5c11decdf4b8130b986492991da26ef,PASS
/Volumes/quant/CY_quant_research/five_strategy_capital_scaling_rollforward_v2/smv6/daily/symbol=159736.SZ/daily.parquet,continuous_identity_extension,['continuous_identity_extension'],97ae42c9d5f138c66aa856ea2ce916958223fa5ae4283d4bd779f35e5b0ec51d,97ae42c9d5f138c66aa856ea2ce916958223fa5ae4283d4bd779f35e5b0ec51d,PASS
/Volumes/quant/CY_quant_research/five_strategy_capital_scaling_rollforward_v2/smv6/daily/symbol=159755.SZ/daily.parquet,continuous_identity_extension,['continuous_identity_extension'],a5a9a8f6018f9f750b1c70dccce892d849579a128573e8624e5437706bc60979,a5a9a8f6018f9f750b1c70dccce892d849579a128573e8624e5437706bc60979,PASS
/Volumes/quant/CY_quant_research/five_strategy_capital_scaling_rollforward_v2/smv6/daily/symbol=159758.SZ/daily.parquet,continuous_identity_extension,['continuous_identity_extension'],221f37f414e7c509ca389af9b7a61fcee6a1978c6aab7259954ada1212959fbf,221f37f414e7c509ca389af9b7a61fcee6a1978c6aab7259954ada1212959fbf,PASS
/Volumes/quant/CY_quant_research/five_strategy_capital_scaling_rollforward_v2/smv6/daily/symbol=159766.SZ/daily.parquet,continuous_identity_extension,['continuous_identity_extension'],eda27ceb20fbc3abcfdae7311fc481b478e1e4aaa99c22ad5506d4154277dd9c,eda27ceb20fbc3abcfdae7311fc481b478e1e4aaa99c22ad5506d4154277dd9c,PASS
/Volumes/quant/CY_quant_research/five_strategy_capital_scaling_rollforward_v2/smv6/daily/symbol=159781.SZ/daily.parquet,continuous_identity_extension,['continuous_identity_extension'],c64f70d40c3be27469e6d06f1cfdfe3a6cae807eead296dbc7103a98242969ef,c64f70d40c3be27469e6d06f1cfdfe3a6cae807eead296dbc7103a98242969ef,PASS
/Volumes/quant/CY_quant_research/five_strategy_capital_scaling_rollforward_v2/smv6/daily/symbol=159790.SZ/daily.parquet,continuous_identity_extension,['continuous_identity_extension'],49d3bfcafb330f5282f3d972dc957f55addbceabbfe488ebc50fac557fedffb1,49d3bfcafb330f5282f3d972dc957f55addbceabbfe488ebc50fac557fedffb1,PASS
/Volumes/quant/CY_quant_research/five_strategy_capital_scaling_rollforward_v2/smv6/daily/symbol=159796.SZ/daily.parquet,continuous_identity_extension,['continuous_identity_extension'],04a483f7a8abdfea0b9db88c1a97ce146b1f359495d6b391c4a7175b4a8bf497,04a483f7a8abdfea0b9db88c1a97ce146b1f359495d6b391c4a7175b4a8bf497,PASS
/Volumes/quant/CY_quant_research/five_strategy_capital_scaling_rollforward_v2/smv6/daily/symbol=159819.SZ/daily.parquet,continuous_identity_extension,['continuous_identity_extension'],39d2b24cb256f3ad143f33936e91f3078898b87903a2494951cf9cacad1369f7,39d2b24cb256f3ad143f33936e91f3078898b87903a2494951cf9cacad1369f7,PASS
/Volumes/quant/CY_quant_research/five_strategy_capital_scaling_rollforward_v2/smv6/daily/symbol=159825.SZ/daily.parquet,continuous_identity_extension,['continuous_identity_extension'],ed805b3e64b02938f689f6526adf3c31701fd419b6922f9f4e50afbf1afa7c48,ed805b3e64b02938f689f6526adf3c31701fd419b6922f9f4e50afbf1afa7c48,PASS
/Volumes/quant/CY_quant_research/five_strategy_capital_scaling_rollforward_v2/smv6/daily/symbol=159837.SZ/daily.parquet,continuous_identity_extension,['continuous_identity_extension'],b301e6705f33126c56dfd7147bf9eaf6ab6dab25dbac66bd7e5cba3b2e0b10f6,b301e6705f33126c56dfd7147bf9eaf6ab6dab25dbac66bd7e5cba3b2e0b10f6,PASS
/Volumes/quant/CY_quant_research/five_strategy_capital_scaling_rollforward_v2/smv6/daily/symbol=159851.SZ/daily.parquet,continuous_identity_extension,['continuous_identity_extension'],6bec477dddeb2401d3f6a0f38ed226893a946bc5fd65e0252e02fc8010c8e507,6bec477dddeb2401d3f6a0f38ed226893a946bc5fd65e0252e02fc8010c8e507,PASS
/Volumes/quant/CY_quant_research/five_strategy_capital_scaling_rollforward_v2/smv6/daily/symbol=159852.SZ/daily.parquet,continuous_identity_extension,['continuous_identity_extension'],443f36ba1eb25f05d39585b3e879dc027e12ed84064092832ba9f3e57e1fe1d1,443f36ba1eb25f05d39585b3e879dc027e12ed84064092832ba9f3e57e1fe1d1,PASS
/Volumes/quant/CY_quant_research/five_strategy_capital_scaling_rollforward_v2/smv6/daily/symbol=159859.SZ/daily.parquet,continuous_identity_extension,['continuous_identity_extension'],533ac95ee066325cc840404b6c76df28a49717991a73bf0912c988fa077f1c76,533ac95ee066325cc840404b6c76df28a49717991a73bf0912c988fa077f1c76,PASS
/Volumes/quant/CY_quant_research/five_strategy_capital_scaling_rollforward_v2/smv6/daily/symbol=159865.SZ/daily.parquet,continuous_identity_extension,['continuous_identity_extension'],e104c0eebab880a266be56bc401a665ade56fca47464647387edf9ccc94859d7,e104c0eebab880a266be56bc401a665ade56fca47464647387edf9ccc94859d7,PASS
/Volumes/quant/CY_quant_research/five_strategy_capital_scaling_rollforward_v2/smv6/daily/symbol=159869.SZ/daily.parquet,continuous_identity_extension,['continuous_identity_extension'],91cc381761cc094d54fbe5f02e0d3ddf9e320b3e891b9529486f0342ebe30786,91cc381761cc094d54fbe5f02e0d3ddf9e320b3e891b9529486f0342ebe30786,PASS
/Volumes/quant/CY_quant_research/five_strategy_capital_scaling_rollforward_v2/smv6/daily/symbol=159870.SZ/daily.parquet,continuous_identity_extension,['continuous_identity_extension'],201d4f3459b0983fb4919a565a58f590e699893f79b9cde2c8cab0318d9b2865,201d4f3459b0983fb4919a565a58f590e699893f79b9cde2c8cab0318d9b2865,PASS
/Volumes/quant/CY_quant_research/five_strategy_capital_scaling_rollforward_v2/smv6/daily/symbol=159876.SZ/daily.parquet,continuous_identity_extension,['continuous_identity_extension'],ba75ae56a2f6eccf3e93d13b50d9a8519e0d024ee3c1cc09b77e857ecb366d40,ba75ae56a2f6eccf3e93d13b50d9a8519e0d024ee3c1cc09b77e857ecb366d40,PASS
/Volumes/quant/CY_quant_research/five_strategy_capital_scaling_rollforward_v2/smv6/daily/symbol=159880.SZ/daily.parquet,continuous_identity_extension,['continuous_identity_extension'],e7ef6ec9b4f8f036470fce575e1f640157025eb442b750099fa73475f36a8544,e7ef6ec9b4f8f036470fce575e1f640157025eb442b750099fa73475f36a8544,PASS
/Volumes/quant/CY_quant_research/five_strategy_capital_scaling_rollforward_v2/smv6/daily/symbol=159883.SZ/daily.parquet,continuous_identity_extension,['continuous_identity_extension'],85cddd645cd0efb6eeaddf14839f0aaf1496962d0abf06a10fff655291a52290,85cddd645cd0efb6eeaddf14839f0aaf1496962d0abf06a10fff655291a52290,PASS
/Volumes/quant/CY_quant_research/five_strategy_capital_scaling_rollforward_v2/smv6/daily/symbol=159901.SZ/daily.parquet,continuous_identity_extension,['continuous_identity_extension'],16416bfc0ead3a8acb0e1dc0a727b7ae2c1d1e6ac82eedb1b2bcb4d1d916f230,16416bfc0ead3a8acb0e1dc0a727b7ae2c1d1e6ac82eedb1b2bcb4d1d916f230,PASS
/Volumes/quant/CY_quant_research/five_strategy_capital_scaling_rollforward_v2/smv6/daily/symbol=159905.SZ/daily.parquet,continuous_identity_extension,['continuous_identity_extension'],a25b6cb35491eac431a768a1803cd85c11fadcb4c885dec4238e47b81d73295f,a25b6cb35491eac431a768a1803cd85c11fadcb4c885dec4238e47b81d73295f,PASS
/Volumes/quant/CY_quant_research/five_strategy_capital_scaling_rollforward_v2/smv6/daily/symbol=159915.SZ/daily.parquet,continuous_identity_extension,['continuous_identity_extension'],819e026c6f7f3196a0965ffb696d00027e2227e2635f469449b38ddaaad88e4f,819e026c6f7f3196a0965ffb696d00027e2227e2635f469449b38ddaaad88e4f,PASS
/Volumes/quant/CY_quant_research/five_strategy_capital_scaling_rollforward_v2/smv6/daily/symbol=159928.SZ/daily.parquet,continuous_identity_extension,['continuous_identity_extension'],656f3bdaa8726acfc1abc9dcd60b2b6fbd30d65f6fca07b72a63bc39757b8de5,656f3bdaa8726acfc1abc9dcd60b2b6fbd30d65f6fca07b72a63bc39757b8de5,PASS
/Volumes/quant/CY_quant_research/five_strategy_capital_scaling_rollforward_v2/smv6/daily/symbol=159929.SZ/daily.parquet,continuous_identity_extension,['continuous_identity_extension'],cc0a04a916b928670b619888860602226eb93ce5dd87cadac39521129116754f,cc0a04a916b928670b619888860602226eb93ce5dd87cadac39521129116754f,PASS
/Volumes/quant/CY_quant_research/five_strategy_capital_scaling_rollforward_v2/smv6/daily/symbol=159938.SZ/daily.parquet,continuous_identity_extension,['continuous_identity_extension'],9799580afa883bb458ad5e89ff1ccff82369185bcc3a26d4830cfb976a70677a,9799580afa883bb458ad5e89ff1ccff82369185bcc3a26d4830cfb976a70677a,PASS
/Volumes/quant/CY_quant_research/five_strategy_capital_scaling_rollforward_v2/smv6/daily/symbol=159949.SZ/daily.parquet,continuous_identity_extension,['continuous_identity_extension'],54625badc858d462c7e0f5cb1617fb6a8e94007b3530ed638cb1556216e11422,54625badc858d462c7e0f5cb1617fb6a8e94007b3530ed638cb1556216e11422,PASS
/Volumes/quant/CY_quant_research/five_strategy_capital_scaling_rollforward_v2/smv6/daily/symbol=159967.SZ/daily.parquet,continuous_identity_extension,['continuous_identity_extension'],fd36c40d4bc7beb88eccec6afb56eac6a0d0626a456cf2eabcadf3b269e7b677,fd36c40d4bc7beb88eccec6afb56eac6a0d0626a456cf2eabcadf3b269e7b677,PASS
/Volumes/quant/CY_quant_research/five_strategy_capital_scaling_rollforward_v2/smv6/daily/symbol=159980.SZ/daily.parquet,continuous_identity_extension,['continuous_identity_extension'],689f5f0e12e40b4d34c7b47b99bdbf9a7a125da742b4f6ec95742c0e7d4ce9ba,689f5f0e12e40b4d34c7b47b99bdbf9a7a125da742b4f6ec95742c0e7d4ce9ba,PASS
/Volumes/quant/CY_quant_research/five_strategy_capital_scaling_rollforward_v2/smv6/daily/symbol=159992.SZ/daily.parquet,continuous_identity_extension,['continuous_identity_extension'],9235de470d0c0512f014f0b8f4b8373860e54df6c6cc5a798393fe8c65306d3b,9235de470d0c0512f014f0b8f4b8373860e54df6c6cc5a798393fe8c65306d3b,PASS
/Volumes/quant/CY_quant_research/five_strategy_capital_scaling_rollforward_v2/smv6/daily/symbol=159993.SZ/daily.parquet,continuous_identity_extension,['continuous_identity_extension'],f5d7c5aa03daac8169aca6548ef16cd02eb828fc497debaa09e71b12aba9d6ba,f5d7c5aa03daac8169aca6548ef16cd02eb828fc497debaa09e71b12aba9d6ba,PASS
/Volumes/quant/CY_quant_research/five_strategy_capital_scaling_rollforward_v2/smv6/daily/symbol=159995.SZ/daily.parquet,continuous_identity_extension,['continuous_identity_extension'],591a4c7c4d69ace5f5cb31ce0c2eed725be4f1e9fac30ce55997b4fffc644fb3,591a4c7c4d69ace5f5cb31ce0c2eed725be4f1e9fac30ce55997b4fffc644fb3,PASS
/Volumes/quant/CY_quant_research/five_strategy_capital_scaling_rollforward_v2/smv6/daily/symbol=159997.SZ/daily.parquet,continuous_identity_extension,['continuous_identity_extension'],9fbb85efb8d0b8e3dd6d846e66835e8243224b394d8ae3dc3e77ea8bbf2488fe,9fbb85efb8d0b8e3dd6d846e66835e8243224b394d8ae3dc3e77ea8bbf2488fe,PASS
/Volumes/quant/CY_quant_research/five_strategy_capital_scaling_rollforward_v2/smv6/daily/symbol=159998.SZ/daily.parquet,continuous_identity_extension,['continuous_identity_extension'],1248f71904702e1123bec666f849b12f5cac876a020685331cabaf9f2b8f7185,1248f71904702e1123bec666f849b12f5cac876a020685331cabaf9f2b8f7185,PASS
/Volumes/quant/CY_quant_research/five_strategy_capital_scaling_rollforward_v2/smv6/daily/symbol=510050.SH/daily.parquet,continuous_identity_extension,['continuous_identity_extension'],1570edae36213c0c77124a60bdaf699484c7026a249f8a3b065ec43b29d06bae,1570edae36213c0c77124a60bdaf699484c7026a249f8a3b065ec43b29d06bae,PASS
/Volumes/quant/CY_quant_research/five_strategy_capital_scaling_rollforward_v2/smv6/daily/symbol=510150.SH/daily.parquet,continuous_identity_extension,['continuous_identity_extension'],1f2f20b2811bb030d4ea480f2a788355febdfc4afd1b58f477bc19d6ce3c9c61,1f2f20b2811bb030d4ea480f2a788355febdfc4afd1b58f477bc19d6ce3c9c61,PASS
/Volumes/quant/CY_quant_research/five_strategy_capital_scaling_rollforward_v2/smv6/daily/symbol=510180.SH/daily.parquet,continuous_identity_extension,['continuous_identity_extension'],d001a35c9c8361a4baf9e5ac5f4281d0fe150e7e9603d958eff171d1778cb7ae,d001a35c9c8361a4baf9e5ac5f4281d0fe150e7e9603d958eff171d1778cb7ae,PASS
/Volumes/quant/CY_quant_research/five_strategy_capital_scaling_rollforward_v2/smv6/daily/symbol=510210.SH/daily.parquet,continuous_identity_extension,['continuous_identity_extension'],249fcc57b8d38621d269b25ed1deb3b7f5c6a723a9fea012024d3f70fd2aedb3,249fcc57b8d38621d269b25ed1deb3b7f5c6a723a9fea012024d3f70fd2aedb3,PASS
/Volumes/quant/CY_quant_research/five_strategy_capital_scaling_rollforward_v2/smv6/daily/symbol=510300.SH/daily.parquet,continuous_identity_extension,['continuous_identity_extension'],a1c8a4f0cafcaa7bc5891a98ac20a14b54438536e8b88e81cbadfded700b9eb2,a1c8a4f0cafcaa7bc5891a98ac20a14b54438536e8b88e81cbadfded700b9eb2,PASS
/Volumes/quant/CY_quant_research/five_strategy_capital_scaling_rollforward_v2/smv6/daily/symbol=510500.SH/daily.parquet,continuous_identity_extension,['continuous_identity_extension'],1e5c6d4d7c6b93f524ba4a43fc6a9306a34522b2a1f6e93e86a4de1961c5de0c,1e5c6d4d7c6b93f524ba4a43fc6a9306a34522b2a1f6e93e86a4de1961c5de0c,PASS
/Volumes/quant/CY_quant_research/five_strategy_capital_scaling_rollforward_v2/smv6/daily/symbol=510720.SH/daily.parquet,continuous_identity_extension,['continuous_identity_extension'],de45b4974ba487412af4360432784bc7c0f1791dfb09e04ec910cc920513e0c1,de45b4974ba487412af4360432784bc7c0f1791dfb09e04ec910cc920513e0c1,PASS
/Volumes/quant/CY_quant_research/five_strategy_capital_scaling_rollforward_v2/smv6/daily/symbol=510810.SH/daily.parquet,continuous_identity_extension,['continuous_identity_extension'],a9bc2a7728b2f0b1b2aec8eb07ef71087e0d13cf1b514e01a06470149915fa77,a9bc2a7728b2f0b1b2aec8eb07ef71087e0d13cf1b514e01a06470149915fa77,PASS
/Volumes/quant/CY_quant_research/five_strategy_capital_scaling_rollforward_v2/smv6/daily/symbol=510880.SH/daily.parquet,continuous_identity_extension,['continuous_identity_extension'],6ee0ac826de41abc7ce10b25a7afd1881066c83fc57bce1693a535a3d477fdb5,6ee0ac826de41abc7ce10b25a7afd1881066c83fc57bce1693a535a3d477fdb5,PASS
/Volumes/quant/CY_quant_research/five_strategy_capital_scaling_rollforward_v2/smv6/daily/symbol=512010.SH/daily.parquet,continuous_identity_extension,['continuous_identity_extension'],ebdef0b78d16a1977ab063a3f1e95212702c9bb9f2610a6a1dc0c579128cdfef,ebdef0b78d16a1977ab063a3f1e95212702c9bb9f2610a6a1dc0c579128cdfef,PASS
/Volumes/quant/CY_quant_research/five_strategy_capital_scaling_rollforward_v2/smv6/daily/symbol=512040.SH/daily.parquet,continuous_identity_extension,['continuous_identity_extension'],1738b6a7777aa841ed66bc4e828382ca6889c54edc4cdd779ce5231a2c6ed6d6,1738b6a7777aa841ed66bc4e828382ca6889c54edc4cdd779ce5231a2c6ed6d6,PASS
/Volumes/quant/CY_quant_research/five_strategy_capital_scaling_rollforward_v2/smv6/daily/symbol=512070.SH/daily.parquet,continuous_identity_extension,['continuous_identity_extension'],a9ecbb0834fdbd748109107fe20143af86b84f6ae19dd549037296a1c6ee5a21,a9ecbb0834fdbd748109107fe20143af86b84f6ae19dd549037296a1c6ee5a21,PASS
/Volumes/quant/CY_quant_research/five_strategy_capital_scaling_rollforward_v2/smv6/daily/symbol=512100.SH/daily.parquet,continuous_identity_extension,['continuous_identity_extension'],41b8e264a1563e619408b2f4d5909f5edf632a56fbf4950b2adb3d44dfba8c1c,41b8e264a1563e619408b2f4d5909f5edf632a56fbf4950b2adb3d44dfba8c1c,PASS
/Volumes/quant/CY_quant_research/five_strategy_capital_scaling_rollforward_v2/smv6/daily/symbol=512170.SH/daily.parquet,continuous_identity_extension,['continuous_identity_extension'],bba9fc971676974ce5eccb9aef9e87ccb397efce6ec9423d46cf5a1f5f98c23f,bba9fc971676974ce5eccb9aef9e87ccb397efce6ec9423d46cf5a1f5f98c23f,PASS
/Volumes/quant/CY_quant_research/five_strategy_capital_scaling_rollforward_v2/smv6/daily/symbol=512200.SH/daily.parquet,continuous_identity_extension,['continuous_identity_extension'],6f509ec3909b7445b9689d0a4fe42995bdaecba3ba92bc5e6786657c14444b7d,6f509ec3909b7445b9689d0a4fe42995bdaecba3ba92bc5e6786657c14444b7d,PASS
/Volumes/quant/CY_quant_research/five_strategy_capital_scaling_rollforward_v2/smv6/daily/symbol=512290.SH/daily.parquet,continuous_identity_extension,['continuous_identity_extension'],cfc0af36b18e75f130e55ca891a9bbf56b0b3eb99b76f7972a8f410fed10ba8d,cfc0af36b18e75f130e55ca891a9bbf56b0b3eb99b76f7972a8f410fed10ba8d,PASS
/Volumes/quant/CY_quant_research/five_strategy_capital_scaling_rollforward_v2/smv6/daily/symbol=512400.SH/daily.parquet,continuous_identity_extension,['continuous_identity_extension'],667364441e092890e8aa50c0e54a2441e33773240837b739ee8c06a87d2276ca,667364441e092890e8aa50c0e54a2441e33773240837b739ee8c06a87d2276ca,PASS
/Volumes/quant/CY_quant_research/five_strategy_capital_scaling_rollforward_v2/smv6/daily/symbol=512480.SH/daily.parquet,continuous_identity_extension,['continuous_identity_extension'],5cd1a2513763e7110514eb54cd78d110b5d4092ae991a5adbb22e82625a21fdd,5cd1a2513763e7110514eb54cd78d110b5d4092ae991a5adbb22e82625a21fdd,PASS
/Volumes/quant/CY_quant_research/five_strategy_capital_scaling_rollforward_v2/smv6/daily/symbol=512660.SH/daily.parquet,continuous_identity_extension,['continuous_identity_extension'],a94463bfee9b1bbc215c8f17cde472e45e7a77cd5172f8beac68e39312f638a9,a94463bfee9b1bbc215c8f17cde472e45e7a77cd5172f8beac68e39312f638a9,PASS
/Volumes/quant/CY_quant_research/five_strategy_capital_scaling_rollforward_v2/smv6/daily/symbol=512670.SH/daily.parquet,continuous_identity_extension,['continuous_identity_extension'],c5e75b4a169bf5b096e482bd06916854dfe8f1374cad1944e2c71c2a93a5d9b6,c5e75b4a169bf5b096e482bd06916854dfe8f1374cad1944e2c71c2a93a5d9b6,PASS
/Volumes/quant/CY_quant_research/five_strategy_capital_scaling_rollforward_v2/smv6/daily/symbol=512690.SH/daily.parquet,continuous_identity_extension,['continuous_identity_extension'],cb1ba09c230d1f2dc04e5e509fbae1a0ffaf1fcc8960c7af8b8e09abda2c9ff0,cb1ba09c230d1f2dc04e5e509fbae1a0ffaf1fcc8960c7af8b8e09abda2c9ff0,PASS
/Volumes/quant/CY_quant_research/five_strategy_capital_scaling_rollforward_v2/smv6/daily/symbol=512710.SH/daily.parquet,continuous_identity_extension,['continuous_identity_extension'],d3ed7868054ea89be9cca266161153f131e77025d066f3bdcbd2b5c4e945b92c,d3ed7868054ea89be9cca266161153f131e77025d066f3bdcbd2b5c4e945b92c,PASS
/Volumes/quant/CY_quant_research/five_strategy_capital_scaling_rollforward_v2/smv6/daily/symbol=512760.SH/daily.parquet,continuous_identity_extension,['continuous_identity_extension'],cc02e90425460c38f6b0d294c04a7d947c5460cceceb2f58ca6363f95aac85ac,cc02e90425460c38f6b0d294c04a7d947c5460cceceb2f58ca6363f95aac85ac,PASS
/Volumes/quant/CY_quant_research/five_strategy_capital_scaling_rollforward_v2/smv6/daily/symbol=512800.SH/daily.parquet,continuous_identity_extension,['continuous_identity_extension'],14ce131f4330ac9e0d9e33baafd74b3e808eda9cbe95d574b0dfff126ec0c82e,14ce131f4330ac9e0d9e33baafd74b3e808eda9cbe95d574b0dfff126ec0c82e,PASS
/Volumes/quant/CY_quant_research/five_strategy_capital_scaling_rollforward_v2/smv6/daily/symbol=512880.SH/daily.parquet,continuous_identity_extension,['continuous_identity_extension'],c13e4f80680eaf4cf93fdb3020a0521c304da76cc3d5f9281afa7dda07b5b30a,c13e4f80680eaf4cf93fdb3020a0521c304da76cc3d5f9281afa7dda07b5b30a,PASS
/Volumes/quant/CY_quant_research/five_strategy_capital_scaling_rollforward_v2/smv6/daily/symbol=512890.SH/daily.parquet,continuous_identity_extension,['continuous_identity_extension'],d25aa3fb481521d45712ca9daf4d5efbc06d77f929607dea79a452b02c0b9153,d25aa3fb481521d45712ca9daf4d5efbc06d77f929607dea79a452b02c0b9153,PASS
/Volumes/quant/CY_quant_research/five_strategy_capital_scaling_rollforward_v2/smv6/daily/symbol=512940.SH/daily.parquet,continuous_identity_extension,['continuous_identity_extension'],ae6d83bcc6ac9b8bf125d81d0004ecb3accac9dad89d2adaa721ca339e733cee,ae6d83bcc6ac9b8bf125d81d0004ecb3accac9dad89d2adaa721ca339e733cee,PASS
/Volumes/quant/CY_quant_research/five_strategy_capital_scaling_rollforward_v2/smv6/daily/symbol=512950.SH/daily.parquet,continuous_identity_extension,['continuous_identity_extension'],1b2f251dd4e64705cb8b575a84d06727c683468f29bfafbdaedd7c7b6c8d9397,1b2f251dd4e64705cb8b575a84d06727c683468f29bfafbdaedd7c7b6c8d9397,PASS
/Volumes/quant/CY_quant_research/five_strategy_capital_scaling_rollforward_v2/smv6/daily/symbol=512980.SH/daily.parquet,continuous_identity_extension,['continuous_identity_extension'],fce25999ea27de503d30d812e3651b9f29f4d78f2ce779f6218034bd319a11ac,fce25999ea27de503d30d812e3651b9f29f4d78f2ce779f6218034bd319a11ac,PASS
/Volumes/quant/CY_quant_research/five_strategy_capital_scaling_rollforward_v2/smv6/daily/symbol=515000.SH/daily.parquet,continuous_identity_extension,['continuous_identity_extension'],bcb4711e5b3bfd6ea2099f1e240bc2ea8cb66af1f1d5111fa6390635eed6a06b,bcb4711e5b3bfd6ea2099f1e240bc2ea8cb66af1f1d5111fa6390635eed6a06b,PASS
/Volumes/quant/CY_quant_research/five_strategy_capital_scaling_rollforward_v2/smv6/daily/symbol=515030.SH/daily.parquet,continuous_identity_extension,['continuous_identity_extension'],0ecdbf7356dbe00962353046225ad1009a4794530370749c4cd5b92955717fbb,0ecdbf7356dbe00962353046225ad1009a4794530370749c4cd5b92955717fbb,PASS
/Volumes/quant/CY_quant_research/five_strategy_capital_scaling_rollforward_v2/smv6/daily/symbol=515050.SH/daily.parquet,continuous_identity_extension,['continuous_identity_extension'],9543e9b9a70d6839e2585e08e6cb867cf26a3d8e308a534e9387e4746c4f2a7f,9543e9b9a70d6839e2585e08e6cb867cf26a3d8e308a534e9387e4746c4f2a7f,PASS
/Volumes/quant/CY_quant_research/five_strategy_capital_scaling_rollforward_v2/smv6/daily/symbol=515170.SH/daily.parquet,continuous_identity_extension,['continuous_identity_extension'],e516a2adbf4ce93be9f7a3475020ec2fa54b5856038b166ec1e49fcc49446378,e516a2adbf4ce93be9f7a3475020ec2fa54b5856038b166ec1e49fcc49446378,PASS
/Volumes/quant/CY_quant_research/five_strategy_capital_scaling_rollforward_v2/smv6/daily/symbol=515180.SH/daily.parquet,continuous_identity_extension,['continuous_identity_extension'],e6a6ec3e7437e7720fb1dc86c9eb2632788ee0e3013f2e789e3e445756346400,e6a6ec3e7437e7720fb1dc86c9eb2632788ee0e3013f2e789e3e445756346400,PASS
/Volumes/quant/CY_quant_research/five_strategy_capital_scaling_rollforward_v2/smv6/daily/symbol=515210.SH/daily.parquet,continuous_identity_extension,['continuous_identity_extension'],4ab1b55e027e7abfcddd005cb12366e91020259a43560e7a0e7b181582060200,4ab1b55e027e7abfcddd005cb12366e91020259a43560e7a0e7b181582060200,PASS
/Volumes/quant/CY_quant_research/five_strategy_capital_scaling_rollforward_v2/smv6/daily/symbol=515220.SH/daily.parquet,continuous_identity_extension,['continuous_identity_extension'],b9a0094cc4d586ec3ee25d5aa127cf34e331edf92d46d68f9a24f96158e8fb0f,b9a0094cc4d586ec3ee25d5aa127cf34e331edf92d46d68f9a24f96158e8fb0f,PASS
/Volumes/quant/CY_quant_research/five_strategy_capital_scaling_rollforward_v2/smv6/daily/symbol=515230.SH/daily.parquet,continuous_identity_extension,['continuous_identity_extension'],fe523afb3412bbf2bcdcdc26b665022e22a8c22ca537c683e9a62fcad6bef417,fe523afb3412bbf2bcdcdc26b665022e22a8c22ca537c683e9a62fcad6bef417,PASS
/Volumes/quant/CY_quant_research/five_strategy_capital_scaling_rollforward_v2/smv6/daily/symbol=515300.SH/daily.parquet,continuous_identity_extension,['continuous_identity_extension'],af1cdf0d4de4961b4d55b4e5b1ea8aac40247b0fe961b2a1367bda2c1bb55b1a,af1cdf0d4de4961b4d55b4e5b1ea8aac40247b0fe961b2a1367bda2c1bb55b1a,PASS
/Volumes/quant/CY_quant_research/five_strategy_capital_scaling_rollforward_v2/smv6/daily/symbol=515400.SH/daily.parquet,continuous_identity_extension,['continuous_identity_extension'],b05037e080d610c14e414f02a69bd792b9a324d50bf8b07e5b209ec24c9959cb,b05037e080d610c14e414f02a69bd792b9a324d50bf8b07e5b209ec24c9959cb,PASS
/Volumes/quant/CY_quant_research/five_strategy_capital_scaling_rollforward_v2/smv6/daily/symbol=515450.SH/daily.parquet,continuous_identity_extension,['continuous_identity_extension'],3c40892d6d148904264f52c5546ecb68893ba5546739a1ac0f74be5940e0153a,3c40892d6d148904264f52c5546ecb68893ba5546739a1ac0f74be5940e0153a,PASS
/Volumes/quant/CY_quant_research/five_strategy_capital_scaling_rollforward_v2/smv6/daily/symbol=515630.SH/daily.parquet,continuous_identity_extension,['continuous_identity_extension'],713d8261b7f3c8923ec376534bd116d698bfc3da5cfa1401617ea2782104a71b,713d8261b7f3c8923ec376534bd116d698bfc3da5cfa1401617ea2782104a71b,PASS
/Volumes/quant/CY_quant_research/five_strategy_capital_scaling_rollforward_v2/smv6/daily/symbol=515650.SH/daily.parquet,continuous_identity_extension,['continuous_identity_extension'],86a156cdd3da246673803f44714e0572e048e12fa44732ccb544f3f35c24ab6e,86a156cdd3da246673803f44714e0572e048e12fa44732ccb544f3f35c24ab6e,PASS
/Volumes/quant/CY_quant_research/five_strategy_capital_scaling_rollforward_v2/smv6/daily/symbol=515700.SH/daily.parquet,continuous_identity_extension,['continuous_identity_extension'],c5ff9c3067581d919976e8fe24a9462498027e15e7a1cebb258879ed0bd0f984,c5ff9c3067581d919976e8fe24a9462498027e15e7a1cebb258879ed0bd0f984,PASS
/Volumes/quant/CY_quant_research/five_strategy_capital_scaling_rollforward_v2/smv6/daily/symbol=515790.SH/daily.parquet,continuous_identity_extension,['continuous_identity_extension'],54c38466ea90c2455ffcc282e57b0717385211603a9bced66d7cc862bd815b7a,54c38466ea90c2455ffcc282e57b0717385211603a9bced66d7cc862bd815b7a,PASS
/Volumes/quant/CY_quant_research/five_strategy_capital_scaling_rollforward_v2/smv6/daily/symbol=515800.SH/daily.parquet,continuous_identity_extension,['continuous_identity_extension'],708cdd77615c987e8267ba41ead60ad50b2127a02567704e8f267821bdece8d6,708cdd77615c987e8267ba41ead60ad50b2127a02567704e8f267821bdece8d6,PASS
/Volumes/quant/CY_quant_research/five_strategy_capital_scaling_rollforward_v2/smv6/daily/symbol=515880.SH/daily.parquet,continuous_identity_extension,['continuous_identity_extension'],1c2936b1b59e7c45eeb712ecdf0ce2a59648915616d338041297101ff28ee26b,1c2936b1b59e7c45eeb712ecdf0ce2a59648915616d338041297101ff28ee26b,PASS
/Volumes/quant/CY_quant_research/five_strategy_capital_scaling_rollforward_v2/smv6/daily/symbol=515900.SH/daily.parquet,continuous_identity_extension,['continuous_identity_extension'],b90f03087f249b9bf91730afe74ae7b66a167f30c61c3156c84fa9510261abef,b90f03087f249b9bf91730afe74ae7b66a167f30c61c3156c84fa9510261abef,PASS
/Volumes/quant/CY_quant_research/five_strategy_capital_scaling_rollforward_v2/smv6/daily/symbol=515980.SH/daily.parquet,continuous_identity_extension,['continuous_identity_extension'],f9e298b57236452a9e6c4a813477ad6f18c7ace7216b07aec1602a39a7216634,f9e298b57236452a9e6c4a813477ad6f18c7ace7216b07aec1602a39a7216634,PASS
/Volumes/quant/CY_quant_research/five_strategy_capital_scaling_rollforward_v2/smv6/daily/symbol=516130.SH/daily.parquet,continuous_identity_extension,['continuous_identity_extension'],cf4803203f4d62de382cada8d0704c07e5704e1c28448d13fcabbde41da7a511,cf4803203f4d62de382cada8d0704c07e5704e1c28448d13fcabbde41da7a511,PASS
/Volumes/quant/CY_quant_research/five_strategy_capital_scaling_rollforward_v2/smv6/daily/symbol=516150.SH/daily.parquet,continuous_identity_extension,['continuous_identity_extension'],9e969a7ba591d20939a688b754fb8da799f83f2930e3097ecca60ec687d8e610,9e969a7ba591d20939a688b754fb8da799f83f2930e3097ecca60ec687d8e610,PASS
/Volumes/quant/CY_quant_research/five_strategy_capital_scaling_rollforward_v2/smv6/daily/symbol=516160.SH/daily.parquet,continuous_identity_extension,['continuous_identity_extension'],019503763414950f6154ad4c9ed294f87d3fa639421913a4eb6263ccfbc000a6,019503763414950f6154ad4c9ed294f87d3fa639421913a4eb6263ccfbc000a6,PASS
/Volumes/quant/CY_quant_research/five_strategy_capital_scaling_rollforward_v2/smv6/daily/symbol=516350.SH/daily.parquet,continuous_identity_extension,['continuous_identity_extension'],6f05a7bfc56826f8f6c8a73aa0de8eb88298b11b63d6fa34f7fb4470c868cbd5,6f05a7bfc56826f8f6c8a73aa0de8eb88298b11b63d6fa34f7fb4470c868cbd5,PASS
/Volumes/quant/CY_quant_research/five_strategy_capital_scaling_rollforward_v2/smv6/daily/symbol=516510.SH/daily.parquet,continuous_identity_extension,['continuous_identity_extension'],0ca3153c1833d9da82c764380431ca7d4c07058291e7e292d858b47d157b0d20,0ca3153c1833d9da82c764380431ca7d4c07058291e7e292d858b47d157b0d20,PASS
/Volumes/quant/CY_quant_research/five_strategy_capital_scaling_rollforward_v2/smv6/daily/symbol=516570.SH/daily.parquet,continuous_identity_extension,['continuous_identity_extension'],108424e2ed0660372a3b0922cb15ff319b7417fa55721db4f89a7ed6d7d280b8,108424e2ed0660372a3b0922cb15ff319b7417fa55721db4f89a7ed6d7d280b8,PASS
/Volumes/quant/CY_quant_research/five_strategy_capital_scaling_rollforward_v2/smv6/daily/symbol=516650.SH/daily.parquet,continuous_identity_extension,['continuous_identity_extension'],91e060449aa218d866dfdad9408f5d84d68f654ceaab7fec01e06f8771b72fda,91e060449aa218d866dfdad9408f5d84d68f654ceaab7fec01e06f8771b72fda,PASS
/Volumes/quant/CY_quant_research/five_strategy_capital_scaling_rollforward_v2/smv6/daily/symbol=516820.SH/daily.parquet,continuous_identity_extension,['continuous_identity_extension'],a4c27291f03fe3774c46ecff0ff669f569bb74a5b8e1dc8aaa013891018eeecf,a4c27291f03fe3774c46ecff0ff669f569bb74a5b8e1dc8aaa013891018eeecf,PASS
/Volumes/quant/CY_quant_research/five_strategy_capital_scaling_rollforward_v2/smv6/daily/symbol=516970.SH/daily.parquet,continuous_identity_extension,['continuous_identity_extension'],e1dfc13e15c941b5a1102096bf9d3c9614c0656e31b794ce8364cadbded64d64,e1dfc13e15c941b5a1102096bf9d3c9614c0656e31b794ce8364cadbded64d64,PASS
/Volumes/quant/CY_quant_research/five_strategy_capital_scaling_rollforward_v2/smv6/daily/symbol=560050.SH/daily.parquet,continuous_identity_extension,['continuous_identity_extension'],3a1e93d18681833d382e37474c48e2c01bd80e9621c1d7adc9f086f1b1f731a5,3a1e93d18681833d382e37474c48e2c01bd80e9621c1d7adc9f086f1b1f731a5,PASS
/Volumes/quant/CY_quant_research/five_strategy_capital_scaling_rollforward_v2/smv6/daily/symbol=560080.SH/daily.parquet,continuous_identity_extension,['continuous_identity_extension'],86d9122e24ff7b11ef860601bfc64a0f27af7a72e5d6dba41ee0261659aedc10,86d9122e24ff7b11ef860601bfc64a0f27af7a72e5d6dba41ee0261659aedc10,PASS
/Volumes/quant/CY_quant_research/five_strategy_capital_scaling_rollforward_v2/smv6/daily/symbol=560280.SH/daily.parquet,continuous_identity_extension,['continuous_identity_extension'],6d2dbde21e490278ccaf50fd01545e78990d7ab6500d3917b4cd09297f7dbc3d,6d2dbde21e490278ccaf50fd01545e78990d7ab6500d3917b4cd09297f7dbc3d,PASS
/Volumes/quant/CY_quant_research/five_strategy_capital_scaling_rollforward_v2/smv6/daily/symbol=560570.SH/daily.parquet,continuous_identity_extension,['continuous_identity_extension'],28df2985a8df46ca0145312957ce78f47ced7da539d23207dd15d2e1d8520fa3,28df2985a8df46ca0145312957ce78f47ced7da539d23207dd15d2e1d8520fa3,PASS
/Volumes/quant/CY_quant_research/five_strategy_capital_scaling_rollforward_v2/smv6/daily/symbol=560710.SH/daily.parquet,continuous_identity_extension,['continuous_identity_extension'],3d823b877b4cd2825bcfe413b595842678bb39edcb636af0ef281406a0e35756,3d823b877b4cd2825bcfe413b595842678bb39edcb636af0ef281406a0e35756,PASS
/Volumes/quant/CY_quant_research/five_strategy_capital_scaling_rollforward_v2/smv6/daily/symbol=560860.SH/daily.parquet,continuous_identity_extension,['continuous_identity_extension'],0797ff9cb8145ed95df7c9998f292dcbce7a0965fce92154070c81a0d9b9ada8,0797ff9cb8145ed95df7c9998f292dcbce7a0965fce92154070c81a0d9b9ada8,PASS
/Volumes/quant/CY_quant_research/five_strategy_capital_scaling_rollforward_v2/smv6/daily/symbol=561360.SH/daily.parquet,continuous_identity_extension,['continuous_identity_extension'],eec9c71cfd8587d2e3a330df7e492f4d6221271d11d76770ef54753d45088ad9,eec9c71cfd8587d2e3a330df7e492f4d6221271d11d76770ef54753d45088ad9,PASS
/Volumes/quant/CY_quant_research/five_strategy_capital_scaling_rollforward_v2/smv6/daily/symbol=561380.SH/daily.parquet,continuous_identity_extension,['continuous_identity_extension'],109f457a2a32b9ff26ed654e4e569e4d524c8bffb2f615ab2ba7565eb437b0ef,109f457a2a32b9ff26ed654e4e569e4d524c8bffb2f615ab2ba7565eb437b0ef,PASS
/Volumes/quant/CY_quant_research/five_strategy_capital_scaling_rollforward_v2/smv6/daily/symbol=561420.SH/daily.parquet,continuous_identity_extension,['continuous_identity_extension'],617531fce178469faf91b887c76f213cc167b1e51673c52bda6dcda62fe13874,617531fce178469faf91b887c76f213cc167b1e51673c52bda6dcda62fe13874,PASS
/Volumes/quant/CY_quant_research/five_strategy_capital_scaling_rollforward_v2/smv6/daily/symbol=561550.SH/daily.parquet,continuous_identity_extension,['continuous_identity_extension'],fac263a71b8122118cc716e37921ef2a9f6c1f8863debb963c1dda4f36d2b42f,fac263a71b8122118cc716e37921ef2a9f6c1f8863debb963c1dda4f36d2b42f,PASS
/Volumes/quant/CY_quant_research/five_strategy_capital_scaling_rollforward_v2/smv6/daily/symbol=561580.SH/daily.parquet,continuous_identity_extension,['continuous_identity_extension'],98015190eefd6b183efd19db76cee4206fdca055cc1a868cdf47bbfff602a4ad,98015190eefd6b183efd19db76cee4206fdca055cc1a868cdf47bbfff602a4ad,PASS
/Volumes/quant/CY_quant_research/five_strategy_capital_scaling_rollforward_v2/smv6/daily/symbol=561980.SH/daily.parquet,continuous_identity_extension,['continuous_identity_extension'],244abe9953ac5a9a8efe7c23ab56ef9d5f840842439f94ced32c9851f52dc351,244abe9953ac5a9a8efe7c23ab56ef9d5f840842439f94ced32c9851f52dc351,PASS
/Volumes/quant/CY_quant_research/five_strategy_capital_scaling_rollforward_v2/smv6/daily/symbol=562060.SH/daily.parquet,continuous_identity_extension,['continuous_identity_extension'],77b0947fdfbd3ed8ae21f16f0e3a48b31db95f69098583de2b002f07be69707f,77b0947fdfbd3ed8ae21f16f0e3a48b31db95f69098583de2b002f07be69707f,PASS
/Volumes/quant/CY_quant_research/five_strategy_capital_scaling_rollforward_v2/smv6/daily/symbol=562500.SH/daily.parquet,continuous_identity_extension,['continuous_identity_extension'],242f88cfe48a47cde4bdd3e8fb9388744d451296c79fab6726a292ba7de0e9ee,242f88cfe48a47cde4bdd3e8fb9388744d451296c79fab6726a292ba7de0e9ee,PASS
/Volumes/quant/CY_quant_research/five_strategy_capital_scaling_rollforward_v2/smv6/daily/symbol=562550.SH/daily.parquet,continuous_identity_extension,['continuous_identity_extension'],f28aa3a86ebaa304aea113c8c03741579676d5a63106d50ae420a2054b162f45,f28aa3a86ebaa304aea113c8c03741579676d5a63106d50ae420a2054b162f45,PASS
/Volumes/quant/CY_quant_research/five_strategy_capital_scaling_rollforward_v2/smv6/daily/symbol=562800.SH/daily.parquet,continuous_identity_extension,['continuous_identity_extension'],ce6aeaca042efd4086779bfc350239ec8de1a0b135e4e346c3180a76e60c6cb6,ce6aeaca042efd4086779bfc350239ec8de1a0b135e4e346c3180a76e60c6cb6,PASS
/Volumes/quant/CY_quant_research/five_strategy_capital_scaling_rollforward_v2/smv6/daily/symbol=562950.SH/daily.parquet,continuous_identity_extension,['continuous_identity_extension'],91dad3e7ea93bd5e4929bb974a3d12e18ede6b37c4aa934bb9cb728fef8941a6,91dad3e7ea93bd5e4929bb974a3d12e18ede6b37c4aa934bb9cb728fef8941a6,PASS
/Volumes/quant/CY_quant_research/five_strategy_capital_scaling_rollforward_v2/smv6/daily/symbol=563230.SH/daily.parquet,continuous_identity_extension,['continuous_identity_extension'],9f9b24c70a87d4bf5649cfe7f6a510e2f269d934a00ef8d7ec341c906636ccd8,9f9b24c70a87d4bf5649cfe7f6a510e2f269d934a00ef8d7ec341c906636ccd8,PASS
/Volumes/quant/CY_quant_research/five_strategy_capital_scaling_rollforward_v2/smv6/daily/symbol=563300.SH/daily.parquet,continuous_identity_extension,['continuous_identity_extension'],3eddebfbf10d732a7a6932a7674524aaeeae7db362685f86b33cd80a63b19e2f,3eddebfbf10d732a7a6932a7674524aaeeae7db362685f86b33cd80a63b19e2f,PASS
/Volumes/quant/CY_quant_research/five_strategy_capital_scaling_rollforward_v2/smv6/daily/symbol=563360.SH/daily.parquet,continuous_identity_extension,['continuous_identity_extension'],27dcb0934ddee03c4c8d38024614a0a1bcc46a71ab058dfba5a59fd0516b4ed5,27dcb0934ddee03c4c8d38024614a0a1bcc46a71ab058dfba5a59fd0516b4ed5,PASS
/Volumes/quant/CY_quant_research/five_strategy_capital_scaling_rollforward_v2/smv6/daily/symbol=588000.SH/daily.parquet,continuous_identity_extension,['continuous_identity_extension'],fcd57a9a24748aa7f2d6281ccf0614cb0d82c36f174e488c70b75f74cb22f4bf,fcd57a9a24748aa7f2d6281ccf0614cb0d82c36f174e488c70b75f74cb22f4bf,PASS
/Volumes/quant/CY_quant_research/five_strategy_capital_scaling_rollforward_v2/smv6/daily/symbol=588020.SH/daily.parquet,continuous_identity_extension,['continuous_identity_extension'],cd8fd4a8f42e2eda23855aa6f3ec098b4ff616ddd2c2ec0dd68ea8f33e564044,cd8fd4a8f42e2eda23855aa6f3ec098b4ff616ddd2c2ec0dd68ea8f33e564044,PASS
/Volumes/quant/CY_quant_research/five_strategy_capital_scaling_rollforward_v2/smv6/daily/symbol=588170.SH/daily.parquet,continuous_identity_extension,['continuous_identity_extension'],c05ebff0cc8b85b7657809893f97aa8402708f21065e4c3dccfbe57638006dae,c05ebff0cc8b85b7657809893f97aa8402708f21065e4c3dccfbe57638006dae,PASS
/Volumes/quant/CY_quant_research/five_strategy_capital_scaling_rollforward_v2/smv6/daily/symbol=588200.SH/daily.parquet,continuous_identity_extension,['continuous_identity_extension'],97348f5ffac7178245ea6a45a3898ae9c64af132cac9fb033522f8571f6d7430,97348f5ffac7178245ea6a45a3898ae9c64af132cac9fb033522f8571f6d7430,PASS
/Volumes/quant/CY_quant_research/five_strategy_capital_scaling_rollforward_v2/smv6/daily/symbol=588220.SH/daily.parquet,continuous_identity_extension,['continuous_identity_extension'],92ae577b743aa897a151d6357554f83cabf024849f476c925d85a18442a7c82b,92ae577b743aa897a151d6357554f83cabf024849f476c925d85a18442a7c82b,PASS
/Volumes/quant/CY_quant_research/five_strategy_capital_scaling_rollforward_v2/smv6/daily/symbol=588460.SH/daily.parquet,continuous_identity_extension,['continuous_identity_extension'],7be38087db7d805ac3065947ed6831499a5a70be20a63a41edf212f3ecc16b32,7be38087db7d805ac3065947ed6831499a5a70be20a63a41edf212f3ecc16b32,PASS
/Volumes/quant/CY_quant_research/five_strategy_capital_scaling_rollforward_v2/smv6/daily/symbol=588790.SH/daily.parquet,continuous_identity_extension,['continuous_identity_extension'],7093b592916fd6529cc08dc033b3a4c0f0e3e425ab816a5eb0f4d3c6dea5e00c,7093b592916fd6529cc08dc033b3a4c0f0e3e425ab816a5eb0f4d3c6dea5e00c,PASS
/Volumes/quant/CY_quant_research/five_strategy_capital_scaling_rollforward_v2/smv6/daily/symbol=589070.SH/daily.parquet,continuous_identity_extension,['continuous_identity_extension'],6fc7e9db819ca8bf200e201ef964d4bf688c6f08efa458fbb73acba1af6e7019,6fc7e9db819ca8bf200e201ef964d4bf688c6f08efa458fbb73acba1af6e7019,PASS
/Volumes/quant/CY_quant_research/five_strategy_capital_scaling_rollforward_v2/smv6/daily/symbol=589680.SH/daily.parquet,continuous_identity_extension,['continuous_identity_extension'],c6e9cf535b8389335170c59d5754c916484d1fe4a199b96b01b3fc9e85b45021,c6e9cf535b8389335170c59d5754c916484d1fe4a199b96b01b3fc9e85b45021,PASS
/Volumes/quant/CY_quant_research/five_strategy_capital_scaling_rollforward_v2/smv6/daily/symbol=589720.SH/daily.parquet,continuous_identity_extension,['continuous_identity_extension'],5bfbbad9a732c7350b6d393a9c0bd5f6b9a4191c7430738a278b6f5f3a2007ee,5bfbbad9a732c7350b6d393a9c0bd5f6b9a4191c7430738a278b6f5f3a2007ee,PASS
/Volumes/quant/CY_quant_research/five_strategy_capital_scaling_rollforward_v2/smv6/minute_critical/symbol=000852.SH/critical.parquet,continuous_identity_extension,['continuous_identity_extension'],053429d4a96daf858c47023ef6fdc5fe0e7f701f2d9fa610d58fd010737256bf,053429d4a96daf858c47023ef6fdc5fe0e7f701f2d9fa610d58fd010737256bf,PASS
/Volumes/quant/CY_quant_research/five_strategy_capital_scaling_rollforward_v2/smv6/minute_critical/symbol=159141.SZ/critical.parquet,continuous_identity_extension,['continuous_identity_extension'],e1cf26078fed2d2973901399148d9a2055bb1f96c0801dcd7f2f0d5bbed67ec3,e1cf26078fed2d2973901399148d9a2055bb1f96c0801dcd7f2f0d5bbed67ec3,PASS
/Volumes/quant/CY_quant_research/five_strategy_capital_scaling_rollforward_v2/smv6/minute_critical/symbol=159201.SZ/critical.parquet,continuous_identity_extension,['continuous_identity_extension'],a8f9bfc27634c9824d634067213ad29146a8004bcedda32df682e21dd44c6d0e,a8f9bfc27634c9824d634067213ad29146a8004bcedda32df682e21dd44c6d0e,PASS
/Volumes/quant/CY_quant_research/five_strategy_capital_scaling_rollforward_v2/smv6/minute_critical/symbol=159206.SZ/critical.parquet,continuous_identity_extension,['continuous_identity_extension'],c00a04425aa9c393cae4f01a349cdf67a421f2fddf91a058cf4ba40bd85ce987,c00a04425aa9c393cae4f01a349cdf67a421f2fddf91a058cf4ba40bd85ce987,PASS
/Volumes/quant/CY_quant_research/five_strategy_capital_scaling_rollforward_v2/smv6/minute_critical/symbol=159207.SZ/critical.parquet,continuous_identity_extension,['continuous_identity_extension'],d10364cb9ae8069b0685f957e25faec3a07faa1cae5b766bf7aa3c454a8598c1,d10364cb9ae8069b0685f957e25faec3a07faa1cae5b766bf7aa3c454a8598c1,PASS
/Volumes/quant/CY_quant_research/five_strategy_capital_scaling_rollforward_v2/smv6/minute_critical/symbol=159209.SZ/critical.parquet,continuous_identity_extension,['continuous_identity_extension'],e34c39314e9f545034545cb2009f08dedc198f2ef9042c361ae11e5bfeaf2022,e34c39314e9f545034545cb2009f08dedc198f2ef9042c361ae11e5bfeaf2022,PASS
/Volumes/quant/CY_quant_research/five_strategy_capital_scaling_rollforward_v2/smv6/minute_critical/symbol=159227.SZ/critical.parquet,continuous_identity_extension,['continuous_identity_extension'],da7141735ea6e8b32a7bc09d6d10dae5aa50150849bccb795d8120f8b8287afa,da7141735ea6e8b32a7bc09d6d10dae5aa50150849bccb795d8120f8b8287afa,PASS
/Volumes/quant/CY_quant_research/five_strategy_capital_scaling_rollforward_v2/smv6/minute_critical/symbol=159235.SZ/critical.parquet,continuous_identity_extension,['continuous_identity_extension'],40621314e9f09a6aada97a89e5171146bfeb2ef5e74ba5917697d5efda22978f,40621314e9f09a6aada97a89e5171146bfeb2ef5e74ba5917697d5efda22978f,PASS
/Volumes/quant/CY_quant_research/five_strategy_capital_scaling_rollforward_v2/smv6/minute_critical/symbol=159259.SZ/critical.parquet,continuous_identity_extension,['continuous_identity_extension'],8b270a0f311f07785b12ac696c9fbd75ecd82b8ebb0d26d4d6d1ccf255dceed7,8b270a0f311f07785b12ac696c9fbd75ecd82b8ebb0d26d4d6d1ccf255dceed7,PASS
/Volumes/quant/CY_quant_research/five_strategy_capital_scaling_rollforward_v2/smv6/minute_critical/symbol=159263.SZ/critical.parquet,continuous_identity_extension,['continuous_identity_extension'],b9a388e00e5ed57c523732d8888e6f107aecb155a03b72226e8e1f30e48f6fd8,b9a388e00e5ed57c523732d8888e6f107aecb155a03b72226e8e1f30e48f6fd8,PASS
/Volumes/quant/CY_quant_research/five_strategy_capital_scaling_rollforward_v2/smv6/minute_critical/symbol=159307.SZ/critical.parquet,continuous_identity_extension,['continuous_identity_extension'],c5cbd54f9bf6cfee19c138022b7e278d73e51546333d2936cea2ddc11bcf0ca0,c5cbd54f9bf6cfee19c138022b7e278d73e51546333d2936cea2ddc11bcf0ca0,PASS
/Volumes/quant/CY_quant_research/five_strategy_capital_scaling_rollforward_v2/smv6/minute_critical/symbol=159325.SZ/critical.parquet,continuous_identity_extension,['continuous_identity_extension'],6703951145c25f7dffa047d41a6e8df1154143d191d0365f146d48647f5f5ef8,6703951145c25f7dffa047d41a6e8df1154143d191d0365f146d48647f5f5ef8,PASS
/Volumes/quant/CY_quant_research/five_strategy_capital_scaling_rollforward_v2/smv6/minute_critical/symbol=159326.SZ/critical.parquet,continuous_identity_extension,['continuous_identity_extension'],55c90b30b16ad0d92823936fb12b3e0cfb8d0c5de2f0950dbcac903463cf0393,55c90b30b16ad0d92823936fb12b3e0cfb8d0c5de2f0950dbcac903463cf0393,PASS
/Volumes/quant/CY_quant_research/five_strategy_capital_scaling_rollforward_v2/smv6/minute_critical/symbol=159363.SZ/critical.parquet,continuous_identity_extension,['continuous_identity_extension'],8f96fa89baad97d05aa21e0152d6f5c5bb820c158f7d2164dca5adcb404bc90a,8f96fa89baad97d05aa21e0152d6f5c5bb820c158f7d2164dca5adcb404bc90a,PASS
/Volumes/quant/CY_quant_research/five_strategy_capital_scaling_rollforward_v2/smv6/minute_critical/symbol=159387.SZ/critical.parquet,continuous_identity_extension,['continuous_identity_extension'],37315d1d4e9288bc59d57b930573037886d3ec9c6746dfeda8faffb02d3f487b,37315d1d4e9288bc59d57b930573037886d3ec9c6746dfeda8faffb02d3f487b,PASS
/Volumes/quant/CY_quant_research/five_strategy_capital_scaling_rollforward_v2/smv6/minute_critical/symbol=159399.SZ/critical.parquet,continuous_identity_extension,['continuous_identity_extension'],29e15abe1d096d25f9df0560e998cc6e7689f61e7d0bb4dd6d13cce7ec954eb2,29e15abe1d096d25f9df0560e998cc6e7689f61e7d0bb4dd6d13cce7ec954eb2,PASS
/Volumes/quant/CY_quant_research/five_strategy_capital_scaling_rollforward_v2/smv6/minute_critical/symbol=159516.SZ/critical.parquet,continuous_identity_extension,['continuous_identity_extension'],557308e053fb9ea48a8a2e5dae4352961942e4a9b1130e129c927ff98f0d4474,557308e053fb9ea48a8a2e5dae4352961942e4a9b1130e129c927ff98f0d4474,PASS
/Volumes/quant/CY_quant_research/five_strategy_capital_scaling_rollforward_v2/smv6/minute_critical/symbol=159530.SZ/critical.parquet,continuous_identity_extension,['continuous_identity_extension'],09b395b9f94019e980ae3387ef6e1cd1f05c1f0a8bc93637529bbecae29e2e94,09b395b9f94019e980ae3387ef6e1cd1f05c1f0a8bc93637529bbecae29e2e94,PASS
/Volumes/quant/CY_quant_research/five_strategy_capital_scaling_rollforward_v2/smv6/minute_critical/symbol=159562.SZ/critical.parquet,continuous_identity_extension,['continuous_identity_extension'],0bb68a9828e9555e97706914b268efe4809e6072481e51b1c37e52efbdc2f75f,0bb68a9828e9555e97706914b268efe4809e6072481e51b1c37e52efbdc2f75f,PASS
/Volumes/quant/CY_quant_research/five_strategy_capital_scaling_rollforward_v2/smv6/minute_critical/symbol=159566.SZ/critical.parquet,continuous_identity_extension,['continuous_identity_extension'],078e658045d6e91a5a84a38e62ec4bc012d1699f5076661b130e3a0dd4994410,078e658045d6e91a5a84a38e62ec4bc012d1699f5076661b130e3a0dd4994410,PASS
/Volumes/quant/CY_quant_research/five_strategy_capital_scaling_rollforward_v2/smv6/minute_critical/symbol=159583.SZ/critical.parquet,continuous_identity_extension,['continuous_identity_extension'],24f5aa503f76e4f4b36da8f3c480219252700486253bbe961c8049f8f1e4c863,24f5aa503f76e4f4b36da8f3c480219252700486253bbe961c8049f8f1e4c863,PASS
/Volumes/quant/CY_quant_research/five_strategy_capital_scaling_rollforward_v2/smv6/minute_critical/symbol=159593.SZ/critical.parquet,continuous_identity_extension,['continuous_identity_extension'],1b416990cd2b0cbe00dd4874983127cb308a91f6d7a56c4f839448a094d33ce4,1b416990cd2b0cbe00dd4874983127cb308a91f6d7a56c4f839448a094d33ce4,PASS
/Volumes/quant/CY_quant_research/five_strategy_capital_scaling_rollforward_v2/smv6/minute_critical/symbol=159601.SZ/critical.parquet,continuous_identity_extension,['continuous_identity_extension'],8eb440b6c4c2b8232a8fd27fad9ece39ca18b77b95acc6b90f5f33e40f919b85,8eb440b6c4c2b8232a8fd27fad9ece39ca18b77b95acc6b90f5f33e40f919b85,PASS
/Volumes/quant/CY_quant_research/five_strategy_capital_scaling_rollforward_v2/smv6/minute_critical/symbol=159611.SZ/critical.parquet,continuous_identity_extension,['continuous_identity_extension'],4847759df285052677e16a96b560fecef9c30fe317e421476ff90817f292a4d2,4847759df285052677e16a96b560fecef9c30fe317e421476ff90817f292a4d2,PASS
/Volumes/quant/CY_quant_research/five_strategy_capital_scaling_rollforward_v2/smv6/minute_critical/symbol=159622.SZ/critical.parquet,continuous_identity_extension,['continuous_identity_extension'],63fc429da72eb1f18f23fa0627d213f2201f41c68f9eea155ef04fa724a33e5f,63fc429da72eb1f18f23fa0627d213f2201f41c68f9eea155ef04fa724a33e5f,PASS
/Volumes/quant/CY_quant_research/five_strategy_capital_scaling_rollforward_v2/smv6/minute_critical/symbol=159623.SZ/critical.parquet,continuous_identity_extension,['continuous_identity_extension'],ef6c5276ff58ee9d2cdec02b89e3f0b471387667228a49420d0415504276b32d,ef6c5276ff58ee9d2cdec02b89e3f0b471387667228a49420d0415504276b32d,PASS
/Volumes/quant/CY_quant_research/five_strategy_capital_scaling_rollforward_v2/smv6/minute_critical/symbol=159625.SZ/critical.parquet,continuous_identity_extension,['continuous_identity_extension'],7c382142b045ce3599331f949cb68cce84fa169b3e5492dc5838455041cee9ae,7c382142b045ce3599331f949cb68cce84fa169b3e5492dc5838455041cee9ae,PASS
/Volumes/quant/CY_quant_research/five_strategy_capital_scaling_rollforward_v2/smv6/minute_critical/symbol=159638.SZ/critical.parquet,continuous_identity_extension,['continuous_identity_extension'],afc783060c72dcc6e6c420159c27539243058ca3eb0e557875f99dbd385c3ae3,afc783060c72dcc6e6c420159c27539243058ca3eb0e557875f99dbd385c3ae3,PASS
/Volumes/quant/CY_quant_research/five_strategy_capital_scaling_rollforward_v2/smv6/minute_critical/symbol=159667.SZ/critical.parquet,continuous_identity_extension,['continuous_identity_extension'],65a5cd4c348e730b94ab20e05457e97cbcc5944629652196acb370b383bbb9b3,65a5cd4c348e730b94ab20e05457e97cbcc5944629652196acb370b383bbb9b3,PASS
/Volumes/quant/CY_quant_research/five_strategy_capital_scaling_rollforward_v2/smv6/minute_critical/symbol=159680.SZ/critical.parquet,continuous_identity_extension,['continuous_identity_extension'],73997e89594c12cb171ebaf45634ce365f1130176027e9ad7b6b68018e81e5ee,73997e89594c12cb171ebaf45634ce365f1130176027e9ad7b6b68018e81e5ee,PASS
/Volumes/quant/CY_quant_research/five_strategy_capital_scaling_rollforward_v2/smv6/minute_critical/symbol=159692.SZ/critical.parquet,continuous_identity_extension,['continuous_identity_extension'],f0d0537b05f16011e6f35246ef0b1ccb1babbe5f369499e9deab120ee0e0c64f,f0d0537b05f16011e6f35246ef0b1ccb1babbe5f369499e9deab120ee0e0c64f,PASS
/Volumes/quant/CY_quant_research/five_strategy_capital_scaling_rollforward_v2/smv6/minute_critical/symbol=159697.SZ/critical.parquet,continuous_identity_extension,['continuous_identity_extension'],6d1fe001e8fe28b16cc0844fa915cba994cda0abec71c8393788ca2c010fac5a,6d1fe001e8fe28b16cc0844fa915cba994cda0abec71c8393788ca2c010fac5a,PASS
/Volumes/quant/CY_quant_research/five_strategy_capital_scaling_rollforward_v2/smv6/minute_critical/symbol=159732.SZ/critical.parquet,continuous_identity_extension,['continuous_identity_extension'],a6e62c57e3f2baab4398ad7c92186d14daec9726088a216256e222943a860afc,a6e62c57e3f2baab4398ad7c92186d14daec9726088a216256e222943a860afc,PASS
/Volumes/quant/CY_quant_research/five_strategy_capital_scaling_rollforward_v2/smv6/minute_critical/symbol=159736.SZ/critical.parquet,continuous_identity_extension,['continuous_identity_extension'],eefc894970ef935c58eaa841563737d640d8f3c3f00fe305efb399a998d7be2a,eefc894970ef935c58eaa841563737d640d8f3c3f00fe305efb399a998d7be2a,PASS
/Volumes/quant/CY_quant_research/five_strategy_capital_scaling_rollforward_v2/smv6/minute_critical/symbol=159755.SZ/critical.parquet,continuous_identity_extension,['continuous_identity_extension'],6bd2aae86e7c13f3d3936c60433fb719b3b8028952302d15efb6297146e9df01,6bd2aae86e7c13f3d3936c60433fb719b3b8028952302d15efb6297146e9df01,PASS
/Volumes/quant/CY_quant_research/five_strategy_capital_scaling_rollforward_v2/smv6/minute_critical/symbol=159758.SZ/critical.parquet,continuous_identity_extension,['continuous_identity_extension'],eb4a72e0dbb79a530878afd5ece262831b1ebd92391941f0459c857b572d1472,eb4a72e0dbb79a530878afd5ece262831b1ebd92391941f0459c857b572d1472,PASS
/Volumes/quant/CY_quant_research/five_strategy_capital_scaling_rollforward_v2/smv6/minute_critical/symbol=159766.SZ/critical.parquet,continuous_identity_extension,['continuous_identity_extension'],66c52ea8b743b2d9ac4c2fcff4e769ffa00dd763abbe2f4c7a35cfd651c275ad,66c52ea8b743b2d9ac4c2fcff4e769ffa00dd763abbe2f4c7a35cfd651c275ad,PASS
/Volumes/quant/CY_quant_research/five_strategy_capital_scaling_rollforward_v2/smv6/minute_critical/symbol=159781.SZ/critical.parquet,continuous_identity_extension,['continuous_identity_extension'],bc48f67c1bfb6a7f8bb262a8b20cd4df75f254c21c2f7b2c2a7f657f486ff214,bc48f67c1bfb6a7f8bb262a8b20cd4df75f254c21c2f7b2c2a7f657f486ff214,PASS
/Volumes/quant/CY_quant_research/five_strategy_capital_scaling_rollforward_v2/smv6/minute_critical/symbol=159790.SZ/critical.parquet,continuous_identity_extension,['continuous_identity_extension'],3bd871f21768e18295d66ffdf74dca45c388d98c1f42c800cc6413d533d38ff2,3bd871f21768e18295d66ffdf74dca45c388d98c1f42c800cc6413d533d38ff2,PASS
/Volumes/quant/CY_quant_research/five_strategy_capital_scaling_rollforward_v2/smv6/minute_critical/symbol=159796.SZ/critical.parquet,continuous_identity_extension,['continuous_identity_extension'],76b3dda05769a59b5aa94ba85604ed393c869559fb6f334756d9ba4cf981b7c8,76b3dda05769a59b5aa94ba85604ed393c869559fb6f334756d9ba4cf981b7c8,PASS
/Volumes/quant/CY_quant_research/five_strategy_capital_scaling_rollforward_v2/smv6/minute_critical/symbol=159819.SZ/critical.parquet,continuous_identity_extension,['continuous_identity_extension'],c24f75151abfeef5beb8c9a00214ed7304cd828ea6eeabf736a4fbaa70983d52,c24f75151abfeef5beb8c9a00214ed7304cd828ea6eeabf736a4fbaa70983d52,PASS
/Volumes/quant/CY_quant_research/five_strategy_capital_scaling_rollforward_v2/smv6/minute_critical/symbol=159825.SZ/critical.parquet,continuous_identity_extension,['continuous_identity_extension'],b68afc681258dcca1b1de6744056c2718310796aa75cecf64c73a1dd4f40e147,b68afc681258dcca1b1de6744056c2718310796aa75cecf64c73a1dd4f40e147,PASS
/Volumes/quant/CY_quant_research/five_strategy_capital_scaling_rollforward_v2/smv6/minute_critical/symbol=159837.SZ/critical.parquet,continuous_identity_extension,['continuous_identity_extension'],4072e4d89b86ba9a0fee041c318c6956c0642b4a880461fc6ac6ff3f7b6e4a6b,4072e4d89b86ba9a0fee041c318c6956c0642b4a880461fc6ac6ff3f7b6e4a6b,PASS
/Volumes/quant/CY_quant_research/five_strategy_capital_scaling_rollforward_v2/smv6/minute_critical/symbol=159851.SZ/critical.parquet,continuous_identity_extension,['continuous_identity_extension'],e903c31deafff2b5a934f8892b7725e3ac863ed945f5b6f020135b67a5d1fde2,e903c31deafff2b5a934f8892b7725e3ac863ed945f5b6f020135b67a5d1fde2,PASS
/Volumes/quant/CY_quant_research/five_strategy_capital_scaling_rollforward_v2/smv6/minute_critical/symbol=159852.SZ/critical.parquet,continuous_identity_extension,['continuous_identity_extension'],835e2ce01413697ce7bf4a8da7d90d71c6070d7433f2382f7d6a4419f5a49035,835e2ce01413697ce7bf4a8da7d90d71c6070d7433f2382f7d6a4419f5a49035,PASS
/Volumes/quant/CY_quant_research/five_strategy_capital_scaling_rollforward_v2/smv6/minute_critical/symbol=159859.SZ/critical.parquet,continuous_identity_extension,['continuous_identity_extension'],2ffe27d699ea99e25b721b4074d43833440a06e0f7f7acee22bc0b5de61eafe6,2ffe27d699ea99e25b721b4074d43833440a06e0f7f7acee22bc0b5de61eafe6,PASS
/Volumes/quant/CY_quant_research/five_strategy_capital_scaling_rollforward_v2/smv6/minute_critical/symbol=159865.SZ/critical.parquet,continuous_identity_extension,['continuous_identity_extension'],5033bdb9194441cf0ffb0f0274cf20222c2abba0a0edf20d063902be0eb12f68,5033bdb9194441cf0ffb0f0274cf20222c2abba0a0edf20d063902be0eb12f68,PASS
/Volumes/quant/CY_quant_research/five_strategy_capital_scaling_rollforward_v2/smv6/minute_critical/symbol=159869.SZ/critical.parquet,continuous_identity_extension,['continuous_identity_extension'],7b2dc5e153a68020212a872176a4f5c2b37961c913cd407268083f958380b0cd,7b2dc5e153a68020212a872176a4f5c2b37961c913cd407268083f958380b0cd,PASS
/Volumes/quant/CY_quant_research/five_strategy_capital_scaling_rollforward_v2/smv6/minute_critical/symbol=159870.SZ/critical.parquet,continuous_identity_extension,['continuous_identity_extension'],9f134e8c8d1a508c605803bae196b028878fcfda332b0b29308fb64ed4bfd896,9f134e8c8d1a508c605803bae196b028878fcfda332b0b29308fb64ed4bfd896,PASS
/Volumes/quant/CY_quant_research/five_strategy_capital_scaling_rollforward_v2/smv6/minute_critical/symbol=159876.SZ/critical.parquet,continuous_identity_extension,['continuous_identity_extension'],674187362519c390504fef910bf5c46cdaea72224494b15cecb77a6296118b20,674187362519c390504fef910bf5c46cdaea72224494b15cecb77a6296118b20,PASS
/Volumes/quant/CY_quant_research/five_strategy_capital_scaling_rollforward_v2/smv6/minute_critical/symbol=159880.SZ/critical.parquet,continuous_identity_extension,['continuous_identity_extension'],aeebc1cbb2e83a205cfef800028e123e99058441f26c1f4a2735c04c2abf8466,aeebc1cbb2e83a205cfef800028e123e99058441f26c1f4a2735c04c2abf8466,PASS
/Volumes/quant/CY_quant_research/five_strategy_capital_scaling_rollforward_v2/smv6/minute_critical/symbol=159883.SZ/critical.parquet,continuous_identity_extension,['continuous_identity_extension'],a40abbb0ae3ed2d95a8f700de8b72fe6881d99cbc365ffd580e52f2c6895b328,a40abbb0ae3ed2d95a8f700de8b72fe6881d99cbc365ffd580e52f2c6895b328,PASS
/Volumes/quant/CY_quant_research/five_strategy_capital_scaling_rollforward_v2/smv6/minute_critical/symbol=159901.SZ/critical.parquet,continuous_identity_extension,['continuous_identity_extension'],8b40573a69835eed774df1d60e5bef9f89700807a99b0466debca0f31b59ed96,8b40573a69835eed774df1d60e5bef9f89700807a99b0466debca0f31b59ed96,PASS
/Volumes/quant/CY_quant_research/five_strategy_capital_scaling_rollforward_v2/smv6/minute_critical/symbol=159905.SZ/critical.parquet,continuous_identity_extension,['continuous_identity_extension'],1b7aa519c8d58049e19b27e7647b0bc5567a375eba8656fa4c3b238037f315aa,1b7aa519c8d58049e19b27e7647b0bc5567a375eba8656fa4c3b238037f315aa,PASS
/Volumes/quant/CY_quant_research/five_strategy_capital_scaling_rollforward_v2/smv6/minute_critical/symbol=159915.SZ/critical.parquet,continuous_identity_extension,['continuous_identity_extension'],030a6ae3dd21353e278894ea0b26ad8d0c32994545d4476816443b26b587c132,030a6ae3dd21353e278894ea0b26ad8d0c32994545d4476816443b26b587c132,PASS
/Volumes/quant/CY_quant_research/five_strategy_capital_scaling_rollforward_v2/smv6/minute_critical/symbol=159928.SZ/critical.parquet,continuous_identity_extension,['continuous_identity_extension'],16d048196d0de76ec9d3befcdb6d682d512a625b617b32a97b802c1e3735aa6c,16d048196d0de76ec9d3befcdb6d682d512a625b617b32a97b802c1e3735aa6c,PASS
/Volumes/quant/CY_quant_research/five_strategy_capital_scaling_rollforward_v2/smv6/minute_critical/symbol=159929.SZ/critical.parquet,continuous_identity_extension,['continuous_identity_extension'],cb67544e1aedcad8df12dbcef986f76e2f3863773810dd0f8dd368b255982ef7,cb67544e1aedcad8df12dbcef986f76e2f3863773810dd0f8dd368b255982ef7,PASS
/Volumes/quant/CY_quant_research/five_strategy_capital_scaling_rollforward_v2/smv6/minute_critical/symbol=159938.SZ/critical.parquet,continuous_identity_extension,['continuous_identity_extension'],3b476a09e6c3b4a181e4658af22b004ebdc26388b02d6bf5d75f4d05d6f9b39a,3b476a09e6c3b4a181e4658af22b004ebdc26388b02d6bf5d75f4d05d6f9b39a,PASS
/Volumes/quant/CY_quant_research/five_strategy_capital_scaling_rollforward_v2/smv6/minute_critical/symbol=159949.SZ/critical.parquet,continuous_identity_extension,['continuous_identity_extension'],0a7ebf50cee3df48a198dce2899a55ee7b9b654d65113eaf69151ad296ec21f1,0a7ebf50cee3df48a198dce2899a55ee7b9b654d65113eaf69151ad296ec21f1,PASS
/Volumes/quant/CY_quant_research/five_strategy_capital_scaling_rollforward_v2/smv6/minute_critical/symbol=159967.SZ/critical.parquet,continuous_identity_extension,['continuous_identity_extension'],27650bd3982526bd1db97ec4ddf4d71572e10541a6ee2e16a8718a2f06f99c48,27650bd3982526bd1db97ec4ddf4d71572e10541a6ee2e16a8718a2f06f99c48,PASS
/Volumes/quant/CY_quant_research/five_strategy_capital_scaling_rollforward_v2/smv6/minute_critical/symbol=159980.SZ/critical.parquet,continuous_identity_extension,['continuous_identity_extension'],f9704a45c3e299e396f75b3d727b5166349bb7a839f8f673d0a820b7d757315a,f9704a45c3e299e396f75b3d727b5166349bb7a839f8f673d0a820b7d757315a,PASS
/Volumes/quant/CY_quant_research/five_strategy_capital_scaling_rollforward_v2/smv6/minute_critical/symbol=159992.SZ/critical.parquet,continuous_identity_extension,['continuous_identity_extension'],5c01da47454baa84785ffe4300ed81d90ba2ff60ab730c2557cbf9c384804032,5c01da47454baa84785ffe4300ed81d90ba2ff60ab730c2557cbf9c384804032,PASS
/Volumes/quant/CY_quant_research/five_strategy_capital_scaling_rollforward_v2/smv6/minute_critical/symbol=159993.SZ/critical.parquet,continuous_identity_extension,['continuous_identity_extension'],97e058fd6564b378a87b88db34422a713c8cd2b8927961e1e4dddcef422a1de6,97e058fd6564b378a87b88db34422a713c8cd2b8927961e1e4dddcef422a1de6,PASS
/Volumes/quant/CY_quant_research/five_strategy_capital_scaling_rollforward_v2/smv6/minute_critical/symbol=159995.SZ/critical.parquet,continuous_identity_extension,['continuous_identity_extension'],3e2ac34583a8d713bf0cf323b202b409337a686951d9fe4d848035dee66de1f3,3e2ac34583a8d713bf0cf323b202b409337a686951d9fe4d848035dee66de1f3,PASS
/Volumes/quant/CY_quant_research/five_strategy_capital_scaling_rollforward_v2/smv6/minute_critical/symbol=159997.SZ/critical.parquet,continuous_identity_extension,['continuous_identity_extension'],688885fb0b35cc84829c90fcf686084026285a56e6be9ce80e19b43a26e50aaa,688885fb0b35cc84829c90fcf686084026285a56e6be9ce80e19b43a26e50aaa,PASS
/Volumes/quant/CY_quant_research/five_strategy_capital_scaling_rollforward_v2/smv6/minute_critical/symbol=159998.SZ/critical.parquet,continuous_identity_extension,['continuous_identity_extension'],0050cb9702fecf690c3364ebdfce4af36b8568c9a568b5d746d06efaacd1e358,0050cb9702fecf690c3364ebdfce4af36b8568c9a568b5d746d06efaacd1e358,PASS
/Volumes/quant/CY_quant_research/five_strategy_capital_scaling_rollforward_v2/smv6/minute_critical/symbol=510050.SH/critical.parquet,continuous_identity_extension,['continuous_identity_extension'],a6c471e818e1d54ac2e6049978a0121c141d3a3bba3941344a9df3db17ee65eb,a6c471e818e1d54ac2e6049978a0121c141d3a3bba3941344a9df3db17ee65eb,PASS
/Volumes/quant/CY_quant_research/five_strategy_capital_scaling_rollforward_v2/smv6/minute_critical/symbol=510150.SH/critical.parquet,continuous_identity_extension,['continuous_identity_extension'],dff898ea8e81c40cab4e6c1ba91d122da93b9ea8bcd845d77c889eabce22ee99,dff898ea8e81c40cab4e6c1ba91d122da93b9ea8bcd845d77c889eabce22ee99,PASS
/Volumes/quant/CY_quant_research/five_strategy_capital_scaling_rollforward_v2/smv6/minute_critical/symbol=510180.SH/critical.parquet,continuous_identity_extension,['continuous_identity_extension'],c01250854fde5392099f2dba4fba5649aeb1ab1e14c9aa04c646e71cae53f7b8,c01250854fde5392099f2dba4fba5649aeb1ab1e14c9aa04c646e71cae53f7b8,PASS
/Volumes/quant/CY_quant_research/five_strategy_capital_scaling_rollforward_v2/smv6/minute_critical/symbol=510210.SH/critical.parquet,continuous_identity_extension,['continuous_identity_extension'],fb959e5cffc74bcad49794c646b12fc29894d39daa1ad5a78d45b24e7370929a,fb959e5cffc74bcad49794c646b12fc29894d39daa1ad5a78d45b24e7370929a,PASS
/Volumes/quant/CY_quant_research/five_strategy_capital_scaling_rollforward_v2/smv6/minute_critical/symbol=510300.SH/critical.parquet,continuous_identity_extension,['continuous_identity_extension'],b0dea4f79fa47e7022005232c38ddfc7c953bf5c4ee43330003d9a837b83d1c4,b0dea4f79fa47e7022005232c38ddfc7c953bf5c4ee43330003d9a837b83d1c4,PASS
/Volumes/quant/CY_quant_research/five_strategy_capital_scaling_rollforward_v2/smv6/minute_critical/symbol=510500.SH/critical.parquet,continuous_identity_extension,['continuous_identity_extension'],698b1df5b93ab2002f13d88a9db2b161caab4b91b82d7bc72938206583553210,698b1df5b93ab2002f13d88a9db2b161caab4b91b82d7bc72938206583553210,PASS
/Volumes/quant/CY_quant_research/five_strategy_capital_scaling_rollforward_v2/smv6/minute_critical/symbol=510720.SH/critical.parquet,continuous_identity_extension,['continuous_identity_extension'],db552fa54326425756e18fa0cb179efcd06dbbe2eb25bbce75390f0857b31ecd,db552fa54326425756e18fa0cb179efcd06dbbe2eb25bbce75390f0857b31ecd,PASS
/Volumes/quant/CY_quant_research/five_strategy_capital_scaling_rollforward_v2/smv6/minute_critical/symbol=510810.SH/critical.parquet,continuous_identity_extension,['continuous_identity_extension'],57cfaa0e7fab9b349b7390f6bda76726823fba06e495b42e1d23ddf818a19b8e,57cfaa0e7fab9b349b7390f6bda76726823fba06e495b42e1d23ddf818a19b8e,PASS
/Volumes/quant/CY_quant_research/five_strategy_capital_scaling_rollforward_v2/smv6/minute_critical/symbol=510880.SH/critical.parquet,continuous_identity_extension,['continuous_identity_extension'],5e5834ff9fbe3b34c33a84d9f6d9ae95335b00f6e18465f605440f5e50f40bd0,5e5834ff9fbe3b34c33a84d9f6d9ae95335b00f6e18465f605440f5e50f40bd0,PASS
/Volumes/quant/CY_quant_research/five_strategy_capital_scaling_rollforward_v2/smv6/minute_critical/symbol=512010.SH/critical.parquet,continuous_identity_extension,['continuous_identity_extension'],e58506ec7596ed75ada4411911cbf57aa7851f9be9c644115762c7abad7a58fa,e58506ec7596ed75ada4411911cbf57aa7851f9be9c644115762c7abad7a58fa,PASS
/Volumes/quant/CY_quant_research/five_strategy_capital_scaling_rollforward_v2/smv6/minute_critical/symbol=512040.SH/critical.parquet,continuous_identity_extension,['continuous_identity_extension'],299b38e926327bb1e76b91d07d7597de99700c0cd84dd3b6bd5e8685d295d4b1,299b38e926327bb1e76b91d07d7597de99700c0cd84dd3b6bd5e8685d295d4b1,PASS
/Volumes/quant/CY_quant_research/five_strategy_capital_scaling_rollforward_v2/smv6/minute_critical/symbol=512070.SH/critical.parquet,continuous_identity_extension,['continuous_identity_extension'],a00e6b1bd3059be636ee53aab48e96ed87f4ee7f47bb8225eaaa69b388413bbb,a00e6b1bd3059be636ee53aab48e96ed87f4ee7f47bb8225eaaa69b388413bbb,PASS
/Volumes/quant/CY_quant_research/five_strategy_capital_scaling_rollforward_v2/smv6/minute_critical/symbol=512100.SH/critical.parquet,continuous_identity_extension,['continuous_identity_extension'],44ff35716efb9c28cbf4f8c33f5710b0624cc17dfab9859b11481aee39d707ee,44ff35716efb9c28cbf4f8c33f5710b0624cc17dfab9859b11481aee39d707ee,PASS
/Volumes/quant/CY_quant_research/five_strategy_capital_scaling_rollforward_v2/smv6/minute_critical/symbol=512170.SH/critical.parquet,continuous_identity_extension,['continuous_identity_extension'],20530d89d696f887974a0a88af7227410e710fac9120ea092e849bf18a7875fb,20530d89d696f887974a0a88af7227410e710fac9120ea092e849bf18a7875fb,PASS
/Volumes/quant/CY_quant_research/five_strategy_capital_scaling_rollforward_v2/smv6/minute_critical/symbol=512200.SH/critical.parquet,continuous_identity_extension,['continuous_identity_extension'],247d0704daa823d4e81c5c4cb1d6b8f7162216dba68defdf6a4378f3400e1cf9,247d0704daa823d4e81c5c4cb1d6b8f7162216dba68defdf6a4378f3400e1cf9,PASS
/Volumes/quant/CY_quant_research/five_strategy_capital_scaling_rollforward_v2/smv6/minute_critical/symbol=512290.SH/critical.parquet,continuous_identity_extension,['continuous_identity_extension'],74dfc2e8f2b92d5feb3d0dfebcbe4319bd78d93bd89ad119b8ff45d686bb0a4c,74dfc2e8f2b92d5feb3d0dfebcbe4319bd78d93bd89ad119b8ff45d686bb0a4c,PASS
/Volumes/quant/CY_quant_research/five_strategy_capital_scaling_rollforward_v2/smv6/minute_critical/symbol=512400.SH/critical.parquet,continuous_identity_extension,['continuous_identity_extension'],946a1512660159bce22c75d1acd169112c14c32a0b09608ed8d719a2da7ad28c,946a1512660159bce22c75d1acd169112c14c32a0b09608ed8d719a2da7ad28c,PASS
/Volumes/quant/CY_quant_research/five_strategy_capital_scaling_rollforward_v2/smv6/minute_critical/symbol=512480.SH/critical.parquet,continuous_identity_extension,['continuous_identity_extension'],27ba0580fd4565bd9f252beb2618acebba6bb9c10bd8164e17f508776578ffc5,27ba0580fd4565bd9f252beb2618acebba6bb9c10bd8164e17f508776578ffc5,PASS
/Volumes/quant/CY_quant_research/five_strategy_capital_scaling_rollforward_v2/smv6/minute_critical/symbol=512660.SH/critical.parquet,continuous_identity_extension,['continuous_identity_extension'],5388854f8b7b387aca88f641fabdc8c53679d2fc7ce691443d85350804305a67,5388854f8b7b387aca88f641fabdc8c53679d2fc7ce691443d85350804305a67,PASS
/Volumes/quant/CY_quant_research/five_strategy_capital_scaling_rollforward_v2/smv6/minute_critical/symbol=512670.SH/critical.parquet,continuous_identity_extension,['continuous_identity_extension'],1ba288608a9d193b8e0f964aed53f41aaf06e11c8279513d4fd6b8498de27453,1ba288608a9d193b8e0f964aed53f41aaf06e11c8279513d4fd6b8498de27453,PASS
/Volumes/quant/CY_quant_research/five_strategy_capital_scaling_rollforward_v2/smv6/minute_critical/symbol=512690.SH/critical.parquet,continuous_identity_extension,['continuous_identity_extension'],b86b610e51614d3d9d28a6d30cc09c40a354b66e375a048baca04af5aaaf4ae9,b86b610e51614d3d9d28a6d30cc09c40a354b66e375a048baca04af5aaaf4ae9,PASS
/Volumes/quant/CY_quant_research/five_strategy_capital_scaling_rollforward_v2/smv6/minute_critical/symbol=512710.SH/critical.parquet,continuous_identity_extension,['continuous_identity_extension'],9688d5fb66e7baa0f7f51b7cb43cd2d1024b79630575f32a1e64273aca04b678,9688d5fb66e7baa0f7f51b7cb43cd2d1024b79630575f32a1e64273aca04b678,PASS
/Volumes/quant/CY_quant_research/five_strategy_capital_scaling_rollforward_v2/smv6/minute_critical/symbol=512760.SH/critical.parquet,continuous_identity_extension,['continuous_identity_extension'],c25eea6a9778bd73066d849a4bd2e223fc99e185687d76394cd8e204863d5670,c25eea6a9778bd73066d849a4bd2e223fc99e185687d76394cd8e204863d5670,PASS
/Volumes/quant/CY_quant_research/five_strategy_capital_scaling_rollforward_v2/smv6/minute_critical/symbol=512800.SH/critical.parquet,continuous_identity_extension,['continuous_identity_extension'],4830e0a146128a6ef233f9554e4ba06d84d83b1a9f2a3972a731a73e5f2713c3,4830e0a146128a6ef233f9554e4ba06d84d83b1a9f2a3972a731a73e5f2713c3,PASS
/Volumes/quant/CY_quant_research/five_strategy_capital_scaling_rollforward_v2/smv6/minute_critical/symbol=512880.SH/critical.parquet,continuous_identity_extension,['continuous_identity_extension'],b4a3be182176d7b5b328d7502b3ef37e4742461f27e4872312c8f4e00a423a39,b4a3be182176d7b5b328d7502b3ef37e4742461f27e4872312c8f4e00a423a39,PASS
/Volumes/quant/CY_quant_research/five_strategy_capital_scaling_rollforward_v2/smv6/minute_critical/symbol=512890.SH/critical.parquet,continuous_identity_extension,['continuous_identity_extension'],0beb4e51979af13b2314d9fd80fdc24f38952c1abdbbb890dff2a858afb27785,0beb4e51979af13b2314d9fd80fdc24f38952c1abdbbb890dff2a858afb27785,PASS
/Volumes/quant/CY_quant_research/five_strategy_capital_scaling_rollforward_v2/smv6/minute_critical/symbol=512940.SH/critical.parquet,continuous_identity_extension,['continuous_identity_extension'],a9bbb5ff9bfe5a69852782639a3a3e3773c8e0ffc69cd36987963df32a77fba5,a9bbb5ff9bfe5a69852782639a3a3e3773c8e0ffc69cd36987963df32a77fba5,PASS
/Volumes/quant/CY_quant_research/five_strategy_capital_scaling_rollforward_v2/smv6/minute_critical/symbol=512950.SH/critical.parquet,continuous_identity_extension,['continuous_identity_extension'],6d289ec8ca9829e3a0fcbf94cdff2f5b24bbe834f95ec4f5f5ca9f348cb0b9ad,6d289ec8ca9829e3a0fcbf94cdff2f5b24bbe834f95ec4f5f5ca9f348cb0b9ad,PASS
/Volumes/quant/CY_quant_research/five_strategy_capital_scaling_rollforward_v2/smv6/minute_critical/symbol=512980.SH/critical.parquet,continuous_identity_extension,['continuous_identity_extension'],2dab960ea3099719c3c75dfb1e070a386ae8cd8c404a7890d900bb7b46cd39ea,2dab960ea3099719c3c75dfb1e070a386ae8cd8c404a7890d900bb7b46cd39ea,PASS
/Volumes/quant/CY_quant_research/five_strategy_capital_scaling_rollforward_v2/smv6/minute_critical/symbol=515000.SH/critical.parquet,continuous_identity_extension,['continuous_identity_extension'],d169199c52de6e36344a277c7c54cb41ed8707400472086a73393351c34cf77e,d169199c52de6e36344a277c7c54cb41ed8707400472086a73393351c34cf77e,PASS
/Volumes/quant/CY_quant_research/five_strategy_capital_scaling_rollforward_v2/smv6/minute_critical/symbol=515030.SH/critical.parquet,continuous_identity_extension,['continuous_identity_extension'],80f3d9f1ba2e22bb2eeb4526b999aad3fffaa715ed2f86d355754b1be506f55a,80f3d9f1ba2e22bb2eeb4526b999aad3fffaa715ed2f86d355754b1be506f55a,PASS
/Volumes/quant/CY_quant_research/five_strategy_capital_scaling_rollforward_v2/smv6/minute_critical/symbol=515050.SH/critical.parquet,continuous_identity_extension,['continuous_identity_extension'],ee7c40dd4c8fbcb2891eedac9612ddd3f40c69bf69bab4088de4b2b018f183a7,ee7c40dd4c8fbcb2891eedac9612ddd3f40c69bf69bab4088de4b2b018f183a7,PASS
/Volumes/quant/CY_quant_research/five_strategy_capital_scaling_rollforward_v2/smv6/minute_critical/symbol=515170.SH/critical.parquet,continuous_identity_extension,['continuous_identity_extension'],76ea3d0c07c3e5f9078961bcee2c559a802452696546bd21b857b3c3f8c56482,76ea3d0c07c3e5f9078961bcee2c559a802452696546bd21b857b3c3f8c56482,PASS
/Volumes/quant/CY_quant_research/five_strategy_capital_scaling_rollforward_v2/smv6/minute_critical/symbol=515180.SH/critical.parquet,continuous_identity_extension,['continuous_identity_extension'],0ad782af93704a7bde1f52bfb7afb3920d06d4ab363204664c9e5149c29cd97a,0ad782af93704a7bde1f52bfb7afb3920d06d4ab363204664c9e5149c29cd97a,PASS
/Volumes/quant/CY_quant_research/five_strategy_capital_scaling_rollforward_v2/smv6/minute_critical/symbol=515210.SH/critical.parquet,continuous_identity_extension,['continuous_identity_extension'],2dcebbb01bdfe47c353ded1aa2e27f3ac9135a4c66abc2093f3aeff292600b6f,2dcebbb01bdfe47c353ded1aa2e27f3ac9135a4c66abc2093f3aeff292600b6f,PASS
/Volumes/quant/CY_quant_research/five_strategy_capital_scaling_rollforward_v2/smv6/minute_critical/symbol=515220.SH/critical.parquet,continuous_identity_extension,['continuous_identity_extension'],3108cb22d10f2fd47d925164316e31e1c4fbfd0d252346b6d0b9c198725eb7b8,3108cb22d10f2fd47d925164316e31e1c4fbfd0d252346b6d0b9c198725eb7b8,PASS
/Volumes/quant/CY_quant_research/five_strategy_capital_scaling_rollforward_v2/smv6/minute_critical/symbol=515230.SH/critical.parquet,continuous_identity_extension,['continuous_identity_extension'],b951ee3fb3eaca79786ca4cf38655b58c283183516c66235c62a236a8956fc6d,b951ee3fb3eaca79786ca4cf38655b58c283183516c66235c62a236a8956fc6d,PASS
/Volumes/quant/CY_quant_research/five_strategy_capital_scaling_rollforward_v2/smv6/minute_critical/symbol=515300.SH/critical.parquet,continuous_identity_extension,['continuous_identity_extension'],1b46cabb4ab3f650ecca3f73ecf6efb1ca42f1bd885cdb4db7ec3d96306655fe,1b46cabb4ab3f650ecca3f73ecf6efb1ca42f1bd885cdb4db7ec3d96306655fe,PASS
/Volumes/quant/CY_quant_research/five_strategy_capital_scaling_rollforward_v2/smv6/minute_critical/symbol=515400.SH/critical.parquet,continuous_identity_extension,['continuous_identity_extension'],4395c16974f9a18276cf65a570cca65e4c9e04a9a6e65a9275884c0c57bdb594,4395c16974f9a18276cf65a570cca65e4c9e04a9a6e65a9275884c0c57bdb594,PASS
/Volumes/quant/CY_quant_research/five_strategy_capital_scaling_rollforward_v2/smv6/minute_critical/symbol=515450.SH/critical.parquet,continuous_identity_extension,['continuous_identity_extension'],50fc431fc9d598026a86b3840e71ec8f5c6ddc31904290dacc349b823ad3fadf,50fc431fc9d598026a86b3840e71ec8f5c6ddc31904290dacc349b823ad3fadf,PASS
/Volumes/quant/CY_quant_research/five_strategy_capital_scaling_rollforward_v2/smv6/minute_critical/symbol=515630.SH/critical.parquet,continuous_identity_extension,['continuous_identity_extension'],d0eca15a0b9b7692dcd5bcaf8ebea732f79586ea5ced2b61522d170dc641b0d6,d0eca15a0b9b7692dcd5bcaf8ebea732f79586ea5ced2b61522d170dc641b0d6,PASS
/Volumes/quant/CY_quant_research/five_strategy_capital_scaling_rollforward_v2/smv6/minute_critical/symbol=515650.SH/critical.parquet,continuous_identity_extension,['continuous_identity_extension'],58ecf644d7d27715b95736872552fa084ea3aedb5c03b5bc1a14bc1067bf49e1,58ecf644d7d27715b95736872552fa084ea3aedb5c03b5bc1a14bc1067bf49e1,PASS
/Volumes/quant/CY_quant_research/five_strategy_capital_scaling_rollforward_v2/smv6/minute_critical/symbol=515700.SH/critical.parquet,continuous_identity_extension,['continuous_identity_extension'],7dd4bfa46aac54af1595718e08932a7a17a418799a5b93db05511b4ea4eab9d0,7dd4bfa46aac54af1595718e08932a7a17a418799a5b93db05511b4ea4eab9d0,PASS
/Volumes/quant/CY_quant_research/five_strategy_capital_scaling_rollforward_v2/smv6/minute_critical/symbol=515790.SH/critical.parquet,continuous_identity_extension,['continuous_identity_extension'],2678155d9d01452e49aba5fd81fbaeb56a51cee04c2de0ff63eaa6f1a75d92ac,2678155d9d01452e49aba5fd81fbaeb56a51cee04c2de0ff63eaa6f1a75d92ac,PASS
/Volumes/quant/CY_quant_research/five_strategy_capital_scaling_rollforward_v2/smv6/minute_critical/symbol=515800.SH/critical.parquet,continuous_identity_extension,['continuous_identity_extension'],61a8f3ef076358aba497383e759555ae72f93a8eefc9c1df0ae9f3bf8e36fa84,61a8f3ef076358aba497383e759555ae72f93a8eefc9c1df0ae9f3bf8e36fa84,PASS
/Volumes/quant/CY_quant_research/five_strategy_capital_scaling_rollforward_v2/smv6/minute_critical/symbol=515880.SH/critical.parquet,continuous_identity_extension,['continuous_identity_extension'],19ad0afe65fec3a7b340aee8470b0e1869a76724c7f736013a0e7300ef725299,19ad0afe65fec3a7b340aee8470b0e1869a76724c7f736013a0e7300ef725299,PASS
/Volumes/quant/CY_quant_research/five_strategy_capital_scaling_rollforward_v2/smv6/minute_critical/symbol=515900.SH/critical.parquet,continuous_identity_extension,['continuous_identity_extension'],9677088834ce82d31458ede7a03dca4d8aab3289853c111ab3c8bc73fc99cbed,9677088834ce82d31458ede7a03dca4d8aab3289853c111ab3c8bc73fc99cbed,PASS
/Volumes/quant/CY_quant_research/five_strategy_capital_scaling_rollforward_v2/smv6/minute_critical/symbol=515980.SH/critical.parquet,continuous_identity_extension,['continuous_identity_extension'],8f64f2499a822605f3d669a3a3f0a517e6a3d225b178b8c68cd3e118babd3043,8f64f2499a822605f3d669a3a3f0a517e6a3d225b178b8c68cd3e118babd3043,PASS
/Volumes/quant/CY_quant_research/five_strategy_capital_scaling_rollforward_v2/smv6/minute_critical/symbol=516130.SH/critical.parquet,continuous_identity_extension,['continuous_identity_extension'],96509878747574a012224a131129b6764eadff345edd4dfabcd14559414d00f2,96509878747574a012224a131129b6764eadff345edd4dfabcd14559414d00f2,PASS
/Volumes/quant/CY_quant_research/five_strategy_capital_scaling_rollforward_v2/smv6/minute_critical/symbol=516150.SH/critical.parquet,continuous_identity_extension,['continuous_identity_extension'],a12b10ef1e6f2f4b64b1bc1beb4bdb9d32e7a64fa9d2dba4c269b3239c7014ae,a12b10ef1e6f2f4b64b1bc1beb4bdb9d32e7a64fa9d2dba4c269b3239c7014ae,PASS
/Volumes/quant/CY_quant_research/five_strategy_capital_scaling_rollforward_v2/smv6/minute_critical/symbol=516160.SH/critical.parquet,continuous_identity_extension,['continuous_identity_extension'],4644abc95c0368cdf6b834bd977d91944a4b423fde41486f9a6f0bccd12c09c9,4644abc95c0368cdf6b834bd977d91944a4b423fde41486f9a6f0bccd12c09c9,PASS
/Volumes/quant/CY_quant_research/five_strategy_capital_scaling_rollforward_v2/smv6/minute_critical/symbol=516350.SH/critical.parquet,continuous_identity_extension,['continuous_identity_extension'],3a1490a6b878a7a951bb9797e13db83aa8a7106d0964aef0e3465c96ff87e6f1,3a1490a6b878a7a951bb9797e13db83aa8a7106d0964aef0e3465c96ff87e6f1,PASS
/Volumes/quant/CY_quant_research/five_strategy_capital_scaling_rollforward_v2/smv6/minute_critical/symbol=516510.SH/critical.parquet,continuous_identity_extension,['continuous_identity_extension'],36bcaf04d411a3ca2c7b4a18602e7928724cad5f621bb47a1f90e97c9755d424,36bcaf04d411a3ca2c7b4a18602e7928724cad5f621bb47a1f90e97c9755d424,PASS
/Volumes/quant/CY_quant_research/five_strategy_capital_scaling_rollforward_v2/smv6/minute_critical/symbol=516570.SH/critical.parquet,continuous_identity_extension,['continuous_identity_extension'],4131534f60c58e3fc7526a61a15766e6f3a2e32cc174d1aa6452c0f049afd74c,4131534f60c58e3fc7526a61a15766e6f3a2e32cc174d1aa6452c0f049afd74c,PASS
/Volumes/quant/CY_quant_research/five_strategy_capital_scaling_rollforward_v2/smv6/minute_critical/symbol=516650.SH/critical.parquet,continuous_identity_extension,['continuous_identity_extension'],206d3985906824608b1ef62855354333230181fa3a11118fc96368a4dd37c89f,206d3985906824608b1ef62855354333230181fa3a11118fc96368a4dd37c89f,PASS
/Volumes/quant/CY_quant_research/five_strategy_capital_scaling_rollforward_v2/smv6/minute_critical/symbol=516820.SH/critical.parquet,continuous_identity_extension,['continuous_identity_extension'],64c3ff1f48bc35cae5122aa7dda0163b1e0319db1dd6a2a560a7f4de190f4898,64c3ff1f48bc35cae5122aa7dda0163b1e0319db1dd6a2a560a7f4de190f4898,PASS
/Volumes/quant/CY_quant_research/five_strategy_capital_scaling_rollforward_v2/smv6/minute_critical/symbol=516970.SH/critical.parquet,continuous_identity_extension,['continuous_identity_extension'],5c4ad92aa9d73ed854871c9c31af43bfa3baea9e032388f47a3a257d42c58094,5c4ad92aa9d73ed854871c9c31af43bfa3baea9e032388f47a3a257d42c58094,PASS
/Volumes/quant/CY_quant_research/five_strategy_capital_scaling_rollforward_v2/smv6/minute_critical/symbol=560050.SH/critical.parquet,continuous_identity_extension,['continuous_identity_extension'],bb0380b1e9f9d31703dc1d01485b99b2ecb589985e2c55e455ccba8b984eb7fd,bb0380b1e9f9d31703dc1d01485b99b2ecb589985e2c55e455ccba8b984eb7fd,PASS
/Volumes/quant/CY_quant_research/five_strategy_capital_scaling_rollforward_v2/smv6/minute_critical/symbol=560080.SH/critical.parquet,continuous_identity_extension,['continuous_identity_extension'],2449b09606b3ea9c5116d12c2f157fa967392ba90b3f81739910b7659819f974,2449b09606b3ea9c5116d12c2f157fa967392ba90b3f81739910b7659819f974,PASS
/Volumes/quant/CY_quant_research/five_strategy_capital_scaling_rollforward_v2/smv6/minute_critical/symbol=560280.SH/critical.parquet,continuous_identity_extension,['continuous_identity_extension'],81e31e7d3187b26ced6e656829e40fd5995cfdae275799fb57e068088482f8b0,81e31e7d3187b26ced6e656829e40fd5995cfdae275799fb57e068088482f8b0,PASS
/Volumes/quant/CY_quant_research/five_strategy_capital_scaling_rollforward_v2/smv6/minute_critical/symbol=560570.SH/critical.parquet,continuous_identity_extension,['continuous_identity_extension'],a0ff6779ecc8e54eec8c8c2a9e47a99da30c39a48c6a64fe370b702fc0dd0eb5,a0ff6779ecc8e54eec8c8c2a9e47a99da30c39a48c6a64fe370b702fc0dd0eb5,PASS
/Volumes/quant/CY_quant_research/five_strategy_capital_scaling_rollforward_v2/smv6/minute_critical/symbol=560710.SH/critical.parquet,continuous_identity_extension,['continuous_identity_extension'],628d0fd3f2f81c9fafe8f02fa2a1dd8dea20809a4f5c2d8eb3ba9d3b9ec497d4,628d0fd3f2f81c9fafe8f02fa2a1dd8dea20809a4f5c2d8eb3ba9d3b9ec497d4,PASS
/Volumes/quant/CY_quant_research/five_strategy_capital_scaling_rollforward_v2/smv6/minute_critical/symbol=560860.SH/critical.parquet,continuous_identity_extension,['continuous_identity_extension'],1a962c2a034b040388cc7ab702affe51006cb5a68ebae3e120c6409e3ea5df21,1a962c2a034b040388cc7ab702affe51006cb5a68ebae3e120c6409e3ea5df21,PASS
/Volumes/quant/CY_quant_research/five_strategy_capital_scaling_rollforward_v2/smv6/minute_critical/symbol=561360.SH/critical.parquet,continuous_identity_extension,['continuous_identity_extension'],3d3a3537a4ee5ad9590d84316b275da7aee1c1e54b9e04794eadd5f8844560d2,3d3a3537a4ee5ad9590d84316b275da7aee1c1e54b9e04794eadd5f8844560d2,PASS
/Volumes/quant/CY_quant_research/five_strategy_capital_scaling_rollforward_v2/smv6/minute_critical/symbol=561380.SH/critical.parquet,continuous_identity_extension,['continuous_identity_extension'],522dff0043d8e264ea8a35c74deafb9ff2b2d0158a68d4888e6dfee9359db091,522dff0043d8e264ea8a35c74deafb9ff2b2d0158a68d4888e6dfee9359db091,PASS
/Volumes/quant/CY_quant_research/five_strategy_capital_scaling_rollforward_v2/smv6/minute_critical/symbol=561420.SH/critical.parquet,continuous_identity_extension,['continuous_identity_extension'],d0d5e4a72b671521e9132fb9c46592cf2d3d6f0f76cf5b3a0fea9114d134ec1a,d0d5e4a72b671521e9132fb9c46592cf2d3d6f0f76cf5b3a0fea9114d134ec1a,PASS
/Volumes/quant/CY_quant_research/five_strategy_capital_scaling_rollforward_v2/smv6/minute_critical/symbol=561550.SH/critical.parquet,continuous_identity_extension,['continuous_identity_extension'],7f9b095d076ddeeec77e2ae61b91c691f8f1538216ac6e3e48edd5805101ad82,7f9b095d076ddeeec77e2ae61b91c691f8f1538216ac6e3e48edd5805101ad82,PASS
/Volumes/quant/CY_quant_research/five_strategy_capital_scaling_rollforward_v2/smv6/minute_critical/symbol=561580.SH/critical.parquet,continuous_identity_extension,['continuous_identity_extension'],cc0a04d96b9e03abe9dcd02cb5070b076a44002aa4c75971319c4132d0e93379,cc0a04d96b9e03abe9dcd02cb5070b076a44002aa4c75971319c4132d0e93379,PASS
/Volumes/quant/CY_quant_research/five_strategy_capital_scaling_rollforward_v2/smv6/minute_critical/symbol=561980.SH/critical.parquet,continuous_identity_extension,['continuous_identity_extension'],2a13795816280b689c040d59a41934cf01878b6107ba8b385e7e6120ae83b51e,2a13795816280b689c040d59a41934cf01878b6107ba8b385e7e6120ae83b51e,PASS
/Volumes/quant/CY_quant_research/five_strategy_capital_scaling_rollforward_v2/smv6/minute_critical/symbol=562060.SH/critical.parquet,continuous_identity_extension,['continuous_identity_extension'],ad616462c614589d2cd4eda2134797c48e465e90723ecf6822735e0f933975b0,ad616462c614589d2cd4eda2134797c48e465e90723ecf6822735e0f933975b0,PASS
/Volumes/quant/CY_quant_research/five_strategy_capital_scaling_rollforward_v2/smv6/minute_critical/symbol=562500.SH/critical.parquet,continuous_identity_extension,['continuous_identity_extension'],06891415d771d3bc2931d9b8917ee2f4fc2284108c7189f1c8729d0d0830ba0c,06891415d771d3bc2931d9b8917ee2f4fc2284108c7189f1c8729d0d0830ba0c,PASS
/Volumes/quant/CY_quant_research/five_strategy_capital_scaling_rollforward_v2/smv6/minute_critical/symbol=562550.SH/critical.parquet,continuous_identity_extension,['continuous_identity_extension'],0318be2f3a9f86dcaf7e4f0b318ec22d11d49c246b79d10bb18d8a49dd567645,0318be2f3a9f86dcaf7e4f0b318ec22d11d49c246b79d10bb18d8a49dd567645,PASS
/Volumes/quant/CY_quant_research/five_strategy_capital_scaling_rollforward_v2/smv6/minute_critical/symbol=562800.SH/critical.parquet,continuous_identity_extension,['continuous_identity_extension'],2dc4f5f8db64eb32c489ba31d654e398ded628d58964db9f94f791dfda636bda,2dc4f5f8db64eb32c489ba31d654e398ded628d58964db9f94f791dfda636bda,PASS
/Volumes/quant/CY_quant_research/five_strategy_capital_scaling_rollforward_v2/smv6/minute_critical/symbol=562950.SH/critical.parquet,continuous_identity_extension,['continuous_identity_extension'],06e19f85443d6755a5a86a5f0676d2f965e7dd05b34d749eada0f01c1d1c4aca,06e19f85443d6755a5a86a5f0676d2f965e7dd05b34d749eada0f01c1d1c4aca,PASS
/Volumes/quant/CY_quant_research/five_strategy_capital_scaling_rollforward_v2/smv6/minute_critical/symbol=563230.SH/critical.parquet,continuous_identity_extension,['continuous_identity_extension'],14ee5718f1666df9e36bf964c025e80fa6e7cf3363a80de3a82ad9491e6a0c0b,14ee5718f1666df9e36bf964c025e80fa6e7cf3363a80de3a82ad9491e6a0c0b,PASS
/Volumes/quant/CY_quant_research/five_strategy_capital_scaling_rollforward_v2/smv6/minute_critical/symbol=563300.SH/critical.parquet,continuous_identity_extension,['continuous_identity_extension'],8c5428933ef8c4ada44657676d3572f76e6870e15070ad11f2f282ac2c92188a,8c5428933ef8c4ada44657676d3572f76e6870e15070ad11f2f282ac2c92188a,PASS
/Volumes/quant/CY_quant_research/five_strategy_capital_scaling_rollforward_v2/smv6/minute_critical/symbol=563360.SH/critical.parquet,continuous_identity_extension,['continuous_identity_extension'],e97b2e79c56e6678788ff914997f01adc715ddd1562f9fb71659034d2f217608,e97b2e79c56e6678788ff914997f01adc715ddd1562f9fb71659034d2f217608,PASS
/Volumes/quant/CY_quant_research/five_strategy_capital_scaling_rollforward_v2/smv6/minute_critical/symbol=588000.SH/critical.parquet,continuous_identity_extension,['continuous_identity_extension'],711e992300135d25fe9dccba87f2399f8aa55cbe2fc239de6645a37cdbf34f41,711e992300135d25fe9dccba87f2399f8aa55cbe2fc239de6645a37cdbf34f41,PASS
/Volumes/quant/CY_quant_research/five_strategy_capital_scaling_rollforward_v2/smv6/minute_critical/symbol=588020.SH/critical.parquet,continuous_identity_extension,['continuous_identity_extension'],2d15b07fcf01eec1362834d177de9d911b6fb6f098e252353c97a1466a251718,2d15b07fcf01eec1362834d177de9d911b6fb6f098e252353c97a1466a251718,PASS
/Volumes/quant/CY_quant_research/five_strategy_capital_scaling_rollforward_v2/smv6/minute_critical/symbol=588170.SH/critical.parquet,continuous_identity_extension,['continuous_identity_extension'],59d53905b2568a6b4d0a3f1a67a133499693b2ed5353cdd8c8325be9b315f0d6,59d53905b2568a6b4d0a3f1a67a133499693b2ed5353cdd8c8325be9b315f0d6,PASS
/Volumes/quant/CY_quant_research/five_strategy_capital_scaling_rollforward_v2/smv6/minute_critical/symbol=588200.SH/critical.parquet,continuous_identity_extension,['continuous_identity_extension'],cda88a39bcf1c6d4e50354328be2168eeb7cdb8347c9c78cb54bf98fee688afa,cda88a39bcf1c6d4e50354328be2168eeb7cdb8347c9c78cb54bf98fee688afa,PASS
/Volumes/quant/CY_quant_research/five_strategy_capital_scaling_rollforward_v2/smv6/minute_critical/symbol=588220.SH/critical.parquet,continuous_identity_extension,['continuous_identity_extension'],a8e50f2053f457209a23454127f5ea205801a0d817c935b773b1950779b98f19,a8e50f2053f457209a23454127f5ea205801a0d817c935b773b1950779b98f19,PASS
/Volumes/quant/CY_quant_research/five_strategy_capital_scaling_rollforward_v2/smv6/minute_critical/symbol=588460.SH/critical.parquet,continuous_identity_extension,['continuous_identity_extension'],06b096ff30ac6ec453ec0c3b84e54003abef4cc936335909bfe72fccfdc5734e,06b096ff30ac6ec453ec0c3b84e54003abef4cc936335909bfe72fccfdc5734e,PASS
/Volumes/quant/CY_quant_research/five_strategy_capital_scaling_rollforward_v2/smv6/minute_critical/symbol=588790.SH/critical.parquet,continuous_identity_extension,['continuous_identity_extension'],d9edea996a42b099d69857bf65652340f9ae994b81839aee512c22259916ead3,d9edea996a42b099d69857bf65652340f9ae994b81839aee512c22259916ead3,PASS
/Volumes/quant/CY_quant_research/five_strategy_capital_scaling_rollforward_v2/smv6/minute_critical/symbol=589070.SH/critical.parquet,continuous_identity_extension,['continuous_identity_extension'],98463d369d9c051ce9fedf0d544626ba4c7f8a3071a8a417f2891e463e42e3bd,98463d369d9c051ce9fedf0d544626ba4c7f8a3071a8a417f2891e463e42e3bd,PASS
/Volumes/quant/CY_quant_research/five_strategy_capital_scaling_rollforward_v2/smv6/minute_critical/symbol=589680.SH/critical.parquet,continuous_identity_extension,['continuous_identity_extension'],0a7c9eccf5ccae62d2c90209a7f149a09936b4eddaaf059be60ef43c83218300,0a7c9eccf5ccae62d2c90209a7f149a09936b4eddaaf059be60ef43c83218300,PASS
/Volumes/quant/CY_quant_research/five_strategy_capital_scaling_rollforward_v2/smv6/minute_critical/symbol=589720.SH/critical.parquet,continuous_identity_extension,['continuous_identity_extension'],959bfcd5f0f88b3cc1ee18782e980b89900a970c191da3942b7b7652faf1857d,959bfcd5f0f88b3cc1ee18782e980b89900a970c191da3942b7b7652faf1857d,PASS
/Volumes/quant/CY_quant_research/five_strategy_capital_scaling_v1/runs/ec3ca1bc3c61b7a2/COMBINED__COMBINED__IFCGR__confirmation_tag__2018_2021__G100__EXECUTION_AWARE_SCALING__FULL_BOOK_NORMALIZATION__NONE/account.json,sealed_parent_top5_account,['sealed_parent_top5_account'],540236e21a5be958022743990c854c44919c32c23b2e3294a54904cd3633a128,540236e21a5be958022743990c854c44919c32c23b2e3294a54904cd3633a128,PASS
/Volumes/quant/CY_quant_research/five_strategy_capital_scaling_v1/runs/ec3ca1bc3c61b7a2/COMBINED__COMBINED__IFCGR__confirmation_tag__2018_2021__G100__EXECUTION_AWARE_SCALING__FULL_BOOK_NORMALIZATION__NONE/checkpoints.parquet,sealed_parent_top5_account,['sealed_parent_top5_account'],9e6c67ce84d6e1e686380dec4889e9bbcf089f83032e9f0a5007218d703c952f,9e6c67ce84d6e1e686380dec4889e9bbcf089f83032e9f0a5007218d703c952f,PASS
/Volumes/quant/CY_quant_research/five_strategy_capital_scaling_v1/runs/ec3ca1bc3c61b7a2/COMBINED__COMBINED__IFCGR__confirmation_tag__2018_2021__G100__EXECUTION_AWARE_SCALING__FULL_BOOK_NORMALIZATION__NONE/daily.parquet,sealed_parent_top5_account,['sealed_parent_top5_account'],2c4aaa0fe702c3253162380d598108318722d70457a038cb57bc77b8a4d4f6b8,2c4aaa0fe702c3253162380d598108318722d70457a038cb57bc77b8a4d4f6b8,PASS
/Volumes/quant/CY_quant_research/five_strategy_capital_scaling_v1/runs/ec3ca1bc3c61b7a2/COMBINED__COMBINED__IFCGR__confirmation_tag__2018_2021__G100__EXECUTION_AWARE_SCALING__FULL_BOOK_NORMALIZATION__NONE/demand.parquet,sealed_parent_top5_account,['sealed_parent_top5_account'],d04cf48396b945d117b4231a04d5141d7747ff997e1200bd69c8b383f73d0b67,d04cf48396b945d117b4231a04d5141d7747ff997e1200bd69c8b383f73d0b67,PASS
/Volumes/quant/CY_quant_research/five_strategy_capital_scaling_v1/runs/ec3ca1bc3c61b7a2/COMBINED__COMBINED__IFCGR__confirmation_tag__2018_2021__G100__EXECUTION_AWARE_SCALING__FULL_BOOK_NORMALIZATION__NONE/fills.parquet,sealed_parent_top5_account,['sealed_parent_top5_account'],41839b4b26d0d9a3b9f279ae172756579e57e8b60577d58b69056d6c4b3b1b0b,41839b4b26d0d9a3b9f279ae172756579e57e8b60577d58b69056d6c4b3b1b0b,PASS
/Volumes/quant/CY_quant_research/five_strategy_capital_scaling_v1/runs/ec3ca1bc3c61b7a2/COMBINED__COMBINED__IFCGR__confirmation_tag__2018_2021__G100__EXECUTION_AWARE_SCALING__FULL_BOOK_NORMALIZATION__NONE/receipt.json,identity_evidence,['identity_evidence'],b16ac83ec483e768b029ba93e3945a3fcc7089f7dbd815b7fd449a643f76c606,b16ac83ec483e768b029ba93e3945a3fcc7089f7dbd815b7fd449a643f76c606,PASS
/Volumes/quant/CY_quant_research/five_strategy_capital_scaling_v1/runs/ec3ca1bc3c61b7a2/COMBINED__COMBINED__IFCGR__confirmation_tag__2018_2021__G100__EXECUTION_AWARE_SCALING__FULL_BOOK_NORMALIZATION__NONE/scaling.json,sealed_parent_top5_account,['sealed_parent_top5_account'],24345a2c401dfb7a05212c7b5e6d2c1014f48896b163562400ab6fd42bc73b53,24345a2c401dfb7a05212c7b5e6d2c1014f48896b163562400ab6fd42bc73b53,PASS
/Volumes/quant/CY_quant_research/five_strategy_capital_scaling_v1/runs/ec3ca1bc3c61b7a2/COMBINED__COMBINED__IFCGR__confirmation_tag__2018_2021__G100__EXECUTION_AWARE_SCALING__FULL_BOOK_NORMALIZATION__NONE/timeline.parquet,sealed_parent_top5_account,['sealed_parent_top5_account'],762a27805bbf5b8d15fd85ad10ebc5b684241573ed49238cd537dd54dde38bca,762a27805bbf5b8d15fd85ad10ebc5b684241573ed49238cd537dd54dde38bca,PASS
/Volumes/quant/CY_quant_research/five_strategy_capital_scaling_v1/runs/ec3ca1bc3c61b7a2/COMBINED__COMBINED__IFCGR__independent__2018_2021__G100__EXECUTION_AWARE_SCALING__FULL_BOOK_NORMALIZATION__NONE/account.json,sealed_parent_top5_account,['sealed_parent_top5_account'],e137d4d3b60fef247952b1323e5c4033fc17880d769c2079e06bd03ae309d412,e137d4d3b60fef247952b1323e5c4033fc17880d769c2079e06bd03ae309d412,PASS
/Volumes/quant/CY_quant_research/five_strategy_capital_scaling_v1/runs/ec3ca1bc3c61b7a2/COMBINED__COMBINED__IFCGR__independent__2018_2021__G100__EXECUTION_AWARE_SCALING__FULL_BOOK_NORMALIZATION__NONE/checkpoints.parquet,sealed_parent_top5_account,['sealed_parent_top5_account'],fd679786f7531ab572bda7002ccdbfc14a5ded3914596176926967123c246673,fd679786f7531ab572bda7002ccdbfc14a5ded3914596176926967123c246673,PASS
/Volumes/quant/CY_quant_research/five_strategy_capital_scaling_v1/runs/ec3ca1bc3c61b7a2/COMBINED__COMBINED__IFCGR__independent__2018_2021__G100__EXECUTION_AWARE_SCALING__FULL_BOOK_NORMALIZATION__NONE/daily.parquet,sealed_parent_top5_account,['sealed_parent_top5_account'],06237a20e31971623240a54f90233ba6e3f378876bde6677a188c9ed336c47c4,06237a20e31971623240a54f90233ba6e3f378876bde6677a188c9ed336c47c4,PASS
/Volumes/quant/CY_quant_research/five_strategy_capital_scaling_v1/runs/ec3ca1bc3c61b7a2/COMBINED__COMBINED__IFCGR__independent__2018_2021__G100__EXECUTION_AWARE_SCALING__FULL_BOOK_NORMALIZATION__NONE/demand.parquet,sealed_parent_top5_account,['sealed_parent_top5_account'],f3756dbadabfbfc5751a091a273fbc3f59038cefe60fef212338ac2dbc06a48c,f3756dbadabfbfc5751a091a273fbc3f59038cefe60fef212338ac2dbc06a48c,PASS
/Volumes/quant/CY_quant_research/five_strategy_capital_scaling_v1/runs/ec3ca1bc3c61b7a2/COMBINED__COMBINED__IFCGR__independent__2018_2021__G100__EXECUTION_AWARE_SCALING__FULL_BOOK_NORMALIZATION__NONE/fills.parquet,sealed_parent_top5_account,['sealed_parent_top5_account'],4d14ad9b30aba153629f69d2191c7264f9049ae096ae01bd7e30506738cbb512,4d14ad9b30aba153629f69d2191c7264f9049ae096ae01bd7e30506738cbb512,PASS
/Volumes/quant/CY_quant_research/five_strategy_capital_scaling_v1/runs/ec3ca1bc3c61b7a2/COMBINED__COMBINED__IFCGR__independent__2018_2021__G100__EXECUTION_AWARE_SCALING__FULL_BOOK_NORMALIZATION__NONE/receipt.json,identity_evidence,['identity_evidence'],edcd26ce52eff0ee6af116fe6c6f4136e1d1b58d1af8402c917bca905e070ada,edcd26ce52eff0ee6af116fe6c6f4136e1d1b58d1af8402c917bca905e070ada,PASS
/Volumes/quant/CY_quant_research/five_strategy_capital_scaling_v1/runs/ec3ca1bc3c61b7a2/COMBINED__COMBINED__IFCGR__independent__2018_2021__G100__EXECUTION_AWARE_SCALING__FULL_BOOK_NORMALIZATION__NONE/scaling.json,sealed_parent_top5_account,['sealed_parent_top5_account'],af666b2af1ff6556ff1678995952190e7ff8e732e74508d85f68d4673e599716,af666b2af1ff6556ff1678995952190e7ff8e732e74508d85f68d4673e599716,PASS
/Volumes/quant/CY_quant_research/five_strategy_capital_scaling_v1/runs/ec3ca1bc3c61b7a2/COMBINED__COMBINED__IFCGR__independent__2018_2021__G100__EXECUTION_AWARE_SCALING__FULL_BOOK_NORMALIZATION__NONE/timeline.parquet,sealed_parent_top5_account,['sealed_parent_top5_account'],76029b3bad5e989d7c95032bc432e1576bd25c736f3fb31e157254d287dddeae,76029b3bad5e989d7c95032bc432e1576bd25c736f3fb31e157254d287dddeae,PASS
/Volumes/quant/CY_quant_research/five_strategy_capital_scaling_v1/runs/ec3ca1bc3c61b7a2/COMBINED__COMBINED__OGR__confirmation_tag__2018_2021__G100__EXECUTION_AWARE_SCALING__FULL_BOOK_NORMALIZATION__NONE/account.json,sealed_parent_top5_account,['sealed_parent_top5_account'],35f6d883528cc2f227c66a58aa767048bf9244cb83398527350fadaa89109361,35f6d883528cc2f227c66a58aa767048bf9244cb83398527350fadaa89109361,PASS
/Volumes/quant/CY_quant_research/five_strategy_capital_scaling_v1/runs/ec3ca1bc3c61b7a2/COMBINED__COMBINED__OGR__confirmation_tag__2018_2021__G100__EXECUTION_AWARE_SCALING__FULL_BOOK_NORMALIZATION__NONE/checkpoints.parquet,sealed_parent_top5_account,['sealed_parent_top5_account'],acb5c50f0d739af5565fc0307e693543154722d35d7629573a0338b8c770b5c2,acb5c50f0d739af5565fc0307e693543154722d35d7629573a0338b8c770b5c2,PASS
/Volumes/quant/CY_quant_research/five_strategy_capital_scaling_v1/runs/ec3ca1bc3c61b7a2/COMBINED__COMBINED__OGR__confirmation_tag__2018_2021__G100__EXECUTION_AWARE_SCALING__FULL_BOOK_NORMALIZATION__NONE/daily.parquet,sealed_parent_top5_account,['sealed_parent_top5_account'],c27c624b079be279669a273a64d0fade7ddc40fee7a65b22a5630a80a7c8e92a,c27c624b079be279669a273a64d0fade7ddc40fee7a65b22a5630a80a7c8e92a,PASS
/Volumes/quant/CY_quant_research/five_strategy_capital_scaling_v1/runs/ec3ca1bc3c61b7a2/COMBINED__COMBINED__OGR__confirmation_tag__2018_2021__G100__EXECUTION_AWARE_SCALING__FULL_BOOK_NORMALIZATION__NONE/demand.parquet,sealed_parent_top5_account,['sealed_parent_top5_account'],0ca5123922a9e3648eb551c3863057e304cdf7eece42996c781d839a8cd8913f,0ca5123922a9e3648eb551c3863057e304cdf7eece42996c781d839a8cd8913f,PASS
/Volumes/quant/CY_quant_research/five_strategy_capital_scaling_v1/runs/ec3ca1bc3c61b7a2/COMBINED__COMBINED__OGR__confirmation_tag__2018_2021__G100__EXECUTION_AWARE_SCALING__FULL_BOOK_NORMALIZATION__NONE/fills.parquet,sealed_parent_top5_account,['sealed_parent_top5_account'],3ba06fe01a0ebb723c3e3d9c6f20ee653c14ef24a4e46dc2c981e1b8d854ee40,3ba06fe01a0ebb723c3e3d9c6f20ee653c14ef24a4e46dc2c981e1b8d854ee40,PASS
/Volumes/quant/CY_quant_research/five_strategy_capital_scaling_v1/runs/ec3ca1bc3c61b7a2/COMBINED__COMBINED__OGR__confirmation_tag__2018_2021__G100__EXECUTION_AWARE_SCALING__FULL_BOOK_NORMALIZATION__NONE/receipt.json,identity_evidence,['identity_evidence'],c9812d1aad7a7f1bce94b9700a34b67094e3575ac2e6a41dc899d55ce91e24a3,c9812d1aad7a7f1bce94b9700a34b67094e3575ac2e6a41dc899d55ce91e24a3,PASS
/Volumes/quant/CY_quant_research/five_strategy_capital_scaling_v1/runs/ec3ca1bc3c61b7a2/COMBINED__COMBINED__OGR__confirmation_tag__2018_2021__G100__EXECUTION_AWARE_SCALING__FULL_BOOK_NORMALIZATION__NONE/scaling.json,sealed_parent_top5_account,['sealed_parent_top5_account'],a5352ea2839b42c021c38fd4008a3d94fb71d1df50f85bf44fba0282f98e752b,a5352ea2839b42c021c38fd4008a3d94fb71d1df50f85bf44fba0282f98e752b,PASS
/Volumes/quant/CY_quant_research/five_strategy_capital_scaling_v1/runs/ec3ca1bc3c61b7a2/COMBINED__COMBINED__OGR__confirmation_tag__2018_2021__G100__EXECUTION_AWARE_SCALING__FULL_BOOK_NORMALIZATION__NONE/timeline.parquet,sealed_parent_top5_account,['sealed_parent_top5_account'],330a90b3066a7fac819ef093c132a4cb4d4307ca1fb21754e90ccc8ce60bdc2d,330a90b3066a7fac819ef093c132a4cb4d4307ca1fb21754e90ccc8ce60bdc2d,PASS
/Volumes/quant/CY_quant_research/five_strategy_capital_scaling_v1/runs/ec3ca1bc3c61b7a2/COMBINED__COMBINED__OGR__independent__2018_2021__G100__EXECUTION_AWARE_SCALING__FULL_BOOK_NORMALIZATION__NONE/account.json,sealed_parent_top5_account,['sealed_parent_top5_account'],91ee2833a0f57cc195de383eeedc237b9f748e6cd50608cad0b87569dfd2064b,91ee2833a0f57cc195de383eeedc237b9f748e6cd50608cad0b87569dfd2064b,PASS
/Volumes/quant/CY_quant_research/five_strategy_capital_scaling_v1/runs/ec3ca1bc3c61b7a2/COMBINED__COMBINED__OGR__independent__2018_2021__G100__EXECUTION_AWARE_SCALING__FULL_BOOK_NORMALIZATION__NONE/checkpoints.parquet,sealed_parent_top5_account,['sealed_parent_top5_account'],526c2bfcff7d1b045656fe3590b350bc9da3b98d7126bacb911be22e46ebfff1,526c2bfcff7d1b045656fe3590b350bc9da3b98d7126bacb911be22e46ebfff1,PASS
/Volumes/quant/CY_quant_research/five_strategy_capital_scaling_v1/runs/ec3ca1bc3c61b7a2/COMBINED__COMBINED__OGR__independent__2018_2021__G100__EXECUTION_AWARE_SCALING__FULL_BOOK_NORMALIZATION__NONE/daily.parquet,sealed_parent_top5_account,['sealed_parent_top5_account'],5296031f2fdb6e57b9b3fe92ac9775deacaf7d4f68d6ac116a92d945fab7b3cb,5296031f2fdb6e57b9b3fe92ac9775deacaf7d4f68d6ac116a92d945fab7b3cb,PASS
/Volumes/quant/CY_quant_research/five_strategy_capital_scaling_v1/runs/ec3ca1bc3c61b7a2/COMBINED__COMBINED__OGR__independent__2018_2021__G100__EXECUTION_AWARE_SCALING__FULL_BOOK_NORMALIZATION__NONE/demand.parquet,sealed_parent_top5_account,['sealed_parent_top5_account'],495c3a5eb4b4888333575fcbe4f2b4aa8c7634fb32487ccc25468ebf6b0db12b,495c3a5eb4b4888333575fcbe4f2b4aa8c7634fb32487ccc25468ebf6b0db12b,PASS
/Volumes/quant/CY_quant_research/five_strategy_capital_scaling_v1/runs/ec3ca1bc3c61b7a2/COMBINED__COMBINED__OGR__independent__2018_2021__G100__EXECUTION_AWARE_SCALING__FULL_BOOK_NORMALIZATION__NONE/fills.parquet,sealed_parent_top5_account,['sealed_parent_top5_account'],6993398861c3efa7618eac33af0e708d6915cef939e6fc6941cc37a81a7ef899,6993398861c3efa7618eac33af0e708d6915cef939e6fc6941cc37a81a7ef899,PASS
/Volumes/quant/CY_quant_research/five_strategy_capital_scaling_v1/runs/ec3ca1bc3c61b7a2/COMBINED__COMBINED__OGR__independent__2018_2021__G100__EXECUTION_AWARE_SCALING__FULL_BOOK_NORMALIZATION__NONE/receipt.json,identity_evidence,['identity_evidence'],309ed076373ffe9ddec822e7860d057f57e0b91b0e0ce22d2ea4133ed80f517a,309ed076373ffe9ddec822e7860d057f57e0b91b0e0ce22d2ea4133ed80f517a,PASS
/Volumes/quant/CY_quant_research/five_strategy_capital_scaling_v1/runs/ec3ca1bc3c61b7a2/COMBINED__COMBINED__OGR__independent__2018_2021__G100__EXECUTION_AWARE_SCALING__FULL_BOOK_NORMALIZATION__NONE/scaling.json,sealed_parent_top5_account,['sealed_parent_top5_account'],ea9ce5f8357fd4ed7338011b8aab21873596b61373d21263f0ca351a6326ded7,ea9ce5f8357fd4ed7338011b8aab21873596b61373d21263f0ca351a6326ded7,PASS
/Volumes/quant/CY_quant_research/five_strategy_capital_scaling_v1/runs/ec3ca1bc3c61b7a2/COMBINED__COMBINED__OGR__independent__2018_2021__G100__EXECUTION_AWARE_SCALING__FULL_BOOK_NORMALIZATION__NONE/timeline.parquet,sealed_parent_top5_account,['sealed_parent_top5_account'],67154ce23b637d0b376717acdb9cad2c6ab25788d8194425869515580339725e,67154ce23b637d0b376717acdb9cad2c6ab25788d8194425869515580339725e,PASS
/Volumes/quant/CY_quant_research/five_strategy_capital_scaling_v1/runs/ec3ca1bc3c61b7a2/COMBINED__COMBINED__OGR__independent__2018_2021__G75__EXECUTION_AWARE_SCALING__FULL_BOOK_NORMALIZATION__NONE/account.json,sealed_parent_top5_account,['sealed_parent_top5_account'],e7926f63c8eb1ed08244727dd6dfa13f7bfb69d8445eed6b2213e32497b6ad25,e7926f63c8eb1ed08244727dd6dfa13f7bfb69d8445eed6b2213e32497b6ad25,PASS
/Volumes/quant/CY_quant_research/five_strategy_capital_scaling_v1/runs/ec3ca1bc3c61b7a2/COMBINED__COMBINED__OGR__independent__2018_2021__G75__EXECUTION_AWARE_SCALING__FULL_BOOK_NORMALIZATION__NONE/checkpoints.parquet,sealed_parent_top5_account,['sealed_parent_top5_account'],f01e87c26a75ae3c650c5b9311a25456e1887c9c09317cbd470311e0123e7643,f01e87c26a75ae3c650c5b9311a25456e1887c9c09317cbd470311e0123e7643,PASS
/Volumes/quant/CY_quant_research/five_strategy_capital_scaling_v1/runs/ec3ca1bc3c61b7a2/COMBINED__COMBINED__OGR__independent__2018_2021__G75__EXECUTION_AWARE_SCALING__FULL_BOOK_NORMALIZATION__NONE/daily.parquet,sealed_parent_top5_account,['sealed_parent_top5_account'],fa8fe374e5f86a074618b61f6d83fb284bd1c25b6aa5c0822730ae9d3421c1b2,fa8fe374e5f86a074618b61f6d83fb284bd1c25b6aa5c0822730ae9d3421c1b2,PASS
/Volumes/quant/CY_quant_research/five_strategy_capital_scaling_v1/runs/ec3ca1bc3c61b7a2/COMBINED__COMBINED__OGR__independent__2018_2021__G75__EXECUTION_AWARE_SCALING__FULL_BOOK_NORMALIZATION__NONE/demand.parquet,sealed_parent_top5_account,['sealed_parent_top5_account'],8cfe7e1b68ff41153b9ef013b16e894afc980413188c7f0320b37f498d1d78cc,8cfe7e1b68ff41153b9ef013b16e894afc980413188c7f0320b37f498d1d78cc,PASS
/Volumes/quant/CY_quant_research/five_strategy_capital_scaling_v1/runs/ec3ca1bc3c61b7a2/COMBINED__COMBINED__OGR__independent__2018_2021__G75__EXECUTION_AWARE_SCALING__FULL_BOOK_NORMALIZATION__NONE/fills.parquet,sealed_parent_top5_account,['sealed_parent_top5_account'],298e6f74c7a43f0738147d027d36ac11d1cc58d8af5af04f11df3342acce595b,298e6f74c7a43f0738147d027d36ac11d1cc58d8af5af04f11df3342acce595b,PASS
/Volumes/quant/CY_quant_research/five_strategy_capital_scaling_v1/runs/ec3ca1bc3c61b7a2/COMBINED__COMBINED__OGR__independent__2018_2021__G75__EXECUTION_AWARE_SCALING__FULL_BOOK_NORMALIZATION__NONE/receipt.json,identity_evidence,['identity_evidence'],85bb2a290c4b4c2d57674d40d26a883230621bda4d966c79461e734c8bb70ec3,85bb2a290c4b4c2d57674d40d26a883230621bda4d966c79461e734c8bb70ec3,PASS
/Volumes/quant/CY_quant_research/five_strategy_capital_scaling_v1/runs/ec3ca1bc3c61b7a2/COMBINED__COMBINED__OGR__independent__2018_2021__G75__EXECUTION_AWARE_SCALING__FULL_BOOK_NORMALIZATION__NONE/scaling.json,sealed_parent_top5_account,['sealed_parent_top5_account'],a3a099fefcd961ce157a84e068fdb8b1da1570253e78eae943bb3ef8f432f9db,a3a099fefcd961ce157a84e068fdb8b1da1570253e78eae943bb3ef8f432f9db,PASS
/Volumes/quant/CY_quant_research/five_strategy_capital_scaling_v1/runs/ec3ca1bc3c61b7a2/COMBINED__COMBINED__OGR__independent__2018_2021__G75__EXECUTION_AWARE_SCALING__FULL_BOOK_NORMALIZATION__NONE/timeline.parquet,sealed_parent_top5_account,['sealed_parent_top5_account'],8cfddc55620a58067e423119aa761923e4723f02fc4990d078c5ca14f6ad4dc4,8cfddc55620a58067e423119aa761923e4723f02fc4990d078c5ca14f6ad4dc4,PASS
/Volumes/quant/CY_quant_research/five_strategy_shared_capital_v1/official_ca/600195_2019-07-09.pdf,parent_registered_input,['parent_registered_input'],76fb13da00a6db25e8c8fe33b2900770be921057f9d5390b791f5234bd4cbcd8,76fb13da00a6db25e8c8fe33b2900770be921057f9d5390b791f5234bd4cbcd8,PASS
/Volumes/quant/CY_quant_research/five_strategy_shared_capital_v1/official_ca/600195_2019-07-09.txt,parent_registered_input,['parent_registered_input'],0c9cae0f79d27a89c852686b5b6af4ac0ec496feb91b6e8dab434cd86c293bbd,0c9cae0f79d27a89c852686b5b6af4ac0ec496feb91b6e8dab434cd86c293bbd,PASS
/Volumes/quant/CY_quant_research/five_strategy_shared_capital_v1/official_ca/600195_2019-07-09_600195_query_v2.json,parent_registered_input,['parent_registered_input'],8b0325446b74c606d9f676922b71d46f65425d7590a8084d4ebde3ec8b6ed7f7,8b0325446b74c606d9f676922b71d46f65425d7590a8084d4ebde3ec8b6ed7f7,PASS
/Volumes/quant/CY_quant_research/five_strategy_shared_capital_v1/official_ca/600195_2020-07-01.pdf,parent_registered_input,['parent_registered_input'],3e8bdfbc6a04e48c9b7c0064d6c590c3589b829dc715bb8e355aca225d79b9a7,3e8bdfbc6a04e48c9b7c0064d6c590c3589b829dc715bb8e355aca225d79b9a7,PASS
/Volumes/quant/CY_quant_research/five_strategy_shared_capital_v1/official_ca/600195_2020-07-01.txt,parent_registered_input,['parent_registered_input'],a88d4c13832cf9f5b5efeae22f03dc2e0415ed1d4a3268119db4c1c43b24b467,a88d4c13832cf9f5b5efeae22f03dc2e0415ed1d4a3268119db4c1c43b24b467,PASS
/Volumes/quant/CY_quant_research/five_strategy_shared_capital_v1/official_ca/600195_2020-07-01_600195_query_v2.json,parent_registered_input,['parent_registered_input'],34804acf8d6b31d2685393ab5506f89c4fb80ef5b53022e32c84ac8b49fba8b5,34804acf8d6b31d2685393ab5506f89c4fb80ef5b53022e32c84ac8b49fba8b5,PASS
/Volumes/quant/CY_quant_research/five_strategy_shared_capital_v1/official_ca/600570_2020-05-29.pdf,parent_registered_input,['parent_registered_input'],c6e0392568a7b3243fbdc3bba59d631fa1a1dcd8b54cbae22866d078075f5067,c6e0392568a7b3243fbdc3bba59d631fa1a1dcd8b54cbae22866d078075f5067,PASS
/Volumes/quant/CY_quant_research/five_strategy_shared_capital_v1/official_ca/600570_2020-05-29.txt,parent_registered_input,['parent_registered_input'],c0bffca86038046ff4ea28fe39417b32f957ad9109d162d31ab58f3f08fa9a08,c0bffca86038046ff4ea28fe39417b32f957ad9109d162d31ab58f3f08fa9a08,PASS
/Volumes/quant/CY_quant_research/five_strategy_shared_capital_v1/official_ca/600570_2020-05-29_600570_query_v2.json,parent_registered_input,['parent_registered_input'],245fbed5f6b9f89a140dc5615db4c82833f5cd92d3d1727f153d549ee04c616d,245fbed5f6b9f89a140dc5615db4c82833f5cd92d3d1727f153d549ee04c616d,PASS
/Volumes/quant/CY_quant_research/five_strategy_shared_capital_v1/official_ca/600570_2021-07-12.pdf,parent_registered_input,['parent_registered_input'],bc043b996dfcab6bc7534a8dc191523ca8989f52156dd714c18960e314388b9f,bc043b996dfcab6bc7534a8dc191523ca8989f52156dd714c18960e314388b9f,PASS
/Volumes/quant/CY_quant_research/five_strategy_shared_capital_v1/official_ca/600570_2021-07-12.txt,parent_registered_input,['parent_registered_input'],f3d06b76377adbf2262691bb80b5b0d9cb0edf7275689c063b9f2467e3f3c783,f3d06b76377adbf2262691bb80b5b0d9cb0edf7275689c063b9f2467e3f3c783,PASS
/Volumes/quant/CY_quant_research/five_strategy_shared_capital_v1/official_ca/600570_2021-07-12_恒生电子_query_v2.json,parent_registered_input,['parent_registered_input'],61153ac9aa753b9e9a44013a5a6b7b9116f73cb1c588aa386081f6dfe74280f0,61153ac9aa753b9e9a44013a5a6b7b9116f73cb1c588aa386081f6dfe74280f0,PASS
/Volumes/quant/CY_quant_research/five_strategy_shared_capital_v1/official_ca/600570_2022-08-12.pdf,parent_registered_input,['parent_registered_input'],d07e24dcb323b7bae2ba042f280c2b4e6054970611bfe7de4885cba3ebcccf57,d07e24dcb323b7bae2ba042f280c2b4e6054970611bfe7de4885cba3ebcccf57,PASS
/Volumes/quant/CY_quant_research/five_strategy_shared_capital_v1/official_ca/600570_2022-08-12.txt,parent_registered_input,['parent_registered_input'],16937ad96de81da29000d56748c63a5067d0a0aaf498fcf9ebe92f2ef2918a35,16937ad96de81da29000d56748c63a5067d0a0aaf498fcf9ebe92f2ef2918a35,PASS
/Volumes/quant/CY_quant_research/five_strategy_shared_capital_v1/official_ca/600570_2022-08-12_600570_query_v2.json,parent_registered_input,['parent_registered_input'],3ff9fc992a9cf0fd2c7edb3d9ba46bbe617c9a40bd51d0d7c267c34e7a2ba00c,3ff9fc992a9cf0fd2c7edb3d9ba46bbe617c9a40bd51d0d7c267c34e7a2ba00c,PASS
/Volumes/quant/CY_quant_research/five_strategy_shared_capital_v1/official_ca/600622_2017-06-23.pdf,parent_registered_input,['parent_registered_input'],3c1723540f8eb4d177b646da089142c11a58f082c0f4f16257c850b504ded246,3c1723540f8eb4d177b646da089142c11a58f082c0f4f16257c850b504ded246,PASS
/Volumes/quant/CY_quant_research/five_strategy_shared_capital_v1/official_ca/600622_2017-06-23.txt,parent_registered_input,['parent_registered_input'],6999932e0cff6cf3019ad9efaf8a496d37ffee1807c7499e8f7ccaed9668b4ba,6999932e0cff6cf3019ad9efaf8a496d37ffee1807c7499e8f7ccaed9668b4ba,PASS
/Volumes/quant/CY_quant_research/five_strategy_shared_capital_v1/official_ca/600622_2017-06-23_嘉宝_query_v2.json,parent_registered_input,['parent_registered_input'],b3d5dd798ca7bd93edf076565506b6ad8a81335580331852edba00e960ba249e,b3d5dd798ca7bd93edf076565506b6ad8a81335580331852edba00e960ba249e,PASS
/Volumes/quant/CY_quant_research/five_strategy_shared_capital_v1/official_ca/600622_2018-06-08.pdf,parent_registered_input,['parent_registered_input'],f19011a3aabce6c252b0844f44fd61854481144673d2a906e1d39b5a4703c81b,f19011a3aabce6c252b0844f44fd61854481144673d2a906e1d39b5a4703c81b,PASS
/Volumes/quant/CY_quant_research/five_strategy_shared_capital_v1/official_ca/600622_2018-06-08.txt,parent_registered_input,['parent_registered_input'],869757ff0f756f4bed94873f6b5008b7c835a857f2bc6c2d0beaa55e00258f70,869757ff0f756f4bed94873f6b5008b7c835a857f2bc6c2d0beaa55e00258f70,PASS
/Volumes/quant/CY_quant_research/five_strategy_shared_capital_v1/official_ca/600622_2018-06-08_600622_query_v2.json,parent_registered_input,['parent_registered_input'],02d11b045f9d389fa323063390df39073cb202b62d00a4f6bd2a8479552354d9,02d11b045f9d389fa323063390df39073cb202b62d00a4f6bd2a8479552354d9,PASS
/Volumes/quant/CY_quant_research/five_strategy_shared_capital_v1/official_ca/600622_2019-06-11.pdf,parent_registered_input,['parent_registered_input'],e863233eb18d21338f13e7aa96355a919aab28dc924208a2daa268779be389c6,e863233eb18d21338f13e7aa96355a919aab28dc924208a2daa268779be389c6,PASS
/Volumes/quant/CY_quant_research/five_strategy_shared_capital_v1/official_ca/600622_2019-06-11.txt,parent_registered_input,['parent_registered_input'],fd6d5fa5bc3e5f440cc98bc6d89f83cb5954e93302996218046946f83e34f9e0,fd6d5fa5bc3e5f440cc98bc6d89f83cb5954e93302996218046946f83e34f9e0,PASS
/Volumes/quant/CY_quant_research/five_strategy_shared_capital_v1/official_ca/600622_2019-06-11_600622_query_v2.json,parent_registered_input,['parent_registered_input'],5b9e9c7898482bdb6e8ecdced7a22c00e2073435cd94207b5ab3cbd7f4ba2823,5b9e9c7898482bdb6e8ecdced7a22c00e2073435cd94207b5ab3cbd7f4ba2823,PASS
/Volumes/quant/CY_quant_research/five_strategy_shared_capital_v1/official_ca/603138_2020-06-20.pdf,parent_registered_input,['parent_registered_input'],5969ce241843e8ee1e4a47feaf04ca82fa984288cf511ce767e0c89fdd515787,5969ce241843e8ee1e4a47feaf04ca82fa984288cf511ce767e0c89fdd515787,PASS
/Volumes/quant/CY_quant_research/five_strategy_shared_capital_v1/official_ca/603138_2020-06-20.txt,parent_registered_input,['parent_registered_input'],b6df6049a68bbeb3b5714dee2d558d22c5b031af88874656ba199a19ca19b8c1,b6df6049a68bbeb3b5714dee2d558d22c5b031af88874656ba199a19ca19b8c1,PASS
/Volumes/quant/CY_quant_research/five_strategy_shared_capital_v1/official_ca/603138_2020-06-20_603138_query_v2.json,parent_registered_input,['parent_registered_input'],ed441671075d51552996721ad78d5a085a806d99c4c54ed3f87d56f6cc2b496b,ed441671075d51552996721ad78d5a085a806d99c4c54ed3f87d56f6cc2b496b,PASS
/Volumes/quant/CY_quant_research/five_strategy_shared_capital_v1/official_ca/603330_2022-05-25.pdf,parent_registered_input,['parent_registered_input'],3ce1336b650ad18f4dfaf7df8390db3c2f8483e5744581f745b107e5f7be86e2,3ce1336b650ad18f4dfaf7df8390db3c2f8483e5744581f745b107e5f7be86e2,PASS
/Volumes/quant/CY_quant_research/five_strategy_shared_capital_v1/official_ca/603330_2022-05-25.txt,parent_registered_input,['parent_registered_input'],faafd615204b4e8aa85682cbb926495e70a6c3364451192f486ca2ce99f9a4d4,faafd615204b4e8aa85682cbb926495e70a6c3364451192f486ca2ce99f9a4d4,PASS
/Volumes/quant/CY_quant_research/five_strategy_shared_capital_v1/official_ca/603330_2022-05-25_603330_query_v2.json,parent_registered_input,['parent_registered_input'],8b7363cd2c5e6b58a0c0d0f94af5f61fc7d34132a389f8fcb7c3488337310c83,8b7363cd2c5e6b58a0c0d0f94af5f61fc7d34132a389f8fcb7c3488337310c83,PASS
/Volumes/quant/CY_quant_research/five_strategy_shared_capital_v1/official_ca/603368_2020-06-18.pdf,parent_registered_input,['parent_registered_input'],0e383c257aae871915873c875f0bcdd5afb09a07cdfd85b8eea062f63602620c,0e383c257aae871915873c875f0bcdd5afb09a07cdfd85b8eea062f63602620c,PASS
/Volumes/quant/CY_quant_research/five_strategy_shared_capital_v1/official_ca/603368_2020-06-18.txt,parent_registered_input,['parent_registered_input'],0d50b88318625dc9127077015afde22d9fa244cf851ec353ffb83d3f5e155eee,0d50b88318625dc9127077015afde22d9fa244cf851ec353ffb83d3f5e155eee,PASS
/Volumes/quant/CY_quant_research/five_strategy_shared_capital_v1/official_ca/603368_2020-06-18_603368_query_v2.json,parent_registered_input,['parent_registered_input'],3f423fe2c2be3d88d652f834dfe2acb456edf3916c6b5f394dd848662b6a7707,3f423fe2c2be3d88d652f834dfe2acb456edf3916c6b5f394dd848662b6a7707,PASS
/Volumes/quant/CY_quant_research/five_strategy_shared_capital_v1/official_ca/603429_2017-09-14.pdf,parent_registered_input,['parent_registered_input'],ba9bf81fd45c3c83841d7d9eb7363b22f634e26496a06cdd47caa30d847b91e2,ba9bf81fd45c3c83841d7d9eb7363b22f634e26496a06cdd47caa30d847b91e2,PASS
/Volumes/quant/CY_quant_research/five_strategy_shared_capital_v1/official_ca/603429_2017-09-14.txt,parent_registered_input,['parent_registered_input'],8c7b2b58bc3d3908ffa0b4549641cebd5f8d6ed0e77f7de5f5bb7d3effb9c8cb,8c7b2b58bc3d3908ffa0b4549641cebd5f8d6ed0e77f7de5f5bb7d3effb9c8cb,PASS
/Volumes/quant/CY_quant_research/five_strategy_shared_capital_v1/official_ca/603429_2017-09-14_603429_query_v2.json,parent_registered_input,['parent_registered_input'],2b94e935ca797589cf734322f011e35d59dc19d5f4a16ca27c5f4706973926e0,2b94e935ca797589cf734322f011e35d59dc19d5f4a16ca27c5f4706973926e0,PASS
/Volumes/quant/CY_quant_research/five_strategy_shared_capital_v1/official_ca/603429_2018-05-30.pdf,parent_registered_input,['parent_registered_input'],c64de1bf98355dfdc47c11032902a557571a707410f856e9941469633d6aa110,c64de1bf98355dfdc47c11032902a557571a707410f856e9941469633d6aa110,PASS
/Volumes/quant/CY_quant_research/five_strategy_shared_capital_v1/official_ca/603429_2018-05-30.txt,parent_registered_input,['parent_registered_input'],ac44fd6ac965cb7bff955aca8d0c49cf0e45119041102fbd22afe678b18f795b,ac44fd6ac965cb7bff955aca8d0c49cf0e45119041102fbd22afe678b18f795b,PASS
/Volumes/quant/CY_quant_research/five_strategy_shared_capital_v1/official_ca/603429_2018-05-30_603429_query_v2.json,parent_registered_input,['parent_registered_input'],9a54dfe08368965ee4f7854735ef25cb9cd20cecf3aabdf2f57edef0ec49ad60,9a54dfe08368965ee4f7854735ef25cb9cd20cecf3aabdf2f57edef0ec49ad60,PASS
/Volumes/quant/CY_quant_research/five_strategy_shared_capital_v1/official_ca/603429_2019-04-11.pdf,parent_registered_input,['parent_registered_input'],8490f730fe873d1c2e9f4dd56bb67486afbdf1dce979c5cc397b869c766792ae,8490f730fe873d1c2e9f4dd56bb67486afbdf1dce979c5cc397b869c766792ae,PASS
/Volumes/quant/CY_quant_research/five_strategy_shared_capital_v1/official_ca/603429_2019-04-11.txt,parent_registered_input,['parent_registered_input'],48831ce28800254e7ba864c03fb3c61303fd1659177841da6492f4ea9048b893,48831ce28800254e7ba864c03fb3c61303fd1659177841da6492f4ea9048b893,PASS
/Volumes/quant/CY_quant_research/five_strategy_shared_capital_v1/official_ca/603429_2019-04-11_603429_query_v2.json,parent_registered_input,['parent_registered_input'],e2c4238ecaa447b20d900b3477162890021ea8734c3037146be8576393095fec,e2c4238ecaa447b20d900b3477162890021ea8734c3037146be8576393095fec,PASS
/Volumes/quant/CY_quant_research/five_strategy_shared_capital_v1/official_ca/603429_2020-05-26.pdf,parent_registered_input,['parent_registered_input'],0860fbcf2bd945b46f2f3c78628e634ffad4a670a7416a3b44a8f7686174b676,0860fbcf2bd945b46f2f3c78628e634ffad4a670a7416a3b44a8f7686174b676,PASS
/Volumes/quant/CY_quant_research/five_strategy_shared_capital_v1/official_ca/603429_2020-05-26.txt,parent_registered_input,['parent_registered_input'],d16ed40077a40bef3c4556e0bd123b198181076d09b756305d324a0700dfc396,d16ed40077a40bef3c4556e0bd123b198181076d09b756305d324a0700dfc396,PASS
/Volumes/quant/CY_quant_research/five_strategy_shared_capital_v1/official_ca/603429_2020-05-26_603429_query_v2.json,parent_registered_input,['parent_registered_input'],eb8e8edf31bb925f87a2f558f65d07d7fee08970688b53a81b2f7639ae7a5dd7,eb8e8edf31bb925f87a2f558f65d07d7fee08970688b53a81b2f7639ae7a5dd7,PASS
/Volumes/quant/CY_quant_research/five_strategy_shared_capital_v1/official_ca/603429_2022-05-18.pdf,parent_registered_input,['parent_registered_input'],ed15cfee3360fb93edbe0c7d8f0d6893f4f7b58e983112e8963401d4ae3d3365,ed15cfee3360fb93edbe0c7d8f0d6893f4f7b58e983112e8963401d4ae3d3365,PASS
/Volumes/quant/CY_quant_research/five_strategy_shared_capital_v1/official_ca/603429_2022-05-18.txt,parent_registered_input,['parent_registered_input'],f35c50d961a55eb2bac5f07c45fb6221373a4ef7f529959e27cf8cb5975af16c,f35c50d961a55eb2bac5f07c45fb6221373a4ef7f529959e27cf8cb5975af16c,PASS
/Volumes/quant/CY_quant_research/five_strategy_shared_capital_v1/official_ca/603429_2022-05-18_603429_query_v2.json,parent_registered_input,['parent_registered_input'],5f207dca8840affba786708dee07a8d166148fb3eb43c4663d9a56138b97a763,5f207dca8840affba786708dee07a8d166148fb3eb43c4663d9a56138b97a763,PASS
