strategy,route,family,event_id,parent_event_id,symbol,decision_at,earliest_execution_at,native_priority,native_requested_quantity,price,fee_rate,lot_size,price_basis,side,reason,state_requirements,economic_event_definition,board,native_base_cash_limit,native_requested_notional
MCB,MCB,DEMAND,V72|V65|MEDIUM_PARTICIPATION|V53-20220104-002899.SZ,,002899.SZ,2022-01-04 15:00:00,2022-01-05 09:30:00,[ 0.36190476 -0.08716216  2.40782461],23699.276927017596,0.7018526311227002,0.002,0,NATIVE_COORDINATE,BUY,NATIVE_ELIGIBLE,NATIVE_ADAPTER_ACTUAL_FUNDED_STATE,,MAIN,500000.0,16666.666666666668
MCB,MCB,DEMAND,V72|V65|MEDIUM_PARTICIPATION|V53-20220104-603366.SH,,603366.SH,2022-01-04 15:00:00,2022-01-05 09:30:00,[ 0.33333333 -0.09791667  2.32226693],20920.777428873957,0.795066049695462,0.002,0,NATIVE_COORDINATE,BUY,NATIVE_ELIGIBLE,NATIVE_ADAPTER_ACTUAL_FUNDED_STATE,,MAIN,483333.3333333335,16666.666666666668
MCB,MCB,DEMAND,V72|V65|MEDIUM_PARTICIPATION|V53-20220104-603868.SH,,603868.SH,2022-01-04 15:00:00,2022-01-05 09:30:00,[ 0.30769231 -0.1010151   1.51719981],8416.774942301287,1.9762201057956474,0.002,0,NATIVE_COORDINATE,BUY,NATIVE_ELIGIBLE,NATIVE_ADAPTER_ACTUAL_FUNDED_STATE,,MAIN,466666.666666667,16666.666666666668
MCB,MCB,DEMAND,V72|V65|MEDIUM_PARTICIPATION|V53-20220104-600630.SH,,600630.SH,2022-01-04 15:00:00,2022-01-05 09:30:00,[ 0.2962963  -0.0669145   1.98442735],15022.182623822251,1.1072558684352216,0.002,0,NATIVE_COORDINATE,BUY,NATIVE_ELIGIBLE,NATIVE_ADAPTER_ACTUAL_FUNDED_STATE,,MAIN,450000.00000000047,16666.666666666668
MCB,MCB,DEMAND,V72|V65|MEDIUM_PARTICIPATION|V53-20220104-603839.SH,,603839.SH,2022-01-04 15:00:00,2022-01-05 09:30:00,[ 0.2962963  -0.08495146  2.90952152],27113.678576940572,0.6134689477760146,0.002,0,NATIVE_COORDINATE,BUY,NATIVE_ELIGIBLE,NATIVE_ADAPTER_ACTUAL_FUNDED_STATE,,MAIN,433333.33333333395,16666.666666666664
MCB,MCB,DEMAND,V72|V65|MEDIUM_PARTICIPATION|V53-20220104-002042.SZ,,002042.SZ,2022-01-04 15:00:00,2022-01-05 09:30:00,[ 0.28571429 -0.0127178   1.6698305 ],8125.25611872772,2.047123145890116,0.002,0,NATIVE_COORDINATE,BUY,NATIVE_ELIGIBLE,NATIVE_ADAPTER_ACTUAL_FUNDED_STATE,,MAIN,416666.66666666744,16666.666666666668
MCB,MCB,DEMAND,V72|V65|MEDIUM_PARTICIPATION|V53-20220104-000726.SZ,,000726.SZ,2022-01-04 15:00:00,2022-01-05 09:30:00,[ 0.28571429 -0.07317073  1.80253415],12191.576766824212,1.3643354083776682,0.002,0,NATIVE_COORDINATE,BUY,NATIVE_ELIGIBLE,NATIVE_ADAPTER_ACTUAL_FUNDED_STATE,,MAIN,400000.00000000093,16666.666666666668
MCB,MCB,DEMAND,V72|V65|MEDIUM_PARTICIPATION|V53-20220104-002313.SZ,,002313.SZ,2022-01-04 15:00:00,2022-01-05 09:30:00,[ 0.27868852 -0.01298701  1.77516044],19262.287376105436,0.863521530032112,0.002,0,NATIVE_COORDINATE,BUY,NATIVE_ELIGIBLE,NATIVE_ADAPTER_ACTUAL_FUNDED_STATE,,MAIN,383333.3333333344,16666.666666666668
MCB,MCB,DEMAND,V72|V65|MEDIUM_PARTICIPATION|V53-20220104-603685.SH,,603685.SH,2022-01-04 15:00:00,2022-01-05 09:30:00,[ 0.27536232 -0.07460184  2.10400387],20584.455302945866,0.8080563523365312,0.002,0,NATIVE_COORDINATE,BUY,NATIVE_ELIGIBLE,NATIVE_ADAPTER_ACTUAL_FUNDED_STATE,,MAIN,366666.6666666679,16666.666666666668
MCB,MCB,DEMAND,V72|V65|MEDIUM_PARTICIPATION|V53-20220104-603508.SH,,603508.SH,2022-01-04 15:00:00,2022-01-05 09:30:00,[ 0.26984127 -0.04392192  1.7257868 ],22430.506210652205,0.74155258515894,0.002,0,NATIVE_COORDINATE,BUY,NATIVE_ELIGIBLE,NATIVE_ADAPTER_ACTUAL_FUNDED_STATE,,MAIN,350000.0000000014,16666.666666666668
MCB,MCB,DEMAND,V72|V65|MEDIUM_PARTICIPATION|V53-20220104-300310.SZ,,300310.SZ,2022-01-04 15:00:00,2022-01-05 09:30:00,[ 0.25       -0.04660194  1.81799037],7438.258487519331,2.23619546091898,0.002,0,NATIVE_COORDINATE,BUY,NATIVE_ELIGIBLE,NATIVE_ADAPTER_ACTUAL_FUNDED_STATE,,CHINEXT,500000.0,16666.666666666668
MCB,MCB,DEMAND,V72|V65|MEDIUM_PARTICIPATION|V53-20220104-300292.SZ,,300292.SZ,2022-01-04 15:00:00,2022-01-05 09:30:00,[ 0.25       -0.06122449  1.58131507],5211.546125793726,3.1916439892200916,0.002,0,NATIVE_COORDINATE,BUY,NATIVE_ELIGIBLE,NATIVE_ADAPTER_ACTUAL_FUNDED_STATE,,CHINEXT,483333.3333333335,16666.666666666664
MCB,MCB,DEMAND,V72|V65|MEDIUM_PARTICIPATION|V53-20220106-300732.SZ,,300732.SZ,2022-01-06 15:00:00,2022-01-07 09:30:00,[ 0.35966387 -0.06996587  1.90373997],20603.769452420802,0.8067621959908233,0.002,0,NATIVE_COORDINATE,BUY,NATIVE_ELIGIBLE,NATIVE_ADAPTER_ACTUAL_FUNDED_STATE,,CHINEXT,466666.666666667,16655.586973701895
MCB,MCB,DEMAND,V72|V65|MEDIUM_PARTICIPATION|V53-20220106-300888.SZ,,300888.SZ,2022-01-06 15:00:00,2022-01-07 09:30:00,[ 0.32727273 -0.0341626   3.58617422],23773.54041116492,0.6991950715644016,0.002,0,NATIVE_COORDINATE,BUY,NATIVE_ELIGIBLE,NATIVE_ADAPTER_ACTUAL_FUNDED_STATE,,CHINEXT,450011.0796929649,16655.5869737019
MCB,MCB,DEMAND,V72|V65|MEDIUM_PARTICIPATION|V53-20220106-600103.SH,,600103.SH,2022-01-06 15:00:00,2022-01-07 09:30:00,[ 0.3        -0.14772727  2.02515291],12189.34226851094,1.3715715179129853,0.002,0,NATIVE_COORDINATE,BUY,NATIVE_ELIGIBLE,NATIVE_ADAPTER_ACTUAL_FUNDED_STATE,,MAIN,333333.3333333349,16751.991786937626
MCB,MCB,DEMAND,V72|V65|MEDIUM_PARTICIPATION|V53-20220301-000576.SZ,,000576.SZ,2022-03-01 15:00:00,2022-03-02 09:30:00,[ 0.8        -0.04472574  1.68165193],8369.319646476426,1.954613274574178,0.002,0,NATIVE_COORDINATE,BUY,NATIVE_ELIGIBLE,NATIVE_ADAPTER_ACTUAL_FUNDED_STATE,,MAIN,491745.025401528,16391.500846717605
MCB,MCB,DEMAND,V72|V65|MEDIUM_PARTICIPATION|V53-20220301-000777.SZ,,000777.SZ,2022-03-01 15:00:00,2022-03-02 09:30:00,[ 0.50993377 -0.02203581  2.57863991],10377.992592871056,1.5762955247621402,0.002,0,NATIVE_COORDINATE,BUY,NATIVE_ELIGIBLE,NATIVE_ADAPTER_ACTUAL_FUNDED_STATE,,MAIN,475353.5245548105,16391.5008467176
MCB,MCB,DEMAND,V72|V65|MEDIUM_PARTICIPATION|V53-20220301-603617.SH,,603617.SH,2022-03-01 15:00:00,2022-03-02 09:30:00,[ 0.50993377 -0.08044164  2.7601207 ],7212.277454196781,2.2681855189359372,0.002,0,NATIVE_COORDINATE,BUY,NATIVE_ELIGIBLE,NATIVE_ADAPTER_ACTUAL_FUNDED_STATE,,MAIN,458962.023708093,16391.5008467176
MCB,MCB,DEMAND,V72|V65|MEDIUM_PARTICIPATION|V53-20220301-300154.SZ,,300154.SZ,2022-03-01 15:00:00,2022-03-02 09:30:00,[ 0.50993377 -0.12755906  3.52296691],7237.624098256837,2.2931081812077987,0.002,0,NATIVE_COORDINATE,BUY,NATIVE_ELIGIBLE,NATIVE_ADAPTER_ACTUAL_FUNDED_STATE,,CHINEXT,498895.45026851725,16629.84834228391
MCB,MCB,DEMAND,V72|V65|EARLY_TRANSITION|V53-20220526-300595.SZ,,300595.SZ,2022-05-26 15:00:00,2022-05-27 09:30:00,[ 0.57142857 -0.01937718  1.75565948],1142.2389284339608,14.508433704635133,0.002,0,NATIVE_COORDINATE,BUY,NATIVE_ELIGIBLE,NATIVE_ADAPTER_ACTUAL_FUNDED_STATE,,CHINEXT,498157.2589072101,16605.24196357367
MCB,MCB,DEMAND,V72|V65|EARLY_TRANSITION|V53-20220526-002446.SZ,,002446.SZ,2022-05-26 15:00:00,2022-05-27 09:30:00,[ 0.57142857 -0.040625    1.58785787],5923.078569095542,2.7620162015583003,0.002,0,NATIVE_COORDINATE,BUY,NATIVE_ELIGIBLE,NATIVE_ADAPTER_ACTUAL_FUNDED_STATE,,MAIN,491770.74746659584,16392.358248886532
MCB,MCB,DEMAND,V72|V65|EARLY_TRANSITION|V53-20220526-300518.SZ,,300518.SZ,2022-05-26 15:00:00,2022-05-27 09:30:00,[ 0.46153846 -0.12941176  1.758634  ],9160.65518910751,1.8090515826578286,0.002,0,NATIVE_COORDINATE,BUY,NATIVE_ELIGIBLE,NATIVE_ADAPTER_ACTUAL_FUNDED_STATE,,CHINEXT,481552.01694363635,16605.241963573666
MCB,MCB,DEMAND,V72|V65|EARLY_TRANSITION|V53-20220526-300903.SZ,,300903.SZ,2022-05-26 15:00:00,2022-05-27 09:30:00,[ 0.39534884 -0.05755396  2.19252427],38508.789057437534,0.4303458554180862,0.002,0,NATIVE_COORDINATE,BUY,NATIVE_ELIGIBLE,NATIVE_ADAPTER_ACTUAL_FUNDED_STATE,,CHINEXT,464946.7749800626,16605.241963573666
MCB,MCB,DEMAND,V72|V65|EARLY_TRANSITION|V53-20220531-300015.SZ,,300015.SZ,2022-05-31 15:00:00,2022-06-01 09:30:00,[ 0.5625     -0.02340953  1.59276264],646.1801300542718,25.719515071839695,0.002,0,NATIVE_COORDINATE,BUY,NATIVE_ELIGIBLE,NATIVE_ADAPTER_ACTUAL_FUNDED_STATE,,CHINEXT,467361.32962486567,16652.678473242286
MCB,MCB,DEMAND,V72|V65|EARLY_TRANSITION|V53-20220531-600089.SH,,600089.SH,2022-05-31 15:00:00,2022-06-01 09:30:00,[ 0.48009901 -0.09702584  2.15610898],3786.64995988769,4.3178811684357985,0.002,0,NATIVE_COORDINATE,BUY,NATIVE_ELIGIBLE,NATIVE_ADAPTER_ACTUAL_FUNDED_STATE,,MAIN,475378.3892177092,16383.005162363743
MCB,MCB,DEMAND,V72|V65|EARLY_TRANSITION|V53-20220531-000596.SZ,,000596.SZ,2022-05-31 15:00:00,2022-06-01 09:30:00,[ 0.42105263 -0.02237668  1.58146912],2181.3608972314255,7.495460551259065,0.002,0,NATIVE_COORDINATE,BUY,NATIVE_ELIGIBLE,NATIVE_ADAPTER_ACTUAL_FUNDED_STATE,,MAIN,458995.3840553453,16383.005162363743
MCB,MCB,DEMAND,V72|V65|EARLY_TRANSITION|V53-20220601-300170.SZ,,300170.SZ,2022-06-01 15:00:00,2022-06-02 09:30:00,[ 0.56043956 -0.05798817  1.63184871],6773.063657899578,2.4521272538074315,0.002,0,NATIVE_COORDINATE,BUY,NATIVE_ELIGIBLE,NATIVE_ADAPTER_ACTUAL_FUNDED_STATE,,CHINEXT,450708.6511516236,16641.630815282824
MCB,MCB,DEMAND,V72|V65|EARLY_TRANSITION|V53-20220601-600825.SH,,600825.SH,2022-06-01 15:00:00,2022-06-02 09:30:00,[ 0.51851852 -0.01388889  2.60609651],17845.882196202565,0.9164239293969937,0.002,0,NATIVE_COORDINATE,BUY,NATIVE_ELIGIBLE,NATIVE_ADAPTER_ACTUAL_FUNDED_STATE,,MAIN,442612.37889298145,16387.102272771404
MCB,MCB,DEMAND,V72|V65|EARLY_TRANSITION|V53-20220601-300066.SZ,,300066.SZ,2022-06-01 15:00:00,2022-06-02 09:30:00,[ 0.5        -0.05403545  2.2236692 ],4368.45554388791,3.801896075272127,0.002,0,NATIVE_COORDINATE,BUY,NATIVE_ELIGIBLE,NATIVE_ADAPTER_ACTUAL_FUNDED_STATE,,CHINEXT,434067.02033634065,16641.630815282824
MCB,MCB,DEMAND,V72|V65|EARLY_TRANSITION|V53-20220601-300586.SZ,,300586.SZ,2022-06-01 15:00:00,2022-06-02 09:30:00,[ 0.39622642 -0.08241291  2.28910066],3577.8594129230673,4.641997370639932,0.002,0,NATIVE_COORDINATE,BUY,NATIVE_ELIGIBLE,NATIVE_ADAPTER_ACTUAL_FUNDED_STATE,,CHINEXT,417425.3895210577,16641.630815282824
MCB,MCB,DEMAND,V72|V65|EARLY_TRANSITION|V53-20220601-605183.SH,,605183.SH,2022-06-01 15:00:00,2022-06-02 09:30:00,[ 3.57142857e-01 -5.39083558e-04  3.38511000e+00],17784.992477360727,0.9195614508478431,0.002,0,NATIVE_COORDINATE,BUY,NATIVE_ELIGIBLE,NATIVE_ADAPTER_ACTUAL_FUNDED_STATE,,MAIN,426225.27662021015,16387.102272771404
MCB,MCB,DEMAND,V72|V65|EARLY_TRANSITION|V53-20220616-600867.SH,,600867.SH,2022-06-16 15:00:00,2022-06-17 09:30:00,[ 0.38709677 -0.06434095  2.22311017],5445.188787149361,3.009905472600673,0.002,0,NATIVE_COORDINATE,BUY,NATIVE_ELIGIBLE,NATIVE_ADAPTER_ACTUAL_FUNDED_STATE,,MAIN,428603.4188832124,16422.282536844254
MCB,MCB,DEMAND,V72|V65|EARLY_TRANSITION|V53-20220616-300633.SZ,,300633.SZ,2022-06-16 15:00:00,2022-06-17 09:30:00,[ 0.34920635 -0.11448067  3.18636515],4270.926563394034,3.907861741130358,0.002,0,NATIVE_COORDINATE,BUY,NATIVE_ELIGIBLE,NATIVE_ADAPTER_ACTUAL_FUNDED_STATE,,CHINEXT,400783.7587057748,16723.570897297435
MCB,MCB,DEMAND,V72|V65|EARLY_TRANSITION|V53-20220616-000876.SZ,,000876.SZ,2022-06-16 15:00:00,2022-06-17 09:30:00,[ 0.25       -0.08644537  1.74895394],5622.195804422863,2.9151427840509228,0.002,0,NATIVE_COORDINATE,BUY,NATIVE_ELIGIBLE,NATIVE_ADAPTER_ACTUAL_FUNDED_STATE,,MAIN,412181.1363463681,16422.28253684425
MCB,MCB,DEMAND,V72|V65|MEDIUM_PARTICIPATION|V53-20220628-002186.SZ,,002186.SZ,2022-06-28 15:00:00,2022-06-29 09:30:00,[ 3.33333333e-01 -2.25225225e-03  2.96842991e+00],25695.474710194525,0.6394515782361454,0.002,0,NATIVE_COORDINATE,BUY,NATIVE_ELIGIBLE,NATIVE_ADAPTER_ACTUAL_FUNDED_STATE,,MAIN,460565.8231627713,16463.87388067477
MCB,MCB,DEMAND,V72|V65|MEDIUM_PARTICIPATION|V53-20220628-300406.SZ,,300406.SZ,2022-06-28 15:00:00,2022-06-29 09:30:00,[ 0.25396825 -0.01282381  2.32923428],4494.463743161947,3.7598594746478353,0.002,0,NATIVE_COORDINATE,BUY,NATIVE_ELIGIBLE,NATIVE_ADAPTER_ACTUAL_FUNDED_STATE,,CHINEXT,490601.26553795487,16932.349192364996
MCB,MCB,DEMAND,V72|V65|MEDIUM_PARTICIPATION|V53-20220720-601866.SH,,601866.SH,2022-07-20 15:00:00,2022-07-21 09:30:00,[ 0.61290323 -0.00651466  2.17968709],12698.295127981874,1.2944184348417727,0.002,0,NATIVE_COORDINATE,BUY,NATIVE_ELIGIBLE,NATIVE_ADAPTER_ACTUAL_FUNDED_STATE,,MAIN,494093.4335799194,16469.781119330648
MCB,MCB,DEMAND,V72|V65|MEDIUM_PARTICIPATION|V53-20220720-300922.SZ,,300922.SZ,2022-07-20 15:00:00,2022-07-21 09:30:00,[ 0.5        -0.05586919  2.55803793],23199.08775047695,0.7311852829654655,0.002,0,NATIVE_COORDINATE,BUY,NATIVE_ELIGIBLE,NATIVE_ADAPTER_ACTUAL_FUNDED_STATE,,CHINEXT,509902.71613367693,16996.7572044559
MCB,MCB,DEMAND,V72|V65|MEDIUM_PARTICIPATION|V53-20220720-601606.SH,,601606.SH,2022-07-20 15:00:00,2022-07-21 09:30:00,[ 0.5        -0.08165781  2.52317976],6228.443568799144,2.6390071810332345,0.002,0,NATIVE_COORDINATE,BUY,NATIVE_ELIGIBLE,NATIVE_ADAPTER_ACTUAL_FUNDED_STATE,,MAIN,477623.6524605886,16469.78111933065
MCB,MCB,DEMAND,V72|V65|MEDIUM_PARTICIPATION|V53-20220720-300600.SZ,,300600.SZ,2022-07-20 15:00:00,2022-07-21 09:30:00,[ 0.5        -0.11659193  2.71317164],11420.152134183114,1.4853419938776067,0.002,0,NATIVE_COORDINATE,BUY,NATIVE_ELIGIBLE,NATIVE_ADAPTER_ACTUAL_FUNDED_STATE,,CHINEXT,492905.95892922115,16996.7572044559
MCB,MCB,DEMAND,V72|V65|MEDIUM_PARTICIPATION|V53-20220720-300810.SZ,,300810.SZ,2022-07-20 15:00:00,2022-07-21 09:30:00,[ 0.5        -0.13103302  3.16705231],19639.01491009422,0.8637312828075943,0.002,0,NATIVE_COORDINATE,BUY,NATIVE_ELIGIBLE,NATIVE_ADAPTER_ACTUAL_FUNDED_STATE,,CHINEXT,475909.20172476536,16996.757204455902
MCB,MCB,DEMAND,V72|V65|MEDIUM_PARTICIPATION|V53-20220720-000409.SZ,,000409.SZ,2022-07-20 15:00:00,2022-07-21 09:30:00,[ 0.39130435 -0.10246679  1.98099893],47531.94598722527,0.3458075818974212,0.002,0,NATIVE_COORDINATE,BUY,NATIVE_ELIGIBLE,NATIVE_ADAPTER_ACTUAL_FUNDED_STATE,,MAIN,461153.8713412578,16469.781119330648
MCB,MCB,DEMAND,V72|V65|MEDIUM_PARTICIPATION|V53-20220720-300045.SZ,,300045.SZ,2022-07-20 15:00:00,2022-07-21 09:30:00,[ 0.36111111 -0.06225166  2.70470565],12934.778144020078,1.3114126390498084,0.002,0,NATIVE_COORDINATE,BUY,NATIVE_ELIGIBLE,NATIVE_ADAPTER_ACTUAL_FUNDED_STATE,,CHINEXT,458912.44452030957,16996.757204455902
MCB,MCB,DEMAND,V72|V65|MEDIUM_PARTICIPATION|V53-20220720-300397.SZ,,300397.SZ,2022-07-20 15:00:00,2022-07-21 09:30:00,[ 0.36111111 -0.0691334   2.93305839],14995.29878941376,1.1312099731782879,0.002,0,NATIVE_COORDINATE,BUY,NATIVE_ELIGIBLE,NATIVE_ADAPTER_ACTUAL_FUNDED_STATE,,CHINEXT,441915.6873158538,16996.7572044559
MCB,MCB,DEMAND,V72|V65|MEDIUM_PARTICIPATION|V53-20220720-300123.SZ,,300123.SZ,2022-07-20 15:00:00,2022-07-21 09:30:00,[ 0.36111111 -0.13148789  2.81956625],9548.360762385058,1.7765176624030334,0.002,0,NATIVE_COORDINATE,BUY,NATIVE_ELIGIBLE,NATIVE_ADAPTER_ACTUAL_FUNDED_STATE,,CHINEXT,424918.930111398,16996.7572044559
MCB,MCB,DEMAND,V72|V65|MEDIUM_PARTICIPATION|V53-20220720-300352.SZ,,300352.SZ,2022-07-20 15:00:00,2022-07-21 09:30:00,[ 0.35802469 -0.06060606  2.74273978],5783.282197947162,2.9330803790612694,0.002,0,NATIVE_COORDINATE,BUY,NATIVE_ELIGIBLE,NATIVE_ADAPTER_ACTUAL_FUNDED_STATE,,CHINEXT,407922.1729069422,16996.757204455902
MCB,MCB,DEMAND,V72|V65|MEDIUM_PARTICIPATION|V53-20220720-000997.SZ,,000997.SZ,2022-07-20 15:00:00,2022-07-21 09:30:00,[ 0.328125   -0.05818698  1.82268233],4870.183611344614,3.375007723822372,0.002,0,NATIVE_COORDINATE,BUY,NATIVE_ELIGIBLE,NATIVE_ADAPTER_ACTUAL_FUNDED_STATE,,MAIN,444684.09022192704,16469.781119330648
MCB,MCB,DEMAND,V72|V65|EARLY_TRANSITION|V53-20221102-301086.SZ,,301086.SZ,2022-11-02 15:00:00,2022-11-03 09:30:00,[ 0.3309921  -0.00669045  2.03871605],28447.867165708805,0.6069354184426423,0.002,0,NATIVE_COORDINATE,BUY,NATIVE_ELIGIBLE,NATIVE_ADAPTER_ACTUAL_FUNDED_STATE,,CHINEXT,519016.50595032657,17300.55019834422
MCB,MCB,DEMAND,V72|V65|EARLY_TRANSITION|V53-20221102-603890.SH,,603890.SH,2022-11-02 15:00:00,2022-11-03 09:30:00,[ 0.3309921  -0.04150579  1.53530833],17280.958553549794,0.959972240903764,0.002,0,NATIVE_COORDINATE,BUY,NATIVE_ELIGIBLE,NATIVE_ADAPTER_ACTUAL_FUNDED_STATE,,MAIN,498672.56965894485,16622.418988631496
MCB,MCB,DEMAND,V72|V65|EARLY_TRANSITION|V53-20221103-603150.SH,,603150.SH,2022-11-03 15:00:00,2022-11-04 09:30:00,[ 0.54571843 -0.01553672  1.90600674],27786.462724167835,0.5972284800661058,0.002,0,NATIVE_COORDINATE,BUY,NATIVE_ELIGIBLE,NATIVE_ADAPTER_ACTUAL_FUNDED_STATE,,MAIN,482050.1506703133,16628.0566329666
MCB,MCB,DEMAND,V72|V65|EARLY_TRANSITION|V53-20221103-300456.SZ,,300456.SZ,2022-11-03 15:00:00,2022-11-04 09:30:00,[ 0.48       -0.05394432  2.88788292],3353.478234559203,5.150705887282973,0.002,0,NATIVE_COORDINATE,BUY,NATIVE_ELIGIBLE,NATIVE_ADAPTER_ACTUAL_FUNDED_STATE,,CHINEXT,501715.9557519825,17307.325645790635
MCB,MCB,DEMAND,V72|V65|EARLY_TRANSITION|V53-20221103-601858.SH,,601858.SH,2022-11-03 15:00:00,2022-11-04 09:30:00,[ 0.46428571 -0.07862069  2.28258525],18847.398853781808,0.8804857915891368,0.002,0,NATIVE_COORDINATE,BUY,NATIVE_ELIGIBLE,NATIVE_ADAPTER_ACTUAL_FUNDED_STATE,,MAIN,465422.09403734654,16628.0566329666
MCB,MCB,DEMAND,V72|V65|EARLY_TRANSITION|V53-20221103-002779.SZ,,002779.SZ,2022-11-03 15:00:00,2022-11-04 09:30:00,[ 0.37226277 -0.01292205  2.39806203],7956.641662693444,2.085662218141246,0.002,0,NATIVE_COORDINATE,BUY,NATIVE_ELIGIBLE,NATIVE_ADAPTER_ACTUAL_FUNDED_STATE,,MAIN,448794.0374043798,16628.056632966596
MCB,MCB,DEMAND,V72|V65|EARLY_TRANSITION|V53-20221103-300092.SZ,,300092.SZ,2022-11-03 15:00:00,2022-11-04 09:30:00,[ 0.37226277 -0.09285051  1.91513125],6065.227098458158,2.8478373200585203,0.002,0,NATIVE_COORDINATE,BUY,NATIVE_ELIGIBLE,NATIVE_ADAPTER_ACTUAL_FUNDED_STATE,,CHINEXT,484408.6301061921,17307.325645790635
MCB,MCB,DEMAND,V72|V65|EARLY_TRANSITION|V53-20221103-605058.SH,,605058.SH,2022-11-03 15:00:00,2022-11-04 09:30:00,[ 0.36028369 -0.04967386  1.64157361],20421.581615484094,0.812614184916298,0.002,0,NATIVE_COORDINATE,BUY,NATIVE_ELIGIBLE,NATIVE_ADAPTER_ACTUAL_FUNDED_STATE,,MAIN,432165.9807714131,16628.0566329666
MCB,MCB,DEMAND,V72|V65|EARLY_TRANSITION|V53-20221103-603648.SH,,603648.SH,2022-11-03 15:00:00,2022-11-04 09:30:00,[ 0.3255814  -0.05524299  2.28009917],17871.180284571503,0.9285825913521165,0.002,0,NATIVE_COORDINATE,BUY,NATIVE_ELIGIBLE,NATIVE_ADAPTER_ACTUAL_FUNDED_STATE,,MAIN,415537.92413844634,16628.056632966596
MCB,MCB,DEMAND,V72|V65|EARLY_TRANSITION|V53-20221103-002270.SZ,,002270.SZ,2022-11-03 15:00:00,2022-11-04 09:30:00,[ 0.26470588 -0.0811668   1.83798038],6409.413305867432,2.5891397710265713,0.002,0,NATIVE_COORDINATE,BUY,NATIVE_ELIGIBLE,NATIVE_ADAPTER_ACTUAL_FUNDED_STATE,,MAIN,398909.8675054796,16628.0566329666
MCB,MCB,DEMAND,V72|V65|EARLY_TRANSITION|V53-20221104-300962.SZ,,300962.SZ,2022-11-04 15:00:00,2022-11-07 09:30:00,[ 0.54166667 -0.11940299  1.68755587],36129.08756058239,0.4791617008421259,0.002,0,NATIVE_COORDINATE,BUY,NATIVE_ELIGIBLE,NATIVE_ADAPTER_ACTUAL_FUNDED_STATE,,CHINEXT,467101.30446040165,17346.298395493555
MCB,MCB,DEMAND,V72|V65|EARLY_TRANSITION|V53-20221104-600562.SH,,600562.SH,2022-11-04 15:00:00,2022-11-07 09:30:00,[ 0.52631579 -0.0075      3.25151066],8070.1096389377335,2.0598383240935507,0.002,0,NATIVE_COORDINATE,BUY,NATIVE_ELIGIBLE,NATIVE_ADAPTER_ACTUAL_FUNDED_STATE,,MAIN,382281.81087251287,16656.367356148552
MCB,MCB,DEMAND,V72|V65|EARLY_TRANSITION|V53-20221104-002660.SZ,,002660.SZ,2022-11-04 15:00:00,2022-11-07 09:30:00,[ 0.523705   -0.00705882  1.5672738 ],12572.79709347193,1.322149796130234,0.002,0,NATIVE_COORDINATE,BUY,NATIVE_ELIGIBLE,NATIVE_ADAPTER_ACTUAL_FUNDED_STATE,,MAIN,365625.4435163643,16656.367356148552
MCB,MCB,DEMAND,V72|V65|EARLY_TRANSITION|V53-20221104-300870.SZ,,300870.SZ,2022-11-04 15:00:00,2022-11-07 09:30:00,[ 0.52173913 -0.02674214  3.37319105],27984.906267895774,0.618607576515726,0.002,0,NATIVE_COORDINATE,BUY,NATIVE_ELIGIBLE,NATIVE_ADAPTER_ACTUAL_FUNDED_STATE,,CHINEXT,449755.0060649081,17346.29839549356
MCB,MCB,DEMAND,V72|V65|EARLY_TRANSITION|V53-20221104-603690.SH,,603690.SH,2022-11-04 15:00:00,2022-11-07 09:30:00,[ 0.5        -0.09444963  1.60970413],867.8145790844716,19.15515308749226,0.002,0,NATIVE_COORDINATE,BUY,NATIVE_ELIGIBLE,NATIVE_ADAPTER_ACTUAL_FUNDED_STATE,,MAIN,348969.0761602158,16656.367356148552
MCB,MCB,DEMAND,V72|V65|EARLY_TRANSITION|V53-20221104-605338.SH,,605338.SH,2022-11-04 15:00:00,2022-11-07 09:30:00,[ 0.375      -0.01882614  2.33355543],10963.158816234492,1.516271121540702,0.002,0,NATIVE_COORDINATE,BUY,NATIVE_ELIGIBLE,NATIVE_ADAPTER_ACTUAL_FUNDED_STATE,,MAIN,332312.7088040672,16656.36735614855
MCB,MCB,DEMAND,V72|V65|EARLY_TRANSITION|V53-20221104-600115.SH,,600115.SH,2022-11-04 15:00:00,2022-11-07 09:30:00,[ 0.30769231 -0.13924051  1.82730828],10391.424983864692,1.5996960127924993,0.002,0,NATIVE_COORDINATE,BUY,NATIVE_ELIGIBLE,NATIVE_ADAPTER_ACTUAL_FUNDED_STATE,,MAIN,315656.3414479187,16656.36735614855
MCB,MCB,DEMAND,V72|V65|EARLY_TRANSITION|V53-20221107-603655.SH,,603655.SH,2022-11-07 15:00:00,2022-11-08 09:30:00,[ 0.57390466 -0.07617087  3.7580319 ],7204.403027006841,2.303421246259521,0.002,0,NATIVE_COORDINATE,BUY,NATIVE_ELIGIBLE,NATIVE_ADAPTER_ACTUAL_FUNDED_STATE,,MAIN,298999.9740917701,16627.96454902201
MCB,MCB,DEMAND,V72|V65|EARLY_TRANSITION|V53-20221107-002694.SZ,,002694.SZ,2022-11-07 15:00:00,2022-11-08 09:30:00,[ 0.5483871  -0.07528958  2.2129065 ],14433.034279985253,1.1497772870973129,0.002,0,NATIVE_COORDINATE,BUY,NATIVE_ELIGIBLE,NATIVE_ADAPTER_ACTUAL_FUNDED_STATE,,MAIN,282372.00954274833,16627.964549022014
MCB,MCB,DEMAND,V72|V65|EARLY_TRANSITION|V53-20221107-000917.SZ,,000917.SZ,2022-11-07 15:00:00,2022-11-08 09:30:00,[ 0.54545455 -0.01632653  1.87671875],32964.154687029615,0.503418794037922,0.002,0,NATIVE_COORDINATE,BUY,NATIVE_ELIGIBLE,NATIVE_ADAPTER_ACTUAL_FUNDED_STATE,,MAIN,265744.04499372654,16627.964549022014
MCB,MCB,DEMAND,V72|V65|EARLY_TRANSITION|V53-20221107-300770.SZ,,300770.SZ,2022-11-07 15:00:00,2022-11-08 09:30:00,[ 0.54545455 -0.02454895  2.43844653],13824.552589178094,1.2524388953962613,0.002,0,NATIVE_COORDINATE,BUY,NATIVE_ELIGIBLE,NATIVE_ADAPTER_ACTUAL_FUNDED_STATE,,CHINEXT,452232.6773736798,17349.03618888601
MCB,MCB,DEMAND,V72|V65|EARLY_TRANSITION|V53-20221107-000998.SZ,,000998.SZ,2022-11-07 15:00:00,2022-11-08 09:30:00,[ 0.52631579 -0.05555556  2.3761563 ],10096.866522730754,1.6435569353783843,0.002,0,NATIVE_COORDINATE,BUY,NATIVE_ELIGIBLE,NATIVE_ADAPTER_ACTUAL_FUNDED_STATE,,MAIN,249116.08044470474,16627.96454902201
MCB,MCB,DEMAND,V72|V65|EARLY_TRANSITION|V53-20221107-300148.SZ,,300148.SZ,2022-11-07 15:00:00,2022-11-08 09:30:00,[ 0.46428571 -0.0310559   3.15694485],17320.225659704327,0.9996640756488454,0.002,0,NATIVE_COORDINATE,BUY,NATIVE_ELIGIBLE,NATIVE_ADAPTER_ACTUAL_FUNDED_STATE,,CHINEXT,434883.6411847938,17349.036188886013
MCB,MCB,DEMAND,V72|V65|EARLY_TRANSITION|V53-20221107-600250.SH,,600250.SH,2022-11-07 15:00:00,2022-11-08 09:30:00,[ 0.46153846 -0.04828974  1.60545839],15094.862643342954,1.099365750528541,0.002,0,NATIVE_COORDINATE,BUY,NATIVE_ELIGIBLE,NATIVE_ADAPTER_ACTUAL_FUNDED_STATE,,MAIN,232488.11589568295,16627.964549022014
MCB,MCB,DEMAND,V72|V65|EARLY_TRANSITION|V53-20221107-300632.SZ,,300632.SZ,2022-11-07 15:00:00,2022-11-08 09:30:00,[ 0.27796804 -0.05877342  2.82549282],7170.7489329369555,2.4145884252910523,0.002,0,NATIVE_COORDINATE,BUY,NATIVE_ELIGIBLE,NATIVE_ADAPTER_ACTUAL_FUNDED_STATE,,CHINEXT,417534.60499590775,17349.03618888601
MCB,MCB,DEMAND,V72|V65|MEDIUM_PARTICIPATION|V53-20230118-002189.SZ,,002189.SZ,2023-01-18 15:00:00,2023-01-19 09:30:00,[ 0.73684211 -0.07019959  2.17860935],7201.107175547266,2.3239035333965687,0.002,0,NATIVE_COORDINATE,BUY,NATIVE_ELIGIBLE,NATIVE_ADAPTER_ACTUAL_FUNDED_STATE,,MAIN,503044.4329932276,16768.14776644092
MCB,MCB,DEMAND,V72|V65|MEDIUM_PARTICIPATION|V53-20230118-300711.SZ,,300711.SZ,2023-01-18 15:00:00,2023-01-19 09:30:00,[ 0.625      -0.01854839  2.68351514],11341.375644311369,1.5248316161302047,0.002,0,NATIVE_COORDINATE,BUY,NATIVE_ELIGIBLE,NATIVE_ADAPTER_ACTUAL_FUNDED_STATE,,CHINEXT,519848.2658748226,17328.275529160757
MCB,MCB,DEMAND,V72|V65|MEDIUM_PARTICIPATION|V53-20230118-603268.SH,,603268.SH,2023-01-18 15:00:00,2023-01-19 09:30:00,[ 0.5        -0.06134094  3.41926939],13176.277720734346,1.2700611480955497,0.002,0,NATIVE_COORDINATE,BUY,NATIVE_ELIGIBLE,NATIVE_ADAPTER_ACTUAL_FUNDED_STATE,,MAIN,486276.2852267865,16768.14776644092
MCB,MCB,DEMAND,V72|V65|MEDIUM_PARTICIPATION|V53-20230118-300532.SZ,,300532.SZ,2023-01-18 15:00:00,2023-01-19 09:30:00,[ 0.42105263 -0.02678571  1.70341837],6804.6921079204685,2.541435803204921,0.002,0,NATIVE_COORDINATE,BUY,NATIVE_ELIGIBLE,NATIVE_ADAPTER_ACTUAL_FUNDED_STATE,,CHINEXT,502519.990345662,17328.275529160754
MCB,MCB,DEMAND,V72|V65|MEDIUM_PARTICIPATION|V53-20230118-600536.SH,,600536.SH,2023-01-18 15:00:00,2023-01-19 09:30:00,[ 0.42105263 -0.06909446  1.59115063],982.0146922747881,17.041169079514106,0.002,0,NATIVE_COORDINATE,BUY,NATIVE_ELIGIBLE,NATIVE_ADAPTER_ACTUAL_FUNDED_STATE,,MAIN,469508.1374603454,16768.147766440925
MCB,MCB,DEMAND,V72|V65|MEDIUM_PARTICIPATION|V53-20230118-300701.SZ,,300701.SZ,2023-01-18 15:00:00,2023-01-19 09:30:00,[ 0.41333333 -0.02019002  1.70953294],10708.90507329174,1.6148885469146521,0.002,0,NATIVE_COORDINATE,BUY,NATIVE_ELIGIBLE,NATIVE_ADAPTER_ACTUAL_FUNDED_STATE,,CHINEXT,485191.71481650136,17328.275529160754
MCB,MCB,DEMAND,V72|V65|MEDIUM_PARTICIPATION|V53-20230118-000020.SZ,,000020.SZ,2023-01-18 15:00:00,2023-01-19 09:30:00,[ 0.41333333 -0.04689204  2.99520738],10783.01454009093,1.5519480519480557,0.002,0,NATIVE_COORDINATE,BUY,NATIVE_ELIGIBLE,NATIVE_ADAPTER_ACTUAL_FUNDED_STATE,,MAIN,452739.9896939043,16768.147766440925
MCB,MCB,DEMAND,V72|V65|MEDIUM_PARTICIPATION|V53-20230118-300889.SZ,,300889.SZ,2023-01-18 15:00:00,2023-01-19 09:30:00,[ 0.41333333 -0.05555556  2.00251994],80829.02979699602,0.21395392467642557,0.002,0,NATIVE_COORDINATE,BUY,NATIVE_ELIGIBLE,NATIVE_ADAPTER_ACTUAL_FUNDED_STATE,,CHINEXT,467863.43928734073,17328.275529160754
MCB,MCB,DEMAND,V72|V65|MEDIUM_PARTICIPATION|V53-20230118-002660.SZ,,002660.SZ,2023-01-18 15:00:00,2023-01-19 09:30:00,[ 0.38571429 -0.05392157  2.67640728],12671.993824621972,1.3206034220996712,0.002,0,NATIVE_COORDINATE,BUY,NATIVE_ELIGIBLE,NATIVE_ADAPTER_ACTUAL_FUNDED_STATE,,MAIN,435971.8419274632,16768.14776644092
MCB,MCB,DEMAND,V72|V65|MEDIUM_PARTICIPATION|V53-20230118-601360.SH,,601360.SH,2023-01-18 15:00:00,2023-01-19 09:30:00,[ 0.28235294 -0.02507375  1.51320725],135606.42670756715,0.1234062338779099,0.002,0,NATIVE_COORDINATE,BUY,NATIVE_ELIGIBLE,NATIVE_ADAPTER_ACTUAL_FUNDED_STATE,,MAIN,419203.6941610221,16768.147766440925
MCB,MCB,DEMAND,V72|V65|MEDIUM_PARTICIPATION|V53-20230118-300311.SZ,,300311.SZ,2023-01-18 15:00:00,2023-01-19 09:30:00,[ 0.28235294 -0.07352941  3.00377474],5469.916088659494,3.1616002645285897,0.002,0,NATIVE_COORDINATE,BUY,NATIVE_ELIGIBLE,NATIVE_ADAPTER_ACTUAL_FUNDED_STATE,,CHINEXT,450535.1637581801,17328.275529160754
MCB,MCB,DEMAND,V72|V65|MEDIUM_PARTICIPATION|V53-20230118-300465.SZ,,300465.SZ,2023-01-18 15:00:00,2023-01-19 09:30:00,[ 0.28235294 -0.14634146  2.58088619],9854.729391681796,1.7548617993967792,0.002,0,NATIVE_COORDINATE,BUY,NATIVE_ELIGIBLE,NATIVE_ADAPTER_ACTUAL_FUNDED_STATE,,CHINEXT,433206.8882290195,17328.275529160754
MCB,MCB,DEMAND,V72|V65|MEDIUM_PARTICIPATION|V53-20230119-601696.SH,,601696.SH,2023-01-19 15:00:00,2023-01-20 09:30:00,[ 0.78723404 -0.07455732  2.19212101],11392.749987768926,1.4775656654672418,0.002,0,NATIVE_COORDINATE,BUY,NATIVE_ELIGIBLE,NATIVE_ADAPTER_ACTUAL_FUNDED_STATE,,MAIN,402435.546394581,16867.203289614063
MCB,MCB,DEMAND,V72|V65|MEDIUM_PARTICIPATION|V53-20230119-002926.SZ,,002926.SZ,2023-01-19 15:00:00,2023-01-20 09:30:00,[ 0.78723404 -0.09067358  1.8180825 ],26299.235752074026,0.6400770112056267,0.002,0,NATIVE_COORDINATE,BUY,NATIVE_ELIGIBLE,NATIVE_ADAPTER_ACTUAL_FUNDED_STATE,,MAIN,385568.3431049669,16867.203289614063
MCB,MCB,DEMAND,V72|V65|MEDIUM_PARTICIPATION|V53-20230119-000712.SZ,,000712.SZ,2023-01-19 15:00:00,2023-01-20 09:30:00,[ 0.78723404 -0.0941358   3.19719974],6328.014541590274,2.660160798705958,0.002,0,NATIVE_COORDINATE,BUY,NATIVE_ELIGIBLE,NATIVE_ADAPTER_ACTUAL_FUNDED_STATE,,MAIN,368701.13981535286,16867.203289614063
MCB,MCB,DEMAND,V72|V65|MEDIUM_PARTICIPATION|V53-20230119-600918.SH,,600918.SH,2023-01-19 15:00:00,2023-01-20 09:30:00,[ 0.78723404 -0.09846154  2.14997358],14583.022707453378,1.1543242134962932,0.002,0,NATIVE_COORDINATE,BUY,NATIVE_ELIGIBLE,NATIVE_ADAPTER_ACTUAL_FUNDED_STATE,,MAIN,351833.9365257388,16867.203289614066
MCB,MCB,DEMAND,V72|V65|MEDIUM_PARTICIPATION|V53-20230119-600621.SH,,600621.SH,2023-01-19 15:00:00,2023-01-20 09:30:00,[ 0.78723404 -0.10071942  2.56821346],5605.653921230581,3.002956738628688,0.002,0,NATIVE_COORDINATE,BUY,NATIVE_ELIGIBLE,NATIVE_ADAPTER_ACTUAL_FUNDED_STATE,,MAIN,334966.73323612474,16867.203289614063
MCB,MCB,DEMAND,V72|V65|MEDIUM_PARTICIPATION|V53-20230119-000750.SZ,,000750.SZ,2023-01-19 15:00:00,2023-01-20 09:30:00,[ 0.78723404 -0.10909091  2.77403155],34157.611024654165,0.4928194833365147,0.002,0,NATIVE_COORDINATE,BUY,NATIVE_ELIGIBLE,NATIVE_ADAPTER_ACTUAL_FUNDED_STATE,,MAIN,318099.5299465107,16867.203289614066
MCB,MCB,DEMAND,V72|V65|MEDIUM_PARTICIPATION|V53-20230119-000728.SZ,,000728.SZ,2023-01-19 15:00:00,2023-01-20 09:30:00,[ 0.78723404 -0.10958904  1.67143603],12072.685466115454,1.3943489428616842,0.002,0,NATIVE_COORDINATE,BUY,NATIVE_ELIGIBLE,NATIVE_ADAPTER_ACTUAL_FUNDED_STATE,,MAIN,301232.3266568966,16867.203289614063
MCB,MCB,DEMAND,V72|V65|MEDIUM_PARTICIPATION|V53-20230119-300474.SZ,,300474.SZ,2023-01-19 15:00:00,2023-01-20 09:30:00,[ 0.76315789 -0.03180813  1.93053079],1862.4812887471564,9.323564064605257,0.002,0,NATIVE_COORDINATE,BUY,NATIVE_ELIGIBLE,NATIVE_ADAPTER_ACTUAL_FUNDED_STATE,,CHINEXT,415878.61269985884,17399.6935419922
MCB,MCB,DEMAND,V72|V65|MEDIUM_PARTICIPATION|V53-20230119-300123.SZ,,300123.SZ,2023-01-19 15:00:00,2023-01-20 09:30:00,[ 0.76315789 -0.03709677  2.63033756],9850.7292138918,1.7628099643906636,0.002,0,NATIVE_COORDINATE,BUY,NATIVE_ELIGIBLE,NATIVE_ADAPTER_ACTUAL_FUNDED_STATE,,CHINEXT,398478.91915786685,17399.693541992197
MCB,MCB,DEMAND,V72|V65|MEDIUM_PARTICIPATION|V53-20230119-301306.SZ,,301306.SZ,2023-01-19 15:00:00,2023-01-20 09:30:00,[ 0.76315789 -0.04865848  1.59278164],20804.526461237587,0.8346723799321552,0.002,0,NATIVE_COORDINATE,BUY,NATIVE_ELIGIBLE,NATIVE_ADAPTER_ACTUAL_FUNDED_STATE,,CHINEXT,381079.22561587486,17399.693541992197
MCB,MCB,DEMAND,V72|V65|MEDIUM_PARTICIPATION|V53-20230119-000551.SZ,,000551.SZ,2023-01-19 15:00:00,2023-01-20 09:30:00,[ 0.68421053 -0.02139037  1.79239308],11991.183772617826,1.4038260555742224,0.002,0,NATIVE_COORDINATE,BUY,NATIVE_ELIGIBLE,NATIVE_ADAPTER_ACTUAL_FUNDED_STATE,,MAIN,284365.12336728256,16867.203289614066
MCB,MCB,DEMAND,V72|V65|MEDIUM_PARTICIPATION|V53-20230119-600120.SH,,600120.SH,2023-01-19 15:00:00,2023-01-20 09:30:00,[ 0.64       -0.02717391  2.20935748],6697.803126973174,2.513292179250273,0.002,0,NATIVE_COORDINATE,BUY,NATIVE_ELIGIBLE,NATIVE_ADAPTER_ACTUAL_FUNDED_STATE,,MAIN,267497.9200776685,16867.203289614063
MCB,MCB,DEMAND,V72|V65|MEDIUM_PARTICIPATION|V53-20230119-300696.SZ,,300696.SZ,2023-01-19 15:00:00,2023-01-20 09:30:00,[ 0.60606061 -0.08269096  2.70321363],4496.178700900877,3.8621604633470965,0.002,0,NATIVE_COORDINATE,BUY,NATIVE_ELIGIBLE,NATIVE_ADAPTER_ACTUAL_FUNDED_STATE,,CHINEXT,363679.5320738829,17399.6935419922
MCB,MCB,DEMAND,V72|V65|MEDIUM_PARTICIPATION|V53-20230119-603019.SH,,603019.SH,2023-01-19 15:00:00,2023-01-20 09:30:00,[ 0.6        -0.00673968  1.61137147],1467.4234235010547,11.471492104860493,0.002,0,NATIVE_COORDINATE,BUY,NATIVE_ELIGIBLE,NATIVE_ADAPTER_ACTUAL_FUNDED_STATE,,MAIN,250630.71678805444,16867.203289614066
MCB,MCB,DEMAND,V72|V65|MEDIUM_PARTICIPATION|V53-20230119-301330.SZ,,301330.SZ,2023-01-19 15:00:00,2023-01-20 09:30:00,[ 0.6        -0.0419109   1.72233641],26644.396379275302,0.6517304189435341,0.002,0,NATIVE_COORDINATE,BUY,NATIVE_ELIGIBLE,NATIVE_ADAPTER_ACTUAL_FUNDED_STATE,,CHINEXT,346279.8385318909,17399.6935419922
MCB,MCB,DEMAND,V72|V65|MEDIUM_PARTICIPATION|V53-20230119-300613.SZ,,300613.SZ,2023-01-19 15:00:00,2023-01-20 09:30:00,[ 0.6        -0.00819224  1.54531142],4879.675978603728,3.558630468683597,0.002,0,NATIVE_COORDINATE,BUY,NATIVE_ELIGIBLE,NATIVE_ADAPTER_ACTUAL_FUNDED_STATE,,CHINEXT,328880.1449898989,17399.693541992197
MCB,MCB,DEMAND,V72|V65|MEDIUM_PARTICIPATION|V53-20230119-300223.SZ,,300223.SZ,2023-01-19 15:00:00,2023-01-20 09:30:00,[ 0.6        -0.1341394   2.09991151],1428.7125514997877,12.154273857630667,0.002,0,NATIVE_COORDINATE,BUY,NATIVE_ELIGIBLE,NATIVE_ADAPTER_ACTUAL_FUNDED_STATE,,CHINEXT,311480.4514479069,17399.6935419922
MCB,MCB,DEMAND,V72|V65|MEDIUM_PARTICIPATION|V53-20230119-300095.SZ,,300095.SZ,2023-01-19 15:00:00,2023-01-20 09:30:00,[ 0.53416905 -0.00385356  2.89913719],5635.513435662712,3.0813454378217857,0.002,0,NATIVE_COORDINATE,BUY,NATIVE_ELIGIBLE,NATIVE_ADAPTER_ACTUAL_FUNDED_STATE,,CHINEXT,294080.7579059149,17399.6935419922
MCB,MCB,DEMAND,V72|V65|MEDIUM_PARTICIPATION|V53-20230119-300126.SZ,,300126.SZ,2023-01-19 15:00:00,2023-01-20 09:30:00,[ 0.49158312 -0.03799655  1.62116999],11929.027773509826,1.4556897631946293,0.002,0,NATIVE_COORDINATE,BUY,NATIVE_ELIGIBLE,NATIVE_ADAPTER_ACTUAL_FUNDED_STATE,,CHINEXT,276681.0643639229,17399.693541992197
MCB,MCB,DEMAND,V72|V65|MEDIUM_PARTICIPATION|V53-20230119-300349.SZ,,300349.SZ,2023-01-19 15:00:00,2023-01-20 09:30:00,[ 0.49158312 -0.11983887  2.48202961],13329.636569486804,1.302733463454903,0.002,0,NATIVE_COORDINATE,BUY,NATIVE_ELIGIBLE,NATIVE_ADAPTER_ACTUAL_FUNDED_STATE,,CHINEXT,259281.37082193093,17399.6935419922
MCB,MCB,DEMAND,V72|V65|MEDIUM_PARTICIPATION|V53-20230120-301288.SZ,,301288.SZ,2023-01-20 15:00:00,2023-01-30 09:30:00,[ 0.89473684 -0.02971429  3.09209431],36607.6995464876,0.4767957796596649,0.002,0,NATIVE_COORDINATE,BUY,NATIVE_ELIGIBLE,NATIVE_ADAPTER_ACTUAL_FUNDED_STATE,,CHINEXT,241881.67727993894,17489.305440107946
MCB,MCB,DEMAND,V72|V65|MEDIUM_PARTICIPATION|V53-20230120-600751.SH,,600751.SH,2023-01-20 15:00:00,2023-01-30 09:30:00,[ 0.84375    -0.00829876  1.77103046],51457.9516929601,0.32795698924731176,0.002,0,NATIVE_COORDINATE,BUY,NATIVE_ELIGIBLE,NATIVE_ADAPTER_ACTUAL_FUNDED_STATE,,MAIN,252969.90390916308,16909.746899876918
MCB,MCB,DEMAND,V72|V65|MEDIUM_PARTICIPATION|V53-20230120-000905.SZ,,000905.SZ,2023-01-20 15:00:00,2023-01-30 09:30:00,[ 0.84375    -0.01055409  3.81647858],12410.310880987292,1.359836596511936,0.002,0,NATIVE_COORDINATE,BUY,NATIVE_ELIGIBLE,NATIVE_ADAPTER_ACTUAL_FUNDED_STATE,,MAIN,236060.15700928634,16909.746899876918
MCB,MCB,DEMAND,V72|V65|MEDIUM_PARTICIPATION|V53-20230120-300692.SZ,,300692.SZ,2023-01-20 15:00:00,2023-01-30 09:30:00,[ 0.75140056 -0.01481481  1.59294412],11027.172068538825,1.5828533860111555,0.002,0,NATIVE_COORDINATE,BUY,NATIVE_ELIGIBLE,NATIVE_ADAPTER_ACTUAL_FUNDED_STATE,,CHINEXT,224392.37183983112,17489.305440107943
MCB,MCB,DEMAND,V72|V65|MEDIUM_PARTICIPATION|V53-20230120-600997.SH,,600997.SH,2023-01-20 15:00:00,2023-01-30 09:30:00,[ 0.71428571 -0.01276596  1.73552568],18673.166160158176,0.9037564795018057,0.002,0,NATIVE_COORDINATE,BUY,NATIVE_ELIGIBLE,NATIVE_ADAPTER_ACTUAL_FUNDED_STATE,,MAIN,219150.4101094096,16909.746899876918
MCB,MCB,DEMAND,V72|V65|MEDIUM_PARTICIPATION|V53-20230120-601390.SH,,601390.SH,2023-01-20 15:00:00,2023-01-30 09:30:00,[ 0.70731707 -0.07850467  1.79010181],7652.171033183158,2.2053865284603695,0.002,0,NATIVE_COORDINATE,BUY,NATIVE_ELIGIBLE,NATIVE_ADAPTER_ACTUAL_FUNDED_STATE,,MAIN,202240.66320953285,16909.746899876918
MCB,MCB,DEMAND,V72|V65|MEDIUM_PARTICIPATION|V53-20230120-601956.SH,,601956.SH,2023-01-20 15:00:00,2023-01-30 09:30:00,[ 0.67857143 -0.02728732  3.92072709],34586.50888310283,0.4879357719246864,0.002,0,NATIVE_COORDINATE,BUY,NATIVE_ELIGIBLE,NATIVE_ADAPTER_ACTUAL_FUNDED_STATE,,MAIN,185330.9163096561,16909.746899876918
MCB,MCB,DEMAND,V72|V65|MEDIUM_PARTICIPATION|V53-20230120-600262.SH,,600262.SH,2023-01-20 15:00:00,2023-01-30 09:30:00,[ 0.66470962 -0.02336449  3.33572124],12125.506831819945,1.3917764547186229,0.002,0,NATIVE_COORDINATE,BUY,NATIVE_ELIGIBLE,NATIVE_ADAPTER_ACTUAL_FUNDED_STATE,,MAIN,168421.16940977937,16909.746899876918
MCB,MCB,DEMAND,V72|V65|MEDIUM_PARTICIPATION|V53-20230120-002523.SZ,,002523.SZ,2023-01-20 15:00:00,2023-01-30 09:30:00,[ 0.66470962 -0.07508532  1.83742775],6052.454534617348,2.788289414407596,0.002,0,NATIVE_COORDINATE,BUY,NATIVE_ELIGIBLE,NATIVE_ADAPTER_ACTUAL_FUNDED_STATE,,MAIN,151511.42250990262,16909.746899876918
MCB,MCB,DEMAND,V72|V65|MEDIUM_PARTICIPATION|V53-20230120-002438.SZ,,002438.SZ,2023-01-20 15:00:00,2023-01-30 09:30:00,[ 0.64634146 -0.00706714  2.27380758],9154.631885582445,1.8434378488374472,0.002,0,NATIVE_COORDINATE,BUY,NATIVE_ELIGIBLE,NATIVE_ADAPTER_ACTUAL_FUNDED_STATE,,MAIN,134601.67561002588,16909.746899876918
MCB,MCB,DEMAND,V72|V65|MEDIUM_PARTICIPATION|V53-20230120-603757.SH,,603757.SH,2023-01-20 15:00:00,2023-01-30 09:30:00,[ 0.64634146 -0.08329456  1.50883269],8824.75066332285,1.912348071226112,0.002,0,NATIVE_COORDINATE,BUY,NATIVE_ELIGIBLE,NATIVE_ADAPTER_ACTUAL_FUNDED_STATE,,MAIN,117691.92871014914,16909.746899876918
MCB,MCB,DEMAND,V72|V65|MEDIUM_PARTICIPATION|V53-20230120-600391.SH,,600391.SH,2023-01-20 15:00:00,2023-01-30 09:30:00,[ 0.63636364 -0.11956522  2.47887372],7527.55371670883,2.241896311227556,0.002,0,NATIVE_COORDINATE,BUY,NATIVE_ELIGIBLE,NATIVE_ADAPTER_ACTUAL_FUNDED_STATE,,MAIN,100782.18181027239,16909.746899876918
MCB,MCB,DEMAND,V72|V65|MEDIUM_PARTICIPATION|V53-20230120-301349.SZ,,301349.SZ,2023-01-20 15:00:00,2023-01-30 09:30:00,[ 0.6        -0.09041704  1.58224141],22397.48177719216,0.7793017456359094,0.002,0,NATIVE_COORDINATE,BUY,NATIVE_ELIGIBLE,NATIVE_ADAPTER_ACTUAL_FUNDED_STATE,,CHINEXT,206903.0663997233,17489.305440107946
MCB,MCB,DEMAND,V72|V65|MEDIUM_PARTICIPATION|V53-20230120-301233.SZ,,301233.SZ,2023-01-20 15:00:00,2023-01-30 09:30:00,[ 0.51762198 -0.11432361  2.83821256],22652.650623182697,0.7705233677577452,0.002,0,NATIVE_COORDINATE,BUY,NATIVE_ELIGIBLE,NATIVE_ADAPTER_ACTUAL_FUNDED_STATE,,CHINEXT,189413.76095961547,17489.305440107946
MCB,MCB,DEMAND,V72|V65|MEDIUM_PARTICIPATION|V53-20230120-300153.SZ,,300153.SZ,2023-01-20 15:00:00,2023-01-30 09:30:00,[ 0.47826087 -0.03672316  1.9106489 ],8227.060940555102,2.121583488068416,0.002,0,NATIVE_COORDINATE,BUY,NATIVE_ELIGIBLE,NATIVE_ADAPTER_ACTUAL_FUNDED_STATE,,CHINEXT,171924.45551950764,17489.305440107946
MCB,MCB,DEMAND,V72|V65|MEDIUM_PARTICIPATION|V53-20230120-300124.SZ,,300124.SZ,2023-01-20 15:00:00,2023-01-30 09:30:00,[ 0.46511628 -0.07109504  1.55212734],860.8394324952068,20.27601895073679,0.002,0,NATIVE_COORDINATE,BUY,NATIVE_ELIGIBLE,NATIVE_ADAPTER_ACTUAL_FUNDED_STATE,,CHINEXT,154435.1500793998,17489.305440107946
MCB,MCB,DEMAND,V72|V65|MEDIUM_PARTICIPATION|V53-20230130-300210.SZ,,300210.SZ,2023-01-30 15:00:00,2023-01-31 09:30:00,[ 0.73684211 -0.04290429  1.89150906],26777.722785925704,0.6552050007404606,0.002,0,NATIVE_COORDINATE,BUY,NATIVE_ELIGIBLE,NATIVE_ADAPTER_ACTUAL_FUNDED_STATE,,CHINEXT,136945.844639292,17579.98767353586
MCB,MCB,DEMAND,V72|V65|MEDIUM_PARTICIPATION|V53-20230130-600526.SH,,600526.SH,2023-01-30 15:00:00,2023-01-31 09:30:00,[ 0.73684211 -0.11175337  2.15079116],15540.030288814181,1.0832117720104024,0.002,0,NATIVE_COORDINATE,BUY,NATIVE_ELIGIBLE,NATIVE_ADAPTER_ACTUAL_FUNDED_STATE,,MAIN,83872.43491039565,16866.81003373422
MCB,MCB,DEMAND,V72|V65|MEDIUM_PARTICIPATION|V53-20230130-000723.SZ,,000723.SZ,2023-01-30 15:00:00,2023-01-31 09:30:00,[ 0.71428571 -0.06785317  2.13902576],4619.998578867707,3.6435387281801477,0.002,0,NATIVE_COORDINATE,BUY,NATIVE_ELIGIBLE,NATIVE_ADAPTER_ACTUAL_FUNDED_STATE,,MAIN,67005.62487666123,16866.81003373422
MCB,MCB,DEMAND,V72|V65|MEDIUM_PARTICIPATION|V53-20230130-002887.SZ,,002887.SZ,2023-01-30 15:00:00,2023-01-31 09:30:00,[ 0.68466224 -0.11031175  1.7578805 ],26214.89218783854,0.6421214180713231,0.002,0,NATIVE_COORDINATE,BUY,NATIVE_ELIGIBLE,NATIVE_ADAPTER_ACTUAL_FUNDED_STATE,,MAIN,50138.814842926804,16866.810033734215
MCB,MCB,DEMAND,V72|V65|MEDIUM_PARTICIPATION|V53-20230130-605287.SH,,605287.SH,2023-01-30 15:00:00,2023-01-31 09:30:00,[ 0.61904762 -0.06552331  1.95789686],31396.453815590045,0.5361479307539875,0.002,0,NATIVE_COORDINATE,BUY,NATIVE_ELIGIBLE,NATIVE_ADAPTER_ACTUAL_FUNDED_STATE,,MAIN,33272.00480919238,16866.810033734222
MCB,MCB,DEMAND,V72|V65|MEDIUM_PARTICIPATION|V53-20230130-603828.SH,,603828.SH,2023-01-30 15:00:00,2023-01-31 09:30:00,[ 0.61904762 -0.13355049  2.07635039],23582.864189331056,0.7137870790884294,0.002,0,NATIVE_COORDINATE,BUY,NATIVE_ELIGIBLE,NATIVE_ADAPTER_ACTUAL_FUNDED_STATE,,MAIN,16405.19477545796,16866.810033734222
MCB,MCB,DEMAND,V72|V65|MEDIUM_PARTICIPATION|V53-20230130-002830.SZ,,002830.SZ,2023-01-30 15:00:00,2023-01-31 09:30:00,[ 0.61904762 -0.14429224  1.57447624],15177.065475466428,1.1091171592724784,0.002,0,NATIVE_COORDINATE,BUY,NATIVE_ELIGIBLE,NATIVE_ADAPTER_ACTUAL_FUNDED_STATE,,MAIN,16405.19477545796,16866.810033734215
MCB,MCB,DEMAND,V72|V65|MEDIUM_PARTICIPATION|V53-20230130-600673.SH,,600673.SH,2023-01-30 15:00:00,2023-01-31 09:30:00,[ 0.58823529 -0.03719912  3.07981412],5025.645140589068,3.3494493294583627,0.002,0,NATIVE_COORDINATE,BUY,NATIVE_ELIGIBLE,NATIVE_ADAPTER_ACTUAL_FUNDED_STATE,,MAIN,16405.19477545796,16866.81003373422
MCB,MCB,DEMAND,V72|V65|MEDIUM_PARTICIPATION|V53-20230130-600375.SH,,600375.SH,2023-01-30 15:00:00,2023-01-31 09:30:00,[ 0.58333333 -0.10634921  2.41754372],19739.44251064332,0.8527669277977565,0.002,0,NATIVE_COORDINATE,BUY,NATIVE_ELIGIBLE,NATIVE_ADAPTER_ACTUAL_FUNDED_STATE,,MAIN,16405.19477545796,16866.810033734222
MCB,MCB,DEMAND,V72|V65|MEDIUM_PARTICIPATION|V53-20230130-300837.SZ,,300837.SZ,2023-01-30 15:00:00,2023-01-31 09:30:00,[ 0.56955464 -0.01123596  2.5532281 ],9588.339707731864,1.829816048719301,0.002,0,NATIVE_COORDINATE,BUY,NATIVE_ELIGIBLE,NATIVE_ADAPTER_ACTUAL_FUNDED_STATE,,CHINEXT,119365.85696575604,17579.987673535856
MCB,MCB,DEMAND,V72|V65|MEDIUM_PARTICIPATION|V53-20230130-002337.SZ,,002337.SZ,2023-01-30 15:00:00,2023-01-31 09:30:00,[ 0.56955464 -0.02178218  1.53573755],9884.426035789984,1.702996581216908,0.002,0,NATIVE_COORDINATE,BUY,NATIVE_ELIGIBLE,NATIVE_ADAPTER_ACTUAL_FUNDED_STATE,,MAIN,16405.19477545796,16866.810033734222
MCB,MCB,DEMAND,V72|V65|MEDIUM_PARTICIPATION|V53-20230130-300099.SZ,,300099.SZ,2023-01-30 15:00:00,2023-01-31 09:30:00,[ 0.56955464 -0.0549273   3.21196828],8977.646750792399,1.954286948997155,0.002,0,NATIVE_COORDINATE,BUY,NATIVE_ELIGIBLE,NATIVE_ADAPTER_ACTUAL_FUNDED_STATE,,CHINEXT,101785.8692922201,17579.98767353586
MCB,MCB,DEMAND,V72|V65|MEDIUM_PARTICIPATION|V53-20230130-002204.SZ,,002204.SZ,2023-01-30 15:00:00,2023-01-31 09:30:00,[ 0.56955464 -0.05893186  2.14048824],12020.60018188539,1.4003580097114183,0.002,0,NATIVE_COORDINATE,BUY,NATIVE_ELIGIBLE,NATIVE_ADAPTER_ACTUAL_FUNDED_STATE,,MAIN,16405.19477545796,16866.810033734222
MCB,MCB,DEMAND,V72|V65|MEDIUM_PARTICIPATION|V53-20230130-002526.SZ,,002526.SZ,2023-01-30 15:00:00,2023-01-31 09:30:00,[ 0.56955464 -0.07048458  2.36778846],13484.711540497134,1.2483132246239474,0.002,0,NATIVE_COORDINATE,BUY,NATIVE_ELIGIBLE,NATIVE_ADAPTER_ACTUAL_FUNDED_STATE,,MAIN,16405.19477545796,16866.81003373422
MCB,MCB,DEMAND,V72|V65|MEDIUM_PARTICIPATION|V53-20230130-600232.SH,,600232.SH,2023-01-30 15:00:00,2023-01-31 09:30:00,[ 0.56955464 -0.08471455  1.7106161 ],10137.079465863804,1.660551621690118,0.002,0,NATIVE_COORDINATE,BUY,NATIVE_ELIGIBLE,NATIVE_ADAPTER_ACTUAL_FUNDED_STATE,,MAIN,16405.19477545796,16866.81003373422
MCB,MCB,DEMAND,V72|V65|MEDIUM_PARTICIPATION|V53-20230130-605259.SH,,605259.SH,2023-01-30 15:00:00,2023-01-31 09:30:00,[ 0.56955464 -0.12651297  1.66523147],16418.20874284006,1.0252728546640406,0.002,0,NATIVE_COORDINATE,BUY,NATIVE_ELIGIBLE,NATIVE_ADAPTER_ACTUAL_FUNDED_STATE,,MAIN,16405.19477545796,16866.810033734222
MCB,MCB,DEMAND,V72|V65|MEDIUM_PARTICIPATION|V53-20230130-603115.SH,,603115.SH,2023-01-30 15:00:00,2023-01-31 09:30:00,[ 0.55319149 -0.12088608  2.76737201],12442.67994473045,1.3528551582949517,0.002,0,NATIVE_COORDINATE,BUY,NATIVE_ELIGIBLE,NATIVE_ADAPTER_ACTUAL_FUNDED_STATE,,MAIN,16405.19477545796,16866.81003373422
MCB,MCB,DEMAND,V72|V65|MEDIUM_PARTICIPATION|V53-20230130-002977.SZ,,002977.SZ,2023-01-30 15:00:00,2023-01-31 09:30:00,[ 5.52631579e-01 -2.84237726e-03  3.43647682e+00],13225.079204915086,1.2728198814859057,0.002,0,NATIVE_COORDINATE,BUY,NATIVE_ELIGIBLE,NATIVE_ADAPTER_ACTUAL_FUNDED_STATE,,MAIN,16405.19477545796,16866.810033734222
MCB,MCB,DEMAND,V72|V65|MEDIUM_PARTICIPATION|V53-20230130-301213.SZ,,301213.SZ,2023-01-30 15:00:00,2023-01-31 09:30:00,[ 0.55263158 -0.03184885  1.8836609 ],26740.049528611726,0.6561280995013619,0.002,0,NATIVE_COORDINATE,BUY,NATIVE_ELIGIBLE,NATIVE_ADAPTER_ACTUAL_FUNDED_STATE,,CHINEXT,84205.88161868416,17579.98767353586
MCB,MCB,DEMAND,V72|V65|MEDIUM_PARTICIPATION|V53-20230130-300252.SZ,,300252.SZ,2023-01-30 15:00:00,2023-01-31 09:30:00,[ 0.55263158 -0.03421053  1.61698452],4802.780987523271,3.653070569605125,0.002,0,NATIVE_COORDINATE,BUY,NATIVE_ELIGIBLE,NATIVE_ADAPTER_ACTUAL_FUNDED_STATE,,CHINEXT,66625.89394514821,17579.98767353586
MCB,MCB,DEMAND,V72|V65|MEDIUM_PARTICIPATION|V53-20230130-300424.SZ,,300424.SZ,2023-01-30 15:00:00,2023-01-31 09:30:00,[ 0.54545455 -0.03100159  2.81100663],12545.03821736762,1.3985527643503521,0.002,0,NATIVE_COORDINATE,BUY,NATIVE_ELIGIBLE,NATIVE_ADAPTER_ACTUAL_FUNDED_STATE,,CHINEXT,49045.90627161227,17579.98767353586
MCB,MCB,DEMAND,V72|V65|MEDIUM_PARTICIPATION|V53-20230130-002297.SZ,,002297.SZ,2023-01-30 15:00:00,2023-01-31 09:30:00,[ 0.54545455 -0.0998632   3.62976639],16058.07374878096,1.048266685630312,0.002,0,NATIVE_COORDINATE,BUY,NATIVE_ELIGIBLE,NATIVE_ADAPTER_ACTUAL_FUNDED_STATE,,MAIN,16405.19477545796,16866.810033734222
MCB,MCB,DEMAND,V72|V65|MEDIUM_PARTICIPATION|V53-20230130-300752.SZ,,300752.SZ,2023-01-30 15:00:00,2023-01-31 09:30:00,[ 0.52       -0.02323069  2.37794756],10597.773345368996,1.6555268079447132,0.002,0,NATIVE_COORDINATE,BUY,NATIVE_ELIGIBLE,NATIVE_ADAPTER_ACTUAL_FUNDED_STATE,,CHINEXT,31465.91859807633,17579.98767353586
MCB,MCB,DEMAND,V72|V65|MEDIUM_PARTICIPATION|V53-20230130-002036.SZ,,002036.SZ,2023-01-30 15:00:00,2023-01-31 09:30:00,[ 0.52       -0.05007587  2.00352879],5708.148036389023,2.948967622936841,0.002,0,NATIVE_COORDINATE,BUY,NATIVE_ELIGIBLE,NATIVE_ADAPTER_ACTUAL_FUNDED_STATE,,MAIN,16405.19477545796,16866.81003373422
MCB,MCB,DEMAND,V72|V65|MEDIUM_PARTICIPATION|V53-20230130-300810.SZ,,300810.SZ,2023-01-30 15:00:00,2023-01-31 09:30:00,[ 0.5        -0.06336406  2.13676687],22384.98375901764,0.7837797903566697,0.002,0,NATIVE_COORDINATE,BUY,NATIVE_ELIGIBLE,NATIVE_ADAPTER_ACTUAL_FUNDED_STATE,,CHINEXT,13885.930924540386,17579.987673535863
MCB,MCB,DEMAND,V72|V65|MEDIUM_PARTICIPATION|V53-20230130-300008.SZ,,300008.SZ,2023-01-30 15:00:00,2023-01-31 09:30:00,[ 0.5        -0.12189055  3.15489772],9794.37915027522,1.7913231261102742,0.002,0,NATIVE_COORDINATE,BUY,NATIVE_ELIGIBLE,NATIVE_ADAPTER_ACTUAL_FUNDED_STATE,,CHINEXT,13885.930924540386,17579.98767353586
MCB,MCB,DEMAND,V72|V65|MEDIUM_PARTICIPATION|V53-20230130-301019.SZ,,301019.SZ,2023-01-30 15:00:00,2023-01-31 09:30:00,[ 0.49090909 -0.03120282  1.82804028],32715.526057369574,0.5362865890346303,0.002,0,NATIVE_COORDINATE,BUY,NATIVE_ELIGIBLE,NATIVE_ADAPTER_ACTUAL_FUNDED_STATE,,CHINEXT,13885.930924540386,17579.98767353586
MCB,MCB,DEMAND,V72|V65|MEDIUM_PARTICIPATION|V53-20230130-002836.SZ,,002836.SZ,2023-01-30 15:00:00,2023-01-31 09:30:00,[ 0.44736842 -0.1381509   2.25302005],6954.344436972224,2.4205220058916916,0.002,0,NATIVE_COORDINATE,BUY,NATIVE_ELIGIBLE,NATIVE_ADAPTER_ACTUAL_FUNDED_STATE,,MAIN,16405.19477545796,16866.81003373422
MCB,MCB,DEMAND,V72|V65|MEDIUM_PARTICIPATION|V53-20230130-301187.SZ,,301187.SZ,2023-01-30 15:00:00,2023-01-31 09:30:00,[ 0.4375     -0.06329849  3.04659484],26670.778564173732,0.6578322352144594,0.002,0,NATIVE_COORDINATE,BUY,NATIVE_ELIGIBLE,NATIVE_ADAPTER_ACTUAL_FUNDED_STATE,,CHINEXT,13885.930924540386,17579.98767353586
MCB,MCB,DEMAND,V72|V65|MEDIUM_PARTICIPATION|V53-20230130-000702.SZ,,000702.SZ,2023-01-30 15:00:00,2023-01-31 09:30:00,[ 0.42857143 -0.09683426  1.50859628],11933.906912978859,1.4105308403180734,0.002,0,NATIVE_COORDINATE,BUY,NATIVE_ELIGIBLE,NATIVE_ADAPTER_ACTUAL_FUNDED_STATE,,MAIN,16405.19477545796,16866.81003373422
MCB,MCB,DEMAND,V72|V65|MEDIUM_PARTICIPATION|V53-20230130-300466.SZ,,300466.SZ,2023-01-30 15:00:00,2023-01-31 09:30:00,[ 0.42682927 -0.03080082  1.86173876],9480.634111317078,1.8506038384960843,0.002,0,NATIVE_COORDINATE,BUY,NATIVE_ELIGIBLE,NATIVE_ADAPTER_ACTUAL_FUNDED_STATE,,CHINEXT,13885.930924540386,17579.98767353586
MCB,MCB,DEMAND,V72|V65|MEDIUM_PARTICIPATION|V53-20230130-300417.SZ,,300417.SZ,2023-01-30 15:00:00,2023-01-31 09:30:00,[ 0.42682927 -0.05321285  1.52144797],10456.327984832104,1.677921532609807,0.002,0,NATIVE_COORDINATE,BUY,NATIVE_ELIGIBLE,NATIVE_ADAPTER_ACTUAL_FUNDED_STATE,,CHINEXT,13885.930924540386,17579.98767353586
MCB,MCB,DEMAND,V72|V65|MEDIUM_PARTICIPATION|V53-20230130-300862.SZ,,300862.SZ,2023-01-30 15:00:00,2023-01-31 09:30:00,[ 0.42682927 -0.05485232  2.7870686 ],45056.58897253904,0.3893969401117673,0.002,0,NATIVE_COORDINATE,BUY,NATIVE_ELIGIBLE,NATIVE_ADAPTER_ACTUAL_FUNDED_STATE,,CHINEXT,13885.930924540386,17579.98767353586
MCB,MCB,DEMAND,V72|V65|MEDIUM_PARTICIPATION|V53-20230130-300606.SZ,,300606.SZ,2023-01-30 15:00:00,2023-01-31 09:30:00,[ 0.42682927 -0.06402696  1.85548362],10799.775887449803,1.6245612928106095,0.002,0,NATIVE_COORDINATE,BUY,NATIVE_ELIGIBLE,NATIVE_ADAPTER_ACTUAL_FUNDED_STATE,,CHINEXT,13885.930924540386,17579.98767353586
MCB,MCB,DEMAND,V72|V65|MEDIUM_PARTICIPATION|V53-20230130-601177.SH,,601177.SH,2023-01-30 15:00:00,2023-01-31 09:30:00,[ 0.42682927 -0.0799508   2.29705314],18353.06542484494,0.9171843153489959,0.002,0,NATIVE_COORDINATE,BUY,NATIVE_ELIGIBLE,NATIVE_ADAPTER_ACTUAL_FUNDED_STATE,,MAIN,16405.19477545796,16866.81003373422
MCB,MCB,DEMAND,V72|V65|MEDIUM_PARTICIPATION|V53-20230130-002871.SZ,,002871.SZ,2023-01-30 15:00:00,2023-01-31 09:30:00,[ 0.42682927 -0.08994709  1.67559669],9436.754299361373,1.783785315612266,0.002,0,NATIVE_COORDINATE,BUY,NATIVE_ELIGIBLE,NATIVE_ADAPTER_ACTUAL_FUNDED_STATE,,MAIN,16405.19477545796,16866.81003373422
MCB,MCB,DEMAND,V72|V65|MEDIUM_PARTICIPATION|V53-20230130-600343.SH,,600343.SH,2023-01-30 15:00:00,2023-01-31 09:30:00,[ 0.42682927 -0.1031746   3.29675019],8225.014031661487,2.04657933487335,0.002,0,NATIVE_COORDINATE,BUY,NATIVE_ELIGIBLE,NATIVE_ADAPTER_ACTUAL_FUNDED_STATE,,MAIN,16405.19477545796,16866.81003373422
MCB,MCB,DEMAND,V72|V65|MEDIUM_PARTICIPATION|V53-20230130-301137.SZ,,301137.SZ,2023-01-30 15:00:00,2023-01-31 09:30:00,[ 0.42682927 -0.11222137  2.48823806],28638.96005390085,0.6126234278325532,0.002,0,NATIVE_COORDINATE,BUY,NATIVE_ELIGIBLE,NATIVE_ADAPTER_ACTUAL_FUNDED_STATE,,CHINEXT,13885.930924540386,17579.987673535863
MCB,MCB,DEMAND,V72|V65|MEDIUM_PARTICIPATION|V53-20230130-300145.SZ,,300145.SZ,2023-01-30 15:00:00,2023-01-31 09:30:00,[ 0.42682927 -0.12033195  1.65751492],11686.825474948113,1.5012543753125736,0.002,0,NATIVE_COORDINATE,BUY,NATIVE_ELIGIBLE,NATIVE_ADAPTER_ACTUAL_FUNDED_STATE,,CHINEXT,13885.930924540386,17579.98767353586
MCB,MCB,DEMAND,V72|V65|MEDIUM_PARTICIPATION|V53-20230130-002931.SZ,,002931.SZ,2023-01-30 15:00:00,2023-01-31 09:30:00,[ 0.42682927 -0.1336074   1.96060052],11846.253971329883,1.4209676566939256,0.002,0,NATIVE_COORDINATE,BUY,NATIVE_ELIGIBLE,NATIVE_ADAPTER_ACTUAL_FUNDED_STATE,,MAIN,16405.19477545796,16866.81003373422
MCB,MCB,DEMAND,V72|V65|MEDIUM_PARTICIPATION|V53-20230130-300938.SZ,,300938.SZ,2023-01-30 15:00:00,2023-01-31 09:30:00,[ 0.41666667 -0.02105263  2.00337282],14570.825723920123,1.2041114354266007,0.002,0,NATIVE_COORDINATE,BUY,NATIVE_ELIGIBLE,NATIVE_ADAPTER_ACTUAL_FUNDED_STATE,,CHINEXT,13885.930924540386,17579.98767353586
MCB,MCB,DEMAND,V72|V65|MEDIUM_PARTICIPATION|V53-20230130-605018.SH,,605018.SH,2023-01-30 15:00:00,2023-01-31 09:30:00,[ 0.390625   -0.01162679  3.12833957],19786.49665306269,0.8507389681657558,0.002,0,NATIVE_COORDINATE,BUY,NATIVE_ELIGIBLE,NATIVE_ADAPTER_ACTUAL_FUNDED_STATE,,MAIN,16405.19477545796,16866.81003373422
MCB,MCB,DEMAND,V72|V65|MEDIUM_PARTICIPATION|V53-20230130-301298.SZ,,301298.SZ,2023-01-30 15:00:00,2023-01-31 09:30:00,[ 0.390625   -0.01670792  2.83052636],28815.768000259057,0.6088644896649144,0.002,0,NATIVE_COORDINATE,BUY,NATIVE_ELIGIBLE,NATIVE_ADAPTER_ACTUAL_FUNDED_STATE,,CHINEXT,13885.930924540386,17579.98767353586
MCB,MCB,DEMAND,V72|V65|MEDIUM_PARTICIPATION|V53-20230130-600699.SH,,600699.SH,2023-01-30 15:00:00,2023-01-31 09:30:00,[ 0.390625   -0.03437095  2.50870419],6292.749038123932,2.6750063675287183,0.002,0,NATIVE_COORDINATE,BUY,NATIVE_ELIGIBLE,NATIVE_ADAPTER_ACTUAL_FUNDED_STATE,,MAIN,16405.19477545796,16866.810033734222
MCB,MCB,DEMAND,V72|V65|MEDIUM_PARTICIPATION|V53-20230130-301186.SZ,,301186.SZ,2023-01-30 15:00:00,2023-01-31 09:30:00,[ 0.390625   -0.06448311  1.58412617],34249.93624817187,0.512260745557352,0.002,0,NATIVE_COORDINATE,BUY,NATIVE_ELIGIBLE,NATIVE_ADAPTER_ACTUAL_FUNDED_STATE,,CHINEXT,13885.930924540386,17579.98767353586
MCB,MCB,DEMAND,V72|V65|MEDIUM_PARTICIPATION|V53-20230130-603926.SH,,603926.SH,2023-01-30 15:00:00,2023-01-31 09:30:00,[ 0.390625   -0.0745614   1.78848516],27472.102520387507,0.6127359103202813,0.002,0,NATIVE_COORDINATE,BUY,NATIVE_ELIGIBLE,NATIVE_ADAPTER_ACTUAL_FUNDED_STATE,,MAIN,16405.19477545796,16866.81003373422
MCB,MCB,DEMAND,V72|V65|MEDIUM_PARTICIPATION|V53-20230130-603023.SH,,603023.SH,2023-01-30 15:00:00,2023-01-31 09:30:00,[ 0.390625   -0.08461538  1.93244023],12655.367874145966,1.3301188802761454,0.002,0,NATIVE_COORDINATE,BUY,NATIVE_ELIGIBLE,NATIVE_ADAPTER_ACTUAL_FUNDED_STATE,,MAIN,16405.19477545796,16866.81003373422
MCB,MCB,DEMAND,V72|V65|MEDIUM_PARTICIPATION|V53-20230130-301020.SZ,,301020.SZ,2023-01-30 15:00:00,2023-01-31 09:30:00,[ 0.390625   -0.08785377  1.90943495],31600.836414070785,0.5552035916988624,0.002,0,NATIVE_COORDINATE,BUY,NATIVE_ELIGIBLE,NATIVE_ADAPTER_ACTUAL_FUNDED_STATE,,CHINEXT,13885.930924540386,17579.98767353586
MCB,MCB,DEMAND,V72|V65|MEDIUM_PARTICIPATION|V53-20230130-603035.SH,,603035.SH,2023-01-30 15:00:00,2023-01-31 09:30:00,[ 0.390625   -0.08899083  1.53381318],9432.336434942023,1.7846207948948338,0.002,0,NATIVE_COORDINATE,BUY,NATIVE_ELIGIBLE,NATIVE_ADAPTER_ACTUAL_FUNDED_STATE,,MAIN,16405.19477545796,16866.81003373422
MCB,MCB,DEMAND,V72|V65|MEDIUM_PARTICIPATION|V53-20230130-300547.SZ,,300547.SZ,2023-01-30 15:00:00,2023-01-31 09:30:00,[ 0.390625   -0.09119497  1.82661488],7919.353964481405,2.2154455977684306,0.002,0,NATIVE_COORDINATE,BUY,NATIVE_ELIGIBLE,NATIVE_ADAPTER_ACTUAL_FUNDED_STATE,,CHINEXT,13885.930924540386,17579.987673535856
MCB,MCB,DEMAND,V72|V65|MEDIUM_PARTICIPATION|V53-20230130-300580.SZ,,300580.SZ,2023-01-30 15:00:00,2023-01-31 09:30:00,[ 0.390625   -0.12459893  2.20851074],10874.471961317347,1.613402281985827,0.002,0,NATIVE_COORDINATE,BUY,NATIVE_ELIGIBLE,NATIVE_ADAPTER_ACTUAL_FUNDED_STATE,,CHINEXT,13885.930924540386,17579.98767353586
MCB,MCB,DEMAND,V72|V65|MEDIUM_PARTICIPATION|V53-20230130-601500.SH,,601500.SH,2023-01-30 15:00:00,2023-01-31 09:30:00,[ 0.390625   -0.13256484  3.71279969],23546.101481899455,0.7149015202869928,0.002,0,NATIVE_COORDINATE,BUY,NATIVE_ELIGIBLE,NATIVE_ADAPTER_ACTUAL_FUNDED_STATE,,MAIN,16405.19477545796,16866.81003373422
MCB,MCB,DEMAND,V72|V65|MEDIUM_PARTICIPATION|V53-20230130-600960.SH,,600960.SH,2023-01-30 15:00:00,2023-01-31 09:30:00,[ 0.390625   -0.14848485  2.70111665],19386.542916204042,0.8682901236698538,0.002,0,NATIVE_COORDINATE,BUY,NATIVE_ELIGIBLE,NATIVE_ADAPTER_ACTUAL_FUNDED_STATE,,MAIN,16405.19477545796,16866.81003373422
MCB,MCB,DEMAND,V72|V65|MEDIUM_PARTICIPATION|V53-20230130-001222.SZ,,001222.SZ,2023-01-30 15:00:00,2023-01-31 09:30:00,[ 0.38095238 -0.00845829  1.92156364],12668.176040823944,1.3287740628166151,0.002,0,NATIVE_COORDINATE,BUY,NATIVE_ELIGIBLE,NATIVE_ADAPTER_ACTUAL_FUNDED_STATE,,MAIN,16405.19477545796,16866.81003373422
MCB,MCB,DEMAND,V72|V65|MEDIUM_PARTICIPATION|V53-20230130-300220.SZ,,300220.SZ,2023-01-30 15:00:00,2023-01-31 09:30:00,[ 0.38095238 -0.04936015  1.78228584],9291.932078338265,1.888186195278126,0.002,0,NATIVE_COORDINATE,BUY,NATIVE_ELIGIBLE,NATIVE_ADAPTER_ACTUAL_FUNDED_STATE,,CHINEXT,13885.930924540386,17579.98767353586
MCB,MCB,DEMAND,V72|V65|MEDIUM_PARTICIPATION|V53-20230130-002899.SZ,,002899.SZ,2023-01-30 15:00:00,2023-01-31 09:30:00,[ 0.38095238 -0.05177994  1.83871631],29683.629825801996,0.5670850851134724,0.002,0,NATIVE_COORDINATE,BUY,NATIVE_ELIGIBLE,NATIVE_ADAPTER_ACTUAL_FUNDED_STATE,,MAIN,16405.19477545796,16866.81003373422
MCB,MCB,DEMAND,V72|V65|MEDIUM_PARTICIPATION|V53-20230130-603890.SH,,603890.SH,2023-01-30 15:00:00,2023-01-31 09:30:00,[ 0.35714286 -0.00594059  2.03929676],18397.976250887954,0.9149454003360454,0.002,0,NATIVE_COORDINATE,BUY,NATIVE_ELIGIBLE,NATIVE_ADAPTER_ACTUAL_FUNDED_STATE,,MAIN,16405.19477545796,16866.81003373422
MCB,MCB,DEMAND,V72|V65|MEDIUM_PARTICIPATION|V53-20230130-301067.SZ,,301067.SZ,2023-01-30 15:00:00,2023-01-31 09:30:00,[ 0.35714286 -0.01776156  2.05662977],30007.248431129006,0.5846886600765274,0.002,0,NATIVE_COORDINATE,BUY,NATIVE_ELIGIBLE,NATIVE_ADAPTER_ACTUAL_FUNDED_STATE,,CHINEXT,13885.930924540386,17579.98767353586
MCB,MCB,DEMAND,V72|V65|MEDIUM_PARTICIPATION|V53-20230130-002635.SZ,,002635.SZ,2023-01-30 15:00:00,2023-01-31 09:30:00,[ 0.35714286 -0.08485329  2.73560478],11038.966666275539,1.5248840090864324,0.002,0,NATIVE_COORDINATE,BUY,NATIVE_ELIGIBLE,NATIVE_ADAPTER_ACTUAL_FUNDED_STATE,,MAIN,16405.19477545796,16866.81003373422
MCB,MCB,DEMAND,V72|V65|MEDIUM_PARTICIPATION|V53-20230130-300097.SZ,,300097.SZ,2023-01-30 15:00:00,2023-01-31 09:30:00,[ 0.34883721 -0.03671329  2.09291627],9818.887365958202,1.7868519338156328,0.002,0,NATIVE_COORDINATE,BUY,NATIVE_ELIGIBLE,NATIVE_ADAPTER_ACTUAL_FUNDED_STATE,,CHINEXT,13885.930924540386,17579.98767353586
MCB,MCB,DEMAND,V72|V65|MEDIUM_PARTICIPATION|V53-20230130-603015.SH,,603015.SH,2023-01-30 15:00:00,2023-01-31 09:30:00,[ 0.34883721 -0.04700855  2.09524959],15734.969838308525,1.069791929645749,0.002,0,NATIVE_COORDINATE,BUY,NATIVE_ELIGIBLE,NATIVE_ADAPTER_ACTUAL_FUNDED_STATE,,MAIN,16405.19477545796,16866.81003373422
MCB,MCB,DEMAND,V72|V65|MEDIUM_PARTICIPATION|V53-20230130-300048.SZ,,300048.SZ,2023-01-30 15:00:00,2023-01-31 09:30:00,[ 0.34883721 -0.08669355  2.05336057],8353.706445738986,2.10025310222979,0.002,0,NATIVE_COORDINATE,BUY,NATIVE_ELIGIBLE,NATIVE_ADAPTER_ACTUAL_FUNDED_STATE,,CHINEXT,13885.930924540386,17579.98767353586
MCB,MCB,DEMAND,V72|V65|MEDIUM_PARTICIPATION|V53-20230130-002255.SZ,,002255.SZ,2023-01-30 15:00:00,2023-01-31 09:30:00,[ 0.34782609 -0.01414141  1.70597371],22862.178183015338,0.7362878379955649,0.002,0,NATIVE_COORDINATE,BUY,NATIVE_ELIGIBLE,NATIVE_ADAPTER_ACTUAL_FUNDED_STATE,,MAIN,16405.19477545796,16866.81003373422
MCB,MCB,DEMAND,V72|V65|MEDIUM_PARTICIPATION|V53-20230130-301042.SZ,,301042.SZ,2023-01-30 15:00:00,2023-01-31 09:30:00,[ 0.32857143 -0.0377095   2.03696   ],29358.472389036517,0.5976093594138153,0.002,0,NATIVE_COORDINATE,BUY,NATIVE_ELIGIBLE,NATIVE_ADAPTER_ACTUAL_FUNDED_STATE,,CHINEXT,13885.930924540386,17579.98767353586
MCB,MCB,DEMAND,V72|V65|MEDIUM_PARTICIPATION|V53-20230130-603660.SH,,603660.SH,2023-01-30 15:00:00,2023-01-31 09:30:00,[ 0.32857143 -0.05027933  1.60050425],17800.713233578503,0.9456443416260655,0.002,0,NATIVE_COORDINATE,BUY,NATIVE_ELIGIBLE,NATIVE_ADAPTER_ACTUAL_FUNDED_STATE,,MAIN,16405.19477545796,16866.81003373422
MCB,MCB,DEMAND,V72|V65|MEDIUM_PARTICIPATION|V53-20230130-002197.SZ,,002197.SZ,2023-01-30 15:00:00,2023-01-31 09:30:00,[ 0.32857143 -0.07282051  2.22794331],9340.568976016943,1.802154000410778,0.002,0,NATIVE_COORDINATE,BUY,NATIVE_ELIGIBLE,NATIVE_ADAPTER_ACTUAL_FUNDED_STATE,,MAIN,16405.19477545796,16866.810033734222
MCB,MCB,DEMAND,V72|V65|MEDIUM_PARTICIPATION|V53-20230130-300134.SZ,,300134.SZ,2023-01-30 15:00:00,2023-01-31 09:30:00,[ 0.328125   -0.05282555  2.22989759],8413.766543012818,2.0852608386609437,0.002,0,NATIVE_COORDINATE,BUY,NATIVE_ELIGIBLE,NATIVE_ADAPTER_ACTUAL_FUNDED_STATE,,CHINEXT,13885.930924540386,17579.98767353586
MCB,MCB,DEMAND,V72|V65|MEDIUM_PARTICIPATION|V53-20230130-300922.SZ,,300922.SZ,2023-01-30 15:00:00,2023-01-31 09:30:00,[ 0.3        -0.03163686  3.06806091],30630.04588473512,0.5728002479592766,0.002,0,NATIVE_COORDINATE,BUY,NATIVE_ELIGIBLE,NATIVE_ADAPTER_ACTUAL_FUNDED_STATE,,CHINEXT,13885.930924540386,17579.98767353586
MCB,MCB,DEMAND,V72|V65|MEDIUM_PARTICIPATION|V53-20230130-002519.SZ,,002519.SZ,2023-01-30 15:00:00,2023-01-31 09:30:00,[ 0.3        -0.09051724  2.23983468],7777.800582565642,2.1642549931113084,0.002,0,NATIVE_COORDINATE,BUY,NATIVE_ELIGIBLE,NATIVE_ADAPTER_ACTUAL_FUNDED_STATE,,MAIN,16405.19477545796,16866.81003373422
MCB,MCB,DEMAND,V72|V65|MEDIUM_PARTICIPATION|V53-20230130-300527.SZ,,300527.SZ,2023-01-30 15:00:00,2023-01-31 09:30:00,[ 0.3        -0.13043478  2.04747068],11192.288399599056,1.5675880795216832,0.002,0,NATIVE_COORDINATE,BUY,NATIVE_ELIGIBLE,NATIVE_ADAPTER_ACTUAL_FUNDED_STATE,,CHINEXT,13885.930924540386,17579.98767353586
MCB,MCB,DEMAND,V72|V65|MEDIUM_PARTICIPATION|V53-20230130-000576.SZ,,000576.SZ,2023-01-30 15:00:00,2023-01-31 09:30:00,[ 0.3        -0.13258637  2.23297163],8818.752485797944,1.9087896812333118,0.002,0,NATIVE_COORDINATE,BUY,NATIVE_ELIGIBLE,NATIVE_ADAPTER_ACTUAL_FUNDED_STATE,,MAIN,16405.19477545796,16866.81003373422
MCB,MCB,DEMAND,V72|V65|MEDIUM_PARTICIPATION|V53-20230130-300096.SZ,,300096.SZ,2023-01-30 15:00:00,2023-01-31 09:30:00,[ 0.29473684 -0.06322795  2.23872614],9971.138928611412,1.7595680898033195,0.002,0,NATIVE_COORDINATE,BUY,NATIVE_ELIGIBLE,NATIVE_ADAPTER_ACTUAL_FUNDED_STATE,,CHINEXT,13885.930924540386,17579.98767353586
MCB,MCB,DEMAND,V72|V65|MEDIUM_PARTICIPATION|V53-20230130-300245.SZ,,300245.SZ,2023-01-30 15:00:00,2023-01-31 09:30:00,[ 0.29473684 -0.06345178  2.14225096],10027.835571613623,1.7496196215508022,0.002,0,NATIVE_COORDINATE,BUY,NATIVE_ELIGIBLE,NATIVE_ADAPTER_ACTUAL_FUNDED_STATE,,CHINEXT,13885.930924540386,17579.98767353586
MCB,MCB,DEMAND,V72|V65|MEDIUM_PARTICIPATION|V53-20230130-603869.SH,,603869.SH,2023-01-30 15:00:00,2023-01-31 09:30:00,[ 0.29473684 -0.08886256  3.279228  ],8191.797960150825,2.054877797051016,0.002,0,NATIVE_COORDINATE,BUY,NATIVE_ELIGIBLE,NATIVE_ADAPTER_ACTUAL_FUNDED_STATE,,MAIN,16405.19477545796,16866.81003373422
MCB,MCB,DEMAND,V72|V65|MEDIUM_PARTICIPATION|V53-20230130-300729.SZ,,300729.SZ,2023-01-30 15:00:00,2023-01-31 09:30:00,[ 0.29230769 -0.05677656  1.96350517],11411.003399614438,1.5375420778836257,0.002,0,NATIVE_COORDINATE,BUY,NATIVE_ELIGIBLE,NATIVE_ADAPTER_ACTUAL_FUNDED_STATE,,CHINEXT,13885.930924540386,17579.98767353586
MCB,MCB,DEMAND,V72|V65|MEDIUM_PARTICIPATION|V53-20230131-600313.SH,,600313.SH,2023-01-31 15:00:00,2023-02-01 09:30:00,[ 0.63157895 -0.13190184  2.21633802],4114.685846693653,4.115877441748966,0.002,0,NATIVE_COORDINATE,BUY,NATIVE_ELIGIBLE,NATIVE_ADAPTER_ACTUAL_FUNDED_STATE,,MAIN,16405.19477545796,16969.41374160273
MCB,MCB,DEMAND,V72|V65|MEDIUM_PARTICIPATION|V53-20230131-600428.SH,,600428.SH,2023-01-31 15:00:00,2023-02-01 09:30:00,[ 0.53125    -0.0259542   1.94929458],10280.899179863913,1.6472822425357472,0.002,0,NATIVE_COORDINATE,BUY,NATIVE_ELIGIBLE,NATIVE_ADAPTER_ACTUAL_FUNDED_STATE,,MAIN,16405.19477545796,16969.41374160273
MCB,MCB,DEMAND,V72|V65|MEDIUM_PARTICIPATION|V53-20230131-002658.SZ,,002658.SZ,2023-01-31 15:00:00,2023-02-01 09:30:00,[ 0.47368421 -0.1242236   1.91476579],8403.688355209357,2.0152511540711746,0.002,0,NATIVE_COORDINATE,BUY,NATIVE_ELIGIBLE,NATIVE_ADAPTER_ACTUAL_FUNDED_STATE,,MAIN,16405.19477545796,16969.41374160273
MCB,MCB,DEMAND,V72|V65|MEDIUM_PARTICIPATION|V53-20230131-300864.SZ,,300864.SZ,2023-01-31 15:00:00,2023-02-01 09:30:00,[ 0.43445378 -0.06165803  1.88055208],42980.915188861,0.4114807419858123,0.002,0,NATIVE_COORDINATE,BUY,NATIVE_ELIGIBLE,NATIVE_ADAPTER_ACTUAL_FUNDED_STATE,,CHINEXT,33918.34195608925,17721.19051088808
MCB,MCB,DEMAND,V72|V65|MEDIUM_PARTICIPATION|V53-20230131-600283.SH,,600283.SH,2023-01-31 15:00:00,2023-02-01 09:30:00,[ 0.43445378 -0.07825371  3.04489792],11264.543542104233,1.5034379860123979,0.002,0,NATIVE_COORDINATE,BUY,NATIVE_ELIGIBLE,NATIVE_ADAPTER_ACTUAL_FUNDED_STATE,,MAIN,16405.19477545796,16969.413741602733
MCB,MCB,DEMAND,V72|V65|MEDIUM_PARTICIPATION|V53-20230131-000885.SZ,,000885.SZ,2023-01-31 15:00:00,2023-02-01 09:30:00,[ 0.43445378 -0.09024134  1.7748465 ],13472.25486139353,1.257068161976442,0.002,0,NATIVE_COORDINATE,BUY,NATIVE_ELIGIBLE,NATIVE_ADAPTER_ACTUAL_FUNDED_STATE,,MAIN,16405.19477545796,16969.41374160273
MCB,MCB,DEMAND,V72|V65|MEDIUM_PARTICIPATION|V53-20230131-000726.SZ,,000726.SZ,2023-01-31 15:00:00,2023-02-01 09:30:00,[ 0.4137931  -0.08490566  1.84009076],10115.206418960921,1.6742656506291884,0.002,0,NATIVE_COORDINATE,BUY,NATIVE_ELIGIBLE,NATIVE_ADAPTER_ACTUAL_FUNDED_STATE,,MAIN,16405.19477545796,16969.41374160273
MCB,MCB,DEMAND,V72|V65|MEDIUM_PARTICIPATION|V53-20230131-002628.SZ,,002628.SZ,2023-01-31 15:00:00,2023-02-01 09:30:00,[ 0.3902439  -0.09356725  2.19224099],22385.99015245941,0.7565241716337281,0.002,0,NATIVE_COORDINATE,BUY,NATIVE_ELIGIBLE,NATIVE_ADAPTER_ACTUAL_FUNDED_STATE,,MAIN,16405.19477545796,16969.41374160273
MCB,MCB,DEMAND,V72|V65|MEDIUM_PARTICIPATION|V53-20230131-000498.SZ,,000498.SZ,2023-01-31 15:00:00,2023-02-01 09:30:00,[ 0.3902439  -0.09557775  1.8346387 ],7420.055785174384,2.282400988160783,0.002,0,NATIVE_COORDINATE,BUY,NATIVE_ELIGIBLE,NATIVE_ADAPTER_ACTUAL_FUNDED_STATE,,MAIN,16405.19477545796,16969.41374160273
MCB,MCB,DEMAND,V72|V65|MEDIUM_PARTICIPATION|V53-20230131-002733.SZ,,002733.SZ,2023-01-31 15:00:00,2023-02-01 09:30:00,[ 0.31666667 -0.01391118  1.52690954],7118.609513974834,2.379052063895806,0.002,0,NATIVE_COORDINATE,BUY,NATIVE_ELIGIBLE,NATIVE_ADAPTER_ACTUAL_FUNDED_STATE,,MAIN,16405.19477545796,16969.413741602733
MCB,MCB,DEMAND,V72|V65|MEDIUM_PARTICIPATION|V53-20230131-301238.SZ,,301238.SZ,2023-01-31 15:00:00,2023-02-01 09:30:00,[ 0.31666667 -0.02382844  1.58146336],24291.44823916607,0.7280677009873064,0.002,0,NATIVE_COORDINATE,BUY,NATIVE_ELIGIBLE,NATIVE_ADAPTER_ACTUAL_FUNDED_STATE,,CHINEXT,16197.151445201132,17721.19051088808
MCB,MCB,DEMAND,V72|V65|MEDIUM_PARTICIPATION|V53-20230131-002580.SZ,,002580.SZ,2023-01-31 15:00:00,2023-02-01 09:30:00,[ 0.31666667 -0.02420857  2.40569648],6936.269493757129,2.4415923677032296,0.002,0,NATIVE_COORDINATE,BUY,NATIVE_ELIGIBLE,NATIVE_ADAPTER_ACTUAL_FUNDED_STATE,,MAIN,16405.19477545796,16969.41374160273
MCB,MCB,DEMAND,V72|V65|MEDIUM_PARTICIPATION|V53-20230131-301217.SZ,,301217.SZ,2023-01-31 15:00:00,2023-02-01 09:30:00,[ 0.31666667 -0.1057377   1.80796973],27716.971789952357,0.6380862601863693,0.002,0,NATIVE_COORDINATE,BUY,NATIVE_ELIGIBLE,NATIVE_ADAPTER_ACTUAL_FUNDED_STATE,,CHINEXT,16197.151445201132,17721.190510888082
MCB,MCB,DEMAND,V72|V65|MEDIUM_PARTICIPATION|V53-20230131-002125.SZ,,002125.SZ,2023-01-31 15:00:00,2023-02-01 09:30:00,[ 0.31666667 -0.14883402  2.86453593],2763.6649738331953,6.127928969914396,0.002,0,NATIVE_COORDINATE,BUY,NATIVE_ELIGIBLE,NATIVE_ADAPTER_ACTUAL_FUNDED_STATE,,MAIN,16405.19477545796,16969.41374160273
MCB,MCB,DEMAND,V72|V65|MEDIUM_PARTICIPATION|V53-20230131-300900.SZ,,300900.SZ,2023-01-31 15:00:00,2023-02-01 09:30:00,[ 0.3030303  -0.12203947  3.58705773],37340.328097198224,0.4736385504461816,0.002,0,NATIVE_COORDINATE,BUY,NATIVE_ELIGIBLE,NATIVE_ADAPTER_ACTUAL_FUNDED_STATE,,CHINEXT,16197.151445201132,17721.19051088808
MCB,MCB,DEMAND,V72|V65|MEDIUM_PARTICIPATION|V53-20230131-601717.SH,,601717.SH,2023-01-31 15:00:00,2023-02-01 09:30:00,[ 0.28498889 -0.03389831  2.54223222],10997.811750332852,1.5399011222189352,0.002,0,NATIVE_COORDINATE,BUY,NATIVE_ELIGIBLE,NATIVE_ADAPTER_ACTUAL_FUNDED_STATE,,MAIN,16405.19477545796,16969.413741602733
MCB,MCB,DEMAND,V72|V65|MEDIUM_PARTICIPATION|V53-20230131-002595.SZ,,002595.SZ,2023-01-31 15:00:00,2023-02-01 09:30:00,[ 0.28498889 -0.04148558  2.01262838],3165.5090036846627,5.350021951154497,0.002,0,NATIVE_COORDINATE,BUY,NATIVE_ELIGIBLE,NATIVE_ADAPTER_ACTUAL_FUNDED_STATE,,MAIN,16405.19477545796,16969.41374160273
MCB,MCB,DEMAND,V72|V65|MEDIUM_PARTICIPATION|V53-20230131-002006.SZ,,002006.SZ,2023-01-31 15:00:00,2023-02-01 09:30:00,[ 0.28498889 -0.05897436  1.65626367],5007.303099344873,3.3821684687922926,0.002,0,NATIVE_COORDINATE,BUY,NATIVE_ELIGIBLE,NATIVE_ADAPTER_ACTUAL_FUNDED_STATE,,MAIN,16405.19477545796,16969.41374160273
MCB,MCB,DEMAND,V72|V65|MEDIUM_PARTICIPATION|V53-20230131-600815.SH,,600815.SH,2023-01-31 15:00:00,2023-02-01 09:30:00,[ 0.27272727 -0.09885932  3.59084908],40611.37713201618,0.4170147345961073,0.002,0,NATIVE_COORDINATE,BUY,NATIVE_ELIGIBLE,NATIVE_ADAPTER_ACTUAL_FUNDED_STATE,,MAIN,16405.19477545796,16969.41374160273
MCB,MCB,DEMAND,V72|V65|MEDIUM_PARTICIPATION|V53-20230131-300399.SZ,,300399.SZ,2023-01-31 15:00:00,2023-02-01 09:30:00,[ 0.26315789 -0.10700389  2.623051  ],9956.045665945503,1.7763898907812226,0.002,0,NATIVE_COORDINATE,BUY,NATIVE_ELIGIBLE,NATIVE_ADAPTER_ACTUAL_FUNDED_STATE,,CHINEXT,16197.151445201132,17721.190510888082
MCB,MCB,DEMAND,V72|V65|MEDIUM_PARTICIPATION|V53-20230201-600653.SH,,600653.SH,2023-02-01 15:00:00,2023-02-02 09:30:00,[ 0.625      -0.02564103  2.06023429],21869.458877935704,0.7874015748031488,0.002,0,NATIVE_COORDINATE,BUY,NATIVE_ELIGIBLE,NATIVE_ADAPTER_ACTUAL_FUNDED_STATE,,MAIN,16405.19477545796,17254.486453300433
MCB,MCB,DEMAND,V72|V65|MEDIUM_PARTICIPATION|V53-20230201-603538.SH,,603538.SH,2023-02-01 15:00:00,2023-02-02 09:30:00,[ 0.44792984 -0.07101947  1.53200482],7558.708135970911,2.278173207751112,0.002,0,NATIVE_COORDINATE,BUY,NATIVE_ELIGIBLE,NATIVE_ADAPTER_ACTUAL_FUNDED_STATE,,MAIN,16405.19477545796,17254.486453300437
MCB,MCB,DEMAND,V72|V65|MEDIUM_PARTICIPATION|V53-20230201-300977.SZ,,300977.SZ,2023-02-01 15:00:00,2023-02-02 09:30:00,[ 0.40540541 -0.04422979  1.8008208 ],38665.318841079665,0.46740973524366847,0.002,0,NATIVE_COORDINATE,BUY,NATIVE_ELIGIBLE,NATIVE_ADAPTER_ACTUAL_FUNDED_STATE,,CHINEXT,36126.92018586444,18108.691535506314
MCB,MCB,DEMAND,V72|V65|MEDIUM_PARTICIPATION|V53-20230201-300844.SZ,,300844.SZ,2023-02-01 15:00:00,2023-02-02 09:30:00,[ 0.40540541 -0.06761269  3.50905245],41651.8497066507,0.4338954108858067,0.002,0,NATIVE_COORDINATE,BUY,NATIVE_ELIGIBLE,NATIVE_ADAPTER_ACTUAL_FUNDED_STATE,,CHINEXT,18018.22865035804,18108.691535506314
MCB,MCB,DEMAND,V72|V65|MEDIUM_PARTICIPATION|V53-20230201-300320.SZ,,300320.SZ,2023-02-01 15:00:00,2023-02-02 09:30:00,[ 0.4        -0.00862069  2.11883279],4135.19821268395,4.370418420859949,0.002,0,NATIVE_COORDINATE,BUY,NATIVE_ELIGIBLE,NATIVE_ADAPTER_ACTUAL_FUNDED_STATE,,CHINEXT,18018.22865035804,18108.691535506314
MCB,MCB,DEMAND,V72|V65|MEDIUM_PARTICIPATION|V53-20230201-301300.SZ,,301300.SZ,2023-02-01 15:00:00,2023-02-02 09:30:00,[ 0.4        -0.01481681  1.96243856],30330.056029777516,0.5958626131411615,0.002,0,NATIVE_COORDINATE,BUY,NATIVE_ELIGIBLE,NATIVE_ADAPTER_ACTUAL_FUNDED_STATE,,CHINEXT,18018.22865035804,18108.691535506314
MCB,MCB,DEMAND,V72|V65|MEDIUM_PARTICIPATION|V53-20230201-300187.SZ,,300187.SZ,2023-02-01 15:00:00,2023-02-02 09:30:00,[ 0.38753501 -0.03430532  2.24051693],15865.418577245428,1.1391156403866434,0.002,0,NATIVE_COORDINATE,BUY,NATIVE_ELIGIBLE,NATIVE_ADAPTER_ACTUAL_FUNDED_STATE,,CHINEXT,18018.22865035804,18108.691535506317
MCB,MCB,DEMAND,V72|V65|MEDIUM_PARTICIPATION|V53-20230201-605069.SH,,605069.SH,2023-02-01 15:00:00,2023-02-02 09:30:00,[ 0.38753501 -0.07112069  2.73315872],28374.054684702136,0.6068940992724406,0.002,0,NATIVE_COORDINATE,BUY,NATIVE_ELIGIBLE,NATIVE_ADAPTER_ACTUAL_FUNDED_STATE,,MAIN,16405.19477545796,17254.486453300437
MCB,MCB,DEMAND,V72|V65|MEDIUM_PARTICIPATION|V53-20230201-300425.SZ,,300425.SZ,2023-02-01 15:00:00,2023-02-02 09:30:00,[ 0.38753501 -0.10874704  2.7212057 ],9975.8610097614,1.8116277306727757,0.002,0,NATIVE_COORDINATE,BUY,NATIVE_ELIGIBLE,NATIVE_ADAPTER_ACTUAL_FUNDED_STATE,,CHINEXT,18018.22865035804,18108.691535506314
MCB,MCB,DEMAND,V72|V65|MEDIUM_PARTICIPATION|V53-20230201-601238.SH,,601238.SH,2023-02-01 15:00:00,2023-02-02 09:30:00,[ 0.375      -0.02124044  1.78412859],5144.988978567875,3.3469549560381244,0.002,0,NATIVE_COORDINATE,BUY,NATIVE_ELIGIBLE,NATIVE_ADAPTER_ACTUAL_FUNDED_STATE,,MAIN,16405.19477545796,17254.486453300433
MCB,MCB,DEMAND,V72|V65|MEDIUM_PARTICIPATION|V53-20230201-000890.SZ,,000890.SZ,2023-02-01 15:00:00,2023-02-02 09:30:00,[ 0.36842105 -0.02716049  2.91757176],15484.5438185507,1.112079668756494,0.002,0,NATIVE_COORDINATE,BUY,NATIVE_ELIGIBLE,NATIVE_ADAPTER_ACTUAL_FUNDED_STATE,,MAIN,16405.19477545796,17254.486453300437
MCB,MCB,DEMAND,V72|V65|MEDIUM_PARTICIPATION|V53-20230201-300840.SZ,,300840.SZ,2023-02-01 15:00:00,2023-02-02 09:30:00,[ 0.36363636 -0.109447    2.40770072],15918.368708770684,1.1353265383696938,0.002,0,NATIVE_COORDINATE,BUY,NATIVE_ELIGIBLE,NATIVE_ADAPTER_ACTUAL_FUNDED_STATE,,CHINEXT,18018.22865035804,18108.691535506314
MCB,MCB,DEMAND,V72|V65|MEDIUM_PARTICIPATION|V53-20230201-300428.SZ,,300428.SZ,2023-02-01 15:00:00,2023-02-02 09:30:00,[ 0.33854167 -0.01770219  2.05517949],3394.065576297275,5.324748752302291,0.002,0,NATIVE_COORDINATE,BUY,NATIVE_ELIGIBLE,NATIVE_ADAPTER_ACTUAL_FUNDED_STATE,,CHINEXT,18018.22865035804,18108.691535506314
MCB,MCB,DEMAND,V72|V65|MEDIUM_PARTICIPATION|V53-20230201-600841.SH,,600841.SH,2023-02-01 15:00:00,2023-02-02 09:30:00,[ 0.33854167 -0.02519685  2.16349409],27286.875724165948,0.631074313331107,0.002,0,NATIVE_COORDINATE,BUY,NATIVE_ELIGIBLE,NATIVE_ADAPTER_ACTUAL_FUNDED_STATE,,MAIN,16405.19477545796,17254.486453300437
MCB,MCB,DEMAND,V72|V65|MEDIUM_PARTICIPATION|V53-20230201-603586.SH,,603586.SH,2023-02-01 15:00:00,2023-02-02 09:30:00,[ 0.33854167 -0.07012812  1.99246104],29535.88236273837,0.5830212264897019,0.002,0,NATIVE_COORDINATE,BUY,NATIVE_ELIGIBLE,NATIVE_ADAPTER_ACTUAL_FUNDED_STATE,,MAIN,16405.19477545796,17254.486453300437
MCB,MCB,DEMAND,V72|V65|MEDIUM_PARTICIPATION|V53-20230201-603037.SH,,603037.SH,2023-02-01 15:00:00,2023-02-02 09:30:00,[ 0.33854167 -0.07551766  1.82452027],14151.73822639421,1.2168149300884048,0.002,0,NATIVE_COORDINATE,BUY,NATIVE_ELIGIBLE,NATIVE_ADAPTER_ACTUAL_FUNDED_STATE,,MAIN,16405.19477545796,17254.486453300433
MCB,MCB,DEMAND,V72|V65|MEDIUM_PARTICIPATION|V53-20230201-000030.SZ,,000030.SZ,2023-02-01 15:00:00,2023-02-02 09:30:00,[ 0.33854167 -0.07991361  2.09942258],15923.45699553722,1.0814263740220134,0.002,0,NATIVE_COORDINATE,BUY,NATIVE_ELIGIBLE,NATIVE_ADAPTER_ACTUAL_FUNDED_STATE,,MAIN,16405.19477545796,17254.486453300437
MCB,MCB,DEMAND,V72|V65|MEDIUM_PARTICIPATION|V53-20230201-002048.SZ,,002048.SZ,2023-02-01 15:00:00,2023-02-02 09:30:00,[ 0.33854167 -0.08185539  2.54190361],6258.93151435245,2.751275728307896,0.002,0,NATIVE_COORDINATE,BUY,NATIVE_ELIGIBLE,NATIVE_ADAPTER_ACTUAL_FUNDED_STATE,,MAIN,16405.19477545796,17254.486453300437
MCB,MCB,DEMAND,V72|V65|MEDIUM_PARTICIPATION|V53-20230201-603161.SH,,603161.SH,2023-02-01 15:00:00,2023-02-02 09:30:00,[ 0.33854167 -0.09140893  1.59469832],27603.30115269494,0.623840107577063,0.002,0,NATIVE_COORDINATE,BUY,NATIVE_ELIGIBLE,NATIVE_ADAPTER_ACTUAL_FUNDED_STATE,,MAIN,16405.19477545796,17254.486453300437
MCB,MCB,DEMAND,V72|V65|MEDIUM_PARTICIPATION|V53-20230201-300969.SZ,,300969.SZ,2023-02-01 15:00:00,2023-02-02 09:30:00,[ 0.33854167 -0.09565217  2.54258541],12707.68393760399,1.4221746882720012,0.002,0,NATIVE_COORDINATE,BUY,NATIVE_ELIGIBLE,NATIVE_ADAPTER_ACTUAL_FUNDED_STATE,,CHINEXT,18018.22865035804,18108.691535506314
MCB,MCB,DEMAND,V72|V65|MEDIUM_PARTICIPATION|V53-20230201-603006.SH,,603006.SH,2023-02-01 15:00:00,2023-02-02 09:30:00,[ 0.33854167 -0.09605123  2.33590014],11648.096107763216,1.4783571668079276,0.002,0,NATIVE_COORDINATE,BUY,NATIVE_ELIGIBLE,NATIVE_ADAPTER_ACTUAL_FUNDED_STATE,,MAIN,16405.19477545796,17254.486453300437
MCB,MCB,DEMAND,V72|V65|MEDIUM_PARTICIPATION|V53-20230201-002537.SZ,,002537.SZ,2023-02-01 15:00:00,2023-02-02 09:30:00,[ 0.33854167 -0.10026042  1.99286736],5140.68474035316,3.3497573242346457,0.002,0,NATIVE_COORDINATE,BUY,NATIVE_ELIGIBLE,NATIVE_ADAPTER_ACTUAL_FUNDED_STATE,,MAIN,16405.19477545796,17254.486453300433
MCB,MCB,DEMAND,V72|V65|MEDIUM_PARTICIPATION|V53-20230201-603166.SH,,603166.SH,2023-02-01 15:00:00,2023-02-02 09:30:00,[ 0.33854167 -0.10747664  2.2448367 ],13322.26023353643,1.2925769395519584,0.002,0,NATIVE_COORDINATE,BUY,NATIVE_ELIGIBLE,NATIVE_ADAPTER_ACTUAL_FUNDED_STATE,,MAIN,16405.19477545796,17254.486453300433
MCB,MCB,DEMAND,V72|V65|MEDIUM_PARTICIPATION|V53-20230201-300980.SZ,,300980.SZ,2023-02-01 15:00:00,2023-02-02 09:30:00,[ 0.32727273 -0.01415571  1.88870729],32186.465998727268,0.561495208679813,0.002,0,NATIVE_COORDINATE,BUY,NATIVE_ELIGIBLE,NATIVE_ADAPTER_ACTUAL_FUNDED_STATE,,CHINEXT,18018.22865035804,18108.691535506314
MCB,MCB,DEMAND,V72|V65|MEDIUM_PARTICIPATION|V53-20230201-600143.SH,,600143.SH,2023-02-01 15:00:00,2023-02-02 09:30:00,[ 0.32727273 -0.03        1.83998567],7351.105462490612,2.3425111295771006,0.002,0,NATIVE_COORDINATE,BUY,NATIVE_ELIGIBLE,NATIVE_ADAPTER_ACTUAL_FUNDED_STATE,,MAIN,16405.19477545796,17254.486453300437
MCB,MCB,DEMAND,V72|V65|MEDIUM_PARTICIPATION|V53-20230201-300243.SZ,,300243.SZ,2023-02-01 15:00:00,2023-02-02 09:30:00,[ 0.32727273 -0.05676329  1.82822195],7602.089520788701,2.3773130260042086,0.002,0,NATIVE_COORDINATE,BUY,NATIVE_ELIGIBLE,NATIVE_ADAPTER_ACTUAL_FUNDED_STATE,,CHINEXT,18018.22865035804,18108.691535506314
MCB,MCB,DEMAND,V72|V65|MEDIUM_PARTICIPATION|V53-20230201-300543.SZ,,300543.SZ,2023-02-01 15:00:00,2023-02-02 09:30:00,[ 0.32512315 -0.01696713  2.32253365],13155.444861817488,1.373769312436939,0.002,0,NATIVE_COORDINATE,BUY,NATIVE_ELIGIBLE,NATIVE_ADAPTER_ACTUAL_FUNDED_STATE,,CHINEXT,18018.22865035804,18108.691535506317
MCB,MCB,DEMAND,V72|V65|MEDIUM_PARTICIPATION|V53-20230201-301135.SZ,,301135.SZ,2023-02-01 15:00:00,2023-02-02 09:30:00,[ 0.32512315 -0.05451587  3.27145258],23131.865275026226,0.7812835769077676,0.002,0,NATIVE_COORDINATE,BUY,NATIVE_ELIGIBLE,NATIVE_ADAPTER_ACTUAL_FUNDED_STATE,,CHINEXT,18018.22865035804,18108.691535506314
MCB,MCB,DEMAND,V72|V65|MEDIUM_PARTICIPATION|V53-20230201-600039.SH,,600039.SH,2023-02-01 15:00:00,2023-02-02 09:30:00,[ 0.31707317 -0.07124011  3.34926054],3641.556403011093,4.728760028635158,0.002,0,NATIVE_COORDINATE,BUY,NATIVE_ELIGIBLE,NATIVE_ADAPTER_ACTUAL_FUNDED_STATE,,MAIN,16405.19477545796,17254.486453300437
MCB,MCB,DEMAND,V72|V65|MEDIUM_PARTICIPATION|V53-20230201-600512.SH,,600512.SH,2023-02-01 15:00:00,2023-02-02 09:30:00,[ 0.31707317 -0.08661417  1.59064046],18052.008113091768,0.9539130634497592,0.002,0,NATIVE_COORDINATE,BUY,NATIVE_ELIGIBLE,NATIVE_ADAPTER_ACTUAL_FUNDED_STATE,,MAIN,16405.19477545796,17254.486453300433
MCB,MCB,DEMAND,V72|V65|MEDIUM_PARTICIPATION|V53-20230201-002023.SZ,,002023.SZ,2023-02-01 15:00:00,2023-02-02 09:30:00,[ 0.3030303  -0.00662252  2.13660185],8575.499901448664,2.008051607308664,0.002,0,NATIVE_COORDINATE,BUY,NATIVE_ELIGIBLE,NATIVE_ADAPTER_ACTUAL_FUNDED_STATE,,MAIN,16405.19477545796,17254.486453300437
MCB,MCB,DEMAND,V72|V65|MEDIUM_PARTICIPATION|V53-20230201-300053.SZ,,300053.SZ,2023-02-01 15:00:00,2023-02-02 09:30:00,[ 0.3        -0.01044386  2.56179627],5556.822511968875,3.252316661850275,0.002,0,NATIVE_COORDINATE,BUY,NATIVE_ELIGIBLE,NATIVE_ADAPTER_ACTUAL_FUNDED_STATE,,CHINEXT,18018.22865035804,18108.691535506314
MCB,MCB,DEMAND,V72|V65|MEDIUM_PARTICIPATION|V53-20230201-002185.SZ,,002185.SZ,2023-02-01 15:00:00,2023-02-02 09:30:00,[ 0.3        -0.03374578  2.4620207 ],2673.9443025985975,6.439942052586683,0.002,0,NATIVE_COORDINATE,BUY,NATIVE_ELIGIBLE,NATIVE_ADAPTER_ACTUAL_FUNDED_STATE,,MAIN,16405.19477545796,17254.486453300437
MCB,MCB,DEMAND,V72|V65|MEDIUM_PARTICIPATION|V53-20230201-600206.SH,,600206.SH,2023-02-01 15:00:00,2023-02-02 09:30:00,[ 0.3        -0.05118694  2.75666793],6075.500002447504,2.8343422522660213,0.002,0,NATIVE_COORDINATE,BUY,NATIVE_ELIGIBLE,NATIVE_ADAPTER_ACTUAL_FUNDED_STATE,,MAIN,16405.19477545796,17254.486453300433
MCB,MCB,DEMAND,V72|V65|MEDIUM_PARTICIPATION|V53-20230201-603038.SH,,603038.SH,2023-02-01 15:00:00,2023-02-02 09:30:00,[ 0.29032258 -0.09090909  1.663539  ],23201.63406028215,0.7421911023955642,0.002,0,NATIVE_COORDINATE,BUY,NATIVE_ELIGIBLE,NATIVE_ADAPTER_ACTUAL_FUNDED_STATE,,MAIN,16405.19477545796,17254.486453300437
MCB,MCB,DEMAND,V72|V65|MEDIUM_PARTICIPATION|V53-20230201-003001.SZ,,003001.SZ,2023-02-01 15:00:00,2023-02-02 09:30:00,[ 2.85714286e-01 -1.88205772e-03  2.41342444e+00],35418.714768663616,0.48618495823610625,0.002,0,NATIVE_COORDINATE,BUY,NATIVE_ELIGIBLE,NATIVE_ADAPTER_ACTUAL_FUNDED_STATE,,MAIN,16405.19477545796,17254.486453300437
MCB,MCB,DEMAND,V72|V65|MEDIUM_PARTICIPATION|V53-20230201-002051.SZ,,002051.SZ,2023-02-01 15:00:00,2023-02-02 09:30:00,[ 0.28571429 -0.08468244  3.70623021],27378.131519907074,0.6289708393013712,0.002,0,NATIVE_COORDINATE,BUY,NATIVE_ELIGIBLE,NATIVE_ADAPTER_ACTUAL_FUNDED_STATE,,MAIN,16405.19477545796,17254.486453300437
MCB,MCB,DEMAND,V72|V65|MEDIUM_PARTICIPATION|V53-20230201-600970.SH,,600970.SH,2023-02-01 15:00:00,2023-02-02 09:30:00,[ 0.28571429 -0.0944333   1.71427676],11486.581576192677,1.4991445667586514,0.002,0,NATIVE_COORDINATE,BUY,NATIVE_ELIGIBLE,NATIVE_ADAPTER_ACTUAL_FUNDED_STATE,,MAIN,16405.19477545796,17254.486453300437
MCB,MCB,DEMAND,V72|V65|MEDIUM_PARTICIPATION|V53-20230201-301083.SZ,,301083.SZ,2023-02-01 15:00:00,2023-02-02 09:30:00,[ 0.28488311 -0.03536184  3.75279195],24338.951147505835,0.742535959462373,0.002,0,NATIVE_COORDINATE,BUY,NATIVE_ELIGIBLE,NATIVE_ADAPTER_ACTUAL_FUNDED_STATE,,CHINEXT,18018.22865035804,18108.691535506314
MCB,MCB,DEMAND,V72|V65|MEDIUM_PARTICIPATION|V53-20230201-300281.SZ,,300281.SZ,2023-02-01 15:00:00,2023-02-02 09:30:00,[ 0.28488311 -0.03653846  2.09578885],10982.37424170204,1.645595573860193,0.002,0,NATIVE_COORDINATE,BUY,NATIVE_ELIGIBLE,NATIVE_ADAPTER_ACTUAL_FUNDED_STATE,,CHINEXT,18018.22865035804,18108.691535506314
MCB,MCB,DEMAND,V72|V65|MEDIUM_PARTICIPATION|V53-20230201-300471.SZ,,300471.SZ,2023-02-01 15:00:00,2023-02-02 09:30:00,[ 0.28488311 -0.05095057  2.73217107],19605.987277487267,0.9217871146623163,0.002,0,NATIVE_COORDINATE,BUY,NATIVE_ELIGIBLE,NATIVE_ADAPTER_ACTUAL_FUNDED_STATE,,CHINEXT,18018.22865035804,18108.691535506314
MCB,MCB,DEMAND,V72|V65|MEDIUM_PARTICIPATION|V53-20230201-603159.SH,,603159.SH,2023-02-01 15:00:00,2023-02-02 09:30:00,[ 0.28488311 -0.05754858  2.61884226],8040.775576048253,2.1415902231961437,0.002,0,NATIVE_COORDINATE,BUY,NATIVE_ELIGIBLE,NATIVE_ADAPTER_ACTUAL_FUNDED_STATE,,MAIN,16405.19477545796,17254.486453300437
MCB,MCB,DEMAND,V72|V65|MEDIUM_PARTICIPATION|V53-20230201-600980.SH,,600980.SH,2023-02-01 15:00:00,2023-02-02 09:30:00,[ 0.28488311 -0.07162347  3.46994486],13417.958963676274,1.283358102912345,0.002,0,NATIVE_COORDINATE,BUY,NATIVE_ELIGIBLE,NATIVE_ADAPTER_ACTUAL_FUNDED_STATE,,MAIN,16405.19477545796,17254.486453300437
MCB,MCB,DEMAND,V72|V65|MEDIUM_PARTICIPATION|V53-20230201-300549.SZ,,300549.SZ,2023-02-01 15:00:00,2023-02-02 09:30:00,[ 0.28488311 -0.07404521  2.5920995 ],13365.771586045657,1.352151376093353,0.002,0,NATIVE_COORDINATE,BUY,NATIVE_ELIGIBLE,NATIVE_ADAPTER_ACTUAL_FUNDED_STATE,,CHINEXT,18018.22865035804,18108.691535506317
MCB,MCB,DEMAND,V72|V65|MEDIUM_PARTICIPATION|V53-20230201-603488.SH,,603488.SH,2023-02-01 15:00:00,2023-02-02 09:30:00,[ 0.28488311 -0.07647059  1.84079587],16420.22887611285,1.0487092774711535,0.002,0,NATIVE_COORDINATE,BUY,NATIVE_ELIGIBLE,NATIVE_ADAPTER_ACTUAL_FUNDED_STATE,,MAIN,16405.19477545796,17254.486453300437
MCB,MCB,DEMAND,V72|V65|MEDIUM_PARTICIPATION|V53-20230201-300307.SZ,,300307.SZ,2023-02-01 15:00:00,2023-02-02 09:30:00,[ 0.28488311 -0.11290323  2.89134446],27033.844618400177,0.6685155847318981,0.002,0,NATIVE_COORDINATE,BUY,NATIVE_ELIGIBLE,NATIVE_ADAPTER_ACTUAL_FUNDED_STATE,,CHINEXT,18018.22865035804,18108.691535506314
MCB,MCB,DEMAND,V72|V65|MEDIUM_PARTICIPATION|V53-20230201-001206.SZ,,001206.SZ,2023-02-01 15:00:00,2023-02-02 09:30:00,[ 0.27272727 -0.06869919  1.54868864],28738.580696905738,0.5991961308803725,0.002,0,NATIVE_COORDINATE,BUY,NATIVE_ELIGIBLE,NATIVE_ADAPTER_ACTUAL_FUNDED_STATE,,MAIN,16405.19477545796,17254.486453300433
MCB,MCB,DEMAND,V72|V65|MEDIUM_PARTICIPATION|V53-20230201-605305.SH,,605305.SH,2023-02-01 15:00:00,2023-02-02 09:30:00,[ 0.27272727 -0.08147579  1.63849058],15585.498605288338,1.1048761927152153,0.002,0,NATIVE_COORDINATE,BUY,NATIVE_ELIGIBLE,NATIVE_ADAPTER_ACTUAL_FUNDED_STATE,,MAIN,16405.19477545796,17254.486453300433
MCB,MCB,DEMAND,V72|V65|MEDIUM_PARTICIPATION|V53-20230201-600807.SH,,600807.SH,2023-02-01 15:00:00,2023-02-02 09:30:00,[ 0.26865672 -0.10271903  1.57206508],25403.903740130183,0.6778504019198048,0.002,0,NATIVE_COORDINATE,BUY,NATIVE_ELIGIBLE,NATIVE_ADAPTER_ACTUAL_FUNDED_STATE,,MAIN,16405.19477545796,17254.486453300437
MCB,MCB,DEMAND,V72|V65|MEDIUM_PARTICIPATION|V53-20230201-301093.SZ,,301093.SZ,2023-02-01 15:00:00,2023-02-02 09:30:00,[ 0.26865672 -0.11030741  2.6436998 ],29930.30436615716,0.6038210043415425,0.002,0,NATIVE_COORDINATE,BUY,NATIVE_ELIGIBLE,NATIVE_ADAPTER_ACTUAL_FUNDED_STATE,,CHINEXT,18018.22865035804,18108.691535506314
MCB,MCB,DEMAND,V72|V65|MEDIUM_PARTICIPATION|V53-20230201-300259.SZ,,300259.SZ,2023-02-01 15:00:00,2023-02-02 09:30:00,[ 0.25011086 -0.02298851  1.98087516],8455.505230351497,2.1373703818133403,0.002,0,NATIVE_COORDINATE,BUY,NATIVE_ELIGIBLE,NATIVE_ADAPTER_ACTUAL_FUNDED_STATE,,CHINEXT,18018.22865035804,18108.691535506317
MCB,MCB,DEMAND,V72|V65|MEDIUM_PARTICIPATION|V53-20230201-300430.SZ,,300430.SZ,2023-02-01 15:00:00,2023-02-02 09:30:00,[ 0.25011086 -0.0407866   2.24199503],8864.7159929998,2.0387056344379695,0.002,0,NATIVE_COORDINATE,BUY,NATIVE_ELIGIBLE,NATIVE_ADAPTER_ACTUAL_FUNDED_STATE,,CHINEXT,18018.22865035804,18108.691535506314
MCB,MCB,DEMAND,V72|V65|MEDIUM_PARTICIPATION|V53-20230201-300157.SZ,,300157.SZ,2023-02-01 15:00:00,2023-02-02 09:30:00,[ 0.25011086 -0.06231454  2.08630584],32097.662864049595,0.5630486717730124,0.002,0,NATIVE_COORDINATE,BUY,NATIVE_ELIGIBLE,NATIVE_ADAPTER_ACTUAL_FUNDED_STATE,,CHINEXT,18018.22865035804,18108.691535506314
MCB,MCB,DEMAND,V72|V65|MEDIUM_PARTICIPATION|V53-20230201-301070.SZ,,301070.SZ,2023-02-01 15:00:00,2023-02-02 09:30:00,[ 0.25011086 -0.06262626  1.65587914],31604.281782979673,0.57183854285067,0.002,0,NATIVE_COORDINATE,BUY,NATIVE_ELIGIBLE,NATIVE_ADAPTER_ACTUAL_FUNDED_STATE,,CHINEXT,18018.22865035804,18108.691535506314
MCB,MCB,DEMAND,V72|V65|MEDIUM_PARTICIPATION|V53-20230201-002444.SZ,,002444.SZ,2023-02-01 15:00:00,2023-02-02 09:30:00,[ 0.25011086 -0.06938379  1.56900152],3916.7227726076685,4.39654460126994,0.002,0,NATIVE_COORDINATE,BUY,NATIVE_ELIGIBLE,NATIVE_ADAPTER_ACTUAL_FUNDED_STATE,,MAIN,16405.19477545796,17254.486453300433
MCB,MCB,DEMAND,V72|V65|MEDIUM_PARTICIPATION|V53-20230201-001696.SZ,,001696.SZ,2023-02-01 15:00:00,2023-02-02 09:30:00,[ 0.25011086 -0.0870229   2.73237086],11085.780881369094,1.5533453660011909,0.002,0,NATIVE_COORDINATE,BUY,NATIVE_ELIGIBLE,NATIVE_ADAPTER_ACTUAL_FUNDED_STATE,,MAIN,16405.19477545796,17254.486453300437
MCB,MCB,DEMAND,V72|V65|MEDIUM_PARTICIPATION|V53-20230201-603617.SH,,603617.SH,2023-02-01 15:00:00,2023-02-02 09:30:00,[ 0.25011086 -0.12428078  2.42296582],7771.183268975359,2.21588473267981,0.002,0,NATIVE_COORDINATE,BUY,NATIVE_ELIGIBLE,NATIVE_ADAPTER_ACTUAL_FUNDED_STATE,,MAIN,16405.19477545796,17254.486453300433
MCB,MCB,DEMAND,V72|V65|MEDIUM_PARTICIPATION|V53-20230201-603269.SH,,603269.SH,2023-02-01 15:00:00,2023-02-02 09:30:00,[ 0.25011086 -0.14478918  1.9751184 ],13217.643669941686,1.3028075798214682,0.002,0,NATIVE_COORDINATE,BUY,NATIVE_ELIGIBLE,NATIVE_ADAPTER_ACTUAL_FUNDED_STATE,,MAIN,16405.19477545796,17254.486453300437
MCB,MCB,DEMAND,V72|V65|MEDIUM_PARTICIPATION|V53-20230201-605298.SH,,605298.SH,2023-02-01 15:00:00,2023-02-02 09:30:00,[ 0.25       -0.07622642  2.69674554],20697.725777612693,0.8319777035216602,0.002,0,NATIVE_COORDINATE,BUY,NATIVE_ELIGIBLE,NATIVE_ADAPTER_ACTUAL_FUNDED_STATE,,MAIN,16405.19477545796,17254.486453300437
MCB,MCB,DEMAND,V72|V65|EARLY_TRANSITION|V53-20230526-301366.SZ,,301366.SZ,2023-05-26 15:00:00,2023-05-29 09:30:00,[ 0.53191489 -0.0885252   2.19420907],16369.853736168305,1.1104571197411006,0.002,0,NATIVE_COORDINATE,BUY,NATIVE_ELIGIBLE,NATIVE_ADAPTER_ACTUAL_FUNDED_STATE,,CHINEXT,546431.3001512834,18214.376671709448
MCB,MCB,DEMAND,V72|V65|EARLY_TRANSITION|V53-20230526-300800.SZ,,300800.SZ,2023-05-26 15:00:00,2023-05-29 09:30:00,[ 0.5        -0.02475619  2.38830273],31905.468654686345,0.5697462346405159,0.002,0,NATIVE_COORDINATE,BUY,NATIVE_ELIGIBLE,NATIVE_ADAPTER_ACTUAL_FUNDED_STATE,,CHINEXT,528216.9234795738,18214.376671709448
MCB,MCB,DEMAND,V72|V65|EARLY_TRANSITION|V53-20230526-603006.SH,,603006.SH,2023-05-26 15:00:00,2023-05-29 09:30:00,[ 0.45454545 -0.01966568  1.62432123],11525.03260218021,1.4970523449874056,0.002,0,NATIVE_COORDINATE,BUY,NATIVE_ELIGIBLE,NATIVE_ADAPTER_ACTUAL_FUNDED_STATE,,MAIN,518642.5271194945,17288.084237316485
MCB,MCB,DEMAND,V72|V65|EARLY_TRANSITION|V53-20230526-000513.SZ,,000513.SZ,2023-05-26 15:00:00,2023-05-29 09:30:00,[ 0.34188034 -0.11970429  2.73918171],4236.115614817507,4.072971243466279,0.002,0,NATIVE_COORDINATE,BUY,NATIVE_ELIGIBLE,NATIVE_ADAPTER_ACTUAL_FUNDED_STATE,,MAIN,501354.4428821779,17288.084237316485
MCB,MCB,DEMAND,V72|V65|EARLY_TRANSITION|V53-20230526-300747.SZ,,300747.SZ,2023-05-26 15:00:00,2023-05-29 09:30:00,[ 0.3255814  -0.06571936  1.6177376 ],7493.0438152925735,2.425986165108094,0.002,0,NATIVE_COORDINATE,BUY,NATIVE_ELIGIBLE,NATIVE_ADAPTER_ACTUAL_FUNDED_STATE,,CHINEXT,510002.5468078642,18214.376671709448
MCB,MCB,DEMAND,V72|V65|EARLY_TRANSITION|V53-20230526-300946.SZ,,300946.SZ,2023-05-26 15:00:00,2023-05-29 09:30:00,[ 0.30532213 -0.04793233  1.84045333],42699.80905249755,0.4257166725991554,0.002,0,NATIVE_COORDINATE,BUY,NATIVE_ELIGIBLE,NATIVE_ADAPTER_ACTUAL_FUNDED_STATE,,CHINEXT,491788.17013615463,18214.376671709448
MCB,MCB,DEMAND,V72|V65|MEDIUM_PARTICIPATION|V53-20230725-600519.SH,,600519.SH,2023-07-25 15:00:00,2023-07-26 09:30:00,[ 0.84210526 -0.07295611  2.48950238],1326.9016695505184,13.060470902958592,0.002,0,NATIVE_COORDINATE,BUY,NATIVE_ELIGIBLE,NATIVE_ADAPTER_ACTUAL_FUNDED_STATE,,MAIN,520938.6170263267,17364.620567544225
MCB,MCB,DEMAND,V72|V65|MEDIUM_PARTICIPATION|V53-20230725-000858.SZ,,000858.SZ,2023-07-25 15:00:00,2023-07-26 09:30:00,[ 0.84210526 -0.08167232  3.38551818],2129.4314734838667,8.13830398491244,0.002,0,NATIVE_COORDINATE,BUY,NATIVE_ELIGIBLE,NATIVE_ADAPTER_ACTUAL_FUNDED_STATE,,MAIN,503573.99645878235,17364.620567544225
MCB,MCB,DEMAND,V72|V65|MEDIUM_PARTICIPATION|V53-20230725-600170.SH,,600170.SH,2023-07-25 15:00:00,2023-07-26 09:30:00,[ 0.75       -0.01785714  2.3438929 ],11107.340144123129,1.560225978621981,0.002,0,NATIVE_COORDINATE,BUY,NATIVE_ELIGIBLE,NATIVE_ADAPTER_ACTUAL_FUNDED_STATE,,MAIN,486209.375891238,17364.62056754423
MCB,MCB,DEMAND,V72|V65|MEDIUM_PARTICIPATION|V53-20230725-000686.SZ,,000686.SZ,2023-07-25 15:00:00,2023-07-26 09:30:00,[ 0.67346939 -0.00614329  3.88075042],15915.73784590151,1.0888568795265994,0.002,0,NATIVE_COORDINATE,BUY,NATIVE_ELIGIBLE,NATIVE_ADAPTER_ACTUAL_FUNDED_STATE,,MAIN,468844.7553236936,17364.62056754422
MCB,MCB,DEMAND,V72|V65|MEDIUM_PARTICIPATION|V53-20230725-601377.SH,,601377.SH,2023-07-25 15:00:00,2023-07-26 09:30:00,[ 0.67346939 -0.01232666  3.90810403],11855.706611842143,1.4617400053524932,0.002,0,NATIVE_COORDINATE,BUY,NATIVE_ELIGIBLE,NATIVE_ADAPTER_ACTUAL_FUNDED_STATE,,MAIN,451480.13475614926,17364.620567544225
MCB,MCB,DEMAND,V72|V65|MEDIUM_PARTICIPATION|V53-20230725-601696.SH,,601696.SH,2023-07-25 15:00:00,2023-07-26 09:30:00,[ 0.67346939 -0.04110899  3.99181538],12440.864184235354,1.3929868849634792,0.002,0,NATIVE_COORDINATE,BUY,NATIVE_ELIGIBLE,NATIVE_ADAPTER_ACTUAL_FUNDED_STATE,,MAIN,434115.5141886049,17364.620567544225
MCB,MCB,DEMAND,V72|V65|MEDIUM_PARTICIPATION|V53-20230725-600155.SH,,600155.SH,2023-07-25 15:00:00,2023-07-26 09:30:00,[ 0.67346939 -0.06687403  3.83280297],7757.313307222231,2.2340158196417237,0.002,0,NATIVE_COORDINATE,BUY,NATIVE_ELIGIBLE,NATIVE_ADAPTER_ACTUAL_FUNDED_STATE,,MAIN,416750.89362106053,17364.620567544225
MCB,MCB,DEMAND,V72|V65|MEDIUM_PARTICIPATION|V53-20230725-601198.SH,,601198.SH,2023-07-25 15:00:00,2023-07-26 09:30:00,[ 0.67346939 -0.07721519  3.97831186],24247.54165871123,0.7147100060770787,0.002,0,NATIVE_COORDINATE,BUY,NATIVE_ELIGIBLE,NATIVE_ADAPTER_ACTUAL_FUNDED_STATE,,MAIN,399386.27305351617,17364.620567544225
MCB,MCB,DEMAND,V72|V65|MEDIUM_PARTICIPATION|V53-20230725-002926.SZ,,002926.SZ,2023-07-25 15:00:00,2023-07-26 09:30:00,[ 0.67346939 -0.10586735  3.94039391],26136.879307242907,0.6630462819426701,0.002,0,NATIVE_COORDINATE,BUY,NATIVE_ELIGIBLE,NATIVE_ADAPTER_ACTUAL_FUNDED_STATE,,MAIN,382021.6524859718,17364.620567544225
MCB,MCB,DEMAND,V72|V65|MEDIUM_PARTICIPATION|V53-20230725-600648.SH,,600648.SH,2023-07-25 15:00:00,2023-07-26 09:30:00,[ 0.64197531 -0.01206352  3.74360522],12008.739401844776,1.4431123922623805,0.002,0,NATIVE_COORDINATE,BUY,NATIVE_ELIGIBLE,NATIVE_ADAPTER_ACTUAL_FUNDED_STATE,,MAIN,364657.03191842744,17364.620567544225
MCB,MCB,DEMAND,V72|V65|MEDIUM_PARTICIPATION|V53-20230725-300284.SZ,,300284.SZ,2023-07-25 15:00:00,2023-07-26 09:30:00,[ 0.48717949 -0.02554411  3.17850353],7194.333666407944,2.549956138852739,0.002,0,NATIVE_COORDINATE,BUY,NATIVE_ELIGIBLE,NATIVE_ADAPTER_ACTUAL_FUNDED_STATE,,CHINEXT,551457.7730462127,18381.925768207093
MCB,MCB,DEMAND,V72|V65|MEDIUM_PARTICIPATION|V53-20230725-300715.SZ,,300715.SZ,2023-07-25 15:00:00,2023-07-26 09:30:00,[ 0.375      -0.09037037  2.9008449 ],5784.021715101136,3.1717092710277104,0.002,0,NATIVE_COORDINATE,BUY,NATIVE_ELIGIBLE,NATIVE_ADAPTER_ACTUAL_FUNDED_STATE,,CHINEXT,533075.8472780054,18381.925768207093
MCB,MCB,DEMAND,V72|V65|MEDIUM_PARTICIPATION|V53-20230725-300350.SZ,,300350.SZ,2023-07-25 15:00:00,2023-07-26 09:30:00,[ 0.33333333 -0.04662005  1.85726228],18858.790012775346,0.9727684164882485,0.002,0,NATIVE_COORDINATE,BUY,NATIVE_ELIGIBLE,NATIVE_ADAPTER_ACTUAL_FUNDED_STATE,,CHINEXT,514693.92150979815,18381.92576820709
MCB,MCB,DEMAND,V72|V65|EARLY_TRANSITION|V53-20230922-300893.SZ,,300893.SZ,2023-09-22 15:00:00,2023-09-25 09:30:00,[ 0.40096618 -0.00932763  1.9413738 ],12610.832371850996,1.4590562544501782,0.002,0,NATIVE_COORDINATE,BUY,NATIVE_ELIGIBLE,NATIVE_ADAPTER_ACTUAL_FUNDED_STATE,,CHINEXT,553101.4102099175,18436.713673663915
MCB,MCB,DEMAND,V72|V65|EARLY_TRANSITION|V53-20230922-002543.SZ,,002543.SZ,2023-09-22 15:00:00,2023-09-25 09:30:00,[ 0.33333333 -0.08849558  1.73302464],6909.8156205812165,2.570624500959626,0.002,0,NATIVE_COORDINATE,BUY,NATIVE_ELIGIBLE,NATIVE_ADAPTER_ACTUAL_FUNDED_STATE,,MAIN,533941.9924212713,17798.066414042376
MCB,MCB,DEMAND,V72|V65|MEDIUM_PARTICIPATION|V53-20231113-301081.SZ,,301081.SZ,2023-11-13 15:00:00,2023-11-14 09:30:00,[ 0.38095238 -0.11045365  2.06095712],27063.94989998756,0.6812203323028414,0.002,0,NATIVE_COORDINATE,BUY,NATIVE_ELIGIBLE,NATIVE_ADAPTER_ACTUAL_FUNDED_STATE,,CHINEXT,554201.5791055672,18473.385970185573
MCB,MCB,DEMAND,V72|V65|MEDIUM_PARTICIPATION|V53-20231113-002565.SZ,,002565.SZ,2023-11-13 15:00:00,2023-11-14 09:30:00,[ 0.30769231 -0.06748466  2.71397597],12563.338303466771,1.411122780808144,0.002,0,NATIVE_COORDINATE,BUY,NATIVE_ELIGIBLE,NATIVE_ADAPTER_ACTUAL_FUNDED_STATE,,MAIN,532916.0912636262,17763.86970878754
MCB,MCB,DEMAND,V72|V65|MEDIUM_PARTICIPATION|V53-20231113-300830.SZ,,300830.SZ,2023-11-13 15:00:00,2023-11-14 09:30:00,[ 0.30337079 -0.03793103  1.67352265],12785.375111152995,1.4420001590891423,0.002,0,NATIVE_COORDINATE,BUY,NATIVE_ELIGIBLE,NATIVE_ADAPTER_ACTUAL_FUNDED_STATE,,CHINEXT,535728.1931353817,18473.385970185573
MCB,MCB,DEMAND,V72|V65|MEDIUM_PARTICIPATION|V53-20231113-600455.SH,,600455.SH,2023-11-13 15:00:00,2023-11-14 09:30:00,[ 0.30337079 -0.11594203  1.50556478],8178.740253806998,2.1676214591567895,0.002,0,NATIVE_COORDINATE,BUY,NATIVE_ELIGIBLE,NATIVE_ADAPTER_ACTUAL_FUNDED_STATE,,MAIN,515152.2215548386,17763.86970878754
MCB,MCB,DEMAND,V72|V65|MEDIUM_PARTICIPATION|V53-20231113-603267.SH,,603267.SH,2023-11-13 15:00:00,2023-11-14 09:30:00,[ 0.28947368 -0.056231    1.89916662],5619.83661288144,3.1546135776235085,0.002,0,NATIVE_COORDINATE,BUY,NATIVE_ELIGIBLE,NATIVE_ADAPTER_ACTUAL_FUNDED_STATE,,MAIN,497388.35184605094,17763.86970878754
MCB,MCB,DEMAND,V72|V65|MEDIUM_PARTICIPATION|V53-20231113-300417.SZ,,300417.SZ,2023-11-13 15:00:00,2023-11-14 09:30:00,[ 0.28289114 -0.10762332  1.52230851],9252.341291899822,1.9926321741327953,0.002,0,NATIVE_COORDINATE,BUY,NATIVE_ELIGIBLE,NATIVE_ADAPTER_ACTUAL_FUNDED_STATE,,CHINEXT,517254.80716519617,18473.385970185573
MCB,MCB,DEMAND,V72|V65|MEDIUM_PARTICIPATION|V53-20231113-600397.SH,,600397.SH,2023-11-13 15:00:00,2023-11-14 09:30:00,[ 0.25       -0.00647249  1.76424604],32004.194564393692,0.5539402920248856,0.002,0,NATIVE_COORDINATE,BUY,NATIVE_ELIGIBLE,NATIVE_ADAPTER_ACTUAL_FUNDED_STATE,,MAIN,479624.4821372633,17763.86970878754
MCB,MCB,DEMAND,V72|V65|MEDIUM_PARTICIPATION|V53-20231113-300099.SZ,,300099.SZ,2023-11-13 15:00:00,2023-11-14 09:30:00,[ 0.25       -0.01132421  2.73911685],9200.385394488832,2.003884854143254,0.002,0,NATIVE_COORDINATE,BUY,NATIVE_ELIGIBLE,NATIVE_ADAPTER_ACTUAL_FUNDED_STATE,,CHINEXT,498781.42119501065,18473.385970185576
MCB,MCB,DEMAND,V72|V65|MEDIUM_PARTICIPATION|V53-20231113-002526.SZ,,002526.SZ,2023-11-13 15:00:00,2023-11-14 09:30:00,[ 0.25       -0.03435115  1.52465245],12734.540204488507,1.3921517854859662,0.002,0,NATIVE_COORDINATE,BUY,NATIVE_ELIGIBLE,NATIVE_ADAPTER_ACTUAL_FUNDED_STATE,,MAIN,461860.61242847564,17763.869708787537
MCB,MCB,DEMAND,V72|V65|MEDIUM_PARTICIPATION|V53-20231114-300520.SZ,,300520.SZ,2023-11-14 15:00:00,2023-11-15 09:30:00,[ 0.39325843 -0.1337488   1.6926787 ],5023.272468182129,3.6799797078321195,0.002,0,NATIVE_COORDINATE,BUY,NATIVE_ELIGIBLE,NATIVE_ADAPTER_ACTUAL_FUNDED_STATE,,CHINEXT,480308.03522482514,18522.511831321644
MCB,MCB,DEMAND,V72|V65|MEDIUM_PARTICIPATION|V53-20231114-300977.SZ,,300977.SZ,2023-11-14 15:00:00,2023-11-15 09:30:00,[ 0.375      -0.06676939  1.74598502],26031.321212474235,0.7101268736587872,0.002,0,NATIVE_COORDINATE,BUY,NATIVE_ELIGIBLE,NATIVE_ADAPTER_ACTUAL_FUNDED_STATE,,CHINEXT,461785.5233935034,18522.51183132164
MCB,MCB,DEMAND,V72|V65|MEDIUM_PARTICIPATION|V53-20231114-002214.SZ,,002214.SZ,2023-11-14 15:00:00,2023-11-15 09:30:00,[ 0.34547908 -0.03233831  1.71096966],4205.193111860177,4.211133930675699,0.002,0,NATIVE_COORDINATE,BUY,NATIVE_ELIGIBLE,NATIVE_ADAPTER_ACTUAL_FUNDED_STATE,,MAIN,444096.742719688,17744.04866119492
MCB,MCB,DEMAND,V72|V65|MEDIUM_PARTICIPATION|V53-20231114-600728.SH,,600728.SH,2023-11-14 15:00:00,2023-11-15 09:30:00,[ 0.28421053 -0.01505017  2.74846293],9086.319393339076,1.9489334054644636,0.002,0,NATIVE_COORDINATE,BUY,NATIVE_ELIGIBLE,NATIVE_ADAPTER_ACTUAL_FUNDED_STATE,,MAIN,426352.69405849325,17744.04866119492
MCB,MCB,DEMAND,V72|V65|MEDIUM_PARTICIPATION|V53-20231114-600571.SH,,600571.SH,2023-11-14 15:00:00,2023-11-15 09:30:00,[ 0.28421053 -0.03177756  1.65817823],6063.251528063029,2.9206493110892495,0.002,0,NATIVE_COORDINATE,BUY,NATIVE_ELIGIBLE,NATIVE_ADAPTER_ACTUAL_FUNDED_STATE,,MAIN,408608.6453972985,17744.04866119492
MCB,MCB,DEMAND,V72|V65|MEDIUM_PARTICIPATION|V53-20231114-300078.SZ,,300078.SZ,2023-11-14 15:00:00,2023-11-15 09:30:00,[ 0.28421053 -0.05319149  2.90847453],8608.76486327185,2.147293025586992,0.002,0,NATIVE_COORDINATE,BUY,NATIVE_ELIGIBLE,NATIVE_ADAPTER_ACTUAL_FUNDED_STATE,,CHINEXT,443263.01156218164,18522.51183132164
MCB,MCB,DEMAND,V72|V65|MEDIUM_PARTICIPATION|V53-20231114-300150.SZ,,300150.SZ,2023-11-14 15:00:00,2023-11-15 09:30:00,[ 0.28421053 -0.14573991  1.70775659],11359.959801320114,1.6272540636696478,0.002,0,NATIVE_COORDINATE,BUY,NATIVE_ELIGIBLE,NATIVE_ADAPTER_ACTUAL_FUNDED_STATE,,CHINEXT,424740.4997308599,18522.511831321644
MCB,MCB,DEMAND,V72|V65|MEDIUM_PARTICIPATION|V53-20231114-002152.SZ,,002152.SZ,2023-11-14 15:00:00,2023-11-15 09:30:00,[ 0.26388889 -0.07234043  2.02075073],5089.964175968812,3.4791269223476418,0.002,0,NATIVE_COORDINATE,BUY,NATIVE_ELIGIBLE,NATIVE_ADAPTER_ACTUAL_FUNDED_STATE,,MAIN,390864.59673610376,17744.04866119492
MCB,MCB,DEMAND,V72|V65|MEDIUM_PARTICIPATION|V53-20231114-300248.SZ,,300248.SZ,2023-11-14 15:00:00,2023-11-15 09:30:00,[ 0.26388889 -0.07304527  3.45846817],3946.6616715376867,4.683842266778272,0.002,0,NATIVE_COORDINATE,BUY,NATIVE_ELIGIBLE,NATIVE_ADAPTER_ACTUAL_FUNDED_STATE,,CHINEXT,406217.98789953813,18522.511831321644
MCB,MCB,DEMAND,V72|V65|MEDIUM_PARTICIPATION|V53-20231114-002197.SZ,,002197.SZ,2023-11-14 15:00:00,2023-11-15 09:30:00,[ 0.26388889 -0.12030799  2.30475432],8404.682137625174,2.106995970629518,0.002,0,NATIVE_COORDINATE,BUY,NATIVE_ELIGIBLE,NATIVE_ADAPTER_ACTUAL_FUNDED_STATE,,MAIN,373120.548074909,17744.048661194924
MCB,MCB,DEMAND,V72|V65|MEDIUM_PARTICIPATION|V53-20231115-600212.SH,,600212.SH,2023-11-15 15:00:00,2023-11-16 09:30:00,[ 0.45833333 -0.00905563  1.82353204],6946.674548399452,2.542763157894728,0.002,0,NATIVE_COORDINATE,BUY,NATIVE_ELIGIBLE,NATIVE_ADAPTER_ACTUAL_FUNDED_STATE,,MAIN,355376.4994137143,17699.075607778235
MCB,MCB,DEMAND,V72|V65|MEDIUM_PARTICIPATION|V53-20231115-300779.SZ,,300779.SZ,2023-11-15 15:00:00,2023-11-16 09:30:00,[ 0.40659341 -0.06802997  2.09078851],6679.579719546151,2.762580447330734,0.002,0,NATIVE_COORDINATE,BUY,NATIVE_ELIGIBLE,NATIVE_ADAPTER_ACTUAL_FUNDED_STATE,,CHINEXT,408855.0619743862,18489.782082264315
MCB,MCB,DEMAND,V72|V65|MEDIUM_PARTICIPATION|V53-20231115-600292.SH,,600292.SH,2023-11-15 15:00:00,2023-11-16 09:30:00,[ 0.40659341 -0.07118644  2.14213344],29820.836713462068,0.5923290577417348,0.002,0,NATIVE_COORDINATE,BUY,NATIVE_ELIGIBLE,NATIVE_ADAPTER_ACTUAL_FUNDED_STATE,,MAIN,337677.42380593624,17699.07560777823
MCB,MCB,DEMAND,V72|V65|MEDIUM_PARTICIPATION|V53-20231115-603755.SH,,603755.SH,2023-11-15 15:00:00,2023-11-16 09:30:00,[ 0.35714286 -0.00289948  1.55502437],12551.733223814825,1.4072756165691203,0.002,0,NATIVE_COORDINATE,BUY,NATIVE_ELIGIBLE,NATIVE_ADAPTER_ACTUAL_FUNDED_STATE,,MAIN,319978.3481981582,17699.07560777823
MCB,MCB,DEMAND,V72|V65|MEDIUM_PARTICIPATION|V53-20231115-002645.SZ,,002645.SZ,2023-11-15 15:00:00,2023-11-16 09:30:00,[ 0.33333333 -0.0768453   2.02650241],7788.042084605347,2.2680601773417637,0.002,0,NATIVE_COORDINATE,BUY,NATIVE_ELIGIBLE,NATIVE_ADAPTER_ACTUAL_FUNDED_STATE,,MAIN,302279.27259038016,17699.07560777823
MCB,MCB,DEMAND,V72|V65|MEDIUM_PARTICIPATION|V53-20231115-300718.SZ,,300718.SZ,2023-11-15 15:00:00,2023-11-16 09:30:00,[ 0.32967033 -0.00333792  2.22789884],7912.863806684878,2.332009848825643,0.002,0,NATIVE_COORDINATE,BUY,NATIVE_ELIGIBLE,NATIVE_ADAPTER_ACTUAL_FUNDED_STATE,,CHINEXT,390365.2798921219,18489.782082264315
MCB,MCB,DEMAND,V72|V65|MEDIUM_PARTICIPATION|V53-20231115-001696.SZ,,001696.SZ,2023-11-15 15:00:00,2023-11-16 09:30:00,[ 0.32967033 -0.00443787  2.43394083],11498.22463509297,1.5362152568879863,0.002,0,NATIVE_COORDINATE,BUY,NATIVE_ELIGIBLE,NATIVE_ADAPTER_ACTUAL_FUNDED_STATE,,MAIN,284580.1969826021,17699.07560777823
MCB,MCB,DEMAND,V72|V65|MEDIUM_PARTICIPATION|V53-20231115-000039.SZ,,000039.SZ,2023-11-15 15:00:00,2023-11-16 09:30:00,[ 0.32967033 -0.03346143  1.63771301],12582.28019448152,1.403859065171851,0.002,0,NATIVE_COORDINATE,BUY,NATIVE_ELIGIBLE,NATIVE_ADAPTER_ACTUAL_FUNDED_STATE,,MAIN,266881.1213748241,17699.075607778235
MCB,MCB,DEMAND,V72|V65|MEDIUM_PARTICIPATION|V53-20231115-300257.SZ,,300257.SZ,2023-11-15 15:00:00,2023-11-16 09:30:00,[ 0.32967033 -0.07582583  1.73731408],16826.960236457286,1.096625657296385,0.002,0,NATIVE_COORDINATE,BUY,NATIVE_ELIGIBLE,NATIVE_ADAPTER_ACTUAL_FUNDED_STATE,,CHINEXT,371875.4978098576,18489.78208226432
MCB,MCB,DEMAND,V72|V65|MEDIUM_PARTICIPATION|V53-20231115-601369.SH,,601369.SH,2023-11-15 15:00:00,2023-11-16 09:30:00,[ 0.30555556 -0.01325301  3.04578357],13173.856013059967,1.3408183673818872,0.002,0,NATIVE_COORDINATE,BUY,NATIVE_ELIGIBLE,NATIVE_ADAPTER_ACTUAL_FUNDED_STATE,,MAIN,249182.04576704605,17699.075607778235
MCB,MCB,DEMAND,V72|V65|MEDIUM_PARTICIPATION|V53-20231115-300540.SZ,,300540.SZ,2023-11-15 15:00:00,2023-11-16 09:30:00,[ 0.30555556 -0.02835951  1.6843538 ],12343.847031730313,1.4949048122656825,0.002,0,NATIVE_COORDINATE,BUY,NATIVE_ELIGIBLE,NATIVE_ADAPTER_ACTUAL_FUNDED_STATE,,CHINEXT,353385.7157275933,18489.782082264315
MCB,MCB,DEMAND,V72|V65|MEDIUM_PARTICIPATION|V53-20231115-300307.SZ,,300307.SZ,2023-11-15 15:00:00,2023-11-16 09:30:00,[ 0.30555556 -0.08112094  2.4235547 ],20843.672254945177,0.8852987181866261,0.002,0,NATIVE_COORDINATE,BUY,NATIVE_ELIGIBLE,NATIVE_ADAPTER_ACTUAL_FUNDED_STATE,,CHINEXT,334895.933645329,18489.78208226432
MCB,MCB,DEMAND,V72|V65|MEDIUM_PARTICIPATION|V53-20231117-300627.SZ,,300627.SZ,2023-11-17 15:00:00,2023-11-20 09:30:00,[ 0.67647059 -0.02261307  1.91890683],2532.042800708726,7.269112094801085,0.002,0,NATIVE_COORDINATE,BUY,NATIVE_ELIGIBLE,NATIVE_ADAPTER_ACTUAL_FUNDED_STATE,,CHINEXT,316406.15156306466,18442.514353080187
MCB,MCB,DEMAND,V72|V65|MEDIUM_PARTICIPATION|V53-20231117-600566.SH,,600566.SH,2023-11-17 15:00:00,2023-11-20 09:30:00,[ 0.5483871  -0.06624722  1.53688488],3084.3007062883376,5.713807463026143,0.002,0,NATIVE_COORDINATE,BUY,NATIVE_ELIGIBLE,NATIVE_ADAPTER_ACTUAL_FUNDED_STATE,,MAIN,231482.970159268,17658.34659459472
MCB,MCB,DEMAND,V72|V65|MEDIUM_PARTICIPATION|V53-20231117-002429.SZ,,002429.SZ,2023-11-17 15:00:00,2023-11-20 09:30:00,[ 0.5        -0.1278626   2.51522513],6815.199246059098,2.5858525565481743,0.002,0,NATIVE_COORDINATE,BUY,NATIVE_ELIGIBLE,NATIVE_ADAPTER_ACTUAL_FUNDED_STATE,,MAIN,213824.62356467312,17658.34659459472
MCB,MCB,DEMAND,V72|V65|MEDIUM_PARTICIPATION|V53-20231117-300300.SZ,,300300.SZ,2023-11-17 15:00:00,2023-11-20 09:30:00,[ 0.46315789 -0.09633028  2.71554022],16229.142986794206,1.1341142882383066,0.002,0,NATIVE_COORDINATE,BUY,NATIVE_ELIGIBLE,NATIVE_ADAPTER_ACTUAL_FUNDED_STATE,,CHINEXT,297963.6372099845,18442.514353080187
MCB,MCB,DEMAND,V72|V65|MEDIUM_PARTICIPATION|V53-20231117-603666.SH,,603666.SH,2023-11-17 15:00:00,2023-11-20 09:30:00,[ 0.45833333 -0.0032372   1.66711423],9431.746290702315,1.8684875367332259,0.002,0,NATIVE_COORDINATE,BUY,NATIVE_ELIGIBLE,NATIVE_ADAPTER_ACTUAL_FUNDED_STATE,,MAIN,196166.27697007824,17658.34659459472
MCB,MCB,DEMAND,V72|V65|MEDIUM_PARTICIPATION|V53-20231117-301106.SZ,,301106.SZ,2023-11-17 15:00:00,2023-11-20 09:30:00,[ 0.43981982 -0.13043478  2.08087181],17484.109215036864,1.052710362353282,0.002,0,NATIVE_COORDINATE,BUY,NATIVE_ELIGIBLE,NATIVE_ADAPTER_ACTUAL_FUNDED_STATE,,CHINEXT,279521.1228569043,18442.514353080187
MCB,MCB,DEMAND,V72|V65|MEDIUM_PARTICIPATION|V53-20231117-600237.SH,,600237.SH,2023-11-17 15:00:00,2023-11-20 09:30:00,[ 0.42772109 -0.06048906  2.35277457],13863.748311362699,1.2711641900887116,0.002,0,NATIVE_COORDINATE,BUY,NATIVE_ELIGIBLE,NATIVE_ADAPTER_ACTUAL_FUNDED_STATE,,MAIN,178507.93037548335,17658.34659459472
MCB,MCB,DEMAND,V72|V65|MEDIUM_PARTICIPATION|V53-20231117-603115.SH,,603115.SH,2023-11-17 15:00:00,2023-11-20 09:30:00,[ 0.42772109 -0.08885652  1.67650007],14803.231024763325,1.1904901277516113,0.002,0,NATIVE_COORDINATE,BUY,NATIVE_ELIGIBLE,NATIVE_ADAPTER_ACTUAL_FUNDED_STATE,,MAIN,160849.58378088847,17658.34659459472
MCB,MCB,DEMAND,V72|V65|MEDIUM_PARTICIPATION|V53-20231117-000678.SZ,,000678.SZ,2023-11-17 15:00:00,2023-11-20 09:30:00,[ 0.40191388 -0.00589102  1.55739616],10269.390859055955,1.7160804020100529,0.002,0,NATIVE_COORDINATE,BUY,NATIVE_ELIGIBLE,NATIVE_ADAPTER_ACTUAL_FUNDED_STATE,,MAIN,143191.23718629358,17658.346594594717
MCB,MCB,DEMAND,V72|V65|MEDIUM_PARTICIPATION|V53-20231117-603035.SH,,603035.SH,2023-11-17 15:00:00,2023-11-20 09:30:00,[ 0.40191388 -0.04312532  1.59949267],10959.898506854988,1.6079620064715514,0.002,0,NATIVE_COORDINATE,BUY,NATIVE_ELIGIBLE,NATIVE_ADAPTER_ACTUAL_FUNDED_STATE,,MAIN,125532.8905916987,17658.34659459472
MCB,MCB,DEMAND,V72|V65|MEDIUM_PARTICIPATION|V53-20231117-600218.SH,,600218.SH,2023-11-17 15:00:00,2023-11-20 09:30:00,[ 0.40191388 -0.05128205  1.81800387],16999.89766398252,1.0366592047871535,0.002,0,NATIVE_COORDINATE,BUY,NATIVE_ELIGIBLE,NATIVE_ADAPTER_ACTUAL_FUNDED_STATE,,MAIN,107874.54399710381,17658.34659459472
MCB,MCB,DEMAND,V72|V65|MEDIUM_PARTICIPATION|V53-20231117-600699.SH,,600699.SH,2023-11-17 15:00:00,2023-11-20 09:30:00,[ 0.40191388 -0.0582265   1.84099186],5217.240920785702,3.377858270565185,0.002,0,NATIVE_COORDINATE,BUY,NATIVE_ELIGIBLE,NATIVE_ADAPTER_ACTUAL_FUNDED_STATE,,MAIN,90216.19740250893,17658.346594594717
MCB,MCB,DEMAND,V72|V65|MEDIUM_PARTICIPATION|V53-20231117-300611.SZ,,300611.SZ,2023-11-17 15:00:00,2023-11-20 09:30:00,[ 0.40191388 -0.07850134  1.94578008],12714.682018086556,1.4475944361804578,0.002,0,NATIVE_COORDINATE,BUY,NATIVE_ELIGIBLE,NATIVE_ADAPTER_ACTUAL_FUNDED_STATE,,CHINEXT,261078.6085038241,18442.514353080187
MCB,MCB,DEMAND,V72|V65|MEDIUM_PARTICIPATION|V53-20231117-002284.SZ,,002284.SZ,2023-11-17 15:00:00,2023-11-20 09:30:00,[ 0.40191388 -0.10197711  1.66722285],4407.145053434244,3.9987566054977925,0.002,0,NATIVE_COORDINATE,BUY,NATIVE_ELIGIBLE,NATIVE_ADAPTER_ACTUAL_FUNDED_STATE,,MAIN,72557.85080791404,17658.346594594717
MCB,MCB,DEMAND,V72|V65|MEDIUM_PARTICIPATION|V53-20231117-300294.SZ,,300294.SZ,2023-11-17 15:00:00,2023-11-20 09:30:00,[ 0.28125    -0.01462807  1.69788558],4519.512730444777,4.07249720156767,0.002,0,NATIVE_COORDINATE,BUY,NATIVE_ELIGIBLE,NATIVE_ADAPTER_ACTUAL_FUNDED_STATE,,CHINEXT,242636.0941507439,18442.514353080187
MCB,MCB,DEMAND,V72|V65|MEDIUM_PARTICIPATION|V53-20231117-301215.SZ,,301215.SZ,2023-11-17 15:00:00,2023-11-20 09:30:00,[ 0.25       -0.01948052  2.61093911],32488.147141964266,0.5665359389920871,0.002,0,NATIVE_COORDINATE,BUY,NATIVE_ELIGIBLE,NATIVE_ADAPTER_ACTUAL_FUNDED_STATE,,CHINEXT,224193.57979766373,18442.514353080187
MCB,MCB,DEMAND,V72|V65|MEDIUM_PARTICIPATION|V53-20231120-600976.SH,,600976.SH,2023-11-20 15:00:00,2023-11-21 09:30:00,[ 5.16129032e-01 -2.78960505e-03  2.79981105e+00],3398.2281630723746,5.268815528542062,0.002,0,NATIVE_COORDINATE,BUY,NATIVE_ELIGIBLE,NATIVE_ADAPTER_ACTUAL_FUNDED_STATE,,MAIN,54899.50421331916,17940.44658975494
MCB,MCB,DEMAND,V72|V65|MEDIUM_PARTICIPATION|V53-20231120-002412.SZ,,002412.SZ,2023-11-20 15:00:00,2023-11-21 09:30:00,[ 0.51612903 -0.09188361  2.35003053],12587.229438802608,1.422444661247703,0.002,0,NATIVE_COORDINATE,BUY,NATIVE_ELIGIBLE,NATIVE_ADAPTER_ACTUAL_FUNDED_STATE,,MAIN,36959.057623564266,17940.44658975494
MCB,MCB,DEMAND,V72|V65|MEDIUM_PARTICIPATION|V53-20231120-002737.SZ,,002737.SZ,2023-11-20 15:00:00,2023-11-21 09:30:00,[ 0.51612903 -0.14669604  1.89063667],6879.224321743078,2.6027116543552347,0.002,0,NATIVE_COORDINATE,BUY,NATIVE_ELIGIBLE,NATIVE_ADAPTER_ACTUAL_FUNDED_STATE,,MAIN,19018.61103380937,17940.44658975494
MCB,MCB,DEMAND,V72|V65|MEDIUM_PARTICIPATION|V53-20231120-300702.SZ,,300702.SZ,2023-11-20 15:00:00,2023-11-21 09:30:00,[ 0.39830508 -0.08010801  3.31471789],9148.859880752801,2.0253446708103424,0.002,0,NATIVE_COORDINATE,BUY,NATIVE_ELIGIBLE,NATIVE_ADAPTER_ACTUAL_FUNDED_STATE,,CHINEXT,205751.06544458354,18566.653792680176
MCB,MCB,DEMAND,V72|V65|MEDIUM_PARTICIPATION|V53-20231120-300482.SZ,,300482.SZ,2023-11-20 15:00:00,2023-11-21 09:30:00,[ 0.36231884 -0.10340776  2.9241515 ],3088.9225605761576,5.998724228300828,0.002,0,NATIVE_COORDINATE,BUY,NATIVE_ELIGIBLE,NATIVE_ADAPTER_ACTUAL_FUNDED_STATE,,CHINEXT,187184.4116519033,18566.653792680176
