strategy,route,family,event_id,parent_event_id,symbol,decision_at,earliest_execution_at,native_priority,native_requested_quantity,price,fee_rate,lot_size,side,reason,state_requirements,economic_event_definition,board,native_base_cash_limit,native_requested_notional
MCB,MCB,DEMAND,V72|V65|EARLY_TRANSITION|V53-20180103-300470.SZ,,300470.SZ,2018-01-03 15:00:00,2018-01-04 09:30:00,[ 0.56158814 -0.04131599  3.30508046],10050.62107372955,1.6549623893800365,0.002,0,BUY,NATIVE_ELIGIBLE,NATIVE_ADAPTER_ACTUAL_FUNDED_STATE,,CHINEXT,500000.0,16666.666666666668
MCB,MCB,DEMAND,V72|V65|EARLY_TRANSITION|V53-20180103-603566.SH,,603566.SH,2018-01-03 15:00:00,2018-01-04 09:30:00,[ 0.42857143 -0.0625      3.69795949],8162.154821590392,2.0378687038543326,0.002,0,BUY,NATIVE_ELIGIBLE,NATIVE_ADAPTER_ACTUAL_FUNDED_STATE,,MAIN,500000.0,16666.666666666668
MCB,MCB,DEMAND,V72|V65|EARLY_TRANSITION|V53-20180309-300605.SZ,,300605.SZ,2018-03-09 15:00:00,2018-03-12 09:30:00,[ 0.59471154 -0.01666667  1.6910905 ],8426.859557505059,1.976430485022684,0.002,0,BUY,NATIVE_ELIGIBLE,NATIVE_ADAPTER_ACTUAL_FUNDED_STATE,,CHINEXT,500652.3698010803,16688.41232670268
MCB,MCB,DEMAND,V72|V65|EARLY_TRANSITION|V53-20180309-603383.SH,,603383.SH,2018-03-09 15:00:00,2018-03-12 09:30:00,[ 0.59471154 -0.05318661  1.65454795],9776.47622056346,1.6970470288005826,0.002,0,BUY,NATIVE_ELIGIBLE,NATIVE_ADAPTER_ACTUAL_FUNDED_STATE,,MAIN,498729.6660627378,16624.32220209126
MCB,MCB,DEMAND,V72|V65|EARLY_TRANSITION|V53-20180309-300036.SZ,,300036.SZ,2018-03-09 15:00:00,2018-03-12 09:30:00,[ 0.59471154 -0.05954693  2.39265516],3240.7074652786087,5.1393414249520655,0.002,0,BUY,NATIVE_ELIGIBLE,NATIVE_ADAPTER_ACTUAL_FUNDED_STATE,,CHINEXT,483963.9574743775,16688.412326702677
MCB,MCB,DEMAND,V72|V65|EARLY_TRANSITION|V53-20180309-603990.SH,,603990.SH,2018-03-09 15:00:00,2018-03-12 09:30:00,[ 0.59471154 -0.07345476  2.7714125 ],6331.823061774723,2.6202785138466105,0.002,0,BUY,NATIVE_ELIGIBLE,NATIVE_ADAPTER_ACTUAL_FUNDED_STATE,,MAIN,482105.3438606467,16624.322202091258
MCB,MCB,DEMAND,V72|V65|EARLY_TRANSITION|V53-20180309-300579.SZ,,300579.SZ,2018-03-09 15:00:00,2018-03-12 09:30:00,[ 0.59471154 -0.0842964   3.89582875],6575.210577292135,2.533014255083648,0.002,0,BUY,NATIVE_ELIGIBLE,NATIVE_ADAPTER_ACTUAL_FUNDED_STATE,,CHINEXT,467275.5451476746,16688.412326702677
MCB,MCB,DEMAND,V72|V65|EARLY_TRANSITION|V53-20180309-002696.SZ,,002696.SZ,2018-03-09 15:00:00,2018-03-12 09:30:00,[ 0.58333333 -0.04644955  1.84999329],11065.90507220492,1.4993025707332337,0.002,0,BUY,NATIVE_ELIGIBLE,NATIVE_ADAPTER_ACTUAL_FUNDED_STATE,,MAIN,465481.0216585556,16624.322202091258
MCB,MCB,DEMAND,V72|V65|EARLY_TRANSITION|V53-20180309-300393.SZ,,300393.SZ,2018-03-09 15:00:00,2018-03-12 09:30:00,[ 0.54166667 -0.06418733  1.67692143],6663.906982072386,2.4992999102875,0.002,0,BUY,NATIVE_ELIGIBLE,NATIVE_ADAPTER_ACTUAL_FUNDED_STATE,,CHINEXT,450587.1328209718,16688.412326702677
MCB,MCB,DEMAND,V72|V65|EARLY_TRANSITION|V53-20180309-002024.SZ,,002024.SZ,2018-03-09 15:00:00,2018-03-12 09:30:00,[ 0.48214286 -0.08108108  2.1804806 ],8467.260035189714,1.9594461317231808,0.002,0,BUY,NATIVE_ELIGIBLE,NATIVE_ADAPTER_ACTUAL_FUNDED_STATE,,MAIN,448856.6994564645,16624.32220209126
MCB,MCB,DEMAND,V72|V65|EARLY_TRANSITION|V53-20180309-300400.SZ,,300400.SZ,2018-03-09 15:00:00,2018-03-12 09:30:00,[ 0.48       -0.09211496  1.9527797 ],3918.0726705915267,4.250840533782973,0.002,0,BUY,NATIVE_ELIGIBLE,NATIVE_ADAPTER_ACTUAL_FUNDED_STATE,,CHINEXT,433898.7204942689,16688.41232670268
MCB,MCB,DEMAND,V72|V65|EARLY_TRANSITION|V53-20180312-300523.SZ,,300523.SZ,2018-03-12 15:00:00,2018-03-13 09:30:00,[ 0.58593607 -0.01374207  1.75355465],6047.330307393108,2.7458690522575795,0.002,0,BUY,NATIVE_ELIGIBLE,NATIVE_ADAPTER_ACTUAL_FUNDED_STATE,,CHINEXT,417210.3081675661,16638.38749412975
MCB,MCB,DEMAND,V72|V65|EARLY_TRANSITION|V53-20180312-600686.SH,,600686.SH,2018-03-12 15:00:00,2018-03-13 09:30:00,[ 0.58333333 -0.0577812   1.98325718],7517.368535621858,2.2066761422234538,0.002,0,BUY,NATIVE_ELIGIBLE,NATIVE_ADAPTER_ACTUAL_FUNDED_STATE,,MAIN,432232.3772543734,16621.574595457732
MCB,MCB,DEMAND,V72|V65|EARLY_TRANSITION|V53-20180312-002439.SZ,,002439.SZ,2018-03-12 15:00:00,2018-03-13 09:30:00,[ 0.48509615 -0.12407488  1.7854537 ],2264.830206416804,7.324345000724174,0.002,0,BUY,NATIVE_ELIGIBLE,NATIVE_ADAPTER_ACTUAL_FUNDED_STATE,,MAIN,415610.8026589155,16621.574595457732
MCB,MCB,DEMAND,V72|V65|EARLY_TRANSITION|V53-20180313-300291.SZ,,300291.SZ,2018-03-13 15:00:00,2018-03-14 09:30:00,[ 0.5625     -0.0533104   1.75441933],11094.22246434268,1.4927882121120228,0.002,0,BUY,NATIVE_ELIGIBLE,NATIVE_ADAPTER_ACTUAL_FUNDED_STATE,,CHINEXT,400571.9206734365,16594.447166353788
MCB,MCB,DEMAND,V72|V65|EARLY_TRANSITION|V53-20180313-002506.SZ,,002506.SZ,2018-03-13 15:00:00,2018-03-14 09:30:00,[ 0.54333333 -0.10831234  2.68907386],134643.7560478826,0.12299375992319864,0.002,0,BUY,NATIVE_ELIGIBLE,NATIVE_ADAPTER_ACTUAL_FUNDED_STATE,,MAIN,398989.22806345765,16593.46249012402
MCB,MCB,DEMAND,V72|V65|EARLY_TRANSITION|V53-20180313-603611.SH,,603611.SH,2018-03-13 15:00:00,2018-03-14 09:30:00,[ 0.46666667 -0.02538787  3.90175553],9591.897204621873,1.7264928359043887,0.002,0,BUY,NATIVE_ELIGIBLE,NATIVE_ADAPTER_ACTUAL_FUNDED_STATE,,MAIN,382395.7655733335,16593.46249012402
MCB,MCB,DEMAND,V72|V65|MEDIUM_PARTICIPATION|V53-20180522-601828.SH,,601828.SH,2018-05-22 15:00:00,2018-05-23 09:30:00,[ 0.47169811 -0.03470588  2.938167  ],13960.780672891398,1.1982348947725736,0.002,0,BUY,NATIVE_ELIGIBLE,NATIVE_ADAPTER_ACTUAL_FUNDED_STATE,,MAIN,502852.5344893816,16761.751149646054
MCB,MCB,DEMAND,V72|V65|MEDIUM_PARTICIPATION|V53-20180522-600429.SH,,600429.SH,2018-05-22 15:00:00,2018-05-23 09:30:00,[ 0.46153846 -0.01522843  3.33859725],17985.011180263955,0.9301242236024839,0.002,0,BUY,NATIVE_ELIGIBLE,NATIVE_ADAPTER_ACTUAL_FUNDED_STATE,,MAIN,486090.7833397356,16761.751149646054
MCB,MCB,DEMAND,V72|V65|MEDIUM_PARTICIPATION|V53-20180522-002732.SZ,,002732.SZ,2018-05-22 15:00:00,2018-05-23 09:30:00,[ 0.46153846 -0.05271565  3.27787913],9171.27269327468,1.8239883514522375,0.002,0,BUY,NATIVE_ELIGIBLE,NATIVE_ADAPTER_ACTUAL_FUNDED_STATE,,MAIN,469329.0321900896,16761.751149646054
MCB,MCB,DEMAND,V72|V65|MEDIUM_PARTICIPATION|V53-20180522-002701.SZ,,002701.SZ,2018-05-22 15:00:00,2018-05-23 09:30:00,[ 0.41384615 -0.07105719  2.61425554],8259.461679553895,2.02534925513796,0.002,0,BUY,NATIVE_ELIGIBLE,NATIVE_ADAPTER_ACTUAL_FUNDED_STATE,,MAIN,452567.2810404436,16761.751149646057
MCB,MCB,DEMAND,V72|V65|MEDIUM_PARTICIPATION|V53-20180522-600373.SH,,600373.SH,2018-05-22 15:00:00,2018-05-23 09:30:00,[ 0.4        -0.05029782  1.87787885],8022.533323901789,2.085163611684337,0.002,0,BUY,NATIVE_ELIGIBLE,NATIVE_ADAPTER_ACTUAL_FUNDED_STATE,,MAIN,435805.52989079757,16761.751149646054
MCB,MCB,DEMAND,V72|V65|MEDIUM_PARTICIPATION|V53-20180522-300737.SZ,,300737.SZ,2018-05-22 15:00:00,2018-05-23 09:30:00,[ 0.33333333 -0.02294248  2.67577743],15935.329945578178,1.0503276021806809,0.002,0,BUY,NATIVE_ELIGIBLE,NATIVE_ADAPTER_ACTUAL_FUNDED_STATE,,CHINEXT,503123.7457644157,16770.79152548052
MCB,MCB,DEMAND,V72|V65|MEDIUM_PARTICIPATION|V53-20180522-002444.SZ,,002444.SZ,2018-05-22 15:00:00,2018-05-23 09:30:00,[ 0.3294686  -0.0762489   3.42643364],7048.359214260301,2.3733601043885755,0.002,0,BUY,NATIVE_ELIGIBLE,NATIVE_ADAPTER_ACTUAL_FUNDED_STATE,,MAIN,419043.77874115156,16761.751149646057
MCB,MCB,DEMAND,V72|V65|MEDIUM_PARTICIPATION|V53-20180522-300679.SZ,,300679.SZ,2018-05-22 15:00:00,2018-05-23 09:30:00,[ 0.31578947 -0.02145046  1.82551581],20340.110237721827,0.8228724768982263,0.002,0,BUY,NATIVE_ELIGIBLE,NATIVE_ADAPTER_ACTUAL_FUNDED_STATE,,CHINEXT,486352.9542389354,16770.791525480523
MCB,MCB,DEMAND,V72|V65|MEDIUM_PARTICIPATION|V53-20180522-600543.SH,,600543.SH,2018-05-22 15:00:00,2018-05-23 09:30:00,[ 0.28571429 -0.08951708  2.04246053],17808.180562887886,0.9393601160686029,0.002,0,BUY,NATIVE_ELIGIBLE,NATIVE_ADAPTER_ACTUAL_FUNDED_STATE,,MAIN,402282.02759150555,16761.751149646054
MCB,MCB,DEMAND,V72|V65|MEDIUM_PARTICIPATION|V53-20180522-000632.SZ,,000632.SZ,2018-05-22 15:00:00,2018-05-23 09:30:00,[ 0.26666667 -0.13884007  2.82649945],9143.415660411207,1.8295454545454495,0.002,0,BUY,NATIVE_ELIGIBLE,NATIVE_ADAPTER_ACTUAL_FUNDED_STATE,,MAIN,385520.27644185955,16761.751149646054
MCB,MCB,DEMAND,V72|V65|MEDIUM_PARTICIPATION|V53-20180522-300518.SZ,,300518.SZ,2018-05-22 15:00:00,2018-05-23 09:30:00,[ 0.25       -0.05607851  2.77013868],10186.957123858965,1.6430143651529177,0.002,0,BUY,NATIVE_ELIGIBLE,NATIVE_ADAPTER_ACTUAL_FUNDED_STATE,,CHINEXT,469582.16271345504,16770.791525480523
MCB,MCB,DEMAND,V72|V65|EARLY_TRANSITION|V53-20180723-002396.SZ,,002396.SZ,2018-07-23 15:00:00,2018-07-24 09:30:00,[ 0.49301188 -0.00216391  2.02857557],7427.88564009448,2.2459193971163787,0.002,0,BUY,NATIVE_ELIGIBLE,NATIVE_ADAPTER_ACTUAL_FUNDED_STATE,,MAIN,501473.91910583107,16715.797303527703
MCB,MCB,DEMAND,V72|V65|EARLY_TRANSITION|V53-20180723-002138.SZ,,002138.SZ,2018-07-23 15:00:00,2018-07-24 09:30:00,[ 0.33333333 -0.1101116   2.93080897],5314.426430812791,3.1390842748196595,0.002,0,BUY,NATIVE_ELIGIBLE,NATIVE_ADAPTER_ACTUAL_FUNDED_STATE,,MAIN,484758.1218023035,16715.797303527703
MCB,MCB,DEMAND,V72|V65|EARLY_TRANSITION|V53-20180723-300498.SZ,,300498.SZ,2018-07-23 15:00:00,2018-07-24 09:30:00,[ 0.33333333 -0.14165605  1.97148485],25288.157121118962,0.6579595961847103,0.002,0,BUY,NATIVE_ELIGIBLE,NATIVE_ADAPTER_ACTUAL_FUNDED_STATE,,CHINEXT,500155.8845688682,16671.862818962272
MCB,MCB,DEMAND,V72|V65|EARLY_TRANSITION|V53-20181112-002337.SZ,,002337.SZ,2018-11-12 15:00:00,2018-11-13 09:30:00,[ 0.59433962 -0.00892857  1.81031913],15083.987447682963,1.1019081313622263,0.002,0,BUY,NATIVE_ELIGIBLE,NATIVE_ADAPTER_ACTUAL_FUNDED_STATE,,MAIN,499632.3227643464,16654.410758811544
MCB,MCB,DEMAND,V72|V65|EARLY_TRANSITION|V53-20181112-000589.SZ,,000589.SZ,2018-11-12 15:00:00,2018-11-13 09:30:00,[ 0.55025838 -0.00842697  2.15537745],21499.160214684864,0.7731077984438959,0.002,0,BUY,NATIVE_ELIGIBLE,NATIVE_ADAPTER_ACTUAL_FUNDED_STATE,,MAIN,482977.91200553486,16654.410758811544
MCB,MCB,DEMAND,V72|V65|EARLY_TRANSITION|V53-20181112-300473.SZ,,300473.SZ,2018-11-12 15:00:00,2018-11-13 09:30:00,[ 0.55025838 -0.01379046  1.56512673],19540.725489917528,0.8503543876223013,0.002,0,BUY,NATIVE_ELIGIBLE,NATIVE_ADAPTER_ACTUAL_FUNDED_STATE,,CHINEXT,499493.24222968984,16649.774740989662
MCB,MCB,DEMAND,V72|V65|EARLY_TRANSITION|V53-20181112-002406.SZ,,002406.SZ,2018-11-12 15:00:00,2018-11-13 09:30:00,[ 0.55025838 -0.04465724  1.69805345],9942.026184419077,1.6718089566104681,0.002,0,BUY,NATIVE_ELIGIBLE,NATIVE_ADAPTER_ACTUAL_FUNDED_STATE,,MAIN,466323.50124672335,16654.410758811544
MCB,MCB,DEMAND,V72|V65|EARLY_TRANSITION|V53-20181112-002662.SZ,,002662.SZ,2018-11-12 15:00:00,2018-11-13 09:30:00,[ 0.55025838 -0.04639175  1.997358  ],14500.311368918185,1.146262862851038,0.002,0,BUY,NATIVE_ELIGIBLE,NATIVE_ADAPTER_ACTUAL_FUNDED_STATE,,MAIN,449669.09048791183,16654.410758811548
MCB,MCB,DEMAND,V72|V65|EARLY_TRANSITION|V53-20181112-001696.SZ,,001696.SZ,2018-11-12 15:00:00,2018-11-13 09:30:00,[ 0.53772473 -0.04123711  2.49318688],17887.52258939701,0.9292046083463765,0.002,0,BUY,NATIVE_ELIGIBLE,NATIVE_ADAPTER_ACTUAL_FUNDED_STATE,,MAIN,433014.6797291003,16654.410758811544
MCB,MCB,DEMAND,V72|V65|EARLY_TRANSITION|V53-20181112-603679.SH,,603679.SH,2018-11-12 15:00:00,2018-11-13 09:30:00,[ 0.50909091 -0.08885299  2.67730159],8376.39112701366,1.9842875254911085,0.002,0,BUY,NATIVE_ELIGIBLE,NATIVE_ADAPTER_ACTUAL_FUNDED_STATE,,MAIN,416360.2689702888,16654.410758811548
MCB,MCB,DEMAND,V72|V65|EARLY_TRANSITION|V53-20181112-300071.SZ,,300071.SZ,2018-11-12 15:00:00,2018-11-13 09:30:00,[ 0.5        -0.05649718  1.59416404],8732.142111152296,1.9029169986196652,0.002,0,BUY,NATIVE_ELIGIBLE,NATIVE_ADAPTER_ACTUAL_FUNDED_STATE,,CHINEXT,482843.46748870006,16649.774740989666
MCB,MCB,DEMAND,V72|V65|EARLY_TRANSITION|V53-20181112-603456.SH,,603456.SH,2018-11-12 15:00:00,2018-11-13 09:30:00,[ 0.5        -0.06818182  2.10163757],13480.518289750147,1.2329769571697733,0.002,0,BUY,NATIVE_ELIGIBLE,NATIVE_ADAPTER_ACTUAL_FUNDED_STATE,,MAIN,399705.8582114773,16654.410758811548
MCB,MCB,DEMAND,V72|V65|EARLY_TRANSITION|V53-20181112-600151.SH,,600151.SH,2018-11-12 15:00:00,2018-11-13 09:30:00,[ 0.44444444 -0.03266332  2.71722722],21939.81124268476,0.7575802835363724,0.002,0,BUY,NATIVE_ELIGIBLE,NATIVE_ADAPTER_ACTUAL_FUNDED_STATE,,MAIN,383051.4474526658,16654.410758811544
MCB,MCB,DEMAND,V72|V65|EARLY_TRANSITION|V53-20181112-600880.SH,,600880.SH,2018-11-12 15:00:00,2018-11-13 09:30:00,[ 0.42857143 -0.07272727  2.85770664],22917.936153746246,0.7252471736749584,0.002,0,BUY,NATIVE_ELIGIBLE,NATIVE_ADAPTER_ACTUAL_FUNDED_STATE,,MAIN,366397.03669385426,16654.410758811548
MCB,MCB,DEMAND,V72|V65|EARLY_TRANSITION|V53-20181112-601968.SH,,601968.SH,2018-11-12 15:00:00,2018-11-13 09:30:00,[ 0.37931034 -0.03037975  2.08955459],18074.05165001644,0.9196149675688513,0.002,0,BUY,NATIVE_ELIGIBLE,NATIVE_ADAPTER_ACTUAL_FUNDED_STATE,,MAIN,349742.62593504274,16654.410758811548
MCB,MCB,DEMAND,V72|V65|EARLY_TRANSITION|V53-20181113-300295.SZ,,300295.SZ,2018-11-13 15:00:00,2018-11-14 09:30:00,[ 0.6        -0.00311769  2.18260069],20380.86146183346,0.8175507048533099,0.002,0,BUY,NATIVE_ELIGIBLE,NATIVE_ADAPTER_ACTUAL_FUNDED_STATE,,CHINEXT,466193.6927477103,16695.712428946885
MCB,MCB,DEMAND,V72|V65|EARLY_TRANSITION|V53-20181113-300457.SZ,,300457.SZ,2018-11-13 15:00:00,2018-11-14 09:30:00,[ 0.58695652 -0.03259557  3.22168192],3069.901537655865,5.427661913340315,0.002,0,BUY,NATIVE_ELIGIBLE,NATIVE_ADAPTER_ACTUAL_FUNDED_STATE,,CHINEXT,449497.9803187633,16695.71242894689
MCB,MCB,DEMAND,V72|V65|EARLY_TRANSITION|V53-20181113-000695.SZ,,000695.SZ,2018-11-13 15:00:00,2018-11-14 09:30:00,[ 0.58695652 -0.05518018  2.033551  ],12030.67724235238,1.3970149253731354,0.002,0,BUY,NATIVE_ELIGIBLE,NATIVE_ADAPTER_ACTUAL_FUNDED_STATE,,MAIN,333088.2151762312,16840.649741253015
MCB,MCB,DEMAND,V72|V65|EARLY_TRANSITION|V53-20181113-002812.SZ,,002812.SZ,2018-11-13 15:00:00,2018-11-14 09:30:00,[ 0.58695652 -0.06019152  2.52414574],5973.26561155493,2.813709746541485,0.002,0,BUY,NATIVE_ELIGIBLE,NATIVE_ADAPTER_ACTUAL_FUNDED_STATE,,MAIN,316247.56543497834,16840.649741253015
MCB,MCB,DEMAND,V72|V65|EARLY_TRANSITION|V53-20181113-002311.SZ,,002311.SZ,2018-11-13 15:00:00,2018-11-14 09:30:00,[ 0.58333333 -0.08704253  1.69784594],6449.586429881421,2.6059090536479865,0.002,0,BUY,NATIVE_ELIGIBLE,NATIVE_ADAPTER_ACTUAL_FUNDED_STATE,,MAIN,299406.91569372546,16840.64974125302
MCB,MCB,DEMAND,V72|V65|EARLY_TRANSITION|V53-20181113-300651.SZ,,300651.SZ,2018-11-13 15:00:00,2018-11-14 09:30:00,[ 0.58333333 -0.11273987  1.73064525],7925.67547669509,2.102330293819653,0.002,0,BUY,NATIVE_ELIGIBLE,NATIVE_ADAPTER_ACTUAL_FUNDED_STATE,,CHINEXT,432802.2678898163,16695.712428946885
MCB,MCB,DEMAND,V72|V65|EARLY_TRANSITION|V53-20181113-000876.SZ,,000876.SZ,2018-11-13 15:00:00,2018-11-14 09:30:00,[ 0.5        -0.01071975  2.10910795],13694.985481155802,1.2272401232582206,0.002,0,BUY,NATIVE_ELIGIBLE,NATIVE_ADAPTER_ACTUAL_FUNDED_STATE,,MAIN,282566.2659524726,16840.649741253015
MCB,MCB,DEMAND,V72|V65|EARLY_TRANSITION|V53-20181113-002157.SZ,,002157.SZ,2018-11-13 15:00:00,2018-11-14 09:30:00,[ 0.5        -0.13095238  1.67448328],8738.616779675489,1.9233061814775363,0.002,0,BUY,NATIVE_ELIGIBLE,NATIVE_ADAPTER_ACTUAL_FUNDED_STATE,,MAIN,265725.6162112197,16840.649741253015
MCB,MCB,DEMAND,V72|V65|EARLY_TRANSITION|V53-20181113-300005.SZ,,300005.SZ,2018-11-13 15:00:00,2018-11-14 09:30:00,[ 0.4713948  -0.01126761  2.98524771],32968.178154523855,0.5054082022834863,0.002,0,BUY,NATIVE_ELIGIBLE,NATIVE_ADAPTER_ACTUAL_FUNDED_STATE,,CHINEXT,416106.55546086933,16695.712428946885
MCB,MCB,DEMAND,V72|V65|EARLY_TRANSITION|V53-20181113-600977.SH,,600977.SH,2018-11-13 15:00:00,2018-11-14 09:30:00,[ 0.47058824 -0.05216752  1.7091684 ],14656.59359176654,1.146721819410663,0.002,0,BUY,NATIVE_ELIGIBLE,NATIVE_ADAPTER_ACTUAL_FUNDED_STATE,,MAIN,248884.9664699668,16840.649741253015
MCB,MCB,DEMAND,V72|V65|EARLY_TRANSITION|V53-20181113-002605.SZ,,002605.SZ,2018-11-13 15:00:00,2018-11-14 09:30:00,[ 0.46333333 -0.0652819   2.47955687],11808.240264727749,1.4233311054922622,0.002,0,BUY,NATIVE_ELIGIBLE,NATIVE_ADAPTER_ACTUAL_FUNDED_STATE,,MAIN,232044.31672871392,16840.649741253015
MCB,MCB,DEMAND,V72|V65|EARLY_TRANSITION|V53-20181113-000926.SZ,,000926.SZ,2018-11-13 15:00:00,2018-11-14 09:30:00,[ 0.41975309 -0.00873362  2.00376814],19943.800789295932,0.842719792855819,0.002,0,BUY,NATIVE_ELIGIBLE,NATIVE_ADAPTER_ACTUAL_FUNDED_STATE,,MAIN,215203.66698746104,16840.649741253015
MCB,MCB,DEMAND,V72|V65|EARLY_TRANSITION|V53-20181113-000897.SZ,,000897.SZ,2018-11-13 15:00:00,2018-11-14 09:30:00,[ 0.41975309 -0.02459016  3.23202472],19314.536959376124,0.8701754385964876,0.002,0,BUY,NATIVE_ELIGIBLE,NATIVE_ADAPTER_ACTUAL_FUNDED_STATE,,MAIN,198363.01724620815,16840.649741253015
MCB,MCB,DEMAND,V72|V65|EARLY_TRANSITION|V53-20181113-600510.SH,,600510.SH,2018-11-13 15:00:00,2018-11-14 09:30:00,[ 0.41975309 -0.09515571  3.7906602 ],18651.160679889294,0.9011254558562384,0.002,0,BUY,NATIVE_ELIGIBLE,NATIVE_ADAPTER_ACTUAL_FUNDED_STATE,,MAIN,181522.36750495527,16840.649741253015
MCB,MCB,DEMAND,V72|V65|EARLY_TRANSITION|V53-20181115-603000.SH,,603000.SH,2018-11-15 15:00:00,2018-11-16 09:30:00,[ 0.4        -0.08815789  1.69870023],17987.035985592684,0.9449257424779514,0.002,0,BUY,NATIVE_ELIGIBLE,NATIVE_ADAPTER_ACTUAL_FUNDED_STATE,,MAIN,164681.71776370239,17030.406160331124
MCB,MCB,DEMAND,V72|V65|EARLY_TRANSITION|V53-20181115-603488.SH,,603488.SH,2018-11-15 15:00:00,2018-11-16 09:30:00,[ 0.31132075 -0.00240964  1.55296122],22281.758739996218,0.7627949630006039,0.002,0,BUY,NATIVE_ELIGIBLE,NATIVE_ADAPTER_ACTUAL_FUNDED_STATE,,MAIN,147651.31160337105,17030.406160331124
MCB,MCB,DEMAND,V72|V65|EARLY_TRANSITION|V53-20181115-300499.SZ,,300499.SZ,2018-11-15 15:00:00,2018-11-16 09:30:00,[ 0.31132075 -0.06491612  1.67248146],14329.374509977286,1.170831853737594,0.002,0,BUY,NATIVE_ELIGIBLE,NATIVE_ADAPTER_ACTUAL_FUNDED_STATE,,CHINEXT,399410.84303192236,16810.842696657764
MCB,MCB,DEMAND,V72|V65|EARLY_TRANSITION|V53-20181115-300313.SZ,,300313.SZ,2018-11-15 15:00:00,2018-11-16 09:30:00,[ 0.28571429 -0.00780379  3.49642244],11110.505109987698,1.5100382884784531,0.002,0,BUY,NATIVE_ELIGIBLE,NATIVE_ADAPTER_ACTUAL_FUNDED_STATE,,CHINEXT,382600.0003352645,16810.842696657764
MCB,MCB,DEMAND,V72|V65|EARLY_TRANSITION|V53-20181115-603922.SH,,603922.SH,2018-11-15 15:00:00,2018-11-16 09:30:00,[ 0.28117925 -0.          1.61247638],24178.889991365486,0.7029443179456699,0.002,0,BUY,NATIVE_ELIGIBLE,NATIVE_ADAPTER_ACTUAL_FUNDED_STATE,,MAIN,130620.90544303972,17030.406160331124
MCB,MCB,DEMAND,V72|V65|EARLY_TRANSITION|V53-20181115-603035.SH,,603035.SH,2018-11-15 15:00:00,2018-11-16 09:30:00,[ 0.28117925 -0.024961    2.10244795],18644.535021482283,0.9116029610864783,0.002,0,BUY,NATIVE_ELIGIBLE,NATIVE_ADAPTER_ACTUAL_FUNDED_STATE,,MAIN,113590.49928270839,17030.406160331124
MCB,MCB,DEMAND,V72|V65|EARLY_TRANSITION|V53-20181115-002190.SZ,,002190.SZ,2018-11-15 15:00:00,2018-11-16 09:30:00,[ 0.28117925 -0.02586207  3.23520788],10837.453829748163,1.56830318270973,0.002,0,BUY,NATIVE_ELIGIBLE,NATIVE_ADAPTER_ACTUAL_FUNDED_STATE,,MAIN,96560.09312237706,17030.406160331124
MCB,MCB,DEMAND,V72|V65|EARLY_TRANSITION|V53-20181115-000901.SZ,,000901.SZ,2018-11-15 15:00:00,2018-11-16 09:30:00,[ 0.28117925 -0.0509684   2.64412995],7922.12551865071,2.145436006239726,0.002,0,BUY,NATIVE_ELIGIBLE,NATIVE_ADAPTER_ACTUAL_FUNDED_STATE,,MAIN,79529.68696204573,17030.406160331124
MCB,MCB,DEMAND,V72|V65|EARLY_TRANSITION|V53-20181115-600050.SH,,600050.SH,2018-11-15 15:00:00,2018-11-16 09:30:00,[ 0.25       -0.05628518  1.79970846],9939.85366925084,1.7099259103021387,0.002,0,BUY,NATIVE_ELIGIBLE,NATIVE_ADAPTER_ACTUAL_FUNDED_STATE,,MAIN,62499.2808017144,17030.406160331124
MCB,MCB,DEMAND,V72|V65|EARLY_TRANSITION|V53-20181116-002519.SZ,,002519.SZ,2018-11-16 15:00:00,2018-11-19 09:30:00,[ 0.5        -0.0178117   1.68163877],10043.186612748204,1.6956171009021699,0.002,0,BUY,NATIVE_ELIGIBLE,NATIVE_ADAPTER_ACTUAL_FUNDED_STATE,,MAIN,45468.87464138307,17063.457766063846
MCB,MCB,DEMAND,V72|V65|EARLY_TRANSITION|V53-20181116-600820.SH,,600820.SH,2018-11-16 15:00:00,2018-11-19 09:30:00,[ 0.42424242 -0.01463415  1.84761401],10990.813745512774,1.5494211222604146,0.002,0,BUY,NATIVE_ELIGIBLE,NATIVE_ADAPTER_ACTUAL_FUNDED_STATE,,MAIN,28405.41687531909,17063.457766063846
MCB,MCB,DEMAND,V72|V65|EARLY_TRANSITION|V53-20181116-300600.SZ,,300600.SZ,2018-11-16 15:00:00,2018-11-19 09:30:00,[ 0.375      -0.0877907   2.16114469],11070.310243663162,1.5228949547668411,0.002,0,BUY,NATIVE_ELIGIBLE,NATIVE_ADAPTER_ACTUAL_FUNDED_STATE,,CHINEXT,384859.96249911934,16892.637457013865
MCB,MCB,DEMAND,V72|V65|EARLY_TRANSITION|V53-20181116-300045.SZ,,300045.SZ,2018-11-16 15:00:00,2018-11-19 09:30:00,[ 0.33333333 -0.11397558  2.25042974],12280.057778325017,1.3728697309173281,0.002,0,BUY,NATIVE_ELIGIBLE,NATIVE_ADAPTER_ACTUAL_FUNDED_STATE,,CHINEXT,367967.3250421053,16892.637457013865
MCB,MCB,DEMAND,V72|V65|EARLY_TRANSITION|V53-20181116-002768.SZ,,002768.SZ,2018-11-16 15:00:00,2018-11-19 09:30:00,[ 0.31428571 -0.04436229  1.84921259],5043.082622334447,3.376783654645871,0.002,0,BUY,NATIVE_ELIGIBLE,NATIVE_ADAPTER_ACTUAL_FUNDED_STATE,,MAIN,11341.959109255113,17063.45776606385
MCB,MCB,DEMAND,V72|V65|EARLY_TRANSITION|V53-20181116-000026.SZ,,000026.SZ,2018-11-16 15:00:00,2018-11-19 09:30:00,[ 0.27272727 -0.0866575   2.6263292 ],15716.134112359998,1.0835615709549575,0.002,0,BUY,NATIVE_ELIGIBLE,NATIVE_ADAPTER_ACTUAL_FUNDED_STATE,,MAIN,11341.959109255113,17063.45776606385
MCB,MCB,DEMAND,V72|V65|MEDIUM_PARTICIPATION|V53-20190214-603506.SH,,603506.SH,2019-02-14 15:00:00,2019-02-15 09:30:00,[ 0.57142857 -0.05621957  2.89538112],14176.286926475688,1.2094004325853764,0.002,0,BUY,NATIVE_ELIGIBLE,NATIVE_ADAPTER_ACTUAL_FUNDED_STATE,,MAIN,515372.9146925034,17179.09715641678
MCB,MCB,DEMAND,V72|V65|MEDIUM_PARTICIPATION|V53-20190214-600684.SH,,600684.SH,2019-02-14 15:00:00,2019-02-15 09:30:00,[ 0.57142857 -0.06553398  2.12901345],20675.0246916442,0.829252095077941,0.002,0,BUY,NATIVE_ELIGIBLE,NATIVE_ADAPTER_ACTUAL_FUNDED_STATE,,MAIN,498193.8175360868,17179.09715641678
MCB,MCB,DEMAND,V72|V65|MEDIUM_PARTICIPATION|V53-20190214-002557.SZ,,002557.SZ,2019-02-14 15:00:00,2019-02-15 09:30:00,[ 0.41666667 -0.12564103  1.65435094],8125.86137026728,2.1099064776156986,0.002,0,BUY,NATIVE_ELIGIBLE,NATIVE_ADAPTER_ACTUAL_FUNDED_STATE,,MAIN,481014.72037967015,17179.097156416778
MCB,MCB,DEMAND,V72|V65|MEDIUM_PARTICIPATION|V53-20190214-300124.SZ,,300124.SZ,2019-02-14 15:00:00,2019-02-15 09:30:00,[ 0.3183908  -0.0105734   2.29932737],3735.4031214681295,4.473250773960118,0.002,0,BUY,NATIVE_ELIGIBLE,NATIVE_ADAPTER_ACTUAL_FUNDED_STATE,,CHINEXT,502284.41081906017,16742.813693968674
MCB,MCB,DEMAND,V72|V65|MEDIUM_PARTICIPATION|V53-20190214-600639.SH,,600639.SH,2019-02-14 15:00:00,2019-02-15 09:30:00,[ 0.27160494 -0.04846939  2.7364975 ],11692.098537503627,1.4663584545015895,0.002,0,BUY,NATIVE_ELIGIBLE,NATIVE_ADAPTER_ACTUAL_FUNDED_STATE,,MAIN,463835.6232232535,17179.09715641678
MCB,MCB,DEMAND,V72|V65|MEDIUM_PARTICIPATION|V53-20190214-300068.SZ,,300068.SZ,2019-02-14 15:00:00,2019-02-15 09:30:00,[ 0.25531915 -0.0906367   2.37703676],7128.642942176421,2.343979778437166,0.002,0,BUY,NATIVE_ELIGIBLE,NATIVE_ADAPTER_ACTUAL_FUNDED_STATE,,CHINEXT,485541.5971250916,16742.813693968674
MCB,MCB,DEMAND,V72|V65|MEDIUM_PARTICIPATION|V53-20190218-600909.SH,,600909.SH,2019-02-18 15:00:00,2019-02-19 09:30:00,[ 0.625      -0.01855288  2.51947904],28438.18959579951,0.6059290614328812,0.002,0,BUY,NATIVE_ELIGIBLE,NATIVE_ADAPTER_ACTUAL_FUNDED_STATE,,MAIN,446656.5260668369,17265.98858169439
MCB,MCB,DEMAND,V72|V65|MEDIUM_PARTICIPATION|V53-20190218-600369.SH,,600369.SH,2019-02-18 15:00:00,2019-02-19 09:30:00,[ 0.625      -0.03597122  2.36681736],15322.203670336905,1.1246114398017422,0.002,0,BUY,NATIVE_ELIGIBLE,NATIVE_ADAPTER_ACTUAL_FUNDED_STATE,,MAIN,429390.5374851427,17265.98858169439
MCB,MCB,DEMAND,V72|V65|MEDIUM_PARTICIPATION|V53-20190218-002500.SZ,,002500.SZ,2019-02-18 15:00:00,2019-02-19 09:30:00,[ 0.625      -0.05206738  2.53561309],17024.02894981169,1.012188453240602,0.002,0,BUY,NATIVE_ELIGIBLE,NATIVE_ADAPTER_ACTUAL_FUNDED_STATE,,MAIN,412124.5489034485,17265.988581694393
MCB,MCB,DEMAND,V72|V65|MEDIUM_PARTICIPATION|V53-20190218-000166.SZ,,000166.SZ,2019-02-18 15:00:00,2019-02-19 09:30:00,[ 0.625      -0.05652174  2.27213281],49160.18200460041,0.3505179360202653,0.002,0,BUY,NATIVE_ELIGIBLE,NATIVE_ADAPTER_ACTUAL_FUNDED_STATE,,MAIN,394858.5603217543,17265.98858169439
MCB,MCB,DEMAND,V72|V65|MEDIUM_PARTICIPATION|V53-20190218-000686.SZ,,000686.SZ,2019-02-18 15:00:00,2019-02-19 09:30:00,[ 0.625      -0.08285714  2.73624515],16826.255282916256,1.0240855877260069,0.002,0,BUY,NATIVE_ELIGIBLE,NATIVE_ADAPTER_ACTUAL_FUNDED_STATE,,MAIN,377592.5717400601,17265.98858169439
MCB,MCB,DEMAND,V72|V65|MEDIUM_PARTICIPATION|V53-20190218-600999.SH,,600999.SH,2019-02-18 15:00:00,2019-02-19 09:30:00,[ 0.625      -0.12935323  1.89565082],9903.249224702087,1.7399870627967042,0.002,0,BUY,NATIVE_ELIGIBLE,NATIVE_ADAPTER_ACTUAL_FUNDED_STATE,,MAIN,360326.5831583659,17265.98858169439
MCB,MCB,DEMAND,V72|V65|MEDIUM_PARTICIPATION|V53-20190218-601878.SH,,601878.SH,2019-02-18 15:00:00,2019-02-19 09:30:00,[ 0.625      -0.14174252  2.28378776],23548.768884206755,0.7317378507285636,0.002,0,BUY,NATIVE_ELIGIBLE,NATIVE_ADAPTER_ACTUAL_FUNDED_STATE,,MAIN,343060.5945766717,17265.98858169439
MCB,MCB,DEMAND,V72|V65|MEDIUM_PARTICIPATION|V53-20190218-000062.SZ,,000062.SZ,2019-02-18 15:00:00,2019-02-19 09:30:00,[ 0.6        -0.00527983  2.14524459],4821.815644757085,3.5736591359251815,0.002,0,BUY,NATIVE_ELIGIBLE,NATIVE_ADAPTER_ACTUAL_FUNDED_STATE,,MAIN,325794.6059949775,17265.98858169439
MCB,MCB,DEMAND,V72|V65|MEDIUM_PARTICIPATION|V53-20190218-300656.SZ,,300656.SZ,2019-02-18 15:00:00,2019-02-19 09:30:00,[ 0.6        -0.01195952  1.72907179],11338.747455488805,1.4756502646315823,0.002,0,BUY,NATIVE_ELIGIBLE,NATIVE_ADAPTER_ACTUAL_FUNDED_STATE,,CHINEXT,468798.783431123,16765.4897346493
MCB,MCB,DEMAND,V72|V65|MEDIUM_PARTICIPATION|V53-20190218-600353.SH,,600353.SH,2019-02-18 15:00:00,2019-02-19 09:30:00,[ 0.6        -0.09333333  1.89113143],8505.921241750155,2.02582707279895,0.002,0,BUY,NATIVE_ELIGIBLE,NATIVE_ADAPTER_ACTUAL_FUNDED_STATE,,MAIN,308528.6174132833,17265.988581694393
MCB,MCB,DEMAND,V72|V65|MEDIUM_PARTICIPATION|V53-20190218-600061.SH,,600061.SH,2019-02-18 15:00:00,2019-02-19 09:30:00,[ 0.59090909 -0.00291262  2.37895418],7080.046417237587,2.4338153332836945,0.002,0,BUY,NATIVE_ELIGIBLE,NATIVE_ADAPTER_ACTUAL_FUNDED_STATE,,MAIN,291262.6288315891,17265.98858169439
MCB,MCB,DEMAND,V72|V65|MEDIUM_PARTICIPATION|V53-20190218-300177.SZ,,300177.SZ,2019-02-18 15:00:00,2019-02-19 09:30:00,[ 0.5908046  -0.04774775  1.60564507],8624.900188786156,1.9399674566712355,0.002,0,BUY,NATIVE_ELIGIBLE,NATIVE_ADAPTER_ACTUAL_FUNDED_STATE,,CHINEXT,452033.2936964738,16765.4897346493
MCB,MCB,DEMAND,V72|V65|MEDIUM_PARTICIPATION|V53-20190218-300119.SZ,,300119.SZ,2019-02-18 15:00:00,2019-02-19 09:30:00,[ 0.57142857 -0.08205128  2.01360329],17423.09807568039,0.9603358490323674,0.002,0,BUY,NATIVE_ELIGIBLE,NATIVE_ADAPTER_ACTUAL_FUNDED_STATE,,CHINEXT,435267.8039618246,16765.489734649298
MCB,MCB,DEMAND,V72|V65|MEDIUM_PARTICIPATION|V53-20190218-300320.SZ,,300320.SZ,2019-02-18 15:00:00,2019-02-19 09:30:00,[ 0.54545455 -0.06262626  2.4805347 ],8726.172321656331,1.9174530443041722,0.002,0,BUY,NATIVE_ELIGIBLE,NATIVE_ADAPTER_ACTUAL_FUNDED_STATE,,CHINEXT,418502.31422717543,16765.489734649305
MCB,MCB,DEMAND,V72|V65|MEDIUM_PARTICIPATION|V53-20190218-300188.SZ,,300188.SZ,2019-02-18 15:00:00,2019-02-19 09:30:00,[ 0.44927536 -0.10459694  2.00271164],3624.262350377793,4.61667066721552,0.002,0,BUY,NATIVE_ELIGIBLE,NATIVE_ADAPTER_ACTUAL_FUNDED_STATE,,CHINEXT,401736.82449252624,16765.4897346493
MCB,MCB,DEMAND,V72|V65|MEDIUM_PARTICIPATION|V53-20190218-300203.SZ,,300203.SZ,2019-02-18 15:00:00,2019-02-19 09:30:00,[ 0.42857143 -0.00663803  2.26786505],8423.836311819197,1.9862714639654857,0.002,0,BUY,NATIVE_ELIGIBLE,NATIVE_ADAPTER_ACTUAL_FUNDED_STATE,,CHINEXT,384971.33475787705,16765.4897346493
MCB,MCB,DEMAND,V72|V65|MEDIUM_PARTICIPATION|V53-20190218-300034.SZ,,300034.SZ,2019-02-18 15:00:00,2019-02-19 09:30:00,[ 0.42307692 -0.05058366  2.57220981],11883.773021156016,1.4079725061641324,0.002,0,BUY,NATIVE_ELIGIBLE,NATIVE_ADAPTER_ACTUAL_FUNDED_STATE,,CHINEXT,368205.84502322786,16765.489734649305
MCB,MCB,DEMAND,V72|V65|MEDIUM_PARTICIPATION|V53-20190218-300218.SZ,,300218.SZ,2019-02-18 15:00:00,2019-02-19 09:30:00,[ 0.38235294 -0.01488095  2.04002087],13958.748381822961,1.1986766453266775,0.002,0,BUY,NATIVE_ELIGIBLE,NATIVE_ADAPTER_ACTUAL_FUNDED_STATE,,CHINEXT,351440.35528857866,16765.4897346493
MCB,MCB,DEMAND,V72|V65|MEDIUM_PARTICIPATION|V53-20190218-300660.SZ,,300660.SZ,2019-02-18 15:00:00,2019-02-19 09:30:00,[ 0.375      -0.01223691  2.13388677],32032.073930325187,0.5223522435568029,0.002,0,BUY,NATIVE_ELIGIBLE,NATIVE_ADAPTER_ACTUAL_FUNDED_STATE,,CHINEXT,334674.86555392947,16765.4897346493
MCB,MCB,DEMAND,V72|V65|MEDIUM_PARTICIPATION|V53-20190218-300396.SZ,,300396.SZ,2019-02-18 15:00:00,2019-02-19 09:30:00,[ 0.35019608 -0.01641685  1.90890943],10824.03595887384,1.545821331974176,0.002,0,BUY,NATIVE_ELIGIBLE,NATIVE_ADAPTER_ACTUAL_FUNDED_STATE,,CHINEXT,317909.3758192803,16765.4897346493
MCB,MCB,DEMAND,V72|V65|MEDIUM_PARTICIPATION|V53-20190219-000652.SZ,,000652.SZ,2019-02-19 15:00:00,2019-02-20 09:30:00,[ 0.52941176 -0.05029586  1.85183533],17144.393602411954,1.0060169184569987,0.002,0,BUY,NATIVE_ELIGIBLE,NATIVE_ADAPTER_ACTUAL_FUNDED_STATE,,MAIN,273996.64024989493,17282.04512075378
MCB,MCB,DEMAND,V72|V65|MEDIUM_PARTICIPATION|V53-20190219-600879.SH,,600879.SH,2019-02-19 15:00:00,2019-02-20 09:30:00,[ 0.5        -0.02597403  3.21511525],8029.563181969831,2.1480060159986376,0.002,0,BUY,NATIVE_ELIGIBLE,NATIVE_ADAPTER_ACTUAL_FUNDED_STATE,,MAIN,256714.59512914112,17282.045120753784
MCB,MCB,DEMAND,V72|V65|MEDIUM_PARTICIPATION|V53-20190219-601890.SH,,601890.SH,2019-02-19 15:00:00,2019-02-20 09:30:00,[ 0.5        -0.04092072  2.43858468],15768.104205281452,1.0938252180585777,0.002,0,BUY,NATIVE_ELIGIBLE,NATIVE_ADAPTER_ACTUAL_FUNDED_STATE,,MAIN,239432.5500083873,17282.045120753784
MCB,MCB,DEMAND,V72|V65|MEDIUM_PARTICIPATION|V53-20190219-600720.SH,,600720.SH,2019-02-19 15:00:00,2019-02-20 09:30:00,[ 0.45       -0.05491329  2.61726381],16901.106682905953,1.0204982634750661,0.002,0,BUY,NATIVE_ELIGIBLE,NATIVE_ADAPTER_ACTUAL_FUNDED_STATE,,MAIN,222150.5048876335,17282.045120753784
MCB,MCB,DEMAND,V72|V65|MEDIUM_PARTICIPATION|V53-20190219-300520.SZ,,300520.SZ,2019-02-19 15:00:00,2019-02-20 09:30:00,[ 0.37681159 -0.02380952  2.08843993],6153.656506173976,2.718149472274978,0.002,0,BUY,NATIVE_ELIGIBLE,NATIVE_ADAPTER_ACTUAL_FUNDED_STATE,,CHINEXT,301143.8860846311,16760.011301187915
MCB,MCB,DEMAND,V72|V65|MEDIUM_PARTICIPATION|V53-20190219-603033.SH,,603033.SH,2019-02-19 15:00:00,2019-02-20 09:30:00,[ 0.36363636 -0.14777328  2.46177265],13706.197754194036,1.2583759792488538,0.002,0,BUY,NATIVE_ELIGIBLE,NATIVE_ADAPTER_ACTUAL_FUNDED_STATE,,MAIN,204868.45976687968,17282.045120753788
MCB,MCB,DEMAND,V72|V65|MEDIUM_PARTICIPATION|V53-20190219-600391.SH,,600391.SH,2019-02-19 15:00:00,2019-02-20 09:30:00,[ 0.30769231 -0.01105845  2.41909557],12779.906067115555,1.3495834734726777,0.002,0,BUY,NATIVE_ELIGIBLE,NATIVE_ADAPTER_ACTUAL_FUNDED_STATE,,MAIN,187586.41464612586,17282.045120753784
MCB,MCB,DEMAND,V72|V65|MEDIUM_PARTICIPATION|V53-20190219-600316.SH,,600316.SH,2019-02-19 15:00:00,2019-02-20 09:30:00,[ 0.30769231 -0.04276615  2.01869496],20344.065193948485,0.8477927029963899,0.002,0,BUY,NATIVE_ELIGIBLE,NATIVE_ADAPTER_ACTUAL_FUNDED_STATE,,MAIN,170304.36952537205,17282.045120753788
MCB,MCB,DEMAND,V72|V65|MEDIUM_PARTICIPATION|V53-20190222-000519.SZ,,000519.SZ,2019-02-22 15:00:00,2019-02-25 09:30:00,[ 0.75       -0.05        2.12155261],19150.96984495986,0.9482890402102341,0.002,0,BUY,NATIVE_ELIGIBLE,NATIVE_ADAPTER_ACTUAL_FUNDED_STATE,,MAIN,192494.43317857897,18196.976122998865
MCB,MCB,DEMAND,V72|V65|MEDIUM_PARTICIPATION|V53-20190222-002400.SZ,,002400.SZ,2019-02-22 15:00:00,2019-02-25 09:30:00,[ 0.68181818 -0.07911392  2.6326172 ],15388.64747864907,1.1801332663295498,0.002,0,BUY,NATIVE_ELIGIBLE,NATIVE_ADAPTER_ACTUAL_FUNDED_STATE,,MAIN,174297.45705557987,18196.97612299886
MCB,MCB,DEMAND,V72|V65|MEDIUM_PARTICIPATION|V53-20190222-002544.SZ,,002544.SZ,2019-02-22 15:00:00,2019-02-25 09:30:00,[ 0.62068966 -0.11347518  2.36423614],4689.964977603781,3.8722367651135094,0.002,0,BUY,NATIVE_ELIGIBLE,NATIVE_ADAPTER_ACTUAL_FUNDED_STATE,,MAIN,156100.48093258124,18196.97612299886
MCB,MCB,DEMAND,V72|V65|MEDIUM_PARTICIPATION|V53-20190222-600818.SH,,600818.SH,2019-02-22 15:00:00,2019-02-25 09:30:00,[ 0.6        -0.01155556  2.01853627],17045.60480475353,1.065415690519097,0.002,0,BUY,NATIVE_ELIGIBLE,NATIVE_ADAPTER_ACTUAL_FUNDED_STATE,,MAIN,137903.5048095826,18196.97612299886
MCB,MCB,DEMAND,V72|V65|MEDIUM_PARTICIPATION|V53-20190222-600637.SH,,600637.SH,2019-02-22 15:00:00,2019-02-25 09:30:00,[ 0.6        -0.10980392  3.75333684],18664.079143660874,0.9730271005382156,0.002,0,BUY,NATIVE_ELIGIBLE,NATIVE_ADAPTER_ACTUAL_FUNDED_STATE,,MAIN,119706.52868658397,18196.976122998865
MCB,MCB,DEMAND,V72|V65|MEDIUM_PARTICIPATION|V53-20190222-002350.SZ,,002350.SZ,2019-02-22 15:00:00,2019-02-25 09:30:00,[ 0.50440788 -0.02579666  3.1125811 ],14694.640121344011,1.2358693144851989,0.002,0,BUY,NATIVE_ELIGIBLE,NATIVE_ADAPTER_ACTUAL_FUNDED_STATE,,MAIN,101509.55256358534,18196.976122998865
MCB,MCB,DEMAND,V72|V65|MEDIUM_PARTICIPATION|V53-20190222-603556.SH,,603556.SH,2019-02-22 15:00:00,2019-02-25 09:30:00,[ 0.50440788 -0.14307692  1.60313336],29434.654689661274,0.6169820915123876,0.002,0,BUY,NATIVE_ELIGIBLE,NATIVE_ADAPTER_ACTUAL_FUNDED_STATE,,MAIN,83312.57644058671,18196.976122998865
MCB,MCB,DEMAND,V72|V65|MEDIUM_PARTICIPATION|V53-20190222-600970.SH,,600970.SH,2019-02-22 15:00:00,2019-02-25 09:30:00,[ 0.44444444 -0.07823129  1.9995423 ],21922.857053456028,0.8283890539034092,0.002,0,BUY,NATIVE_ELIGIBLE,NATIVE_ADAPTER_ACTUAL_FUNDED_STATE,,MAIN,65115.600317588076,18196.97612299886
MCB,MCB,DEMAND,V72|V65|MEDIUM_PARTICIPATION|V53-20190222-300183.SZ,,300183.SZ,2019-02-22 15:00:00,2019-02-25 09:30:00,[ 0.41683502 -0.04444444  1.80969085],10819.212988898591,1.5662934970938145,0.002,0,BUY,NATIVE_ELIGIBLE,NATIVE_ADAPTER_ACTUAL_FUNDED_STATE,,CHINEXT,284383.8747834433,16979.955074081165
MCB,MCB,DEMAND,V72|V65|MEDIUM_PARTICIPATION|V53-20190222-603258.SH,,603258.SH,2019-02-22 15:00:00,2019-02-25 09:30:00,[ 0.4        -0.04394225  2.47052645],24078.977809859534,0.7542120332839022,0.002,0,BUY,NATIVE_ELIGIBLE,NATIVE_ADAPTER_ACTUAL_FUNDED_STATE,,MAIN,46918.62419458944,18196.976122998865
MCB,MCB,DEMAND,V72|V65|MEDIUM_PARTICIPATION|V53-20190222-002025.SZ,,002025.SZ,2019-02-22 15:00:00,2019-02-25 09:30:00,[ 0.4        -0.06180666  1.93322033],5399.311432084501,3.363513114923411,0.002,0,BUY,NATIVE_ELIGIBLE,NATIVE_ADAPTER_ACTUAL_FUNDED_STATE,,MAIN,28721.64807159081,18196.976122998865
MCB,MCB,DEMAND,V72|V65|MEDIUM_PARTICIPATION|V53-20190222-300455.SZ,,300455.SZ,2019-02-22 15:00:00,2019-02-25 09:30:00,[ 0.36       -0.02785924  2.75207313],6460.738614856682,2.6229296615121935,0.002,0,BUY,NATIVE_ELIGIBLE,NATIVE_ADAPTER_ACTUAL_FUNDED_STATE,,CHINEXT,267403.9197093621,16979.955074081165
MCB,MCB,DEMAND,V72|V65|MEDIUM_PARTICIPATION|V53-20190222-300691.SZ,,300691.SZ,2019-02-22 15:00:00,2019-02-25 09:30:00,[ 0.36       -0.06855895  1.76537952],9678.357509150568,1.7509234322211027,0.002,0,BUY,NATIVE_ELIGIBLE,NATIVE_ADAPTER_ACTUAL_FUNDED_STATE,,CHINEXT,250423.9646352809,16979.955074081165
MCB,MCB,DEMAND,V72|V65|MEDIUM_PARTICIPATION|V53-20190222-300231.SZ,,300231.SZ,2019-02-22 15:00:00,2019-02-25 09:30:00,[ 0.34567901 -0.0751773   2.53661436],7052.194548301836,2.4029488738743594,0.002,0,BUY,NATIVE_ELIGIBLE,NATIVE_ADAPTER_ACTUAL_FUNDED_STATE,,CHINEXT,233444.0095611997,16979.955074081165
MCB,MCB,DEMAND,V72|V65|MEDIUM_PARTICIPATION|V53-20190222-300440.SZ,,300440.SZ,2019-02-22 15:00:00,2019-02-25 09:30:00,[ 0.34567901 -0.12972085  2.47437122],18515.993189910994,0.915212204626343,0.002,0,BUY,NATIVE_ELIGIBLE,NATIVE_ADAPTER_ACTUAL_FUNDED_STATE,,CHINEXT,216464.0544871185,16979.955074081165
MCB,MCB,DEMAND,V72|V65|MEDIUM_PARTICIPATION|V53-20190222-300295.SZ,,300295.SZ,2019-02-22 15:00:00,2019-02-25 09:30:00,[ 0.3        -0.04045802  2.25153024],18539.09906019265,0.9140715464739902,0.002,0,BUY,NATIVE_ELIGIBLE,NATIVE_ADAPTER_ACTUAL_FUNDED_STATE,,CHINEXT,199484.0994130373,16979.955074081165
MCB,MCB,DEMAND,V72|V65|MEDIUM_PARTICIPATION|V53-20190222-300718.SZ,,300718.SZ,2019-02-22 15:00:00,2019-02-25 09:30:00,[ 0.29411765 -0.05970149  2.91753701],13923.91245638341,1.2170475073919242,0.002,0,BUY,NATIVE_ELIGIBLE,NATIVE_ADAPTER_ACTUAL_FUNDED_STATE,,CHINEXT,182504.1443389561,16979.955074081165
MCB,MCB,DEMAND,V72|V65|MEDIUM_PARTICIPATION|V53-20190222-300515.SZ,,300515.SZ,2019-02-22 15:00:00,2019-02-25 09:30:00,[ 0.29411765 -0.06270997  2.05668409],10819.1696638379,1.5662997692720806,0.002,0,BUY,NATIVE_ELIGIBLE,NATIVE_ADAPTER_ACTUAL_FUNDED_STATE,,CHINEXT,165524.1892648749,16979.95507408117
MCB,MCB,DEMAND,V72|V65|MEDIUM_PARTICIPATION|V53-20190222-300408.SZ,,300408.SZ,2019-02-22 15:00:00,2019-02-25 09:30:00,[ 0.27272727 -0.0827436   1.61986506],8548.927562658966,1.9822443018705467,0.002,0,BUY,NATIVE_ELIGIBLE,NATIVE_ADAPTER_ACTUAL_FUNDED_STATE,,CHINEXT,148544.2341907937,16979.95507408117
MCB,MCB,DEMAND,V72|V65|MEDIUM_PARTICIPATION|V53-20190225-300220.SZ,,300220.SZ,2019-02-25 15:00:00,2019-02-26 09:30:00,[ 0.46153846 -0.01195559  1.93991706],10646.214910441458,1.633278724253892,0.002,0,BUY,NATIVE_ELIGIBLE,NATIVE_ADAPTER_ACTUAL_FUNDED_STATE,,CHINEXT,131564.2791167125,17423.012779672707
MCB,MCB,DEMAND,V72|V65|MEDIUM_PARTICIPATION|V53-20190225-300329.SZ,,300329.SZ,2019-02-25 15:00:00,2019-02-26 09:30:00,[ 0.46153846 -0.06606218  3.65673527],9183.267748328188,1.893469381879246,0.002,0,BUY,NATIVE_ELIGIBLE,NATIVE_ADAPTER_ACTUAL_FUNDED_STATE,,CHINEXT,114141.26633703988,17423.012779672707
MCB,MCB,DEMAND,V72|V65|MEDIUM_PARTICIPATION|V53-20190225-002301.SZ,,002301.SZ,2019-02-25 15:00:00,2019-02-26 09:30:00,[ 0.46153846 -0.12019231  1.8699558 ],7018.704125622681,2.6383732589141076,0.002,0,BUY,NATIVE_ELIGIBLE,NATIVE_ADAPTER_ACTUAL_FUNDED_STATE,,MAIN,188532.65991942445,18554.997199827554
MCB,MCB,DEMAND,V72|V65|MEDIUM_PARTICIPATION|V53-20190225-600629.SH,,600629.SH,2019-02-25 15:00:00,2019-02-26 09:30:00,[ 0.45       -0.00495868  3.66123436],10628.793947394533,1.7422448274869762,0.002,0,BUY,NATIVE_ELIGIBLE,NATIVE_ADAPTER_ACTUAL_FUNDED_STATE,,MAIN,169977.6627195971,18554.997199827554
MCB,MCB,DEMAND,V72|V65|MEDIUM_PARTICIPATION|V53-20190225-300732.SZ,,300732.SZ,2019-02-25 15:00:00,2019-02-26 09:30:00,[ 0.45       -0.02849083  3.37494971],15752.687917424117,1.1038266229997096,0.002,0,BUY,NATIVE_ELIGIBLE,NATIVE_ADAPTER_ACTUAL_FUNDED_STATE,,CHINEXT,96718.25355736725,17423.012779672707
MCB,MCB,DEMAND,V72|V65|MEDIUM_PARTICIPATION|V53-20190225-600846.SH,,600846.SH,2019-02-25 15:00:00,2019-02-26 09:30:00,[ 0.45       -0.05365854  2.4733547 ],8820.482503973662,2.0994272443633997,0.002,0,BUY,NATIVE_ELIGIBLE,NATIVE_ADAPTER_ACTUAL_FUNDED_STATE,,MAIN,151422.66551976977,18554.997199827554
MCB,MCB,DEMAND,V72|V65|MEDIUM_PARTICIPATION|V53-20190225-600667.SH,,600667.SH,2019-02-25 15:00:00,2019-02-26 09:30:00,[ 0.45       -0.14310345  2.41079287],10281.523629978406,1.8010911557192908,0.002,0,BUY,NATIVE_ELIGIBLE,NATIVE_ADAPTER_ACTUAL_FUNDED_STATE,,MAIN,132867.66831994243,18554.997199827554
MCB,MCB,DEMAND,V72|V65|MEDIUM_PARTICIPATION|V53-20190225-603559.SH,,603559.SH,2019-02-25 15:00:00,2019-02-26 09:30:00,[ 0.44827586 -0.03760684  3.10522584],6221.06100893537,2.976656433794087,0.002,0,BUY,NATIVE_ELIGIBLE,NATIVE_ADAPTER_ACTUAL_FUNDED_STATE,,MAIN,114312.67112011509,18554.99719982755
MCB,MCB,DEMAND,V72|V65|MEDIUM_PARTICIPATION|V53-20190225-300597.SZ,,300597.SZ,2019-02-25 15:00:00,2019-02-26 09:30:00,[ 0.44827586 -0.10124725  2.68365302],9277.629617841689,1.8742110887483046,0.002,0,BUY,NATIVE_ELIGIBLE,NATIVE_ADAPTER_ACTUAL_FUNDED_STATE,,CHINEXT,79295.24077769462,17423.012779672707
MCB,MCB,DEMAND,V72|V65|MEDIUM_PARTICIPATION|V53-20190225-600050.SH,,600050.SH,2019-02-25 15:00:00,2019-02-26 09:30:00,[ 0.44827586 -0.14944649  3.54738238],9786.698893671566,1.8921560250767895,0.002,0,BUY,NATIVE_ELIGIBLE,NATIVE_ADAPTER_ACTUAL_FUNDED_STATE,,MAIN,95757.67392028775,18554.99719982755
MCB,MCB,DEMAND,V72|V65|MEDIUM_PARTICIPATION|V53-20190225-600278.SH,,600278.SH,2019-02-25 15:00:00,2019-02-26 09:30:00,[ 0.41666667 -0.00614125  3.39434997],11278.768245651323,1.6418425198525421,0.002,0,BUY,NATIVE_ELIGIBLE,NATIVE_ADAPTER_ACTUAL_FUNDED_STATE,,MAIN,77202.67672046041,18554.99719982755
MCB,MCB,DEMAND,V72|V65|MEDIUM_PARTICIPATION|V53-20190225-600250.SH,,600250.SH,2019-02-25 15:00:00,2019-02-26 09:30:00,[ 0.41666667 -0.08949416  2.32042365],10553.006848373652,1.7547568710359407,0.002,0,BUY,NATIVE_ELIGIBLE,NATIVE_ADAPTER_ACTUAL_FUNDED_STATE,,MAIN,58647.67952063307,18554.99719982755
MCB,MCB,DEMAND,V72|V65|MEDIUM_PARTICIPATION|V53-20190225-600710.SH,,600710.SH,2019-02-25 15:00:00,2019-02-26 09:30:00,[ 0.41666667 -0.12686567  2.11893661],17410.857561492998,1.063586972202251,0.002,0,BUY,NATIVE_ELIGIBLE,NATIVE_ADAPTER_ACTUAL_FUNDED_STATE,,MAIN,40092.68232080573,18554.997199827554
MCB,MCB,DEMAND,V72|V65|MEDIUM_PARTICIPATION|V53-20190225-600358.SH,,600358.SH,2019-02-25 15:00:00,2019-02-26 09:30:00,[ 3.63636364e-01 -2.42718447e-03  3.17045868e+00],15953.267109763356,1.160762942779292,0.002,0,BUY,NATIVE_ELIGIBLE,NATIVE_ADAPTER_ACTUAL_FUNDED_STATE,,MAIN,21537.685120978393,18554.99719982755
MCB,MCB,DEMAND,V72|V65|MEDIUM_PARTICIPATION|V53-20190225-300242.SZ,,300242.SZ,2019-02-25 15:00:00,2019-02-26 09:30:00,[ 0.36363636 -0.07009346  2.54326701],6912.538114003229,2.5154633537331215,0.002,0,BUY,NATIVE_ELIGIBLE,NATIVE_ADAPTER_ACTUAL_FUNDED_STATE,,CHINEXT,61872.22799802199,17423.012779672707
MCB,MCB,DEMAND,V72|V65|MEDIUM_PARTICIPATION|V53-20190225-300631.SZ,,300631.SZ,2019-02-25 15:00:00,2019-02-26 09:30:00,[ 0.33333333 -0.015006    2.49020503],10979.44205411179,1.5837085547117316,0.002,0,BUY,NATIVE_ELIGIBLE,NATIVE_ADAPTER_ACTUAL_FUNDED_STATE,,CHINEXT,44449.21521834936,17423.012779672707
MCB,MCB,DEMAND,V72|V65|MEDIUM_PARTICIPATION|V53-20190225-300137.SZ,,300137.SZ,2019-02-25 15:00:00,2019-02-26 09:30:00,[ 0.33333333 -0.08488372  3.37824222],7331.138484468014,2.371833016645077,0.002,0,BUY,NATIVE_ELIGIBLE,NATIVE_ADAPTER_ACTUAL_FUNDED_STATE,,CHINEXT,27026.20243867673,17423.012779672707
MCB,MCB,DEMAND,V72|V65|MEDIUM_PARTICIPATION|V53-20190225-300210.SZ,,300210.SZ,2019-02-25 15:00:00,2019-02-26 09:30:00,[ 0.33333333 -0.12019231  1.93245749],18073.715106080457,0.9620731656442203,0.002,0,BUY,NATIVE_ELIGIBLE,NATIVE_ADAPTER_ACTUAL_FUNDED_STATE,,CHINEXT,9603.1896590041,17423.012779672707
MCB,MCB,DEMAND,V72|V65|MEDIUM_PARTICIPATION|V53-20190225-300043.SZ,,300043.SZ,2019-02-25 15:00:00,2019-02-26 09:30:00,[ 0.32       -0.02544529  2.1069247 ],10161.516758679563,1.7111851232451347,0.002,0,BUY,NATIVE_ELIGIBLE,NATIVE_ADAPTER_ACTUAL_FUNDED_STATE,,CHINEXT,9603.1896590041,17423.012779672707
MCB,MCB,DEMAND,V72|V65|MEDIUM_PARTICIPATION|V53-20190225-300031.SZ,,300031.SZ,2019-02-25 15:00:00,2019-02-26 09:30:00,[ 0.32       -0.11163895  1.80071745],5276.408322278302,3.295468289222643,0.002,0,BUY,NATIVE_ELIGIBLE,NATIVE_ADAPTER_ACTUAL_FUNDED_STATE,,CHINEXT,9603.1896590041,17423.012779672707
MCB,MCB,DEMAND,V72|V65|MEDIUM_PARTICIPATION|V53-20190225-300581.SZ,,300581.SZ,2019-02-25 15:00:00,2019-02-26 09:30:00,[ 0.26923077 -0.12191473  2.3992696 ],10617.636148099937,1.6376749084748279,0.002,0,BUY,NATIVE_ELIGIBLE,NATIVE_ADAPTER_ACTUAL_FUNDED_STATE,,CHINEXT,9603.1896590041,17423.012779672707
MCB,MCB,DEMAND,V72|V65|MEDIUM_PARTICIPATION|V53-20190225-300283.SZ,,300283.SZ,2019-02-25 15:00:00,2019-02-26 09:30:00,[ 0.26738934 -0.02879079  1.76013661],8673.438648496518,2.004768467471978,0.002,0,BUY,NATIVE_ELIGIBLE,NATIVE_ADAPTER_ACTUAL_FUNDED_STATE,,CHINEXT,9603.1896590041,17423.012779672707
MCB,MCB,DEMAND,V72|V65|MEDIUM_PARTICIPATION|V53-20190225-300222.SZ,,300222.SZ,2019-02-25 15:00:00,2019-02-26 09:30:00,[ 0.26738934 -0.04545455  3.13809658],3681.387771887935,4.72328300752228,0.002,0,BUY,NATIVE_ELIGIBLE,NATIVE_ADAPTER_ACTUAL_FUNDED_STATE,,CHINEXT,9603.1896590041,17423.012779672707
MCB,MCB,DEMAND,V72|V65|MEDIUM_PARTICIPATION|V53-20190225-300018.SZ,,300018.SZ,2019-02-25 15:00:00,2019-02-26 09:30:00,[ 0.26738934 -0.07557118  1.92489966],8072.955318090424,2.1538873463220902,0.002,0,BUY,NATIVE_ELIGIBLE,NATIVE_ADAPTER_ACTUAL_FUNDED_STATE,,CHINEXT,9603.1896590041,17423.012779672707
MCB,MCB,DEMAND,V72|V65|MEDIUM_PARTICIPATION|V53-20190225-300427.SZ,,300427.SZ,2019-02-25 15:00:00,2019-02-26 09:30:00,[ 0.26738934 -0.08115183  2.54170313],6384.141121370639,2.7236610182146843,0.002,0,BUY,NATIVE_ELIGIBLE,NATIVE_ADAPTER_ACTUAL_FUNDED_STATE,,CHINEXT,9603.1896590041,17423.012779672707
MCB,MCB,DEMAND,V72|V65|MEDIUM_PARTICIPATION|V53-20190225-300341.SZ,,300341.SZ,2019-02-25 15:00:00,2019-02-26 09:30:00,[ 0.26738934 -0.13092979  2.2799512 ],7921.470829973175,2.195076732627124,0.002,0,BUY,NATIVE_ELIGIBLE,NATIVE_ADAPTER_ACTUAL_FUNDED_STATE,,CHINEXT,9603.1896590041,17423.012779672707
MCB,MCB,DEMAND,V72|V65|MEDIUM_PARTICIPATION|V53-20190225-300286.SZ,,300286.SZ,2019-02-25 15:00:00,2019-02-26 09:30:00,[ 0.26738934 -0.13179191  2.48353793],9882.105626331111,1.7595679468075316,0.002,0,BUY,NATIVE_ELIGIBLE,NATIVE_ADAPTER_ACTUAL_FUNDED_STATE,,CHINEXT,9603.1896590041,17423.012779672707
MCB,MCB,DEMAND,V72|V65|MEDIUM_PARTICIPATION|V53-20190225-300536.SZ,,300536.SZ,2019-02-25 15:00:00,2019-02-26 09:30:00,[ 0.25714286 -0.01369863  2.64076183],13025.975458559182,1.3348893802523656,0.002,0,BUY,NATIVE_ELIGIBLE,NATIVE_ADAPTER_ACTUAL_FUNDED_STATE,,CHINEXT,9603.1896590041,17423.012779672707
MCB,MCB,DEMAND,V72|V65|MEDIUM_PARTICIPATION|V53-20190225-300649.SZ,,300649.SZ,2019-02-25 15:00:00,2019-02-26 09:30:00,[ 0.25714286 -0.13939394  2.31121311],4278.127430310609,4.064450297544347,0.002,0,BUY,NATIVE_ELIGIBLE,NATIVE_ADAPTER_ACTUAL_FUNDED_STATE,,CHINEXT,9603.1896590041,17423.012779672707
MCB,MCB,DEMAND,V72|V65|MEDIUM_PARTICIPATION|V53-20190225-300414.SZ,,300414.SZ,2019-02-25 15:00:00,2019-02-26 09:30:00,[ 0.25420875 -0.07426054  1.71568905],10723.3683452024,1.621527466678698,0.002,0,BUY,NATIVE_ELIGIBLE,NATIVE_ADAPTER_ACTUAL_FUNDED_STATE,,CHINEXT,9603.1896590041,17423.012779672707
MCB,MCB,DEMAND,V72|V65|MEDIUM_PARTICIPATION|V53-20190225-300563.SZ,,300563.SZ,2019-02-25 15:00:00,2019-02-26 09:30:00,[ 0.25420875 -0.12282828  2.21545184],8024.630091817348,2.166858298526338,0.002,0,BUY,NATIVE_ELIGIBLE,NATIVE_ADAPTER_ACTUAL_FUNDED_STATE,,CHINEXT,9603.1896590041,17423.012779672707
MCB,MCB,DEMAND,V72|V65|MEDIUM_PARTICIPATION|V53-20190226-300651.SZ,,300651.SZ,2019-02-26 15:00:00,2019-02-27 09:30:00,[ 0.38461538 -0.05304348  2.53011581],7053.880408789036,2.449848024316107,0.002,0,BUY,NATIVE_ELIGIBLE,NATIVE_ADAPTER_ACTUAL_FUNDED_STATE,,CHINEXT,48009.88141241111,17315.49685320038
MCB,MCB,DEMAND,V72|V65|EARLY_TRANSITION|V53-20190702-600085.SH,,600085.SH,2019-07-02 15:00:00,2019-07-03 09:30:00,[ 0.44827586 -0.00750408  2.7278362 ],11039.878511826772,1.8338097783056404,0.002,0,BUY,NATIVE_ELIGIBLE,NATIVE_ADAPTER_ACTUAL_FUNDED_STATE,,MAIN,608565.8172188052,20285.527240626845
MCB,MCB,DEMAND,V72|V65|EARLY_TRANSITION|V53-20190702-300457.SZ,,300457.SZ,2019-07-02 15:00:00,2019-07-03 09:30:00,[ 0.41666667 -0.01889703  2.05217593],3420.8648160145362,5.535833369995401,0.002,0,BUY,NATIVE_ELIGIBLE,NATIVE_ADAPTER_ACTUAL_FUNDED_STATE,,CHINEXT,569256.3683382575,18975.21227794192
MCB,MCB,DEMAND,V72|V65|EARLY_TRANSITION|V53-20190702-300601.SZ,,300601.SZ,2019-07-02 15:00:00,2019-07-03 09:30:00,[ 0.39311594 -0.02613917  1.77135583],1028.327665896523,18.4156648029365,0.002,0,BUY,NATIVE_ELIGIBLE,NATIVE_ADAPTER_ACTUAL_FUNDED_STATE,,CHINEXT,550281.1560603157,18975.21227794192
MCB,MCB,DEMAND,V72|V65|EARLY_TRANSITION|V53-20190702-603590.SH,,603590.SH,2019-07-02 15:00:00,2019-07-03 09:30:00,[ 0.39311594 -0.06076547  2.38741725],17250.9225689783,1.1735625781951022,0.002,0,BUY,NATIVE_ELIGIBLE,NATIVE_ADAPTER_ACTUAL_FUNDED_STATE,,MAIN,588280.2899781782,20285.52724062684
MCB,MCB,DEMAND,V72|V65|EARLY_TRANSITION|V53-20190702-300685.SZ,,300685.SZ,2019-07-02 15:00:00,2019-07-03 09:30:00,[ 0.37254902 -0.01409325  2.13395019],3800.5770852066034,4.98275319199505,0.002,0,BUY,NATIVE_ELIGIBLE,NATIVE_ADAPTER_ACTUAL_FUNDED_STATE,,CHINEXT,531305.9437823738,18975.21227794192
MCB,MCB,DEMAND,V72|V65|EARLY_TRANSITION|V53-20190702-600104.SH,,600104.SH,2019-07-02 15:00:00,2019-07-03 09:30:00,[ 0.28571429 -0.01362604  1.94027467],9419.598014017693,2.149246404800585,0.002,0,BUY,NATIVE_ELIGIBLE,NATIVE_ADAPTER_ACTUAL_FUNDED_STATE,,MAIN,567994.7627375512,20285.527240626845
MCB,MCB,DEMAND,V72|V65|MEDIUM_PARTICIPATION|V53-20190902-002534.SZ,,002534.SZ,2019-09-02 15:00:00,2019-09-03 09:30:00,[ 0.54545455 -0.06699346  1.73023544],20635.101495004117,0.9752933139360632,0.002,0,BUY,NATIVE_ELIGIBLE,NATIVE_ADAPTER_ACTUAL_FUNDED_STATE,,MAIN,604965.8122053156,20165.52707351052
MCB,MCB,DEMAND,V72|V65|MEDIUM_PARTICIPATION|V53-20190902-002065.SZ,,002065.SZ,2019-09-02 15:00:00,2019-09-03 09:30:00,[ 0.4375     -0.04575199  1.97354421],9156.602315993008,2.197897847471063,0.002,0,BUY,NATIVE_ELIGIBLE,NATIVE_ADAPTER_ACTUAL_FUNDED_STATE,,MAIN,584800.2851318051,20165.527073510522
MCB,MCB,DEMAND,V72|V65|MEDIUM_PARTICIPATION|V53-20190902-300166.SZ,,300166.SZ,2019-09-02 15:00:00,2019-09-03 09:30:00,[ 0.4375     -0.07048521  1.7733095 ],2922.5182388662233,6.44311973595695,0.002,0,BUY,NATIVE_ELIGIBLE,NATIVE_ADAPTER_ACTUAL_FUNDED_STATE,,CHINEXT,566033.8564026053,18867.795213420177
MCB,MCB,DEMAND,V72|V65|MEDIUM_PARTICIPATION|V53-20190902-603528.SH,,603528.SH,2019-09-02 15:00:00,2019-09-03 09:30:00,[ 0.43661972 -0.06034483  2.25565915],14596.125187255324,1.3788095307679369,0.002,0,BUY,NATIVE_ELIGIBLE,NATIVE_ADAPTER_ACTUAL_FUNDED_STATE,,MAIN,564634.7580582947,20165.52707351052
MCB,MCB,DEMAND,V72|V65|MEDIUM_PARTICIPATION|V53-20190902-300075.SZ,,300075.SZ,2019-09-02 15:00:00,2019-09-03 09:30:00,[ 0.43661972 -0.11847884  1.52651169],10181.400274763098,1.8494641636089935,0.002,0,BUY,NATIVE_ELIGIBLE,NATIVE_ADAPTER_ACTUAL_FUNDED_STATE,,CHINEXT,547166.0611891849,18867.795213420177
MCB,MCB,DEMAND,V72|V65|MEDIUM_PARTICIPATION|V53-20190902-002023.SZ,,002023.SZ,2019-09-02 15:00:00,2019-09-03 09:30:00,[ 0.42857143 -0.01227496  2.51673782],7479.3256563937775,2.6907875716396012,0.002,0,BUY,NATIVE_ELIGIBLE,NATIVE_ADAPTER_ACTUAL_FUNDED_STATE,,MAIN,544469.2309847842,20165.52707351052
MCB,MCB,DEMAND,V72|V65|MEDIUM_PARTICIPATION|V53-20190902-002625.SZ,,002625.SZ,2019-09-02 15:00:00,2019-09-03 09:30:00,[ 0.42857143 -0.06165919  2.04787657],3980.9712731594523,5.05536843638095,0.002,0,BUY,NATIVE_ELIGIBLE,NATIVE_ADAPTER_ACTUAL_FUNDED_STATE,,MAIN,524303.7039112737,20165.52707351052
MCB,MCB,DEMAND,V72|V65|MEDIUM_PARTICIPATION|V53-20190902-002389.SZ,,002389.SZ,2019-09-02 15:00:00,2019-09-03 09:30:00,[ 0.42857143 -0.09563603  2.93473569],10439.677218801888,1.9277680812031142,0.002,0,BUY,NATIVE_ELIGIBLE,NATIVE_ADAPTER_ACTUAL_FUNDED_STATE,,MAIN,504138.1768377633,20165.52707351052
MCB,MCB,DEMAND,V72|V65|MEDIUM_PARTICIPATION|V53-20190902-600893.SH,,600893.SH,2019-09-02 15:00:00,2019-09-03 09:30:00,[ 0.42857143 -0.10965704  3.38036557],10113.950589128503,1.9898531580826846,0.002,0,BUY,NATIVE_ELIGIBLE,NATIVE_ADAPTER_ACTUAL_FUNDED_STATE,,MAIN,483972.6497642528,20165.52707351052
MCB,MCB,DEMAND,V72|V65|MEDIUM_PARTICIPATION|V53-20190902-600372.SH,,600372.SH,2019-09-02 15:00:00,2019-09-03 09:30:00,[ 0.42857143 -0.13378363  3.4032651 ],14849.763730926557,1.3552590388058554,0.002,0,BUY,NATIVE_ELIGIBLE,NATIVE_ADAPTER_ACTUAL_FUNDED_STATE,,MAIN,463807.12269074237,20165.52707351052
MCB,MCB,DEMAND,V72|V65|MEDIUM_PARTICIPATION|V53-20190902-600435.SH,,600435.SH,2019-09-02 15:00:00,2019-09-03 09:30:00,[ 0.375      -0.10046189  3.41294838],8992.630861562873,2.2379742736345247,0.002,0,BUY,NATIVE_ELIGIBLE,NATIVE_ADAPTER_ACTUAL_FUNDED_STATE,,MAIN,443641.5956172319,20165.527073510522
MCB,MCB,DEMAND,V72|V65|MEDIUM_PARTICIPATION|V53-20190902-601606.SH,,601606.SH,2019-09-02 15:00:00,2019-09-03 09:30:00,[ 0.375      -0.14242799  3.09211071],6190.939831886988,3.2507627382861237,0.002,0,BUY,NATIVE_ELIGIBLE,NATIVE_ADAPTER_ACTUAL_FUNDED_STATE,,MAIN,423476.06854372146,20165.52707351052
MCB,MCB,DEMAND,V72|V65|MEDIUM_PARTICIPATION|V53-20190902-300213.SZ,,300213.SZ,2019-09-02 15:00:00,2019-09-03 09:30:00,[ 0.27586207 -0.07796102  2.7748437 ],5705.838181547179,3.300152290408485,0.002,0,BUY,NATIVE_ELIGIBLE,NATIVE_ADAPTER_ACTUAL_FUNDED_STATE,,CHINEXT,528298.2659757645,18867.795213420177
MCB,MCB,DEMAND,V72|V65|MEDIUM_PARTICIPATION|V53-20190903-000157.SZ,,000157.SZ,2019-09-03 15:00:00,2019-09-04 09:30:00,[ 0.86666667 -0.11101974  1.71222327],25172.627504096417,0.7983982184142471,0.002,0,BUY,NATIVE_ELIGIBLE,NATIVE_ADAPTER_ACTUAL_FUNDED_STATE,,MAIN,403310.541470211,20137.976513980204
MCB,MCB,DEMAND,V72|V65|MEDIUM_PARTICIPATION|V53-20190903-603955.SH,,603955.SH,2019-09-03 15:00:00,2019-09-04 09:30:00,[ 0.84375    -0.03322259  1.74074391],20368.726948981384,0.986697941526538,0.002,0,BUY,NATIVE_ELIGIBLE,NATIVE_ADAPTER_ACTUAL_FUNDED_STATE,,MAIN,383172.5649562306,20137.976513980204
MCB,MCB,DEMAND,V72|V65|MEDIUM_PARTICIPATION|V53-20190903-600088.SH,,600088.SH,2019-09-03 15:00:00,2019-09-04 09:30:00,[ 0.64705882 -0.08936825  3.42834157],10205.50854410018,1.9693071506656683,0.002,0,BUY,NATIVE_ELIGIBLE,NATIVE_ADAPTER_ACTUAL_FUNDED_STATE,,MAIN,363034.58844225015,20137.976513980208
MCB,MCB,DEMAND,V72|V65|MEDIUM_PARTICIPATION|V53-20190903-600798.SH,,600798.SH,2019-09-03 15:00:00,2019-09-04 09:30:00,[ 0.62962963 -0.06424581  2.12683536],17968.30571886482,1.1185128562775681,0.002,0,BUY,NATIVE_ELIGIBLE,NATIVE_ADAPTER_ACTUAL_FUNDED_STATE,,MAIN,342896.61192826973,20137.976513980204
MCB,MCB,DEMAND,V72|V65|MEDIUM_PARTICIPATION|V53-20190903-600406.SH,,600406.SH,2019-09-03 15:00:00,2019-09-04 09:30:00,[ 0.58445378 -0.05543533  2.01033947],10868.041478232706,1.8492550835704238,0.002,0,BUY,NATIVE_ELIGIBLE,NATIVE_ADAPTER_ACTUAL_FUNDED_STATE,,MAIN,322758.6354142893,20137.976513980208
MCB,MCB,DEMAND,V72|V65|MEDIUM_PARTICIPATION|V53-20190903-600560.SH,,600560.SH,2019-09-03 15:00:00,2019-09-04 09:30:00,[ 0.5462963  -0.02765487  1.99418877],15137.390544274725,1.3276912485869272,0.002,0,BUY,NATIVE_ELIGIBLE,NATIVE_ADAPTER_ACTUAL_FUNDED_STATE,,MAIN,302620.6589003089,20137.976513980208
MCB,MCB,DEMAND,V72|V65|MEDIUM_PARTICIPATION|V53-20190903-603036.SH,,603036.SH,2019-09-03 15:00:00,2019-09-04 09:30:00,[ 0.5462963  -0.04749569  2.05824457],15631.209336030977,1.2857470282705084,0.002,0,BUY,NATIVE_ELIGIBLE,NATIVE_ADAPTER_ACTUAL_FUNDED_STATE,,MAIN,282482.68238632847,20137.976513980208
MCB,MCB,DEMAND,V72|V65|MEDIUM_PARTICIPATION|V53-20190903-300521.SZ,,300521.SZ,2019-09-03 15:00:00,2019-09-04 09:30:00,[ 0.5462963  -0.083       2.92155652],15399.676774246253,1.2230012386873912,0.002,0,BUY,NATIVE_ELIGIBLE,NATIVE_ADAPTER_ACTUAL_FUNDED_STATE,,CHINEXT,509430.4707623441,18871.49141782919
MCB,MCB,DEMAND,V72|V65|MEDIUM_PARTICIPATION|V53-20190903-002438.SZ,,002438.SZ,2019-09-03 15:00:00,2019-09-04 09:30:00,[ 0.52221921 -0.05287598  2.74578651],16007.929904887105,1.2554890652001387,0.002,0,BUY,NATIVE_ELIGIBLE,NATIVE_ADAPTER_ACTUAL_FUNDED_STATE,,MAIN,262344.70587234804,20137.976513980208
MCB,MCB,DEMAND,V72|V65|MEDIUM_PARTICIPATION|V53-20190903-300667.SZ,,300667.SZ,2019-09-03 15:00:00,2019-09-04 09:30:00,[ 0.52221921 -0.13474427  2.10647995],6067.608847558028,3.103994381224571,0.002,0,BUY,NATIVE_ELIGIBLE,NATIVE_ADAPTER_ACTUAL_FUNDED_STATE,,CHINEXT,490558.97934451466,18871.49141782919
MCB,MCB,DEMAND,V72|V65|MEDIUM_PARTICIPATION|V53-20190903-300192.SZ,,300192.SZ,2019-09-03 15:00:00,2019-09-04 09:30:00,[ 0.5        -0.02395833  2.77361409],8011.69818809644,2.3507904726455355,0.002,0,BUY,NATIVE_ELIGIBLE,NATIVE_ADAPTER_ACTUAL_FUNDED_STATE,,CHINEXT,471687.48792668525,18871.491417829187
MCB,MCB,DEMAND,V72|V65|MEDIUM_PARTICIPATION|V53-20190903-002831.SZ,,002831.SZ,2019-09-03 15:00:00,2019-09-04 09:30:00,[ 0.5        -0.10582576  1.95434269],22449.44524916644,0.8952462178468439,0.002,0,BUY,NATIVE_ELIGIBLE,NATIVE_ADAPTER_ACTUAL_FUNDED_STATE,,MAIN,242206.72935836762,20137.976513980204
MCB,MCB,DEMAND,V72|V65|MEDIUM_PARTICIPATION|V53-20190903-002042.SZ,,002042.SZ,2019-09-03 15:00:00,2019-09-04 09:30:00,[ 0.45       -0.10096783  2.59428665],6360.8100579916,3.1596260175739075,0.002,0,BUY,NATIVE_ELIGIBLE,NATIVE_ADAPTER_ACTUAL_FUNDED_STATE,,MAIN,222068.7528443872,20137.976513980204
MCB,MCB,DEMAND,V72|V65|MEDIUM_PARTICIPATION|V53-20190904-600761.SH,,600761.SH,2019-09-04 15:00:00,2019-09-05 09:30:00,[ 0.86666667 -0.00815904  2.16145493],10885.687875502033,1.8551293831058002,0.002,0,BUY,NATIVE_ELIGIBLE,NATIVE_ADAPTER_ACTUAL_FUNDED_STATE,,MAIN,201930.77633040678,20234.7481520287
MCB,MCB,DEMAND,V72|V65|MEDIUM_PARTICIPATION|V53-20190904-000425.SZ,,000425.SZ,2019-09-04 15:00:00,2019-09-05 09:30:00,[ 0.86666667 -0.03619637  1.63358269],15738.301530495664,1.2831346123361744,0.002,0,BUY,NATIVE_ELIGIBLE,NATIVE_ADAPTER_ACTUAL_FUNDED_STATE,,MAIN,181696.028178378,20234.7481520287
MCB,MCB,DEMAND,V72|V65|MEDIUM_PARTICIPATION|V53-20190904-002829.SZ,,002829.SZ,2019-09-04 15:00:00,2019-09-05 09:30:00,[ 0.8        -0.09245742  2.19859014],11450.701897076391,1.7635914038001834,0.002,0,BUY,NATIVE_ELIGIBLE,NATIVE_ADAPTER_ACTUAL_FUNDED_STATE,,MAIN,161461.28002634924,20234.7481520287
MCB,MCB,DEMAND,V72|V65|MEDIUM_PARTICIPATION|V53-20190904-600030.SH,,600030.SH,2019-09-04 15:00:00,2019-09-05 09:30:00,[ 0.78571429 -0.13848081  1.60945383],9725.605245011486,2.076411588216639,0.002,0,BUY,NATIVE_ELIGIBLE,NATIVE_ADAPTER_ACTUAL_FUNDED_STATE,,MAIN,141226.53187432047,20234.7481520287
MCB,MCB,DEMAND,V72|V65|MEDIUM_PARTICIPATION|V53-20190904-601866.SH,,601866.SH,2019-09-04 15:00:00,2019-09-05 09:30:00,[ 0.74074074 -0.02680754  2.03556413],18221.01931029142,1.1083002047946018,0.002,0,BUY,NATIVE_ELIGIBLE,NATIVE_ADAPTER_ACTUAL_FUNDED_STATE,,MAIN,120991.7837222917,20234.7481520287
MCB,MCB,DEMAND,V72|V65|MEDIUM_PARTICIPATION|V53-20190904-601919.SH,,601919.SH,2019-09-04 15:00:00,2019-09-05 09:30:00,[ 0.74074074 -0.03080082  3.53710097],17914.996091201443,1.1272321428571448,0.002,0,BUY,NATIVE_ELIGIBLE,NATIVE_ADAPTER_ACTUAL_FUNDED_STATE,,MAIN,100757.03557026293,20234.7481520287
MCB,MCB,DEMAND,V72|V65|MEDIUM_PARTICIPATION|V53-20190904-600606.SH,,600606.SH,2019-09-04 15:00:00,2019-09-05 09:30:00,[ 0.7125     -0.0826427   1.85339882],14993.536228567764,1.3468710199722784,0.002,0,BUY,NATIVE_ELIGIBLE,NATIVE_ADAPTER_ACTUAL_FUNDED_STATE,,MAIN,80522.28741823416,20234.748152028696
MCB,MCB,DEMAND,V72|V65|MEDIUM_PARTICIPATION|V53-20190904-002743.SZ,,002743.SZ,2019-09-04 15:00:00,2019-09-05 09:30:00,[ 0.7037037  -0.04579968  2.0116327 ],16006.94707539665,1.2615996878131717,0.002,0,BUY,NATIVE_ELIGIBLE,NATIVE_ADAPTER_ACTUAL_FUNDED_STATE,,MAIN,60287.53926620539,20234.7481520287
MCB,MCB,DEMAND,V72|V65|MEDIUM_PARTICIPATION|V53-20190904-600720.SH,,600720.SH,2019-09-04 15:00:00,2019-09-05 09:30:00,[ 0.63636364 -0.08202247  2.27633853],14055.15779664315,1.4367935049427532,0.002,0,BUY,NATIVE_ELIGIBLE,NATIVE_ADAPTER_ACTUAL_FUNDED_STATE,,MAIN,40052.79111417662,20234.7481520287
MCB,MCB,DEMAND,V72|V65|MEDIUM_PARTICIPATION|V53-20190904-300243.SZ,,300243.SZ,2019-09-04 15:00:00,2019-09-05 09:30:00,[ 0.62857143 -0.0163728   2.83766414],8940.147790650728,2.1098043842826892,0.002,0,BUY,NATIVE_ELIGIBLE,NATIVE_ADAPTER_ACTUAL_FUNDED_STATE,,CHINEXT,452815.99650885584,18899.686930859803
MCB,MCB,DEMAND,V72|V65|MEDIUM_PARTICIPATION|V53-20190904-300669.SZ,,300669.SZ,2019-09-04 15:00:00,2019-09-05 09:30:00,[ 0.56481481 -0.10843965  1.90408994],13004.910888229731,1.4503723375699078,0.002,0,BUY,NATIVE_ELIGIBLE,NATIVE_ADAPTER_ACTUAL_FUNDED_STATE,,CHINEXT,433916.3095779959,18899.686930859803
MCB,MCB,DEMAND,V72|V65|MEDIUM_PARTICIPATION|V53-20190904-000796.SZ,,000796.SZ,2019-09-04 15:00:00,2019-09-05 09:30:00,[ 0.54545455 -0.00705219  2.49005515],15139.428115240826,1.3338918273163014,0.002,0,BUY,NATIVE_ELIGIBLE,NATIVE_ADAPTER_ACTUAL_FUNDED_STATE,,MAIN,19818.042962147854,20234.7481520287
MCB,MCB,DEMAND,V72|V65|MEDIUM_PARTICIPATION|V53-20190904-000978.SZ,,000978.SZ,2019-09-04 15:00:00,2019-09-05 09:30:00,[ 0.54545455 -0.01459854  3.43975584],22127.002400651767,0.9126568103308714,0.002,0,BUY,NATIVE_ELIGIBLE,NATIVE_ADAPTER_ACTUAL_FUNDED_STATE,,MAIN,19818.042962147854,20234.7481520287
MCB,MCB,DEMAND,V72|V65|MEDIUM_PARTICIPATION|V53-20190904-600706.SH,,600706.SH,2019-09-04 15:00:00,2019-09-05 09:30:00,[ 0.54545455 -0.06977923  2.69421666],18997.552557848474,1.0629979504817564,0.002,0,BUY,NATIVE_ELIGIBLE,NATIVE_ADAPTER_ACTUAL_FUNDED_STATE,,MAIN,19818.042962147854,20234.7481520287
MCB,MCB,DEMAND,V72|V65|MEDIUM_PARTICIPATION|V53-20190904-300007.SZ,,300007.SZ,2019-09-04 15:00:00,2019-09-05 09:30:00,[ 0.53847717 -0.10788897  1.7940131 ],8110.950436624677,2.325493559876738,0.002,0,BUY,NATIVE_ELIGIBLE,NATIVE_ADAPTER_ACTUAL_FUNDED_STATE,,CHINEXT,415016.622647136,18899.686930859807
MCB,MCB,DEMAND,V72|V65|MEDIUM_PARTICIPATION|V53-20190904-601668.SH,,601668.SH,2019-09-04 15:00:00,2019-09-05 09:30:00,[ 0.5        -0.00317332  2.68241305],7588.023396614552,2.661346490071739,0.002,0,BUY,NATIVE_ELIGIBLE,NATIVE_ADAPTER_ACTUAL_FUNDED_STATE,,MAIN,19818.042962147854,20234.7481520287
MCB,MCB,DEMAND,V72|V65|MEDIUM_PARTICIPATION|V53-20190904-601858.SH,,601858.SH,2019-09-04 15:00:00,2019-09-05 09:30:00,[ 0.5        -0.0135887   3.16051019],15634.149020164465,1.2916826753484496,0.002,0,BUY,NATIVE_ELIGIBLE,NATIVE_ADAPTER_ACTUAL_FUNDED_STATE,,MAIN,19818.042962147854,20234.748152028704
MCB,MCB,DEMAND,V72|V65|MEDIUM_PARTICIPATION|V53-20190904-603655.SH,,603655.SH,2019-09-04 15:00:00,2019-09-05 09:30:00,[ 0.5        -0.0538349   2.05350138],9657.052608708333,2.091151436303861,0.002,0,BUY,NATIVE_ELIGIBLE,NATIVE_ADAPTER_ACTUAL_FUNDED_STATE,,MAIN,19818.042962147854,20234.748152028704
MCB,MCB,DEMAND,V72|V65|MEDIUM_PARTICIPATION|V53-20190904-603788.SH,,603788.SH,2019-09-04 15:00:00,2019-09-05 09:30:00,[ 0.5        -0.06118057  1.74883333],13175.813246771724,1.5326840973638043,0.002,0,BUY,NATIVE_ELIGIBLE,NATIVE_ADAPTER_ACTUAL_FUNDED_STATE,,MAIN,19818.042962147854,20234.7481520287
MCB,MCB,DEMAND,V72|V65|MEDIUM_PARTICIPATION|V53-20190904-603730.SH,,603730.SH,2019-09-04 15:00:00,2019-09-05 09:30:00,[ 0.5        -0.12870147  3.05362669],27914.69227778281,0.7234312036187116,0.002,0,BUY,NATIVE_ELIGIBLE,NATIVE_ADAPTER_ACTUAL_FUNDED_STATE,,MAIN,19818.042962147854,20234.748152028696
MCB,MCB,DEMAND,V72|V65|MEDIUM_PARTICIPATION|V53-20190904-002853.SZ,,002853.SZ,2019-09-04 15:00:00,2019-09-05 09:30:00,[ 0.45       -0.06872852  1.5335824 ],18969.785566723855,1.0645539119106664,0.002,0,BUY,NATIVE_ELIGIBLE,NATIVE_ADAPTER_ACTUAL_FUNDED_STATE,,MAIN,19818.042962147854,20234.7481520287
MCB,MCB,DEMAND,V72|V65|MEDIUM_PARTICIPATION|V53-20190904-603180.SH,,603180.SH,2019-09-04 15:00:00,2019-09-05 09:30:00,[ 0.45       -0.08851991  1.89717528],13141.468655402638,1.5366896929636702,0.002,0,BUY,NATIVE_ELIGIBLE,NATIVE_ADAPTER_ACTUAL_FUNDED_STATE,,MAIN,19818.042962147854,20234.7481520287
MCB,MCB,DEMAND,V72|V65|MEDIUM_PARTICIPATION|V53-20190904-300578.SZ,,300578.SZ,2019-09-04 15:00:00,2019-09-05 09:30:00,[ 0.4137931  -0.08644253  2.24156067],5266.339194345082,3.581608078929629,0.002,0,BUY,NATIVE_ELIGIBLE,NATIVE_ADAPTER_ACTUAL_FUNDED_STATE,,CHINEXT,396116.93571627606,18899.686930859803
MCB,MCB,DEMAND,V72|V65|MEDIUM_PARTICIPATION|V53-20190904-300053.SZ,,300053.SZ,2019-09-04 15:00:00,2019-09-05 09:30:00,[ 0.38461538 -0.06149733  1.97438007],3778.4926754293483,4.9919278995841445,0.002,0,BUY,NATIVE_ELIGIBLE,NATIVE_ADAPTER_ACTUAL_FUNDED_STATE,,CHINEXT,377217.24878541613,18899.686930859803
MCB,MCB,DEMAND,V72|V65|MEDIUM_PARTICIPATION|V53-20190904-600597.SH,,600597.SH,2019-09-04 15:00:00,2019-09-05 09:30:00,[ 0.3125     -0.11227402  1.58992684],15517.588218372877,1.3013851862141945,0.002,0,BUY,NATIVE_ELIGIBLE,NATIVE_ADAPTER_ACTUAL_FUNDED_STATE,,MAIN,19818.042962147854,20234.748152028704
MCB,MCB,DEMAND,V72|V65|MEDIUM_PARTICIPATION|V53-20190904-002376.SZ,,002376.SZ,2019-09-04 15:00:00,2019-09-05 09:30:00,[ 0.28156863 -0.08284519  2.36919221],11437.424427116186,1.7656387206620563,0.002,0,BUY,NATIVE_ELIGIBLE,NATIVE_ADAPTER_ACTUAL_FUNDED_STATE,,MAIN,19818.042962147854,20234.7481520287
MCB,MCB,DEMAND,V72|V65|MEDIUM_PARTICIPATION|V53-20190905-603717.SH,,603717.SH,2019-09-05 15:00:00,2019-09-06 09:30:00,[ 0.78125    -0.00780379  2.11092359],31164.540918658935,0.6470982048986794,0.002,0,BUY,NATIVE_ELIGIBLE,NATIVE_ADAPTER_ACTUAL_FUNDED_STATE,,MAIN,19818.042962147854,20206.85152192555
MCB,MCB,DEMAND,V72|V65|MEDIUM_PARTICIPATION|V53-20190905-603885.SH,,603885.SH,2019-09-05 15:00:00,2019-09-06 09:30:00,[ 0.61538462 -0.05592105  2.6796746 ],8700.017346189978,2.317986008819536,0.002,0,BUY,NATIVE_ELIGIBLE,NATIVE_ADAPTER_ACTUAL_FUNDED_STATE,,MAIN,19818.042962147854,20206.85152192555
MCB,MCB,DEMAND,V72|V65|MEDIUM_PARTICIPATION|V53-20190905-601116.SH,,601116.SH,2019-09-05 15:00:00,2019-09-06 09:30:00,[ 0.61111111 -0.0571837   2.20824127],11404.341388944393,1.7683194318003743,0.002,0,BUY,NATIVE_ELIGIBLE,NATIVE_ADAPTER_ACTUAL_FUNDED_STATE,,MAIN,19818.042962147854,20206.85152192555
MCB,MCB,DEMAND,V72|V65|MEDIUM_PARTICIPATION|V53-20190905-002235.SZ,,002235.SZ,2019-09-05 15:00:00,2019-09-06 09:30:00,[ 0.61111111 -0.06447368  2.09705787],7120.903546918285,2.832016801250328,0.002,0,BUY,NATIVE_ELIGIBLE,NATIVE_ADAPTER_ACTUAL_FUNDED_STATE,,MAIN,19818.042962147854,20206.85152192555
MCB,MCB,DEMAND,V72|V65|MEDIUM_PARTICIPATION|V53-20190905-300187.SZ,,300187.SZ,2019-09-05 15:00:00,2019-09-06 09:30:00,[ 6.10169492e-01 -1.99600798e-03  2.06739298e+00],20971.970756737126,0.9001056831184112,0.002,0,BUY,NATIVE_ELIGIBLE,NATIVE_ADAPTER_ACTUAL_FUNDED_STATE,,CHINEXT,358317.5618545562,18914.74404446088
MCB,MCB,DEMAND,V72|V65|MEDIUM_PARTICIPATION|V53-20190905-300020.SZ,,300020.SZ,2019-09-05 15:00:00,2019-09-06 09:30:00,[ 0.2625     -0.11619103  1.90728313],12237.937462658214,1.5424976734790348,0.002,0,BUY,NATIVE_ELIGIBLE,NATIVE_ADAPTER_ACTUAL_FUNDED_STATE,,CHINEXT,339402.8178100954,18914.744044460884
MCB,MCB,DEMAND,V72|V65|MEDIUM_PARTICIPATION|V53-20190906-300649.SZ,,300649.SZ,2019-09-06 15:00:00,2019-09-09 09:30:00,[ 0.78125    -0.01952381  1.75663374],5445.480158780845,3.491008333187426,0.002,0,BUY,NATIVE_ELIGIBLE,NATIVE_ADAPTER_ACTUAL_FUNDED_STATE,,CHINEXT,320488.07376563456,19048.23704573574
MCB,MCB,DEMAND,V72|V65|MEDIUM_PARTICIPATION|V53-20190906-603700.SH,,603700.SH,2019-09-06 15:00:00,2019-09-09 09:30:00,[ 0.69468907 -0.03617021  2.78796099],19507.49492708129,1.0430489908964047,0.002,0,BUY,NATIVE_ELIGIBLE,NATIVE_ADAPTER_ACTUAL_FUNDED_STATE,,MAIN,19818.042962147854,20387.96744440609
MCB,MCB,DEMAND,V72|V65|MEDIUM_PARTICIPATION|V53-20190906-603915.SH,,603915.SH,2019-09-06 15:00:00,2019-09-09 09:30:00,[ 0.69468907 -0.1295302   1.6929324 ],17939.31160883269,1.134228187919462,0.002,0,BUY,NATIVE_ELIGIBLE,NATIVE_ADAPTER_ACTUAL_FUNDED_STATE,,MAIN,19818.042962147854,20387.967444406087
MCB,MCB,DEMAND,V72|V65|MEDIUM_PARTICIPATION|V53-20190906-603308.SH,,603308.SH,2019-09-06 15:00:00,2019-09-09 09:30:00,[ 0.69468907 -0.14809969  1.65232677],20268.467929155016,1.0038880575349505,0.002,0,BUY,NATIVE_ELIGIBLE,NATIVE_ADAPTER_ACTUAL_FUNDED_STATE,,MAIN,19818.042962147854,20387.967444406087
MCB,MCB,DEMAND,V72|V65|MEDIUM_PARTICIPATION|V53-20190906-300266.SZ,,300266.SZ,2019-09-06 15:00:00,2019-09-09 09:30:00,[ 0.66101695 -0.0049505   2.28779107],5790.675717765668,3.2829012604155645,0.002,0,BUY,NATIVE_ELIGIBLE,NATIVE_ADAPTER_ACTUAL_FUNDED_STATE,,CHINEXT,301439.836719899,19048.237045735736
MCB,MCB,DEMAND,V72|V65|MEDIUM_PARTICIPATION|V53-20190906-300388.SZ,,300388.SZ,2019-09-06 15:00:00,2019-09-09 09:30:00,[ 0.66101695 -0.08471124  2.45168927],6081.640870481864,3.1258367630320945,0.002,0,BUY,NATIVE_ELIGIBLE,NATIVE_ADAPTER_ACTUAL_FUNDED_STATE,,CHINEXT,282391.5996741634,19048.23704573574
MCB,MCB,DEMAND,V72|V65|MEDIUM_PARTICIPATION|V53-20190906-300692.SZ,,300692.SZ,2019-09-06 15:00:00,2019-09-09 09:30:00,[ 0.66101695 -0.1059761   2.11085851],11554.34901801976,1.645286686672096,0.002,0,BUY,NATIVE_ELIGIBLE,NATIVE_ADAPTER_ACTUAL_FUNDED_STATE,,CHINEXT,263343.3626284278,19048.23704573574
MCB,MCB,DEMAND,V72|V65|MEDIUM_PARTICIPATION|V53-20190906-002284.SZ,,002284.SZ,2019-09-06 15:00:00,2019-09-09 09:30:00,[ 0.5915493  -0.03519669  2.26884487],10890.122226589843,1.8684154755332312,0.002,0,BUY,NATIVE_ELIGIBLE,NATIVE_ADAPTER_ACTUAL_FUNDED_STATE,,MAIN,19818.042962147854,20387.96744440609
MCB,MCB,DEMAND,V72|V65|MEDIUM_PARTICIPATION|V53-20190906-603179.SH,,603179.SH,2019-09-06 15:00:00,2019-09-09 09:30:00,[ 0.5915493  -0.03565891  2.33969355],21277.099973060584,0.9562991631552707,0.002,0,BUY,NATIVE_ELIGIBLE,NATIVE_ADAPTER_ACTUAL_FUNDED_STATE,,MAIN,19818.042962147854,20387.967444406087
MCB,MCB,DEMAND,V72|V65|MEDIUM_PARTICIPATION|V53-20190906-603577.SH,,603577.SH,2019-09-06 15:00:00,2019-09-09 09:30:00,[ 0.5719888  -0.01561145  2.18033084],17541.484218462407,1.1599516121442774,0.002,0,BUY,NATIVE_ELIGIBLE,NATIVE_ADAPTER_ACTUAL_FUNDED_STATE,,MAIN,19818.042962147854,20387.967444406087
MCB,MCB,DEMAND,V72|V65|MEDIUM_PARTICIPATION|V53-20190906-600869.SH,,600869.SH,2019-09-06 15:00:00,2019-09-09 09:30:00,[ 0.5719888  -0.0864745   2.66136475],15082.334957988887,1.349079764856384,0.002,0,BUY,NATIVE_ELIGIBLE,NATIVE_ADAPTER_ACTUAL_FUNDED_STATE,,MAIN,19818.042962147854,20387.967444406084
MCB,MCB,DEMAND,V72|V65|MEDIUM_PARTICIPATION|V53-20190906-300183.SZ,,300183.SZ,2019-09-06 15:00:00,2019-09-09 09:30:00,[ 0.53448276 -0.01693767  1.94738602],10064.31783300659,1.8888728404587412,0.002,0,BUY,NATIVE_ELIGIBLE,NATIVE_ADAPTER_ACTUAL_FUNDED_STATE,,CHINEXT,244295.1255826922,19048.23704573574
MCB,MCB,DEMAND,V72|V65|MEDIUM_PARTICIPATION|V53-20190906-300293.SZ,,300293.SZ,2019-09-06 15:00:00,2019-09-09 09:30:00,[ 0.51928304 -0.01691667  3.70226694],15636.451309529051,1.2157628502910791,0.002,0,BUY,NATIVE_ELIGIBLE,NATIVE_ADAPTER_ACTUAL_FUNDED_STATE,,CHINEXT,225246.88853695663,19048.237045735736
MCB,MCB,DEMAND,V72|V65|MEDIUM_PARTICIPATION|V53-20190906-603966.SH,,603966.SH,2019-09-06 15:00:00,2019-09-09 09:30:00,[ 0.51928304 -0.04295704  2.017798  ],15803.49721081655,1.287517099992423,0.002,0,BUY,NATIVE_ELIGIBLE,NATIVE_ADAPTER_ACTUAL_FUNDED_STATE,,MAIN,19818.042962147854,20387.967444406087
MCB,MCB,DEMAND,V72|V65|MEDIUM_PARTICIPATION|V53-20190906-000715.SZ,,000715.SZ,2019-09-06 15:00:00,2019-09-09 09:30:00,[ 0.48148148 -0.0894069   1.6890114 ],10629.581828859047,1.9142119818266543,0.002,0,BUY,NATIVE_ELIGIBLE,NATIVE_ADAPTER_ACTUAL_FUNDED_STATE,,MAIN,19818.042962147854,20387.967444406087
MCB,MCB,DEMAND,V72|V65|MEDIUM_PARTICIPATION|V53-20190906-603801.SH,,603801.SH,2019-09-06 15:00:00,2019-09-09 09:30:00,[ 0.4        -0.11507725  2.02471883],22407.766808800312,0.9080455483237976,0.002,0,BUY,NATIVE_ELIGIBLE,NATIVE_ADAPTER_ACTUAL_FUNDED_STATE,,MAIN,19818.042962147854,20387.967444406087
MCB,MCB,DEMAND,V72|V65|MEDIUM_PARTICIPATION|V53-20190906-603600.SH,,603600.SH,2019-09-06 15:00:00,2019-09-09 09:30:00,[ 0.4        -0.13370166  1.74330107],9599.211537615964,2.1196816862379793,0.002,0,BUY,NATIVE_ELIGIBLE,NATIVE_ADAPTER_ACTUAL_FUNDED_STATE,,MAIN,19818.042962147854,20387.967444406087
MCB,MCB,DEMAND,V72|V65|MEDIUM_PARTICIPATION|V53-20190906-002512.SZ,,002512.SZ,2019-09-06 15:00:00,2019-09-09 09:30:00,[ 0.35294118 -0.11555556  1.97644957],14968.919660940775,1.35930136305709,0.002,0,BUY,NATIVE_ELIGIBLE,NATIVE_ADAPTER_ACTUAL_FUNDED_STATE,,MAIN,19818.042962147854,20387.967444406087
MCB,MCB,DEMAND,V72|V65|MEDIUM_PARTICIPATION|V53-20190906-603005.SH,,603005.SH,2019-09-06 15:00:00,2019-09-09 09:30:00,[ 0.30769231 -0.13924051  2.29522523],26438.891229040677,0.7695963012344206,0.002,0,BUY,NATIVE_ELIGIBLE,NATIVE_ADAPTER_ACTUAL_FUNDED_STATE,,MAIN,19818.042962147854,20387.967444406087
MCB,MCB,DEMAND,V72|V65|MEDIUM_PARTICIPATION|V53-20190906-002908.SZ,,002908.SZ,2019-09-06 15:00:00,2019-09-09 09:30:00,[ 2.62500000e-01 -2.59649378e-03  2.61097846e+00],10243.716913630082,1.9863173758282213,0.002,0,BUY,NATIVE_ELIGIBLE,NATIVE_ADAPTER_ACTUAL_FUNDED_STATE,,MAIN,19818.042962147854,20387.967444406087
MCB,MCB,DEMAND,V72|V65|MEDIUM_PARTICIPATION|V53-20190906-603869.SH,,603869.SH,2019-09-06 15:00:00,2019-09-09 09:30:00,[ 0.2625     -0.07337384  1.58646022],7386.11955385708,2.7547987478734206,0.002,0,BUY,NATIVE_ELIGIBLE,NATIVE_ADAPTER_ACTUAL_FUNDED_STATE,,MAIN,19818.042962147854,20387.96744440609
MCB,MCB,DEMAND,V72|V65|MEDIUM_PARTICIPATION|V53-20190909-600368.SH,,600368.SH,2019-09-09 15:00:00,2019-09-10 09:30:00,[ 0.56666667 -0.05857741  2.26620505],10652.320254284345,1.9208352409665361,0.002,0,BUY,NATIVE_ELIGIBLE,NATIVE_ADAPTER_ACTUAL_FUNDED_STATE,,MAIN,19818.042962147854,20502.274846775963
MCB,MCB,DEMAND,V72|V65|MEDIUM_PARTICIPATION|V53-20190909-603558.SH,,603558.SH,2019-09-09 15:00:00,2019-09-10 09:30:00,[ 0.55       -0.01270208  1.61169702],18594.27118292992,1.100411623622823,0.002,0,BUY,NATIVE_ELIGIBLE,NATIVE_ADAPTER_ACTUAL_FUNDED_STATE,,MAIN,19818.042962147854,20502.274846775963
MCB,MCB,DEMAND,V72|V65|MEDIUM_PARTICIPATION|V53-20190909-000925.SZ,,000925.SZ,2019-09-09 15:00:00,2019-09-10 09:30:00,[ 0.5        -0.03658537  2.09736069],18671.46671278286,1.0958620689655156,0.002,0,BUY,NATIVE_ELIGIBLE,NATIVE_ADAPTER_ACTUAL_FUNDED_STATE,,MAIN,19818.042962147854,20502.274846775963
MCB,MCB,DEMAND,V72|V65|MEDIUM_PARTICIPATION|V53-20190909-600097.SH,,600097.SH,2019-09-09 15:00:00,2019-09-10 09:30:00,[ 0.5        -0.04723618  2.47954249],22067.14723168563,0.9272314145396677,0.002,0,BUY,NATIVE_ELIGIBLE,NATIVE_ADAPTER_ACTUAL_FUNDED_STATE,,MAIN,19818.042962147854,20502.274846775963
MCB,MCB,DEMAND,V72|V65|MEDIUM_PARTICIPATION|V53-20190909-300011.SZ,,300011.SZ,2019-09-09 15:00:00,2019-09-10 09:30:00,[ 0.5        -0.04730832  1.51199039],12869.073899553869,1.4974886786417259,0.002,0,BUY,NATIVE_ELIGIBLE,NATIVE_ADAPTER_ACTUAL_FUNDED_STATE,,CHINEXT,206198.65149122104,19309.835054124018
MCB,MCB,DEMAND,V72|V65|MEDIUM_PARTICIPATION|V53-20190909-603022.SH,,603022.SH,2019-09-09 15:00:00,2019-09-10 09:30:00,[ 0.46666667 -0.06516291  1.73786875],23447.29890716126,0.8726528468591189,0.002,0,BUY,NATIVE_ELIGIBLE,NATIVE_ADAPTER_ACTUAL_FUNDED_STATE,,MAIN,19818.042962147854,20502.274846775963
MCB,MCB,DEMAND,V72|V65|MEDIUM_PARTICIPATION|V53-20190909-000973.SZ,,000973.SZ,2019-09-09 15:00:00,2019-09-10 09:30:00,[ 0.45714286 -0.00733496  1.77769314],19695.226882905103,1.0388990319401121,0.002,0,BUY,NATIVE_ELIGIBLE,NATIVE_ADAPTER_ACTUAL_FUNDED_STATE,,MAIN,19818.042962147854,20502.274846775967
MCB,MCB,DEMAND,V72|V65|MEDIUM_PARTICIPATION|V53-20190909-300218.SZ,,300218.SZ,2019-09-09 15:00:00,2019-09-10 09:30:00,[ 0.45714286 -0.09510086  1.79516709],14300.438423334548,1.3476015139326059,0.002,0,BUY,NATIVE_ELIGIBLE,NATIVE_ADAPTER_ACTUAL_FUNDED_STATE,,CHINEXT,186888.8164370968,19309.835054124014
MCB,MCB,DEMAND,V72|V65|MEDIUM_PARTICIPATION|V53-20190909-601208.SH,,601208.SH,2019-09-09 15:00:00,2019-09-10 09:30:00,[ 0.45714286 -0.10150595  1.65884923],23243.874248657532,0.8802900894919763,0.002,0,BUY,NATIVE_ELIGIBLE,NATIVE_ADAPTER_ACTUAL_FUNDED_STATE,,MAIN,19818.042962147854,20502.274846775963
MCB,MCB,DEMAND,V72|V65|MEDIUM_PARTICIPATION|V53-20190909-300717.SZ,,300717.SZ,2019-09-09 15:00:00,2019-09-10 09:30:00,[ 0.45714286 -0.13333333  1.54906171],13784.66046927744,1.3980244571229403,0.002,0,BUY,NATIVE_ELIGIBLE,NATIVE_ADAPTER_ACTUAL_FUNDED_STATE,,CHINEXT,167578.98138297256,19309.83505412402
MCB,MCB,DEMAND,V72|V65|MEDIUM_PARTICIPATION|V53-20190909-002762.SZ,,002762.SZ,2019-09-09 15:00:00,2019-09-10 09:30:00,[ 0.39130435 -0.01265823  1.72785244],25357.013724729335,0.8069306726973186,0.002,0,BUY,NATIVE_ELIGIBLE,NATIVE_ADAPTER_ACTUAL_FUNDED_STATE,,MAIN,19818.042962147854,20502.274846775963
MCB,MCB,DEMAND,V72|V65|MEDIUM_PARTICIPATION|V53-20190909-002573.SZ,,002573.SZ,2019-09-09 15:00:00,2019-09-10 09:30:00,[ 0.38983051 -0.01953013  1.75514543],12951.394508863832,1.579857067012158,0.002,0,BUY,NATIVE_ELIGIBLE,NATIVE_ADAPTER_ACTUAL_FUNDED_STATE,,MAIN,19818.042962147854,20502.274846775963
MCB,MCB,DEMAND,V72|V65|MEDIUM_PARTICIPATION|V53-20190909-603200.SH,,603200.SH,2019-09-09 15:00:00,2019-09-10 09:30:00,[ 0.38983051 -0.09351068  3.02619923],13035.043482589856,1.569718748527384,0.002,0,BUY,NATIVE_ELIGIBLE,NATIVE_ADAPTER_ACTUAL_FUNDED_STATE,,MAIN,19818.042962147854,20502.274846775963
MCB,MCB,DEMAND,V72|V65|MEDIUM_PARTICIPATION|V53-20190909-600461.SH,,600461.SH,2019-09-09 15:00:00,2019-09-10 09:30:00,[ 0.38983051 -0.12506545  2.75038699],11307.604466624145,1.8095213891576507,0.002,0,BUY,NATIVE_ELIGIBLE,NATIVE_ADAPTER_ACTUAL_FUNDED_STATE,,MAIN,19818.042962147854,20502.27484677596
MCB,MCB,DEMAND,V72|V65|MEDIUM_PARTICIPATION|V53-20190909-300066.SZ,,300066.SZ,2019-09-09 15:00:00,2019-09-10 09:30:00,[ 0.38124034 -0.01219512  1.91792829],5097.50207010578,3.7805364674988238,0.002,0,BUY,NATIVE_ELIGIBLE,NATIVE_ADAPTER_ACTUAL_FUNDED_STATE,,CHINEXT,148269.14632884832,19309.835054124018
MCB,MCB,DEMAND,V72|V65|MEDIUM_PARTICIPATION|V53-20190909-603100.SH,,603100.SH,2019-09-09 15:00:00,2019-09-10 09:30:00,[ 0.38124034 -0.01685393  1.61680168],20600.297618656285,0.9932551714185203,0.002,0,BUY,NATIVE_ELIGIBLE,NATIVE_ADAPTER_ACTUAL_FUNDED_STATE,,MAIN,19818.042962147854,20502.274846775963
MCB,MCB,DEMAND,V72|V65|MEDIUM_PARTICIPATION|V53-20190909-300263.SZ,,300263.SZ,2019-09-09 15:00:00,2019-09-10 09:30:00,[ 0.38124034 -0.01724138  1.81747895],10436.735970705948,1.8464865378674635,0.002,0,BUY,NATIVE_ELIGIBLE,NATIVE_ADAPTER_ACTUAL_FUNDED_STATE,,CHINEXT,128959.31127472408,19309.835054124018
MCB,MCB,DEMAND,V72|V65|MEDIUM_PARTICIPATION|V53-20190909-603331.SH,,603331.SH,2019-09-09 15:00:00,2019-09-10 09:30:00,[ 0.38124034 -0.0211049   1.8131406 ],16880.758079867566,1.2121109754480592,0.002,0,BUY,NATIVE_ELIGIBLE,NATIVE_ADAPTER_ACTUAL_FUNDED_STATE,,MAIN,19818.042962147854,20502.274846775967
MCB,MCB,DEMAND,V72|V65|MEDIUM_PARTICIPATION|V53-20190909-300720.SZ,,300720.SZ,2019-09-09 15:00:00,2019-09-10 09:30:00,[ 0.38124034 -0.02620087  1.96221274],12973.292550050777,1.485458868273977,0.002,0,BUY,NATIVE_ELIGIBLE,NATIVE_ADAPTER_ACTUAL_FUNDED_STATE,,CHINEXT,109649.47622059984,19309.835054124018
MCB,MCB,DEMAND,V72|V65|MEDIUM_PARTICIPATION|V53-20190909-002058.SZ,,002058.SZ,2019-09-09 15:00:00,2019-09-10 09:30:00,[ 0.38124034 -0.02734952  2.5446875 ],8453.354348948804,2.420500939373895,0.002,0,BUY,NATIVE_ELIGIBLE,NATIVE_ADAPTER_ACTUAL_FUNDED_STATE,,MAIN,19818.042962147854,20502.274846775963
MCB,MCB,DEMAND,V72|V65|MEDIUM_PARTICIPATION|V53-20190909-000530.SZ,,000530.SZ,2019-09-09 15:00:00,2019-09-10 09:30:00,[ 0.38124034 -0.04895325  2.07527945],13566.203847888579,1.508259227998815,0.002,0,BUY,NATIVE_ELIGIBLE,NATIVE_ADAPTER_ACTUAL_FUNDED_STATE,,MAIN,19818.042962147854,20502.274846775963
MCB,MCB,DEMAND,V72|V65|MEDIUM_PARTICIPATION|V53-20190909-300557.SZ,,300557.SZ,2019-09-09 15:00:00,2019-09-10 09:30:00,[ 0.38124034 -0.09629638  1.72189436],13018.736108092333,1.4802736847248006,0.002,0,BUY,NATIVE_ELIGIBLE,NATIVE_ADAPTER_ACTUAL_FUNDED_STATE,,CHINEXT,90339.6411664756,19309.835054124018
MCB,MCB,DEMAND,V72|V65|MEDIUM_PARTICIPATION|V53-20190909-603757.SH,,603757.SH,2019-09-09 15:00:00,2019-09-10 09:30:00,[ 0.38124034 -0.14531138  3.41410562],19080.283915531418,1.0723819537001422,0.002,0,BUY,NATIVE_ELIGIBLE,NATIVE_ADAPTER_ACTUAL_FUNDED_STATE,,MAIN,19818.042962147854,20502.274846775963
MCB,MCB,DEMAND,V72|V65|MEDIUM_PARTICIPATION|V53-20190909-002682.SZ,,002682.SZ,2019-09-09 15:00:00,2019-09-10 09:30:00,[ 0.37837838 -0.02836566  1.56046698],16355.606243039156,1.2510298816468026,0.002,0,BUY,NATIVE_ELIGIBLE,NATIVE_ADAPTER_ACTUAL_FUNDED_STATE,,MAIN,19818.042962147854,20502.274846775963
MCB,MCB,DEMAND,V72|V65|MEDIUM_PARTICIPATION|V53-20190909-300132.SZ,,300132.SZ,2019-09-09 15:00:00,2019-09-10 09:30:00,[ 0.375     -0.0346487  1.6915937],6858.365126062365,2.8098959613499015,0.002,0,BUY,NATIVE_ELIGIBLE,NATIVE_ADAPTER_ACTUAL_FUNDED_STATE,,CHINEXT,71029.80611235136,19309.835054124018
MCB,MCB,DEMAND,V72|V65|MEDIUM_PARTICIPATION|V53-20190909-300024.SZ,,300024.SZ,2019-09-09 15:00:00,2019-09-10 09:30:00,[ 0.36666667 -0.05993266  2.29353239],6545.244987476506,2.944319503098633,0.002,0,BUY,NATIVE_ELIGIBLE,NATIVE_ADAPTER_ACTUAL_FUNDED_STATE,,CHINEXT,51719.97105822712,19309.835054124018
MCB,MCB,DEMAND,V72|V65|MEDIUM_PARTICIPATION|V53-20190909-300097.SZ,,300097.SZ,2019-09-09 15:00:00,2019-09-10 09:30:00,[ 0.36666667 -0.06813627  3.62890293],5979.330403836345,3.2229850447503563,0.002,0,BUY,NATIVE_ELIGIBLE,NATIVE_ADAPTER_ACTUAL_FUNDED_STATE,,CHINEXT,32410.136004102882,19309.83505412402
MCB,MCB,DEMAND,V72|V65|MEDIUM_PARTICIPATION|V53-20190909-600667.SH,,600667.SH,2019-09-09 15:00:00,2019-09-10 09:30:00,[ 0.36363636 -0.07549669  2.49695569],9156.995917088405,2.234504888694649,0.002,0,BUY,NATIVE_ELIGIBLE,NATIVE_ADAPTER_ACTUAL_FUNDED_STATE,,MAIN,19818.042962147854,20502.274846775963
MCB,MCB,DEMAND,V72|V65|MEDIUM_PARTICIPATION|V53-20190909-603559.SH,,603559.SH,2019-09-09 15:00:00,2019-09-10 09:30:00,[ 0.34482759 -0.00581897  2.76174056],7916.256407580111,2.584725795755993,0.002,0,BUY,NATIVE_ELIGIBLE,NATIVE_ADAPTER_ACTUAL_FUNDED_STATE,,MAIN,19818.042962147854,20502.27484677596
MCB,MCB,DEMAND,V72|V65|MEDIUM_PARTICIPATION|V53-20190909-600050.SH,,600050.SH,2019-09-09 15:00:00,2019-09-10 09:30:00,[ 0.34482759 -0.0519207   1.63799834],9679.39821257316,2.113907465436486,0.002,0,BUY,NATIVE_ELIGIBLE,NATIVE_ADAPTER_ACTUAL_FUNDED_STATE,,MAIN,19818.042962147854,20502.274846775963
MCB,MCB,DEMAND,V72|V65|MEDIUM_PARTICIPATION|V53-20190909-603220.SH,,603220.SH,2019-09-09 15:00:00,2019-09-10 09:30:00,[ 0.34482759 -0.11368496  2.19062666],7421.484146960676,2.757043165128976,0.002,0,BUY,NATIVE_ELIGIBLE,NATIVE_ADAPTER_ACTUAL_FUNDED_STATE,,MAIN,19818.042962147854,20502.274846775963
MCB,MCB,DEMAND,V72|V65|MEDIUM_PARTICIPATION|V53-20190909-600335.SH,,600335.SH,2019-09-09 15:00:00,2019-09-10 09:30:00,[ 0.33333333 -0.01878613  1.68448555],22971.8142249114,0.8907155500283478,0.002,0,BUY,NATIVE_ELIGIBLE,NATIVE_ADAPTER_ACTUAL_FUNDED_STATE,,MAIN,19818.042962147854,20502.274846775963
MCB,MCB,DEMAND,V72|V65|MEDIUM_PARTICIPATION|V53-20190909-603303.SH,,603303.SH,2019-09-09 15:00:00,2019-09-10 09:30:00,[ 0.33333333 -0.03547672  2.18558356],26566.436518655675,0.7701955860027543,0.002,0,BUY,NATIVE_ELIGIBLE,NATIVE_ADAPTER_ACTUAL_FUNDED_STATE,,MAIN,19818.042962147854,20502.27484677596
MCB,MCB,DEMAND,V72|V65|MEDIUM_PARTICIPATION|V53-20190909-000829.SZ,,000829.SZ,2019-09-09 15:00:00,2019-09-10 09:30:00,[ 0.33333333 -0.04456328  1.54982785],13663.330960030686,1.4975376211222968,0.002,0,BUY,NATIVE_ELIGIBLE,NATIVE_ADAPTER_ACTUAL_FUNDED_STATE,,MAIN,19818.042962147854,20502.274846775963
MCB,MCB,DEMAND,V72|V65|MEDIUM_PARTICIPATION|V53-20190909-600754.SH,,600754.SH,2019-09-09 15:00:00,2019-09-10 09:30:00,[ 0.33333333 -0.06292517  2.09574072],9925.42670795078,2.061508562256611,0.002,0,BUY,NATIVE_ELIGIBLE,NATIVE_ADAPTER_ACTUAL_FUNDED_STATE,,MAIN,19818.042962147854,20502.274846775963
MCB,MCB,DEMAND,V72|V65|MEDIUM_PARTICIPATION|V53-20190909-002416.SZ,,002416.SZ,2019-09-09 15:00:00,2019-09-10 09:30:00,[ 0.33333333 -0.12476008  2.12215345],14139.433549870679,1.4471125784722914,0.002,0,BUY,NATIVE_ELIGIBLE,NATIVE_ADAPTER_ACTUAL_FUNDED_STATE,,MAIN,19818.042962147854,20502.274846775963
MCB,MCB,DEMAND,V72|V65|MEDIUM_PARTICIPATION|V53-20190909-002309.SZ,,002309.SZ,2019-09-09 15:00:00,2019-09-10 09:30:00,[ 0.3030303  -0.08006042  1.69713369],31411.203870437766,0.6514029906936457,0.002,0,BUY,NATIVE_ELIGIBLE,NATIVE_ADAPTER_ACTUAL_FUNDED_STATE,,MAIN,19818.042962147854,20502.274846775963
MCB,MCB,DEMAND,V72|V65|MEDIUM_PARTICIPATION|V53-20190909-603286.SH,,603286.SH,2019-09-09 15:00:00,2019-09-10 09:30:00,[ 0.3028169  -0.03432343  1.94557502],14720.312906886324,1.3900079619176393,0.002,0,BUY,NATIVE_ELIGIBLE,NATIVE_ADAPTER_ACTUAL_FUNDED_STATE,,MAIN,19818.042962147854,20502.27484677596
MCB,MCB,DEMAND,V72|V65|MEDIUM_PARTICIPATION|V53-20190909-000570.SZ,,000570.SZ,2019-09-09 15:00:00,2019-09-10 09:30:00,[ 0.3028169  -0.0504358   2.62970732],22631.04067518805,0.9041277613417112,0.002,0,BUY,NATIVE_ELIGIBLE,NATIVE_ADAPTER_ACTUAL_FUNDED_STATE,,MAIN,19818.042962147854,20502.274846775963
MCB,MCB,DEMAND,V72|V65|MEDIUM_PARTICIPATION|V53-20190909-002906.SZ,,002906.SZ,2019-09-09 15:00:00,2019-09-10 09:30:00,[ 0.3028169  -0.07978241  1.939647  ],33557.767794886626,0.6097351965588362,0.002,0,BUY,NATIVE_ELIGIBLE,NATIVE_ADAPTER_ACTUAL_FUNDED_STATE,,MAIN,19818.042962147854,20502.274846775963
MCB,MCB,DEMAND,V72|V65|MEDIUM_PARTICIPATION|V53-20190909-002009.SZ,,002009.SZ,2019-09-09 15:00:00,2019-09-10 09:30:00,[ 0.29680598 -0.00470588  1.90283022],17708.1296683778,1.1554778808193242,0.002,0,BUY,NATIVE_ELIGIBLE,NATIVE_ADAPTER_ACTUAL_FUNDED_STATE,,MAIN,19818.042962147854,20502.274846775963
MCB,MCB,DEMAND,V72|V65|MEDIUM_PARTICIPATION|V53-20190909-600582.SH,,600582.SH,2019-09-09 15:00:00,2019-09-10 09:30:00,[ 0.29680598 -0.01702388  1.94202046],29620.75701427537,0.6907774886587091,0.002,0,BUY,NATIVE_ELIGIBLE,NATIVE_ADAPTER_ACTUAL_FUNDED_STATE,,MAIN,19818.042962147854,20502.274846775963
MCB,MCB,DEMAND,V72|V65|MEDIUM_PARTICIPATION|V53-20190909-603029.SH,,603029.SH,2019-09-09 15:00:00,2019-09-10 09:30:00,[ 0.29680598 -0.01725328  2.24026484],17695.245697531074,1.1563191883425414,0.002,0,BUY,NATIVE_ELIGIBLE,NATIVE_ADAPTER_ACTUAL_FUNDED_STATE,,MAIN,19818.042962147854,20502.274846775963
MCB,MCB,DEMAND,V72|V65|MEDIUM_PARTICIPATION|V53-20190909-002523.SZ,,002523.SZ,2019-09-09 15:00:00,2019-09-10 09:30:00,[ 0.29680598 -0.02019132  2.95061373],6883.534433562414,2.9725066882394717,0.002,0,BUY,NATIVE_ELIGIBLE,NATIVE_ADAPTER_ACTUAL_FUNDED_STATE,,MAIN,19818.042962147854,20502.27484677596
MCB,MCB,DEMAND,V72|V65|MEDIUM_PARTICIPATION|V53-20190909-002816.SZ,,002816.SZ,2019-09-09 15:00:00,2019-09-10 09:30:00,[ 0.29680598 -0.04955443  1.68949737],12543.980892831081,1.6311689500567317,0.002,0,BUY,NATIVE_ELIGIBLE,NATIVE_ADAPTER_ACTUAL_FUNDED_STATE,,MAIN,19818.042962147854,20502.27484677596
MCB,MCB,DEMAND,V72|V65|MEDIUM_PARTICIPATION|V53-20190909-603337.SH,,603337.SH,2019-09-09 15:00:00,2019-09-10 09:30:00,[ 0.29680598 -0.04968339  2.03812827],10402.105992866225,1.9670393818831877,0.002,0,BUY,NATIVE_ELIGIBLE,NATIVE_ADAPTER_ACTUAL_FUNDED_STATE,,MAIN,19818.042962147854,20502.274846775963
MCB,MCB,DEMAND,V72|V65|MEDIUM_PARTICIPATION|V53-20190909-600843.SH,,600843.SH,2019-09-09 15:00:00,2019-09-10 09:30:00,[ 0.29680598 -0.05616438  1.51246256],17943.43963790983,1.1403249630723786,0.002,0,BUY,NATIVE_ELIGIBLE,NATIVE_ADAPTER_ACTUAL_FUNDED_STATE,,MAIN,19818.042962147854,20502.274846775963
MCB,MCB,DEMAND,V72|V65|MEDIUM_PARTICIPATION|V53-20190909-603488.SH,,603488.SH,2019-09-09 15:00:00,2019-09-10 09:30:00,[ 0.29680598 -0.05752754  1.60474699],25156.521493317305,0.8133617419215303,0.002,0,BUY,NATIVE_ELIGIBLE,NATIVE_ADAPTER_ACTUAL_FUNDED_STATE,,MAIN,19818.042962147854,20502.274846775963
MCB,MCB,DEMAND,V72|V65|MEDIUM_PARTICIPATION|V53-20190909-601218.SH,,601218.SH,2019-09-09 15:00:00,2019-09-10 09:30:00,[ 0.29411765 -0.03103448  1.57338955],22948.36799616691,0.8916255894932772,0.002,0,BUY,NATIVE_ELIGIBLE,NATIVE_ADAPTER_ACTUAL_FUNDED_STATE,,MAIN,19818.042962147854,20502.27484677596
MCB,MCB,DEMAND,V72|V65|MEDIUM_PARTICIPATION|V53-20190909-002487.SZ,,002487.SZ,2019-09-09 15:00:00,2019-09-10 09:30:00,[ 0.29411765 -0.13829059  1.63723925],13295.77283060596,1.5389366532639868,0.002,0,BUY,NATIVE_ELIGIBLE,NATIVE_ADAPTER_ACTUAL_FUNDED_STATE,,MAIN,19818.042962147854,20502.274846775963
MCB,MCB,DEMAND,V72|V65|MEDIUM_PARTICIPATION|V53-20190909-603985.SH,,603985.SH,2019-09-09 15:00:00,2019-09-10 09:30:00,[ 0.29411765 -0.14371658  1.8665103 ],22529.912065312335,0.9081860631845889,0.002,0,BUY,NATIVE_ELIGIBLE,NATIVE_ADAPTER_ACTUAL_FUNDED_STATE,,MAIN,19818.042962147854,20502.274846775963
MCB,MCB,DEMAND,V72|V65|MEDIUM_PARTICIPATION|V53-20190909-601311.SH,,601311.SH,2019-09-09 15:00:00,2019-09-10 09:30:00,[ 0.29166667 -0.01994055  1.70455375],15729.801259793574,1.3008016951105141,0.002,0,BUY,NATIVE_ELIGIBLE,NATIVE_ADAPTER_ACTUAL_FUNDED_STATE,,MAIN,19818.042962147854,20502.274846775963
MCB,MCB,DEMAND,V72|V65|MEDIUM_PARTICIPATION|V53-20190909-002079.SZ,,002079.SZ,2019-09-09 15:00:00,2019-09-10 09:30:00,[ 0.29166667 -0.02913907  2.13386492],10868.275984891288,1.882667699176545,0.002,0,BUY,NATIVE_ELIGIBLE,NATIVE_ADAPTER_ACTUAL_FUNDED_STATE,,MAIN,19818.042962147854,20502.274846775963
MCB,MCB,DEMAND,V72|V65|MEDIUM_PARTICIPATION|V53-20190909-600884.SH,,600884.SH,2019-09-09 15:00:00,2019-09-10 09:30:00,[ 0.29166667 -0.10659936  2.66306901],8148.953839680439,2.510917664407015,0.002,0,BUY,NATIVE_ELIGIBLE,NATIVE_ADAPTER_ACTUAL_FUNDED_STATE,,MAIN,19818.042962147854,20502.274846775967
MCB,MCB,DEMAND,V72|V65|MEDIUM_PARTICIPATION|V53-20190909-000801.SZ,,000801.SZ,2019-09-09 15:00:00,2019-09-10 09:30:00,[ 0.28571429 -0.0215481   2.1021187 ],12041.90521148096,1.6991789740200558,0.002,0,BUY,NATIVE_ELIGIBLE,NATIVE_ADAPTER_ACTUAL_FUNDED_STATE,,MAIN,19818.042962147854,20502.274846775963
MCB,MCB,DEMAND,V72|V65|MEDIUM_PARTICIPATION|V53-20190909-002546.SZ,,002546.SZ,2019-09-09 15:00:00,2019-09-10 09:30:00,[ 0.28235294 -0.03401361  1.90044982],14658.839079378951,1.395837148609852,0.002,0,BUY,NATIVE_ELIGIBLE,NATIVE_ADAPTER_ACTUAL_FUNDED_STATE,,MAIN,19818.042962147854,20502.274846775963
MCB,MCB,DEMAND,V72|V65|MEDIUM_PARTICIPATION|V53-20190909-002857.SZ,,002857.SZ,2019-09-09 15:00:00,2019-09-10 09:30:00,[ 0.28235294 -0.07817307  1.51608322],12720.945699279007,1.6084772803998904,0.002,0,BUY,NATIVE_ELIGIBLE,NATIVE_ADAPTER_ACTUAL_FUNDED_STATE,,MAIN,19818.042962147854,20502.27484677596
MCB,MCB,DEMAND,V72|V65|MEDIUM_PARTICIPATION|V53-20190909-002298.SZ,,002298.SZ,2019-09-09 15:00:00,2019-09-10 09:30:00,[ 0.28235294 -0.08928784  3.39929834],20891.10479860615,0.9794289167443244,0.002,0,BUY,NATIVE_ELIGIBLE,NATIVE_ADAPTER_ACTUAL_FUNDED_STATE,,MAIN,19818.042962147854,20502.27484677596
MCB,MCB,DEMAND,V72|V65|MEDIUM_PARTICIPATION|V53-20190909-000701.SZ,,000701.SZ,2019-09-09 15:00:00,2019-09-10 09:30:00,[ 0.27272727 -0.01029142  2.55241958],24760.043234057706,0.826385961812303,0.002,0,BUY,NATIVE_ELIGIBLE,NATIVE_ADAPTER_ACTUAL_FUNDED_STATE,,MAIN,19818.042962147854,20502.274846775963
MCB,MCB,DEMAND,V72|V65|MEDIUM_PARTICIPATION|V53-20190909-603685.SH,,603685.SH,2019-09-09 15:00:00,2019-09-10 09:30:00,[ 0.26315789 -0.0306699   1.5123038 ],26544.42571406801,0.7708342370220079,0.002,0,BUY,NATIVE_ELIGIBLE,NATIVE_ADAPTER_ACTUAL_FUNDED_STATE,,MAIN,19818.042962147854,20502.274846775963
MCB,MCB,DEMAND,V72|V65|MEDIUM_PARTICIPATION|V53-20190909-002222.SZ,,002222.SZ,2019-09-09 15:00:00,2019-09-10 09:30:00,[ 0.26315789 -0.0621118   2.4697702 ],6365.819919759869,3.2142524294439707,0.002,0,BUY,NATIVE_ELIGIBLE,NATIVE_ADAPTER_ACTUAL_FUNDED_STATE,,MAIN,19818.042962147854,20502.274846775963
MCB,MCB,DEMAND,V72|V65|MEDIUM_PARTICIPATION|V53-20190909-000100.SZ,,000100.SZ,2019-09-09 15:00:00,2019-09-10 09:30:00,[ 0.26315789 -0.11285266  2.19755245],10903.85504847281,1.8765245916724462,0.002,0,BUY,NATIVE_ELIGIBLE,NATIVE_ADAPTER_ACTUAL_FUNDED_STATE,,MAIN,19818.042962147854,20502.274846775963
MCB,MCB,DEMAND,V72|V65|MEDIUM_PARTICIPATION|V53-20190909-600552.SH,,600552.SH,2019-09-09 15:00:00,2019-09-10 09:30:00,[ 0.26315789 -0.13157895  2.53661023],19773.382195745162,1.0347927299404478,0.002,0,BUY,NATIVE_ELIGIBLE,NATIVE_ADAPTER_ACTUAL_FUNDED_STATE,,MAIN,19818.042962147854,20502.274846775963
MCB,MCB,DEMAND,V72|V65|MEDIUM_PARTICIPATION|V53-20190909-603297.SH,,603297.SH,2019-09-09 15:00:00,2019-09-10 09:30:00,[ 0.26315789 -0.14136952  2.33517785],14757.451628090394,1.3865098567250849,0.002,0,BUY,NATIVE_ELIGIBLE,NATIVE_ADAPTER_ACTUAL_FUNDED_STATE,,MAIN,19818.042962147854,20502.274846775963
MCB,MCB,DEMAND,V72|V65|MEDIUM_PARTICIPATION|V53-20190909-600751.SH,,600751.SH,2019-09-09 15:00:00,2019-09-10 09:30:00,[ 0.25925926 -0.0221519   1.56724198],46985.32714201638,0.4354838709677415,0.002,0,BUY,NATIVE_ELIGIBLE,NATIVE_ADAPTER_ACTUAL_FUNDED_STATE,,MAIN,19818.042962147854,20502.274846775967
MCB,MCB,DEMAND,V72|V65|MEDIUM_PARTICIPATION|V53-20190909-600522.SH,,600522.SH,2019-09-09 15:00:00,2019-09-10 09:30:00,[ 0.25862069 -0.01892999  2.1652999 ],6586.095779429953,3.1067498602733616,0.002,0,BUY,NATIVE_ELIGIBLE,NATIVE_ADAPTER_ACTUAL_FUNDED_STATE,,MAIN,19818.042962147854,20502.274846775963
MCB,MCB,DEMAND,V72|V65|MEDIUM_PARTICIPATION|V53-20190909-002296.SZ,,002296.SZ,2019-09-09 15:00:00,2019-09-10 09:30:00,[ 0.25862069 -0.10971787  1.67154488],22516.250028512954,0.9087371172633188,0.002,0,BUY,NATIVE_ELIGIBLE,NATIVE_ADAPTER_ACTUAL_FUNDED_STATE,,MAIN,19818.042962147854,20502.274846775963
MCB,MCB,DEMAND,V72|V65|MEDIUM_PARTICIPATION|V53-20190909-600939.SH,,600939.SH,2019-09-09 15:00:00,2019-09-10 09:30:00,[ 0.25       -0.03017032  1.65538184],17821.372070783946,1.1481356239699958,0.002,0,BUY,NATIVE_ELIGIBLE,NATIVE_ADAPTER_ACTUAL_FUNDED_STATE,,MAIN,19818.042962147854,20502.274846775963
MCB,MCB,DEMAND,V72|V65|MEDIUM_PARTICIPATION|V53-20190909-600248.SH,,600248.SH,2019-09-09 15:00:00,2019-09-10 09:30:00,[ 0.25       -0.05507047  1.60706928],23382.318628160047,0.8750779795571147,0.002,0,BUY,NATIVE_ELIGIBLE,NATIVE_ADAPTER_ACTUAL_FUNDED_STATE,,MAIN,19818.042962147854,20502.274846775963
MCB,MCB,DEMAND,V72|V65|MEDIUM_PARTICIPATION|V53-20190909-300124.SZ,,300124.SZ,2019-09-09 15:00:00,2019-09-11 09:30:00,[ 0.36666667 -0.06919885  2.31518142],4272.201394928825,4.501628394345725,0.002,0,BUY,NATIVE_ELIGIBLE,NATIVE_ADAPTER_ACTUAL_FUNDED_STATE,,CHINEXT,34748.17589064501,19270.326831986564
MCB,MCB,DEMAND,V72|V65|EARLY_TRANSITION|V53-20191213-600754.SH,,600754.SH,2019-12-13 15:00:00,2019-12-16 09:30:00,[ 0.5        -0.07535642  3.11063666],8968.157863966806,2.2068021580660786,0.002,0,BUY,NATIVE_ELIGIBLE,NATIVE_ADAPTER_ACTUAL_FUNDED_STATE,,MAIN,594915.9608500614,19830.53202833538
MCB,MCB,DEMAND,V72|V65|EARLY_TRANSITION|V53-20191213-002632.SZ,,002632.SZ,2019-12-13 15:00:00,2019-12-16 09:30:00,[ 0.42857143 -0.13572543  1.97545032],7829.146499631697,2.527855383598996,0.002,0,BUY,NATIVE_ELIGIBLE,NATIVE_ADAPTER_ACTUAL_FUNDED_STATE,,MAIN,575085.4288217258,19830.53202833538
MCB,MCB,DEMAND,V72|V65|EARLY_TRANSITION|V53-20191213-603895.SH,,603895.SH,2019-12-13 15:00:00,2019-12-16 09:30:00,[ 0.42201835 -0.08185053  1.89227816],14451.591835532805,1.3694650633169894,0.002,0,BUY,NATIVE_ELIGIBLE,NATIVE_ADAPTER_ACTUAL_FUNDED_STATE,,MAIN,555254.8967933906,19830.532028335376
MCB,MCB,DEMAND,V72|V65|EARLY_TRANSITION|V53-20191213-300329.SZ,,300329.SZ,2019-12-13 15:00:00,2019-12-16 09:30:00,[ 0.30769231 -0.08090186  1.58408916],9788.538914965176,1.8855123890329806,0.002,0,BUY,NATIVE_ELIGIBLE,NATIVE_ADAPTER_ACTUAL_FUNDED_STATE,,CHINEXT,554799.7265246306,18493.324217487687
MCB,MCB,DEMAND,V72|V65|EARLY_TRANSITION|V53-20191213-000659.SZ,,000659.SZ,2019-12-13 15:00:00,2019-12-16 09:30:00,[ 0.3        -0.03146853  3.62829619],18315.014864290264,1.0805860805860805,0.002,0,BUY,NATIVE_ELIGIBLE,NATIVE_ADAPTER_ACTUAL_FUNDED_STATE,,MAIN,535424.3647650555,19830.53202833538
MCB,MCB,DEMAND,V72|V65|EARLY_TRANSITION|V53-20191216-000712.SZ,,000712.SZ,2019-12-16 15:00:00,2019-12-17 09:30:00,[ 0.33333333 -0.05310396  2.50819107],7547.705459715569,2.626485798958112,0.002,0,BUY,NATIVE_ELIGIBLE,NATIVE_ADAPTER_ACTUAL_FUNDED_STATE,,MAIN,515593.83273671987,19863.589087070875
MCB,MCB,DEMAND,V72|V65|EARLY_TRANSITION|V53-20191216-300295.SZ,,300295.SZ,2019-12-16 15:00:00,2019-12-17 09:30:00,[ 0.27272727 -0.06371406  3.39329238],20879.107777307454,0.8837262988592692,0.002,0,BUY,NATIVE_ELIGIBLE,NATIVE_ADAPTER_ACTUAL_FUNDED_STATE,,CHINEXT,536306.402307143,18488.31947280275
MCB,MCB,DEMAND,V72|V65|EARLY_TRANSITION|V53-20191216-300286.SZ,,300286.SZ,2019-12-16 15:00:00,2019-12-17 09:30:00,[ 0.26330532 -0.02592593  1.77259392],9150.928005768399,2.0163437662161283,0.002,0,BUY,NATIVE_ELIGIBLE,NATIVE_ADAPTER_ACTUAL_FUNDED_STATE,,CHINEXT,517818.08283434017,18488.319472802745
MCB,MCB,DEMAND,V72|V65|EARLY_TRANSITION|V53-20191216-002452.SZ,,002452.SZ,2019-12-16 15:00:00,2019-12-17 09:30:00,[ 0.26330532 -0.14578588  2.01667167],10811.209285466774,1.8336469752102902,0.002,0,BUY,NATIVE_ELIGIBLE,NATIVE_ADAPTER_ACTUAL_FUNDED_STATE,,MAIN,495730.24364964897,19863.589087070875
MCB,MCB,DEMAND,V72|V65|EARLY_TRANSITION|V53-20191218-600517.SH,,600517.SH,2019-12-18 15:00:00,2019-12-19 09:30:00,[ 0.44       -0.08867667  3.14480815],16986.620254709065,1.1710562227507162,0.002,0,BUY,NATIVE_ELIGIBLE,NATIVE_ADAPTER_ACTUAL_FUNDED_STATE,,MAIN,475866.6545625781,19932.07192748597
MCB,MCB,DEMAND,V72|V65|EARLY_TRANSITION|V53-20191218-300479.SZ,,300479.SZ,2019-12-18 15:00:00,2019-12-19 09:30:00,[ 0.35849057 -0.00384615  2.23173639],9297.269018584966,1.9879913407803809,0.002,0,BUY,NATIVE_ELIGIBLE,NATIVE_ADAPTER_ACTUAL_FUNDED_STATE,,CHINEXT,499329.76336153736,18519.85608245633
MCB,MCB,DEMAND,V72|V65|EARLY_TRANSITION|V53-20191218-002056.SZ,,002056.SZ,2019-12-18 15:00:00,2019-12-19 09:30:00,[ 0.33333333 -0.09855072  2.29657812],8830.260902604152,2.252740612331616,0.002,0,BUY,NATIVE_ELIGIBLE,NATIVE_ADAPTER_ACTUAL_FUNDED_STATE,,MAIN,455934.5826350921,19932.071927485966
MCB,MCB,DEMAND,V72|V65|EARLY_TRANSITION|V53-20191218-603898.SH,,603898.SH,2019-12-18 15:00:00,2019-12-19 09:30:00,[ 0.33333333 -0.01779829  2.8600275 ],11531.514695759437,1.7250368123881878,0.002,0,BUY,NATIVE_ELIGIBLE,NATIVE_ADAPTER_ACTUAL_FUNDED_STATE,,MAIN,436002.5107076061,19932.071927485966
MCB,MCB,DEMAND,V72|V65|EARLY_TRANSITION|V53-20191219-603717.SH,,603717.SH,2019-12-19 15:00:00,2019-12-20 09:30:00,[ 0.5625     -0.02191465  1.72392884],31252.153119138926,0.6377408337488651,0.002,0,BUY,NATIVE_ELIGIBLE,NATIVE_ADAPTER_ACTUAL_FUNDED_STATE,,MAIN,416070.4387801201,19970.635735020147
MCB,MCB,DEMAND,V72|V65|EARLY_TRANSITION|V53-20191219-300155.SZ,,300155.SZ,2019-12-19 15:00:00,2019-12-20 09:30:00,[ 0.50943396 -0.03612167  2.59396095],14009.358960113865,1.3208916520389917,0.002,0,BUY,NATIVE_ELIGIBLE,NATIVE_ADAPTER_ACTUAL_FUNDED_STATE,,CHINEXT,480809.9072790812,18541.854991433716
MCB,MCB,DEMAND,V72|V65|EARLY_TRANSITION|V53-20191219-603608.SH,,603608.SH,2019-12-19 15:00:00,2019-12-20 09:30:00,[ 0.5        -0.00758725  3.50089198],27984.721776629616,0.7122019774122352,0.002,0,BUY,NATIVE_ELIGIBLE,NATIVE_ADAPTER_ACTUAL_FUNDED_STATE,,MAIN,396099.80304510007,19970.635735020147
MCB,MCB,DEMAND,V72|V65|EARLY_TRANSITION|V53-20191219-300005.SZ,,300005.SZ,2019-12-19 15:00:00,2019-12-20 09:30:00,[ 0.5        -0.06138107  2.42799517],31458.039307553074,0.5882389909910577,0.002,0,BUY,NATIVE_ELIGIBLE,NATIVE_ADAPTER_ACTUAL_FUNDED_STATE,,CHINEXT,462268.0522876475,18541.854991433713
MCB,MCB,DEMAND,V72|V65|EARLY_TRANSITION|V53-20191219-002928.SZ,,002928.SZ,2019-12-19 15:00:00,2019-12-20 09:30:00,[ 0.38461538 -0.07282913  1.70551341],33842.301278337756,0.5889308183484678,0.002,0,BUY,NATIVE_ELIGIBLE,NATIVE_ADAPTER_ACTUAL_FUNDED_STATE,,MAIN,376129.16731008,19970.635735020147
MCB,MCB,DEMAND,V72|V65|EARLY_TRANSITION|V53-20191219-300257.SZ,,300257.SZ,2019-12-19 15:00:00,2019-12-20 09:30:00,[ 0.33333333 -0.10251451  2.12368077],21401.959060036224,0.8646332445045211,0.002,0,BUY,NATIVE_ELIGIBLE,NATIVE_ADAPTER_ACTUAL_FUNDED_STATE,,CHINEXT,443726.1972962138,18541.854991433713
MCB,MCB,DEMAND,V72|V65|EARLY_TRANSITION|V53-20191219-002667.SZ,,002667.SZ,2019-12-19 15:00:00,2019-12-20 09:30:00,[ 0.33027523 -0.00990099  3.05268582],20253.937564383796,0.9840444172048195,0.002,0,BUY,NATIVE_ELIGIBLE,NATIVE_ADAPTER_ACTUAL_FUNDED_STATE,,MAIN,356158.53157506,19970.635735020147
MCB,MCB,DEMAND,V72|V65|EARLY_TRANSITION|V53-20191219-002278.SZ,,002278.SZ,2019-12-19 15:00:00,2019-12-20 09:30:00,[ 0.33027523 -0.05967742  2.65956514],21198.269598384642,0.9402076001602331,0.002,0,BUY,NATIVE_ELIGIBLE,NATIVE_ADAPTER_ACTUAL_FUNDED_STATE,,MAIN,336187.89584003994,19970.635735020147
MCB,MCB,DEMAND,V72|V65|EARLY_TRANSITION|V53-20191219-002729.SZ,,002729.SZ,2019-12-19 15:00:00,2019-12-20 09:30:00,[ 0.26315789 -0.04291188  2.26777954],8274.900560540635,2.408581715372866,0.002,0,BUY,NATIVE_ELIGIBLE,NATIVE_ADAPTER_ACTUAL_FUNDED_STATE,,MAIN,316217.2601050199,19970.635735020147
MCB,MCB,DEMAND,V72|V65|EARLY_TRANSITION|V53-20191219-000882.SZ,,000882.SZ,2019-12-19 15:00:00,2019-12-20 09:30:00,[ 0.25925926 -0.00442478  2.44773778],25672.155663478592,0.7763576400793069,0.002,0,BUY,NATIVE_ELIGIBLE,NATIVE_ADAPTER_ACTUAL_FUNDED_STATE,,MAIN,296246.62436999986,19970.635735020147
MCB,MCB,DEMAND,V72|V65|MEDIUM_PARTICIPATION|V53-20191230-000568.SZ,,000568.SZ,2019-12-30 15:00:00,2019-12-31 09:30:00,[ 0.61111111 -0.00598451  3.22048959],6323.8871314095295,3.1694666176620108,0.002,0,BUY,NATIVE_ELIGIBLE,NATIVE_ADAPTER_ACTUAL_FUNDED_STATE,,MAIN,344855.4658977948,20083.43585517861
MCB,MCB,DEMAND,V72|V65|MEDIUM_PARTICIPATION|V53-20191230-002329.SZ,,002329.SZ,2019-12-30 15:00:00,2019-12-31 09:30:00,[ 0.4375     -0.05185185  2.70896145],14971.28355900064,1.3387862889561626,0.002,0,BUY,NATIVE_ELIGIBLE,NATIVE_ADAPTER_ACTUAL_FUNDED_STATE,,MAIN,324772.0300426162,20083.435855178606
MCB,MCB,DEMAND,V72|V65|MEDIUM_PARTICIPATION|V53-20191230-603733.SH,,603733.SH,2019-12-30 15:00:00,2019-12-31 09:30:00,[ 0.33333333 -0.03854545  3.1794729 ],26929.83756961539,0.7442803583590696,0.002,0,BUY,NATIVE_ELIGIBLE,NATIVE_ADAPTER_ACTUAL_FUNDED_STATE,,MAIN,304688.59418743756,20083.43585517861
MCB,MCB,DEMAND,V72|V65|MEDIUM_PARTICIPATION|V53-20191230-000488.SZ,,000488.SZ,2019-12-30 15:00:00,2019-12-31 09:30:00,[ 0.33333333 -0.08016878  3.48048608],8054.478078502624,2.4884727429280007,0.002,0,BUY,NATIVE_ELIGIBLE,NATIVE_ADAPTER_ACTUAL_FUNDED_STATE,,MAIN,284605.1583322589,20083.43585517861
MCB,MCB,DEMAND,V72|V65|MEDIUM_PARTICIPATION|V53-20191230-002521.SZ,,002521.SZ,2019-12-30 15:00:00,2019-12-31 09:30:00,[ 0.33333333 -0.08576642  2.1155298 ],21492.27705702104,0.9325837882923238,0.002,0,BUY,NATIVE_ELIGIBLE,NATIVE_ADAPTER_ACTUAL_FUNDED_STATE,,MAIN,264521.7224770803,20083.43585517861
MCB,MCB,DEMAND,V72|V65|MEDIUM_PARTICIPATION|V53-20191230-300677.SZ,,300677.SZ,2019-12-30 15:00:00,2019-12-31 09:30:00,[ 0.33183673 -0.07633098  2.37752508],15962.4264033677,1.1611561163460806,0.002,0,BUY,NATIVE_ELIGIBLE,NATIVE_ADAPTER_ACTUAL_FUNDED_STATE,,CHINEXT,425184.34230478015,18571.93878809456
MCB,MCB,DEMAND,V72|V65|MEDIUM_PARTICIPATION|V53-20191230-603856.SH,,603856.SH,2019-12-30 15:00:00,2019-12-31 09:30:00,[ 0.30769231 -0.03066271  1.85154114],23763.66117792116,0.8434453347402197,0.002,0,BUY,NATIVE_ELIGIBLE,NATIVE_ADAPTER_ACTUAL_FUNDED_STATE,,MAIN,244438.28662190167,20083.435855178606
MCB,MCB,DEMAND,V72|V65|MEDIUM_PARTICIPATION|V53-20191230-000619.SZ,,000619.SZ,2019-12-30 15:00:00,2019-12-31 09:30:00,[ 0.30769231 -0.0917603   3.34023305],30335.229902858435,0.6607284408606453,0.002,0,BUY,NATIVE_ELIGIBLE,NATIVE_ADAPTER_ACTUAL_FUNDED_STATE,,MAIN,224354.85076672304,20083.43585517861
MCB,MCB,DEMAND,V72|V65|MEDIUM_PARTICIPATION|V53-20191230-603871.SH,,603871.SH,2019-12-30 15:00:00,2019-12-31 09:30:00,[ 0.27027027 -0.03786863  3.7862373 ],17961.45764577797,1.1159088283448018,0.002,0,BUY,NATIVE_ELIGIBLE,NATIVE_ADAPTER_ACTUAL_FUNDED_STATE,,MAIN,204271.41491154442,20083.435855178606
MCB,MCB,DEMAND,V72|V65|MEDIUM_PARTICIPATION|V53-20200303-000014.SZ,,000014.SZ,2020-03-03 15:00:00,2020-03-04 09:30:00,[ 0.90123457 -0.00572082  2.04547362],19187.50320434925,1.0637897674871883,0.002,0,BUY,NATIVE_ELIGIBLE,NATIVE_ADAPTER_ACTUAL_FUNDED_STATE,,MAIN,613568.775346776,20452.2925115592
MCB,MCB,DEMAND,V72|V65|MEDIUM_PARTICIPATION|V53-20200303-603909.SH,,603909.SH,2020-03-03 15:00:00,2020-03-04 09:30:00,[ 0.86956522 -0.07185185  2.48414639],15416.432423059188,1.3240073327136204,0.002,0,BUY,NATIVE_ELIGIBLE,NATIVE_ADAPTER_ACTUAL_FUNDED_STATE,,MAIN,593116.4828352169,20452.2925115592
MCB,MCB,DEMAND,V72|V65|MEDIUM_PARTICIPATION|V53-20200303-600790.SH,,600790.SH,2020-03-03 15:00:00,2020-03-04 09:30:00,[ 0.85185185 -0.05792683  3.35293549],16092.782918808216,1.268361704460622,0.002,0,BUY,NATIVE_ELIGIBLE,NATIVE_ADAPTER_ACTUAL_FUNDED_STATE,,MAIN,572664.1903236578,20452.2925115592
MCB,MCB,DEMAND,V72|V65|MEDIUM_PARTICIPATION|V53-20200303-002682.SZ,,002682.SZ,2020-03-03 15:00:00,2020-03-04 09:30:00,[ 0.78303303 -0.06666667  2.53949042],16718.13901053,1.2209175650207302,0.002,0,BUY,NATIVE_ELIGIBLE,NATIVE_ADAPTER_ACTUAL_FUNDED_STATE,,MAIN,552211.8978120987,20452.2925115592
MCB,MCB,DEMAND,V72|V65|MEDIUM_PARTICIPATION|V53-20200303-603116.SH,,603116.SH,2020-03-03 15:00:00,2020-03-04 09:30:00,[ 0.75555556 -0.01070336  1.72221666],52216.80927367033,0.39089844546871994,0.002,0,BUY,NATIVE_ELIGIBLE,NATIVE_ADAPTER_ACTUAL_FUNDED_STATE,,MAIN,531759.6053005396,20452.2925115592
MCB,MCB,DEMAND,V72|V65|MEDIUM_PARTICIPATION|V53-20200303-600874.SH,,600874.SH,2020-03-03 15:00:00,2020-03-04 09:30:00,[ 0.66693989 -0.03304598  2.01391201],12364.757760714476,1.6507779584057887,0.002,0,BUY,NATIVE_ELIGIBLE,NATIVE_ADAPTER_ACTUAL_FUNDED_STATE,,MAIN,511307.31278898055,20452.292511559204
MCB,MCB,DEMAND,V72|V65|MEDIUM_PARTICIPATION|V53-20200303-002337.SZ,,002337.SZ,2020-03-03 15:00:00,2020-03-04 09:30:00,[ 0.63636364 -0.03790087  2.67335224],17526.719953456854,1.1645915280564834,0.002,0,BUY,NATIVE_ELIGIBLE,NATIVE_ADAPTER_ACTUAL_FUNDED_STATE,,MAIN,490855.02027742146,20452.292511559204
MCB,MCB,DEMAND,V72|V65|MEDIUM_PARTICIPATION|V53-20200303-300151.SZ,,300151.SZ,2020-03-03 15:00:00,2020-03-04 09:30:00,[ 0.63636364 -0.07757576  2.41503581],3806.271757278961,4.938112511310365,0.002,0,BUY,NATIVE_ELIGIBLE,NATIVE_ADAPTER_ACTUAL_FUNDED_STATE,,CHINEXT,565001.6934731598,18833.389782438662
MCB,MCB,DEMAND,V72|V65|MEDIUM_PARTICIPATION|V53-20200303-600987.SH,,600987.SH,2020-03-03 15:00:00,2020-03-04 09:30:00,[ 0.6        -0.065       1.96231062],8254.482668583802,2.4727739328958225,0.002,0,BUY,NATIVE_ELIGIBLE,NATIVE_ADAPTER_ACTUAL_FUNDED_STATE,,MAIN,470402.72776586236,20452.2925115592
MCB,MCB,DEMAND,V72|V65|MEDIUM_PARTICIPATION|V53-20200303-603306.SH,,603306.SH,2020-03-03 15:00:00,2020-03-04 09:30:00,[ 0.46163793 -0.14374034  2.45961152],11505.761605239873,1.7740215965467876,0.002,0,BUY,NATIVE_ELIGIBLE,NATIVE_ADAPTER_ACTUAL_FUNDED_STATE,,MAIN,449950.4352543033,20452.2925115592
MCB,MCB,DEMAND,V72|V65|MEDIUM_PARTICIPATION|V53-20200304-002615.SZ,,002615.SZ,2020-03-04 15:00:00,2020-03-05 09:30:00,[ 0.83333333 -0.00379507  2.12060675],9865.624743758994,2.0881868308767184,0.002,0,BUY,NATIVE_ELIGIBLE,NATIVE_ADAPTER_ACTUAL_FUNDED_STATE,,MAIN,429498.1427427442,20642.47020362561
MCB,MCB,DEMAND,V72|V65|MEDIUM_PARTICIPATION|V53-20200304-601996.SH,,601996.SH,2020-03-04 15:00:00,2020-03-05 09:30:00,[ 0.83333333 -0.01811594  1.69004251],24820.734762210104,0.8300023293288936,0.002,0,BUY,NATIVE_ELIGIBLE,NATIVE_ADAPTER_ACTUAL_FUNDED_STATE,,MAIN,408855.6725391187,20642.47020362561
MCB,MCB,DEMAND,V72|V65|MEDIUM_PARTICIPATION|V53-20200304-002482.SZ,,002482.SZ,2020-03-04 15:00:00,2020-03-05 09:30:00,[ 0.83333333 -0.02439024  2.04971365],37408.65426438087,0.5507086013490945,0.002,0,BUY,NATIVE_ELIGIBLE,NATIVE_ADAPTER_ACTUAL_FUNDED_STATE,,MAIN,388213.2023354932,20642.47020362561
MCB,MCB,DEMAND,V72|V65|MEDIUM_PARTICIPATION|V53-20200304-002620.SZ,,002620.SZ,2020-03-04 15:00:00,2020-03-05 09:30:00,[ 0.83333333 -0.03898305  2.27614759],19439.254867851123,1.0597766122383454,0.002,0,BUY,NATIVE_ELIGIBLE,NATIVE_ADAPTER_ACTUAL_FUNDED_STATE,,MAIN,367570.73213186767,20642.470203625606
MCB,MCB,DEMAND,V72|V65|MEDIUM_PARTICIPATION|V53-20200304-600963.SH,,600963.SH,2020-03-04 15:00:00,2020-03-05 09:30:00,[ 0.83333333 -0.08454106  2.27211647],18253.40992869129,1.1286257060335505,0.002,0,BUY,NATIVE_ELIGIBLE,NATIVE_ADAPTER_ACTUAL_FUNDED_STATE,,MAIN,346928.26192824217,20642.470203625606
MCB,MCB,DEMAND,V72|V65|MEDIUM_PARTICIPATION|V53-20200304-002521.SZ,,002521.SZ,2020-03-04 15:00:00,2020-03-05 09:30:00,[ 0.83333333 -0.10424028  1.74145657],20758.08282992536,0.9924455855137901,0.002,0,BUY,NATIVE_ELIGIBLE,NATIVE_ADAPTER_ACTUAL_FUNDED_STATE,,MAIN,326285.79172461666,20642.470203625606
MCB,MCB,DEMAND,V72|V65|MEDIUM_PARTICIPATION|V53-20200304-600433.SH,,600433.SH,2020-03-04 15:00:00,2020-03-05 09:30:00,[ 0.83333333 -0.10967742  1.70614528],26316.178581503405,0.7828365962970337,0.002,0,BUY,NATIVE_ELIGIBLE,NATIVE_ADAPTER_ACTUAL_FUNDED_STATE,,MAIN,305643.32152099116,20642.470203625606
MCB,MCB,DEMAND,V72|V65|MEDIUM_PARTICIPATION|V53-20200304-002344.SZ,,002344.SZ,2020-03-04 15:00:00,2020-03-05 09:30:00,[ 0.81481481 -0.01711491  2.06700404],61068.316940796205,0.33734788676526495,0.002,0,BUY,NATIVE_ELIGIBLE,NATIVE_ADAPTER_ACTUAL_FUNDED_STATE,,MAIN,285000.85131736565,20642.47020362561
MCB,MCB,DEMAND,V72|V65|MEDIUM_PARTICIPATION|V53-20200304-000882.SZ,,000882.SZ,2020-03-04 15:00:00,2020-03-05 09:30:00,[ 0.81481481 -0.04205607  2.42676349],27130.768620071693,0.7593322532354628,0.002,0,BUY,NATIVE_ELIGIBLE,NATIVE_ADAPTER_ACTUAL_FUNDED_STATE,,MAIN,264358.38111374015,20642.470203625606
MCB,MCB,DEMAND,V72|V65|MEDIUM_PARTICIPATION|V53-20200304-601518.SH,,601518.SH,2020-03-04 15:00:00,2020-03-05 09:30:00,[ 0.80645161 -0.01581028  2.03076632],18650.18546453106,1.1046146274238688,0.002,0,BUY,NATIVE_ELIGIBLE,NATIVE_ADAPTER_ACTUAL_FUNDED_STATE,,MAIN,243715.91091011465,20642.47020362561
MCB,MCB,DEMAND,V72|V65|MEDIUM_PARTICIPATION|V53-20200304-300283.SZ,,300283.SZ,2020-03-04 15:00:00,2020-03-05 09:30:00,[ 0.58823529 -0.08705882  1.97783158],11004.735821663124,1.7081164741526984,0.002,0,BUY,NATIVE_ELIGIBLE,NATIVE_ADAPTER_ACTUAL_FUNDED_STATE,,CHINEXT,546168.3036907213,18834.965291782475
MCB,MCB,DEMAND,V72|V65|MEDIUM_PARTICIPATION|V53-20200305-603323.SH,,603323.SH,2020-03-05 15:00:00,2020-03-06 09:30:00,[ 0.91666667 -0.00601202  3.11650485],27191.7200971747,0.7550264664179845,0.002,0,BUY,NATIVE_ELIGIBLE,NATIVE_ADAPTER_ACTUAL_FUNDED_STATE,,MAIN,246499.6843347489,20571.529277478305
MCB,MCB,DEMAND,V72|V65|MEDIUM_PARTICIPATION|V53-20200305-000929.SZ,,000929.SZ,2020-03-05 15:00:00,2020-03-06 09:30:00,[ 0.91666667 -0.01829268  2.43426437],18913.189309130492,1.0855106457843926,0.002,0,BUY,NATIVE_ELIGIBLE,NATIVE_ADAPTER_ACTUAL_FUNDED_STATE,,MAIN,225928.15505727055,20571.529277478305
MCB,MCB,DEMAND,V72|V65|MEDIUM_PARTICIPATION|V53-20200305-600926.SH,,600926.SH,2020-03-05 15:00:00,2020-03-06 09:30:00,[ 0.91666667 -0.03538813  1.68726829],21648.22839611192,0.9483671349515158,0.002,0,BUY,NATIVE_ELIGIBLE,NATIVE_ADAPTER_ACTUAL_FUNDED_STATE,,MAIN,205356.6257797922,20571.529277478305
MCB,MCB,DEMAND,V72|V65|MEDIUM_PARTICIPATION|V53-20200305-002142.SZ,,002142.SZ,2020-03-05 15:00:00,2020-03-06 09:30:00,[ 0.91666667 -0.04776232  1.59994988],4167.698223307637,4.926092831285415,0.002,0,BUY,NATIVE_ELIGIBLE,NATIVE_ADAPTER_ACTUAL_FUNDED_STATE,,MAIN,184785.09650231386,20571.52927747831
MCB,MCB,DEMAND,V72|V65|MEDIUM_PARTICIPATION|V53-20200305-600743.SH,,600743.SH,2020-03-05 15:00:00,2020-03-06 09:30:00,[ 0.83333333 -0.00404858  3.46987297],22418.177502470116,0.9157956010712552,0.002,0,BUY,NATIVE_ELIGIBLE,NATIVE_ADAPTER_ACTUAL_FUNDED_STATE,,MAIN,164213.5672248355,20571.52927747831
MCB,MCB,DEMAND,V72|V65|MEDIUM_PARTICIPATION|V53-20200305-600792.SH,,600792.SH,2020-03-05 15:00:00,2020-03-06 09:30:00,[ 0.83333333 -0.01204819  1.79688364],33354.21072387798,0.6155285313376981,0.002,0,BUY,NATIVE_ELIGIBLE,NATIVE_ADAPTER_ACTUAL_FUNDED_STATE,,MAIN,143642.03794735717,20571.52927747831
MCB,MCB,DEMAND,V72|V65|MEDIUM_PARTICIPATION|V53-20200305-600097.SH,,600097.SH,2020-03-05 15:00:00,2020-03-06 09:30:00,[ 0.83333333 -0.02074689  1.68767298],23542.488275218548,0.8720602555171549,0.002,0,BUY,NATIVE_ELIGIBLE,NATIVE_ADAPTER_ACTUAL_FUNDED_STATE,,MAIN,123070.50866987882,20571.529277478305
MCB,MCB,DEMAND,V72|V65|MEDIUM_PARTICIPATION|V53-20200305-600386.SH,,600386.SH,2020-03-05 15:00:00,2020-03-06 09:30:00,[ 0.83333333 -0.03966006  1.71110115],16279.799469223426,1.2611008126733423,0.002,0,BUY,NATIVE_ELIGIBLE,NATIVE_ADAPTER_ACTUAL_FUNDED_STATE,,MAIN,102498.97939240048,20571.529277478305
MCB,MCB,DEMAND,V72|V65|MEDIUM_PARTICIPATION|V53-20200305-000417.SZ,,000417.SZ,2020-03-05 15:00:00,2020-03-06 09:30:00,[ 0.83333333 -0.08256881  1.742462  ],28247.62825698656,0.7268032612868606,0.002,0,BUY,NATIVE_ELIGIBLE,NATIVE_ADAPTER_ACTUAL_FUNDED_STATE,,MAIN,81927.45011492213,20571.529277478305
MCB,MCB,DEMAND,V72|V65|MEDIUM_PARTICIPATION|V53-20200305-600519.SH,,600519.SH,2020-03-05 15:00:00,2020-03-06 09:30:00,[ 0.83333333 -0.04740608  1.6386895 ],2623.353591975912,7.826039312273244,0.002,0,BUY,NATIVE_ELIGIBLE,NATIVE_ADAPTER_ACTUAL_FUNDED_STATE,,MAIN,61355.92083744379,20571.529277478305
MCB,MCB,DEMAND,V72|V65|MEDIUM_PARTICIPATION|V53-20200305-300640.SZ,,300640.SZ,2020-03-05 15:00:00,2020-03-06 09:30:00,[ 0.78571429 -0.08412483  1.73562253],11524.243362762509,1.629922622505345,0.002,0,BUY,NATIVE_ELIGIBLE,NATIVE_ADAPTER_ACTUAL_FUNDED_STATE,,CHINEXT,527333.338398939,18821.19221415213
MCB,MCB,DEMAND,V72|V65|MEDIUM_PARTICIPATION|V53-20200305-300746.SZ,,300746.SZ,2020-03-05 15:00:00,2020-03-06 09:30:00,[ 0.73913043 -0.03770621  1.82728364],11629.333842314298,1.6151935458141122,0.002,0,BUY,NATIVE_ELIGIBLE,NATIVE_ADAPTER_ACTUAL_FUNDED_STATE,,CHINEXT,508512.1461847867,18821.19221415213
MCB,MCB,DEMAND,V72|V65|MEDIUM_PARTICIPATION|V53-20200305-300092.SZ,,300092.SZ,2020-03-05 15:00:00,2020-03-06 09:30:00,[ 0.61818182 -0.08836524  1.67008051],10920.297581114455,1.720065302680767,0.002,0,BUY,NATIVE_ELIGIBLE,NATIVE_ADAPTER_ACTUAL_FUNDED_STATE,,CHINEXT,489690.9539706344,18821.19221415213
MCB,MCB,DEMAND,V72|V65|MEDIUM_PARTICIPATION|V53-20200305-300243.SZ,,300243.SZ,2020-03-05 15:00:00,2020-03-06 09:30:00,[ 0.30555556 -0.02176871  1.8756221 ],9556.77693076452,1.9654769699349925,0.002,0,BUY,NATIVE_ELIGIBLE,NATIVE_ADAPTER_ACTUAL_FUNDED_STATE,,CHINEXT,470869.76175648207,18821.192214152135
MCB,MCB,DEMAND,V72|V65|MEDIUM_PARTICIPATION|V53-20200306-002251.SZ,,002251.SZ,2020-03-06 15:00:00,2020-03-09 09:30:00,[ 0.81481481 -0.02224694  2.15384131],22715.295088169376,0.9026773614409724,0.002,0,BUY,NATIVE_ELIGIBLE,NATIVE_ADAPTER_ACTUAL_FUNDED_STATE,,MAIN,64210.63518822519,20545.591799810896
MCB,MCB,DEMAND,V72|V65|MEDIUM_PARTICIPATION|V53-20200306-600785.SH,,600785.SH,2020-03-06 15:00:00,2020-03-09 09:30:00,[ 0.81481481 -0.02829538  2.07817367],19630.081159911973,1.0445490503837407,0.002,0,BUY,NATIVE_ELIGIBLE,NATIVE_ADAPTER_ACTUAL_FUNDED_STATE,,MAIN,43665.0433884142,20545.591799810893
MCB,MCB,DEMAND,V72|V65|MEDIUM_PARTICIPATION|V53-20200306-600012.SH,,600012.SH,2020-03-06 15:00:00,2020-03-09 09:30:00,[ 0.80645161 -0.01398601  2.09730993],11140.029104442172,1.8406219985875487,0.002,0,BUY,NATIVE_ELIGIBLE,NATIVE_ADAPTER_ACTUAL_FUNDED_STATE,,MAIN,23119.451588603202,20545.591799810893
MCB,MCB,DEMAND,V72|V65|MEDIUM_PARTICIPATION|V53-20200306-300257.SZ,,300257.SZ,2020-03-06 15:00:00,2020-03-09 09:30:00,[ 0.68       -0.07638191  1.53198255],23193.135944934427,0.8094599692870127,0.002,0,BUY,NATIVE_ELIGIBLE,NATIVE_ADAPTER_ACTUAL_FUNDED_STATE,,CHINEXT,452048.56954232976,18811.462939875444
MCB,MCB,DEMAND,V72|V65|MEDIUM_PARTICIPATION|V53-20200306-300272.SZ,,300272.SZ,2020-03-06 15:00:00,2020-03-09 09:30:00,[ 0.33333333 -0.125       1.88955436],11100.14353418316,1.6913218330773299,0.002,0,BUY,NATIVE_ELIGIBLE,NATIVE_ADAPTER_ACTUAL_FUNDED_STATE,,CHINEXT,433237.1066024541,18811.462939875444
MCB,MCB,DEMAND,V72|V65|EARLY_TRANSITION|V53-20200601-002517.SZ,,002517.SZ,2020-06-01 15:00:00,2020-06-02 09:30:00,[ 0.58333333 -0.00297619  1.78804716],16466.21497890758,1.2065556488184055,0.002,0,BUY,NATIVE_ELIGIBLE,NATIVE_ADAPTER_ACTUAL_FUNDED_STATE,,MAIN,597214.185205623,19907.139506854102
MCB,MCB,DEMAND,V72|V65|EARLY_TRANSITION|V53-20200601-300494.SZ,,300494.SZ,2020-06-01 15:00:00,2020-06-02 09:30:00,[ 0.58333333 -0.01225016  1.82145046],14960.387529445003,1.2382102712779157,0.002,0,BUY,NATIVE_ELIGIBLE,NATIVE_ADAPTER_ACTUAL_FUNDED_STATE,,CHINEXT,556834.6113677807,18561.153712259358
MCB,MCB,DEMAND,V72|V65|EARLY_TRANSITION|V53-20200601-600960.SH,,600960.SH,2020-06-01 15:00:00,2020-06-02 09:30:00,[ 0.46306094 -0.0228013   1.65475411],27715.313419160913,0.7168385360464263,0.002,0,BUY,NATIVE_ELIGIBLE,NATIVE_ADAPTER_ACTUAL_FUNDED_STATE,,MAIN,577307.0456987689,19907.139506854102
MCB,MCB,DEMAND,V72|V65|EARLY_TRANSITION|V53-20200601-603768.SH,,603768.SH,2020-06-01 15:00:00,2020-06-02 09:30:00,[ 0.46306094 -0.10703667  1.88240568],40773.640804213755,0.48726099277859886,0.002,0,BUY,NATIVE_ELIGIBLE,NATIVE_ADAPTER_ACTUAL_FUNDED_STATE,,MAIN,557399.9061919148,19907.139506854102
MCB,MCB,DEMAND,V72|V65|EARLY_TRANSITION|V53-20200601-600113.SH,,600113.SH,2020-06-01 15:00:00,2020-06-02 09:30:00,[ 0.45029028 -0.00772798  3.11878057],30930.811756326362,0.642317597545614,0.002,0,BUY,NATIVE_ELIGIBLE,NATIVE_ADAPTER_ACTUAL_FUNDED_STATE,,MAIN,537492.7666850607,19907.139506854102
MCB,MCB,DEMAND,V72|V65|EARLY_TRANSITION|V53-20200601-002561.SZ,,002561.SZ,2020-06-01 15:00:00,2020-06-02 09:30:00,[ 0.45029028 -0.07274854  2.80826146],16485.729064064173,1.2051274541910575,0.002,0,BUY,NATIVE_ELIGIBLE,NATIVE_ADAPTER_ACTUAL_FUNDED_STATE,,MAIN,517585.6271782066,19907.1395068541
MCB,MCB,DEMAND,V72|V65|EARLY_TRANSITION|V53-20200601-002020.SZ,,002020.SZ,2020-06-01 15:00:00,2020-06-02 09:30:00,[ 0.40206186 -0.0214155   1.64643689],5777.422107321173,3.4388009614674213,0.002,0,BUY,NATIVE_ELIGIBLE,NATIVE_ADAPTER_ACTUAL_FUNDED_STATE,,MAIN,497678.48767135246,19907.139506854102
MCB,MCB,DEMAND,V72|V65|EARLY_TRANSITION|V53-20200602-600694.SH,,600694.SH,2020-06-02 15:00:00,2020-06-03 09:30:00,[ 0.43251089 -0.04144869  2.55782809],22197.08167630421,0.9004380751583497,0.002,0,BUY,NATIVE_ELIGIBLE,NATIVE_ADAPTER_ACTUAL_FUNDED_STATE,,MAIN,477771.34816449834,20027.071693741527
MCB,MCB,DEMAND,V72|V65|EARLY_TRANSITION|V53-20200602-600858.SH,,600858.SH,2020-06-02 15:00:00,2020-06-03 09:30:00,[ 0.43251089 -0.08590308  2.23652736],37268.37049250372,0.5363018890982719,0.002,0,BUY,NATIVE_ELIGIBLE,NATIVE_ADAPTER_ACTUAL_FUNDED_STATE,,MAIN,457744.2764707566,20027.071693741527
MCB,MCB,DEMAND,V72|V65|EARLY_TRANSITION|V53-20200602-000417.SZ,,000417.SZ,2020-06-02 15:00:00,2020-06-03 09:30:00,[ 0.43251089 -0.13203463  2.85218305],24514.295297413082,0.815324171315388,0.002,0,BUY,NATIVE_ELIGIBLE,NATIVE_ADAPTER_ACTUAL_FUNDED_STATE,,MAIN,437717.2047770149,20027.071693741524
MCB,MCB,DEMAND,V72|V65|EARLY_TRANSITION|V53-20200602-603967.SH,,603967.SH,2020-06-02 15:00:00,2020-06-03 09:30:00,[ 0.43243243 -0.01589963  2.905514  ],27674.27224077524,0.7222266704919911,0.002,0,BUY,NATIVE_ELIGIBLE,NATIVE_ADAPTER_ACTUAL_FUNDED_STATE,,MAIN,417690.1330832732,20027.071693741524
MCB,MCB,DEMAND,V72|V65|EARLY_TRANSITION|V53-20200602-300700.SZ,,300700.SZ,2020-06-02 15:00:00,2020-06-03 09:30:00,[ 0.36645161 -0.00390625  2.18175471],15535.744836019612,1.1925506941520747,0.002,0,BUY,NATIVE_ELIGIBLE,NATIVE_ADAPTER_ACTUAL_FUNDED_STATE,,CHINEXT,538273.4576555216,18564.21761494143
MCB,MCB,DEMAND,V72|V65|EARLY_TRANSITION|V53-20200602-300515.SZ,,300515.SZ,2020-06-02 15:00:00,2020-06-03 09:30:00,[ 0.36645161 -0.09272278  1.83747831],11040.38987357915,1.6781258180657377,0.002,0,BUY,NATIVE_ELIGIBLE,NATIVE_ADAPTER_ACTUAL_FUNDED_STATE,,CHINEXT,519709.2400405803,18564.217614941426
MCB,MCB,DEMAND,V72|V65|EARLY_TRANSITION|V53-20200602-603161.SH,,603161.SH,2020-06-02 15:00:00,2020-06-03 09:30:00,[ 0.27742088 -0.03455882  2.65501165],33317.92600840151,0.5998902060621676,0.002,0,BUY,NATIVE_ELIGIBLE,NATIVE_ADAPTER_ACTUAL_FUNDED_STATE,,MAIN,397663.0613895315,20027.071693741524
MCB,MCB,DEMAND,V72|V65|MEDIUM_PARTICIPATION|V53-20200617-603716.SH,,603716.SH,2020-06-17 15:00:00,2020-06-18 09:30:00,[ 0.43478261 -0.01178782  2.0827439 ],13722.998842027735,1.4813195985344583,0.002,0,BUY,NATIVE_ELIGIBLE,NATIVE_ADAPTER_ACTUAL_FUNDED_STATE,,MAIN,446178.8222376462,20368.803429632084
MCB,MCB,DEMAND,V72|V65|MEDIUM_PARTICIPATION|V53-20200617-600713.SH,,600713.SH,2020-06-17 15:00:00,2020-06-18 09:30:00,[ 0.43478261 -0.0462963   3.31973072],19624.639833397123,1.035848163733788,0.002,0,BUY,NATIVE_ELIGIBLE,NATIVE_ADAPTER_ACTUAL_FUNDED_STATE,,MAIN,425810.0188080142,20368.803429632084
MCB,MCB,DEMAND,V72|V65|MEDIUM_PARTICIPATION|V53-20200617-603368.SH,,603368.SH,2020-06-17 15:00:00,2020-06-18 09:30:00,[ 0.43478261 -0.12758281  2.20798389],10752.24607346495,1.89059541573629,0.002,0,BUY,NATIVE_ELIGIBLE,NATIVE_ADAPTER_ACTUAL_FUNDED_STATE,,MAIN,405441.21537838224,20368.803429632084
MCB,MCB,DEMAND,V72|V65|MEDIUM_PARTICIPATION|V53-20200617-601900.SH,,601900.SH,2020-06-17 15:00:00,2020-06-18 09:30:00,[ 0.31818182 -0.01898734  2.85379453],17536.21933622079,1.159209219821623,0.002,0,BUY,NATIVE_ELIGIBLE,NATIVE_ADAPTER_ACTUAL_FUNDED_STATE,,MAIN,385072.41194875026,20368.803429632088
MCB,MCB,DEMAND,V72|V65|MEDIUM_PARTICIPATION|V53-20200617-600216.SH,,600216.SH,2020-06-17 15:00:00,2020-06-18 09:30:00,[ 0.30612245 -0.02788409  2.44275251],11453.869662616667,1.7747842200185593,0.002,0,BUY,NATIVE_ELIGIBLE,NATIVE_ADAPTER_ACTUAL_FUNDED_STATE,,MAIN,364703.6085191183,20368.803429632084
MCB,MCB,DEMAND,V72|V65|MEDIUM_PARTICIPATION|V53-20200617-002365.SZ,,002365.SZ,2020-06-17 15:00:00,2020-06-18 09:30:00,[ 0.30612245 -0.03876465  2.04748032],10375.256119261478,1.959291115486057,0.002,0,BUY,NATIVE_ELIGIBLE,NATIVE_ADAPTER_ACTUAL_FUNDED_STATE,,MAIN,344334.8050894863,20368.803429632084
MCB,MCB,DEMAND,V72|V65|MEDIUM_PARTICIPATION|V53-20200617-002038.SZ,,002038.SZ,2020-06-17 15:00:00,2020-06-18 09:30:00,[ 0.30612245 -0.05249788  2.42912316],21624.754106915738,0.9400406143282012,0.002,0,BUY,NATIVE_ELIGIBLE,NATIVE_ADAPTER_ACTUAL_FUNDED_STATE,,MAIN,323966.0016598543,20368.803429632088
MCB,MCB,DEMAND,V72|V65|MEDIUM_PARTICIPATION|V53-20200617-603367.SH,,603367.SH,2020-06-17 15:00:00,2020-06-18 09:30:00,[ 0.30612245 -0.05763141  3.27491369],19865.424563713357,1.023292860928491,0.002,0,BUY,NATIVE_ELIGIBLE,NATIVE_ADAPTER_ACTUAL_FUNDED_STATE,,MAIN,303597.19823022233,20368.803429632088
MCB,MCB,DEMAND,V72|V65|MEDIUM_PARTICIPATION|V53-20200617-600062.SH,,600062.SH,2020-06-17 15:00:00,2020-06-18 09:30:00,[ 0.30612245 -0.07014682  2.82247834],20066.53078887958,1.0130374477399333,0.002,0,BUY,NATIVE_ELIGIBLE,NATIVE_ADAPTER_ACTUAL_FUNDED_STATE,,MAIN,283228.39480059035,20368.803429632084
MCB,MCB,DEMAND,V72|V65|MEDIUM_PARTICIPATION|V53-20200617-000756.SZ,,000756.SZ,2020-06-17 15:00:00,2020-06-18 09:30:00,[ 0.30612245 -0.07371484  1.79674961],6102.966750918273,3.3308631629531193,0.002,0,BUY,NATIVE_ELIGIBLE,NATIVE_ADAPTER_ACTUAL_FUNDED_STATE,,MAIN,262859.59137095837,20368.803429632084
MCB,MCB,DEMAND,V72|V65|MEDIUM_PARTICIPATION|V53-20200617-300401.SZ,,300401.SZ,2020-06-17 15:00:00,2020-06-18 09:30:00,[ 0.30612245 -0.08078431  1.82126718],2697.2406092088804,6.89896825831928,0.002,0,BUY,NATIVE_ELIGIBLE,NATIVE_ADAPTER_ACTUAL_FUNDED_STATE,,CHINEXT,522405.13830943126,18645.393702677786
MCB,MCB,DEMAND,V72|V65|MEDIUM_PARTICIPATION|V53-20200617-300181.SZ,,300181.SZ,2020-06-17 15:00:00,2020-06-18 09:30:00,[ 0.29280097 -0.1401713   2.09455758],9157.662255252031,2.0319789952189824,0.002,0,BUY,NATIVE_ELIGIBLE,NATIVE_ADAPTER_ACTUAL_FUNDED_STATE,,CHINEXT,503759.74460675335,18645.393702677786
MCB,MCB,DEMAND,V72|V65|MEDIUM_PARTICIPATION|V53-20200618-300408.SZ,,300408.SZ,2020-06-18 15:00:00,2020-06-19 09:30:00,[ 0.4        -0.03367546  1.68390207],8450.227606286673,2.1971444604787527,0.002,0,BUY,NATIVE_ELIGIBLE,NATIVE_ADAPTER_ACTUAL_FUNDED_STATE,,CHINEXT,485114.3509040754,18603.503516487268
MCB,MCB,DEMAND,V72|V65|MEDIUM_PARTICIPATION|V53-20200618-300394.SZ,,300394.SZ,2020-06-18 15:00:00,2020-06-19 09:30:00,[ 0.39655172 -0.13861156  2.42298739],3943.846797374986,4.707680528385413,0.002,0,BUY,NATIVE_ELIGIBLE,NATIVE_ADAPTER_ACTUAL_FUNDED_STATE,,CHINEXT,466510.8473875881,18603.503516487268
MCB,MCB,DEMAND,V72|V65|MEDIUM_PARTICIPATION|V53-20200618-002243.SZ,,002243.SZ,2020-06-18 15:00:00,2020-06-19 09:30:00,[ 0.375      -0.06034147  1.59428715],9934.093384707045,2.035138136950383,0.002,0,BUY,NATIVE_ELIGIBLE,NATIVE_ADAPTER_ACTUAL_FUNDED_STATE,,MAIN,265292.6083126003,20257.686807850307
MCB,MCB,DEMAND,V72|V65|MEDIUM_PARTICIPATION|V53-20200619-600369.SH,,600369.SH,2020-06-19 15:00:00,2020-06-22 09:30:00,[ 0.69712071 -0.01809955  2.90797236],16781.902945159123,1.2111969528371849,0.002,0,BUY,NATIVE_ELIGIBLE,NATIVE_ADAPTER_ACTUAL_FUNDED_STATE,,MAIN,267974.11330405856,20366.84208940608
MCB,MCB,DEMAND,V72|V65|MEDIUM_PARTICIPATION|V53-20200619-002926.SZ,,002926.SZ,2020-06-19 15:00:00,2020-06-22 09:30:00,[ 0.69712071 -0.01870907  2.70017697],25218.7254438184,0.8059959158232739,0.002,0,BUY,NATIVE_ELIGIBLE,NATIVE_ADAPTER_ACTUAL_FUNDED_STATE,,MAIN,247607.27121465234,20366.84208940608
MCB,MCB,DEMAND,V72|V65|MEDIUM_PARTICIPATION|V53-20200619-000776.SZ,,000776.SZ,2020-06-19 15:00:00,2020-06-22 09:30:00,[ 0.69712071 -0.03728561  2.80421545],19177.15576631737,1.0599168071464953,0.002,0,BUY,NATIVE_ELIGIBLE,NATIVE_ADAPTER_ACTUAL_FUNDED_STATE,,MAIN,227240.42912524613,20366.84208940608
MCB,MCB,DEMAND,V72|V65|MEDIUM_PARTICIPATION|V53-20200619-000166.SZ,,000166.SZ,2020-06-19 15:00:00,2020-06-22 09:30:00,[ 0.69712071 -0.04072398  3.74107935],59843.872076000116,0.3396536521596128,0.002,0,BUY,NATIVE_ELIGIBLE,NATIVE_ADAPTER_ACTUAL_FUNDED_STATE,,MAIN,206873.5870358399,20366.84208940608
MCB,MCB,DEMAND,V72|V65|MEDIUM_PARTICIPATION|V53-20200619-601211.SH,,601211.SH,2020-06-19 15:00:00,2020-06-22 09:30:00,[ 0.69712071 -0.05993691  2.29095046],31201.704664430024,0.6514448466387154,0.002,0,BUY,NATIVE_ELIGIBLE,NATIVE_ADAPTER_ACTUAL_FUNDED_STATE,,MAIN,186506.7449464337,20366.84208940608
MCB,MCB,DEMAND,V72|V65|MEDIUM_PARTICIPATION|V53-20200619-600999.SH,,600999.SH,2020-06-19 15:00:00,2020-06-22 09:30:00,[ 0.69712071 -0.08773006  3.83151148],10098.588247863918,2.012775371278808,0.002,0,BUY,NATIVE_ELIGIBLE,NATIVE_ADAPTER_ACTUAL_FUNDED_STATE,,MAIN,166139.90285702748,20366.842089406076
MCB,MCB,DEMAND,V72|V65|MEDIUM_PARTICIPATION|V53-20200619-600030.SH,,600030.SH,2020-06-19 15:00:00,2020-06-22 09:30:00,[ 0.69712071 -0.0895386   3.49636201],9805.505605744791,2.07293642237862,0.002,0,BUY,NATIVE_ELIGIBLE,NATIVE_ADAPTER_ACTUAL_FUNDED_STATE,,MAIN,145773.06076762127,20366.84208940608
MCB,MCB,DEMAND,V72|V65|MEDIUM_PARTICIPATION|V53-20200619-601688.SH,,601688.SH,2020-06-19 15:00:00,2020-06-22 09:30:00,[ 0.69712071 -0.10634548  2.78466197],9039.89453728895,2.2484985445507086,0.002,0,BUY,NATIVE_ELIGIBLE,NATIVE_ADAPTER_ACTUAL_FUNDED_STATE,,MAIN,125406.21867821505,20366.842089406076
MCB,MCB,DEMAND,V72|V65|MEDIUM_PARTICIPATION|V53-20200619-300209.SZ,,300209.SZ,2020-06-19 15:00:00,2020-06-22 09:30:00,[ 5.42162162e-01 -1.42857143e-03  1.71706923e+00],8926.203669410941,2.0807137004019416,0.002,0,BUY,NATIVE_ELIGIBLE,NATIVE_ADAPTER_ACTUAL_FUNDED_STATE,,CHINEXT,447907.3438711008,18610.02001605647
MCB,MCB,DEMAND,V72|V65|MEDIUM_PARTICIPATION|V53-20200619-603232.SH,,603232.SH,2020-06-19 15:00:00,2020-06-22 09:30:00,[ 0.54216216 -0.01907992  1.7425137 ],5036.787020498923,4.035546793474043,0.002,0,BUY,NATIVE_ELIGIBLE,NATIVE_ADAPTER_ACTUAL_FUNDED_STATE,,MAIN,105039.37658880884,20366.84208940608
MCB,MCB,DEMAND,V72|V65|MEDIUM_PARTICIPATION|V53-20200619-000563.SZ,,000563.SZ,2020-06-19 15:00:00,2020-06-22 09:30:00,[ 0.52173913 -0.02294769  2.6690531 ],18101.979592200598,1.1228710985147632,0.002,0,BUY,NATIVE_ELIGIBLE,NATIVE_ADAPTER_ACTUAL_FUNDED_STATE,,MAIN,84672.53449940262,20366.84208940608
MCB,MCB,DEMAND,V72|V65|MEDIUM_PARTICIPATION|V53-20200619-300590.SZ,,300590.SZ,2020-06-19 15:00:00,2020-06-22 09:30:00,[ 0.5        -0.03953692  2.02943474],7729.144017918961,2.402966515368683,0.002,0,BUY,NATIVE_ELIGIBLE,NATIVE_ADAPTER_ACTUAL_FUNDED_STATE,,CHINEXT,429297.3238550443,18610.02001605647
MCB,MCB,DEMAND,V72|V65|MEDIUM_PARTICIPATION|V53-20200622-600745.SH,,600745.SH,2020-06-22 15:00:00,2020-06-23 09:30:00,[ 0.58536585 -0.02244389  2.0685125 ],1708.2535380837664,11.968632597395946,0.002,0,BUY,NATIVE_ELIGIBLE,NATIVE_ADAPTER_ACTUAL_FUNDED_STATE,,MAIN,64305.69240999641,20486.349898487377
MCB,MCB,DEMAND,V72|V65|MEDIUM_PARTICIPATION|V53-20200622-000617.SZ,,000617.SZ,2020-06-22 15:00:00,2020-06-23 09:30:00,[ 0.52173913 -0.11251314  2.56909515],15035.818503780994,1.359783571169404,0.002,0,BUY,NATIVE_ELIGIBLE,NATIVE_ADAPTER_ACTUAL_FUNDED_STATE,,MAIN,43819.34251150908,20486.349898487377
MCB,MCB,DEMAND,V72|V65|MEDIUM_PARTICIPATION|V53-20200622-002467.SZ,,002467.SZ,2020-06-22 15:00:00,2020-06-23 09:30:00,[ 0.48275862 -0.08912611  3.26299325],5194.5854982303,3.93591730995509,0.002,0,BUY,NATIVE_ELIGIBLE,NATIVE_ADAPTER_ACTUAL_FUNDED_STATE,,MAIN,23332.99261302175,20486.349898487377
MCB,MCB,DEMAND,V72|V65|MEDIUM_PARTICIPATION|V53-20200622-300017.SZ,,300017.SZ,2020-06-22 15:00:00,2020-06-23 09:30:00,[ 0.41772152 -0.11830919  1.67625342],2457.4145825670835,7.588031432071445,0.002,0,BUY,NATIVE_ELIGIBLE,NATIVE_ADAPTER_ACTUAL_FUNDED_STATE,,CHINEXT,410687.30383898783,18684.232972338057
MCB,MCB,DEMAND,V72|V65|MEDIUM_PARTICIPATION|V53-20200622-300212.SZ,,300212.SZ,2020-06-22 15:00:00,2020-06-23 09:30:00,[ 0.41772152 -0.14977477  2.40370378],3279.566052437089,5.6857946435605315,0.002,0,BUY,NATIVE_ELIGIBLE,NATIVE_ADAPTER_ACTUAL_FUNDED_STATE,,CHINEXT,392003.07086664997,18684.232972338057
MCB,MCB,DEMAND,V72|V65|MEDIUM_PARTICIPATION|V53-20200622-300468.SZ,,300468.SZ,2020-06-22 15:00:00,2020-06-23 09:30:00,[ 0.40648649 -0.0450405   1.81706603],8063.3872454539205,2.3125441612224154,0.002,0,BUY,NATIVE_ELIGIBLE,NATIVE_ADAPTER_ACTUAL_FUNDED_STATE,,CHINEXT,373318.8378943121,18684.232972338057
