model,split,group,market_scope,position_scope,horizon,event_rows,independent_symbols,mean_future_return,return_ci_low,return_ci_high,mean_mfe,mean_mae,probability_plus_10,probability_plus_20,probability_plus_30,probability_drawdown_10,matched_control_group,matched_pairs,matched_future_return_excess,matched_mfe_excess,matched_mae_excess,matched_hit_10_excess,matched_hit_20_excess,matched_hit_30_excess,matched_drawdown_10_excess
ACTIVE_STICKY,discovery,HIGH_CONTROL_HIGH_PROFIT,ALL,ALL,5,14,7,0.0204653528713,-0.0182821636621,0.0592128694048,0.0723590694015,-0.0430713526153,0.333333333333,0,0,0.171428571429,HIGH_CONTROL_LOW_MODERATE_PROFIT,14,-0.00905927376531,-0.025994187746,-0.0153245406379,-0.195238095238,-0.0285714285714,0,0.0952380952381
ACTIVE_STICKY,discovery,HIGH_CONTROL_HIGH_PROFIT,ALL,ALL,10,14,7,-0.00801280887896,-0.0438230609872,0.0277974432293,0.0819160384725,-0.0608312653405,0.438095238095,0,0,0.271428571429,HIGH_CONTROL_LOW_MODERATE_PROFIT,14,-0.044274519675,-0.0304121693062,-0.0193328283503,-0.119047619048,-0.0285714285714,0,0.052380952381
ACTIVE_STICKY,discovery,HIGH_CONTROL_HIGH_PROFIT,ALL,ALL,20,14,7,-0.043722394424,-0.108969227992,0.0215244391443,0.0977718746477,-0.124443720861,0.509523809524,0.0285714285714,0.0285714285714,0.614285714286,HIGH_CONTROL_LOW_MODERATE_PROFIT,14,-0.0184294237866,-0.0470887289839,-0.0258079603387,-0.12380952381,-0.171428571429,0,0.152380952381
ACTIVE_STICKY,discovery,HIGH_CONTROL_HIGH_PROFIT,ALL,ALL,40,14,7,-0.0410158541393,-0.110316284481,0.0282845762024,0.116044402052,-0.180614569948,0.614285714286,0.104761904762,0.0571428571429,0.952380952381,HIGH_CONTROL_LOW_MODERATE_PROFIT,14,-0.0842262626575,-0.110737904879,-0.0336300859269,-0.0190476190476,-0.385714285714,-0.290476190476,0.490476190476
ACTIVE_STICKY,discovery,HIGH_CONTROL_HIGH_PROFIT,ALL,ALL,60,14,7,0.0110060565199,-0.102680286137,0.124692399177,0.167282612589,-0.201639049748,0.9,0.32380952381,0.0571428571429,0.952380952381,HIGH_CONTROL_LOW_MODERATE_PROFIT,14,-0.171345512939,-0.234364290412,-0.0536295817415,0.219047619048,-0.214285714286,-0.338095238095,0.490476190476
ACTIVE_STICKY,discovery,HIGH_CONTROL_HIGH_PROFIT,ALL,ALL,120,14,7,-0.0343127685515,-0.213659049464,0.145033512361,0.365617706916,-0.241239605398,0.971428571429,0.752380952381,0.509523809524,1,HIGH_CONTROL_LOW_MODERATE_PROFIT,14,-0.276063856014,-0.285156095083,-0.0913365153193,0.119047619048,0.0428571428571,-0.171428571429,0.538095238095
ACTIVE_STICKY,discovery,HIGH_CONTROL_HIGH_PROFIT,BROADLY_WEAK,ALL,5,12,7,0.0166118959244,-0.022614098628,0.0558378904768,0.0672183217262,-0.0485979322124,0.285714285714,0,0,0.178571428571,HIGH_CONTROL_LOW_MODERATE_PROFIT,12,-0.0113001664117,-0.0296835037211,-0.0175103832825,-0.25,-0.0357142857143,0,0.0714285714286
ACTIVE_STICKY,discovery,HIGH_CONTROL_HIGH_PROFIT,BROADLY_WEAK,ALL,10,12,7,-0.0121113428004,-0.0444678353838,0.020245149783,0.0785272777179,-0.0670700359724,0.428571428571,0,0,0.285714285714,HIGH_CONTROL_LOW_MODERATE_PROFIT,12,-0.050541116167,-0.0339195395661,-0.0223921262615,-0.142857142857,-0.0357142857143,0,0.0357142857143
ACTIVE_STICKY,discovery,HIGH_CONTROL_HIGH_PROFIT,BROADLY_WEAK,ALL,20,12,7,-0.0413490019914,-0.109963395679,0.0272653916963,0.094221961042,-0.124082325542,0.5,0.0357142857143,0.0357142857143,0.607142857143,HIGH_CONTROL_LOW_MODERATE_PROFIT,12,-0.0177671953175,-0.0508753500501,-0.0274187957697,-0.107142857143,-0.178571428571,0,0.142857142857
ACTIVE_STICKY,discovery,HIGH_CONTROL_HIGH_PROFIT,BROADLY_WEAK,ALL,40,12,7,-0.0638265565359,-0.129477725782,0.00182461271058,0.108030287477,-0.193987034785,0.607142857143,0.0357142857143,0.0357142857143,1,HIGH_CONTROL_LOW_MODERATE_PROFIT,12,-0.0858335643389,-0.101939715141,-0.0425847870113,0,-0.428571428571,-0.285714285714,0.535714285714
ACTIVE_STICKY,discovery,HIGH_CONTROL_HIGH_PROFIT,BROADLY_WEAK,ALL,60,12,7,-0.00412448624115,-0.116174090674,0.107925118192,0.162133344488,-0.216092383102,0.892857142857,0.285714285714,0.0357142857143,1,HIGH_CONTROL_LOW_MODERATE_PROFIT,12,-0.187957218629,-0.233433815825,-0.0634089053478,0.214285714286,-0.25,-0.357142857143,0.535714285714
ACTIVE_STICKY,discovery,HIGH_CONTROL_HIGH_PROFIT,BROADLY_WEAK,ALL,120,12,7,-0.0413594759907,-0.224860075323,0.142141123342,0.349828119853,-0.24726356502,0.964285714286,0.714285714286,0.464285714286,1,HIGH_CONTROL_LOW_MODERATE_PROFIT,12,-0.285085077283,-0.303764883841,-0.0923379347994,0.107142857143,0,-0.214285714286,0.535714285714
ACTIVE_STICKY,discovery,HIGH_CONTROL_HIGH_PROFIT,STRONG,ALL,5,2,2,0.0561521649896,-0.0375870599851,0.149891389964,0.099626826346,0.00451712078013,0.5,0,0,0,HIGH_CONTROL_LOW_MODERATE_PROFIT,2,0.0608148271981,0.0670457262049,0.0429304939608,0.5,0,0,0
ACTIVE_STICKY,discovery,HIGH_CONTROL_HIGH_PROFIT,STRONG,ALL,10,2,2,0.0615350320061,-0.0221411153885,0.145211179401,0.107696446599,0.00451712078013,0.5,0,0,0,HIGH_CONTROL_LOW_MODERATE_PROFIT,2,0.079345007644,0.0659475044271,0.0481752492055,0.5,0,0,0
ACTIVE_STICKY,discovery,HIGH_CONTROL_HIGH_PROFIT,STRONG,ALL,20,2,2,0.0191310781127,-0.0767707429636,0.115032899189,0.144221702038,-0.112638536039,0.5,0,0,0.5,HIGH_CONTROL_LOW_MODERATE_PROFIT,2,0.0825187247867,0.0643909545062,0.0253804736304,0,0,0,0
ACTIVE_STICKY,discovery,HIGH_CONTROL_HIGH_PROFIT,STRONG,ALL,40,2,2,0.234562730893,0.154060284671,0.315065177115,0.272598431312,-0.112638536039,1,1,0.5,0.5,HIGH_CONTROL_LOW_MODERATE_PROFIT,2,0.0521793878613,-0.0271194812413,0.0253804736304,0.5,0.5,0,0
ACTIVE_STICKY,discovery,HIGH_CONTROL_HIGH_PROFIT,STRONG,ALL,60,2,2,0.187518305062,0.136914942478,0.238121667647,0.281866062415,-0.128122261174,1,1,0.5,0.5,HIGH_CONTROL_LOW_MODERATE_PROFIT,2,0.201154011152,-0.0178518501382,0.00989674849481,0.5,0.5,0,0
ACTIVE_STICKY,discovery,HIGH_CONTROL_HIGH_PROFIT,STRONG,ALL,120,2,2,-0.134425512264,-0.241994453011,-0.0268565715173,0.430125556086,-0.310861003561,1,1,1,1,HIGH_CONTROL_LOW_MODERATE_PROFIT,2,-0.225583155749,0.130407643533,-0.171093742144,0.5,0.5,0.5,0.5
ACTIVE_STICKY,discovery,HIGH_CONTROL_HIGH_PROFIT,ALL,LOW,5,1,1,-0.0075,NA,NA,0.016875,-0.05125,0,0,0,0,HIGH_CONTROL_LOW_MODERATE_PROFIT,1,0.00922240802676,0.015588660921,-0.00134004373553,0,0,0,0
ACTIVE_STICKY,discovery,HIGH_CONTROL_HIGH_PROFIT,ALL,LOW,10,1,1,-0.02375,NA,NA,0.016875,-0.05125,0,0,0,0,HIGH_CONTROL_LOW_MODERATE_PROFIT,1,-0.0656846539748,-0.0327776884487,0.00997974015951,0,0,0,0
ACTIVE_STICKY,discovery,HIGH_CONTROL_HIGH_PROFIT,ALL,LOW,20,1,1,-0.006875,NA,NA,0.016875,-0.1025,0,0,0,1,HIGH_CONTROL_LOW_MODERATE_PROFIT,1,-0.0426352263957,-0.0891193401081,-0.0412702598405,-1,0,0,1
ACTIVE_STICKY,discovery,HIGH_CONTROL_HIGH_PROFIT,ALL,LOW,40,1,1,0.070625,NA,NA,0.13875,-0.1025,1,0,0,1,HIGH_CONTROL_LOW_MODERATE_PROFIT,1,-0.151397125032,-0.166884165166,-0.0412702598405,0,-1,-1,1
ACTIVE_STICKY,discovery,HIGH_CONTROL_HIGH_PROFIT,ALL,LOW,60,1,1,0.2325,NA,NA,0.2725,-0.1025,1,1,0,1,HIGH_CONTROL_LOW_MODERATE_PROFIT,1,-0.336319140725,-0.415176871623,-0.0412702598405,0,0,-1,1
ACTIVE_STICKY,discovery,HIGH_CONTROL_HIGH_PROFIT,ALL,LOW,120,1,1,0.0075,NA,NA,0.2725,-0.1025,1,1,0,1,HIGH_CONTROL_LOW_MODERATE_PROFIT,1,-0.309711216877,-0.682735400051,-0.0412702598405,0,0,-1,1
ACTIVE_STICKY,discovery,HIGH_CONTROL_HIGH_PROFIT,ALL,HIGH,5,13,7,0.0221036841091,-0.017256842993,0.0614642112111,0.0741769016173,-0.0432608489911,0.333333333333,0,0,0.178571428571,HIGH_CONTROL_LOW_MODERATE_PROFIT,13,-0.00922678761115,-0.026104387742,-0.0152042731723,-0.202380952381,-0.0357142857143,0,0.0952380952381
ACTIVE_STICKY,discovery,HIGH_CONTROL_HIGH_PROFIT,ALL,HIGH,10,13,7,-0.00668514232852,-0.0430938231778,0.0297235385207,0.0844914939814,-0.0617329527511,0.452380952381,0,0,0.285714285714,HIGH_CONTROL_LOW_MODERATE_PROFIT,13,-0.0430101224312,-0.0295332632274,-0.0201732492416,-0.119047619048,-0.0357142857143,0,0.0595238095238
ACTIVE_STICKY,discovery,HIGH_CONTROL_HIGH_PROFIT,ALL,HIGH,20,13,7,-0.0408993225908,-0.109504897005,0.0277062518231,0.102303218613,-0.125495462318,0.52380952381,0.0357142857143,0.0357142857143,0.607142857143,HIGH_CONTROL_LOW_MODERATE_PROFIT,13,-0.0158823859352,-0.0440252566108,-0.0255330340114,-0.0952380952381,-0.178571428571,0,0.130952380952
ACTIVE_STICKY,discovery,HIGH_CONTROL_HIGH_PROFIT,ALL,HIGH,40,13,7,-0.0414436549847,-0.110354149913,0.0274668399435,0.119168361453,-0.184610499834,0.607142857143,0.119047619048,0.0714285714286,0.952380952381,HIGH_CONTROL_LOW_MODERATE_PROFIT,13,-0.0823431594902,-0.105844446309,-0.0362993480276,-0.0119047619048,-0.357142857143,-0.261904761905,0.47619047619
ACTIVE_STICKY,discovery,HIGH_CONTROL_HIGH_PROFIT,ALL,HIGH,60,13,7,0.00262773660064,-0.112848607424,0.118104080626,0.166585143419,-0.20819048864,0.892857142857,0.309523809524,0.0714285714286,0.952380952381,HIGH_CONTROL_LOW_MODERATE_PROFIT,13,-0.163989686809,-0.222376754514,-0.0585981068532,0.22619047619,-0.214285714286,-0.309523809524,0.47619047619
ACTIVE_STICKY,discovery,HIGH_CONTROL_HIGH_PROFIT,ALL,HIGH,120,13,7,-0.0412409731456,-0.224815395209,0.142333448917,0.364920237745,-0.249745284009,0.964285714286,0.738095238095,0.52380952381,1,HIGH_CONTROL_LOW_MODERATE_PROFIT,13,-0.279949681042,-0.268999433249,-0.0977858746308,0.119047619048,0.0357142857143,-0.142857142857,0.52380952381
ACTIVE_STICKY,discovery,HIGH_CONTROL_LOW_MODERATE_PROFIT,ALL,ALL,5,223,115,0.0177912828158,0.00294184784319,0.0326407177884,0.0614823014891,-0.0480969763296,0.221884057971,0.0650724637681,0.0376811594203,0.167826086957,LOW_CONTROL,223,0.0139639362414,0.034583171055,0.0114091366686,0.112608695652,0.0520289855072,0.0376811594203,-0.0423188405797
ACTIVE_STICKY,discovery,HIGH_CONTROL_LOW_MODERATE_PROFIT,ALL,ALL,10,223,115,0.0115658122327,-0.0026501178239,0.0257817422894,0.084902108281,-0.060311229757,0.293043478261,0.0759420289855,0.0420289855072,0.214057971014,LOW_CONTROL,223,-0.00500503857901,0.022694199701,0.0124681934235,0.134347826087,-0.00449275362319,-0.0115942028986,-0.00434782608696
ACTIVE_STICKY,discovery,HIGH_CONTROL_LOW_MODERATE_PROFIT,ALL,ALL,20,223,115,-0.0218364793399,-0.0515128792181,0.00783992053823,0.1340503005,-0.138919962469,0.446376811594,0.194637681159,0.107971014493,0.634202898551,LOW_CONTROL,223,0.0151868302103,0.00958309830546,0.0183106930743,0.086231884058,-0.0824637681159,0.0236231884058,-0.0352173913043
ACTIVE_STICKY,discovery,HIGH_CONTROL_LOW_MODERATE_PROFIT,ALL,ALL,40,223,115,0.032964736796,-0.000210709622539,0.0661401832145,0.20349532886,-0.152125801642,0.55884057971,0.386231884058,0.229565217391,0.690434782609,LOW_CONTROL,223,0.0356945666721,0.0419001856018,0.0106802689557,0.145797101449,0.0626086956522,0.114782608696,-0.0588405797101
ACTIVE_STICKY,discovery,HIGH_CONTROL_LOW_MODERATE_PROFIT,ALL,ALL,60,222,115,0.0208359867758,-0.0233817906624,0.0650537642139,0.271351577675,-0.171480612127,0.655797101449,0.483043478261,0.313043478261,0.714202898551,LOW_CONTROL,223,0.061095464758,0.0708886751296,0.000781834417376,0.167826086957,0.120579710145,0.190434782609,-0.048115942029
ACTIVE_STICKY,discovery,HIGH_CONTROL_LOW_MODERATE_PROFIT,ALL,ALL,120,220,114,0.138072239857,0.0880977116134,0.188046768101,0.388289428809,-0.188286340707,0.762865497076,0.661257309942,0.497953216374,0.743128654971,LOW_CONTROL,223,0.0659291013866,0.105873604001,0.0022779686952,0.0906432748538,0.0489766081871,0.268421052632,-0.0915204678363
ACTIVE_STICKY,discovery,HIGH_CONTROL_LOW_MODERATE_PROFIT,BROADLY_WEAK,ALL,5,141,83,0.0200360759059,-0.000306609737813,0.0403787615497,0.0632619109174,-0.0682958808996,0.29718875502,0.0843373493976,0.0301204819277,0.326305220884,LOW_CONTROL,141,0.00645255334719,0.0319254461881,0.0165464412229,0.14859437751,0.0602409638554,0.0301204819277,-0.0923694779116
ACTIVE_STICKY,discovery,HIGH_CONTROL_LOW_MODERATE_PROFIT,BROADLY_WEAK,ALL,10,141,83,0.0192012056464,-0.000647395767484,0.0390498070602,0.0947278481135,-0.0826588322984,0.345381526104,0.106425702811,0.0421686746988,0.38453815261,LOW_CONTROL,141,-0.00632261701032,0.0225678895108,0.0208816925575,0.172690763052,0.00200803212851,-0.0381526104418,-0.0532128514056
ACTIVE_STICKY,discovery,HIGH_CONTROL_LOW_MODERATE_PROFIT,BROADLY_WEAK,ALL,20,141,83,0.0368509167328,9.54233587626e-05,0.0736064101069,0.168650153129,-0.100474651985,0.591365461847,0.259036144578,0.142570281124,0.480923694779,LOW_CONTROL,141,0.00121110860211,-0.017272256983,0.0163929019251,0.0120481927711,-0.218875502008,0.0170682730924,-0.00401606425703
ACTIVE_STICKY,discovery,HIGH_CONTROL_LOW_MODERATE_PROFIT,BROADLY_WEAK,ALL,40,141,83,0.0487016673062,0.00506592171504,0.0923374128974,0.242295509688,-0.125166497452,0.712851405622,0.479919678715,0.275100401606,0.579317269076,LOW_CONTROL,141,0.0628375493132,0.020811195992,0.00164016963912,0.0321285140562,-0.0552208835341,0.137550200803,-0.0502008032129
ACTIVE_STICKY,discovery,HIGH_CONTROL_LOW_MODERATE_PROFIT,BROADLY_WEAK,ALL,60,140,83,0.110617101197,0.0502900496194,0.170944152774,0.353424535501,-0.134354785608,0.847389558233,0.63453815261,0.399598393574,0.591365461847,LOW_CONTROL,141,0.0951787233331,0.0801874923379,0.0056940972872,0.0512048192771,0.0251004016064,0.243975903614,-0.0562248995984
ACTIVE_STICKY,discovery,HIGH_CONTROL_LOW_MODERATE_PROFIT,BROADLY_WEAK,ALL,120,139,82,0.18032082861,0.116132788866,0.244508868355,0.508485916043,-0.151718314372,0.922764227642,0.829268292683,0.639227642276,0.631097560976,LOW_CONTROL,141,0.114368772957,0.128260458276,0.0066676838134,0.0914634146341,0.0752032520325,0.283536585366,-0.109756097561
ACTIVE_STICKY,discovery,HIGH_CONTROL_LOW_MODERATE_PROFIT,STRONG,ALL,5,82,82,0.0132915569633,-0.000558262816147,0.0271413767427,0.0516931368843,-0.0324484780421,0.134146341463,0.0243902439024,0.0243902439024,0.0243902439024,LOW_CONTROL,82,0.028274955809,0.0385399831607,0.00341230773537,0.0975609756098,0.0243902439024,0.0243902439024,0.0243902439024
ACTIVE_STICKY,discovery,HIGH_CONTROL_LOW_MODERATE_PROFIT,STRONG,ALL,10,82,82,0.00794416030118,-0.00791047818245,0.0237987987848,0.0695278866236,-0.0414299262359,0.243902439024,0.0243902439024,0.0243902439024,0.0609756097561,LOW_CONTROL,82,0.00596568391575,0.0263632149413,0.000980282586515,0.134146341463,-0.0121951219512,0.0243902439024,0.0609756097561
ACTIVE_STICKY,discovery,HIGH_CONTROL_LOW_MODERATE_PROFIT,STRONG,ALL,20,82,82,-0.0685831222459,-0.102045960119,-0.035120284373,0.106031735273,-0.179411728397,0.329268292683,0.158536585366,0.0853658536585,0.829268292683,LOW_CONTROL,82,0.0683897317256,0.0610960181966,0.0352792395103,0.219512195122,0.121951219512,0.0853658536585,-0.121951219512
ACTIVE_STICKY,discovery,HIGH_CONTROL_LOW_MODERATE_PROFIT,STRONG,ALL,40,82,82,0.0499595126443,0.00793907943921,0.0919799458494,0.190562066937,-0.17972217185,0.487804878049,0.365853658537,0.243902439024,0.829268292683,LOW_CONTROL,82,0.0513823904292,0.112100453635,0.0349687960573,0.378048780488,0.292682926829,0.207317073171,-0.121951219512
ACTIVE_STICKY,discovery,HIGH_CONTROL_LOW_MODERATE_PROFIT,STRONG,ALL,60,82,82,-0.0599237280598,-0.103663508322,-0.0161839477977,0.204853371144,-0.20930438177,0.5,0.365853658537,0.256097560976,0.853658536585,LOW_CONTROL,82,0.0717493423587,0.108455756756,0.0106333184754,0.390243902439,0.292682926829,0.219512195122,-0.0975609756098
ACTIVE_STICKY,discovery,HIGH_CONTROL_LOW_MODERATE_PROFIT,STRONG,ALL,120,81,81,0.146467129729,0.08933354755,0.203600711907,0.287668221808,-0.221628244695,0.654320987654,0.543209876543,0.382716049383,0.864197530864,LOW_CONTROL,82,0.0489488154598,0.125733342926,0.0136145877538,0.148148148148,0.0493827160494,0.333333333333,-0.123456790123
ACTIVE_STICKY,discovery,HIGH_CONTROL_LOW_MODERATE_PROFIT,ALL,LOW,5,5,5,0.0159988415647,-0.0826528321423,0.114650515272,0.0711392906089,-0.103781830674,0.6,0,0,0.8,LOW_CONTROL,5,0.032938757115,0.0669421822656,0.00141442492829,0.4,0,0,0.2
ACTIVE_STICKY,discovery,HIGH_CONTROL_LOW_MODERATE_PROFIT,ALL,LOW,10,5,5,0.00429562181677,-0.0788209540233,0.0874121976568,0.0973649841302,-0.111121280215,0.6,0,0,0.8,LOW_CONTROL,5,0.0164959622067,0.0447515317023,-0.00528193779628,0.4,-0.2,0,0.2
ACTIVE_STICKY,discovery,HIGH_CONTROL_LOW_MODERATE_PROFIT,ALL,LOW,20,5,5,-0.0715661232751,-0.223473336807,0.080341090257,0.127649632823,-0.18928856926,0.6,0.2,0,1,LOW_CONTROL,5,-0.0797550280553,-0.0396828683436,0.000703704125371,0,-0.4,-0.2,0
ACTIVE_STICKY,discovery,HIGH_CONTROL_LOW_MODERATE_PROFIT,ALL,LOW,40,5,5,0.00421390454829,-0.143641833133,0.15206964223,0.177748439226,-0.18928856926,0.8,0.4,0.2,1,LOW_CONTROL,5,0.0186201195969,-0.0667247119286,0.000703704125371,0.2,-0.2,-0.2,0
ACTIVE_STICKY,discovery,HIGH_CONTROL_LOW_MODERATE_PROFIT,ALL,LOW,60,5,5,0.0025443743144,-0.195446151383,0.200534900011,0.193880428227,-0.189900190055,0.8,0.6,0.2,1,LOW_CONTROL,5,0.0633061102993,-0.0600863938138,0.0102265197315,0,0,-0.2,0
ACTIVE_STICKY,discovery,HIGH_CONTROL_LOW_MODERATE_PROFIT,ALL,LOW,120,5,5,0.176487266876,-0.0656992909577,0.41867382471,0.440795915821,-0.189900190055,1,0.8,0.6,1,LOW_CONTROL,5,0.0234229330173,0.0697919864701,0.0102265197315,0.2,0,0,0
ACTIVE_STICKY,discovery,HIGH_CONTROL_LOW_MODERATE_PROFIT,ALL,MODERATE,5,71,54,0.0166149484172,-0.0028131431163,0.0360430399508,0.0598579555799,-0.0415427090447,0.171296296296,0.0432098765432,0.0185185185185,0.125,LOW_CONTROL,71,0.0116885983364,0.0254667143686,0.00289108878061,0.0895061728395,0.0246913580247,0.0185185185185,0.00462962962963
ACTIVE_STICKY,discovery,HIGH_CONTROL_LOW_MODERATE_PROFIT,ALL,MODERATE,10,71,54,-0.000137970287609,-0.0171666143432,0.016890673768,0.0749815066709,-0.0584054263891,0.236111111111,0.0524691358025,0.0185185185185,0.217592592593,LOW_CONTROL,71,-0.00514869967964,0.0164935858417,0.00365909848726,0.0833333333333,-0.00308641975309,-0.0185185185185,0.0833333333333
ACTIVE_STICKY,discovery,HIGH_CONTROL_LOW_MODERATE_PROFIT,ALL,MODERATE,20,71,54,-0.0390018277147,-0.073271075347,-0.00473258008243,0.105571618992,-0.136354741033,0.37037037037,0.114197530864,0.0740740740741,0.640432098765,LOW_CONTROL,71,-0.000621285834511,0.00651582467486,0.00350968376218,0.0941358024691,-0.0123456790123,0,0.0787037037037
ACTIVE_STICKY,discovery,HIGH_CONTROL_LOW_MODERATE_PROFIT,ALL,MODERATE,40,71,54,0.0201522932671,-0.0279595385962,0.0682641251304,0.169323366639,-0.14765055415,0.54012345679,0.320987654321,0.151234567901,0.677469135802,LOW_CONTROL,71,0.0385946581645,0.0444566284562,0.00035560960134,0.166666666667,0.114197530864,0.0771604938272,0.0555555555556
ACTIVE_STICKY,discovery,HIGH_CONTROL_LOW_MODERATE_PROFIT,ALL,MODERATE,60,71,54,0.0254369110622,-0.0397129753722,0.0905867974967,0.247292971967,-0.164819827722,0.648148148148,0.467592592593,0.288580246914,0.70524691358,LOW_CONTROL,71,0.0504466859918,0.0876746767615,-0.00495289577594,0.157407407407,0.217592592593,0.195987654321,0.0555555555556
ACTIVE_STICKY,discovery,HIGH_CONTROL_LOW_MODERATE_PROFIT,ALL,MODERATE,120,71,54,0.143654997378,0.0704851740234,0.216824820733,0.395772206407,-0.182041628317,0.777777777778,0.657407407407,0.49537037037,0.723765432099,LOW_CONTROL,71,0.0943931469871,0.137421274986,-0.00206368517303,0.168209876543,0.183641975309,0.223765432099,0.0216049382716
ACTIVE_STICKY,discovery,HIGH_CONTROL_LOW_MODERATE_PROFIT,ALL,HIGH,5,147,82,0.0168351807774,-0.000906739780935,0.0345771013357,0.0585370922956,-0.0495568708723,0.225406504065,0.0762195121951,0.0406504065041,0.154471544715,LOW_CONTROL,147,0.00976298256153,0.0309462246108,0.0131805820784,0.0882113821138,0.0640243902439,0.0406504065041,-0.0766260162602
ACTIVE_STICKY,discovery,HIGH_CONTROL_LOW_MODERATE_PROFIT,ALL,HIGH,10,147,82,0.0169196575413,-0.00115479246423,0.0349941075469,0.0873483802039,-0.060537194381,0.310162601626,0.0884146341463,0.0467479674797,0.196138211382,LOW_CONTROL,147,-0.0119378458572,0.0184165726296,0.0163198572829,0.136991869919,-0.00508130081301,-0.0243902439024,-0.0380081300813
ACTIVE_STICKY,discovery,HIGH_CONTROL_LOW_MODERATE_PROFIT,ALL,HIGH,20,147,82,-0.00774158131446,-0.0498404503313,0.0343572877024,0.15164022654,-0.138093148157,0.484349593496,0.238211382114,0.135162601626,0.62906504065,LOW_CONTROL,147,0.0240974523049,0.00711510780118,0.0227830323716,0.080081300813,-0.112195121951,0.0335365853659,-0.054674796748
ACTIVE_STICKY,discovery,HIGH_CONTROL_LOW_MODERATE_PROFIT,ALL,HIGH,40,147,82,0.045087630527,0.0020396136301,0.088135647424,0.22685318651,-0.154876576785,0.565040650407,0.425,0.276422764228,0.692479674797,LOW_CONTROL,147,0.0332075418135,0.0414927510771,0.0121474819638,0.120731707317,0.0369918699187,0.144308943089,-0.101422764228
ACTIVE_STICKY,discovery,HIGH_CONTROL_LOW_MODERATE_PROFIT,ALL,HIGH,60,146,82,0.027092641893,-0.0282374954987,0.0824227792847,0.292277100692,-0.174587200069,0.64837398374,0.489430894309,0.318495934959,0.718902439024,LOW_CONTROL,147,0.061284684521,0.0605077315379,0.00246446341346,0.183739837398,0.0664634146341,0.17418699187,-0.075
ACTIVE_STICKY,discovery,HIGH_CONTROL_LOW_MODERATE_PROFIT,ALL,HIGH,120,144,81,0.151107099763,0.0900512465696,0.212162952956,0.404512756268,-0.189903357684,0.759259259259,0.677983539095,0.501028806584,0.748353909465,LOW_CONTROL,147,0.0512082651219,0.0830705854419,0.0034527197521,0.0769547325103,-0.00432098765432,0.291769547325,-0.12366255144
ACTIVE_STICKY,discovery,LOW_CONTROL,ALL,ALL,5,1765,449,0.0270070230178,0.0238130663784,0.0302009796572,0.0536915901074,-0.0411844130347,0.230438010393,0.0360801781737,0.00976243504083,0.171009651076,NA,0,NA,NA,NA,NA,NA,NA,NA
ACTIVE_STICKY,discovery,LOW_CONTROL,ALL,ALL,10,1765,449,0.0152112028935,0.0113556398633,0.0190667659236,0.0812583917027,-0.0525686486725,0.341982182628,0.094580549369,0.0272086117298,0.191648106904,NA,0,NA,NA,NA,NA,NA,NA,NA
ACTIVE_STICKY,discovery,LOW_CONTROL,ALL,ALL,20,1764,449,-0.00627786955119,-0.0131726841421,0.000616945039716,0.119283771057,-0.0993505590455,0.457980697847,0.166109873794,0.0699703043801,0.420527097253,NA,0,NA,NA,NA,NA,NA,NA,NA
ACTIVE_STICKY,discovery,LOW_CONTROL,ALL,ALL,40,1763,449,0.0262755991552,0.0156942781031,0.0368569202072,0.171604099228,-0.111229695177,0.595360059391,0.296919079436,0.151224944321,0.479472902747,NA,0,NA,NA,NA,NA,NA,NA,NA
ACTIVE_STICKY,discovery,LOW_CONTROL,ALL,ALL,60,1762,448,0.047582141894,0.0315589176163,0.0636053661718,0.23672092576,-0.122317838204,0.719568452381,0.427864583333,0.257328869048,0.51130952381,NA,0,NA,NA,NA,NA,NA,NA,NA
ACTIVE_STICKY,discovery,LOW_CONTROL,ALL,ALL,120,1759,448,0.13735718417,0.112075613091,0.162638755249,0.416257538164,-0.13815201848,0.870424107143,0.69415922619,0.5328125,0.549739583333,NA,0,NA,NA,NA,NA,NA,NA,NA
ACTIVE_STICKY,discovery,LOW_CONTROL,BROADLY_WEAK,ALL,5,1498,447,0.0266930361142,0.0231965735473,0.0301894986811,0.0530994669257,-0.0461977045166,0.240492170022,0.0387770320656,0.0104399701715,0.202087994034,NA,0,NA,NA,NA,NA,NA,NA,NA
ACTIVE_STICKY,discovery,LOW_CONTROL,BROADLY_WEAK,ALL,10,1498,447,0.0152043707095,0.0109984479918,0.0194102934272,0.0824335623791,-0.0582328226821,0.356450410142,0.100484712901,0.0298284862043,0.224832214765,NA,0,NA,NA,NA,NA,NA,NA,NA
ACTIVE_STICKY,discovery,LOW_CONTROL,BROADLY_WEAK,ALL,20,1497,447,0.00583491638713,-0.000938836788295,0.0126086695626,0.122794771118,-0.0854671016447,0.477815063386,0.175055928412,0.0738255033557,0.357382550336,NA,0,NA,NA,NA,NA,NA,NA,NA
ACTIVE_STICKY,discovery,LOW_CONTROL,BROADLY_WEAK,ALL,40,1496,446,0.0267209213263,0.0152502590221,0.0381915836305,0.176764462022,-0.099325663492,0.614910313901,0.307174887892,0.154708520179,0.426569506726,NA,0,NA,NA,NA,NA,NA,NA,NA
ACTIVE_STICKY,discovery,LOW_CONTROL,BROADLY_WEAK,ALL,60,1496,446,0.0656855052697,0.0484684191812,0.0829025913582,0.248638885943,-0.111379514459,0.74514200299,0.451233183857,0.26812406577,0.461696562033,NA,0,NA,NA,NA,NA,NA,NA,NA
ACTIVE_STICKY,discovery,LOW_CONTROL,BROADLY_WEAK,ALL,120,1493,445,0.158075631129,0.13214881146,0.184002450798,0.443444586583,-0.122756154777,0.902808988764,0.736891385768,0.568164794007,0.496254681648,NA,0,NA,NA,NA,NA,NA,NA,NA
ACTIVE_STICKY,discovery,LOW_CONTROL,STRONG,ALL,5,267,267,0.0238863837067,0.0188822880688,0.0288904793446,0.0530759833531,-0.0147352540014,0.149812734082,0.0299625468165,0.00749063670412,0,NA,0,NA,NA,NA,NA,NA,NA,NA
ACTIVE_STICKY,discovery,LOW_CONTROL,STRONG,ALL,10,267,267,0.00689189166122,0.000969894692119,0.0128138886303,0.0673260404277,-0.0220891440973,0.217228464419,0.0561797752809,0.0112359550562,0.0112359550562,NA,0,NA,NA,NA,NA,NA,NA,NA
ACTIVE_STICKY,discovery,LOW_CONTROL,STRONG,ALL,20,267,267,-0.102533130248,-0.115893023156,-0.0891732373397,0.086974721018,-0.202400435431,0.295880149813,0.0973782771536,0.0299625468165,0.906367041199,NA,0,NA,NA,NA,NA,NA,NA,NA
ACTIVE_STICKY,discovery,LOW_CONTROL,STRONG,ALL,40,267,267,-0.00196327280295,-0.0164044440485,0.0124778984426,0.125025076876,-0.202768815439,0.423220973783,0.187265917603,0.104868913858,0.906367041199,NA,0,NA,NA,NA,NA,NA,NA,NA
ACTIVE_STICKY,discovery,LOW_CONTROL,STRONG,ALL,60,266,266,-0.104059901739,-0.120134628838,-0.0879851746399,0.145866762906,-0.21350355285,0.511278195489,0.229323308271,0.142857142857,0.928571428571,NA,0,NA,NA,NA,NA,NA,NA,NA
ACTIVE_STICKY,discovery,LOW_CONTROL,STRONG,ALL,120,266,266,-0.0138022283298,-0.043021155041,0.0154166983814,0.210362710065,-0.249519560166,0.62030075188,0.345864661654,0.225563909774,0.966165413534,NA,0,NA,NA,NA,NA,NA,NA,NA
ACTIVE_STICKY,discovery,LOW_CONTROL,ALL,LOW,5,1614,429,0.0265503454427,0.0234004959947,0.0297001948908,0.0530180276264,-0.0402304295189,0.229642579643,0.0340714840715,0.00866355866356,0.16655011655,NA,0,NA,NA,NA,NA,NA,NA,NA
ACTIVE_STICKY,discovery,LOW_CONTROL,ALL,LOW,10,1614,429,0.0141158198829,0.0102795141562,0.0179521256096,0.079399103098,-0.0511870123178,0.336985236985,0.0968531468531,0.0206293706294,0.18512043512,NA,0,NA,NA,NA,NA,NA,NA,NA
ACTIVE_STICKY,discovery,LOW_CONTROL,ALL,LOW,20,1613,429,-0.00488818701564,-0.0117705189777,0.00199414494645,0.117989501147,-0.09642718746,0.458585858586,0.168958818959,0.0636752136752,0.404001554002,NA,0,NA,NA,NA,NA,NA,NA,NA
ACTIVE_STICKY,discovery,LOW_CONTROL,ALL,LOW,40,1612,429,0.0304255709885,0.0190672801592,0.0417838618178,0.17095930975,-0.108016170892,0.598329448329,0.299417249417,0.151670551671,0.461888111888,NA,0,NA,NA,NA,NA,NA,NA,NA
ACTIVE_STICKY,discovery,LOW_CONTROL,ALL,LOW,60,1611,428,0.0554679561379,0.0369459234189,0.0739899888568,0.240744403766,-0.118838196102,0.723286604361,0.440965732087,0.264018691589,0.495755451713,NA,0,NA,NA,NA,NA,NA,NA,NA
ACTIVE_STICKY,discovery,LOW_CONTROL,ALL,LOW,120,1608,428,0.143209506153,0.115964345236,0.17045466707,0.422302739565,-0.135411164141,0.873169781931,0.697079439252,0.532281931464,0.536253894081,NA,0,NA,NA,NA,NA,NA,NA,NA
ACTIVE_STICKY,discovery,LOW_CONTROL,ALL,MODERATE,5,143,107,0.0340682591451,0.0195408683509,0.0485956499393,0.0629253426032,-0.0447798386247,0.285046728972,0.0529595015576,0.01246105919,0.163551401869,NA,0,NA,NA,NA,NA,NA,NA,NA
ACTIVE_STICKY,discovery,LOW_CONTROL,ALL,MODERATE,10,143,107,0.0299554360601,0.0116107134693,0.0483001586508,0.102122430986,-0.058370609525,0.417445482866,0.123052959502,0.0669781931464,0.214953271028,NA,0,NA,NA,NA,NA,NA,NA,NA
ACTIVE_STICKY,discovery,LOW_CONTROL,ALL,MODERATE,20,143,107,-0.0170722332582,-0.0472010284675,0.013056561951,0.135789613257,-0.1286859319,0.509345794393,0.176012461059,0.0996884735202,0.563862928349,NA,0,NA,NA,NA,NA,NA,NA,NA
ACTIVE_STICKY,discovery,LOW_CONTROL,ALL,MODERATE,40,143,107,0.0207091926178,-0.016103421746,0.0575218069816,0.195817741365,-0.139080577494,0.590342679128,0.291277258567,0.177570093458,0.626168224299,NA,0,NA,NA,NA,NA,NA,NA,NA
ACTIVE_STICKY,discovery,LOW_CONTROL,ALL,MODERATE,60,143,107,0.0391671033719,-0.017189239934,0.0955234466778,0.26359715616,-0.148075123327,0.704049844237,0.369158878505,0.252336448598,0.635514018692,NA,0,NA,NA,NA,NA,NA,NA,NA
ACTIVE_STICKY,discovery,LOW_CONTROL,ALL,MODERATE,120,143,107,0.100988507575,0.0429044767403,0.15907253841,0.411591320797,-0.166751441112,0.845794392523,0.644859813084,0.521806853583,0.690031152648,NA,0,NA,NA,NA,NA,NA,NA,NA
ACTIVE_STICKY,discovery,LOW_CONTROL,ALL,HIGH,5,8,8,0.0858412199481,0.0158909506838,0.155791489212,0.142883634794,-0.0596936814654,0.625,0.375,0.125,0.375,NA,0,NA,NA,NA,NA,NA,NA,NA
ACTIVE_STICKY,discovery,LOW_CONTROL,ALL,HIGH,10,8,8,0.0604253550063,0.0105308898763,0.110319820136,0.234286888706,-0.0621294194422,0.75,0.5,0.5,0.375,NA,0,NA,NA,NA,NA,NA,NA,NA
ACTIVE_STICKY,discovery,LOW_CONTROL,ALL,HIGH,20,8,8,-0.078331250716,-0.21078121119,0.0541187097576,0.319558317256,-0.178260683773,0.875,0.75,0.625,0.875,NA,0,NA,NA,NA,NA,NA,NA,NA
ACTIVE_STICKY,discovery,LOW_CONTROL,ALL,HIGH,40,8,8,-0.130666674424,-0.256343496075,-0.00498985277345,0.319558317256,-0.230854120125,0.875,0.75,0.625,0.875,NA,0,NA,NA,NA,NA,NA,NA,NA
ACTIVE_STICKY,discovery,LOW_CONTROL,ALL,HIGH,60,8,8,-0.161611341239,-0.363806606314,0.0405839238351,0.346175698918,-0.282684094694,1,0.75,0.625,0.875,NA,0,NA,NA,NA,NA,NA,NA,NA
ACTIVE_STICKY,discovery,LOW_CONTROL,ALL,HIGH,120,8,8,0.213509840585,-0.21695658652,0.64397626769,0.727757230845,-0.298583976759,1,1,1,0.875,NA,0,NA,NA,NA,NA,NA,NA,NA
ACTIVE_STICKY,discovery,MODERATE_CONTROL,ALL,ALL,5,411,232,0.0146922804124,0.00574068599701,0.0236438748277,0.0558843754115,-0.0527334466552,0.231106321839,0.0477011494253,0.0254310344828,0.210775862069,NA,0,NA,NA,NA,NA,NA,NA,NA
ACTIVE_STICKY,discovery,MODERATE_CONTROL,ALL,ALL,10,411,232,0.00424064427992,-0.00809051345916,0.016571802019,0.0867933309284,-0.0702615000194,0.328591954023,0.0979166666667,0.0362068965517,0.289439655172,NA,0,NA,NA,NA,NA,NA,NA,NA
ACTIVE_STICKY,discovery,MODERATE_CONTROL,ALL,ALL,20,411,232,-0.0186602523684,-0.0473904695577,0.0100699648209,0.147471423992,-0.145710011716,0.459482758621,0.191954022989,0.105459770115,0.718103448276,NA,0,NA,NA,NA,NA,NA,NA,NA
ACTIVE_STICKY,discovery,MODERATE_CONTROL,ALL,ALL,40,411,232,0.0169695120093,-0.017983028837,0.0519220528555,0.193767425364,-0.160898529742,0.533405172414,0.289583333333,0.155172413793,0.765158045977,NA,0,NA,NA,NA,NA,NA,NA,NA
ACTIVE_STICKY,discovery,MODERATE_CONTROL,ALL,ALL,60,410,231,-0.00796964627437,-0.0385449829424,0.0226056903937,0.23978259982,-0.16821184583,0.620490620491,0.371645021645,0.233838383838,0.793362193362,NA,0,NA,NA,NA,NA,NA,NA,NA
ACTIVE_STICKY,discovery,MODERATE_CONTROL,ALL,ALL,120,410,231,0.111102917498,0.0722897631244,0.149916071872,0.381477860981,-0.183938108104,0.75468975469,0.560966810967,0.413059163059,0.814285714286,NA,0,NA,NA,NA,NA,NA,NA,NA
ACTIVE_STICKY,discovery,MODERATE_CONTROL,BROADLY_WEAK,ALL,5,280,174,0.0184020339143,0.006030726749,0.0307733410796,0.0626841255598,-0.0708303033747,0.320881226054,0.0684865900383,0.0340038314176,0.325670498084,NA,0,NA,NA,NA,NA,NA,NA,NA
ACTIVE_STICKY,discovery,MODERATE_CONTROL,BROADLY_WEAK,ALL,10,280,174,0.00539887200421,-0.00885122877164,0.0196489727801,0.102483473905,-0.0928793579244,0.435344827586,0.146072796935,0.0483716475096,0.431034482759,NA,0,NA,NA,NA,NA,NA,NA,NA
ACTIVE_STICKY,discovery,MODERATE_CONTROL,BROADLY_WEAK,ALL,20,280,174,-0.011990038597,-0.0311137483649,0.00713367117092,0.155828377586,-0.120231786505,0.590038314176,0.239463601533,0.118295019157,0.61877394636,NA,0,NA,NA,NA,NA,NA,NA,NA
ACTIVE_STICKY,discovery,MODERATE_CONTROL,BROADLY_WEAK,ALL,40,280,174,-0.0100518767457,-0.0345502231874,0.0144464696959,0.195695111458,-0.142687071869,0.657088122605,0.328544061303,0.163793103448,0.695402298851,NA,0,NA,NA,NA,NA,NA,NA,NA
ACTIVE_STICKY,discovery,MODERATE_CONTROL,BROADLY_WEAK,ALL,60,279,173,0.0193620237459,-0.0132681939281,0.0519922414198,0.254573254983,-0.148257413543,0.76493256262,0.440269749518,0.267822736031,0.722543352601,NA,0,NA,NA,NA,NA,NA,NA,NA
ACTIVE_STICKY,discovery,MODERATE_CONTROL,BROADLY_WEAK,ALL,120,279,173,0.130816703729,0.0835210037978,0.17811240366,0.440966748995,-0.164733922707,0.895472061657,0.686416184971,0.509633911368,0.751445086705,NA,0,NA,NA,NA,NA,NA,NA,NA
ACTIVE_STICKY,discovery,MODERATE_CONTROL,STRONG,ALL,5,131,131,0.0110979155806,0.00161907020331,0.0205767609579,0.0460514935466,-0.0252693343784,0.114503816794,0.00763358778626,0.00763358778626,0.030534351145,NA,0,NA,NA,NA,NA,NA,NA,NA
ACTIVE_STICKY,discovery,MODERATE_CONTROL,STRONG,ALL,10,131,131,0.00776883421354,-0.0089985735903,0.0245362420174,0.0633948041822,-0.0324463375678,0.190839694656,0.030534351145,0.0152671755725,0.0534351145038,NA,0,NA,NA,NA,NA,NA,NA,NA
ACTIVE_STICKY,discovery,MODERATE_CONTROL,STRONG,ALL,20,131,131,-0.0117797336216,-0.0651848403237,0.0416253730805,0.145106762517,-0.175866656035,0.335877862595,0.145038167939,0.0992366412214,0.824427480916,NA,0,NA,NA,NA,NA,NA,NA,NA
ACTIVE_STICKY,discovery,MODERATE_CONTROL,STRONG,ALL,40,131,131,0.0902047560886,0.0282623894098,0.152147122767,0.224972124659,-0.176406250798,0.450381679389,0.290076335878,0.190839694656,0.824427480916,NA,0,NA,NA,NA,NA,NA,NA,NA
ACTIVE_STICKY,discovery,MODERATE_CONTROL,STRONG,ALL,60,131,131,-0.0198700726787,-0.0643190280581,0.0245788827006,0.253319427146,-0.187021065162,0.503816793893,0.351145038168,0.251908396947,0.862595419847,NA,0,NA,NA,NA,NA,NA,NA,NA
ACTIVE_STICKY,discovery,MODERATE_CONTROL,STRONG,ALL,120,131,131,0.114060534937,0.0616955818648,0.16642548801,0.332092012321,-0.201416113685,0.618320610687,0.427480916031,0.335877862595,0.870229007634,NA,0,NA,NA,NA,NA,NA,NA,NA
ACTIVE_STICKY,discovery,MODERATE_CONTROL,ALL,LOW,5,128,99,0.00945006212648,-0.00375254625286,0.0226526705058,0.0482564487062,-0.048161975612,0.207912457912,0.0277777777778,0.0227272727273,0.189393939394,NA,0,NA,NA,NA,NA,NA,NA,NA
ACTIVE_STICKY,discovery,MODERATE_CONTROL,ALL,LOW,10,128,99,-0.000737494646073,-0.0158200767311,0.0143450874389,0.0768881770436,-0.0616369541726,0.303872053872,0.0715488215488,0.0361952861953,0.234848484848,NA,0,NA,NA,NA,NA,NA,NA,NA
ACTIVE_STICKY,discovery,MODERATE_CONTROL,ALL,LOW,20,128,99,-0.0106054046911,-0.0524078687,0.0311970593178,0.151833652216,-0.142885453062,0.483164983165,0.18771043771,0.117003367003,0.686026936027,NA,0,NA,NA,NA,NA,NA,NA,NA
ACTIVE_STICKY,discovery,MODERATE_CONTROL,ALL,LOW,40,128,99,0.0293345980125,-0.0287434738846,0.0874126699097,0.199479906416,-0.155506701627,0.55303030303,0.300505050505,0.155723905724,0.706228956229,NA,0,NA,NA,NA,NA,NA,NA,NA
ACTIVE_STICKY,discovery,MODERATE_CONTROL,ALL,LOW,60,127,98,0.00516562538888,-0.0468213657815,0.0571526165592,0.239986025433,-0.158350644529,0.642857142857,0.368197278912,0.25425170068,0.731292517007,NA,0,NA,NA,NA,NA,NA,NA,NA
ACTIVE_STICKY,discovery,MODERATE_CONTROL,ALL,LOW,120,127,98,0.116168286786,0.0447783112709,0.187558262302,0.391602019963,-0.184091704778,0.721088435374,0.529761904762,0.424319727891,0.765306122449,NA,0,NA,NA,NA,NA,NA,NA,NA
ACTIVE_STICKY,discovery,MODERATE_CONTROL,ALL,MODERATE,5,223,154,0.0203756346511,0.00899168784842,0.0317595814538,0.0584347279425,-0.0505648502679,0.24880952381,0.037012987013,0.024025974026,0.189069264069,NA,0,NA,NA,NA,NA,NA,NA,NA
ACTIVE_STICKY,discovery,MODERATE_CONTROL,ALL,MODERATE,10,223,154,0.015881429216,-0.00138276398533,0.0331456224173,0.0932423028072,-0.0691180916769,0.358116883117,0.0900432900433,0.0359307359307,0.266991341991,NA,0,NA,NA,NA,NA,NA,NA,NA
ACTIVE_STICKY,discovery,MODERATE_CONTROL,ALL,MODERATE,20,223,154,-0.00807999371724,-0.0468523510021,0.0306923635676,0.149910940744,-0.135280488384,0.470887445887,0.183874458874,0.0994588744589,0.662229437229,NA,0,NA,NA,NA,NA,NA,NA,NA
ACTIVE_STICKY,discovery,MODERATE_CONTROL,ALL,MODERATE,40,223,154,0.0320845369723,-0.00875160536874,0.0729206793134,0.199800799967,-0.147666641189,0.550324675325,0.295021645022,0.162229437229,0.726623376623,NA,0,NA,NA,NA,NA,NA,NA,NA
ACTIVE_STICKY,discovery,MODERATE_CONTROL,ALL,MODERATE,60,223,154,0.0177013561488,-0.0222763211534,0.0576790334511,0.261549252129,-0.157170733497,0.648268398268,0.405411255411,0.269047619048,0.761255411255,NA,0,NA,NA,NA,NA,NA,NA,NA
ACTIVE_STICKY,discovery,MODERATE_CONTROL,ALL,MODERATE,120,223,154,0.141345133956,0.0933532851025,0.18933698281,0.414945649514,-0.165211952646,0.795454545455,0.607142857143,0.449134199134,0.776406926407,NA,0,NA,NA,NA,NA,NA,NA,NA
ACTIVE_STICKY,discovery,MODERATE_CONTROL,ALL,HIGH,5,60,46,0.0337640336227,-0.0029861157588,0.0705141830041,0.0929792533147,-0.0599803654473,0.340579710145,0.173913043478,0.0652173913043,0.235507246377,NA,0,NA,NA,NA,NA,NA,NA,NA
ACTIVE_STICKY,discovery,MODERATE_CONTROL,ALL,HIGH,10,60,46,-0.0028217089249,-0.0292167110889,0.0235732932392,0.118746754962,-0.0847640292908,0.45652173913,0.221014492754,0.0652173913043,0.376811594203,NA,0,NA,NA,NA,NA,NA,NA,NA
ACTIVE_STICKY,discovery,MODERATE_CONTROL,ALL,HIGH,20,60,46,-0.0231110509473,-0.0562888221246,0.01006672023,0.172282966103,-0.142925509879,0.586956521739,0.304347826087,0.170289855072,0.724637681159,NA,0,NA,NA,NA,NA,NA,NA,NA
ACTIVE_STICKY,discovery,MODERATE_CONTROL,ALL,HIGH,40,60,46,-0.0149670651808,-0.0606670153332,0.0307328849717,0.213312684847,-0.172270277837,0.684782608696,0.369565217391,0.199275362319,0.800724637681,NA,0,NA,NA,NA,NA,NA,NA,NA
ACTIVE_STICKY,discovery,MODERATE_CONTROL,ALL,HIGH,60,60,46,-0.0228401621312,-0.0696156787612,0.0239353544989,0.245975707945,-0.183590922258,0.760869565217,0.489130434783,0.29347826087,0.833333333333,NA,0,NA,NA,NA,NA,NA,NA,NA
ACTIVE_STICKY,discovery,MODERATE_CONTROL,ALL,HIGH,120,60,46,0.130137493033,0.0381957732391,0.222079212826,0.450031367842,-0.201441698178,0.913043478261,0.760869565217,0.532608695652,0.855072463768,NA,0,NA,NA,NA,NA,NA,NA,NA
ACTIVE_STICKY,holdout,HIGH_CONTROL_HIGH_PROFIT,ALL,ALL,5,39,20,0.0413866435917,0.00596003469997,0.0768132524835,0.0974783889254,-0.0355129109133,0.370833333333,0.075,0.05,0.125,HIGH_CONTROL_LOW_MODERATE_PROFIT,39,-0.0204282725493,-0.0120511274144,-0.0147417848864,-0.233333333333,0.0125,0.0375,0.1
ACTIVE_STICKY,holdout,HIGH_CONTROL_HIGH_PROFIT,ALL,ALL,10,39,20,0.00451425040289,-0.0310380661116,0.0400665669174,0.133152839659,-0.0675274802093,0.529166666667,0.1625,0.15,0.2875,HIGH_CONTROL_LOW_MODERATE_PROFIT,39,-0.0311721108314,-0.0162052851075,-0.0287625510177,-0.154166666667,-0.0833333333333,0.0875,0.175
ACTIVE_STICKY,holdout,HIGH_CONTROL_HIGH_PROFIT,ALL,ALL,20,39,20,0.0440289263894,-0.0156627675485,0.103720620327,0.176672987922,-0.0885173690077,0.658333333333,0.275,0.225,0.341666666667,HIGH_CONTROL_LOW_MODERATE_PROFIT,39,0.00596275189451,-0.0347443210254,-0.0185211027519,-0.1,-0.3375,0.0958333333333,0.1125
ACTIVE_STICKY,holdout,HIGH_CONTROL_HIGH_PROFIT,ALL,ALL,40,39,20,0.0739863597069,-0.00153724178611,0.1495099612,0.270970812136,-0.11601280297,0.8375,0.558333333333,0.408333333333,0.558333333333,HIGH_CONTROL_LOW_MODERATE_PROFIT,39,0.00894459645797,-0.0263841757934,-0.00959407637306,0.00416666666667,-0.104166666667,0.1,-0.0291666666667
ACTIVE_STICKY,holdout,HIGH_CONTROL_HIGH_PROFIT,ALL,ALL,60,39,20,0.136414678798,0.066373741669,0.206455615927,0.356315692713,-0.134387496966,0.9125,0.8,0.554166666667,0.575,HIGH_CONTROL_LOW_MODERATE_PROFIT,39,-0.0208933111082,-0.0761160891766,-0.00949321361471,0.0791666666667,0.125,0.208333333333,-0.0625
ACTIVE_STICKY,holdout,HIGH_CONTROL_HIGH_PROFIT,ALL,ALL,120,39,20,0.144059032425,-0.0102324953584,0.298350560209,0.479746817096,-0.163965625161,0.9625,0.85,0.7125,0.7125,HIGH_CONTROL_LOW_MODERATE_PROFIT,39,-0.0663710308394,-0.000879512681868,-0.0146029363344,0.104166666667,0.125,0.329166666667,0.00833333333333
ACTIVE_STICKY,holdout,HIGH_CONTROL_HIGH_PROFIT,BROADLY_WEAK,ALL,5,15,10,0.036490286313,0.00200299576681,0.0709775768592,0.0855372740362,-0.0214097473879,0.4,0,0,0.05,HIGH_CONTROL_LOW_MODERATE_PROFIT,15,-0.0419568494568,-0.0553112121376,-0.00444391466568,-0.4,-0.15,-0.05,0.05
ACTIVE_STICKY,holdout,HIGH_CONTROL_HIGH_PROFIT,BROADLY_WEAK,ALL,10,15,10,0.00628997924175,-0.049287703056,0.0618676615395,0.106182152647,-0.0489724472956,0.7,0,0,0.25,HIGH_CONTROL_LOW_MODERATE_PROFIT,15,-0.066905719997,-0.113603648447,-0.00907873492284,-0.1,-0.5,-0.15,0.1
ACTIVE_STICKY,holdout,HIGH_CONTROL_HIGH_PROFIT,BROADLY_WEAK,ALL,20,15,10,0.0768591784559,-0.0243658954446,0.178084252356,0.171607864531,-0.0740117013782,0.75,0.25,0.15,0.3,HIGH_CONTROL_LOW_MODERATE_PROFIT,15,-0.0231280064063,-0.0882599262456,-0.0121052881287,-0.05,-0.4,-0.05,0.05
ACTIVE_STICKY,holdout,HIGH_CONTROL_HIGH_PROFIT,BROADLY_WEAK,ALL,40,15,10,0.091875892568,0.0109896795738,0.172762105562,0.233119120135,-0.0850296569961,0.8,0.4,0.25,0.45,HIGH_CONTROL_LOW_MODERATE_PROFIT,15,-0.0956707300278,-0.156912231059,0.00552081097164,-0.05,-0.3,-0.3,0.05
ACTIVE_STICKY,holdout,HIGH_CONTROL_HIGH_PROFIT,BROADLY_WEAK,ALL,60,15,10,0.220960733485,0.116428229487,0.325493237482,0.340062169474,-0.0968330092167,0.9,0.85,0.65,0.5,HIGH_CONTROL_LOW_MODERATE_PROFIT,15,-0.138206538188,-0.354972788241,0.0192837076677,0.05,0.15,0.05,0.1
ACTIVE_STICKY,holdout,HIGH_CONTROL_HIGH_PROFIT,BROADLY_WEAK,ALL,120,15,10,0.1350433867,0.00860235622595,0.261484417173,0.489719998617,-0.123264566485,1,0.95,0.85,0.7,HIGH_CONTROL_LOW_MODERATE_PROFIT,15,-0.253551722733,-0.287215863911,0.0256472894668,0.15,0.25,0.25,0.25
ACTIVE_STICKY,holdout,HIGH_CONTROL_HIGH_PROFIT,RECOVERING,ALL,5,11,11,0.0202695516374,0.00211505845626,0.0384240448185,0.0620401872885,-0.0153301977365,0.0909090909091,0,0,0,HIGH_CONTROL_LOW_MODERATE_PROFIT,11,0.0112043823993,-0.00753609724915,0.0134344309978,-0.0909090909091,0,0,-0.0909090909091
ACTIVE_STICKY,holdout,HIGH_CONTROL_HIGH_PROFIT,RECOVERING,ALL,10,11,11,0.0169752832036,-0.0335570601375,0.0675076265448,0.0837519720365,-0.0389952407777,0.272727272727,0.0909090909091,0,0,HIGH_CONTROL_LOW_MODERATE_PROFIT,11,0.0489471478243,0.0079136560625,0.0269947519231,0,0.0909090909091,0,-0.272727272727
ACTIVE_STICKY,holdout,HIGH_CONTROL_HIGH_PROFIT,RECOVERING,ALL,20,11,11,0.0571927714116,-0.0214530967905,0.135838639614,0.129486304555,-0.0569758490855,0.636363636364,0.181818181818,0.0909090909091,0.181818181818,HIGH_CONTROL_LOW_MODERATE_PROFIT,11,0.0764522861786,0.0254895481809,0.0474799607633,0.181818181818,0.0909090909091,0,-0.363636363636
ACTIVE_STICKY,holdout,HIGH_CONTROL_HIGH_PROFIT,RECOVERING,ALL,40,11,11,0.216616871483,0.123646804043,0.309586938923,0.320800973077,-0.0754609181757,1,0.818181818182,0.636363636364,0.454545454545,HIGH_CONTROL_LOW_MODERATE_PROFIT,11,0.237760836951,0.136395152618,0.059080595446,0.272727272727,0.545454545455,0.454545454545,-0.272727272727
ACTIVE_STICKY,holdout,HIGH_CONTROL_HIGH_PROFIT,RECOVERING,ALL,60,11,11,0.174848402254,0.0908905067526,0.258806297756,0.437312225412,-0.0754609181757,1,0.909090909091,0.727272727273,0.454545454545,HIGH_CONTROL_LOW_MODERATE_PROFIT,11,0.205037554881,0.235658830393,0.0872952805304,0.272727272727,0.636363636364,0.454545454545,-0.363636363636
ACTIVE_STICKY,holdout,HIGH_CONTROL_HIGH_PROFIT,RECOVERING,ALL,120,11,11,0.112417142271,-0.0547750490375,0.279609333579,0.455799521313,-0.139134474051,1,0.909090909091,0.727272727273,0.727272727273,HIGH_CONTROL_LOW_MODERATE_PROFIT,11,0.108374683209,0.219011580102,0.0337730160723,0.272727272727,0.545454545455,0.363636363636,-0.0909090909091
ACTIVE_STICKY,holdout,HIGH_CONTROL_HIGH_PROFIT,STRONG,ALL,5,13,13,0.0538649598078,-0.0104625149047,0.11819243452,0.124671268752,-0.0526100752422,0.461538461538,0.153846153846,0.0769230769231,0.230769230769,HIGH_CONTROL_LOW_MODERATE_PROFIT,13,-0.0165539874025,0.0155222191763,-0.0323378184514,-0.153846153846,0.153846153846,0.0769230769231,0.230769230769
ACTIVE_STICKY,holdout,HIGH_CONTROL_HIGH_PROFIT,STRONG,ALL,10,13,13,0.00602876707313,-0.0614317727291,0.0734893068754,0.183066414516,-0.0991429000643,0.538461538462,0.307692307692,0.307692307692,0.538461538462,HIGH_CONTROL_LOW_MODERATE_PROFIT,13,-0.033658769531,0.0357238793018,-0.0629865925136,-0.307692307692,0.153846153846,0.307692307692,0.461538461538
ACTIVE_STICKY,holdout,HIGH_CONTROL_HIGH_PROFIT,STRONG,ALL,20,13,13,0.0209788604459,-0.07391740391,0.115875124802,0.211542822719,-0.119859095559,0.692307692308,0.307692307692,0.307692307692,0.538461538462,HIGH_CONTROL_LOW_MODERATE_PROFIT,13,0.0341270044957,-0.00818999077387,-0.0459840198266,-0.153846153846,-0.384615384615,0.307692307692,0.307692307692
ACTIVE_STICKY,holdout,HIGH_CONTROL_HIGH_PROFIT,STRONG,ALL,40,13,13,-0.0335671525195,-0.125770989311,0.058636684272,0.25223544763,-0.160042575459,0.769230769231,0.461538461538,0.307692307692,0.769230769231,HIGH_CONTROL_LOW_MODERATE_PROFIT,13,-0.0193308042169,0.00969262087518,-0.0358933527914,-0.153846153846,-0.230769230769,0.230769230769,0.0769230769231
ACTIVE_STICKY,holdout,HIGH_CONTROL_HIGH_PROFIT,STRONG,ALL,60,13,13,0.00454722593249,-0.112687782932,0.121782234797,0.268758304249,-0.21103255616,0.846153846154,0.538461538462,0.307692307692,0.769230769231,HIGH_CONTROL_LOW_MODERATE_PROFIT,13,-0.0104050202686,0.0211131605518,-0.0781374127462,-0.0769230769231,-0.230769230769,0.230769230769,0.0769230769231
ACTIVE_STICKY,holdout,HIGH_CONTROL_HIGH_PROFIT,STRONG,ALL,120,13,13,0.112252302832,-0.202331215354,0.426835821018,0.415503681464,-0.236192358641,0.846153846154,0.538461538462,0.461538461538,0.769230769231,HIGH_CONTROL_LOW_MODERATE_PROFIT,13,0.00224516965785,0.105786099355,-0.0662185283816,-0.153846153846,-0.307692307692,0.307692307692,-0.0769230769231
ACTIVE_STICKY,holdout,HIGH_CONTROL_HIGH_PROFIT,ALL,LOW,5,1,1,0.0165745856354,NA,NA,0.101707684581,0.00452034153692,1,0,0,0,HIGH_CONTROL_LOW_MODERATE_PROFIT,1,0.0387045994666,0.0768114190204,0.0294166070971,1,0,0,0
ACTIVE_STICKY,holdout,HIGH_CONTROL_HIGH_PROFIT,ALL,LOW,10,1,1,-0.0424409844299,NA,NA,0.101707684581,-0.0610246107484,1,0,0,0,HIGH_CONTROL_LOW_MODERATE_PROFIT,1,0.000435917368129,0.0768114190204,0.00121605315205,1,0,0,0
ACTIVE_STICKY,holdout,HIGH_CONTROL_HIGH_PROFIT,ALL,LOW,20,1,1,-0.0775991963837,NA,NA,0.101707684581,-0.0896534404822,1,0,0,0,HIGH_CONTROL_LOW_MODERATE_PROFIT,1,0.0123039848058,0.0768114190204,0.00301599243623,1,0,0,0
ACTIVE_STICKY,holdout,HIGH_CONTROL_HIGH_PROFIT,ALL,LOW,40,1,1,0.00200904068307,NA,NA,0.101707684581,-0.119789050728,1,0,0,1,HIGH_CONTROL_LOW_MODERATE_PROFIT,1,0.127873494348,0.0768114190204,0.0309716684972,1,0,0,0
ACTIVE_STICKY,holdout,HIGH_CONTROL_HIGH_PROFIT,ALL,LOW,60,1,1,-0.0421898543446,NA,NA,0.260924158714,-0.119789050728,1,1,0,1,HIGH_CONTROL_LOW_MODERATE_PROFIT,1,0.0615445854895,0.236027893154,0.0600173116507,1,1,0,0
ACTIVE_STICKY,holdout,HIGH_CONTROL_HIGH_PROFIT,ALL,LOW,120,1,1,-0.118282270216,NA,NA,0.260924158714,-0.143395278754,1,1,0,1,HIGH_CONTROL_LOW_MODERATE_PROFIT,1,-0.0837041236046,0.236027893154,0.0364110836246,1,1,0,0
ACTIVE_STICKY,holdout,HIGH_CONTROL_HIGH_PROFIT,ALL,MODERATE,5,7,3,0.0319269226772,-0.00923463390999,0.0730884792644,0.078016522075,-0.00845626100323,0.222222222222,0,0,0,HIGH_CONTROL_LOW_MODERATE_PROFIT,7,-0.00501839544408,0.00841715504215,0.0103068666581,-0.111111111111,0,0,0
ACTIVE_STICKY,holdout,HIGH_CONTROL_HIGH_PROFIT,ALL,MODERATE,10,7,3,0.0366348021558,-0.0253014894534,0.098571093765,0.104317610473,-0.0308883218696,0.444444444444,0.111111111111,0,0,HIGH_CONTROL_LOW_MODERATE_PROFIT,7,0.0289120394246,-0.00208559512191,0.00377084974811,0,-0.111111111111,0,0
ACTIVE_STICKY,holdout,HIGH_CONTROL_HIGH_PROFIT,ALL,MODERATE,20,7,3,0.0577784775783,-0.00872981380552,0.124286768962,0.136288842335,-0.0471969399539,0.444444444444,0.222222222222,0.111111111111,0.111111111111,HIGH_CONTROL_LOW_MODERATE_PROFIT,7,-0.0578420260516,-0.0895789949047,0.0225253239381,-0.333333333333,-0.444444444444,-0.333333333333,-0.111111111111
ACTIVE_STICKY,holdout,HIGH_CONTROL_HIGH_PROFIT,ALL,MODERATE,40,7,3,0.173044129666,0.0143638897292,0.331724369603,0.285385314531,-0.0618100823881,1,0.777777777778,0.555555555556,0.222222222222,HIGH_CONTROL_LOW_MODERATE_PROFIT,7,0.201268797918,-0.0210064476645,0.0581900420559,0.111111111111,0.111111111111,0.111111111111,-0.333333333333
ACTIVE_STICKY,holdout,HIGH_CONTROL_HIGH_PROFIT,ALL,MODERATE,60,7,3,0.218241579042,0.086846138344,0.34963701974,0.455958360127,-0.074122030037,1,1,0.777777777778,0.333333333333,HIGH_CONTROL_LOW_MODERATE_PROFIT,7,0.294706179032,0.146887607911,0.114903010393,0.111111111111,0.333333333333,0.333333333333,-0.555555555556
ACTIVE_STICKY,holdout,HIGH_CONTROL_HIGH_PROFIT,ALL,MODERATE,120,7,3,0.0852240628476,0.000448838475689,0.169999287219,0.499754313176,-0.107608413397,1,1,1,0.666666666667,HIGH_CONTROL_LOW_MODERATE_PROFIT,7,0.123838479954,0.155521816937,0.0977965030863,0.111111111111,0.333333333333,0.555555555556,-0.222222222222
ACTIVE_STICKY,holdout,HIGH_CONTROL_HIGH_PROFIT,ALL,HIGH,5,31,17,0.042791816603,0.00120660779909,0.0843770254069,0.0998557239586,-0.0414530382184,0.338235294118,0.0882352941176,0.0588235294118,0.147058823529,HIGH_CONTROL_LOW_MODERATE_PROFIT,31,-0.0282986839153,-0.0194663095426,-0.0195972312528,-0.31862745098,0.0147058823529,0.0441176470588,0.117647058824
ACTIVE_STICKY,holdout,HIGH_CONTROL_HIGH_PROFIT,ALL,HIGH,10,31,17,-0.00310221742766,-0.047332579691,0.0411281448356,0.138317852922,-0.0783868750334,0.495098039216,0.176470588235,0.176470588235,0.382352941176,HIGH_CONTROL_LOW_MODERATE_PROFIT,31,-0.0525034816632,-0.0296481828681,-0.0402379086197,-0.279411764706,-0.122549019608,0.102941176471,0.25
ACTIVE_STICKY,holdout,HIGH_CONTROL_HIGH_PROFIT,ALL,HIGH,20,31,17,0.0434570839507,-0.0276201998863,0.114534367788,0.184446769706,-0.100039440929,0.647058823529,0.289215686275,0.25,0.426470588235,HIGH_CONTROL_LOW_MODERATE_PROFIT,31,0.0137172456541,-0.0354480771817,-0.0321066635811,-0.156862745098,-0.362745098039,0.176470588235,0.186274509804
ACTIVE_STICKY,holdout,HIGH_CONTROL_HIGH_PROFIT,ALL,HIGH,40,31,17,0.049974668317,-0.039315800208,0.139265136842,0.270503386207,-0.128696557666,0.764705882353,0.529411764706,0.392156862745,0.602941176471,HIGH_CONTROL_LOW_MODERATE_PROFIT,31,-0.0399956745669,-0.0368170935601,-0.0295855411198,-0.112745098039,-0.18137254902,0.107843137255,0.0539215686275
ACTIVE_STICKY,holdout,HIGH_CONTROL_HIGH_PROFIT,ALL,HIGH,60,31,17,0.119908268677,0.0369855774604,0.202830959894,0.332542325097,-0.152945430083,0.852941176471,0.720588235294,0.529411764706,0.602941176471,HIGH_CONTROL_LOW_MODERATE_PROFIT,31,-0.0856478195721,-0.133219266974,-0.0444007411459,-0.0245098039216,-0.00490196078431,0.200980392157,0.0539215686275
ACTIVE_STICKY,holdout,HIGH_CONTROL_HIGH_PROFIT,ALL,HIGH,120,31,17,0.156378065259,-0.0255937719161,0.338349902434,0.470289473494,-0.181922604984,0.911764705882,0.779411764706,0.676470588235,0.720588235294,HIGH_CONTROL_LOW_MODERATE_PROFIT,31,-0.0981867893682,-0.0471430436179,-0.0468967363377,0.00490196078431,-0.00490196078431,0.303921568627,0.093137254902
ACTIVE_STICKY,holdout,HIGH_CONTROL_LOW_MODERATE_PROFIT,ALL,ALL,5,234,138,0.0217723233178,0.00776713012646,0.0357775165092,0.0790214504951,-0.0331438320137,0.265096618357,0.0797101449275,0.018115942029,0.0621980676329,LOW_CONTROL,234,0.00556019393322,0.00881074965039,-0.00937307214892,-0.0326086956522,0.0664251207729,0.0048309178744,-0.0489130434783
ACTIVE_STICKY,holdout,HIGH_CONTROL_LOW_MODERATE_PROFIT,ALL,ALL,10,234,138,0.00386204551987,-0.0163235520769,0.0240476431166,0.105360953673,-0.0615416971093,0.344806763285,0.147342995169,0.042270531401,0.240942028986,LOW_CONTROL,234,0.0206754274282,0.0223177555218,0.000554360595591,-0.070652173913,0.100845410628,0.0217391304348,0.0525362318841
ACTIVE_STICKY,holdout,HIGH_CONTROL_LOW_MODERATE_PROFIT,ALL,ALL,20,234,138,0.0127493806739,-0.0114223168197,0.0369210781675,0.144476381253,-0.0887418544054,0.458333333333,0.257850241546,0.118961352657,0.42270531401,LOW_CONTROL,234,0.0408299233506,0.0376092697967,0.0106304286258,0.0048309178744,0.130434782609,0.0356280193237,-0.106280193237
ACTIVE_STICKY,holdout,HIGH_CONTROL_LOW_MODERATE_PROFIT,ALL,ALL,40,234,138,0.0149063344437,-0.0193404990372,0.0491531679247,0.203688458976,-0.125240783768,0.576690821256,0.353260869565,0.208937198068,0.557971014493,LOW_CONTROL,234,0.0283965782819,0.043903477249,0.0186840973031,0.0857487922705,0.172101449275,0.0797101449275,-0.0682367149758
ACTIVE_STICKY,holdout,HIGH_CONTROL_LOW_MODERATE_PROFIT,ALL,ALL,60,234,138,0.037893557515,-0.0112434791,0.0870305941299,0.263677270847,-0.154855420071,0.611714975845,0.432367149758,0.286231884058,0.672101449275,LOW_CONTROL,234,0.045517539313,0.0791426675268,0.00135169301342,0.0597826086957,0.226449275362,0.145531400966,-0.119565217391
ACTIVE_STICKY,holdout,HIGH_CONTROL_LOW_MODERATE_PROFIT,ALL,ALL,120,234,138,0.0777940638686,0.0150354287538,0.140552698983,0.360638484175,-0.183784998147,0.669685990338,0.532004830918,0.394323671498,0.760265700483,LOW_CONTROL,234,0.0549058941136,0.0859493878398,0.00567073743379,-0.189009661836,-0.146739130435,0.189009661836,-0.0670289855072
ACTIVE_STICKY,holdout,HIGH_CONTROL_LOW_MODERATE_PROFIT,BROADLY_WEAK,ALL,5,92,69,0.0485386802782,0.0261933433362,0.0708840172203,0.0937254302531,-0.0230648478166,0.376811594203,0.115942028986,0.0217391304348,0.0434782608696,LOW_CONTROL,92,-0.00643688606009,-0.0198925077896,-0.0251780522778,-0.376811594203,0.115942028986,0.0217391304348,0.0434782608696
ACTIVE_STICKY,holdout,HIGH_CONTROL_LOW_MODERATE_PROFIT,BROADLY_WEAK,ALL,10,92,69,0.0419541159734,0.00724974129224,0.0766584906545,0.128482045134,-0.0380082810712,0.485507246377,0.202898550725,0.0507246376812,0.101449275362,LOW_CONTROL,92,0.00331362351818,0.0012779680333,-0.0272210377574,-0.326086956522,0.115942028986,0.036231884058,0.0869565217391
ACTIVE_STICKY,holdout,HIGH_CONTROL_LOW_MODERATE_PROFIT,BROADLY_WEAK,ALL,20,92,69,0.0567804572626,0.0196025652382,0.0939583492871,0.170733536746,-0.062967899881,0.579710144928,0.31884057971,0.108695652174,0.231884057971,LOW_CONTROL,92,0.0277358717731,0.0380408743531,-0.0218692231925,-0.268115942029,0.217391304348,0.0942028985507,0.0942028985507
ACTIVE_STICKY,holdout,HIGH_CONTROL_LOW_MODERATE_PROFIT,BROADLY_WEAK,ALL,40,92,69,0.0726351257224,0.0189397424521,0.126330508993,0.229766504313,-0.0901346308995,0.688405797101,0.413043478261,0.231884057971,0.347826086957,LOW_CONTROL,92,0.124524523334,0.0701186483482,0.030464672414,-0.202898550725,0.253623188406,0.123188405797,0.0507246376812
ACTIVE_STICKY,holdout,HIGH_CONTROL_LOW_MODERATE_PROFIT,BROADLY_WEAK,ALL,60,92,69,0.107773267454,0.0166139984413,0.198932536467,0.313156705348,-0.118644409822,0.717391304348,0.478260869565,0.31884057971,0.507246376812,LOW_CONTROL,92,0.144888442255,0.124093359398,0.0298993090229,-0.188405797101,0.304347826087,0.195652173913,-0.239130434783
ACTIVE_STICKY,holdout,HIGH_CONTROL_LOW_MODERATE_PROFIT,BROADLY_WEAK,ALL,120,92,69,0.126160514307,0.0298009281428,0.222520100472,0.43790553215,-0.165556637467,0.746376811594,0.615942028986,0.463768115942,0.594202898551,LOW_CONTROL,92,0.174790171658,0.158764467819,0.0650177510209,-0.202898550725,-0.036231884058,0.260869565217,-0.260869565217
ACTIVE_STICKY,holdout,HIGH_CONTROL_LOW_MODERATE_PROFIT,RECOVERING,ALL,5,81,81,0.00409014674675,-0.00862576064736,0.0168060541409,0.0560910533169,-0.03230123283,0.123456790123,0.0123456790123,0,0.037037037037,LOW_CONTROL,81,-0.0123777265898,0.00769177668452,-0.0186042950472,0.0740740740741,-0.037037037037,-0.0493827160494,0.037037037037
ACTIVE_STICKY,holdout,HIGH_CONTROL_LOW_MODERATE_PROFIT,RECOVERING,ALL,10,81,81,-0.0188475111358,-0.0374492411683,-0.00024578110324,0.0695420777413,-0.0664157280737,0.185185185185,0.0617283950617,0,0.246913580247,LOW_CONTROL,81,0.020455822873,0.0193006911846,0.00457837237818,0.135802469136,0.0123456790123,-0.0493827160494,0.16049382716
ACTIVE_STICKY,holdout,HIGH_CONTROL_LOW_MODERATE_PROFIT,RECOVERING,ALL,20,81,81,0.00748415610472,-0.0229586581448,0.0379269703542,0.112052263113,-0.0906232361445,0.320987654321,0.185185185185,0.0987654320988,0.444444444444,LOW_CONTROL,81,0.0940951953772,0.0520832955894,0.0276455143098,0.246913580247,0.111111111111,0.0493827160494,-0.395061728395
ACTIVE_STICKY,holdout,HIGH_CONTROL_LOW_MODERATE_PROFIT,RECOVERING,ALL,40,81,81,-0.022556462686,-0.0656274236617,0.0205144982897,0.173842005532,-0.131954553503,0.493827160494,0.308641975309,0.197530864198,0.617283950617,LOW_CONTROL,81,0.0250802498364,0.0640023569547,0.0158013206154,0.395061728395,0.234567901235,0.123456790123,-0.296296296296
ACTIVE_STICKY,holdout,HIGH_CONTROL_LOW_MODERATE_PROFIT,RECOVERING,ALL,60,81,81,0.0122746780371,-0.0366761978712,0.0612255539454,0.241540778513,-0.171549354783,0.567901234568,0.407407407407,0.320987654321,0.753086419753,LOW_CONTROL,81,0.0207295344666,0.116744948018,-0.0182903319365,0.432098765432,0.296296296296,0.234567901235,-0.172839506173
ACTIVE_STICKY,holdout,HIGH_CONTROL_LOW_MODERATE_PROFIT,RECOVERING,ALL,120,81,81,0.0946256052538,0.0123606200915,0.176890590416,0.341944055333,-0.181265855394,0.617283950617,0.530864197531,0.432098765432,0.777777777778,LOW_CONTROL,81,0.0108333094208,0.0788155643006,-0.0270355368908,-0.296296296296,-0.320987654321,0.271604938272,-0.148148148148
ACTIVE_STICKY,holdout,HIGH_CONTROL_LOW_MODERATE_PROFIT,STRONG,ALL,5,61,61,0.0230503224621,0.00132409335137,0.0447765515729,0.0875716953505,-0.0387236260923,0.327868852459,0.0983606557377,0.016393442623,0.0819672131148,LOW_CONTROL,61,0.0622144315706,0.0455617271716,0.0380242653096,0.295081967213,0.0983606557377,0.016393442623,-0.377049180328
ACTIVE_STICKY,holdout,HIGH_CONTROL_LOW_MODERATE_PROFIT,STRONG,ALL,10,61,61,0.0092164564089,-0.0178593703629,0.0362922831807,0.12195404831,-0.0682254932831,0.459016393443,0.196721311475,0.0655737704918,0.295081967213,LOW_CONTROL,61,0.0692430889984,0.0528463297699,0.0534799242811,0.0655737704918,0.196721311475,0.0655737704918,-0.262295081967
ACTIVE_STICKY,holdout,HIGH_CONTROL_LOW_MODERATE_PROFIT,STRONG,ALL,20,61,61,-0.0156137456916,-0.0536351402636,0.0224076488804,0.157822444382,-0.101474191927,0.606557377049,0.344262295082,0.114754098361,0.491803278689,LOW_CONTROL,61,0.0161215599328,0.0281776054638,0.0492437298284,0.180327868852,0.131147540984,-0.0983606557377,-0.0819672131148
ACTIVE_STICKY,holdout,HIGH_CONTROL_LOW_MODERATE_PROFIT,STRONG,ALL,40,61,61,0.0350741086157,-0.0111359195622,0.0812841367936,0.234085421628,-0.139737919562,0.72131147541,0.475409836066,0.245901639344,0.573770491803,LOW_CONTROL,61,-0.0176731795688,0.0282384063711,0.0401482991764,0.245901639344,0.131147540984,0.0327868852459,-0.0655737704918
ACTIVE_STICKY,holdout,HIGH_CONTROL_LOW_MODERATE_PROFIT,STRONG,ALL,60,61,61,0.0307795806632,-0.0192407205963,0.0807998819227,0.255677303771,-0.152054254881,0.72131147541,0.55737704918,0.295081967213,0.622950819672,LOW_CONTROL,61,0.0199944594986,0.0124242843158,0.0322194799876,0.0655737704918,0.180327868852,0.0655737704918,-0.0491803278689
ACTIVE_STICKY,holdout,HIGH_CONTROL_LOW_MODERATE_PROFIT,STRONG,ALL,120,61,61,0.0838571847398,-0.0341964428131,0.201910812293,0.401959861015,-0.185441662539,0.819672131148,0.655737704918,0.426229508197,0.803278688525,LOW_CONTROL,61,0.0948949407257,0.14186811684,0.0118021195071,0.147540983607,0.229508196721,0.180327868852,0.131147540984
ACTIVE_STICKY,holdout,HIGH_CONTROL_LOW_MODERATE_PROFIT,ALL,LOW,5,6,5,0.0268337435862,-0.0315670835106,0.0852345706829,0.0592253753965,-0.0185080305306,0.2,0,0,0,LOW_CONTROL,6,0.0216403527623,0.0182406216725,0.0101827482801,0.2,0,0,0
ACTIVE_STICKY,holdout,HIGH_CONTROL_LOW_MODERATE_PROFIT,ALL,LOW,10,6,5,0.0122947385119,-0.0488612574092,0.0734507344329,0.0870886656978,-0.0357037733987,0.4,0,0,0,LOW_CONTROL,6,0.00509792511853,0.0291944674092,0.0144422926331,0.1,0,0,-0.2
ACTIVE_STICKY,holdout,HIGH_CONTROL_LOW_MODERATE_PROFIT,ALL,LOW,20,6,5,0.100818079271,-0.0885034200941,0.290139578637,0.187154868942,-0.0537628339172,0.6,0.4,0.4,0.1,LOW_CONTROL,6,0.13569985353,0.129260670653,0.0357460827058,0.3,0.4,0.4,-0.3
ACTIVE_STICKY,holdout,HIGH_CONTROL_LOW_MODERATE_PROFIT,ALL,LOW,40,6,5,0.0600337786692,-0.196259487905,0.316327045243,0.34278545484,-0.0899483763806,0.6,0.4,0.4,0.3,LOW_CONTROL,6,0.0910838799925,0.259857242946,0.0338638854659,0.3,0.3,0.4,-0.6
ACTIVE_STICKY,holdout,HIGH_CONTROL_LOW_MODERATE_PROFIT,ALL,LOW,60,6,5,0.0591574521961,-0.219335818222,0.337650722615,0.34278545484,-0.146872498382,0.6,0.4,0.4,0.8,LOW_CONTROL,6,0.0389524720523,0.23116329935,-0.0123732136351,0,0.2,0.4,-0.1
ACTIVE_STICKY,holdout,HIGH_CONTROL_LOW_MODERATE_PROFIT,ALL,LOW,120,6,5,0.117346829853,-0.360825830076,0.595519489781,0.402775348489,-0.161665284816,0.6,0.4,0.4,0.8,LOW_CONTROL,6,-0.283326929666,-0.169703550055,-0.0271660000684,-0.4,-0.4,-0.2,-0.1
ACTIVE_STICKY,holdout,HIGH_CONTROL_LOW_MODERATE_PROFIT,ALL,MODERATE,5,74,52,0.00817476057457,-0.00668243524101,0.0230319563901,0.0645708853696,-0.0314043287781,0.165064102564,0.0576923076923,0,0.0384615384615,LOW_CONTROL,74,-0.00491930683035,0.00147982383969,-0.00889599147153,-0.0528846153846,0.0576923076923,0,-0.025641025641
ACTIVE_STICKY,holdout,HIGH_CONTROL_LOW_MODERATE_PROFIT,ALL,MODERATE,10,74,52,0.00220635279062,-0.0218263475071,0.0262390530884,0.0882501066509,-0.0591218494708,0.3125,0.11858974359,0,0.182692307692,LOW_CONTROL,74,0.0162138747968,0.0135625752905,-0.00470091004266,-0.0208333333333,0.099358974359,0,-0.00320512820513
ACTIVE_STICKY,holdout,HIGH_CONTROL_LOW_MODERATE_PROFIT,ALL,MODERATE,20,74,52,0.0153456960125,-0.0261798155082,0.0568712075332,0.137279567398,-0.0897206272767,0.403846153846,0.245192307692,0.13141025641,0.384615384615,LOW_CONTROL,74,0.0236955754908,0.0314519212335,-0.00262178039755,-0.0304487179487,0.100961538462,0.0544871794872,-0.0544871794872
ACTIVE_STICKY,holdout,HIGH_CONTROL_LOW_MODERATE_PROFIT,ALL,MODERATE,40,74,52,0.0144513206177,-0.0406196749876,0.0695223162229,0.189510583657,-0.126089468469,0.527243589744,0.333333333333,0.195512820513,0.509615384615,LOW_CONTROL,74,-0.00109986015613,0.019402850374,-0.00401694095434,-0.0336538461538,0.133012820513,0.0448717948718,-0.0400641025641
ACTIVE_STICKY,holdout,HIGH_CONTROL_LOW_MODERATE_PROFIT,ALL,MODERATE,60,74,52,0.0689813139175,-0.0283479217312,0.166310549566,0.267406343188,-0.14639141081,0.588141025641,0.448717948718,0.272435897436,0.616987179487,LOW_CONTROL,74,0.0604389528506,0.063515358732,-0.00703247466693,-0.0544871794872,0.192307692308,0.0913461538462,-0.099358974359
ACTIVE_STICKY,holdout,HIGH_CONTROL_LOW_MODERATE_PROFIT,ALL,MODERATE,120,74,52,0.0754760576255,-0.0247249189218,0.175677034173,0.366205287543,-0.181205140319,0.644230769231,0.517628205128,0.383012820513,0.705128205128,LOW_CONTROL,74,0.0230872651026,0.0720138255919,-0.006760214097,-0.241987179487,-0.0913461538462,0.11858974359,-0.099358974359
ACTIVE_STICKY,holdout,HIGH_CONTROL_LOW_MODERATE_PROFIT,ALL,HIGH,5,154,96,0.0269508572062,0.00815846506428,0.0457432493481,0.0863463664156,-0.0345871800415,0.317708333333,0.0885416666667,0.0260416666667,0.0763888888889,LOW_CONTROL,154,0.00819740415617,0.0112213411132,-0.0096837048396,-0.0243055555556,0.0642361111111,0.00173611111111,-0.0763888888889
ACTIVE_STICKY,holdout,HIGH_CONTROL_LOW_MODERATE_PROFIT,ALL,HIGH,10,154,96,0.00545982600404,-0.0219773454044,0.0328969974125,0.115039386748,-0.0644848324532,0.375,0.171875,0.0607638888889,0.278645833333,LOW_CONTROL,154,0.0245200676162,0.0260591729521,0.00254284462773,-0.0911458333333,0.110243055556,0.0260416666667,0.0894097222222
ACTIVE_STICKY,holdout,HIGH_CONTROL_LOW_MODERATE_PROFIT,ALL,HIGH,20,154,96,0.0105420977523,-0.0179210597861,0.0390052552908,0.148191298335,-0.0894108195291,0.498263888889,0.276909722222,0.100694444444,0.454861111111,LOW_CONTROL,154,0.0460682057027,0.0342523567135,0.0173960265866,0.0321180555556,0.138888888889,-0.0104166666667,-0.131076388889
ACTIVE_STICKY,holdout,HIGH_CONTROL_LOW_MODERATE_PROFIT,ALL,HIGH,40,154,96,0.0196730484415,-0.0209240563,0.060270153183,0.20703650477,-0.124465470284,0.628472222222,0.377604166667,0.211805555556,0.585069444444,LOW_CONTROL,154,0.0405791214561,0.0427510596313,0.0298953521034,0.162326388889,0.191840277778,0.0737847222222,-0.0590277777778
ACTIVE_STICKY,holdout,HIGH_CONTROL_LOW_MODERATE_PROFIT,ALL,HIGH,60,154,96,0.0326744850077,-0.0170595809711,0.0824085509865,0.26081676134,-0.155448929099,0.6484375,0.453993055556,0.305555555556,0.676215277778,LOW_CONTROL,154,0.049997177248,0.0771032693697,0.009259783257,0.137152777778,0.268229166667,0.167534722222,-0.1328125
ACTIVE_STICKY,holdout,HIGH_CONTROL_LOW_MODERATE_PROFIT,ALL,HIGH,120,154,96,0.0939458111898,0.0150749689176,0.172816653462,0.368695300891,-0.180434914685,0.713541666667,0.577256944444,0.420138888889,0.767361111111,LOW_CONTROL,154,0.111362480844,0.120608997911,0.0194791042125,-0.128472222222,-0.116319444444,0.261284722222,-0.0625
ACTIVE_STICKY,holdout,HIGH_CONTROL_VERY_HIGH_PROFIT,ALL,ALL,5,1,1,0.129598514326,NA,NA,0.186284046693,0.00813583303856,1,0,0,0,HIGH_CONTROL_LOW_MODERATE_PROFIT,1,0.226252789419,0.149109325503,0.123377468726,1,0,0,-1
ACTIVE_STICKY,holdout,HIGH_CONTROL_VERY_HIGH_PROFIT,ALL,ALL,10,1,1,0.0766713830916,NA,NA,0.191324725858,0.00813583303856,1,0,0,0,HIGH_CONTROL_LOW_MODERATE_PROFIT,1,0.158455769709,0.154150004668,0.123377468726,1,0,0,-1
ACTIVE_STICKY,holdout,HIGH_CONTROL_VERY_HIGH_PROFIT,ALL,ALL,20,1,1,0.139458790237,NA,NA,0.191324725858,-0.0316590024761,1,0,0,0,HIGH_CONTROL_LOW_MODERATE_PROFIT,1,0.280722730757,0.154150004668,0.154214603472,1,0,0,-1
ACTIVE_STICKY,holdout,HIGH_CONTROL_VERY_HIGH_PROFIT,ALL,ALL,40,1,1,-0.0389105058366,NA,NA,0.448797311638,-0.0802971347718,1,1,1,0,HIGH_CONTROL_LOW_MODERATE_PROFIT,1,0.0205690480668,0.411622590448,0.191078329912,1,1,1,-1
ACTIVE_STICKY,holdout,HIGH_CONTROL_VERY_HIGH_PROFIT,ALL,ALL,60,1,1,0.0961266360099,NA,NA,0.448797311638,-0.194729395119,1,1,1,1,HIGH_CONTROL_LOW_MODERATE_PROFIT,1,0.163041134151,0.411622590448,0.0766460695655,1,1,1,0
ACTIVE_STICKY,holdout,HIGH_CONTROL_VERY_HIGH_PROFIT,ALL,ALL,120,1,1,0.00194552529183,NA,NA,0.448797311638,-0.194729395119,1,1,1,1,HIGH_CONTROL_LOW_MODERATE_PROFIT,1,-0.213667857608,0.214596568143,0.0766460695655,0,0,1,0
ACTIVE_STICKY,holdout,HIGH_CONTROL_VERY_HIGH_PROFIT,STRONG,ALL,5,1,1,0.129598514326,NA,NA,0.186284046693,0.00813583303856,1,0,0,0,HIGH_CONTROL_LOW_MODERATE_PROFIT,1,0.226252789419,0.149109325503,0.123377468726,1,0,0,-1
ACTIVE_STICKY,holdout,HIGH_CONTROL_VERY_HIGH_PROFIT,STRONG,ALL,10,1,1,0.0766713830916,NA,NA,0.191324725858,0.00813583303856,1,0,0,0,HIGH_CONTROL_LOW_MODERATE_PROFIT,1,0.158455769709,0.154150004668,0.123377468726,1,0,0,-1
ACTIVE_STICKY,holdout,HIGH_CONTROL_VERY_HIGH_PROFIT,STRONG,ALL,20,1,1,0.139458790237,NA,NA,0.191324725858,-0.0316590024761,1,0,0,0,HIGH_CONTROL_LOW_MODERATE_PROFIT,1,0.280722730757,0.154150004668,0.154214603472,1,0,0,-1
ACTIVE_STICKY,holdout,HIGH_CONTROL_VERY_HIGH_PROFIT,STRONG,ALL,40,1,1,-0.0389105058366,NA,NA,0.448797311638,-0.0802971347718,1,1,1,0,HIGH_CONTROL_LOW_MODERATE_PROFIT,1,0.0205690480668,0.411622590448,0.191078329912,1,1,1,-1
ACTIVE_STICKY,holdout,HIGH_CONTROL_VERY_HIGH_PROFIT,STRONG,ALL,60,1,1,0.0961266360099,NA,NA,0.448797311638,-0.194729395119,1,1,1,1,HIGH_CONTROL_LOW_MODERATE_PROFIT,1,0.163041134151,0.411622590448,0.0766460695655,1,1,1,0
ACTIVE_STICKY,holdout,HIGH_CONTROL_VERY_HIGH_PROFIT,STRONG,ALL,120,1,1,0.00194552529183,NA,NA,0.448797311638,-0.194729395119,1,1,1,1,HIGH_CONTROL_LOW_MODERATE_PROFIT,1,-0.213667857608,0.214596568143,0.0766460695655,0,0,1,0
ACTIVE_STICKY,holdout,HIGH_CONTROL_VERY_HIGH_PROFIT,ALL,HIGH,5,1,1,0.129598514326,NA,NA,0.186284046693,0.00813583303856,1,0,0,0,HIGH_CONTROL_LOW_MODERATE_PROFIT,1,0.226252789419,0.149109325503,0.123377468726,1,0,0,-1
ACTIVE_STICKY,holdout,HIGH_CONTROL_VERY_HIGH_PROFIT,ALL,HIGH,10,1,1,0.0766713830916,NA,NA,0.191324725858,0.00813583303856,1,0,0,0,HIGH_CONTROL_LOW_MODERATE_PROFIT,1,0.158455769709,0.154150004668,0.123377468726,1,0,0,-1
ACTIVE_STICKY,holdout,HIGH_CONTROL_VERY_HIGH_PROFIT,ALL,HIGH,20,1,1,0.139458790237,NA,NA,0.191324725858,-0.0316590024761,1,0,0,0,HIGH_CONTROL_LOW_MODERATE_PROFIT,1,0.280722730757,0.154150004668,0.154214603472,1,0,0,-1
ACTIVE_STICKY,holdout,HIGH_CONTROL_VERY_HIGH_PROFIT,ALL,HIGH,40,1,1,-0.0389105058366,NA,NA,0.448797311638,-0.0802971347718,1,1,1,0,HIGH_CONTROL_LOW_MODERATE_PROFIT,1,0.0205690480668,0.411622590448,0.191078329912,1,1,1,-1
ACTIVE_STICKY,holdout,HIGH_CONTROL_VERY_HIGH_PROFIT,ALL,HIGH,60,1,1,0.0961266360099,NA,NA,0.448797311638,-0.194729395119,1,1,1,1,HIGH_CONTROL_LOW_MODERATE_PROFIT,1,0.163041134151,0.411622590448,0.0766460695655,1,1,1,0
ACTIVE_STICKY,holdout,HIGH_CONTROL_VERY_HIGH_PROFIT,ALL,HIGH,120,1,1,0.00194552529183,NA,NA,0.448797311638,-0.194729395119,1,1,1,1,HIGH_CONTROL_LOW_MODERATE_PROFIT,1,-0.213667857608,0.214596568143,0.0766460695655,0,0,1,0
ACTIVE_STICKY,holdout,LOW_CONTROL,ALL,ALL,5,1242,401,0.012085622501,0.00778837198083,0.0163828730211,0.0547283827959,-0.0271104197009,0.14110556941,0.0135078969244,0.00249376558603,0.0548628428928,NA,0,NA,NA,NA,NA,NA,NA,NA
ACTIVE_STICKY,holdout,LOW_CONTROL,ALL,ALL,10,1242,401,0.00419782818097,-0.00137972059836,0.00977537696031,0.07321497135,-0.0457304299307,0.246674979219,0.044472152951,0.0116375727348,0.134871155445,NA,0,NA,NA,NA,NA,NA,NA,NA
ACTIVE_STICKY,holdout,LOW_CONTROL,ALL,ALL,20,1241,400,-0.000762656739623,-0.009725414368,0.00820010088876,0.103745645388,-0.0733602426919,0.379791666667,0.127291666667,0.0495833333333,0.29,NA,0,NA,NA,NA,NA,NA,NA,NA
ACTIVE_STICKY,holdout,LOW_CONTROL,ALL,ALL,40,1240,400,0.0167353955094,0.00346967268832,0.0300011183305,0.160262924511,-0.103088204467,0.561458333333,0.261041666667,0.140833333333,0.436041666667,NA,0,NA,NA,NA,NA,NA,NA,NA
ACTIVE_STICKY,holdout,LOW_CONTROL,ALL,ALL,60,1240,400,0.012279425962,-0.006017804666,0.0305766565901,0.204341579602,-0.13254441143,0.633333333333,0.35375,0.204791666667,0.567291666667,NA,0,NA,NA,NA,NA,NA,NA,NA
ACTIVE_STICKY,holdout,LOW_CONTROL,ALL,ALL,120,1237,399,0.0712692620197,0.0368912497415,0.105647274298,0.327907779849,-0.171649214834,0.760233918129,0.497284878864,0.356098579783,0.718045112782,NA,0,NA,NA,NA,NA,NA,NA,NA
ACTIVE_STICKY,holdout,LOW_CONTROL,BROADLY_WEAK,ALL,5,659,365,0.0297715988441,0.0263813299662,0.0331618677219,0.0609983772682,-0.0116986610063,0.154794520548,0.00547945205479,0,0.00547945205479,NA,0,NA,NA,NA,NA,NA,NA,NA
ACTIVE_STICKY,holdout,LOW_CONTROL,BROADLY_WEAK,ALL,10,659,365,0.031225579661,0.0263950881223,0.0360560711997,0.084027303164,-0.018961978995,0.284931506849,0.0438356164384,0.00958904109589,0.0260273972603,NA,0,NA,NA,NA,NA,NA,NA,NA
ACTIVE_STICKY,holdout,LOW_CONTROL,BROADLY_WEAK,ALL,20,659,365,0.0392565917762,0.0313355987143,0.0471775848381,0.116625319585,-0.0426108548093,0.441095890411,0.130136986301,0.0465753424658,0.116438356164,NA,0,NA,NA,NA,NA,NA,NA,NA
ACTIVE_STICKY,holdout,LOW_CONTROL,BROADLY_WEAK,ALL,40,659,365,0.039619392202,0.0257691472263,0.0534696371776,0.171664212229,-0.0620492684424,0.638356164384,0.26301369863,0.142465753425,0.215068493151,NA,0,NA,NA,NA,NA,NA,NA,NA
ACTIVE_STICKY,holdout,LOW_CONTROL,BROADLY_WEAK,ALL,60,659,365,-0.00297289358964,-0.0231607501652,0.0172149629859,0.207600013018,-0.105259516736,0.675342465753,0.342465753425,0.193150684932,0.43698630137,NA,0,NA,NA,NA,NA,NA,NA,NA
ACTIVE_STICKY,holdout,LOW_CONTROL,BROADLY_WEAK,ALL,120,657,364,0.0593425308321,0.0245154947968,0.0941695668673,0.316778722554,-0.169964220197,0.793956043956,0.478021978022,0.339285714286,0.690934065934,NA,0,NA,NA,NA,NA,NA,NA,NA
ACTIVE_STICKY,holdout,LOW_CONTROL,RECOVERING,ALL,5,272,272,0.0120818569589,0.00646189506373,0.017701818854,0.0474185707165,-0.0174579326561,0.102941176471,0.0147058823529,0.00367647058824,0.0110294117647,NA,0,NA,NA,NA,NA,NA,NA,NA
ACTIVE_STICKY,holdout,LOW_CONTROL,RECOVERING,ALL,10,272,272,-0.023953593537,-0.0308512162351,-0.017055970839,0.0575113014047,-0.0565115366639,0.154411764706,0.0367647058824,0.0147058823529,0.113970588235,NA,0,NA,NA,NA,NA,NA,NA,NA
ACTIVE_STICKY,holdout,LOW_CONTROL,RECOVERING,ALL,20,271,271,-0.0473939008992,-0.061740251386,-0.0330475504124,0.0782678136167,-0.100058867681,0.236162361624,0.0738007380074,0.0332103321033,0.461254612546,NA,0,NA,NA,NA,NA,NA,NA,NA
ACTIVE_STICKY,holdout,LOW_CONTROL,RECOVERING,ALL,40,271,271,-0.105097475011,-0.1207098109,-0.0894851391223,0.10464756521,-0.162760231871,0.339483394834,0.129151291513,0.0664206642066,0.782287822878,NA,0,NA,NA,NA,NA,NA,NA,NA
ACTIVE_STICKY,holdout,LOW_CONTROL,RECOVERING,ALL,60,271,271,-0.0598681626991,-0.0802509677269,-0.0394853576712,0.132515004357,-0.208998818933,0.413284132841,0.188191881919,0.121771217712,0.89667896679,NA,0,NA,NA,NA,NA,NA,NA,NA
ACTIVE_STICKY,holdout,LOW_CONTROL,RECOVERING,ALL,120,270,270,0.0140905600638,-0.0213731226305,0.0495542427581,0.244117513924,-0.218492932462,0.625925925926,0.377777777778,0.259259259259,0.918518518519,NA,0,NA,NA,NA,NA,NA,NA,NA
ACTIVE_STICKY,holdout,LOW_CONTROL,STRONG,ALL,5,311,311,-0.0343492914318,-0.0412016262989,-0.0274969565647,0.0383221359154,-0.0689684127436,0.0900321543408,0.0128617363344,0,0.202572347267,NA,0,NA,NA,NA,NA,NA,NA,NA
ACTIVE_STICKY,holdout,LOW_CONTROL,STRONG,ALL,10,311,311,-0.0460538094575,-0.0555116170562,-0.0365960018587,0.0512007930294,-0.0990519579739,0.167202572347,0.0289389067524,0.0064308681672,0.414790996785,NA,0,NA,NA,NA,NA,NA,NA,NA
ACTIVE_STICKY,holdout,LOW_CONTROL,STRONG,ALL,20,311,311,-0.0833682334592,-0.0961463663334,-0.070590100585,0.0719173249406,-0.129117583094,0.250803858521,0.0739549839228,0.0418006430868,0.614147909968,NA,0,NA,NA,NA,NA,NA,NA,NA
ACTIVE_STICKY,holdout,LOW_CONTROL,STRONG,ALL,40,310,310,0.00247466442023,-0.0166086784016,0.0215580072421,0.125555484764,-0.164180742224,0.409677419355,0.193548387097,0.0903225806452,0.764516129032,NA,0,NA,NA,NA,NA,NA,NA,NA
ACTIVE_STICKY,holdout,LOW_CONTROL,STRONG,ALL,60,310,310,0.015878323926,-0.00653785299709,0.038294500849,0.17594143003,-0.166784009963,0.564516129032,0.312903225806,0.161290322581,0.78064516129,NA,0,NA,NA,NA,NA,NA,NA,NA
ACTIVE_STICKY,holdout,LOW_CONTROL,STRONG,ALL,120,310,310,0.0483751589923,0.00716331639141,0.0895870015932,0.303720337552,-0.180311252811,0.696774193548,0.483870967742,0.322580645161,0.812903225806,NA,0,NA,NA,NA,NA,NA,NA,NA
ACTIVE_STICKY,holdout,LOW_CONTROL,ALL,LOW,5,985,342,0.0102192697534,0.00556490780156,0.0148736317052,0.0507184422644,-0.0281990029584,0.111111111111,0.0119395711501,0,0.0504385964912,NA,0,NA,NA,NA,NA,NA,NA,NA
ACTIVE_STICKY,holdout,LOW_CONTROL,ALL,LOW,10,985,342,0.00496938238849,-0.00128601083827,0.0112247756152,0.0698087146893,-0.0451371244587,0.227582846004,0.0392300194932,0.00925925925926,0.123050682261,NA,0,NA,NA,NA,NA,NA,NA,NA
ACTIVE_STICKY,holdout,LOW_CONTROL,ALL,LOW,20,985,342,-0.00159387132628,-0.0114204016757,0.00823265902319,0.1019246954,-0.0724179796433,0.374269005848,0.127680311891,0.0455653021442,0.288742690058,NA,0,NA,NA,NA,NA,NA,NA,NA
ACTIVE_STICKY,holdout,LOW_CONTROL,ALL,LOW,40,984,342,0.0189115621541,0.0034066095589,0.0344165147493,0.160170027809,-0.102308598308,0.566520467836,0.257066276803,0.130116959064,0.429824561404,NA,0,NA,NA,NA,NA,NA,NA,NA
ACTIVE_STICKY,holdout,LOW_CONTROL,ALL,LOW,60,984,342,0.0140716652974,-0.00617328948928,0.0343166200841,0.202032480163,-0.131341003788,0.634746588694,0.350877192982,0.198586744639,0.555068226121,NA,0,NA,NA,NA,NA,NA,NA,NA
ACTIVE_STICKY,holdout,LOW_CONTROL,ALL,LOW,120,981,341,0.0772624033848,0.0396240805819,0.114900726188,0.32940391561,-0.168733867513,0.754643206256,0.505865102639,0.36265884653,0.708455522972,NA,0,NA,NA,NA,NA,NA,NA,NA
ACTIVE_STICKY,holdout,LOW_CONTROL,ALL,MODERATE,5,251,143,0.0142978204319,0.0069464676592,0.0216491732047,0.0646044952042,-0.0214867826094,0.2162004662,0.00699300699301,0,0.0407925407925,NA,0,NA,NA,NA,NA,NA,NA,NA
ACTIVE_STICKY,holdout,LOW_CONTROL,ALL,MODERATE,10,251,143,0.000603738354191,-0.0107444888326,0.011951965541,0.0829935059614,-0.0460035374363,0.311771561772,0.0594405594406,0.0174825174825,0.153263403263,NA,0,NA,NA,NA,NA,NA,NA,NA
ACTIVE_STICKY,holdout,LOW_CONTROL,ALL,MODERATE,20,251,143,0.000474993523781,-0.0205796683065,0.0215296553541,0.110198614806,-0.078429724986,0.397435897436,0.122377622378,0.0594405594406,0.336247086247,NA,0,NA,NA,NA,NA,NA,NA,NA
ACTIVE_STICKY,holdout,LOW_CONTROL,ALL,MODERATE,40,251,143,0.00612438130177,-0.0167044160778,0.0289531786813,0.160995120958,-0.105569990964,0.532634032634,0.258158508159,0.157925407925,0.50641025641,NA,0,NA,NA,NA,NA,NA,NA,NA
ACTIVE_STICKY,holdout,LOW_CONTROL,ALL,MODERATE,60,251,143,0.00933236831339,-0.0216524547832,0.04031719141,0.211067486631,-0.136225722351,0.614801864802,0.356060606061,0.219696969697,0.62296037296,NA,0,NA,NA,NA,NA,NA,NA,NA
ACTIVE_STICKY,holdout,LOW_CONTROL,ALL,MODERATE,120,251,143,0.0448960871556,-0.00307451905423,0.0928666933654,0.322084870724,-0.175766968247,0.779137529138,0.511072261072,0.370046620047,0.737762237762,NA,0,NA,NA,NA,NA,NA,NA,NA
ACTIVE_STICKY,holdout,LOW_CONTROL,ALL,HIGH,5,4,4,-0.0151856151535,-0.201044879629,0.170673649322,0.141834761804,-0.119466290246,0.25,0.25,0.25,0.75,NA,0,NA,NA,NA,NA,NA,NA,NA
ACTIVE_STICKY,holdout,LOW_CONTROL,ALL,HIGH,10,4,4,-0.110090232733,-0.326925912718,0.106745447252,0.151160443296,-0.202484716489,0.25,0.25,0.25,0.75,NA,0,NA,NA,NA,NA,NA,NA,NA
ACTIVE_STICKY,holdout,LOW_CONTROL,ALL,HIGH,20,4,4,-0.113362088652,-0.379459732257,0.152735554954,0.181050448078,-0.2367026636,0.25,0.25,0.25,0.75,NA,0,NA,NA,NA,NA,NA,NA,NA
ACTIVE_STICKY,holdout,LOW_CONTROL,ALL,HIGH,40,4,4,-0.0693790698607,-0.332704062319,0.193945922598,0.181050448078,-0.271865187927,0.25,0.25,0.25,0.75,NA,0,NA,NA,NA,NA,NA,NA,NA
ACTIVE_STICKY,holdout,LOW_CONTROL,ALL,HIGH,60,4,4,-0.153916378932,-0.419155446414,0.111322688551,0.199582251043,-0.271865187927,0.25,0.25,0.25,0.75,NA,0,NA,NA,NA,NA,NA,NA,NA
ACTIVE_STICKY,holdout,LOW_CONTROL,ALL,HIGH,120,4,4,-0.285122439135,-0.556447848925,-0.0137970293457,0.199582251043,-0.337276944074,0.25,0.25,0.25,0.75,NA,0,NA,NA,NA,NA,NA,NA,NA
ACTIVE_STICKY,holdout,MODERATE_CONTROL,ALL,ALL,5,419,239,0.0115612252961,0.00303224718542,0.0200902034069,0.0632906409122,-0.0314480309106,0.195258019526,0.0390516039052,0.00906555090656,0.0788005578801,NA,0,NA,NA,NA,NA,NA,NA,NA
ACTIVE_STICKY,holdout,MODERATE_CONTROL,ALL,ALL,10,419,239,-0.0115363220548,-0.0216951405997,-0.00137750350988,0.079268482966,-0.0607363075522,0.278940027894,0.0746164574616,0.0251046025105,0.206764295676,NA,0,NA,NA,NA,NA,NA,NA,NA
ACTIVE_STICKY,holdout,MODERATE_CONTROL,ALL,ALL,20,419,239,0.000365689992995,-0.0198191574038,0.0205505373898,0.117382258954,-0.0910296875139,0.400278940028,0.138423988842,0.0767085076709,0.374476987448,NA,0,NA,NA,NA,NA,NA,NA,NA
ACTIVE_STICKY,holdout,MODERATE_CONTROL,ALL,ALL,40,419,239,0.0277102993282,0.00165090149474,0.0537696971616,0.194732800456,-0.119867857969,0.548117154812,0.309623430962,0.209553695955,0.533124128312,NA,0,NA,NA,NA,NA,NA,NA,NA
ACTIVE_STICKY,holdout,MODERATE_CONTROL,ALL,ALL,60,419,239,0.0450874378875,0.0106919920932,0.0794828836818,0.246379590944,-0.147704406345,0.622384937238,0.374128312413,0.266736401674,0.624825662483,NA,0,NA,NA,NA,NA,NA,NA,NA
ACTIVE_STICKY,holdout,MODERATE_CONTROL,ALL,ALL,120,419,239,0.110010741172,0.0504076199676,0.169613862376,0.398997391929,-0.178703074684,0.732217573222,0.517433751743,0.398884239888,0.73779637378,NA,0,NA,NA,NA,NA,NA,NA,NA
ACTIVE_STICKY,holdout,MODERATE_CONTROL,BROADLY_WEAK,ALL,5,200,148,0.0347562752897,0.0250094567939,0.0445030937855,0.0746162796292,-0.0158470713847,0.216216216216,0.0540540540541,0.0101351351351,0.0304054054054,NA,0,NA,NA,NA,NA,NA,NA,NA
ACTIVE_STICKY,holdout,MODERATE_CONTROL,BROADLY_WEAK,ALL,10,200,148,0.0268935560031,0.0140182282669,0.0397688837394,0.0976378687486,-0.0294807276693,0.364864864865,0.108108108108,0.027027027027,0.0472972972973,NA,0,NA,NA,NA,NA,NA,NA,NA
ACTIVE_STICKY,holdout,MODERATE_CONTROL,BROADLY_WEAK,ALL,20,200,148,0.0479732566511,0.0206602397092,0.0752862735931,0.139708233956,-0.0578164794478,0.506756756757,0.195945945946,0.0912162162162,0.192567567568,NA,0,NA,NA,NA,NA,NA,NA,NA
ACTIVE_STICKY,holdout,MODERATE_CONTROL,BROADLY_WEAK,ALL,40,200,148,0.0798053886447,0.0420936800558,0.117517097234,0.220096034212,-0.0769559905435,0.648648648649,0.378378378378,0.239864864865,0.327702702703,NA,0,NA,NA,NA,NA,NA,NA,NA
ACTIVE_STICKY,holdout,MODERATE_CONTROL,BROADLY_WEAK,ALL,60,200,148,0.0664276488918,0.0193209771631,0.113534320621,0.271577592523,-0.107964220319,0.706081081081,0.456081081081,0.304054054054,0.445945945946,NA,0,NA,NA,NA,NA,NA,NA,NA
ACTIVE_STICKY,holdout,MODERATE_CONTROL,BROADLY_WEAK,ALL,120,200,148,0.0911671615085,0.0389501561791,0.143384166838,0.374692325082,-0.163034254735,0.783783783784,0.577702702703,0.442567567568,0.655405405405,NA,0,NA,NA,NA,NA,NA,NA,NA
ACTIVE_STICKY,holdout,MODERATE_CONTROL,RECOVERING,ALL,5,121,121,0.00470265032053,-0.0076912143669,0.017096515008,0.0476685053195,-0.027439120239,0.123966942149,0.0247933884298,0.00826446280992,0.0413223140496,NA,0,NA,NA,NA,NA,NA,NA,NA
ACTIVE_STICKY,holdout,MODERATE_CONTROL,RECOVERING,ALL,10,121,121,-0.0252917762444,-0.0383660612809,-0.012217491208,0.0613137587551,-0.0643523621175,0.198347107438,0.0413223140496,0.0165289256198,0.198347107438,NA,0,NA,NA,NA,NA,NA,NA,NA
ACTIVE_STICKY,holdout,MODERATE_CONTROL,RECOVERING,ALL,20,121,121,0.0127832881565,-0.0251230957378,0.0506896720508,0.118249436982,-0.0947189912248,0.347107438017,0.148760330579,0.0743801652893,0.396694214876,NA,0,NA,NA,NA,NA,NA,NA,NA
ACTIVE_STICKY,holdout,MODERATE_CONTROL,RECOVERING,ALL,40,121,121,-0.00906416370589,-0.0534769585545,0.0353486311427,0.189631174881,-0.130638000551,0.471074380165,0.264462809917,0.165289256198,0.603305785124,NA,0,NA,NA,NA,NA,NA,NA,NA
ACTIVE_STICKY,holdout,MODERATE_CONTROL,RECOVERING,ALL,60,121,121,0.0185844196681,-0.024233425521,0.0614022648573,0.228345750995,-0.17056745032,0.578512396694,0.305785123967,0.198347107438,0.768595041322,NA,0,NA,NA,NA,NA,NA,NA,NA
ACTIVE_STICKY,holdout,MODERATE_CONTROL,RECOVERING,ALL,120,121,121,0.176346205121,0.0578464489008,0.294845961341,0.41948144805,-0.182610254756,0.710743801653,0.495867768595,0.388429752066,0.809917355372,NA,0,NA,NA,NA,NA,NA,NA,NA
ACTIVE_STICKY,holdout,MODERATE_CONTROL,STRONG,ALL,5,98,98,-0.0171535849611,-0.0320788731223,-0.00222829679997,0.0639699581019,-0.0582329925852,0.224489795918,0.0510204081633,0.0102040816327,0.183673469388,NA,0,NA,NA,NA,NA,NA,NA,NA
ACTIVE_STICKY,holdout,MODERATE_CONTROL,STRONG,ALL,10,98,98,-0.0433128135232,-0.0650112615305,-0.0216143655158,0.0760659238997,-0.0992547016706,0.285714285714,0.0816326530612,0.0408163265306,0.479591836735,NA,0,NA,NA,NA,NA,NA,NA,NA
ACTIVE_STICKY,holdout,MODERATE_CONTROL,STRONG,ALL,20,98,98,-0.0691198807744,-0.101819945312,-0.0364198162369,0.102287428948,-0.129486758173,0.34693877551,0.102040816327,0.0816326530612,0.591836734694,NA,0,NA,NA,NA,NA,NA,NA,NA
ACTIVE_STICKY,holdout,MODERATE_CONTROL,STRONG,ALL,40,98,98,0.0122739867686,-0.0261891043322,0.0507370778695,0.179509753574,-0.165033166215,0.520408163265,0.275510204082,0.214285714286,0.724489795918,NA,0,NA,NA,NA,NA,NA,NA,NA
ACTIVE_STICKY,holdout,MODERATE_CONTROL,STRONG,ALL,60,98,98,0.0478029086609,-0.00483045983434,0.100436277156,0.239634230955,-0.168873726333,0.602040816327,0.34693877551,0.285714285714,0.724489795918,NA,0,NA,NA,NA,NA,NA,NA,NA
ACTIVE_STICKY,holdout,MODERATE_CONTROL,STRONG,ALL,120,98,98,0.0890605847736,-0.00198983414534,0.180111003693,0.425389650724,-0.186440982376,0.724489795918,0.489795918367,0.357142857143,0.80612244898,NA,0,NA,NA,NA,NA,NA,NA,NA
ACTIVE_STICKY,holdout,MODERATE_CONTROL,ALL,LOW,5,75,56,0.00995193946774,-0.0044035528499,0.0243074317854,0.0574405061717,-0.026207006984,0.127976190476,0.0238095238095,0.00595238095238,0.0625,NA,0,NA,NA,NA,NA,NA,NA,NA
ACTIVE_STICKY,holdout,MODERATE_CONTROL,ALL,LOW,10,75,56,-0.00610733478124,-0.0225674872671,0.0103528177046,0.0730163085122,-0.0483715724165,0.202380952381,0.047619047619,0.00595238095238,0.139880952381,NA,0,NA,NA,NA,NA,NA,NA,NA
ACTIVE_STICKY,holdout,MODERATE_CONTROL,ALL,LOW,20,75,56,-0.0234482747212,-0.0492555974426,0.00235904800029,0.0887198876674,-0.0874777704569,0.306547619048,0.0863095238095,0.0238095238095,0.339285714286,NA,0,NA,NA,NA,NA,NA,NA,NA
ACTIVE_STICKY,holdout,MODERATE_CONTROL,ALL,LOW,40,75,56,0.0164297617028,-0.0259956771965,0.0588552006022,0.155629430532,-0.115251471493,0.485119047619,0.3125,0.232142857143,0.505952380952,NA,0,NA,NA,NA,NA,NA,NA,NA
ACTIVE_STICKY,holdout,MODERATE_CONTROL,ALL,LOW,60,75,56,0.0630306123079,-0.00533727883745,0.131398503453,0.234199778452,-0.136150284265,0.577380952381,0.386904761905,0.300595238095,0.553571428571,NA,0,NA,NA,NA,NA,NA,NA,NA
ACTIVE_STICKY,holdout,MODERATE_CONTROL,ALL,LOW,120,75,56,0.212886118296,0.0328939137585,0.392878322833,0.490881870768,-0.166289607556,0.770833333333,0.5625,0.410714285714,0.696428571429,NA,0,NA,NA,NA,NA,NA,NA,NA
ACTIVE_STICKY,holdout,MODERATE_CONTROL,ALL,MODERATE,5,298,185,0.0175071839613,0.0070812639949,0.0279331039276,0.0655431301087,-0.02889835253,0.201801801802,0.0396396396396,0.0108108108108,0.0630630630631,NA,0,NA,NA,NA,NA,NA,NA,NA
ACTIVE_STICKY,holdout,MODERATE_CONTROL,ALL,MODERATE,10,298,185,-0.00426695903332,-0.0168140781134,0.00828016004671,0.0846526926403,-0.0563746060916,0.30990990991,0.0855855855856,0.0369369369369,0.186936936937,NA,0,NA,NA,NA,NA,NA,NA,NA
ACTIVE_STICKY,holdout,MODERATE_CONTROL,ALL,MODERATE,20,298,185,0.0146931007265,-0.0119423636462,0.0413285650992,0.129014790277,-0.0856438599799,0.438738738739,0.166216216216,0.0963963963964,0.343693693694,NA,0,NA,NA,NA,NA,NA,NA,NA
ACTIVE_STICKY,holdout,MODERATE_CONTROL,ALL,MODERATE,40,298,185,0.0447908883452,0.00943399725902,0.0801477794313,0.214721033065,-0.111252031266,0.572072072072,0.331531531532,0.224324324324,0.506756756757,NA,0,NA,NA,NA,NA,NA,NA,NA
ACTIVE_STICKY,holdout,MODERATE_CONTROL,ALL,MODERATE,60,298,185,0.0494048713183,0.00769884540938,0.0911108972272,0.258204950963,-0.140981009905,0.636936936937,0.39009009009,0.277477477477,0.609459459459,NA,0,NA,NA,NA,NA,NA,NA,NA
ACTIVE_STICKY,holdout,MODERATE_CONTROL,ALL,MODERATE,120,298,185,0.098312093415,0.0302686002605,0.166355586569,0.38730573775,-0.174296174291,0.711711711712,0.518018018018,0.411711711712,0.724774774775,NA,0,NA,NA,NA,NA,NA,NA,NA
ACTIVE_STICKY,holdout,MODERATE_CONTROL,ALL,HIGH,5,46,36,-0.0115431110124,-0.0340785565387,0.0109923345139,0.0721076980131,-0.0479631304211,0.273148148148,0.0925925925926,0.00925925925926,0.171296296296,NA,0,NA,NA,NA,NA,NA,NA,NA
ACTIVE_STICKY,holdout,MODERATE_CONTROL,ALL,HIGH,10,46,36,-0.0418708174612,-0.0767571349021,-0.00698450002034,0.080912818573,-0.095173693302,0.287037037037,0.12037037037,0.0231481481481,0.407407407407,NA,0,NA,NA,NA,NA,NA,NA,NA
ACTIVE_STICKY,holdout,MODERATE_CONTROL,ALL,HIGH,20,46,36,-0.0130028876219,-0.0766003213938,0.05059454615,0.139133385664,-0.123243499981,0.384259259259,0.162037037037,0.106481481481,0.546296296296,NA,0,NA,NA,NA,NA,NA,NA,NA
ACTIVE_STICKY,holdout,MODERATE_CONTROL,ALL,HIGH,40,46,36,0.0100609147542,-0.0719606636701,0.0920824931785,0.219301114898,-0.170361921811,0.578703703704,0.300925925926,0.175925925926,0.657407407407,NA,0,NA,NA,NA,NA,NA,NA,NA
ACTIVE_STICKY,holdout,MODERATE_CONTROL,ALL,HIGH,60,46,36,0.0301149125179,-0.0624734544305,0.122703279466,0.275606770009,-0.196318742261,0.648148148148,0.342592592593,0.217592592593,0.796296296296,NA,0,NA,NA,NA,NA,NA,NA,NA
ACTIVE_STICKY,holdout,MODERATE_CONTROL,ALL,HIGH,120,46,36,0.171890948294,0.0166691338696,0.327112762719,0.483079925589,-0.209139862512,0.791666666667,0.555555555556,0.384259259259,0.819444444444,NA,0,NA,NA,NA,NA,NA,NA,NA
ACTIVE_STICKY,validation,HIGH_CONTROL_HIGH_PROFIT,ALL,ALL,5,48,28,-0.00448017513493,-0.0289703496226,0.0200099993528,0.0785923019057,-0.0535275295117,0.357142857143,0.0952380952381,0,0.125,HIGH_CONTROL_LOW_MODERATE_PROFIT,48,-0.00801300569134,0.00325379999437,-0.00427902008799,0.0505952380952,0.0446428571429,0,0.0238095238095
ACTIVE_STICKY,validation,HIGH_CONTROL_HIGH_PROFIT,ALL,ALL,10,48,28,-0.0518626877259,-0.0878101030686,-0.0159152723833,0.0980099855899,-0.112558570253,0.41369047619,0.113095238095,0.0654761904762,0.428571428571,HIGH_CONTROL_LOW_MODERATE_PROFIT,48,-0.0464161860916,0.00492646363237,-0.0352563492662,0.0684523809524,-0.0416666666667,0.0357142857143,0.238095238095
ACTIVE_STICKY,validation,HIGH_CONTROL_HIGH_PROFIT,ALL,ALL,20,48,28,-0.0549416038361,-0.106572347878,-0.0033108597939,0.132973921987,-0.148338228995,0.541666666667,0.220238095238,0.136904761905,0.598214285714,HIGH_CONTROL_LOW_MODERATE_PROFIT,48,-0.0156869744296,0.0169963408003,-0.035658184413,0.139880952381,0.0654761904762,0.0863095238095,0.193452380952
ACTIVE_STICKY,validation,HIGH_CONTROL_HIGH_PROFIT,ALL,ALL,40,48,28,-0.104966342311,-0.16886422113,-0.0410684634911,0.163329105814,-0.209985869043,0.625,0.294642857143,0.202380952381,0.761904761905,HIGH_CONTROL_LOW_MODERATE_PROFIT,48,-0.0270859059599,0.0211781832369,-0.0610409416806,0.223214285714,0.119047619048,0.130952380952,0.116071428571
ACTIVE_STICKY,validation,HIGH_CONTROL_HIGH_PROFIT,ALL,ALL,60,48,28,-0.135956671849,-0.216622820073,-0.0552905236253,0.179426628985,-0.245859487807,0.645833333333,0.315476190476,0.232142857143,0.809523809524,HIGH_CONTROL_LOW_MODERATE_PROFIT,48,-0.0814691686489,0.0105120326286,-0.0665214593128,0.136904761905,0.0803571428571,0.10119047619,0.0625
ACTIVE_STICKY,validation,HIGH_CONTROL_HIGH_PROFIT,ALL,ALL,120,48,28,-0.115829483276,-0.248591801441,0.0169328348898,0.273452869786,-0.308995565094,0.708333333333,0.446428571429,0.345238095238,0.857142857143,HIGH_CONTROL_LOW_MODERATE_PROFIT,48,-0.0946149248204,0.00613318118297,-0.082353520754,0.0446428571429,0.00297619047619,0.0297619047619,7.93016446161e-18
ACTIVE_STICKY,validation,HIGH_CONTROL_HIGH_PROFIT,BROADLY_WEAK,ALL,5,18,18,-0.03532397324,-0.0687756553527,-0.0018722911274,0.0592811546869,-0.066925083316,0.222222222222,0.111111111111,0,0.166666666667,HIGH_CONTROL_LOW_MODERATE_PROFIT,18,-0.0202340080723,0.0101122249105,0.00126821158504,0.0555555555556,0.0555555555556,0,-0.0555555555556
ACTIVE_STICKY,validation,HIGH_CONTROL_HIGH_PROFIT,BROADLY_WEAK,ALL,10,18,18,-0.0811890643134,-0.128279513211,-0.0340986154162,0.0592811546869,-0.122314600935,0.222222222222,0.111111111111,0,0.555555555556,HIGH_CONTROL_LOW_MODERATE_PROFIT,18,-0.0444430177495,-0.00482353612599,-0.0142544437692,0,-0.0555555555556,0,0.111111111111
ACTIVE_STICKY,validation,HIGH_CONTROL_HIGH_PROFIT,BROADLY_WEAK,ALL,20,18,18,-0.114402412168,-0.162186960595,-0.0666178637413,0.0650358595991,-0.154040168037,0.277777777778,0.111111111111,0,0.722222222222,HIGH_CONTROL_LOW_MODERATE_PROFIT,18,-0.0436526982127,-0.0397791221961,-0.00633087360083,0.0555555555556,-0.0555555555556,-0.0555555555556,0
ACTIVE_STICKY,validation,HIGH_CONTROL_HIGH_PROFIT,BROADLY_WEAK,ALL,40,18,18,-0.12105513434,-0.209982159567,-0.0321281091131,0.0960201749284,-0.227369328298,0.444444444444,0.166666666667,0.0555555555556,0.944444444444,HIGH_CONTROL_LOW_MODERATE_PROFIT,18,-0.0387380536847,-0.0110691990568,-0.056472388312,0.222222222222,0,0,0.166666666667
ACTIVE_STICKY,validation,HIGH_CONTROL_HIGH_PROFIT,BROADLY_WEAK,ALL,60,18,18,-0.101782545613,-0.196501503791,-0.00706358743646,0.126106125362,-0.241350669004,0.555555555556,0.222222222222,0.111111111111,0.944444444444,HIGH_CONTROL_LOW_MODERATE_PROFIT,18,-0.100312905921,-0.0252185244214,-0.0704537290185,0.166666666667,-0.111111111111,-0.0555555555556,0.166666666667
ACTIVE_STICKY,validation,HIGH_CONTROL_HIGH_PROFIT,BROADLY_WEAK,ALL,120,18,18,-0.0103740132116,-0.164972677908,0.144224651485,0.299135144221,-0.278451442731,0.666666666667,0.444444444444,0.333333333333,0.944444444444,HIGH_CONTROL_LOW_MODERATE_PROFIT,18,-0.103281932439,0.00812349330909,-0.0709283733669,0,-0.166666666667,-0.111111111111,0.111111111111
ACTIVE_STICKY,validation,HIGH_CONTROL_HIGH_PROFIT,RECOVERING,ALL,5,3,3,0.0353598888419,-0.0442456035216,0.114965381205,0.0585474793128,-0.026965011968,0.333333333333,0,0,0,HIGH_CONTROL_LOW_MODERATE_PROFIT,3,0.054175096728,-0.119896320994,0.00970620153436,-0.333333333333,-0.666666666667,0,0
ACTIVE_STICKY,validation,HIGH_CONTROL_HIGH_PROFIT,RECOVERING,ALL,10,3,3,-0.135408326479,-0.473214737339,0.202398084382,0.0595028249827,-0.189949764206,0.333333333333,0,0,0.333333333333,HIGH_CONTROL_LOW_MODERATE_PROFIT,3,-0.14774633408,-0.118940975325,-0.129634717807,-0.333333333333,-0.666666666667,0,0
ACTIVE_STICKY,validation,HIGH_CONTROL_HIGH_PROFIT,RECOVERING,ALL,20,3,3,-0.0165588239358,-0.349767997944,0.316650350072,0.145417511452,-0.189949764206,0.666666666667,0.333333333333,0,0.333333333333,HIGH_CONTROL_LOW_MODERATE_PROFIT,3,-0.0195868159607,-0.063685639086,-0.0952007021558,-0.333333333333,-0.333333333333,0,-0.333333333333
ACTIVE_STICKY,validation,HIGH_CONTROL_HIGH_PROFIT,RECOVERING,ALL,40,3,3,-0.113432716184,-0.495069483981,0.268204051614,0.204263594298,-0.308374425497,0.666666666667,0.666666666667,0.333333333333,0.666666666667,HIGH_CONTROL_LOW_MODERATE_PROFIT,3,-0.240355276918,-0.417453720714,-0.206550873226,-0.333333333333,-0.333333333333,-0.333333333333,0
ACTIVE_STICKY,validation,HIGH_CONTROL_HIGH_PROFIT,RECOVERING,ALL,60,3,3,-0.181262914163,-0.513656581604,0.151130753277,0.205943913558,-0.310239380793,0.666666666667,0.666666666667,0.333333333333,0.666666666667,HIGH_CONTROL_LOW_MODERATE_PROFIT,3,-0.225110413624,-0.415773401453,-0.149429483934,-0.333333333333,-0.333333333333,-0.333333333333,-0.333333333333
ACTIVE_STICKY,validation,HIGH_CONTROL_HIGH_PROFIT,RECOVERING,ALL,120,3,3,-0.180651868452,-0.670069686328,0.308765949425,0.247111735444,-0.342835037994,0.666666666667,0.666666666667,0.666666666667,0.666666666667,HIGH_CONTROL_LOW_MODERATE_PROFIT,3,-0.0211851770738,-0.374605579567,-0.0311188128046,-0.333333333333,-0.333333333333,0,-0.333333333333
ACTIVE_STICKY,validation,HIGH_CONTROL_HIGH_PROFIT,STRONG,ALL,5,27,22,0.0108645054523,-0.0220110199634,0.0437400308679,0.0836874552964,-0.0485830563439,0.363636363636,0.113636363636,0,0.0909090909091,HIGH_CONTROL_LOW_MODERATE_PROFIT,27,-0.0128908639018,-0.00280764108404,-0.0119560385805,-0.0227272727273,0.0909090909091,0,0.0909090909091
ACTIVE_STICKY,validation,HIGH_CONTROL_HIGH_PROFIT,STRONG,ALL,10,27,22,-0.00127587407596,-0.0506945255671,0.0481427774152,0.122906595068,-0.0890563684903,0.5,0.159090909091,0.113636363636,0.272727272727,HIGH_CONTROL_LOW_MODERATE_PROFIT,27,-0.0381576345584,0.00796369520903,-0.035613458797,0.0681818181818,-0.0227272727273,0.0454545454545,0.227272727273
ACTIVE_STICKY,validation,HIGH_CONTROL_HIGH_PROFIT,STRONG,ALL,20,27,22,0.0172391295781,-0.0566523858435,0.0911306449996,0.184103809359,-0.123983066419,0.704545454545,0.340909090909,0.25,0.454545454545,HIGH_CONTROL_LOW_MODERATE_PROFIT,27,0.0131862598688,0.0450848647359,-0.0413647606739,0.204545454545,0.159090909091,0.159090909091,0.272727272727
ACTIVE_STICKY,validation,HIGH_CONTROL_HIGH_PROFIT,STRONG,ALL,40,27,22,-0.0425610840018,-0.127258336105,0.0421361681018,0.22536828593,-0.164254245228,0.727272727273,0.454545454545,0.340909090909,0.545454545455,HIGH_CONTROL_LOW_MODERATE_PROFIT,27,0.0226884907027,0.0651044938842,-0.0374755752292,0.227272727273,0.25,0.25,0.0454545454545
ACTIVE_STICKY,validation,HIGH_CONTROL_HIGH_PROFIT,STRONG,ALL,60,27,22,-0.102744552807,-0.220076230339,0.0145871247251,0.245866823004,-0.21985238204,0.727272727273,0.477272727273,0.363636363636,0.659090909091,HIGH_CONTROL_LOW_MODERATE_PROFIT,27,-0.0462948106248,0.0526153903276,-0.0510146197618,0.113636363636,0.227272727273,0.181818181818,0.0227272727273
ACTIVE_STICKY,validation,HIGH_CONTROL_HIGH_PROFIT,STRONG,ALL,120,27,22,-0.0797595975006,-0.266835211823,0.107316016822,0.327733939447,-0.285774062913,0.75,0.545454545455,0.431818181818,0.772727272727,HIGH_CONTROL_LOW_MODERATE_PROFIT,27,-0.0708331090177,0.0348940361938,-0.0703098152988,0.113636363636,0.181818181818,0.113636363636,-0.0227272727273
ACTIVE_STICKY,validation,HIGH_CONTROL_HIGH_PROFIT,ALL,LOW,5,4,2,6.03674674116e-05,-0.0117187943109,0.0118395292457,0.08635428403,-0.0306756341905,0.5,0,0,0,HIGH_CONTROL_LOW_MODERATE_PROFIT,4,-0.107308553476,-0.0561316308251,-0.0302677727824,-0.166666666667,-0.166666666667,0,0
ACTIVE_STICKY,validation,HIGH_CONTROL_HIGH_PROFIT,ALL,LOW,10,4,2,-0.0523600830363,-0.159923169206,0.0552030031334,0.0987396946015,-0.0916459487488,0.666666666667,0,0,0.5,HIGH_CONTROL_LOW_MODERATE_PROFIT,4,-0.180176057216,-0.0946730902366,-0.0878411706958,-0.166666666667,-0.833333333333,0,0.5
ACTIVE_STICKY,validation,HIGH_CONTROL_HIGH_PROFIT,ALL,LOW,20,4,2,-0.041776037476,-0.24587521985,0.162323144898,0.123907121234,-0.119212357161,0.833333333333,0,0,0.5,HIGH_CONTROL_LOW_MODERATE_PROFIT,4,-0.146144201546,-0.182341879261,-0.0838919679493,-0.166666666667,-0.833333333333,-0.166666666667,0.5
ACTIVE_STICKY,validation,HIGH_CONTROL_HIGH_PROFIT,ALL,LOW,40,4,2,-0.064946992446,-0.354944052719,0.225050067827,0.146321415058,-0.161971419142,0.833333333333,0.166666666667,0,0.666666666667,HIGH_CONTROL_LOW_MODERATE_PROFIT,4,-0.187552744613,-0.198817926,-0.12665102993,-0.166666666667,-0.833333333333,-0.333333333333,0.666666666667
ACTIVE_STICKY,validation,HIGH_CONTROL_HIGH_PROFIT,ALL,LOW,60,4,2,-0.0521202415521,-0.372986150844,0.26874566774,0.183778435046,-0.164131810489,1,0.333333333333,0,0.666666666667,HIGH_CONTROL_LOW_MODERATE_PROFIT,4,-0.0956536392811,-0.188677979182,-0.0859151842415,0,-0.666666666667,-0.333333333333,0.333333333333
ACTIVE_STICKY,validation,HIGH_CONTROL_HIGH_PROFIT,ALL,LOW,120,4,2,0.142614204114,-0.362961794223,0.648190202451,0.349745054091,-0.170860891823,1,0.5,0.5,0.666666666667,HIGH_CONTROL_LOW_MODERATE_PROFIT,4,0.170731558569,-0.0846625796493,-0.00118564039293,0,-0.5,-0.333333333333,0.166666666667
ACTIVE_STICKY,validation,HIGH_CONTROL_HIGH_PROFIT,ALL,MODERATE,5,5,5,-0.0662226073674,-0.104768014186,-0.0276772005493,0.0120333444285,-0.0800694147053,0,0,0,0.2,HIGH_CONTROL_LOW_MODERATE_PROFIT,5,-0.0109361087104,-0.000736114289157,-0.0153355016091,0,0,0,0.2
ACTIVE_STICKY,validation,HIGH_CONTROL_HIGH_PROFIT,ALL,MODERATE,10,5,5,-0.125235642966,-0.181952639414,-0.0685186465177,0.0120333444285,-0.144494840345,0,0,0,0.8,HIGH_CONTROL_LOW_MODERATE_PROFIT,5,-0.0608121227817,-0.000736114289157,-0.0503959510698,0,0,0,0.4
ACTIVE_STICKY,validation,HIGH_CONTROL_HIGH_PROFIT,ALL,MODERATE,20,5,5,-0.134298989855,-0.197230883196,-0.0713670965133,0.0134925718963,-0.176672616157,0,0,0,1,HIGH_CONTROL_LOW_MODERATE_PROFIT,5,-0.0209384378958,0.000723113178654,-0.053306183081,0,0,0,0.4
ACTIVE_STICKY,validation,HIGH_CONTROL_HIGH_PROFIT,ALL,MODERATE,40,5,5,-0.159440956068,-0.187211023239,-0.131670888898,0.0387703496741,-0.223794329158,0.2,0,0,1,HIGH_CONTROL_LOW_MODERATE_PROFIT,5,-0.0416630293285,0.0231518881074,-0.0545791812579,0.2,0,0,0
ACTIVE_STICKY,validation,HIGH_CONTROL_HIGH_PROFIT,ALL,MODERATE,60,5,5,-0.171880933114,-0.214829761836,-0.128932104391,0.0387703496741,-0.259060918423,0.2,0,0,1,HIGH_CONTROL_LOW_MODERATE_PROFIT,5,-0.0986163091227,-0.0193875002151,-0.0836729310159,0,0,0,0
ACTIVE_STICKY,validation,HIGH_CONTROL_HIGH_PROFIT,ALL,MODERATE,120,5,5,-0.0662705388492,-0.322957372256,0.190416294558,0.160621937957,-0.29017543458,0.6,0.2,0.2,1,HIGH_CONTROL_LOW_MODERATE_PROFIT,5,-0.0196593336616,-0.00532999736484,-0.0494665278458,0.4,0,0,0
ACTIVE_STICKY,validation,HIGH_CONTROL_HIGH_PROFIT,ALL,HIGH,5,39,27,0.000248192475036,-0.0252256795312,0.0257220644813,0.0817363360072,-0.0537557827865,0.364197530864,0.0987654320988,0,0.12962962963,HIGH_CONTROL_LOW_MODERATE_PROFIT,39,-0.00701465105245,-0.00326248743461,-0.00440838882865,0.00617283950617,0.0308641975309,0,0.0246913580247
ACTIVE_STICKY,validation,HIGH_CONTROL_HIGH_PROFIT,ALL,HIGH,10,39,27,-0.0434273939836,-0.0968783711935,0.0100235832263,0.108903604117,-0.117461849904,0.450617283951,0.135802469136,0.0864197530864,0.395061728395,HIGH_CONTROL_LOW_MODERATE_PROFIT,39,-0.0487140977646,0.00236588735825,-0.0414423648673,0.0617283950617,-0.0555555555556,0.037037037037,0.228395061728
ACTIVE_STICKY,validation,HIGH_CONTROL_HIGH_PROFIT,ALL,HIGH,20,39,27,-0.0494157086315,-0.110134196173,0.0113027789097,0.149252365058,-0.154553292748,0.574074074074,0.253086419753,0.16049382716,0.567901234568,HIGH_CONTROL_LOW_MODERATE_PROFIT,39,-0.0136093782192,0.023568681183,-0.0408149654133,0.135802469136,0.0617283950617,0.0987654320988,0.16049382716
ACTIVE_STICKY,validation,HIGH_CONTROL_HIGH_PROFIT,ALL,HIGH,40,39,27,-0.104509167251,-0.178582170773,-0.0304361637286,0.184123508281,-0.21707650975,0.641975308642,0.33950617284,0.253086419753,0.734567901235,HIGH_CONTROL_LOW_MODERATE_PROFIT,39,-0.0272575258819,0.0257713871015,-0.0670203541397,0.203703703704,0.135802469136,0.172839506173,0.0987654320988
ACTIVE_STICKY,validation,HIGH_CONTROL_HIGH_PROFIT,ALL,HIGH,60,39,27,-0.145227592177,-0.232193905304,-0.058261279051,0.198736290459,-0.252335651391,0.654320987654,0.351851851852,0.283950617284,0.783950617284,HIGH_CONTROL_LOW_MODERATE_PROFIT,39,-0.0968487154611,0.0139934179599,-0.0724632352958,0.123456790123,0.0864197530864,0.123456790123,0.0617283950617
ACTIVE_STICKY,validation,HIGH_CONTROL_HIGH_PROFIT,ALL,HIGH,120,39,27,-0.144424594003,-0.280786817765,-0.00806237024122,0.279757265903,-0.319972166605,0.691358024691,0.469135802469,0.364197530864,0.87037037037,HIGH_CONTROL_LOW_MODERATE_PROFIT,39,-0.143259635489,-0.0172626132859,-0.0961269727867,-0.00617283950617,0.00617283950617,0.0432098765432,0.0246913580247
ACTIVE_STICKY,validation,HIGH_CONTROL_LOW_MODERATE_PROFIT,ALL,ALL,5,351,188,0.0160664944794,0.0064452232026,0.0256877657563,0.0836287483356,-0.0350379824506,0.320478723404,0.0859929078014,0.0239361702128,0.0438829787234,LOW_CONTROL,351,0.0126092793079,0.025022024062,0.00390637877667,0.00531914893617,0.0660460992908,0.0186170212766,0.0412234042553
ACTIVE_STICKY,validation,HIGH_CONTROL_LOW_MODERATE_PROFIT,ALL,ALL,10,351,188,0.0294367285009,0.0136725159247,0.045200941077,0.116697585037,-0.0580751889074,0.412677304965,0.191046099291,0.0824468085106,0.185726950355,LOW_CONTROL,351,0.0116366700424,0.0230426912134,0.000390823533087,0.0434397163121,0.0700354609929,-0.0248226950355,-0.144060283688
ACTIVE_STICKY,validation,HIGH_CONTROL_LOW_MODERATE_PROFIT,ALL,ALL,20,351,188,0.0103247895232,-0.00812919145496,0.0287787705013,0.149750257701,-0.0768137152012,0.483156028369,0.275709219858,0.133421985816,0.324911347518,LOW_CONTROL,351,0.0274029043389,0.0129564026828,0.00920940662873,0.0234929078014,0.0558510638298,-0.00975177304965,-0.0549645390071
ACTIVE_STICKY,validation,HIGH_CONTROL_LOW_MODERATE_PROFIT,ALL,ALL,40,351,188,0.0286974630008,0.000287804081927,0.0571071219197,0.218820768023,-0.106816801048,0.574024822695,0.384308510638,0.253546099291,0.510195035461,LOW_CONTROL,351,0.0525864131446,0.0448962535152,0.0103921516972,0.0709219858156,0.140070921986,0.0722517730496,0.00797872340426
ACTIVE_STICKY,validation,HIGH_CONTROL_LOW_MODERATE_PROFIT,ALL,ALL,60,351,188,0.0495091594053,0.0151539173279,0.0838644014828,0.269300850364,-0.121004642093,0.640514184397,0.44725177305,0.308953900709,0.570921985816,LOW_CONTROL,351,0.0550813818423,0.0504097987428,0.0105602793909,-0.0749113475177,0.163120567376,0.0877659574468,0.0341312056738
ACTIVE_STICKY,validation,HIGH_CONTROL_LOW_MODERATE_PROFIT,ALL,ALL,120,351,188,0.0499838110017,-0.00266971861905,0.102637340622,0.385472886933,-0.182527242618,0.714539007092,0.574468085106,0.460106382979,0.731382978723,LOW_CONTROL,351,-0.00233940742439,0.0278631937026,0.00986088160307,-0.0917553191489,0.0492021276596,0.000443262411348,-0.0647163120567
ACTIVE_STICKY,validation,HIGH_CONTROL_LOW_MODERATE_PROFIT,BROADLY_WEAK,ALL,5,125,125,-0.0277862491078,-0.0384767294542,-0.0170957687614,0.0465493583615,-0.0526236167787,0.136,0.032,0,0.088,LOW_CONTROL,125,0.0312904550807,0.0309673290299,0.0142613470807,0.104,0.032,0,0.088
ACTIVE_STICKY,validation,HIGH_CONTROL_LOW_MODERATE_PROFIT,BROADLY_WEAK,ALL,10,125,125,-0.0472247697282,-0.0609760039029,-0.0334735355535,0.0540615525383,-0.0914086839911,0.16,0.064,0.008,0.384,LOW_CONTROL,125,0.0123259470171,0.0371216988088,0.00830563179182,0.128,0.064,0.008,-0.352
ACTIVE_STICKY,validation,HIGH_CONTROL_LOW_MODERATE_PROFIT,BROADLY_WEAK,ALL,20,125,125,-0.0809022746995,-0.0969776492166,-0.0648269001823,0.0710544333994,-0.116736657414,0.2,0.088,0.04,0.608,LOW_CONTROL,125,0.0353049667271,0.0536856904349,0.00996300321143,0.168,0.088,0.04,-0.176
ACTIVE_STICKY,validation,HIGH_CONTROL_LOW_MODERATE_PROFIT,BROADLY_WEAK,ALL,40,125,125,-0.0552801768629,-0.082766790277,-0.0277935634488,0.101327219222,-0.150408791248,0.288,0.152,0.08,0.736,LOW_CONTROL,125,0.0579951330277,0.082711051284,0.0238791833033,0.248,0.152,0.08,-0.144
ACTIVE_STICKY,validation,HIGH_CONTROL_LOW_MODERATE_PROFIT,BROADLY_WEAK,ALL,60,125,125,0.0140434020758,-0.0291494225406,0.0572362266922,0.167960414159,-0.153611160301,0.448,0.272,0.16,0.736,LOW_CONTROL,125,0.0268290918677,0.0666788146933,0.0210439028584,-0.152,0.192,0.088,-0.144
ACTIVE_STICKY,validation,HIGH_CONTROL_LOW_MODERATE_PROFIT,BROADLY_WEAK,ALL,120,125,125,0.029920174722,-0.0305585907492,0.0903989401932,0.288980120784,-0.219886712663,0.56,0.432,0.336,0.848,LOW_CONTROL,125,-0.201617044078,-0.0650381810131,-0.00459183711301,-0.232,-0.16,-0.24,-0.08
ACTIVE_STICKY,validation,HIGH_CONTROL_LOW_MODERATE_PROFIT,RECOVERING,ALL,5,50,50,0.0311574195809,0.0159022841817,0.04641255498,0.0895346850466,-0.015385278282,0.4,0.08,0.02,0,LOW_CONTROL,50,0.0115706626725,0.0439014325001,-0.00953854660105,0.34,0.08,0.02,0
ACTIVE_STICKY,validation,HIGH_CONTROL_LOW_MODERATE_PROFIT,RECOVERING,ALL,10,50,50,0.0330484331915,0.00775059390418,0.0583462724787,0.106763251402,-0.0301778622277,0.48,0.12,0.02,0.06,LOW_CONTROL,50,0.00809108504932,0.0448581105176,-0.0125996429239,0.24,0.12,0.02,0.06
ACTIVE_STICKY,validation,HIGH_CONTROL_LOW_MODERATE_PROFIT,RECOVERING,ALL,20,50,50,0.0800710171521,0.0387871627039,0.1213548716,0.163543171768,-0.0419231584263,0.62,0.34,0.1,0.1,LOW_CONTROL,50,0.0325488526439,0.0476357770952,-0.0143338401007,0.3,0.1,0.02,0.08
ACTIVE_STICKY,validation,HIGH_CONTROL_LOW_MODERATE_PROFIT,RECOVERING,ALL,40,50,50,0.257639633887,0.19239666609,0.322882601685,0.437940959387,-0.0462234970659,0.98,0.8,0.62,0.12,LOW_CONTROL,50,0.139799679089,0.195217234957,-0.00873099674053,0.46,0.4,0.28,0.1
ACTIVE_STICKY,validation,HIGH_CONTROL_LOW_MODERATE_PROFIT,RECOVERING,ALL,60,50,50,0.306436858282,0.236181320327,0.376692396237,0.529024646769,-0.050495555774,1,0.84,0.72,0.14,LOW_CONTROL,50,0.154007646839,0.211328941413,-0.0128257155472,0.48,0.42,0.36,0.12
ACTIVE_STICKY,validation,HIGH_CONTROL_LOW_MODERATE_PROFIT,RECOVERING,ALL,120,50,50,0.15751656949,0.052589898093,0.262443240887,0.608063406581,-0.10512128771,1,0.9,0.78,0.4,LOW_CONTROL,50,0.0961001514263,0.276524223799,-0.00153457100248,0.48,0.46,0.42,-0.22
ACTIVE_STICKY,validation,HIGH_CONTROL_LOW_MODERATE_PROFIT,STRONG,ALL,5,176,139,0.047010515245,0.0325783100838,0.0614427204062,0.101340195105,-0.0250451425483,0.370503597122,0.107913669065,0.0323741007194,0.00719424460432,LOW_CONTROL,176,-0.00556514946292,0.00400696253903,0.000532567929268,-0.251798561151,0.068345323741,0.0251798561151,0
ACTIVE_STICKY,validation,HIGH_CONTROL_LOW_MODERATE_PROFIT,STRONG,ALL,10,176,139,0.0853850541195,0.0577949221811,0.112975186058,0.160205297586,-0.0391985590334,0.525179856115,0.276978417266,0.140287769784,0.0647482014388,LOW_CONTROL,176,-0.000365056389731,-0.0103123810452,-0.00349090145312,-0.165467625899,0.0107913669065,-0.10071942446,-0.0251798561151
ACTIVE_STICKY,validation,HIGH_CONTROL_LOW_MODERATE_PROFIT,STRONG,ALL,20,176,139,0.0632449749965,0.039304709632,0.087185240361,0.19433884144,-0.0529251071447,0.625899280576,0.359712230216,0.179856115108,0.129496402878,LOW_CONTROL,176,0.00833841377996,-0.0565041223441,0.0134796915636,-0.258992805755,-0.0611510791367,-0.107913669065,-0.0143884892086
ACTIVE_STICKY,validation,HIGH_CONTROL_LOW_MODERATE_PROFIT,STRONG,ALL,40,176,139,0.0239336660896,-0.00751721021446,0.0553845423936,0.232861639648,-0.0891308117611,0.679856115108,0.438848920863,0.251798561151,0.395683453237,LOW_CONTROL,176,0.00640279881312,-0.0575226986345,0.000648573244369,-0.223021582734,0.0107913669065,-0.0503597122302,0.0647482014388
ACTIVE_STICKY,validation,HIGH_CONTROL_LOW_MODERATE_PROFIT,STRONG,ALL,60,176,139,-0.00671051813033,-0.0392746896282,0.0258536533675,0.253903667864,-0.116139079193,0.690647482014,0.474820143885,0.280575539568,0.532374100719,LOW_CONTROL,176,0.0330315830737,-0.0379663849955,0.002836656814,-0.212230215827,0.0467625899281,-0.0287769784173,0.129496402878
ACTIVE_STICKY,validation,HIGH_CONTROL_LOW_MODERATE_PROFIT,STRONG,ALL,120,176,139,0.0201904736163,-0.0388077372689,0.0791886845016,0.366885147234,-0.170891621446,0.755395683453,0.597122302158,0.438848920863,0.715827338129,LOW_CONTROL,176,0.0930295464206,-0.0274813969881,0.0235455607641,-0.169064748201,0.0467625899281,0,-0.00719424460432
ACTIVE_STICKY,validation,HIGH_CONTROL_LOW_MODERATE_PROFIT,ALL,LOW,5,9,6,0.0273831968059,-0.0310895707844,0.0858559643963,0.0959564803276,-0.0273098765303,0.333333333333,0.0833333333333,0.0833333333333,0,LOW_CONTROL,9,0.000880001907754,0.030416920514,-0.00896416579756,0.25,0,0.0833333333333,0
ACTIVE_STICKY,validation,HIGH_CONTROL_LOW_MODERATE_PROFIT,ALL,LOW,10,9,6,0.00218405625579,-0.0743334131075,0.0787015256191,0.110930210145,-0.0515621946318,0.5,0.0833333333333,0.0833333333333,0.166666666667,LOW_CONTROL,9,-0.0437212731761,0.0144105345524,-0.0185162494567,0.0833333333333,-0.166666666667,0.0833333333333,0
ACTIVE_STICKY,validation,HIGH_CONTROL_LOW_MODERATE_PROFIT,ALL,LOW,20,9,6,-0.0247988808148,-0.103372094518,0.0537743328889,0.113434763879,-0.067712337514,0.5,0.0833333333333,0.0833333333333,0.25,LOW_CONTROL,9,-0.0378317444608,0.000737550475431,-0.0280002909199,0.0833333333333,-0.25,0,0.0833333333333
ACTIVE_STICKY,validation,HIGH_CONTROL_LOW_MODERATE_PROFIT,ALL,LOW,40,9,6,-0.0828239227078,-0.178376883875,0.0127290384595,0.113434763879,-0.119058938849,0.5,0.0833333333333,0.0833333333333,0.5,LOW_CONTROL,9,-0.067667258356,-0.0180416799667,-0.0466293860689,-0.0833333333333,-0.333333333333,0,0.25
ACTIVE_STICKY,validation,HIGH_CONTROL_LOW_MODERATE_PROFIT,ALL,LOW,60,9,6,-0.0552529779963,-0.177688269004,0.0671823130111,0.124815168581,-0.128424991676,0.5,0.25,0.0833333333333,0.5,LOW_CONTROL,9,-0.0379020608787,-0.0220525165377,-0.0275790177916,-0.166666666667,-0.166666666667,0,-0.0833333333333
ACTIVE_STICKY,validation,HIGH_CONTROL_LOW_MODERATE_PROFIT,ALL,LOW,120,9,6,-0.0728804182865,-0.270985759166,0.125224922593,0.162420188174,-0.201631035272,0.5,0.416666666667,0.25,0.583333333333,LOW_CONTROL,9,-0.109094966057,-0.163766232377,-0.0326074086127,-0.333333333333,-0.25,-0.166666666667,-0.166666666667
ACTIVE_STICKY,validation,HIGH_CONTROL_LOW_MODERATE_PROFIT,ALL,MODERATE,5,99,77,0.0159774034715,-0.00370943079099,0.0356642377341,0.0660481800198,-0.0302253676794,0.205627705628,0.034632034632,0.012987012987,0.012987012987,LOW_CONTROL,99,0.00957285952053,0.00692334615547,0.00289200446982,-0.0400432900433,-0.0281385281385,0,0
ACTIVE_STICKY,validation,HIGH_CONTROL_LOW_MODERATE_PROFIT,ALL,MODERATE,10,99,77,0.0316216161073,-0.000853190101684,0.0640964223163,0.101655705207,-0.0499242283173,0.294372294372,0.114718614719,0.0497835497835,0.101731601732,LOW_CONTROL,99,0.0208204971736,0.017992334736,0.00149495461698,-0.0151515151515,0.0119047619048,-0.0227272727273,-0.115800865801
ACTIVE_STICKY,validation,HIGH_CONTROL_LOW_MODERATE_PROFIT,ALL,MODERATE,20,99,77,0.0157600348396,-0.0116616919135,0.0431817615926,0.139574298086,-0.0642247143451,0.378787878788,0.246753246753,0.106060606061,0.266233766234,LOW_CONTROL,99,0.0335999179918,0.0248552820734,0.0117799830232,-0.034632034632,0.0227272727273,0.0335497835498,-0.0400432900433
ACTIVE_STICKY,validation,HIGH_CONTROL_LOW_MODERATE_PROFIT,ALL,MODERATE,40,99,77,0.0466595309417,0.00459189626397,0.0887271656194,0.211946747998,-0.0896312238187,0.563852813853,0.426406926407,0.248917748918,0.472943722944,LOW_CONTROL,99,0.0536859647124,0.0480887681632,0.0136171619403,0.0313852813853,0.138528138528,0.0627705627706,0.0692640692641
ACTIVE_STICKY,validation,HIGH_CONTROL_LOW_MODERATE_PROFIT,ALL,MODERATE,60,99,77,0.0811478837576,0.0282092142363,0.134086553279,0.268673119425,-0.105340924655,0.613636363636,0.482683982684,0.318181818182,0.536796536797,LOW_CONTROL,99,0.0655240961991,0.0537644004401,0.0142401423865,-0.111471861472,0.103896103896,0.0411255411255,0.0606060606061
ACTIVE_STICKY,validation,HIGH_CONTROL_LOW_MODERATE_PROFIT,ALL,MODERATE,120,99,77,0.0669114044433,-0.00666088421849,0.140483693105,0.367265672833,-0.159194440393,0.728354978355,0.584415584416,0.415584415584,0.709956709957,LOW_CONTROL,99,0.0454830317261,0.06145953948,0.0068645533232,-0.0465367965368,0.0324675324675,-0.025974025974,0.021645021645
ACTIVE_STICKY,validation,HIGH_CONTROL_LOW_MODERATE_PROFIT,ALL,HIGH,5,243,153,0.0194154220697,0.00722814391489,0.0316027002245,0.0916077881305,-0.0354265622402,0.373638344227,0.105664488017,0.0228758169935,0.0555555555556,LOW_CONTROL,243,0.0155736986566,0.032046521285,0.00620999261833,0.00599128540305,0.10348583878,0.0228758169935,0.0555555555556
ACTIVE_STICKY,validation,HIGH_CONTROL_LOW_MODERATE_PROFIT,ALL,HIGH,10,243,153,0.0322074864086,0.0126465768943,0.051768395923,0.125168558883,-0.0604267391138,0.468954248366,0.235838779956,0.0909586056645,0.221677559913,LOW_CONTROL,243,0.008365038935,0.0233353300459,0.000257249700611,0.0490196078431,0.105664488017,-0.0392156862745,-0.149782135076
ACTIVE_STICKY,validation,HIGH_CONTROL_LOW_MODERATE_PROFIT,ALL,HIGH,20,243,153,0.0105814589009,-0.011863849026,0.0330267668279,0.155400774066,-0.0806886605332,0.537581699346,0.309368191721,0.136710239651,0.354575163399,LOW_CONTROL,243,0.0228129594384,2.61354593711e-05,0.00972056918465,0.0152505446623,0.0773420479303,-0.0457516339869,-0.05174291939
ACTIVE_STICKY,validation,HIGH_CONTROL_LOW_MODERATE_PROFIT,ALL,HIGH,40,243,153,0.0266382959534,-0.0069769716181,0.0602535635249,0.227437853965,-0.11325108187,0.606209150327,0.400871459695,0.254901960784,0.510893246187,LOW_CONTROL,243,0.0523954680322,0.0363914464883,0.0090606766699,0.0773420479303,0.162309368192,0.0582788671024,-0.0359477124183
ACTIVE_STICKY,validation,HIGH_CONTROL_LOW_MODERATE_PROFIT,ALL,HIGH,60,243,153,0.0439856914134,0.00399178065593,0.0839796021708,0.276028915773,-0.126982241969,0.678649237473,0.463507625272,0.305555555556,0.572440087146,LOW_CONTROL,243,0.0565899117351,0.0428522264496,0.0096529172144,-0.0686274509804,0.208605664488,0.0925925925926,0.0136165577342
ACTIVE_STICKY,validation,HIGH_CONTROL_LOW_MODERATE_PROFIT,ALL,HIGH,120,243,153,0.0641844473615,-0.000224357137307,0.12859325186,0.413305265161,-0.184314397036,0.747276688453,0.604575163399,0.492374727669,0.727124183007,LOW_CONTROL,243,-0.00676931458692,0.0157551994838,0.0153920200343,-0.102396514161,0.0697167755991,0.00272331154684,-0.0996732026144
ACTIVE_STICKY,validation,HIGH_CONTROL_VERY_HIGH_PROFIT,ALL,ALL,5,5,4,-0.0366978994487,-0.0816798441981,0.00828404530068,0.057698617245,-0.0815887825538,0.25,0,0,0.25,HIGH_CONTROL_LOW_MODERATE_PROFIT,5,-0.0149896317897,-0.0347908998936,-0.00945217512413,0.125,-0.125,-0.125,0
ACTIVE_STICKY,validation,HIGH_CONTROL_VERY_HIGH_PROFIT,ALL,ALL,10,5,4,-0.0822231147645,-0.151965061217,-0.0124811683122,0.06863360461,-0.148507768912,0.375,0,0,0.875,HIGH_CONTROL_LOW_MODERATE_PROFIT,5,-0.0385416746886,-0.0238559125285,-0.0365151739753,0.25,-0.125,-0.125,0.625
ACTIVE_STICKY,validation,HIGH_CONTROL_VERY_HIGH_PROFIT,ALL,ALL,20,5,4,-0.105693425613,-0.177905915182,-0.0334809360446,0.0757551299948,-0.169443411737,0.375,0,0,0.875,HIGH_CONTROL_LOW_MODERATE_PROFIT,5,0.00788275400024,-0.0290272048233,0.0129246012342,0.25,-0.125,-0.125,0.125
ACTIVE_STICKY,validation,HIGH_CONTROL_VERY_HIGH_PROFIT,ALL,ALL,40,5,4,-0.193608908069,-0.281425212451,-0.105792603687,0.0759331681295,-0.261335392969,0.375,0,0,0.875,HIGH_CONTROL_LOW_MODERATE_PROFIT,5,-0.00942557544422,-0.0288491666887,-0.0338616434424,0.25,-0.125,-0.125,0.125
ACTIVE_STICKY,validation,HIGH_CONTROL_VERY_HIGH_PROFIT,ALL,ALL,60,5,4,-0.244780764164,-0.309833856651,-0.179727671677,0.0759331681295,-0.295185564708,0.375,0,0,1,HIGH_CONTROL_LOW_MODERATE_PROFIT,5,-0.0694361329854,-0.0288491666887,-0.0540686127344,0.25,-0.125,-0.125,0.125
ACTIVE_STICKY,validation,HIGH_CONTROL_VERY_HIGH_PROFIT,ALL,ALL,120,5,4,-0.207295664273,-0.371775814204,-0.0428155143416,0.113633493008,-0.351978686749,0.625,0,0,1,HIGH_CONTROL_LOW_MODERATE_PROFIT,5,-0.12983506805,-0.00186312752443,-0.103282747175,0.375,-0.125,-0.125,0.125
ACTIVE_STICKY,validation,HIGH_CONTROL_VERY_HIGH_PROFIT,BROADLY_WEAK,ALL,5,1,1,-0.0981963152191,NA,NA,-0.00178046137173,-0.100828301595,0,0,0,1,HIGH_CONTROL_LOW_MODERATE_PROFIT,1,0.0422211420864,-0.0378335923015,0.0452817553313,0,0,0,0
ACTIVE_STICKY,validation,HIGH_CONTROL_VERY_HIGH_PROFIT,BROADLY_WEAK,ALL,10,1,1,-0.0846106208391,NA,NA,-0.00178046137173,-0.157106363214,0,0,0,1,HIGH_CONTROL_LOW_MODERATE_PROFIT,1,0.196224293772,-0.0378335923015,0.123728551397,0,0,0,0
ACTIVE_STICKY,validation,HIGH_CONTROL_VERY_HIGH_PROFIT,BROADLY_WEAK,ALL,20,1,1,-0.160357640502,NA,NA,-0.00178046137173,-0.193992878155,0,0,0,1,HIGH_CONTROL_LOW_MODERATE_PROFIT,1,0.13186247335,-0.0378335923015,0.115305034559,0,0,0,0
ACTIVE_STICKY,validation,HIGH_CONTROL_VERY_HIGH_PROFIT,BROADLY_WEAK,ALL,40,1,1,-0.180639417867,NA,NA,-0.00178046137173,-0.239588171544,0,0,0,1,HIGH_CONTROL_LOW_MODERATE_PROFIT,1,0.0337818345054,-0.0378335923015,0.079197407204,0,0,0,0
ACTIVE_STICKY,validation,HIGH_CONTROL_VERY_HIGH_PROFIT,BROADLY_WEAK,ALL,60,1,1,-0.169569592816,NA,NA,-0.00178046137173,-0.239588171544,0,0,0,1,HIGH_CONTROL_LOW_MODERATE_PROFIT,1,0.101777655761,-0.0378335923015,0.079197407204,0,0,0,0
ACTIVE_STICKY,validation,HIGH_CONTROL_VERY_HIGH_PROFIT,BROADLY_WEAK,ALL,120,1,1,-0.138837281313,NA,NA,0.141817618826,-0.239588171544,1,0,0,1,HIGH_CONTROL_LOW_MODERATE_PROFIT,1,0.0395308401292,0.105764487897,0.0981727392724,1,0,0,0
ACTIVE_STICKY,validation,HIGH_CONTROL_VERY_HIGH_PROFIT,STRONG,ALL,5,4,3,-0.0161984275253,-0.0448000403252,0.0124031852747,0.0775249767839,-0.0751756095402,0.333333333333,0,0,0,HIGH_CONTROL_LOW_MODERATE_PROFIT,4,-0.0340598897485,-0.0337766690909,-0.0276968186093,0.166666666667,-0.166666666667,-0.166666666667,0
ACTIVE_STICKY,validation,HIGH_CONTROL_VERY_HIGH_PROFIT,STRONG,ALL,10,4,3,-0.0814272794063,-0.180032613973,0.0171780551608,0.0921049599373,-0.145641570812,0.5,0,0,0.833333333333,HIGH_CONTROL_LOW_MODERATE_PROFIT,4,-0.116796997509,-0.0191966859375,-0.0899297490993,0.333333333333,-0.166666666667,-0.166666666667,0.833333333333
ACTIVE_STICKY,validation,HIGH_CONTROL_VERY_HIGH_PROFIT,STRONG,ALL,20,4,3,-0.0874720206502,-0.176231889497,0.00128784819659,0.101600327117,-0.161260256264,0.5,0,0,0.833333333333,HIGH_CONTROL_LOW_MODERATE_PROFIT,4,-0.0334438191165,-0.0260917423305,-0.0212022098741,0.333333333333,-0.166666666667,-0.166666666667,0.166666666667
ACTIVE_STICKY,validation,HIGH_CONTROL_VERY_HIGH_PROFIT,STRONG,ALL,40,4,3,-0.197932071469,-0.321543598466,-0.0743205444724,0.101837711297,-0.268584466778,0.5,0,0,0.833333333333,HIGH_CONTROL_LOW_MODERATE_PROFIT,4,-0.0238280454274,-0.025854358151,-0.0715479936579,0.333333333333,-0.166666666667,-0.166666666667,0.166666666667
ACTIVE_STICKY,validation,HIGH_CONTROL_VERY_HIGH_PROFIT,STRONG,ALL,60,4,3,-0.269851154613,-0.330139880097,-0.209562429129,0.101837711297,-0.313718029096,0.5,0,0,1,HIGH_CONTROL_LOW_MODERATE_PROFIT,4,-0.126507395901,-0.025854358151,-0.0984906193805,0.333333333333,-0.166666666667,-0.166666666667,0.166666666667
ACTIVE_STICKY,validation,HIGH_CONTROL_VERY_HIGH_PROFIT,STRONG,ALL,120,4,3,-0.230115125259,-0.453960124337,-0.00627012618202,0.104238784402,-0.389442191818,0.5,0,0,1,HIGH_CONTROL_LOW_MODERATE_PROFIT,4,-0.186290370776,-0.0377389993315,-0.17043457599,0.166666666667,-0.166666666667,-0.166666666667,0.166666666667
ACTIVE_STICKY,validation,HIGH_CONTROL_VERY_HIGH_PROFIT,ALL,LOW,5,1,1,0.0290144727774,NA,NA,0.0337698139214,-0.0902366184241,0,0,0,0,HIGH_CONTROL_LOW_MODERATE_PROFIT,1,-0.232179557073,-0.319961529362,-0.0812813945435,-1,-1,-1,0
ACTIVE_STICKY,validation,HIGH_CONTROL_VERY_HIGH_PROFIT,ALL,LOW,10,1,1,0.118906501263,NA,NA,0.121249712842,-0.0902366184241,1,0,0,0,HIGH_CONTROL_LOW_MODERATE_PROFIT,1,-0.0676606629156,-0.232481630442,-0.0812813945435,0,-1,-1,0
ACTIVE_STICKY,validation,HIGH_CONTROL_VERY_HIGH_PROFIT,ALL,LOW,20,1,1,0.0581208362049,NA,NA,0.17822191592,-0.0902366184241,1,0,0,0,HIGH_CONTROL_LOW_MODERATE_PROFIT,1,0.00438949292133,-0.175509427364,-0.0812813945435,0,-1,-1,0
ACTIVE_STICKY,validation,HIGH_CONTROL_VERY_HIGH_PROFIT,ALL,LOW,40,1,1,0.028692855502,NA,NA,0.179646220997,-0.0902366184241,1,0,0,0,HIGH_CONTROL_LOW_MODERATE_PROFIT,1,-0.0444414728563,-0.174085122287,-0.0812813945435,0,-1,-1,0
ACTIVE_STICKY,validation,HIGH_CONTROL_VERY_HIGH_PROFIT,ALL,LOW,60,1,1,-0.152354697909,NA,NA,0.179646220997,-0.202848610154,1,0,0,1,HIGH_CONTROL_LOW_MODERATE_PROFIT,1,-0.210563653133,-0.174085122287,-0.193893386273,0,-1,-1,1
ACTIVE_STICKY,validation,HIGH_CONTROL_VERY_HIGH_PROFIT,ALL,LOW,120,1,1,-0.00427291523088,NA,NA,0.179646220997,-0.268297725706,1,0,0,1,HIGH_CONTROL_LOW_MODERATE_PROFIT,1,-0.0281535122458,-0.174085122287,-0.238446979438,0,-1,-1,1
ACTIVE_STICKY,validation,HIGH_CONTROL_VERY_HIGH_PROFIT,ALL,MODERATE,5,1,1,-0.0257746478873,NA,NA,0.033199195171,-0.0500804828974,0,0,0,0,HIGH_CONTROL_LOW_MODERATE_PROFIT,1,-0.00434607645875,0.00641348088531,-0.0161519114688,0,0,0,0
ACTIVE_STICKY,validation,HIGH_CONTROL_VERY_HIGH_PROFIT,ALL,MODERATE,10,1,1,-0.0895171026157,NA,NA,0.033199195171,-0.117464788732,0,0,0,1,HIGH_CONTROL_LOW_MODERATE_PROFIT,1,-0.0466599597586,0.00641348088531,-0.0496076458753,0,0,0,1
ACTIVE_STICKY,validation,HIGH_CONTROL_VERY_HIGH_PROFIT,ALL,MODERATE,20,1,1,-0.0685311871227,NA,NA,0.033199195171,-0.128772635815,0,0,0,1,HIGH_CONTROL_LOW_MODERATE_PROFIT,1,-0.0685311871227,0.00641348088531,-0.0609154929577,0,0,0,1
ACTIVE_STICKY,validation,HIGH_CONTROL_VERY_HIGH_PROFIT,ALL,MODERATE,40,1,1,-0.264185110664,NA,NA,0.033199195171,-0.301810865191,0,0,0,1,HIGH_CONTROL_LOW_MODERATE_PROFIT,1,-0.17847082495,0.00641348088531,-0.212525150905,0,0,0,1
ACTIVE_STICKY,validation,HIGH_CONTROL_VERY_HIGH_PROFIT,ALL,MODERATE,60,1,1,-0.266398390342,NA,NA,0.033199195171,-0.359134808853,0,0,0,1,HIGH_CONTROL_LOW_MODERATE_PROFIT,1,-0.173541247485,0.00641348088531,-0.250206237425,0,0,0,0
ACTIVE_STICKY,validation,HIGH_CONTROL_VERY_HIGH_PROFIT,ALL,MODERATE,120,1,1,-0.0540442655936,NA,NA,0.0476056338028,-0.359134808853,0,0,0,1,HIGH_CONTROL_LOW_MODERATE_PROFIT,1,0.054884305835,-0.0648943661972,-0.248420523139,-1,0,0,0
ACTIVE_STICKY,validation,HIGH_CONTROL_VERY_HIGH_PROFIT,ALL,HIGH,5,3,3,-0.0494705034133,-0.102322352731,0.00338134590458,0.0657699881446,-0.0853988598515,0.333333333333,0,0,0.333333333333,HIGH_CONTROL_LOW_MODERATE_PROFIT,3,0.0194347632024,0.00587014155474,0.00363598416988,0.333333333333,0,0,0
ACTIVE_STICKY,validation,HIGH_CONTROL_VERY_HIGH_PROFIT,ALL,HIGH,10,3,3,-0.114529052794,-0.155870617119,-0.0731874884694,0.0657699881446,-0.163393457357,0.333333333333,0,0,1,HIGH_CONTROL_LOW_MODERATE_PROFIT,3,-0.0323354624724,0.00587014155474,-0.0268720585639,0.333333333333,0,0,0.666666666667
ACTIVE_STICKY,validation,HIGH_CONTROL_VERY_HIGH_PROFIT,ALL,HIGH,20,3,3,-0.139189508998,-0.18171987644,-0.0966591415555,0.0657699881446,-0.189423006609,0.333333333333,0,0,1,HIGH_CONTROL_LOW_MODERATE_PROFIT,3,0.0212006210339,-0.010520282018,0.0409322828957,0.333333333333,0,0,0
ACTIVE_STICKY,validation,HIGH_CONTROL_VERY_HIGH_PROFIT,ALL,HIGH,40,3,3,-0.218896501564,-0.321416203259,-0.116376799869,0.0657699881446,-0.283105943356,0.333333333333,0,0,1,HIGH_CONTROL_LOW_MODERATE_PROFIT,3,0.0245846157087,-0.010520282018,0.00381889965157,0.333333333333,0,0,0
ACTIVE_STICKY,validation,HIGH_CONTROL_VERY_HIGH_PROFIT,ALL,HIGH,60,3,3,-0.256582170843,-0.342569064246,-0.170595277441,0.0657699881446,-0.299916849776,0.333333333333,0,0,1,HIGH_CONTROL_LOW_MODERATE_PROFIT,3,-0.0285640272108,-0.010520282018,0.00192512030384,0.333333333333,0,0,0
ACTIVE_STICKY,validation,HIGH_CONTROL_VERY_HIGH_PROFIT,ALL,HIGH,120,3,3,-0.266674688893,-0.431044655996,-0.10230472179,0.113636014877,-0.364732826573,0.666666666667,0,0,1,HIGH_CONTROL_LOW_MODERATE_PROFIT,3,-0.177568556331,0.0373457447147,-0.0565657458033,0.666666666667,0,0,0
ACTIVE_STICKY,validation,LOW_CONTROL,ALL,ALL,5,1022,396,0.0460813829346,0.0416705300948,0.0504922357745,0.0856801704123,-0.0138708259803,0.30281986532,0.0818602693603,0.0176767676768,0.00694444444444,NA,0,NA,NA,NA,NA,NA,NA,NA
ACTIVE_STICKY,validation,LOW_CONTROL,ALL,ALL,10,1022,396,0.066786905144,0.0603166730256,0.0732571372623,0.125743872025,-0.024815253463,0.482954545455,0.184553872054,0.075968013468,0.043771043771,NA,0,NA,NA,NA,NA,NA,NA,NA
ACTIVE_STICKY,validation,LOW_CONTROL,ALL,ALL,20,1022,396,0.0534914801822,0.0448410604879,0.0621418998764,0.160004949237,-0.0343503850023,0.594486531987,0.289141414141,0.118686868687,0.092803030303,NA,0,NA,NA,NA,NA,NA,NA,NA
ACTIVE_STICKY,validation,LOW_CONTROL,ALL,ALL,40,1022,396,0.117378382423,0.101694676826,0.133062088019,0.283124615271,-0.0487675369203,0.805134680135,0.606481481481,0.368897306397,0.170244107744,NA,0,NA,NA,NA,NA,NA,NA,NA
ACTIVE_STICKY,validation,LOW_CONTROL,ALL,ALL,60,1022,396,0.13196336537,0.112955977831,0.150970752908,0.342501495803,-0.058594929607,0.831228956229,0.68728956229,0.472432659933,0.222432659933,NA,0,NA,NA,NA,NA,NA,NA,NA
ACTIVE_STICKY,validation,LOW_CONTROL,ALL,ALL,120,1022,396,0.114127911869,0.0836773530864,0.144578470651,0.426253739286,-0.102610785588,0.860269360269,0.734427609428,0.559343434343,0.338383838384,NA,0,NA,NA,NA,NA,NA,NA,NA
ACTIVE_STICKY,validation,LOW_CONTROL,BROADLY_WEAK,ALL,5,175,175,-0.0169209396397,-0.0232124862315,-0.0106293930479,0.0263422183584,-0.0390741519009,0.0457142857143,0.0114285714286,0,0.0171428571429,NA,0,NA,NA,NA,NA,NA,NA,NA
ACTIVE_STICKY,validation,LOW_CONTROL,BROADLY_WEAK,ALL,10,175,175,-0.0341189518341,-0.0406660495588,-0.0275718541094,0.039798437735,-0.0682627416308,0.0742857142857,0.0171428571429,0,0.194285714286,NA,0,NA,NA,NA,NA,NA,NA,NA
ACTIVE_STICKY,validation,LOW_CONTROL,BROADLY_WEAK,ALL,20,175,175,-0.0752435158479,-0.0838652977655,-0.0666217339303,0.0477053486201,-0.0938022846819,0.102857142857,0.0285714285714,0.00571428571429,0.405714285714,NA,0,NA,NA,NA,NA,NA,NA,NA
ACTIVE_STICKY,validation,LOW_CONTROL,BROADLY_WEAK,ALL,40,175,175,-0.093900740907,-0.107961122178,-0.0798403596357,0.0584005176955,-0.144486775074,0.148571428571,0.04,0.0285714285714,0.708571428571,NA,0,NA,NA,NA,NA,NA,NA,NA
ACTIVE_STICKY,validation,LOW_CONTROL,BROADLY_WEAK,ALL,60,175,175,-0.0471485129789,-0.0655118161942,-0.0287852097635,0.0931354811161,-0.147673108604,0.297142857143,0.12,0.0571428571429,0.714285714286,NA,0,NA,NA,NA,NA,NA,NA,NA
ACTIVE_STICKY,validation,LOW_CONTROL,BROADLY_WEAK,ALL,120,175,175,-0.0811529281112,-0.121162874556,-0.0411429816661,0.171126299894,-0.269136578595,0.417142857143,0.228571428571,0.154285714286,0.897142857143,NA,0,NA,NA,NA,NA,NA,NA,NA
ACTIVE_STICKY,validation,LOW_CONTROL,RECOVERING,ALL,5,358,358,0.0377276444305,0.0325304699844,0.0429248188767,0.0744508387972,-0.00562290141992,0.209497206704,0.0391061452514,0.00837988826816,0,NA,0,NA,NA,NA,NA,NA,NA,NA
ACTIVE_STICKY,validation,LOW_CONTROL,RECOVERING,ALL,10,358,358,0.0289603918077,0.0223377803172,0.0355830032982,0.0892368856748,-0.0182118712457,0.301675977654,0.072625698324,0.0223463687151,0.00558659217877,NA,0,NA,NA,NA,NA,NA,NA,NA
ACTIVE_STICKY,validation,LOW_CONTROL,RECOVERING,ALL,20,358,358,0.0395712864097,0.0298998337637,0.0492427390558,0.121619191451,-0.0270718703173,0.472067039106,0.153631284916,0.0530726256983,0.0474860335196,NA,0,NA,NA,NA,NA,NA,NA,NA
ACTIVE_STICKY,validation,LOW_CONTROL,RECOVERING,ALL,40,358,358,0.153041061763,0.133798096704,0.172284026822,0.314669759337,-0.0320649619893,0.949720670391,0.695530726257,0.393854748603,0.0558659217877,NA,0,NA,NA,NA,NA,NA,NA,NA
ACTIVE_STICKY,validation,LOW_CONTROL,RECOVERING,ALL,60,358,358,0.217544891873,0.195989879578,0.239099904168,0.414523947957,-0.0326736148622,0.972067039106,0.824022346369,0.567039106145,0.0586592178771,NA,0,NA,NA,NA,NA,NA,NA,NA
ACTIVE_STICKY,validation,LOW_CONTROL,RECOVERING,ALL,120,358,358,0.178528007958,0.14882150183,0.208234514086,0.490160171789,-0.0555147833024,0.980446927374,0.86312849162,0.673184357542,0.162011173184,NA,0,NA,NA,NA,NA,NA,NA,NA
ACTIVE_STICKY,validation,LOW_CONTROL,STRONG,ALL,5,489,329,0.0759369845721,0.0686872749887,0.0831866941555,0.11751368169,-0.0135115846836,0.484802431611,0.147416413374,0.0379939209726,0.00607902735562,NA,0,NA,NA,NA,NA,NA,NA,NA
ACTIVE_STICKY,validation,LOW_CONTROL,STRONG,ALL,10,489,329,0.13316111901,0.121438232892,0.144884005127,0.187974452647,-0.0180405800446,0.77811550152,0.343465045593,0.150455927052,0.0182370820669,NA,0,NA,NA,NA,NA,NA,NA,NA
ACTIVE_STICKY,validation,LOW_CONTROL,STRONG,ALL,20,489,329,0.0911590354053,0.0779822079173,0.104335862893,0.223216184586,-0.0254714958787,0.81914893617,0.466565349544,0.209726443769,0.0410334346505,NA,0,NA,NA,NA,NA,NA,NA,NA
ACTIVE_STICKY,validation,LOW_CONTROL,STRONG,ALL,40,489,329,0.123204144229,0.104095849393,0.142312439065,0.302615452172,-0.0396932471671,0.852583586626,0.632218844985,0.378419452888,0.120060790274,NA,0,NA,NA,NA,NA,NA,NA,NA
ACTIVE_STICKY,validation,LOW_CONTROL,STRONG,ALL,60,489,329,0.0734617748003,0.0532938496763,0.0936296999244,0.325600431698,-0.0599518924536,0.854103343465,0.674772036474,0.44376899696,0.227963525836,NA,0,NA,NA,NA,NA,NA,NA,NA
ACTIVE_STICKY,validation,LOW_CONTROL,STRONG,ALL,120,489,329,0.076153261161,0.0384951308742,0.113811391448,0.412449424682,-0.108990549346,0.878419452888,0.717325227964,0.51367781155,0.369300911854,NA,0,NA,NA,NA,NA,NA,NA,NA
ACTIVE_STICKY,validation,LOW_CONTROL,ALL,LOW,5,820,342,0.0524791735533,0.04734474142,0.0576136056865,0.0898488832555,-0.0105341848319,0.31530214425,0.0925925925926,0.0182748538012,0.00146198830409,NA,0,NA,NA,NA,NA,NA,NA,NA
ACTIVE_STICKY,validation,LOW_CONTROL,ALL,LOW,10,820,342,0.0765202752097,0.0685874072303,0.0844531431891,0.131291913108,-0.0193724348738,0.505604288499,0.198830409357,0.0750487329435,0.0192495126706,NA,0,NA,NA,NA,NA,NA,NA,NA
ACTIVE_STICKY,validation,LOW_CONTROL,ALL,LOW,20,820,342,0.0669401042907,0.0561499737645,0.0777302348169,0.168999455991,-0.0271536691172,0.622807017544,0.308966861598,0.127436647173,0.0631091617934,NA,0,NA,NA,NA,NA,NA,NA,NA
ACTIVE_STICKY,validation,LOW_CONTROL,ALL,LOW,40,820,342,0.13921509678,0.120330134753,0.158100058807,0.301543226695,-0.0379104844676,0.849415204678,0.64522417154,0.388157894737,0.12134502924,NA,0,NA,NA,NA,NA,NA,NA,NA
ACTIVE_STICKY,validation,LOW_CONTROL,ALL,LOW,60,820,342,0.156373702342,0.135235491273,0.17751191341,0.366093755105,-0.0443032100197,0.869639376218,0.73343079922,0.506335282651,0.160087719298,NA,0,NA,NA,NA,NA,NA,NA,NA
ACTIVE_STICKY,validation,LOW_CONTROL,ALL,LOW,120,820,342,0.14309642399,0.110200639626,0.175992208354,0.449040945683,-0.0839397073558,0.888888888889,0.771198830409,0.588693957115,0.26193957115,NA,0,NA,NA,NA,NA,NA,NA,NA
ACTIVE_STICKY,validation,LOW_CONTROL,ALL,MODERATE,5,185,124,0.0202761546878,0.00867473230652,0.031877577069,0.0650970048799,-0.0265768042584,0.210349462366,0.0497311827957,0.0221774193548,0.0161290322581,NA,0,NA,NA,NA,NA,NA,NA,NA
ACTIVE_STICKY,validation,LOW_CONTROL,ALL,MODERATE,10,185,124,0.0285748633218,0.0127989844786,0.044350742165,0.100762372802,-0.0452999329375,0.362231182796,0.137096774194,0.0725806451613,0.108198924731,NA,0,NA,NA,NA,NA,NA,NA,NA
ACTIVE_STICKY,validation,LOW_CONTROL,ALL,MODERATE,20,185,124,0.00352433636877,-0.0133667691142,0.0204154418518,0.123804177197,-0.0601181052436,0.445564516129,0.229166666667,0.0887096774194,0.218413978495,NA,0,NA,NA,NA,NA,NA,NA,NA
ACTIVE_STICKY,validation,LOW_CONTROL,ALL,MODERATE,40,185,124,0.0251970136841,-0.00532879409252,0.0557228214607,0.206831670751,-0.0890560617048,0.596102150538,0.412634408602,0.246639784946,0.369623655914,NA,0,NA,NA,NA,NA,NA,NA,NA
ACTIVE_STICKY,validation,LOW_CONTROL,ALL,MODERATE,60,185,124,0.0279509741959,-0.0069605623808,0.0628625107726,0.249113408344,-0.109644469111,0.668682795699,0.471102150538,0.293682795699,0.461693548387,NA,0,NA,NA,NA,NA,NA,NA,NA
ACTIVE_STICKY,validation,LOW_CONTROL,ALL,MODERATE,120,185,124,-0.0238367845067,-0.0680930675711,0.0204194985577,0.320658720982,-0.174508758595,0.753360215054,0.577956989247,0.39314516129,0.631048387097,NA,0,NA,NA,NA,NA,NA,NA,NA
ACTIVE_STICKY,validation,LOW_CONTROL,ALL,HIGH,5,17,12,0.0255683990352,-0.0487694353222,0.0999062333925,0.158858575006,-0.0601373489923,0.583333333333,0.166666666667,0.166666666667,0.208333333333,NA,0,NA,NA,NA,NA,NA,NA,NA
ACTIVE_STICKY,validation,LOW_CONTROL,ALL,HIGH,10,17,12,0.0271214179431,-0.0776430558264,0.131885891713,0.190826601052,-0.0941206149428,0.625,0.208333333333,0.208333333333,0.458333333333,NA,0,NA,NA,NA,NA,NA,NA,NA
ACTIVE_STICKY,validation,LOW_CONTROL,ALL,HIGH,20,17,12,-0.0661713317254,-0.154565208461,0.0222225450099,0.22464449375,-0.134745298487,0.625,0.333333333333,0.25,0.541666666667,NA,0,NA,NA,NA,NA,NA,NA,NA
ACTIVE_STICKY,validation,LOW_CONTROL,ALL,HIGH,40,17,12,-0.117004012558,-0.218770215595,-0.0152378095211,0.243466473174,-0.195077316667,0.625,0.375,0.291666666667,0.645833333333,NA,0,NA,NA,NA,NA,NA,NA,NA
ACTIVE_STICKY,validation,LOW_CONTROL,ALL,HIGH,60,17,12,-0.187213948362,-0.287543447203,-0.086884449521,0.246249264991,-0.238613229186,0.625,0.375,0.291666666667,0.833333333333,NA,0,NA,NA,NA,NA,NA,NA,NA
ACTIVE_STICKY,validation,LOW_CONTROL,ALL,HIGH,120,17,12,-0.193643495893,-0.322022129378,-0.065264862408,0.295816365395,-0.317072497371,0.75,0.375,0.375,1,NA,0,NA,NA,NA,NA,NA,NA,NA
ACTIVE_STICKY,validation,MODERATE_CONTROL,ALL,ALL,5,513,309,0.0218389140939,0.0144526368662,0.0292251913216,0.0792067599106,-0.0295331352484,0.266181229773,0.0774002157497,0.0288565264293,0.0369471413161,NA,0,NA,NA,NA,NA,NA,NA,NA
ACTIVE_STICKY,validation,MODERATE_CONTROL,ALL,ALL,10,513,309,0.0266373343297,0.0162536695639,0.0370209990955,0.111691980301,-0.050320230331,0.405070118662,0.15668824164,0.0658036677454,0.158036677454,NA,0,NA,NA,NA,NA,NA,NA,NA
ACTIVE_STICKY,validation,MODERATE_CONTROL,ALL,ALL,20,513,309,0.000881694800664,-0.0113470102685,0.0131103998698,0.138281428602,-0.0717562197315,0.496494066882,0.234088457389,0.107065803668,0.295846817691,NA,0,NA,NA,NA,NA,NA,NA,NA
ACTIVE_STICKY,validation,MODERATE_CONTROL,ALL,ALL,40,512,308,0.00270812140905,-0.0143156298501,0.0197318726682,0.199890929285,-0.100532764387,0.612824675325,0.400432900433,0.220508658009,0.454816017316,NA,0,NA,NA,NA,NA,NA,NA,NA
ACTIVE_STICKY,validation,MODERATE_CONTROL,ALL,ALL,60,512,308,0.00745984593168,-0.0129040589253,0.0278237507887,0.229709253912,-0.11778772092,0.658279220779,0.452380952381,0.271915584416,0.524891774892,NA,0,NA,NA,NA,NA,NA,NA,NA
ACTIVE_STICKY,validation,MODERATE_CONTROL,ALL,ALL,120,512,308,-5.29651843532e-05,-0.0342738018842,0.0341678715155,0.319436798485,-0.179592308005,0.739448051948,0.546536796537,0.374729437229,0.668831168831,NA,0,NA,NA,NA,NA,NA,NA,NA
ACTIVE_STICKY,validation,MODERATE_CONTROL,BROADLY_WEAK,ALL,5,166,166,-0.0252837081194,-0.0321823068205,-0.0183851094184,0.0337218343909,-0.0469239862808,0.0602409638554,0,0,0.0542168674699,NA,0,NA,NA,NA,NA,NA,NA,NA
ACTIVE_STICKY,validation,MODERATE_CONTROL,BROADLY_WEAK,ALL,10,166,166,-0.0356504133692,-0.0452473988655,-0.026053427873,0.0471556934112,-0.0763558262342,0.132530120482,0.0180722891566,0,0.28313253012,NA,0,NA,NA,NA,NA,NA,NA,NA
ACTIVE_STICKY,validation,MODERATE_CONTROL,BROADLY_WEAK,ALL,20,166,166,-0.0782655271525,-0.0898125705409,-0.0667184837641,0.0581663982208,-0.106331594922,0.168674698795,0.0542168674699,0.0120481927711,0.518072289157,NA,0,NA,NA,NA,NA,NA,NA,NA
ACTIVE_STICKY,validation,MODERATE_CONTROL,BROADLY_WEAK,ALL,40,166,166,-0.0803874753678,-0.09894130809,-0.0618336426455,0.0789776541948,-0.148213934497,0.246987951807,0.0903614457831,0.0361445783133,0.746987951807,NA,0,NA,NA,NA,NA,NA,NA,NA
ACTIVE_STICKY,validation,MODERATE_CONTROL,BROADLY_WEAK,ALL,60,166,166,-0.0330606055498,-0.0570555559596,-0.00906565514006,0.119157460442,-0.155227516347,0.361445783133,0.198795180723,0.0843373493976,0.765060240964,NA,0,NA,NA,NA,NA,NA,NA,NA
ACTIVE_STICKY,validation,MODERATE_CONTROL,BROADLY_WEAK,ALL,120,166,166,-0.0476530501718,-0.0931587966196,-0.00214730372397,0.213620347052,-0.245792693051,0.493975903614,0.307228915663,0.192771084337,0.909638554217,NA,0,NA,NA,NA,NA,NA,NA,NA
ACTIVE_STICKY,validation,MODERATE_CONTROL,RECOVERING,ALL,5,72,72,0.0221410365612,0.0066430866792,0.0376389864433,0.0794320983243,-0.0228633773203,0.277777777778,0.0555555555556,0.0138888888889,0.0277777777778,NA,0,NA,NA,NA,NA,NA,NA,NA
ACTIVE_STICKY,validation,MODERATE_CONTROL,RECOVERING,ALL,10,72,72,0.0112768251857,-0.0145536290212,0.0371072793927,0.0953423979575,-0.044390903742,0.375,0.0555555555556,0.0138888888889,0.0972222222222,NA,0,NA,NA,NA,NA,NA,NA,NA
ACTIVE_STICKY,validation,MODERATE_CONTROL,RECOVERING,ALL,20,72,72,0.0165586227434,-0.0201316229337,0.0532488684205,0.129803368569,-0.0601644835177,0.486111111111,0.180555555556,0.0416666666667,0.166666666667,NA,0,NA,NA,NA,NA,NA,NA,NA
ACTIVE_STICKY,validation,MODERATE_CONTROL,RECOVERING,ALL,40,71,71,0.150189704644,0.0974579255665,0.202921483721,0.312323750559,-0.0564732774271,0.859154929577,0.704225352113,0.408450704225,0.169014084507,NA,0,NA,NA,NA,NA,NA,NA,NA
ACTIVE_STICKY,validation,MODERATE_CONTROL,RECOVERING,ALL,60,71,71,0.182919020785,0.125413635004,0.240424406565,0.386064558233,-0.0583855999707,0.901408450704,0.732394366197,0.521126760563,0.211267605634,NA,0,NA,NA,NA,NA,NA,NA,NA
ACTIVE_STICKY,validation,MODERATE_CONTROL,RECOVERING,ALL,120,71,71,0.145855391351,0.0708806888237,0.220830093878,0.446584031915,-0.0958519087824,0.915492957746,0.760563380282,0.605633802817,0.366197183099,NA,0,NA,NA,NA,NA,NA,NA,NA
ACTIVE_STICKY,validation,MODERATE_CONTROL,STRONG,ALL,5,275,235,0.0467803952712,0.0373381638555,0.0562226266869,0.102533159619,-0.0213583386752,0.378723404255,0.117021276596,0.0425531914894,0.0255319148936,NA,0,NA,NA,NA,NA,NA,NA,NA
ACTIVE_STICKY,validation,MODERATE_CONTROL,STRONG,ALL,10,275,235,0.0679989009707,0.0546398780524,0.0813579238891,0.151756067689,-0.0356534449685,0.576595744681,0.26170212766,0.114893617021,0.0893617021277,NA,0,NA,NA,NA,NA,NA,NA,NA
ACTIVE_STICKY,validation,MODERATE_CONTROL,STRONG,ALL,20,275,235,0.0462691955279,0.0316116168299,0.0609267742259,0.187945689333,-0.0525886029995,0.682978723404,0.36170212766,0.187234042553,0.193617021277,NA,0,NA,NA,NA,NA,NA,NA,NA
ACTIVE_STICKY,validation,MODERATE_CONTROL,STRONG,ALL,40,275,235,0.0143123330617,-0.00597537276983,0.0346000388931,0.241447430798,-0.0838516364012,0.757446808511,0.506382978723,0.276595744681,0.359574468085,NA,0,NA,NA,NA,NA,NA,NA,NA
ACTIVE_STICKY,validation,MODERATE_CONTROL,STRONG,ALL,60,275,235,-0.0186489565893,-0.0425590720882,0.00526115890958,0.254336655064,-0.112525324107,0.76170212766,0.534042553191,0.317021276596,0.478723404255,NA,0,NA,NA,NA,NA,NA,NA,NA
ACTIVE_STICKY,validation,MODERATE_CONTROL,STRONG,ALL,120,275,235,-0.0286188473123,-0.0659729135628,0.00873521893825,0.328642024524,-0.166815006217,0.829787234043,0.612765957447,0.397872340426,0.627659574468,NA,0,NA,NA,NA,NA,NA,NA,NA
ACTIVE_STICKY,validation,MODERATE_CONTROL,ALL,LOW,5,74,60,0.0285794399274,0.00817218531251,0.0489866945424,0.0844890398684,-0.0279252602753,0.280555555556,0.105555555556,0.0333333333333,0.05,NA,0,NA,NA,NA,NA,NA,NA,NA
ACTIVE_STICKY,validation,MODERATE_CONTROL,ALL,LOW,10,74,60,0.0482351767065,0.00904838489017,0.0874219685229,0.123206021945,-0.0505214096071,0.397222222222,0.138888888889,0.108333333333,0.147222222222,NA,0,NA,NA,NA,NA,NA,NA,NA
ACTIVE_STICKY,validation,MODERATE_CONTROL,ALL,LOW,20,74,60,0.0216865564042,-0.0195780140983,0.0629511269068,0.150050144523,-0.0675171167404,0.480555555556,0.255555555556,0.133333333333,0.197222222222,NA,0,NA,NA,NA,NA,NA,NA,NA
ACTIVE_STICKY,validation,MODERATE_CONTROL,ALL,LOW,40,73,59,0.0580404379976,0.016715380042,0.0993654959531,0.220811225652,-0.0712108563962,0.675141242938,0.488700564972,0.220338983051,0.30790960452,NA,0,NA,NA,NA,NA,NA,NA,NA
ACTIVE_STICKY,validation,MODERATE_CONTROL,ALL,LOW,60,73,59,0.0603739754013,0.0209822896173,0.0997656611853,0.2429626632,-0.0782569922276,0.785310734463,0.54802259887,0.245762711864,0.358757062147,NA,0,NA,NA,NA,NA,NA,NA,NA
ACTIVE_STICKY,validation,MODERATE_CONTROL,ALL,LOW,120,73,59,0.0415031577965,-0.0166959809102,0.0997022965033,0.308198943036,-0.13168420356,0.810734463277,0.666666666667,0.406779661017,0.525423728814,NA,0,NA,NA,NA,NA,NA,NA,NA
ACTIVE_STICKY,validation,MODERATE_CONTROL,ALL,MODERATE,5,324,229,0.0151215221694,0.00760552234327,0.0226375219956,0.0663486691443,-0.0291264464263,0.225618631732,0.0382096069869,0.0131004366812,0.028384279476,NA,0,NA,NA,NA,NA,NA,NA,NA
ACTIVE_STICKY,validation,MODERATE_CONTROL,ALL,MODERATE,10,324,229,0.0276963408791,0.0158947473915,0.0394979343666,0.100279661467,-0.0464979154214,0.393740902475,0.13500727802,0.0414847161572,0.125181950509,NA,0,NA,NA,NA,NA,NA,NA,NA
ACTIVE_STICKY,validation,MODERATE_CONTROL,ALL,MODERATE,20,324,229,0.00700922772285,-0.00764269333818,0.0216611487839,0.130171401157,-0.0651596483689,0.474526928675,0.210698689956,0.0938864628821,0.268558951965,NA,0,NA,NA,NA,NA,NA,NA,NA
ACTIVE_STICKY,validation,MODERATE_CONTROL,ALL,MODERATE,40,324,229,0.0156356550884,-0.00706169182921,0.0383330020061,0.200635256996,-0.093594805625,0.577874818049,0.385735080058,0.224526928675,0.436317321689,NA,0,NA,NA,NA,NA,NA,NA,NA
ACTIVE_STICKY,validation,MODERATE_CONTROL,ALL,MODERATE,60,324,229,0.0225071730614,-0.00415297011314,0.0491673162359,0.235146522307,-0.110817565913,0.625181950509,0.435225618632,0.284206695779,0.519650655022,NA,0,NA,NA,NA,NA,NA,NA,NA
ACTIVE_STICKY,validation,MODERATE_CONTROL,ALL,MODERATE,120,324,229,0.0158105029019,-0.0274487844939,0.0590697902977,0.329405777985,-0.174622326744,0.712518195051,0.511644832606,0.37154294032,0.669577874818,NA,0,NA,NA,NA,NA,NA,NA,NA
ACTIVE_STICKY,validation,MODERATE_CONTROL,ALL,HIGH,5,115,92,0.0320963610977,0.0111864770306,0.0530062451649,0.109985832072,-0.0357465156639,0.38768115942,0.179347826087,0.0760869565217,0.054347826087,NA,0,NA,NA,NA,NA,NA,NA,NA
ACTIVE_STICKY,validation,MODERATE_CONTROL,ALL,HIGH,10,115,92,0.0104705734362,-0.0122873873919,0.0332285342642,0.138899964976,-0.065215794568,0.44384057971,0.242753623188,0.139492753623,0.286231884058,NA,0,NA,NA,NA,NA,NA,NA,NA
ACTIVE_STICKY,validation,MODERATE_CONTROL,ALL,HIGH,20,115,92,-0.0304900537854,-0.0540006135849,-0.00697949398587,0.157400979057,-0.0988876246122,0.539855072464,0.313405797101,0.166666666667,0.471014492754,NA,0,NA,NA,NA,NA,NA,NA,NA
ACTIVE_STICKY,validation,MODERATE_CONTROL,ALL,HIGH,40,115,92,-0.0705385546648,-0.100751779816,-0.0403253295132,0.185402527272,-0.148090692297,0.608695652174,0.369565217391,0.215579710145,0.641304347826,NA,0,NA,NA,NA,NA,NA,NA,NA
ACTIVE_STICKY,validation,MODERATE_CONTROL,ALL,HIGH,60,115,92,-0.0782650823179,-0.116105969341,-0.0404241952953,0.205787324196,-0.176071363283,0.617753623188,0.425724637681,0.248188405797,0.711956521739,NA,0,NA,NA,NA,NA,NA,NA,NA
ACTIVE_STICKY,validation,MODERATE_CONTROL,ALL,HIGH,120,115,92,-0.0928034880095,-0.147083775531,-0.0385232004878,0.273198296554,-0.238830607039,0.724637681159,0.518115942029,0.326086956522,0.820652173913,NA,0,NA,NA,NA,NA,NA,NA,NA
DISPOSITION,discovery,HIGH_CONTROL_HIGH_PROFIT,ALL,ALL,5,2,2,-0.028920634272,-0.176028240029,0.118186971485,0.0959566475085,-0.0666589800547,0.5,0,0,0.5,HIGH_CONTROL_LOW_MODERATE_PROFIT,2,0.0403876341568,0.0945815785155,0.0366580504862,0.5,0,0,0
DISPOSITION,discovery,HIGH_CONTROL_HIGH_PROFIT,ALL,ALL,10,2,2,-0.0563725418653,-0.233588781828,0.120843698097,0.0959566475085,-0.0850076039079,0.5,0,0,0.5,HIGH_CONTROL_LOW_MODERATE_PROFIT,2,0.0371244837695,0.0867690785155,0.0420736851881,0.5,0,0,-0.5
DISPOSITION,discovery,HIGH_CONTROL_HIGH_PROFIT,ALL,ALL,20,2,2,-0.142053454062,-0.558919203978,0.274812295855,0.116001190938,-0.205802710942,1,0,0,0.5,HIGH_CONTROL_LOW_MODERATE_PROFIT,2,0.0515677589886,0.106813621945,0.0361739770874,1,0,0,-0.5
DISPOSITION,discovery,HIGH_CONTROL_HIGH_PROFIT,ALL,ALL,40,2,2,-0.198650269858,-0.384708584973,-0.0125919547443,0.116001190938,-0.258936659398,1,0,0,1,HIGH_CONTROL_LOW_MODERATE_PROFIT,2,-0.0954223552871,0.106813621945,-0.0169599713695,1,0,0,0
DISPOSITION,discovery,HIGH_CONTROL_HIGH_PROFIT,ALL,ALL,60,2,2,-0.184025274359,-0.53660790787,0.168557359153,0.116001190938,-0.278760334358,1,0,0,1,HIGH_CONTROL_LOW_MODERATE_PROFIT,2,-0.166704196228,0.026168460655,-0.0367836463289,0.5,0,0,0
DISPOSITION,discovery,HIGH_CONTROL_HIGH_PROFIT,ALL,ALL,120,2,2,-0.130656835587,-0.240196349151,-0.0211173220233,0.221791836818,-0.278760334358,1,0.5,0.5,1,HIGH_CONTROL_LOW_MODERATE_PROFIT,2,-0.10769941194,-0.00967395798137,0.0240528555722,0.5,0,0,0
DISPOSITION,discovery,HIGH_CONTROL_HIGH_PROFIT,BROADLY_WEAK,ALL,5,1,1,0.0461342666242,NA,NA,0.0909958638244,-0.0232262169901,0,0,0,0,HIGH_CONTROL_LOW_MODERATE_PROFIT,1,0.118210879527,0.0844434444695,0.0997576539776,0,0,0,-1
DISPOSITION,discovery,HIGH_CONTROL_HIGH_PROFIT,BROADLY_WEAK,ALL,10,1,1,0.0340439070951,NA,NA,0.0909958638244,-0.0232262169901,0,0,0,0,HIGH_CONTROL_LOW_MODERATE_PROFIT,1,0.112672939353,0.0688184444695,0.0997576539776,0,0,0,-1
DISPOSITION,discovery,HIGH_CONTROL_HIGH_PROFIT,BROADLY_WEAK,ALL,20,1,1,0.0706331530385,NA,NA,0.131084950684,-0.0232262169901,1,0,0,0,HIGH_CONTROL_LOW_MODERATE_PROFIT,1,0.193617024006,0.108907531329,0.120422976558,1,0,0,-1
DISPOSITION,discovery,HIGH_CONTROL_HIGH_PROFIT,BROADLY_WEAK,ALL,40,1,1,-0.103722558066,NA,NA,0.131084950684,-0.129494113904,1,0,0,1,HIGH_CONTROL_LOW_MODERATE_PROFIT,1,-0.0588636870978,0.108907531329,0.0141550796445,1,0,0,0
DISPOSITION,discovery,HIGH_CONTROL_HIGH_PROFIT,BROADLY_WEAK,ALL,60,1,1,-0.00413617562838,NA,NA,0.131084950684,-0.166083359847,1,0,0,1,HIGH_CONTROL_LOW_MODERATE_PROFIT,1,-0.163410369177,-0.0523827912514,-0.0224341662989,0,0,0,0
DISPOSITION,discovery,HIGH_CONTROL_HIGH_PROFIT,BROADLY_WEAK,ALL,120,1,1,-0.0747693286669,NA,NA,0.342666242444,-0.166083359847,1,1,1,1,HIGH_CONTROL_LOW_MODERATE_PROFIT,1,-0.319729006086,-0.124067628524,-0.0224341662989,0,0,0,0
DISPOSITION,discovery,HIGH_CONTROL_HIGH_PROFIT,STRONG,ALL,5,1,1,-0.103975535168,NA,NA,0.100917431193,-0.110091743119,1,0,0,1,HIGH_CONTROL_LOW_MODERATE_PROFIT,1,-0.0374356112138,0.104719712561,-0.0264415530052,1,0,0,1
DISPOSITION,discovery,HIGH_CONTROL_HIGH_PROFIT,STRONG,ALL,10,1,1,-0.146788990826,NA,NA,0.100917431193,-0.146788990826,1,0,0,1,HIGH_CONTROL_LOW_MODERATE_PROFIT,1,-0.0384239718143,0.104719712561,-0.0156102836014,1,0,0,0
DISPOSITION,discovery,HIGH_CONTROL_HIGH_PROFIT,STRONG,ALL,20,1,1,-0.354740061162,NA,NA,0.100917431193,-0.388379204893,1,0,0,1,HIGH_CONTROL_LOW_MODERATE_PROFIT,1,-0.090481506029,0.104719712561,-0.0480750223835,1,0,0,0
DISPOSITION,discovery,HIGH_CONTROL_HIGH_PROFIT,STRONG,ALL,40,1,1,-0.293577981651,NA,NA,0.100917431193,-0.388379204893,1,0,0,1,HIGH_CONTROL_LOW_MODERATE_PROFIT,1,-0.131981023476,0.104719712561,-0.0480750223835,1,0,0,0
DISPOSITION,discovery,HIGH_CONTROL_HIGH_PROFIT,STRONG,ALL,60,1,1,-0.363914373089,NA,NA,0.100917431193,-0.391437308869,1,0,0,1,HIGH_CONTROL_LOW_MODERATE_PROFIT,1,-0.169998023279,0.104719712561,-0.051133126359,1,0,0,0
DISPOSITION,discovery,HIGH_CONTROL_HIGH_PROFIT,STRONG,ALL,120,1,1,-0.186544342508,NA,NA,0.100917431193,-0.391437308869,1,0,0,1,HIGH_CONTROL_LOW_MODERATE_PROFIT,1,0.104330182207,0.104719712561,0.0705398774433,1,0,0,0
DISPOSITION,discovery,HIGH_CONTROL_HIGH_PROFIT,ALL,LOW,5,1,1,-0.103975535168,NA,NA,0.100917431193,-0.110091743119,1,0,0,1,HIGH_CONTROL_LOW_MODERATE_PROFIT,1,-0.0374356112138,0.104719712561,-0.0264415530052,1,0,0,1
DISPOSITION,discovery,HIGH_CONTROL_HIGH_PROFIT,ALL,LOW,10,1,1,-0.146788990826,NA,NA,0.100917431193,-0.146788990826,1,0,0,1,HIGH_CONTROL_LOW_MODERATE_PROFIT,1,-0.0384239718143,0.104719712561,-0.0156102836014,1,0,0,0
DISPOSITION,discovery,HIGH_CONTROL_HIGH_PROFIT,ALL,LOW,20,1,1,-0.354740061162,NA,NA,0.100917431193,-0.388379204893,1,0,0,1,HIGH_CONTROL_LOW_MODERATE_PROFIT,1,-0.090481506029,0.104719712561,-0.0480750223835,1,0,0,0
DISPOSITION,discovery,HIGH_CONTROL_HIGH_PROFIT,ALL,LOW,40,1,1,-0.293577981651,NA,NA,0.100917431193,-0.388379204893,1,0,0,1,HIGH_CONTROL_LOW_MODERATE_PROFIT,1,-0.131981023476,0.104719712561,-0.0480750223835,1,0,0,0
DISPOSITION,discovery,HIGH_CONTROL_HIGH_PROFIT,ALL,LOW,60,1,1,-0.363914373089,NA,NA,0.100917431193,-0.391437308869,1,0,0,1,HIGH_CONTROL_LOW_MODERATE_PROFIT,1,-0.169998023279,0.104719712561,-0.051133126359,1,0,0,0
DISPOSITION,discovery,HIGH_CONTROL_HIGH_PROFIT,ALL,LOW,120,1,1,-0.186544342508,NA,NA,0.100917431193,-0.391437308869,1,0,0,1,HIGH_CONTROL_LOW_MODERATE_PROFIT,1,0.104330182207,0.104719712561,0.0705398774433,1,0,0,0
DISPOSITION,discovery,HIGH_CONTROL_HIGH_PROFIT,ALL,HIGH,5,1,1,0.0461342666242,NA,NA,0.0909958638244,-0.0232262169901,0,0,0,0,HIGH_CONTROL_LOW_MODERATE_PROFIT,1,0.118210879527,0.0844434444695,0.0997576539776,0,0,0,-1
DISPOSITION,discovery,HIGH_CONTROL_HIGH_PROFIT,ALL,HIGH,10,1,1,0.0340439070951,NA,NA,0.0909958638244,-0.0232262169901,0,0,0,0,HIGH_CONTROL_LOW_MODERATE_PROFIT,1,0.112672939353,0.0688184444695,0.0997576539776,0,0,0,-1
DISPOSITION,discovery,HIGH_CONTROL_HIGH_PROFIT,ALL,HIGH,20,1,1,0.0706331530385,NA,NA,0.131084950684,-0.0232262169901,1,0,0,0,HIGH_CONTROL_LOW_MODERATE_PROFIT,1,0.193617024006,0.108907531329,0.120422976558,1,0,0,-1
DISPOSITION,discovery,HIGH_CONTROL_HIGH_PROFIT,ALL,HIGH,40,1,1,-0.103722558066,NA,NA,0.131084950684,-0.129494113904,1,0,0,1,HIGH_CONTROL_LOW_MODERATE_PROFIT,1,-0.0588636870978,0.108907531329,0.0141550796445,1,0,0,0
DISPOSITION,discovery,HIGH_CONTROL_HIGH_PROFIT,ALL,HIGH,60,1,1,-0.00413617562838,NA,NA,0.131084950684,-0.166083359847,1,0,0,1,HIGH_CONTROL_LOW_MODERATE_PROFIT,1,-0.163410369177,-0.0523827912514,-0.0224341662989,0,0,0,0
DISPOSITION,discovery,HIGH_CONTROL_HIGH_PROFIT,ALL,HIGH,120,1,1,-0.0747693286669,NA,NA,0.342666242444,-0.166083359847,1,1,1,1,HIGH_CONTROL_LOW_MODERATE_PROFIT,1,-0.319729006086,-0.124067628524,-0.0224341662989,0,0,0,0
DISPOSITION,discovery,HIGH_CONTROL_LOW_MODERATE_PROFIT,ALL,ALL,5,230,122,0.022320512132,0.00655382120643,0.0380872030575,0.0639671694216,-0.0455761684213,0.220765027322,0.0713114754098,0.0437158469945,0.134153005464,LOW_CONTROL,230,0.0271551075029,0.0334701286703,0.0173171671502,0.113661202186,0.0387978142077,0.0437158469945,-0.104234972678
DISPOSITION,discovery,HIGH_CONTROL_LOW_MODERATE_PROFIT,ALL,ALL,10,230,122,0.0156400692666,-0.00174438729247,0.0330245258257,0.090098383283,-0.0563260770504,0.300956284153,0.0733606557377,0.051912568306,0.190027322404,LOW_CONTROL,230,0.0159008149969,0.0288697785279,0.019333599247,0.0443989071038,0.0207650273224,0.0355191256831,-0.0795081967213
DISPOSITION,discovery,HIGH_CONTROL_LOW_MODERATE_PROFIT,ALL,ALL,20,230,122,-0.020554343959,-0.0513749704466,0.0102662825287,0.135307864482,-0.140722029171,0.42131147541,0.181967213115,0.110109289617,0.639344262295,LOW_CONTROL,230,0.0108383481932,0.00987881315014,0.0355157938125,-0.00409836065574,-0.0153005464481,-0.0107923497268,-0.167349726776
DISPOSITION,discovery,HIGH_CONTROL_LOW_MODERATE_PROFIT,ALL,ALL,40,230,122,0.0324326527403,0.0024882471201,0.0623770583604,0.204121119755,-0.15319678274,0.564480874317,0.37131147541,0.223087431694,0.704918032787,LOW_CONTROL,230,0.0493881629593,0.0467448968865,0.0371686208209,0.0698087431694,0.0595628415301,0.0346994535519,-0.135655737705
DISPOSITION,discovery,HIGH_CONTROL_LOW_MODERATE_PROFIT,ALL,ALL,60,229,122,0.00944925500806,-0.0301808176579,0.049079327674,0.258254858542,-0.171699143463,0.639754098361,0.454644808743,0.297267759563,0.733196721311,LOW_CONTROL,230,0.0647700650539,0.0745643031515,0.0294397857463,0.0476775956284,0.0953551912568,0.0468579234973,-0.129508196721
DISPOSITION,discovery,HIGH_CONTROL_LOW_MODERATE_PROFIT,ALL,ALL,120,227,121,0.131482352565,0.0831727482125,0.179791956918,0.374838803242,-0.189477358562,0.74738292011,0.631818181818,0.480991735537,0.763223140496,LOW_CONTROL,230,0.0503116800682,0.0154812992192,0.032355143372,0.0373278236915,0.102754820937,0.0745179063361,-0.106611570248
DISPOSITION,discovery,HIGH_CONTROL_LOW_MODERATE_PROFIT,BROADLY_WEAK,ALL,5,140,81,0.0241569186704,0.00281552328343,0.0454983140575,0.0657471061764,-0.0658285870028,0.295267489712,0.0915637860082,0.0432098765432,0.280864197531,LOW_CONTROL,140,0.0286673939865,0.0432714718653,0.0317770454525,0.146090534979,0.0318930041152,0.0432098765432,-0.212962962963
DISPOSITION,discovery,HIGH_CONTROL_LOW_MODERATE_PROFIT,BROADLY_WEAK,ALL,10,140,81,0.02247809419,-0.00131418704051,0.0462703754204,0.100950647834,-0.0784787254501,0.369341563786,0.0956790123457,0.0555555555556,0.352880658436,LOW_CONTROL,140,0.0239082083434,0.0304015162036,0.0338976077074,0.0853909465021,0.00411522633745,0.0308641975309,-0.198559670782
DISPOSITION,discovery,HIGH_CONTROL_LOW_MODERATE_PROFIT,BROADLY_WEAK,ALL,20,140,81,0.0440738241512,0.00318681691637,0.0849608313861,0.169973880421,-0.0969913312661,0.579218106996,0.240740740741,0.12962962963,0.449588477366,LOW_CONTROL,140,0.022729073231,-0.0227906193836,0.0371262397215,0.0555555555556,-0.145061728395,-0.0956790123457,-0.202674897119
DISPOSITION,discovery,HIGH_CONTROL_LOW_MODERATE_PROFIT,BROADLY_WEAK,ALL,40,140,81,0.0464256381776,0.00636488420478,0.0864863921504,0.243990404932,-0.123259070067,0.710905349794,0.448559670782,0.245884773663,0.592592592593,LOW_CONTROL,140,0.0557267122098,0.0245246478168,0.0403341380136,0.0730452674897,-0.033950617284,-0.0102880658436,-0.121399176955
DISPOSITION,discovery,HIGH_CONTROL_LOW_MODERATE_PROFIT,BROADLY_WEAK,ALL,60,139,81,0.101116393424,0.0524546332769,0.14977815357,0.326692153803,-0.129844886418,0.831275720165,0.588477366255,0.361111111111,0.599794238683,LOW_CONTROL,140,0.0844889886722,0.0660969226979,0.0368869304669,0.0380658436214,0.0360082304527,-0.0102880658436,-0.154320987654
DISPOSITION,discovery,HIGH_CONTROL_LOW_MODERATE_PROFIT,BROADLY_WEAK,ALL,120,138,80,0.191901228873,0.130215757903,0.253586699842,0.493056245403,-0.143512693093,0.909375,0.809375,0.61875,0.641666666667,LOW_CONTROL,140,-0.0390193516106,-0.114048966574,0.0416644965111,-0.0833333333333,-0.0270833333333,-0.0697916666667,-0.121875
DISPOSITION,discovery,HIGH_CONTROL_LOW_MODERATE_PROFIT,STRONG,ALL,5,90,90,0.0110025507949,-0.00170781553721,0.023712917127,0.0475081980098,-0.030986289401,0.1,0.0222222222222,0.0222222222222,0.0222222222222,LOW_CONTROL,90,0.0219348406719,0.0160663435255,0.000960823427867,0.0555555555556,0.0222222222222,0.0222222222222,0.0222222222222
DISPOSITION,discovery,HIGH_CONTROL_LOW_MODERATE_PROFIT,STRONG,ALL,10,90,90,0.00599971898749,-0.0083130517462,0.0203124897212,0.0639204182863,-0.038784818322,0.188888888889,0.0222222222222,0.0222222222222,0.0555555555556,LOW_CONTROL,90,0.0022228171241,0.0161034020439,0.00431791839066,-0.0666666666667,0.0222222222222,0.0222222222222,0.0555555555556
DISPOSITION,discovery,HIGH_CONTROL_LOW_MODERATE_PROFIT,STRONG,ALL,20,90,90,-0.0728427729116,-0.100377694145,-0.0453078516785,0.0958576801299,-0.176116419354,0.255555555556,0.133333333333,0.0777777777778,0.833333333333,LOW_CONTROL,90,0.0166700444591,0.0372913110601,0.0501678688034,-0.0777777777778,0.133333333333,0.0777777777778,-0.155555555556
DISPOSITION,discovery,HIGH_CONTROL_LOW_MODERATE_PROFIT,STRONG,ALL,40,90,90,0.041168848647,0.00443289978486,0.0779047975092,0.172581252915,-0.176446543863,0.466666666667,0.333333333333,0.211111111111,0.833333333333,LOW_CONTROL,90,0.0752521610974,0.084685614451,0.0498377442941,0.122222222222,0.233333333333,0.133333333333,-0.155555555556
DISPOSITION,discovery,HIGH_CONTROL_LOW_MODERATE_PROFIT,STRONG,ALL,60,90,90,-0.0587972384501,-0.100638795369,-0.0169556815314,0.19031729613,-0.20637152644,0.477777777778,0.355555555556,0.233333333333,0.877777777778,LOW_CONTROL,90,0.0917499709195,0.095438467601,0.0435334277064,0.111111111111,0.233333333333,0.144444444444,-0.111111111111
DISPOSITION,discovery,HIGH_CONTROL_LOW_MODERATE_PROFIT,STRONG,ALL,120,89,89,0.113226163096,0.0589794926142,0.167472833578,0.267242034118,-0.227186771277,0.629213483146,0.505617977528,0.348314606742,0.898876404494,LOW_CONTROL,90,0.190470577616,0.156093948265,0.0506424322354,0.213483146067,0.325842696629,0.258426966292,-0.0898876404494
DISPOSITION,discovery,HIGH_CONTROL_LOW_MODERATE_PROFIT,ALL,LOW,5,9,7,0.0325375508324,-0.0195290047156,0.0846041063803,0.053539911383,-0.0640313766142,0.285714285714,0,0,0.357142857143,LOW_CONTROL,9,0.0419953593047,0.030288410592,0.0107481937264,0.214285714286,0,0,0
DISPOSITION,discovery,HIGH_CONTROL_LOW_MODERATE_PROFIT,ALL,LOW,10,9,7,0.0141547719679,-0.0235508785205,0.0518604224563,0.0716072622135,-0.0691988870435,0.285714285714,0,0,0.357142857143,LOW_CONTROL,9,0.0484740415815,0.0267310348653,0.0183323365834,0.214285714286,0,0,-0.142857142857
DISPOSITION,discovery,HIGH_CONTROL_LOW_MODERATE_PROFIT,ALL,LOW,20,9,7,-0.0615542905432,-0.130796123456,0.0076875423695,0.0798831242825,-0.150644901693,0.285714285714,0.142857142857,0,0.928571428571,LOW_CONTROL,9,-0.025830862254,-0.0261963952806,0.0313268381657,0,-0.0714285714286,-0.0714285714286,0
DISPOSITION,discovery,HIGH_CONTROL_LOW_MODERATE_PROFIT,ALL,LOW,40,9,7,0.00641531737334,-0.0630858306892,0.0759164654359,0.132953281657,-0.150644901693,0.5,0.285714285714,0.142857142857,0.928571428571,LOW_CONTROL,9,0.0365664266846,-0.029846771122,0.0427554095942,0.214285714286,0.0714285714286,-0.0714285714286,0
DISPOSITION,discovery,HIGH_CONTROL_LOW_MODERATE_PROFIT,ALL,LOW,60,9,7,0.000346747502502,-0.120571563438,0.121265058443,0.157568188921,-0.152465919956,0.5,0.428571428571,0.142857142857,0.928571428571,LOW_CONTROL,9,0.0720439819798,-0.0555606601507,0.0747439151414,-0.142857142857,0,-0.142857142857,0
DISPOSITION,discovery,HIGH_CONTROL_LOW_MODERATE_PROFIT,ALL,LOW,120,9,7,0.0534574239576,-0.0922606047129,0.199175452628,0.298366572448,-0.183529069853,0.642857142857,0.642857142857,0.357142857143,0.928571428571,LOW_CONTROL,9,-0.0449665267981,-0.064624985703,0.0565379081009,-0.214285714286,-0.0714285714286,-0.0714285714286,0
DISPOSITION,discovery,HIGH_CONTROL_LOW_MODERATE_PROFIT,ALL,MODERATE,5,81,61,0.0180536230333,-0.000655789677498,0.0367630357442,0.057211189517,-0.0408066881416,0.162568306011,0.0382513661202,0.0327868852459,0.121584699454,LOW_CONTROL,81,0.0102258798961,0.013177323547,0.00850753949421,0.0150273224044,-0.00273224043716,0.0327868852459,-0.0327868852459
DISPOSITION,discovery,HIGH_CONTROL_LOW_MODERATE_PROFIT,ALL,MODERATE,10,81,61,0.0095426698668,-0.0150603082179,0.0341456479515,0.0815458042287,-0.0539944190452,0.228142076503,0.0464480874317,0.0327868852459,0.21174863388,LOW_CONTROL,81,0.000266016470302,0.00549928364861,0.010884739876,0.00956284153005,-0.0273224043716,0,0.0245901639344
DISPOSITION,discovery,HIGH_CONTROL_LOW_MODERATE_PROFIT,ALL,MODERATE,20,81,61,-0.032254735433,-0.0715748495396,0.00706537867353,0.11204922312,-0.138688887511,0.342896174863,0.0928961748634,0.0655737704918,0.644808743169,LOW_CONTROL,81,-0.0324379577614,-0.0336963897981,0.0117850136235,-0.0983606557377,-0.113387978142,-0.0792349726776,-0.0136612021858
DISPOSITION,discovery,HIGH_CONTROL_LOW_MODERATE_PROFIT,ALL,MODERATE,40,81,61,0.024603936579,-0.0211042808192,0.0703121539773,0.180731342118,-0.148380365052,0.52868852459,0.289617486339,0.150273224044,0.710382513661,LOW_CONTROL,81,-0.0145010924476,-0.00997477824289,0.00679204566254,-0.0437158469945,-0.113387978142,-0.101092896175,0.0437158469945
DISPOSITION,discovery,HIGH_CONTROL_LOW_MODERATE_PROFIT,ALL,MODERATE,60,81,61,0.0173505944251,-0.0430101010314,0.0777112898817,0.252643577064,-0.163751824506,0.639344262295,0.408469945355,0.266393442623,0.743169398907,LOW_CONTROL,81,0.0111049215319,0.0273343919865,-0.00728435460414,0.00409836065574,-0.0532786885246,-0.0587431693989,0.0355191256831
DISPOSITION,discovery,HIGH_CONTROL_LOW_MODERATE_PROFIT,ALL,MODERATE,120,81,61,0.113546176119,0.0476518924093,0.179440459829,0.355412399143,-0.180456274265,0.72131147541,0.581967213115,0.43306010929,0.775956284153,LOW_CONTROL,81,0.0248898281616,0.0138176474685,-0.0164624883222,-0.0327868852459,-0.0491803278689,-0.0204918032787,0.051912568306
DISPOSITION,discovery,HIGH_CONTROL_LOW_MODERATE_PROFIT,ALL,HIGH,5,140,75,0.0189724033031,-0.00236795637859,0.0403127629848,0.0634351258933,-0.049426221535,0.240666666667,0.0877777777778,0.0444444444444,0.137111111111,LOW_CONTROL,140,0.0284222221146,0.038361001036,0.0216297560798,0.154888888889,0.0553333333333,0.0444444444444,-0.160222222222
DISPOSITION,discovery,HIGH_CONTROL_LOW_MODERATE_PROFIT,ALL,HIGH,10,140,75,0.014330858394,-0.00726712296106,0.0359288397491,0.0902247155405,-0.0606925872215,0.330444444444,0.0877777777778,0.0577777777778,0.191555555556,LOW_CONTROL,140,0.0189521489704,0.0339257588359,0.0244130019154,0.016,0.0442222222222,0.0577777777778,-0.137333333333
DISPOSITION,discovery,HIGH_CONTROL_LOW_MODERATE_PROFIT,ALL,HIGH,20,140,75,-0.00984312578273,-0.0539913049727,0.0343050534072,0.148435758928,-0.13862113942,0.470444444444,0.226888888889,0.133111111111,0.624222222222,LOW_CONTROL,140,0.0381800567244,0.0227117952256,0.0483114149586,0.0211111111111,0.0273333333333,0.00955555555556,-0.245777777778
DISPOSITION,discovery,HIGH_CONTROL_LOW_MODERATE_PROFIT,ALL,HIGH,40,140,75,0.0374742095092,-0.00239059964248,0.0773390186608,0.219075958648,-0.156921717598,0.580666666667,0.405111111111,0.257777777778,0.691777777778,LOW_CONTROL,140,0.095005534327,0.0779684990475,0.0521729576456,0.105777777778,0.146666666667,0.117555555556,-0.235777777778
DISPOSITION,discovery,HIGH_CONTROL_LOW_MODERATE_PROFIT,ALL,HIGH,60,139,75,0.0105545484922,-0.0374439916469,0.0585530886313,0.260775987808,-0.177578909016,0.651111111111,0.470888888889,0.298,0.716666666667,LOW_CONTROL,140,0.11105066079,0.102625053214,0.0513075149812,0.0688888888889,0.180888888889,0.104,-0.213555555556
DISPOSITION,discovery,HIGH_CONTROL_LOW_MODERATE_PROFIT,ALL,HIGH,120,137,74,0.159533572618,0.0962195659933,0.222847579242,0.398855028534,-0.190513089955,0.778153153153,0.693243243243,0.535135135135,0.738513513514,LOW_CONTROL,140,0.0818117569756,0.00468475547799,0.0719098568892,0.0797297297297,0.229279279279,0.146396396396,-0.190765765766
DISPOSITION,discovery,LOW_CONTROL,ALL,ALL,5,1873,467,0.026093482103,0.0232256828724,0.0289612813337,0.0540650640824,-0.0418279862845,0.232762312634,0.036045681656,0.0101356174161,0.171805852962,NA,0,NA,NA,NA,NA,NA,NA,NA
DISPOSITION,discovery,LOW_CONTROL,ALL,ALL,10,1873,467,0.0140887699475,0.010428717405,0.01774882249,0.0821273972722,-0.0546373662727,0.352141327623,0.0903997144897,0.0251962883655,0.203675945753,NA,0,NA,NA,NA,NA,NA,NA,NA
DISPOSITION,discovery,LOW_CONTROL,ALL,ALL,20,1872,467,-0.00832164272581,-0.014350372524,-0.00229291292759,0.119641142144,-0.101031276382,0.464239828694,0.167130620985,0.0672733761599,0.435296216988,NA,0,NA,NA,NA,NA,NA,NA,NA
DISPOSITION,discovery,LOW_CONTROL,ALL,ALL,40,1871,467,0.0235812319181,0.013619999417,0.0335424644191,0.171533677743,-0.113467887075,0.597715917202,0.294825124911,0.14193433262,0.494539614561,NA,0,NA,NA,NA,NA,NA,NA,NA
DISPOSITION,discovery,LOW_CONTROL,ALL,ALL,60,1870,466,0.0440411909096,0.0289324210966,0.0591499607225,0.236205720148,-0.124961145996,0.72135193133,0.425,0.251967095851,0.529506437768,NA,0,NA,NA,NA,NA,NA,NA,NA
DISPOSITION,discovery,LOW_CONTROL,ALL,ALL,120,1867,466,0.140336474456,0.115445111469,0.165227837444,0.420774088031,-0.139990450292,0.873676680973,0.692095851216,0.532689556509,0.560693848355,NA,0,NA,NA,NA,NA,NA,NA,NA
DISPOSITION,discovery,LOW_CONTROL,BROADLY_WEAK,ALL,5,1604,465,0.0259806397807,0.0227792915394,0.0291819880221,0.0536450673269,-0.0466641216607,0.24247311828,0.0387096774194,0.0111111111111,0.201612903226,NA,0,NA,NA,NA,NA,NA,NA,NA
DISPOSITION,discovery,LOW_CONTROL,BROADLY_WEAK,ALL,10,1604,465,0.0138412977181,0.00989649612533,0.017786099311,0.0835248106183,-0.0601342859627,0.36523297491,0.0958781362007,0.0286738351254,0.235663082437,NA,0,NA,NA,NA,NA,NA,NA,NA
DISPOSITION,discovery,LOW_CONTROL,BROADLY_WEAK,ALL,20,1603,465,0.00177847765161,-0.00412528106158,0.00768223636481,0.122588231004,-0.0881981336972,0.481003584229,0.175448028674,0.0715053763441,0.3770609319,NA,0,NA,NA,NA,NA,NA,NA,NA
DISPOSITION,discovery,LOW_CONTROL,BROADLY_WEAK,ALL,40,1602,464,0.0221785554868,0.0116041009845,0.032753009989,0.175236911253,-0.102532418083,0.616199712644,0.304238505747,0.145474137931,0.445761494253,NA,0,NA,NA,NA,NA,NA,NA,NA
DISPOSITION,discovery,LOW_CONTROL,BROADLY_WEAK,ALL,60,1602,464,0.05894863313,0.0429247865607,0.0749724796993,0.244866265199,-0.114914418765,0.745150862069,0.446659482759,0.260775862069,0.483297413793,NA,0,NA,NA,NA,NA,NA,NA,NA
DISPOSITION,discovery,LOW_CONTROL,BROADLY_WEAK,ALL,120,1599,463,0.158790559652,0.1332663278,0.184314791504,0.44470145274,-0.126027665814,0.90316774658,0.732001439885,0.566954643629,0.512059035277,NA,0,NA,NA,NA,NA,NA,NA,NA
DISPOSITION,discovery,LOW_CONTROL,STRONG,ALL,5,269,269,0.0228508510039,0.0175509453224,0.0281507566854,0.0535044823283,-0.0160167034501,0.156133828996,0.0297397769517,0.00743494423792,0.00743494423792,NA,0,NA,NA,NA,NA,NA,NA,NA
DISPOSITION,discovery,LOW_CONTROL,STRONG,ALL,10,269,269,0.0081754744559,0.00203500057106,0.0143159483407,0.0681050858244,-0.0232141160375,0.226765799257,0.0557620817844,0.0111524163569,0.0185873605948,NA,0,NA,NA,NA,NA,NA,NA,NA
DISPOSITION,discovery,LOW_CONTROL,STRONG,ALL,20,269,269,-0.0905110495393,-0.107253550679,-0.0737685483997,0.095320655547,-0.200493416758,0.323420074349,0.10780669145,0.0408921933086,0.903345724907,NA,0,NA,NA,NA,NA,NA,NA,NA
DISPOSITION,discovery,LOW_CONTROL,STRONG,ALL,40,269,269,0.011627257176,-0.0109048429227,0.0341593572747,0.139897608225,-0.200923783615,0.446096654275,0.208178438662,0.115241635688,0.903345724907,NA,0,NA,NA,NA,NA,NA,NA,NA
DISPOSITION,discovery,LOW_CONTROL,STRONG,ALL,60,268,268,-0.0917283680966,-0.112372860763,-0.0710838754306,0.163376302327,-0.212013046391,0.529850746269,0.246268656716,0.160447761194,0.929104477612,NA,0,NA,NA,NA,NA,NA,NA,NA
DISPOSITION,discovery,LOW_CONTROL,STRONG,ALL,120,268,268,-0.00496174771254,-0.0346648407301,0.0247413453051,0.227714416165,-0.246340570941,0.638059701493,0.365671641791,0.246268656716,0.962686567164,NA,0,NA,NA,NA,NA,NA,NA,NA
DISPOSITION,discovery,LOW_CONTROL,ALL,LOW,5,1617,436,0.026160294652,0.0231111539247,0.0292094353793,0.0527745048279,-0.0401655420946,0.230772171254,0.0331039755352,0.0085244648318,0.165863914373,NA,0,NA,NA,NA,NA,NA,NA,NA
DISPOSITION,discovery,LOW_CONTROL,ALL,LOW,10,1617,436,0.0143882775336,0.0106148971809,0.0181616578863,0.0792692306715,-0.0511037630708,0.343348623853,0.0928899082569,0.019877675841,0.184556574924,NA,0,NA,NA,NA,NA,NA,NA,NA
DISPOSITION,discovery,LOW_CONTROL,ALL,LOW,20,1616,436,-0.00240758093846,-0.00961236998936,0.00479720811244,0.11896751008,-0.0950670495362,0.46506116208,0.166590214067,0.0620412844037,0.398088685015,NA,0,NA,NA,NA,NA,NA,NA,NA
DISPOSITION,discovery,LOW_CONTROL,ALL,LOW,40,1615,436,0.0344374657501,0.022215622278,0.0466593092221,0.173726175417,-0.106396547876,0.606345565749,0.302140672783,0.148814984709,0.453937308869,NA,0,NA,NA,NA,NA,NA,NA,NA
DISPOSITION,discovery,LOW_CONTROL,ALL,LOW,60,1614,435,0.0599333256705,0.041222542257,0.0786441090841,0.245090744297,-0.117181367623,0.731149425287,0.443908045977,0.268620689655,0.486666666667,NA,0,NA,NA,NA,NA,NA,NA,NA
DISPOSITION,discovery,LOW_CONTROL,ALL,LOW,120,1611,435,0.152064420893,0.124161961939,0.179966879847,0.434340294664,-0.133430802335,0.878850574713,0.701494252874,0.541111111111,0.527203065134,NA,0,NA,NA,NA,NA,NA,NA,NA
DISPOSITION,discovery,LOW_CONTROL,ALL,MODERATE,5,218,145,0.0322738751742,0.0208911349306,0.0436566154178,0.0652644068947,-0.0441199206225,0.288505747126,0.0402298850575,0.016091954023,0.155172413793,NA,0,NA,NA,NA,NA,NA,NA,NA
DISPOSITION,discovery,LOW_CONTROL,ALL,MODERATE,10,218,145,0.0212672552325,0.00621987331994,0.0363146371451,0.103675593081,-0.0639182270517,0.448275862069,0.112643678161,0.0551724137931,0.251149425287,NA,0,NA,NA,NA,NA,NA,NA,NA
DISPOSITION,discovery,LOW_CONTROL,ALL,MODERATE,20,218,145,-0.0241945120957,-0.04725682708,-0.00113219711133,0.137038666777,-0.128286350601,0.533333333333,0.196551724138,0.102298850575,0.58908045977,NA,0,NA,NA,NA,NA,NA,NA,NA
DISPOSITION,discovery,LOW_CONTROL,ALL,MODERATE,40,218,145,0.0118864867401,-0.0191131399876,0.0428861134677,0.192712700406,-0.141541396629,0.606896551724,0.286781609195,0.170114942529,0.655172413793,NA,0,NA,NA,NA,NA,NA,NA,NA
DISPOSITION,discovery,LOW_CONTROL,ALL,MODERATE,60,218,145,0.0337321271523,-0.0140273164619,0.0814915707664,0.261245994645,-0.152497166941,0.704022988506,0.386206896552,0.254022988506,0.677011494253,NA,0,NA,NA,NA,NA,NA,NA,NA
DISPOSITION,discovery,LOW_CONTROL,ALL,MODERATE,120,218,145,0.106365787188,0.0565559959839,0.156175578392,0.421302665872,-0.167319250221,0.848275862069,0.643103448276,0.522413793103,0.7,NA,0,NA,NA,NA,NA,NA,NA,NA
DISPOSITION,discovery,LOW_CONTROL,ALL,HIGH,5,38,31,0.0493932430441,0.0147505645762,0.084035921512,0.106078951693,-0.0610462915724,0.467741935484,0.258064516129,0.0645161290323,0.290322580645,NA,0,NA,NA,NA,NA,NA,NA,NA
DISPOSITION,discovery,LOW_CONTROL,ALL,HIGH,10,38,31,0.022681683356,-0.012790088617,0.0581534553291,0.155920902289,-0.0870696727229,0.596774193548,0.306451612903,0.145161290323,0.435483870968,NA,0,NA,NA,NA,NA,NA,NA,NA
DISPOSITION,discovery,LOW_CONTROL,ALL,HIGH,20,38,31,-0.0333759202012,-0.0776078849332,0.0108560445309,0.233919946858,-0.158739816913,0.758064516129,0.467741935484,0.306451612903,0.838709677419,NA,0,NA,NA,NA,NA,NA,NA,NA
DISPOSITION,discovery,LOW_CONTROL,ALL,HIGH,40,38,31,-0.0471836063164,-0.10392459883,0.00955738619687,0.2524503524,-0.190912236891,0.790322580645,0.532258064516,0.306451612903,0.854838709677,NA,0,NA,NA,NA,NA,NA,NA,NA
DISPOSITION,discovery,LOW_CONTROL,ALL,HIGH,60,38,31,-0.0430043873899,-0.120636810435,0.0346280356552,0.290616461882,-0.212965740994,0.887096774194,0.661290322581,0.41935483871,0.887096774194,NA,0,NA,NA,NA,NA,NA,NA,NA
DISPOSITION,discovery,LOW_CONTROL,ALL,HIGH,120,38,31,0.12736511197,-0.0174033048824,0.272133528822,0.520625037292,-0.231052490467,0.935483870968,0.838709677419,0.629032258065,0.887096774194,NA,0,NA,NA,NA,NA,NA,NA,NA
DISPOSITION,discovery,MODERATE_CONTROL,ALL,ALL,5,308,216,0.0148347053367,0.00551631835909,0.0241530923143,0.0544145496786,-0.0496195857894,0.228395061728,0.0378086419753,0.0270061728395,0.198302469136,NA,0,NA,NA,NA,NA,NA,NA,NA
DISPOSITION,discovery,MODERATE_CONTROL,ALL,ALL,10,308,216,0.00532753585538,-0.00743301144152,0.0180880831523,0.0818822967416,-0.0640886451609,0.299382716049,0.0929783950617,0.0389660493827,0.258487654321,NA,0,NA,NA,NA,NA,NA,NA,NA
DISPOSITION,discovery,MODERATE_CONTROL,ALL,ALL,20,308,216,-0.020324608266,-0.0508677239624,0.0102185074303,0.140567228958,-0.148631836199,0.429783950617,0.178240740741,0.106095679012,0.702160493827,NA,0,NA,NA,NA,NA,NA,NA,NA
DISPOSITION,discovery,MODERATE_CONTROL,ALL,ALL,40,308,216,0.0242079585385,-0.0100220077678,0.0584379248448,0.189616162433,-0.162144359652,0.49537037037,0.269675925926,0.167438271605,0.73649691358,NA,0,NA,NA,NA,NA,NA,NA,NA
DISPOSITION,discovery,MODERATE_CONTROL,ALL,ALL,60,307,215,-0.00181709066731,-0.0350944030358,0.0314602217012,0.246478809452,-0.167910948644,0.58992248062,0.367441860465,0.237596899225,0.761627906977,NA,0,NA,NA,NA,NA,NA,NA,NA
DISPOSITION,discovery,MODERATE_CONTROL,ALL,ALL,120,307,215,0.12521234824,0.0843146346864,0.166110061794,0.379505494514,-0.183704360533,0.722868217054,0.547674418605,0.412790697674,0.782945736434,NA,0,NA,NA,NA,NA,NA,NA,NA
DISPOSITION,discovery,MODERATE_CONTROL,BROADLY_WEAK,ALL,5,186,140,0.0169063421292,0.000937584050931,0.0328751002075,0.0619370427589,-0.0743559611048,0.325,0.0630952380952,0.0464285714286,0.37619047619,NA,0,NA,NA,NA,NA,NA,NA,NA
DISPOSITION,discovery,MODERATE_CONTROL,BROADLY_WEAK,ALL,10,186,140,0.00861222033339,-0.00610833425991,0.0233327749267,0.0984957794372,-0.0915646217605,0.395238095238,0.140476190476,0.0666666666667,0.447619047619,NA,0,NA,NA,NA,NA,NA,NA,NA
DISPOSITION,discovery,MODERATE_CONTROL,BROADLY_WEAK,ALL,20,186,140,-0.001649713844,-0.0235294979562,0.0202300702682,0.153331623633,-0.115724719006,0.570238095238,0.221428571429,0.140476190476,0.588095238095,NA,0,NA,NA,NA,NA,NA,NA,NA
DISPOSITION,discovery,MODERATE_CONTROL,BROADLY_WEAK,ALL,40,186,140,-0.00210576883573,-0.0309902473421,0.0267787096707,0.19051270812,-0.13840607415,0.636904761905,0.30119047619,0.178571428571,0.658333333333,NA,0,NA,NA,NA,NA,NA,NA,NA
DISPOSITION,discovery,MODERATE_CONTROL,BROADLY_WEAK,ALL,60,185,139,0.0432101732925,-0.000627540257015,0.087047886842,0.275174285549,-0.141687479101,0.754196642686,0.4448441247,0.278177458034,0.68824940048,NA,0,NA,NA,NA,NA,NA,NA,NA
DISPOSITION,discovery,MODERATE_CONTROL,BROADLY_WEAK,ALL,120,185,139,0.142396524837,0.0928899101029,0.191903139571,0.449879229591,-0.15914975695,0.8896882494,0.715827338129,0.521582733813,0.720623501199,NA,0,NA,NA,NA,NA,NA,NA,NA
DISPOSITION,discovery,MODERATE_CONTROL,STRONG,ALL,5,122,122,0.0163981183221,0.00716213341815,0.025634103226,0.0481374023666,-0.0220408652668,0.122950819672,0.00819672131148,0.00819672131148,0.00819672131148,NA,0,NA,NA,NA,NA,NA,NA,NA
DISPOSITION,discovery,MODERATE_CONTROL,STRONG,ALL,10,122,122,0.00852422309462,-0.00899892422986,0.0260473704191,0.0657658079893,-0.0299546848463,0.204918032787,0.0327868852459,0.016393442623,0.0327868852459,NA,0,NA,NA,NA,NA,NA,NA,NA
DISPOSITION,discovery,MODERATE_CONTROL,STRONG,ALL,20,122,122,-0.0266146131083,-0.0809886815986,0.0277594553819,0.13807309109,-0.179056565138,0.327868852459,0.139344262295,0.0819672131148,0.819672131148,NA,0,NA,NA,NA,NA,NA,NA,NA
DISPOSITION,discovery,MODERATE_CONTROL,STRONG,ALL,40,122,122,0.0763859354993,0.0205639073081,0.13220796369,0.211136421324,-0.179458375374,0.418032786885,0.27868852459,0.196721311475,0.819672131148,NA,0,NA,NA,NA,NA,NA,NA,NA
DISPOSITION,discovery,MODERATE_CONTROL,STRONG,ALL,60,122,122,-0.0375635573016,-0.0758954004425,0.000768285839377,0.232235978207,-0.187922436891,0.483606557377,0.33606557377,0.237704918033,0.83606557377,NA,0,NA,NA,NA,NA,NA,NA,NA
DISPOSITION,discovery,MODERATE_CONTROL,STRONG,ALL,120,122,122,0.117251541299,0.0623810244222,0.172122058175,0.317286799755,-0.202467137373,0.598360655738,0.418032786885,0.327868852459,0.852459016393,NA,0,NA,NA,NA,NA,NA,NA,NA
DISPOSITION,discovery,MODERATE_CONTROL,ALL,LOW,5,121,100,0.00842841107268,-0.00487125234728,0.0217280744926,0.0458374535881,-0.0465629386353,0.176666666667,0.0283333333333,0.0233333333333,0.186666666667,NA,0,NA,NA,NA,NA,NA,NA,NA
DISPOSITION,discovery,MODERATE_CONTROL,ALL,LOW,10,121,100,-0.00565561811546,-0.0203020905451,0.00899085431412,0.0686968452783,-0.0589944655659,0.226666666667,0.0716666666667,0.0366666666667,0.236666666667,NA,0,NA,NA,NA,NA,NA,NA,NA
DISPOSITION,discovery,MODERATE_CONTROL,ALL,LOW,20,121,100,-0.0434188800312,-0.0768086319121,-0.0100291281504,0.124834806775,-0.155571388279,0.365,0.156666666667,0.106666666667,0.736666666667,NA,0,NA,NA,NA,NA,NA,NA,NA
DISPOSITION,discovery,MODERATE_CONTROL,ALL,LOW,40,121,100,-0.00349396339023,-0.0376301348463,0.0306422080659,0.154743880392,-0.168813600612,0.441666666667,0.21,0.141666666667,0.753333333333,NA,0,NA,NA,NA,NA,NA,NA,NA
DISPOSITION,discovery,MODERATE_CONTROL,ALL,LOW,60,120,99,-0.027187706498,-0.067769999193,0.013394586197,0.194764738924,-0.169913631002,0.552188552189,0.313131313131,0.203703703704,0.779461279461,NA,0,NA,NA,NA,NA,NA,NA,NA
DISPOSITION,discovery,MODERATE_CONTROL,ALL,LOW,120,120,99,0.0751302288519,0.0141717786988,0.136088679005,0.315837959137,-0.193182736092,0.648148148148,0.454545454545,0.353535353535,0.808080808081,NA,0,NA,NA,NA,NA,NA,NA,NA
DISPOSITION,discovery,MODERATE_CONTROL,ALL,MODERATE,5,138,107,0.017171882315,0.00374322235412,0.0306005422758,0.0542495107899,-0.050172454363,0.236760124611,0.0373831775701,0.0233644859813,0.18691588785,NA,0,NA,NA,NA,NA,NA,NA,NA
DISPOSITION,discovery,MODERATE_CONTROL,ALL,MODERATE,10,138,107,0.0148016838089,-0.00653626952736,0.0361396371451,0.085091428619,-0.0644651239252,0.320872274143,0.0794392523364,0.0373831775701,0.224299065421,NA,0,NA,NA,NA,NA,NA,NA,NA
DISPOSITION,discovery,MODERATE_CONTROL,ALL,MODERATE,20,138,107,0.00807286904038,-0.0491392782598,0.0652850163406,0.15572641086,-0.137330405036,0.451713395639,0.163551401869,0.107476635514,0.651090342679,NA,0,NA,NA,NA,NA,NA,NA,NA
DISPOSITION,discovery,MODERATE_CONTROL,ALL,MODERATE,40,138,107,0.0594882412114,-0.00113678327713,0.1201132657,0.212491627281,-0.147517122789,0.52492211838,0.292834890966,0.177570093458,0.697819314642,NA,0,NA,NA,NA,NA,NA,NA,NA
DISPOSITION,discovery,MODERATE_CONTROL,ALL,MODERATE,60,138,107,0.0294324787656,-0.0210066914523,0.0798716489836,0.275462607536,-0.155832646961,0.615264797508,0.41277258567,0.272585669782,0.721183800623,NA,0,NA,NA,NA,NA,NA,NA,NA
DISPOSITION,discovery,MODERATE_CONTROL,ALL,MODERATE,120,138,107,0.172946440046,0.118839090083,0.227053790009,0.436560694795,-0.164041494991,0.799065420561,0.640186915888,0.456386292835,0.738317757009,NA,0,NA,NA,NA,NA,NA,NA,NA
DISPOSITION,discovery,MODERATE_CONTROL,ALL,HIGH,5,49,40,0.0356204602207,-0.000996651013999,0.0722375714554,0.0864018406185,-0.0520487462991,0.370833333333,0.075,0.05,0.2375,NA,0,NA,NA,NA,NA,NA,NA,NA
DISPOSITION,discovery,MODERATE_CONTROL,ALL,HIGH,10,49,40,0.00690069772822,-0.015231742809,0.0290331382654,0.112620689423,-0.0722985338843,0.445833333333,0.1875,0.05,0.3375,NA,0,NA,NA,NA,NA,NA,NA,NA
DISPOSITION,discovery,MODERATE_CONTROL,ALL,HIGH,20,49,40,-0.00872250621829,-0.0479670272664,0.0305220148298,0.165897289099,-0.136567094032,0.608333333333,0.2875,0.125,0.645833333333,NA,0,NA,NA,NA,NA,NA,NA,NA
DISPOSITION,discovery,MODERATE_CONTROL,ALL,HIGH,40,49,40,0.0217217491487,-0.0392321888436,0.082675687141,0.238469590108,-0.161646526065,0.654166666667,0.425,0.25,0.754166666667,NA,0,NA,NA,NA,NA,NA,NA,NA
DISPOSITION,discovery,MODERATE_CONTROL,ALL,HIGH,60,49,40,0.0197200119415,-0.0659202630974,0.10536028698,0.320295046743,-0.172009432148,0.754166666667,0.525,0.275,0.766666666667,NA,0,NA,NA,NA,NA,NA,NA,NA
DISPOSITION,discovery,MODERATE_CONTROL,ALL,HIGH,120,49,40,0.138524053513,0.0366391071621,0.240408999864,0.439785119997,-0.194446891093,0.879166666667,0.725,0.5125,0.8,NA,0,NA,NA,NA,NA,NA,NA,NA
DISPOSITION,holdout,HIGH_CONTROL_HIGH_PROFIT,ALL,ALL,5,11,8,0.0937794709956,-0.0429498990768,0.230508841068,0.139715349647,-0.0531129819367,0.416666666667,0.125,0.125,0.25,HIGH_CONTROL_LOW_MODERATE_PROFIT,11,0.0559373687646,0.0470232362067,-0.0425208000626,0.0625,0.125,0.125,0.25
DISPOSITION,holdout,HIGH_CONTROL_HIGH_PROFIT,ALL,ALL,10,11,8,0.0993731775082,-0.151761075783,0.350507430799,0.258471595485,-0.0794136049572,0.458333333333,0.25,0.25,0.25,HIGH_CONTROL_LOW_MODERATE_PROFIT,11,0.115985633578,0.150215807709,-0.00927245695062,-0.229166666667,0.25,0.25,-0.229166666667
DISPOSITION,holdout,HIGH_CONTROL_HIGH_PROFIT,ALL,ALL,20,11,8,0.0613110173534,-0.116908116315,0.239530151021,0.272804532493,-0.105290461298,0.5625,0.291666666667,0.25,0.375,HIGH_CONTROL_LOW_MODERATE_PROFIT,11,0.0547786529783,0.105496005917,0.0103235264259,-0.125,0.104166666667,0.125,-0.145833333333
DISPOSITION,holdout,HIGH_CONTROL_HIGH_PROFIT,ALL,ALL,40,11,8,0.033338503071,-0.192570320376,0.259247326518,0.343860831997,-0.167066421416,0.6875,0.6875,0.333333333333,0.5625,HIGH_CONTROL_LOW_MODERATE_PROFIT,11,0.00429481046706,0.101652554607,-0.0348156166828,-0.125,0.375,0.0208333333333,-0.0833333333333
DISPOSITION,holdout,HIGH_CONTROL_HIGH_PROFIT,ALL,ALL,60,11,8,0.0776427558003,-0.102883178624,0.258168690225,0.396868124101,-0.188598131121,0.8125,0.8125,0.375,0.604166666667,HIGH_CONTROL_LOW_MODERATE_PROFIT,11,0.143395244065,0.143778343048,0.0047361800109,0,0.458333333333,0.0208333333333,-0.0416666666667
DISPOSITION,holdout,HIGH_CONTROL_HIGH_PROFIT,ALL,ALL,120,11,8,0.0958136311407,-0.117640011939,0.30926727422,0.481247227045,-0.201968152212,0.8125,0.8125,0.625,0.666666666667,HIGH_CONTROL_LOW_MODERATE_PROFIT,11,0.234998276231,0.224454733644,0.0256207894048,0,0.458333333333,0.270833333333,-0.166666666667
DISPOSITION,holdout,HIGH_CONTROL_HIGH_PROFIT,BROADLY_WEAK,ALL,5,3,3,0.191387453127,-0.140328407975,0.523103314228,0.210659842573,-0.0146474781257,0.333333333333,0.333333333333,0.333333333333,0,HIGH_CONTROL_LOW_MODERATE_PROFIT,3,0.133679300759,0.120070581129,-0.00847254648417,0,0.333333333333,0.333333333333,0
DISPOSITION,holdout,HIGH_CONTROL_HIGH_PROFIT,BROADLY_WEAK,ALL,10,3,3,0.327599000034,-0.320178899709,0.975376899777,0.494717813587,-0.0379808114591,0.666666666667,0.333333333333,0.333333333333,0,HIGH_CONTROL_LOW_MODERATE_PROFIT,3,0.319703789608,0.403057888332,-0.0137048717005,0,0.333333333333,0.333333333333,0
DISPOSITION,holdout,HIGH_CONTROL_HIGH_PROFIT,BROADLY_WEAK,ALL,20,3,3,0.197501097936,-0.265979727282,0.660981923154,0.505210567211,-0.0753312388095,0.666666666667,0.333333333333,0.333333333333,0.333333333333,HIGH_CONTROL_LOW_MODERATE_PROFIT,3,0.0283736993166,0.285555838487,-0.0392799056153,0,0,0,0.333333333333
DISPOSITION,holdout,HIGH_CONTROL_HIGH_PROFIT,BROADLY_WEAK,ALL,40,3,3,0.185713320496,-0.435799040789,0.807225681781,0.547645349819,-0.15268166616,0.666666666667,0.666666666667,0.333333333333,0.333333333333,HIGH_CONTROL_LOW_MODERATE_PROFIT,3,-0.0389380472951,0.14679136589,-0.116630332966,-0.333333333333,0,-0.333333333333,0.333333333333
DISPOSITION,holdout,HIGH_CONTROL_HIGH_PROFIT,BROADLY_WEAK,ALL,60,3,3,0.194848147022,-0.401390997015,0.791087291059,0.63784824837,-0.158579102057,0.666666666667,0.666666666667,0.666666666667,0.333333333333,HIGH_CONTROL_LOW_MODERATE_PROFIT,3,0.00531386648723,0.167767547085,-0.122527768863,-0.333333333333,-0.333333333333,-0.333333333333,0.333333333333
DISPOSITION,holdout,HIGH_CONTROL_HIGH_PROFIT,BROADLY_WEAK,ALL,120,3,3,0.184589034154,-0.309846430689,0.679024498997,0.7503699875,-0.16080132428,0.666666666667,0.666666666667,0.666666666667,0.333333333333,HIGH_CONTROL_LOW_MODERATE_PROFIT,3,0.127030703002,0.250667587428,-0.0783580157928,-0.333333333333,-0.333333333333,-0.333333333333,0
DISPOSITION,holdout,HIGH_CONTROL_HIGH_PROFIT,RECOVERING,ALL,5,2,2,0.0272845846373,0.00111364964054,0.053455519634,0.0569320195836,-0.00708157011239,0,0,0,0,HIGH_CONTROL_LOW_MODERATE_PROFIT,2,0.0197764677542,-0.0196913570398,0.0260353130045,-0.5,0,0,0
DISPOSITION,holdout,HIGH_CONTROL_HIGH_PROFIT,RECOVERING,ALL,10,2,2,0.0259989559867,-0.0793470230782,0.131344935052,0.0615411942959,-0.0238921630888,0,0,0,0,HIGH_CONTROL_LOW_MODERATE_PROFIT,2,0.0236450598828,-0.0150821823275,0.031302642106,-0.5,0,0,-0.5
DISPOSITION,holdout,HIGH_CONTROL_HIGH_PROFIT,RECOVERING,ALL,20,2,2,0.164709494954,0.0438593108664,0.285559679041,0.182414904011,-0.0238921630888,1,0.5,0,0,HIGH_CONTROL_LOW_MODERATE_PROFIT,2,0.291495209239,0.105791527388,0.11941140834,0.5,0.5,0,-1
DISPOSITION,holdout,HIGH_CONTROL_HIGH_PROFIT,RECOVERING,ALL,40,2,2,0.281922403299,-0.0203703200633,0.584215126662,0.343400459377,-0.0238921630888,1,1,0.5,0,HIGH_CONTROL_LOW_MODERATE_PROFIT,2,0.367068507196,0.266777082754,0.160888681067,0.5,1,0.5,-1
DISPOSITION,holdout,HIGH_CONTROL_HIGH_PROFIT,RECOVERING,ALL,60,2,2,0.157474431707,-0.000649259849943,0.315598123263,0.515396087748,-0.0238921630888,1,1,0.5,0,HIGH_CONTROL_LOW_MODERATE_PROFIT,2,0.224114042096,0.438772711125,0.160888681067,0.5,1,0.5,-1
DISPOSITION,holdout,HIGH_CONTROL_HIGH_PROFIT,RECOVERING,ALL,120,2,2,0.216198514019,-0.339571298847,0.771968326885,0.515396087748,-0.0797931417877,1,1,0.5,0.5,HIGH_CONTROL_LOW_MODERATE_PROFIT,2,0.327440397136,0.438772711125,0.147398416654,0.5,1,0.5,-0.5
DISPOSITION,holdout,HIGH_CONTROL_HIGH_PROFIT,STRONG,ALL,5,6,6,0.0508299260163,-0.0378115634963,0.139471415529,0.109181487192,-0.062765450289,0.5,0,0,0.333333333333,HIGH_CONTROL_LOW_MODERATE_PROFIT,6,0.00864520868324,0.00935380695644,-0.056504445665,0.166666666667,0,0,0.333333333333
DISPOSITION,holdout,HIGH_CONTROL_HIGH_PROFIT,STRONG,ALL,10,6,6,-0.0147025841776,-0.0725668633263,0.0431616949711,0.131373070765,-0.0835507541433,0.5,0.166666666667,0.166666666667,0.333333333333,HIGH_CONTROL_LOW_MODERATE_PROFIT,6,0.00643895460354,0.00513704213284,0.00121848129844,-0.333333333333,0.166666666667,0.166666666667,-0.333333333333
DISPOSITION,holdout,HIGH_CONTROL_HIGH_PROFIT,STRONG,ALL,20,6,6,-0.011316795474,-0.0880414397095,0.0654078487615,0.133142355974,-0.106423935956,0.5,0.166666666667,0.166666666667,0.333333333333,HIGH_CONTROL_LOW_MODERATE_PROFIT,6,0.0474269217399,-0.022572839325,0.0346906782341,-0.333333333333,0,0.166666666667,-0.333333333333
DISPOSITION,holdout,HIGH_CONTROL_HIGH_PROFIT,STRONG,ALL,40,6,6,-0.0691459252594,-0.138300495863,8.64534460504e-06,0.230797150141,-0.161996932031,0.666666666667,0.666666666667,0.333333333333,0.666666666667,HIGH_CONTROL_LOW_MODERATE_PROFIT,6,-0.0168531264867,0.0472694548424,-0.00536475807801,-0.166666666667,0.5,0.166666666667,-0.166666666667
DISPOSITION,holdout,HIGH_CONTROL_HIGH_PROFIT,STRONG,ALL,60,6,6,0.04585165628,-0.039536732324,0.131240044884,0.266596672814,-0.206169065756,0.833333333333,0.833333333333,0.333333333333,0.833333333333,HIGH_CONTROL_LOW_MODERATE_PROFIT,6,0.214131217686,0.0830689775154,0.0499921163652,0,0.666666666667,0.166666666667,0
DISPOSITION,holdout,HIGH_CONTROL_HIGH_PROFIT,STRONG,ALL,120,6,6,0.0409413668348,-0.184321472795,0.266204206464,0.360348520218,-0.220966573545,0.833333333333,0.833333333333,0.666666666667,0.833333333333,HIGH_CONTROL_LOW_MODERATE_PROFIT,6,0.271534535322,0.176820824919,0.0672610162469,0,0.666666666667,0.5,-0.166666666667
DISPOSITION,holdout,HIGH_CONTROL_HIGH_PROFIT,ALL,HIGH,5,11,8,0.0937794709956,-0.0429498990768,0.230508841068,0.139715349647,-0.0531129819367,0.416666666667,0.125,0.125,0.25,HIGH_CONTROL_LOW_MODERATE_PROFIT,11,0.0559373687646,0.0470232362067,-0.0425208000626,0.0625,0.125,0.125,0.25
DISPOSITION,holdout,HIGH_CONTROL_HIGH_PROFIT,ALL,HIGH,10,11,8,0.0993731775082,-0.151761075783,0.350507430799,0.258471595485,-0.0794136049572,0.458333333333,0.25,0.25,0.25,HIGH_CONTROL_LOW_MODERATE_PROFIT,11,0.115985633578,0.150215807709,-0.00927245695062,-0.229166666667,0.25,0.25,-0.229166666667
DISPOSITION,holdout,HIGH_CONTROL_HIGH_PROFIT,ALL,HIGH,20,11,8,0.0613110173534,-0.116908116315,0.239530151021,0.272804532493,-0.105290461298,0.5625,0.291666666667,0.25,0.375,HIGH_CONTROL_LOW_MODERATE_PROFIT,11,0.0547786529783,0.105496005917,0.0103235264259,-0.125,0.104166666667,0.125,-0.145833333333
DISPOSITION,holdout,HIGH_CONTROL_HIGH_PROFIT,ALL,HIGH,40,11,8,0.033338503071,-0.192570320376,0.259247326518,0.343860831997,-0.167066421416,0.6875,0.6875,0.333333333333,0.5625,HIGH_CONTROL_LOW_MODERATE_PROFIT,11,0.00429481046706,0.101652554607,-0.0348156166828,-0.125,0.375,0.0208333333333,-0.0833333333333
DISPOSITION,holdout,HIGH_CONTROL_HIGH_PROFIT,ALL,HIGH,60,11,8,0.0776427558003,-0.102883178624,0.258168690225,0.396868124101,-0.188598131121,0.8125,0.8125,0.375,0.604166666667,HIGH_CONTROL_LOW_MODERATE_PROFIT,11,0.143395244065,0.143778343048,0.0047361800109,0,0.458333333333,0.0208333333333,-0.0416666666667
DISPOSITION,holdout,HIGH_CONTROL_HIGH_PROFIT,ALL,HIGH,120,11,8,0.0958136311407,-0.117640011939,0.30926727422,0.481247227045,-0.201968152212,0.8125,0.8125,0.625,0.666666666667,HIGH_CONTROL_LOW_MODERATE_PROFIT,11,0.234998276231,0.224454733644,0.0256207894048,0,0.458333333333,0.270833333333,-0.166666666667
DISPOSITION,holdout,HIGH_CONTROL_LOW_MODERATE_PROFIT,ALL,ALL,5,207,117,0.0221063015673,0.00808870661815,0.0361238965164,0.0771133915592,-0.0325557025885,0.254273504274,0.0683760683761,0.0213675213675,0.0726495726496,LOW_CONTROL,207,-4.66685668455e-05,0.00392921393956,-0.00243532422469,0.0292022792023,-0.0676638176638,0.0156695156695,-0.0235042735043
DISPOSITION,holdout,HIGH_CONTROL_LOW_MODERATE_PROFIT,ALL,ALL,10,207,117,-0.00249872067598,-0.018107060964,0.013109619612,0.0978721036952,-0.0602921325889,0.344017094017,0.133190883191,0.0491452991453,0.245014245014,LOW_CONTROL,207,-0.00517191412035,0.011901637511,0.00347506372657,0.0299145299145,-0.014245014245,0.00997150997151,0.0149572649573
DISPOSITION,holdout,HIGH_CONTROL_LOW_MODERATE_PROFIT,ALL,ALL,20,207,117,0.0108915260998,-0.0150254788347,0.0368085310344,0.137366039728,-0.0887168965484,0.44301994302,0.255698005698,0.123931623932,0.421652421652,LOW_CONTROL,207,0.000541088195342,0.00165424347776,-0.000652588437634,0.0498575498575,0.0277777777778,-0.0448717948718,0.0562678062678
DISPOSITION,holdout,HIGH_CONTROL_LOW_MODERATE_PROFIT,ALL,ALL,40,207,117,0.00966084122631,-0.0254065685594,0.044728251012,0.191661408684,-0.124430584231,0.556267806268,0.334045584046,0.216524216524,0.551994301994,LOW_CONTROL,207,-0.0397051255922,-0.0205160762902,-0.0114324431227,-0.002849002849,-0.0391737891738,0.0042735042735,0.0947293447293
DISPOSITION,holdout,HIGH_CONTROL_LOW_MODERATE_PROFIT,ALL,ALL,60,207,117,0.0235923648939,-0.0197910433677,0.0669757731555,0.236764758451,-0.1547619227,0.598290598291,0.41452991453,0.279914529915,0.64886039886,LOW_CONTROL,207,-0.0871615933652,-0.0429774131978,-0.021088044201,-0.0584045584046,0.0121082621083,0.0128205128205,0.0633903133903
DISPOSITION,holdout,HIGH_CONTROL_LOW_MODERATE_PROFIT,ALL,ALL,120,207,117,0.10161644833,0.0222344296251,0.180998467035,0.386473165531,-0.176938268141,0.671652421652,0.545584045584,0.442307692308,0.725783475783,LOW_CONTROL,207,-0.0828901905155,-0.0803030483925,-0.0171126871916,-0.165954415954,-0.204415954416,-0.031339031339,0.0163817663818
DISPOSITION,holdout,HIGH_CONTROL_LOW_MODERATE_PROFIT,BROADLY_WEAK,ALL,5,88,62,0.0369603829474,0.0180833621555,0.0558374037393,0.0792882422675,-0.0252762493698,0.33064516129,0.0645161290323,0.00806451612903,0.0725806451613,LOW_CONTROL,88,-0.0320746364962,-0.0297637095341,-0.0122424202635,-0.00806451612903,-0.145161290323,-0.00806451612903,0.0725806451613
DISPOSITION,holdout,HIGH_CONTROL_LOW_MODERATE_PROFIT,BROADLY_WEAK,ALL,10,88,62,0.0269823091789,0.00402658299745,0.0499380353603,0.103736315843,-0.0394039863877,0.475806451613,0.129032258065,0.0322580645161,0.112903225806,LOW_CONTROL,88,-0.0310547975077,-0.0224449902934,-0.0128687923772,0.0645161290323,-0.112903225806,-0.0322580645161,0.0967741935484
DISPOSITION,holdout,HIGH_CONTROL_LOW_MODERATE_PROFIT,BROADLY_WEAK,ALL,20,88,62,0.0548444259775,0.0175654472341,0.0921234047209,0.153266003769,-0.0640939350745,0.572580645161,0.314516129032,0.112903225806,0.217741935484,LOW_CONTROL,88,-0.0305037846088,-0.0115107450518,-0.0144467581712,0.0483870967742,0.0564516129032,-0.112903225806,0.0241935483871
DISPOSITION,holdout,HIGH_CONTROL_LOW_MODERATE_PROFIT,BROADLY_WEAK,ALL,40,88,62,0.0632356922189,0.0118836198176,0.11458776462,0.208935836202,-0.0916688580159,0.653225806452,0.395161290323,0.25,0.403225806452,LOW_CONTROL,88,-0.016082549138,0.00279521566018,-0.0267751947442,0.104838709677,0.0564516129032,-0.0483870967742,0.137096774194
DISPOSITION,holdout,HIGH_CONTROL_LOW_MODERATE_PROFIT,BROADLY_WEAK,ALL,60,88,62,0.0763565537544,0.00493232991194,0.147780777597,0.259405824717,-0.119147514933,0.685483870968,0.483870967742,0.33064516129,0.516129032258,LOW_CONTROL,88,-0.127069376097,-0.0823476378774,-0.0349912541364,-0.0806451612903,0.0967741935484,0,0.137096774194
DISPOSITION,holdout,HIGH_CONTROL_LOW_MODERATE_PROFIT,BROADLY_WEAK,ALL,120,88,62,0.126429538061,0.028975658234,0.223883417887,0.408312167807,-0.154501421644,0.741935483871,0.620967741935,0.516129032258,0.604838709677,LOW_CONTROL,88,-0.10060139793,-0.159626628107,-0.0214639633609,-0.0483870967742,-0.0887096774194,-0.112903225806,0.0161290322581
DISPOSITION,holdout,HIGH_CONTROL_LOW_MODERATE_PROFIT,RECOVERING,ALL,5,70,70,6.17933719163e-05,-0.0137373247891,0.0138609115329,0.0516194898361,-0.0321042206957,0.1,0.0142857142857,0,0.0428571428571,LOW_CONTROL,70,0.00668346795714,0.0221435640044,-0.00332710206606,0.0857142857143,0.0142857142857,0,-0.0285714285714
DISPOSITION,holdout,HIGH_CONTROL_LOW_MODERATE_PROFIT,RECOVERING,ALL,10,70,70,-0.0186796981098,-0.0390976541021,0.00173825788255,0.066478101485,-0.0650033593184,0.185714285714,0.0857142857143,0,0.228571428571,LOW_CONTROL,70,0.0373336323779,0.0346793726682,0.016315005033,0.157142857143,0.0857142857143,0,0.0285714285714
DISPOSITION,holdout,HIGH_CONTROL_LOW_MODERATE_PROFIT,RECOVERING,ALL,20,70,70,0.0068046690068,-0.0271638842072,0.0407732222208,0.106379856023,-0.0920121155438,0.285714285714,0.142857142857,0.1,0.457142857143,LOW_CONTROL,70,0.0330656207413,0.0361733019668,0.00845047542572,0.128571428571,0.0714285714286,0.0428571428571,0.157142857143
DISPOSITION,holdout,HIGH_CONTROL_LOW_MODERATE_PROFIT,RECOVERING,ALL,40,70,70,-0.0143322287356,-0.0586545646971,0.0299901072259,0.157955269517,-0.128616144584,0.485714285714,0.271428571429,0.214285714286,0.585714285714,LOW_CONTROL,70,-0.0397477309563,-0.0413724995796,-0.0016785551437,-0.114285714286,-0.142857142857,0.1,0.157142857143
DISPOSITION,holdout,HIGH_CONTROL_LOW_MODERATE_PROFIT,RECOVERING,ALL,60,70,70,0.0245508126107,-0.0279497949654,0.0770514201869,0.226818743344,-0.160829508491,0.571428571429,0.371428571429,0.314285714286,0.685714285714,LOW_CONTROL,70,-0.0361010774456,0.00367862666813,-0.0012802337459,-0.0714285714286,-0.0571428571429,0.128571428571,0.0142857142857
DISPOSITION,holdout,HIGH_CONTROL_LOW_MODERATE_PROFIT,RECOVERING,ALL,120,70,70,0.11050591392,0.00710462439995,0.213907203439,0.368350251754,-0.176701374229,0.614285714286,0.514285714286,0.457142857143,0.742857142857,LOW_CONTROL,70,0.017164827507,0.0210824205171,-0.00922796510415,-0.185714285714,-0.228571428571,0.0571428571429,0.0428571428571
DISPOSITION,holdout,HIGH_CONTROL_LOW_MODERATE_PROFIT,STRONG,ALL,5,49,49,0.0411568729679,0.0166460140777,0.0656677318582,0.101746143526,-0.032102886642,0.367346938776,0.122448979592,0.0408163265306,0.0612244897959,LOW_CONTROL,49,0.0444651002134,0.0169936476686,0.0196298017841,0.0204081632653,-0.0816326530612,0.0408163265306,-0.142857142857
DISPOSITION,holdout,HIGH_CONTROL_LOW_MODERATE_PROFIT,STRONG,ALL,10,49,49,0.0106657613263,-0.0178446690951,0.0391761917476,0.132174850333,-0.0656189636942,0.469387755102,0.204081632653,0.102040816327,0.326530612245,LOW_CONTROL,49,0.00742966240112,0.0260428383405,0.022475255673,-0.0408163265306,0,0.0204081632653,-0.183673469388
DISPOSITION,holdout,HIGH_CONTROL_LOW_MODERATE_PROFIT,STRONG,ALL,20,49,49,-0.00689094105962,-0.0502619870851,0.0364801049658,0.161939807618,-0.0982952946718,0.612244897959,0.34693877551,0.142857142857,0.469387755102,LOW_CONTROL,49,0.0442288902346,-0.00977188308587,0.0169514110247,0.102040816327,0,-0.0612244897959,-0.142857142857
DISPOSITION,holdout,HIGH_CONTROL_LOW_MODERATE_PROFIT,STRONG,ALL,40,49,49,0.0216450647021,-0.0336537757358,0.0769439051399,0.24166474628,-0.141079392855,0.69387755102,0.469387755102,0.265306122449,0.571428571429,LOW_CONTROL,49,-0.0325606341638,-0.00595419890672,0.0115535977409,0.142857142857,0.0612244897959,0.0408163265306,-0.0816326530612
DISPOSITION,holdout,HIGH_CONTROL_LOW_MODERATE_PROFIT,STRONG,ALL,60,49,49,0.00665624174483,-0.0554883084703,0.06880079196,0.267131865482,-0.164634676064,0.69387755102,0.510204081633,0.30612244898,0.632653061224,LOW_CONTROL,49,-0.035219531453,-0.000792270000472,-0.0109639822512,0.122448979592,0.0816326530612,0.0612244897959,-0.0204081632653
DISPOSITION,holdout,HIGH_CONTROL_LOW_MODERATE_PROFIT,STRONG,ALL,120,49,49,0.041765195114,-0.0846940513253,0.168224441553,0.393695744597,-0.194398811514,0.775510204082,0.591836734694,0.408163265306,0.795918367347,LOW_CONTROL,49,-0.181844051382,-0.0762528174667,-0.0197877001622,-0.163265306122,-0.224489795918,0,0
DISPOSITION,holdout,HIGH_CONTROL_LOW_MODERATE_PROFIT,ALL,LOW,5,6,6,0.0288657419557,-0.0355166787836,0.0932481626951,0.0603475468961,-0.0290834180347,0.166666666667,0,0,0,LOW_CONTROL,6,0.0303425698698,0.0111334388645,0.00667889925196,0.166666666667,0,0,0
DISPOSITION,holdout,HIGH_CONTROL_LOW_MODERATE_PROFIT,ALL,LOW,10,6,6,0.0239427489133,-0.0392125641537,0.0870980619803,0.0905346056156,-0.0450934133857,0.5,0,0,0.166666666667,LOW_CONTROL,6,0.0093312492487,0.016833879102,0.00760340309353,0,0,0,0
DISPOSITION,holdout,HIGH_CONTROL_LOW_MODERATE_PROFIT,ALL,LOW,20,6,6,0.0682474880021,-0.0664372255372,0.202932201541,0.174302439793,-0.0631941835454,0.5,0.333333333333,0.333333333333,0.333333333333,LOW_CONTROL,6,0.0786637747859,0.0641781895546,0.0245342728407,-0.166666666667,0.333333333333,0.333333333333,0
DISPOSITION,holdout,HIGH_CONTROL_LOW_MODERATE_PROFIT,ALL,LOW,40,6,6,0.075978446643,-0.147493015724,0.29944990901,0.272548053828,-0.0959629109526,0.5,0.333333333333,0.333333333333,0.5,LOW_CONTROL,6,0.103714004222,0.152106343272,0.0162695644194,-0.166666666667,0.333333333333,0.333333333333,0
DISPOSITION,holdout,HIGH_CONTROL_LOW_MODERATE_PROFIT,ALL,LOW,60,6,6,0.0774335770389,-0.157651558127,0.312518712205,0.282339099523,-0.123940410125,0.5,0.333333333333,0.333333333333,0.666666666667,LOW_CONTROL,6,0.125038324718,0.154754531824,0.019831704453,-0.333333333333,0.333333333333,0.333333333333,-0.166666666667
DISPOSITION,holdout,HIGH_CONTROL_LOW_MODERATE_PROFIT,ALL,LOW,120,6,6,0.573484143434,-0.129179876781,1.27614816365,0.802517208233,-0.133474808824,0.833333333333,0.666666666667,0.666666666667,0.666666666667,LOW_CONTROL,6,0.496765715319,0.577826436304,0.0372981687437,-0.166666666667,0.166666666667,0.5,-0.166666666667
DISPOSITION,holdout,HIGH_CONTROL_LOW_MODERATE_PROFIT,ALL,MODERATE,5,61,43,0.0145683089661,-0.00449750790724,0.0336341258394,0.0636399045215,-0.0292541237563,0.186046511628,0.0348837209302,0.0232558139535,0.0697674418605,LOW_CONTROL,61,-0.00233865011935,-0.00017774120288,-0.00944383084872,-0.0116279069767,-0.0271317829457,0.0232558139535,0.0697674418605
DISPOSITION,holdout,HIGH_CONTROL_LOW_MODERATE_PROFIT,ALL,MODERATE,10,61,43,0.00915082400922,-0.0150233127897,0.0333249608081,0.088273757584,-0.0532703139937,0.325581395349,0.108527131783,0.0232558139535,0.174418604651,LOW_CONTROL,61,0.00803946407142,0.0106031489485,0.00100321375734,0.0813953488372,0.0348837209302,-0.0387596899225,0.0348837209302
DISPOSITION,holdout,HIGH_CONTROL_LOW_MODERATE_PROFIT,ALL,MODERATE,20,61,43,0.0278283737844,-0.0229126469083,0.078569394477,0.141776639615,-0.0831911635708,0.399224806202,0.259689922481,0.158914728682,0.290697674419,LOW_CONTROL,61,0.0103821267555,0.011370603204,0.00583753697471,0.015503875969,0.104651162791,0.015503875969,-0.0891472868217
DISPOSITION,holdout,HIGH_CONTROL_LOW_MODERATE_PROFIT,ALL,MODERATE,40,61,43,0.0146131879523,-0.0474075519449,0.0766339278495,0.185399378531,-0.115058467699,0.457364341085,0.302325581395,0.232558139535,0.406976744186,LOW_CONTROL,61,-0.0317230446838,-0.00542007208301,-0.000311813584217,-0.0658914728682,0.031007751938,0.0658914728682,-0.12015503876
DISPOSITION,holdout,HIGH_CONTROL_LOW_MODERATE_PROFIT,ALL,MODERATE,60,61,43,0.0231825994767,-0.0456153028056,0.0919805017591,0.2217736255,-0.138384062329,0.511627906977,0.37984496124,0.279069767442,0.507751937984,LOW_CONTROL,61,-0.0552432945932,-0.0304761365672,0.00151661482933,-0.0736434108527,0.0426356589147,0.0542635658915,-0.197674418605
DISPOSITION,holdout,HIGH_CONTROL_LOW_MODERATE_PROFIT,ALL,MODERATE,120,61,43,0.107722375778,-0.0163351967585,0.231779948314,0.381396998701,-0.166799459068,0.616279069767,0.492248062016,0.418604651163,0.631782945736,LOW_CONTROL,61,0.0470493144635,0.0438126857718,0.0017345444305,-0.100775193798,-0.0658914728682,0.031007751938,-0.0852713178295
DISPOSITION,holdout,HIGH_CONTROL_LOW_MODERATE_PROFIT,ALL,HIGH,5,140,83,0.0260953367386,0.00885205966274,0.0433386138145,0.0843746820729,-0.0322480883744,0.296184738956,0.078313253012,0.0180722891566,0.074297188755,LOW_CONTROL,140,0.00159381925034,0.00639556974387,0.00282331884371,0.0491967871486,-0.0943775100402,0.0100401606426,-0.0712851405622
DISPOSITION,holdout,HIGH_CONTROL_LOW_MODERATE_PROFIT,ALL,HIGH,10,140,83,-0.00377429600291,-0.0241122777136,0.0165636857078,0.105308992413,-0.0620457848457,0.372489959839,0.159638554217,0.0572289156627,0.270080321285,LOW_CONTROL,140,-0.0033977284303,0.0162629786824,0.00797948798218,0.0582329317269,-0.0251004016064,0.0210843373494,-0.0130522088353
DISPOSITION,holdout,HIGH_CONTROL_LOW_MODERATE_PROFIT,ALL,HIGH,20,140,83,0.0116550714671,-0.0178265866527,0.0411367295869,0.140643372141,-0.0893011931005,0.489959839357,0.274096385542,0.107429718876,0.461847389558,LOW_CONTROL,140,0.00746245371204,0.00644200043571,-0.0011073297948,0.118473895582,0.0180722891566,-0.0692771084337,0.0973895582329
DISPOSITION,holdout,HIGH_CONTROL_LOW_MODERATE_PROFIT,ALL,HIGH,40,140,83,0.0189951321314,-0.0218260799563,0.0598163442191,0.19839276892,-0.123619399259,0.644578313253,0.373493975904,0.222891566265,0.597389558233,LOW_CONTROL,140,-0.0421184846895,-0.0310977629721,-0.0111216163835,0.0793172690763,-0.0813253012048,-0.0251004016064,0.183734939759
DISPOSITION,holdout,HIGH_CONTROL_LOW_MODERATE_PROFIT,ALL,HIGH,60,140,83,0.0414620361584,-0.0135832430074,0.0965073153243,0.257902937052,-0.155744772212,0.675702811245,0.465863453815,0.309236947791,0.679718875502,LOW_CONTROL,140,-0.0898719913204,-0.0431023883304,-0.0256938954619,0.00502008032129,0.00200803212851,0.0120481927711,0.186746987952
DISPOSITION,holdout,HIGH_CONTROL_LOW_MODERATE_PROFIT,ALL,HIGH,120,140,83,0.0929116742395,0.00518552189059,0.180637826588,0.378826967184,-0.175023516684,0.708835341365,0.580321285141,0.458835341365,0.75702811245,LOW_CONTROL,140,-0.15252297106,-0.157532819555,-0.0193830305877,-0.156626506024,-0.267068273092,-0.0763052208835,0.0753012048193
DISPOSITION,holdout,LOW_CONTROL,ALL,ALL,5,1476,446,0.0125231421069,0.00902042406838,0.0160258601454,0.0564793959478,-0.0273392274936,0.148168908819,0.0209267563528,0.00411061285501,0.0592301943199,NA,0,NA,NA,NA,NA,NA,NA,NA
DISPOSITION,holdout,LOW_CONTROL,ALL,ALL,10,1476,446,0.00327695732258,-0.00140076918306,0.00795468382822,0.0754462467295,-0.0476325916506,0.256165919283,0.0528774289985,0.01644245142,0.147608370703,NA,0,NA,NA,NA,NA,NA,NA,NA
DISPOSITION,holdout,LOW_CONTROL,ALL,ALL,20,1475,445,4.98830200918e-05,-0.00782575652638,0.00792552256656,0.106428034041,-0.0756129534964,0.397191011236,0.127715355805,0.0539325842697,0.307303370787,NA,0,NA,NA,NA,NA,NA,NA,NA
DISPOSITION,holdout,LOW_CONTROL,ALL,ALL,40,1474,445,0.0199577106141,0.00730007193742,0.0326153492909,0.164787965497,-0.104921771001,0.567228464419,0.269475655431,0.156179775281,0.448501872659,NA,0,NA,NA,NA,NA,NA,NA,NA
DISPOSITION,holdout,LOW_CONTROL,ALL,ALL,60,1474,445,0.0166737853722,-0.000849322449128,0.0341968931936,0.210642593213,-0.13477595937,0.634831460674,0.357303370787,0.219288389513,0.573782771536,NA,0,NA,NA,NA,NA,NA,NA,NA
DISPOSITION,holdout,LOW_CONTROL,ALL,ALL,120,1471,444,0.0705826532813,0.0395592652264,0.101606041336,0.331222311044,-0.172744395497,0.756944444444,0.504316816817,0.367867867868,0.721659159159,NA,0,NA,NA,NA,NA,NA,NA,NA
DISPOSITION,holdout,LOW_CONTROL,BROADLY_WEAK,ALL,5,782,420,0.0301256692051,0.0265580945912,0.0336932438191,0.0635514312304,-0.0123689843877,0.164285714286,0.0178571428571,0.00357142857143,0.00833333333333,NA,0,NA,NA,NA,NA,NA,NA,NA
DISPOSITION,holdout,LOW_CONTROL,BROADLY_WEAK,ALL,10,782,420,0.0294945688005,0.0245789245003,0.0344102131008,0.0862528128502,-0.0212259378437,0.296428571429,0.0559523809524,0.0154761904762,0.0309523809524,NA,0,NA,NA,NA,NA,NA,NA,NA
DISPOSITION,holdout,LOW_CONTROL,BROADLY_WEAK,ALL,20,782,420,0.0386715943394,0.0307077295307,0.046635459148,0.11913674937,-0.0461746680689,0.457142857143,0.136904761905,0.0547619047619,0.134523809524,NA,0,NA,NA,NA,NA,NA,NA,NA
DISPOSITION,holdout,LOW_CONTROL,BROADLY_WEAK,ALL,40,782,420,0.0438783656204,0.028965420755,0.0587913104859,0.176637799171,-0.0658512434569,0.638095238095,0.282142857143,0.159523809524,0.241666666667,NA,0,NA,NA,NA,NA,NA,NA,NA
DISPOSITION,holdout,LOW_CONTROL,BROADLY_WEAK,ALL,60,782,420,0.00654660750586,-0.0136709316557,0.0267641466674,0.216447271773,-0.107332869513,0.675,0.358333333333,0.211904761905,0.442857142857,NA,0,NA,NA,NA,NA,NA,NA,NA
DISPOSITION,holdout,LOW_CONTROL,BROADLY_WEAK,ALL,120,780,419,0.0597629026826,0.0275022242198,0.0920235811454,0.323876098431,-0.17079081142,0.780429594272,0.490453460621,0.354415274463,0.684964200477,NA,0,NA,NA,NA,NA,NA,NA,NA
DISPOSITION,holdout,LOW_CONTROL,RECOVERING,ALL,5,326,326,0.0116783207717,0.00547561674826,0.0178810247952,0.0491026194215,-0.0197575926681,0.113496932515,0.021472392638,0.00613496932515,0.021472392638,NA,0,NA,NA,NA,NA,NA,NA,NA
DISPOSITION,holdout,LOW_CONTROL,RECOVERING,ALL,10,326,326,-0.0256417508271,-0.0322607035026,-0.0190227981517,0.0594298095167,-0.059436894422,0.168711656442,0.0398773006135,0.0153374233129,0.141104294479,NA,0,NA,NA,NA,NA,NA,NA,NA
DISPOSITION,holdout,LOW_CONTROL,RECOVERING,ALL,20,325,325,-0.0411427725596,-0.0551770090181,-0.0271085361012,0.0834999274716,-0.101002405812,0.261538461538,0.0923076923077,0.0338461538462,0.470769230769,NA,0,NA,NA,NA,NA,NA,NA,NA
DISPOSITION,holdout,LOW_CONTROL,RECOVERING,ALL,40,325,325,-0.0905163147836,-0.108668084886,-0.0723645446808,0.118819368113,-0.159844900864,0.366153846154,0.153846153846,0.08,0.766153846154,NA,0,NA,NA,NA,NA,NA,NA,NA
DISPOSITION,holdout,LOW_CONTROL,RECOVERING,ALL,60,325,325,-0.0525042367655,-0.0715973529833,-0.0334111205478,0.145964095914,-0.205608883165,0.446153846154,0.209230769231,0.129230769231,0.883076923077,NA,0,NA,NA,NA,NA,NA,NA,NA
DISPOSITION,holdout,LOW_CONTROL,RECOVERING,ALL,120,324,324,0.0228490836735,-0.00992026840727,0.0556184357543,0.254579125451,-0.215724860756,0.638888888889,0.391975308642,0.271604938272,0.907407407407,NA,0,NA,NA,NA,NA,NA,NA,NA
DISPOSITION,holdout,LOW_CONTROL,STRONG,ALL,5,368,368,-0.0315686230835,-0.0381819169058,-0.0249553292611,0.0432820101134,-0.0672601736549,0.122282608696,0.0217391304348,0,0.20652173913,NA,0,NA,NA,NA,NA,NA,NA,NA
DISPOSITION,holdout,LOW_CONTROL,STRONG,ALL,10,368,368,-0.0452134883822,-0.0547708688539,-0.0356561079104,0.0564823535095,-0.0998210476548,0.195652173913,0.0407608695652,0.0135869565217,0.432065217391,NA,0,NA,NA,NA,NA,NA,NA,NA
DISPOSITION,holdout,LOW_CONTROL,STRONG,ALL,20,368,368,-0.0810640480365,-0.0943335361208,-0.0677945599521,0.0796088873785,-0.130208135957,0.274456521739,0.0842391304348,0.0516304347826,0.622282608696,NA,0,NA,NA,NA,NA,NA,NA,NA
DISPOSITION,holdout,LOW_CONTROL,STRONG,ALL,40,367,367,0.00524162694421,-0.0130105748985,0.0234938287869,0.137960928089,-0.16496382721,0.433242506812,0.212534059946,0.114441416894,0.760217983651,NA,0,NA,NA,NA,NA,NA,NA,NA
DISPOSITION,holdout,LOW_CONTROL,STRONG,ALL,60,367,367,0.0168265392992,-0.00443358269238,0.0380866612907,0.185295593224,-0.168133247167,0.569482288828,0.318801089918,0.179836512262,0.773841961853,NA,0,NA,NA,NA,NA,NA,NA,NA
DISPOSITION,holdout,LOW_CONTROL,STRONG,ALL,120,367,367,0.0522782281317,0.0138377388416,0.0907187174218,0.316846127554,-0.182509092771,0.705722070845,0.493188010899,0.32970027248,0.811989100817,NA,0,NA,NA,NA,NA,NA,NA,NA
DISPOSITION,holdout,LOW_CONTROL,ALL,LOW,5,1020,349,0.0106453006041,0.00599864701331,0.0152919541949,0.0511608946224,-0.028078995263,0.111031518625,0.011700095511,0.000716332378223,0.0501432664756,NA,0,NA,NA,NA,NA,NA,NA,NA
DISPOSITION,holdout,LOW_CONTROL,ALL,LOW,10,1020,349,0.00499452975332,-0.00114576329505,0.0111348228017,0.0705820194841,-0.0452679155247,0.228987583572,0.0413085004776,0.00978987583572,0.123686723973,NA,0,NA,NA,NA,NA,NA,NA,NA
DISPOSITION,holdout,LOW_CONTROL,ALL,LOW,20,1020,349,-0.00140619241901,-0.010958476393,0.00814609155499,0.102076933233,-0.0726342606589,0.376552053486,0.12488061127,0.043935052531,0.29035339064,NA,0,NA,NA,NA,NA,NA,NA,NA
DISPOSITION,holdout,LOW_CONTROL,ALL,LOW,40,1019,349,0.020955759147,0.00564745153388,0.0362640667601,0.161791763964,-0.101944935941,0.567335243553,0.268147086915,0.141356255969,0.426934097421,NA,0,NA,NA,NA,NA,NA,NA,NA
DISPOSITION,holdout,LOW_CONTROL,ALL,LOW,60,1019,349,0.0168482991648,-0.00332999225098,0.0370265905806,0.203809713532,-0.130645042446,0.633954154728,0.357927411652,0.211318051576,0.549188156638,NA,0,NA,NA,NA,NA,NA,NA,NA
DISPOSITION,holdout,LOW_CONTROL,ALL,LOW,120,1016,348,0.0784706538637,0.0413388311836,0.115602476544,0.332095081499,-0.167880304956,0.753831417625,0.510775862069,0.372365900383,0.704262452107,NA,0,NA,NA,NA,NA,NA,NA,NA
DISPOSITION,holdout,LOW_CONTROL,ALL,MODERATE,5,426,216,0.0121626487429,0.00530368189372,0.0190216155921,0.0637656392433,-0.0261784682699,0.19637345679,0.0208333333333,0.00231481481481,0.0582561728395,NA,0,NA,NA,NA,NA,NA,NA,NA
DISPOSITION,holdout,LOW_CONTROL,ALL,MODERATE,10,426,216,-0.00375868617128,-0.0135910223062,0.00607364996359,0.0828624614629,-0.052048500521,0.312114197531,0.0671296296296,0.025462962963,0.182484567901,NA,0,NA,NA,NA,NA,NA,NA,NA
DISPOSITION,holdout,LOW_CONTROL,ALL,MODERATE,20,426,216,0.000467265879565,-0.0169614197049,0.017895951464,0.113198856952,-0.084566498493,0.423225308642,0.136574074074,0.0659722222222,0.369984567901,NA,0,NA,NA,NA,NA,NA,NA,NA
DISPOSITION,holdout,LOW_CONTROL,ALL,MODERATE,40,426,216,0.0182931768293,-0.00686892965673,0.0434552833153,0.173681290891,-0.110910390275,0.548225308642,0.267361111111,0.179012345679,0.525462962963,NA,0,NA,NA,NA,NA,NA,NA,NA
DISPOSITION,holdout,LOW_CONTROL,ALL,MODERATE,60,426,216,0.0153373489136,-0.0134587675369,0.044133465364,0.223664607339,-0.142727157496,0.621527777778,0.355324074074,0.228780864198,0.631558641975,NA,0,NA,NA,NA,NA,NA,NA,NA
DISPOSITION,holdout,LOW_CONTROL,ALL,MODERATE,120,426,216,0.0442890586078,0.0054626450595,0.0831154721561,0.324372732039,-0.179839787333,0.744984567901,0.506944444444,0.366898148148,0.740354938272,NA,0,NA,NA,NA,NA,NA,NA,NA
DISPOSITION,holdout,LOW_CONTROL,ALL,HIGH,5,28,22,-0.015197650423,-0.0601689225713,0.0297736217254,0.103687821748,-0.0716338482129,0.401515151515,0.19696969697,0.0606060606061,0.416666666667,NA,0,NA,NA,NA,NA,NA,NA,NA
DISPOSITION,holdout,LOW_CONTROL,ALL,HIGH,10,28,22,-0.0477603014671,-0.114159566949,0.0186389640151,0.117685839219,-0.129875814986,0.424242424242,0.242424242424,0.0833333333333,0.598484848485,NA,0,NA,NA,NA,NA,NA,NA,NA
DISPOSITION,holdout,LOW_CONTROL,ALL,HIGH,20,28,22,-0.0426649312216,-0.137129228388,0.0517993659451,0.175096269234,-0.155636401925,0.515151515152,0.287878787879,0.19696969697,0.643939393939,NA,0,NA,NA,NA,NA,NA,NA,NA
DISPOSITION,holdout,LOW_CONTROL,ALL,HIGH,40,28,22,0.0199066558629,-0.109723532215,0.149536843941,0.255620094514,-0.20182113681,0.583333333333,0.401515151515,0.287878787879,0.643939393939,NA,0,NA,NA,NA,NA,NA,NA,NA
DISPOSITION,holdout,LOW_CONTROL,ALL,HIGH,60,28,22,0.0358015554088,-0.103543771753,0.17514688257,0.296966821812,-0.215525095525,0.651515151515,0.401515151515,0.310606060606,0.689393939394,NA,0,NA,NA,NA,NA,NA,NA,NA
DISPOSITION,holdout,LOW_CONTROL,ALL,HIGH,120,28,22,0.216892159739,-0.0329645788558,0.466748898334,0.567711658642,-0.239030413423,0.772727272727,0.636363636364,0.469696969697,0.727272727273,NA,0,NA,NA,NA,NA,NA,NA,NA
DISPOSITION,holdout,MODERATE_CONTROL,ALL,ALL,5,241,169,0.0125618488831,0.00341401025192,0.0217096875144,0.0628238371435,-0.0302319208911,0.194773175542,0.0276134122288,0.00197238658777,0.0443786982249,NA,0,NA,NA,NA,NA,NA,NA,NA
DISPOSITION,holdout,MODERATE_CONTROL,ALL,ALL,10,241,169,-0.00542225528223,-0.0174596994968,0.00661518893233,0.0811720006679,-0.0569809865821,0.289447731755,0.0749506903353,0.0197238658777,0.194280078895,NA,0,NA,NA,NA,NA,NA,NA,NA
DISPOSITION,holdout,MODERATE_CONTROL,ALL,ALL,20,241,169,0.0139990825737,-0.0157677767108,0.0437659418581,0.12958341298,-0.0848227917416,0.41617357002,0.160256410256,0.0818540433925,0.326429980276,NA,0,NA,NA,NA,NA,NA,NA,NA
DISPOSITION,holdout,MODERATE_CONTROL,ALL,ALL,40,241,169,0.0350472969864,0.00229908378228,0.0677955101904,0.208182854168,-0.114406048785,0.588264299803,0.318540433925,0.197238658777,0.491124260355,NA,0,NA,NA,NA,NA,NA,NA,NA
DISPOSITION,holdout,MODERATE_CONTROL,ALL,ALL,60,241,169,0.080025723852,0.0306422897613,0.129409157943,0.28023285488,-0.139761406048,0.668145956607,0.412228796844,0.287968441815,0.619822485207,NA,0,NA,NA,NA,NA,NA,NA,NA
DISPOSITION,holdout,MODERATE_CONTROL,ALL,ALL,120,241,169,0.175112358987,0.0848722073071,0.265352510668,0.459165017777,-0.167538909299,0.786982248521,0.548816568047,0.402859960552,0.732741617357,NA,0,NA,NA,NA,NA,NA,NA,NA
DISPOSITION,holdout,MODERATE_CONTROL,BROADLY_WEAK,ALL,5,93,78,0.0451835895953,0.0330143959068,0.0573527832838,0.0810328579731,-0.0134672667421,0.294871794872,0.0448717948718,0,0,NA,0,NA,NA,NA,NA,NA,NA,NA
DISPOSITION,holdout,MODERATE_CONTROL,BROADLY_WEAK,ALL,10,93,78,0.0337649419773,0.0180361053933,0.0494937785613,0.103888138725,-0.0238888493024,0.423076923077,0.115384615385,0.0128205128205,0.0448717948718,NA,0,NA,NA,NA,NA,NA,NA,NA
DISPOSITION,holdout,MODERATE_CONTROL,BROADLY_WEAK,ALL,20,93,78,0.0594519625469,0.0185373663184,0.100366558775,0.153176422803,-0.0483791123421,0.538461538462,0.230769230769,0.0705128205128,0.128205128205,NA,0,NA,NA,NA,NA,NA,NA,NA
DISPOSITION,holdout,MODERATE_CONTROL,BROADLY_WEAK,ALL,40,93,78,0.0897162676859,0.0414068516347,0.138025683737,0.234599466123,-0.0668001152088,0.724358974359,0.371794871795,0.211538461538,0.198717948718,NA,0,NA,NA,NA,NA,NA,NA,NA
DISPOSITION,holdout,MODERATE_CONTROL,BROADLY_WEAK,ALL,60,93,78,0.12039927065,0.0358359568778,0.204962584422,0.317039700796,-0.0923370998485,0.788461538462,0.50641025641,0.314102564103,0.378205128205,NA,0,NA,NA,NA,NA,NA,NA,NA
DISPOSITION,holdout,MODERATE_CONTROL,BROADLY_WEAK,ALL,120,93,78,0.12907780736,0.0601988986817,0.197956716038,0.419915959432,-0.143516476899,0.903846153846,0.653846153846,0.467948717949,0.589743589744,NA,0,NA,NA,NA,NA,NA,NA,NA
DISPOSITION,holdout,MODERATE_CONTROL,RECOVERING,ALL,5,87,87,0.00624741907128,-0.00300849258323,0.0155033307258,0.0477801781411,-0.0247274651378,0.114942528736,0,0,0.0114942528736,NA,0,NA,NA,NA,NA,NA,NA,NA
DISPOSITION,holdout,MODERATE_CONTROL,RECOVERING,ALL,10,87,87,-0.0149518497593,-0.0307063169168,0.000802617398214,0.0628224297232,-0.0573787166812,0.183908045977,0.0229885057471,0.0114942528736,0.149425287356,NA,0,NA,NA,NA,NA,NA,NA,NA
DISPOSITION,holdout,MODERATE_CONTROL,RECOVERING,ALL,20,87,87,0.0287818748824,-0.0177869121427,0.0753506619075,0.127246504246,-0.0831006120006,0.367816091954,0.16091954023,0.103448275862,0.298850574713,NA,0,NA,NA,NA,NA,NA,NA,NA
DISPOSITION,holdout,MODERATE_CONTROL,RECOVERING,ALL,40,87,87,0.00959478254994,-0.0392268174713,0.0584163825712,0.213274839802,-0.119920719651,0.51724137931,0.344827586207,0.218390804598,0.574712643678,NA,0,NA,NA,NA,NA,NA,NA,NA
DISPOSITION,holdout,MODERATE_CONTROL,RECOVERING,ALL,60,87,87,0.0456597153659,-0.00894885439501,0.100268285127,0.270921887456,-0.159473244917,0.597701149425,0.402298850575,0.298850574713,0.770114942529,NA,0,NA,NA,NA,NA,NA,NA,NA
DISPOSITION,holdout,MODERATE_CONTROL,RECOVERING,ALL,120,87,87,0.212329776032,0.0588924039608,0.365767148103,0.460704606272,-0.171016192267,0.735632183908,0.574712643678,0.448275862069,0.804597701149,NA,0,NA,NA,NA,NA,NA,NA,NA
DISPOSITION,holdout,MODERATE_CONTROL,STRONG,ALL,5,61,61,-0.013642316988,-0.0337891153963,0.00650448142024,0.0617654826693,-0.0572552118223,0.180327868852,0.0491803278689,0.016393442623,0.131147540984,NA,0,NA,NA,NA,NA,NA,NA,NA
DISPOSITION,holdout,MODERATE_CONTROL,STRONG,ALL,10,61,61,-0.0269833499319,-0.052276277694,-0.00169042216983,0.0875078697274,-0.0905543830952,0.295081967213,0.114754098361,0.0491803278689,0.393442622951,NA,0,NA,NA,NA,NA,NA,NA,NA
DISPOSITION,holdout,MODERATE_CONTROL,STRONG,ALL,20,61,61,-0.0492524077159,-0.0847306668737,-0.0137741485581,0.113590677992,-0.118908467354,0.409836065574,0.147540983607,0.0819672131148,0.524590163934,NA,0,NA,NA,NA,NA,NA,NA,NA
DISPOSITION,holdout,MODERATE_CONTROL,STRONG,ALL,40,61,61,0.0174561328393,-0.023404821588,0.0583170872665,0.174806703282,-0.152910617366,0.590163934426,0.295081967213,0.196721311475,0.688524590164,NA,0,NA,NA,NA,NA,NA,NA,NA
DISPOSITION,holdout,MODERATE_CONTROL,STRONG,ALL,60,61,61,0.079723848417,0.0152210958409,0.144226600993,0.2438105669,-0.155034675576,0.688524590164,0.426229508197,0.295081967213,0.688524590164,NA,0,NA,NA,NA,NA,NA,NA,NA
DISPOSITION,holdout,MODERATE_CONTROL,STRONG,ALL,120,61,61,0.144631112143,0.00707528779729,0.282186936489,0.466814355508,-0.178896686296,0.770491803279,0.508196721311,0.377049180328,0.803278688525,NA,0,NA,NA,NA,NA,NA,NA,NA
DISPOSITION,holdout,MODERATE_CONTROL,ALL,LOW,5,41,33,0.00718471836407,-0.0113925185619,0.02576195529,0.0548966397497,-0.0255591861761,0.136363636364,0,0,0.0606060606061,NA,0,NA,NA,NA,NA,NA,NA,NA
DISPOSITION,holdout,MODERATE_CONTROL,ALL,LOW,10,41,33,-0.00473153278259,-0.024448169789,0.0149851042238,0.0682305829134,-0.0435609025814,0.176767676768,0.030303030303,0,0.106060606061,NA,0,NA,NA,NA,NA,NA,NA,NA
DISPOSITION,holdout,MODERATE_CONTROL,ALL,LOW,20,41,33,-0.0208281160093,-0.0532244343915,0.011568202373,0.0831264029058,-0.0827377369241,0.267676767677,0.0858585858586,0.0151515151515,0.287878787879,NA,0,NA,NA,NA,NA,NA,NA,NA
DISPOSITION,holdout,MODERATE_CONTROL,ALL,LOW,40,41,33,0.00120017111507,-0.0547039468778,0.0571042891079,0.146365041575,-0.122203613854,0.429292929293,0.247474747475,0.20202020202,0.484848484848,NA,0,NA,NA,NA,NA,NA,NA,NA
DISPOSITION,holdout,MODERATE_CONTROL,ALL,LOW,60,41,33,0.0926227431484,-0.0189572692364,0.204202755533,0.268233298149,-0.143453268793,0.575757575758,0.363636363636,0.277777777778,0.555555555556,NA,0,NA,NA,NA,NA,NA,NA,NA
DISPOSITION,holdout,MODERATE_CONTROL,ALL,LOW,120,41,33,0.321616272255,0.0334789780389,0.609753566472,0.618297581259,-0.167168437287,0.772727272727,0.545454545455,0.368686868687,0.69696969697,NA,0,NA,NA,NA,NA,NA,NA,NA
DISPOSITION,holdout,MODERATE_CONTROL,ALL,MODERATE,5,143,106,0.0166615350882,0.00570860983088,0.0276144603455,0.0607177036137,-0.0269958156122,0.173742138365,0.0283018867925,0,0.0235849056604,NA,0,NA,NA,NA,NA,NA,NA,NA
DISPOSITION,holdout,MODERATE_CONTROL,ALL,MODERATE,10,143,106,0.00286094398698,-0.0128128749853,0.0185347629592,0.0818955275835,-0.0505701000667,0.304245283019,0.0833333333333,0.0188679245283,0.147798742138,NA,0,NA,NA,NA,NA,NA,NA,NA
DISPOSITION,holdout,MODERATE_CONTROL,ALL,MODERATE,20,143,106,0.0312607160847,-0.00704343930482,0.0695648714742,0.140212961168,-0.0760899811993,0.451257861635,0.191037735849,0.116352201258,0.264150943396,NA,0,NA,NA,NA,NA,NA,NA,NA
DISPOSITION,holdout,MODERATE_CONTROL,ALL,MODERATE,40,143,106,0.0627862465341,0.0166058191696,0.108966673899,0.231480422177,-0.0995997637511,0.628144654088,0.366352201258,0.224842767296,0.429245283019,NA,0,NA,NA,NA,NA,NA,NA,NA
DISPOSITION,holdout,MODERATE_CONTROL,ALL,MODERATE,60,143,106,0.107266381194,0.0387734563704,0.175759306018,0.293390022344,-0.122951576456,0.706761006289,0.449685534591,0.311320754717,0.576257861635,NA,0,NA,NA,NA,NA,NA,NA,NA
DISPOSITION,holdout,MODERATE_CONTROL,ALL,MODERATE,120,143,106,0.141372118196,0.0375188667337,0.245225369659,0.433078026178,-0.152242645493,0.781446540881,0.562106918239,0.450471698113,0.699685534591,NA,0,NA,NA,NA,NA,NA,NA,NA
DISPOSITION,holdout,MODERATE_CONTROL,ALL,HIGH,5,57,44,0.0085548819871,-0.013780829473,0.0308905934472,0.0748355182744,-0.0400165515373,0.30303030303,0.0416666666667,0.00757575757576,0.0795454545455,NA,0,NA,NA,NA,NA,NA,NA,NA
DISPOSITION,holdout,MODERATE_CONTROL,ALL,HIGH,10,57,44,-0.0220517296635,-0.0508677252455,0.00676426591847,0.0917529421681,-0.0795721470061,0.348484848485,0.094696969697,0.030303030303,0.348484848485,NA,0,NA,NA,NA,NA,NA,NA,NA
DISPOSITION,holdout,MODERATE_CONTROL,ALL,HIGH,20,57,44,0.00882441826778,-0.0684648350232,0.0861136715587,0.148998369799,-0.104912794968,0.492424242424,0.166666666667,0.0606060606061,0.484848484848,NA,0,NA,NA,NA,NA,NA,NA,NA
DISPOSITION,holdout,MODERATE_CONTROL,ALL,HIGH,40,57,44,0.0166037279908,-0.0393715181869,0.0725789741686,0.212686023368,-0.136663047123,0.681818181818,0.310606060606,0.143939393939,0.609848484848,NA,0,NA,NA,NA,NA,NA,NA,NA
DISPOSITION,holdout,MODERATE_CONTROL,ALL,HIGH,60,57,44,0.0245715542717,-0.037867855505,0.0870109640483,0.261918496373,-0.166311879557,0.689393939394,0.405303030303,0.253787878788,0.738636363636,NA,0,NA,NA,NA,NA,NA,NA,NA
DISPOSITION,holdout,MODERATE_CONTROL,ALL,HIGH,120,57,44,0.13258188281,0.0162145468643,0.248949218755,0.393820887791,-0.19499970482,0.840909090909,0.568181818182,0.348484848485,0.814393939394,NA,0,NA,NA,NA,NA,NA,NA,NA
DISPOSITION,validation,HIGH_CONTROL_HIGH_PROFIT,ALL,ALL,5,17,10,-0.00548286048726,-0.0309883290099,0.0200226080353,0.0642790263865,-0.0576240646911,0.133333333333,0.0833333333333,0,0.15,HIGH_CONTROL_LOW_MODERATE_PROFIT,17,0.00850471188587,-0.0263368481824,0.00200397366457,-0.25,-0.0666666666667,-0.05,-0.0333333333333
DISPOSITION,validation,HIGH_CONTROL_HIGH_PROFIT,ALL,ALL,10,17,10,-0.00451028355915,-0.0430219525261,0.0340013854078,0.0739244616441,-0.0891371648653,0.216666666667,0.0833333333333,0,0.283333333333,HIGH_CONTROL_LOW_MODERATE_PROFIT,17,0.0364546784046,-0.033171218166,0.0157155336356,-0.2,-0.2,-0.05,-0.05
DISPOSITION,validation,HIGH_CONTROL_HIGH_PROFIT,ALL,ALL,20,17,10,-0.0181446886405,-0.0721389512441,0.035849573963,0.118343218168,-0.123336962611,0.366666666667,0.266666666667,0.05,0.516666666667,HIGH_CONTROL_LOW_MODERATE_PROFIT,17,0.052452336934,0.00110857740966,0.0124018885344,-0.05,-0.0166666666667,-0.0333333333333,0.0333333333333
DISPOSITION,validation,HIGH_CONTROL_HIGH_PROFIT,ALL,ALL,40,17,10,-0.0442822941849,-0.182979666985,0.0944150786154,0.169645010255,-0.175518607042,0.5,0.4,0.2,0.666666666667,HIGH_CONTROL_LOW_MODERATE_PROFIT,17,0.0457549861552,-0.00698177529453,0.0188489655632,0.0833333333333,0.116666666667,0.0666666666667,-0.05
DISPOSITION,validation,HIGH_CONTROL_HIGH_PROFIT,ALL,ALL,60,17,10,-0.125673160018,-0.317243192452,0.0658968724162,0.202292826022,-0.267490394541,0.55,0.4,0.333333333333,0.816666666667,HIGH_CONTROL_LOW_MODERATE_PROFIT,17,-0.0620244664359,-0.000382958354594,-0.0642524635343,-0.0166666666667,0.0666666666667,0.15,0.05
DISPOSITION,validation,HIGH_CONTROL_HIGH_PROFIT,ALL,ALL,120,17,10,-0.0437638482359,-0.290010404097,0.202482707626,0.341603808629,-0.298406498321,0.6,0.5,0.433333333333,0.816666666667,HIGH_CONTROL_LOW_MODERATE_PROFIT,17,-0.0831130885934,0.0250786562261,-0.0854380296971,-0.0666666666667,-0.0833333333333,-0.05,0.05
DISPOSITION,validation,HIGH_CONTROL_HIGH_PROFIT,BROADLY_WEAK,ALL,5,6,6,0.00941917293438,-0.0567177580457,0.0755561039145,0.101657934335,-0.0502272911565,0.333333333333,0.333333333333,0,0.166666666667,HIGH_CONTROL_LOW_MODERATE_PROFIT,6,0.0567656832498,0.0640145572116,0.04539729843,0.166666666667,0.333333333333,0,-0.333333333333
DISPOSITION,validation,HIGH_CONTROL_HIGH_PROFIT,BROADLY_WEAK,ALL,10,6,6,0.0186621018578,-0.0572050766924,0.0945292804079,0.101657934335,-0.0741956529506,0.333333333333,0.333333333333,0,0.166666666667,HIGH_CONTROL_LOW_MODERATE_PROFIT,6,0.118910493689,0.0448101676368,0.0857891124575,0.166666666667,0.166666666667,0,-0.5
DISPOSITION,validation,HIGH_CONTROL_HIGH_PROFIT,BROADLY_WEAK,ALL,20,6,6,-0.0623563116812,-0.131953574489,0.00724095112689,0.103161316945,-0.102405608652,0.333333333333,0.333333333333,0,0.666666666667,HIGH_CONTROL_LOW_MODERATE_PROFIT,6,0.0637130612327,0.03369388097,0.0907290771705,0.166666666667,0.166666666667,0,-0.166666666667
DISPOSITION,validation,HIGH_CONTROL_HIGH_PROFIT,BROADLY_WEAK,ALL,40,6,6,0.0397866716259,-0.124377432836,0.203950776088,0.15831986764,-0.141619005862,0.5,0.5,0.166666666667,0.833333333333,HIGH_CONTROL_LOW_MODERATE_PROFIT,6,0.181606252859,0.0888524316649,0.0833884343562,0.333333333333,0.333333333333,0.166666666667,0
DISPOSITION,validation,HIGH_CONTROL_HIGH_PROFIT,BROADLY_WEAK,ALL,60,6,6,-0.0248463488167,-0.204875156603,0.15518245897,0.205916487403,-0.187472175493,0.666666666667,0.5,0.333333333333,0.833333333333,HIGH_CONTROL_LOW_MODERATE_PROFIT,6,0.0752432870669,0.0972845605659,0.0375352647246,0.333333333333,0.166666666667,0.166666666667,0
DISPOSITION,validation,HIGH_CONTROL_HIGH_PROFIT,BROADLY_WEAK,ALL,120,6,6,0.126570887632,-0.127053670903,0.380195446167,0.435656330356,-0.201577035957,0.833333333333,0.666666666667,0.5,0.833333333333,HIGH_CONTROL_LOW_MODERATE_PROFIT,6,0.104281867718,0.226769249495,0.0458193720932,0.333333333333,0.166666666667,0.166666666667,0
DISPOSITION,validation,HIGH_CONTROL_HIGH_PROFIT,RECOVERING,ALL,5,1,1,0.111568207997,NA,NA,0.134935000823,-0.0176073720586,1,0,0,0,HIGH_CONTROL_LOW_MODERATE_PROFIT,1,0.18987603878,-0.0747859712744,0.0823026189405,0,-1,0,0
DISPOSITION,validation,HIGH_CONTROL_HIGH_PROFIT,RECOVERING,ALL,10,1,1,0.0987329274313,NA,NA,0.13542866546,-0.0176073720586,1,0,0,0,HIGH_CONTROL_LOW_MODERATE_PROFIT,1,0.161739228061,-0.0742923066373,0.129107299409,0,-1,0,-1
DISPOSITION,validation,HIGH_CONTROL_HIGH_PROFIT,RECOVERING,ALL,20,1,1,0.219845318414,NA,NA,0.261477702814,-0.0176073720586,1,1,0,0,HIGH_CONTROL_LOW_MODERATE_PROFIT,1,0.280151349017,0.0517567307167,0.145308919571,0,0,0,-1
DISPOSITION,validation,HIGH_CONTROL_HIGH_PROFIT,RECOVERING,ALL,40,1,1,-0.307882178707,NA,NA,0.308211288465,-0.372881355932,1,1,1,1,HIGH_CONTROL_LOW_MODERATE_PROFIT,1,-0.698521242613,-0.906010133678,-0.209965064303,0,0,0,0
DISPOSITION,validation,HIGH_CONTROL_HIGH_PROFIT,RECOVERING,ALL,60,1,1,-0.373045910811,NA,NA,0.308211288465,-0.37847622182,1,1,1,1,HIGH_CONTROL_LOW_MODERATE_PROFIT,1,-0.732181824403,-0.906010133678,-0.215559930191,0,0,0,0
DISPOSITION,validation,HIGH_CONTROL_HIGH_PROFIT,RECOVERING,ALL,120,1,1,-0.371400362021,NA,NA,0.308211288465,-0.456968899128,1,1,1,1,HIGH_CONTROL_LOW_MODERATE_PROFIT,1,-0.604523674352,-0.906010133678,-0.294052607499,0,0,0,0
DISPOSITION,validation,HIGH_CONTROL_HIGH_PROFIT,STRONG,ALL,5,10,8,-0.0285319008329,-0.0553858696287,-0.0016779320371,0.0370129675765,-0.0659603080719,0,0,0,0.125,HIGH_CONTROL_LOW_MODERATE_PROFIT,10,-0.0319838176233,-0.0931339885509,-0.0356905722464,-0.5,-0.25,-0.125,0.125
DISPOSITION,validation,HIGH_CONTROL_HIGH_PROFIT,STRONG,ALL,10,10,8,-0.0243481505428,-0.0740721012341,0.0253758001484,0.0526034376396,-0.099235301319,0.125,0,0,0.375,HIGH_CONTROL_LOW_MODERATE_PROFIT,10,-0.0185645099291,-0.0868382150433,-0.0319670409442,-0.4375,-0.3125,-0.125,0.3125
DISPOSITION,validation,HIGH_CONTROL_HIGH_PROFIT,STRONG,ALL,20,10,8,0.000690258043517,-0.154485825039,0.155866341126,0.138999347957,-0.15921495457,0.5,0.3125,0.125,0.5,HIGH_CONTROL_LOW_MODERATE_PROFIT,10,0.0525099996075,-0.013272285192,-0.0484734025545,-0.0625,0,-0.0625,0.1875
DISPOSITION,validation,HIGH_CONTROL_HIGH_PROFIT,STRONG,ALL,40,10,8,-0.0565341826505,-0.234902693727,0.121834328426,0.194438492012,-0.180199205302,0.5625,0.375,0.25,0.5,HIGH_CONTROL_LOW_MODERATE_PROFIT,10,0.0464044039164,0.0249785045717,0.0142746517888,0,0.0625,0.0625,-0.25
DISPOSITION,validation,HIGH_CONTROL_HIGH_PROFIT,STRONG,ALL,60,10,8,-0.101834084389,-0.367701443531,0.164033274753,0.22193814517,-0.265954880987,0.5625,0.375,0.3125,0.6875,HIGH_CONTROL_LOW_MODERATE_PROFIT,10,-0.00718703443283,0.0346035932697,-0.0528263965157,-0.125,0.0625,0.125,-0.125
DISPOSITION,validation,HIGH_CONTROL_HIGH_PROFIT,STRONG,ALL,120,10,8,-0.0488190028316,-0.343304518022,0.245666512358,0.293449244588,-0.294724081946,0.5625,0.5,0.4375,0.6875,HIGH_CONTROL_LOW_MODERATE_PROFIT,10,-0.0538971359453,-0.0352365525679,-0.071730678539,-0.1875,-0.125,-0.0625,-0.125
DISPOSITION,validation,HIGH_CONTROL_HIGH_PROFIT,ALL,LOW,5,1,1,0.0290144727774,NA,NA,0.0337698139214,-0.0902366184241,0,0,0,0,HIGH_CONTROL_LOW_MODERATE_PROFIT,1,0.0229443288925,-0.0973003299635,-0.0706772659061,-1,0,0,0
DISPOSITION,validation,HIGH_CONTROL_HIGH_PROFIT,ALL,LOW,10,1,1,0.118906501263,NA,NA,0.121249712842,-0.0902366184241,1,0,0,0,HIGH_CONTROL_LOW_MODERATE_PROFIT,1,0.226145709897,-0.00982043104317,0.0397094247414,0,0,0,-1
DISPOSITION,validation,HIGH_CONTROL_HIGH_PROFIT,ALL,LOW,20,1,1,0.0581208362049,NA,NA,0.17822191592,-0.0902366184241,1,0,0,0,HIGH_CONTROL_LOW_MODERATE_PROFIT,1,0.204029109586,0.0471517720352,0.0909684175471,0,0,0,-1
DISPOSITION,validation,HIGH_CONTROL_HIGH_PROFIT,ALL,LOW,40,1,1,0.028692855502,NA,NA,0.179646220997,-0.0902366184241,1,0,0,0,HIGH_CONTROL_LOW_MODERATE_PROFIT,1,0.241597531761,0.0485760771121,0.167632086612,0,0,0,-1
DISPOSITION,validation,HIGH_CONTROL_HIGH_PROFIT,ALL,LOW,60,1,1,-0.152354697909,NA,NA,0.179646220997,-0.202848610154,1,0,0,1,HIGH_CONTROL_LOW_MODERATE_PROFIT,1,0.06347264022,0.0485760771121,0.0552449150259,0,0,0,0
DISPOSITION,validation,HIGH_CONTROL_HIGH_PROFIT,ALL,LOW,120,1,1,-0.00427291523088,NA,NA,0.179646220997,-0.268297725706,1,0,0,1,HIGH_CONTROL_LOW_MODERATE_PROFIT,1,0.111059818582,0.0485760771121,-0.0102042005266,0,0,0,0
DISPOSITION,validation,HIGH_CONTROL_HIGH_PROFIT,ALL,MODERATE,5,1,1,-0.0257746478873,NA,NA,0.033199195171,-0.0500804828974,0,0,0,0,HIGH_CONTROL_LOW_MODERATE_PROFIT,1,-0.0490304618408,-0.0278473164569,-0.0500804828974,0,0,0,0
DISPOSITION,validation,HIGH_CONTROL_HIGH_PROFIT,ALL,MODERATE,10,1,1,-0.0895171026157,NA,NA,0.033199195171,-0.117464788732,0,0,0,1,HIGH_CONTROL_LOW_MODERATE_PROFIT,1,-0.106958963081,-0.0278473164569,-0.105836881756,0,0,0,1
DISPOSITION,validation,HIGH_CONTROL_HIGH_PROFIT,ALL,MODERATE,20,1,1,-0.0685311871227,NA,NA,0.033199195171,-0.128772635815,0,0,0,1,HIGH_CONTROL_LOW_MODERATE_PROFIT,1,-0.0656242103786,-0.0278473164569,-0.0967958916288,0,0,0,1
DISPOSITION,validation,HIGH_CONTROL_HIGH_PROFIT,ALL,MODERATE,40,1,1,-0.264185110664,NA,NA,0.033199195171,-0.301810865191,0,0,0,1,HIGH_CONTROL_LOW_MODERATE_PROFIT,1,-0.194417668804,-0.0278473164569,-0.21750853961,0,0,0,1
DISPOSITION,validation,HIGH_CONTROL_HIGH_PROFIT,ALL,MODERATE,60,1,1,-0.266398390342,NA,NA,0.033199195171,-0.359134808853,0,0,0,1,HIGH_CONTROL_LOW_MODERATE_PROFIT,1,-0.158840250807,-0.0278473164569,-0.242855739086,0,0,0,0
DISPOSITION,validation,HIGH_CONTROL_HIGH_PROFIT,ALL,MODERATE,120,1,1,-0.0540442655936,NA,NA,0.0476056338028,-0.359134808853,0,0,0,1,HIGH_CONTROL_LOW_MODERATE_PROFIT,1,-0.15578845164,-0.385533901081,-0.242855739086,-1,-1,-1,0
DISPOSITION,validation,HIGH_CONTROL_HIGH_PROFIT,ALL,HIGH,5,15,9,-0.00627205747974,-0.0347355484277,0.0221914334683,0.0677006399243,-0.0562313440278,0.148148148148,0.0925925925926,0,0.166666666667,HIGH_CONTROL_LOW_MODERATE_PROFIT,15,0.0108989094814,-0.0223105176238,0.00893540122749,-0.222222222222,-0.0740740740741,-0.0555555555556,-0.037037037037
DISPOSITION,validation,HIGH_CONTROL_HIGH_PROFIT,ALL,HIGH,10,15,9,-0.00664417054616,-0.0494468577012,0.0361585166089,0.0735577958261,-0.0875023272305,0.185185185185,0.0925925925926,0,0.259259259259,HIGH_CONTROL_LOW_MODERATE_PROFIT,15,0.0338837122931,-0.0347642564344,0.0211354516514,-0.222222222222,-0.222222222222,-0.0555555555556,-0.0555555555556
DISPOSITION,validation,HIGH_CONTROL_HIGH_PROFIT,ALL,HIGH,20,15,9,-0.0195824123274,-0.0798675640764,0.0407027394217,0.119746847348,-0.124873888777,0.351851851852,0.296296296296,0.0555555555556,0.518518518519,HIGH_CONTROL_LOW_MODERATE_PROFIT,15,0.0505912133041,0.000159282923051,0.0141036247094,-0.0555555555556,-0.0185185185185,-0.037037037037,0.037037037037
DISPOSITION,validation,HIGH_CONTROL_HIGH_PROFIT,ALL,HIGH,40,15,9,-0.0361196460298,-0.190152921363,0.117913629304,0.176669710497,-0.173240258734,0.5,0.444444444444,0.222222222222,0.685185185185,HIGH_CONTROL_LOW_MODERATE_PROFIT,15,0.0482177700082,-0.00890912591922,0.0237142091257,0.0925925925926,0.12962962963,0.0740740740741,-0.0555555555556
DISPOSITION,validation,HIGH_CONTROL_HIGH_PROFIT,ALL,HIGH,60,15,9,-0.116372784006,-0.329582746468,0.0968371784571,0.212945061348,-0.265990248435,0.555555555556,0.444444444444,0.37037037037,0.796296296296,HIGH_CONTROL_LOW_MODERATE_PROFIT,15,-0.0636178732295,-0.00157710709706,-0.0609688025904,-0.0185185185185,0.0740740740741,0.166666666667,0.0555555555556
DISPOSITION,validation,HIGH_CONTROL_HIGH_PROFIT,ALL,HIGH,120,15,9,-0.0453866546608,-0.320675705972,0.22990239665,0.366934684321,-0.296705412881,0.611111111111,0.555555555556,0.481481481481,0.796296296296,HIGH_CONTROL_LOW_MODERATE_PROFIT,15,-0.0898629521561,0.046585052694,-0.0808722585739,-0.0185185185185,-0.037037037037,0,0.0555555555556
DISPOSITION,validation,HIGH_CONTROL_LOW_MODERATE_PROFIT,ALL,ALL,5,310,162,0.0179767508397,0.00681723100972,0.0291362706696,0.0847344472816,-0.035000347965,0.312242798354,0.0982510288066,0.0246913580247,0.0504115226337,LOW_CONTROL,310,0.00322922344493,0.011985794309,0.00549211513057,0.0992798353909,-0.00514403292181,-0.031378600823,0.0375514403292
DISPOSITION,validation,HIGH_CONTROL_LOW_MODERATE_PROFIT,ALL,ALL,10,310,162,0.0328772522203,0.0154444058799,0.0503100985607,0.120682834,-0.0575261237352,0.413065843621,0.203189300412,0.0828189300412,0.163580246914,LOW_CONTROL,310,0.0304793320955,0.018534631389,0.013335358337,0.127057613169,0.054012345679,-0.0437242798354,-0.158436213992
DISPOSITION,validation,HIGH_CONTROL_LOW_MODERATE_PROFIT,ALL,ALL,20,310,162,0.0181106910781,-0.00184974822633,0.0380711303825,0.160035844829,-0.0737090770605,0.507716049383,0.309156378601,0.151748971193,0.275205761317,LOW_CONTROL,310,0.0455079865205,0.0360050973836,0.0168991153561,0.164609053498,0.0946502057613,-0.0164609053498,-0.16975308642
DISPOSITION,validation,HIGH_CONTROL_LOW_MODERATE_PROFIT,ALL,ALL,40,310,162,0.0448025656464,0.0144989958876,0.0751061354053,0.236502195849,-0.101880423458,0.622427983539,0.440843621399,0.27366255144,0.440843621399,LOW_CONTROL,310,0.0776267648238,0.0720883286296,0.0205195711437,0.133744855967,0.118827160494,0.033950617284,-0.109053497942
DISPOSITION,validation,HIGH_CONTROL_LOW_MODERATE_PROFIT,ALL,ALL,60,310,162,0.0594024484144,0.023836920939,0.0949679758898,0.287553865472,-0.114026299754,0.697016460905,0.509259259259,0.336934156379,0.507716049383,LOW_CONTROL,310,0.0855952880626,0.0985719950082,0.0283996631371,0.179526748971,0.155349794239,0.0648148148148,-0.151234567901
DISPOSITION,validation,HIGH_CONTROL_LOW_MODERATE_PROFIT,ALL,ALL,120,310,162,0.0626727139795,0.0094663611011,0.115879066858,0.398547537229,-0.169523586428,0.771604938272,0.619341563786,0.491769547325,0.717592592593,LOW_CONTROL,310,0.117771060848,0.130185129695,0.044638315621,0.109567901235,0.175411522634,0.107510288066,-0.091049382716
DISPOSITION,validation,HIGH_CONTROL_LOW_MODERATE_PROFIT,BROADLY_WEAK,ALL,5,106,106,-0.0272607989988,-0.0394476175721,-0.0150739804255,0.0481365102705,-0.0531522119556,0.141509433962,0.0377358490566,0,0.11320754717,LOW_CONTROL,106,0.0223266188118,0.0214442046264,0.00852640373905,0.11320754717,0.0377358490566,0,0.0943396226415
DISPOSITION,validation,HIGH_CONTROL_LOW_MODERATE_PROFIT,BROADLY_WEAK,ALL,10,106,106,-0.0437153390764,-0.0601507351143,-0.0272799430385,0.0570392819397,-0.0896224310791,0.169811320755,0.0754716981132,0.00943396226415,0.358490566038,LOW_CONTROL,106,0.0318281583329,0.025362668976,0.013824431629,0.0943396226415,0.0754716981132,0.00943396226415,-0.264150943396
DISPOSITION,validation,HIGH_CONTROL_LOW_MODERATE_PROFIT,BROADLY_WEAK,ALL,20,106,106,-0.07557609573,-0.0943115236792,-0.0568406677809,0.0782771773424,-0.114490105293,0.22641509434,0.11320754717,0.0566037735849,0.547169811321,LOW_CONTROL,106,0.0297394171159,0.0448301455828,0.0117442066065,0.141509433962,0.11320754717,0.0566037735849,-0.141509433962
DISPOSITION,validation,HIGH_CONTROL_LOW_MODERATE_PROFIT,BROADLY_WEAK,ALL,40,106,106,-0.0526376080187,-0.0853581194673,-0.0199170965702,0.11184764432,-0.153769513874,0.339622641509,0.179245283019,0.103773584906,0.716981132075,LOW_CONTROL,106,0.0487122377853,0.0623421916229,0.0134519022739,0.22641509434,0.122641509434,0.103773584906,-0.188679245283
DISPOSITION,validation,HIGH_CONTROL_LOW_MODERATE_PROFIT,BROADLY_WEAK,ALL,60,106,106,0.0139700665902,-0.036337257942,0.0642773911224,0.181004805042,-0.156496713989,0.5,0.311320754717,0.188679245283,0.716981132075,LOW_CONTROL,106,0.0605891594355,0.105226727358,0.012933994739,0.330188679245,0.198113207547,0.150943396226,-0.188679245283
DISPOSITION,validation,HIGH_CONTROL_LOW_MODERATE_PROFIT,BROADLY_WEAK,ALL,120,106,106,0.0441154520969,-0.0245461508676,0.112777055061,0.310157445872,-0.215901579566,0.584905660377,0.452830188679,0.367924528302,0.830188679245,LOW_CONTROL,106,0.13306131084,0.180036941402,0.0395399368602,0.188679245283,0.301886792453,0.27358490566,-0.150943396226
DISPOSITION,validation,HIGH_CONTROL_LOW_MODERATE_PROFIT,RECOVERING,ALL,5,49,49,0.0235696267492,0.0089266879146,0.0382125655838,0.0767829432702,-0.0196148859895,0.30612244898,0.0816326530612,0.0204081632653,0,LOW_CONTROL,49,-0.00366179060627,0.0105053832802,0.00531257691099,0.163265306122,0.0612244897959,0.0204081632653,0
DISPOSITION,validation,HIGH_CONTROL_LOW_MODERATE_PROFIT,RECOVERING,ALL,10,49,49,0.0167130238672,-0.0154788069297,0.0489048546642,0.0927722594134,-0.0436965869724,0.367346938776,0.102040816327,0.0204081632653,0.0816326530612,LOW_CONTROL,49,0.0355341143127,0.0103794595895,0.0120567834088,0.183673469388,0.0816326530612,0.0204081632653,0.0204081632653
DISPOSITION,validation,HIGH_CONTROL_LOW_MODERATE_PROFIT,RECOVERING,ALL,20,49,49,0.055241962839,0.0210810383465,0.0894028873315,0.141688115392,-0.0527290369597,0.571428571429,0.285714285714,0.0816326530612,0.142857142857,LOW_CONTROL,49,0.0654718919786,0.0373407950574,0.0265527204951,0.326530612245,0.204081632653,0.0612244897959,-0.142857142857
DISPOSITION,validation,HIGH_CONTROL_LOW_MODERATE_PROFIT,RECOVERING,ALL,40,49,49,0.237659596345,0.174298787041,0.30102040565,0.401569883885,-0.0578064621554,0.918367346939,0.734693877551,0.551020408163,0.163265306122,LOW_CONTROL,49,0.116356301017,0.128059864816,0.0248678038968,0.142857142857,0.0612244897959,0.0816326530612,-0.122448979592
DISPOSITION,validation,HIGH_CONTROL_LOW_MODERATE_PROFIT,RECOVERING,ALL,60,49,49,0.291838085138,0.224780876269,0.358895294006,0.49347568453,-0.0580238423405,0.979591836735,0.816326530612,0.673469387755,0.163265306122,LOW_CONTROL,49,0.141049737527,0.154148988738,0.0247710631004,0.204081632653,0.142857142857,0.122448979592,-0.122448979592
DISPOSITION,validation,HIGH_CONTROL_LOW_MODERATE_PROFIT,RECOVERING,ALL,120,49,49,0.184194841055,0.087013615528,0.281376066582,0.583800577689,-0.0949008156444,0.979591836735,0.877551020408,0.795918367347,0.34693877551,LOW_CONTROL,49,0.0415912692679,0.166508580743,-0.00398930042302,-0.0204081632653,-0.0204081632653,0.0204081632653,-0.0204081632653
DISPOSITION,validation,HIGH_CONTROL_LOW_MODERATE_PROFIT,STRONG,ALL,5,155,115,0.0451436052974,0.0303666389294,0.0599205716654,0.100298009874,-0.0265886026088,0.365217391304,0.113043478261,0.0304347826087,0.00869565217391,LOW_CONTROL,155,-0.0199144008426,-0.0114274273651,0.000748192725057,-0.0217391304348,-0.0913043478261,-0.0739130434783,-0.00434782608696
DISPOSITION,validation,HIGH_CONTROL_LOW_MODERATE_PROFIT,STRONG,ALL,10,155,115,0.0876366726451,0.060617630115,0.114655715175,0.162217534073,-0.0392833632213,0.54347826087,0.295652173913,0.139130434783,0.0521739130435,LOW_CONTROL,155,0.0118890338491,-0.00603039629212,0.00892217989579,0.0347826086957,-0.0260869565217,-0.139130434783,-0.104347826087
DISPOSITION,validation,HIGH_CONTROL_LOW_MODERATE_PROFIT,STRONG,ALL,20,155,115,0.0802398982686,0.0529451515041,0.107534645033,0.206679264305,-0.0504918493453,0.660869565217,0.395652173913,0.2,0.1,LOW_CONTROL,155,0.0454105821262,-0.000150544588806,0.0147185152768,0.0478260869565,-0.0391304347826,-0.152173913043,-0.208695652174
DISPOSITION,validation,HIGH_CONTROL_LOW_MODERATE_PROFIT,STRONG,ALL,40,155,115,0.051067090907,0.0168390144655,0.0852951673485,0.251871011513,-0.0787671091982,0.726086956522,0.508695652174,0.273913043478,0.3,LOW_CONTROL,155,0.0804234958009,0.0256314438599,0.0199361107878,0.0347826086957,0.0565217391304,-0.108695652174,-0.0521739130435
DISPOSITION,validation,HIGH_CONTROL_LOW_MODERATE_PROFIT,STRONG,ALL,60,155,115,0.0157499235824,-0.0188305287325,0.0503303758974,0.274703519468,-0.103316536938,0.734782608696,0.54347826087,0.304347826087,0.447826086957,LOW_CONTROL,155,0.0800361076649,0.0421912472618,0.0344235911216,0.0217391304348,0.0869565217391,-0.0869565217391,-0.121739130435
DISPOSITION,validation,HIGH_CONTROL_LOW_MODERATE_PROFIT,STRONG,ALL,120,155,115,0.048013023455,-0.0167327789407,0.112758825851,0.393940141096,-0.158982381483,0.830434782609,0.673913043478,0.482608695652,0.691304347826,LOW_CONTROL,155,0.136979124545,0.0524041123023,0.0669260598938,0.0739130434783,0.104347826087,-0.0347826086957,-0.134782608696
DISPOSITION,validation,HIGH_CONTROL_LOW_MODERATE_PROFIT,ALL,LOW,5,11,7,0.0359448163073,-0.0169770356397,0.0888666682542,0.114094201683,-0.0270948363643,0.5,0.0714285714286,0.0714285714286,0,LOW_CONTROL,11,0.00418850527891,0.0375610797379,-0.00774215385118,0.333333333333,0,0.0714285714286,0
DISPOSITION,validation,HIGH_CONTROL_LOW_MODERATE_PROFIT,ALL,LOW,10,11,7,0.0136315331037,-0.0753812949161,0.102644361124,0.131339102248,-0.0630468299129,0.619047619048,0.0714285714286,0.0714285714286,0.285714285714,LOW_CONTROL,11,-0.0495814335625,0.00769098794167,-0.0305145292086,0.0952380952381,-0.190476190476,0.0238095238095,0.142857142857
DISPOSITION,validation,HIGH_CONTROL_LOW_MODERATE_PROFIT,ALL,LOW,20,11,7,-0.0197004569475,-0.103380254943,0.063979341048,0.142360530094,-0.0829928805332,0.666666666667,0.214285714286,0.0714285714286,0.357142857143,LOW_CONTROL,11,-0.0437352072848,-0.00681505407224,-0.0423613161372,0.142857142857,-0.190476190476,-0.119047619048,0.214285714286
DISPOSITION,validation,HIGH_CONTROL_LOW_MODERATE_PROFIT,ALL,LOW,40,11,7,-0.0630997403755,-0.175581033164,0.0493815524129,0.148764614044,-0.130609614928,0.666666666667,0.261904761905,0.0714285714286,0.47619047619,LOW_CONTROL,11,-0.0548709517927,-0.0152706724438,-0.0649329179125,0.0714285714286,-0.190476190476,-0.166666666667,0.285714285714
DISPOSITION,validation,HIGH_CONTROL_LOW_MODERATE_PROFIT,ALL,LOW,60,11,7,-0.0411251923989,-0.167162124742,0.0849117399439,0.167115989199,-0.133535679922,0.714285714286,0.452380952381,0.0714285714286,0.47619047619,LOW_CONTROL,11,-0.0166488383707,-0.00214577812524,-0.0304547733965,0.119047619048,0,-0.166666666667,-0.047619047619
DISPOSITION,validation,HIGH_CONTROL_LOW_MODERATE_PROFIT,ALL,LOW,120,11,7,0.0136698403741,-0.186690554212,0.21403023496,0.230040501814,-0.170386998799,0.714285714286,0.5,0.357142857143,0.547619047619,LOW_CONTROL,11,0.0542064649872,-0.041424093557,0.0171081298422,-0.0952380952381,-0.166666666667,-0.0952380952381,-0.190476190476
DISPOSITION,validation,HIGH_CONTROL_LOW_MODERATE_PROFIT,ALL,MODERATE,5,88,69,0.0186977147916,0.00466343850631,0.0327319910769,0.0657253337208,-0.0279727001481,0.225845410628,0.042270531401,0,0.0289855072464,LOW_CONTROL,88,-0.0153277670538,-0.0128672478145,-0.00126777887798,-0.0507246376812,-0.0615942028986,-0.0410628019324,0.0289855072464
DISPOSITION,validation,HIGH_CONTROL_LOW_MODERATE_PROFIT,ALL,MODERATE,10,88,69,0.0349702345247,0.0116065121096,0.0583339569397,0.0985243126306,-0.0436570637796,0.305555555556,0.159420289855,0.0495169082126,0.0519323671498,LOW_CONTROL,88,-0.00157666068609,-0.0199536169237,0.00345989965402,-0.0338164251208,-0.0289855072464,-0.0760869565217,-0.0652173913043
DISPOSITION,validation,HIGH_CONTROL_LOW_MODERATE_PROFIT,ALL,MODERATE,20,88,69,0.0355156349935,0.00294168456423,0.0680895854228,0.149698341553,-0.0580005069178,0.44806763285,0.275362318841,0.143719806763,0.194444444444,LOW_CONTROL,88,0.0290080522228,0.00874420195071,0.0106421372508,-0.00724637681159,0.0289855072464,-0.0108695652174,-0.114734299517
DISPOSITION,validation,HIGH_CONTROL_LOW_MODERATE_PROFIT,ALL,MODERATE,40,88,69,0.0617241947442,0.0203303175645,0.103118071924,0.22185722614,-0.078298240443,0.630434782609,0.512077294686,0.268115942029,0.352657004831,LOW_CONTROL,88,0.046410330596,0.0223019618889,0.0105112934385,-0.0144927536232,0.100241545894,0.0338164251208,-0.054347826087
DISPOSITION,validation,HIGH_CONTROL_LOW_MODERATE_PROFIT,ALL,MODERATE,60,88,69,0.072204918284,0.0243343251971,0.120075511371,0.263300997032,-0.0926717439054,0.671497584541,0.549516908213,0.334541062802,0.432367149758,LOW_CONTROL,88,0.064076075362,0.0419259048884,0.0129842833614,-0.00724637681159,0.0797101449275,0.042270531401,-0.0253623188406
DISPOSITION,validation,HIGH_CONTROL_LOW_MODERATE_PROFIT,ALL,MODERATE,120,88,69,0.119639572373,0.0430354480126,0.196243696733,0.385655293269,-0.129994421431,0.787439613527,0.665458937198,0.486714975845,0.63768115942,LOW_CONTROL,88,0.123846728403,0.0896391993203,0.0360680999053,0.0434782608696,0.118357487923,0.0881642512077,-0.0398550724638
DISPOSITION,validation,HIGH_CONTROL_LOW_MODERATE_PROFIT,ALL,HIGH,5,211,127,0.015022487705,0.000787195034074,0.0292577803759,0.0861860148631,-0.0383232103264,0.316929133858,0.105643044619,0.0275590551181,0.0616797900262,LOW_CONTROL,211,0.00627046779872,0.0146826412551,0.00780674832629,0.12532808399,-0.00196850393701,-0.0360892388451,0.0446194225722
DISPOSITION,validation,HIGH_CONTROL_LOW_MODERATE_PROFIT,ALL,HIGH,10,211,127,0.0263135821194,0.00412342471579,0.048503739523,0.121485006242,-0.0653802179615,0.431758530184,0.209317585302,0.0826771653543,0.218503937008,LOW_CONTROL,211,0.0375915189663,0.0230175639225,0.0169494537387,0.169947506562,0.0649606299213,-0.0590551181102,-0.202099737533
DISPOSITION,validation,HIGH_CONTROL_LOW_MODERATE_PROFIT,ALL,HIGH,20,211,127,0.00641394207734,-0.0155407749522,0.0283686591069,0.153140947971,-0.0818457864309,0.52624671916,0.306430446194,0.127296587927,0.322834645669,LOW_CONTROL,211,0.0475019328657,0.033872051831,0.0196614744022,0.225065616798,0.103674540682,-0.0544619422572,-0.202755905512
DISPOSITION,validation,HIGH_CONTROL_LOW_MODERATE_PROFIT,ALL,HIGH,40,211,127,0.0366120677166,0.000598155646205,0.0726259797871,0.23339485871,-0.113200062577,0.627296587927,0.417979002625,0.261811023622,0.475721784777,LOW_CONTROL,211,0.0916945259281,0.0811222366666,0.0256886265371,0.215879265092,0.124015748031,0.010498687664,-0.158792650919
DISPOSITION,validation,HIGH_CONTROL_LOW_MODERATE_PROFIT,ALL,HIGH,60,211,127,0.0589389485709,0.0156639312502,0.102213965892,0.291860491364,-0.12469437464,0.71719160105,0.498687664042,0.326115485564,0.531496062992,LOW_CONTROL,211,0.0993182313886,0.115864087625,0.0341496274209,0.280839895013,0.191601049869,0.0518372703412,-0.217847769029
DISPOSITION,validation,HIGH_CONTROL_LOW_MODERATE_PROFIT,ALL,HIGH,120,211,127,0.066975157534,-0.00221619005919,0.136166505127,0.425150979703,-0.181583335869,0.785433070866,0.627952755906,0.510498687664,0.721784776903,LOW_CONTROL,211,0.146065299178,0.169553557585,0.0557644045094,0.167322834646,0.21719160105,0.125984251969,-0.156167979003
DISPOSITION,validation,LOW_CONTROL,ALL,ALL,5,1152,425,0.0403123285025,0.0359985969284,0.0446260600767,0.084126254962,-0.0181058618509,0.300392156863,0.0788235294118,0.0172549019608,0.0143137254902,NA,0,NA,NA,NA,NA,NA,NA,NA
DISPOSITION,validation,LOW_CONTROL,ALL,ALL,10,1152,425,0.0535710996498,0.0469015184126,0.060240680887,0.119882651699,-0.0330919738893,0.463725490196,0.173921568627,0.0664705882353,0.0872549019608,NA,0,NA,NA,NA,NA,NA,NA,NA
DISPOSITION,validation,LOW_CONTROL,ALL,ALL,20,1152,425,0.0361185126653,0.0270192708549,0.0452177544757,0.151024389259,-0.0461815134423,0.558823529412,0.272941176471,0.106862745098,0.158039215686,NA,0,NA,NA,NA,NA,NA,NA,NA
DISPOSITION,validation,LOW_CONTROL,ALL,ALL,40,1151,424,0.0899233027645,0.0755669623794,0.10427964315,0.25807392012,-0.0628519046267,0.76965408805,0.560534591195,0.324685534591,0.238797169811,NA,0,NA,NA,NA,NA,NA,NA,NA
DISPOSITION,validation,LOW_CONTROL,ALL,ALL,60,1151,424,0.10080764324,0.0835754603663,0.118039826114,0.313501424913,-0.0740652580077,0.798152515723,0.646029874214,0.42963836478,0.290487421384,NA,0,NA,NA,NA,NA,NA,NA,NA
DISPOSITION,validation,LOW_CONTROL,ALL,ALL,120,1151,424,0.089230536194,0.0589763710955,0.119484701292,0.39968132022,-0.124116467097,0.83195754717,0.690644654088,0.511988993711,0.401336477987,NA,0,NA,NA,NA,NA,NA,NA,NA
DISPOSITION,validation,LOW_CONTROL,BROADLY_WEAK,ALL,5,230,230,-0.0244194712529,-0.0302740630651,-0.0185648794408,0.0285176158675,-0.0458623855925,0.0478260869565,0.00869565217391,0,0.0260869565217,NA,0,NA,NA,NA,NA,NA,NA,NA
DISPOSITION,validation,LOW_CONTROL,BROADLY_WEAK,ALL,10,230,230,-0.0437117146926,-0.0503692564717,-0.0370541729134,0.039192166939,-0.0794767271284,0.0739130434783,0.0130434782609,0,0.304347826087,NA,0,NA,NA,NA,NA,NA,NA,NA
DISPOSITION,validation,LOW_CONTROL,BROADLY_WEAK,ALL,20,230,230,-0.0837756274538,-0.0922020938741,-0.0753491610334,0.0485890106774,-0.106182399426,0.104347826087,0.0347826086957,0.00869565217391,0.513043478261,NA,0,NA,NA,NA,NA,NA,NA,NA
DISPOSITION,validation,LOW_CONTROL,BROADLY_WEAK,ALL,40,230,230,-0.101609486144,-0.114470681514,-0.0887482907738,0.0618392344455,-0.159003012789,0.169565217391,0.0565217391304,0.0260869565217,0.786956521739,NA,0,NA,NA,NA,NA,NA,NA,NA
DISPOSITION,validation,LOW_CONTROL,BROADLY_WEAK,ALL,60,230,230,-0.0549936080448,-0.0730617722383,-0.0369254438514,0.0983588836165,-0.164431528608,0.295652173913,0.152173913043,0.0652173913043,0.791304347826,NA,0,NA,NA,NA,NA,NA,NA,NA
DISPOSITION,validation,LOW_CONTROL,BROADLY_WEAK,ALL,120,230,230,-0.0824081961296,-0.119716686031,-0.0450997062285,0.179784141902,-0.278671146185,0.408695652174,0.234782608696,0.147826086957,0.917391304348,NA,0,NA,NA,NA,NA,NA,NA,NA
DISPOSITION,validation,LOW_CONTROL,RECOVERING,ALL,5,378,378,0.037430781244,0.0321079418329,0.0427536206552,0.0758725256123,-0.00688498114408,0.219576719577,0.0396825396825,0.00793650793651,0.0026455026455,NA,0,NA,NA,NA,NA,NA,NA,NA
DISPOSITION,validation,LOW_CONTROL,RECOVERING,ALL,10,378,378,0.0260474390036,0.0188915489501,0.033203329057,0.0902937723532,-0.0209505210656,0.309523809524,0.0714285714286,0.021164021164,0.015873015873,NA,0,NA,NA,NA,NA,NA,NA,NA
DISPOSITION,validation,LOW_CONTROL,RECOVERING,ALL,20,378,378,0.0339799454632,0.0234461390815,0.0445137518449,0.120965135465,-0.0315431255014,0.465608465608,0.153439153439,0.047619047619,0.0608465608466,NA,0,NA,NA,NA,NA,NA,NA,NA
DISPOSITION,validation,LOW_CONTROL,RECOVERING,ALL,40,377,377,0.150818305401,0.13187208933,0.169764521472,0.311101573891,-0.0346405927361,0.941644562334,0.692307692308,0.389920424403,0.0689655172414,NA,0,NA,NA,NA,NA,NA,NA,NA
DISPOSITION,validation,LOW_CONTROL,RECOVERING,ALL,60,377,377,0.211749798806,0.190381824387,0.233117773225,0.410178548734,-0.0354357780509,0.965517241379,0.811671087533,0.562334217507,0.0742705570292,NA,0,NA,NA,NA,NA,NA,NA,NA
DISPOSITION,validation,LOW_CONTROL,RECOVERING,ALL,120,377,377,0.173224775697,0.143988184862,0.202461366531,0.481680358106,-0.0601852979709,0.976127320955,0.851458885942,0.665782493369,0.185676392573,NA,0,NA,NA,NA,NA,NA,NA,NA
DISPOSITION,validation,LOW_CONTROL,STRONG,ALL,5,544,362,0.0712610654421,0.0646865707385,0.0778355601456,0.116477545132,-0.0161859073237,0.487569060773,0.14364640884,0.0372928176796,0.0138121546961,NA,0,NA,NA,NA,NA,NA,NA,NA
DISPOSITION,validation,LOW_CONTROL,STRONG,ALL,10,544,362,0.116870879971,0.106485459053,0.127256300889,0.17943847122,-0.0238922353614,0.755524861878,0.328729281768,0.135359116022,0.0455801104972,NA,0,NA,NA,NA,NA,NA,NA,NA
DISPOSITION,validation,LOW_CONTROL,STRONG,ALL,20,544,362,0.0742779364446,0.0631441279688,0.0854117449204,0.211327535648,-0.0348534713953,0.801104972376,0.451657458564,0.187845303867,0.0994475138122,NA,0,NA,NA,NA,NA,NA,NA,NA
DISPOSITION,validation,LOW_CONTROL,STRONG,ALL,40,544,362,0.0965813513184,0.0790858051326,0.114076897504,0.283219121167,-0.0530785082328,0.841160220994,0.610497237569,0.350828729282,0.17679558011,NA,0,NA,NA,NA,NA,NA,NA,NA
DISPOSITION,validation,LOW_CONTROL,STRONG,ALL,60,544,362,0.045567927966,0.0274631136952,0.0636727422368,0.304737050991,-0.0751320578442,0.843922651934,0.651933701657,0.415745856354,0.28729281768,NA,0,NA,NA,NA,NA,NA,NA,NA
DISPOSITION,validation,LOW_CONTROL,STRONG,ALL,120,544,362,0.0507733550912,0.0150839440953,0.0864627660871,0.38884628446,-0.127642271664,0.868784530387,0.693370165746,0.483425414365,0.425414364641,NA,0,NA,NA,NA,NA,NA,NA,NA
DISPOSITION,validation,LOW_CONTROL,ALL,LOW,5,810,343,0.0515242785607,0.0462437666886,0.0568047904328,0.0892167091633,-0.011043085039,0.316326530612,0.0881924198251,0.0162779397473,0.00437317784257,NA,0,NA,NA,NA,NA,NA,NA,NA
DISPOSITION,validation,LOW_CONTROL,ALL,LOW,10,810,343,0.0739137472523,0.0652991778289,0.0825283166758,0.129702274921,-0.0209326275423,0.49684159378,0.19387755102,0.0755587949466,0.0238095238095,NA,0,NA,NA,NA,NA,NA,NA,NA
DISPOSITION,validation,LOW_CONTROL,ALL,LOW,20,810,343,0.0635972619556,0.0516986289861,0.075495894925,0.166887950582,-0.0297557295466,0.61175898931,0.305879494655,0.124635568513,0.0677842565598,NA,0,NA,NA,NA,NA,NA,NA,NA
DISPOSITION,validation,LOW_CONTROL,ALL,LOW,40,809,342,0.140489216535,0.121575013577,0.159403419492,0.301005677107,-0.0381195210444,0.85014619883,0.643274853801,0.391325536062,0.124269005848,NA,0,NA,NA,NA,NA,NA,NA,NA
DISPOSITION,validation,LOW_CONTROL,ALL,LOW,60,809,342,0.158188867868,0.137204023729,0.179173712008,0.366773014875,-0.0442210425091,0.871101364522,0.737085769981,0.51193957115,0.16179337232,NA,0,NA,NA,NA,NA,NA,NA,NA
DISPOSITION,validation,LOW_CONTROL,ALL,LOW,120,809,342,0.149163962996,0.115750404619,0.182577521372,0.449942116039,-0.0832337352778,0.890350877193,0.772417153996,0.592348927875,0.259259259259,NA,0,NA,NA,NA,NA,NA,NA,NA
DISPOSITION,validation,LOW_CONTROL,ALL,MODERATE,5,267,165,0.00524859051779,-0.00411763759255,0.0146148186281,0.0591670570707,-0.035451423046,0.192424242424,0.0313131313131,0.0181818181818,0.0318181818182,NA,0,NA,NA,NA,NA,NA,NA,NA
DISPOSITION,validation,LOW_CONTROL,ALL,MODERATE,10,267,165,0.00344122055732,-0.00949041698929,0.0163728581039,0.084704227332,-0.0604990213645,0.310606060606,0.0964646464646,0.0409090909091,0.211616161616,NA,0,NA,NA,NA,NA,NA,NA,NA
DISPOSITION,validation,LOW_CONTROL,ALL,MODERATE,20,267,165,-0.0235857344378,-0.0384044803346,-0.008766988541,0.105696527918,-0.0799072695623,0.373737373737,0.174747474747,0.0621212121212,0.364141414141,NA,0,NA,NA,NA,NA,NA,NA,NA
DISPOSITION,validation,LOW_CONTROL,ALL,MODERATE,40,267,165,-0.00818901390837,-0.0328707864005,0.0164927585838,0.170637467049,-0.114173462651,0.510101010101,0.332828282828,0.185353535354,0.502525252525,NA,0,NA,NA,NA,NA,NA,NA,NA
DISPOSITION,validation,LOW_CONTROL,ALL,MODERATE,60,267,165,-0.00144227926386,-0.031893325691,0.0290087671633,0.215328344522,-0.133714289655,0.585858585859,0.398484848485,0.25101010101,0.586363636364,NA,0,NA,NA,NA,NA,NA,NA,NA
DISPOSITION,validation,LOW_CONTROL,ALL,MODERATE,120,267,165,-0.0352785560147,-0.0813855038924,0.0108283918629,0.293574808274,-0.2071437132,0.683838383838,0.492929292929,0.324242424242,0.713636363636,NA,0,NA,NA,NA,NA,NA,NA,NA
DISPOSITION,validation,LOW_CONTROL,ALL,HIGH,5,75,59,0.0298227249602,0.00361456514405,0.0560308847764,0.121923396201,-0.0502112134343,0.480225988701,0.194915254237,0.0932203389831,0.0847457627119,NA,0,NA,NA,NA,NA,NA,NA,NA
DISPOSITION,validation,LOW_CONTROL,ALL,HIGH,10,75,59,-0.00370398258044,-0.0375483054188,0.030140340258,0.150262055427,-0.0896931625243,0.54802259887,0.257062146893,0.149717514124,0.450564971751,NA,0,NA,NA,NA,NA,NA,NA,NA
DISPOSITION,validation,LOW_CONTROL,ALL,HIGH,20,75,59,-0.06149087851,-0.0926971809664,-0.0302845760537,0.165684091625,-0.13042499413,0.570621468927,0.326271186441,0.175141242938,0.635593220339,NA,0,NA,NA,NA,NA,NA,NA,NA
DISPOSITION,validation,LOW_CONTROL,ALL,HIGH,40,75,59,-0.116720006608,-0.155399201575,-0.078040811641,0.187050260952,-0.187391015078,0.627118644068,0.370056497175,0.220338983051,0.737288135593,NA,0,NA,NA,NA,NA,NA,NA,NA
DISPOSITION,validation,LOW_CONTROL,ALL,HIGH,60,75,59,-0.153804205785,-0.195530200623,-0.112078210947,0.197458978647,-0.222837363459,0.627118644068,0.389830508475,0.237288135593,0.838983050847,NA,0,NA,NA,NA,NA,NA,NA,NA
DISPOSITION,validation,LOW_CONTROL,ALL,HIGH,120,75,59,-0.156110450474,-0.226341143009,-0.0858797579385,0.258242614282,-0.302448185085,0.699152542373,0.449152542373,0.30790960452,0.922316384181,NA,0,NA,NA,NA,NA,NA,NA,NA
DISPOSITION,validation,MODERATE_CONTROL,ALL,ALL,5,460,288,0.0266043418103,0.0182446726946,0.0349640109261,0.0816504705145,-0.0249816468436,0.279224537037,0.0784143518519,0.0271990740741,0.0289351851852,NA,0,NA,NA,NA,NA,NA,NA,NA
DISPOSITION,validation,MODERATE_CONTROL,ALL,ALL,10,460,288,0.0432820818675,0.0293571377606,0.0572070259744,0.122416862408,-0.0436794618855,0.438946759259,0.17505787037,0.0804398148148,0.109953703704,NA,0,NA,NA,NA,NA,NA,NA,NA
DISPOSITION,validation,MODERATE_CONTROL,ALL,ALL,20,460,288,0.0190788820635,0.00449791905589,0.0336598450711,0.151346690892,-0.0617753372544,0.522858796296,0.241898148148,0.132233796296,0.229456018519,NA,0,NA,NA,NA,NA,NA,NA,NA
DISPOSITION,validation,MODERATE_CONTROL,ALL,ALL,40,460,288,0.0186279614637,-0.00273951633786,0.0399954392652,0.215523225453,-0.0907038244077,0.609953703704,0.392361111111,0.241898148148,0.414351851852,NA,0,NA,NA,NA,NA,NA,NA,NA
DISPOSITION,validation,MODERATE_CONTROL,ALL,ALL,60,460,288,0.0261686847251,0.000678139917297,0.0516592295329,0.245615119939,-0.108967784576,0.662037037037,0.441550925926,0.280671296296,0.487847222222,NA,0,NA,NA,NA,NA,NA,NA,NA
DISPOSITION,validation,MODERATE_CONTROL,ALL,ALL,120,460,288,0.011863000136,-0.0243135113525,0.0480395116244,0.344093157566,-0.168115719586,0.755787037037,0.563657407407,0.403935185185,0.649305555556,NA,0,NA,NA,NA,NA,NA,NA,NA
DISPOSITION,validation,MODERATE_CONTROL,BROADLY_WEAK,ALL,5,143,143,-0.0203913350514,-0.0276414889026,-0.0131411812001,0.0337076468223,-0.042146456667,0.0769230769231,0,0,0.0559440559441,NA,0,NA,NA,NA,NA,NA,NA,NA
DISPOSITION,validation,MODERATE_CONTROL,BROADLY_WEAK,ALL,10,143,143,-0.0333031291925,-0.043196244107,-0.0234100142779,0.0485680854027,-0.0711965228501,0.153846153846,0.020979020979,0,0.216783216783,NA,0,NA,NA,NA,NA,NA,NA,NA
DISPOSITION,validation,MODERATE_CONTROL,BROADLY_WEAK,ALL,20,143,143,-0.0757935653554,-0.0877738023657,-0.0638133283451,0.0556846583478,-0.101069272552,0.181818181818,0.034965034965,0,0.468531468531,NA,0,NA,NA,NA,NA,NA,NA,NA
DISPOSITION,validation,MODERATE_CONTROL,BROADLY_WEAK,ALL,40,143,143,-0.0722766173446,-0.0916737374961,-0.0528794971931,0.0747837262726,-0.134979428699,0.230769230769,0.0629370629371,0.027972027972,0.671328671329,NA,0,NA,NA,NA,NA,NA,NA,NA
DISPOSITION,validation,MODERATE_CONTROL,BROADLY_WEAK,ALL,60,143,143,-0.0186608361,-0.0424807294841,0.00515905728405,0.113968375545,-0.138902941643,0.370629370629,0.146853146853,0.0629370629371,0.692307692308,NA,0,NA,NA,NA,NA,NA,NA,NA
DISPOSITION,validation,MODERATE_CONTROL,BROADLY_WEAK,ALL,120,143,143,-0.0362202417141,-0.0807477561977,0.00830727276945,0.211299758901,-0.226913624139,0.538461538462,0.328671328671,0.216783216783,0.895104895105,NA,0,NA,NA,NA,NA,NA,NA,NA
DISPOSITION,validation,MODERATE_CONTROL,RECOVERING,ALL,5,55,55,0.0245324864576,0.00889537890966,0.0401695940056,0.080868621027,-0.0168738394071,0.309090909091,0.0545454545455,0.0181818181818,0.0181818181818,NA,0,NA,NA,NA,NA,NA,NA,NA
DISPOSITION,validation,MODERATE_CONTROL,RECOVERING,ALL,10,55,55,0.0302244603707,0.00509412784677,0.0553547928945,0.100287517152,-0.0312127324161,0.436363636364,0.0727272727273,0.0181818181818,0.0545454545455,NA,0,NA,NA,NA,NA,NA,NA,NA
DISPOSITION,validation,MODERATE_CONTROL,RECOVERING,ALL,20,55,55,0.0643908159164,0.0222592098149,0.106522422018,0.155816502481,-0.0393626905124,0.581818181818,0.236363636364,0.0909090909091,0.0909090909091,NA,0,NA,NA,NA,NA,NA,NA,NA
DISPOSITION,validation,MODERATE_CONTROL,RECOVERING,ALL,40,55,55,0.178143881965,0.112648471618,0.243639292313,0.364839453254,-0.0447319228403,0.927272727273,0.781818181818,0.490909090909,0.0909090909091,NA,0,NA,NA,NA,NA,NA,NA,NA
DISPOSITION,validation,MODERATE_CONTROL,RECOVERING,ALL,60,55,55,0.216176027763,0.146248270451,0.286103785076,0.431879788709,-0.0494017241454,0.927272727273,0.8,0.563636363636,0.145454545455,NA,0,NA,NA,NA,NA,NA,NA,NA
DISPOSITION,validation,MODERATE_CONTROL,RECOVERING,ALL,120,55,55,0.138959003942,0.0452547511578,0.232663256726,0.505843249103,-0.0939523862644,0.927272727273,0.818181818182,0.618181818182,0.327272727273,NA,0,NA,NA,NA,NA,NA,NA,NA
DISPOSITION,validation,MODERATE_CONTROL,STRONG,ALL,5,262,223,0.0455970289711,0.0351471124494,0.0560469454929,0.0991781299869,-0.0189059442813,0.345291479821,0.107623318386,0.0358744394619,0.0134529147982,NA,0,NA,NA,NA,NA,NA,NA,NA
DISPOSITION,validation,MODERATE_CONTROL,STRONG,ALL,10,262,223,0.0770104637114,0.0594308818232,0.0945900455996,0.154414375338,-0.033176843342,0.556053811659,0.248878923767,0.125560538117,0.0717488789238,NA,0,NA,NA,NA,NA,NA,NA,NA
DISPOSITION,validation,MODERATE_CONTROL,STRONG,ALL,20,262,223,0.0510178544563,0.034464579992,0.0675711289206,0.18802791697,-0.0473529343899,0.652466367713,0.32735426009,0.199551569507,0.150224215247,NA,0,NA,NA,NA,NA,NA,NA,NA
DISPOSITION,validation,MODERATE_CONTROL,STRONG,ALL,40,262,223,0.0199396113165,-0.00359471202126,0.0434739346542,0.242090341069,-0.0801466981788,0.719730941704,0.457399103139,0.280269058296,0.367713004484,NA,0,NA,NA,NA,NA,NA,NA,NA
DISPOSITION,validation,MODERATE_CONTROL,STRONG,ALL,60,262,223,-0.00460315110698,-0.0330637521522,0.0238574499382,0.256136949517,-0.107923339457,0.724215246637,0.495515695067,0.311659192825,0.473094170404,NA,0,NA,NA,NA,NA,NA,NA,NA
DISPOSITION,validation,MODERATE_CONTROL,STRONG,ALL,120,262,223,-0.0221292577193,-0.0612256316686,0.0169671162301,0.335194168824,-0.15942760213,0.789237668161,0.582959641256,0.405829596413,0.612107623318,NA,0,NA,NA,NA,NA,NA,NA,NA
DISPOSITION,validation,MODERATE_CONTROL,ALL,LOW,5,86,66,0.0297270085709,0.0133791041315,0.0460749130104,0.0783871061436,-0.0230869093934,0.229797979798,0.0959595959596,0.0454545454545,0.0227272727273,NA,0,NA,NA,NA,NA,NA,NA,NA
DISPOSITION,validation,MODERATE_CONTROL,ALL,LOW,10,86,66,0.0624723352475,0.0292884362769,0.0956562342181,0.129863056262,-0.039007384754,0.454545454545,0.164141414141,0.0909090909091,0.0808080808081,NA,0,NA,NA,NA,NA,NA,NA,NA
DISPOSITION,validation,MODERATE_CONTROL,ALL,LOW,20,86,66,0.0443475626106,0.0129459195535,0.0757492056676,0.161147548867,-0.0486822078983,0.545454545455,0.247474747475,0.151515151515,0.133838383838,NA,0,NA,NA,NA,NA,NA,NA,NA
DISPOSITION,validation,MODERATE_CONTROL,ALL,LOW,40,86,66,0.0592342463666,0.0162092639402,0.102259228793,0.226419965968,-0.064347872504,0.659090909091,0.459595959596,0.227272727273,0.267676767677,NA,0,NA,NA,NA,NA,NA,NA,NA
DISPOSITION,validation,MODERATE_CONTROL,ALL,LOW,60,86,66,0.0656823633813,0.0183896659227,0.11297506084,0.249606045973,-0.0746368699875,0.757575757576,0.505050505051,0.242424242424,0.328282828283,NA,0,NA,NA,NA,NA,NA,NA,NA
DISPOSITION,validation,MODERATE_CONTROL,ALL,LOW,120,86,66,0.0418661263183,-0.0246592925276,0.108391545164,0.341850864384,-0.130933701399,0.808080808081,0.664141414141,0.409090909091,0.522727272727,NA,0,NA,NA,NA,NA,NA,NA,NA
DISPOSITION,validation,MODERATE_CONTROL,ALL,MODERATE,5,258,193,0.0226533558664,0.0124936958764,0.0328130158563,0.0699026264724,-0.0237050553494,0.225388601036,0.0414507772021,0.020725388601,0.0181347150259,NA,0,NA,NA,NA,NA,NA,NA,NA
DISPOSITION,validation,MODERATE_CONTROL,ALL,MODERATE,10,258,193,0.0432185537731,0.02658515527,0.0598519522761,0.111230899434,-0.038169310591,0.411053540587,0.150259067358,0.0518134715026,0.0647668393782,NA,0,NA,NA,NA,NA,NA,NA,NA
DISPOSITION,validation,MODERATE_CONTROL,ALL,MODERATE,20,258,193,0.0231981877433,0.00624037597764,0.040155999509,0.142192654999,-0.0544215557148,0.493955094991,0.230569948187,0.10621761658,0.19170984456,NA,0,NA,NA,NA,NA,NA,NA,NA
DISPOSITION,validation,MODERATE_CONTROL,ALL,MODERATE,40,258,193,0.0380750317063,0.00913444731587,0.0670156160967,0.228968161835,-0.0795741401908,0.612262521589,0.417098445596,0.261658031088,0.389896373057,NA,0,NA,NA,NA,NA,NA,NA,NA
DISPOSITION,validation,MODERATE_CONTROL,ALL,MODERATE,60,258,193,0.0544172114321,0.020796795356,0.0880376275081,0.26755075916,-0.0967665625277,0.658894645941,0.471502590674,0.310880829016,0.463730569948,NA,0,NA,NA,NA,NA,NA,NA,NA
DISPOSITION,validation,MODERATE_CONTROL,ALL,MODERATE,120,258,193,0.0370314178214,-0.00833644192996,0.0823992775727,0.364697079704,-0.154505814525,0.762521588946,0.569948186528,0.419689119171,0.62780656304,NA,0,NA,NA,NA,NA,NA,NA,NA
DISPOSITION,validation,MODERATE_CONTROL,ALL,HIGH,5,116,90,0.0287297721586,0.0117631184446,0.0456964258725,0.106081515497,-0.0296633094237,0.446296296296,0.127777777778,0.0277777777778,0.0537037037037,NA,0,NA,NA,NA,NA,NA,NA,NA
DISPOSITION,validation,MODERATE_CONTROL,ALL,HIGH,10,116,90,0.0221375897767,-0.00217944524287,0.0464546247962,0.135351478913,-0.0603393373038,0.490740740741,0.227777777778,0.133333333333,0.231481481481,NA,0,NA,NA,NA,NA,NA,NA,NA
DISPOSITION,validation,MODERATE_CONTROL,ALL,HIGH,20,116,90,-0.0145503179927,-0.0448532706783,0.015752634693,0.155956175912,-0.0901122977418,0.561111111111,0.264814814815,0.172222222222,0.414814814815,NA,0,NA,NA,NA,NA,NA,NA,NA
DISPOSITION,validation,MODERATE_CONTROL,ALL,HIGH,40,116,90,-0.0539432894799,-0.0881037098145,-0.0197828691453,0.18246216241,-0.138601737264,0.572222222222,0.301851851852,0.214814814815,0.608333333333,NA,0,NA,NA,NA,NA,NA,NA,NA
DISPOSITION,validation,MODERATE_CONTROL,ALL,HIGH,60,116,90,-0.0657871082303,-0.104191114262,-0.0273831021985,0.196615228885,-0.162927849332,0.594444444444,0.340740740741,0.237037037037,0.681481481481,NA,0,NA,NA,NA,NA,NA,NA,NA
DISPOSITION,validation,MODERATE_CONTROL,ALL,HIGH,120,116,90,-0.0678874814032,-0.133009060387,-0.00276590241969,0.282689160768,-0.224358937129,0.694444444444,0.462962962963,0.342592592593,0.794444444444,NA,0,NA,NA,NA,NA,NA,NA,NA
ENSEMBLE,discovery,HIGH_CONTROL_HIGH_PROFIT,ALL,ALL,5,3,3,-0.0433059604824,-0.13279629933,0.0461843783653,0.066155238124,-0.0854339436924,0.333333333333,0,0,0.666666666667,HIGH_CONTROL_LOW_MODERATE_PROFIT,3,-0.00385665423871,0.0355081645732,-0.0324574975403,0.333333333333,0,0,0.666666666667
ENSEMBLE,discovery,HIGH_CONTROL_HIGH_PROFIT,ALL,ALL,10,3,3,-0.0637913719962,-0.167135311732,0.0395525677398,0.0713635714573,-0.0976663595945,0.333333333333,0,0,0.666666666667,HIGH_CONTROL_LOW_MODERATE_PROFIT,3,-0.047096287026,0.0163391794116,-0.0250212535932,0.333333333333,0,0,0.333333333333
ENSEMBLE,discovery,HIGH_CONTROL_HIGH_PROFIT,ALL,ALL,20,3,3,-0.135696926364,-0.376696731425,0.105302878698,0.0847266004105,-0.18508487181,0.666666666667,0,0,0.666666666667,HIGH_CONTROL_LOW_MODERATE_PROFIT,3,0.0437093178146,0.0275458366341,0.0376860528345,0.666666666667,0,0,-0.333333333333
ENSEMBLE,discovery,HIGH_CONTROL_HIGH_PROFIT,ALL,ALL,40,3,3,-0.147386470228,-0.294474434511,-0.000298505945421,0.0847266004105,-0.220507504115,0.666666666667,0,0,1,HIGH_CONTROL_LOW_MODERATE_PROFIT,3,0.0359276184609,0.0275458366341,0.0784230771914,0.666666666667,0,0,0
ENSEMBLE,discovery,HIGH_CONTROL_HIGH_PROFIT,ALL,ALL,60,3,3,-0.0695921183896,-0.372484376886,0.233300140107,0.138490041271,-0.233723287421,1,0,0,1,HIGH_CONTROL_LOW_MODERATE_PROFIT,3,0.0408037914462,0.0813092774943,0.0652072938851,1,0,0,0
ENSEMBLE,discovery,HIGH_CONTROL_HIGH_PROFIT,ALL,ALL,120,3,3,-0.00545133125172,-0.258872253066,0.247969590562,0.303439181535,-0.233723287421,1,0.666666666667,0.666666666667,1,HIGH_CONTROL_LOW_MODERATE_PROFIT,3,0.132823164885,0.0791743888211,0.105764961819,0.666666666667,0.333333333333,0.333333333333,0
ENSEMBLE,discovery,HIGH_CONTROL_HIGH_PROFIT,BROADLY_WEAK,ALL,5,2,2,-0.0129711731395,-0.128817835076,0.102875488797,0.0487741415896,-0.0731050439789,0,0,0,0.5,HIGH_CONTROL_LOW_MODERATE_PROFIT,2,0.0129328242488,0.000902390579044,-0.0354654698079,0,0,0,0.5
ENSEMBLE,discovery,HIGH_CONTROL_HIGH_PROFIT,BROADLY_WEAK,ALL,10,2,2,-0.0222925625815,-0.132712043148,0.0881269179847,0.0565866415896,-0.0731050439789,0,0,0,0.5,HIGH_CONTROL_LOW_MODERATE_PROFIT,2,-0.0514324446318,-0.0278510871634,-0.0297267385892,0,0,0,0.5
ENSEMBLE,discovery,HIGH_CONTROL_HIGH_PROFIT,BROADLY_WEAK,ALL,20,2,2,-0.0261753589646,-0.215920042491,0.163569324561,0.0766311850194,-0.0834377052693,0.5,0,0,0.5,HIGH_CONTROL_LOW_MODERATE_PROFIT,2,0.110804729736,-0.0110411013296,0.0805665904435,0.5,0,0,-0.5
ENSEMBLE,discovery,HIGH_CONTROL_HIGH_PROFIT,BROADLY_WEAK,ALL,40,2,2,-0.0742907145166,-0.131977127872,-0.0166043011608,0.0766311850194,-0.136571653726,0.5,0,0,1,HIGH_CONTROL_LOW_MODERATE_PROFIT,2,0.11988193943,-0.0110411013296,0.141672126979,0.5,0,0,0
ENSEMBLE,discovery,HIGH_CONTROL_HIGH_PROFIT,BROADLY_WEAK,ALL,60,2,2,0.07756900896,-0.0825731528332,0.237711170753,0.15727634631,-0.154866276698,1,0,0,1,HIGH_CONTROL_LOW_MODERATE_PROFIT,2,0.146204698809,0.0696040599608,0.123377504007,1,0,0,0
ENSEMBLE,discovery,HIGH_CONTROL_HIGH_PROFIT,BROADLY_WEAK,ALL,120,2,2,0.0850951743762,-0.228239251588,0.398429600341,0.404700056706,-0.154866276698,1,1,1,1,HIGH_CONTROL_LOW_MODERATE_PROFIT,2,0.147069656223,0.066401726951,0.123377504007,0.5,0.5,0.5,0
ENSEMBLE,discovery,HIGH_CONTROL_HIGH_PROFIT,STRONG,ALL,5,1,1,-0.103975535168,NA,NA,0.100917431193,-0.110091743119,1,0,0,1,HIGH_CONTROL_LOW_MODERATE_PROFIT,1,-0.0374356112138,0.104719712561,-0.0264415530052,1,0,0,1
ENSEMBLE,discovery,HIGH_CONTROL_HIGH_PROFIT,STRONG,ALL,10,1,1,-0.146788990826,NA,NA,0.100917431193,-0.146788990826,1,0,0,1,HIGH_CONTROL_LOW_MODERATE_PROFIT,1,-0.0384239718143,0.104719712561,-0.0156102836014,1,0,0,0
ENSEMBLE,discovery,HIGH_CONTROL_HIGH_PROFIT,STRONG,ALL,20,1,1,-0.354740061162,NA,NA,0.100917431193,-0.388379204893,1,0,0,1,HIGH_CONTROL_LOW_MODERATE_PROFIT,1,-0.090481506029,0.104719712561,-0.0480750223835,1,0,0,0
ENSEMBLE,discovery,HIGH_CONTROL_HIGH_PROFIT,STRONG,ALL,40,1,1,-0.293577981651,NA,NA,0.100917431193,-0.388379204893,1,0,0,1,HIGH_CONTROL_LOW_MODERATE_PROFIT,1,-0.131981023476,0.104719712561,-0.0480750223835,1,0,0,0
ENSEMBLE,discovery,HIGH_CONTROL_HIGH_PROFIT,STRONG,ALL,60,1,1,-0.363914373089,NA,NA,0.100917431193,-0.391437308869,1,0,0,1,HIGH_CONTROL_LOW_MODERATE_PROFIT,1,-0.169998023279,0.104719712561,-0.051133126359,1,0,0,0
ENSEMBLE,discovery,HIGH_CONTROL_HIGH_PROFIT,STRONG,ALL,120,1,1,-0.186544342508,NA,NA,0.100917431193,-0.391437308869,1,0,0,1,HIGH_CONTROL_LOW_MODERATE_PROFIT,1,0.104330182207,0.104719712561,0.0705398774433,1,0,0,0
ENSEMBLE,discovery,HIGH_CONTROL_HIGH_PROFIT,ALL,LOW,5,1,1,-0.103975535168,NA,NA,0.100917431193,-0.110091743119,1,0,0,1,HIGH_CONTROL_LOW_MODERATE_PROFIT,1,-0.0374356112138,0.104719712561,-0.0264415530052,1,0,0,1
ENSEMBLE,discovery,HIGH_CONTROL_HIGH_PROFIT,ALL,LOW,10,1,1,-0.146788990826,NA,NA,0.100917431193,-0.146788990826,1,0,0,1,HIGH_CONTROL_LOW_MODERATE_PROFIT,1,-0.0384239718143,0.104719712561,-0.0156102836014,1,0,0,0
ENSEMBLE,discovery,HIGH_CONTROL_HIGH_PROFIT,ALL,LOW,20,1,1,-0.354740061162,NA,NA,0.100917431193,-0.388379204893,1,0,0,1,HIGH_CONTROL_LOW_MODERATE_PROFIT,1,-0.090481506029,0.104719712561,-0.0480750223835,1,0,0,0
ENSEMBLE,discovery,HIGH_CONTROL_HIGH_PROFIT,ALL,LOW,40,1,1,-0.293577981651,NA,NA,0.100917431193,-0.388379204893,1,0,0,1,HIGH_CONTROL_LOW_MODERATE_PROFIT,1,-0.131981023476,0.104719712561,-0.0480750223835,1,0,0,0
ENSEMBLE,discovery,HIGH_CONTROL_HIGH_PROFIT,ALL,LOW,60,1,1,-0.363914373089,NA,NA,0.100917431193,-0.391437308869,1,0,0,1,HIGH_CONTROL_LOW_MODERATE_PROFIT,1,-0.169998023279,0.104719712561,-0.051133126359,1,0,0,0
ENSEMBLE,discovery,HIGH_CONTROL_HIGH_PROFIT,ALL,LOW,120,1,1,-0.186544342508,NA,NA,0.100917431193,-0.391437308869,1,0,0,1,HIGH_CONTROL_LOW_MODERATE_PROFIT,1,0.104330182207,0.104719712561,0.0705398774433,1,0,0,0
ENSEMBLE,discovery,HIGH_CONTROL_HIGH_PROFIT,ALL,HIGH,5,2,2,-0.0129711731395,-0.128817835076,0.102875488797,0.0487741415896,-0.0731050439789,0,0,0,0.5,HIGH_CONTROL_LOW_MODERATE_PROFIT,2,0.0129328242488,0.000902390579044,-0.0354654698079,0,0,0,0.5
ENSEMBLE,discovery,HIGH_CONTROL_HIGH_PROFIT,ALL,HIGH,10,2,2,-0.0222925625815,-0.132712043148,0.0881269179847,0.0565866415896,-0.0731050439789,0,0,0,0.5,HIGH_CONTROL_LOW_MODERATE_PROFIT,2,-0.0514324446318,-0.0278510871634,-0.0297267385892,0,0,0,0.5
ENSEMBLE,discovery,HIGH_CONTROL_HIGH_PROFIT,ALL,HIGH,20,2,2,-0.0261753589646,-0.215920042491,0.163569324561,0.0766311850194,-0.0834377052693,0.5,0,0,0.5,HIGH_CONTROL_LOW_MODERATE_PROFIT,2,0.110804729736,-0.0110411013296,0.0805665904435,0.5,0,0,-0.5
ENSEMBLE,discovery,HIGH_CONTROL_HIGH_PROFIT,ALL,HIGH,40,2,2,-0.0742907145166,-0.131977127872,-0.0166043011608,0.0766311850194,-0.136571653726,0.5,0,0,1,HIGH_CONTROL_LOW_MODERATE_PROFIT,2,0.11988193943,-0.0110411013296,0.141672126979,0.5,0,0,0
ENSEMBLE,discovery,HIGH_CONTROL_HIGH_PROFIT,ALL,HIGH,60,2,2,0.07756900896,-0.0825731528332,0.237711170753,0.15727634631,-0.154866276698,1,0,0,1,HIGH_CONTROL_LOW_MODERATE_PROFIT,2,0.146204698809,0.0696040599608,0.123377504007,1,0,0,0
ENSEMBLE,discovery,HIGH_CONTROL_HIGH_PROFIT,ALL,HIGH,120,2,2,0.0850951743762,-0.228239251588,0.398429600341,0.404700056706,-0.154866276698,1,1,1,1,HIGH_CONTROL_LOW_MODERATE_PROFIT,2,0.147069656223,0.066401726951,0.123377504007,0.5,0.5,0.5,0
ENSEMBLE,discovery,HIGH_CONTROL_LOW_MODERATE_PROFIT,ALL,ALL,5,245,127,0.0217316960515,0.0065141171369,0.0369492749662,0.0640928464586,-0.0453129813986,0.210892388451,0.0709973753281,0.0459317585302,0.138976377953,LOW_CONTROL,245,0.0162261668774,0.0265556538004,0.0125152275365,0.0757217847769,0.0161417322835,0.0459317585302,-0.0603674540682
ENSEMBLE,discovery,HIGH_CONTROL_LOW_MODERATE_PROFIT,ALL,ALL,10,245,127,0.0149112545711,-0.00176979296869,0.0315923021108,0.089820287086,-0.0558399428813,0.295406824147,0.0729658792651,0.0538057742782,0.190288713911,LOW_CONTROL,245,0.0107957456225,0.020444947539,0.0173974403522,-0.0258530183727,-0.00708661417323,0.0380577427822,-0.0759842519685
ENSEMBLE,discovery,HIGH_CONTROL_LOW_MODERATE_PROFIT,ALL,ALL,20,245,127,-0.0226261538598,-0.0517326279205,0.00648032020095,0.132179932432,-0.139172250405,0.41062992126,0.16719160105,0.103805774278,0.629133858268,LOW_CONTROL,245,0.0274864004053,0.020360720398,0.0168215253057,-0.0140419947507,0.0122047244094,0.0391076115486,-0.116010498688
ENSEMBLE,discovery,HIGH_CONTROL_LOW_MODERATE_PROFIT,ALL,ALL,40,245,127,0.0357617808548,0.00597006590546,0.0655534958041,0.203810471515,-0.152646705257,0.559711286089,0.358005249344,0.222834645669,0.699212598425,LOW_CONTROL,245,0.0569538989719,0.0591922659676,0.0217690915401,0.0505249343832,0.110104986877,0.121522309711,-0.110892388451
ENSEMBLE,discovery,HIGH_CONTROL_LOW_MODERATE_PROFIT,ALL,ALL,60,244,127,0.0118595939998,-0.0261947438824,0.049913931882,0.261361273307,-0.170492053678,0.639238845144,0.448031496063,0.29501312336,0.727559055118,LOW_CONTROL,245,0.0784026632224,0.0781178486161,0.0222591551281,0.0156167979003,0.159711286089,0.118897637795,-0.103805774278
ENSEMBLE,discovery,HIGH_CONTROL_LOW_MODERATE_PROFIT,ALL,ALL,120,242,126,0.127414320822,0.0807230310155,0.174105610629,0.379319407078,-0.18939505449,0.754100529101,0.631878306878,0.483068783069,0.756349206349,LOW_CONTROL,245,0.0389018480662,0.00867030373788,0.0373581128979,-0.119708994709,0.0146825396825,0.122883597884,-0.105423280423
ENSEMBLE,discovery,HIGH_CONTROL_LOW_MODERATE_PROFIT,BROADLY_WEAK,ALL,5,152,87,0.0246455366452,0.00426762367232,0.045023449618,0.068137392365,-0.0644003396131,0.285440613027,0.0929118773946,0.051724137931,0.27969348659,LOW_CONTROL,152,0.0144982379557,0.0303096743522,0.0245972597837,0.0890804597701,-0.00287356321839,0.051724137931,-0.137931034483
ENSEMBLE,discovery,HIGH_CONTROL_LOW_MODERATE_PROFIT,BROADLY_WEAK,ALL,10,152,87,0.0205237911313,-0.00170925045362,0.0427568327162,0.102142268962,-0.0769662957997,0.361111111111,0.0967432950192,0.0632183908046,0.345785440613,LOW_CONTROL,152,0.0334659319148,0.0358896127923,0.0310689849165,0.0986590038314,-0.044061302682,0.0402298850575,-0.188697318008
ENSEMBLE,discovery,HIGH_CONTROL_LOW_MODERATE_PROFIT,BROADLY_WEAK,ALL,20,152,87,0.0371067576333,-0.00174539978778,0.0759589150545,0.169747922075,-0.0972708431692,0.568007662835,0.231800766284,0.138888888889,0.449233716475,LOW_CONTROL,152,0.0491302592476,0.0295868105324,0.0341425549086,0.0929118773946,-0.0613026819923,0.0277777777778,-0.147509578544
ENSEMBLE,discovery,HIGH_CONTROL_LOW_MODERATE_PROFIT,BROADLY_WEAK,ALL,40,152,87,0.046493410823,0.00557637421133,0.0874104474347,0.242766069281,-0.124472455458,0.695402298851,0.430076628352,0.245210727969,0.586206896552,LOW_CONTROL,152,0.0907153939266,0.0752001557408,0.043876298265,0.0756704980843,0.0411877394636,0.10153256705,-0.116858237548
ENSEMBLE,discovery,HIGH_CONTROL_LOW_MODERATE_PROFIT,BROADLY_WEAK,ALL,60,151,87,0.0985451743801,0.048944807032,0.148145541728,0.33602873757,-0.131771449617,0.817049808429,0.574712643678,0.355363984674,0.594827586207,LOW_CONTROL,152,0.109486716996,0.112158587163,0.0425188556746,0.00287356321839,0.109195402299,0.0670498084291,-0.145593869732
ENSEMBLE,discovery,HIGH_CONTROL_LOW_MODERATE_PROFIT,BROADLY_WEAK,ALL,120,150,86,0.184378386582,0.124888920766,0.243867852397,0.503487001436,-0.147268992974,0.915697674419,0.811046511628,0.621124031008,0.633720930233,LOW_CONTROL,152,0.0127210002945,-0.0485317943164,0.0544329463554,-0.078488372093,0.0387596899225,-0.0232558139535,-0.126937984496
ENSEMBLE,discovery,HIGH_CONTROL_LOW_MODERATE_PROFIT,STRONG,ALL,5,93,93,0.0108863261328,-0.00147714296093,0.0232497952265,0.0476843328274,-0.0305409807729,0.0967741935484,0.0215053763441,0.0215053763441,0.0215053763441,LOW_CONTROL,93,0.0181749204565,0.0178644508927,-0.000778257749965,0.0752688172043,0.0215053763441,0.0215053763441,0.0215053763441
ENSEMBLE,discovery,HIGH_CONTROL_LOW_MODERATE_PROFIT,STRONG,ALL,10,93,93,0.00617589559229,-0.00783941186067,0.0201912030453,0.0638989401918,-0.0383637006522,0.193548387097,0.0215053763441,0.0215053763441,0.0537634408602,LOW_CONTROL,93,-0.0204626966724,-0.00675045893133,0.00281120131392,-0.225806451613,0.0215053763441,0.0215053763441,0.0430107526882
ENSEMBLE,discovery,HIGH_CONTROL_LOW_MODERATE_PROFIT,STRONG,ALL,20,93,93,-0.0710867692391,-0.0983336908138,-0.0438398476644,0.0954604260499,-0.175798389002,0.258064516129,0.129032258065,0.0752688172043,0.827956989247,LOW_CONTROL,93,0.0205586691947,0.0104543618042,0.00911258077238,-0.161290322581,0.129032258065,0.0752688172043,-0.129032258065
ENSEMBLE,discovery,HIGH_CONTROL_LOW_MODERATE_PROFIT,STRONG,ALL,40,93,93,0.0477414436791,0.0115301698889,0.0839527174693,0.177724785091,-0.176117864334,0.483870967742,0.344086021505,0.225806451613,0.827956989247,LOW_CONTROL,93,0.0569406059197,0.0599995647601,0.00879310544084,0.0537634408602,0.279569892473,0.193548387097,-0.129032258065
ENSEMBLE,discovery,HIGH_CONTROL_LOW_MODERATE_PROFIT,STRONG,ALL,60,93,93,-0.0543286756309,-0.0950563529543,-0.0136009983075,0.194888697879,-0.205010738009,0.494623655914,0.365591397849,0.247311827957,0.870967741935,LOW_CONTROL,93,0.0942022746453,0.0611831201329,0.021521702883,0.0537634408602,0.301075268817,0.215053763441,-0.0860215053763
ENSEMBLE,discovery,HIGH_CONTROL_LOW_MODERATE_PROFIT,STRONG,ALL,120,92,92,0.117579382775,0.0648853826036,0.170273382945,0.269684566395,-0.224704852443,0.641304347826,0.510869565217,0.358695652174,0.891304347826,LOW_CONTROL,93,0.123289205698,0.073210828395,0.053157822088,-0.141304347826,0.0760869565217,0.304347826087,-0.0978260869565
ENSEMBLE,discovery,HIGH_CONTROL_LOW_MODERATE_PROFIT,ALL,LOW,5,8,6,0.0362548163696,-0.0232745652225,0.0957841979618,0.0596674022731,-0.0677568310255,0.333333333333,0,0,0.388888888889,LOW_CONTROL,8,0.0582818385739,0.0468123642273,0.0172034126824,0.277777777778,0,0,0
ENSEMBLE,discovery,HIGH_CONTROL_LOW_MODERATE_PROFIT,ALL,LOW,10,8,6,0.0165975758072,-0.0271229098435,0.0603180614579,0.0738432361087,-0.0710248048817,0.333333333333,0,0,0.388888888889,LOW_CONTROL,8,0.0585201372139,0.0363657122284,0.0281056576109,0.277777777778,0,0,-0.222222222222
ENSEMBLE,discovery,HIGH_CONTROL_LOW_MODERATE_PROFIT,ALL,LOW,20,8,6,-0.0486684683637,-0.12252489549,0.0251879587622,0.0834984085225,-0.145968373612,0.333333333333,0.166666666667,0,0.944444444444,LOW_CONTROL,8,-0.0148228141584,-0.0151103286347,0.0489692496284,0.0555555555556,-0.0555555555556,-0.0555555555556,0
ENSEMBLE,discovery,HIGH_CONTROL_LOW_MODERATE_PROFIT,ALL,LOW,40,8,6,0.0273766789059,-0.0406512926337,0.0954046504455,0.146886533137,-0.145968373612,0.555555555556,0.333333333333,0.166666666667,0.944444444444,LOW_CONTROL,8,0.0569088837182,-0.0321772773141,0.0623025829617,0.277777777778,0.0555555555556,-0.111111111111,0
ENSEMBLE,discovery,HIGH_CONTROL_LOW_MODERATE_PROFIT,ALL,LOW,60,8,6,0.0311825196797,-0.0928526128577,0.155217652217,0.172612543238,-0.14705769823,0.555555555556,0.5,0.166666666667,0.944444444444,LOW_CONTROL,8,0.129402139201,-0.0317889330766,0.101157303107,-0.0555555555556,0.222222222222,-0.111111111111,0
ENSEMBLE,discovery,HIGH_CONTROL_LOW_MODERATE_PROFIT,ALL,LOW,120,8,6,0.0890689288064,-0.0775851924518,0.255723050065,0.363807183256,-0.176741794091,0.777777777778,0.777777777778,0.444444444444,0.944444444444,LOW_CONTROL,8,0.0103398585464,-0.0631403857472,0.100162256008,0,0.166666666667,0,0
ENSEMBLE,discovery,HIGH_CONTROL_LOW_MODERATE_PROFIT,ALL,MODERATE,5,88,66,0.0200012258837,0.00239624177265,0.0376062099947,0.0604405680204,-0.0391999711749,0.164141414141,0.0429292929293,0.0378787878788,0.126262626263,LOW_CONTROL,88,0.00964342499503,0.0166585772211,0.00741298197977,0.0239898989899,-0.0252525252525,0.0378787878788,0.0151515151515
ENSEMBLE,discovery,HIGH_CONTROL_LOW_MODERATE_PROFIT,ALL,MODERATE,10,88,66,0.0121795844112,-0.0109369706125,0.035296139435,0.0845922447779,-0.0515581870372,0.239898989899,0.0505050505051,0.0378787878788,0.20202020202,LOW_CONTROL,88,0.0151172392195,0.0167189257124,0.0139013046942,0.00757575757576,-0.0479797979798,0.00757575757576,-0.00378787878788
ENSEMBLE,discovery,HIGH_CONTROL_LOW_MODERATE_PROFIT,ALL,MODERATE,20,88,66,-0.0306013333639,-0.0677045926371,0.00650192590928,0.112890503632,-0.136145568562,0.352272727273,0.10101010101,0.0757575757576,0.630050505051,LOW_CONTROL,88,0.0204880795407,0.0148000961073,0.0163899705552,0.0517676767677,-0.0505050505051,0.00378787878788,-0.0164141414141
ENSEMBLE,discovery,HIGH_CONTROL_LOW_MODERATE_PROFIT,ALL,MODERATE,40,88,66,0.0335137984283,-0.0110594485923,0.0780870454489,0.186984771885,-0.145956806723,0.556818181818,0.310606060606,0.169191919192,0.683080808081,LOW_CONTROL,88,0.0275766829858,0.0583844534197,0.0174826566256,0.138888888889,0.0530303030303,0.0820707070707,-0.00883838383838
ENSEMBLE,discovery,HIGH_CONTROL_LOW_MODERATE_PROFIT,ALL,MODERATE,60,88,66,0.0209860641839,-0.035773202016,0.0777453303838,0.253917131645,-0.160853731843,0.651515151515,0.416666666667,0.295454545455,0.728535353535,LOW_CONTROL,88,0.0399176039389,0.0864148462531,0.00499791895318,0.107323232323,0.123737373737,0.132575757576,-0.00126262626263
ENSEMBLE,discovery,HIGH_CONTROL_LOW_MODERATE_PROFIT,ALL,MODERATE,120,88,66,0.121650363325,0.0594475924627,0.183853134187,0.372523685118,-0.176292692984,0.742424242424,0.598484848485,0.462121212121,0.758838383838,LOW_CONTROL,88,-0.0078792579415,0.0490042626913,-0.000813129631243,-0.00757575757576,-0.0719696969697,0.0669191919192,0.0138888888889
ENSEMBLE,discovery,HIGH_CONTROL_LOW_MODERATE_PROFIT,ALL,HIGH,5,149,81,0.0174652567393,-0.00236626656679,0.0372967800453,0.0607870790169,-0.0496259097422,0.216872427984,0.0802469135802,0.0411522633745,0.138888888889,LOW_CONTROL,149,0.0122045841201,0.0236636495295,0.0142397324883,0.0946502057613,0.0310699588477,0.0411522633745,-0.114403292181
ENSEMBLE,discovery,HIGH_CONTROL_LOW_MODERATE_PROFIT,ALL,HIGH,10,149,81,0.0135926681753,-0.00641379554563,0.0335991318962,0.0883440120638,-0.0603483256694,0.315432098765,0.0802469135802,0.0534979423868,0.18621399177,LOW_CONTROL,149,0.00469003980149,0.0134542306896,0.0217393124816,-0.0973251028807,0.00534979423868,0.0534979423868,-0.147736625514
ENSEMBLE,discovery,HIGH_CONTROL_LOW_MODERATE_PROFIT,ALL,HIGH,20,149,81,-0.0118690418224,-0.0535632570109,0.0298251733662,0.14689574119,-0.137293768383,0.454938271605,0.210288065844,0.130041152263,0.607407407407,LOW_CONTROL,149,0.0366912194098,0.0211119563399,0.0148719359648,-0.080658436214,0.061316872428,0.070987654321,-0.196502057613
ENSEMBLE,discovery,HIGH_CONTROL_LOW_MODERATE_PROFIT,ALL,HIGH,40,149,81,0.0381722472429,-0.00174967736379,0.0780941718496,0.217049649462,-0.156876510836,0.55658436214,0.385802469136,0.259053497942,0.688477366255,LOW_CONTROL,149,0.0800516695822,0.0606468063773,0.020125140101,-0.0689300411523,0.152469135802,0.166049382716,-0.192386831276
ENSEMBLE,discovery,HIGH_CONTROL_LOW_MODERATE_PROFIT,ALL,HIGH,60,148,81,0.015879594219,-0.0334241308056,0.0651833192435,0.273857181604,-0.176500366725,0.634773662551,0.462139917695,0.293209876543,0.711522633745,LOW_CONTROL,149,0.112317752718,0.074675971804,0.0330623507459,-0.100617283951,0.162551440329,0.0979423868313,-0.171810699588
ENSEMBLE,discovery,HIGH_CONTROL_LOW_MODERATE_PROFIT,ALL,HIGH,120,146,80,0.150957867026,0.0894230472498,0.212492686803,0.405701953048,-0.192298990396,0.769791666667,0.686041666667,0.522083333333,0.731666666667,LOW_CONTROL,149,0.0870926170286,-0.0200684866381,0.0719913410356,-0.227083333333,0.0835416666667,0.139166666667,-0.193958333333
ENSEMBLE,discovery,LOW_CONTROL,ALL,ALL,5,1813,464,0.0270562372772,0.0240730102115,0.0300394643429,0.0546572351944,-0.0413675661188,0.233512931034,0.0368175287356,0.0105962643678,0.168103448276,NA,0,NA,NA,NA,NA,NA,NA,NA
ENSEMBLE,discovery,LOW_CONTROL,ALL,ALL,10,1813,464,0.0151590187517,0.0113741544223,0.018943883081,0.0826930511575,-0.0537304932544,0.35466954023,0.0938577586207,0.0264367816092,0.197737068966,NA,0,NA,NA,NA,NA,NA,NA,NA
ENSEMBLE,discovery,LOW_CONTROL,ALL,ALL,20,1812,464,-0.0066203086497,-0.0127662341079,-0.000474383191507,0.119402242156,-0.0991491916457,0.468283045977,0.167097701149,0.066882183908,0.421551724138,NA,0,NA,NA,NA,NA,NA,NA,NA
ENSEMBLE,discovery,LOW_CONTROL,ALL,ALL,40,1811,464,0.0262968176067,0.0160448645249,0.0365487706886,0.172451531592,-0.111239625079,0.605387931034,0.300897988506,0.146479885057,0.480495689655,NA,0,NA,NA,NA,NA,NA,NA,NA
ENSEMBLE,discovery,LOW_CONTROL,ALL,ALL,60,1810,463,0.0465544241709,0.0313715019274,0.0617373464144,0.237118382499,-0.122394070805,0.729265658747,0.433189344852,0.258027357811,0.512311015119,NA,0,NA,NA,NA,NA,NA,NA,NA
ENSEMBLE,discovery,LOW_CONTROL,ALL,ALL,120,1807,463,0.141779512657,0.116622850924,0.16693617439,0.422612662524,-0.137584962617,0.877033837293,0.698848092153,0.539920806335,0.545824334053,NA,0,NA,NA,NA,NA,NA,NA,NA
ENSEMBLE,discovery,LOW_CONTROL,BROADLY_WEAK,ALL,5,1556,462,0.0270693354539,0.0236987462376,0.0304399246702,0.0542896336877,-0.0459526662378,0.242784992785,0.0395021645022,0.0117243867244,0.196428571429,NA,0,NA,NA,NA,NA,NA,NA,NA
ENSEMBLE,discovery,LOW_CONTROL,BROADLY_WEAK,ALL,10,1556,462,0.0150705511393,0.0109070676106,0.0192340346679,0.0841023392517,-0.0589783289631,0.367243867244,0.0995670995671,0.0297619047619,0.228174603175,NA,0,NA,NA,NA,NA,NA,NA,NA
ENSEMBLE,discovery,LOW_CONTROL,BROADLY_WEAK,ALL,20,1555,462,0.00398979332661,-0.00212164640273,0.0101012330559,0.122707504744,-0.086512942225,0.484126984127,0.175865800866,0.0708874458874,0.364177489177,NA,0,NA,NA,NA,NA,NA,NA,NA
ENSEMBLE,discovery,LOW_CONTROL,BROADLY_WEAK,ALL,40,1554,461,0.0259856995637,0.0149641475094,0.037007251618,0.176768756147,-0.100461080113,0.62129428778,0.309472161967,0.149132321041,0.432212581345,NA,0,NA,NA,NA,NA,NA,NA,NA
ENSEMBLE,discovery,LOW_CONTROL,BROADLY_WEAK,ALL,60,1554,461,0.0626606167572,0.046490617652,0.0788306158625,0.247079306877,-0.112431995375,0.750903832249,0.455169920463,0.266992046276,0.466377440347,NA,0,NA,NA,NA,NA,NA,NA,NA
ENSEMBLE,discovery,LOW_CONTROL,BROADLY_WEAK,ALL,120,1551,460,0.160701979091,0.135038090548,0.186365867634,0.447617342811,-0.123522833818,0.905434782609,0.738043478261,0.573550724638,0.496376811594,NA,0,NA,NA,NA,NA,NA,NA,NA
ENSEMBLE,discovery,LOW_CONTROL,STRONG,ALL,5,257,257,0.0232956379172,0.0178278856499,0.0287633901846,0.0539572885543,-0.0159343838302,0.15953307393,0.0311284046693,0.00778210116732,0.00778210116732,NA,0,NA,NA,NA,NA,NA,NA,NA
ENSEMBLE,discovery,LOW_CONTROL,STRONG,ALL,10,257,257,0.00832962030841,0.00203287414422,0.0146263664726,0.0684667754674,-0.0231993730477,0.229571984436,0.0583657587549,0.011673151751,0.0194552529183,NA,0,NA,NA,NA,NA,NA,NA,NA
ENSEMBLE,discovery,LOW_CONTROL,STRONG,ALL,20,257,257,-0.0944817658999,-0.109033792077,-0.0799297397228,0.0924808531315,-0.200329993665,0.322957198444,0.108949416342,0.0389105058366,0.898832684825,NA,0,NA,NA,NA,NA,NA,NA,NA
ENSEMBLE,discovery,LOW_CONTROL,STRONG,ALL,40,257,257,0.00412935624255,-0.0111233353021,0.0193820477872,0.133824949888,-0.200718298115,0.451361867704,0.210116731518,0.11673151751,0.898832684825,NA,0,NA,NA,NA,NA,NA,NA,NA
ENSEMBLE,discovery,LOW_CONTROL,STRONG,ALL,60,256,256,-0.0995346191486,-0.116183310995,-0.082885927302,0.154206028212,-0.212156483953,0.53515625,0.2421875,0.15625,0.92578125,NA,0,NA,NA,NA,NA,NA,NA,NA
ENSEMBLE,discovery,LOW_CONTROL,STRONG,ALL,120,256,256,-0.00882100598333,-0.0396103331859,0.0219683212193,0.223440598339,-0.248129908011,0.640625,0.3671875,0.24609375,0.96484375,NA,0,NA,NA,NA,NA,NA,NA,NA
ENSEMBLE,discovery,LOW_CONTROL,ALL,LOW,5,1596,435,0.0267933537498,0.0237017308886,0.0298849766111,0.0533384159456,-0.0396073838421,0.233218390805,0.0332950191571,0.00854406130268,0.16275862069,NA,0,NA,NA,NA,NA,NA,NA,NA
ENSEMBLE,discovery,LOW_CONTROL,ALL,LOW,10,1596,435,0.0150900779885,0.0112588506279,0.018921305349,0.0800002772093,-0.0505250260993,0.345134099617,0.0948275862069,0.020153256705,0.181302681992,NA,0,NA,NA,NA,NA,NA,NA,NA
ENSEMBLE,discovery,LOW_CONTROL,ALL,LOW,20,1595,435,-0.00264160929805,-0.00955691099307,0.00427369239698,0.118468967838,-0.0942988051496,0.466896551724,0.166130268199,0.0628352490421,0.390881226054,NA,0,NA,NA,NA,NA,NA,NA,NA
ENSEMBLE,discovery,LOW_CONTROL,ALL,LOW,40,1594,435,0.0316695806606,0.0206544365463,0.042684724775,0.171329139621,-0.105633273111,0.608659003831,0.302950191571,0.147701149425,0.447011494253,NA,0,NA,NA,NA,NA,NA,NA,NA
ENSEMBLE,discovery,LOW_CONTROL,ALL,LOW,60,1593,434,0.0580331208149,0.0398036178279,0.0762626238018,0.241074522923,-0.116347625057,0.732757296467,0.446505376344,0.267703533026,0.480337941628,NA,0,NA,NA,NA,NA,NA,NA,NA
ENSEMBLE,discovery,LOW_CONTROL,ALL,LOW,120,1590,434,0.149173708538,0.121574953195,0.176772463881,0.429376993236,-0.132785121208,0.878571428571,0.705952380952,0.542012288786,0.521735791091,NA,0,NA,NA,NA,NA,NA,NA,NA
ENSEMBLE,discovery,LOW_CONTROL,ALL,MODERATE,5,189,131,0.0356811974212,0.0238811508497,0.0474812439926,0.0675050189284,-0.043829854219,0.304071246819,0.0419847328244,0.0139949109415,0.144402035623,NA,0,NA,NA,NA,NA,NA,NA,NA
ENSEMBLE,discovery,LOW_CONTROL,ALL,MODERATE,10,189,131,0.0250625274474,0.00895417085831,0.0411708840364,0.106543900047,-0.0611633734093,0.470737913486,0.124681933842,0.058524173028,0.229007633588,NA,0,NA,NA,NA,NA,NA,NA,NA
ENSEMBLE,discovery,LOW_CONTROL,ALL,MODERATE,20,189,131,-0.0223905231611,-0.0469553565243,0.00217431020198,0.136669322369,-0.128117977062,0.548982188295,0.189567430025,0.0903307888041,0.580788804071,NA,0,NA,NA,NA,NA,NA,NA,NA
ENSEMBLE,discovery,LOW_CONTROL,ALL,MODERATE,40,189,131,0.0242987726942,-0.00907233403369,0.0576698794221,0.198630964001,-0.138727220868,0.631679389313,0.295165394402,0.171755725191,0.638040712468,NA,0,NA,NA,NA,NA,NA,NA,NA
ENSEMBLE,discovery,LOW_CONTROL,ALL,MODERATE,60,189,131,0.0420331993945,-0.00750499344196,0.091571392231,0.269020839236,-0.148207322091,0.743638676845,0.400763358779,0.264631043257,0.648218829517,NA,0,NA,NA,NA,NA,NA,NA,NA
ENSEMBLE,discovery,LOW_CONTROL,ALL,MODERATE,120,189,131,0.114154203571,0.0591482622382,0.169160144903,0.43416250454,-0.164297763075,0.868956743003,0.649491094148,0.536259541985,0.681297709924,NA,0,NA,NA,NA,NA,NA,NA,NA
ENSEMBLE,discovery,LOW_CONTROL,ALL,HIGH,5,28,22,0.0529852246911,0.00505053594143,0.100919913441,0.113883973744,-0.0718309507738,0.5,0.318181818182,0.0909090909091,0.340909090909,NA,0,NA,NA,NA,NA,NA,NA,NA
ENSEMBLE,discovery,LOW_CONTROL,ALL,HIGH,10,28,22,0.0257068268044,-0.0208297942473,0.072243447856,0.165892847666,-0.0981848963547,0.568181818182,0.363636363636,0.204545454545,0.545454545455,NA,0,NA,NA,NA,NA,NA,NA,NA
ENSEMBLE,discovery,LOW_CONTROL,ALL,HIGH,20,28,22,-0.0415713450519,-0.0953828702319,0.0122401801281,0.242957918187,-0.163612081585,0.75,0.522727272727,0.363636363636,0.840909090909,NA,0,NA,NA,NA,NA,NA,NA,NA
ENSEMBLE,discovery,LOW_CONTROL,ALL,HIGH,40,28,22,-0.0763450999449,-0.147590015546,-0.00510018434339,0.261815667669,-0.204172554752,0.795454545455,0.568181818182,0.363636363636,0.863636363636,NA,0,NA,NA,NA,NA,NA,NA,NA
ENSEMBLE,discovery,LOW_CONTROL,ALL,HIGH,60,28,22,-0.0878662720862,-0.18467921714,0.00894667296744,0.292428078001,-0.230756097746,0.886363636364,0.659090909091,0.409090909091,0.863636363636,NA,0,NA,NA,NA,NA,NA,NA,NA
ENSEMBLE,discovery,LOW_CONTROL,ALL,HIGH,120,28,22,0.0941057128924,-0.0804702303138,0.268681656098,0.523445977811,-0.247306192712,0.954545454545,0.818181818182,0.613636363636,0.863636363636,NA,0,NA,NA,NA,NA,NA,NA,NA
ENSEMBLE,discovery,MODERATE_CONTROL,ALL,ALL,5,352,242,0.0143898024215,0.00550535560694,0.023274249236,0.0535169654811,-0.050762353009,0.231749311295,0.0375344352617,0.0237603305785,0.203856749311,NA,0,NA,NA,NA,NA,NA,NA,NA
ENSEMBLE,discovery,MODERATE_CONTROL,ALL,ALL,10,352,242,0.00191652320423,-0.00937720436201,0.0132102507705,0.0801806233573,-0.0668997713168,0.302685950413,0.0867768595041,0.0316804407713,0.269283746556,NA,0,NA,NA,NA,NA,NA,NA,NA
ENSEMBLE,discovery,MODERATE_CONTROL,ALL,ALL,20,352,242,-0.0229567615281,-0.0518542615685,0.00594073851229,0.142370261773,-0.151278996398,0.43629476584,0.173553719008,0.10020661157,0.730371900826,NA,0,NA,NA,NA,NA,NA,NA,NA
ENSEMBLE,discovery,MODERATE_CONTROL,ALL,ALL,40,352,242,0.0181230940261,-0.0177014110228,0.0539475990751,0.189282050506,-0.165548451639,0.49758953168,0.262741046832,0.156680440771,0.775826446281,NA,0,NA,NA,NA,NA,NA,NA,NA
ENSEMBLE,discovery,MODERATE_CONTROL,ALL,ALL,60,351,241,-0.0107603740353,-0.0425569102169,0.0210361621463,0.240698594188,-0.172871849487,0.592323651452,0.352697095436,0.224757952974,0.802904564315,NA,0,NA,NA,NA,NA,NA,NA,NA
ENSEMBLE,discovery,MODERATE_CONTROL,ALL,ALL,120,351,241,0.113834295742,0.0753740610928,0.152294530392,0.364863238004,-0.187790680575,0.725449515906,0.524550484094,0.381396957123,0.821230982019,NA,0,NA,NA,NA,NA,NA,NA,NA
ENSEMBLE,discovery,MODERATE_CONTROL,BROADLY_WEAK,ALL,5,221,162,0.0153098220943,0.000521761642674,0.0300978825459,0.0593436284178,-0.0736750467698,0.320987654321,0.0606995884774,0.0390946502058,0.368312757202,NA,0,NA,NA,NA,NA,NA,NA,NA
ENSEMBLE,discovery,MODERATE_CONTROL,BROADLY_WEAK,ALL,10,221,162,0.00215343650106,-0.0105826791521,0.0148895521542,0.0931403955811,-0.0935717757991,0.395061728395,0.130658436214,0.0504115226337,0.451646090535,NA,0,NA,NA,NA,NA,NA,NA,NA
ENSEMBLE,discovery,MODERATE_CONTROL,BROADLY_WEAK,ALL,20,221,162,-0.0104431558019,-0.0294363297345,0.00855001813061,0.148858628503,-0.119568335771,0.560699588477,0.218106995885,0.12037037037,0.616255144033,NA,0,NA,NA,NA,NA,NA,NA,NA
ENSEMBLE,discovery,MODERATE_CONTROL,BROADLY_WEAK,ALL,40,221,162,-0.0152285189331,-0.0398267282466,0.00936969038039,0.183063376514,-0.142426523079,0.631687242798,0.298353909465,0.161522633745,0.697530864198,NA,0,NA,NA,NA,NA,NA,NA,NA
ENSEMBLE,discovery,MODERATE_CONTROL,BROADLY_WEAK,ALL,60,220,161,0.0240027460296,-0.0140067411802,0.0620122332394,0.255025544289,-0.148480844561,0.741200828157,0.42132505176,0.256728778468,0.732919254658,NA,0,NA,NA,NA,NA,NA,NA,NA
ENSEMBLE,discovery,MODERATE_CONTROL,BROADLY_WEAK,ALL,120,220,161,0.130102435846,0.0836318951124,0.17657297658,0.421567135391,-0.16387359128,0.878881987578,0.669772256729,0.478260869565,0.762939958592,NA,0,NA,NA,NA,NA,NA,NA,NA
ENSEMBLE,discovery,MODERATE_CONTROL,STRONG,ALL,5,131,131,0.0163226843648,0.00758974164594,0.0250556270837,0.0476300804923,-0.0217618090112,0.12213740458,0.00763358778626,0.00763358778626,0.00763358778626,NA,0,NA,NA,NA,NA,NA,NA,NA
ENSEMBLE,discovery,MODERATE_CONTROL,STRONG,ALL,10,131,131,0.00812260950924,-0.00831779914563,0.0245630181641,0.0653280272844,-0.0294628960335,0.198473282443,0.030534351145,0.0152671755725,0.030534351145,NA,0,NA,NA,NA,NA,NA,NA,NA
ENSEMBLE,discovery,MODERATE_CONTROL,STRONG,ALL,20,131,131,-0.0248658115406,-0.0786939319369,0.0289623088557,0.140976838087,-0.18163396372,0.328244274809,0.137404580153,0.0839694656489,0.839694656489,NA,0,NA,NA,NA,NA,NA,NA,NA
ENSEMBLE,discovery,MODERATE_CONTROL,STRONG,ALL,40,131,131,0.0813039226947,0.0189618579874,0.143645987402,0.213755691923,-0.18213011097,0.396946564885,0.259541984733,0.175572519084,0.839694656489,NA,0,NA,NA,NA,NA,NA,NA,NA
ENSEMBLE,discovery,MODERATE_CONTROL,STRONG,ALL,60,131,131,-0.029956326454,-0.0741053959611,0.014192743053,0.241563380852,-0.190392462492,0.465648854962,0.328244274809,0.229007633588,0.854961832061,NA,0,NA,NA,NA,NA,NA,NA,NA
ENSEMBLE,discovery,MODERATE_CONTROL,STRONG,ALL,120,131,131,0.110633148729,0.0591014548113,0.162164842647,0.316864281341,-0.204166286564,0.587786259542,0.404580152672,0.312977099237,0.862595419847,NA,0,NA,NA,NA,NA,NA,NA,NA
ENSEMBLE,discovery,MODERATE_CONTROL,ALL,LOW,5,143,115,0.00827137182779,-0.00354488663676,0.0200876302923,0.0448740520437,-0.0489990753301,0.174637681159,0.0239130434783,0.0195652173913,0.190579710145,NA,0,NA,NA,NA,NA,NA,NA,NA
ENSEMBLE,discovery,MODERATE_CONTROL,ALL,LOW,10,143,115,-0.00770106036965,-0.0193840199933,0.00398189925397,0.0672979360957,-0.0613727735323,0.244202898551,0.0659420289855,0.0268115942029,0.234057971014,NA,0,NA,NA,NA,NA,NA,NA,NA
ENSEMBLE,discovery,MODERATE_CONTROL,ALL,LOW,20,143,115,-0.0378426778941,-0.0733498524571,-0.00233550333109,0.131109411744,-0.155035592567,0.397101449275,0.157246376812,0.0963768115942,0.744202898551,NA,0,NA,NA,NA,NA,NA,NA,NA
ENSEMBLE,discovery,MODERATE_CONTROL,ALL,LOW,40,143,115,0.0102252384809,-0.0401301426818,0.0605806196436,0.168622378967,-0.16853962315,0.470289855072,0.215217391304,0.134057971014,0.776086956522,NA,0,NA,NA,NA,NA,NA,NA,NA
ENSEMBLE,discovery,MODERATE_CONTROL,ALL,LOW,60,142,114,-0.0208511506263,-0.0668164583611,0.0251141571084,0.216355347247,-0.171863611702,0.581871345029,0.307748538012,0.201023391813,0.802631578947,NA,0,NA,NA,NA,NA,NA,NA,NA
ENSEMBLE,discovery,MODERATE_CONTROL,ALL,LOW,120,142,114,0.0763995219187,0.0205300727781,0.132268971059,0.320398923723,-0.193266746414,0.690058479532,0.445175438596,0.323830409357,0.823099415205,NA,0,NA,NA,NA,NA,NA,NA,NA
ENSEMBLE,discovery,MODERATE_CONTROL,ALL,MODERATE,5,160,124,0.0144109086742,0.0013099573601,0.0275118599884,0.0507642023881,-0.0526880876798,0.226478494624,0.0322580645161,0.0201612903226,0.207661290323,NA,0,NA,NA,NA,NA,NA,NA,NA
ENSEMBLE,discovery,MODERATE_CONTROL,ALL,MODERATE,10,160,124,0.011671028691,-0.0074781015939,0.0308201589759,0.0831184665255,-0.0699545776051,0.299059139785,0.0752688172043,0.0309139784946,0.262768817204,NA,0,NA,NA,NA,NA,NA,NA,NA
ENSEMBLE,discovery,MODERATE_CONTROL,ALL,MODERATE,20,160,124,0.000329390111948,-0.0496967904672,0.0503555706911,0.154516450658,-0.140512754115,0.438844086022,0.171370967742,0.108198924731,0.66935483871,NA,0,NA,NA,NA,NA,NA,NA,NA
ENSEMBLE,discovery,MODERATE_CONTROL,ALL,MODERATE,40,160,124,0.035245810041,-0.0179288536863,0.0884204737684,0.202350662901,-0.153140792768,0.495295698925,0.278225806452,0.168682795699,0.735215053763,NA,0,NA,NA,NA,NA,NA,NA,NA
ENSEMBLE,discovery,MODERATE_CONTROL,ALL,MODERATE,60,160,124,0.0127611423249,-0.0335294443415,0.0590517289913,0.262422384554,-0.162983688034,0.584677419355,0.388440860215,0.244623655914,0.764784946237,NA,0,NA,NA,NA,NA,NA,NA,NA
ENSEMBLE,discovery,MODERATE_CONTROL,ALL,MODERATE,120,160,124,0.151759316386,0.100045550871,0.203473081902,0.414639399578,-0.171484200267,0.770161290323,0.606182795699,0.42876344086,0.779569892473,NA,0,NA,NA,NA,NA,NA,NA,NA
ENSEMBLE,discovery,MODERATE_CONTROL,ALL,HIGH,5,49,38,0.0427668248395,0.0053572554396,0.0801763942394,0.0938119960686,-0.0461348511742,0.394736842105,0.0877192982456,0.0526315789474,0.214912280702,NA,0,NA,NA,NA,NA,NA,NA,NA
ENSEMBLE,discovery,MODERATE_CONTROL,ALL,HIGH,10,49,38,0.00521160502293,-0.018132148881,0.0285553589269,0.120498969952,-0.0677314608563,0.504385964912,0.197368421053,0.0526315789474,0.320175438596,NA,0,NA,NA,NA,NA,NA,NA,NA
ENSEMBLE,discovery,MODERATE_CONTROL,ALL,HIGH,20,49,38,-0.0076496423492,-0.0453573762839,0.0300580915856,0.172468301471,-0.140846507883,0.644736842105,0.302631578947,0.135964912281,0.728070175439,NA,0,NA,NA,NA,NA,NA,NA,NA
ENSEMBLE,discovery,MODERATE_CONTROL,ALL,HIGH,40,49,38,0.0132688211479,-0.0406767669553,0.0672144092511,0.233845821639,-0.16171958716,0.697368421053,0.447368421053,0.232456140351,0.793859649123,NA,0,NA,NA,NA,NA,NA,NA,NA
ENSEMBLE,discovery,MODERATE_CONTROL,ALL,HIGH,60,49,38,0.00603661233611,-0.068077287475,0.0801505121472,0.287123932971,-0.171818381092,0.789473684211,0.539473684211,0.333333333333,0.815789473684,NA,0,NA,NA,NA,NA,NA,NA,NA
ENSEMBLE,discovery,MODERATE_CONTROL,ALL,HIGH,120,49,38,0.126350067913,0.0254538494702,0.227246286356,0.409058950021,-0.191300869894,0.881578947368,0.736842105263,0.530701754386,0.855263157895,NA,0,NA,NA,NA,NA,NA,NA,NA
ENSEMBLE,holdout,HIGH_CONTROL_HIGH_PROFIT,ALL,ALL,5,25,13,0.0744502985111,-0.00945389944337,0.158354496466,0.119662026804,-0.0380142282904,0.326923076923,0.0769230769231,0.0769230769231,0.192307692308,HIGH_CONTROL_LOW_MODERATE_PROFIT,25,0.00654898753917,-0.00837674572939,-0.00775770125698,-0.307692307692,-0.0961538461538,0.0769230769231,0.0961538461538
ENSEMBLE,holdout,HIGH_CONTROL_HIGH_PROFIT,ALL,ALL,10,25,13,0.0744134405268,-0.0780714888543,0.226898369908,0.203974995189,-0.0641637963796,0.576923076923,0.173076923077,0.153846153846,0.288461538462,HIGH_CONTROL_LOW_MODERATE_PROFIT,25,0.0237319288661,0.0261077360003,-0.0188183747166,-0.0769230769231,-0.0769230769231,-0.0192307692308,0.153846153846
ENSEMBLE,holdout,HIGH_CONTROL_HIGH_PROFIT,ALL,ALL,20,25,13,0.0573417538881,-0.0555576843644,0.170241192141,0.233798137199,-0.0940784684791,0.692307692308,0.288461538462,0.211538461538,0.403846153846,HIGH_CONTROL_LOW_MODERATE_PROFIT,25,-0.0988736361345,-0.0584801995936,-0.0213242226789,0.0384615384615,-0.230769230769,-0.192307692308,0.173076923077
ENSEMBLE,holdout,HIGH_CONTROL_HIGH_PROFIT,ALL,ALL,40,25,13,0.0373190810466,-0.0996563635317,0.174294525625,0.286092042275,-0.133398139982,0.788461538462,0.519230769231,0.307692307692,0.5,HIGH_CONTROL_LOW_MODERATE_PROFIT,25,-0.118204642316,-0.102605632812,-0.0306449305033,0.0192307692308,-0.115384615385,-0.230769230769,0.115384615385
ENSEMBLE,holdout,HIGH_CONTROL_HIGH_PROFIT,ALL,ALL,60,25,13,0.0799132933295,-0.054396709328,0.214223295987,0.345685075966,-0.164864210854,0.865384615385,0.75,0.461538461538,0.557692307692,HIGH_CONTROL_LOW_MODERATE_PROFIT,25,-0.0449599083429,-0.0505802285142,-0.0545385426325,0.0961538461538,0.115384615385,-0.0961538461538,0.173076923077
ENSEMBLE,holdout,HIGH_CONTROL_HIGH_PROFIT,ALL,ALL,120,25,13,0.0644250137346,-0.0878119081619,0.216661935631,0.436848082732,-0.184865798804,0.865384615385,0.75,0.692307692308,0.653846153846,HIGH_CONTROL_LOW_MODERATE_PROFIT,25,-0.240084236501,-0.175769508916,-0.0294336784094,-0.0384615384615,-0.0192307692308,0.134615384615,0.0192307692308
ENSEMBLE,holdout,HIGH_CONTROL_HIGH_PROFIT,BROADLY_WEAK,ALL,5,13,8,0.104991710969,-0.0163887461397,0.226372168078,0.139326870119,-0.0141092851739,0.375,0.125,0.125,0.0625,HIGH_CONTROL_LOW_MODERATE_PROFIT,13,0.0472050877424,0.0326267205371,-0.00245053793155,-0.1875,0.0625,0.125,0.0625
ENSEMBLE,holdout,HIGH_CONTROL_HIGH_PROFIT,BROADLY_WEAK,ALL,10,13,8,0.154916656572,-0.0800477833778,0.389881096523,0.258269129097,-0.0273882914552,0.75,0.125,0.125,0.0625,HIGH_CONTROL_LOW_MODERATE_PROFIT,13,0.122759566881,0.129924313795,0.00110358766311,0.1875,-0.0625,0.0625,0.0625
ENSEMBLE,holdout,HIGH_CONTROL_HIGH_PROFIT,BROADLY_WEAK,ALL,20,13,8,0.129741772558,-0.0317099291506,0.291193474266,0.29873770963,-0.0552065151034,0.8125,0.3125,0.1875,0.25,HIGH_CONTROL_LOW_MODERATE_PROFIT,13,-0.0428596711018,0.0349896905497,-0.00110228124045,0.25,-0.25,-0.25,0.125
ENSEMBLE,holdout,HIGH_CONTROL_HIGH_PROFIT,BROADLY_WEAK,ALL,40,13,8,0.114249676852,-0.100283878694,0.328783232397,0.340824887569,-0.0932978698822,0.875,0.5,0.3125,0.3125,HIGH_CONTROL_LOW_MODERATE_PROFIT,13,-0.0547209831324,-0.0463841275463,-0.0167565790262,0.125,-0.25,-0.25,0
ENSEMBLE,holdout,HIGH_CONTROL_HIGH_PROFIT,BROADLY_WEAK,ALL,60,13,8,0.193419289266,-0.0171117722056,0.403950350737,0.426311472594,-0.110263598619,0.875,0.8125,0.6875,0.375,HIGH_CONTROL_LOW_MODERATE_PROFIT,13,0.0969864182955,0.0193568398274,-0.0185928774545,0.125,0.0625,0.0625,0.0625
ENSEMBLE,holdout,HIGH_CONTROL_HIGH_PROFIT,BROADLY_WEAK,ALL,120,13,8,0.137432070095,-0.0594144248904,0.334278565081,0.549570283525,-0.127943884591,0.875,0.8125,0.8125,0.5,HIGH_CONTROL_LOW_MODERATE_PROFIT,13,0.0841087018304,0.072041159245,0.0453609361988,0.0625,0,0.1875,-0.1875
ENSEMBLE,holdout,HIGH_CONTROL_HIGH_PROFIT,RECOVERING,ALL,5,4,4,0.0505900859538,0.0210406799876,0.08013949192,0.0723671894029,-0.00388229066345,0,0,0,0,HIGH_CONTROL_LOW_MODERATE_PROFIT,4,0.0396943979323,-0.0258897465911,0.0181677250689,-0.5,0,0,0
ENSEMBLE,holdout,HIGH_CONTROL_HIGH_PROFIT,RECOVERING,ALL,10,4,4,0.0886660850084,-0.014148291953,0.19148046197,0.11023048888,-0.0122875871516,0.25,0.25,0,0,HIGH_CONTROL_LOW_MODERATE_PROFIT,4,0.0806008146041,0.00827806138587,0.0425779035851,-0.25,0.25,0,-0.25
ENSEMBLE,holdout,HIGH_CONTROL_HIGH_PROFIT,RECOVERING,ALL,20,4,4,0.193465423628,0.0962688727772,0.290661974479,0.210604485828,-0.0122875871516,1,0.5,0.25,0,HIGH_CONTROL_LOW_MODERATE_PROFIT,4,0.282545900505,0.108652058334,0.103261998454,0.5,0.5,0.25,-0.75
ENSEMBLE,holdout,HIGH_CONTROL_HIGH_PROFIT,RECOVERING,ALL,40,4,4,0.23559290873,0.101000574327,0.370185243133,0.351269321194,-0.0122875871516,1,1,0.75,0,HIGH_CONTROL_LOW_MODERATE_PROFIT,4,0.170955323989,0.155464588947,0.125848380567,0.25,0.75,0.5,-0.75
ENSEMBLE,holdout,HIGH_CONTROL_HIGH_PROFIT,RECOVERING,ALL,60,4,4,0.111089186594,0.0218248692049,0.200353503983,0.458458080261,-0.0122875871516,1,1,0.75,0,HIGH_CONTROL_LOW_MODERATE_PROFIT,4,0.0997483707566,0.262653348014,0.125848380567,0.25,0.75,0.5,-0.75
ENSEMBLE,holdout,HIGH_CONTROL_HIGH_PROFIT,RECOVERING,ALL,120,4,4,0.208147835809,-0.0212315598571,0.437527231476,0.458458080261,-0.0966862317743,1,1,0.75,0.5,HIGH_CONTROL_LOW_MODERATE_PROFIT,4,0.233554312339,0.258017114063,0.0654267117129,0.25,0.75,0.5,-0.25
ENSEMBLE,holdout,HIGH_CONTROL_HIGH_PROFIT,STRONG,ALL,5,8,8,0.042515110214,-0.0235880929802,0.108618313408,0.103974507048,-0.0489629396316,0.375,0,0,0.25,HIGH_CONTROL_LOW_MODERATE_PROFIT,8,-0.034810539647,-0.0373061693699,-0.000277696802914,-0.25,-0.25,0,0
ENSEMBLE,holdout,HIGH_CONTROL_HIGH_PROFIT,STRONG,ALL,10,8,8,-0.0360225279722,-0.0878476083084,0.015802552364,0.126479699635,-0.0969008644961,0.5,0.125,0.125,0.5,HIGH_CONTROL_LOW_MODERATE_PROFIT,8,-0.102400744712,-0.0974974069026,-0.0350148122029,-0.25,-0.25,-0.125,0.25
ENSEMBLE,holdout,HIGH_CONTROL_HIGH_PROFIT,STRONG,ALL,20,8,8,-0.0403028990624,-0.108258902215,0.0276531040905,0.127806663542,-0.128404946402,0.5,0.125,0.125,0.5,HIGH_CONTROL_LOW_MODERATE_PROFIT,8,-0.130157479973,-0.160737623903,-0.0371479501116,-0.25,-0.375,-0.125,0.125
ENSEMBLE,holdout,HIGH_CONTROL_HIGH_PROFIT,STRONG,ALL,40,8,8,-0.0867751597538,-0.14666361831,-0.0268867011978,0.201047759167,-0.171876972871,0.625,0.5,0.25,0.75,HIGH_CONTROL_LOW_MODERATE_PROFIT,8,-0.153315145773,-0.125233540408,-0.0239895305761,-0.125,0,-0.125,0.25
ENSEMBLE,holdout,HIGH_CONTROL_HIGH_PROFIT,STRONG,ALL,60,8,8,-0.026891798155,-0.14371906308,0.0899354667701,0.227897401172,-0.238963080108,0.75,0.625,0.25,0.875,HIGH_CONTROL_LOW_MODERATE_PROFIT,8,-0.11864380171,-0.0983838984037,-0.0789468499351,0,0.125,-0.125,0.375
ENSEMBLE,holdout,HIGH_CONTROL_HIGH_PROFIT,STRONG,ALL,120,8,8,-0.032684276128,-0.226095356004,0.160726803748,0.298211286725,-0.2525830212,0.75,0.625,0.5,0.875,HIGH_CONTROL_LOW_MODERATE_PROFIT,8,-0.46125934833,-0.347801201971,-0.076082416027,-0.25,-0.125,0.125,0.25
ENSEMBLE,holdout,HIGH_CONTROL_HIGH_PROFIT,ALL,MODERATE,5,5,2,0.069239169849,0.0332360301848,0.105242309513,0.109573783431,-0.00203250803929,0.5,0,0,0,HIGH_CONTROL_LOW_MODERATE_PROFIT,5,0.0338879053476,0.0216181921518,0.0185842529176,-0.166666666667,0,0,0
ENSEMBLE,holdout,HIGH_CONTROL_HIGH_PROFIT,ALL,MODERATE,10,5,2,0.0841930052196,0.0633607744913,0.105025235948,0.149480789434,-0.011319957681,0.833333333333,0.166666666667,0,0,HIGH_CONTROL_LOW_MODERATE_PROFIT,5,0.0543535844724,0.0112837593769,0.0244270679274,0.166666666667,-0.25,0,0
ENSEMBLE,holdout,HIGH_CONTROL_HIGH_PROFIT,ALL,MODERATE,20,5,2,0.113260923655,0.0911616322955,0.135360215014,0.200989245924,-0.0259080939965,0.833333333333,0.416666666667,0.166666666667,0,HIGH_CONTROL_LOW_MODERATE_PROFIT,5,0.0530917148443,-0.0149654694854,0.0593897381623,0.166666666667,-0.25,-0.0833333333333,-0.333333333333
ENSEMBLE,holdout,HIGH_CONTROL_HIGH_PROFIT,ALL,MODERATE,40,5,2,0.0684935525855,-0.123326366645,0.260313471816,0.24958007157,-0.0583039981241,1,0.583333333333,0.333333333333,0.25,HIGH_CONTROL_LOW_MODERATE_PROFIT,5,0.0509844227101,0.00300991314945,0.0686719557014,0.166666666667,-0.0833333333333,0.0833333333333,-0.5
ENSEMBLE,holdout,HIGH_CONTROL_HIGH_PROFIT,ALL,MODERATE,60,5,2,0.123100742451,0.0388317146905,0.207369770212,0.300694278257,-0.0860058803342,1,1,0.5,0.5,HIGH_CONTROL_LOW_MODERATE_PROFIT,5,0.148239076431,0.0480963922893,0.0836001135036,0.166666666667,0.333333333333,0.25,-0.25
ENSEMBLE,holdout,HIGH_CONTROL_HIGH_PROFIT,ALL,MODERATE,120,5,2,0.0881086830772,0.0113024887754,0.164914877379,0.394768278377,-0.136235455373,1,1,1,1,HIGH_CONTROL_LOW_MODERATE_PROFIT,5,0.00443991060499,0.0630564683588,0.0602736858766,0.166666666667,0.333333333333,0.75,0.25
ENSEMBLE,holdout,HIGH_CONTROL_HIGH_PROFIT,ALL,HIGH,5,20,12,0.0701215754192,-0.021718086272,0.16196123711,0.118349630098,-0.0421176520513,0.270833333333,0.0833333333333,0.0833333333333,0.208333333333,HIGH_CONTROL_LOW_MODERATE_PROFIT,20,-0.00262514459389,-0.0116646590479,-0.00966655405612,-0.3125,-0.104166666667,0.0833333333333,0.104166666667
ENSEMBLE,holdout,HIGH_CONTROL_HIGH_PROFIT,ALL,HIGH,10,20,12,0.0602857861765,-0.108874477816,0.229446050169,0.204643381756,-0.0789338571094,0.5,0.166666666667,0.166666666667,0.375,HIGH_CONTROL_LOW_MODERATE_PROFIT,20,0.0014885808592,0.0172895230249,-0.0324798192463,-0.166666666667,-0.104166666667,-0.0208333333333,0.229166666667
ENSEMBLE,holdout,HIGH_CONTROL_HIGH_PROFIT,ALL,HIGH,20,20,12,0.0394040907467,-0.0856478438106,0.164456025304,0.229175569159,-0.111064273185,0.625,0.25,0.208333333333,0.5,HIGH_CONTROL_LOW_MODERATE_PROFIT,20,-0.119902054546,-0.0691640094184,-0.0417328027284,-0.0416666666667,-0.270833333333,-0.1875,0.291666666667
ENSEMBLE,holdout,HIGH_CONTROL_HIGH_PROFIT,ALL,HIGH,40,20,12,0.0199287121139,-0.133526271654,0.173383695881,0.279753446451,-0.14919771186,0.708333333333,0.479166666667,0.291666666667,0.5625,HIGH_CONTROL_LOW_MODERATE_PROFIT,20,-0.147147308685,-0.118692337624,-0.0534382404047,-0.0625,-0.166666666667,-0.25,0.25
ENSEMBLE,holdout,HIGH_CONTROL_HIGH_PROFIT,ALL,HIGH,60,20,12,0.0596127668924,-0.0914765826255,0.21070211641,0.337351861876,-0.185475041113,0.791666666667,0.666666666667,0.4375,0.583333333333,HIGH_CONTROL_LOW_MODERATE_PROFIT,20,-0.0811200457747,-0.0682875661171,-0.0863686054654,0.0208333333333,0.0208333333333,-0.125,0.270833333333
ENSEMBLE,holdout,HIGH_CONTROL_HIGH_PROFIT,ALL,HIGH,120,20,12,0.0479953493018,-0.121427262273,0.217417960877,0.42080502704,-0.200864731179,0.791666666667,0.666666666667,0.604166666667,0.625,HIGH_CONTROL_LOW_MODERATE_PROFIT,20,-0.265326531829,-0.207697058044,-0.056547532437,-0.125,-0.125,0.0416666666667,0.0416666666667
ENSEMBLE,holdout,HIGH_CONTROL_LOW_MODERATE_PROFIT,ALL,ALL,5,222,126,0.0184161456756,0.00586637730016,0.0309659140511,0.075236858792,-0.032170946871,0.241402116402,0.0628306878307,0.0185185185185,0.0562169312169,LOW_CONTROL,222,0.0128682826115,0.0157167787795,0.0023398882819,-0.0132275132275,0.0403439153439,0.0185185185185,-0.108465608466
ENSEMBLE,holdout,HIGH_CONTROL_LOW_MODERATE_PROFIT,ALL,ALL,10,222,126,-0.00683099677814,-0.0208545740408,0.00719258048451,0.094522687465,-0.0620773318119,0.32208994709,0.121031746032,0.0456349206349,0.23082010582,LOW_CONTROL,222,0.0148378768415,0.0193770964965,0.0129230934665,-0.0595238095238,0.0701058201058,0.0231481481481,-0.0634920634921
ENSEMBLE,holdout,HIGH_CONTROL_LOW_MODERATE_PROFIT,ALL,ALL,20,222,126,0.00854258726057,-0.0152148637759,0.0323000382971,0.132791557937,-0.0887189481409,0.427248677249,0.230158730159,0.118386243386,0.410052910053,LOW_CONTROL,222,0.0494279459478,0.0345913668467,0.015032422697,0.0138888888889,0.0886243386243,0.0859788359788,-0.10582010582
ENSEMBLE,holdout,HIGH_CONTROL_LOW_MODERATE_PROFIT,ALL,ALL,40,222,126,0.00594618482346,-0.0266761770605,0.0385685467074,0.186152761205,-0.12580448151,0.537698412698,0.310185185185,0.205687830688,0.560185185185,LOW_CONTROL,222,0.00490313558177,0.0387012723009,0.0114071361646,-0.0522486772487,0.0661375661376,0.123677248677,-0.0667989417989
ENSEMBLE,holdout,HIGH_CONTROL_LOW_MODERATE_PROFIT,ALL,ALL,60,222,126,0.0157333619499,-0.0223305464798,0.0537972703796,0.226755474975,-0.154755412806,0.575396825397,0.386243386243,0.263888888889,0.661375661376,LOW_CONTROL,222,-0.0291740572692,0.0233083013609,0.00836889216453,-0.0575396825397,0.103835978836,0.0899470899471,-0.153439153439
ENSEMBLE,holdout,HIGH_CONTROL_LOW_MODERATE_PROFIT,ALL,ALL,120,222,126,0.0846347472763,0.0122986944902,0.156970800062,0.367787124477,-0.178932083528,0.679232804233,0.531746031746,0.412037037037,0.74537037037,LOW_CONTROL,222,0.00806493979547,0.0278713455013,0.0130144217914,-0.140873015873,-0.166005291005,0.0178571428571,-0.147486772487
ENSEMBLE,holdout,HIGH_CONTROL_LOW_MODERATE_PROFIT,BROADLY_WEAK,ALL,5,86,63,0.0357419694,0.017083980177,0.0543999586229,0.0774697133531,-0.0256882954667,0.301587301587,0.0714285714286,0.00793650793651,0.047619047619,LOW_CONTROL,86,-0.0213961658813,-0.0245203890029,-0.0225007097881,-0.285714285714,0.0238095238095,0.00793650793651,0.047619047619
ENSEMBLE,holdout,HIGH_CONTROL_LOW_MODERATE_PROFIT,BROADLY_WEAK,ALL,10,86,63,0.0236381474796,0.000710078066043,0.0465662168932,0.101318030227,-0.0406756620173,0.436507936508,0.134920634921,0.031746031746,0.119047619048,LOW_CONTROL,86,-0.0144296121879,-0.023250633873,-0.0135126099955,-0.277777777778,0.00793650793651,-0.015873015873,0.0873015873016
ENSEMBLE,holdout,HIGH_CONTROL_LOW_MODERATE_PROFIT,BROADLY_WEAK,ALL,20,86,63,0.0504409022035,0.0150934518145,0.0857883525924,0.145610788436,-0.0634131964008,0.531746031746,0.301587301587,0.103174603175,0.230158730159,LOW_CONTROL,86,0.0320131147481,0.00476419336185,0.00567887307776,-0.198412698413,0.150793650794,0.0396825396825,-0.198412698413
ENSEMBLE,holdout,HIGH_CONTROL_LOW_MODERATE_PROFIT,BROADLY_WEAK,ALL,40,86,63,0.063807484234,0.0143866462051,0.113228322263,0.201446526805,-0.0915595753379,0.642857142857,0.380952380952,0.222222222222,0.404761904762,LOW_CONTROL,86,0.0404921552548,0.0310746004905,0.00924646445498,-0.134920634921,0.190476190476,0.0555555555556,-0.119047619048
ENSEMBLE,holdout,HIGH_CONTROL_LOW_MODERATE_PROFIT,BROADLY_WEAK,ALL,60,86,63,0.0735586369768,0.00630643393301,0.140810840021,0.248572428689,-0.117728322846,0.674603174603,0.436507936508,0.31746031746,0.52380952381,LOW_CONTROL,86,-0.0251434735344,-0.00263682932719,0.00176669421572,-0.150793650794,0.198412698413,0.134920634921,-0.174603174603
ENSEMBLE,holdout,HIGH_CONTROL_LOW_MODERATE_PROFIT,BROADLY_WEAK,ALL,120,86,63,0.121956838159,0.0294470345747,0.214466641743,0.393770966971,-0.153137801675,0.746031746032,0.619047619048,0.5,0.595238095238,LOW_CONTROL,86,0.0778242434875,0.0125839329015,0.0188426442761,-0.0793650793651,-0.0238095238095,-0.015873015873,-0.15873015873
ENSEMBLE,holdout,HIGH_CONTROL_LOW_MODERATE_PROFIT,RECOVERING,ALL,5,79,79,0.00143686362056,-0.0113150475402,0.0141887747813,0.0541870583222,-0.0304788052331,0.126582278481,0.0126582278481,0,0.0379746835443,LOW_CONTROL,79,0.0112442527798,0.0187580402037,0.00858568320965,0.0379746835443,0,0,-0.164556962025
ENSEMBLE,holdout,HIGH_CONTROL_LOW_MODERATE_PROFIT,RECOVERING,ALL,10,79,79,-0.0216496485879,-0.0402790371485,-0.00302026002727,0.0673220592353,-0.0661026358777,0.189873417722,0.0759493670886,0,0.227848101266,LOW_CONTROL,79,0.04118654684,0.0297589069039,0.0256046562952,0.0886075949367,0.0632911392405,-0.0126582278481,-0.139240506329
ENSEMBLE,holdout,HIGH_CONTROL_LOW_MODERATE_PROFIT,RECOVERING,ALL,20,79,79,0.00527562256143,-0.0260595275625,0.0366107726853,0.108014669724,-0.0926777829915,0.291139240506,0.151898734177,0.0886075949367,0.443037974684,LOW_CONTROL,79,0.0574031451069,0.0537627494458,0.0176304574721,0.164556962025,0.126582278481,0.0759493670886,-0.0759493670886
ENSEMBLE,holdout,HIGH_CONTROL_LOW_MODERATE_PROFIT,RECOVERING,ALL,40,79,79,-0.0165055577407,-0.0581958222023,0.0251847067209,0.161367808227,-0.131425582442,0.481012658228,0.278481012658,0.215189873418,0.607594936709,LOW_CONTROL,79,0.0284631492511,0.0416636716376,0.017846017766,-0.0126582278481,0.113924050633,0.20253164557,-0.0506329113924
ENSEMBLE,holdout,HIGH_CONTROL_LOW_MODERATE_PROFIT,RECOVERING,ALL,60,79,79,0.0210322559537,-0.026908952971,0.0689734648785,0.224796548434,-0.164643647903,0.556962025316,0.379746835443,0.303797468354,0.721518987342,LOW_CONTROL,79,-0.00141502148859,0.0633272740665,0.0365756570255,0.0126582278481,0.189873417722,0.139240506329,-0.26582278481
ENSEMBLE,holdout,HIGH_CONTROL_LOW_MODERATE_PROFIT,RECOVERING,ALL,120,79,79,0.0958570780123,0.00345014545271,0.188264010572,0.356531185603,-0.176148004974,0.632911392405,0.53164556962,0.430379746835,0.759493670886,LOW_CONTROL,79,-0.0329191116295,0.0137475747566,0.0303401987685,-0.240506329114,-0.240506329114,-0.0379746835443,-0.227848101266
ENSEMBLE,holdout,HIGH_CONTROL_LOW_MODERATE_PROFIT,STRONG,ALL,5,57,57,0.0335718998412,0.00976223337603,0.0573815663064,0.0986048031816,-0.037018338381,0.350877192982,0.122807017544,0.0350877192982,0.0701754385965,LOW_CONTROL,57,0.0748091716691,0.0541474312642,0.0323399130941,0.228070175439,0.122807017544,0.0350877192982,-0.280701754386
ENSEMBLE,holdout,HIGH_CONTROL_LOW_MODERATE_PROFIT,STRONG,ALL,10,57,57,0.012146985853,-0.0141160259673,0.0384099976732,0.130650901096,-0.0686452001953,0.456140350877,0.19298245614,0.105263157895,0.315789473684,LOW_CONTROL,57,0.0486778281213,0.0587704039989,0.0436933257948,0.0350877192982,0.19298245614,0.105263157895,-0.228070175439
ENSEMBLE,holdout,HIGH_CONTROL_LOW_MODERATE_PROFIT,STRONG,ALL,20,57,57,-0.00169211820778,-0.0427793205956,0.0393950841801,0.165260416648,-0.0990222779047,0.614035087719,0.315789473684,0.140350877193,0.473684210526,LOW_CONTROL,57,0.0938482944897,0.0532553294865,0.0354998590292,0.157894736842,0.0175438596491,0.122807017544,-0.157894736842
ENSEMBLE,holdout,HIGH_CONTROL_LOW_MODERATE_PROFIT,STRONG,ALL,40,57,57,0.0341776885426,-0.0150717768681,0.0834271539532,0.238619041856,-0.137371414786,0.701754385965,0.421052631579,0.245614035088,0.561403508772,LOW_CONTROL,57,0.0089571538956,0.0874487609033,0.0293139197386,0.175438596491,0.0175438596491,0.175438596491,-0.140350877193
ENSEMBLE,holdout,HIGH_CONTROL_LOW_MODERATE_PROFIT,STRONG,ALL,60,57,57,0.0302045074301,-0.0258986676975,0.0863076825577,0.265658633885,-0.152854797622,0.701754385965,0.508771929825,0.280701754386,0.614035087719,LOW_CONTROL,57,0.0354699843775,0.079810548262,0.0161782429017,0.157894736842,0.0701754385965,0.157894736842,-0.105263157895
ENSEMBLE,holdout,HIGH_CONTROL_LOW_MODERATE_PROFIT,STRONG,ALL,120,57,57,0.0739666098156,-0.0530458209045,0.200979040536,0.420395506553,-0.189388608634,0.80701754386,0.59649122807,0.40350877193,0.80701754386,LOW_CONTROL,57,0.0966073337518,0.170660956025,0.0218386966153,0.0877192982456,-0.0350877192982,0.280701754386,-0.175438596491
ENSEMBLE,holdout,HIGH_CONTROL_LOW_MODERATE_PROFIT,ALL,LOW,5,11,10,0.0236341856859,-0.0135397739618,0.0608081453337,0.060607276937,-0.0212531414433,0.2,0,0,0,LOW_CONTROL,11,-0.0117950097488,-0.00721284529184,0.0047313333698,0.1,-0.1,0,0
ENSEMBLE,holdout,HIGH_CONTROL_LOW_MODERATE_PROFIT,ALL,LOW,10,11,10,0.00488964416415,-0.0369440605102,0.0467233488385,0.0828386951293,-0.0432971611417,0.4,0,0,0.1,LOW_CONTROL,11,-0.0175921684513,-0.0175954062823,-0.00393830209208,-0.05,-0.1,-0.1,0
ENSEMBLE,holdout,HIGH_CONTROL_LOW_MODERATE_PROFIT,ALL,LOW,20,11,10,0.0784582058094,-0.0215374429155,0.178453854534,0.164560204457,-0.055002704239,0.6,0.3,0.3,0.2,LOW_CONTROL,11,0.0458652060102,0.0402584003205,0.00276017324215,0.05,0.2,0.2,0
ENSEMBLE,holdout,HIGH_CONTROL_LOW_MODERATE_PROFIT,ALL,LOW,40,11,10,0.0387982714081,-0.0958482220288,0.173444764845,0.24658820158,-0.085802347539,0.6,0.3,0.3,0.4,LOW_CONTROL,11,-0.0223359935137,0.0593413930365,-0.00835593138607,-0.05,0.1,0.2,0
ENSEMBLE,holdout,HIGH_CONTROL_LOW_MODERATE_PROFIT,ALL,LOW,60,11,10,0.0305173338272,-0.111649367072,0.172684034727,0.26838447641,-0.121279085185,0.6,0.4,0.3,0.7,LOW_CONTROL,11,-0.0897450142805,-0.010341790987,-0.0250986615654,-0.3,-0.05,0.1,0.05
ENSEMBLE,holdout,HIGH_CONTROL_LOW_MODERATE_PROFIT,ALL,LOW,120,11,10,0.297653832428,-0.16504414952,0.760351814376,0.587279000439,-0.140814601526,0.8,0.7,0.5,0.7,LOW_CONTROL,11,-0.0151220255412,0.0509419976618,-0.0225146569964,-0.2,-0.1,-0.05,0.05
ENSEMBLE,holdout,HIGH_CONTROL_LOW_MODERATE_PROFIT,ALL,MODERATE,5,66,50,0.0106640367866,-0.00617976981639,0.0275078433896,0.0610047136309,-0.0301347060234,0.17,0.03,0.02,0.04,LOW_CONTROL,66,-0.00682373812971,-0.000748102286046,-0.00975637459653,-0.0133333333333,-0.0166666666667,0.02,0.04
ENSEMBLE,holdout,HIGH_CONTROL_LOW_MODERATE_PROFIT,ALL,MODERATE,10,66,50,0.00294698378237,-0.0191204607516,0.0250144283164,0.0829519951566,-0.0559307017788,0.306666666667,0.0866666666667,0.02,0.18,LOW_CONTROL,66,0.00315110827897,0.00595940965508,-0.00123170250232,0.0266666666667,0.04,-0.0266666666667,0.01
ENSEMBLE,holdout,HIGH_CONTROL_LOW_MODERATE_PROFIT,ALL,MODERATE,20,66,50,0.0157723109118,-0.0269395912715,0.058484213095,0.1299996942,-0.0838639590879,0.37,0.216666666667,0.13,0.32,LOW_CONTROL,66,0.0321088830767,0.022129086383,0.00602316478959,0.02,0.0866666666667,0.0433333333333,-0.0766666666667
ENSEMBLE,holdout,HIGH_CONTROL_LOW_MODERATE_PROFIT,ALL,MODERATE,40,66,50,0.00932821590816,-0.043238694065,0.0618951258813,0.169884981048,-0.117667423807,0.463333333333,0.246666666667,0.176666666667,0.45,LOW_CONTROL,66,-3.27477791605e-05,0.0177586893493,0.00584397723913,-0.0666666666667,0.0166666666667,0.0433333333333,-0.123333333333
ENSEMBLE,holdout,HIGH_CONTROL_LOW_MODERATE_PROFIT,ALL,MODERATE,60,66,50,0.0358187778616,-0.0244252432954,0.0960627990186,0.208565275127,-0.136963002512,0.51,0.336666666667,0.25,0.526666666667,LOW_CONTROL,66,0.0118664382127,0.00233108018999,0.0160002912799,-0.0733333333333,0.06,0.0466666666667,-0.263333333333
ENSEMBLE,holdout,HIGH_CONTROL_LOW_MODERATE_PROFIT,ALL,MODERATE,120,66,50,0.103154247204,-0.00578746912092,0.21209596353,0.373704971094,-0.160318038436,0.63,0.473333333333,0.4,0.633333333333,LOW_CONTROL,66,0.0643461123054,0.0722409108535,0.0244525122177,-0.06,-0.0466666666667,0.0366666666667,-0.213333333333
ENSEMBLE,holdout,HIGH_CONTROL_LOW_MODERATE_PROFIT,ALL,HIGH,5,145,86,0.0227364520334,0.00655442912261,0.0389184749442,0.0830790579719,-0.0329291698501,0.288759689922,0.0746124031008,0.015503875969,0.0678294573643,LOW_CONTROL,145,0.0276708215796,0.0265892581191,0.01005102091,-0.0184108527132,0.0746124031008,0.015503875969,-0.206395348837
ENSEMBLE,holdout,HIGH_CONTROL_LOW_MODERATE_PROFIT,ALL,HIGH,10,145,86,-0.00618551452369,-0.0250998553665,0.0127288263191,0.103184341357,-0.0640486219975,0.351744186047,0.153100775194,0.0552325581395,0.256782945736,LOW_CONTROL,145,0.0321814865431,0.0328779505774,0.0252930296199,-0.0726744186047,0.111434108527,0.0552325581395,-0.127906976744
ENSEMBLE,holdout,HIGH_CONTROL_LOW_MODERATE_PROFIT,ALL,HIGH,20,145,86,0.00823684219635,-0.0192922651905,0.0357659495832,0.137127171974,-0.0902653586173,0.47480620155,0.252906976744,0.0978682170543,0.453488372093,LOW_CONTROL,145,0.0687083516838,0.0472532796657,0.0252449869349,0.0503875968992,0.106589147287,0.0978682170543,-0.156976744186
ENSEMBLE,holdout,HIGH_CONTROL_LOW_MODERATE_PROFIT,ALL,HIGH,40,145,86,0.0174434980145,-0.0218905499871,0.0567775460161,0.196300091428,-0.125263177418,0.627906976744,0.369186046512,0.222868217054,0.597868217054,LOW_CONTROL,145,0.032083022504,0.0591936484016,0.0248036786085,0.0174418604651,0.124031007752,0.165697674419,-0.0697674418605
ENSEMBLE,holdout,HIGH_CONTROL_LOW_MODERATE_PROFIT,ALL,HIGH,60,145,86,0.0315440009809,-0.0177623634322,0.080850365394,0.248606475753,-0.155197470064,0.657945736434,0.451550387597,0.300387596899,0.683139534884,LOW_CONTROL,145,-0.00524056907492,0.0629834121566,0.0226019256886,0.0377906976744,0.191860465116,0.156976744186,-0.156007751938
ENSEMBLE,holdout,HIGH_CONTROL_LOW_MODERATE_PROFIT,ALL,HIGH,120,145,86,0.0790890850292,-0.00201715308856,0.160195323147,0.360510347397,-0.179722190999,0.730620155039,0.591085271318,0.438953488372,0.78003875969,LOW_CONTROL,145,0.0221104710077,0.0359071329024,0.029009254356,-0.124031007752,-0.173449612403,0.0552325581395,-0.169573643411
ENSEMBLE,holdout,LOW_CONTROL,ALL,ALL,5,1384,426,0.0129530731281,0.00920044205781,0.0167057041983,0.0568289596569,-0.0271464387312,0.155516431925,0.0170187793427,0.00312989045383,0.0631846635368,NA,0,NA,NA,NA,NA,NA,NA,NA
ENSEMBLE,holdout,LOW_CONTROL,ALL,ALL,10,1384,426,0.00351649771549,-0.00159126789196,0.00862426332293,0.0753156747667,-0.0469023003011,0.262519561815,0.0430359937402,0.0138888888889,0.145148669797,NA,0,NA,NA,NA,NA,NA,NA,NA
ENSEMBLE,holdout,LOW_CONTROL,ALL,ALL,20,1383,425,-0.00180684065531,-0.0100612189134,0.00644753760273,0.105366958174,-0.0751720906132,0.389215686275,0.124509803922,0.0517647058824,0.302352941176,NA,0,NA,NA,NA,NA,NA,NA,NA
ENSEMBLE,holdout,LOW_CONTROL,ALL,ALL,40,1382,425,0.0168819874483,0.00403072093313,0.0297332539636,0.162231924172,-0.105411225645,0.561176470588,0.259411764706,0.147254901961,0.448039215686,NA,0,NA,NA,NA,NA,NA,NA,NA
ENSEMBLE,holdout,LOW_CONTROL,ALL,ALL,60,1382,425,0.0153430401033,-0.00325931099197,0.0339453911986,0.208474768526,-0.136194604657,0.63,0.352156862745,0.213137254902,0.577058823529,NA,0,NA,NA,NA,NA,NA,NA,NA
ENSEMBLE,holdout,LOW_CONTROL,ALL,ALL,120,1379,424,0.0680713528895,0.0360979638733,0.100044741906,0.32982448403,-0.174326737641,0.754520440252,0.501179245283,0.357704402516,0.729756289308,NA,0,NA,NA,NA,NA,NA,NA,NA
ENSEMBLE,holdout,LOW_CONTROL,BROADLY_WEAK,ALL,5,735,397,0.0309851405265,0.0276324687049,0.0343378123481,0.0636203170383,-0.0114861420781,0.172544080605,0.0125944584383,0.00125944584383,0.00503778337531,NA,0,NA,NA,NA,NA,NA,NA,NA
ENSEMBLE,holdout,LOW_CONTROL,BROADLY_WEAK,ALL,10,735,397,0.0308937082274,0.0258621317519,0.0359252847029,0.0861985827819,-0.0196563101728,0.299748110831,0.0465994962217,0.0151133501259,0.0251889168766,NA,0,NA,NA,NA,NA,NA,NA,NA
ENSEMBLE,holdout,LOW_CONTROL,BROADLY_WEAK,ALL,20,735,397,0.0384794113983,0.0303497332564,0.0466090895402,0.118499226685,-0.0447971033493,0.444584382872,0.129722921914,0.0528967254408,0.127204030227,NA,0,NA,NA,NA,NA,NA,NA,NA
ENSEMBLE,holdout,LOW_CONTROL,BROADLY_WEAK,ALL,40,735,397,0.0413389808777,0.0261100042051,0.0565679575503,0.173563055824,-0.0650813637335,0.632241813602,0.264483627204,0.146095717884,0.23677581864,NA,0,NA,NA,NA,NA,NA,NA,NA
ENSEMBLE,holdout,LOW_CONTROL,BROADLY_WEAK,ALL,60,735,397,0.0032099864394,-0.0177035412772,0.024123514156,0.212818408297,-0.107750201808,0.670025188917,0.347607052897,0.200251889169,0.444584382872,NA,0,NA,NA,NA,NA,NA,NA,NA
ENSEMBLE,holdout,LOW_CONTROL,BROADLY_WEAK,ALL,120,733,396,0.0571330051569,0.0248037085032,0.0894623018106,0.318111458423,-0.17153923022,0.780303030303,0.479797979798,0.342171717172,0.694444444444,NA,0,NA,NA,NA,NA,NA,NA,NA
ENSEMBLE,holdout,LOW_CONTROL,RECOVERING,ALL,5,304,304,0.0108831160813,0.00550065527619,0.0162655768865,0.0471650727442,-0.0188185721266,0.101973684211,0.0164473684211,0.00328947368421,0.0230263157895,NA,0,NA,NA,NA,NA,NA,NA,NA
ENSEMBLE,holdout,LOW_CONTROL,RECOVERING,ALL,10,304,304,-0.0252108208958,-0.0318375822199,-0.0185840595717,0.0574567201391,-0.057898005348,0.161184210526,0.0361842105263,0.0131578947368,0.125,NA,0,NA,NA,NA,NA,NA,NA,NA
ENSEMBLE,holdout,LOW_CONTROL,RECOVERING,ALL,20,303,303,-0.0468260769366,-0.0601507018412,-0.0335014520321,0.0779970365661,-0.100548945287,0.240924092409,0.0792079207921,0.029702970297,0.465346534653,NA,0,NA,NA,NA,NA,NA,NA,NA
ENSEMBLE,holdout,LOW_CONTROL,RECOVERING,ALL,40,303,303,-0.103183163856,-0.118304514018,-0.0880618136941,0.10649132328,-0.162281451548,0.346534653465,0.135313531353,0.0693069306931,0.782178217822,NA,0,NA,NA,NA,NA,NA,NA,NA
ENSEMBLE,holdout,LOW_CONTROL,RECOVERING,ALL,60,303,303,-0.0597472059163,-0.0788029381788,-0.0406914736539,0.13415512639,-0.209035450778,0.425742574257,0.191419141914,0.122112211221,0.897689768977,NA,0,NA,NA,NA,NA,NA,NA,NA
ENSEMBLE,holdout,LOW_CONTROL,RECOVERING,ALL,120,302,302,0.00973610807381,-0.0225648583748,0.0420370745224,0.240780303984,-0.218756008708,0.62582781457,0.380794701987,0.258278145695,0.917218543046,NA,0,NA,NA,NA,NA,NA,NA,NA
ENSEMBLE,holdout,LOW_CONTROL,STRONG,ALL,5,345,345,-0.0331442775548,-0.0397909169104,-0.0264976381992,0.041480441014,-0.068375372216,0.113043478261,0.0144927536232,0,0.211594202899,NA,0,NA,NA,NA,NA,NA,NA,NA
ENSEMBLE,holdout,LOW_CONTROL,STRONG,ALL,10,345,345,-0.0475828208895,-0.0568648940392,-0.0383007477398,0.0541612405515,-0.100533387736,0.188405797101,0.031884057971,0.00579710144928,0.428985507246,NA,0,NA,NA,NA,NA,NA,NA,NA
ENSEMBLE,holdout,LOW_CONTROL,STRONG,ALL,20,345,345,-0.0840468059741,-0.0964688165785,-0.0716247953698,0.0749301363664,-0.130452562326,0.266666666667,0.0782608695652,0.0434782608696,0.620289855072,NA,0,NA,NA,NA,NA,NA,NA,NA
ENSEMBLE,holdout,LOW_CONTROL,STRONG,ALL,40,344,344,0.00654562863468,-0.0119479046062,0.0250391618756,0.133577310781,-0.165102722317,0.427325581395,0.212209302326,0.107558139535,0.761627906977,NA,0,NA,NA,NA,NA,NA,NA,NA
ENSEMBLE,holdout,LOW_CONTROL,STRONG,ALL,60,344,344,0.0185598924434,-0.00315958183901,0.0402793667258,0.183228072722,-0.168240311679,0.56976744186,0.325581395349,0.177325581395,0.776162790698,NA,0,NA,NA,NA,NA,NA,NA,NA
ENSEMBLE,holdout,LOW_CONTROL,STRONG,ALL,120,344,344,0.0514624422129,0.0114818166921,0.0914430677337,0.31601934013,-0.182750630395,0.703488372093,0.494186046512,0.331395348837,0.813953488372,NA,0,NA,NA,NA,NA,NA,NA,NA
ENSEMBLE,holdout,LOW_CONTROL,ALL,LOW,5,1005,347,0.0109660568814,0.00626664578739,0.0156654679753,0.0514043764613,-0.0280428313783,0.114073006724,0.0112872238232,0.000960614793468,0.0501921229587,NA,0,NA,NA,NA,NA,NA,NA,NA
ENSEMBLE,holdout,LOW_CONTROL,ALL,LOW,10,1005,347,0.00567808704591,-0.000540486486916,0.0118966605787,0.0709296030064,-0.0448731718837,0.232228626321,0.0410662824207,0.0100864553314,0.12199807877,NA,0,NA,NA,NA,NA,NA,NA,NA
ENSEMBLE,holdout,LOW_CONTROL,ALL,LOW,20,1005,347,-8.39451383159e-05,-0.00991761803823,0.0097497277616,0.103199358901,-0.0720921762617,0.378482228626,0.127761767531,0.047790585975,0.285062439962,NA,0,NA,NA,NA,NA,NA,NA,NA
ENSEMBLE,holdout,LOW_CONTROL,ALL,LOW,40,1004,347,0.021293073804,0.00573256563417,0.0368535819738,0.162308124682,-0.101551190961,0.566762728146,0.264889529299,0.140730067243,0.423390970221,NA,0,NA,NA,NA,NA,NA,NA,NA
ENSEMBLE,holdout,LOW_CONTROL,ALL,LOW,60,1004,347,0.0188328459685,-0.0019519183527,0.0396176102896,0.204803334859,-0.130337760447,0.634726224784,0.356147934678,0.208693563881,0.546109510086,NA,0,NA,NA,NA,NA,NA,NA,NA
ENSEMBLE,holdout,LOW_CONTROL,ALL,LOW,120,1001,346,0.0787586903869,0.0417747491755,0.115742631598,0.332002463803,-0.167734229042,0.753131021195,0.509393063584,0.369942196532,0.705684007707,NA,0,NA,NA,NA,NA,NA,NA,NA
ENSEMBLE,holdout,LOW_CONTROL,ALL,MODERATE,5,361,187,0.0144981850948,0.00766788870004,0.0213284814896,0.0660806160717,-0.0242736582074,0.21568627451,0.0169340463458,0,0.0579322638146,NA,0,NA,NA,NA,NA,NA,NA,NA
ENSEMBLE,holdout,LOW_CONTROL,ALL,MODERATE,10,361,187,-0.00249876364932,-0.0131596312544,0.00816210395571,0.0835984628762,-0.0502199011419,0.327094474153,0.0490196078431,0.0222816399287,0.176024955437,NA,0,NA,NA,NA,NA,NA,NA,NA
ENSEMBLE,holdout,LOW_CONTROL,ALL,MODERATE,20,361,187,-0.00156698878366,-0.0207899840298,0.0176560064624,0.111049695855,-0.083427601755,0.404634581105,0.119875222816,0.0610516934046,0.364527629234,NA,0,NA,NA,NA,NA,NA,NA,NA
ENSEMBLE,holdout,LOW_CONTROL,ALL,MODERATE,40,361,187,0.0166894260318,-0.0109703983229,0.0443492503865,0.172019155981,-0.112025200007,0.536987522282,0.254010695187,0.167557932264,0.532976827094,NA,0,NA,NA,NA,NA,NA,NA,NA
ENSEMBLE,holdout,LOW_CONTROL,ALL,MODERATE,60,361,187,0.0162103044149,-0.0166342591499,0.0490548679798,0.225884393098,-0.146471297043,0.612745098039,0.353832442068,0.230392156863,0.648395721925,NA,0,NA,NA,NA,NA,NA,NA,NA
ENSEMBLE,holdout,LOW_CONTROL,ALL,MODERATE,120,361,187,0.0482696255255,0.00504351189615,0.0914957391548,0.330412125256,-0.18232597585,0.75,0.50935828877,0.362299465241,0.747771836007,NA,0,NA,NA,NA,NA,NA,NA,NA
ENSEMBLE,holdout,LOW_CONTROL,ALL,HIGH,5,16,14,-0.03754656188,-0.0919036865466,0.0168105627866,0.0996314038333,-0.0847496560831,0.392857142857,0.142857142857,0.0714285714286,0.607142857143,NA,0,NA,NA,NA,NA,NA,NA,NA
ENSEMBLE,holdout,LOW_CONTROL,ALL,HIGH,10,16,14,-0.075583821378,-0.167938375955,0.0167707331991,0.116756332493,-0.155804144053,0.464285714286,0.214285714286,0.0714285714286,0.642857142857,NA,0,NA,NA,NA,NA,NA,NA,NA
ENSEMBLE,holdout,LOW_CONTROL,ALL,HIGH,20,16,14,-0.112445238234,-0.20634350818,-0.0185469682887,0.154346763389,-0.186110579682,0.464285714286,0.285714285714,0.142857142857,0.714285714286,NA,0,NA,NA,NA,NA,NA,NA,NA
ENSEMBLE,holdout,LOW_CONTROL,ALL,HIGH,40,16,14,-0.0598454650851,-0.172451108039,0.0527601778685,0.179118687006,-0.239402554981,0.535714285714,0.321428571429,0.142857142857,0.714285714286,NA,0,NA,NA,NA,NA,NA,NA,NA
ENSEMBLE,holdout,LOW_CONTROL,ALL,HIGH,60,16,14,-0.0433009847027,-0.16925668008,0.0826547106745,0.202897838572,-0.248510434892,0.642857142857,0.321428571429,0.178571428571,0.785714285714,NA,0,NA,NA,NA,NA,NA,NA,NA
ENSEMBLE,holdout,LOW_CONTROL,ALL,HIGH,120,16,14,0.0767803655517,-0.241075464896,0.394636196,0.467571140248,-0.27664371129,0.714285714286,0.571428571429,0.357142857143,0.857142857143,NA,0,NA,NA,NA,NA,NA,NA,NA
ENSEMBLE,holdout,MODERATE_CONTROL,ALL,ALL,5,304,198,0.00937364461581,-0.000515308355969,0.0192625975876,0.0617086484722,-0.0325268192074,0.180555555556,0.0412457912458,0.00883838383838,0.0530303030303,NA,0,NA,NA,NA,NA,NA,NA,NA
ENSEMBLE,holdout,MODERATE_CONTROL,ALL,ALL,10,304,198,-0.0105049349605,-0.0221874282257,0.00117755830464,0.0794987933927,-0.0611890606268,0.263468013468,0.0837542087542,0.0273569023569,0.219696969697,NA,0,NA,NA,NA,NA,NA,NA,NA
ENSEMBLE,holdout,MODERATE_CONTROL,ALL,ALL,20,304,198,0.00862514895731,-0.0196486013094,0.036898899224,0.12886136327,-0.0918987222098,0.429713804714,0.16835016835,0.0829124579125,0.364898989899,NA,0,NA,NA,NA,NA,NA,NA,NA
ENSEMBLE,holdout,MODERATE_CONTROL,ALL,ALL,40,304,198,0.0329609264986,0.00184487841161,0.0640769745856,0.211492592134,-0.118661656294,0.585437710438,0.348484848485,0.209595959596,0.505471380471,NA,0,NA,NA,NA,NA,NA,NA,NA
ENSEMBLE,holdout,MODERATE_CONTROL,ALL,ALL,60,304,198,0.0607616991692,0.0199702203319,0.101553178006,0.269115039357,-0.143802439447,0.655723905724,0.420033670034,0.284511784512,0.622895622896,NA,0,NA,NA,NA,NA,NA,NA,NA
ENSEMBLE,holdout,MODERATE_CONTROL,ALL,ALL,120,304,198,0.156712999878,0.0788276751505,0.234598324605,0.442327458152,-0.172072859582,0.765993265993,0.548400673401,0.414141414141,0.727693602694,NA,0,NA,NA,NA,NA,NA,NA,NA
ENSEMBLE,holdout,MODERATE_CONTROL,BROADLY_WEAK,ALL,5,132,101,0.0337428917786,0.0216753896987,0.0458103938585,0.0754244714071,-0.0182977761777,0.237623762376,0.0594059405941,0.0049504950495,0.0247524752475,NA,0,NA,NA,NA,NA,NA,NA,NA
ENSEMBLE,holdout,MODERATE_CONTROL,BROADLY_WEAK,ALL,10,132,101,0.0264767911746,0.0107310142609,0.0422225680883,0.0985447847674,-0.0310988728256,0.371287128713,0.133663366337,0.0148514851485,0.0693069306931,NA,0,NA,NA,NA,NA,NA,NA,NA
ENSEMBLE,holdout,MODERATE_CONTROL,BROADLY_WEAK,ALL,20,132,101,0.0540042980738,0.0191944855475,0.0888141106001,0.149265536694,-0.0575226987928,0.569306930693,0.227722772277,0.0792079207921,0.178217821782,NA,0,NA,NA,NA,NA,NA,NA,NA
ENSEMBLE,holdout,MODERATE_CONTROL,BROADLY_WEAK,ALL,40,132,101,0.087710653983,0.0463169207038,0.129104387262,0.233431745509,-0.0715639574567,0.717821782178,0.440594059406,0.242574257426,0.252475247525,NA,0,NA,NA,NA,NA,NA,NA,NA
ENSEMBLE,holdout,MODERATE_CONTROL,BROADLY_WEAK,ALL,60,132,101,0.103530283844,0.034373837984,0.172686729705,0.3010137831,-0.097326055269,0.772277227723,0.539603960396,0.316831683168,0.40099009901,NA,0,NA,NA,NA,NA,NA,NA,NA
ENSEMBLE,holdout,MODERATE_CONTROL,BROADLY_WEAK,ALL,120,132,101,0.153501867263,0.0678817491897,0.239121985335,0.444144192448,-0.147440230089,0.866336633663,0.658415841584,0.49504950495,0.589108910891,NA,0,NA,NA,NA,NA,NA,NA,NA
ENSEMBLE,holdout,MODERATE_CONTROL,RECOVERING,ALL,5,98,98,0.00801237630137,-0.00628957223901,0.0223143248418,0.0508482579395,-0.0276481894199,0.132653061224,0.0204081632653,0.0102040816327,0.0102040816327,NA,0,NA,NA,NA,NA,NA,NA,NA
ENSEMBLE,holdout,MODERATE_CONTROL,RECOVERING,ALL,10,98,98,-0.019345461262,-0.0341203232264,-0.00457059929763,0.0652041961581,-0.0621851347203,0.19387755102,0.030612244898,0.0204081632653,0.19387755102,NA,0,NA,NA,NA,NA,NA,NA,NA
ENSEMBLE,holdout,MODERATE_CONTROL,RECOVERING,ALL,20,98,98,0.029959523349,-0.0150936555128,0.0750127022108,0.132761868329,-0.088848386942,0.397959183673,0.173469387755,0.102040816327,0.357142857143,NA,0,NA,NA,NA,NA,NA,NA,NA
ENSEMBLE,holdout,MODERATE_CONTROL,RECOVERING,ALL,40,98,98,0.0265673331347,-0.0273950883743,0.0805297546437,0.229539493835,-0.120719986295,0.540816326531,0.34693877551,0.204081632653,0.561224489796,NA,0,NA,NA,NA,NA,NA,NA,NA
ENSEMBLE,holdout,MODERATE_CONTROL,RECOVERING,ALL,60,98,98,0.0504032904095,-0.00152328393496,0.102329864754,0.282396700479,-0.159277236103,0.632653061224,0.397959183673,0.275510204082,0.744897959184,NA,0,NA,NA,NA,NA,NA,NA,NA
ENSEMBLE,holdout,MODERATE_CONTROL,RECOVERING,ALL,120,98,98,0.231612239621,0.0908711019356,0.372353377307,0.47617142248,-0.172808103489,0.744897959184,0.551020408163,0.459183673469,0.795918367347,NA,0,NA,NA,NA,NA,NA,NA,NA
ENSEMBLE,holdout,MODERATE_CONTROL,STRONG,ALL,5,74,74,-0.0127934015637,-0.0308940923988,0.00530728927138,0.0617986774723,-0.0554418074871,0.202702702703,0.0675675675676,0.0135135135135,0.135135135135,NA,0,NA,NA,NA,NA,NA,NA,NA
ENSEMBLE,holdout,MODERATE_CONTROL,STRONG,ALL,10,74,74,-0.0248414328854,-0.0518878919886,0.00220502621769,0.0843746660272,-0.0892242507527,0.283783783784,0.135135135135,0.0675675675676,0.418918918919,NA,0,NA,NA,NA,NA,NA,NA,NA
ENSEMBLE,holdout,MODERATE_CONTROL,STRONG,ALL,20,74,74,-0.0517094789384,-0.0918995977992,-0.0115193600776,0.117105574571,-0.120910542987,0.378378378378,0.162162162162,0.108108108108,0.554054054054,NA,0,NA,NA,NA,NA,NA,NA,NA
ENSEMBLE,holdout,MODERATE_CONTROL,STRONG,ALL,40,74,74,0.00173798096405,-0.0405522037156,0.0440281656437,0.180553548778,-0.158832718712,0.554054054054,0.297297297297,0.216216216216,0.716216216216,NA,0,NA,NA,NA,NA,NA,NA,NA
ENSEMBLE,holdout,MODERATE_CONTROL,STRONG,ALL,60,74,74,0.0506572286567,-0.0091287784526,0.110443235766,0.237416086249,-0.161716690797,0.648648648649,0.364864864865,0.297297297297,0.716216216216,NA,0,NA,NA,NA,NA,NA,NA,NA
ENSEMBLE,holdout,MODERATE_CONTROL,STRONG,ALL,120,74,74,0.116797941283,0.00694255448698,0.22665332808,0.42097972882,-0.176524924311,0.743243243243,0.5,0.364864864865,0.783783783784,NA,0,NA,NA,NA,NA,NA,NA,NA
ENSEMBLE,holdout,MODERATE_CONTROL,ALL,LOW,5,51,41,0.00190864297424,-0.0143459573989,0.0181632433474,0.0552939538898,-0.0287016662762,0.121951219512,0.0243902439024,0,0.0609756097561,NA,0,NA,NA,NA,NA,NA,NA,NA
ENSEMBLE,holdout,MODERATE_CONTROL,ALL,LOW,10,51,41,-0.0155316800401,-0.034357283381,0.00329392330087,0.0664522151445,-0.054244526707,0.170731707317,0.0569105691057,0,0.158536585366,NA,0,NA,NA,NA,NA,NA,NA,NA
ENSEMBLE,holdout,MODERATE_CONTROL,ALL,LOW,20,51,41,-0.0444868875573,-0.0736829208191,-0.0152908542955,0.0777185595972,-0.0998396935083,0.256097560976,0.0894308943089,0,0.439024390244,NA,0,NA,NA,NA,NA,NA,NA,NA
ENSEMBLE,holdout,MODERATE_CONTROL,ALL,LOW,40,51,41,0.00404647323934,-0.0489858127364,0.0570787592151,0.147241792002,-0.131575249412,0.467479674797,0.308943089431,0.191056910569,0.59756097561,NA,0,NA,NA,NA,NA,NA,NA,NA
ENSEMBLE,holdout,MODERATE_CONTROL,ALL,LOW,60,51,41,0.0655853130983,-0.024317220232,0.155487846429,0.241494782149,-0.152543436402,0.573170731707,0.378048780488,0.288617886179,0.642276422764,NA,0,NA,NA,NA,NA,NA,NA,NA
ENSEMBLE,holdout,MODERATE_CONTROL,ALL,LOW,120,51,41,0.269237416267,0.0370574174384,0.501417415096,0.566620582352,-0.176195622513,0.80487804878,0.536585365854,0.382113821138,0.727642276423,NA,0,NA,NA,NA,NA,NA,NA,NA
ENSEMBLE,holdout,MODERATE_CONTROL,ALL,MODERATE,5,198,134,0.0150357463763,0.00240015874692,0.0276713340057,0.0619821919518,-0.0291188878174,0.17039800995,0.0435323383085,0.00746268656716,0.0373134328358,NA,0,NA,NA,NA,NA,NA,NA,NA
ENSEMBLE,holdout,MODERATE_CONTROL,ALL,MODERATE,10,198,134,-0.000789299142962,-0.0157186698915,0.0141400716055,0.08321088915,-0.0551896570735,0.280472636816,0.0982587064677,0.0298507462687,0.180970149254,NA,0,NA,NA,NA,NA,NA,NA,NA
ENSEMBLE,holdout,MODERATE_CONTROL,ALL,MODERATE,20,198,134,0.0304372271095,-0.00395171097355,0.0648261651926,0.142750228143,-0.0825901245022,0.485696517413,0.202736318408,0.116915422886,0.29539800995,NA,0,NA,NA,NA,NA,NA,NA,NA
ENSEMBLE,holdout,MODERATE_CONTROL,ALL,MODERATE,40,198,134,0.0546993209351,0.0142782725994,0.0951203692707,0.232328777222,-0.103867010175,0.616293532338,0.385572139303,0.23631840796,0.425373134328,NA,0,NA,NA,NA,NA,NA,NA,NA
ENSEMBLE,holdout,MODERATE_CONTROL,ALL,MODERATE,60,198,134,0.086227460366,0.0282049737591,0.144249946973,0.286888980395,-0.127453026848,0.688432835821,0.449004975124,0.297263681592,0.55907960199,NA,0,NA,NA,NA,NA,NA,NA,NA
ENSEMBLE,holdout,MODERATE_CONTROL,ALL,MODERATE,120,198,134,0.129910503843,0.044087440348,0.215733567338,0.423220278798,-0.157975220213,0.751865671642,0.567164179104,0.449004975124,0.686567164179,NA,0,NA,NA,NA,NA,NA,NA,NA
ENSEMBLE,holdout,MODERATE_CONTROL,ALL,HIGH,5,55,41,0.00349287381771,-0.0206565324759,0.0276422801113,0.0736064806582,-0.0451197806288,0.325203252033,0.0731707317073,0.0182926829268,0.0853658536585,NA,0,NA,NA,NA,NA,NA,NA,NA
ENSEMBLE,holdout,MODERATE_CONTROL,ALL,HIGH,10,55,41,-0.0271363997651,-0.0598757698156,0.00560297028538,0.0893258174592,-0.0826408139217,0.349593495935,0.115853658537,0.0548780487805,0.390243902439,NA,0,NA,NA,NA,NA,NA,NA,NA
ENSEMBLE,holdout,MODERATE_CONTROL,ALL,HIGH,20,55,41,0.0149157836598,-0.0732669865448,0.103098553864,0.161956041981,-0.107901795117,0.491869918699,0.20325203252,0.103658536585,0.487804878049,NA,0,NA,NA,NA,NA,NA,NA,NA
ENSEMBLE,holdout,MODERATE_CONTROL,ALL,HIGH,40,55,41,0.0310147332304,-0.0461933739942,0.108222840455,0.244527969676,-0.143499314047,0.670731707317,0.345528455285,0.191056910569,0.623983739837,NA,0,NA,NA,NA,NA,NA,NA,NA
ENSEMBLE,holdout,MODERATE_CONTROL,ALL,HIGH,60,55,41,0.0333456171986,-0.043095187583,0.10978642198,0.294809728833,-0.174523084837,0.682926829268,0.414634146341,0.29674796748,0.741869918699,NA,0,NA,NA,NA,NA,NA,NA,NA
ENSEMBLE,holdout,MODERATE_CONTROL,ALL,HIGH,120,55,41,0.19731604767,0.0456310424644,0.349001052875,0.453996058022,-0.19469140402,0.80487804878,0.573170731707,0.414634146341,0.786585365854,NA,0,NA,NA,NA,NA,NA,NA,NA
ENSEMBLE,validation,HIGH_CONTROL_HIGH_PROFIT,ALL,ALL,5,26,16,-0.0113063208669,-0.0488974916447,0.0262848499109,0.0738456289071,-0.0639308800605,0.25,0.114583333333,0,0.177083333333,HIGH_CONTROL_LOW_MODERATE_PROFIT,26,-0.0453510424482,-0.0217419376289,-0.0123443433121,-0.239583333333,0.0104166666667,-0.0520833333333,0.125
ENSEMBLE,validation,HIGH_CONTROL_HIGH_PROFIT,ALL,ALL,10,26,16,0.00110365393013,-0.0632779130871,0.0654852209474,0.105076239012,-0.101744706141,0.385416666667,0.177083333333,0.0625,0.364583333333,HIGH_CONTROL_LOW_MODERATE_PROFIT,26,-0.0313304139016,-0.036002271073,-0.0215805471849,-0.125,-0.25,-0.0520833333333,0.197916666667
ENSEMBLE,validation,HIGH_CONTROL_HIGH_PROFIT,ALL,ALL,20,26,16,-0.0189073597019,-0.077900287282,0.0400855678783,0.14642260023,-0.124905024955,0.479166666667,0.28125,0.15625,0.5,HIGH_CONTROL_LOW_MODERATE_PROFIT,26,-0.00771456258123,-0.00983375636566,-0.0235074569791,-0.03125,-0.145833333333,0.0208333333333,0.239583333333
ENSEMBLE,validation,HIGH_CONTROL_HIGH_PROFIT,ALL,ALL,40,26,16,-0.0470048554747,-0.146449987152,0.0524402762031,0.189272242721,-0.177335564032,0.5625,0.395833333333,0.270833333333,0.645833333333,HIGH_CONTROL_LOW_MODERATE_PROFIT,26,0.0021385571853,-0.00143545775682,-0.0323136310753,0.0520833333333,-0.03125,0.114583333333,0.0729166666667
ENSEMBLE,validation,HIGH_CONTROL_HIGH_PROFIT,ALL,ALL,60,26,16,-0.119917169448,-0.238457340255,-0.00137699864036,0.209677127575,-0.237679009955,0.59375,0.395833333333,0.354166666667,0.729166666667,HIGH_CONTROL_LOW_MODERATE_PROFIT,26,-0.12026847671,-0.0226779842217,-0.0824048043175,-0.0104166666667,-0.1875,0.0104166666667,0.135416666667
ENSEMBLE,validation,HIGH_CONTROL_HIGH_PROFIT,ALL,ALL,120,26,16,-0.0392187076497,-0.194709415992,0.116272000693,0.319108274621,-0.26641780281,0.645833333333,0.520833333333,0.416666666667,0.822916666667,HIGH_CONTROL_LOW_MODERATE_PROFIT,26,-0.171922606853,-0.0459736502033,-0.0969337912218,-0.09375,-0.114583333333,-0.1875,0.166666666667
ENSEMBLE,validation,HIGH_CONTROL_HIGH_PROFIT,BROADLY_WEAK,ALL,5,9,9,-0.0312909334025,-0.0901199377967,0.0275380709918,0.0709749992985,-0.072743675301,0.222222222222,0.222222222222,0,0.333333333333,HIGH_CONTROL_LOW_MODERATE_PROFIT,9,-0.0331600187408,0.0164245339332,0.00917319870472,-0.111111111111,0.222222222222,0,0.111111111111
ENSEMBLE,validation,HIGH_CONTROL_HIGH_PROFIT,BROADLY_WEAK,ALL,10,9,9,-0.0474399102442,-0.12927712871,0.0343973082221,0.0709749992985,-0.111997182698,0.222222222222,0.222222222222,0,0.444444444444,HIGH_CONTROL_LOW_MODERATE_PROFIT,9,-0.0114684800986,-0.0219842452163,0.0136612533476,-0.111111111111,-0.111111111111,0,0
ENSEMBLE,validation,HIGH_CONTROL_HIGH_PROFIT,BROADLY_WEAK,ALL,20,9,9,-0.107014011664,-0.170116789141,-0.0439112341875,0.0719772543724,-0.142326359959,0.222222222222,0.222222222222,0,0.777777777778,HIGH_CONTROL_LOW_MODERATE_PROFIT,9,-0.0514805688077,-0.0378082158459,0.0110010996222,-0.111111111111,-0.111111111111,0,0.222222222222
ENSEMBLE,validation,HIGH_CONTROL_HIGH_PROFIT,BROADLY_WEAK,ALL,40,9,9,-0.0486585532408,-0.185839926374,0.0885228198919,0.108749621502,-0.198144377762,0.333333333333,0.333333333333,0.111111111111,0.888888888889,HIGH_CONTROL_LOW_MODERATE_PROFIT,9,0.0514218003929,-0.00103584871595,-0.022858958478,0,0,0.111111111111,0.222222222222
ENSEMBLE,validation,HIGH_CONTROL_HIGH_PROFIT,BROADLY_WEAK,ALL,60,9,9,-0.0926803744336,-0.227239414526,0.0418786656588,0.140480701344,-0.228713157517,0.444444444444,0.333333333333,0.222222222222,0.888888888889,HIGH_CONTROL_LOW_MODERATE_PROFIT,9,-0.0685763654471,-0.021524090023,-0.0534277382325,-0.111111111111,-0.222222222222,0,0.222222222222
ENSEMBLE,validation,HIGH_CONTROL_HIGH_PROFIT,BROADLY_WEAK,ALL,120,9,9,0.0383227439503,-0.150149096197,0.226794584098,0.303568360166,-0.238536345333,0.666666666667,0.444444444444,0.333333333333,0.888888888889,HIGH_CONTROL_LOW_MODERATE_PROFIT,9,-0.124922504741,0.0143698816818,-0.0438964101514,0,-0.222222222222,-0.222222222222,0.222222222222
ENSEMBLE,validation,HIGH_CONTROL_HIGH_PROFIT,RECOVERING,ALL,5,1,1,0.111568207997,NA,NA,0.134935000823,-0.0176073720586,1,0,0,0,HIGH_CONTROL_LOW_MODERATE_PROFIT,1,0.18987603878,-0.0747859712744,0.0823026189405,0,-1,0,0
ENSEMBLE,validation,HIGH_CONTROL_HIGH_PROFIT,RECOVERING,ALL,10,1,1,0.0987329274313,NA,NA,0.13542866546,-0.0176073720586,1,0,0,0,HIGH_CONTROL_LOW_MODERATE_PROFIT,1,0.161739228061,-0.0742923066373,0.129107299409,0,-1,0,-1
ENSEMBLE,validation,HIGH_CONTROL_HIGH_PROFIT,RECOVERING,ALL,20,1,1,0.219845318414,NA,NA,0.261477702814,-0.0176073720586,1,1,0,0,HIGH_CONTROL_LOW_MODERATE_PROFIT,1,0.280151349017,0.0517567307167,0.145308919571,0,0,0,-1
ENSEMBLE,validation,HIGH_CONTROL_HIGH_PROFIT,RECOVERING,ALL,40,1,1,-0.307882178707,NA,NA,0.308211288465,-0.372881355932,1,1,1,1,HIGH_CONTROL_LOW_MODERATE_PROFIT,1,-0.698521242613,-0.906010133678,-0.209965064303,0,0,0,0
ENSEMBLE,validation,HIGH_CONTROL_HIGH_PROFIT,RECOVERING,ALL,60,1,1,-0.373045910811,NA,NA,0.308211288465,-0.37847622182,1,1,1,1,HIGH_CONTROL_LOW_MODERATE_PROFIT,1,-0.732181824403,-0.906010133678,-0.215559930191,0,0,0,0
ENSEMBLE,validation,HIGH_CONTROL_HIGH_PROFIT,RECOVERING,ALL,120,1,1,-0.371400362021,NA,NA,0.308211288465,-0.456968899128,1,1,1,1,HIGH_CONTROL_LOW_MODERATE_PROFIT,1,-0.604523674352,-0.906010133678,-0.294052607499,0,0,0,0
ENSEMBLE,validation,HIGH_CONTROL_HIGH_PROFIT,STRONG,ALL,5,16,12,-0.00580525116125,-0.0499707102453,0.0383602079228,0.0719899433258,-0.0597177386354,0.25,0.0833333333333,0,0.0833333333333,HIGH_CONTROL_LOW_MODERATE_PROFIT,16,-0.0451090758926,-0.0499179396778,-0.0312041423659,-0.25,-0.125,-0.125,0.0833333333333
ENSEMBLE,validation,HIGH_CONTROL_HIGH_PROFIT,STRONG,ALL,10,16,12,0.0216077978745,-0.0553426284735,0.0985582242224,0.117095980715,-0.0950506242636,0.458333333333,0.166666666667,0.0833333333333,0.333333333333,HIGH_CONTROL_LOW_MODERATE_PROFIT,16,-0.0308137508644,-0.0398771754095,-0.0432537123612,-0.0833333333333,-0.25,-0.125,0.333333333333
ENSEMBLE,validation,HIGH_CONTROL_HIGH_PROFIT,STRONG,ALL,20,16,12,0.0403054441915,-0.0533484698255,0.133959358208,0.194591138601,-0.120994823496,0.708333333333,0.375,0.25,0.375,HIGH_CONTROL_LOW_MODERATE_PROFIT,16,0.0578659829443,0.0235865022472,-0.0374616320397,0.166666666667,-0.0416666666667,0,0.208333333333
ENSEMBLE,validation,HIGH_CONTROL_HIGH_PROFIT,STRONG,ALL,40,16,12,-0.0149592489092,-0.13289277992,0.102974282102,0.246600790815,-0.150810126855,0.75,0.458333333333,0.375,0.458333333333,HIGH_CONTROL_LOW_MODERATE_PROFIT,16,0.0372200249319,0.0537441852756,0.000617634730064,0.208333333333,0.0416666666667,0.125,-0.166666666667
ENSEMBLE,validation,HIGH_CONTROL_HIGH_PROFIT,STRONG,ALL,60,16,12,-0.0753917139032,-0.240325977288,0.0895425494817,0.26493389292,-0.212452745914,0.75,0.458333333333,0.416666666667,0.583333333333,HIGH_CONTROL_LOW_MODERATE_PROFIT,16,-0.0348885053703,0.0451619661805,-0.0410407961203,0.208333333333,-0.0416666666667,0.0416666666667,-0.0833333333333
ENSEMBLE,validation,HIGH_CONTROL_HIGH_PROFIT,STRONG,ALL,120,16,12,-0.0112935924258,-0.200390423734,0.177803238882,0.340141818299,-0.245867667645,0.75,0.625,0.5,0.708333333333,HIGH_CONTROL_LOW_MODERATE_PROFIT,16,-0.0523395557645,-0.0189487525643,-0.0576484236329,0.0416666666667,0.0833333333333,-0.0416666666667,-0.0416666666667
ENSEMBLE,validation,HIGH_CONTROL_HIGH_PROFIT,ALL,LOW,5,2,2,0.0175423083311,-0.00494313398351,0.0400277506458,0.0824199789032,-0.054897985471,0.5,0,0,0,HIGH_CONTROL_LOW_MODERATE_PROFIT,2,-0.175493730984,-0.179811546397,-0.0504203735307,-0.5,-0.5,-0.5,0
ENSEMBLE,validation,HIGH_CONTROL_HIGH_PROFIT,ALL,LOW,10,2,2,0.0058336463152,-0.215789149383,0.227456442014,0.126159928363,-0.110091330795,1,0,0,0.5,HIGH_CONTROL_LOW_MODERATE_PROFIT,2,-0.133303594311,-0.152656962791,-0.105613718854,0,-1,-0.5,0.5
ENSEMBLE,validation,HIGH_CONTROL_HIGH_PROFIT,ALL,LOW,20,2,2,-0.0438937185882,-0.243842245983,0.156054808806,0.154646029902,-0.135720827198,1,0,0,0.5,HIGH_CONTROL_LOW_MODERATE_PROFIT,2,-0.0761252438885,-0.124170861252,-0.10051150794,0,-1,-0.5,0.5
ENSEMBLE,validation,HIGH_CONTROL_HIGH_PROFIT,ALL,LOW,40,2,2,-0.0921059103785,-0.328871491504,0.144659670747,0.155358182441,-0.17405266173,1,0,0,0.5,HIGH_CONTROL_LOW_MODERATE_PROFIT,2,-0.182819416021,-0.123458708713,-0.138843342473,0,-1,-0.5,0.5
ENSEMBLE,validation,HIGH_CONTROL_HIGH_PROFIT,ALL,LOW,60,2,2,-0.184091018019,-0.246294205435,-0.121887830604,0.155358182441,-0.230471067667,1,0,0,1,HIGH_CONTROL_LOW_MODERATE_PROFIT,2,-0.231732080997,-0.150775781884,-0.19526174841,0,-1,-0.5,1
ENSEMBLE,validation,HIGH_CONTROL_HIGH_PROFIT,ALL,LOW,120,2,2,-0.0598028245219,-0.168641446732,0.0490357976885,0.155358182441,-0.263195625443,1,0,0,1,HIGH_CONTROL_LOW_MODERATE_PROFIT,2,-0.131255318151,-0.212727001396,-0.217538544992,0,-1,-1,1
ENSEMBLE,validation,HIGH_CONTROL_HIGH_PROFIT,ALL,MODERATE,5,2,1,-0.0787555874167,NA,NA,0.028661188689,-0.0918601730141,0,0,0,0.5,HIGH_CONTROL_LOW_MODERATE_PROFIT,2,-0.0722016762116,-0.0054984307613,-0.0682238093778,0,0,0,0.5
ENSEMBLE,validation,HIGH_CONTROL_HIGH_PROFIT,ALL,MODERATE,10,2,1,-0.147389004687,NA,NA,0.028661188689,-0.161362847745,0,0,0,1,HIGH_CONTROL_LOW_MODERATE_PROFIT,2,-0.134291753101,-0.0054984307613,-0.13191253062,0,0,0,1
ENSEMBLE,validation,HIGH_CONTROL_HIGH_PROFIT,ALL,MODERATE,20,2,1,-0.142691598694,NA,NA,0.028661188689,-0.193342690876,0,0,0,1,HIGH_CONTROL_LOW_MODERATE_PROFIT,2,-0.092147201231,-0.0054984307613,-0.128263409692,0,0,0,1
ENSEMBLE,validation,HIGH_CONTROL_HIGH_PROFIT,ALL,MODERATE,40,2,1,-0.230039518548,NA,NA,0.028661188689,-0.31032587742,0,0,0,1,HIGH_CONTROL_LOW_MODERATE_PROFIT,2,-0.102428524891,-0.0054984307613,-0.16817471463,0,0,0,0.5
ENSEMBLE,validation,HIGH_CONTROL_HIGH_PROFIT,ALL,MODERATE,60,2,1,-0.225136748636,NA,NA,0.028661188689,-0.338987849251,0,0,0,1,HIGH_CONTROL_LOW_MODERATE_PROFIT,2,-0.107721315232,-0.0054984307613,-0.180848314367,0,0,0,0
ENSEMBLE,validation,HIGH_CONTROL_HIGH_PROFIT,ALL,MODERATE,120,2,1,-0.0598493355342,NA,NA,0.0805393438475,-0.338987849251,0.5,0,0,1,HIGH_CONTROL_LOW_MODERATE_PROFIT,2,-0.0925396103756,-0.174212241776,-0.159030132549,0,-0.5,-0.5,0
ENSEMBLE,validation,HIGH_CONTROL_HIGH_PROFIT,ALL,HIGH,5,22,15,-0.00857348105424,-0.0486852213583,0.0315382592498,0.0757881626874,-0.0626349108428,0.255555555556,0.122222222222,0,0.166666666667,HIGH_CONTROL_LOW_MODERATE_PROFIT,22,-0.035958903238,-0.0157472166434,-0.00703399967737,-0.233333333333,0.0222222222222,-0.0333333333333,0.111111111111
ENSEMBLE,validation,HIGH_CONTROL_HIGH_PROFIT,ALL,HIGH,10,22,15,0.00904075391512,-0.0598168038458,0.0778983116761,0.107207266925,-0.0974276133259,0.377777777778,0.188888888889,0.0666666666667,0.322222222222,HIGH_CONTROL_LOW_MODERATE_PROFIT,22,-0.0198065964916,-0.032667516837,-0.0110822510668,-0.133333333333,-0.233333333333,-0.0333333333333,0.133333333333
ENSEMBLE,validation,HIGH_CONTROL_HIGH_PROFIT,ALL,HIGH,20,22,15,-0.0142393146329,-0.0764237005771,0.0479450713112,0.151747319534,-0.12420154265,0.477777777778,0.311111111111,0.166666666667,0.477777777778,HIGH_CONTROL_LOW_MODERATE_PROFIT,22,-0.00193176385086,-0.00431716717271,-0.0178417123593,-0.0333333333333,-0.111111111111,0.0444444444444,0.188888888889
ENSEMBLE,validation,HIGH_CONTROL_HIGH_PROFIT,ALL,HIGH,40,22,15,-0.044642273665,-0.153480953439,0.0641964061092,0.197941215698,-0.177223011408,0.566666666667,0.433333333333,0.3,0.644444444444,HIGH_CONTROL_LOW_MODERATE_PROFIT,22,0.00325335478566,-0.00603248726271,-0.026906427534,0.0555555555556,0.0111111111111,0.144444444444,0.0333333333333
ENSEMBLE,validation,HIGH_CONTROL_HIGH_PROFIT,ALL,HIGH,60,22,15,-0.119781736893,-0.249342595422,0.00977912163559,0.219706426208,-0.238583630116,0.6,0.433333333333,0.388888888889,0.711111111111,HIGH_CONTROL_LOW_MODERATE_PROFIT,22,-0.126573728903,-0.0274770900177,-0.077381149482,-0.0111111111111,-0.155555555556,0.0333333333333,0.1
ENSEMBLE,validation,HIGH_CONTROL_HIGH_PROFIT,ALL,HIGH,120,22,15,-0.0461414330607,-0.216258289936,0.123975423814,0.334127287272,-0.268657557432,0.633333333333,0.566666666667,0.455555555556,0.811111111111,HIGH_CONTROL_LOW_MODERATE_PROFIT,22,-0.186813605216,-0.0422628022776,-0.0937319923622,-0.111111111111,-0.0555555555556,-0.133333333333,0.133333333333
ENSEMBLE,validation,HIGH_CONTROL_LOW_MODERATE_PROFIT,ALL,ALL,5,332,174,0.0189665838201,0.00848682431159,0.0294463433286,0.0831561035265,-0.0334787360265,0.302681992337,0.0924329501916,0.0229885057471,0.0416666666667,LOW_CONTROL,332,-0.00110364660031,0.00325710319792,0.0067664155291,0.014367816092,-0.0244252873563,-0.0416666666667,0.0153256704981
ENSEMBLE,validation,HIGH_CONTROL_LOW_MODERATE_PROFIT,ALL,ALL,10,332,174,0.0278577163793,0.0111124157927,0.0446030169659,0.116543573059,-0.0578237317562,0.396072796935,0.192528735632,0.0818965517241,0.164272030651,LOW_CONTROL,332,0.0126848743236,0.0015796842518,0.00719611765753,0.0114942528736,-0.00718390804598,-0.0938697318008,-0.0895593869732
ENSEMBLE,validation,HIGH_CONTROL_LOW_MODERATE_PROFIT,ALL,ALL,20,332,174,0.00842331953101,-0.0100048985991,0.0268515376612,0.15156018757,-0.0763887611285,0.479885057471,0.285440613027,0.144636015326,0.2969348659,LOW_CONTROL,332,0.030253210671,0.0111514403212,0.00899808801206,0.0167624521073,0.0344827586207,-0.0426245210728,-0.0804597701149
ENSEMBLE,validation,HIGH_CONTROL_LOW_MODERATE_PROFIT,ALL,ALL,40,332,174,0.0314873665099,0.00356835388052,0.0594063791394,0.220445403002,-0.105258841133,0.587643678161,0.400862068966,0.252394636015,0.461685823755,LOW_CONTROL,332,0.0395552003586,0.0350922463704,0.00486193931625,-0.0181992337165,0.0378352490421,-0.0244252873563,-0.0287356321839
ENSEMBLE,validation,HIGH_CONTROL_LOW_MODERATE_PROFIT,ALL,ALL,60,332,174,0.0503523829278,0.0165997881698,0.0841049776857,0.27155764346,-0.118492300725,0.669061302682,0.483716475096,0.311781609195,0.533045977011,LOW_CONTROL,332,0.0724128926798,0.0474274962324,0.0158368029513,0.000478927203065,0.0593869731801,-0.0119731800766,-0.0656130268199
ENSEMBLE,validation,HIGH_CONTROL_LOW_MODERATE_PROFIT,ALL,ALL,120,332,174,0.04613493245,-0.00503628942683,0.0973061543268,0.379268702958,-0.177823902349,0.741858237548,0.591954022989,0.462643678161,0.716475095785,LOW_CONTROL,332,0.0797652688227,0.0694150490458,0.0192105984209,-0.0138888888889,0.0747126436782,0.0325670498084,-0.0565134099617
ENSEMBLE,validation,HIGH_CONTROL_LOW_MODERATE_PROFIT,BROADLY_WEAK,ALL,5,118,118,-0.0247040952251,-0.035673659004,-0.0137345314462,0.0479727598824,-0.0501938421528,0.14406779661,0.0338983050847,0,0.0847457627119,LOW_CONTROL,118,0.0225864821367,0.0210895078892,0.0116513492799,0.0762711864407,0.0338983050847,0,0.0593220338983
ENSEMBLE,validation,HIGH_CONTROL_LOW_MODERATE_PROFIT,BROADLY_WEAK,ALL,10,118,118,-0.0420457119635,-0.0567504240923,-0.0273409998346,0.056007456806,-0.0864362136208,0.169491525424,0.0677966101695,0.00847457627119,0.347457627119,LOW_CONTROL,118,0.0342240848575,0.0231201447526,0.0181668155849,0.0508474576271,0.0677966101695,0.00847457627119,-0.194915254237
ENSEMBLE,validation,HIGH_CONTROL_LOW_MODERATE_PROFIT,BROADLY_WEAK,ALL,20,118,118,-0.0746147962353,-0.091956148199,-0.0572734442716,0.0765597190354,-0.112175975918,0.228813559322,0.101694915254,0.0508474576271,0.550847457627,LOW_CONTROL,118,0.0252025702677,0.0341106315116,0.0167128883316,0.110169491525,0.0847457627119,0.0508474576271,-0.194915254237
ENSEMBLE,validation,HIGH_CONTROL_LOW_MODERATE_PROFIT,BROADLY_WEAK,ALL,40,118,118,-0.0535858438229,-0.0835098741942,-0.0236618134517,0.109064456848,-0.149867631154,0.338983050847,0.169491525424,0.0932203389831,0.71186440678,LOW_CONTROL,118,0.022427675123,0.0455529507451,0.0115827778038,0.186440677966,0.101694915254,0.0847457627119,-0.161016949153
ENSEMBLE,validation,HIGH_CONTROL_LOW_MODERATE_PROFIT,BROADLY_WEAK,ALL,60,118,118,0.0145556423939,-0.0308264775586,0.0599377623464,0.175775597979,-0.153272231781,0.508474576271,0.313559322034,0.169491525424,0.71186440678,LOW_CONTROL,118,0.0443199144911,0.0636030190636,0.00906946194698,0.245762711864,0.135593220339,0.0847457627119,-0.161016949153
ENSEMBLE,validation,HIGH_CONTROL_LOW_MODERATE_PROFIT,BROADLY_WEAK,ALL,120,118,118,0.0352026313599,-0.0289762967193,0.0993815594391,0.302417582899,-0.219065575305,0.593220338983,0.457627118644,0.35593220339,0.822033898305,LOW_CONTROL,118,0.133936998304,0.138164282758,0.034737587569,0.0932203389831,0.237288135593,0.203389830508,-0.135593220339
ENSEMBLE,validation,HIGH_CONTROL_LOW_MODERATE_PROFIT,RECOVERING,ALL,5,49,49,0.0232601241301,0.00895488008237,0.0375653681778,0.074185793935,-0.01765759206,0.285714285714,0.0612244897959,0.0204081632653,0,LOW_CONTROL,49,0.00863661561619,0.00821477743433,0.0103357956418,0.122448979592,0.0204081632653,0.0204081632653,0
ENSEMBLE,validation,HIGH_CONTROL_LOW_MODERATE_PROFIT,RECOVERING,ALL,10,49,49,0.0164356649829,-0.0156020379178,0.0484733678836,0.0901751100782,-0.0429149909602,0.34693877551,0.0816326530612,0.0204081632653,0.0816326530612,LOW_CONTROL,49,0.0196986338185,0.0119887291572,-0.000305201862041,0.122448979592,0.0408163265306,0.0204081632653,0.0204081632653
ENSEMBLE,validation,HIGH_CONTROL_LOW_MODERATE_PROFIT,RECOVERING,ALL,20,49,49,0.0557048885405,0.0223124125499,0.0890973645311,0.139141950047,-0.0515456923217,0.551020408163,0.265306122449,0.0816326530612,0.122448979592,LOW_CONTROL,49,0.0507797204994,0.0398995783287,0.00708695457665,0.326530612245,0.163265306122,0.0612244897959,0.0612244897959
ENSEMBLE,validation,HIGH_CONTROL_LOW_MODERATE_PROFIT,RECOVERING,ALL,40,49,49,0.237483871575,0.174902080002,0.300065663148,0.398233334781,-0.0552311156299,0.938775510204,0.755102040816,0.551020408163,0.142857142857,LOW_CONTROL,49,0.0921513270666,0.0911392153415,0.0157244881247,-0.0204081632653,0,-0.122448979592,0.0408163265306
ENSEMBLE,validation,HIGH_CONTROL_LOW_MODERATE_PROFIT,RECOVERING,ALL,60,49,49,0.297226239369,0.231045987806,0.363406490932,0.496105683168,-0.0554484958151,0.979591836735,0.836734693878,0.69387755102,0.142857142857,LOW_CONTROL,49,0.143717203094,0.100579260262,0.0171409621722,0.0204081632653,0.0816326530612,0,0.0408163265306
ENSEMBLE,validation,HIGH_CONTROL_LOW_MODERATE_PROFIT,RECOVERING,ALL,120,49,49,0.181320695086,0.0852624896354,0.277378900536,0.589708118607,-0.0913793140234,0.979591836735,0.897959183673,0.816326530612,0.34693877551,LOW_CONTROL,49,0.0757474700129,0.174703105899,0.0046096887079,0.0204081632653,0.142857142857,0.122448979592,0.0204081632653
ENSEMBLE,validation,HIGH_CONTROL_LOW_MODERATE_PROFIT,STRONG,ALL,5,165,121,0.0487919226794,0.0345167528724,0.0630670924864,0.101452160549,-0.0247680251307,0.371900826446,0.119834710744,0.0289256198347,0.00826446280992,LOW_CONTROL,165,-0.031048524677,-0.0267091890132,-0.000772564328593,-0.140495867769,-0.107438016529,-0.095041322314,-0.0206611570248
ENSEMBLE,validation,HIGH_CONTROL_LOW_MODERATE_PROFIT,STRONG,ALL,10,165,121,0.0845785361648,0.0593829826274,0.109774089702,0.159191626746,-0.0372008879903,0.53305785124,0.293388429752,0.140495867769,0.0495867768595,LOW_CONTROL,165,-0.0164479237733,-0.0375610358692,-0.00115170768,-0.123966942149,-0.132231404959,-0.231404958678,0.0123966942149
ENSEMBLE,validation,HIGH_CONTROL_LOW_MODERATE_PROFIT,STRONG,ALL,20,165,121,0.0710420355262,0.0456513665405,0.0964327045118,0.197740238441,-0.0501885121199,0.636363636364,0.380165289256,0.194214876033,0.111570247934,LOW_CONTROL,165,0.0310706458614,-0.0429841924728,0.00576629549072,-0.202479338843,-0.119834710744,-0.190082644628,-0.0578512396694
ENSEMBLE,validation,HIGH_CONTROL_LOW_MODERATE_PROFIT,STRONG,ALL,40,165,121,0.0383178597719,0.00771748548762,0.0689182340562,0.236309375777,-0.0801694829161,0.698347107438,0.47520661157,0.256198347107,0.318181818182,LOW_CONTROL,165,0.0388479229353,-0.0228829874367,-0.00130755034412,-0.177685950413,-0.0330578512397,-0.148760330579,0.0247933884298
ENSEMBLE,validation,HIGH_CONTROL_LOW_MODERATE_PROFIT,STRONG,ALL,60,165,121,0.00783983578211,-0.0250750554655,0.0407547270297,0.25972820159,-0.106396694029,0.706611570248,0.51652892562,0.293388429752,0.46694214876,LOW_CONTROL,165,0.0814803654239,-0.00450936906149,0.021758820457,-0.194214876033,0.00826446280992,-0.119834710744,-0.0413223140496
ENSEMBLE,validation,HIGH_CONTROL_LOW_MODERATE_PROFIT,STRONG,ALL,120,165,121,0.0307515522496,-0.0322652068147,0.0937683113139,0.372396809728,-0.163993000606,0.789256198347,0.623966942149,0.454545454545,0.685950413223,LOW_CONTROL,165,0.058100720605,-0.0354295033445,0.0205644459398,-0.123966942149,-0.0578512396694,-0.119834710744,-0.0578512396694
ENSEMBLE,validation,HIGH_CONTROL_LOW_MODERATE_PROFIT,ALL,LOW,5,12,8,0.0573169628516,0.00224615104821,0.112387774655,0.115755535008,-0.0236738246636,0.4375,0.0625,0.0625,0,LOW_CONTROL,12,0.0217792068033,0.0395116635804,-0.000618127327816,0.166666666667,0,0.0625,0
ENSEMBLE,validation,HIGH_CONTROL_LOW_MODERATE_PROFIT,ALL,LOW,10,12,8,0.0338376138904,-0.0355807575721,0.103255985353,0.131394878008,-0.0413334826876,0.541666666667,0.0625,0.0625,0.125,LOW_CONTROL,12,-0.0674807194876,-0.0270985303597,-0.00953113475494,-0.166666666667,-0.291666666667,-0.104166666667,0
ENSEMBLE,validation,HIGH_CONTROL_LOW_MODERATE_PROFIT,ALL,LOW,20,12,8,0.00958940988781,-0.0544106655933,0.0735894853689,0.142826306141,-0.0594811756069,0.583333333333,0.1875,0.0625,0.1875,LOW_CONTROL,12,-0.07138149998,-0.0625595792775,-0.0209401613591,-0.125,-0.416666666667,-0.229166666667,0.0625
ENSEMBLE,validation,HIGH_CONTROL_LOW_MODERATE_PROFIT,ALL,LOW,40,12,8,-0.0200018702311,-0.110776221116,0.0707724806535,0.148429879597,-0.0929838350002,0.583333333333,0.229166666667,0.0625,0.291666666667,LOW_CONTROL,12,-0.0856763055685,-0.0904627076034,-0.0367066026907,-0.1875,-0.416666666667,-0.395833333333,0.125
ENSEMBLE,validation,HIGH_CONTROL_LOW_MODERATE_PROFIT,ALL,LOW,60,12,8,0.00154774180397,-0.102252073401,0.105347557009,0.179017952586,-0.095516039352,0.75,0.520833333333,0.0625,0.291666666667,LOW_CONTROL,12,-0.0481141621673,-0.0670162984967,-0.0200895109079,-0.0208333333333,-0.125,-0.395833333333,-0.0416666666667
ENSEMBLE,validation,HIGH_CONTROL_LOW_MODERATE_PROFIT,ALL,LOW,120,12,8,0.0435710880592,-0.136403690137,0.223545866255,0.242648591627,-0.132022307006,0.75,0.5625,0.3125,0.354166666667,LOW_CONTROL,12,0.00466406597657,-0.0928131339971,0.00891011982863,-0.208333333333,-0.270833333333,-0.333333333333,-0.166666666667
ENSEMBLE,validation,HIGH_CONTROL_LOW_MODERATE_PROFIT,ALL,MODERATE,5,96,74,0.017794866488,0.00523004593559,0.0303596870405,0.0637864175752,-0.0269714734479,0.213963963964,0.0427927927928,0,0.0135135135135,LOW_CONTROL,96,-0.00992946283296,-0.0124783588721,0.00073733840303,-0.0833333333333,-0.0675675675676,-0.0518018018018,0.0135135135135
ENSEMBLE,validation,HIGH_CONTROL_LOW_MODERATE_PROFIT,ALL,MODERATE,10,96,74,0.0313060070761,0.0100150902564,0.0525969238958,0.0933144377227,-0.0432706338256,0.288288288288,0.148648648649,0.0427927927928,0.045045045045,LOW_CONTROL,96,-0.00359899937601,-0.0179413640701,0.00284030922312,-0.0743243243243,-0.027027027027,-0.0810810810811,-0.112612612613
ENSEMBLE,validation,HIGH_CONTROL_LOW_MODERATE_PROFIT,ALL,MODERATE,20,96,74,0.0253514289487,-0.00149886872748,0.0522017266249,0.137421620952,-0.0573018372035,0.414414414414,0.236486486486,0.123873873874,0.198198198198,LOW_CONTROL,96,0.0257293984083,0.00104786466341,0.00890738188682,-0.0563063063063,-0.0135135135135,0,-0.0337837837838
ENSEMBLE,validation,HIGH_CONTROL_LOW_MODERATE_PROFIT,ALL,MODERATE,40,96,74,0.0468348352387,0.0120720436601,0.0815976268174,0.201758811678,-0.0788496835895,0.605855855856,0.470720720721,0.22972972973,0.367117117117,LOW_CONTROL,96,0.0246842467358,0.0101090566511,0.0074967451369,-0.0765765765766,0.0923423423423,-0.0045045045045,-0.0202702702703
ENSEMBLE,validation,HIGH_CONTROL_LOW_MODERATE_PROFIT,ALL,MODERATE,60,96,74,0.0690258761449,0.0251283792779,0.112923373012,0.24621282109,-0.0935285530181,0.657657657658,0.536036036036,0.308558558559,0.454954954955,LOW_CONTROL,96,0.0663378523363,0.0235092073272,0.00833123795142,-0.0900900900901,0.0833333333333,0.0472972972973,0.036036036036
ENSEMBLE,validation,HIGH_CONTROL_LOW_MODERATE_PROFIT,ALL,MODERATE,120,96,74,0.106333019326,0.0303759367983,0.182290101854,0.371413093491,-0.138852984829,0.752252252252,0.644144144144,0.470720720721,0.648648648649,LOW_CONTROL,96,0.104706720062,0.0553478221126,0.019346603048,-0.0563063063063,0.0990990990991,0.0765765765766,-0.0765765765766
ENSEMBLE,validation,HIGH_CONTROL_LOW_MODERATE_PROFIT,ALL,HIGH,5,224,135,0.0170070741539,0.00355472169022,0.0304594266177,0.0866901182004,-0.0362843060969,0.322222222222,0.100617283951,0.0259259259259,0.0549382716049,LOW_CONTROL,224,-0.00371634599323,0.00209266203501,0.00794368507019,0.0222222222222,-0.0265432098765,-0.0462962962963,0.0191358024691
ENSEMBLE,validation,HIGH_CONTROL_LOW_MODERATE_PROFIT,ALL,HIGH,10,224,135,0.0233568644986,0.00228606335813,0.044427665639,0.120127976233,-0.0649668970208,0.426543209877,0.204320987654,0.0858024691358,0.228395061728,LOW_CONTROL,224,0.0153702792988,-0.000979714376749,0.0076809632864,0.0253086419753,-0.016049382716,-0.121604938272,-0.0512345679012
ENSEMBLE,validation,HIGH_CONTROL_LOW_MODERATE_PROFIT,ALL,HIGH,20,224,135,-0.000781452568506,-0.022294137374,0.020731232237,0.149845330669,-0.0847673766716,0.513580246914,0.299382716049,0.131481481481,0.357407407407,LOW_CONTROL,224,0.0312134556934,0.00325321424014,0.00931594360165,0.0327160493827,0.0481481481481,-0.087037037037,-0.0876543209877
ENSEMBLE,validation,HIGH_CONTROL_LOW_MODERATE_PROFIT,ALL,HIGH,40,224,135,0.0237437362704,-0.0108264681731,0.0583139407139,0.221043030116,-0.117380208386,0.598148148148,0.387654320988,0.243209876543,0.504320987654,LOW_CONTROL,224,0.050972025108,0.0353112767143,0.00466294081837,0.0222222222222,0.0333333333333,-0.0530864197531,-0.0524691358025
ENSEMBLE,validation,HIGH_CONTROL_LOW_MODERATE_PROFIT,ALL,HIGH,60,224,135,0.046132537594,0.00430275931913,0.0879623158688,0.276066293983,-0.130611191456,0.683950617284,0.467901234568,0.301234567901,0.565432098765,LOW_CONTROL,224,0.0894411740801,0.0531849148565,0.0203588523469,0.0567901234568,0.0753086419753,-0.0407407407407,-0.120987654321
ENSEMBLE,validation,HIGH_CONTROL_LOW_MODERATE_PROFIT,ALL,HIGH,120,224,135,0.0506384536211,-0.0155021102232,0.116779017465,0.405158030639,-0.188834601021,0.76049382716,0.601851851852,0.47962962963,0.731481481481,LOW_CONTROL,224,0.10795022562,0.0966325915936,0.0289828644296,0.033950617284,0.111111111111,0.0555555555556,-0.0808641975309
ENSEMBLE,validation,LOW_CONTROL,ALL,ALL,5,1076,412,0.0429992265996,0.038533624704,0.0474648284952,0.0853463408536,-0.0164668724208,0.304813915858,0.0815129449838,0.0163834951456,0.0137540453074,NA,0,NA,NA,NA,NA,NA,NA,NA
ENSEMBLE,validation,LOW_CONTROL,ALL,ALL,10,1076,412,0.0591835844331,0.0528436170249,0.0655235518414,0.122327550296,-0.0292148357475,0.47572815534,0.182038834951,0.0705906148867,0.0683656957929,NA,0,NA,NA,NA,NA,NA,NA,NA
ENSEMBLE,validation,LOW_CONTROL,ALL,ALL,20,1076,412,0.0431243691496,0.0341991319912,0.052049606308,0.154816051764,-0.0411433587609,0.576254045307,0.286610032362,0.110234627832,0.133697411003,NA,0,NA,NA,NA,NA,NA,NA,NA
ENSEMBLE,validation,LOW_CONTROL,ALL,ALL,40,1076,412,0.100574445654,0.085091288738,0.116057602571,0.268830759911,-0.0580240507248,0.787216828479,0.585760517799,0.348098705502,0.212378640777,NA,0,NA,NA,NA,NA,NA,NA,NA
ENSEMBLE,validation,LOW_CONTROL,ALL,ALL,60,1076,412,0.112754913854,0.0941607158742,0.131349111834,0.325300957487,-0.0684972340889,0.813106796117,0.668082524272,0.447815533981,0.26213592233,NA,0,NA,NA,NA,NA,NA,NA,NA
ENSEMBLE,validation,LOW_CONTROL,ALL,ALL,120,1076,412,0.0988589431711,0.068274728169,0.129443158173,0.408235302918,-0.116214972056,0.847289644013,0.71177184466,0.530137540453,0.377629449838,NA,0,NA,NA,NA,NA,NA,NA,NA
ENSEMBLE,validation,LOW_CONTROL,BROADLY_WEAK,ALL,5,200,200,-0.0227898418128,-0.0291965990994,-0.0163830845262,0.0285441496057,-0.0446699842097,0.05,0.01,0,0.03,NA,0,NA,NA,NA,NA,NA,NA,NA
ENSEMBLE,validation,LOW_CONTROL,BROADLY_WEAK,ALL,10,200,200,-0.040023897056,-0.0471107144934,-0.0329370796186,0.0404532467629,-0.0767536945827,0.08,0.015,0,0.275,NA,0,NA,NA,NA,NA,NA,NA,NA
ENSEMBLE,validation,LOW_CONTROL,BROADLY_WEAK,ALL,20,200,200,-0.0821909522209,-0.0913822070646,-0.0729996973773,0.0504223012088,-0.104005930864,0.115,0.035,0.01,0.485,NA,0,NA,NA,NA,NA,NA,NA,NA
ENSEMBLE,validation,LOW_CONTROL,BROADLY_WEAK,ALL,40,200,200,-0.101812504836,-0.115781924001,-0.0878430856715,0.0628160873767,-0.157630980485,0.17,0.06,0.03,0.77,NA,0,NA,NA,NA,NA,NA,NA,NA
ENSEMBLE,validation,LOW_CONTROL,BROADLY_WEAK,ALL,60,200,200,-0.0583409383778,-0.0772294653866,-0.0394524113689,0.0955569364682,-0.16278096111,0.295,0.145,0.06,0.775,NA,0,NA,NA,NA,NA,NA,NA,NA
ENSEMBLE,validation,LOW_CONTROL,BROADLY_WEAK,ALL,120,200,200,-0.0960164117079,-0.131780166688,-0.0602526567277,0.162160032143,-0.279962961808,0.415,0.235,0.145,0.91,NA,0,NA,NA,NA,NA,NA,NA,NA
ENSEMBLE,validation,LOW_CONTROL,RECOVERING,ALL,5,369,369,0.0380817429386,0.0327873911182,0.043376094759,0.0757967708155,-0.00634536845017,0.219512195122,0.0406504065041,0.00813008130081,0,NA,0,NA,NA,NA,NA,NA,NA,NA
ENSEMBLE,validation,LOW_CONTROL,RECOVERING,ALL,10,369,369,0.0279737255253,0.0213366758085,0.0346107752421,0.0903623088498,-0.0193341719852,0.311653116531,0.0731707317073,0.0216802168022,0.0135501355014,NA,0,NA,NA,NA,NA,NA,NA,NA
ENSEMBLE,validation,LOW_CONTROL,RECOVERING,ALL,20,369,369,0.0359148242111,0.0262816203995,0.0455480280226,0.120354077912,-0.0290865875537,0.466124661247,0.151761517615,0.0460704607046,0.0569105691057,NA,0,NA,NA,NA,NA,NA,NA,NA
ENSEMBLE,validation,LOW_CONTROL,RECOVERING,ALL,40,369,369,0.149645500532,0.130513627579,0.168777373486,0.310626820423,-0.0344362890708,0.943089430894,0.688346883469,0.390243902439,0.0677506775068,NA,0,NA,NA,NA,NA,NA,NA,NA
ENSEMBLE,validation,LOW_CONTROL,RECOVERING,ALL,60,369,369,0.212233202616,0.190480980795,0.233985424438,0.410640829903,-0.0352487141756,0.967479674797,0.810298102981,0.560975609756,0.0731707317073,NA,0,NA,NA,NA,NA,NA,NA,NA
ENSEMBLE,validation,LOW_CONTROL,RECOVERING,ALL,120,369,369,0.173551537543,0.143751578955,0.203351496132,0.482474590397,-0.0603080737183,0.975609756098,0.848238482385,0.663956639566,0.184281842818,NA,0,NA,NA,NA,NA,NA,NA,NA
ENSEMBLE,validation,LOW_CONTROL,STRONG,ALL,5,507,343,0.0728867309404,0.0659875609822,0.0797859008986,0.116738646525,-0.0154186489441,0.486880466472,0.145772594752,0.0349854227405,0.0131195335277,NA,0,NA,NA,NA,NA,NA,NA,NA
ENSEMBLE,validation,LOW_CONTROL,STRONG,ALL,10,507,343,0.122956093459,0.112095915934,0.133816270985,0.182503881147,-0.0219242021305,0.769679300292,0.34110787172,0.14139941691,0.0379008746356,NA,0,NA,NA,NA,NA,NA,NA,NA
ENSEMBLE,validation,LOW_CONTROL,STRONG,ALL,20,507,343,0.0807929091413,0.0686841942764,0.0929016240061,0.216440799856,-0.0311756632129,0.813411078717,0.47084548105,0.192419825073,0.0772594752187,NA,0,NA,NA,NA,NA,NA,NA,NA
ENSEMBLE,validation,LOW_CONTROL,STRONG,ALL,40,507,343,0.108436875596,0.089741478789,0.127132272404,0.292600092227,-0.0474878685609,0.854227405248,0.634110787172,0.36443148688,0.150145772595,NA,0,NA,NA,NA,NA,NA,NA,NA
ENSEMBLE,validation,LOW_CONTROL,STRONG,ALL,60,507,343,0.0577824445347,0.0383744902002,0.0771903988692,0.314842502595,-0.0689154638658,0.857142857143,0.673469387755,0.431486880466,0.259475218659,NA,0,NA,NA,NA,NA,NA,NA,NA
ENSEMBLE,validation,LOW_CONTROL,STRONG,ALL,120,507,343,0.0667315402686,0.0291459427741,0.104317137763,0.403633170606,-0.119242629285,0.881924198251,0.715743440233,0.498542274052,0.408163265306,NA,0,NA,NA,NA,NA,NA,NA,NA
ENSEMBLE,validation,LOW_CONTROL,ALL,LOW,5,798,341,0.0522812830943,0.0471428777193,0.0574196884693,0.0895346949,-0.0105026242305,0.318426197458,0.0891984359726,0.016862170088,0.00146627565982,NA,0,NA,NA,NA,NA,NA,NA,NA
ENSEMBLE,validation,LOW_CONTROL,ALL,LOW,10,798,341,0.0756037261158,0.0676754827798,0.0835319694519,0.129984298605,-0.019445680377,0.501221896383,0.19550342131,0.0752688172043,0.0215053763441,NA,0,NA,NA,NA,NA,NA,NA,NA
ENSEMBLE,validation,LOW_CONTROL,ALL,LOW,20,798,341,0.0663910480221,0.0555901293372,0.077191966707,0.167505647136,-0.0272326278794,0.617546432063,0.308651026393,0.124633431085,0.064027370479,NA,0,NA,NA,NA,NA,NA,NA,NA
ENSEMBLE,validation,LOW_CONTROL,ALL,LOW,40,798,341,0.141443169437,0.122457613576,0.160428725298,0.302470169097,-0.0377001250404,0.853128054741,0.645894428152,0.392228739003,0.119745845552,NA,0,NA,NA,NA,NA,NA,NA,NA
ENSEMBLE,validation,LOW_CONTROL,ALL,LOW,60,798,341,0.159339672993,0.138160661246,0.18051868474,0.368448670376,-0.0438725172425,0.872922776149,0.740224828935,0.513196480938,0.157624633431,NA,0,NA,NA,NA,NA,NA,NA,NA
ENSEMBLE,validation,LOW_CONTROL,ALL,LOW,120,798,341,0.149698862616,0.116230084474,0.183167640758,0.451638267809,-0.0821494568892,0.892228739003,0.775659824047,0.595552297165,0.255620723363,NA,0,NA,NA,NA,NA,NA,NA,NA
ENSEMBLE,validation,LOW_CONTROL,ALL,MODERATE,5,227,143,0.00852172062201,-0.00122419415358,0.0182676353976,0.0603178001718,-0.033346034834,0.198717948718,0.0337995337995,0.013986013986,0.0297202797203,NA,0,NA,NA,NA,NA,NA,NA,NA
ENSEMBLE,validation,LOW_CONTROL,ALL,MODERATE,10,227,143,0.00942593462125,-0.0042676871968,0.0231195564393,0.0883183404795,-0.0566628405126,0.332750582751,0.104312354312,0.0448717948718,0.18006993007,NA,0,NA,NA,NA,NA,NA,NA,NA
ENSEMBLE,validation,LOW_CONTROL,ALL,MODERATE,20,227,143,-0.0201901788689,-0.0357211429397,-0.00465921479805,0.108940580369,-0.0757446744176,0.39627039627,0.184149184149,0.0553613053613,0.333916083916,NA,0,NA,NA,NA,NA,NA,NA,NA
ENSEMBLE,validation,LOW_CONTROL,ALL,MODERATE,40,227,143,-0.00346843874186,-0.0302266470152,0.0232897695315,0.179041360764,-0.109272293419,0.541958041958,0.354895104895,0.202214452214,0.476107226107,NA,0,NA,NA,NA,NA,NA,NA,NA
ENSEMBLE,validation,LOW_CONTROL,ALL,MODERATE,60,227,143,0.000905581421571,-0.0323003008822,0.0341114637254,0.221718855667,-0.129791855069,0.618881118881,0.41317016317,0.253496503497,0.570512820513,NA,0,NA,NA,NA,NA,NA,NA,NA
ENSEMBLE,validation,LOW_CONTROL,ALL,MODERATE,120,227,143,-0.04473189431,-0.0898957704676,0.00043198184772,0.291061443718,-0.206386090422,0.722610722611,0.518648018648,0.334498834499,0.723193473193,NA,0,NA,NA,NA,NA,NA,NA,NA
ENSEMBLE,validation,LOW_CONTROL,ALL,HIGH,5,51,46,0.0342495674062,0.00164685315992,0.0668522816525,0.128857396494,-0.051771007582,0.510869565217,0.217391304348,0.108695652174,0.108695652174,NA,0,NA,NA,NA,NA,NA,NA,NA
ENSEMBLE,validation,LOW_CONTROL,ALL,HIGH,10,51,46,0.00113223836224,-0.0381420223195,0.040406499044,0.158423857659,-0.0874190381744,0.576086956522,0.282608695652,0.173913043478,0.423913043478,NA,0,NA,NA,NA,NA,NA,NA,NA
ENSEMBLE,validation,LOW_CONTROL,ALL,HIGH,20,51,46,-0.0623101745419,-0.102173376437,-0.0224469726469,0.174354406863,-0.130203072519,0.597826086957,0.380434782609,0.184782608696,0.586956521739,NA,0,NA,NA,NA,NA,NA,NA,NA
ENSEMBLE,validation,LOW_CONTROL,ALL,HIGH,40,51,46,-0.104185368101,-0.158813174674,-0.0495575615282,0.204776140454,-0.188167776437,0.641304347826,0.445652173913,0.282608695652,0.717391304348,NA,0,NA,NA,NA,NA,NA,NA,NA
ENSEMBLE,validation,LOW_CONTROL,ALL,HIGH,60,51,46,-0.134617119238,-0.197584251081,-0.0716499873948,0.223412111704,-0.221389280778,0.641304347826,0.45652173913,0.29347826087,0.804347826087,NA,0,NA,NA,NA,NA,NA,NA,NA
ENSEMBLE,validation,LOW_CONTROL,ALL,HIGH,120,51,46,-0.0962096416146,-0.203161165309,0.0107418820793,0.300344628645,-0.283916422064,0.728260869565,0.5,0.336956521739,0.880434782609,NA,0,NA,NA,NA,NA,NA,NA,NA
ENSEMBLE,validation,MODERATE_CONTROL,ALL,ALL,5,505,306,0.0222899846768,0.0149011790947,0.029678790259,0.0773966463368,-0.0275537327417,0.258442265795,0.0721677559913,0.0280501089325,0.0337690631808,NA,0,NA,NA,NA,NA,NA,NA,NA
ENSEMBLE,validation,MODERATE_CONTROL,ALL,ALL,10,505,306,0.0327838024019,0.0204663255294,0.0451012792745,0.114388650878,-0.0478684560268,0.399237472767,0.156862745098,0.0708061002179,0.121732026144,NA,0,NA,NA,NA,NA,NA,NA,NA
ENSEMBLE,validation,MODERATE_CONTROL,ALL,ALL,20,505,306,0.00775868296403,-0.00590705769635,0.0214244236244,0.14098212474,-0.0683283519849,0.489379084967,0.22848583878,0.113017429194,0.259531590414,NA,0,NA,NA,NA,NA,NA,NA,NA
ENSEMBLE,validation,MODERATE_CONTROL,ALL,ALL,40,504,305,0.00933340494481,-0.00943873471262,0.0281055446022,0.201573821374,-0.0960008481988,0.580327868852,0.37349726776,0.222404371585,0.443442622951,NA,0,NA,NA,NA,NA,NA,NA,NA
ENSEMBLE,validation,MODERATE_CONTROL,ALL,ALL,60,504,305,0.0162667758881,-0.00570662576075,0.0382401775369,0.232914048847,-0.113713396003,0.635245901639,0.424043715847,0.268306010929,0.515027322404,NA,0,NA,NA,NA,NA,NA,NA,NA
ENSEMBLE,validation,MODERATE_CONTROL,ALL,ALL,120,504,305,0.0063493428105,-0.0290110378247,0.0417097234457,0.335780418442,-0.176216252494,0.730327868852,0.543715846995,0.389617486339,0.668032786885,NA,0,NA,NA,NA,NA,NA,NA,NA
ENSEMBLE,validation,MODERATE_CONTROL,BROADLY_WEAK,ALL,5,158,158,-0.0228537908673,-0.0296513680006,-0.016056213734,0.0321726092332,-0.0442989044949,0.0632911392405,0,0,0.0506329113924,NA,0,NA,NA,NA,NA,NA,NA,NA
ENSEMBLE,validation,MODERATE_CONTROL,BROADLY_WEAK,ALL,10,158,158,-0.0376250795549,-0.0469332145575,-0.0283169445523,0.0460584927266,-0.0749855370323,0.132911392405,0.0189873417722,0,0.253164556962,NA,0,NA,NA,NA,NA,NA,NA,NA
ENSEMBLE,validation,MODERATE_CONTROL,BROADLY_WEAK,ALL,20,158,158,-0.0777608586882,-0.0885695331401,-0.0669521842363,0.0524583855837,-0.103204772691,0.151898734177,0.0379746835443,0,0.493670886076,NA,0,NA,NA,NA,NA,NA,NA,NA
ENSEMBLE,validation,MODERATE_CONTROL,BROADLY_WEAK,ALL,40,158,158,-0.0754623227602,-0.0933592053855,-0.0575654401349,0.0715904829507,-0.139418720116,0.215189873418,0.0569620253165,0.0253164556962,0.708860759494,NA,0,NA,NA,NA,NA,NA,NA,NA
ENSEMBLE,validation,MODERATE_CONTROL,BROADLY_WEAK,ALL,60,158,158,-0.0202565519239,-0.0436877625418,0.003174658694,0.115346803965,-0.143640018865,0.348101265823,0.145569620253,0.0759493670886,0.727848101266,NA,0,NA,NA,NA,NA,NA,NA,NA
ENSEMBLE,validation,MODERATE_CONTROL,BROADLY_WEAK,ALL,120,158,158,-0.0252737296285,-0.0733958745984,0.0228484153414,0.229161069321,-0.231954963093,0.5,0.303797468354,0.208860759494,0.917721518987,NA,0,NA,NA,NA,NA,NA,NA,NA
ENSEMBLE,validation,MODERATE_CONTROL,RECOVERING,ALL,5,64,64,0.0228300710842,0.00739158148319,0.0382685606852,0.0825912613195,-0.0200789138169,0.3125,0.0625,0.015625,0.03125,NA,0,NA,NA,NA,NA,NA,NA,NA
ENSEMBLE,validation,MODERATE_CONTROL,RECOVERING,ALL,10,64,64,0.0187431739099,-0.00942350009234,0.046909847912,0.100475433511,-0.0396872810581,0.421875,0.078125,0.015625,0.0625,NA,0,NA,NA,NA,NA,NA,NA,NA
ENSEMBLE,validation,MODERATE_CONTROL,RECOVERING,ALL,20,64,64,0.0486040744879,0.00204824613335,0.0951599028425,0.156388065538,-0.0533325390256,0.578125,0.25,0.09375,0.125,NA,0,NA,NA,NA,NA,NA,NA,NA
ENSEMBLE,validation,MODERATE_CONTROL,RECOVERING,ALL,40,63,63,0.181679927966,0.121637528103,0.241722327829,0.363391388186,-0.046650167148,0.904761904762,0.777777777778,0.47619047619,0.111111111111,NA,0,NA,NA,NA,NA,NA,NA,NA
ENSEMBLE,validation,MODERATE_CONTROL,RECOVERING,ALL,60,63,63,0.208591815143,0.146410467606,0.270773162681,0.424370874355,-0.0507269778112,0.920634920635,0.793650793651,0.555555555556,0.15873015873,NA,0,NA,NA,NA,NA,NA,NA,NA
ENSEMBLE,validation,MODERATE_CONTROL,RECOVERING,ALL,120,63,63,0.143631769102,0.0601635395942,0.22709999861,0.493528259447,-0.0916843326504,0.936507936508,0.825396825397,0.619047619048,0.31746031746,NA,0,NA,NA,NA,NA,NA,NA,NA
ENSEMBLE,validation,MODERATE_CONTROL,STRONG,ALL,5,283,236,0.0441241150845,0.0347408361693,0.0535073939997,0.0983461208239,-0.0203633925288,0.347457627119,0.103813559322,0.0381355932203,0.0169491525424,NA,0,NA,NA,NA,NA,NA,NA,NA
ENSEMBLE,validation,MODERATE_CONTROL,STRONG,ALL,10,283,236,0.0723688878234,0.0570360501238,0.087701725523,0.151733711723,-0.034883956219,0.548728813559,0.243644067797,0.114406779661,0.0762711864407,NA,0,NA,NA,NA,NA,NA,NA,NA
ENSEMBLE,validation,MODERATE_CONTROL,STRONG,ALL,20,283,236,0.0472246962856,0.0315060984813,0.0629432940899,0.185488749742,-0.0512166756412,0.652542372881,0.324152542373,0.186440677966,0.173728813559,NA,0,NA,NA,NA,NA,NA,NA,NA
ENSEMBLE,validation,MODERATE_CONTROL,STRONG,ALL,40,283,236,0.0150249522229,-0.00729815487566,0.0373480593215,0.237679836909,-0.0840518723945,0.718220338983,0.451271186441,0.264830508475,0.383474576271,NA,0,NA,NA,NA,NA,NA,NA,NA
ENSEMBLE,validation,MODERATE_CONTROL,STRONG,ALL,60,283,236,-0.0126777142383,-0.0389791313148,0.0136237028383,0.251445997686,-0.112221653588,0.722457627119,0.489406779661,0.298728813559,0.487288135593,NA,0,NA,NA,NA,NA,NA,NA,NA
ENSEMBLE,validation,MODERATE_CONTROL,STRONG,ALL,120,283,236,-0.0323870806724,-0.0708021690358,0.00602800769106,0.33004763138,-0.16882349331,0.78813559322,0.576271186441,0.396186440678,0.625,NA,0,NA,NA,NA,NA,NA,NA,NA
ENSEMBLE,validation,MODERATE_CONTROL,ALL,LOW,5,96,75,0.0277297501844,0.0113900130996,0.0440694872691,0.0764036317417,-0.024319012121,0.222222222222,0.0911111111111,0.04,0.0333333333333,NA,0,NA,NA,NA,NA,NA,NA,NA
ENSEMBLE,validation,MODERATE_CONTROL,ALL,LOW,10,96,75,0.05212907233,0.0176913487664,0.0865667958936,0.12405425734,-0.0438165539271,0.413333333333,0.144444444444,0.0933333333333,0.0777777777778,NA,0,NA,NA,NA,NA,NA,NA,NA
ENSEMBLE,validation,MODERATE_CONTROL,ALL,LOW,20,96,75,0.0298695952147,-0.00651501329983,0.0662542037291,0.150598216614,-0.0588836964957,0.506666666667,0.217777777778,0.14,0.144444444444,NA,0,NA,NA,NA,NA,NA,NA,NA
ENSEMBLE,validation,MODERATE_CONTROL,ALL,LOW,40,95,74,0.0593391127683,0.0198992706852,0.0987789548513,0.218390898377,-0.0654671570115,0.648648648649,0.457207207207,0.222972972973,0.29954954955,NA,0,NA,NA,NA,NA,NA,NA,NA
ENSEMBLE,validation,MODERATE_CONTROL,ALL,LOW,60,95,74,0.0743505826078,0.0308444443854,0.11785672083,0.249617321477,-0.0735140046945,0.756756756757,0.518018018018,0.263513513514,0.346846846847,NA,0,NA,NA,NA,NA,NA,NA,NA
ENSEMBLE,validation,MODERATE_CONTROL,ALL,LOW,120,95,74,0.0678662769513,6.16998140059e-05,0.135670854089,0.353787318908,-0.129955532665,0.801801801802,0.666666666667,0.425675675676,0.506756756757,NA,0,NA,NA,NA,NA,NA,NA,NA
ENSEMBLE,validation,MODERATE_CONTROL,ALL,MODERATE,5,289,209,0.0197619657676,0.0109550381345,0.0285688934007,0.0685960726928,-0.0260964629095,0.227671451356,0.0406698564593,0.0215311004785,0.0215311004785,NA,0,NA,NA,NA,NA,NA,NA,NA
ENSEMBLE,validation,MODERATE_CONTROL,ALL,MODERATE,10,289,209,0.037304218563,0.023256709207,0.0513517279189,0.107381541533,-0.042239263927,0.389553429027,0.147527910686,0.055023923445,0.0948963317384,NA,0,NA,NA,NA,NA,NA,NA,NA
ENSEMBLE,validation,MODERATE_CONTROL,ALL,MODERATE,20,289,209,0.0169368584861,0.000648735594982,0.0332249813772,0.137024243866,-0.0593696380551,0.472488038278,0.231259968102,0.106858054226,0.224481658692,NA,0,NA,NA,NA,NA,NA,NA,NA
ENSEMBLE,validation,MODERATE_CONTROL,ALL,MODERATE,40,289,209,0.0303642491041,0.00292795876407,0.0578005394441,0.217247816558,-0.0864039568143,0.574162679426,0.392344497608,0.24322169059,0.422248803828,NA,0,NA,NA,NA,NA,NA,NA,NA
ENSEMBLE,validation,MODERATE_CONTROL,ALL,MODERATE,60,289,209,0.0432925259635,0.012323392792,0.0742616591351,0.255056663922,-0.103488292949,0.618819776715,0.445773524721,0.295055821372,0.489633173844,NA,0,NA,NA,NA,NA,NA,NA,NA
ENSEMBLE,validation,MODERATE_CONTROL,ALL,MODERATE,120,289,209,0.0314355269266,-0.0134611691109,0.0763322229641,0.352215365417,-0.161660672868,0.724082934609,0.541467304625,0.395534290271,0.637958532695,NA,0,NA,NA,NA,NA,NA,NA,NA
ENSEMBLE,validation,MODERATE_CONTROL,ALL,HIGH,5,120,90,0.0263422088943,0.0097068544483,0.0429775633404,0.103706641835,-0.0324713297904,0.412962962963,0.137037037037,0.0388888888889,0.0537037037037,NA,0,NA,NA,NA,NA,NA,NA,NA
ENSEMBLE,validation,MODERATE_CONTROL,ALL,HIGH,10,120,90,0.014550144674,-0.00925115316414,0.0383514425122,0.1321791845,-0.0635558784486,0.461111111111,0.218518518519,0.114814814815,0.242592592593,NA,0,NA,NA,NA,NA,NA,NA,NA
ENSEMBLE,validation,MODERATE_CONTROL,ALL,HIGH,20,120,90,-0.0220802125654,-0.047782279848,0.00362185471727,0.152556178451,-0.0954731005514,0.544444444444,0.261111111111,0.138888888889,0.453703703704,NA,0,NA,NA,NA,NA,NA,NA,NA
ENSEMBLE,validation,MODERATE_CONTROL,ALL,HIGH,40,120,90,-0.0618070676677,-0.0944578931401,-0.0291562421953,0.181464095049,-0.144257486934,0.572222222222,0.3,0.196296296296,0.635185185185,NA,0,NA,NA,NA,NA,NA,NA,NA
ENSEMBLE,validation,MODERATE_CONTROL,ALL,HIGH,60,120,90,-0.0788230177238,-0.113502197229,-0.0441438382182,0.194461160718,-0.168761078595,0.6,0.335185185185,0.212962962963,0.714814814815,NA,0,NA,NA,NA,NA,NA,NA,NA
ENSEMBLE,validation,MODERATE_CONTROL,ALL,HIGH,120,120,90,-0.0942147169149,-0.154685878257,-0.0337435555728,0.279876695462,-0.239164491288,0.690740740741,0.451851851852,0.325925925926,0.842592592593,NA,0,NA,NA,NA,NA,NA,NA,NA
UNIFORM,discovery,HIGH_CONTROL_HIGH_PROFIT,ALL,ALL,5,3,3,0.124617573509,-0.188072937361,0.43730808438,0.26676405523,-0.037760510079,0.666666666667,0.333333333333,0.333333333333,0.333333333333,HIGH_CONTROL_LOW_MODERATE_PROFIT,3,0.137893635009,0.216881051243,0.0283637984021,0.333333333333,0.333333333333,0.333333333333,0
UNIFORM,discovery,HIGH_CONTROL_HIGH_PROFIT,ALL,ALL,10,3,3,-0.0230097455787,-0.144436782684,0.0984172915263,0.26676405523,-0.0548502423138,0.666666666667,0.333333333333,0.333333333333,0.333333333333,HIGH_CONTROL_LOW_MODERATE_PROFIT,3,0.0291885273944,0.21167271791,0.035859417701,0.333333333333,0.333333333333,0.333333333333,-0.333333333333
UNIFORM,discovery,HIGH_CONTROL_HIGH_PROFIT,ALL,ALL,20,3,3,-0.0661655692531,-0.349095503533,0.216764365026,0.280127084184,-0.155416743542,1,0.333333333333,0.333333333333,0.333333333333,HIGH_CONTROL_LOW_MODERATE_PROFIT,3,0.102549337899,0.225035746863,0.0403298865636,0.666666666667,0.333333333333,0.333333333333,-0.666666666667
UNIFORM,discovery,HIGH_CONTROL_HIGH_PROFIT,ALL,ALL,40,3,3,-0.171899208442,-0.291433116854,-0.0523653000305,0.280127084184,-0.23030507105,1,0.333333333333,0.333333333333,1,HIGH_CONTROL_LOW_MODERATE_PROFIT,3,-0.0880290837859,0.225035746863,-0.0305220399463,0.666666666667,0.333333333333,0.333333333333,0
UNIFORM,discovery,HIGH_CONTROL_HIGH_PROFIT,ALL,ALL,60,3,3,-0.198579083938,-0.404131688898,0.00697352102244,0.280127084184,-0.261735790604,1,0.333333333333,0.333333333333,1,HIGH_CONTROL_LOW_MODERATE_PROFIT,3,-0.133931117123,0.171272306003,-0.0619527595003,0.333333333333,0.333333333333,0.333333333333,0
UNIFORM,discovery,HIGH_CONTROL_HIGH_PROFIT,ALL,ALL,120,3,3,-0.132641897677,-0.196004131902,-0.0692796634529,0.350654181437,-0.287843865893,1,0.666666666667,0.666666666667,1,HIGH_CONTROL_LOW_MODERATE_PROFIT,3,-0.113939389139,0.128663137436,-0.0361345366313,0.333333333333,0.333333333333,0.333333333333,0
UNIFORM,discovery,HIGH_CONTROL_HIGH_PROFIT,BROADLY_WEAK,ALL,5,2,2,0.238914127848,-0.13893440015,0.616762655845,0.349687367249,-0.00159489355882,0.5,0.5,0.5,0,HIGH_CONTROL_LOW_MODERATE_PROFIT,2,0.26636590854,0.289938238153,0.0749785038361,0,0.5,0.5,-0.5
UNIFORM,discovery,HIGH_CONTROL_HIGH_PROFIT,BROADLY_WEAK,ALL,10,2,2,0.0388798770448,0.0294013759434,0.0483583781462,0.349687367249,-0.00888086805791,0.5,0.5,0.5,0,HIGH_CONTROL_LOW_MODERATE_PROFIT,2,0.104614472434,0.282125738153,0.104570556638,0,0.5,0.5,-1
UNIFORM,discovery,HIGH_CONTROL_HIGH_PROFIT,BROADLY_WEAK,ALL,20,2,2,0.0781216767014,0.0634441703221,0.0927991830807,0.369731910679,-0.0389355128667,1,0.5,0.5,0,HIGH_CONTROL_LOW_MODERATE_PROFIT,2,0.235716650494,0.302170281583,0.151669356915,0.5,0.5,0.5,-1
UNIFORM,discovery,HIGH_CONTROL_HIGH_PROFIT,BROADLY_WEAK,ALL,40,2,2,-0.111059821838,-0.125440858832,-0.0966787848441,0.369731910679,-0.151268004129,1,0.5,0.5,1,HIGH_CONTROL_LOW_MODERATE_PROFIT,2,-0.012892825808,0.302170281583,0.0453914671502,0.5,0.5,0.5,0
UNIFORM,discovery,HIGH_CONTROL_HIGH_PROFIT,BROADLY_WEAK,ALL,60,2,2,-0.115911439362,-0.334990956281,0.103168077556,0.369731910679,-0.196885031472,1,0.5,0.5,1,HIGH_CONTROL_LOW_MODERATE_PROFIT,2,-0.114416876075,0.221525120293,-0.000225560193092,0,0.5,0.5,0
UNIFORM,discovery,HIGH_CONTROL_HIGH_PROFIT,BROADLY_WEAK,ALL,120,2,2,-0.105690675262,-0.16629651459,-0.0450848359352,0.475522556559,-0.236047144405,1,1,1,1,HIGH_CONTROL_LOW_MODERATE_PROFIT,2,-0.228390681299,0.157611367442,-0.0393876731257,0,0.5,0.5,0
UNIFORM,discovery,HIGH_CONTROL_HIGH_PROFIT,STRONG,ALL,5,1,1,-0.103975535168,NA,NA,0.100917431193,-0.110091743119,1,0,0,1,HIGH_CONTROL_LOW_MODERATE_PROFIT,1,-0.119050912053,0.0707666774238,-0.064865612466,1,0,0,1
UNIFORM,discovery,HIGH_CONTROL_HIGH_PROFIT,STRONG,ALL,10,1,1,-0.146788990826,NA,NA,0.100917431193,-0.146788990826,1,0,0,1,HIGH_CONTROL_LOW_MODERATE_PROFIT,1,-0.121663362685,0.0707666774238,-0.101562860172,1,0,0,1
UNIFORM,discovery,HIGH_CONTROL_HIGH_PROFIT,STRONG,ALL,20,1,1,-0.354740061162,NA,NA,0.100917431193,-0.388379204893,1,0,0,1,HIGH_CONTROL_LOW_MODERATE_PROFIT,1,-0.163785287293,0.0707666774238,-0.182349054139,1,0,0,0
UNIFORM,discovery,HIGH_CONTROL_HIGH_PROFIT,STRONG,ALL,40,1,1,-0.293577981651,NA,NA,0.100917431193,-0.388379204893,1,0,0,1,HIGH_CONTROL_LOW_MODERATE_PROFIT,1,-0.238301599742,0.0707666774238,-0.182349054139,1,0,0,0
UNIFORM,discovery,HIGH_CONTROL_HIGH_PROFIT,STRONG,ALL,60,1,1,-0.363914373089,NA,NA,0.100917431193,-0.391437308869,1,0,0,1,HIGH_CONTROL_LOW_MODERATE_PROFIT,1,-0.172959599219,0.0707666774238,-0.185407158115,1,0,0,0
UNIFORM,discovery,HIGH_CONTROL_HIGH_PROFIT,STRONG,ALL,120,1,1,-0.186544342508,NA,NA,0.100917431193,-0.391437308869,1,0,0,1,HIGH_CONTROL_LOW_MODERATE_PROFIT,1,0.114963195181,0.0707666774238,-0.0296282636424,1,0,0,0
UNIFORM,discovery,HIGH_CONTROL_HIGH_PROFIT,ALL,LOW,5,1,1,-0.103975535168,NA,NA,0.100917431193,-0.110091743119,1,0,0,1,HIGH_CONTROL_LOW_MODERATE_PROFIT,1,-0.119050912053,0.0707666774238,-0.064865612466,1,0,0,1
UNIFORM,discovery,HIGH_CONTROL_HIGH_PROFIT,ALL,LOW,10,1,1,-0.146788990826,NA,NA,0.100917431193,-0.146788990826,1,0,0,1,HIGH_CONTROL_LOW_MODERATE_PROFIT,1,-0.121663362685,0.0707666774238,-0.101562860172,1,0,0,1
UNIFORM,discovery,HIGH_CONTROL_HIGH_PROFIT,ALL,LOW,20,1,1,-0.354740061162,NA,NA,0.100917431193,-0.388379204893,1,0,0,1,HIGH_CONTROL_LOW_MODERATE_PROFIT,1,-0.163785287293,0.0707666774238,-0.182349054139,1,0,0,0
UNIFORM,discovery,HIGH_CONTROL_HIGH_PROFIT,ALL,LOW,40,1,1,-0.293577981651,NA,NA,0.100917431193,-0.388379204893,1,0,0,1,HIGH_CONTROL_LOW_MODERATE_PROFIT,1,-0.238301599742,0.0707666774238,-0.182349054139,1,0,0,0
UNIFORM,discovery,HIGH_CONTROL_HIGH_PROFIT,ALL,LOW,60,1,1,-0.363914373089,NA,NA,0.100917431193,-0.391437308869,1,0,0,1,HIGH_CONTROL_LOW_MODERATE_PROFIT,1,-0.172959599219,0.0707666774238,-0.185407158115,1,0,0,0
UNIFORM,discovery,HIGH_CONTROL_HIGH_PROFIT,ALL,LOW,120,1,1,-0.186544342508,NA,NA,0.100917431193,-0.391437308869,1,0,0,1,HIGH_CONTROL_LOW_MODERATE_PROFIT,1,0.114963195181,0.0707666774238,-0.0296282636424,1,0,0,0
UNIFORM,discovery,HIGH_CONTROL_HIGH_PROFIT,ALL,HIGH,5,2,2,0.238914127848,-0.13893440015,0.616762655845,0.349687367249,-0.00159489355882,0.5,0.5,0.5,0,HIGH_CONTROL_LOW_MODERATE_PROFIT,2,0.26636590854,0.289938238153,0.0749785038361,0,0.5,0.5,-0.5
UNIFORM,discovery,HIGH_CONTROL_HIGH_PROFIT,ALL,HIGH,10,2,2,0.0388798770448,0.0294013759434,0.0483583781462,0.349687367249,-0.00888086805791,0.5,0.5,0.5,0,HIGH_CONTROL_LOW_MODERATE_PROFIT,2,0.104614472434,0.282125738153,0.104570556638,0,0.5,0.5,-1
UNIFORM,discovery,HIGH_CONTROL_HIGH_PROFIT,ALL,HIGH,20,2,2,0.0781216767014,0.0634441703221,0.0927991830807,0.369731910679,-0.0389355128667,1,0.5,0.5,0,HIGH_CONTROL_LOW_MODERATE_PROFIT,2,0.235716650494,0.302170281583,0.151669356915,0.5,0.5,0.5,-1
UNIFORM,discovery,HIGH_CONTROL_HIGH_PROFIT,ALL,HIGH,40,2,2,-0.111059821838,-0.125440858832,-0.0966787848441,0.369731910679,-0.151268004129,1,0.5,0.5,1,HIGH_CONTROL_LOW_MODERATE_PROFIT,2,-0.012892825808,0.302170281583,0.0453914671502,0.5,0.5,0.5,0
UNIFORM,discovery,HIGH_CONTROL_HIGH_PROFIT,ALL,HIGH,60,2,2,-0.115911439362,-0.334990956281,0.103168077556,0.369731910679,-0.196885031472,1,0.5,0.5,1,HIGH_CONTROL_LOW_MODERATE_PROFIT,2,-0.114416876075,0.221525120293,-0.000225560193092,0,0.5,0.5,0
UNIFORM,discovery,HIGH_CONTROL_HIGH_PROFIT,ALL,HIGH,120,2,2,-0.105690675262,-0.16629651459,-0.0450848359352,0.475522556559,-0.236047144405,1,1,1,1,HIGH_CONTROL_LOW_MODERATE_PROFIT,2,-0.228390681299,0.157611367442,-0.0393876731257,0,0.5,0.5,0
UNIFORM,discovery,HIGH_CONTROL_LOW_MODERATE_PROFIT,ALL,ALL,5,284,150,0.0163480008385,0.00309320884683,0.0296027928301,0.0588039135153,-0.0468731497712,0.200777777778,0.0676666666667,0.0455555555556,0.143777777778,LOW_CONTROL,284,0.0110448224054,0.0201778874422,0.0110100896648,0.075,0.0176666666667,0.0422222222222,-0.06
UNIFORM,discovery,HIGH_CONTROL_LOW_MODERATE_PROFIT,ALL,ALL,10,284,150,0.00933079694962,-0.00516412469045,0.0238257185897,0.0839661080661,-0.0583441494392,0.276555555556,0.0693333333333,0.0522222222222,0.195555555556,LOW_CONTROL,284,0.00983954119189,0.0150005903741,0.0142696836731,0.0152222222222,-0.00533333333333,0.0355555555556,-0.073
UNIFORM,discovery,HIGH_CONTROL_LOW_MODERATE_PROFIT,ALL,ALL,20,284,150,-0.0286629857753,-0.0579206056014,0.000594634050884,0.131064216428,-0.144473337783,0.396333333333,0.159333333333,0.101777777778,0.676333333333,LOW_CONTROL,284,0.0153814467204,0.0110235926565,0.0159365550462,-0.0631111111111,-0.00155555555556,0.0206666666667,-0.0918888888889
UNIFORM,discovery,HIGH_CONTROL_LOW_MODERATE_PROFIT,ALL,ALL,40,284,150,0.0236295369032,-0.00304747333529,0.0503065471416,0.19306950161,-0.156036544994,0.533666666667,0.314222222222,0.200333333333,0.733777777778,LOW_CONTROL,284,0.0375953482489,0.0343575274523,0.0191756451925,0.00977777777778,0.015,0.0107777777778,-0.0907777777778
UNIFORM,discovery,HIGH_CONTROL_LOW_MODERATE_PROFIT,ALL,ALL,60,283,150,-0.00464594292102,-0.0369819898061,0.0276901039641,0.241788630581,-0.173316059304,0.612333333333,0.394111111111,0.259777777778,0.757777777778,LOW_CONTROL,284,0.0504091716462,0.0501385049145,0.0163741952103,-0.004,0.0536666666667,0.0104444444444,-0.0881111111111
UNIFORM,discovery,HIGH_CONTROL_LOW_MODERATE_PROFIT,ALL,ALL,120,281,149,0.110795674141,0.0698015555662,0.151789792715,0.357605253695,-0.191868368469,0.732214765101,0.589149888143,0.462416107383,0.785682326622,LOW_CONTROL,284,0.0271343252198,-0.00535608233915,0.0291690205412,-0.112975391499,-0.0530201342282,0.0395973154362,-0.0815436241611
UNIFORM,discovery,HIGH_CONTROL_LOW_MODERATE_PROFIT,BROADLY_WEAK,ALL,5,172,101,0.0167438772326,-0.00166883121704,0.0351565856823,0.0635665322532,-0.0692651072852,0.290429042904,0.0924092409241,0.0544554455446,0.298679867987,LOW_CONTROL,172,0.00298598517281,0.02322454679,0.0212481918075,0.0693069306931,-0.0123762376238,0.0445544554455,-0.127062706271
UNIFORM,discovery,HIGH_CONTROL_LOW_MODERATE_PROFIT,BROADLY_WEAK,ALL,10,172,101,0.0143397681278,-0.00530443423928,0.0339839704948,0.0983664533425,-0.0826267637502,0.36798679868,0.0957095709571,0.0643564356436,0.362211221122,LOW_CONTROL,172,0.014344028449,0.020614606302,0.024128307757,0.0577557755776,-0.0528052805281,0.0346534653465,-0.153465346535
UNIFORM,discovery,HIGH_CONTROL_LOW_MODERATE_PROFIT,BROADLY_WEAK,ALL,20,172,101,0.0249573020099,-0.00910289509332,0.0590174991131,0.161285148774,-0.102540926237,0.573432343234,0.213696369637,0.127062706271,0.490924092409,LOW_CONTROL,172,0.00788045183536,-0.0163744493198,0.024826482187,0.00247524752475,-0.127062706271,-0.0420792079208,-0.0825082508251
UNIFORM,discovery,HIGH_CONTROL_LOW_MODERATE_PROFIT,BROADLY_WEAK,ALL,40,172,101,0.0346092081913,-0.0010210460565,0.0702394624391,0.227852487298,-0.126602742661,0.687293729373,0.38696369637,0.218646864686,0.61798679868,LOW_CONTROL,172,0.0570927754458,0.0191689246724,0.0300679963776,0.0049504950495,-0.0585808580858,-0.0107260726073,-0.0511551155116
UNIFORM,discovery,HIGH_CONTROL_LOW_MODERATE_PROFIT,BROADLY_WEAK,ALL,60,171,101,0.0757449904019,0.0313756380143,0.120114342789,0.310777210286,-0.13454833842,0.814356435644,0.517326732673,0.316831683168,0.630363036304,LOW_CONTROL,172,0.0775611609014,0.05559977861,0.0286829396682,-0.0156765676568,-0.0049504950495,-0.0313531353135,-0.0808580858086
UNIFORM,discovery,HIGH_CONTROL_LOW_MODERATE_PROFIT,BROADLY_WEAK,ALL,120,170,100,0.162641790736,0.109187877406,0.216095704066,0.472311844339,-0.152028350112,0.9125,0.7675,0.586666666667,0.674166666667,LOW_CONTROL,172,-0.0193068039179,-0.0760021313972,0.037006112639,-0.0691666666667,-0.0258333333333,-0.0891666666667,-0.0791666666667
UNIFORM,discovery,HIGH_CONTROL_LOW_MODERATE_PROFIT,STRONG,ALL,5,112,112,0.00855351198393,-0.00187066389495,0.0189776878628,0.0433241710922,-0.0295523667219,0.0803571428571,0.0178571428571,0.0178571428571,0.0178571428571,LOW_CONTROL,112,0.0144113587091,0.00751982784945,-0.0017821513684,0.0714285714286,0.0178571428571,0.0178571428571,0.0178571428571
UNIFORM,discovery,HIGH_CONTROL_LOW_MODERATE_PROFIT,STRONG,ALL,10,112,112,0.00198574884504,-0.0100974706236,0.0140689683137,0.0583141525371,-0.037791054668,0.160714285714,0.0178571428571,0.0178571428571,0.0535714285714,LOW_CONTROL,112,-0.00720326087996,-0.00706107263028,0.00221045522495,-0.116071428571,0.0178571428571,0.0178571428571,0.0267857142857
UNIFORM,discovery,HIGH_CONTROL_LOW_MODERATE_PROFIT,STRONG,ALL,20,112,112,-0.0698279517667,-0.101054352908,-0.0386015506252,0.098765650585,-0.177903886861,0.232142857143,0.125,0.0803571428571,0.848214285714,LOW_CONTROL,112,0.0195396990349,0.0179669573395,0.0118457176464,-0.205357142857,0.125,0.0803571428571,-0.133928571429
UNIFORM,discovery,HIGH_CONTROL_LOW_MODERATE_PROFIT,STRONG,ALL,40,112,112,0.0365658951283,0.00393329206363,0.069198498193,0.167837424064,-0.178179214524,0.4375,0.303571428571,0.205357142857,0.848214285714,LOW_CONTROL,112,0.0363718834961,0.038645200315,0.0115703899836,-0.00892857142857,0.133928571429,0.0535714285714,-0.133928571429
UNIFORM,discovery,HIGH_CONTROL_LOW_MODERATE_PROFIT,STRONG,ALL,60,112,112,-0.0591461994068,-0.0945058187613,-0.0237865800523,0.183017541293,-0.204792862343,0.446428571429,0.321428571429,0.223214285714,0.883928571429,LOW_CONTROL,112,0.0638976596465,0.038922736389,0.0168129038683,-0.0178571428571,0.151785714286,0.0625,-0.0982142857143
UNIFORM,discovery,HIGH_CONTROL_LOW_MODERATE_PROFIT,STRONG,ALL,120,111,111,0.100840068328,0.0548968526722,0.146783283983,0.258339134687,-0.223275196135,0.603603603604,0.468468468468,0.342342342342,0.900900900901,LOW_CONTROL,112,0.11477610596,0.0603855840444,0.044045395749,-0.153153153153,-0.018018018018,0.171171171171,-0.0900900900901
UNIFORM,discovery,HIGH_CONTROL_LOW_MODERATE_PROFIT,ALL,LOW,5,27,23,0.00168001445244,-0.0213820950634,0.0247421239683,0.0493987595834,-0.055357872911,0.217391304348,0.0434782608696,0.0434782608696,0.188405797101,LOW_CONTROL,27,0.00606542741184,0.0225749042205,0.00647467163425,0.13768115942,0.0217391304348,0.0217391304348,-0.0869565217391
UNIFORM,discovery,HIGH_CONTROL_LOW_MODERATE_PROFIT,ALL,LOW,10,27,23,-0.00183674644584,-0.0255971140759,0.0219236211842,0.0794150421855,-0.0697508508764,0.260869565217,0.0434782608696,0.0434782608696,0.231884057971,LOW_CONTROL,27,0.021942236816,0.0281667125259,0.0113968154299,0.13768115942,0.0217391304348,0.0217391304348,-0.188405797101
UNIFORM,discovery,HIGH_CONTROL_LOW_MODERATE_PROFIT,ALL,LOW,20,27,23,-0.061321859611,-0.101080985227,-0.021562733995,0.105589264325,-0.142359032201,0.413043478261,0.130434782609,0.0869565217391,0.724637681159,LOW_CONTROL,27,-0.0162713634626,-0.0123905255153,0.0297015694288,0.0144927536232,-0.0797101449275,-0.036231884058,-0.0434782608696
UNIFORM,discovery,HIGH_CONTROL_LOW_MODERATE_PROFIT,ALL,LOW,40,27,23,-0.0215449089593,-0.0622477172374,0.0191578993188,0.131315012516,-0.14543850606,0.492753623188,0.217391304348,0.130434782609,0.746376811594,LOW_CONTROL,27,0.00361173139448,-0.0510965420275,0.0308165115222,0.00724637681159,-0.13768115942,-0.13768115942,-0.0217391304348
UNIFORM,discovery,HIGH_CONTROL_LOW_MODERATE_PROFIT,ALL,LOW,60,27,23,-0.0487841131387,-0.108511937382,0.0109437111044,0.146504712845,-0.160956340113,0.536231884058,0.260869565217,0.130434782609,0.789855072464,LOW_CONTROL,27,-0.0167748059606,-0.0508900946431,0.0280548539753,-0.0144927536232,-0.13768115942,-0.224637681159,0.0217391304348
UNIFORM,discovery,HIGH_CONTROL_LOW_MODERATE_PROFIT,ALL,LOW,120,27,23,0.0134862478673,-0.0588395435488,0.0858120392833,0.226880392351,-0.189274822754,0.63768115942,0.463768115942,0.289855072464,0.833333333333,LOW_CONTROL,27,-0.0386774803621,-0.121008634391,0.0442780903961,-0.0217391304348,-0.152173913043,-0.195652173913,-0.0434782608696
UNIFORM,discovery,HIGH_CONTROL_LOW_MODERATE_PROFIT,ALL,MODERATE,5,106,81,0.0150190349159,-0.000445457170152,0.030483527002,0.0532069880215,-0.0429967580356,0.158436213992,0.0349794238683,0.0308641975309,0.146090534979,LOW_CONTROL,106,0.00356909950261,0.00743361102874,0.00601719435169,0.0133744855967,-0.0329218106996,0.0308641975309,0.0185185185185
UNIFORM,discovery,HIGH_CONTROL_LOW_MODERATE_PROFIT,ALL,MODERATE,10,106,81,0.00746199359994,-0.0115388805083,0.0264628677081,0.075259408189,-0.0542012042319,0.232510288066,0.0411522633745,0.0308641975309,0.201646090535,LOW_CONTROL,106,0.00324710061865,-0.00123751238735,0.0108069621027,0.00617283950617,-0.0637860082305,0.00617283950617,0.0154320987654
UNIFORM,discovery,HIGH_CONTROL_LOW_MODERATE_PROFIT,ALL,MODERATE,20,106,81,-0.0311906495115,-0.0722595587398,0.00987825971684,0.114780067007,-0.142775097561,0.342592592593,0.082304526749,0.0617283950617,0.692386831276,LOW_CONTROL,106,-0.0110263531697,-0.0231079621254,0.00986942072474,-0.093621399177,-0.115226337449,-0.0586419753086,0.0298353909465
UNIFORM,discovery,HIGH_CONTROL_LOW_MODERATE_PROFIT,ALL,MODERATE,40,106,81,0.0277597141545,-0.0122023797532,0.0677218080623,0.182692829246,-0.152526403173,0.521604938272,0.265432098765,0.150205761317,0.735596707819,LOW_CONTROL,106,-0.00417635137411,0.00199953728965,0.00546391715651,0.0205761316872,-0.117283950617,-0.105967078189,0.0298353909465
UNIFORM,discovery,HIGH_CONTROL_LOW_MODERATE_PROFIT,ALL,MODERATE,60,106,81,0.00704692183479,-0.0412273903764,0.0553212340459,0.241437087264,-0.166062147454,0.623456790123,0.376543209877,0.265432098765,0.76646090535,LOW_CONTROL,106,0.0163475706406,0.0273947703509,-0.00398876027472,0.0257201646091,-0.0349794238683,-0.0524691358025,0.0174897119342
UNIFORM,discovery,HIGH_CONTROL_LOW_MODERATE_PROFIT,ALL,MODERATE,120,106,81,0.133259198406,0.0800251521656,0.186493244646,0.377736584273,-0.178228721477,0.734567901235,0.598765432099,0.487654320988,0.791152263374,LOW_CONTROL,106,0.0312937514153,0.0577743387523,-0.00724845729098,-0.0185185185185,-0.0771604938272,0.011316872428,0.0236625514403
UNIFORM,discovery,HIGH_CONTROL_LOW_MODERATE_PROFIT,ALL,HIGH,5,151,81,0.0150333087539,-0.00473603520659,0.0348026527143,0.0588263374515,-0.0510083645407,0.215637860082,0.0812757201646,0.0411522633745,0.141358024691,LOW_CONTROL,151,0.0104239158549,0.0205500783949,0.0143353819475,0.0909465020576,0.0296296296296,0.0411522633745,-0.120576131687
UNIFORM,discovery,HIGH_CONTROL_LOW_MODERATE_PROFIT,ALL,HIGH,10,151,81,0.0103633575849,-0.00965997218087,0.0303866873507,0.0859837948366,-0.0626196964011,0.301851851852,0.0812757201646,0.0534979423868,0.204115226337,LOW_CONTROL,151,0.00804877258623,0.0134668194703,0.0197844705045,-0.0572016460905,0.00390946502058,0.0534979423868,-0.134773662551
UNIFORM,discovery,HIGH_CONTROL_LOW_MODERATE_PROFIT,ALL,HIGH,20,151,81,-0.0146944504215,-0.0560283635409,0.0266394626979,0.144731553827,-0.140013127606,0.446913580247,0.216255144033,0.129423868313,0.625308641975,LOW_CONTROL,151,0.033537689155,0.0210445263696,0.0149620524224,-0.0977366255144,0.0648148148148,0.0679012345679,-0.195267489712
UNIFORM,discovery,HIGH_CONTROL_LOW_MODERATE_PROFIT,ALL,HIGH,40,151,81,0.0342579287902,-0.00445724273941,0.0729731003198,0.211628422382,-0.158397921564,0.560288065844,0.378189300412,0.244855967078,0.700205761317,LOW_CONTROL,151,0.0814196205278,0.0590984497874,0.0228531456746,-0.0547325102881,0.13621399177,0.12366255144,-0.210082304527
UNIFORM,discovery,HIGH_CONTROL_LOW_MODERATE_PROFIT,ALL,HIGH,60,150,81,0.0147430212339,-0.03448616636,0.0639722088279,0.269657649224,-0.177966209271,0.640946502058,0.450411522634,0.284156378601,0.723251028807,LOW_CONTROL,151,0.111134251473,0.0781142879674,0.0323251105792,-0.080658436214,0.142181069959,0.0802469135802,-0.18950617284
UNIFORM,discovery,HIGH_CONTROL_LOW_MODERATE_PROFIT,ALL,HIGH,120,148,80,0.145251260246,0.084429578013,0.20607294248,0.401191398373,-0.194150298077,0.789583333333,0.679791666667,0.508541666667,0.743541666667,LOW_CONTROL,151,0.0717501788329,-0.0229740950433,0.0662374406629,-0.210416666667,0.0495833333333,0.1,-0.180625
UNIFORM,discovery,LOW_CONTROL,ALL,ALL,5,1773,462,0.027488224049,0.0243733639852,0.0306030841128,0.0550548795899,-0.0410439651537,0.236111111111,0.0374098124098,0.0106421356421,0.167496392496,NA,0,NA,NA,NA,NA,NA,NA,NA
UNIFORM,discovery,LOW_CONTROL,ALL,ALL,10,1773,462,0.0149462918694,0.0111786752195,0.0187139085193,0.0827140757001,-0.0537009669288,0.356998556999,0.0926406926407,0.0261183261183,0.199242424242,NA,0,NA,NA,NA,NA,NA,NA,NA
UNIFORM,discovery,LOW_CONTROL,ALL,ALL,20,1772,462,-0.00566683746115,-0.0118377647317,0.000504089809444,0.119944787044,-0.0984275158287,0.471176046176,0.167676767677,0.0670274170274,0.417676767677,NA,0,NA,NA,NA,NA,NA,NA,NA
UNIFORM,discovery,LOW_CONTROL,ALL,ALL,40,1771,462,0.0261653399088,0.0156638687661,0.0366668110514,0.172684293646,-0.110509579771,0.608189033189,0.29733044733,0.14632034632,0.476226551227,NA,0,NA,NA,NA,NA,NA,NA,NA
UNIFORM,discovery,LOW_CONTROL,ALL,ALL,60,1770,461,0.0484617647337,0.032955207715,0.0639683217524,0.238452610049,-0.121682972829,0.731344902386,0.434164859002,0.258496023138,0.507556037599,NA,0,NA,NA,NA,NA,NA,NA,NA
UNIFORM,discovery,LOW_CONTROL,ALL,ALL,120,1767,461,0.145178761973,0.119499893569,0.170857630377,0.426049270538,-0.136626984703,0.878018799711,0.703579175705,0.54313087491,0.540057845264,NA,0,NA,NA,NA,NA,NA,NA,NA
UNIFORM,discovery,LOW_CONTROL,BROADLY_WEAK,ALL,5,1533,460,0.0274372899296,0.0239874599909,0.0308871198682,0.0547390492087,-0.0454659671595,0.247101449275,0.0400362318841,0.0117753623188,0.19402173913,NA,0,NA,NA,NA,NA,NA,NA,NA
UNIFORM,discovery,LOW_CONTROL,BROADLY_WEAK,ALL,10,1533,460,0.0151003727896,0.0109685949682,0.019232150611,0.0841794121899,-0.0586880829404,0.371014492754,0.0978260869565,0.029347826087,0.227536231884,NA,0,NA,NA,NA,NA,NA,NA,NA
UNIFORM,discovery,LOW_CONTROL,BROADLY_WEAK,ALL,20,1532,460,0.00438489081276,-0.00167680466499,0.0104465862905,0.123312618276,-0.0863578838521,0.488043478261,0.175724637681,0.0711956521739,0.361594202899,NA,0,NA,NA,NA,NA,NA,NA,NA
UNIFORM,discovery,LOW_CONTROL,BROADLY_WEAK,ALL,40,1531,459,0.026489145363,0.015266160834,0.037712129892,0.17741923464,-0.100246031546,0.624364560639,0.308460421206,0.151053013798,0.429557007988,NA,0,NA,NA,NA,NA,NA,NA,NA
UNIFORM,discovery,LOW_CONTROL,BROADLY_WEAK,ALL,60,1531,459,0.0634811936668,0.0471423533984,0.0798200339352,0.248225921892,-0.112297522107,0.752360203341,0.456245461147,0.270152505447,0.464052287582,NA,0,NA,NA,NA,NA,NA,NA,NA
UNIFORM,discovery,LOW_CONTROL,BROADLY_WEAK,ALL,120,1528,458,0.163301287889,0.137162093868,0.18944048191,0.449552061026,-0.12318659525,0.905021834061,0.740720524017,0.575509461426,0.494177583697,NA,0,NA,NA,NA,NA,NA,NA,NA
UNIFORM,discovery,LOW_CONTROL,STRONG,ALL,5,240,240,0.0231640011997,0.0175941156137,0.0287338867858,0.0541471519035,-0.0158631829277,0.154166666667,0.0291666666667,0.00833333333333,0.00833333333333,NA,0,NA,NA,NA,NA,NA,NA,NA
UNIFORM,discovery,LOW_CONTROL,STRONG,ALL,10,240,240,0.00667857555072,0.000437860145353,0.0129192909561,0.0679922122339,-0.0233639825034,0.220833333333,0.0583333333333,0.0125,0.0208333333333,NA,0,NA,NA,NA,NA,NA,NA,NA
UNIFORM,discovery,LOW_CONTROL,STRONG,ALL,20,240,240,-0.0971791747806,-0.11225696594,-0.0821013836215,0.0913704850301,-0.2042396431,0.3125,0.108333333333,0.0416666666667,0.920833333333,NA,0,NA,NA,NA,NA,NA,NA,NA
UNIFORM,discovery,LOW_CONTROL,STRONG,ALL,40,240,240,0.000243540762744,-0.0150758158619,0.0155628973874,0.131671436682,-0.204655452449,0.441666666667,0.2,0.1125,0.920833333333,NA,0,NA,NA,NA,NA,NA,NA,NA
UNIFORM,discovery,LOW_CONTROL,STRONG,ALL,60,239,239,-0.103006409531,-0.120208316556,-0.0858045025061,0.153067229163,-0.216256014343,0.531380753138,0.234309623431,0.150627615063,0.941422594142,NA,0,NA,NA,NA,NA,NA,NA,NA
UNIFORM,discovery,LOW_CONTROL,STRONG,ALL,120,239,239,-0.0164610866922,-0.0480021738071,0.0150800004226,0.218072267053,-0.253652836773,0.635983263598,0.359832635983,0.238493723849,0.97489539749,NA,0,NA,NA,NA,NA,NA,NA,NA
UNIFORM,discovery,LOW_CONTROL,ALL,LOW,5,1559,433,0.0273763056646,0.0240762769714,0.0306763343578,0.0538086604827,-0.0392965044565,0.235334872979,0.0344880677444,0.00858352578907,0.161970746728,NA,0,NA,NA,NA,NA,NA,NA,NA
UNIFORM,discovery,LOW_CONTROL,ALL,LOW,10,1559,433,0.0152255951698,0.0112964055997,0.0191547847399,0.0801814779739,-0.0503501024818,0.347151655119,0.0941878367975,0.020246343341,0.18194765204,NA,0,NA,NA,NA,NA,NA,NA,NA
UNIFORM,discovery,LOW_CONTROL,ALL,LOW,20,1558,433,-0.00138700386633,-0.00844943025068,0.00567542251801,0.118916378906,-0.0935022762991,0.469361046959,0.166705157814,0.0626635873749,0.387066974596,NA,0,NA,NA,NA,NA,NA,NA,NA
UNIFORM,discovery,LOW_CONTROL,ALL,LOW,40,1557,433,0.0321746215574,0.0208307824911,0.0435184606237,0.17197381214,-0.104746163297,0.61143187067,0.300269438029,0.148498845266,0.442956120092,NA,0,NA,NA,NA,NA,NA,NA,NA
UNIFORM,discovery,LOW_CONTROL,ALL,LOW,60,1556,432,0.059924840593,0.041375235714,0.078474445472,0.242520920729,-0.115364183842,0.735532407407,0.447646604938,0.268325617284,0.474228395062,NA,0,NA,NA,NA,NA,NA,NA,NA
UNIFORM,discovery,LOW_CONTROL,ALL,LOW,120,1553,432,0.152090178588,0.123963068135,0.180217289041,0.432136539452,-0.131631096812,0.880516975309,0.709490740741,0.54637345679,0.515740740741,NA,0,NA,NA,NA,NA,NA,NA,NA
UNIFORM,discovery,LOW_CONTROL,ALL,MODERATE,5,185,125,0.0362769306136,0.0240620205278,0.0484918406995,0.0692338134887,-0.0441927421156,0.315333333333,0.04,0.0146666666667,0.144666666667,NA,0,NA,NA,NA,NA,NA,NA,NA
UNIFORM,discovery,LOW_CONTROL,ALL,MODERATE,10,185,125,0.0196720157899,0.00557785998301,0.0337661715969,0.104298476309,-0.0633541332295,0.47,0.12,0.0533333333333,0.237333333333,NA,0,NA,NA,NA,NA,NA,NA,NA
UNIFORM,discovery,LOW_CONTROL,ALL,MODERATE,20,185,125,-0.0281915194864,-0.0502147026403,-0.00616833633246,0.13417069223,-0.129698376031,0.55,0.189333333333,0.088,0.597333333333,NA,0,NA,NA,NA,NA,NA,NA,NA
UNIFORM,discovery,LOW_CONTROL,ALL,MODERATE,40,185,125,0.0162081569336,-0.0167708628272,0.0491871766944,0.191378623836,-0.140755211162,0.631333333333,0.289333333333,0.162666666667,0.650666666667,NA,0,NA,NA,NA,NA,NA,NA,NA
UNIFORM,discovery,LOW_CONTROL,ALL,MODERATE,60,185,125,0.0396730454594,-0.0114865036616,0.0908325945803,0.264016214546,-0.151111349992,0.742,0.399333333333,0.259333333333,0.664,NA,0,NA,NA,NA,NA,NA,NA,NA
UNIFORM,discovery,LOW_CONTROL,ALL,MODERATE,120,185,125,0.114814206078,0.0572099956723,0.172418416484,0.43301383169,-0.167839173273,0.858666666667,0.648,0.524,0.690666666667,NA,0,NA,NA,NA,NA,NA,NA,NA
UNIFORM,discovery,LOW_CONTROL,ALL,HIGH,5,29,23,0.0542822730724,0.00840859596113,0.100155950184,0.117782947561,-0.0675973531026,0.521739130435,0.347826086957,0.0869565217391,0.326086956522,NA,0,NA,NA,NA,NA,NA,NA,NA
UNIFORM,discovery,LOW_CONTROL,ALL,HIGH,10,29,23,0.0275505062958,-0.0170633624062,0.0721643749979,0.167530566094,-0.0953798456719,0.586956521739,0.391304347826,0.195652173913,0.521739130435,NA,0,NA,NA,NA,NA,NA,NA,NA
UNIFORM,discovery,LOW_CONTROL,ALL,HIGH,20,29,23,-0.0377111290805,-0.0896834935534,0.0142612353924,0.244694301607,-0.157962370675,0.760869565217,0.54347826087,0.347826086957,0.804347826087,NA,0,NA,NA,NA,NA,NA,NA,NA
UNIFORM,discovery,LOW_CONTROL,ALL,HIGH,40,29,23,-0.0758020299109,-0.14388722482,-0.00771683500139,0.262732148938,-0.199232760004,0.804347826087,0.586956521739,0.347826086957,0.826086956522,NA,0,NA,NA,NA,NA,NA,NA,NA
UNIFORM,discovery,LOW_CONTROL,ALL,HIGH,60,29,23,-0.0888582217586,-0.181386622299,0.00367017878228,0.292013584907,-0.227049782015,0.891304347826,0.673913043478,0.391304347826,0.869565217391,NA,0,NA,NA,NA,NA,NA,NA,NA
UNIFORM,discovery,LOW_CONTROL,ALL,HIGH,120,29,23,0.0838558615982,-0.0841625995797,0.251874322776,0.512987228203,-0.243418738109,0.95652173913,0.826086956522,0.586956521739,0.869565217391,NA,0,NA,NA,NA,NA,NA,NA,NA
UNIFORM,discovery,MODERATE_CONTROL,ALL,ALL,5,353,243,0.0148653918278,0.00621299229164,0.023517791364,0.0504530554772,-0.0510192197161,0.216049382716,0.033950617284,0.0154320987654,0.217421124829,NA,0,NA,NA,NA,NA,NA,NA,NA
UNIFORM,discovery,MODERATE_CONTROL,ALL,ALL,10,353,243,0.00498395510992,-0.00653686809231,0.0165047783122,0.0790182892913,-0.0653605447059,0.301440329218,0.0874485596708,0.0253772290809,0.266117969822,NA,0,NA,NA,NA,NA,NA,NA,NA
UNIFORM,discovery,MODERATE_CONTROL,ALL,ALL,20,353,243,-0.0188150648738,-0.0472904116763,0.00966028192876,0.139412567195,-0.146452541397,0.435185185185,0.177640603567,0.0919067215364,0.69890260631,NA,0,NA,NA,NA,NA,NA,NA,NA
UNIFORM,discovery,MODERATE_CONTROL,ALL,ALL,40,353,243,0.0239116182664,-0.0119100786632,0.0597333151961,0.188763610828,-0.1617253511,0.501714677641,0.274348422497,0.149519890261,0.749657064472,NA,0,NA,NA,NA,NA,NA,NA,NA
UNIFORM,discovery,MODERATE_CONTROL,ALL,ALL,60,352,242,-0.0012722925034,-0.0333677842543,0.0308231992475,0.2427643979,-0.167960967828,0.604338842975,0.369834710744,0.22520661157,0.78064738292,NA,0,NA,NA,NA,NA,NA,NA,NA
UNIFORM,discovery,MODERATE_CONTROL,ALL,ALL,120,352,242,0.121005003351,0.0819849299832,0.160025076718,0.379307517528,-0.182629348596,0.749655647383,0.538223140496,0.380509641873,0.798209366391,NA,0,NA,NA,NA,NA,NA,NA,NA
UNIFORM,discovery,MODERATE_CONTROL,BROADLY_WEAK,ALL,5,224,166,0.0152068412643,0.0014869307366,0.028926751792,0.0533501612378,-0.0737168800205,0.286144578313,0.0532128514056,0.0261044176707,0.375502008032,NA,0,NA,NA,NA,NA,NA,NA,NA
UNIFORM,discovery,MODERATE_CONTROL,BROADLY_WEAK,ALL,10,224,166,0.00493982811979,-0.00934759293545,0.019227249175,0.0899556177714,-0.0914666209596,0.375502008032,0.129518072289,0.0431726907631,0.441767068273,NA,0,NA,NA,NA,NA,NA,NA,NA
UNIFORM,discovery,MODERATE_CONTROL,BROADLY_WEAK,ALL,20,224,166,-0.00422473521935,-0.0253487088115,0.0168992383728,0.145851364832,-0.116243033455,0.532128514056,0.220883534137,0.120481927711,0.602409638554,NA,0,NA,NA,NA,NA,NA,NA,NA
UNIFORM,discovery,MODERATE_CONTROL,BROADLY_WEAK,ALL,40,224,166,-0.00825442458348,-0.0342526725997,0.0177438234328,0.183532583973,-0.140433825681,0.611445783133,0.308232931727,0.160642570281,0.694779116466,NA,0,NA,NA,NA,NA,NA,NA,NA
UNIFORM,discovery,MODERATE_CONTROL,BROADLY_WEAK,ALL,60,223,165,0.033916745126,-0.004263777762,0.072097268014,0.256516863951,-0.145294872104,0.727272727273,0.431313131313,0.259595959596,0.725252525253,NA,0,NA,NA,NA,NA,NA,NA,NA
UNIFORM,discovery,MODERATE_CONTROL,BROADLY_WEAK,ALL,120,223,165,0.138604763549,0.0917682988168,0.185441228281,0.440306316136,-0.159129780296,0.885858585859,0.671717171717,0.483838383838,0.746464646465,NA,0,NA,NA,NA,NA,NA,NA,NA
UNIFORM,discovery,MODERATE_CONTROL,STRONG,ALL,5,129,129,0.0203125991995,0.0110238104233,0.0296013879758,0.0518882405948,-0.0206915958233,0.15503875969,0.015503875969,0.0077519379845,0.0077519379845,NA,0,NA,NA,NA,NA,NA,NA,NA
UNIFORM,discovery,MODERATE_CONTROL,STRONG,ALL,10,129,129,0.0151462833507,-0.00190703202959,0.032199598731,0.0716838626895,-0.0275174301603,0.248062015504,0.0387596899225,0.015503875969,0.0232558139535,NA,0,NA,NA,NA,NA,NA,NA,NA
UNIFORM,discovery,MODERATE_CONTROL,STRONG,ALL,20,129,129,-0.0233067607916,-0.0751158835319,0.0285023619488,0.140486010807,-0.175855489333,0.37984496124,0.139534883721,0.0697674418605,0.790697674419,NA,0,NA,NA,NA,NA,NA,NA,NA
UNIFORM,discovery,MODERATE_CONTROL,STRONG,ALL,40,129,129,0.0930091678454,0.0301187718251,0.155899563866,0.221119972695,-0.176350604041,0.449612403101,0.294573643411,0.186046511628,0.790697674419,NA,0,NA,NA,NA,NA,NA,NA,NA
UNIFORM,discovery,MODERATE_CONTROL,STRONG,ALL,60,129,129,-0.0249209448815,-0.0694899815982,0.0196480918352,0.249342345906,-0.183701419401,0.519379844961,0.364341085271,0.248062015504,0.821705426357,NA,0,NA,NA,NA,NA,NA,NA,NA
UNIFORM,discovery,MODERATE_CONTROL,STRONG,ALL,120,129,129,0.12242651397,0.0690165875039,0.175836440435,0.331209909789,-0.197932648494,0.627906976744,0.434108527132,0.325581395349,0.84496124031,NA,0,NA,NA,NA,NA,NA,NA,NA
UNIFORM,discovery,MODERATE_CONTROL,ALL,LOW,5,161,127,0.00934026431443,-0.00210998041431,0.0207905090432,0.0415103228811,-0.0490447894321,0.15813648294,0.0216535433071,0.00984251968504,0.20406824147,NA,0,NA,NA,NA,NA,NA,NA,NA
UNIFORM,discovery,MODERATE_CONTROL,ALL,LOW,10,161,127,-0.00723886920392,-0.0180665547895,0.00358881638165,0.0637994385371,-0.0600707095189,0.231627296588,0.0702099737533,0.0164041994751,0.239501312336,NA,0,NA,NA,NA,NA,NA,NA,NA
UNIFORM,discovery,MODERATE_CONTROL,ALL,LOW,20,161,127,-0.0361326658925,-0.068444290615,-0.00382104117003,0.123050263102,-0.149778547199,0.372703412073,0.152887139108,0.0715223097113,0.725065616798,NA,0,NA,NA,NA,NA,NA,NA,NA
UNIFORM,discovery,MODERATE_CONTROL,ALL,LOW,40,161,127,0.0117722551086,-0.0344352905428,0.0579798007601,0.163504771395,-0.165699109378,0.465223097113,0.232939632546,0.113517060367,0.772309711286,NA,0,NA,NA,NA,NA,NA,NA,NA
UNIFORM,discovery,MODERATE_CONTROL,ALL,LOW,60,160,126,-0.0135796927772,-0.0567851332362,0.0296257476819,0.214134593149,-0.168513924619,0.584656084656,0.332671957672,0.197751322751,0.808201058201,NA,0,NA,NA,NA,NA,NA,NA,NA
UNIFORM,discovery,MODERATE_CONTROL,ALL,LOW,120,160,126,0.0885011620531,0.0334684199304,0.143533904176,0.348364457729,-0.188994478789,0.710317460317,0.459656084656,0.320767195767,0.822751322751,NA,0,NA,NA,NA,NA,NA,NA,NA
UNIFORM,discovery,MODERATE_CONTROL,ALL,MODERATE,5,146,114,0.0181313074734,0.00462164287642,0.0316409720703,0.0535151364947,-0.0516336794327,0.24269005848,0.0394736842105,0.0175438596491,0.207602339181,NA,0,NA,NA,NA,NA,NA,NA,NA
UNIFORM,discovery,MODERATE_CONTROL,ALL,MODERATE,10,146,114,0.0217313373118,-0.00154060084382,0.0450032754673,0.0914727169868,-0.0681813920799,0.33918128655,0.0862573099415,0.0380116959064,0.254385964912,NA,0,NA,NA,NA,NA,NA,NA,NA
UNIFORM,discovery,MODERATE_CONTROL,ALL,MODERATE,20,146,114,0.00703871450589,-0.0453962296054,0.0594736586171,0.155276369963,-0.135419576549,0.466374269006,0.178362573099,0.114035087719,0.62134502924,NA,0,NA,NA,NA,NA,NA,NA,NA
UNIFORM,discovery,MODERATE_CONTROL,ALL,MODERATE,40,146,114,0.0483509205688,-0.0092613786027,0.10596321974,0.210437206432,-0.147268632476,0.526315789474,0.295321637427,0.179824561404,0.687134502924,NA,0,NA,NA,NA,NA,NA,NA,NA
UNIFORM,discovery,MODERATE_CONTROL,ALL,MODERATE,60,146,114,0.0310341869874,-0.0193046478918,0.0813730218665,0.274828359758,-0.155414026302,0.625730994152,0.404970760234,0.255847953216,0.709064327485,NA,0,NA,NA,NA,NA,NA,NA,NA
UNIFORM,discovery,MODERATE_CONTROL,ALL,MODERATE,120,146,114,0.159385974957,0.103862562332,0.214909387582,0.428788115263,-0.16376845819,0.811403508772,0.627192982456,0.438596491228,0.728070175439,NA,0,NA,NA,NA,NA,NA,NA,NA
UNIFORM,discovery,MODERATE_CONTROL,ALL,HIGH,5,46,34,0.039152358095,0.00488558699011,0.0734191291999,0.0853272430924,-0.0491166286891,0.387254901961,0.0588235294118,0.0294117647059,0.240196078431,NA,0,NA,NA,NA,NA,NA,NA,NA
UNIFORM,discovery,MODERATE_CONTROL,ALL,HIGH,10,46,34,0.0122972459322,-0.0129985588806,0.037593050745,0.11576772125,-0.0673514996801,0.524509803922,0.176470588235,0.0294117647059,0.299019607843,NA,0,NA,NA,NA,NA,NA,NA,NA
UNIFORM,discovery,MODERATE_CONTROL,ALL,HIGH,20,46,34,-0.00278853388354,-0.0444004532139,0.0388233854469,0.174381507705,-0.139494444445,0.686274509804,0.303921568627,0.122549019608,0.700980392157,NA,0,NA,NA,NA,NA,NA,NA,NA
UNIFORM,discovery,MODERATE_CONTROL,ALL,HIGH,40,46,34,0.0301990523239,-0.0304707919195,0.0908688965672,0.244249411419,-0.160498248147,0.710784313725,0.475490196078,0.245098039216,0.769607843137,NA,0,NA,NA,NA,NA,NA,NA,NA
UNIFORM,discovery,MODERATE_CONTROL,ALL,HIGH,60,46,34,0.0239458579877,-0.057195207917,0.105086923892,0.302235680873,-0.169016478198,0.813725490196,0.607843137255,0.328431372549,0.78431372549,NA,0,NA,NA,NA,NA,NA,NA,NA
UNIFORM,discovery,MODERATE_CONTROL,ALL,HIGH,120,46,34,0.142917366445,0.035947252278,0.249887480613,0.423056310442,-0.18622711808,0.857843137255,0.764705882353,0.573529411765,0.823529411765,NA,0,NA,NA,NA,NA,NA,NA,NA
UNIFORM,holdout,HIGH_CONTROL_HIGH_PROFIT,ALL,ALL,5,23,12,0.0804025230591,-0.0108188452867,0.171623891405,0.124488902829,-0.0415700411334,0.354166666667,0.0833333333333,0.0833333333333,0.208333333333,HIGH_CONTROL_LOW_MODERATE_PROFIT,23,0.0167184693556,0.0167182248682,-0.024204149363,-0.3125,0.0625,0.0833333333333,0.208333333333
UNIFORM,holdout,HIGH_CONTROL_HIGH_PROFIT,ALL,ALL,10,23,12,0.0839042299783,-0.0800627080513,0.247871168008,0.211692595272,-0.0611973585809,0.541666666667,0.1875,0.166666666667,0.229166666667,HIGH_CONTROL_LOW_MODERATE_PROFIT,23,0.049986307381,0.0805787577319,-0.0276368388332,-0.166666666667,0.0416666666667,0.145833333333,0.166666666667
UNIFORM,holdout,HIGH_CONTROL_HIGH_PROFIT,ALL,ALL,20,23,12,0.0663008081083,-0.0511778508794,0.183779467096,0.238650361594,-0.0880371264924,0.666666666667,0.270833333333,0.229166666667,0.354166666667,HIGH_CONTROL_LOW_MODERATE_PROFIT,23,-0.0221835832191,-0.00576966544382,-0.0242633645695,-0.0625,-0.375,0,0.1875
UNIFORM,holdout,HIGH_CONTROL_HIGH_PROFIT,ALL,ALL,40,23,12,0.0387056067603,-0.111140570093,0.188551783613,0.295302092092,-0.135871532525,0.770833333333,0.520833333333,0.333333333333,0.5,HIGH_CONTROL_LOW_MODERATE_PROFIT,23,-0.0447135422459,-0.0390790306955,-0.0371151462832,-0.0833333333333,-0.25,-0.0416666666667,-0.0416666666667
UNIFORM,holdout,HIGH_CONTROL_HIGH_PROFIT,ALL,ALL,60,23,12,0.124641480872,-0.00241689936589,0.251699861109,0.36214692621,-0.151779545874,0.854166666667,0.8125,0.5,0.520833333333,HIGH_CONTROL_LOW_MODERATE_PROFIT,23,0.0840722581269,0.0205721595042,-0.0391510724511,0,0.0416666666667,0.104166666667,-0.0208333333333
UNIFORM,holdout,HIGH_CONTROL_HIGH_PROFIT,ALL,ALL,120,23,12,0.0928134544682,-0.0565802399796,0.242207148916,0.458121576839,-0.171766725986,0.854166666667,0.8125,0.75,0.625,HIGH_CONTROL_LOW_MODERATE_PROFIT,23,0.0451536428307,0.0886845030372,-0.00582084313014,-0.0416666666667,0,0.354166666667,-0.208333333333
UNIFORM,holdout,HIGH_CONTROL_HIGH_PROFIT,BROADLY_WEAK,ALL,5,12,8,0.109112124709,-0.0122131359541,0.230437385371,0.143127969521,-0.0142822836993,0.375,0.125,0.125,0.0625,HIGH_CONTROL_LOW_MODERATE_PROFIT,12,0.0470652543448,0.0364190797337,-0.000996803485338,-0.1875,0.0625,0.125,0.0625
UNIFORM,holdout,HIGH_CONTROL_HIGH_PROFIT,BROADLY_WEAK,ALL,10,12,8,0.151399688492,-0.0843328788591,0.387132255843,0.261728698444,-0.0275612899807,0.75,0.125,0.125,0.0625,HIGH_CONTROL_LOW_MODERATE_PROFIT,12,0.111509627131,0.12620847627,-0.000155155286704,0.1875,-0.125,0.0625,0.0625
UNIFORM,holdout,HIGH_CONTROL_HIGH_PROFIT,BROADLY_WEAK,ALL,20,12,8,0.117064979254,-0.0474652598434,0.281595218351,0.294171322692,-0.0575580850575,0.8125,0.25,0.1875,0.25,HIGH_CONTROL_LOW_MODERATE_PROFIT,12,-0.0328502076244,0.042687318079,-0.00826925203836,0.25,-0.3125,-0.1875,0.125
UNIFORM,holdout,HIGH_CONTROL_HIGH_PROFIT,BROADLY_WEAK,ALL,40,12,8,0.101849967423,-0.11853607282,0.322236007666,0.336258500631,-0.103506582693,0.875,0.4375,0.3125,0.375,HIGH_CONTROL_LOW_MODERATE_PROFIT,12,-0.0552627962377,-0.0355596163522,-0.0266140260146,0.125,-0.3125,-0.1875,0
UNIFORM,holdout,HIGH_CONTROL_HIGH_PROFIT,BROADLY_WEAK,ALL,60,12,8,0.209048853842,0.000919370709289,0.417178336975,0.425173657085,-0.113546840878,0.875,0.8125,0.6875,0.375,HIGH_CONTROL_LOW_MODERATE_PROFIT,12,0.133873668224,0.0351168543368,-0.0181081872237,0.125,0.0625,0.125,0
UNIFORM,holdout,HIGH_CONTROL_HIGH_PROFIT,BROADLY_WEAK,ALL,120,12,8,0.128102553225,-0.0718706113517,0.328075717801,0.544254557963,-0.13122712685,0.875,0.8125,0.8125,0.5,HIGH_CONTROL_LOW_MODERATE_PROFIT,12,0.118781445358,0.103401744714,0.0475956264296,0.0625,0,0.25,-0.25
UNIFORM,holdout,HIGH_CONTROL_HIGH_PROFIT,RECOVERING,ALL,5,4,4,0.0505900859538,0.0210406799876,0.08013949192,0.0723671894029,-0.00388229066345,0,0,0,0,HIGH_CONTROL_LOW_MODERATE_PROFIT,4,0.0459093618138,0.0131724227461,0.0236454647307,-0.25,0,0,0
UNIFORM,holdout,HIGH_CONTROL_HIGH_PROFIT,RECOVERING,ALL,10,4,4,0.0886660850084,-0.014148291953,0.19148046197,0.11023048888,-0.0122875871516,0.25,0.25,0,0,HIGH_CONTROL_LOW_MODERATE_PROFIT,4,0.0843058354751,0.047340230723,0.0452558815437,0,0.25,0,-0.25
UNIFORM,holdout,HIGH_CONTROL_HIGH_PROFIT,RECOVERING,ALL,20,4,4,0.193465423628,0.0962688727772,0.290661974479,0.210604485828,-0.0122875871516,1,0.5,0.25,0,HIGH_CONTROL_LOW_MODERATE_PROFIT,4,0.24783666818,0.124435630918,0.105939976412,0.5,0.5,0.25,-0.75
UNIFORM,holdout,HIGH_CONTROL_HIGH_PROFIT,RECOVERING,ALL,40,4,4,0.23559290873,0.101000574327,0.370185243133,0.351269321194,-0.0122875871516,1,1,0.75,0,HIGH_CONTROL_LOW_MODERATE_PROFIT,4,0.23910005046,0.185130243988,0.128526358526,0.25,0.75,0.5,-0.75
UNIFORM,holdout,HIGH_CONTROL_HIGH_PROFIT,RECOVERING,ALL,60,4,4,0.111089186594,0.0218248692049,0.200353503983,0.458458080261,-0.0122875871516,1,1,0.75,0,HIGH_CONTROL_LOW_MODERATE_PROFIT,4,0.141675852064,0.292319003055,0.128526358526,0.25,0.75,0.5,-0.75
UNIFORM,holdout,HIGH_CONTROL_HIGH_PROFIT,RECOVERING,ALL,120,4,4,0.208147835809,-0.0212315598571,0.437527231476,0.458458080261,-0.0966862317743,1,1,0.75,0.5,HIGH_CONTROL_LOW_MODERATE_PROFIT,4,0.273766705851,0.292319003055,0.102486104115,0.25,0.75,0.5,-0.5
UNIFORM,holdout,HIGH_CONTROL_HIGH_PROFIT,STRONG,ALL,5,7,7,0.0434477096946,-0.032852506753,0.119747926142,0.105663963812,-0.0564250078108,0.428571428571,0,0,0.285714285714,HIGH_CONTROL_LOW_MODERATE_PROFIT,7,-0.0382252444751,-0.0142234566222,-0.0425448208075,-0.285714285714,0,0,0.285714285714
UNIFORM,holdout,HIGH_CONTROL_HIGH_PROFIT,STRONG,ALL,10,7,7,-0.0315097780346,-0.0904742318003,0.0274546757312,0.12468532116,-0.0962945539716,0.428571428571,0.142857142857,0.142857142857,0.428571428571,HIGH_CONTROL_LOW_MODERATE_PROFIT,7,-0.0646029005799,-0.0340242029161,-0.0529003106866,-0.571428571429,0,0.142857142857,0.285714285714
UNIFORM,holdout,HIGH_CONTROL_HIGH_PROFIT,STRONG,ALL,20,7,7,-0.0244059927592,-0.0941407413108,0.0453287557923,0.126201851339,-0.120264634181,0.428571428571,0.142857142857,0.142857142857,0.428571428571,HIGH_CONTROL_LOW_MODERATE_PROFIT,7,-0.00853343816557,-0.106951170783,-0.0366908782819,-0.571428571429,-0.571428571429,0.142857142857,0.142857142857
UNIFORM,holdout,HIGH_CONTROL_HIGH_PROFIT,STRONG,ALL,40,7,7,-0.0879549107266,-0.15705658154,-0.0188532399135,0.209905960625,-0.169946950145,0.571428571429,0.571428571429,0.285714285714,0.714285714286,HIGH_CONTROL_LOW_MODERATE_PROFIT,7,-0.0394222189813,-0.0470863472114,-0.0324605078663,-0.428571428571,-0.142857142857,0.142857142857,0
UNIFORM,holdout,HIGH_CONTROL_HIGH_PROFIT,STRONG,ALL,60,7,7,0.0166648650468,-0.0754248880251,0.108754618119,0.240591265773,-0.223365501741,0.714285714286,0.714285714286,0.285714285714,0.857142857143,HIGH_CONTROL_LOW_MODERATE_PROFIT,7,0.0722607811973,-0.0164010420631,-0.0487663023541,-0.285714285714,0,0.142857142857,0.142857142857
UNIFORM,holdout,HIGH_CONTROL_HIGH_PROFIT,STRONG,ALL,120,7,7,0.0127711715727,-0.185455434902,0.210997778048,0.32094999212,-0.236049079845,0.714285714286,0.714285714286,0.571428571429,0.857142857143,HIGH_CONTROL_LOW_MODERATE_PROFIT,7,0.0114477149742,0.0504273942486,-0.0397285258859,-0.285714285714,0,0.428571428571,0
UNIFORM,holdout,HIGH_CONTROL_HIGH_PROFIT,ALL,MODERATE,5,4,2,0.0857208248061,0.017413641426,0.154028008186,0.124778181037,-0.00272450214112,0.5,0,0,0,HIGH_CONTROL_LOW_MODERATE_PROFIT,4,0.0333285717574,0.036787628938,0.0243991907025,-0.166666666667,0,0,0
UNIFORM,holdout,HIGH_CONTROL_HIGH_PROFIT,ALL,MODERATE,10,4,2,0.0701251328977,0.0217198724182,0.118530393377,0.163319066822,-0.0120119517828,0.833333333333,0.166666666667,0,0,HIGH_CONTROL_LOW_MODERATE_PROFIT,4,0.00935382547167,-0.00357959072209,0.0193920961282,0.166666666667,-0.5,0,0
UNIFORM,holdout,HIGH_CONTROL_HIGH_PROFIT,ALL,MODERATE,20,4,2,0.0625537504395,-0.058931600422,0.184039101301,0.182723698175,-0.0353143738126,0.833333333333,0.166666666667,0.166666666667,0,HIGH_CONTROL_LOW_MODERATE_PROFIT,4,0.0931295687538,0.0158250406316,0.0307218549707,0.166666666667,-0.5,0.166666666667,-0.333333333333
UNIFORM,holdout,HIGH_CONTROL_HIGH_PROFIT,ALL,MODERATE,40,4,2,0.0188947148719,-0.270138926277,0.307928356021,0.231314523821,-0.0991388493688,1,0.333333333333,0.333333333333,0.5,HIGH_CONTROL_LOW_MODERATE_PROFIT,4,0.0488171702888,0.0463079579259,0.0292421677478,0.166666666667,-0.333333333333,0.333333333333,-0.5
UNIFORM,holdout,HIGH_CONTROL_HIGH_PROFIT,ALL,MODERATE,60,4,2,0.185619000756,0.147352242239,0.223885759274,0.296143016222,-0.0991388493688,1,1,0.5,0.5,HIGH_CONTROL_LOW_MODERATE_PROFIT,4,0.295788076147,0.111136450327,0.0855388744268,0.166666666667,0.333333333333,0.5,-0.5
UNIFORM,holdout,HIGH_CONTROL_HIGH_PROFIT,ALL,MODERATE,120,4,2,0.0507906155952,-0.0991589909714,0.200740222162,0.373505376131,-0.149368424408,1,1,1,1,HIGH_CONTROL_LOW_MODERATE_PROFIT,4,0.143130884714,0.188498810235,0.0692124467998,0.166666666667,0.333333333333,1,0
UNIFORM,holdout,HIGH_CONTROL_HIGH_PROFIT,ALL,HIGH,5,19,11,0.073224726471,-0.0271597181043,0.173609171046,0.120731568316,-0.0462439420216,0.295454545455,0.0909090909091,0.0909090909091,0.227272727273,HIGH_CONTROL_LOW_MODERATE_PROFIT,19,0.00773652057383,0.0126546918866,-0.0288389272962,-0.318181818182,0.0681818181818,0.0909090909091,0.227272727273
UNIFORM,holdout,HIGH_CONTROL_HIGH_PROFIT,ALL,HIGH,10,19,11,0.071912837423,-0.111703682949,0.255529357795,0.210607293828,-0.0769146588314,0.454545454545,0.181818181818,0.181818181818,0.318181818182,HIGH_CONTROL_LOW_MODERATE_PROFIT,19,0.036289372875,0.0786132273886,-0.0424264620036,-0.272727272727,0.0681818181818,0.159090909091,0.25
UNIFORM,holdout,HIGH_CONTROL_HIGH_PROFIT,ALL,HIGH,20,19,11,0.0567663938313,-0.0750513789061,0.188584166569,0.237369680085,-0.10430764966,0.590909090909,0.272727272727,0.227272727273,0.454545454545,HIGH_CONTROL_LOW_MODERATE_PROFIT,19,-0.0454314628414,-0.0182311385331,-0.0415821223969,-0.159090909091,-0.386363636364,-0.0227272727273,0.318181818182
UNIFORM,holdout,HIGH_CONTROL_HIGH_PROFIT,ALL,HIGH,40,19,11,0.0288783134828,-0.138121342889,0.195877969854,0.292545546223,-0.145907764579,0.681818181818,0.522727272727,0.318181818182,0.522727272727,HIGH_CONTROL_LOW_MODERATE_PROFIT,19,-0.069212305111,-0.0587253893478,-0.0553997243458,-0.181818181818,-0.272727272727,-0.0909090909091,0.0909090909091
UNIFORM,holdout,HIGH_CONTROL_HIGH_PROFIT,ALL,HIGH,60,19,11,0.0951946948432,-0.0516286406671,0.242018030354,0.355380181232,-0.170686760425,0.772727272727,0.727272727273,0.477272727273,0.545454545455,HIGH_CONTROL_LOW_MODERATE_PROFIT,19,0.0295279415684,-0.00373836588596,-0.0728284184201,-0.0909090909091,-0.0681818181818,0.0454545454545,0.113636363636
UNIFORM,holdout,HIGH_CONTROL_HIGH_PROFIT,ALL,HIGH,120,19,11,0.0842560546959,-0.0842180504331,0.252730159825,0.446419997774,-0.185641469405,0.772727272727,0.727272727273,0.659090909091,0.590909090909,HIGH_CONTROL_LOW_MODERATE_PROFIT,19,0.0183307689387,0.055088024734,-0.0348782008482,-0.136363636364,-0.113636363636,0.227272727273,-0.159090909091
UNIFORM,holdout,HIGH_CONTROL_LOW_MODERATE_PROFIT,ALL,ALL,5,248,134,0.0171208686286,0.00517606849391,0.0290656687633,0.0724173573794,-0.0329082953338,0.238184079602,0.0541044776119,0.0174129353234,0.0746268656716,LOW_CONTROL,248,0.00865877504139,0.0116849509382,-0.00191328006222,0.0286069651741,0.0267412935323,0.0174129353234,-0.0105721393035
UNIFORM,holdout,HIGH_CONTROL_LOW_MODERATE_PROFIT,ALL,ALL,10,248,134,-0.00814405613515,-0.0213695485024,0.00508143623215,0.0910034750753,-0.0611971435408,0.324626865672,0.105721393035,0.0379353233831,0.230721393035,LOW_CONTROL,248,0.0122343005091,0.0155742764941,0.00837064782798,0.0155472636816,0.0640547263682,0.0105721393035,-0.0174129353234
UNIFORM,holdout,HIGH_CONTROL_LOW_MODERATE_PROFIT,ALL,ALL,20,248,134,0.00248317888223,-0.02024820368,0.0252145614445,0.128497071924,-0.0910538541382,0.425995024876,0.222014925373,0.105721393035,0.421641791045,LOW_CONTROL,248,0.0208550648876,0.0189039525047,0.00516995129109,-0.0174129353234,0.077736318408,0.0453980099502,-0.00808457711443
UNIFORM,holdout,HIGH_CONTROL_LOW_MODERATE_PROFIT,ALL,ALL,40,248,134,-0.000885819617429,-0.032052975301,0.0302813360662,0.180682537569,-0.129823863581,0.535447761194,0.301616915423,0.187810945274,0.576492537313,LOW_CONTROL,248,-0.0528368502289,-0.0138411755585,-0.00381787289032,-0.0839552238806,-0.0640547263682,0.00124378109453,0.0422885572139
UNIFORM,holdout,HIGH_CONTROL_LOW_MODERATE_PROFIT,ALL,ALL,60,248,134,0.0113251741219,-0.0266718602153,0.049322208459,0.224244354825,-0.159129005255,0.578358208955,0.377487562189,0.256218905473,0.673507462687,LOW_CONTROL,248,-0.0692993227961,-0.0281811052292,-0.0111546526043,-0.0851990049751,-0.0230099502488,-0.00435323383085,-0.000621890547264
UNIFORM,holdout,HIGH_CONTROL_LOW_MODERATE_PROFIT,ALL,ALL,120,248,134,0.107967675475,0.0217302214027,0.194205129547,0.385307819912,-0.182785174319,0.685323383085,0.518656716418,0.412313432836,0.752487562189,LOW_CONTROL,248,-0.00755678758233,-0.0107000858633,-0.00508988338363,-0.171019900498,-0.223880597015,-0.0491293532338,0.011815920398
UNIFORM,holdout,HIGH_CONTROL_LOW_MODERATE_PROFIT,BROADLY_WEAK,ALL,5,102,72,0.0324194537378,0.0162615371008,0.0485773703749,0.0740198176282,-0.0245821805711,0.284722222222,0.0555555555556,0.00694444444444,0.0555555555556,LOW_CONTROL,102,-0.0124985660371,-0.0180557106164,-0.0147506799162,-0.104166666667,0.00694444444444,0.00694444444444,0.0555555555556
UNIFORM,holdout,HIGH_CONTROL_LOW_MODERATE_PROFIT,BROADLY_WEAK,ALL,10,102,72,0.0235442537885,0.0031363739803,0.0439521335968,0.0980338975593,-0.0382868107025,0.444444444444,0.104166666667,0.0208333333333,0.111111111111,LOW_CONTROL,102,-0.00617058203434,-0.0154241589396,-0.0050322412978,-0.0277777777778,0.0138888888889,-0.0277777777778,0.0694444444444
UNIFORM,holdout,HIGH_CONTROL_LOW_MODERATE_PROFIT,BROADLY_WEAK,ALL,20,102,72,0.0462895998756,0.0121086388171,0.0804705609341,0.142525275839,-0.0652014630677,0.534722222222,0.277777777778,0.0902777777778,0.222222222222,LOW_CONTROL,102,0.00479872752843,4.02838237963e-05,0.000603212183684,-0.159722222222,0.145833333333,0.0277777777778,-0.0972222222222
UNIFORM,holdout,HIGH_CONTROL_LOW_MODERATE_PROFIT,BROADLY_WEAK,ALL,40,102,72,0.0643061723937,0.0174199140079,0.11119243078,0.203418726821,-0.0910369992922,0.638888888889,0.375,0.215277777778,0.381944444444,LOW_CONTROL,102,-0.0307552902834,-0.0118240860472,-0.00322028736315,-0.104166666667,-0.00694444444444,-0.125,-0.0277777777778
UNIFORM,holdout,HIGH_CONTROL_LOW_MODERATE_PROFIT,BROADLY_WEAK,ALL,60,102,72,0.0616508476642,-0.000435288800612,0.123736984129,0.248644883463,-0.118037576017,0.666666666667,0.4375,0.305555555556,0.5,LOW_CONTROL,102,-0.0915364160765,-0.0614740152982,-0.00875248211135,-0.118055555556,0.0138888888889,-0.0694444444444,-0.00694444444444
UNIFORM,holdout,HIGH_CONTROL_LOW_MODERATE_PROFIT,BROADLY_WEAK,ALL,120,102,72,0.131851490948,0.0467255176839,0.216977464212,0.40201977631,-0.153321020892,0.756944444444,0.611111111111,0.513888888889,0.590277777778,LOW_CONTROL,102,0.0754189500144,-0.0321393554848,0.0102734015129,-0.0555555555556,-0.0416666666667,-0.0972222222222,0.0208333333333
UNIFORM,holdout,HIGH_CONTROL_LOW_MODERATE_PROFIT,RECOVERING,ALL,5,85,85,0.00171547828065,-0.0107115351668,0.0141424917281,0.052140989405,-0.0307110045596,0.117647058824,0.0117647058824,0,0.0470588235294,LOW_CONTROL,85,-0.000162465101415,0.0114156214717,-0.00377178834799,0.0235294117647,-0.0117647058824,0,-0.0117647058824
UNIFORM,holdout,HIGH_CONTROL_LOW_MODERATE_PROFIT,RECOVERING,ALL,10,85,85,-0.0235530997514,-0.0412143713853,-0.00589182811759,0.0644353189734,-0.0661331084859,0.176470588235,0.0705882352941,0,0.223529411765,LOW_CONTROL,85,0.0308078389616,0.0204367570542,0.0129064672921,0.0705882352941,0.0470588235294,-0.0235294117647,0.0352941176471
UNIFORM,holdout,HIGH_CONTROL_LOW_MODERATE_PROFIT,RECOVERING,ALL,20,85,85,-1.50593412574e-05,-0.0297056527973,0.0296755341148,0.103816098483,-0.0949458732805,0.282352941176,0.141176470588,0.0823529411765,0.458823529412,LOW_CONTROL,85,0.0219162263812,0.022561313628,0.00285583955522,0.0705882352941,0.0470588235294,0,0.105882352941
UNIFORM,holdout,HIGH_CONTROL_LOW_MODERATE_PROFIT,RECOVERING,ALL,40,85,85,-0.0251567111085,-0.0636661598244,0.0133527376074,0.152595148365,-0.136002712921,0.470588235294,0.258823529412,0.188235294118,0.647058823529,LOW_CONTROL,85,-0.0653192818872,-0.0565202339356,-0.0113551169377,-0.164705882353,-0.129411764706,0.0823529411765,0.164705882353
UNIFORM,holdout,HIGH_CONTROL_LOW_MODERATE_PROFIT,RECOVERING,ALL,60,85,85,0.0243722849691,-0.0248951695307,0.0736397394689,0.223330364062,-0.169222088393,0.552941176471,0.364705882353,0.294117647059,0.752941176471,LOW_CONTROL,85,-0.0515579898964,-0.0229099244681,-0.0130329117552,-0.129411764706,-0.0470588235294,0.0823529411765,0.0352941176471
UNIFORM,holdout,HIGH_CONTROL_LOW_MODERATE_PROFIT,RECOVERING,ALL,120,85,85,0.123106660011,0.00637485254517,0.239838467477,0.377570133639,-0.1799143732,0.635294117647,0.505882352941,0.411764705882,0.788235294118,LOW_CONTROL,85,-0.000790893073059,-0.00347648651785,-0.0153208103566,-0.235294117647,-0.270588235294,0.0117647058824,0.0705882352941
UNIFORM,holdout,HIGH_CONTROL_LOW_MODERATE_PROFIT,STRONG,ALL,5,61,61,0.0324951195701,0.00940173456715,0.0555885045731,0.0967953331365,-0.0381856687833,0.360655737705,0.114754098361,0.0327868852459,0.0819672131148,LOW_CONTROL,61,0.061028954225,0.0441794047915,0.022490118429,0.180327868852,0.114754098361,0.0327868852459,-0.114754098361
UNIFORM,holdout,HIGH_CONTROL_LOW_MODERATE_PROFIT,STRONG,ALL,10,61,61,0.00936333678908,-0.0158655481447,0.0345922217229,0.127749367093,-0.0692892134151,0.475409836066,0.180327868852,0.0983606557377,0.327868852459,LOW_CONTROL,61,0.0461804086361,0.0538206919436,0.0335651407299,0.0655737704918,0.180327868852,0.0983606557377,-0.245901639344
UNIFORM,holdout,HIGH_CONTROL_LOW_MODERATE_PROFIT,STRONG,ALL,20,61,61,-0.00502097613835,-0.0445799281154,0.0345379758387,0.16533912711,-0.100799207527,0.622950819672,0.327868852459,0.131147540984,0.475409836066,LOW_CONTROL,61,0.0904558738576,0.0602668199859,0.0292181693905,0.180327868852,0.0983606557377,0.114754098361,-0.196721311475
UNIFORM,holdout,HIGH_CONTROL_LOW_MODERATE_PROFIT,STRONG,ALL,40,61,61,0.0250953756384,-0.0219794823062,0.0721702335829,0.232896211449,-0.141707532123,0.704918032787,0.426229508197,0.229508196721,0.590163934426,LOW_CONTROL,61,0.00752329716436,0.0763857036876,0.0349388024224,0.213114754098,0.0327868852459,0.131147540984,-0.147540983607
UNIFORM,holdout,HIGH_CONTROL_LOW_MODERATE_PROFIT,STRONG,ALL,60,61,61,0.0214917532215,-0.0332659954585,0.0762495019015,0.25767177366,-0.158843791441,0.704918032787,0.491803278689,0.27868852459,0.639344262295,LOW_CONTROL,61,0.035512999144,0.0700813496292,0.0199963011695,0.196721311475,0.0819672131148,0.131147540984,-0.114754098361
UNIFORM,holdout,HIGH_CONTROL_LOW_MODERATE_PROFIT,STRONG,ALL,120,61,61,0.0982465120108,-0.0407679343744,0.237260958396,0.434683900049,-0.192550039314,0.803278688525,0.573770491803,0.393442622951,0.803278688525,LOW_CONTROL,61,-0.0418400023614,0.0757853053005,0.0192149148442,-0.0983606557377,-0.245901639344,0.0327868852459,-0.147540983607
UNIFORM,holdout,HIGH_CONTROL_LOW_MODERATE_PROFIT,ALL,LOW,5,17,15,0.0138469078012,-0.0198551630619,0.0475489786644,0.0572991266056,-0.0296452176543,0.2,0,0,0.0666666666667,LOW_CONTROL,17,-0.00996409158314,-0.00988562878402,0.000938508547382,0.0333333333333,-0.1,0,0.0666666666667
UNIFORM,holdout,HIGH_CONTROL_LOW_MODERATE_PROFIT,ALL,LOW,10,17,15,-0.00397407533242,-0.0379122309515,0.0299640802867,0.0748424110027,-0.0495120980002,0.366666666667,0,0,0.133333333333,LOW_CONTROL,17,-0.000628059599341,-0.0175640520353,0.00366331284529,-0.0333333333333,-0.1,-0.1,-0.0666666666667
UNIFORM,holdout,HIGH_CONTROL_LOW_MODERATE_PROFIT,ALL,LOW,20,17,15,0.0214269619645,-0.0580016360932,0.100855560022,0.131937796306,-0.0794791874593,0.5,0.2,0.2,0.3,LOW_CONTROL,17,0.0234115565628,0.0185420120717,-0.000932300220849,0,0.0666666666667,0.1,-0.0333333333333
UNIFORM,holdout,HIGH_CONTROL_LOW_MODERATE_PROFIT,ALL,LOW,40,17,15,-0.00534648472262,-0.10104349278,0.0903505233344,0.186623127722,-0.122159958394,0.5,0.2,0.2,0.6,LOW_CONTROL,17,-0.0480368883786,0.00584776099974,-0.0234484619209,-0.2,0,0.1,0.2
UNIFORM,holdout,HIGH_CONTROL_LOW_MODERATE_PROFIT,ALL,LOW,60,17,15,0.0401044643225,-0.115356891192,0.195565819837,0.258653977608,-0.160716517854,0.566666666667,0.333333333333,0.266666666667,0.8,LOW_CONTROL,17,-0.04291929529,0.00513125918236,-0.0394277763852,-0.3,-0.0333333333333,0.0666666666667,0.1
UNIFORM,holdout,HIGH_CONTROL_LOW_MODERATE_PROFIT,ALL,LOW,120,17,15,0.456405639175,-0.0709192258185,0.983730504169,0.687134999502,-0.174127792313,0.8,0.6,0.466666666667,0.8,LOW_CONTROL,17,0.231244345573,0.224856120559,-0.0290570155443,-0.133333333333,-0.133333333333,0.0333333333333,0.0666666666667
UNIFORM,holdout,HIGH_CONTROL_LOW_MODERATE_PROFIT,ALL,MODERATE,5,83,57,0.0140794126967,-0.00176164033157,0.0299204657249,0.0625747239505,-0.0290612712445,0.19298245614,0.0263157894737,0.0175438596491,0.0614035087719,LOW_CONTROL,83,-0.0107572401853,-0.00582768362069,-0.0100010674425,-0.0146198830409,-0.0204678362573,0.0175438596491,0.0614035087719
UNIFORM,holdout,HIGH_CONTROL_LOW_MODERATE_PROFIT,ALL,MODERATE,10,83,57,0.00649087560697,-0.0144026382317,0.0273843894456,0.084922214139,-0.0522592397206,0.353801169591,0.0614035087719,0.0175438596491,0.175438596491,LOW_CONTROL,83,-0.0016654670555,0.000597968671599,-0.00263690892678,0.0614035087719,0.0146198830409,-0.0292397660819,0.0497076023392
UNIFORM,holdout,HIGH_CONTROL_LOW_MODERATE_PROFIT,ALL,MODERATE,20,83,57,0.014182304818,-0.0273925771156,0.0557571867517,0.128808302323,-0.0841306245018,0.409356725146,0.207602339181,0.119883040936,0.324561403509,LOW_CONTROL,83,-0.0047389881794,-0.00555380031746,-0.00316647538738,-0.0350877192982,0.046783625731,0.00584795321637,0.00292397660819
UNIFORM,holdout,HIGH_CONTROL_LOW_MODERATE_PROFIT,ALL,MODERATE,40,83,57,0.0138448812885,-0.0400791832656,0.0677689458427,0.179032403275,-0.120255078931,0.5,0.269005847953,0.181286549708,0.453216374269,LOW_CONTROL,83,-0.050487312568,-0.0335009786867,-0.0108821968698,-0.0906432748538,-0.0877192982456,-0.0906432748538,-0.0350877192982
UNIFORM,holdout,HIGH_CONTROL_LOW_MODERATE_PROFIT,ALL,MODERATE,60,83,57,0.0350148105736,-0.0252371738293,0.0952667949765,0.218379710357,-0.138591277122,0.540935672515,0.359649122807,0.260233918129,0.520467836257,LOW_CONTROL,83,-0.0481783799496,-0.058364386093,-0.00438136113254,-0.0964912280702,-0.0555555555556,-0.0760233918129,-0.119883040936
UNIFORM,holdout,HIGH_CONTROL_LOW_MODERATE_PROFIT,ALL,MODERATE,120,83,57,0.0834865686535,-0.0149277416181,0.181900878925,0.358797094442,-0.164962188473,0.634502923977,0.447368421053,0.385964912281,0.646198830409,LOW_CONTROL,83,-0.00981942985219,-0.0374226638278,0.00886585446819,-0.093567251462,-0.134502923977,-0.0730994152047,-0.0350877192982
UNIFORM,holdout,HIGH_CONTROL_LOW_MODERATE_PROFIT,ALL,HIGH,5,148,85,0.023314235531,0.00745784132721,0.0391706297348,0.0815430486537,-0.0325346239843,0.286274509804,0.0696078431373,0.0156862745098,0.0686274509804,LOW_CONTROL,148,0.027273514203,0.0265831116,0.00527269441912,0.0647058823529,0.0696078431373,0.0156862745098,-0.078431372549
UNIFORM,holdout,HIGH_CONTROL_LOW_MODERATE_PROFIT,ALL,HIGH,10,148,85,-0.00694902101094,-0.0255621030195,0.0116640609976,0.101511343104,-0.0632661532815,0.353921568627,0.149019607843,0.05,0.257843137255,LOW_CONTROL,148,0.0342191362847,0.0349906357549,0.0211682845059,0.0529411764706,0.124509803922,0.05,-0.0696078431373
UNIFORM,holdout,HIGH_CONTROL_LOW_MODERATE_PROFIT,ALL,HIGH,20,148,85,0.00742893965886,-0.0192114980162,0.0340693773339,0.136910080294,-0.0902566406418,0.476470588235,0.259803921569,0.093137254902,0.456862745098,LOW_CONTROL,148,0.0524790358733,0.0456193277427,0.0178084403977,0.0480392156863,0.140196078431,0.0774509803922,-0.05
UNIFORM,holdout,HIGH_CONTROL_LOW_MODERATE_PROFIT,ALL,HIGH,40,148,85,0.0123830968407,-0.0260222093483,0.0507884030298,0.192031643269,-0.125735762248,0.629411764706,0.359803921569,0.201960784314,0.608823529412,LOW_CONTROL,148,-0.0359849520029,0.00413299095273,0.0140147651416,-0.00294117647059,-0.0519607843137,0.0343137254902,0.0372549019608
UNIFORM,holdout,HIGH_CONTROL_LOW_MODERATE_PROFIT,ALL,HIGH,60,148,85,0.0245862077122,-0.0241117628187,0.0732841782431,0.24362762113,-0.157646365753,0.659803921569,0.435294117647,0.28431372549,0.700980392157,LOW_CONTROL,148,-0.048334560383,0.00594615028112,0.00255726822525,0.0176470588235,0.0205882352941,0.0529411764706,0.0333333333333
UNIFORM,holdout,HIGH_CONTROL_LOW_MODERATE_PROFIT,ALL,HIGH,120,148,85,0.0828675632008,-0.00218652523081,0.167921651632,0.361996460357,-0.181185776147,0.733333333333,0.580392156863,0.432352941176,0.787254901961,LOW_CONTROL,148,-0.0232846831129,-0.0255683296433,0.00916713852063,-0.166666666667,-0.250980392157,-0.0441176470588,0.0343137254902
UNIFORM,holdout,LOW_CONTROL,ALL,ALL,5,1383,426,0.0118076743308,0.00833212817885,0.0152832204827,0.0556392815029,-0.0276210070655,0.149256651017,0.0142801251956,0.00312989045383,0.0625978090767,NA,0,NA,NA,NA,NA,NA,NA,NA
UNIFORM,holdout,LOW_CONTROL,ALL,ALL,10,1383,426,0.00237562471697,-0.00225448366993,0.00700573310387,0.0741851470262,-0.0476985507892,0.257042253521,0.0401017214397,0.0134976525822,0.14651799687,NA,0,NA,NA,NA,NA,NA,NA,NA
UNIFORM,holdout,LOW_CONTROL,ALL,ALL,20,1382,425,-0.00159723554784,-0.00989959457718,0.00670512348149,0.105760743545,-0.0758763458069,0.390196078431,0.124117647059,0.051568627451,0.302941176471,NA,0,NA,NA,NA,NA,NA,NA,NA
UNIFORM,holdout,LOW_CONTROL,ALL,ALL,40,1381,425,0.0181328007616,0.00413989945372,0.0321257020694,0.163410057055,-0.105913720977,0.559411764706,0.257254901961,0.14862745098,0.452549019608,NA,0,NA,NA,NA,NA,NA,NA,NA
UNIFORM,holdout,LOW_CONTROL,ALL,ALL,60,1381,425,0.0174795880436,-0.00197315276186,0.0369323288491,0.21139919959,-0.136378013595,0.628823529412,0.35,0.216274509804,0.580784313725,NA,0,NA,NA,NA,NA,NA,NA,NA
UNIFORM,holdout,LOW_CONTROL,ALL,ALL,120,1378,424,0.072741103511,0.0382037118516,0.10727849517,0.334180024635,-0.174439513411,0.750786163522,0.500589622642,0.362028301887,0.725432389937,NA,0,NA,NA,NA,NA,NA,NA,NA
UNIFORM,holdout,LOW_CONTROL,BROADLY_WEAK,ALL,5,734,399,0.0299024105753,0.026389651263,0.0334151698875,0.0627648698301,-0.0121563502278,0.166666666667,0.0112781954887,0.00250626566416,0.00751879699248,NA,0,NA,NA,NA,NA,NA,NA,NA
UNIFORM,holdout,LOW_CONTROL,BROADLY_WEAK,ALL,10,734,399,0.0295247115173,0.024688505042,0.0343609179925,0.0852447977611,-0.0206336388527,0.295739348371,0.0451127819549,0.015037593985,0.0300751879699,NA,0,NA,NA,NA,NA,NA,NA,NA
UNIFORM,holdout,LOW_CONTROL,BROADLY_WEAK,ALL,20,734,399,0.0377607018805,0.0296943214753,0.0458270822858,0.117801363593,-0.0456007121331,0.447368421053,0.129072681704,0.0513784461153,0.132832080201,NA,0,NA,NA,NA,NA,NA,NA,NA
UNIFORM,holdout,LOW_CONTROL,BROADLY_WEAK,ALL,40,734,399,0.0402805131721,0.025037934252,0.0555230920922,0.17337711811,-0.0660389825561,0.631578947368,0.264411027569,0.15037593985,0.241854636591,NA,0,NA,NA,NA,NA,NA,NA,NA
UNIFORM,holdout,LOW_CONTROL,BROADLY_WEAK,ALL,60,734,399,0.00320360516372,-0.0175133307232,0.0239205410506,0.21335242726,-0.108733648931,0.667919799499,0.345864661654,0.206766917293,0.452380952381,NA,0,NA,NA,NA,NA,NA,NA,NA
UNIFORM,holdout,LOW_CONTROL,BROADLY_WEAK,ALL,120,732,398,0.0528013389789,0.0213502615584,0.0842524163993,0.313878418112,-0.172567982895,0.775125628141,0.47864321608,0.341708542714,0.692211055276,NA,0,NA,NA,NA,NA,NA,NA,NA
UNIFORM,holdout,LOW_CONTROL,RECOVERING,ALL,5,303,303,0.0110550318423,0.00565226076413,0.0164578029206,0.0474766688152,-0.0188209363732,0.108910891089,0.016501650165,0.003300330033,0.019801980198,NA,0,NA,NA,NA,NA,NA,NA,NA
UNIFORM,holdout,LOW_CONTROL,RECOVERING,ALL,10,303,303,-0.0252293595153,-0.0319287626164,-0.0185299564142,0.0578205447389,-0.0586437501289,0.168316831683,0.036303630363,0.013201320132,0.128712871287,NA,0,NA,NA,NA,NA,NA,NA,NA
UNIFORM,holdout,LOW_CONTROL,RECOVERING,ALL,20,302,302,-0.0437748142608,-0.0575375406366,-0.0300120878851,0.0806127071997,-0.100255203641,0.254966887417,0.0860927152318,0.0331125827815,0.46357615894,NA,0,NA,NA,NA,NA,NA,NA,NA
UNIFORM,holdout,LOW_CONTROL,RECOVERING,ALL,40,302,302,-0.0992043276819,-0.115208818967,-0.0831998363971,0.111659322135,-0.161449185681,0.364238410596,0.149006622517,0.0728476821192,0.774834437086,NA,0,NA,NA,NA,NA,NA,NA,NA
UNIFORM,holdout,LOW_CONTROL,RECOVERING,ALL,60,302,302,-0.0565934003956,-0.0759590251248,-0.0372277756664,0.139635681193,-0.207582186047,0.443708609272,0.205298013245,0.12582781457,0.887417218543,NA,0,NA,NA,NA,NA,NA,NA,NA
UNIFORM,holdout,LOW_CONTROL,RECOVERING,ALL,120,301,301,0.0131988843002,-0.0201472335067,0.0465450021071,0.245917299581,-0.217661433815,0.627906976744,0.382059800664,0.262458471761,0.906976744186,NA,0,NA,NA,NA,NA,NA,NA,NA
UNIFORM,holdout,LOW_CONTROL,STRONG,ALL,5,346,346,-0.0328079315239,-0.0394913839885,-0.0261244790594,0.0421602171888,-0.0680797283895,0.115606936416,0.0173410404624,0,0.21098265896,NA,0,NA,NA,NA,NA,NA,NA,NA
UNIFORM,holdout,LOW_CONTROL,STRONG,ALL,10,346,346,-0.046607755515,-0.0561320966834,-0.0370834143466,0.0552187412767,-0.100205368017,0.190751445087,0.0346820809249,0.00867052023121,0.43063583815,NA,0,NA,NA,NA,NA,NA,NA,NA
UNIFORM,holdout,LOW_CONTROL,STRONG,ALL,20,346,346,-0.0824408816092,-0.0959576214707,-0.0689241417478,0.0779804024451,-0.13061826258,0.268786127168,0.0809248554913,0.0462427745665,0.618497109827,NA,0,NA,NA,NA,NA,NA,NA,NA
UNIFORM,holdout,LOW_CONTROL,STRONG,ALL,40,345,345,0.00691629066932,-0.0116784662245,0.0255110475631,0.135965872163,-0.165143131503,0.426086956522,0.211594202899,0.110144927536,0.76231884058,NA,0,NA,NA,NA,NA,NA,NA,NA
UNIFORM,holdout,LOW_CONTROL,STRONG,ALL,60,345,345,0.0190613400765,-0.00274154963319,0.0408642297863,0.185105465526,-0.168057319816,0.565217391304,0.324637681159,0.179710144928,0.773913043478,NA,0,NA,NA,NA,NA,NA,NA,NA
UNIFORM,holdout,LOW_CONTROL,STRONG,ALL,120,345,345,0.0549056898074,0.0147768026146,0.0950345770002,0.319027152337,-0.1825602448,0.701449275362,0.498550724638,0.333333333333,0.811594202899,NA,0,NA,NA,NA,NA,NA,NA,NA
UNIFORM,holdout,LOW_CONTROL,ALL,LOW,5,994,346,0.0100406822283,0.00539241255164,0.0146889519049,0.0502442630576,-0.0282636961045,0.109585741811,0.00818882466281,0,0.0486512524085,NA,0,NA,NA,NA,NA,NA,NA,NA
UNIFORM,holdout,LOW_CONTROL,ALL,LOW,10,994,346,0.00517908103026,-0.000876657678753,0.0112348197393,0.0699312782337,-0.0451771648365,0.22880539499,0.0380539499037,0.00915221579961,0.12210982659,NA,0,NA,NA,NA,NA,NA,NA,NA
UNIFORM,holdout,LOW_CONTROL,ALL,LOW,20,994,346,-0.000173246962299,-0.0100472586755,0.0097007647509,0.10292458117,-0.0721815275774,0.378131021195,0.127167630058,0.0457610789981,0.284922928709,NA,0,NA,NA,NA,NA,NA,NA,NA
UNIFORM,holdout,LOW_CONTROL,ALL,LOW,40,993,346,0.0230548141072,0.00595448922838,0.040155138986,0.163830040831,-0.101695709098,0.565751445087,0.264210019268,0.138969171484,0.426541425819,NA,0,NA,NA,NA,NA,NA,NA,NA
UNIFORM,holdout,LOW_CONTROL,ALL,LOW,60,993,346,0.0213938075615,-0.00117846356385,0.0439660786869,0.208211911691,-0.130467085552,0.634393063584,0.357177263969,0.209537572254,0.551782273603,NA,0,NA,NA,NA,NA,NA,NA,NA
UNIFORM,holdout,LOW_CONTROL,ALL,LOW,120,990,345,0.0827277500482,0.0422836378485,0.123171862248,0.336674303866,-0.167858075463,0.752415458937,0.509178743961,0.369565217391,0.707004830918,NA,0,NA,NA,NA,NA,NA,NA,NA
UNIFORM,holdout,LOW_CONTROL,ALL,MODERATE,5,364,189,0.0126798398574,0.00585751626614,0.0195021634486,0.0653605833284,-0.0253848639642,0.214285714286,0.0141093474427,0,0.0665784832451,NA,0,NA,NA,NA,NA,NA,NA,NA
UNIFORM,holdout,LOW_CONTROL,ALL,MODERATE,10,364,189,-0.00508974309808,-0.0153746759033,0.00519518970716,0.0824602174465,-0.0520092333478,0.32671957672,0.0458553791887,0.0194003527337,0.185185185185,NA,0,NA,NA,NA,NA,NA,NA,NA
UNIFORM,holdout,LOW_CONTROL,ALL,MODERATE,20,364,189,-0.00363448822605,-0.022709514165,0.0154405377129,0.11076918998,-0.0857151805669,0.40873015873,0.122134038801,0.0621693121693,0.371693121693,NA,0,NA,NA,NA,NA,NA,NA,NA
UNIFORM,holdout,LOW_CONTROL,ALL,MODERATE,40,364,189,0.0133868446222,-0.0137317605122,0.0405054497567,0.16934426137,-0.113385613555,0.532627865961,0.247795414462,0.169312169312,0.540564373898,NA,0,NA,NA,NA,NA,NA,NA,NA
UNIFORM,holdout,LOW_CONTROL,ALL,MODERATE,60,364,189,0.0142703697996,-0.0172948170259,0.0458355566251,0.22388002962,-0.146718957684,0.60758377425,0.345679012346,0.233245149912,0.649029982363,NA,0,NA,NA,NA,NA,NA,NA,NA
UNIFORM,holdout,LOW_CONTROL,ALL,MODERATE,120,364,189,0.0466356977833,0.00224025980079,0.0910311357658,0.330306067214,-0.183534809474,0.731040564374,0.500440917108,0.359347442681,0.743386243386,NA,0,NA,NA,NA,NA,NA,NA,NA
UNIFORM,holdout,LOW_CONTROL,ALL,HIGH,5,23,19,-0.0220028110758,-0.0688490401758,0.0248434180243,0.0996069028438,-0.0774200182631,0.359649122807,0.175438596491,0.0701754385965,0.482456140351,NA,0,NA,NA,NA,NA,NA,NA,NA
UNIFORM,holdout,LOW_CONTROL,ALL,HIGH,10,23,19,-0.0503050607775,-0.132326750256,0.0317166287007,0.119733741252,-0.136708780881,0.385964912281,0.228070175439,0.122807017544,0.561403508772,NA,0,NA,NA,NA,NA,NA,NA,NA
UNIFORM,holdout,LOW_CONTROL,ALL,HIGH,20,23,19,-0.0410971276682,-0.166638735781,0.0844444804451,0.18819024793,-0.162634861403,0.491228070175,0.254385964912,0.175438596491,0.614035087719,NA,0,NA,NA,NA,NA,NA,NA,NA
UNIFORM,holdout,LOW_CONTROL,ALL,HIGH,40,23,19,0.0166937864867,-0.105348904564,0.138736477537,0.254377897803,-0.209205345241,0.570175438596,0.412280701754,0.280701754386,0.614035087719,NA,0,NA,NA,NA,NA,NA,NA,NA
UNIFORM,holdout,LOW_CONTROL,ALL,HIGH,60,23,19,0.0154886360968,-0.105007813146,0.135985085339,0.277678869806,-0.21566918604,0.649122807018,0.412280701754,0.30701754386,0.666666666667,NA,0,NA,NA,NA,NA,NA,NA,NA
UNIFORM,holdout,LOW_CONTROL,ALL,HIGH,120,23,19,0.199818608554,-0.0680580139695,0.467695231078,0.544746522484,-0.236968463579,0.789473684211,0.684210526316,0.491228070175,0.710526315789,NA,0,NA,NA,NA,NA,NA,NA,NA
UNIFORM,holdout,MODERATE_CONTROL,ALL,ALL,5,281,190,0.0112942062754,0.00106752644203,0.0215208861087,0.0639570955564,-0.0318032390785,0.190789473684,0.0447368421053,0.00921052631579,0.0473684210526,NA,0,NA,NA,NA,NA,NA,NA,NA
UNIFORM,holdout,MODERATE_CONTROL,ALL,ALL,10,281,190,-0.00920531694332,-0.0212840340234,0.00287340013682,0.0814354821041,-0.0597451376856,0.264912280702,0.0934210526316,0.0276315789474,0.215789473684,NA,0,NA,NA,NA,NA,NA,NA,NA
UNIFORM,holdout,MODERATE_CONTROL,ALL,ALL,20,281,190,0.0098565723766,-0.0188363589928,0.038549503746,0.128514027582,-0.0886484992453,0.420614035088,0.165789473684,0.0872807017544,0.348684210526,NA,0,NA,NA,NA,NA,NA,NA,NA
UNIFORM,holdout,MODERATE_CONTROL,ALL,ALL,40,281,190,0.0326815872522,0.000643790487811,0.0647193840166,0.208640800695,-0.115878717847,0.577631578947,0.334210526316,0.20350877193,0.485526315789,NA,0,NA,NA,NA,NA,NA,NA,NA
UNIFORM,holdout,MODERATE_CONTROL,ALL,ALL,60,281,190,0.0564656802284,0.0143197450708,0.0986116153859,0.263102330703,-0.142758529813,0.649122807018,0.408771929825,0.265789473684,0.616666666667,NA,0,NA,NA,NA,NA,NA,NA,NA
UNIFORM,holdout,MODERATE_CONTROL,ALL,ALL,120,281,190,0.14334871027,0.0693248328321,0.217372587708,0.428142109564,-0.171896660839,0.772807017544,0.543421052632,0.401754385965,0.744298245614,NA,0,NA,NA,NA,NA,NA,NA,NA
UNIFORM,holdout,MODERATE_CONTROL,BROADLY_WEAK,ALL,5,118,93,0.0402578184315,0.0275069004157,0.0530087364473,0.0818323318825,-0.0140360392404,0.274193548387,0.0752688172043,0.010752688172,0.010752688172,NA,0,NA,NA,NA,NA,NA,NA,NA
UNIFORM,holdout,MODERATE_CONTROL,BROADLY_WEAK,ALL,10,118,93,0.0308103234373,0.0142347169103,0.0473859299644,0.104152577561,-0.0266401171571,0.381720430108,0.161290322581,0.0215053763441,0.0483870967742,NA,0,NA,NA,NA,NA,NA,NA,NA
UNIFORM,holdout,MODERATE_CONTROL,BROADLY_WEAK,ALL,20,118,93,0.0541349302538,0.0188439587329,0.0894259017748,0.150128254521,-0.0515669130174,0.543010752688,0.241935483871,0.0913978494624,0.139784946237,NA,0,NA,NA,NA,NA,NA,NA,NA
UNIFORM,holdout,MODERATE_CONTROL,BROADLY_WEAK,ALL,40,118,93,0.0807694551294,0.0400104940456,0.121528416213,0.223265462501,-0.0663153406992,0.704301075269,0.430107526882,0.215053763441,0.220430107527,NA,0,NA,NA,NA,NA,NA,NA,NA
UNIFORM,holdout,MODERATE_CONTROL,BROADLY_WEAK,ALL,60,118,93,0.0965174158644,0.0247117169838,0.168323114745,0.286208265131,-0.0931889471447,0.763440860215,0.52688172043,0.279569892473,0.370967741935,NA,0,NA,NA,NA,NA,NA,NA,NA
UNIFORM,holdout,MODERATE_CONTROL,BROADLY_WEAK,ALL,120,118,93,0.130504535479,0.0527720534148,0.208237017543,0.418859156601,-0.144823336255,0.870967741935,0.650537634409,0.456989247312,0.602150537634,NA,0,NA,NA,NA,NA,NA,NA,NA
UNIFORM,holdout,MODERATE_CONTROL,RECOVERING,ALL,5,93,93,0.00765271064726,-0.00701309957427,0.0223185208688,0.051448110208,-0.0271506988645,0.118279569892,0.0215053763441,0.010752688172,0.010752688172,NA,0,NA,NA,NA,NA,NA,NA,NA
UNIFORM,holdout,MODERATE_CONTROL,RECOVERING,ALL,10,93,93,-0.017459758951,-0.0324360966292,-0.00248342127268,0.0664373081371,-0.0594287586275,0.182795698925,0.0322580645161,0.0215053763441,0.182795698925,NA,0,NA,NA,NA,NA,NA,NA,NA
UNIFORM,holdout,MODERATE_CONTROL,RECOVERING,ALL,20,93,93,0.025653549565,-0.02087175025,0.07217884938,0.129113098264,-0.0876080265624,0.365591397849,0.161290322581,0.0967741935484,0.344086021505,NA,0,NA,NA,NA,NA,NA,NA,NA
UNIFORM,holdout,MODERATE_CONTROL,RECOVERING,ALL,40,93,93,0.0229375090486,-0.0325795050058,0.0784545231031,0.223850487138,-0.118995428117,0.494623655914,0.322580645161,0.215053763441,0.548387096774,NA,0,NA,NA,NA,NA,NA,NA,NA
UNIFORM,holdout,MODERATE_CONTROL,RECOVERING,ALL,60,93,93,0.0378196772571,-0.0133762671907,0.089015621705,0.268061834447,-0.160000658157,0.58064516129,0.365591397849,0.268817204301,0.752688172043,NA,0,NA,NA,NA,NA,NA,NA,NA
UNIFORM,holdout,MODERATE_CONTROL,RECOVERING,ALL,120,93,93,0.20187186031,0.0732993062119,0.330444414408,0.445503724041,-0.173186966282,0.741935483871,0.569892473118,0.462365591398,0.806451612903,NA,0,NA,NA,NA,NA,NA,NA,NA
UNIFORM,holdout,MODERATE_CONTROL,STRONG,ALL,5,70,70,-0.0151794321975,-0.0331086346686,0.00274977027355,0.0586360843597,-0.0559151300015,0.171428571429,0.0571428571429,0.0142857142857,0.128571428571,NA,0,NA,NA,NA,NA,NA,NA,NA
UNIFORM,holdout,MODERATE_CONTROL,STRONG,ALL,10,70,70,-0.0296350422895,-0.0557830308784,-0.00348705370063,0.0802442730471,-0.0914690774509,0.257142857143,0.128571428571,0.0571428571429,0.414285714286,NA,0,NA,NA,NA,NA,NA,NA,NA
UNIFORM,holdout,MODERATE_CONTROL,STRONG,ALL,20,70,70,-0.0605693843186,-0.0929852445643,-0.0281535240728,0.100124109469,-0.120578580632,0.357142857143,0.128571428571,0.1,0.571428571429,NA,0,NA,NA,NA,NA,NA,NA,NA
UNIFORM,holdout,MODERATE_CONTROL,STRONG,ALL,40,70,70,0.00475685701136,-0.0377616828688,0.0472753968915,0.170528406549,-0.156371080117,0.557142857143,0.285714285714,0.214285714286,0.7,NA,0,NA,NA,NA,NA,NA,NA,NA
UNIFORM,holdout,MODERATE_CONTROL,STRONG,ALL,60,70,70,0.0519421018738,-0.00930485367101,0.113189057419,0.23287808685,-0.160476075934,0.671428571429,0.371428571429,0.285714285714,0.714285714286,NA,0,NA,NA,NA,NA,NA,NA,NA
UNIFORM,holdout,MODERATE_CONTROL,STRONG,ALL,120,70,70,0.075369312992,-0.0208440470012,0.171582672985,0.39120931001,-0.176624224335,0.757142857143,0.485714285714,0.357142857143,0.8,NA,0,NA,NA,NA,NA,NA,NA,NA
UNIFORM,holdout,MODERATE_CONTROL,ALL,LOW,5,56,42,0.00597849024729,-0.0138450705836,0.0258020510781,0.0618217891862,-0.0311243170244,0.142857142857,0.0357142857143,0.0119047619048,0.107142857143,NA,0,NA,NA,NA,NA,NA,NA,NA
UNIFORM,holdout,MODERATE_CONTROL,ALL,LOW,10,56,42,-0.0133738325466,-0.0397419274036,0.0129942623103,0.0727425069978,-0.0561622724537,0.178571428571,0.0674603174603,0.0119047619048,0.178571428571,NA,0,NA,NA,NA,NA,NA,NA,NA
UNIFORM,holdout,MODERATE_CONTROL,ALL,LOW,20,56,42,-0.0333803781298,-0.0689508769045,0.00219012064491,0.0849445955221,-0.0959473674957,0.261904761905,0.0992063492063,0.0357142857143,0.404761904762,NA,0,NA,NA,NA,NA,NA,NA,NA
UNIFORM,holdout,MODERATE_CONTROL,ALL,LOW,40,56,42,0.0100116136566,-0.0423285551898,0.062351782503,0.145944397709,-0.126270369304,0.456349206349,0.289682539683,0.210317460317,0.52380952381,NA,0,NA,NA,NA,NA,NA,NA,NA
UNIFORM,holdout,MODERATE_CONTROL,ALL,LOW,60,56,42,0.0541748396147,-0.0293627140551,0.137712393285,0.225007951421,-0.147353916683,0.559523809524,0.345238095238,0.269841269841,0.56746031746,NA,0,NA,NA,NA,NA,NA,NA,NA
UNIFORM,holdout,MODERATE_CONTROL,ALL,LOW,120,56,42,0.208586961229,0.0266927485065,0.390481173951,0.512371124549,-0.171136905883,0.761904761905,0.511904761905,0.373015873016,0.710317460317,NA,0,NA,NA,NA,NA,NA,NA,NA
UNIFORM,holdout,MODERATE_CONTROL,ALL,MODERATE,5,179,127,0.0174870039437,0.0044364705324,0.0305375373551,0.0633948505143,-0.0276213614614,0.169291338583,0.0498687664042,0.00787401574803,0.0196850393701,NA,0,NA,NA,NA,NA,NA,NA,NA
UNIFORM,holdout,MODERATE_CONTROL,ALL,MODERATE,10,179,127,0.00106527311585,-0.014338018602,0.0164685648337,0.0848126009897,-0.0529659053887,0.270997375328,0.116797900262,0.0354330708661,0.16469816273,NA,0,NA,NA,NA,NA,NA,NA,NA
UNIFORM,holdout,MODERATE_CONTROL,ALL,MODERATE,20,179,127,0.0294527980295,-0.00503205196078,0.0639376480198,0.139718084849,-0.0787371489977,0.466535433071,0.203412073491,0.115485564304,0.277559055118,NA,0,NA,NA,NA,NA,NA,NA,NA
UNIFORM,holdout,MODERATE_CONTROL,ALL,MODERATE,40,179,127,0.0498233005168,0.00958819742085,0.0900584036127,0.225787690347,-0.101026323756,0.606955380577,0.384514435696,0.217847769029,0.41469816273,NA,0,NA,NA,NA,NA,NA,NA,NA
UNIFORM,holdout,MODERATE_CONTROL,ALL,MODERATE,60,179,127,0.0793556721581,0.0199213035497,0.138790040767,0.275885483117,-0.126938999089,0.680446194226,0.44094488189,0.270341207349,0.570209973753,NA,0,NA,NA,NA,NA,NA,NA,NA
UNIFORM,holdout,MODERATE_CONTROL,ALL,MODERATE,120,179,127,0.127036871685,0.0381321657796,0.215941577591,0.411609567095,-0.158856101204,0.778871391076,0.576115485564,0.438320209974,0.713910761155,NA,0,NA,NA,NA,NA,NA,NA,NA
UNIFORM,holdout,MODERATE_CONTROL,ALL,HIGH,5,46,38,0.00331784836898,-0.0214127013133,0.0280483980512,0.0753917041878,-0.0437322688625,0.364035087719,0.0657894736842,0.00657894736842,0.0657894736842,NA,0,NA,NA,NA,NA,NA,NA,NA
UNIFORM,holdout,MODERATE_CONTROL,ALL,HIGH,10,46,38,-0.0311621837532,-0.0614427326712,-0.000881634835162,0.086969230736,-0.0825548757455,0.377192982456,0.0986842105263,0.0197368421053,0.407894736842,NA,0,NA,NA,NA,NA,NA,NA,NA
UNIFORM,holdout,MODERATE_CONTROL,ALL,HIGH,20,46,38,0.00478375620266,-0.0855388471769,0.0951063595823,0.151918100146,-0.108038174861,0.491228070175,0.166666666667,0.0855263157895,0.513157894737,NA,0,NA,NA,NA,NA,NA,NA,NA
UNIFORM,holdout,MODERATE_CONTROL,ALL,HIGH,40,46,38,0.0437628962465,-0.0553186225985,0.142844415092,0.251296473921,-0.143278777916,0.684210526316,0.30701754386,0.179824561404,0.633771929825,NA,0,NA,NA,NA,NA,NA,NA,NA
UNIFORM,holdout,MODERATE_CONTROL,ALL,HIGH,60,46,38,0.0366370880916,-0.0451029180193,0.118377094202,0.312107998991,-0.175128557816,0.710526315789,0.447368421053,0.280701754386,0.760964912281,NA,0,NA,NA,NA,NA,NA,NA,NA
UNIFORM,holdout,MODERATE_CONTROL,ALL,HIGH,120,46,38,0.135802259005,0.00887074756507,0.262733770446,0.416073978464,-0.19741985459,0.789473684211,0.552631578947,0.368421052632,0.822368421053,NA,0,NA,NA,NA,NA,NA,NA,NA
UNIFORM,validation,HIGH_CONTROL_HIGH_PROFIT,ALL,ALL,5,24,14,-0.00795680504004,-0.0481332823379,0.0322196722578,0.0855063143088,-0.0592364209138,0.309523809524,0.130952380952,0,0.178571428571,HIGH_CONTROL_LOW_MODERATE_PROFIT,24,-0.00108462486865,0.000267755089681,0.00234937318373,0.0178571428571,0.00595238095238,-0.0714285714286,-0.0416666666667
UNIFORM,validation,HIGH_CONTROL_HIGH_PROFIT,ALL,ALL,10,24,14,-0.0175211093235,-0.0703491991167,0.0353069804698,0.0962479700277,-0.100236033605,0.369047619048,0.130952380952,0,0.380952380952,HIGH_CONTROL_LOW_MODERATE_PROFIT,24,0.00378310640706,-0.00564165757312,-0.00672941919268,0.0178571428571,-0.107142857143,-0.0714285714286,0.107142857143
UNIFORM,validation,HIGH_CONTROL_HIGH_PROFIT,ALL,ALL,20,24,14,-0.0327255024881,-0.0823576697664,0.0169066647903,0.127920365432,-0.120102916179,0.47619047619,0.244047619048,0.107142857143,0.529761904762,HIGH_CONTROL_LOW_MODERATE_PROFIT,24,0.0477805843208,0.018788622868,0.0114071089687,0.125,0.00595238095238,0.0119047619048,0.14880952381
UNIFORM,validation,HIGH_CONTROL_HIGH_PROFIT,ALL,ALL,40,24,14,-0.0736705493769,-0.177614510854,0.0302734120998,0.163729974322,-0.189576429078,0.571428571429,0.339285714286,0.196428571429,0.72619047619,HIGH_CONTROL_LOW_MODERATE_PROFIT,24,0.0381682922806,0.0266016738628,0.00577198611615,0.220238095238,0.0833333333333,0.0833333333333,0
UNIFORM,validation,HIGH_CONTROL_HIGH_PROFIT,ALL,ALL,60,24,14,-0.122471289757,-0.254288917408,0.00934633789322,0.189852428579,-0.243853724283,0.625,0.339285714286,0.291666666667,0.797619047619,HIGH_CONTROL_LOW_MODERATE_PROFIT,24,-0.0630178309324,0.0325562931555,-0.0377882123797,0.238095238095,-0.0238095238095,0.107142857143,0.0357142857143
UNIFORM,validation,HIGH_CONTROL_HIGH_PROFIT,ALL,ALL,120,24,14,-0.0320884106772,-0.207828468823,0.143651647469,0.315254173378,-0.271314262153,0.660714285714,0.5,0.380952380952,0.797619047619,HIGH_CONTROL_LOW_MODERATE_PROFIT,24,-0.0457819130405,0.075228037952,-0.0526276831334,0.113095238095,0.0654761904762,0,0.0178571428571
UNIFORM,validation,HIGH_CONTROL_HIGH_PROFIT,BROADLY_WEAK,ALL,5,9,9,-0.0133395015891,-0.064228458141,0.0375494549628,0.0756216210674,-0.0562993151099,0.222222222222,0.222222222222,0,0.222222222222,HIGH_CONTROL_LOW_MODERATE_PROFIT,9,0.0482352984582,0.0324958907023,0.0429347297138,0.111111111111,0.222222222222,0,-0.333333333333
UNIFORM,validation,HIGH_CONTROL_HIGH_PROFIT,BROADLY_WEAK,ALL,10,9,9,-0.0189568896854,-0.0884757024692,0.0505619230984,0.0756216210674,-0.0937851289195,0.222222222222,0.222222222222,0,0.333333333333,HIGH_CONTROL_LOW_MODERATE_PROFIT,9,0.0721647257243,0.0174114219965,0.0510334100897,0,0.111111111111,0,-0.333333333333
UNIFORM,validation,HIGH_CONTROL_HIGH_PROFIT,BROADLY_WEAK,ALL,20,9,9,-0.0870113988601,-0.140967077626,-0.0330557200943,0.0807893319196,-0.117038453025,0.222222222222,0.222222222222,0,0.666666666667,HIGH_CONTROL_LOW_MODERATE_PROFIT,9,0.0576253309673,0.014166019997,0.0791845086001,0,0.111111111111,0,-0.111111111111
UNIFORM,validation,HIGH_CONTROL_HIGH_PROFIT,BROADLY_WEAK,ALL,40,9,9,-0.0653962387705,-0.231499721618,0.100707244077,0.11756169905,-0.203702054501,0.333333333333,0.333333333333,0.111111111111,0.888888888889,HIGH_CONTROL_LOW_MODERATE_PROFIT,9,0.0827958155413,0.0479723821075,0.0291288116106,0.111111111111,0.222222222222,0.111111111111,0.111111111111
UNIFORM,validation,HIGH_CONTROL_HIGH_PROFIT,BROADLY_WEAK,ALL,60,9,9,-0.0958546000462,-0.26440021229,0.0726910121972,0.166731090863,-0.234270834256,0.555555555556,0.333333333333,0.222222222222,0.888888888889,HIGH_CONTROL_LOW_MODERATE_PROFIT,9,-0.0299939373616,0.0605370186622,-0.00143996814383,0.222222222222,0,0.111111111111,0.111111111111
UNIFORM,validation,HIGH_CONTROL_HIGH_PROFIT,BROADLY_WEAK,ALL,120,9,9,-0.0134854521212,-0.245994471659,0.219023567416,0.334161338128,-0.256202905148,0.666666666667,0.555555555556,0.444444444444,0.888888888889,HIGH_CONTROL_LOW_MODERATE_PROFIT,9,-0.0705606272438,0.124866160304,-0.00224953525226,0.111111111111,0.111111111111,0.111111111111,0.111111111111
UNIFORM,validation,HIGH_CONTROL_HIGH_PROFIT,RECOVERING,ALL,5,1,1,0.111568207997,NA,NA,0.134935000823,-0.0176073720586,1,0,0,0,HIGH_CONTROL_LOW_MODERATE_PROFIT,1,0.18987603878,-0.0747859712744,0.0823026189405,0,-1,0,0
UNIFORM,validation,HIGH_CONTROL_HIGH_PROFIT,RECOVERING,ALL,10,1,1,0.0987329274313,NA,NA,0.13542866546,-0.0176073720586,1,0,0,0,HIGH_CONTROL_LOW_MODERATE_PROFIT,1,0.161739228061,-0.0742923066373,0.129107299409,0,-1,0,-1
UNIFORM,validation,HIGH_CONTROL_HIGH_PROFIT,RECOVERING,ALL,20,1,1,0.219845318414,NA,NA,0.261477702814,-0.0176073720586,1,1,0,0,HIGH_CONTROL_LOW_MODERATE_PROFIT,1,0.280151349017,0.0517567307167,0.145308919571,0,0,0,-1
UNIFORM,validation,HIGH_CONTROL_HIGH_PROFIT,RECOVERING,ALL,40,1,1,-0.307882178707,NA,NA,0.308211288465,-0.372881355932,1,1,1,1,HIGH_CONTROL_LOW_MODERATE_PROFIT,1,-0.698521242613,-0.906010133678,-0.209965064303,0,0,0,0
UNIFORM,validation,HIGH_CONTROL_HIGH_PROFIT,RECOVERING,ALL,60,1,1,-0.373045910811,NA,NA,0.308211288465,-0.37847622182,1,1,1,1,HIGH_CONTROL_LOW_MODERATE_PROFIT,1,-0.732181824403,-0.906010133678,-0.215559930191,0,0,0,0
UNIFORM,validation,HIGH_CONTROL_HIGH_PROFIT,RECOVERING,ALL,120,1,1,-0.371400362021,NA,NA,0.308211288465,-0.456968899128,1,1,1,1,HIGH_CONTROL_LOW_MODERATE_PROFIT,1,-0.604523674352,-0.906010133678,-0.294052607499,0,0,0,0
UNIFORM,validation,HIGH_CONTROL_HIGH_PROFIT,STRONG,ALL,5,14,11,-0.00791961947314,-0.0556833040317,0.0398440650854,0.082079145341,-0.0565327654857,0.318181818182,0.0909090909091,0,0.0909090909091,HIGH_CONTROL_LOW_MODERATE_PROFIT,14,-0.0374105452754,-0.0391597437134,-0.0298211751161,-0.136363636364,-0.136363636364,-0.136363636364,0.0909090909091
UNIFORM,validation,HIGH_CONTROL_HIGH_PROFIT,STRONG,ALL,10,14,11,-0.019920343855,-0.0812820080015,0.0414413202915,0.0986011901109,-0.1000761215,0.409090909091,0.0909090909091,0,0.409090909091,HIGH_CONTROL_LOW_MODERATE_PROFIT,14,-0.0395509430039,-0.0354286280208,-0.0453517024357,-0.0909090909091,-0.227272727273,-0.136363636364,0.409090909091
UNIFORM,validation,HIGH_CONTROL_HIGH_PROFIT,STRONG,ALL,20,14,11,0.0106028018066,-0.08496144832,0.106167051933,0.161905608713,-0.128378884299,0.681818181818,0.318181818182,0.181818181818,0.454545454545,HIGH_CONTROL_LOW_MODERATE_PROFIT,14,0.052678630583,0.0185448956968,-0.0385786928102,0.181818181818,0,0,0.272727272727
UNIFORM,validation,HIGH_CONTROL_HIGH_PROFIT,STRONG,ALL,40,14,11,-0.050467428569,-0.171305479686,0.070370622548,0.202224986208,-0.165245008327,0.727272727273,0.363636363636,0.272727272727,0.545454545455,HIGH_CONTROL_LOW_MODERATE_PROFIT,14,0.026601468475,0.0398530241537,0.000634909509597,0.227272727273,0,0.0909090909091,-0.136363636364
UNIFORM,validation,HIGH_CONTROL_HIGH_PROFIT,STRONG,ALL,60,14,11,-0.0956820344335,-0.279123839337,0.0877597704703,0.222224733959,-0.232883532426,0.727272727273,0.363636363636,0.318181818182,0.681818181818,HIGH_CONTROL_LOW_MODERATE_PROFIT,14,-0.028704077199,0.0384658099342,-0.0478606337756,0.227272727273,-0.0909090909091,0.0454545454545,-0.0454545454545
UNIFORM,validation,HIGH_CONTROL_HIGH_PROFIT,STRONG,ALL,120,14,11,-0.0139403952786,-0.222915559432,0.195034768875,0.304269743463,-0.261893087159,0.727272727273,0.545454545455,0.409090909091,0.681818181818,HIGH_CONTROL_LOW_MODERATE_PROFIT,14,0.00160699666643,0.022398303551,-0.060937323262,0.0909090909091,0.0454545454545,-0.0454545454545,-0.0909090909091
UNIFORM,validation,HIGH_CONTROL_HIGH_PROFIT,ALL,LOW,5,3,2,0.0105970977588,-0.0255009572776,0.0466951527952,0.0566495656105,-0.0572668446996,0.25,0,0,0,HIGH_CONTROL_LOW_MODERATE_PROFIT,3,-0.118285297625,-0.168929828412,-0.0193792669766,-0.5,-0.5,-0.5,-0.25
UNIFORM,validation,HIGH_CONTROL_HIGH_PROFIT,ALL,LOW,10,3,2,0.00628979950669,-0.214438935937,0.22701853495,0.100389515071,-0.111740315687,0.75,0,0,0.5,HIGH_CONTROL_LOW_MODERATE_PROFIT,3,-0.0586053851617,-0.133482561879,-0.0559474770576,0,-0.75,-0.5,0.25
UNIFORM,validation,HIGH_CONTROL_HIGH_PROFIT,ALL,LOW,20,3,2,-0.0357975029763,-0.219877447772,0.148282441819,0.12887561661,-0.124555063889,0.75,0,0,0.5,HIGH_CONTROL_LOW_MODERATE_PROFIT,3,-0.0111330988811,-0.10499646034,-0.0402334118059,0,-0.75,-0.5,0.25
UNIFORM,validation,HIGH_CONTROL_HIGH_PROFIT,ALL,LOW,40,3,2,-0.0560128828257,-0.222036129948,0.110010364296,0.129587769148,-0.143786374825,0.75,0,0,0.5,HIGH_CONTROL_LOW_MODERATE_PROFIT,3,-0.0706797361283,-0.104284307801,-0.0442326868138,0,-0.75,-0.5,0.25
UNIFORM,validation,HIGH_CONTROL_HIGH_PROFIT,ALL,LOW,60,3,2,-0.109600571141,-0.193398659607,-0.0258024826742,0.168823971084,-0.200148575726,1,0,0,1,HIGH_CONTROL_LOW_MODERATE_PROFIT,3,-0.102004564703,-0.0787066424511,-0.100594887715,0.25,-0.75,-0.5,0.75
UNIFORM,validation,HIGH_CONTROL_HIGH_PROFIT,ALL,LOW,120,3,2,-0.0384245194364,-0.105361663679,0.0285126248065,0.200932263001,-0.232873133502,1,0.25,0.25,1,HIGH_CONTROL_LOW_MODERATE_PROFIT,3,-0.0637073141362,-0.0999114282112,-0.122871684297,0,-0.5,-0.5,0.75
UNIFORM,validation,HIGH_CONTROL_HIGH_PROFIT,ALL,MODERATE,5,1,1,-0.0257746478873,NA,NA,0.033199195171,-0.0500804828974,0,0,0,0,HIGH_CONTROL_LOW_MODERATE_PROFIT,1,-0.0490304618408,-0.0278473164569,-0.0500804828974,0,0,0,0
UNIFORM,validation,HIGH_CONTROL_HIGH_PROFIT,ALL,MODERATE,10,1,1,-0.0895171026157,NA,NA,0.033199195171,-0.117464788732,0,0,0,1,HIGH_CONTROL_LOW_MODERATE_PROFIT,1,-0.106958963081,-0.0278473164569,-0.105836881756,0,0,0,1
UNIFORM,validation,HIGH_CONTROL_HIGH_PROFIT,ALL,MODERATE,20,1,1,-0.0685311871227,NA,NA,0.033199195171,-0.128772635815,0,0,0,1,HIGH_CONTROL_LOW_MODERATE_PROFIT,1,-0.0656242103786,-0.0278473164569,-0.0967958916288,0,0,0,1
UNIFORM,validation,HIGH_CONTROL_HIGH_PROFIT,ALL,MODERATE,40,1,1,-0.264185110664,NA,NA,0.033199195171,-0.301810865191,0,0,0,1,HIGH_CONTROL_LOW_MODERATE_PROFIT,1,-0.194417668804,-0.0278473164569,-0.21750853961,0,0,0,1
UNIFORM,validation,HIGH_CONTROL_HIGH_PROFIT,ALL,MODERATE,60,1,1,-0.266398390342,NA,NA,0.033199195171,-0.359134808853,0,0,0,1,HIGH_CONTROL_LOW_MODERATE_PROFIT,1,-0.158840250807,-0.0278473164569,-0.242855739086,0,0,0,0
UNIFORM,validation,HIGH_CONTROL_HIGH_PROFIT,ALL,MODERATE,120,1,1,-0.0540442655936,NA,NA,0.0476056338028,-0.359134808853,0,0,0,1,HIGH_CONTROL_LOW_MODERATE_PROFIT,1,-0.15578845164,-0.385533901081,-0.242855739086,-1,-1,-1,0
UNIFORM,validation,HIGH_CONTROL_HIGH_PROFIT,ALL,HIGH,5,20,13,-0.007066918952,-0.0508143338405,0.0366804959365,0.0898353054935,-0.0591311798185,0.333333333333,0.141025641026,0,0.192307692308,HIGH_CONTROL_LOW_MODERATE_PROFIT,20,0.0121482041574,0.0110398906397,0.0067899165294,0.0384615384615,0.025641025641,-0.0384615384615,-0.025641025641
UNIFORM,validation,HIGH_CONTROL_HIGH_PROFIT,ALL,HIGH,10,20,13,-0.0131886821794,-0.0716373033949,0.0452599390362,0.0981259503321,-0.0965026378012,0.358974358974,0.141025641026,0,0.333333333333,HIGH_CONTROL_LOW_MODERATE_PROFIT,20,0.0152497184603,0.00203651436942,0.00287026163381,0,-0.0769230769231,-0.0384615384615,0.0384615384615
UNIFORM,validation,HIGH_CONTROL_HIGH_PROFIT,ALL,HIGH,20,20,13,-0.0339451693826,-0.0869462534571,0.019055914692,0.13299149265,-0.124490544116,0.474358974359,0.282051282051,0.115384615385,0.512820512821,HIGH_CONTROL_LOW_MODERATE_PROFIT,20,0.05251052686,0.0291028559575,0.0139315253279,0.115384615385,0.0641025641026,0.0512820512821,0.102564102564
UNIFORM,validation,HIGH_CONTROL_HIGH_PROFIT,ALL,HIGH,40,20,13,-0.0801355621628,-0.199213759158,0.0389426348323,0.172399628675,-0.198093919902,0.576923076923,0.384615384615,0.230769230769,0.74358974359,HIGH_CONTROL_LOW_MODERATE_PROFIT,20,0.030071955134,0.0174523379647,0.00589296754356,0.217948717949,0.128205128205,0.128205128205,-0.0384615384615
UNIFORM,validation,HIGH_CONTROL_HIGH_PROFIT,ALL,HIGH,60,20,13,-0.1306233131,-0.279903772051,0.0186571458507,0.197513333111,-0.251348501186,0.615384615385,0.384615384615,0.333333333333,0.782051282051,HIGH_CONTROL_LOW_MODERATE_PROFIT,20,-0.0804669629034,0.0218974921761,-0.0370499997527,0.217948717949,0.0128205128205,0.153846153846,0
UNIFORM,validation,HIGH_CONTROL_HIGH_PROFIT,ALL,HIGH,120,20,13,-0.0461828090446,-0.24298027519,0.150614657101,0.329537403569,-0.279916183206,0.653846153846,0.538461538462,0.410256410256,0.782051282051,HIGH_CONTROL_LOW_MODERATE_PROFIT,20,-0.0575543663764,0.0832399925779,-0.0495258063152,0.141025641026,0.128205128205,0.0769230769231,-0.0384615384615
UNIFORM,validation,HIGH_CONTROL_LOW_MODERATE_PROFIT,ALL,ALL,5,396,201,0.0165933231241,0.00738466623194,0.0258019800164,0.0795699972572,-0.0339944339677,0.288971807629,0.0800165837479,0.0149253731343,0.0460199004975,LOW_CONTROL,396,-0.00584788888958,0.000819780617004,0.00414815641489,0.0111940298507,-0.0331674958541,-0.0489220563847,0.0398009950249
UNIFORM,validation,HIGH_CONTROL_LOW_MODERATE_PROFIT,ALL,ALL,10,396,201,0.0286058086047,0.0145392274876,0.0426723897219,0.115138869592,-0.0551330240539,0.395107794362,0.181592039801,0.0771144278607,0.143034825871,LOW_CONTROL,396,0.0204314463215,0.00812946347307,0.0116017469953,0.0373134328358,0.0352404643449,-0.0563847429519,-0.147180762852
UNIFORM,validation,HIGH_CONTROL_LOW_MODERATE_PROFIT,ALL,ALL,20,396,201,0.0112759925974,-0.00506556051812,0.0276175457129,0.14905540158,-0.0733263178077,0.487147595357,0.268656716418,0.13184079602,0.273217247098,LOW_CONTROL,396,0.0448584231961,0.0286168446115,0.017930231267,0.106965174129,0.0758706467662,-0.0290215588723,-0.179104477612
UNIFORM,validation,HIGH_CONTROL_LOW_MODERATE_PROFIT,ALL,ALL,40,396,201,0.0273569768003,0.00188033652971,0.0528336170709,0.213364582787,-0.101824112343,0.584991708126,0.388888888889,0.238805970149,0.453565505804,LOW_CONTROL,396,0.0629245278328,0.0562066760917,0.0203960240938,0.0816749585406,0.0999170812604,0.00829187396352,-0.135986733002
UNIFORM,validation,HIGH_CONTROL_LOW_MODERATE_PROFIT,ALL,ALL,60,396,201,0.042543019728,0.0126742298772,0.0724118095788,0.255884783004,-0.114825434567,0.646766169154,0.452736318408,0.289386401327,0.513266998342,LOW_CONTROL,396,0.0834836638968,0.0642511307742,0.0309827498762,0.0775290215589,0.108623548922,0.0145107794362,-0.176616915423
UNIFORM,validation,HIGH_CONTROL_LOW_MODERATE_PROFIT,ALL,ALL,120,396,201,0.0295491302461,-0.0147524504068,0.0738507108989,0.354155713835,-0.176504451337,0.734660033167,0.576285240464,0.430762852405,0.715588723051,LOW_CONTROL,396,0.122601204309,0.124987561302,0.049780933271,0.0974295190713,0.186567164179,0.104063018242,-0.137645107794
UNIFORM,validation,HIGH_CONTROL_LOW_MODERATE_PROFIT,BROADLY_WEAK,ALL,5,137,137,-0.0236685924794,-0.0338373842912,-0.0134998006676,0.0482962958941,-0.0490077602211,0.138686131387,0.029197080292,0,0.0948905109489,LOW_CONTROL,137,0.0228594295636,0.0237369596426,0.0108590867951,0.0948905109489,0.029197080292,0,0.0948905109489
UNIFORM,validation,HIGH_CONTROL_LOW_MODERATE_PROFIT,BROADLY_WEAK,ALL,10,137,137,-0.0396027732869,-0.0530211894582,-0.0261843571156,0.0592142906587,-0.0832496815968,0.182481751825,0.0656934306569,0.00729927007299,0.321167883212,LOW_CONTROL,137,0.0347832739849,0.0309883805264,0.0229249700087,0.102189781022,0.0656934306569,0.00729927007299,-0.306569343066
UNIFORM,validation,HIGH_CONTROL_LOW_MODERATE_PROFIT,BROADLY_WEAK,ALL,20,137,137,-0.0722171400571,-0.0882040017192,-0.0562302783951,0.0774733049005,-0.109758895923,0.240875912409,0.102189781022,0.043795620438,0.532846715328,LOW_CONTROL,137,0.0366709247717,0.0443480108562,0.0209075786768,0.14598540146,0.0948905109489,0.043795620438,-0.226277372263
UNIFORM,validation,HIGH_CONTROL_LOW_MODERATE_PROFIT,BROADLY_WEAK,ALL,40,137,137,-0.0524363278984,-0.0791784801973,-0.0256941755996,0.10882007243,-0.144994875308,0.335766423358,0.160583941606,0.0875912408759,0.700729927007,LOW_CONTROL,137,0.033553735846,0.0593292967945,0.0179679431835,0.211678832117,0.109489051095,0.0875912408759,-0.189781021898
UNIFORM,validation,HIGH_CONTROL_LOW_MODERATE_PROFIT,BROADLY_WEAK,ALL,60,137,137,0.00987357889021,-0.0295095907052,0.0492567484857,0.166952952156,-0.149006991473,0.481751824818,0.284671532847,0.153284671533,0.70802919708,LOW_CONTROL,137,0.0511538482984,0.0740244774462,0.0160507129626,0.240875912409,0.138686131387,0.0875912408759,-0.182481751825
UNIFORM,validation,HIGH_CONTROL_LOW_MODERATE_PROFIT,BROADLY_WEAK,ALL,120,137,137,0.0286570425882,-0.0279725130477,0.0852865982241,0.286898819496,-0.218704877015,0.591240875912,0.445255474453,0.335766423358,0.832116788321,LOW_CONTROL,137,0.135021371737,0.149721911219,0.041642143943,0.204379562044,0.255474452555,0.204379562044,-0.124087591241
UNIFORM,validation,HIGH_CONTROL_LOW_MODERATE_PROFIT,RECOVERING,ALL,5,56,56,0.0236794792032,0.0094102891641,0.0379486692424,0.0725698741331,-0.0201993274098,0.285714285714,0.0714285714286,0,0,LOW_CONTROL,56,0.0125597001114,0.0152240596985,0.00562604204481,0.160714285714,0.0714285714286,0,0
UNIFORM,validation,HIGH_CONTROL_LOW_MODERATE_PROFIT,RECOVERING,ALL,10,56,56,0.00940702036207,-0.0146708058153,0.0334848465394,0.0846351046091,-0.0430448805078,0.339285714286,0.0892857142857,0,0.0714285714286,LOW_CONTROL,56,0.0211692836703,0.0189474516452,-0.00182478864045,0.160714285714,0.0892857142857,0,0.0178571428571
UNIFORM,validation,HIGH_CONTROL_LOW_MODERATE_PROFIT,RECOVERING,ALL,20,56,56,0.0496102685723,0.0194488481856,0.079771688959,0.129239607645,-0.0526747159968,0.535714285714,0.25,0.0535714285714,0.125,LOW_CONTROL,56,0.0491955050139,0.0469014802219,0.00582369837325,0.357142857143,0.214285714286,0.0535714285714,0.0714285714286
UNIFORM,validation,HIGH_CONTROL_LOW_MODERATE_PROFIT,RECOVERING,ALL,40,56,56,0.228798325907,0.170909613169,0.286687038644,0.382358011913,-0.057893815732,0.928571428571,0.75,0.517857142857,0.142857142857,LOW_CONTROL,56,0.0985565759432,0.0919167410995,0.0158883145969,-0.0714285714286,0.0357142857143,-0.0535714285714,0.0892857142857
UNIFORM,validation,HIGH_CONTROL_LOW_MODERATE_PROFIT,RECOVERING,ALL,60,56,56,0.290315444833,0.228905706065,0.351725183601,0.479010507955,-0.0581733091083,0.982142857143,0.821428571429,0.642857142857,0.142857142857,LOW_CONTROL,56,0.144392591387,0.0926022568412,0.0162421780115,-0.0178571428571,0.0892857142857,0.0357142857143,0.0892857142857
UNIFORM,validation,HIGH_CONTROL_LOW_MODERATE_PROFIT,RECOVERING,ALL,120,56,56,0.181152804172,0.09405923716,0.268246371184,0.564222767954,-0.0900267073088,0.982142857143,0.875,0.767857142857,0.321428571429,LOW_CONTROL,56,0.0650254677657,0.152227686026,-0.00784254951082,-0.0178571428571,0.142857142857,0.142857142857,0.0535714285714
UNIFORM,validation,HIGH_CONTROL_LOW_MODERATE_PROFIT,STRONG,ALL,5,203,152,0.0427619865189,0.0304886054046,0.0550353676333,0.0949392894587,-0.0258138840304,0.351973684211,0.101973684211,0.0230263157895,0.00657894736842,LOW_CONTROL,203,-0.0354826085388,-0.0300923093048,-0.00341614955244,-0.131578947368,-0.118421052632,-0.0986842105263,-0.00328947368421
UNIFORM,validation,HIGH_CONTROL_LOW_MODERATE_PROFIT,STRONG,ALL,10,203,152,0.0812146172341,0.0594229866637,0.103006247805,0.15218929484,-0.037482986312,0.526315789474,0.266447368421,0.134868421053,0.0394736842105,LOW_CONTROL,203,0.0022829838107,-0.0275469878253,0.00405219999517,-0.0822368421053,-0.0394736842105,-0.141447368421,-0.0427631578947
UNIFORM,validation,HIGH_CONTROL_LOW_MODERATE_PROFIT,STRONG,ALL,20,203,152,0.0733798951199,0.0511096114847,0.095650178755,0.192530237298,-0.0488840700951,0.638157894737,0.355263157895,0.190789473684,0.0986842105263,LOW_CONTROL,203,0.0515917157742,-0.00882269349632,0.0199558783458,-0.00986842105263,-0.0361842105263,-0.138157894737,-0.223684210526
UNIFORM,validation,HIGH_CONTROL_LOW_MODERATE_PROFIT,STRONG,ALL,40,203,152,0.0402417408771,0.0128675060549,0.0676159756993,0.23335935179,-0.0768354106909,0.697368421053,0.460526315789,0.259868421053,0.3125,LOW_CONTROL,203,0.0770724482396,0.0164488443952,0.0262959914791,0.0230263157895,0.0526315789474,-0.0921052631579,-0.161184210526
UNIFORM,validation,HIGH_CONTROL_LOW_MODERATE_PROFIT,STRONG,ALL,60,203,152,0.0112857966016,-0.0173262210208,0.039897814224,0.253938341459,-0.101073240673,0.703947368421,0.506578947368,0.296052631579,0.440789473684,LOW_CONTROL,203,0.102237437959,0.0324407056643,0.0477262134075,0.00657894736842,0.0986842105263,-0.0625,-0.233552631579
UNIFORM,validation,HIGH_CONTROL_LOW_MODERATE_PROFIT,STRONG,ALL,120,203,152,0.0224722751354,-0.0294084918028,0.0743530420737,0.359262568032,-0.156658474151,0.796052631579,0.631578947368,0.450657894737,0.661184210526,LOW_CONTROL,203,0.163008649781,0.10560785399,0.0824598905131,0.0822368421053,0.171052631579,0.0592105263158,-0.256578947368
UNIFORM,validation,HIGH_CONTROL_LOW_MODERATE_PROFIT,ALL,LOW,5,19,14,0.0329708796361,0.00165162035897,0.0642901389132,0.0985022361393,-0.0218835143918,0.428571428571,0.0357142857143,0.0357142857143,0,LOW_CONTROL,19,0.00719113085063,0.0343458737061,-4.48615835046e-05,0.309523809524,0,0.0357142857143,0
UNIFORM,validation,HIGH_CONTROL_LOW_MODERATE_PROFIT,ALL,LOW,10,19,14,0.0111386256555,-0.0316586922097,0.0539359435206,0.107439003568,-0.0471516868186,0.488095238095,0.0357142857143,0.0357142857143,0.142857142857,LOW_CONTROL,19,-0.0440815821415,-0.00364396276466,-0.0117599790903,0.0833333333333,-0.130952380952,-0.0238095238095,0.0714285714286
UNIFORM,validation,HIGH_CONTROL_LOW_MODERATE_PROFIT,ALL,LOW,20,19,14,0.00331336791209,-0.0429037020501,0.0495304378743,0.116012064542,-0.0604187782271,0.511904761905,0.107142857143,0.0357142857143,0.178571428571,LOW_CONTROL,19,-0.0224978720531,-0.0313388034663,-0.00850375182543,0.0357142857143,-0.202380952381,-0.166666666667,-0.0357142857143
UNIFORM,validation,HIGH_CONTROL_LOW_MODERATE_PROFIT,ALL,LOW,40,19,14,-0.0248541988501,-0.0823081576767,0.0325997599766,0.145478898691,-0.0881451258401,0.619047619048,0.309523809524,0.0357142857143,0.309523809524,LOW_CONTROL,19,-0.0276035845677,-0.0447006006974,-0.00424910878335,0.0357142857143,-0.130952380952,-0.22619047619,0
UNIFORM,validation,HIGH_CONTROL_LOW_MODERATE_PROFIT,ALL,LOW,60,19,14,0.0109591166542,-0.0573405927737,0.0792588260821,0.162957797542,-0.0922867247572,0.714285714286,0.47619047619,0.0357142857143,0.309523809524,LOW_CONTROL,19,0.0140224832716,-0.0518206167572,0.0118305988995,0.130952380952,0.0357142857143,-0.22619047619,-0.238095238095
UNIFORM,validation,HIGH_CONTROL_LOW_MODERATE_PROFIT,ALL,LOW,120,19,14,0.0123621686864,-0.114423280393,0.139147617765,0.235943254615,-0.151753545166,0.714285714286,0.642857142857,0.321428571429,0.416666666667,LOW_CONTROL,19,0.0348268860913,-0.0560355582336,0.0401962776812,0.0238095238095,0.0952380952381,-0.119047619048,-0.238095238095
UNIFORM,validation,HIGH_CONTROL_LOW_MODERATE_PROFIT,ALL,MODERATE,5,137,101,0.0139216137042,0.00307300268433,0.0247702247242,0.0627664512048,-0.0283964929287,0.200495049505,0.0387788778878,0,0.029702970297,LOW_CONTROL,137,-0.0178334096981,-0.0149590186756,-0.00202332959346,-0.100660066007,-0.0668316831683,-0.0544554455446,0.029702970297
UNIFORM,validation,HIGH_CONTROL_LOW_MODERATE_PROFIT,ALL,MODERATE,10,137,101,0.0251777283204,0.00788442911573,0.0424710275252,0.0943933693839,-0.0441906516344,0.314356435644,0.13696369637,0.0338283828383,0.0503300330033,LOW_CONTROL,137,-0.00875723479989,-0.0183559228233,0.00284123149427,-0.0734323432343,-0.0148514851485,-0.0899339933993,-0.104785478548
UNIFORM,validation,HIGH_CONTROL_LOW_MODERATE_PROFIT,ALL,MODERATE,20,137,101,0.020863511481,-0.00309025121092,0.0448172741729,0.133946312573,-0.0602277401124,0.441419141914,0.226072607261,0.101485148515,0.208745874587,LOW_CONTROL,137,0.0257140816746,0.00765081775142,0.00729682004868,0.00412541254125,0.0247524752475,-0.0321782178218,-0.0676567656766
UNIFORM,validation,HIGH_CONTROL_LOW_MODERATE_PROFIT,ALL,MODERATE,40,137,101,0.0345733372522,0.00237406819052,0.0667726063139,0.19175731472,-0.0828344872022,0.589933993399,0.420792079208,0.209570957096,0.400165016502,LOW_CONTROL,137,0.037274095954,0.0175141952057,0.0136375897867,-0.0206270627063,0.120462046205,0.00742574257426,-0.0849834983498
UNIFORM,validation,HIGH_CONTROL_LOW_MODERATE_PROFIT,ALL,MODERATE,60,137,101,0.0465133204282,0.00955931299948,0.083467327857,0.223721575739,-0.0975372015834,0.622937293729,0.464521452145,0.268151815182,0.46699669967,LOW_CONTROL,137,0.0581407778543,0.0104846319976,0.0211604716216,-0.0750825082508,0.0948844884488,0.026402640264,-0.0907590759076
UNIFORM,validation,HIGH_CONTROL_LOW_MODERATE_PROFIT,ALL,MODERATE,120,137,101,0.0676537512179,0.00604487282749,0.129262629608,0.336554013823,-0.150848462478,0.741749174917,0.593234323432,0.416666666667,0.679867986799,LOW_CONTROL,137,0.103566789223,0.0596068401299,0.0303480949682,-0.0305280528053,0.167491749175,0.0891089108911,-0.0957095709571
UNIFORM,validation,HIGH_CONTROL_LOW_MODERATE_PROFIT,ALL,HIGH,5,240,144,0.0163657052765,0.00320018862566,0.0295312219274,0.0843420533094,-0.0376785149563,0.316550925926,0.0943287037037,0.0173611111111,0.0584490740741,LOW_CONTROL,240,-0.00587878791423,-6.3665260501e-05,0.00574822320524,0.0295138888889,-0.0399305555556,-0.0584490740741,0.0491898148148
UNIFORM,validation,HIGH_CONTROL_LOW_MODERATE_PROFIT,ALL,HIGH,10,240,144,0.0271122383705,0.00683448119944,0.0473899955415,0.120374221785,-0.0643222157004,0.424768518519,0.201967592593,0.0908564814815,0.217013888889,LOW_CONTROL,240,0.0303654399922,0.0088439784694,0.0136987497069,0.0734953703704,0.0353009259259,-0.0734953703704,-0.155671296296
UNIFORM,validation,HIGH_CONTROL_LOW_MODERATE_PROFIT,ALL,HIGH,20,240,144,0.00394871676737,-0.017092775352,0.0249902088868,0.150749995038,-0.0831166727725,0.518518518519,0.288773148148,0.130208333333,0.336226851852,LOW_CONTROL,240,0.0511567477055,0.0266267648486,0.0225165732612,0.161458333333,0.0815972222222,-0.0630787037037,-0.22974537037
UNIFORM,validation,HIGH_CONTROL_LOW_MODERATE_PROFIT,ALL,HIGH,40,240,144,0.0244447179664,-0.00833761392018,0.0572270498529,0.220516701837,-0.115214741693,0.597800925926,0.387152777778,0.247106481481,0.490162037037,LOW_CONTROL,240,0.0796786496624,0.0651517930129,0.0228542992222,0.146990740741,0.0821759259259,-0.0167824074074,-0.166087962963
UNIFORM,validation,HIGH_CONTROL_LOW_MODERATE_PROFIT,ALL,HIGH,60,240,144,0.0452132916144,0.00626214713663,0.0841644360921,0.273528235041,-0.127908357826,0.680555555556,0.465277777778,0.302662037037,0.553240740741,LOW_CONTROL,240,0.107788022705,0.0923281524436,0.0349659719151,0.185185185185,0.128472222222,6.16790569236e-18,-0.193865740741
UNIFORM,validation,HIGH_CONTROL_LOW_MODERATE_PROFIT,ALL,HIGH,120,240,144,0.0508833080203,-0.0105610760292,0.11232769207,0.396528816345,-0.182291913612,0.766203703704,0.594328703704,0.47337962963,0.723958333333,LOW_CONTROL,240,0.182576548378,0.198382231323,0.0701395425651,0.221643518519,0.22337962963,0.161458333333,-0.181134259259
UNIFORM,validation,LOW_CONTROL,ALL,ALL,5,1030,405,0.04435712058,0.0399035900311,0.0488106511289,0.0864412561504,-0.0161340322344,0.314609053498,0.0814814814815,0.0162551440329,0.0111111111111,NA,0,NA,NA,NA,NA,NA,NA,NA
UNIFORM,validation,LOW_CONTROL,ALL,ALL,10,1030,405,0.0607726616614,0.0542765429934,0.0672687803294,0.123682871944,-0.0293020891714,0.481893004115,0.188683127572,0.0701646090535,0.0753086419753,NA,0,NA,NA,NA,NA,NA,NA,NA
UNIFORM,validation,LOW_CONTROL,ALL,ALL,20,1030,405,0.044136907038,0.0353575744713,0.0529162396047,0.156011930605,-0.0410563580825,0.578806584362,0.290946502058,0.113991769547,0.140534979424,NA,0,NA,NA,NA,NA,NA,NA,NA
UNIFORM,validation,LOW_CONTROL,ALL,ALL,40,1030,405,0.102251192634,0.0870256126583,0.117476772609,0.269733487936,-0.0571788634525,0.797119341564,0.596090534979,0.339094650206,0.208230452675,NA,0,NA,NA,NA,NA,NA,NA,NA
UNIFORM,validation,LOW_CONTROL,ALL,ALL,60,1030,405,0.112623159722,0.0942048511953,0.131041468249,0.32595081709,-0.0674437075881,0.819341563786,0.674279835391,0.442181069959,0.255555555556,NA,0,NA,NA,NA,NA,NA,NA,NA
UNIFORM,validation,LOW_CONTROL,ALL,ALL,120,1030,405,0.0992813455571,0.0689418741395,0.129620816975,0.407209978678,-0.114663012062,0.849794238683,0.7170781893,0.52633744856,0.363374485597,NA,0,NA,NA,NA,NA,NA,NA,NA
UNIFORM,validation,LOW_CONTROL,BROADLY_WEAK,ALL,5,185,185,-0.0247243686725,-0.0314868347406,-0.0179619026044,0.0291193577884,-0.0469240771031,0.0540540540541,0.0108108108108,0,0.027027027027,NA,0,NA,NA,NA,NA,NA,NA,NA
UNIFORM,validation,LOW_CONTROL,BROADLY_WEAK,ALL,10,185,185,-0.0440639402588,-0.0514629264467,-0.036664954071,0.0388862740249,-0.0817480276386,0.0810810810811,0.0162162162162,0,0.324324324324,NA,0,NA,NA,NA,NA,NA,NA,NA
UNIFORM,validation,LOW_CONTROL,BROADLY_WEAK,ALL,20,185,185,-0.0877225931202,-0.0971252960017,-0.0783198902388,0.0464565050959,-0.109131600066,0.113513513514,0.027027027027,0.00540540540541,0.540540540541,NA,0,NA,NA,NA,NA,NA,NA,NA
UNIFORM,validation,LOW_CONTROL,BROADLY_WEAK,ALL,40,185,185,-0.108011541422,-0.121910260919,-0.0941128219256,0.0583669380178,-0.164192350248,0.172972972973,0.0486486486486,0.0162162162162,0.8,NA,0,NA,NA,NA,NA,NA,NA,NA
UNIFORM,validation,LOW_CONTROL,BROADLY_WEAK,ALL,60,185,185,-0.0688698632588,-0.0871860597169,-0.0505536668006,0.0855412159012,-0.169875857448,0.27027027027,0.124324324324,0.0432432432432,0.805405405405,NA,0,NA,NA,NA,NA,NA,NA,NA
UNIFORM,validation,LOW_CONTROL,BROADLY_WEAK,ALL,120,185,185,-0.104848719743,-0.142228978333,-0.067468461153,0.157603323031,-0.28617482822,0.389189189189,0.210810810811,0.12972972973,0.924324324324,NA,0,NA,NA,NA,NA,NA,NA,NA
UNIFORM,validation,LOW_CONTROL,RECOVERING,ALL,5,358,358,0.0384671079283,0.0331186678416,0.0438155480151,0.0756797130797,-0.00579397439483,0.220670391061,0.0391061452514,0.00837988826816,0,NA,0,NA,NA,NA,NA,NA,NA,NA
UNIFORM,validation,LOW_CONTROL,RECOVERING,ALL,10,358,358,0.0284809459535,0.0217298729223,0.0352320189847,0.0902025469527,-0.0188276616492,0.310055865922,0.072625698324,0.0223463687151,0.0111731843575,NA,0,NA,NA,NA,NA,NA,NA,NA
UNIFORM,validation,LOW_CONTROL,RECOVERING,ALL,20,358,358,0.0372857477706,0.0274523934126,0.0471191021286,0.120796135479,-0.0286512713379,0.466480446927,0.153631284916,0.0474860335196,0.0530726256983,NA,0,NA,NA,NA,NA,NA,NA,NA
UNIFORM,validation,LOW_CONTROL,RECOVERING,ALL,40,358,358,0.149853027114,0.130393459258,0.16931259497,0.311632981347,-0.0339982330486,0.946927374302,0.692737430168,0.385474860335,0.0614525139665,NA,0,NA,NA,NA,NA,NA,NA,NA
UNIFORM,validation,LOW_CONTROL,RECOVERING,ALL,60,358,358,0.214223406998,0.192000138542,0.236446675454,0.41300870433,-0.0347527030557,0.972067039106,0.810055865922,0.555865921788,0.0670391061453,NA,0,NA,NA,NA,NA,NA,NA,NA
UNIFORM,validation,LOW_CONTROL,RECOVERING,ALL,120,358,358,0.177659146405,0.147153428377,0.208164864432,0.485863094707,-0.0592069460129,0.980446927374,0.849162011173,0.659217877095,0.175977653631,NA,0,NA,NA,NA,NA,NA,NA,NA
UNIFORM,validation,LOW_CONTROL,STRONG,ALL,5,487,340,0.0741957432534,0.0672247311485,0.0811667553582,0.118521641205,-0.0155266590925,0.504411764706,0.145588235294,0.0338235294118,0.0132352941176,NA,0,NA,NA,NA,NA,NA,NA,NA
UNIFORM,validation,LOW_CONTROL,STRONG,ALL,10,487,340,0.122553271941,0.111490233156,0.133616310727,0.183742558914,-0.0227072305263,0.777941176471,0.348529411765,0.135294117647,0.0455882352941,NA,0,NA,NA,NA,NA,NA,NA,NA
UNIFORM,validation,LOW_CONTROL,STRONG,ALL,20,487,340,0.0783163227712,0.0665247660236,0.0901078795187,0.215891991814,-0.0325808584609,0.813235294118,0.476470588235,0.194117647059,0.0926470588235,NA,0,NA,NA,NA,NA,NA,NA,NA
UNIFORM,validation,LOW_CONTROL,STRONG,ALL,40,487,340,0.106767491913,0.088424632228,0.125110351597,0.289915950663,-0.0480731800244,0.852941176471,0.647058823529,0.361764705882,0.155882352941,NA,0,NA,NA,NA,NA,NA,NA,NA
UNIFORM,validation,LOW_CONTROL,STRONG,ALL,60,487,340,0.0514324834759,0.0330199420097,0.0698450249421,0.310661838385,-0.0691342054566,0.855882352941,0.685294117647,0.427941176471,0.258823529412,NA,0,NA,NA,NA,NA,NA,NA,NA
UNIFORM,validation,LOW_CONTROL,STRONG,ALL,120,487,340,0.0602108041,0.0228978500121,0.0975237581878,0.395738516647,-0.121561639039,0.876470588235,0.720588235294,0.495588235294,0.402941176471,NA,0,NA,NA,NA,NA,NA,NA,NA
UNIFORM,validation,LOW_CONTROL,ALL,LOW,5,753,337,0.0541797648763,0.0489658029471,0.0593937268055,0.0908384828027,-0.00978274341091,0.324183976261,0.0905044510386,0.0170623145401,0.00148367952522,NA,0,NA,NA,NA,NA,NA,NA,NA
UNIFORM,validation,LOW_CONTROL,ALL,LOW,10,753,337,0.0780286015224,0.0698592112307,0.0861979918141,0.131825622259,-0.0185724355451,0.507665677547,0.203511374876,0.0761622156281,0.0205242334322,NA,0,NA,NA,NA,NA,NA,NA,NA
UNIFORM,validation,LOW_CONTROL,ALL,LOW,20,753,337,0.0690659568593,0.0577471281871,0.0803847855315,0.170093745692,-0.0261739844133,0.628338278932,0.316765578635,0.12512363996,0.0623145400593,NA,0,NA,NA,NA,NA,NA,NA,NA
UNIFORM,validation,LOW_CONTROL,ALL,LOW,40,753,337,0.145504494942,0.126263467203,0.164745522682,0.306226594007,-0.0357971005572,0.863254203759,0.660731948566,0.393422354105,0.109792284866,NA,0,NA,NA,NA,NA,NA,NA,NA
UNIFORM,validation,LOW_CONTROL,ALL,LOW,60,753,337,0.162223651719,0.140502918583,0.183944384855,0.372613651693,-0.0417321645995,0.878585558853,0.74727992087,0.51434223541,0.144658753709,NA,0,NA,NA,NA,NA,NA,NA,NA
UNIFORM,validation,LOW_CONTROL,ALL,LOW,120,753,337,0.155128868461,0.121107960066,0.189149776856,0.457144772992,-0.0795164528191,0.896884272997,0.784866468843,0.596933728981,0.241839762611,NA,0,NA,NA,NA,NA,NA,NA,NA
UNIFORM,validation,LOW_CONTROL,ALL,MODERATE,5,212,128,0.00394282060616,-0.00523985973639,0.0131255009487,0.0578364178507,-0.0353847508121,0.203776041667,0.0169270833333,0.0078125,0.025390625,NA,0,NA,NA,NA,NA,NA,NA,NA
UNIFORM,validation,LOW_CONTROL,ALL,MODERATE,10,212,128,0.00419097651221,-0.0100490841761,0.0184310372005,0.0837759541051,-0.0613521866181,0.322265625,0.095703125,0.037109375,0.207682291667,NA,0,NA,NA,NA,NA,NA,NA,NA
UNIFORM,validation,LOW_CONTROL,ALL,MODERATE,20,212,128,-0.0273809424726,-0.044247424953,-0.0105144599922,0.101972805056,-0.0822577062242,0.364583333333,0.165364583333,0.056640625,0.374348958333,NA,0,NA,NA,NA,NA,NA,NA,NA
UNIFORM,validation,LOW_CONTROL,ALL,MODERATE,40,212,128,-0.0119531933693,-0.0398702638877,0.015963877149,0.169548371754,-0.116786037734,0.522135416667,0.335286458333,0.168619791667,0.501953125,NA,0,NA,NA,NA,NA,NA,NA,NA
UNIFORM,validation,LOW_CONTROL,ALL,MODERATE,60,212,128,-0.00657710676255,-0.0419781782383,0.0288239647132,0.213440020071,-0.137749046411,0.604166666667,0.392578125,0.225911458333,0.606119791667,NA,0,NA,NA,NA,NA,NA,NA,NA
UNIFORM,validation,LOW_CONTROL,ALL,MODERATE,120,212,128,-0.0536187602707,-0.100871343121,-0.00636617742071,0.276868131511,-0.21313909901,0.69921875,0.479166666667,0.3046875,0.720703125,NA,0,NA,NA,NA,NA,NA,NA,NA
UNIFORM,validation,LOW_CONTROL,ALL,HIGH,5,65,51,0.0293074320657,-0.000629549808932,0.0592444139403,0.122782262875,-0.0533241922536,0.490196078431,0.196078431373,0.0980392156863,0.0980392156863,NA,0,NA,NA,NA,NA,NA,NA,NA
UNIFORM,validation,LOW_CONTROL,ALL,HIGH,10,65,51,-0.00291874793794,-0.0410446137348,0.0352071178589,0.155127044335,-0.092458717526,0.56862745098,0.267973856209,0.16339869281,0.47385620915,NA,0,NA,NA,NA,NA,NA,NA,NA
UNIFORM,validation,LOW_CONTROL,ALL,HIGH,20,65,51,-0.0654812158935,-0.100318346705,-0.0306440850819,0.171118901262,-0.134067951503,0.575163398693,0.349673202614,0.192810457516,0.643790849673,NA,0,NA,NA,NA,NA,NA,NA,NA
UNIFORM,validation,LOW_CONTROL,ALL,HIGH,40,65,51,-0.108914428805,-0.153582908717,-0.0642459488923,0.194124169568,-0.188359906399,0.611111111111,0.401960784314,0.248366013072,0.741830065359,NA,0,NA,NA,NA,NA,NA,NA,NA
UNIFORM,validation,LOW_CONTROL,ALL,HIGH,60,65,51,-0.146984424752,-0.194569921858,-0.0993989276466,0.206570096879,-0.220975069283,0.611111111111,0.424836601307,0.267973856209,0.820261437908,NA,0,NA,NA,NA,NA,NA,NA,NA
UNIFORM,validation,LOW_CONTROL,ALL,HIGH,120,65,51,-0.145193960087,-0.223686439023,-0.0667014811519,0.264272875939,-0.300128485441,0.676470588235,0.464052287582,0.320261437908,0.918300653595,NA,0,NA,NA,NA,NA,NA,NA,NA
UNIFORM,validation,MODERATE_CONTROL,ALL,ALL,5,489,307,0.0239798456157,0.0165313640443,0.0314283271871,0.0774914769935,-0.0259626030362,0.25,0.0770901194354,0.0328447339848,0.0304017372421,NA,0,NA,NA,NA,NA,NA,NA,NA
UNIFORM,validation,MODERATE_CONTROL,ALL,ALL,10,489,307,0.0387661670977,0.0260260100741,0.0515063241212,0.116765115002,-0.0447544043237,0.411509229099,0.158794788274,0.078447339848,0.10884907709,NA,0,NA,NA,NA,NA,NA,NA,NA
UNIFORM,validation,MODERATE_CONTROL,ALL,ALL,20,489,307,0.0133429641622,-0.00142860268746,0.0281145310118,0.147608932491,-0.0641614729199,0.496199782845,0.241042345277,0.124321389794,0.232084690554,NA,0,NA,NA,NA,NA,NA,NA,NA
UNIFORM,validation,MODERATE_CONTROL,ALL,ALL,40,488,306,0.0191835488311,-0.0012177485552,0.0395848462174,0.215162589565,-0.0917331457762,0.596677559913,0.388071895425,0.248093681917,0.419662309368,NA,0,NA,NA,NA,NA,NA,NA,NA
UNIFORM,validation,MODERATE_CONTROL,ALL,ALL,60,488,306,0.0265128061823,0.00302828650374,0.0499973258609,0.248608675095,-0.109152831256,0.659041394336,0.446895424837,0.299291938998,0.49537037037,NA,0,NA,NA,NA,NA,NA,NA,NA
UNIFORM,validation,MODERATE_CONTROL,ALL,ALL,120,488,306,0.0116513782968,-0.0243415279536,0.0476442845472,0.347794549226,-0.172336205663,0.738562091503,0.553104575163,0.407135076253,0.658224400871,NA,0,NA,NA,NA,NA,NA,NA,NA
UNIFORM,validation,MODERATE_CONTROL,BROADLY_WEAK,ALL,5,154,154,-0.0222656368077,-0.0288400481111,-0.0156912255042,0.028619444947,-0.0429160971008,0.0519480519481,0,0,0.0454545454545,NA,0,NA,NA,NA,NA,NA,NA,NA
UNIFORM,validation,MODERATE_CONTROL,BROADLY_WEAK,ALL,10,154,154,-0.0362978849962,-0.0455599945954,-0.027035775397,0.0430430714008,-0.0716444413443,0.11038961039,0.012987012987,0,0.214285714286,NA,0,NA,NA,NA,NA,NA,NA,NA
UNIFORM,validation,MODERATE_CONTROL,BROADLY_WEAK,ALL,20,154,154,-0.075237322551,-0.0858892323213,-0.0645854127807,0.0527229032344,-0.0996466352281,0.12987012987,0.038961038961,0.00649350649351,0.441558441558,NA,0,NA,NA,NA,NA,NA,NA,NA
UNIFORM,validation,MODERATE_CONTROL,BROADLY_WEAK,ALL,40,154,154,-0.0733254953213,-0.0909030185158,-0.0557479721268,0.0711595943863,-0.136031380179,0.194805194805,0.0649350649351,0.038961038961,0.688311688312,NA,0,NA,NA,NA,NA,NA,NA,NA
UNIFORM,validation,MODERATE_CONTROL,BROADLY_WEAK,ALL,60,154,154,-0.0112619782573,-0.0361840441972,0.0136600876826,0.124310194732,-0.139262519497,0.37012987013,0.175324675325,0.0974025974026,0.701298701299,NA,0,NA,NA,NA,NA,NA,NA,NA
UNIFORM,validation,MODERATE_CONTROL,BROADLY_WEAK,ALL,120,154,154,-0.0201646041553,-0.0689850368457,0.0286558285351,0.231088573571,-0.230047428611,0.512987012987,0.311688311688,0.214285714286,0.902597402597,NA,0,NA,NA,NA,NA,NA,NA,NA
UNIFORM,validation,MODERATE_CONTROL,RECOVERING,ALL,5,68,68,0.0228787985646,0.00837178865806,0.0373858084711,0.084304453297,-0.0189162983094,0.294117647059,0.0588235294118,0.0294117647059,0.0294117647059,NA,0,NA,NA,NA,NA,NA,NA,NA
UNIFORM,validation,MODERATE_CONTROL,RECOVERING,ALL,10,68,68,0.0235918182589,-0.00585478003009,0.0530384165479,0.105303271131,-0.0386222621833,0.426470588235,0.0735294117647,0.0294117647059,0.0735294117647,NA,0,NA,NA,NA,NA,NA,NA,NA
UNIFORM,validation,MODERATE_CONTROL,RECOVERING,ALL,20,68,68,0.043622024966,-0.000471189820717,0.0877152397526,0.158161940687,-0.050956367558,0.573529411765,0.235294117647,0.102941176471,0.132352941176,NA,0,NA,NA,NA,NA,NA,NA,NA
UNIFORM,validation,MODERATE_CONTROL,RECOVERING,ALL,40,67,67,0.176740968774,0.119591804732,0.233890132816,0.358981068755,-0.0438635037457,0.89552238806,0.746268656716,0.507462686567,0.134328358209,NA,0,NA,NA,NA,NA,NA,NA,NA
UNIFORM,validation,MODERATE_CONTROL,RECOVERING,ALL,60,67,67,0.195071301979,0.137042919961,0.253099683997,0.41625828654,-0.0480653496098,0.89552238806,0.805970149254,0.611940298507,0.179104477612,NA,0,NA,NA,NA,NA,NA,NA,NA
UNIFORM,validation,MODERATE_CONTROL,RECOVERING,ALL,120,67,67,0.122798528651,0.0450442811905,0.200552776111,0.484860285116,-0.09357904872,0.910447761194,0.835820895522,0.671641791045,0.358208955224,NA,0,NA,NA,NA,NA,NA,NA,NA
UNIFORM,validation,MODERATE_CONTROL,STRONG,ALL,5,267,230,0.0461178428236,0.0364916495814,0.0557440360657,0.0988554361419,-0.0183887305994,0.328260869565,0.113043478261,0.0434782608696,0.0173913043478,NA,0,NA,NA,NA,NA,NA,NA,NA
UNIFORM,validation,MODERATE_CONTROL,STRONG,ALL,10,267,230,0.0757593994145,0.0605202098669,0.0909985889622,0.152169087782,-0.0319961908517,0.55652173913,0.247826086957,0.117391304348,0.0717391304348,NA,0,NA,NA,NA,NA,NA,NA,NA
UNIFORM,validation,MODERATE_CONTROL,STRONG,ALL,20,267,230,0.0487901114053,0.032694934739,0.0648852880716,0.187736394922,-0.046716903249,0.663043478261,0.336956521739,0.189130434783,0.145652173913,NA,0,NA,NA,NA,NA,NA,NA,NA
UNIFORM,validation,MODERATE_CONTROL,STRONG,ALL,40,267,230,0.0178570713668,-0.00602028745836,0.0417344301919,0.243911200849,-0.0817232905009,0.730434782609,0.45652173913,0.276086956522,0.358695652174,NA,0,NA,NA,NA,NA,NA,NA,NA
UNIFORM,validation,MODERATE_CONTROL,STRONG,ALL,60,267,230,-0.00570544222735,-0.034890985923,0.0234801014683,0.260388243496,-0.110696710691,0.734782608696,0.489130434783,0.308695652174,0.476086956522,NA,0,NA,NA,NA,NA,NA,NA,NA
UNIFORM,validation,MODERATE_CONTROL,STRONG,ALL,120,267,230,-0.0241275569759,-0.0637391918521,0.0154840779002,0.344279983583,-0.162888593673,0.797826086957,0.578260869565,0.402173913043,0.621739130435,NA,0,NA,NA,NA,NA,NA,NA,NA
UNIFORM,validation,MODERATE_CONTROL,ALL,LOW,5,133,104,0.0243260491578,0.0113556112179,0.0372964870977,0.0719188918428,-0.024432168233,0.205128205128,0.0801282051282,0.0288461538462,0.0240384615385,NA,0,NA,NA,NA,NA,NA,NA,NA
UNIFORM,validation,MODERATE_CONTROL,ALL,LOW,10,133,104,0.0503821240606,0.0234893085007,0.0772749396205,0.118811531085,-0.0405173145733,0.407051282051,0.133012820513,0.0865384615385,0.0608974358974,NA,0,NA,NA,NA,NA,NA,NA,NA
UNIFORM,validation,MODERATE_CONTROL,ALL,LOW,20,133,104,0.0290323458611,-0.00133875469113,0.0594034464134,0.154475274528,-0.055310238992,0.503205128205,0.224358974359,0.144230769231,0.11858974359,NA,0,NA,NA,NA,NA,NA,NA,NA
UNIFORM,validation,MODERATE_CONTROL,ALL,LOW,40,132,103,0.0604603730844,0.0229764684679,0.0979442777008,0.225859984555,-0.0701893328158,0.629449838188,0.415857605178,0.26213592233,0.322006472492,NA,0,NA,NA,NA,NA,NA,NA,NA
UNIFORM,validation,MODERATE_CONTROL,ALL,LOW,60,132,103,0.0811690618637,0.0380241522617,0.124313971466,0.268988546303,-0.0800643328859,0.736245954693,0.517799352751,0.330097087379,0.385113268608,NA,0,NA,NA,NA,NA,NA,NA,NA
UNIFORM,validation,MODERATE_CONTROL,ALL,LOW,120,132,103,0.0584419252362,0.00262850331297,0.114255347159,0.355407447904,-0.137189283208,0.784789644013,0.614886731392,0.432038834951,0.538834951456,NA,0,NA,NA,NA,NA,NA,NA,NA
UNIFORM,validation,MODERATE_CONTROL,ALL,MODERATE,5,264,194,0.0220610990006,0.0126576986576,0.0314644993435,0.0689096450021,-0.0251978584346,0.224226804124,0.0451030927835,0.0257731958763,0.0231958762887,NA,0,NA,NA,NA,NA,NA,NA,NA
UNIFORM,validation,MODERATE_CONTROL,ALL,MODERATE,10,264,194,0.0405102314365,0.0258072962769,0.0552131665961,0.109360980413,-0.0406607073858,0.402920962199,0.149054982818,0.0592783505155,0.0867697594502,NA,0,NA,NA,NA,NA,NA,NA,NA
UNIFORM,validation,MODERATE_CONTROL,ALL,MODERATE,20,264,194,0.0181628232929,0.00161019580388,0.034715450782,0.139639233859,-0.0568381496959,0.484536082474,0.239261168385,0.100515463918,0.219072164948,NA,0,NA,NA,NA,NA,NA,NA,NA
UNIFORM,validation,MODERATE_CONTROL,ALL,MODERATE,40,264,194,0.035973592977,0.00750248115741,0.0644447047966,0.228001229772,-0.0832830871307,0.602233676976,0.414948453608,0.260738831615,0.400773195876,NA,0,NA,NA,NA,NA,NA,NA,NA
UNIFORM,validation,MODERATE_CONTROL,ALL,MODERATE,60,264,194,0.0498470575041,0.0175927031417,0.0821014118665,0.268924026104,-0.0999232651496,0.652920962199,0.473367697595,0.314862542955,0.468213058419,NA,0,NA,NA,NA,NA,NA,NA,NA
UNIFORM,validation,MODERATE_CONTROL,ALL,MODERATE,120,264,194,0.028048840371,-0.0191308738156,0.0752285545575,0.364262173379,-0.162108145932,0.740549828179,0.558419243986,0.405068728522,0.639175257732,NA,0,NA,NA,NA,NA,NA,NA,NA
UNIFORM,validation,MODERATE_CONTROL,ALL,HIGH,5,92,74,0.0294980642737,0.0110713215821,0.0479248069652,0.113774879061,-0.0294001065646,0.45045045045,0.162162162162,0.0540540540541,0.0518018018018,NA,0,NA,NA,NA,NA,NA,NA,NA
UNIFORM,validation,MODERATE_CONTROL,ALL,HIGH,10,92,74,0.0175053071213,-0.010327826862,0.0453384411045,0.140242161085,-0.0628350517746,0.490990990991,0.256756756757,0.135135135135,0.240990990991,NA,0,NA,NA,NA,NA,NA,NA,NA
UNIFORM,validation,MODERATE_CONTROL,ALL,HIGH,20,92,74,-0.0196100314603,-0.0539713106722,0.0147512477516,0.161283247849,-0.0963459996335,0.558558558559,0.290540540541,0.175675675676,0.457207207207,NA,0,NA,NA,NA,NA,NA,NA,NA
UNIFORM,validation,MODERATE_CONTROL,ALL,HIGH,40,92,74,-0.0679463594847,-0.106647366449,-0.0292453525206,0.187778205882,-0.147336304165,0.585585585586,0.308558558559,0.216216216216,0.640765765766,NA,0,NA,NA,NA,NA,NA,NA,NA
UNIFORM,validation,MODERATE_CONTROL,ALL,HIGH,60,92,74,-0.0882416101385,-0.130648687752,-0.0458345325251,0.194503304978,-0.175105706487,0.612612612613,0.328828828829,0.22972972973,0.725225225225,NA,0,NA,NA,NA,NA,NA,NA,NA
UNIFORM,validation,MODERATE_CONTROL,ALL,HIGH,120,92,74,-0.0846226958733,-0.162601373331,-0.00664401841589,0.292129101657,-0.24231321268,0.693693693694,0.463963963964,0.358108108108,0.844594594595,NA,0,NA,NA,NA,NA,NA,NA,NA
