id,type,key,value,total
A_D00_C_MAX_E10,TOP_STOCK_PNL,300619.SZ,61374.67559999999,-633900.2517421006
A_D00_C_MAX_E10,TOP_STOCK_PNL,600610.SH,56620.176480000024,-633900.2517421006
A_D00_C_MAX_E10,TOP_STOCK_PNL,300655.SZ,52085.51808000001,-633900.2517421006
A_D00_C_MAX_E10,TOP_STOCK_PNL,002240.SZ,51499.161040000006,-633900.2517421006
A_D00_C_MAX_E10,TOP_STOCK_PNL,300274.SZ,50684.768,-633900.2517421006
A_D00_C_MAX_E10,MAX_INDUSTRY_NAV,historical_industry,0.6254515499815335,1.0
A_D00_C_MAX_E10,TOP_DAY_RETURN,2020-02-04,0.06752187692062184,
A_D00_C_MAX_E10,TOP_DAY_RETURN,2023-08-22,0.06414307935511121,
A_D00_C_MAX_E10,TOP_DAY_RETURN,2023-08-29,0.05374396934540826,
A_D00_C_MAX_E10,TOP_DAY_RETURN,2022-02-09,0.05354488018769965,
A_D00_C_MAX_E10,TOP_DAY_RETURN,2021-07-21,0.053447302318899714,
A_D00_C_10_E10,TOP_STOCK_PNL,300619.SZ,54555.2672,-656150.1040841006
A_D00_C_10_E10,TOP_STOCK_PNL,300677.SZ,53350.244039999976,-656150.1040841006
A_D00_C_10_E10,TOP_STOCK_PNL,300655.SZ,52085.51808000001,-656150.1040841006
A_D00_C_10_E10,TOP_STOCK_PNL,300274.SZ,47097.83359999998,-656150.1040841006
A_D00_C_10_E10,TOP_STOCK_PNL,002240.SZ,46078.19671999999,-656150.1040841006
A_D00_C_10_E10,MAX_INDUSTRY_NAV,historical_industry,0.5394533855762406,1.0
A_D00_C_10_E10,TOP_DAY_RETURN,2020-02-04,0.06447565858686377,
A_D00_C_10_E10,TOP_DAY_RETURN,2023-08-22,0.06283949079122197,
A_D00_C_10_E10,TOP_DAY_RETURN,2021-07-21,0.05224171269395894,
A_D00_C_10_E10,TOP_DAY_RETURN,2020-02-24,0.04798984750497892,
A_D00_C_10_E10,TOP_DAY_RETURN,2021-11-17,0.04772036415102088,
A_D01_C_MAX_E10,TOP_STOCK_PNL,300548.SZ,110300.88264000003,-536576.6632326008
A_D01_C_MAX_E10,TOP_STOCK_PNL,601633.SH,66103.04884000006,-536576.6632326008
A_D01_C_MAX_E10,TOP_STOCK_PNL,000408.SZ,60943.13407999987,-536576.6632326008
A_D01_C_MAX_E10,TOP_STOCK_PNL,002585.SZ,59953.9059999999,-536576.6632326008
A_D01_C_MAX_E10,TOP_STOCK_PNL,000708.SZ,57964.67447999999,-536576.6632326008
A_D01_C_MAX_E10,MAX_INDUSTRY_NAV,historical_industry,0.9987339895922598,1.0
A_D01_C_MAX_E10,TOP_DAY_RETURN,2021-10-20,0.06135557843224526,
A_D01_C_MAX_E10,TOP_DAY_RETURN,2023-08-29,0.06102181088609315,
A_D01_C_MAX_E10,TOP_DAY_RETURN,2023-10-17,0.06060614243189266,
A_D01_C_MAX_E10,TOP_DAY_RETURN,2020-09-30,0.05072552081286519,
A_D01_C_MAX_E10,TOP_DAY_RETURN,2021-09-07,0.05023785850683704,
A_D01_C_10_E10,TOP_STOCK_PNL,300619.SZ,44326.154599999994,-395924.04510730074
A_D01_C_10_E10,TOP_STOCK_PNL,002601.SZ,35768.04503999997,-395924.04510730074
A_D01_C_10_E10,TOP_STOCK_PNL,000977.SZ,35656.23892000002,-395924.04510730074
A_D01_C_10_E10,TOP_STOCK_PNL,002240.SZ,32525.785919999995,-395924.04510730074
A_D01_C_10_E10,TOP_STOCK_PNL,600603.SH,32085.138260000007,-395924.04510730074
A_D01_C_10_E10,MAX_INDUSTRY_NAV,historical_industry,0.5182146697987152,1.0
A_D01_C_10_E10,TOP_DAY_RETURN,2021-10-25,0.04927897889547972,
A_D01_C_10_E10,TOP_DAY_RETURN,2020-05-26,0.04482271751443867,
A_D01_C_10_E10,TOP_DAY_RETURN,2020-02-04,0.04410798487817291,
A_D01_C_10_E10,TOP_DAY_RETURN,2023-05-04,0.04364493998370844,
A_D01_C_10_E10,TOP_DAY_RETURN,2020-03-02,0.043570504271098986,
A_D02_C_MAX_E10,TOP_STOCK_PNL,300548.SZ,113129.1104,-570356.8602009006
A_D02_C_MAX_E10,TOP_STOCK_PNL,002585.SZ,81905.53299999994,-570356.8602009006
A_D02_C_MAX_E10,TOP_STOCK_PNL,600603.SH,76284.05320999998,-570356.8602009006
A_D02_C_MAX_E10,TOP_STOCK_PNL,000408.SZ,69731.33879999991,-570356.8602009006
A_D02_C_MAX_E10,TOP_STOCK_PNL,601633.SH,64319.5,-570356.8602009006
A_D02_C_MAX_E10,MAX_INDUSTRY_NAV,historical_industry,0.9975354089247197,1.0
A_D02_C_MAX_E10,TOP_DAY_RETURN,2021-10-20,0.07751748239696243,
A_D02_C_MAX_E10,TOP_DAY_RETURN,2023-08-29,0.06437303305862607,
A_D02_C_MAX_E10,TOP_DAY_RETURN,2021-07-15,0.06224946537335385,
A_D02_C_MAX_E10,TOP_DAY_RETURN,2023-10-17,0.05676965288725899,
A_D02_C_MAX_E10,TOP_DAY_RETURN,2020-05-26,0.054127929000108876,
A_D02_C_10_E10,TOP_STOCK_PNL,600338.SH,55576.86160000002,-399573.20849030046
A_D02_C_10_E10,TOP_STOCK_PNL,300619.SZ,47735.8588,-399573.20849030046
A_D02_C_10_E10,TOP_STOCK_PNL,002240.SZ,39374.820919999984,-399573.20849030046
A_D02_C_10_E10,TOP_STOCK_PNL,002791.SZ,37947.97055999997,-399573.20849030046
A_D02_C_10_E10,TOP_STOCK_PNL,002601.SZ,36262.352039999954,-399573.20849030046
A_D02_C_10_E10,MAX_INDUSTRY_NAV,historical_industry,0.5187684072036867,1.0
A_D02_C_10_E10,TOP_DAY_RETURN,2021-07-21,0.04892966640951846,
A_D02_C_10_E10,TOP_DAY_RETURN,2020-02-04,0.04658685109425753,
A_D02_C_10_E10,TOP_DAY_RETURN,2021-10-25,0.04583683046057119,
A_D02_C_10_E10,TOP_DAY_RETURN,2021-10-20,0.04183821110766406,
A_D02_C_10_E10,TOP_DAY_RETURN,2023-08-29,0.03932943100128372,
A_D03_C_MAX_E10,TOP_STOCK_PNL,603713.SH,85534.16983999999,-824931.390019
A_D03_C_MAX_E10,TOP_STOCK_PNL,002517.SZ,30142.09991999998,-824931.390019
A_D03_C_MAX_E10,TOP_STOCK_PNL,300320.SZ,24903.528000000006,-824931.390019
A_D03_C_MAX_E10,TOP_STOCK_PNL,600436.SH,23944.053199999995,-824931.390019
A_D03_C_MAX_E10,TOP_STOCK_PNL,002689.SZ,20289.98272,-824931.390019
A_D03_C_MAX_E10,MAX_INDUSTRY_NAV,historical_industry,0.6749271599572122,1.0
A_D03_C_MAX_E10,TOP_DAY_RETURN,2020-04-02,0.05042900348971768,
A_D03_C_MAX_E10,TOP_DAY_RETURN,2022-04-29,0.04438135213345218,
A_D03_C_MAX_E10,TOP_DAY_RETURN,2020-07-27,0.04045583854716672,
A_D03_C_MAX_E10,TOP_DAY_RETURN,2020-03-02,0.040241238167153526,
A_D03_C_MAX_E10,TOP_DAY_RETURN,2020-07-08,0.038667787452072,
A_D03_C_10_E10,TOP_STOCK_PNL,000856.SZ,30957.411640000006,-737306.8002060999
A_D03_C_10_E10,TOP_STOCK_PNL,002735.SZ,27444.969719999994,-737306.8002060999
A_D03_C_10_E10,TOP_STOCK_PNL,002428.SZ,27172.8952,-737306.8002060999
A_D03_C_10_E10,TOP_STOCK_PNL,603703.SH,20636.694000000003,-737306.8002060999
A_D03_C_10_E10,TOP_STOCK_PNL,600436.SH,19155.24256,-737306.8002060999
A_D03_C_10_E10,MAX_INDUSTRY_NAV,historical_industry,0.4011890103936987,1.0
A_D03_C_10_E10,TOP_DAY_RETURN,2022-04-12,0.046492984477425114,
A_D03_C_10_E10,TOP_DAY_RETURN,2023-08-29,0.04543855307653888,
A_D03_C_10_E10,TOP_DAY_RETURN,2022-04-29,0.03940662736010614,
A_D03_C_10_E10,TOP_DAY_RETURN,2023-04-12,0.036050717500723195,
A_D03_C_10_E10,TOP_DAY_RETURN,2021-08-23,0.03596585821865417,
A_D04_C_MAX_E10,TOP_STOCK_PNL,002517.SZ,64075.07208,-713771.0372886996
A_D04_C_MAX_E10,TOP_STOCK_PNL,000001.SZ,46633.0086,-713771.0372886996
A_D04_C_MAX_E10,TOP_STOCK_PNL,600882.SH,39424.406279999996,-713771.0372886996
A_D04_C_MAX_E10,TOP_STOCK_PNL,300274.SZ,36672.90179999999,-713771.0372886996
A_D04_C_MAX_E10,TOP_STOCK_PNL,000519.SZ,32961.37428000001,-713771.0372886996
A_D04_C_MAX_E10,MAX_INDUSTRY_NAV,historical_industry,0.9783261830532239,1.0
A_D04_C_MAX_E10,TOP_DAY_RETURN,2022-05-10,0.07438251035146815,
A_D04_C_MAX_E10,TOP_DAY_RETURN,2021-10-08,0.05983909893326289,
A_D04_C_MAX_E10,TOP_DAY_RETURN,2021-02-08,0.04781589956889443,
A_D04_C_MAX_E10,TOP_DAY_RETURN,2022-03-16,0.04420015722517623,
A_D04_C_MAX_E10,TOP_DAY_RETURN,2020-03-02,0.043227839818777314,
A_D04_C_10_E10,TOP_STOCK_PNL,300274.SZ,31659.339359999976,-685730.6690369002
A_D04_C_10_E10,TOP_STOCK_PNL,002428.SZ,28576.972959999985,-685730.6690369002
A_D04_C_10_E10,TOP_STOCK_PNL,300724.SZ,27304.374719999993,-685730.6690369002
A_D04_C_10_E10,TOP_STOCK_PNL,002705.SZ,24521.108000000007,-685730.6690369002
A_D04_C_10_E10,TOP_STOCK_PNL,600436.SH,19155.24256,-685730.6690369002
A_D04_C_10_E10,MAX_INDUSTRY_NAV,historical_industry,0.3974234265289701,1.0
A_D04_C_10_E10,TOP_DAY_RETURN,2020-07-13,0.047524712070285746,
A_D04_C_10_E10,TOP_DAY_RETURN,2022-03-16,0.04485517867440891,
A_D04_C_10_E10,TOP_DAY_RETURN,2020-12-14,0.04299852194732434,
A_D04_C_10_E10,TOP_DAY_RETURN,2023-10-24,0.03846766154479675,
A_D04_C_10_E10,TOP_DAY_RETURN,2021-10-08,0.03679656774145723,
A_D05_C_MAX_E10,TOP_STOCK_PNL,300767.SZ,215456.29816000012,85491.20141809946
A_D05_C_MAX_E10,TOP_STOCK_PNL,600765.SH,185046.26752,85491.20141809946
A_D05_C_MAX_E10,TOP_STOCK_PNL,600657.SH,181223.03567999997,85491.20141809946
A_D05_C_MAX_E10,TOP_STOCK_PNL,003037.SZ,169805.8752,85491.20141809946
A_D05_C_MAX_E10,TOP_STOCK_PNL,002497.SZ,107151.85408000008,85491.20141809946
A_D05_C_MAX_E10,MAX_INDUSTRY_NAV,historical_industry,0.7466922265204265,1.0
A_D05_C_MAX_E10,TOP_DAY_RETURN,2021-08-12,0.11565715464643977,
A_D05_C_MAX_E10,TOP_DAY_RETURN,2021-09-28,0.0646763227588385,
A_D05_C_MAX_E10,TOP_DAY_RETURN,2021-09-13,0.05785986219655692,
A_D05_C_MAX_E10,TOP_DAY_RETURN,2021-11-03,0.05719180381763267,
A_D05_C_MAX_E10,TOP_DAY_RETURN,2021-08-31,0.05714794711527249,
A_D05_C_10_E10,TOP_STOCK_PNL,600657.SH,86052.44775999998,-23450.542535600485
A_D05_C_10_E10,TOP_STOCK_PNL,002850.SZ,69201.25159999999,-23450.542535600485
A_D05_C_10_E10,TOP_STOCK_PNL,603031.SH,46344.41699999999,-23450.542535600485
A_D05_C_10_E10,TOP_STOCK_PNL,300389.SZ,46008.27504000001,-23450.542535600485
A_D05_C_10_E10,TOP_STOCK_PNL,600335.SH,45283.91772,-23450.542535600485
A_D05_C_10_E10,MAX_INDUSTRY_NAV,historical_industry,0.31117962337930827,1.0
A_D05_C_10_E10,TOP_DAY_RETURN,2021-11-03,0.045879872755495654,
A_D05_C_10_E10,TOP_DAY_RETURN,2021-07-29,0.043374779760832816,
A_D05_C_10_E10,TOP_DAY_RETURN,2022-02-21,0.0413527529176867,
A_D05_C_10_E10,TOP_DAY_RETURN,2021-12-23,0.037031004977062576,
A_D05_C_10_E10,TOP_DAY_RETURN,2022-02-18,0.03499425995411931,
A_D06_C_MAX_E10,TOP_STOCK_PNL,600563.SH,56464.572910000024,-484945.9903249001
A_D06_C_MAX_E10,TOP_STOCK_PNL,000056.SZ,49074.177899999995,-484945.9903249001
A_D06_C_MAX_E10,TOP_STOCK_PNL,300453.SZ,44865.56831999996,-484945.9903249001
A_D06_C_MAX_E10,TOP_STOCK_PNL,300737.SZ,37521.3236,-484945.9903249001
A_D06_C_MAX_E10,TOP_STOCK_PNL,300225.SZ,34550.670360000004,-484945.9903249001
A_D06_C_MAX_E10,MAX_INDUSTRY_NAV,historical_industry,0.7996628255839994,1.0
A_D06_C_MAX_E10,TOP_DAY_RETURN,2020-03-02,0.05691362074273587,
A_D06_C_MAX_E10,TOP_DAY_RETURN,2022-04-29,0.05471999805806038,
A_D06_C_MAX_E10,TOP_DAY_RETURN,2023-06-16,0.04886561755443841,
A_D06_C_MAX_E10,TOP_DAY_RETURN,2023-10-09,0.04758361841141889,
A_D06_C_MAX_E10,TOP_DAY_RETURN,2023-06-19,0.04543894778770374,
A_D06_C_10_E10,TOP_STOCK_PNL,000056.SZ,46694.82382,-492038.8398639003
A_D06_C_10_E10,TOP_STOCK_PNL,000908.SZ,41262.781440000006,-492038.8398639003
A_D06_C_10_E10,TOP_STOCK_PNL,002217.SZ,32284.73844,-492038.8398639003
A_D06_C_10_E10,TOP_STOCK_PNL,002371.SZ,32210.00284,-492038.8398639003
A_D06_C_10_E10,TOP_STOCK_PNL,000636.SZ,31460.9792,-492038.8398639003
A_D06_C_10_E10,MAX_INDUSTRY_NAV,historical_industry,0.39007741987136424,1.0
A_D06_C_10_E10,TOP_DAY_RETURN,2023-06-16,0.04804377468579912,
A_D06_C_10_E10,TOP_DAY_RETURN,2023-06-19,0.04512393409176618,
A_D06_C_10_E10,TOP_DAY_RETURN,2022-03-10,0.03889688529625679,
A_D06_C_10_E10,TOP_DAY_RETURN,2020-04-20,0.03754744371362917,
A_D06_C_10_E10,TOP_DAY_RETURN,2023-10-25,0.0374918119095462,
A_D07_C_MAX_E10,TOP_STOCK_PNL,002400.SZ,68040.35139999999,-491674.9749131002
A_D07_C_MAX_E10,TOP_STOCK_PNL,002908.SZ,66101.16028000005,-491674.9749131002
A_D07_C_MAX_E10,TOP_STOCK_PNL,601666.SH,63526.888000000035,-491674.9749131002
A_D07_C_MAX_E10,TOP_STOCK_PNL,603169.SH,59269.56408000004,-491674.9749131002
A_D07_C_MAX_E10,TOP_STOCK_PNL,600396.SH,53810.558360000025,-491674.9749131002
A_D07_C_MAX_E10,MAX_INDUSTRY_NAV,historical_industry,0.6736007759746978,1.0
A_D07_C_MAX_E10,TOP_DAY_RETURN,2022-03-10,0.0629391894388438,
A_D07_C_MAX_E10,TOP_DAY_RETURN,2022-10-12,0.057875460218532515,
A_D07_C_MAX_E10,TOP_DAY_RETURN,2020-03-02,0.05133140818985882,
A_D07_C_MAX_E10,TOP_DAY_RETURN,2021-12-17,0.04883530322970553,
A_D07_C_MAX_E10,TOP_DAY_RETURN,2020-09-08,0.04870662276144788,
A_D07_C_10_E10,TOP_STOCK_PNL,002400.SZ,39177.16736000001,-447927.3370924003
A_D07_C_10_E10,TOP_STOCK_PNL,603169.SH,37765.510920000015,-447927.3370924003
A_D07_C_10_E10,TOP_STOCK_PNL,603192.SH,31303.771999999997,-447927.3370924003
A_D07_C_10_E10,TOP_STOCK_PNL,002551.SZ,29080.74383999998,-447927.3370924003
A_D07_C_10_E10,TOP_STOCK_PNL,002197.SZ,28149.88904999999,-447927.3370924003
A_D07_C_10_E10,MAX_INDUSTRY_NAV,historical_industry,0.30705382976858725,1.0
A_D07_C_10_E10,TOP_DAY_RETURN,2020-03-02,0.04935686848979315,
A_D07_C_10_E10,TOP_DAY_RETURN,2020-09-08,0.048023332735281254,
A_D07_C_10_E10,TOP_DAY_RETURN,2020-06-01,0.04346336697073272,
A_D07_C_10_E10,TOP_DAY_RETURN,2020-07-06,0.03990281230992965,
A_D07_C_10_E10,TOP_DAY_RETURN,2022-10-12,0.03985332405596553,
A_D08_C_MAX_E10,TOP_STOCK_PNL,002371.SZ,76887.30088,-429452.77964560036
A_D08_C_MAX_E10,TOP_STOCK_PNL,600551.SH,50891.13178999996,-429452.77964560036
A_D08_C_MAX_E10,TOP_STOCK_PNL,603466.SH,47725.114560000016,-429452.77964560036
A_D08_C_MAX_E10,TOP_STOCK_PNL,002639.SZ,42523.338959999994,-429452.77964560036
A_D08_C_MAX_E10,TOP_STOCK_PNL,600702.SH,39490.83611999999,-429452.77964560036
A_D08_C_MAX_E10,MAX_INDUSTRY_NAV,historical_industry,0.9975103926428982,1.0
A_D08_C_MAX_E10,TOP_DAY_RETURN,2021-12-14,0.095929297963957,
A_D08_C_MAX_E10,TOP_DAY_RETURN,2020-08-03,0.09309207459873381,
A_D08_C_MAX_E10,TOP_DAY_RETURN,2021-09-28,0.07007081278536087,
A_D08_C_MAX_E10,TOP_DAY_RETURN,2021-09-09,0.058574226778365546,
A_D08_C_MAX_E10,TOP_DAY_RETURN,2020-06-16,0.05451167301957427,
A_D08_C_10_E10,TOP_STOCK_PNL,600283.SH,63290.48999999996,151538.11984539992
A_D08_C_10_E10,TOP_STOCK_PNL,002639.SZ,51278.144039999985,151538.11984539992
A_D08_C_10_E10,TOP_STOCK_PNL,603169.SH,49308.02159999999,151538.11984539992
A_D08_C_10_E10,TOP_STOCK_PNL,002593.SZ,35793.9488,151538.11984539992
A_D08_C_10_E10,TOP_STOCK_PNL,002119.SZ,34267.41612000001,151538.11984539992
A_D08_C_10_E10,MAX_INDUSTRY_NAV,historical_industry,0.3926286517327565,1.0
A_D08_C_10_E10,TOP_DAY_RETURN,2020-08-03,0.04279518303893748,
A_D08_C_10_E10,TOP_DAY_RETURN,2020-07-13,0.04149355453069181,
A_D08_C_10_E10,TOP_DAY_RETURN,2022-08-01,0.032768424325030576,
A_D08_C_10_E10,TOP_DAY_RETURN,2020-08-27,0.030128214275753074,
A_D08_C_10_E10,TOP_DAY_RETURN,2021-12-20,0.029518781926072934,
A_D09_C_MAX_E10,TOP_STOCK_PNL,600603.SH,80290.56870999999,-650238.1255857004
A_D09_C_MAX_E10,TOP_STOCK_PNL,300636.SZ,65872.56679999997,-650238.1255857004
A_D09_C_MAX_E10,TOP_STOCK_PNL,000739.SZ,61942.359399999994,-650238.1255857004
A_D09_C_MAX_E10,TOP_STOCK_PNL,000513.SZ,53450.33639999997,-650238.1255857004
A_D09_C_MAX_E10,TOP_STOCK_PNL,600809.SH,50194.351800000004,-650238.1255857004
A_D09_C_MAX_E10,MAX_INDUSTRY_NAV,historical_industry,0.976160977941162,1.0
A_D09_C_MAX_E10,TOP_DAY_RETURN,2022-03-22,0.09395413939079966,
A_D09_C_MAX_E10,TOP_DAY_RETURN,2020-03-02,0.08015504230893233,
A_D09_C_MAX_E10,TOP_DAY_RETURN,2022-05-09,0.06875558477787713,
A_D09_C_MAX_E10,TOP_DAY_RETURN,2023-08-29,0.0653569016074329,
A_D09_C_MAX_E10,TOP_DAY_RETURN,2022-05-10,0.06381329049950146,
A_D09_C_10_E10,TOP_STOCK_PNL,600603.SH,59681.22487000002,-433324.6352397001
A_D09_C_10_E10,TOP_STOCK_PNL,600336.SH,54664.75520000004,-433324.6352397001
A_D09_C_10_E10,TOP_STOCK_PNL,300059.SZ,53189.549759999994,-433324.6352397001
A_D09_C_10_E10,TOP_STOCK_PNL,300763.SZ,44615.72376000001,-433324.6352397001
A_D09_C_10_E10,TOP_STOCK_PNL,002409.SZ,42466.75271999999,-433324.6352397001
A_D09_C_10_E10,MAX_INDUSTRY_NAV,historical_industry,0.3929785181766631,1.0
A_D09_C_10_E10,TOP_DAY_RETURN,2020-07-06,0.047716292516330805,
A_D09_C_10_E10,TOP_DAY_RETURN,2020-07-13,0.04515268280280682,
A_D09_C_10_E10,TOP_DAY_RETURN,2023-08-29,0.04463599784339478,
A_D09_C_10_E10,TOP_DAY_RETURN,2020-02-04,0.04424790766460407,
A_D09_C_10_E10,TOP_DAY_RETURN,2020-10-09,0.04257151754258515,
A_H01_C_MAX_E10,TOP_STOCK_PNL,300390.SZ,490424.37716000003,-555414.5727118012
A_H01_C_MAX_E10,TOP_STOCK_PNL,601016.SH,220616.78631999996,-555414.5727118012
A_H01_C_MAX_E10,TOP_STOCK_PNL,600887.SH,185481.35803999996,-555414.5727118012
A_H01_C_MAX_E10,TOP_STOCK_PNL,002756.SZ,171899.61432000005,-555414.5727118012
A_H01_C_MAX_E10,TOP_STOCK_PNL,300598.SZ,130971.30900000007,-555414.5727118012
A_H01_C_MAX_E10,MAX_INDUSTRY_NAV,historical_industry,0.9960090233475425,1.0
A_H01_C_MAX_E10,TOP_DAY_RETURN,2021-10-26,0.098748981007732,
A_H01_C_MAX_E10,TOP_DAY_RETURN,2021-09-10,0.0960274228050082,
A_H01_C_MAX_E10,TOP_DAY_RETURN,2023-07-13,0.09385642349574086,
A_H01_C_MAX_E10,TOP_DAY_RETURN,2021-09-02,0.08793556334998875,
A_H01_C_MAX_E10,TOP_DAY_RETURN,2023-06-20,0.07768344712599684,
A_H01_C_10_E10,TOP_STOCK_PNL,300390.SZ,90466.63267999998,178990.24945389963
A_H01_C_10_E10,TOP_STOCK_PNL,300570.SZ,81788.87674999998,178990.24945389963
A_H01_C_10_E10,TOP_STOCK_PNL,000615.SZ,80352.47744000002,178990.24945389963
A_H01_C_10_E10,TOP_STOCK_PNL,300394.SZ,60679.72875000001,178990.24945389963
A_H01_C_10_E10,TOP_STOCK_PNL,601678.SH,50795.50528000001,178990.24945389963
A_H01_C_10_E10,MAX_INDUSTRY_NAV,historical_industry,0.5823820028393702,1.0
A_H01_C_10_E10,TOP_DAY_RETURN,2023-06-19,0.06089215644053758,
A_H01_C_10_E10,TOP_DAY_RETURN,2023-06-16,0.06024455283348362,
A_H01_C_10_E10,TOP_DAY_RETURN,2023-06-14,0.046798270314706736,
A_H01_C_10_E10,TOP_DAY_RETURN,2020-11-02,0.04355207558625196,
A_H01_C_10_E10,TOP_DAY_RETURN,2021-09-07,0.04327260970843505,
A_H02_C_MAX_E10,TOP_STOCK_PNL,003037.SZ,169805.8752,477123.12764629954
A_H02_C_MAX_E10,TOP_STOCK_PNL,300767.SZ,165252.8888800001,477123.12764629954
A_H02_C_MAX_E10,TOP_STOCK_PNL,605188.SH,124452.35529999997,477123.12764629954
A_H02_C_MAX_E10,TOP_STOCK_PNL,002850.SZ,117109.81040000002,477123.12764629954
A_H02_C_MAX_E10,TOP_STOCK_PNL,000612.SZ,109326.73272000003,477123.12764629954
A_H02_C_MAX_E10,MAX_INDUSTRY_NAV,historical_industry,0.8288931055831721,1.0
A_H02_C_MAX_E10,TOP_DAY_RETURN,2020-11-05,0.06679905922184348,
A_H02_C_MAX_E10,TOP_DAY_RETURN,2021-08-12,0.05762963289504808,
A_H02_C_MAX_E10,TOP_DAY_RETURN,2022-05-05,0.052478875214342136,
A_H02_C_MAX_E10,TOP_DAY_RETURN,2020-08-17,0.051985013041152106,
A_H02_C_MAX_E10,TOP_DAY_RETURN,2022-04-29,0.04928089533132951,
A_H02_C_10_E10,TOP_STOCK_PNL,600657.SH,100869.42551999999,354308.87568309996
A_H02_C_10_E10,TOP_STOCK_PNL,002850.SZ,79847.59799999995,354308.87568309996
A_H02_C_10_E10,TOP_STOCK_PNL,300491.SZ,59921.43669,354308.87568309996
A_H02_C_10_E10,TOP_STOCK_PNL,000612.SZ,56455.60788000001,354308.87568309996
A_H02_C_10_E10,TOP_STOCK_PNL,300389.SZ,54310.520159999985,354308.87568309996
A_H02_C_10_E10,MAX_INDUSTRY_NAV,historical_industry,0.4135184612629816,1.0
A_H02_C_10_E10,TOP_DAY_RETURN,2021-07-29,0.04728198191516242,
A_H02_C_10_E10,TOP_DAY_RETURN,2020-11-05,0.044455825264558824,
A_H02_C_10_E10,TOP_DAY_RETURN,2022-02-21,0.03808023007396133,
A_H02_C_10_E10,TOP_DAY_RETURN,2022-10-25,0.036768700736641735,
A_H02_C_10_E10,TOP_DAY_RETURN,2022-10-12,0.0350170649453152,
C_H02_C_MAX_G_DOWN,TOP_STOCK_PNL,300767.SZ,146426.6104,140063.5542686996
C_H02_C_MAX_G_DOWN,TOP_STOCK_PNL,002850.SZ,95817.11759999997,140063.5542686996
C_H02_C_MAX_G_DOWN,TOP_STOCK_PNL,300002.SZ,90850.0036,140063.5542686996
C_H02_C_MAX_G_DOWN,TOP_STOCK_PNL,600559.SH,84911.9202,140063.5542686996
C_H02_C_MAX_G_DOWN,TOP_STOCK_PNL,002400.SZ,74959.82496,140063.5542686996
C_H02_C_MAX_G_DOWN,MAX_INDUSTRY_NAV,historical_industry,0.7545715395608681,1.0
C_H02_C_MAX_G_DOWN,TOP_DAY_RETURN,2021-08-12,0.07178207301043993,
C_H02_C_MAX_G_DOWN,TOP_DAY_RETURN,2020-11-05,0.06810851521267125,
C_H02_C_MAX_G_DOWN,TOP_DAY_RETURN,2020-07-07,0.055560081206096346,
C_H02_C_MAX_G_DOWN,TOP_DAY_RETURN,2020-06-01,0.05300981037475805,
C_H02_C_MAX_G_DOWN,TOP_DAY_RETURN,2020-08-17,0.051119538712230295,
C_H02_C_MAX_G_RAMP,TOP_STOCK_PNL,300767.SZ,196630.01968000003,-103907.34467459988
C_H02_C_MAX_G_RAMP,TOP_STOCK_PNL,002850.SZ,106463.464,-103907.34467459988
C_H02_C_MAX_G_RAMP,TOP_STOCK_PNL,000612.SZ,57351.72864,-103907.34467459988
C_H02_C_MAX_G_RAMP,TOP_STOCK_PNL,002084.SZ,50388.1581,-103907.34467459988
C_H02_C_MAX_G_RAMP,TOP_STOCK_PNL,600765.SH,42859.98108,-103907.34467459988
C_H02_C_MAX_G_RAMP,MAX_INDUSTRY_NAV,historical_industry,0.8883236148414176,1.0
C_H02_C_MAX_G_RAMP,TOP_DAY_RETURN,2021-08-12,0.14263233691714827,
C_H02_C_MAX_G_RAMP,TOP_DAY_RETURN,2021-08-04,0.06337379364781515,
C_H02_C_MAX_G_RAMP,TOP_DAY_RETURN,2021-07-13,0.05633118049181829,
C_H02_C_MAX_G_RAMP,TOP_DAY_RETURN,2021-07-12,0.053884717181156505,
C_H02_C_MAX_G_RAMP,TOP_DAY_RETURN,2020-08-17,0.05308897520380862,
C_H02_C_10_G_DOWN,TOP_STOCK_PNL,002850.SZ,69201.25159999999,29605.405894599215
C_H02_C_10_G_DOWN,TOP_STOCK_PNL,002084.SZ,58123.11141999994,29605.405894599215
C_H02_C_10_G_DOWN,TOP_STOCK_PNL,300491.SZ,46948.75451999999,29605.405894599215
C_H02_C_10_G_DOWN,TOP_STOCK_PNL,600436.SH,45257.40452000001,29605.405894599215
C_H02_C_10_G_DOWN,TOP_STOCK_PNL,300389.SZ,44278.64064000001,29605.405894599215
C_H02_C_10_G_DOWN,MAX_INDUSTRY_NAV,historical_industry,0.4138451589437798,1.0
C_H02_C_10_G_DOWN,TOP_DAY_RETURN,2021-07-29,0.047288507926414924,
C_H02_C_10_G_DOWN,TOP_DAY_RETURN,2020-11-05,0.04467532791361184,
C_H02_C_10_G_DOWN,TOP_DAY_RETURN,2021-06-07,0.04141108296817153,
C_H02_C_10_G_DOWN,TOP_DAY_RETURN,2022-02-21,0.03814264062728023,
C_H02_C_10_G_DOWN,TOP_DAY_RETURN,2020-08-17,0.03464445978487651,
C_H02_C_10_G_RAMP,TOP_STOCK_PNL,002850.SZ,58554.90520000001,-79485.42400730023
C_H02_C_10_G_RAMP,TOP_STOCK_PNL,000612.SZ,51377.59023999999,-79485.42400730023
C_H02_C_10_G_RAMP,TOP_STOCK_PNL,002326.SZ,42910.25740000002,-79485.42400730023
C_H02_C_10_G_RAMP,TOP_STOCK_PNL,600436.SH,37806.269600000014,-79485.42400730023
C_H02_C_10_G_RAMP,TOP_STOCK_PNL,300389.SZ,36322.322400000005,-79485.42400730023
C_H02_C_10_G_RAMP,MAX_INDUSTRY_NAV,historical_industry,0.417991561459299,1.0
C_H02_C_10_G_RAMP,TOP_DAY_RETURN,2021-07-29,0.047531099252156706,
C_H02_C_10_G_RAMP,TOP_DAY_RETURN,2020-07-06,0.04073745997861189,
C_H02_C_10_G_RAMP,TOP_DAY_RETURN,2023-03-13,0.04009203975844011,
C_H02_C_10_G_RAMP,TOP_DAY_RETURN,2023-03-17,0.03618291635024695,
C_H02_C_10_G_RAMP,TOP_DAY_RETURN,2020-07-09,0.035339417016579944,
B_H02_C_MAX_COST2,TOP_STOCK_PNL,300767.SZ,174460.49375999998,146827.16632519988
B_H02_C_MAX_COST2,TOP_STOCK_PNL,002850.SZ,169777.28191999998,146827.16632519988
B_H02_C_MAX_COST2,TOP_STOCK_PNL,003037.SZ,168371.04128,146827.16632519988
B_H02_C_MAX_COST2,TOP_STOCK_PNL,300850.SZ,111975.28040000008,146827.16632519988
B_H02_C_MAX_COST2,TOP_STOCK_PNL,000612.SZ,108577.09407999998,146827.16632519988
B_H02_C_MAX_COST2,MAX_INDUSTRY_NAV,historical_industry,0.876519978404384,1.0
B_H02_C_MAX_COST2,TOP_DAY_RETURN,2021-08-12,0.0692371971996415,
B_H02_C_MAX_COST2,TOP_DAY_RETURN,2020-11-05,0.06515115869496668,
B_H02_C_MAX_COST2,TOP_DAY_RETURN,2023-03-17,0.061027035324634715,
B_H02_C_MAX_COST2,TOP_DAY_RETURN,2022-05-05,0.05609227798380334,
B_H02_C_MAX_COST2,TOP_DAY_RETURN,2021-09-28,0.0558383979060213,
B_H02_C_MAX_DELAY1,TOP_STOCK_PNL,600657.SH,316024.0188,204779.639277999
B_H02_C_MAX_DELAY1,TOP_STOCK_PNL,003037.SZ,230414.58870000008,204779.639277999
B_H02_C_MAX_DELAY1,TOP_STOCK_PNL,600436.SH,141521.95427999998,204779.639277999
B_H02_C_MAX_DELAY1,TOP_STOCK_PNL,000810.SZ,112236.65275000001,204779.639277999
B_H02_C_MAX_DELAY1,TOP_STOCK_PNL,000688.SZ,97761.438,204779.639277999
B_H02_C_MAX_DELAY1,MAX_INDUSTRY_NAV,historical_industry,0.6994877000381117,1.0
B_H02_C_MAX_DELAY1,TOP_DAY_RETURN,2020-03-24,0.060718953047255386,
B_H02_C_MAX_DELAY1,TOP_DAY_RETURN,2022-05-05,0.05877413255765185,
B_H02_C_MAX_DELAY1,TOP_DAY_RETURN,2020-03-25,0.05282745080829687,
B_H02_C_MAX_DELAY1,TOP_DAY_RETURN,2022-02-08,0.052628441519359415,
B_H02_C_MAX_DELAY1,TOP_DAY_RETURN,2021-07-29,0.05220823649357986,
B_H02_C_10_COST2,TOP_STOCK_PNL,600657.SH,93635.72932000001,175548.86898589978
B_H02_C_10_COST2,TOP_STOCK_PNL,002850.SZ,79583.10089999999,175548.86898589978
B_H02_C_10_COST2,TOP_STOCK_PNL,000612.SZ,55779.99064,175548.86898589978
B_H02_C_10_COST2,TOP_STOCK_PNL,300491.SZ,54704.55043,175548.86898589978
B_H02_C_10_COST2,TOP_STOCK_PNL,600436.SH,52749.043299999976,175548.86898589978
B_H02_C_10_COST2,MAX_INDUSTRY_NAV,historical_industry,0.4140535062417072,1.0
B_H02_C_10_COST2,TOP_DAY_RETURN,2021-07-29,0.047392812657866434,
B_H02_C_10_COST2,TOP_DAY_RETURN,2020-11-05,0.04178761888184224,
B_H02_C_10_COST2,TOP_DAY_RETURN,2022-02-21,0.03810540734420664,
B_H02_C_10_COST2,TOP_DAY_RETURN,2020-10-12,0.03516772366630905,
B_H02_C_10_COST2,TOP_DAY_RETURN,2020-08-17,0.03451823674943122,
B_H02_C_10_DELAY1,TOP_STOCK_PNL,600657.SH,99726.12959999999,44220.928331999574
B_H02_C_10_DELAY1,TOP_STOCK_PNL,300751.SZ,63339.66057599999,44220.928331999574
B_H02_C_10_DELAY1,TOP_STOCK_PNL,000612.SZ,53248.55668000001,44220.928331999574
B_H02_C_10_DELAY1,TOP_STOCK_PNL,600006.SH,53158.64120000001,44220.928331999574
B_H02_C_10_DELAY1,TOP_STOCK_PNL,688355.SH,51259.420885200016,44220.928331999574
B_H02_C_10_DELAY1,MAX_INDUSTRY_NAV,historical_industry,0.4022049452665939,1.0
B_H02_C_10_DELAY1,TOP_DAY_RETURN,2021-07-29,0.05423225731723469,
B_H02_C_10_DELAY1,TOP_DAY_RETURN,2021-06-01,0.040893362166659175,
B_H02_C_10_DELAY1,TOP_DAY_RETURN,2023-02-20,0.04060861744216493,
B_H02_C_10_DELAY1,TOP_DAY_RETURN,2022-11-15,0.037005110671582075,
B_H02_C_10_DELAY1,TOP_DAY_RETURN,2020-02-10,0.033159686091667195,
B_D08_C_MAX_COST2,TOP_STOCK_PNL,002371.SZ,76060.36931999994,-464610.97962019977
B_D08_C_MAX_COST2,TOP_STOCK_PNL,600551.SH,50144.58825,-464610.97962019977
B_D08_C_MAX_COST2,TOP_STOCK_PNL,603466.SH,47023.68096000003,-464610.97962019977
B_D08_C_MAX_COST2,TOP_STOCK_PNL,600702.SH,38765.879279999994,-464610.97962019977
B_D08_C_MAX_COST2,TOP_STOCK_PNL,002639.SZ,38613.9534,-464610.97962019977
B_D08_C_MAX_COST2,MAX_INDUSTRY_NAV,historical_industry,0.9959888333087081,1.0
B_D08_C_MAX_COST2,TOP_DAY_RETURN,2020-08-03,0.08998874397167,
B_D08_C_MAX_COST2,TOP_DAY_RETURN,2021-09-28,0.07035709212130081,
B_D08_C_MAX_COST2,TOP_DAY_RETURN,2021-09-09,0.05863955682689359,
B_D08_C_MAX_COST2,TOP_DAY_RETURN,2020-06-16,0.05466795618891118,
B_D08_C_MAX_COST2,TOP_DAY_RETURN,2023-10-25,0.0539551100441249,
B_D08_C_MAX_DELAY1,TOP_STOCK_PNL,002953.SZ,52993.256160000004,-331154.59663790057
B_D08_C_MAX_DELAY1,TOP_STOCK_PNL,600478.SH,51535.22889999999,-331154.59663790057
B_D08_C_MAX_DELAY1,TOP_STOCK_PNL,600702.SH,39181.47624000005,-331154.59663790057
B_D08_C_MAX_DELAY1,TOP_STOCK_PNL,600551.SH,36684.89135000002,-331154.59663790057
B_D08_C_MAX_DELAY1,TOP_STOCK_PNL,600519.SH,31860.193440000003,-331154.59663790057
B_D08_C_MAX_DELAY1,MAX_INDUSTRY_NAV,historical_industry,0.9957869537571961,1.0
B_D08_C_MAX_DELAY1,TOP_DAY_RETURN,2020-08-03,0.0730857827916005,
B_D08_C_MAX_DELAY1,TOP_DAY_RETURN,2020-12-31,0.05964806428307723,
B_D08_C_MAX_DELAY1,TOP_DAY_RETURN,2022-12-01,0.05789161148187283,
B_D08_C_MAX_DELAY1,TOP_DAY_RETURN,2022-12-27,0.053342802530593536,
B_D08_C_MAX_DELAY1,TOP_DAY_RETURN,2021-02-26,0.051812755208046735,
B_D08_C_10_COST2,TOP_STOCK_PNL,600283.SH,62387.043499999985,61052.41452540003
B_D08_C_10_COST2,TOP_STOCK_PNL,002639.SZ,48578.8446,61052.41452540003
B_D08_C_10_COST2,TOP_STOCK_PNL,603169.SH,47415.75839999999,61052.41452540003
B_D08_C_10_COST2,TOP_STOCK_PNL,002593.SZ,33293.850640000004,61052.41452540003
B_D08_C_10_COST2,TOP_STOCK_PNL,002119.SZ,32539.195659999983,61052.41452540003
B_D08_C_10_COST2,MAX_INDUSTRY_NAV,historical_industry,0.39323426988504684,1.0
B_D08_C_10_COST2,TOP_DAY_RETURN,2020-07-13,0.04135560297511964,
B_D08_C_10_COST2,TOP_DAY_RETURN,2022-08-01,0.03256824985449902,
B_D08_C_10_COST2,TOP_DAY_RETURN,2020-08-27,0.03009218361768684,
B_D08_C_10_COST2,TOP_DAY_RETURN,2021-12-20,0.029812332254057994,
B_D08_C_10_COST2,TOP_DAY_RETURN,2020-06-01,0.02940604297490479,
B_D08_C_10_DELAY1,TOP_STOCK_PNL,002953.SZ,65222.469119999994,416382.35959470004
B_D08_C_10_DELAY1,TOP_STOCK_PNL,002639.SZ,64696.56864,416382.35959470004
B_D08_C_10_DELAY1,TOP_STOCK_PNL,600283.SH,63377.221239999955,416382.35959470004
B_D08_C_10_DELAY1,TOP_STOCK_PNL,002850.SZ,48043.32287999999,416382.35959470004
B_D08_C_10_DELAY1,TOP_STOCK_PNL,000029.SZ,47549.76926,416382.35959470004
B_D08_C_10_DELAY1,MAX_INDUSTRY_NAV,historical_industry,0.3909369022930697,1.0
B_D08_C_10_DELAY1,TOP_DAY_RETURN,2021-12-30,0.0375351967365678,
B_D08_C_10_DELAY1,TOP_DAY_RETURN,2022-06-27,0.0350599674172174,
B_D08_C_10_DELAY1,TOP_DAY_RETURN,2020-07-13,0.03302738575541864,
B_D08_C_10_DELAY1,TOP_DAY_RETURN,2021-06-17,0.028970795694476914,
B_D08_C_10_DELAY1,TOP_DAY_RETURN,2022-06-28,0.028954043366753446,
B_H01_C_MAX_COST2,TOP_STOCK_PNL,300390.SZ,474374.9380000002,-564996.4908621002
B_H01_C_MAX_COST2,TOP_STOCK_PNL,601016.SH,209144.3261599997,-564996.4908621002
B_H01_C_MAX_COST2,TOP_STOCK_PNL,600887.SH,176152.88685999997,-564996.4908621002
B_H01_C_MAX_COST2,TOP_STOCK_PNL,002756.SZ,170977.73096000002,-564996.4908621002
B_H01_C_MAX_COST2,TOP_STOCK_PNL,300598.SZ,130396.47869999992,-564996.4908621002
B_H01_C_MAX_COST2,MAX_INDUSTRY_NAV,historical_industry,0.9967470672183987,1.0
B_H01_C_MAX_COST2,TOP_DAY_RETURN,2021-10-26,0.09865244881773005,
B_H01_C_MAX_COST2,TOP_DAY_RETURN,2021-09-10,0.09760816095767977,
B_H01_C_MAX_COST2,TOP_DAY_RETURN,2023-07-13,0.0925168744110858,
B_H01_C_MAX_COST2,TOP_DAY_RETURN,2021-09-02,0.08930716825082197,
B_H01_C_MAX_COST2,TOP_DAY_RETURN,2023-06-20,0.07590569809803127,
B_H01_C_MAX_DELAY1,TOP_STOCK_PNL,300394.SZ,263743.92828999995,-132324.90390160028
B_H01_C_MAX_DELAY1,TOP_STOCK_PNL,600367.SH,196339.31928,-132324.90390160028
B_H01_C_MAX_DELAY1,TOP_STOCK_PNL,000881.SZ,183776.81599999988,-132324.90390160028
B_H01_C_MAX_DELAY1,TOP_STOCK_PNL,600887.SH,165437.99271999998,-132324.90390160028
B_H01_C_MAX_DELAY1,TOP_STOCK_PNL,601908.SH,149101.76312000013,-132324.90390160028
B_H01_C_MAX_DELAY1,MAX_INDUSTRY_NAV,historical_industry,0.9946663239080463,1.0
B_H01_C_MAX_DELAY1,TOP_DAY_RETURN,2023-06-14,0.1420316069885923,
B_H01_C_MAX_DELAY1,TOP_DAY_RETURN,2023-06-19,0.11646514914405959,
B_H01_C_MAX_DELAY1,TOP_DAY_RETURN,2021-04-06,0.0919812702055558,
B_H01_C_MAX_DELAY1,TOP_DAY_RETURN,2023-06-12,0.07810462993875311,
B_H01_C_MAX_DELAY1,TOP_DAY_RETURN,2021-09-07,0.07421020513689003,
B_H01_C_10_COST2,TOP_STOCK_PNL,300390.SZ,85387.48884,166822.97506660043
B_H01_C_10_COST2,TOP_STOCK_PNL,300570.SZ,81523.23060000001,166822.97506660043
B_H01_C_10_COST2,TOP_STOCK_PNL,000615.SZ,78530.43536000005,166822.97506660043
B_H01_C_10_COST2,TOP_STOCK_PNL,300394.SZ,60442.87455000002,166822.97506660043
B_H01_C_10_COST2,TOP_STOCK_PNL,603378.SH,49006.748120000004,166822.97506660043
B_H01_C_10_COST2,MAX_INDUSTRY_NAV,historical_industry,0.5847717187901058,1.0
B_H01_C_10_COST2,TOP_DAY_RETURN,2023-06-19,0.06101630865869123,
B_H01_C_10_COST2,TOP_DAY_RETURN,2023-06-16,0.060408629326876184,
B_H01_C_10_COST2,TOP_DAY_RETURN,2023-06-14,0.04698547281489018,
B_H01_C_10_COST2,TOP_DAY_RETURN,2020-11-02,0.04342585429723078,
B_H01_C_10_COST2,TOP_DAY_RETURN,2021-09-07,0.04295109943295072,
B_H01_C_10_DELAY1,TOP_STOCK_PNL,300678.SZ,90578.07468,337266.77782029985
B_H01_C_10_DELAY1,TOP_STOCK_PNL,300913.SZ,81306.21707999999,337266.77782029985
B_H01_C_10_DELAY1,TOP_STOCK_PNL,300654.SZ,80642.46832,337266.77782029985
B_H01_C_10_DELAY1,TOP_STOCK_PNL,600367.SH,65059.18272000001,337266.77782029985
B_H01_C_10_DELAY1,TOP_STOCK_PNL,601678.SH,58370.76000000001,337266.77782029985
B_H01_C_10_DELAY1,MAX_INDUSTRY_NAV,historical_industry,0.47249898883268143,1.0
B_H01_C_10_DELAY1,TOP_DAY_RETURN,2021-09-07,0.04890786062812613,
B_H01_C_10_DELAY1,TOP_DAY_RETURN,2021-08-13,0.04090222764419971,
B_H01_C_10_DELAY1,TOP_DAY_RETURN,2023-04-14,0.036064615068154504,
B_H01_C_10_DELAY1,TOP_DAY_RETURN,2021-08-04,0.03575488301803342,
B_H01_C_10_DELAY1,TOP_DAY_RETURN,2023-05-30,0.03402884827806707,
B_D06_C_MAX_COST2,TOP_STOCK_PNL,600563.SH,55994.76129000001,-548299.5575682997
B_D06_C_MAX_COST2,TOP_STOCK_PNL,300453.SZ,43628.68689999997,-548299.5575682997
B_D06_C_MAX_COST2,TOP_STOCK_PNL,000056.SZ,42492.172580000006,-548299.5575682997
B_D06_C_MAX_COST2,TOP_STOCK_PNL,002209.SZ,34161.60162,-548299.5575682997
B_D06_C_MAX_COST2,TOP_STOCK_PNL,002304.SZ,33124.571600000025,-548299.5575682997
B_D06_C_MAX_COST2,MAX_INDUSTRY_NAV,historical_industry,0.7911036695783533,1.0
B_D06_C_MAX_COST2,TOP_DAY_RETURN,2022-04-29,0.05988708396419562,
B_D06_C_MAX_COST2,TOP_DAY_RETURN,2023-06-16,0.048854015152378194,
B_D06_C_MAX_COST2,TOP_DAY_RETURN,2023-10-09,0.0479603739741945,
B_D06_C_MAX_COST2,TOP_DAY_RETURN,2021-02-18,0.04678303611302104,
B_D06_C_MAX_COST2,TOP_DAY_RETURN,2023-06-19,0.045291896343570226,
B_D06_C_MAX_DELAY1,TOP_STOCK_PNL,600761.SH,52595.166679999966,-541519.9247358001
B_D06_C_MAX_DELAY1,TOP_STOCK_PNL,300343.SZ,42014.72000000003,-541519.9247358001
B_D06_C_MAX_DELAY1,TOP_STOCK_PNL,002524.SZ,37687.13735999999,-541519.9247358001
B_D06_C_MAX_DELAY1,TOP_STOCK_PNL,000056.SZ,36567.34796000001,-541519.9247358001
B_D06_C_MAX_DELAY1,TOP_STOCK_PNL,002145.SZ,33643.64880000001,-541519.9247358001
B_D06_C_MAX_DELAY1,MAX_INDUSTRY_NAV,historical_industry,0.5929427016538096,1.0
B_D06_C_MAX_DELAY1,TOP_DAY_RETURN,2020-08-18,0.058491303786592175,
B_D06_C_MAX_DELAY1,TOP_DAY_RETURN,2020-06-01,0.05583530442836082,
B_D06_C_MAX_DELAY1,TOP_DAY_RETURN,2020-02-05,0.05143185538605066,
B_D06_C_MAX_DELAY1,TOP_DAY_RETURN,2020-02-06,0.050264378813709376,
B_D06_C_MAX_DELAY1,TOP_DAY_RETURN,2020-08-25,0.04751862100864912,
B_D06_C_10_COST2,TOP_STOCK_PNL,000908.SZ,41190.89904000002,-570263.2119959001
B_D06_C_10_COST2,TOP_STOCK_PNL,000056.SZ,39520.691979999996,-570263.2119959001
B_D06_C_10_COST2,TOP_STOCK_PNL,002371.SZ,32496.005580000012,-570263.2119959001
B_D06_C_10_COST2,TOP_STOCK_PNL,002217.SZ,32215.586039999995,-570263.2119959001
B_D06_C_10_COST2,TOP_STOCK_PNL,000636.SZ,31298.201200000025,-570263.2119959001
B_D06_C_10_COST2,MAX_INDUSTRY_NAV,historical_industry,0.3885948934384528,1.0
B_D06_C_10_COST2,TOP_DAY_RETURN,2023-06-16,0.04720112123234643,
B_D06_C_10_COST2,TOP_DAY_RETURN,2023-06-19,0.044985065855016604,
B_D06_C_10_COST2,TOP_DAY_RETURN,2023-10-25,0.03797293705191218,
B_D06_C_10_COST2,TOP_DAY_RETURN,2020-04-20,0.037660492712898286,
B_D06_C_10_COST2,TOP_DAY_RETURN,2022-03-10,0.03665490071490618,
B_D06_C_10_DELAY1,TOP_STOCK_PNL,002524.SZ,41252.13684000001,-437916.14408009994
B_D06_C_10_DELAY1,TOP_STOCK_PNL,000056.SZ,35011.290599999986,-437916.14408009994
B_D06_C_10_DELAY1,TOP_STOCK_PNL,000821.SZ,31722.10349000001,-437916.14408009994
B_D06_C_10_DELAY1,TOP_STOCK_PNL,002335.SZ,31612.606840000008,-437916.14408009994
B_D06_C_10_DELAY1,TOP_STOCK_PNL,002145.SZ,30771.630000000005,-437916.14408009994
B_D06_C_10_DELAY1,MAX_INDUSTRY_NAV,historical_industry,0.3709418136649434,1.0
B_D06_C_10_DELAY1,TOP_DAY_RETURN,2020-08-18,0.040948948586120526,
B_D06_C_10_DELAY1,TOP_DAY_RETURN,2022-04-12,0.03983130498005316,
B_D06_C_10_DELAY1,TOP_DAY_RETURN,2021-11-17,0.03857922007984582,
B_D06_C_10_DELAY1,TOP_DAY_RETURN,2020-06-01,0.03715737557291354,
B_D06_C_10_DELAY1,TOP_DAY_RETURN,2023-08-29,0.0352404412457763,
A_H02_C_MAX_EST,TOP_STOCK_PNL,601919.SH,89642.6784,-579907.4398277007
A_H02_C_MAX_EST,TOP_STOCK_PNL,688111.SH,88962.82598100003,-579907.4398277007
A_H02_C_MAX_EST,TOP_STOCK_PNL,600657.SH,86735.08403999999,-579907.4398277007
A_H02_C_MAX_EST,TOP_STOCK_PNL,300767.SZ,61660.26624,-579907.4398277007
A_H02_C_MAX_EST,TOP_STOCK_PNL,000014.SZ,48850.34071999998,-579907.4398277007
A_H02_C_MAX_EST,MAX_INDUSTRY_NAV,historical_industry,0.8301364443375129,1.0
A_H02_C_MAX_EST,TOP_DAY_RETURN,2020-08-17,0.056820798541664885,
A_H02_C_MAX_EST,TOP_DAY_RETURN,2023-03-17,0.05457294059046669,
A_H02_C_MAX_EST,TOP_DAY_RETURN,2023-03-29,0.054106265178368584,
A_H02_C_MAX_EST,TOP_DAY_RETURN,2022-10-17,0.05390871584697354,
A_H02_C_MAX_EST,TOP_DAY_RETURN,2021-07-21,0.049782208679573836,
A_H02_C_10_EST,TOP_STOCK_PNL,601919.SH,55279.651679999995,-616908.9414131007
A_H02_C_10_EST,TOP_STOCK_PNL,002119.SZ,51508.84608,-616908.9414131007
A_H02_C_10_EST,TOP_STOCK_PNL,300489.SZ,42583.60560000001,-616908.9414131007
A_H02_C_10_EST,TOP_STOCK_PNL,600657.SH,42034.73339999998,-616908.9414131007
A_H02_C_10_EST,TOP_STOCK_PNL,300576.SZ,36350.053759999995,-616908.9414131007
A_H02_C_10_EST,MAX_INDUSTRY_NAV,historical_industry,0.30965393048297746,1.0
A_H02_C_10_EST,TOP_DAY_RETURN,2022-02-21,0.050865827054617174,
A_H02_C_10_EST,TOP_DAY_RETURN,2021-07-09,0.04767240537443396,
A_H02_C_10_EST,TOP_DAY_RETURN,2021-07-21,0.04702881932348291,
A_H02_C_10_EST,TOP_DAY_RETURN,2020-07-06,0.04151748572695024,
A_H02_C_10_EST,TOP_DAY_RETURN,2022-02-18,0.0383244107898002,
A_D08_C_MAX_EST,TOP_STOCK_PNL,603169.SH,114043.70640000002,-500374.04522910033
A_D08_C_MAX_EST,TOP_STOCK_PNL,002371.SZ,112462.95423999999,-500374.04522910033
A_D08_C_MAX_EST,TOP_STOCK_PNL,688298.SH,65535.084252,-500374.04522910033
A_D08_C_MAX_EST,TOP_STOCK_PNL,603466.SH,41816.92368000001,-500374.04522910033
A_D08_C_MAX_EST,TOP_STOCK_PNL,600551.SH,35954.12802999998,-500374.04522910033
A_D08_C_MAX_EST,MAX_INDUSTRY_NAV,historical_industry,0.997433676177503,1.0
A_D08_C_MAX_EST,TOP_DAY_RETURN,2021-01-18,0.07142207714981086,
A_D08_C_MAX_EST,TOP_DAY_RETURN,2021-01-13,0.06517179469431666,
A_D08_C_MAX_EST,TOP_DAY_RETURN,2021-09-28,0.061893219758343276,
A_D08_C_MAX_EST,TOP_DAY_RETURN,2021-12-20,0.06042552838434445,
A_D08_C_MAX_EST,TOP_DAY_RETURN,2020-11-13,0.05458167823210136,
A_D08_C_10_EST,TOP_STOCK_PNL,688298.SH,74787.0961464,-63885.28345790005
A_D08_C_10_EST,TOP_STOCK_PNL,002119.SZ,57572.84736,-63885.28345790005
A_D08_C_10_EST,TOP_STOCK_PNL,002639.SZ,53924.28839999999,-63885.28345790005
A_D08_C_10_EST,TOP_STOCK_PNL,603169.SH,45677.98320000002,-63885.28345790005
A_D08_C_10_EST,TOP_STOCK_PNL,300302.SZ,37891.86024000001,-63885.28345790005
A_D08_C_10_EST,MAX_INDUSTRY_NAV,historical_industry,0.38802797337335376,1.0
A_D08_C_10_EST,TOP_DAY_RETURN,2021-12-30,0.03399541293731234,
A_D08_C_10_EST,TOP_DAY_RETURN,2020-08-03,0.03340755717622179,
A_D08_C_10_EST,TOP_DAY_RETURN,2023-04-03,0.031173648626847683,
A_D08_C_10_EST,TOP_DAY_RETURN,2020-08-27,0.030136544098664286,
A_D08_C_10_EST,TOP_DAY_RETURN,2020-06-01,0.029906166366298947,
A_H01_C_MAX_EST,TOP_STOCK_PNL,300702.SZ,278279.6972800001,-786111.222892401
A_H01_C_MAX_EST,TOP_STOCK_PNL,002156.SZ,220756.77287999995,-786111.222892401
A_H01_C_MAX_EST,TOP_STOCK_PNL,601908.SH,209248.31095999994,-786111.222892401
A_H01_C_MAX_EST,TOP_STOCK_PNL,600460.SH,182125.42655999993,-786111.222892401
A_H01_C_MAX_EST,TOP_STOCK_PNL,600367.SH,153989.10983999993,-786111.222892401
A_H01_C_MAX_EST,MAX_INDUSTRY_NAV,historical_industry,0.996675919357869,1.0
A_H01_C_MAX_EST,TOP_DAY_RETURN,2022-03-22,0.09985305630230501,
A_H01_C_MAX_EST,TOP_DAY_RETURN,2021-10-26,0.09974526557524599,
A_H01_C_MAX_EST,TOP_DAY_RETURN,2023-07-27,0.09608462446619548,
A_H01_C_MAX_EST,TOP_DAY_RETURN,2021-10-27,0.06954622308528857,
A_H01_C_MAX_EST,TOP_DAY_RETURN,2020-02-24,0.06912510958961082,
A_H01_C_10_EST,TOP_STOCK_PNL,002006.SZ,145398.11744,3021.921680399799
A_H01_C_10_EST,TOP_STOCK_PNL,601858.SH,124294.6826,3021.921680399799
A_H01_C_10_EST,TOP_STOCK_PNL,000718.SZ,109108.97280000002,3021.921680399799
A_H01_C_10_EST,TOP_STOCK_PNL,000615.SZ,101797.55820000001,3021.921680399799
A_H01_C_10_EST,TOP_STOCK_PNL,601908.SH,83704.18788,3021.921680399799
A_H01_C_10_EST,MAX_INDUSTRY_NAV,historical_industry,0.5811372655684531,1.0
A_H01_C_10_EST,TOP_DAY_RETURN,2023-06-19,0.06455798278676994,
A_H01_C_10_EST,TOP_DAY_RETURN,2023-06-16,0.04968435098871016,
A_H01_C_10_EST,TOP_DAY_RETURN,2023-06-14,0.04883797763951381,
A_H01_C_10_EST,TOP_DAY_RETURN,2020-02-18,0.043239292974988075,
A_H01_C_10_EST,TOP_DAY_RETURN,2021-08-13,0.04069649840137268,
A_D06_C_MAX_EST,TOP_STOCK_PNL,600222.SH,49536.89087999999,-644527.7928463003
A_D06_C_MAX_EST,TOP_STOCK_PNL,600166.SH,48203.080339999986,-644527.7928463003
A_D06_C_MAX_EST,TOP_STOCK_PNL,002192.SZ,45432.99956,-644527.7928463003
A_D06_C_MAX_EST,TOP_STOCK_PNL,000830.SZ,44559.312000000005,-644527.7928463003
A_D06_C_MAX_EST,TOP_STOCK_PNL,300268.SZ,43475.24352,-644527.7928463003
A_D06_C_MAX_EST,MAX_INDUSTRY_NAV,historical_industry,0.8013809270451397,1.0
A_D06_C_MAX_EST,TOP_DAY_RETURN,2023-10-25,0.08886298154786432,
A_D06_C_MAX_EST,TOP_DAY_RETURN,2020-07-13,0.05116124531933641,
A_D06_C_MAX_EST,TOP_DAY_RETURN,2022-09-26,0.05030873253711765,
A_D06_C_MAX_EST,TOP_DAY_RETURN,2020-07-06,0.04667953856320306,
A_D06_C_MAX_EST,TOP_DAY_RETURN,2023-06-19,0.039576291317748646,
A_D06_C_10_EST,TOP_STOCK_PNL,002192.SZ,48927.84568,-642511.5578065005
A_D06_C_10_EST,TOP_STOCK_PNL,300268.SZ,43475.24352,-642511.5578065005
A_D06_C_10_EST,TOP_STOCK_PNL,600166.SH,41521.11774,-642511.5578065005
A_D06_C_10_EST,TOP_STOCK_PNL,000908.SZ,37880.91780000001,-642511.5578065005
A_D06_C_10_EST,TOP_STOCK_PNL,600313.SH,37437.94539999998,-642511.5578065005
A_D06_C_10_EST,MAX_INDUSTRY_NAV,historical_industry,0.4098133966292132,1.0
A_D06_C_10_EST,TOP_DAY_RETURN,2020-07-13,0.049436614629584597,
A_D06_C_10_EST,TOP_DAY_RETURN,2020-07-06,0.04547096593579747,
A_D06_C_10_EST,TOP_DAY_RETURN,2023-06-19,0.038951047636450076,
A_D06_C_10_EST,TOP_DAY_RETURN,2020-03-02,0.037772744241066025,
A_D06_C_10_EST,TOP_DAY_RETURN,2020-04-20,0.035820583286032104,
E_P2_PHASE_C_MAX_E10,TOP_STOCK_PNL,600338.SH,43820.21780000001,-557183.4189321004
E_P2_PHASE_C_MAX_E10,TOP_STOCK_PNL,000856.SZ,42534.301040000006,-557183.4189321004
E_P2_PHASE_C_MAX_E10,TOP_STOCK_PNL,002735.SZ,41304.02771999999,-557183.4189321004
E_P2_PHASE_C_MAX_E10,TOP_STOCK_PNL,600603.SH,36341.330069999996,-557183.4189321004
E_P2_PHASE_C_MAX_E10,TOP_STOCK_PNL,002332.SZ,31075.90180000002,-557183.4189321004
E_P2_PHASE_C_MAX_E10,MAX_INDUSTRY_NAV,historical_industry,0.525040034361174,1.0
E_P2_PHASE_C_MAX_E10,TOP_DAY_RETURN,2020-02-04,0.054835661898946064,
E_P2_PHASE_C_MAX_E10,TOP_DAY_RETURN,2020-10-12,0.04843396090513896,
E_P2_PHASE_C_MAX_E10,TOP_DAY_RETURN,2021-07-21,0.04541604518122333,
E_P2_PHASE_C_MAX_E10,TOP_DAY_RETURN,2022-01-28,0.04279061355361624,
E_P2_PHASE_C_MAX_E10,TOP_DAY_RETURN,2020-02-18,0.041772753572763666,
E_P2_PHASE_C_10_E10,TOP_STOCK_PNL,600338.SH,51301.71840000001,-528120.4686551006
E_P2_PHASE_C_10_E10,TOP_STOCK_PNL,000856.SZ,40677.55855999999,-528120.4686551006
E_P2_PHASE_C_10_E10,TOP_STOCK_PNL,002735.SZ,39942.560479999986,-528120.4686551006
E_P2_PHASE_C_10_E10,TOP_STOCK_PNL,300677.SZ,34970.91634999998,-528120.4686551006
E_P2_PHASE_C_10_E10,TOP_STOCK_PNL,002217.SZ,33039.937000000005,-528120.4686551006
E_P2_PHASE_C_10_E10,MAX_INDUSTRY_NAV,historical_industry,0.41850512759334313,1.0
E_P2_PHASE_C_10_E10,TOP_DAY_RETURN,2020-02-04,0.051735701016316415,
E_P2_PHASE_C_10_E10,TOP_DAY_RETURN,2020-02-18,0.04742710139015016,
E_P2_PHASE_C_10_E10,TOP_DAY_RETURN,2020-10-12,0.046169518182079594,
E_P2_PHASE_C_10_E10,TOP_DAY_RETURN,2021-07-21,0.0437902552747933,
E_P2_PHASE_C_10_E10,TOP_DAY_RETURN,2021-09-02,0.041033210458917724,
FIXED_25_D08_C_10,TOP_STOCK_PNL,002639.SZ,41689.547999999995,-47493.091480200084
FIXED_25_D08_C_10,TOP_STOCK_PNL,603169.SH,31762.835999999996,-47493.091480200084
FIXED_25_D08_C_10,TOP_STOCK_PNL,300716.SZ,19001.68451999998,-47493.091480200084
FIXED_25_D08_C_10,TOP_STOCK_PNL,002058.SZ,17898.106380000012,-47493.091480200084
FIXED_25_D08_C_10,TOP_STOCK_PNL,600551.SH,17576.393280000004,-47493.091480200084
FIXED_25_D08_C_10,MAX_INDUSTRY_NAV,historical_industry,0.21013794161540134,1.0
FIXED_25_D08_C_10,TOP_DAY_RETURN,2021-05-26,0.016193671369400642,
FIXED_25_D08_C_10,TOP_DAY_RETURN,2020-08-03,0.016107743300922683,
FIXED_25_D08_C_10,TOP_DAY_RETURN,2021-12-22,0.016002808715412264,
FIXED_25_D08_C_10,TOP_DAY_RETURN,2023-07-28,0.01526518301112545,
FIXED_25_D08_C_10,TOP_DAY_RETURN,2021-12-14,0.014890041525057907,
FIXED_25_D08_C_MAX,TOP_STOCK_PNL,002371.SZ,32529.242679999996,-98931.94210230006
FIXED_25_D08_C_MAX,TOP_STOCK_PNL,603466.SH,25032.290480000025,-98931.94210230006
FIXED_25_D08_C_MAX,TOP_STOCK_PNL,600551.SH,22456.066560000007,-98931.94210230006
FIXED_25_D08_C_MAX,TOP_STOCK_PNL,002058.SZ,11622.14699999999,-98931.94210230006
FIXED_25_D08_C_MAX,TOP_STOCK_PNL,603848.SH,11277.722240000003,-98931.94210230006
FIXED_25_D08_C_MAX,MAX_INDUSTRY_NAV,historical_industry,0.2792617250300845,1.0
FIXED_25_D08_C_MAX,TOP_DAY_RETURN,2020-11-13,0.026018777662357717,
FIXED_25_D08_C_MAX,TOP_DAY_RETURN,2021-09-28,0.02355384737254984,
FIXED_25_D08_C_MAX,TOP_DAY_RETURN,2020-08-03,0.022099986653863368,
FIXED_25_D08_C_MAX,TOP_DAY_RETURN,2021-12-14,0.02147315743977285,
FIXED_25_D08_C_MAX,TOP_DAY_RETURN,2021-01-13,0.01888250662795188,
FIXED_50_D08_C_10,TOP_STOCK_PNL,002639.SZ,42106.44347999997,-4869.362821600043
FIXED_50_D08_C_10,TOP_STOCK_PNL,603169.SH,38417.90640000002,-4869.362821600043
FIXED_50_D08_C_10,TOP_STOCK_PNL,000029.SZ,28019.69352,-4869.362821600043
FIXED_50_D08_C_10,TOP_STOCK_PNL,601865.SH,26949.804879999996,-4869.362821600043
FIXED_50_D08_C_10,TOP_STOCK_PNL,600976.SH,23911.25688,-4869.362821600043
FIXED_50_D08_C_10,MAX_INDUSTRY_NAV,historical_industry,0.23016903289555357,1.0
FIXED_50_D08_C_10,TOP_DAY_RETURN,2020-08-03,0.02874625054484503,
FIXED_50_D08_C_10,TOP_DAY_RETURN,2021-12-14,0.023610713296762897,
FIXED_50_D08_C_10,TOP_DAY_RETURN,2020-09-14,0.02107481343668094,
FIXED_50_D08_C_10,TOP_DAY_RETURN,2021-09-28,0.019857750134136598,
FIXED_50_D08_C_10,TOP_DAY_RETURN,2021-12-20,0.01903157044712911,
FIXED_50_D08_C_MAX,TOP_STOCK_PNL,600551.SH,51629.623599999955,-155221.20634730012
FIXED_50_D08_C_MAX,TOP_STOCK_PNL,002371.SZ,50272.46596,-155221.20634730012
FIXED_50_D08_C_MAX,TOP_STOCK_PNL,603466.SH,47725.114560000016,-155221.20634730012
FIXED_50_D08_C_MAX,TOP_STOCK_PNL,002812.SZ,31842.449999999924,-155221.20634730012
FIXED_50_D08_C_MAX,TOP_STOCK_PNL,603358.SH,21562.220239999995,-155221.20634730012
FIXED_50_D08_C_MAX,MAX_INDUSTRY_NAV,historical_industry,0.5163619054255888,1.0
FIXED_50_D08_C_MAX,TOP_DAY_RETURN,2020-11-13,0.04826154488239465,
FIXED_50_D08_C_MAX,TOP_DAY_RETURN,2021-09-28,0.04719870524548342,
FIXED_50_D08_C_MAX,TOP_DAY_RETURN,2021-12-14,0.046967401660058306,
FIXED_50_D08_C_MAX,TOP_DAY_RETURN,2020-08-03,0.0463648768093996,
FIXED_50_D08_C_MAX,TOP_DAY_RETURN,2022-06-16,0.029855619425546154,
FIXED_75_D08_C_10,TOP_STOCK_PNL,600283.SH,62049.49999999997,6796.497510100133
FIXED_75_D08_C_10,TOP_STOCK_PNL,002639.SZ,46275.398279999994,6796.497510100133
FIXED_75_D08_C_10,TOP_STOCK_PNL,603169.SH,43862.96400000001,6796.497510100133
FIXED_75_D08_C_10,TOP_STOCK_PNL,002082.SZ,30048.904439999984,6796.497510100133
FIXED_75_D08_C_10,TOP_STOCK_PNL,000029.SZ,29163.354479999995,6796.497510100133
FIXED_75_D08_C_10,MAX_INDUSTRY_NAV,historical_industry,0.3575980100251295,1.0
FIXED_75_D08_C_10,TOP_DAY_RETURN,2020-08-03,0.042798043089270044,
FIXED_75_D08_C_10,TOP_DAY_RETURN,2020-07-13,0.03253574917739832,
FIXED_75_D08_C_10,TOP_DAY_RETURN,2021-12-14,0.026099082084598546,
FIXED_75_D08_C_10,TOP_DAY_RETURN,2020-09-14,0.023483451441069336,
FIXED_75_D08_C_10,TOP_DAY_RETURN,2020-06-01,0.022033412192181245,
FIXED_75_D08_C_MAX,TOP_STOCK_PNL,002371.SZ,65058.48535999999,-272005.9986193004
FIXED_75_D08_C_MAX,TOP_STOCK_PNL,002812.SZ,51891.399999999965,-272005.9986193004
FIXED_75_D08_C_MAX,TOP_STOCK_PNL,600551.SH,51240.94369999996,-272005.9986193004
FIXED_75_D08_C_MAX,TOP_STOCK_PNL,603466.SH,47725.114560000016,-272005.9986193004
FIXED_75_D08_C_MAX,TOP_STOCK_PNL,002639.SZ,31684.05648,-272005.9986193004
FIXED_75_D08_C_MAX,MAX_INDUSTRY_NAV,historical_industry,0.7551240590411605,1.0
FIXED_75_D08_C_MAX,TOP_DAY_RETURN,2021-12-14,0.07162310222794521,
FIXED_75_D08_C_MAX,TOP_DAY_RETURN,2020-08-03,0.07074767075311361,
FIXED_75_D08_C_MAX,TOP_DAY_RETURN,2021-09-28,0.057295314396284214,
FIXED_75_D08_C_MAX,TOP_DAY_RETURN,2020-11-13,0.047489421524581354,
FIXED_75_D08_C_MAX,TOP_DAY_RETURN,2021-09-09,0.044250457855345315,
FIX_A_D09_C_10_E10,TOP_STOCK_PNL,002409.SZ,55655.21631999999,-488427.6700413005
FIX_A_D09_C_10_E10,TOP_STOCK_PNL,002176.SZ,52517.19312000001,-488427.6700413005
FIX_A_D09_C_10_E10,TOP_STOCK_PNL,300059.SZ,51838.85324000001,-488427.6700413005
FIX_A_D09_C_10_E10,TOP_STOCK_PNL,000626.SZ,35778.08672000001,-488427.6700413005
FIX_A_D09_C_10_E10,TOP_STOCK_PNL,000513.SZ,31862.606440000018,-488427.6700413005
FIX_A_D09_C_10_E10,MAX_INDUSTRY_NAV,historical_industry,0.3895474540859474,1.0
FIX_A_D09_C_10_E10,TOP_DAY_RETURN,2021-07-12,0.05397399399211866,
FIX_A_D09_C_10_E10,TOP_DAY_RETURN,2020-10-09,0.05238005977355775,
FIX_A_D09_C_10_E10,TOP_DAY_RETURN,2023-08-29,0.0499423329679507,
FIX_A_D09_C_10_E10,TOP_DAY_RETURN,2020-07-13,0.04473479605721553,
FIX_A_D09_C_10_E10,TOP_DAY_RETURN,2021-10-29,0.04237608543699256,
FIX_A_D09_C_10_EST,TOP_STOCK_PNL,601101.SH,60223.524399999995,-606464.6065084004
FIX_A_D09_C_10_EST,TOP_STOCK_PNL,300059.SZ,54881.29967999998,-606464.6065084004
FIX_A_D09_C_10_EST,TOP_STOCK_PNL,002006.SZ,49066.741200000004,-606464.6065084004
FIX_A_D09_C_10_EST,TOP_STOCK_PNL,603882.SH,46474.720000000016,-606464.6065084004
FIX_A_D09_C_10_EST,TOP_STOCK_PNL,000683.SZ,40137.68912000001,-606464.6065084004
FIX_A_D09_C_10_EST,MAX_INDUSTRY_NAV,historical_industry,0.42129924907186844,1.0
FIX_A_D09_C_10_EST,TOP_DAY_RETURN,2021-07-12,0.05359096344263281,
FIX_A_D09_C_10_EST,TOP_DAY_RETURN,2020-07-13,0.041010449808982496,
FIX_A_D09_C_10_EST,TOP_DAY_RETURN,2020-07-06,0.04084230145093737,
FIX_A_D09_C_10_EST,TOP_DAY_RETURN,2023-08-29,0.040360545154342065,
FIX_A_D09_C_10_EST,TOP_DAY_RETURN,2020-07-08,0.039612193741183965,
FIX_A_D09_C_MAX_E10,TOP_STOCK_PNL,600522.SH,103346.21699999995,-473060.0834748001
FIX_A_D09_C_MAX_E10,TOP_STOCK_PNL,000626.SZ,94508.15360000002,-473060.0834748001
FIX_A_D09_C_MAX_E10,TOP_STOCK_PNL,002409.SZ,78866.82648000002,-473060.0834748001
FIX_A_D09_C_MAX_E10,TOP_STOCK_PNL,000716.SZ,67185.82182000007,-473060.0834748001
FIX_A_D09_C_MAX_E10,TOP_STOCK_PNL,300225.SZ,65386.533200000034,-473060.0834748001
FIX_A_D09_C_MAX_E10,MAX_INDUSTRY_NAV,historical_industry,0.9954867087786355,1.0
FIX_A_D09_C_MAX_E10,TOP_DAY_RETURN,2022-05-10,0.09818059500030252,
FIX_A_D09_C_MAX_E10,TOP_DAY_RETURN,2022-03-22,0.09390662442124409,
FIX_A_D09_C_MAX_E10,TOP_DAY_RETURN,2023-05-17,0.0846986768430138,
FIX_A_D09_C_MAX_E10,TOP_DAY_RETURN,2020-02-04,0.08002753478312186,
FIX_A_D09_C_MAX_E10,TOP_DAY_RETURN,2021-09-02,0.0738877174672179,
FIX_A_D09_C_MAX_EST,TOP_STOCK_PNL,601101.SH,178817.54168000002,-748967.5585816007
FIX_A_D09_C_MAX_EST,TOP_STOCK_PNL,603863.SH,84102.18272999994,-748967.5585816007
FIX_A_D09_C_MAX_EST,TOP_STOCK_PNL,603800.SH,83944.12111000001,-748967.5585816007
FIX_A_D09_C_MAX_EST,TOP_STOCK_PNL,002785.SZ,65969.74176,-748967.5585816007
FIX_A_D09_C_MAX_EST,TOP_STOCK_PNL,002006.SZ,58057.223000000005,-748967.5585816007
FIX_A_D09_C_MAX_EST,MAX_INDUSTRY_NAV,historical_industry,0.9948454610023814,1.0
FIX_A_D09_C_MAX_EST,TOP_DAY_RETURN,2022-05-10,0.09838875739391262,
FIX_A_D09_C_MAX_EST,TOP_DAY_RETURN,2021-02-09,0.09771777338393384,
FIX_A_D09_C_MAX_EST,TOP_DAY_RETURN,2022-03-22,0.0964178981822712,
FIX_A_D09_C_MAX_EST,TOP_DAY_RETURN,2021-12-30,0.08931459064999991,
FIX_A_D09_C_MAX_EST,TOP_DAY_RETURN,2023-05-17,0.0759966886574166,
FIX_A_D09_C_ONE_E10,TOP_STOCK_PNL,002409.SZ,513645.4852799999,523630.67454499885
FIX_A_D09_C_ONE_E10,TOP_STOCK_PNL,300225.SZ,452050.6808800001,523630.67454499885
FIX_A_D09_C_ONE_E10,TOP_STOCK_PNL,600309.SH,384183.82048,523630.67454499885
FIX_A_D09_C_ONE_E10,TOP_STOCK_PNL,600172.SH,357967.41408000025,523630.67454499885
FIX_A_D09_C_ONE_E10,TOP_STOCK_PNL,600522.SH,205403.2919999999,523630.67454499885
FIX_A_D09_C_ONE_E10,MAX_INDUSTRY_NAV,historical_industry,0.9982677217248821,1.0
FIX_A_D09_C_ONE_E10,TOP_DAY_RETURN,2020-10-09,0.1750105947095646,
FIX_A_D09_C_ONE_E10,TOP_DAY_RETURN,2022-12-02,0.11061206186123629,
FIX_A_D09_C_ONE_E10,TOP_DAY_RETURN,2020-09-22,0.10345129164772793,
FIX_A_D09_C_ONE_E10,TOP_DAY_RETURN,2020-07-08,0.09972477171537752,
FIX_A_D09_C_ONE_E10,TOP_DAY_RETURN,2023-05-04,0.09949627590079535,
FIX_A_D09_C_ONE_EST,TOP_STOCK_PNL,601101.SH,516069.2783199999,-812436.2392689004
FIX_A_D09_C_ONE_EST,TOP_STOCK_PNL,300059.SZ,419949.4020799999,-812436.2392689004
FIX_A_D09_C_ONE_EST,TOP_STOCK_PNL,300087.SZ,323567.60688,-812436.2392689004
FIX_A_D09_C_ONE_EST,TOP_STOCK_PNL,300709.SZ,132319.0803599999,-812436.2392689004
FIX_A_D09_C_ONE_EST,TOP_STOCK_PNL,002785.SZ,123448.32864000008,-812436.2392689004
FIX_A_D09_C_ONE_EST,MAX_INDUSTRY_NAV,historical_industry,0.9995561284845519,1.0
FIX_A_D09_C_ONE_EST,TOP_DAY_RETURN,2020-12-21,0.14700570258838264,
FIX_A_D09_C_ONE_EST,TOP_DAY_RETURN,2020-12-23,0.11357517066466083,
FIX_A_D09_C_ONE_EST,TOP_DAY_RETURN,2023-12-05,0.1037010756364467,
FIX_A_D09_C_ONE_EST,TOP_DAY_RETURN,2021-08-24,0.10007341473583997,
FIX_A_D09_C_ONE_EST,TOP_DAY_RETURN,2021-09-09,0.09995395027658116,
FIX_B_D09_C_10_COST2,TOP_STOCK_PNL,002409.SZ,55309.60464000002,-519544.760917
FIX_B_D09_C_10_COST2,TOP_STOCK_PNL,300059.SZ,51369.16177999998,-519544.760917
FIX_B_D09_C_10_COST2,TOP_STOCK_PNL,002176.SZ,50406.128280000004,-519544.760917
FIX_B_D09_C_10_COST2,TOP_STOCK_PNL,000626.SZ,34258.80834000002,-519544.760917
FIX_B_D09_C_10_COST2,TOP_STOCK_PNL,000513.SZ,31348.453540000002,-519544.760917
FIX_B_D09_C_10_COST2,MAX_INDUSTRY_NAV,historical_industry,0.39347179851160796,1.0
FIX_B_D09_C_10_COST2,TOP_DAY_RETURN,2021-07-12,0.05380423776241905,
FIX_B_D09_C_10_COST2,TOP_DAY_RETURN,2020-10-09,0.052073132652502574,
FIX_B_D09_C_10_COST2,TOP_DAY_RETURN,2023-08-29,0.05003175531263304,
FIX_B_D09_C_10_COST2,TOP_DAY_RETURN,2020-07-13,0.04449263676802295,
FIX_B_D09_C_10_COST2,TOP_DAY_RETURN,2021-10-29,0.042772380822706735,
FIX_B_D09_C_10_DELAY1_CA,TOP_STOCK_PNL,603800.SH,40426.136849999995,-407752.1814084006
FIX_B_D09_C_10_DELAY1_CA,TOP_STOCK_PNL,000155.SZ,39396.994000000006,-407752.1814084006
FIX_B_D09_C_10_DELAY1_CA,TOP_STOCK_PNL,300225.SZ,37145.37280000001,-407752.1814084006
FIX_B_D09_C_10_DELAY1_CA,TOP_STOCK_PNL,688188.SH,34889.51319119999,-407752.1814084006
FIX_B_D09_C_10_DELAY1_CA,TOP_STOCK_PNL,601101.SH,33470.32751999999,-407752.1814084006
FIX_B_D09_C_10_DELAY1_CA,MAX_INDUSTRY_NAV,historical_industry,0.4002937374562656,1.0
FIX_B_D09_C_10_DELAY1_CA,TOP_DAY_RETURN,2023-08-29,0.060020469515801755,
FIX_B_D09_C_10_DELAY1_CA,TOP_DAY_RETURN,2020-07-13,0.04427230740035282,
FIX_B_D09_C_10_DELAY1_CA,TOP_DAY_RETURN,2023-08-30,0.03696940180649633,
FIX_B_D09_C_10_DELAY1_CA,TOP_DAY_RETURN,2021-07-13,0.03487579713097699,
FIX_B_D09_C_10_DELAY1_CA,TOP_DAY_RETURN,2021-07-12,0.03441414174793089,
FIX_B_D09_C_MAX_COST2,TOP_STOCK_PNL,600522.SH,90628.14399999985,-501536.10946069966
FIX_B_D09_C_MAX_COST2,TOP_STOCK_PNL,000626.SZ,86654.63286000004,-501536.10946069966
FIX_B_D09_C_MAX_COST2,TOP_STOCK_PNL,002409.SZ,80546.40959999998,-501536.10946069966
FIX_B_D09_C_MAX_COST2,TOP_STOCK_PNL,600966.SH,55807.27456000005,-501536.10946069966
FIX_B_D09_C_MAX_COST2,TOP_STOCK_PNL,300225.SZ,53637.289560000005,-501536.10946069966
FIX_B_D09_C_MAX_COST2,MAX_INDUSTRY_NAV,historical_industry,0.9965210658341374,1.0
FIX_B_D09_C_MAX_COST2,TOP_DAY_RETURN,2022-05-10,0.09815420716969792,
FIX_B_D09_C_MAX_COST2,TOP_DAY_RETURN,2022-03-22,0.09410375609431099,
FIX_B_D09_C_MAX_COST2,TOP_DAY_RETURN,2023-05-17,0.09114174496606209,
FIX_B_D09_C_MAX_COST2,TOP_DAY_RETURN,2020-02-04,0.07996131099288672,
FIX_B_D09_C_MAX_COST2,TOP_DAY_RETURN,2021-12-30,0.07832320995901676,
FIX_B_D09_C_MAX_DELAY1,TOP_STOCK_PNL,300274.SZ,71148.23208000002,-604373.5323874
FIX_B_D09_C_MAX_DELAY1,TOP_STOCK_PNL,603800.SH,60026.68805,-604373.5323874
FIX_B_D09_C_MAX_DELAY1,TOP_STOCK_PNL,000513.SZ,57780.36575999996,-604373.5323874
FIX_B_D09_C_MAX_DELAY1,TOP_STOCK_PNL,601958.SH,54997.902,-604373.5323874
FIX_B_D09_C_MAX_DELAY1,TOP_STOCK_PNL,300709.SZ,53004.62520000001,-604373.5323874
FIX_B_D09_C_MAX_DELAY1,MAX_INDUSTRY_NAV,historical_industry,0.9793265120695546,1.0
FIX_B_D09_C_MAX_DELAY1,TOP_DAY_RETURN,2023-08-29,0.10660717020134203,
FIX_B_D09_C_MAX_DELAY1,TOP_DAY_RETURN,2022-10-18,0.09751064565346512,
FIX_B_D09_C_MAX_DELAY1,TOP_DAY_RETURN,2022-03-22,0.09678095036217993,
FIX_B_D09_C_MAX_DELAY1,TOP_DAY_RETURN,2022-05-10,0.0959519574467369,
FIX_B_D09_C_MAX_DELAY1,TOP_DAY_RETURN,2020-02-04,0.07918840747135558,
FIX_B_D09_C_ONE_COST2,TOP_STOCK_PNL,002409.SZ,505428.72024000017,394804.06314279925
FIX_B_D09_C_ONE_COST2,TOP_STOCK_PNL,300225.SZ,440316.5731200001,394804.06314279925
FIX_B_D09_C_ONE_COST2,TOP_STOCK_PNL,600309.SH,371036.9103000001,394804.06314279925
FIX_B_D09_C_ONE_COST2,TOP_STOCK_PNL,600172.SH,342318.00216000015,394804.06314279925
FIX_B_D09_C_ONE_COST2,TOP_STOCK_PNL,600522.SH,192055.43599999952,394804.06314279925
FIX_B_D09_C_ONE_COST2,MAX_INDUSTRY_NAV,historical_industry,0.9990049873843218,1.0
FIX_B_D09_C_ONE_COST2,TOP_DAY_RETURN,2020-10-09,0.1752112928573928,
FIX_B_D09_C_ONE_COST2,TOP_DAY_RETURN,2022-12-02,0.1097202067375056,
FIX_B_D09_C_ONE_COST2,TOP_DAY_RETURN,2020-09-22,0.10358101449536061,
FIX_B_D09_C_ONE_COST2,TOP_DAY_RETURN,2020-07-08,0.09977824566212323,
FIX_B_D09_C_ONE_COST2,TOP_DAY_RETURN,2023-05-04,0.09949011163280419,
FIX_B_D09_C_ONE_DELAY1,TOP_STOCK_PNL,300326.SZ,186869.57872,-524353.7302394003
FIX_B_D09_C_ONE_DELAY1,TOP_STOCK_PNL,300709.SZ,162547.51728000003,-524353.7302394003
FIX_B_D09_C_ONE_DELAY1,TOP_STOCK_PNL,000513.SZ,145685.53760000016,-524353.7302394003
FIX_B_D09_C_ONE_DELAY1,TOP_STOCK_PNL,300274.SZ,136967.88899999997,-524353.7302394003
FIX_B_D09_C_ONE_DELAY1,TOP_STOCK_PNL,300522.SZ,109710.49920000002,-524353.7302394003
FIX_B_D09_C_ONE_DELAY1,MAX_INDUSTRY_NAV,historical_industry,0.9982335272500613,1.0
FIX_B_D09_C_ONE_DELAY1,TOP_DAY_RETURN,2021-07-29,0.12797780957132243,
FIX_B_D09_C_ONE_DELAY1,TOP_DAY_RETURN,2022-10-18,0.10112966864963702,
FIX_B_D09_C_ONE_DELAY1,TOP_DAY_RETURN,2022-03-22,0.09792391354329144,
FIX_B_D09_C_ONE_DELAY1,TOP_DAY_RETURN,2022-05-10,0.09673856527077107,
FIX_B_D09_C_ONE_DELAY1,TOP_DAY_RETURN,2020-02-20,0.09588749364456661,
FIX_E_P0_POOL_C_10_E10,TOP_STOCK_PNL,000908.SZ,40417.23264000002,-695028.2977616001
FIX_E_P0_POOL_C_10_E10,TOP_STOCK_PNL,300568.SZ,39473.06752,-695028.2977616001
FIX_E_P0_POOL_C_10_E10,TOP_STOCK_PNL,002428.SZ,34067.510400000014,-695028.2977616001
FIX_E_P0_POOL_C_10_E10,TOP_STOCK_PNL,002217.SZ,32284.73844,-695028.2977616001
FIX_E_P0_POOL_C_10_E10,TOP_STOCK_PNL,000513.SZ,29691.828200000018,-695028.2977616001
FIX_E_P0_POOL_C_10_E10,MAX_INDUSTRY_NAV,historical_industry,0.3792501956349624,1.0
FIX_E_P0_POOL_C_10_E10,TOP_DAY_RETURN,2020-07-13,0.0470100594683589,
FIX_E_P0_POOL_C_10_E10,TOP_DAY_RETURN,2020-07-06,0.043182345351275186,
FIX_E_P0_POOL_C_10_E10,TOP_DAY_RETURN,2021-07-12,0.03949238222481233,
FIX_E_P0_POOL_C_10_E10,TOP_DAY_RETURN,2021-05-12,0.039189316381682104,
FIX_E_P0_POOL_C_10_E10,TOP_DAY_RETURN,2020-02-18,0.038491284385468116,
FIX_E_P0_POOL_C_10_EST,TOP_STOCK_PNL,601908.SH,72822.5438,-755789.3106785008
FIX_E_P0_POOL_C_10_EST,TOP_STOCK_PNL,000983.SZ,65644.43472,-755789.3106785008
FIX_E_P0_POOL_C_10_EST,TOP_STOCK_PNL,002006.SZ,58044.41855999999,-755789.3106785008
FIX_E_P0_POOL_C_10_EST,TOP_STOCK_PNL,601919.SH,57147.20748,-755789.3106785008
FIX_E_P0_POOL_C_10_EST,TOP_STOCK_PNL,300059.SZ,42022.95104,-755789.3106785008
FIX_E_P0_POOL_C_10_EST,MAX_INDUSTRY_NAV,historical_industry,0.4096654180436067,1.0
FIX_E_P0_POOL_C_10_EST,TOP_DAY_RETURN,2020-07-06,0.05537220299214329,
FIX_E_P0_POOL_C_10_EST,TOP_DAY_RETURN,2020-07-08,0.05185987873811748,
FIX_E_P0_POOL_C_10_EST,TOP_DAY_RETURN,2021-07-12,0.047722389413582755,
FIX_E_P0_POOL_C_10_EST,TOP_DAY_RETURN,2020-02-18,0.04485512723253948,
FIX_E_P0_POOL_C_10_EST,TOP_DAY_RETURN,2020-12-14,0.04298338561420878,
FIX_E_P0_POOL_C_MAX_E10,TOP_STOCK_PNL,000908.SZ,78805.14816000004,-683787.0035174004
FIX_E_P0_POOL_C_MAX_E10,TOP_STOCK_PNL,300568.SZ,41005.75008000001,-683787.0035174004
FIX_E_P0_POOL_C_MAX_E10,TOP_STOCK_PNL,002258.SZ,40116.95088000002,-683787.0035174004
FIX_E_P0_POOL_C_MAX_E10,TOP_STOCK_PNL,300738.SZ,37722.19708799996,-683787.0035174004
FIX_E_P0_POOL_C_MAX_E10,TOP_STOCK_PNL,300225.SZ,37464.71632000001,-683787.0035174004
FIX_E_P0_POOL_C_MAX_E10,MAX_INDUSTRY_NAV,historical_industry,0.4984945327963251,1.0
FIX_E_P0_POOL_C_MAX_E10,TOP_DAY_RETURN,2020-07-13,0.05632261485455947,
FIX_E_P0_POOL_C_MAX_E10,TOP_DAY_RETURN,2020-05-06,0.05115482737212784,
FIX_E_P0_POOL_C_MAX_E10,TOP_DAY_RETURN,2020-03-02,0.05046848868136533,
FIX_E_P0_POOL_C_MAX_E10,TOP_DAY_RETURN,2020-07-06,0.04462227025021459,
FIX_E_P0_POOL_C_MAX_E10,TOP_DAY_RETURN,2020-04-30,0.042622005991201695,
FIX_E_P0_POOL_C_MAX_EST,TOP_STOCK_PNL,601908.SH,72822.5438,-788526.4561201005
FIX_E_P0_POOL_C_MAX_EST,TOP_STOCK_PNL,000983.SZ,61389.70284000001,-788526.4561201005
FIX_E_P0_POOL_C_MAX_EST,TOP_STOCK_PNL,601919.SH,53038.584719999984,-788526.4561201005
FIX_E_P0_POOL_C_MAX_EST,TOP_STOCK_PNL,002006.SZ,47025.50435999999,-788526.4561201005
FIX_E_P0_POOL_C_MAX_EST,TOP_STOCK_PNL,300059.SZ,45039.680640000006,-788526.4561201005
FIX_E_P0_POOL_C_MAX_EST,MAX_INDUSTRY_NAV,historical_industry,0.533239525209948,1.0
FIX_E_P0_POOL_C_MAX_EST,TOP_DAY_RETURN,2020-07-06,0.05563763125037391,
FIX_E_P0_POOL_C_MAX_EST,TOP_DAY_RETURN,2020-07-08,0.05463284114001632,
FIX_E_P0_POOL_C_MAX_EST,TOP_DAY_RETURN,2021-07-12,0.04509213892152397,
FIX_E_P0_POOL_C_MAX_EST,TOP_DAY_RETURN,2020-12-14,0.04502387210804182,
FIX_E_P0_POOL_C_MAX_EST,TOP_DAY_RETURN,2023-10-24,0.042581199450165697,
FIX_E_P0_POOL_C_ONE_E10,TOP_STOCK_PNL,300568.SZ,484370.4504000002,-295608.74939000036
FIX_E_P0_POOL_C_ONE_E10,TOP_STOCK_PNL,300225.SZ,434025.2041600002,-295608.74939000036
FIX_E_P0_POOL_C_ONE_E10,TOP_STOCK_PNL,000333.SZ,248214.71400000015,-295608.74939000036
FIX_E_P0_POOL_C_ONE_E10,TOP_STOCK_PNL,600546.SH,211943.06696999958,-295608.74939000036
FIX_E_P0_POOL_C_ONE_E10,TOP_STOCK_PNL,002481.SZ,176261.62256000005,-295608.74939000036
FIX_E_P0_POOL_C_ONE_E10,MAX_INDUSTRY_NAV,historical_industry,0.9996401280446713,1.0
FIX_E_P0_POOL_C_ONE_E10,TOP_DAY_RETURN,2020-10-09,0.175034417270997,
FIX_E_P0_POOL_C_ONE_E10,TOP_DAY_RETURN,2020-12-14,0.13307162555481522,
FIX_E_P0_POOL_C_ONE_E10,TOP_DAY_RETURN,2020-09-22,0.10346668809763471,
FIX_E_P0_POOL_C_ONE_E10,TOP_DAY_RETURN,2020-04-23,0.09764788847366956,
FIX_E_P0_POOL_C_ONE_E10,TOP_DAY_RETURN,2020-04-22,0.09756622944118587,
FIX_E_P0_POOL_C_ONE_EST,TOP_STOCK_PNL,002415.SZ,311194.29032000003,-606781.3202000001
FIX_E_P0_POOL_C_ONE_EST,TOP_STOCK_PNL,000513.SZ,238671.6520799999,-606781.3202000001
FIX_E_P0_POOL_C_ONE_EST,TOP_STOCK_PNL,600172.SH,198372.13659999985,-606781.3202000001
FIX_E_P0_POOL_C_ONE_EST,TOP_STOCK_PNL,600546.SH,167660.54018999997,-606781.3202000001
FIX_E_P0_POOL_C_ONE_EST,TOP_STOCK_PNL,000921.SZ,84924.44400000002,-606781.3202000001
FIX_E_P0_POOL_C_ONE_EST,MAX_INDUSTRY_NAV,historical_industry,0.999263852026816,1.0
FIX_E_P0_POOL_C_ONE_EST,TOP_DAY_RETURN,2021-01-05,0.09967354113211813,
FIX_E_P0_POOL_C_ONE_EST,TOP_DAY_RETURN,2021-09-13,0.09937572237481129,
FIX_E_P0_POOL_C_ONE_EST,TOP_DAY_RETURN,2021-08-25,0.0983115510935002,
FIX_E_P0_POOL_C_ONE_EST,TOP_DAY_RETURN,2023-04-17,0.09688260950899208,
FIX_E_P0_POOL_C_ONE_EST,TOP_DAY_RETURN,2022-01-28,0.09665706925345896,
FIX_E_P1_BALANCED_C_10_E10,TOP_STOCK_PNL,300225.SZ,56499.748880000014,-519400.3555595002
FIX_E_P1_BALANCED_C_10_E10,TOP_STOCK_PNL,300619.SZ,40916.4504,-519400.3555595002
FIX_E_P1_BALANCED_C_10_E10,TOP_STOCK_PNL,002988.SZ,37225.412599999996,-519400.3555595002
FIX_E_P1_BALANCED_C_10_E10,TOP_STOCK_PNL,000032.SZ,37092.005760000015,-519400.3555595002
FIX_E_P1_BALANCED_C_10_E10,TOP_STOCK_PNL,002428.SZ,33661.9448,-519400.3555595002
FIX_E_P1_BALANCED_C_10_E10,MAX_INDUSTRY_NAV,historical_industry,0.37488590792375165,1.0
FIX_E_P1_BALANCED_C_10_E10,TOP_DAY_RETURN,2023-05-04,0.05944157321353738,
FIX_E_P1_BALANCED_C_10_E10,TOP_DAY_RETURN,2020-02-18,0.047966583203485236,
FIX_E_P1_BALANCED_C_10_E10,TOP_DAY_RETURN,2020-10-09,0.04286627974709756,
FIX_E_P1_BALANCED_C_10_E10,TOP_DAY_RETURN,2020-03-02,0.041675451583099044,
FIX_E_P1_BALANCED_C_10_E10,TOP_DAY_RETURN,2023-08-29,0.04139129015743559,
FIX_E_P1_BALANCED_C_10_EST,TOP_STOCK_PNL,002791.SZ,68255.07463999999,-587411.5377145004
FIX_E_P1_BALANCED_C_10_EST,TOP_STOCK_PNL,000983.SZ,65644.43472,-587411.5377145004
FIX_E_P1_BALANCED_C_10_EST,TOP_STOCK_PNL,601101.SH,65319.36108,-587411.5377145004
FIX_E_P1_BALANCED_C_10_EST,TOP_STOCK_PNL,601919.SH,60882.31908,-587411.5377145004
FIX_E_P1_BALANCED_C_10_EST,TOP_STOCK_PNL,300173.SZ,43089.488240000006,-587411.5377145004
FIX_E_P1_BALANCED_C_10_EST,MAX_INDUSTRY_NAV,historical_industry,0.39032816100737133,1.0
FIX_E_P1_BALANCED_C_10_EST,TOP_DAY_RETURN,2021-04-20,0.0436124013999275,
FIX_E_P1_BALANCED_C_10_EST,TOP_DAY_RETURN,2020-12-14,0.042796301220775046,
FIX_E_P1_BALANCED_C_10_EST,TOP_DAY_RETURN,2023-10-25,0.04268653468308581,
FIX_E_P1_BALANCED_C_10_EST,TOP_DAY_RETURN,2020-07-06,0.0409722050537924,
FIX_E_P1_BALANCED_C_10_EST,TOP_DAY_RETURN,2020-02-18,0.03972258387696259,
FIX_E_P1_BALANCED_C_MAX_E10_CA,TOP_STOCK_PNL,002735.SZ,45502.60787999999,-747090.3491754
FIX_E_P1_BALANCED_C_MAX_E10_CA,TOP_STOCK_PNL,002409.SZ,44488.979040000006,-747090.3491754
FIX_E_P1_BALANCED_C_MAX_E10_CA,TOP_STOCK_PNL,002428.SZ,39745.428799999994,-747090.3491754
FIX_E_P1_BALANCED_C_MAX_E10_CA,TOP_STOCK_PNL,300619.SZ,34097.042,-747090.3491754
FIX_E_P1_BALANCED_C_MAX_E10_CA,TOP_STOCK_PNL,600335.SH,25640.20912,-747090.3491754
FIX_E_P1_BALANCED_C_MAX_E10_CA,MAX_INDUSTRY_NAV,historical_industry,0.4068075845445836,1.0
FIX_E_P1_BALANCED_C_MAX_E10_CA,TOP_DAY_RETURN,2020-03-02,0.057508562096187044,
FIX_E_P1_BALANCED_C_MAX_E10_CA,TOP_DAY_RETURN,2020-07-09,0.048549953838572524,
FIX_E_P1_BALANCED_C_MAX_E10_CA,TOP_DAY_RETURN,2023-06-16,0.046601089250779326,
FIX_E_P1_BALANCED_C_MAX_E10_CA,TOP_DAY_RETURN,2023-08-29,0.041860107811442226,
FIX_E_P1_BALANCED_C_MAX_E10_CA,TOP_DAY_RETURN,2020-07-13,0.040729368238609176,
FIX_E_P1_BALANCED_C_MAX_EST,TOP_STOCK_PNL,601908.SH,75150.41604000001,-719237.5650650006
FIX_E_P1_BALANCED_C_MAX_EST,TOP_STOCK_PNL,002791.SZ,58704.51244,-719237.5650650006
FIX_E_P1_BALANCED_C_MAX_EST,TOP_STOCK_PNL,601919.SH,53038.584719999984,-719237.5650650006
FIX_E_P1_BALANCED_C_MAX_EST,TOP_STOCK_PNL,300059.SZ,40793.19552000001,-719237.5650650006
FIX_E_P1_BALANCED_C_MAX_EST,TOP_STOCK_PNL,002735.SZ,38838.80692,-719237.5650650006
FIX_E_P1_BALANCED_C_MAX_EST,MAX_INDUSTRY_NAV,historical_industry,0.543123421259116,1.0
FIX_E_P1_BALANCED_C_MAX_EST,TOP_DAY_RETURN,2020-07-13,0.04869872417344134,
FIX_E_P1_BALANCED_C_MAX_EST,TOP_DAY_RETURN,2020-07-06,0.04637622267355801,
FIX_E_P1_BALANCED_C_MAX_EST,TOP_DAY_RETURN,2020-12-21,0.04270496256397438,
FIX_E_P1_BALANCED_C_MAX_EST,TOP_DAY_RETURN,2023-10-24,0.03932025526693694,
FIX_E_P1_BALANCED_C_MAX_EST,TOP_DAY_RETURN,2023-05-04,0.037468282383235296,
FIX_E_P1_BALANCED_C_ONE_E10,TOP_STOCK_PNL,600581.SH,496497.7119199997,22902.280725599732
FIX_E_P1_BALANCED_C_ONE_E10,TOP_STOCK_PNL,300207.SZ,447465.98160000006,22902.280725599732
FIX_E_P1_BALANCED_C_ONE_E10,TOP_STOCK_PNL,600546.SH,355025.80325999996,22902.280725599732
FIX_E_P1_BALANCED_C_ONE_E10,TOP_STOCK_PNL,600584.SH,252973.03632000007,22902.280725599732
FIX_E_P1_BALANCED_C_ONE_E10,TOP_STOCK_PNL,002585.SZ,250909.4569999997,22902.280725599732
FIX_E_P1_BALANCED_C_ONE_E10,MAX_INDUSTRY_NAV,historical_industry,0.9998945289209571,1.0
FIX_E_P1_BALANCED_C_ONE_E10,TOP_DAY_RETURN,2023-11-17,0.18849344117167965,
FIX_E_P1_BALANCED_C_ONE_E10,TOP_DAY_RETURN,2023-11-20,0.10759555184508485,
FIX_E_P1_BALANCED_C_ONE_E10,TOP_DAY_RETURN,2021-09-09,0.09999047655129667,
FIX_E_P1_BALANCED_C_ONE_E10,TOP_DAY_RETURN,2021-09-07,0.09891718819736361,
FIX_E_P1_BALANCED_C_ONE_E10,TOP_DAY_RETURN,2023-08-29,0.09758855948175871,
FIX_E_P1_BALANCED_C_ONE_EST,TOP_STOCK_PNL,000615.SZ,1333897.0419600003,386037.089630098
FIX_E_P1_BALANCED_C_ONE_EST,TOP_STOCK_PNL,601908.SH,650281.15104,386037.089630098
FIX_E_P1_BALANCED_C_ONE_EST,TOP_STOCK_PNL,600581.SH,416228.19455999974,386037.089630098
FIX_E_P1_BALANCED_C_ONE_EST,TOP_STOCK_PNL,002585.SZ,375595.06895999983,386037.089630098
FIX_E_P1_BALANCED_C_ONE_EST,TOP_STOCK_PNL,002992.SZ,290796.24321,386037.089630098
FIX_E_P1_BALANCED_C_ONE_EST,MAX_INDUSTRY_NAV,historical_industry,0.9986592795947961,1.0
FIX_E_P1_BALANCED_C_ONE_EST,TOP_DAY_RETURN,2023-11-17,0.17109099396544525,
FIX_E_P1_BALANCED_C_ONE_EST,TOP_DAY_RETURN,2021-01-08,0.09931773302457758,
FIX_E_P1_BALANCED_C_ONE_EST,TOP_DAY_RETURN,2021-01-06,0.09930930458992493,
FIX_E_P1_BALANCED_C_ONE_EST,TOP_DAY_RETURN,2020-12-28,0.0992457546095249,
FIX_E_P1_BALANCED_C_ONE_EST,TOP_DAY_RETURN,2023-11-20,0.09911317118796359,
FIX_E_P2_PHASE_C_10_E10,TOP_STOCK_PNL,600338.SH,54508.07579999999,-522575.11028510076
FIX_E_P2_PHASE_C_10_E10,TOP_STOCK_PNL,000856.SZ,41538.22367999999,-522575.11028510076
FIX_E_P2_PHASE_C_10_E10,TOP_STOCK_PNL,002735.SZ,38926.080119999984,-522575.11028510076
FIX_E_P2_PHASE_C_10_E10,TOP_STOCK_PNL,300677.SZ,34811.95437999999,-522575.11028510076
FIX_E_P2_PHASE_C_10_E10,TOP_STOCK_PNL,002240.SZ,33511.27832,-522575.11028510076
FIX_E_P2_PHASE_C_10_E10,MAX_INDUSTRY_NAV,historical_industry,0.4201177160563767,1.0
FIX_E_P2_PHASE_C_10_E10,TOP_DAY_RETURN,2020-10-12,0.052673049907615344,
FIX_E_P2_PHASE_C_10_E10,TOP_DAY_RETURN,2020-02-04,0.051735701016316415,
FIX_E_P2_PHASE_C_10_E10,TOP_DAY_RETURN,2020-02-18,0.04742710139015016,
FIX_E_P2_PHASE_C_10_E10,TOP_DAY_RETURN,2021-07-21,0.04583841001204347,
FIX_E_P2_PHASE_C_10_E10,TOP_DAY_RETURN,2021-09-02,0.04087320816012863,
FIX_E_P2_PHASE_C_10_EST,TOP_STOCK_PNL,000983.SZ,60781.88399999999,-707567.7022314008
FIX_E_P2_PHASE_C_10_EST,TOP_STOCK_PNL,002735.SZ,38910.132559999984,-707567.7022314008
FIX_E_P2_PHASE_C_10_EST,TOP_STOCK_PNL,002791.SZ,36899.91536,-707567.7022314008
FIX_E_P2_PHASE_C_10_EST,TOP_STOCK_PNL,000856.SZ,34163.02364,-707567.7022314008
FIX_E_P2_PHASE_C_10_EST,TOP_STOCK_PNL,300680.SZ,30969.134839999984,-707567.7022314008
FIX_E_P2_PHASE_C_10_EST,MAX_INDUSTRY_NAV,historical_industry,0.6137313723775861,1.0
FIX_E_P2_PHASE_C_10_EST,TOP_DAY_RETURN,2021-09-07,0.059260285423412995,
FIX_E_P2_PHASE_C_10_EST,TOP_DAY_RETURN,2021-07-12,0.05523805093379219,
FIX_E_P2_PHASE_C_10_EST,TOP_DAY_RETURN,2021-09-09,0.04318097678530175,
FIX_E_P2_PHASE_C_10_EST,TOP_DAY_RETURN,2020-04-20,0.043050788161646425,
FIX_E_P2_PHASE_C_10_EST,TOP_DAY_RETURN,2021-09-02,0.0391641729458605,
FIX_E_P2_PHASE_C_MAX_E10,TOP_STOCK_PNL,600338.SH,49164.1468,-525146.2493554002
FIX_E_P2_PHASE_C_MAX_E10,TOP_STOCK_PNL,000856.SZ,44400.498600000006,-525146.2493554002
FIX_E_P2_PHASE_C_MAX_E10,TOP_STOCK_PNL,002735.SZ,43432.17487999998,-525146.2493554002
FIX_E_P2_PHASE_C_MAX_E10,TOP_STOCK_PNL,600603.SH,39942.72314,-525146.2493554002
FIX_E_P2_PHASE_C_MAX_E10,TOP_STOCK_PNL,603703.SH,37040.22,-525146.2493554002
FIX_E_P2_PHASE_C_MAX_E10,MAX_INDUSTRY_NAV,historical_industry,0.525040034361174,1.0
FIX_E_P2_PHASE_C_MAX_E10,TOP_DAY_RETURN,2020-10-12,0.058142521734314334,
FIX_E_P2_PHASE_C_MAX_E10,TOP_DAY_RETURN,2020-02-04,0.054835661898946064,
FIX_E_P2_PHASE_C_MAX_E10,TOP_DAY_RETURN,2021-07-21,0.046126806733483905,
FIX_E_P2_PHASE_C_MAX_E10,TOP_DAY_RETURN,2022-01-28,0.04315608501707002,
FIX_E_P2_PHASE_C_MAX_E10,TOP_DAY_RETURN,2020-07-13,0.04181953341204081,
FIX_E_P2_PHASE_C_MAX_EST,TOP_STOCK_PNL,000983.SZ,49233.32604,-733914.8145661007
FIX_E_P2_PHASE_C_MAX_EST,TOP_STOCK_PNL,300677.SZ,35700.04964,-733914.8145661007
FIX_E_P2_PHASE_C_MAX_EST,TOP_STOCK_PNL,002735.SZ,35502.79712000002,-733914.8145661007
FIX_E_P2_PHASE_C_MAX_EST,TOP_STOCK_PNL,002791.SZ,34961.974040000016,-733914.8145661007
FIX_E_P2_PHASE_C_MAX_EST,TOP_STOCK_PNL,002006.SZ,31842.308000000005,-733914.8145661007
FIX_E_P2_PHASE_C_MAX_EST,MAX_INDUSTRY_NAV,historical_industry,0.6285856155677377,1.0
FIX_E_P2_PHASE_C_MAX_EST,TOP_DAY_RETURN,2021-07-12,0.060025852117097545,
FIX_E_P2_PHASE_C_MAX_EST,TOP_DAY_RETURN,2021-09-07,0.056699139247099684,
FIX_E_P2_PHASE_C_MAX_EST,TOP_DAY_RETURN,2020-04-20,0.04927743668507212,
FIX_E_P2_PHASE_C_MAX_EST,TOP_DAY_RETURN,2021-09-09,0.04283988080026946,
FIX_E_P2_PHASE_C_MAX_EST,TOP_DAY_RETURN,2021-09-02,0.03964786638218909,
FIX_E_P2_PHASE_C_ONE_E10,TOP_STOCK_PNL,600581.SH,197002.74575999985,-617987.5079851
FIX_E_P2_PHASE_C_ONE_E10,TOP_STOCK_PNL,600151.SH,105618.98019999999,-617987.5079851
FIX_E_P2_PHASE_C_ONE_E10,TOP_STOCK_PNL,300779.SZ,92531.58980000002,-617987.5079851
FIX_E_P2_PHASE_C_ONE_E10,TOP_STOCK_PNL,002585.SZ,92527.28799999971,-617987.5079851
FIX_E_P2_PHASE_C_ONE_E10,TOP_STOCK_PNL,688078.SH,84621.73016879993,-617987.5079851
FIX_E_P2_PHASE_C_ONE_E10,MAX_INDUSTRY_NAV,historical_industry,0.9994296334101436,1.0
FIX_E_P2_PHASE_C_ONE_E10,TOP_DAY_RETURN,2021-09-09,0.09997486087186847,
FIX_E_P2_PHASE_C_ONE_E10,TOP_DAY_RETURN,2021-10-21,0.09919126802240763,
FIX_E_P2_PHASE_C_ONE_E10,TOP_DAY_RETURN,2021-09-07,0.09890061727738253,
FIX_E_P2_PHASE_C_ONE_E10,TOP_DAY_RETURN,2020-02-20,0.09853444731217409,
FIX_E_P2_PHASE_C_ONE_E10,TOP_DAY_RETURN,2022-03-10,0.09827519337159107,
FIX_E_P2_PHASE_C_ONE_EST,TOP_STOCK_PNL,600581.SH,111879.40416000003,-857507.5232268014
FIX_E_P2_PHASE_C_ONE_EST,TOP_STOCK_PNL,002938.SZ,89844.07572000008,-857507.5232268014
FIX_E_P2_PHASE_C_ONE_EST,TOP_STOCK_PNL,300005.SZ,83258.46779999998,-857507.5232268014
FIX_E_P2_PHASE_C_ONE_EST,TOP_STOCK_PNL,002735.SZ,56763.42503999997,-857507.5232268014
FIX_E_P2_PHASE_C_ONE_EST,TOP_STOCK_PNL,002420.SZ,44337.7159999999,-857507.5232268014
FIX_E_P2_PHASE_C_ONE_EST,MAX_INDUSTRY_NAV,historical_industry,0.9995603023427103,1.0
FIX_E_P2_PHASE_C_ONE_EST,TOP_DAY_RETURN,2021-07-12,0.11917479085497384,
FIX_E_P2_PHASE_C_ONE_EST,TOP_DAY_RETURN,2021-09-09,0.09994538380824292,
FIX_E_P2_PHASE_C_ONE_EST,TOP_DAY_RETURN,2021-09-07,0.0988693380716783,
FIX_E_P2_PHASE_C_ONE_EST,TOP_DAY_RETURN,2021-01-20,0.09728446107834299,
FIX_E_P2_PHASE_C_ONE_EST,TOP_DAY_RETURN,2023-03-17,0.09393726529190127,
FIX_E_P3_CORROBORATE_C_10_E10,TOP_STOCK_PNL,600283.SH,67013.45999999996,-372008.3320467005
FIX_E_P3_CORROBORATE_C_10_E10,TOP_STOCK_PNL,300619.SZ,57964.97140000001,-372008.3320467005
FIX_E_P3_CORROBORATE_C_10_E10,TOP_STOCK_PNL,300677.SZ,44137.62767999999,-372008.3320467005
FIX_E_P3_CORROBORATE_C_10_E10,TOP_STOCK_PNL,600328.SH,42190.655359999975,-372008.3320467005
FIX_E_P3_CORROBORATE_C_10_E10,TOP_STOCK_PNL,000626.SZ,38478.31968,-372008.3320467005
FIX_E_P3_CORROBORATE_C_10_E10,MAX_INDUSTRY_NAV,historical_industry,0.49127772295903677,1.0
FIX_E_P3_CORROBORATE_C_10_E10,TOP_DAY_RETURN,2021-07-12,0.0639370820181473,
FIX_E_P3_CORROBORATE_C_10_E10,TOP_DAY_RETURN,2020-07-13,0.04218767815436375,
FIX_E_P3_CORROBORATE_C_10_E10,TOP_DAY_RETURN,2021-09-07,0.041193270553815386,
FIX_E_P3_CORROBORATE_C_10_E10,TOP_DAY_RETURN,2023-06-16,0.038875271637160314,
FIX_E_P3_CORROBORATE_C_10_E10,TOP_DAY_RETURN,2023-05-26,0.03826047281748446,
FIX_E_P3_CORROBORATE_C_10_EST,TOP_STOCK_PNL,000403.SZ,83584.12216,-595179.8397235003
FIX_E_P3_CORROBORATE_C_10_EST,TOP_STOCK_PNL,000615.SZ,66748.68168,-595179.8397235003
FIX_E_P3_CORROBORATE_C_10_EST,TOP_STOCK_PNL,000983.SZ,60174.06516,-595179.8397235003
FIX_E_P3_CORROBORATE_C_10_EST,TOP_STOCK_PNL,300619.SZ,50337.20951999999,-595179.8397235003
FIX_E_P3_CORROBORATE_C_10_EST,TOP_STOCK_PNL,000683.SZ,38764.4856,-595179.8397235003
FIX_E_P3_CORROBORATE_C_10_EST,MAX_INDUSTRY_NAV,historical_industry,0.3924008122462151,1.0
FIX_E_P3_CORROBORATE_C_10_EST,TOP_DAY_RETURN,2021-09-07,0.04491167849271083,
FIX_E_P3_CORROBORATE_C_10_EST,TOP_DAY_RETURN,2020-07-13,0.043119445357973296,
FIX_E_P3_CORROBORATE_C_10_EST,TOP_DAY_RETURN,2021-07-12,0.040667200415521965,
FIX_E_P3_CORROBORATE_C_10_EST,TOP_DAY_RETURN,2021-09-02,0.04026099108543946,
FIX_E_P3_CORROBORATE_C_10_EST,TOP_DAY_RETURN,2020-03-10,0.039382398559482557,
FIX_E_P3_CORROBORATE_C_MAX_E10,TOP_STOCK_PNL,301159.SZ,97663.72608,-397357.97062910016
FIX_E_P3_CORROBORATE_C_MAX_E10,TOP_STOCK_PNL,600283.SH,91212.76499999998,-397357.97062910016
FIX_E_P3_CORROBORATE_C_MAX_E10,TOP_STOCK_PNL,600984.SH,85391.60192000004,-397357.97062910016
FIX_E_P3_CORROBORATE_C_MAX_E10,TOP_STOCK_PNL,300619.SZ,68194.084,-397357.97062910016
FIX_E_P3_CORROBORATE_C_MAX_E10,TOP_STOCK_PNL,002410.SZ,66744.66480000003,-397357.97062910016
FIX_E_P3_CORROBORATE_C_MAX_E10,MAX_INDUSTRY_NAV,historical_industry,0.9848875471178582,1.0
FIX_E_P3_CORROBORATE_C_MAX_E10,TOP_DAY_RETURN,2023-08-22,0.11253428507055774,
FIX_E_P3_CORROBORATE_C_MAX_E10,TOP_DAY_RETURN,2023-08-23,0.10413408734253493,
FIX_E_P3_CORROBORATE_C_MAX_E10,TOP_DAY_RETURN,2022-08-17,0.0948682621446566,
FIX_E_P3_CORROBORATE_C_MAX_E10,TOP_DAY_RETURN,2022-08-18,0.08649342199553711,
FIX_E_P3_CORROBORATE_C_MAX_E10,TOP_DAY_RETURN,2023-08-17,0.0723277174557384,
FIX_E_P3_CORROBORATE_C_MAX_EST,TOP_STOCK_PNL,000983.SZ,704462.0355599998,-236043.11044260056
FIX_E_P3_CORROBORATE_C_MAX_EST,TOP_STOCK_PNL,000615.SZ,242233.119,-236043.11044260056
FIX_E_P3_CORROBORATE_C_MAX_EST,TOP_STOCK_PNL,301159.SZ,159114.31689999998,-236043.11044260056
FIX_E_P3_CORROBORATE_C_MAX_EST,TOP_STOCK_PNL,300619.SZ,154883.7216,-236043.11044260056
FIX_E_P3_CORROBORATE_C_MAX_EST,TOP_STOCK_PNL,300702.SZ,136512.47024,-236043.11044260056
FIX_E_P3_CORROBORATE_C_MAX_EST,MAX_INDUSTRY_NAV,historical_industry,0.9888744414343383,1.0
FIX_E_P3_CORROBORATE_C_MAX_EST,TOP_DAY_RETURN,2023-08-22,0.16752071426655024,
FIX_E_P3_CORROBORATE_C_MAX_EST,TOP_DAY_RETURN,2023-08-23,0.1596188407818948,
FIX_E_P3_CORROBORATE_C_MAX_EST,TOP_DAY_RETURN,2023-08-17,0.09817845942722103,
FIX_E_P3_CORROBORATE_C_MAX_EST,TOP_DAY_RETURN,2021-09-07,0.08228976341104355,
FIX_E_P3_CORROBORATE_C_MAX_EST,TOP_DAY_RETURN,2021-09-08,0.07934706840828465,
FIX_E_P3_CORROBORATE_C_ONE_E10,TOP_STOCK_PNL,600328.SH,386496.5392799999,-400850.7156789008
FIX_E_P3_CORROBORATE_C_ONE_E10,TOP_STOCK_PNL,002028.SZ,359410.94272000017,-400850.7156789008
FIX_E_P3_CORROBORATE_C_ONE_E10,TOP_STOCK_PNL,600597.SH,150388.45056000003,-400850.7156789008
FIX_E_P3_CORROBORATE_C_ONE_E10,TOP_STOCK_PNL,000513.SZ,143710.14048000006,-400850.7156789008
FIX_E_P3_CORROBORATE_C_ONE_E10,TOP_STOCK_PNL,002410.SZ,131466.7640000002,-400850.7156789008
FIX_E_P3_CORROBORATE_C_ONE_E10,MAX_INDUSTRY_NAV,historical_industry,0.9990469639507322,1.0
FIX_E_P3_CORROBORATE_C_ONE_E10,TOP_DAY_RETURN,2021-06-30,0.1652462832705559,
FIX_E_P3_CORROBORATE_C_ONE_E10,TOP_DAY_RETURN,2020-11-16,0.10668519172302449,
FIX_E_P3_CORROBORATE_C_ONE_E10,TOP_DAY_RETURN,2020-02-20,0.0981025229956527,
FIX_E_P3_CORROBORATE_C_ONE_E10,TOP_DAY_RETURN,2021-09-13,0.09809353560459644,
FIX_E_P3_CORROBORATE_C_ONE_E10,TOP_DAY_RETURN,2021-09-08,0.09778962434721716,
FIX_E_P3_CORROBORATE_C_ONE_EST,TOP_STOCK_PNL,000983.SZ,1618013.75208,2133125.1863083993
FIX_E_P3_CORROBORATE_C_ONE_EST,TOP_STOCK_PNL,000615.SZ,751460.9647199999,2133125.1863083993
FIX_E_P3_CORROBORATE_C_ONE_EST,TOP_STOCK_PNL,300688.SZ,686538.0413899999,2133125.1863083993
FIX_E_P3_CORROBORATE_C_ONE_EST,TOP_STOCK_PNL,000155.SZ,516527.4424000003,2133125.1863083993
FIX_E_P3_CORROBORATE_C_ONE_EST,TOP_STOCK_PNL,000408.SZ,326352.73999999976,2133125.1863083993
FIX_E_P3_CORROBORATE_C_ONE_EST,MAX_INDUSTRY_NAV,historical_industry,0.9897959130813815,1.0
FIX_E_P3_CORROBORATE_C_ONE_EST,TOP_DAY_RETURN,2020-12-23,0.11476403249641987,
FIX_E_P3_CORROBORATE_C_ONE_EST,TOP_DAY_RETURN,2023-05-26,0.10495788050918953,
FIX_E_P3_CORROBORATE_C_ONE_EST,TOP_DAY_RETURN,2020-02-20,0.09877120628535763,
FIX_E_P3_CORROBORATE_C_ONE_EST,TOP_DAY_RETURN,2021-07-20,0.09802370031143992,
FIX_E_P3_CORROBORATE_C_ONE_EST,TOP_DAY_RETURN,2021-07-13,0.09790086296171796,
FIX_Q3_BASE_C_10_E10_CA,TOP_STOCK_PNL,300059.SZ,46921.923760000005,-518834.7873838
FIX_Q3_BASE_C_10_E10_CA,TOP_STOCK_PNL,000626.SZ,35778.08672000001,-518834.7873838
FIX_Q3_BASE_C_10_E10_CA,TOP_STOCK_PNL,000155.SZ,34643.75736,-518834.7873838
FIX_Q3_BASE_C_10_E10_CA,TOP_STOCK_PNL,600172.SH,28259.91556000001,-518834.7873838
FIX_Q3_BASE_C_10_E10_CA,TOP_STOCK_PNL,600773.SH,24683.08847999999,-518834.7873838
FIX_Q3_BASE_C_10_E10_CA,MAX_INDUSTRY_NAV,historical_industry,0.48881332727782495,1.0
FIX_Q3_BASE_C_10_E10_CA,TOP_DAY_RETURN,2021-06-17,0.04271502501590674,
FIX_Q3_BASE_C_10_E10_CA,TOP_DAY_RETURN,2021-07-12,0.04258732466719284,
FIX_Q3_BASE_C_10_E10_CA,TOP_DAY_RETURN,2023-08-29,0.03792654439056076,
FIX_Q3_BASE_C_10_E10_CA,TOP_DAY_RETURN,2020-07-13,0.03699155720946723,
FIX_Q3_BASE_C_10_E10_CA,TOP_DAY_RETURN,2020-10-09,0.030671653839445145,
FIX_Q3_BASE_C_10_EST,TOP_STOCK_PNL,600196.SH,80881.59519999998,-545651.6004702
FIX_Q3_BASE_C_10_EST,TOP_STOCK_PNL,601101.SH,61613.298039999994,-545651.6004702
FIX_Q3_BASE_C_10_EST,TOP_STOCK_PNL,603882.SH,55426.202160000015,-545651.6004702
FIX_Q3_BASE_C_10_EST,TOP_STOCK_PNL,300059.SZ,51864.570080000005,-545651.6004702
FIX_Q3_BASE_C_10_EST,TOP_STOCK_PNL,300601.SZ,46769.01816000001,-545651.6004702
FIX_Q3_BASE_C_10_EST,MAX_INDUSTRY_NAV,historical_industry,0.507425451653242,1.0
FIX_Q3_BASE_C_10_EST,TOP_DAY_RETURN,2021-07-12,0.04671220515791452,
FIX_Q3_BASE_C_10_EST,TOP_DAY_RETURN,2020-07-13,0.04295653735065197,
FIX_Q3_BASE_C_10_EST,TOP_DAY_RETURN,2021-09-02,0.041698757525807206,
FIX_Q3_BASE_C_10_EST,TOP_DAY_RETURN,2021-01-05,0.03881622455619316,
FIX_Q3_BASE_C_10_EST,TOP_DAY_RETURN,2020-07-21,0.03874067995135655,
FIX_Q3_BASE_C_MAX_E10,TOP_STOCK_PNL,688116.SH,227076.07085759973,-580392.2730925
FIX_Q3_BASE_C_MAX_E10,TOP_STOCK_PNL,002176.SZ,161928.01211999997,-580392.2730925
FIX_Q3_BASE_C_MAX_E10,TOP_STOCK_PNL,300332.SZ,90575.12640000007,-580392.2730925
FIX_Q3_BASE_C_MAX_E10,TOP_STOCK_PNL,603863.SH,87763.53874999998,-580392.2730925
FIX_Q3_BASE_C_MAX_E10,TOP_STOCK_PNL,600436.SH,85247.01000000001,-580392.2730925
FIX_Q3_BASE_C_MAX_E10,MAX_INDUSTRY_NAV,historical_industry,0.9819170399419068,1.0
FIX_Q3_BASE_C_MAX_E10,TOP_DAY_RETURN,2021-07-12,0.1486635497713158,
FIX_Q3_BASE_C_MAX_E10,TOP_DAY_RETURN,2022-02-25,0.09561334948650502,
FIX_Q3_BASE_C_MAX_E10,TOP_DAY_RETURN,2022-05-10,0.08766269116756154,
FIX_Q3_BASE_C_MAX_E10,TOP_DAY_RETURN,2020-04-08,0.08291991128420007,
FIX_Q3_BASE_C_MAX_E10,TOP_DAY_RETURN,2021-07-21,0.07714366470691636,
FIX_Q3_BASE_C_MAX_EST,TOP_STOCK_PNL,601101.SH,405350.645,-414802.67391349986
FIX_Q3_BASE_C_MAX_EST,TOP_STOCK_PNL,603863.SH,179858.20086999997,-414802.67391349986
FIX_Q3_BASE_C_MAX_EST,TOP_STOCK_PNL,600196.SH,150208.67680000004,-414802.67391349986
FIX_Q3_BASE_C_MAX_EST,TOP_STOCK_PNL,000683.SZ,110102.46832000001,-414802.67391349986
FIX_Q3_BASE_C_MAX_EST,TOP_STOCK_PNL,603800.SH,83944.12111000001,-414802.67391349986
FIX_Q3_BASE_C_MAX_EST,MAX_INDUSTRY_NAV,historical_industry,0.986600254411329,1.0
FIX_Q3_BASE_C_MAX_EST,TOP_DAY_RETURN,2022-05-10,0.0985092456160539,
FIX_Q3_BASE_C_MAX_EST,TOP_DAY_RETURN,2020-04-08,0.0923864149579765,
FIX_Q3_BASE_C_MAX_EST,TOP_DAY_RETURN,2021-09-02,0.07994637452908337,
FIX_Q3_BASE_C_MAX_EST,TOP_DAY_RETURN,2021-07-29,0.07342834919964636,
FIX_Q3_BASE_C_MAX_EST,TOP_DAY_RETURN,2023-10-27,0.07021359064680888,
FIX_Q3_BASE_C_ONE_E10,TOP_STOCK_PNL,002529.SZ,430878.7677599997,58137.503937199566
FIX_Q3_BASE_C_ONE_E10,TOP_STOCK_PNL,300332.SZ,407793.92136000004,58137.503937199566
FIX_Q3_BASE_C_ONE_E10,TOP_STOCK_PNL,600172.SH,371296.84224000014,58137.503937199566
FIX_Q3_BASE_C_ONE_E10,TOP_STOCK_PNL,688116.SH,342113.5927007997,58137.503937199566
FIX_Q3_BASE_C_ONE_E10,TOP_STOCK_PNL,002594.SZ,286128.7920799998,58137.503937199566
FIX_Q3_BASE_C_ONE_E10,MAX_INDUSTRY_NAV,historical_industry,0.9998031421393837,1.0
FIX_Q3_BASE_C_ONE_E10,TOP_DAY_RETURN,2021-07-12,0.12647670026932878,
FIX_Q3_BASE_C_ONE_E10,TOP_DAY_RETURN,2023-05-05,0.11423334840460586,
FIX_Q3_BASE_C_ONE_E10,TOP_DAY_RETURN,2020-09-22,0.10103560187050165,
FIX_Q3_BASE_C_ONE_E10,TOP_DAY_RETURN,2020-02-20,0.09816002020337233,
FIX_Q3_BASE_C_ONE_E10,TOP_DAY_RETURN,2022-05-10,0.09810678227511871,
FIX_Q3_BASE_C_ONE_EST,TOP_STOCK_PNL,600196.SH,1172783.1304000004,1231675.0520616008
FIX_Q3_BASE_C_ONE_EST,TOP_STOCK_PNL,601101.SH,758816.4074400002,1231675.0520616008
FIX_Q3_BASE_C_ONE_EST,TOP_STOCK_PNL,002594.SZ,474852.03792000003,1231675.0520616008
FIX_Q3_BASE_C_ONE_EST,TOP_STOCK_PNL,300225.SZ,384874.4619199997,1231675.0520616008
FIX_Q3_BASE_C_ONE_EST,TOP_STOCK_PNL,000807.SZ,342013.7818,1231675.0520616008
FIX_Q3_BASE_C_ONE_EST,MAX_INDUSTRY_NAV,historical_industry,0.9986746444212341,1.0
FIX_Q3_BASE_C_ONE_EST,TOP_DAY_RETURN,2020-09-22,0.10104728147995146,
FIX_Q3_BASE_C_ONE_EST,TOP_DAY_RETURN,2021-05-10,0.10013827276670795,
FIX_Q3_BASE_C_ONE_EST,TOP_DAY_RETURN,2020-07-23,0.09898730055381044,
FIX_Q3_BASE_C_ONE_EST,TOP_DAY_RETURN,2020-07-27,0.09898548120301265,
FIX_Q3_BASE_C_ONE_EST,TOP_DAY_RETURN,2020-08-05,0.09881947441563388,
FIX_Q3_ENHANCED_C_10_E10,TOP_STOCK_PNL,300059.SZ,40776.2328,-324659.5185883001
FIX_Q3_ENHANCED_C_10_E10,TOP_STOCK_PNL,688122.SH,38585.88850079998,-324659.5185883001
FIX_Q3_ENHANCED_C_10_E10,TOP_STOCK_PNL,002176.SZ,37827.80843999999,-324659.5185883001
FIX_Q3_ENHANCED_C_10_E10,TOP_STOCK_PNL,000683.SZ,37819.611200000014,-324659.5185883001
FIX_Q3_ENHANCED_C_10_E10,TOP_STOCK_PNL,688116.SH,37529.28468720001,-324659.5185883001
FIX_Q3_ENHANCED_C_10_E10,MAX_INDUSTRY_NAV,historical_industry,0.43404745696038566,1.0
FIX_Q3_ENHANCED_C_10_E10,TOP_DAY_RETURN,2023-06-09,0.05638030654617743,
FIX_Q3_ENHANCED_C_10_E10,TOP_DAY_RETURN,2021-06-17,0.042304821956744565,
FIX_Q3_ENHANCED_C_10_E10,TOP_DAY_RETURN,2020-07-13,0.042014076116231536,
FIX_Q3_ENHANCED_C_10_E10,TOP_DAY_RETURN,2021-07-21,0.04028978607844169,
FIX_Q3_ENHANCED_C_10_E10,TOP_DAY_RETURN,2021-07-12,0.039233974707650665,
FIX_Q3_ENHANCED_C_10_EST,TOP_STOCK_PNL,002176.SZ,93704.96392,-298003.18422570045
FIX_Q3_ENHANCED_C_10_EST,TOP_STOCK_PNL,600196.SH,81161.68479999999,-298003.18422570045
FIX_Q3_ENHANCED_C_10_EST,TOP_STOCK_PNL,000683.SZ,61527.486719999986,-298003.18422570045
FIX_Q3_ENHANCED_C_10_EST,TOP_STOCK_PNL,300059.SZ,56707.23264,-298003.18422570045
FIX_Q3_ENHANCED_C_10_EST,TOP_STOCK_PNL,002245.SZ,46901.17148000002,-298003.18422570045
FIX_Q3_ENHANCED_C_10_EST,MAX_INDUSTRY_NAV,historical_industry,0.40730560766724117,1.0
FIX_Q3_ENHANCED_C_10_EST,TOP_DAY_RETURN,2021-07-12,0.046608020410797035,
FIX_Q3_ENHANCED_C_10_EST,TOP_DAY_RETURN,2021-07-21,0.045689452055933666,
FIX_Q3_ENHANCED_C_10_EST,TOP_DAY_RETURN,2020-12-23,0.043693890872119834,
FIX_Q3_ENHANCED_C_10_EST,TOP_DAY_RETURN,2020-07-13,0.03964218741752634,
FIX_Q3_ENHANCED_C_10_EST,TOP_DAY_RETURN,2020-08-05,0.039078969373256944,
FIX_Q3_ENHANCED_C_MAX_E10,TOP_STOCK_PNL,000807.SZ,86363.47140000004,-414267.6568788002
FIX_Q3_ENHANCED_C_MAX_E10,TOP_STOCK_PNL,002176.SZ,82726.23528000002,-414267.6568788002
FIX_Q3_ENHANCED_C_MAX_E10,TOP_STOCK_PNL,600316.SH,76423.51464000001,-414267.6568788002
FIX_Q3_ENHANCED_C_MAX_E10,TOP_STOCK_PNL,002326.SZ,74080.63744000002,-414267.6568788002
FIX_Q3_ENHANCED_C_MAX_E10,TOP_STOCK_PNL,002475.SZ,69170.99952000001,-414267.6568788002
FIX_Q3_ENHANCED_C_MAX_E10,MAX_INDUSTRY_NAV,historical_industry,0.9887528147901417,1.0
FIX_Q3_ENHANCED_C_MAX_E10,TOP_DAY_RETURN,2021-07-21,0.08048939351896789,
FIX_Q3_ENHANCED_C_MAX_E10,TOP_DAY_RETURN,2021-06-17,0.0754507629627128,
FIX_Q3_ENHANCED_C_MAX_E10,TOP_DAY_RETURN,2023-06-09,0.061896117467129086,
FIX_Q3_ENHANCED_C_MAX_E10,TOP_DAY_RETURN,2021-06-18,0.054231437044585995,
FIX_Q3_ENHANCED_C_MAX_E10,TOP_DAY_RETURN,2020-07-13,0.0537510496439606,
FIX_Q3_ENHANCED_C_MAX_EST,TOP_STOCK_PNL,300059.SZ,117811.79776000002,-153368.5482179997
FIX_Q3_ENHANCED_C_MAX_EST,TOP_STOCK_PNL,300677.SZ,98732.16068000003,-153368.5482179997
FIX_Q3_ENHANCED_C_MAX_EST,TOP_STOCK_PNL,002176.SZ,90921.64815999998,-153368.5482179997
FIX_Q3_ENHANCED_C_MAX_EST,TOP_STOCK_PNL,600196.SH,86958.948,-153368.5482179997
FIX_Q3_ENHANCED_C_MAX_EST,TOP_STOCK_PNL,002415.SZ,76896.91243999999,-153368.5482179997
FIX_Q3_ENHANCED_C_MAX_EST,MAX_INDUSTRY_NAV,historical_industry,0.990596514133021,1.0
FIX_Q3_ENHANCED_C_MAX_EST,TOP_DAY_RETURN,2021-10-25,0.06325053707280603,
FIX_Q3_ENHANCED_C_MAX_EST,TOP_DAY_RETURN,2021-06-17,0.06124599290128896,
FIX_Q3_ENHANCED_C_MAX_EST,TOP_DAY_RETURN,2021-07-05,0.05256055711295704,
FIX_Q3_ENHANCED_C_MAX_EST,TOP_DAY_RETURN,2021-06-23,0.04988026235278897,
FIX_Q3_ENHANCED_C_MAX_EST,TOP_DAY_RETURN,2021-05-10,0.04802689120452808,
FIX_Q3_ENHANCED_C_ONE_E10,TOP_STOCK_PNL,600707.SH,229745.59044000017,-418256.91694999987
FIX_Q3_ENHANCED_C_ONE_E10,TOP_STOCK_PNL,002594.SZ,147028.19999999995,-418256.91694999987
FIX_Q3_ENHANCED_C_ONE_E10,TOP_STOCK_PNL,603501.SH,65526.24623999989,-418256.91694999987
FIX_Q3_ENHANCED_C_ONE_E10,TOP_STOCK_PNL,300059.SZ,41625.28416000004,-418256.91694999987
FIX_Q3_ENHANCED_C_ONE_E10,TOP_STOCK_PNL,600519.SH,25480.915200000047,-418256.91694999987
FIX_Q3_ENHANCED_C_ONE_E10,MAX_INDUSTRY_NAV,historical_industry,0.9987969986771784,1.0
FIX_Q3_ENHANCED_C_ONE_E10,TOP_DAY_RETURN,2021-03-15,0.10040462244917125,
FIX_Q3_ENHANCED_C_ONE_E10,TOP_DAY_RETURN,2021-03-17,0.09948104954093306,
FIX_Q3_ENHANCED_C_ONE_E10,TOP_DAY_RETURN,2020-06-19,0.08080344384828164,
FIX_Q3_ENHANCED_C_ONE_E10,TOP_DAY_RETURN,2021-01-04,0.06264766964780821,
FIX_Q3_ENHANCED_C_ONE_E10,TOP_DAY_RETURN,2021-01-05,0.062171729614925786,
FIX_Q3_ENHANCED_C_ONE_EST,TOP_STOCK_PNL,300059.SZ,476725.90448,-120092.89810000034
FIX_Q3_ENHANCED_C_ONE_EST,TOP_STOCK_PNL,002594.SZ,192658.00031999988,-120092.89810000034
FIX_Q3_ENHANCED_C_ONE_EST,TOP_STOCK_PNL,600519.SH,1558.3724799999036,-120092.89810000034
FIX_Q3_ENHANCED_C_ONE_EST,TOP_STOCK_PNL,300606.SZ,-57378.94813999976,-120092.89810000034
FIX_Q3_ENHANCED_C_ONE_EST,TOP_STOCK_PNL,603501.SH,-58693.56688000017,-120092.89810000034
FIX_Q3_ENHANCED_C_ONE_EST,MAX_INDUSTRY_NAV,historical_industry,0.9987465695944425,1.0
FIX_Q3_ENHANCED_C_ONE_EST,TOP_DAY_RETURN,2020-07-08,0.09993063056792417,
FIX_Q3_ENHANCED_C_ONE_EST,TOP_DAY_RETURN,2020-06-30,0.09171152976439534,
FIX_Q3_ENHANCED_C_ONE_EST,TOP_DAY_RETURN,2020-07-06,0.08757954529713419,
FIX_Q3_ENHANCED_C_ONE_EST,TOP_DAY_RETURN,2020-07-02,0.08186864673072503,
FIX_Q3_ENHANCED_C_ONE_EST,TOP_DAY_RETURN,2020-07-14,0.07679071908575819,
PARITY_H02_C_10,TOP_STOCK_PNL,600657.SH,100869.42551999999,354308.87568309996
PARITY_H02_C_10,TOP_STOCK_PNL,002850.SZ,79847.59799999995,354308.87568309996
PARITY_H02_C_10,TOP_STOCK_PNL,300491.SZ,59921.43669,354308.87568309996
PARITY_H02_C_10,TOP_STOCK_PNL,000612.SZ,56455.60788000001,354308.87568309996
PARITY_H02_C_10,TOP_STOCK_PNL,300389.SZ,54310.520159999985,354308.87568309996
PARITY_H02_C_10,MAX_INDUSTRY_NAV,historical_industry,0.4135184612629816,1.0
PARITY_H02_C_10,TOP_DAY_RETURN,2021-07-29,0.04728198191516242,
PARITY_H02_C_10,TOP_DAY_RETURN,2020-11-05,0.044455825264558824,
PARITY_H02_C_10,TOP_DAY_RETURN,2022-02-21,0.03808023007396133,
PARITY_H02_C_10,TOP_DAY_RETURN,2022-10-25,0.036768700736641735,
PARITY_H02_C_10,TOP_DAY_RETURN,2022-10-12,0.0350170649453152,
PAST_ONLY_D08_C_10,TOP_STOCK_PNL,600283.SH,63290.48999999996,93413.4844643
PAST_ONLY_D08_C_10,TOP_STOCK_PNL,002639.SZ,46275.398279999994,93413.4844643
PAST_ONLY_D08_C_10,TOP_STOCK_PNL,603169.SH,44467.97039999999,93413.4844643
PAST_ONLY_D08_C_10,TOP_STOCK_PNL,002593.SZ,33583.14607999999,93413.4844643
PAST_ONLY_D08_C_10,TOP_STOCK_PNL,000029.SZ,31164.761159999995,93413.4844643
PAST_ONLY_D08_C_10,MAX_INDUSTRY_NAV,historical_industry,0.3926286517327565,1.0
PAST_ONLY_D08_C_10,TOP_DAY_RETURN,2020-08-03,0.04279518303893748,
PAST_ONLY_D08_C_10,TOP_DAY_RETURN,2020-07-13,0.04149355453069181,
PAST_ONLY_D08_C_10,TOP_DAY_RETURN,2022-08-01,0.03269499243703988,
PAST_ONLY_D08_C_10,TOP_DAY_RETURN,2020-08-27,0.030128214275753074,
PAST_ONLY_D08_C_10,TOP_DAY_RETURN,2021-12-20,0.02972160235236654,
PAST_ONLY_D08_C_MAX,TOP_STOCK_PNL,603169.SH,175754.35920000006,-352368.3432039001
PAST_ONLY_D08_C_MAX,TOP_STOCK_PNL,002371.SZ,76887.30088,-352368.3432039001
PAST_ONLY_D08_C_MAX,TOP_STOCK_PNL,000029.SZ,65760.50520000001,-352368.3432039001
PAST_ONLY_D08_C_MAX,TOP_STOCK_PNL,600551.SH,52912.26726999995,-352368.3432039001
PAST_ONLY_D08_C_MAX,TOP_STOCK_PNL,603466.SH,47725.114560000016,-352368.3432039001
PAST_ONLY_D08_C_MAX,MAX_INDUSTRY_NAV,historical_industry,0.9963128082700891,1.0
PAST_ONLY_D08_C_MAX,TOP_DAY_RETURN,2020-08-03,0.09309207459873381,
PAST_ONLY_D08_C_MAX,TOP_DAY_RETURN,2021-09-28,0.06822422145190066,
PAST_ONLY_D08_C_MAX,TOP_DAY_RETURN,2021-12-16,0.06607836512691789,
PAST_ONLY_D08_C_MAX,TOP_DAY_RETURN,2021-12-20,0.061405150690347465,
PAST_ONLY_D08_C_MAX,TOP_DAY_RETURN,2021-12-21,0.05946006047048269,
R0_POOL_C_10,TOP_STOCK_PNL,600657.SH,115971.34516,182203.1592949999
R0_POOL_C_10,TOP_STOCK_PNL,300390.SZ,95228.03440000003,182203.1592949999
R0_POOL_C_10,TOP_STOCK_PNL,002850.SZ,90493.94439999995,182203.1592949999
R0_POOL_C_10,TOP_STOCK_PNL,002639.SZ,76708.76831999997,182203.1592949999
R0_POOL_C_10,TOP_STOCK_PNL,002735.SZ,64708.83599999997,182203.1592949999
R0_POOL_C_10,MAX_INDUSTRY_NAV,historical_industry,0.4073992772970752,1.0
R0_POOL_C_10,TOP_DAY_RETURN,2021-09-07,0.04015567251652574,
R0_POOL_C_10,TOP_DAY_RETURN,2021-08-02,0.03821285686130249,
R0_POOL_C_10,TOP_DAY_RETURN,2021-09-30,0.036485600974909715,
R0_POOL_C_10,TOP_DAY_RETURN,2020-06-01,0.03616317644647293,
R0_POOL_C_10,TOP_DAY_RETURN,2020-08-03,0.03598193298549823,
R0_POOL_C_MAX,TOP_STOCK_PNL,300390.SZ,299968.30836,250341.79201309965
R0_POOL_C_MAX,TOP_STOCK_PNL,600657.SH,257302.51763999986,250341.79201309965
R0_POOL_C_MAX,TOP_STOCK_PNL,000612.SZ,133521.99324,250341.79201309965
R0_POOL_C_MAX,TOP_STOCK_PNL,002850.SZ,117109.81040000002,250341.79201309965
R0_POOL_C_MAX,TOP_STOCK_PNL,002020.SZ,111469.52229,250341.79201309965
R0_POOL_C_MAX,MAX_INDUSTRY_NAV,historical_industry,0.8209937925487848,1.0
R0_POOL_C_MAX,TOP_DAY_RETURN,2021-09-02,0.05631341460700945,
R0_POOL_C_MAX,TOP_DAY_RETURN,2020-11-05,0.0524219816742999,
R0_POOL_C_MAX,TOP_DAY_RETURN,2022-02-21,0.05110252208115429,
R0_POOL_C_MAX,TOP_DAY_RETURN,2022-02-18,0.05028138349715783,
R0_POOL_C_MAX,TOP_DAY_RETURN,2021-09-10,0.05020832231002115,
R1_CURRENT_H02_C_10,TOP_STOCK_PNL,002850.SZ,69201.25159999999,-142799.10339690046
R1_CURRENT_H02_C_10,TOP_STOCK_PNL,002199.SZ,51218.469440000015,-142799.10339690046
R1_CURRENT_H02_C_10,TOP_STOCK_PNL,600436.SH,45257.40452000001,-142799.10339690046
R1_CURRENT_H02_C_10,TOP_STOCK_PNL,300389.SZ,44624.56752,-142799.10339690046
R1_CURRENT_H02_C_10,TOP_STOCK_PNL,605333.SH,38905.31056999997,-142799.10339690046
R1_CURRENT_H02_C_10,MAX_INDUSTRY_NAV,historical_industry,0.41444772451155865,1.0
R1_CURRENT_H02_C_10,TOP_DAY_RETURN,2021-07-29,0.047415008331215036,
R1_CURRENT_H02_C_10,TOP_DAY_RETURN,2020-11-05,0.04419278402559601,
R1_CURRENT_H02_C_10,TOP_DAY_RETURN,2022-02-21,0.038054953154151194,
R1_CURRENT_H02_C_10,TOP_DAY_RETURN,2020-08-17,0.034701689206329656,
R1_CURRENT_H02_C_10,TOP_DAY_RETURN,2022-02-18,0.03452788696873732,
R1_CURRENT_H02_C_MAX,TOP_STOCK_PNL,300767.SZ,161069.27144000004,218029.95357519924
R1_CURRENT_H02_C_MAX,TOP_STOCK_PNL,002850.SZ,117109.81040000002,218029.95357519924
R1_CURRENT_H02_C_MAX,TOP_STOCK_PNL,688355.SH,105463.68840919994,218029.95357519924
R1_CURRENT_H02_C_MAX,TOP_STOCK_PNL,300850.SZ,83071.72159999996,218029.95357519924
R1_CURRENT_H02_C_MAX,TOP_STOCK_PNL,600765.SH,72113.61895999999,218029.95357519924
R1_CURRENT_H02_C_MAX,MAX_INDUSTRY_NAV,historical_industry,0.7528421460052003,1.0
R1_CURRENT_H02_C_MAX,TOP_DAY_RETURN,2021-08-12,0.07245066746245876,
R1_CURRENT_H02_C_MAX,TOP_DAY_RETURN,2020-11-05,0.06550496763601554,
R1_CURRENT_H02_C_MAX,TOP_DAY_RETURN,2023-03-13,0.0524653287837582,
R1_CURRENT_H02_C_MAX,TOP_DAY_RETURN,2020-08-17,0.05180833115218886,
R1_CURRENT_H02_C_MAX,TOP_DAY_RETURN,2021-07-13,0.05075581341546509,
R1_LEVEL_D08_C3_C_10,TOP_STOCK_PNL,002639.SZ,49193.66663999997,189707.41372060002
R1_LEVEL_D08_C3_C_10,TOP_STOCK_PNL,603169.SH,47190.49919999999,189707.41372060002
R1_LEVEL_D08_C3_C_10,TOP_STOCK_PNL,002593.SZ,35688.672479999994,189707.41372060002
R1_LEVEL_D08_C3_C_10,TOP_STOCK_PNL,000029.SZ,32880.25260000001,189707.41372060002
R1_LEVEL_D08_C3_C_10,TOP_STOCK_PNL,300750.SZ,32150.58051999999,189707.41372060002
R1_LEVEL_D08_C3_C_10,MAX_INDUSTRY_NAV,historical_industry,0.3237450012364597,1.0
R1_LEVEL_D08_C3_C_10,TOP_DAY_RETURN,2020-08-03,0.042881576435350066,
R1_LEVEL_D08_C3_C_10,TOP_DAY_RETURN,2022-08-01,0.032696950987938234,
R1_LEVEL_D08_C3_C_10,TOP_DAY_RETURN,2020-07-09,0.032531882238138854,
R1_LEVEL_D08_C3_C_10,TOP_DAY_RETURN,2020-08-27,0.03008204876074072,
R1_LEVEL_D08_C3_C_10,TOP_DAY_RETURN,2020-07-07,0.0299932492715822,
R1_LEVEL_D08_C3_C_MAX,TOP_STOCK_PNL,603169.SH,179081.89440000005,-309921.8875526002
R1_LEVEL_D08_C3_C_MAX,TOP_STOCK_PNL,000029.SZ,67475.99664000003,-309921.8875526002
R1_LEVEL_D08_C3_C_MAX,TOP_STOCK_PNL,600551.SH,52912.26726999995,-309921.8875526002
R1_LEVEL_D08_C3_C_MAX,TOP_STOCK_PNL,002664.SZ,34612.07700000005,-309921.8875526002
R1_LEVEL_D08_C3_C_MAX,TOP_STOCK_PNL,300939.SZ,26743.612260000024,-309921.8875526002
R1_LEVEL_D08_C3_C_MAX,MAX_INDUSTRY_NAV,historical_industry,0.9964593373010907,1.0
R1_LEVEL_D08_C3_C_MAX,TOP_DAY_RETURN,2021-09-28,0.0676546021079305,
R1_LEVEL_D08_C3_C_MAX,TOP_DAY_RETURN,2021-12-16,0.06616216228488536,
R1_LEVEL_D08_C3_C_MAX,TOP_DAY_RETURN,2023-07-10,0.06498680217433428,
R1_LEVEL_D08_C3_C_MAX,TOP_DAY_RETURN,2021-12-20,0.061510334920868104,
R1_LEVEL_D08_C3_C_MAX,TOP_DAY_RETURN,2021-12-21,0.059570395760448314,
R1_LEVEL_D08_COST2_C_10,TOP_STOCK_PNL,002639.SZ,44011.60279999999,71270.25573200012
R1_LEVEL_D08_COST2_C_10,TOP_STOCK_PNL,603169.SH,43187.601599999995,71270.25573200012
R1_LEVEL_D08_COST2_C_10,TOP_STOCK_PNL,300750.SZ,31837.38824,71270.25573200012
R1_LEVEL_D08_COST2_C_10,TOP_STOCK_PNL,002593.SZ,31823.459759999998,71270.25573200012
R1_LEVEL_D08_COST2_C_10,TOP_STOCK_PNL,300124.SZ,30238.793640000004,71270.25573200012
R1_LEVEL_D08_COST2_C_10,MAX_INDUSTRY_NAV,historical_industry,0.3169446530723881,1.0
R1_LEVEL_D08_COST2_C_10,TOP_DAY_RETURN,2020-07-13,0.032773815878068824,
R1_LEVEL_D08_COST2_C_10,TOP_DAY_RETURN,2022-08-01,0.03253585623747113,
R1_LEVEL_D08_COST2_C_10,TOP_DAY_RETURN,2023-04-03,0.032183981560519825,
R1_LEVEL_D08_COST2_C_10,TOP_DAY_RETURN,2020-08-27,0.030125614718358618,
R1_LEVEL_D08_COST2_C_10,TOP_DAY_RETURN,2021-12-20,0.029638346879120592,
R1_LEVEL_D08_COST2_C_MAX,TOP_STOCK_PNL,603169.SH,185132.86560000008,-299153.7502633998
R1_LEVEL_D08_COST2_C_MAX,TOP_STOCK_PNL,000029.SZ,69100.17536,-299153.7502633998
R1_LEVEL_D08_COST2_C_MAX,TOP_STOCK_PNL,600551.SH,52139.74137,-299153.7502633998
R1_LEVEL_D08_COST2_C_MAX,TOP_STOCK_PNL,002664.SZ,34672.4319999998,-299153.7502633998
R1_LEVEL_D08_COST2_C_MAX,TOP_STOCK_PNL,300255.SZ,27570.85671999998,-299153.7502633998
R1_LEVEL_D08_COST2_C_MAX,MAX_INDUSTRY_NAV,historical_industry,0.9987908939961317,1.0
R1_LEVEL_D08_COST2_C_MAX,TOP_DAY_RETURN,2021-09-28,0.0666438090046686,
R1_LEVEL_D08_COST2_C_MAX,TOP_DAY_RETURN,2021-12-16,0.06616087147694105,
R1_LEVEL_D08_COST2_C_MAX,TOP_DAY_RETURN,2023-07-10,0.06495822551683417,
R1_LEVEL_D08_COST2_C_MAX,TOP_DAY_RETURN,2021-12-20,0.06154298002866443,
R1_LEVEL_D08_COST2_C_MAX,TOP_DAY_RETURN,2021-12-21,0.05958112664629489,
R1_LEVEL_D08_C_10_CA,TOP_STOCK_PNL,002639.SZ,46275.398279999994,148071.34521330008
R1_LEVEL_D08_C_10_CA,TOP_STOCK_PNL,603169.SH,44770.47360000001,148071.34521330008
R1_LEVEL_D08_C_10_CA,TOP_STOCK_PNL,002593.SZ,33793.698719999986,148071.34521330008
R1_LEVEL_D08_C_10_CA,TOP_STOCK_PNL,300750.SZ,32150.58051999999,148071.34521330008
R1_LEVEL_D08_C_10_CA,TOP_STOCK_PNL,000029.SZ,31164.761159999995,148071.34521330008
R1_LEVEL_D08_C_10_CA,MAX_INDUSTRY_NAV,historical_industry,0.3172420278400537,1.0
R1_LEVEL_D08_C_10_CA,TOP_DAY_RETURN,2020-08-03,0.042881576435350066,
R1_LEVEL_D08_C_10_CA,TOP_DAY_RETURN,2022-08-01,0.03274883640013826,
R1_LEVEL_D08_C_10_CA,TOP_DAY_RETURN,2020-07-09,0.032531882238138854,
R1_LEVEL_D08_C_10_CA,TOP_DAY_RETURN,2023-04-03,0.03221306032529436,
R1_LEVEL_D08_C_10_CA,TOP_DAY_RETURN,2020-08-27,0.03008204876074072,
R1_LEVEL_D08_C_MAX_CA,TOP_STOCK_PNL,603169.SH,182106.92639999994,-297473.5445329003
R1_LEVEL_D08_C_MAX_CA,TOP_STOCK_PNL,000029.SZ,68619.65760000006,-297473.5445329003
R1_LEVEL_D08_C_MAX_CA,TOP_STOCK_PNL,600551.SH,52912.26726999995,-297473.5445329003
R1_LEVEL_D08_C_MAX_CA,TOP_STOCK_PNL,002664.SZ,34848.60600000003,-297473.5445329003
R1_LEVEL_D08_C_MAX_CA,TOP_STOCK_PNL,300255.SZ,27800.92492000002,-297473.5445329003
R1_LEVEL_D08_C_MAX_CA,MAX_INDUSTRY_NAV,historical_industry,0.9975496259659571,1.0
R1_LEVEL_D08_C_MAX_CA,TOP_DAY_RETURN,2021-09-28,0.06742061376037523,
R1_LEVEL_D08_C_MAX_CA,TOP_DAY_RETURN,2021-12-16,0.06651884273517461,
R1_LEVEL_D08_C_MAX_CA,TOP_DAY_RETURN,2023-07-10,0.06496537085583332,
R1_LEVEL_D08_C_MAX_CA,TOP_DAY_RETURN,2021-12-20,0.06198256837508542,
R1_LEVEL_D08_C_MAX_CA,TOP_DAY_RETURN,2021-12-21,0.060066605307012466,
R1_LEVEL_D08_C_ONE,TOP_STOCK_PNL,603169.SH,297360.64560000016,-388879.71683000034
R1_LEVEL_D08_C_ONE,TOP_STOCK_PNL,601865.SH,191299.43464,-388879.71683000034
R1_LEVEL_D08_C_ONE,TOP_STOCK_PNL,601607.SH,89954.54955999996,-388879.71683000034
R1_LEVEL_D08_C_ONE,TOP_STOCK_PNL,601966.SH,31581.579250000068,-388879.71683000034
R1_LEVEL_D08_C_ONE,TOP_STOCK_PNL,300255.SZ,27800.92492000002,-388879.71683000034
R1_LEVEL_D08_C_ONE,MAX_INDUSTRY_NAV,historical_industry,0.9997376002812561,1.0
R1_LEVEL_D08_C_ONE,TOP_DAY_RETURN,2020-08-03,0.09996774597497393,
R1_LEVEL_D08_C_ONE,TOP_DAY_RETURN,2021-12-14,0.09859098331203042,
R1_LEVEL_D08_C_ONE,TOP_DAY_RETURN,2021-12-21,0.09842014384990705,
R1_LEVEL_D08_C_ONE,TOP_DAY_RETURN,2021-12-20,0.09806508230548538,
R1_LEVEL_D08_C_ONE,TOP_DAY_RETURN,2021-12-15,0.09796960177043945,
R1_LEVEL_D08_DELAY1_C_10,TOP_STOCK_PNL,002953.SZ,65222.469119999994,498483.5510365001
R1_LEVEL_D08_DELAY1_C_10,TOP_STOCK_PNL,002639.SZ,64696.56864,498483.5510365001
R1_LEVEL_D08_DELAY1_C_10,TOP_STOCK_PNL,002850.SZ,48043.32287999999,498483.5510365001
R1_LEVEL_D08_DELAY1_C_10,TOP_STOCK_PNL,000029.SZ,45540.62407999998,498483.5510365001
R1_LEVEL_D08_DELAY1_C_10,TOP_STOCK_PNL,688298.SH,43217.73409159998,498483.5510365001
R1_LEVEL_D08_DELAY1_C_10,MAX_INDUSTRY_NAV,historical_industry,0.31257494741443176,1.0
R1_LEVEL_D08_DELAY1_C_10,TOP_DAY_RETURN,2022-06-27,0.03577228929734666,
R1_LEVEL_D08_DELAY1_C_10,TOP_DAY_RETURN,2022-06-28,0.029567693215852175,
R1_LEVEL_D08_DELAY1_C_10,TOP_DAY_RETURN,2020-07-06,0.029329423009749833,
R1_LEVEL_D08_DELAY1_C_10,TOP_DAY_RETURN,2020-08-03,0.02887074805228873,
R1_LEVEL_D08_DELAY1_C_10,TOP_DAY_RETURN,2022-07-13,0.026291307323332402,
R1_LEVEL_D08_DELAY1_C_MAX,TOP_STOCK_PNL,000029.SZ,97778.39876000001,142399.4933255996
R1_LEVEL_D08_DELAY1_C_MAX,TOP_STOCK_PNL,002953.SZ,65222.469119999994,142399.4933255996
R1_LEVEL_D08_DELAY1_C_MAX,TOP_STOCK_PNL,688298.SH,55626.088414799975,142399.4933255996
R1_LEVEL_D08_DELAY1_C_MAX,TOP_STOCK_PNL,002997.SZ,46583.74968000001,142399.4933255996
R1_LEVEL_D08_DELAY1_C_MAX,TOP_STOCK_PNL,603129.SH,42868.67232000001,142399.4933255996
R1_LEVEL_D08_DELAY1_C_MAX,MAX_INDUSTRY_NAV,historical_industry,0.9526885900309471,1.0
R1_LEVEL_D08_DELAY1_C_MAX,TOP_DAY_RETURN,2020-08-03,0.04830540652934334,
R1_LEVEL_D08_DELAY1_C_MAX,TOP_DAY_RETURN,2021-08-17,0.0474192689693449,
R1_LEVEL_D08_DELAY1_C_MAX,TOP_DAY_RETURN,2022-06-20,0.047150869422273534,
R1_LEVEL_D08_DELAY1_C_MAX,TOP_DAY_RETURN,2022-12-02,0.0403620769698565,
R1_LEVEL_D08_DELAY1_C_MAX,TOP_DAY_RETURN,2022-12-01,0.03835652132978651,
R1_S1_D08_C3_C_10,TOP_STOCK_PNL,002639.SZ,50861.24855999999,164680.01722159988
R1_S1_D08_C3_C_10,TOP_STOCK_PNL,603169.SH,48703.01520000001,164680.01722159988
R1_S1_D08_C3_C_10,TOP_STOCK_PNL,002593.SZ,34425.35664,164680.01722159988
R1_S1_D08_C3_C_10,TOP_STOCK_PNL,002119.SZ,33162.01560000003,164680.01722159988
R1_S1_D08_C3_C_10,TOP_STOCK_PNL,300750.SZ,32150.58051999999,164680.01722159988
R1_S1_D08_C3_C_10,MAX_INDUSTRY_NAV,historical_industry,0.3008975302266259,1.0
R1_S1_D08_C3_C_10,TOP_DAY_RETURN,2020-08-03,0.042792400799000374,
R1_S1_D08_C3_C_10,TOP_DAY_RETURN,2020-07-09,0.032700212340875945,
R1_S1_D08_C3_C_10,TOP_DAY_RETURN,2022-08-01,0.03255596700058727,
R1_S1_D08_C3_C_10,TOP_DAY_RETURN,2020-07-07,0.030208591448828814,
R1_S1_D08_C3_C_10,TOP_DAY_RETURN,2020-08-27,0.03010468302782665,
R1_S1_D08_C3_C_MAX,TOP_STOCK_PNL,002371.SZ,106459.33967999998,-382232.62752720097
R1_S1_D08_C3_C_MAX,TOP_STOCK_PNL,600551.SH,51240.94369999996,-382232.62752720097
R1_S1_D08_C3_C_MAX,TOP_STOCK_PNL,002639.SZ,38771.27963999998,-382232.62752720097
R1_S1_D08_C3_C_MAX,TOP_STOCK_PNL,603358.SH,31309.52528,-382232.62752720097
R1_S1_D08_C3_C_MAX,TOP_STOCK_PNL,002664.SZ,31064.141999999993,-382232.62752720097
R1_S1_D08_C3_C_MAX,MAX_INDUSTRY_NAV,historical_industry,0.9972276917049304,1.0
R1_S1_D08_C3_C_MAX,TOP_DAY_RETURN,2021-12-14,0.09345127162857936,
R1_S1_D08_C3_C_MAX,TOP_DAY_RETURN,2021-01-13,0.08041137038566526,
R1_S1_D08_C3_C_MAX,TOP_DAY_RETURN,2021-09-28,0.07172433917890308,
R1_S1_D08_C3_C_MAX,TOP_DAY_RETURN,2021-01-11,0.06638161131986298,
R1_S1_D08_C3_C_MAX,TOP_DAY_RETURN,2021-09-09,0.05861561887703082,
R1_S1_D08_COST2_C_10,TOP_STOCK_PNL,002639.SZ,48578.8446,137892.93905320013
R1_S1_D08_COST2_C_10,TOP_STOCK_PNL,603169.SH,47415.75839999999,137892.93905320013
R1_S1_D08_COST2_C_10,TOP_STOCK_PNL,002593.SZ,32873.73896,137892.93905320013
R1_S1_D08_COST2_C_10,TOP_STOCK_PNL,002119.SZ,32173.586720000007,137892.93905320013
R1_S1_D08_COST2_C_10,TOP_STOCK_PNL,300750.SZ,31837.38824,137892.93905320013
R1_S1_D08_COST2_C_10,MAX_INDUSTRY_NAV,historical_industry,0.3282598709288952,1.0
R1_S1_D08_COST2_C_10,TOP_DAY_RETURN,2020-07-13,0.032825488735684694,
R1_S1_D08_COST2_C_10,TOP_DAY_RETURN,2022-08-01,0.03250579884388105,
R1_S1_D08_COST2_C_10,TOP_DAY_RETURN,2023-04-03,0.03221017467783116,
R1_S1_D08_COST2_C_10,TOP_DAY_RETURN,2020-08-27,0.03010643569765592,
R1_S1_D08_COST2_C_10,TOP_DAY_RETURN,2021-12-20,0.029778697785213692,
R1_S1_D08_COST2_C_MAX,TOP_STOCK_PNL,002371.SZ,137493.74453999999,-255124.60077980033
R1_S1_D08_COST2_C_MAX,TOP_STOCK_PNL,600551.SH,49479.537209999995,-255124.60077980033
R1_S1_D08_COST2_C_MAX,TOP_STOCK_PNL,002639.SZ,47748.43699999999,-255124.60077980033
R1_S1_D08_COST2_C_MAX,TOP_STOCK_PNL,002664.SZ,35732.287999999826,-255124.60077980033
R1_S1_D08_COST2_C_MAX,TOP_STOCK_PNL,300255.SZ,27570.85671999998,-255124.60077980033
R1_S1_D08_COST2_C_MAX,MAX_INDUSTRY_NAV,historical_industry,0.9971125898951305,1.0
R1_S1_D08_COST2_C_MAX,TOP_DAY_RETURN,2021-01-13,0.080699674292394,
R1_S1_D08_COST2_C_MAX,TOP_DAY_RETURN,2021-01-11,0.06679891646926062,
R1_S1_D08_COST2_C_MAX,TOP_DAY_RETURN,2021-09-28,0.06622592827086993,
R1_S1_D08_COST2_C_MAX,TOP_DAY_RETURN,2021-09-09,0.05863677722595928,
R1_S1_D08_COST2_C_MAX,TOP_DAY_RETURN,2021-01-04,0.05687547303487861,
R1_S1_D08_C_10,TOP_STOCK_PNL,002639.SZ,51278.144039999985,220369.11469560003
R1_S1_D08_C_10,TOP_STOCK_PNL,603169.SH,49610.524800000014,220369.11469560003
R1_S1_D08_C_10,TOP_STOCK_PNL,002593.SZ,35057.01456000001,220369.11469560003
R1_S1_D08_C_10,TOP_STOCK_PNL,002119.SZ,33898.949280000015,220369.11469560003
R1_S1_D08_C_10,TOP_STOCK_PNL,000029.SZ,32594.33736000002,220369.11469560003
R1_S1_D08_C_10,MAX_INDUSTRY_NAV,historical_industry,0.328771276134954,1.0
R1_S1_D08_C_10,TOP_DAY_RETURN,2020-08-03,0.043001299127778836,
R1_S1_D08_C_10,TOP_DAY_RETURN,2022-08-01,0.032669825732580815,
R1_S1_D08_C_10,TOP_DAY_RETURN,2020-07-09,0.03252168157961055,
R1_S1_D08_C_10,TOP_DAY_RETURN,2023-04-03,0.03224784658627611,
R1_S1_D08_C_10,TOP_DAY_RETURN,2020-08-27,0.030100768670337175,
R1_S1_D08_C_MAX,TOP_STOCK_PNL,002371.SZ,130116.97071999998,-265602.5141925003
R1_S1_D08_C_MAX,TOP_STOCK_PNL,600551.SH,50541.31987999995,-265602.5141925003
R1_S1_D08_C_MAX,TOP_STOCK_PNL,002639.SZ,47526.084719999984,-265602.5141925003
R1_S1_D08_C_MAX,TOP_STOCK_PNL,002664.SZ,34848.60600000003,-265602.5141925003
R1_S1_D08_C_MAX,TOP_STOCK_PNL,601607.SH,29101.552949999983,-265602.5141925003
R1_S1_D08_C_MAX,MAX_INDUSTRY_NAV,historical_industry,0.9969699515392303,1.0
R1_S1_D08_C_MAX,TOP_DAY_RETURN,2021-12-14,0.09536988987181694,
R1_S1_D08_C_MAX,TOP_DAY_RETURN,2021-01-13,0.0803232779701577,
R1_S1_D08_C_MAX,TOP_DAY_RETURN,2021-09-28,0.06746989906040168,
R1_S1_D08_C_MAX,TOP_DAY_RETURN,2021-01-11,0.06625002277097969,
R1_S1_D08_C_MAX,TOP_DAY_RETURN,2021-09-09,0.058603763589832436,
R1_S1_D08_C_ONE,TOP_STOCK_PNL,002639.SZ,322260.20603999984,-283248.74264360045
R1_S1_D08_C_ONE,TOP_STOCK_PNL,601865.SH,191299.43464,-283248.74264360045
R1_S1_D08_C_ONE,TOP_STOCK_PNL,002371.SZ,133074.17460000003,-283248.74264360045
R1_S1_D08_C_ONE,TOP_STOCK_PNL,601607.SH,91524.82848000003,-283248.74264360045
R1_S1_D08_C_ONE,TOP_STOCK_PNL,001979.SZ,44368.38341999997,-283248.74264360045
R1_S1_D08_C_ONE,MAX_INDUSTRY_NAV,historical_industry,0.9996303334437052,1.0
R1_S1_D08_C_ONE,TOP_DAY_RETURN,2020-08-03,0.09995456191335417,
R1_S1_D08_C_ONE,TOP_DAY_RETURN,2021-12-14,0.0997894000921773,
R1_S1_D08_C_ONE,TOP_DAY_RETURN,2021-12-29,0.0996666781365898,
R1_S1_D08_C_ONE,TOP_DAY_RETURN,2021-12-23,0.09928658373922294,
R1_S1_D08_C_ONE,TOP_DAY_RETURN,2021-12-22,0.09921580157305465,
R1_S1_D08_DELAY1_C_10,TOP_STOCK_PNL,002639.SZ,68600.67192000001,515962.4825388002
R1_S1_D08_DELAY1_C_10,TOP_STOCK_PNL,002953.SZ,65222.469119999994,515962.4825388002
R1_S1_D08_DELAY1_C_10,TOP_STOCK_PNL,002850.SZ,52046.93312,515962.4825388002
R1_S1_D08_DELAY1_C_10,TOP_STOCK_PNL,000029.SZ,49224.056910000014,515962.4825388002
R1_S1_D08_DELAY1_C_10,TOP_STOCK_PNL,688298.SH,45896.81059319999,515962.4825388002
R1_S1_D08_DELAY1_C_10,MAX_INDUSTRY_NAV,historical_industry,0.3152482324097284,1.0
R1_S1_D08_DELAY1_C_10,TOP_DAY_RETURN,2021-12-30,0.037327806579088074,
R1_S1_D08_DELAY1_C_10,TOP_DAY_RETURN,2022-06-27,0.03491875375024911,
R1_S1_D08_DELAY1_C_10,TOP_DAY_RETURN,2021-06-17,0.03135046561841648,
R1_S1_D08_DELAY1_C_10,TOP_DAY_RETURN,2020-07-06,0.029318202777420588,
R1_S1_D08_DELAY1_C_10,TOP_DAY_RETURN,2021-07-07,0.02926790032439963,
R1_S1_D08_DELAY1_C_MAX,TOP_STOCK_PNL,002953.SZ,60466.66408,-150449.02675010051
R1_S1_D08_DELAY1_C_MAX,TOP_STOCK_PNL,600478.SH,58119.38274999999,-150449.02675010051
R1_S1_D08_DELAY1_C_MAX,TOP_STOCK_PNL,603129.SH,42868.67232000001,-150449.02675010051
R1_S1_D08_DELAY1_C_MAX,TOP_STOCK_PNL,600551.SH,42262.08324000001,-150449.02675010051
R1_S1_D08_DELAY1_C_MAX,TOP_STOCK_PNL,002639.SZ,34021.47144000001,-150449.02675010051
R1_S1_D08_DELAY1_C_MAX,MAX_INDUSTRY_NAV,historical_industry,0.9971743640191479,1.0
R1_S1_D08_DELAY1_C_MAX,TOP_DAY_RETURN,2022-12-01,0.05789872512273475,
R1_S1_D08_DELAY1_C_MAX,TOP_DAY_RETURN,2020-05-18,0.055680779571605,
R1_S1_D08_DELAY1_C_MAX,TOP_DAY_RETURN,2021-08-17,0.052713117383512476,
R1_S1_D08_DELAY1_C_MAX,TOP_DAY_RETURN,2020-08-03,0.048585646125620885,
R1_S1_D08_DELAY1_C_MAX,TOP_DAY_RETURN,2022-06-20,0.04741808265010139,
R1_S1_H01_C_10,TOP_STOCK_PNL,300390.SZ,71421.02579999999,-106725.35094740026
R1_S1_H01_C_10,TOP_STOCK_PNL,000615.SZ,64433.590400000016,-106725.35094740026
R1_S1_H01_C_10,TOP_STOCK_PNL,603378.SH,45073.47052,-106725.35094740026
R1_S1_H01_C_10,TOP_STOCK_PNL,002756.SZ,39830.398440000004,-106725.35094740026
R1_S1_H01_C_10,TOP_STOCK_PNL,002006.SZ,36560.40299999999,-106725.35094740026
R1_S1_H01_C_10,MAX_INDUSTRY_NAV,historical_industry,0.41537134185577773,1.0
R1_S1_H01_C_10,TOP_DAY_RETURN,2021-09-07,0.04324844509665171,
R1_S1_H01_C_10,TOP_DAY_RETURN,2020-07-17,0.036044571125742886,
R1_S1_H01_C_10,TOP_DAY_RETURN,2021-04-29,0.03552696256411103,
R1_S1_H01_C_10,TOP_DAY_RETURN,2020-07-21,0.03409377576990669,
R1_S1_H01_C_10,TOP_DAY_RETURN,2020-07-10,0.032733527631150894,
R1_S1_H01_C_MAX,TOP_STOCK_PNL,300390.SZ,518992.78747999994,-335349.4589808006
R1_S1_H01_C_MAX,TOP_STOCK_PNL,601016.SH,218827.62959999964,-335349.4589808006
R1_S1_H01_C_MAX,TOP_STOCK_PNL,603283.SH,209035.07071999996,-335349.4589808006
R1_S1_H01_C_MAX,TOP_STOCK_PNL,002908.SZ,175951.34384999983,-335349.4589808006
R1_S1_H01_C_MAX,TOP_STOCK_PNL,600596.SH,167621.81856000004,-335349.4589808006
R1_S1_H01_C_MAX,MAX_INDUSTRY_NAV,historical_industry,0.9961078003575814,1.0
R1_S1_H01_C_MAX,TOP_DAY_RETURN,2023-07-13,0.1070143034121882,
R1_S1_H01_C_MAX,TOP_DAY_RETURN,2021-09-10,0.1042659536829289,
R1_S1_H01_C_MAX,TOP_DAY_RETURN,2020-02-18,0.10282482385062175,
R1_S1_H01_C_MAX,TOP_DAY_RETURN,2021-10-26,0.09968632833513036,
R1_S1_H01_C_MAX,TOP_DAY_RETURN,2020-02-24,0.09956600525788484,
R1_S1_H02_C_10_CA,TOP_STOCK_PNL,002850.SZ,63923.48255999996,-223282.91635740083
R1_S1_H02_C_10_CA,TOP_STOCK_PNL,000612.SZ,52572.41791999999,-223282.91635740083
R1_S1_H02_C_10_CA,TOP_STOCK_PNL,002199.SZ,42574.95032,-223282.91635740083
R1_S1_H02_C_10_CA,TOP_STOCK_PNL,600335.SH,40734.84836,-223282.91635740083
R1_S1_H02_C_10_CA,TOP_STOCK_PNL,300636.SZ,39750.988719999994,-223282.91635740083
R1_S1_H02_C_10_CA,MAX_INDUSTRY_NAV,historical_industry,0.3028158569760596,1.0
R1_S1_H02_C_10_CA,TOP_DAY_RETURN,2020-12-30,0.04574976901046801,
R1_S1_H02_C_10_CA,TOP_DAY_RETURN,2022-02-18,0.035974499130789095,
R1_S1_H02_C_10_CA,TOP_DAY_RETURN,2023-11-17,0.03516093692599531,
R1_S1_H02_C_10_CA,TOP_DAY_RETURN,2021-12-23,0.03460451950075294,
R1_S1_H02_C_10_CA,TOP_DAY_RETURN,2020-08-17,0.03446372119870178,
R1_S1_H02_C_MAX_CA,TOP_STOCK_PNL,600582.SH,93639.20572000009,-559461.9607055002
R1_S1_H02_C_MAX_CA,TOP_STOCK_PNL,600335.SH,89120.40427999999,-559461.9607055002
R1_S1_H02_C_MAX_CA,TOP_STOCK_PNL,300485.SZ,80395.56252,-559461.9607055002
R1_S1_H02_C_MAX_CA,TOP_STOCK_PNL,603129.SH,77120.28326,-559461.9607055002
R1_S1_H02_C_MAX_CA,TOP_STOCK_PNL,300551.SZ,52362.51322000008,-559461.9607055002
R1_S1_H02_C_MAX_CA,MAX_INDUSTRY_NAV,historical_industry,0.9779912465753541,1.0
R1_S1_H02_C_MAX_CA,TOP_DAY_RETURN,2020-10-13,0.058887506335051354,
R1_S1_H02_C_MAX_CA,TOP_DAY_RETURN,2021-12-28,0.05701062872294038,
R1_S1_H02_C_MAX_CA,TOP_DAY_RETURN,2020-08-17,0.052390265698646354,
R1_S1_H02_C_MAX_CA,TOP_DAY_RETURN,2020-12-30,0.05214108779422166,
R1_S1_H02_C_MAX_CA,TOP_DAY_RETURN,2021-03-26,0.04964939463214768,
R1_S1_POOL_C_10,TOP_STOCK_PNL,300390.SZ,61898.22236,-236123.81699780063
R1_S1_POOL_C_10,TOP_STOCK_PNL,000612.SZ,56754.31480000001,-236123.81699780063
R1_S1_POOL_C_10,TOP_STOCK_PNL,603169.SH,51425.54400000001,-236123.81699780063
R1_S1_POOL_C_10,TOP_STOCK_PNL,600335.SH,42595.83128,-236123.81699780063
R1_S1_POOL_C_10,TOP_STOCK_PNL,002199.SZ,42003.884640000004,-236123.81699780063
R1_S1_POOL_C_10,MAX_INDUSTRY_NAV,historical_industry,0.36420012216074743,1.0
R1_S1_POOL_C_10,TOP_DAY_RETURN,2020-12-30,0.04586832181894129,
R1_S1_POOL_C_10,TOP_DAY_RETURN,2020-08-03,0.040084725973646984,
R1_S1_POOL_C_10,TOP_DAY_RETURN,2021-10-29,0.039380018736830724,
R1_S1_POOL_C_10,TOP_DAY_RETURN,2021-06-07,0.038261242182876964,
R1_S1_POOL_C_10,TOP_DAY_RETURN,2020-07-20,0.03643229586722874,
R1_S1_POOL_C_MAX,TOP_STOCK_PNL,300390.SZ,190456.06880000007,-307376.9016740004
R1_S1_POOL_C_MAX,TOP_STOCK_PNL,600335.SH,96564.33596,-307376.9016740004
R1_S1_POOL_C_MAX,TOP_STOCK_PNL,000682.SZ,91489.79056000005,-307376.9016740004
R1_S1_POOL_C_MAX,TOP_STOCK_PNL,300485.SZ,67188.59352000002,-307376.9016740004
R1_S1_POOL_C_MAX,TOP_STOCK_PNL,000612.SZ,64221.9878,-307376.9016740004
R1_S1_POOL_C_MAX,MAX_INDUSTRY_NAV,historical_industry,0.9768240496066716,1.0
R1_S1_POOL_C_MAX,TOP_DAY_RETURN,2021-09-02,0.06066267624593791,
R1_S1_POOL_C_MAX,TOP_DAY_RETURN,2021-09-10,0.06000581284120954,
R1_S1_POOL_C_MAX,TOP_DAY_RETURN,2020-02-24,0.05688814323684621,
R1_S1_POOL_C_MAX,TOP_DAY_RETURN,2023-06-07,0.05498240728746984,
R1_S1_POOL_C_MAX,TOP_DAY_RETURN,2020-12-30,0.050420651463717325,
R2_PRIORITY_GATE_C_10,TOP_STOCK_PNL,300390.SZ,61898.22236,-203121.6743030002
R2_PRIORITY_GATE_C_10,TOP_STOCK_PNL,002639.SZ,53362.62143999999,-203121.6743030002
R2_PRIORITY_GATE_C_10,TOP_STOCK_PNL,603169.SH,51425.54400000001,-203121.6743030002
R2_PRIORITY_GATE_C_10,TOP_STOCK_PNL,600335.SH,42802.60716,-203121.6743030002
R2_PRIORITY_GATE_C_10,TOP_STOCK_PNL,603031.SH,41047.91219999999,-203121.6743030002
R2_PRIORITY_GATE_C_10,MAX_INDUSTRY_NAV,historical_industry,0.3058487835018568,1.0
R2_PRIORITY_GATE_C_10,TOP_DAY_RETURN,2020-08-03,0.060126196038135626,
R2_PRIORITY_GATE_C_10,TOP_DAY_RETURN,2020-12-30,0.04566848654731315,
R2_PRIORITY_GATE_C_10,TOP_DAY_RETURN,2021-10-29,0.03934984715946732,
R2_PRIORITY_GATE_C_10,TOP_DAY_RETURN,2021-06-07,0.038851546591451624,
R2_PRIORITY_GATE_C_10,TOP_DAY_RETURN,2020-07-20,0.038636263598869736,
R2_PRIORITY_GATE_C_MAX,TOP_STOCK_PNL,300390.SZ,190456.06880000007,-318494.9174454006
R2_PRIORITY_GATE_C_MAX,TOP_STOCK_PNL,000682.SZ,107914.97107999993,-318494.9174454006
R2_PRIORITY_GATE_C_MAX,TOP_STOCK_PNL,600335.SH,95737.23243999999,-318494.9174454006
R2_PRIORITY_GATE_C_MAX,TOP_STOCK_PNL,300485.SZ,65827.01732000004,-318494.9174454006
R2_PRIORITY_GATE_C_MAX,TOP_STOCK_PNL,300551.SZ,60321.35271000007,-318494.9174454006
R2_PRIORITY_GATE_C_MAX,MAX_INDUSTRY_NAV,historical_industry,0.9795603760728033,1.0
R2_PRIORITY_GATE_C_MAX,TOP_DAY_RETURN,2021-09-02,0.06123697236466352,
R2_PRIORITY_GATE_C_MAX,TOP_DAY_RETURN,2021-09-10,0.060747106956722474,
R2_PRIORITY_GATE_C_MAX,TOP_DAY_RETURN,2020-08-03,0.05796897383602362,
R2_PRIORITY_GATE_C_MAX,TOP_DAY_RETURN,2020-02-24,0.05688814323684621,
R2_PRIORITY_GATE_C_MAX,TOP_DAY_RETURN,2023-06-07,0.05580094788215395,
R2_PRIORITY_OPEN_C_10,TOP_STOCK_PNL,600657.SH,117111.11267999999,236105.97774649924
R2_PRIORITY_OPEN_C_10,TOP_STOCK_PNL,300390.SZ,90466.63267999998,236105.97774649924
R2_PRIORITY_OPEN_C_10,TOP_STOCK_PNL,002850.SZ,85170.77119999996,236105.97774649924
R2_PRIORITY_OPEN_C_10,TOP_STOCK_PNL,002639.SZ,77125.66379999995,236105.97774649924
R2_PRIORITY_OPEN_C_10,TOP_STOCK_PNL,603169.SH,74718.29040000003,236105.97774649924
R2_PRIORITY_OPEN_C_10,MAX_INDUSTRY_NAV,historical_industry,0.32545785994293064,1.0
R2_PRIORITY_OPEN_C_10,TOP_DAY_RETURN,2020-08-03,0.04964446495093977,
R2_PRIORITY_OPEN_C_10,TOP_DAY_RETURN,2021-09-07,0.047862906769801095,
R2_PRIORITY_OPEN_C_10,TOP_DAY_RETURN,2021-08-02,0.0393499082515274,
R2_PRIORITY_OPEN_C_10,TOP_DAY_RETURN,2020-06-01,0.03616317644647293,
R2_PRIORITY_OPEN_C_10,TOP_DAY_RETURN,2023-11-06,0.03514264379768406,
R2_PRIORITY_OPEN_C_MAX,TOP_STOCK_PNL,600657.SH,257302.51763999986,165549.41354619944
R2_PRIORITY_OPEN_C_MAX,TOP_STOCK_PNL,300767.SZ,150610.22784000007,165549.41354619944
R2_PRIORITY_OPEN_C_MAX,TOP_STOCK_PNL,002850.SZ,138402.50319999998,165549.41354619944
R2_PRIORITY_OPEN_C_MAX,TOP_STOCK_PNL,002020.SZ,113094.44243999996,165549.41354619944
R2_PRIORITY_OPEN_C_MAX,TOP_STOCK_PNL,300390.SZ,104750.83784,165549.41354619944
R2_PRIORITY_OPEN_C_MAX,MAX_INDUSTRY_NAV,historical_industry,0.8155273517728621,1.0
R2_PRIORITY_OPEN_C_MAX,TOP_DAY_RETURN,2022-02-18,0.06667992870526551,
R2_PRIORITY_OPEN_C_MAX,TOP_DAY_RETURN,2021-08-12,0.06643786921682682,
R2_PRIORITY_OPEN_C_MAX,TOP_DAY_RETURN,2020-08-03,0.060534106250578645,
R2_PRIORITY_OPEN_C_MAX,TOP_DAY_RETURN,2022-02-21,0.059979371176812846,
R2_PRIORITY_OPEN_C_MAX,TOP_DAY_RETURN,2022-02-22,0.05697865786613576,
R3_HALF_D08_C_10,TOP_STOCK_PNL,002639.SZ,44607.81636,123235.43000200011
R3_HALF_D08_C_10,TOP_STOCK_PNL,603169.SH,42955.45440000002,123235.43000200011
R3_HALF_D08_C_10,TOP_STOCK_PNL,002593.SZ,30635.409119999997,123235.43000200011
R3_HALF_D08_C_10,TOP_STOCK_PNL,300124.SZ,30415.29804000001,123235.43000200011
R3_HALF_D08_C_10,TOP_STOCK_PNL,000029.SZ,29735.184960000013,123235.43000200011
R3_HALF_D08_C_10,MAX_INDUSTRY_NAV,historical_industry,0.2996972527541087,1.0
R3_HALF_D08_C_10,TOP_DAY_RETURN,2020-08-03,0.04308445326530386,
R3_HALF_D08_C_10,TOP_DAY_RETURN,2022-07-18,0.031151824354689994,
R3_HALF_D08_C_10,TOP_DAY_RETURN,2020-09-14,0.03010691888898198,
R3_HALF_D08_C_10,TOP_DAY_RETURN,2021-12-20,0.02955888364372128,
R3_HALF_D08_C_10,TOP_DAY_RETURN,2022-07-13,0.028604939032342402,
R3_HALF_D08_C_MAX,TOP_STOCK_PNL,603169.SH,100733.56559999997,-216710.55366979982
R3_HALF_D08_C_MAX,TOP_STOCK_PNL,000029.SZ,84059.08055999997,-216710.55366979982
R3_HALF_D08_C_MAX,TOP_STOCK_PNL,600551.SH,52912.26726999995,-216710.55366979982
R3_HALF_D08_C_MAX,TOP_STOCK_PNL,601865.SH,30042.405440000002,-216710.55366979982
R3_HALF_D08_C_MAX,TOP_STOCK_PNL,300123.SZ,29869.04284000001,-216710.55366979982
R3_HALF_D08_C_MAX,MAX_INDUSTRY_NAV,historical_industry,0.9973269847038253,1.0
R3_HALF_D08_C_MAX,TOP_DAY_RETURN,2020-08-03,0.08789265603898455,
R3_HALF_D08_C_MAX,TOP_DAY_RETURN,2021-12-14,0.0758806651658861,
R3_HALF_D08_C_MAX,TOP_DAY_RETURN,2021-09-28,0.06612888943206818,
R3_HALF_D08_C_MAX,TOP_DAY_RETURN,2022-08-03,0.052578217380711,
R3_HALF_D08_C_MAX,TOP_DAY_RETURN,2021-09-30,0.04416658325577538,
R4_LEVEL_D08_C_10_CA,TOP_STOCK_PNL,002639.SZ,41689.547999999995,10338.019175400004
R4_LEVEL_D08_C_10_CA,TOP_STOCK_PNL,603169.SH,41140.43520000001,10338.019175400004
R4_LEVEL_D08_C_10_CA,TOP_STOCK_PNL,300750.SZ,32150.58051999999,10338.019175400004
R4_LEVEL_D08_C_10_CA,TOP_STOCK_PNL,300124.SZ,30415.29804000001,10338.019175400004
R4_LEVEL_D08_C_10_CA,TOP_STOCK_PNL,002593.SZ,30214.303840000008,10338.019175400004
R4_LEVEL_D08_C_10_CA,MAX_INDUSTRY_NAV,historical_industry,0.3021735561672966,1.0
R4_LEVEL_D08_C_10_CA,TOP_DAY_RETURN,2020-08-03,0.04281656214032781,
R4_LEVEL_D08_C_10_CA,TOP_DAY_RETURN,2022-08-01,0.03284657314146178,
R4_LEVEL_D08_C_10_CA,TOP_DAY_RETURN,2020-07-09,0.03240975988528483,
R4_LEVEL_D08_C_10_CA,TOP_DAY_RETURN,2020-08-27,0.0301093389039524,
R4_LEVEL_D08_C_10_CA,TOP_DAY_RETURN,2020-07-07,0.02983781550543463,
R4_LEVEL_D08_C_MAX_CA,TOP_STOCK_PNL,603169.SH,136731.44640000002,-378145.0370660001
R4_LEVEL_D08_C_MAX_CA,TOP_STOCK_PNL,600551.SH,52912.26726999995,-378145.0370660001
R4_LEVEL_D08_C_MAX_CA,TOP_STOCK_PNL,002664.SZ,26570.091000000015,-378145.0370660001
R4_LEVEL_D08_C_MAX_CA,TOP_STOCK_PNL,601865.SH,25182.604559999992,-378145.0370660001
R4_LEVEL_D08_C_MAX_CA,TOP_STOCK_PNL,002082.SZ,23853.25404,-378145.0370660001
R4_LEVEL_D08_C_MAX_CA,MAX_INDUSTRY_NAV,historical_industry,0.9952852767056951,1.0
R4_LEVEL_D08_C_MAX_CA,TOP_DAY_RETURN,2021-12-16,0.0666207449721532,
R4_LEVEL_D08_C_MAX_CA,TOP_DAY_RETURN,2023-07-10,0.06359849052429078,
R4_LEVEL_D08_C_MAX_CA,TOP_DAY_RETURN,2021-12-20,0.06215428338329354,
R4_LEVEL_D08_C_MAX_CA,TOP_DAY_RETURN,2021-12-21,0.06035161400401945,
R4_LEVEL_D08_C_MAX_CA,TOP_DAY_RETURN,2021-09-09,0.05857857824786783,
R4_S1_H02_C_10_CA,TOP_STOCK_PNL,000612.SZ,46598.27951999998,-231110.6858470005
R4_S1_H02_C_10_CA,TOP_STOCK_PNL,300491.SZ,37727.25278000001,-231110.6858470005
R4_S1_H02_C_10_CA,TOP_STOCK_PNL,300636.SZ,29551.58776000001,-231110.6858470005
R4_S1_H02_C_10_CA,TOP_STOCK_PNL,688355.SH,28120.975874799988,-231110.6858470005
R4_S1_H02_C_10_CA,TOP_STOCK_PNL,600436.SH,26931.643840000004,-231110.6858470005
R4_S1_H02_C_10_CA,MAX_INDUSTRY_NAV,historical_industry,0.43208270301832113,1.0
R4_S1_H02_C_10_CA,TOP_DAY_RETURN,2022-11-15,0.038601970598614255,
R4_S1_H02_C_10_CA,TOP_DAY_RETURN,2022-06-23,0.03625678767115503,
R4_S1_H02_C_10_CA,TOP_DAY_RETURN,2022-02-18,0.035902154145964316,
R4_S1_H02_C_10_CA,TOP_DAY_RETURN,2023-11-17,0.035045946064250044,
R4_S1_H02_C_10_CA,TOP_DAY_RETURN,2020-08-17,0.0347269216416064,
R4_S1_H02_C_MAX_CA,TOP_STOCK_PNL,600582.SH,69296.68195999996,-504036.26029999997
R4_S1_H02_C_MAX_CA,TOP_STOCK_PNL,603129.SH,52117.40923000007,-504036.26029999997
R4_S1_H02_C_MAX_CA,TOP_STOCK_PNL,002685.SZ,45372.41832000002,-504036.26029999997
R4_S1_H02_C_MAX_CA,TOP_STOCK_PNL,300485.SZ,41185.35440000001,-504036.26029999997
R4_S1_H02_C_MAX_CA,TOP_STOCK_PNL,300551.SZ,41022.19306000009,-504036.26029999997
R4_S1_H02_C_MAX_CA,MAX_INDUSTRY_NAV,historical_industry,0.9768392137987212,1.0
R4_S1_H02_C_MAX_CA,TOP_DAY_RETURN,2020-08-17,0.0517446004626283,
R4_S1_H02_C_MAX_CA,TOP_DAY_RETURN,2020-10-13,0.04953379080752818,
R4_S1_H02_C_MAX_CA,TOP_DAY_RETURN,2020-03-03,0.04800852923404619,
R4_S1_H02_C_MAX_CA,TOP_DAY_RETURN,2021-08-24,0.04643714526235554,
R4_S1_H02_C_MAX_CA,TOP_DAY_RETURN,2020-02-24,0.043838095288813106,
R4_S1_POOL_C_10,TOP_STOCK_PNL,000612.SZ,48987.93488,-268758.2107179002
R4_S1_POOL_C_10,TOP_STOCK_PNL,300390.SZ,42852.61548000001,-268758.2107179002
R4_S1_POOL_C_10,TOP_STOCK_PNL,300636.SZ,28926.21220000001,-268758.2107179002
R4_S1_POOL_C_10,TOP_STOCK_PNL,002847.SZ,26303.478600000002,-268758.2107179002
R4_S1_POOL_C_10,TOP_STOCK_PNL,688355.SH,25834.391531199974,-268758.2107179002
R4_S1_POOL_C_10,MAX_INDUSTRY_NAV,historical_industry,0.5177411420337437,1.0
R4_S1_POOL_C_10,TOP_DAY_RETURN,2022-08-01,0.05171912267691936,
R4_S1_POOL_C_10,TOP_DAY_RETURN,2020-08-03,0.03984615910107747,
R4_S1_POOL_C_10,TOP_DAY_RETURN,2022-11-15,0.038368557017940175,
R4_S1_POOL_C_10,TOP_DAY_RETURN,2020-07-20,0.036577576767857334,
R4_S1_POOL_C_10,TOP_DAY_RETURN,2022-02-18,0.036172836931801955,
R4_S1_POOL_C_MAX,TOP_STOCK_PNL,300390.SZ,133319.24816000002,-302670.9374554
R4_S1_POOL_C_MAX,TOP_STOCK_PNL,000612.SZ,55260.78020000001,-302670.9374554
R4_S1_POOL_C_MAX,TOP_STOCK_PNL,300551.SZ,43751.87280999999,-302670.9374554
R4_S1_POOL_C_MAX,TOP_STOCK_PNL,603129.SH,35526.43201999999,-302670.9374554
R4_S1_POOL_C_MAX,TOP_STOCK_PNL,002006.SZ,34123.042799999996,-302670.9374554
R4_S1_POOL_C_MAX,MAX_INDUSTRY_NAV,historical_industry,0.976413831170999,1.0
R4_S1_POOL_C_MAX,TOP_DAY_RETURN,2021-09-02,0.061742039264146564,
R4_S1_POOL_C_MAX,TOP_DAY_RETURN,2021-09-10,0.05901580201817769,
R4_S1_POOL_C_MAX,TOP_DAY_RETURN,2020-02-24,0.056471465949414545,
R4_S1_POOL_C_MAX,TOP_DAY_RETURN,2022-08-01,0.054717499848783824,
R4_S1_POOL_C_MAX,TOP_DAY_RETURN,2023-09-08,0.04404794793995337,
