id,route,entry_state,holding_state,holding_rows,dates,capital_days
A_D00_C_MAX_E10,D00,HIGH_IMPROVING,HIGH_IMPROVING,848,182,82315294.64
A_D00_C_MAX_E10,D00,HIGH_IMPROVING,HIGH_NONIMPROVING,576,159,54739880.519999996
A_D00_C_MAX_E10,D00,HIGH_IMPROVING,LOW_IMPROVING,75,18,7163240.21
A_D00_C_MAX_E10,D00,HIGH_IMPROVING,LOW_NONIMPROVING,152,61,14112982.24
A_D00_C_MAX_E10,D00,HIGH_NONIMPROVING,HIGH_IMPROVING,378,95,37635466.22
A_D00_C_MAX_E10,D00,HIGH_NONIMPROVING,HIGH_NONIMPROVING,1087,204,99237772.14999999
A_D00_C_MAX_E10,D00,HIGH_NONIMPROVING,LOW_IMPROVING,1,1,67520.0
A_D00_C_MAX_E10,D00,HIGH_NONIMPROVING,LOW_NONIMPROVING,315,82,28057942.36
A_D00_C_MAX_E10,D00,LOW_IMPROVING,HIGH_IMPROVING,257,62,23616559.73
A_D00_C_MAX_E10,D00,LOW_IMPROVING,HIGH_NONIMPROVING,55,18,5732911.58
A_D00_C_MAX_E10,D00,LOW_IMPROVING,LOW_IMPROVING,1381,242,124328953.30000001
A_D00_C_MAX_E10,D00,LOW_IMPROVING,LOW_NONIMPROVING,640,137,58405790.72
A_D00_C_MAX_E10,D00,LOW_NONIMPROVING,HIGH_IMPROVING,167,54,16205632.3
A_D00_C_MAX_E10,D00,LOW_NONIMPROVING,HIGH_NONIMPROVING,48,33,5760851.0
A_D00_C_MAX_E10,D00,LOW_NONIMPROVING,LOW_IMPROVING,693,179,62681546.870000005
A_D00_C_MAX_E10,D00,LOW_NONIMPROVING,LOW_NONIMPROVING,1392,284,120033196.12
A_D00_C_10_E10,D00,HIGH_IMPROVING,HIGH_IMPROVING,855,182,78750485.53999999
A_D00_C_10_E10,D00,HIGH_IMPROVING,HIGH_NONIMPROVING,573,159,52745026.120000005
A_D00_C_10_E10,D00,HIGH_IMPROVING,LOW_IMPROVING,75,18,6872094.62
A_D00_C_10_E10,D00,HIGH_IMPROVING,LOW_NONIMPROVING,158,61,13361412.6
A_D00_C_10_E10,D00,HIGH_NONIMPROVING,HIGH_IMPROVING,375,95,35974700.69
A_D00_C_10_E10,D00,HIGH_NONIMPROVING,HIGH_NONIMPROVING,1090,204,94418155.6
A_D00_C_10_E10,D00,HIGH_NONIMPROVING,LOW_IMPROVING,1,1,98748.0
A_D00_C_10_E10,D00,HIGH_NONIMPROVING,LOW_NONIMPROVING,315,82,26528943.86
A_D00_C_10_E10,D00,LOW_IMPROVING,HIGH_IMPROVING,258,62,21466296.34
A_D00_C_10_E10,D00,LOW_IMPROVING,HIGH_NONIMPROVING,55,18,4559812.88
A_D00_C_10_E10,D00,LOW_IMPROVING,LOW_IMPROVING,1385,242,118658914.84
A_D00_C_10_E10,D00,LOW_IMPROVING,LOW_NONIMPROVING,655,138,54125022.2
A_D00_C_10_E10,D00,LOW_NONIMPROVING,HIGH_IMPROVING,163,54,16127188.18
A_D00_C_10_E10,D00,LOW_NONIMPROVING,HIGH_NONIMPROVING,48,33,4157559.0
A_D00_C_10_E10,D00,LOW_NONIMPROVING,LOW_IMPROVING,694,179,59569586.12
A_D00_C_10_E10,D00,LOW_NONIMPROVING,LOW_NONIMPROVING,1368,284,111269512.44999999
A_D01_C_MAX_E10,D01,HIGH_IMPROVING,HIGH_IMPROVING,745,183,66060886.660000004
A_D01_C_MAX_E10,D01,HIGH_IMPROVING,HIGH_NONIMPROVING,594,150,52838610.51
A_D01_C_MAX_E10,D01,HIGH_IMPROVING,LOW_IMPROVING,50,13,5285391.47
A_D01_C_MAX_E10,D01,HIGH_IMPROVING,LOW_NONIMPROVING,141,47,10740105.94
A_D01_C_MAX_E10,D01,HIGH_NONIMPROVING,HIGH_IMPROVING,396,98,41115054.769999996
A_D01_C_MAX_E10,D01,HIGH_NONIMPROVING,HIGH_NONIMPROVING,924,197,96187530.66999999
A_D01_C_MAX_E10,D01,HIGH_NONIMPROVING,LOW_IMPROVING,2,1,10717.0
A_D01_C_MAX_E10,D01,HIGH_NONIMPROVING,LOW_NONIMPROVING,298,86,31023105.84
A_D01_C_MAX_E10,D01,LOW_IMPROVING,HIGH_IMPROVING,219,62,26990462.17
A_D01_C_MAX_E10,D01,LOW_IMPROVING,HIGH_NONIMPROVING,28,15,2697746.0
A_D01_C_MAX_E10,D01,LOW_IMPROVING,LOW_IMPROVING,1234,228,123901838.80000001
A_D01_C_MAX_E10,D01,LOW_IMPROVING,LOW_NONIMPROVING,474,124,46454449.56
A_D01_C_MAX_E10,D01,LOW_NONIMPROVING,HIGH_IMPROVING,157,53,11188419.26
A_D01_C_MAX_E10,D01,LOW_NONIMPROVING,HIGH_NONIMPROVING,51,21,3111851.4899999998
A_D01_C_MAX_E10,D01,LOW_NONIMPROVING,LOW_IMPROVING,498,173,53197055.7
A_D01_C_MAX_E10,D01,LOW_NONIMPROVING,LOW_NONIMPROVING,982,243,102530181.0
A_D01_C_10_E10,D01,HIGH_IMPROVING,HIGH_IMPROVING,819,185,68656716.62
A_D01_C_10_E10,D01,HIGH_IMPROVING,HIGH_NONIMPROVING,561,153,46535687.33
A_D01_C_10_E10,D01,HIGH_IMPROVING,LOW_IMPROVING,54,13,4336673.12
A_D01_C_10_E10,D01,HIGH_IMPROVING,LOW_NONIMPROVING,136,47,9966801.89
A_D01_C_10_E10,D01,HIGH_NONIMPROVING,HIGH_IMPROVING,397,98,34386548.870000005
A_D01_C_10_E10,D01,HIGH_NONIMPROVING,HIGH_NONIMPROVING,1041,203,85397908.89
A_D01_C_10_E10,D01,HIGH_NONIMPROVING,LOW_NONIMPROVING,302,85,24950665.88
A_D01_C_10_E10,D01,LOW_IMPROVING,HIGH_IMPROVING,231,62,17772007.0
A_D01_C_10_E10,D01,LOW_IMPROVING,HIGH_NONIMPROVING,39,16,3157993.0
A_D01_C_10_E10,D01,LOW_IMPROVING,LOW_IMPROVING,1399,242,111829769.67
A_D01_C_10_E10,D01,LOW_IMPROVING,LOW_NONIMPROVING,486,130,38190193.28
A_D01_C_10_E10,D01,LOW_NONIMPROVING,HIGH_IMPROVING,162,53,12936553.08
A_D01_C_10_E10,D01,LOW_NONIMPROVING,HIGH_NONIMPROVING,42,21,3034809.14
A_D01_C_10_E10,D01,LOW_NONIMPROVING,LOW_IMPROVING,530,167,42490978.74
A_D01_C_10_E10,D01,LOW_NONIMPROVING,LOW_NONIMPROVING,1024,245,81816180.73
A_D02_C_MAX_E10,D02,HIGH_IMPROVING,HIGH_IMPROVING,686,178,63165318.7
A_D02_C_MAX_E10,D02,HIGH_IMPROVING,HIGH_NONIMPROVING,586,154,56338773.1
A_D02_C_MAX_E10,D02,HIGH_IMPROVING,LOW_IMPROVING,41,13,3847259.09
A_D02_C_MAX_E10,D02,HIGH_IMPROVING,LOW_NONIMPROVING,137,47,10650968.629999999
A_D02_C_MAX_E10,D02,HIGH_NONIMPROVING,HIGH_IMPROVING,420,99,49575863.45
A_D02_C_MAX_E10,D02,HIGH_NONIMPROVING,HIGH_NONIMPROVING,922,202,104324731.97999999
A_D02_C_MAX_E10,D02,HIGH_NONIMPROVING,LOW_IMPROVING,2,1,12150.0
A_D02_C_MAX_E10,D02,HIGH_NONIMPROVING,LOW_NONIMPROVING,266,86,31761529.0
A_D02_C_MAX_E10,D02,LOW_IMPROVING,HIGH_IMPROVING,229,63,33076315.14
A_D02_C_MAX_E10,D02,LOW_IMPROVING,HIGH_NONIMPROVING,41,15,4694235.0
A_D02_C_MAX_E10,D02,LOW_IMPROVING,LOW_IMPROVING,1228,231,131407231.12
A_D02_C_MAX_E10,D02,LOW_IMPROVING,LOW_NONIMPROVING,487,130,50160823.239999995
A_D02_C_MAX_E10,D02,LOW_NONIMPROVING,HIGH_IMPROVING,148,49,12498289.540000001
A_D02_C_MAX_E10,D02,LOW_NONIMPROVING,HIGH_NONIMPROVING,49,18,3333228.65
A_D02_C_MAX_E10,D02,LOW_NONIMPROVING,LOW_IMPROVING,489,172,60875540.92
A_D02_C_MAX_E10,D02,LOW_NONIMPROVING,LOW_NONIMPROVING,982,253,114461288.32
A_D02_C_10_E10,D02,HIGH_IMPROVING,HIGH_IMPROVING,777,181,66989960.53
A_D02_C_10_E10,D02,HIGH_IMPROVING,HIGH_NONIMPROVING,582,157,49716336.34
A_D02_C_10_E10,D02,HIGH_IMPROVING,LOW_IMPROVING,52,13,4267911.83
A_D02_C_10_E10,D02,HIGH_IMPROVING,LOW_NONIMPROVING,139,47,10227367.02
A_D02_C_10_E10,D02,HIGH_NONIMPROVING,HIGH_IMPROVING,407,98,36465556.49
A_D02_C_10_E10,D02,HIGH_NONIMPROVING,HIGH_NONIMPROVING,1005,202,84647666.13
A_D02_C_10_E10,D02,HIGH_NONIMPROVING,LOW_NONIMPROVING,268,85,22085831.88
A_D02_C_10_E10,D02,LOW_IMPROVING,HIGH_IMPROVING,230,63,18423540.8
A_D02_C_10_E10,D02,LOW_IMPROVING,HIGH_NONIMPROVING,44,16,3849414.0
A_D02_C_10_E10,D02,LOW_IMPROVING,LOW_IMPROVING,1371,240,114968204.66
A_D02_C_10_E10,D02,LOW_IMPROVING,LOW_NONIMPROVING,490,132,39705249.519999996
A_D02_C_10_E10,D02,LOW_NONIMPROVING,HIGH_IMPROVING,165,49,13170230.6
A_D02_C_10_E10,D02,LOW_NONIMPROVING,HIGH_NONIMPROVING,37,16,2689620.53
A_D02_C_10_E10,D02,LOW_NONIMPROVING,LOW_IMPROVING,531,165,42692024.260000005
A_D02_C_10_E10,D02,LOW_NONIMPROVING,LOW_NONIMPROVING,1035,253,83921940.21000001
A_D03_C_MAX_E10,D03,HIGH_IMPROVING,HIGH_IMPROVING,845,176,39711943.08
A_D03_C_MAX_E10,D03,HIGH_IMPROVING,HIGH_NONIMPROVING,600,156,29680945.02
A_D03_C_MAX_E10,D03,HIGH_IMPROVING,LOW_IMPROVING,58,13,2247508.3
A_D03_C_MAX_E10,D03,HIGH_IMPROVING,LOW_NONIMPROVING,178,64,7914854.0
A_D03_C_MAX_E10,D03,HIGH_NONIMPROVING,HIGH_IMPROVING,397,101,21657216.5
A_D03_C_MAX_E10,D03,HIGH_NONIMPROVING,HIGH_NONIMPROVING,1113,208,48186800.0
A_D03_C_MAX_E10,D03,HIGH_NONIMPROVING,LOW_IMPROVING,1,1,44950.0
A_D03_C_MAX_E10,D03,HIGH_NONIMPROVING,LOW_NONIMPROVING,341,104,18340070.490000002
A_D03_C_MAX_E10,D03,LOW_IMPROVING,HIGH_IMPROVING,231,60,9441608.0
A_D03_C_MAX_E10,D03,LOW_IMPROVING,HIGH_NONIMPROVING,43,18,1197575.0
A_D03_C_MAX_E10,D03,LOW_IMPROVING,LOW_IMPROVING,1338,237,57300471.92
A_D03_C_MAX_E10,D03,LOW_IMPROVING,LOW_NONIMPROVING,549,136,21425268.21
A_D03_C_MAX_E10,D03,LOW_NONIMPROVING,HIGH_IMPROVING,170,54,7419893.88
A_D03_C_MAX_E10,D03,LOW_NONIMPROVING,HIGH_NONIMPROVING,50,31,2126400.5
A_D03_C_MAX_E10,D03,LOW_NONIMPROVING,LOW_IMPROVING,751,181,30822197.24
A_D03_C_MAX_E10,D03,LOW_NONIMPROVING,LOW_NONIMPROVING,1487,279,59624720.75
A_D03_C_10_E10,D03,HIGH_IMPROVING,HIGH_IMPROVING,843,176,44079965.2
A_D03_C_10_E10,D03,HIGH_IMPROVING,HIGH_NONIMPROVING,553,143,28898434.28
A_D03_C_10_E10,D03,HIGH_IMPROVING,LOW_IMPROVING,56,13,2686204.08
A_D03_C_10_E10,D03,HIGH_IMPROVING,LOW_NONIMPROVING,169,61,7826053.0
A_D03_C_10_E10,D03,HIGH_NONIMPROVING,HIGH_IMPROVING,405,95,23790092.4
A_D03_C_10_E10,D03,HIGH_NONIMPROVING,HIGH_NONIMPROVING,1168,209,59401782.05
A_D03_C_10_E10,D03,HIGH_NONIMPROVING,LOW_NONIMPROVING,339,94,19083198.47
A_D03_C_10_E10,D03,LOW_IMPROVING,HIGH_IMPROVING,226,53,10252220.42
A_D03_C_10_E10,D03,LOW_IMPROVING,HIGH_NONIMPROVING,45,18,1828002.9500000002
A_D03_C_10_E10,D03,LOW_IMPROVING,LOW_IMPROVING,1338,236,67944049.27
A_D03_C_10_E10,D03,LOW_IMPROVING,LOW_NONIMPROVING,521,131,25150350.799999997
A_D03_C_10_E10,D03,LOW_NONIMPROVING,HIGH_IMPROVING,180,54,9169526.73
A_D03_C_10_E10,D03,LOW_NONIMPROVING,HIGH_NONIMPROVING,43,31,2196072.35
A_D03_C_10_E10,D03,LOW_NONIMPROVING,LOW_IMPROVING,757,176,35492918.7
A_D03_C_10_E10,D03,LOW_NONIMPROVING,LOW_NONIMPROVING,1521,278,72086472.72999999
A_D04_C_MAX_E10,D04,HIGH_IMPROVING,HIGH_IMPROVING,770,172,44825144.82
A_D04_C_MAX_E10,D04,HIGH_IMPROVING,HIGH_NONIMPROVING,599,150,33914790.3
A_D04_C_MAX_E10,D04,HIGH_IMPROVING,LOW_IMPROVING,54,12,2761867.0
A_D04_C_MAX_E10,D04,HIGH_IMPROVING,LOW_NONIMPROVING,167,63,6563066.0
A_D04_C_MAX_E10,D04,HIGH_NONIMPROVING,HIGH_IMPROVING,407,103,29138464.75
A_D04_C_MAX_E10,D04,HIGH_NONIMPROVING,HIGH_NONIMPROVING,1040,206,60900788.370000005
A_D04_C_MAX_E10,D04,HIGH_NONIMPROVING,LOW_IMPROVING,3,2,168730.0
A_D04_C_MAX_E10,D04,HIGH_NONIMPROVING,LOW_NONIMPROVING,350,88,22717279.7
A_D04_C_MAX_E10,D04,LOW_IMPROVING,HIGH_IMPROVING,223,62,12761035.64
A_D04_C_MAX_E10,D04,LOW_IMPROVING,HIGH_NONIMPROVING,37,16,1367094.0
A_D04_C_MAX_E10,D04,LOW_IMPROVING,LOW_IMPROVING,1208,229,68843204.78999999
A_D04_C_MAX_E10,D04,LOW_IMPROVING,LOW_NONIMPROVING,531,133,23333935.23
A_D04_C_MAX_E10,D04,LOW_NONIMPROVING,HIGH_IMPROVING,160,51,8967927.35
A_D04_C_MAX_E10,D04,LOW_NONIMPROVING,HIGH_NONIMPROVING,38,29,2070888.25
A_D04_C_MAX_E10,D04,LOW_NONIMPROVING,LOW_IMPROVING,681,177,40450991.5
A_D04_C_MAX_E10,D04,LOW_NONIMPROVING,LOW_NONIMPROVING,1372,278,79671765.24
A_D04_C_10_E10,D04,HIGH_IMPROVING,HIGH_IMPROVING,826,177,48171410.660000004
A_D04_C_10_E10,D04,HIGH_IMPROVING,HIGH_NONIMPROVING,600,154,33820660.489999995
A_D04_C_10_E10,D04,HIGH_IMPROVING,LOW_IMPROVING,58,12,3057674.0
A_D04_C_10_E10,D04,HIGH_IMPROVING,LOW_NONIMPROVING,156,65,8329363.25
A_D04_C_10_E10,D04,HIGH_NONIMPROVING,HIGH_IMPROVING,401,104,24635128.45
A_D04_C_10_E10,D04,HIGH_NONIMPROVING,HIGH_NONIMPROVING,1037,205,56461587.7
A_D04_C_10_E10,D04,HIGH_NONIMPROVING,LOW_IMPROVING,3,2,160238.0
A_D04_C_10_E10,D04,HIGH_NONIMPROVING,LOW_NONIMPROVING,329,80,19258961.56
A_D04_C_10_E10,D04,LOW_IMPROVING,HIGH_IMPROVING,222,62,10545059.08
A_D04_C_10_E10,D04,LOW_IMPROVING,HIGH_NONIMPROVING,47,17,2017809.0
A_D04_C_10_E10,D04,LOW_IMPROVING,LOW_IMPROVING,1224,229,66766746.440000005
A_D04_C_10_E10,D04,LOW_IMPROVING,LOW_NONIMPROVING,546,132,28374064.21
A_D04_C_10_E10,D04,LOW_NONIMPROVING,HIGH_IMPROVING,156,49,8766015.870000001
A_D04_C_10_E10,D04,LOW_NONIMPROVING,HIGH_NONIMPROVING,37,26,1978196.65
A_D04_C_10_E10,D04,LOW_NONIMPROVING,LOW_IMPROVING,710,175,36957640.489999995
A_D04_C_10_E10,D04,LOW_NONIMPROVING,LOW_NONIMPROVING,1401,277,72995569.15
A_D05_C_MAX_E10,D05,HIGH_IMPROVING,HIGH_IMPROVING,845,179,128163505.94
A_D05_C_MAX_E10,D05,HIGH_IMPROVING,HIGH_NONIMPROVING,521,143,83337743.72999999
A_D05_C_MAX_E10,D05,HIGH_IMPROVING,LOW_IMPROVING,79,19,12001256.0
A_D05_C_MAX_E10,D05,HIGH_IMPROVING,LOW_NONIMPROVING,186,51,22098348.8
A_D05_C_MAX_E10,D05,HIGH_NONIMPROVING,HIGH_IMPROVING,406,94,55778416.36
A_D05_C_MAX_E10,D05,HIGH_NONIMPROVING,HIGH_NONIMPROVING,1103,204,156572530.56
A_D05_C_MAX_E10,D05,HIGH_NONIMPROVING,LOW_IMPROVING,1,1,61350.0
A_D05_C_MAX_E10,D05,HIGH_NONIMPROVING,LOW_NONIMPROVING,292,93,39937343.910000004
A_D05_C_MAX_E10,D05,LOW_IMPROVING,HIGH_IMPROVING,192,59,22299840.9
A_D05_C_MAX_E10,D05,LOW_IMPROVING,HIGH_NONIMPROVING,44,15,6171007.679999999
A_D05_C_MAX_E10,D05,LOW_IMPROVING,LOW_IMPROVING,1217,236,177657953.32999998
A_D05_C_MAX_E10,D05,LOW_IMPROVING,LOW_NONIMPROVING,580,138,69644591.54
A_D05_C_MAX_E10,D05,LOW_NONIMPROVING,HIGH_IMPROVING,174,56,26092301.0
A_D05_C_MAX_E10,D05,LOW_NONIMPROVING,HIGH_NONIMPROVING,44,22,8612185.0
A_D05_C_MAX_E10,D05,LOW_NONIMPROVING,LOW_IMPROVING,664,176,99762134.29
A_D05_C_MAX_E10,D05,LOW_NONIMPROVING,LOW_NONIMPROVING,1282,280,187576004.0
A_D05_C_10_E10,D05,HIGH_IMPROVING,HIGH_IMPROVING,882,182,101699344.33
A_D05_C_10_E10,D05,HIGH_IMPROVING,HIGH_NONIMPROVING,579,156,68360578.72
A_D05_C_10_E10,D05,HIGH_IMPROVING,LOW_IMPROVING,70,19,7843591.0
A_D05_C_10_E10,D05,HIGH_IMPROVING,LOW_NONIMPROVING,180,57,21420236.41
A_D05_C_10_E10,D05,HIGH_NONIMPROVING,HIGH_IMPROVING,381,93,45607367.82
A_D05_C_10_E10,D05,HIGH_NONIMPROVING,HIGH_NONIMPROVING,1067,199,124509199.4
A_D05_C_10_E10,D05,HIGH_NONIMPROVING,LOW_IMPROVING,1,1,111657.0
A_D05_C_10_E10,D05,HIGH_NONIMPROVING,LOW_NONIMPROVING,293,93,30773048.46
A_D05_C_10_E10,D05,LOW_IMPROVING,HIGH_IMPROVING,198,59,22933944.32
A_D05_C_10_E10,D05,LOW_IMPROVING,HIGH_NONIMPROVING,43,13,5499745.34
A_D05_C_10_E10,D05,LOW_IMPROVING,LOW_IMPROVING,1229,237,141626579.57
A_D05_C_10_E10,D05,LOW_IMPROVING,LOW_NONIMPROVING,563,138,62868797.08
A_D05_C_10_E10,D05,LOW_NONIMPROVING,HIGH_IMPROVING,181,57,20400550.759999998
A_D05_C_10_E10,D05,LOW_NONIMPROVING,HIGH_NONIMPROVING,45,21,5370748.619999999
A_D05_C_10_E10,D05,LOW_NONIMPROVING,LOW_IMPROVING,698,176,78228334.14
A_D05_C_10_E10,D05,LOW_NONIMPROVING,LOW_NONIMPROVING,1320,274,146179612.48000002
A_D06_C_MAX_E10,D06,HIGH_IMPROVING,HIGH_IMPROVING,850,173,69732506.87
A_D06_C_MAX_E10,D06,HIGH_IMPROVING,HIGH_NONIMPROVING,679,161,50286305.57
A_D06_C_MAX_E10,D06,HIGH_IMPROVING,LOW_IMPROVING,43,10,3496624.0
A_D06_C_MAX_E10,D06,HIGH_IMPROVING,LOW_NONIMPROVING,158,63,13424611.46
A_D06_C_MAX_E10,D06,HIGH_NONIMPROVING,HIGH_IMPROVING,399,98,35979825.3
A_D06_C_MAX_E10,D06,HIGH_NONIMPROVING,HIGH_NONIMPROVING,1051,209,90340961.96000001
A_D06_C_MAX_E10,D06,HIGH_NONIMPROVING,LOW_IMPROVING,1,1,49869.159999999996
A_D06_C_MAX_E10,D06,HIGH_NONIMPROVING,LOW_NONIMPROVING,279,100,22773397.47
A_D06_C_MAX_E10,D06,LOW_IMPROVING,HIGH_IMPROVING,176,53,12896710.71
A_D06_C_MAX_E10,D06,LOW_IMPROVING,HIGH_NONIMPROVING,44,19,4007533.0
A_D06_C_MAX_E10,D06,LOW_IMPROVING,LOW_IMPROVING,1339,238,109675952.73
A_D06_C_MAX_E10,D06,LOW_IMPROVING,LOW_NONIMPROVING,601,140,46192552.88
A_D06_C_MAX_E10,D06,LOW_NONIMPROVING,HIGH_IMPROVING,196,57,20917675.6
A_D06_C_MAX_E10,D06,LOW_NONIMPROVING,HIGH_NONIMPROVING,46,31,3622413.0
A_D06_C_MAX_E10,D06,LOW_NONIMPROVING,LOW_IMPROVING,794,181,59317239.919999994
A_D06_C_MAX_E10,D06,LOW_NONIMPROVING,LOW_NONIMPROVING,1438,280,116754608.91000001
A_D06_C_10_E10,D06,HIGH_IMPROVING,HIGH_IMPROVING,856,178,70994603.74
A_D06_C_10_E10,D06,HIGH_IMPROVING,HIGH_NONIMPROVING,673,162,52695619.370000005
A_D06_C_10_E10,D06,HIGH_IMPROVING,LOW_IMPROVING,38,10,2900047.0
A_D06_C_10_E10,D06,HIGH_IMPROVING,LOW_NONIMPROVING,173,64,13955811.85
A_D06_C_10_E10,D06,HIGH_NONIMPROVING,HIGH_IMPROVING,402,98,33530945.26
A_D06_C_10_E10,D06,HIGH_NONIMPROVING,HIGH_NONIMPROVING,1064,209,84792151.85
A_D06_C_10_E10,D06,HIGH_NONIMPROVING,LOW_IMPROVING,1,1,51857.96
A_D06_C_10_E10,D06,HIGH_NONIMPROVING,LOW_NONIMPROVING,273,88,20888798.82
A_D06_C_10_E10,D06,LOW_IMPROVING,HIGH_IMPROVING,191,62,14487809.8
A_D06_C_10_E10,D06,LOW_IMPROVING,HIGH_NONIMPROVING,42,19,2923651.25
A_D06_C_10_E10,D06,LOW_IMPROVING,LOW_IMPROVING,1350,240,104296215.32
A_D06_C_10_E10,D06,LOW_IMPROVING,LOW_NONIMPROVING,607,139,47412977.010000005
A_D06_C_10_E10,D06,LOW_NONIMPROVING,HIGH_IMPROVING,207,57,17827101.1
A_D06_C_10_E10,D06,LOW_NONIMPROVING,HIGH_NONIMPROVING,46,31,3769883.42
A_D06_C_10_E10,D06,LOW_NONIMPROVING,LOW_IMPROVING,804,179,60488171.74
A_D06_C_10_E10,D06,LOW_NONIMPROVING,LOW_NONIMPROVING,1440,272,107345345.6
A_D07_C_MAX_E10,D07,HIGH_IMPROVING,HIGH_IMPROVING,876,181,78194118.47
A_D07_C_MAX_E10,D07,HIGH_IMPROVING,HIGH_NONIMPROVING,669,161,57985221.19
A_D07_C_MAX_E10,D07,HIGH_IMPROVING,LOW_IMPROVING,39,10,4107375.48
A_D07_C_MAX_E10,D07,HIGH_IMPROVING,LOW_NONIMPROVING,128,51,9497965.219999999
A_D07_C_MAX_E10,D07,HIGH_NONIMPROVING,HIGH_IMPROVING,408,92,38491266.79
A_D07_C_MAX_E10,D07,HIGH_NONIMPROVING,HIGH_NONIMPROVING,1001,194,88397062.32
A_D07_C_MAX_E10,D07,HIGH_NONIMPROVING,LOW_IMPROVING,2,1,151305.0
A_D07_C_MAX_E10,D07,HIGH_NONIMPROVING,LOW_NONIMPROVING,335,93,28120982.71
A_D07_C_MAX_E10,D07,LOW_IMPROVING,HIGH_IMPROVING,154,47,13672150.66
A_D07_C_MAX_E10,D07,LOW_IMPROVING,HIGH_NONIMPROVING,43,16,3768750.7
A_D07_C_MAX_E10,D07,LOW_IMPROVING,LOW_IMPROVING,1209,234,107566301.05000001
A_D07_C_MAX_E10,D07,LOW_IMPROVING,LOW_NONIMPROVING,524,130,42961573.35
A_D07_C_MAX_E10,D07,LOW_NONIMPROVING,HIGH_IMPROVING,138,41,11417034.24
A_D07_C_MAX_E10,D07,LOW_NONIMPROVING,HIGH_NONIMPROVING,52,20,3988350.0
A_D07_C_MAX_E10,D07,LOW_NONIMPROVING,LOW_IMPROVING,603,171,59033733.7
A_D07_C_MAX_E10,D07,LOW_NONIMPROVING,LOW_NONIMPROVING,1405,268,117207309.64
A_D07_C_10_E10,D07,HIGH_IMPROVING,HIGH_IMPROVING,860,181,66401123.019999996
A_D07_C_10_E10,D07,HIGH_IMPROVING,HIGH_NONIMPROVING,650,160,50209606.25
A_D07_C_10_E10,D07,HIGH_IMPROVING,LOW_IMPROVING,39,10,3033772.02
A_D07_C_10_E10,D07,HIGH_IMPROVING,LOW_NONIMPROVING,133,51,9353947.79
A_D07_C_10_E10,D07,HIGH_NONIMPROVING,HIGH_IMPROVING,416,94,32448207.5
A_D07_C_10_E10,D07,HIGH_NONIMPROVING,HIGH_NONIMPROVING,1017,199,77077336.66
A_D07_C_10_E10,D07,HIGH_NONIMPROVING,LOW_IMPROVING,2,1,138555.0
A_D07_C_10_E10,D07,HIGH_NONIMPROVING,LOW_NONIMPROVING,351,93,25572098.61
A_D07_C_10_E10,D07,LOW_IMPROVING,HIGH_IMPROVING,145,41,10972334.75
A_D07_C_10_E10,D07,LOW_IMPROVING,HIGH_NONIMPROVING,39,16,2661293.49
A_D07_C_10_E10,D07,LOW_IMPROVING,LOW_IMPROVING,1250,237,90761571.75999999
A_D07_C_10_E10,D07,LOW_IMPROVING,LOW_NONIMPROVING,576,132,39688551.79
A_D07_C_10_E10,D07,LOW_NONIMPROVING,HIGH_IMPROVING,164,45,12413898.36
A_D07_C_10_E10,D07,LOW_NONIMPROVING,HIGH_NONIMPROVING,52,20,4018564.0
A_D07_C_10_E10,D07,LOW_NONIMPROVING,LOW_IMPROVING,640,174,46553867.17
A_D07_C_10_E10,D07,LOW_NONIMPROVING,LOW_NONIMPROVING,1335,272,95034536.42999999
A_D08_C_MAX_E10,D08,HIGH_IMPROVING,HIGH_IMPROVING,671,164,73504011.05000001
A_D08_C_MAX_E10,D08,HIGH_IMPROVING,HIGH_NONIMPROVING,432,136,43114644.69
A_D08_C_MAX_E10,D08,HIGH_IMPROVING,LOW_IMPROVING,61,17,5501034.0
A_D08_C_MAX_E10,D08,HIGH_IMPROVING,LOW_NONIMPROVING,110,43,11664413.35
A_D08_C_MAX_E10,D08,HIGH_NONIMPROVING,HIGH_IMPROVING,303,82,29160505.86
A_D08_C_MAX_E10,D08,HIGH_NONIMPROVING,HIGH_NONIMPROVING,799,178,87677121.03
A_D08_C_MAX_E10,D08,HIGH_NONIMPROVING,LOW_IMPROVING,2,2,265878.0
A_D08_C_MAX_E10,D08,HIGH_NONIMPROVING,LOW_NONIMPROVING,156,65,22537117.0
A_D08_C_MAX_E10,D08,LOW_IMPROVING,HIGH_IMPROVING,95,40,12421746.81
A_D08_C_MAX_E10,D08,LOW_IMPROVING,HIGH_NONIMPROVING,10,6,2807697.96
A_D08_C_MAX_E10,D08,LOW_IMPROVING,LOW_IMPROVING,320,128,63699310.64
A_D08_C_MAX_E10,D08,LOW_IMPROVING,LOW_NONIMPROVING,195,82,28929004.08
A_D08_C_MAX_E10,D08,LOW_NONIMPROVING,HIGH_IMPROVING,68,37,15701855.0
A_D08_C_MAX_E10,D08,LOW_NONIMPROVING,HIGH_NONIMPROVING,5,4,793052.0
A_D08_C_MAX_E10,D08,LOW_NONIMPROVING,LOW_IMPROVING,123,82,33185534.0
A_D08_C_MAX_E10,D08,LOW_NONIMPROVING,LOW_NONIMPROVING,194,126,51938818.0
A_D08_C_10_E10,D08,HIGH_IMPROVING,HIGH_IMPROVING,645,165,73485711.39
A_D08_C_10_E10,D08,HIGH_IMPROVING,HIGH_NONIMPROVING,462,142,51340705.85
A_D08_C_10_E10,D08,HIGH_IMPROVING,LOW_IMPROVING,60,17,7007954.0
A_D08_C_10_E10,D08,HIGH_IMPROVING,LOW_NONIMPROVING,117,50,13132889.629999999
A_D08_C_10_E10,D08,HIGH_NONIMPROVING,HIGH_IMPROVING,331,81,38303752.5
A_D08_C_10_E10,D08,HIGH_NONIMPROVING,HIGH_NONIMPROVING,879,178,98744510.13
A_D08_C_10_E10,D08,HIGH_NONIMPROVING,LOW_IMPROVING,2,2,228327.0
A_D08_C_10_E10,D08,HIGH_NONIMPROVING,LOW_NONIMPROVING,198,68,21667284.0
A_D08_C_10_E10,D08,LOW_IMPROVING,HIGH_IMPROVING,116,43,13084096.45
A_D08_C_10_E10,D08,LOW_IMPROVING,HIGH_NONIMPROVING,10,6,1154758.96
A_D08_C_10_E10,D08,LOW_IMPROVING,LOW_IMPROVING,351,129,40041151.230000004
A_D08_C_10_E10,D08,LOW_IMPROVING,LOW_NONIMPROVING,213,84,22932282.45
A_D08_C_10_E10,D08,LOW_NONIMPROVING,HIGH_IMPROVING,98,37,10387773.0
A_D08_C_10_E10,D08,LOW_NONIMPROVING,HIGH_NONIMPROVING,6,5,702785.0
A_D08_C_10_E10,D08,LOW_NONIMPROVING,LOW_IMPROVING,123,82,14246153.0
A_D08_C_10_E10,D08,LOW_NONIMPROVING,LOW_NONIMPROVING,223,136,24400870.4
A_D09_C_MAX_E10,D09,HIGH_IMPROVING,HIGH_IMPROVING,734,178,59704018.97
A_D09_C_MAX_E10,D09,HIGH_IMPROVING,HIGH_NONIMPROVING,499,141,37292948.79
A_D09_C_MAX_E10,D09,HIGH_IMPROVING,LOW_IMPROVING,36,11,3445836.0
A_D09_C_MAX_E10,D09,HIGH_IMPROVING,LOW_NONIMPROVING,111,43,10798727.059999999
A_D09_C_MAX_E10,D09,HIGH_NONIMPROVING,HIGH_IMPROVING,327,97,35167381.85
A_D09_C_MAX_E10,D09,HIGH_NONIMPROVING,HIGH_NONIMPROVING,983,198,95856504.41
A_D09_C_MAX_E10,D09,HIGH_NONIMPROVING,LOW_IMPROVING,3,2,322219.0
A_D09_C_MAX_E10,D09,HIGH_NONIMPROVING,LOW_NONIMPROVING,269,86,29205617.78
A_D09_C_MAX_E10,D09,LOW_IMPROVING,HIGH_IMPROVING,164,47,15999112.39
A_D09_C_MAX_E10,D09,LOW_IMPROVING,HIGH_NONIMPROVING,27,19,7101411.619999999
A_D09_C_MAX_E10,D09,LOW_IMPROVING,LOW_IMPROVING,1185,229,108351223.07
A_D09_C_MAX_E10,D09,LOW_IMPROVING,LOW_NONIMPROVING,505,129,42057238.8
A_D09_C_MAX_E10,D09,LOW_NONIMPROVING,HIGH_IMPROVING,198,62,27944431.02
A_D09_C_MAX_E10,D09,LOW_NONIMPROVING,HIGH_NONIMPROVING,41,19,3729602.0
A_D09_C_MAX_E10,D09,LOW_NONIMPROVING,LOW_IMPROVING,479,147,50919908.58
A_D09_C_MAX_E10,D09,LOW_NONIMPROVING,LOW_NONIMPROVING,1007,261,90235306.00999999
A_D09_C_10_E10,D09,HIGH_IMPROVING,HIGH_IMPROVING,803,178,81623805.69999999
A_D09_C_10_E10,D09,HIGH_IMPROVING,HIGH_NONIMPROVING,568,150,58394968.65
A_D09_C_10_E10,D09,HIGH_IMPROVING,LOW_IMPROVING,44,12,4300560.0
A_D09_C_10_E10,D09,HIGH_IMPROVING,LOW_NONIMPROVING,135,47,13507212.260000002
A_D09_C_10_E10,D09,HIGH_NONIMPROVING,HIGH_IMPROVING,383,99,41380672.7
A_D09_C_10_E10,D09,HIGH_NONIMPROVING,HIGH_NONIMPROVING,1074,202,109900093.03
A_D09_C_10_E10,D09,HIGH_NONIMPROVING,LOW_IMPROVING,5,2,435812.0
A_D09_C_10_E10,D09,HIGH_NONIMPROVING,LOW_NONIMPROVING,339,94,32555056.0
A_D09_C_10_E10,D09,LOW_IMPROVING,HIGH_IMPROVING,163,48,17044129.84
A_D09_C_10_E10,D09,LOW_IMPROVING,HIGH_NONIMPROVING,39,25,4188822.44
A_D09_C_10_E10,D09,LOW_IMPROVING,LOW_IMPROVING,1408,237,139876538.35000002
A_D09_C_10_E10,D09,LOW_IMPROVING,LOW_NONIMPROVING,553,138,51225051.239999995
A_D09_C_10_E10,D09,LOW_NONIMPROVING,HIGH_IMPROVING,238,62,23691115.91
A_D09_C_10_E10,D09,LOW_NONIMPROVING,HIGH_NONIMPROVING,50,28,5066221.5
A_D09_C_10_E10,D09,LOW_NONIMPROVING,LOW_IMPROVING,508,144,49201453.99
A_D09_C_10_E10,D09,LOW_NONIMPROVING,LOW_NONIMPROVING,1115,252,105184601.49000001
A_H01_C_MAX_E10,H01,HIGH_IMPROVING,HIGH_IMPROVING,358,137,94378378.58
A_H01_C_MAX_E10,H01,HIGH_IMPROVING,HIGH_NONIMPROVING,296,129,63767081.5
A_H01_C_MAX_E10,H01,HIGH_IMPROVING,LOW_IMPROVING,11,5,6506278.0
A_H01_C_MAX_E10,H01,HIGH_IMPROVING,LOW_NONIMPROVING,55,31,12465221.0
A_H01_C_MAX_E10,H01,HIGH_NONIMPROVING,HIGH_IMPROVING,176,82,39521096.98
A_H01_C_MAX_E10,H01,HIGH_NONIMPROVING,HIGH_NONIMPROVING,535,182,127942614.2
A_H01_C_MAX_E10,H01,HIGH_NONIMPROVING,LOW_NONIMPROVING,149,73,40764760.629999995
A_H01_C_MAX_E10,H01,LOW_IMPROVING,HIGH_IMPROVING,83,45,17529140.72
A_H01_C_MAX_E10,H01,LOW_IMPROVING,HIGH_NONIMPROVING,9,8,3763262.0
A_H01_C_MAX_E10,H01,LOW_IMPROVING,LOW_IMPROVING,500,170,133025949.77000001
A_H01_C_MAX_E10,H01,LOW_IMPROVING,LOW_NONIMPROVING,240,101,60839326.1
A_H01_C_MAX_E10,H01,LOW_NONIMPROVING,HIGH_IMPROVING,98,35,17292780.0
A_H01_C_MAX_E10,H01,LOW_NONIMPROVING,HIGH_NONIMPROVING,5,5,2275018.1599999997
A_H01_C_MAX_E10,H01,LOW_NONIMPROVING,LOW_IMPROVING,233,102,46964739.0
A_H01_C_MAX_E10,H01,LOW_NONIMPROVING,LOW_NONIMPROVING,434,204,103122653.68
A_H01_C_10_E10,H01,HIGH_IMPROVING,HIGH_IMPROVING,421,140,54273049.4
A_H01_C_10_E10,H01,HIGH_IMPROVING,HIGH_NONIMPROVING,351,134,44852028.19
A_H01_C_10_E10,H01,HIGH_IMPROVING,LOW_IMPROVING,16,10,2258141.0
A_H01_C_10_E10,H01,HIGH_IMPROVING,LOW_NONIMPROVING,72,39,9332351.75
A_H01_C_10_E10,H01,HIGH_NONIMPROVING,HIGH_IMPROVING,180,81,23673390.96
A_H01_C_10_E10,H01,HIGH_NONIMPROVING,HIGH_NONIMPROVING,583,182,73421218.05
A_H01_C_10_E10,H01,HIGH_NONIMPROVING,LOW_NONIMPROVING,187,73,21490232.3
A_H01_C_10_E10,H01,LOW_IMPROVING,HIGH_IMPROVING,88,36,12998445.36
A_H01_C_10_E10,H01,LOW_IMPROVING,HIGH_NONIMPROVING,21,10,2812241.0
A_H01_C_10_E10,H01,LOW_IMPROVING,LOW_IMPROVING,551,170,70071534.12
A_H01_C_10_E10,H01,LOW_IMPROVING,LOW_NONIMPROVING,302,104,34272517.38
A_H01_C_10_E10,H01,LOW_NONIMPROVING,HIGH_IMPROVING,130,40,15573613.0
A_H01_C_10_E10,H01,LOW_NONIMPROVING,HIGH_NONIMPROVING,7,7,841866.0
A_H01_C_10_E10,H01,LOW_NONIMPROVING,LOW_IMPROVING,225,102,27818475.7
A_H01_C_10_E10,H01,LOW_NONIMPROVING,LOW_NONIMPROVING,488,220,57564652.85
A_H02_C_MAX_E10,H02,HIGH_IMPROVING,HIGH_IMPROVING,868,185,143357131.07999998
A_H02_C_MAX_E10,H02,HIGH_IMPROVING,HIGH_NONIMPROVING,543,147,83080911.36
A_H02_C_MAX_E10,H02,HIGH_IMPROVING,LOW_IMPROVING,42,17,7939295.0
A_H02_C_MAX_E10,H02,HIGH_IMPROVING,LOW_NONIMPROVING,158,51,25393842.0
A_H02_C_MAX_E10,H02,HIGH_NONIMPROVING,HIGH_IMPROVING,393,99,64693071.43
A_H02_C_MAX_E10,H02,HIGH_NONIMPROVING,HIGH_NONIMPROVING,1093,203,191107154.56
A_H02_C_MAX_E10,H02,HIGH_NONIMPROVING,LOW_IMPROVING,2,2,173176.0
A_H02_C_MAX_E10,H02,HIGH_NONIMPROVING,LOW_NONIMPROVING,334,90,48451409.38
A_H02_C_MAX_E10,H02,LOW_IMPROVING,HIGH_IMPROVING,212,54,34899511.379999995
A_H02_C_MAX_E10,H02,LOW_IMPROVING,HIGH_NONIMPROVING,47,11,6419085.319999999
A_H02_C_MAX_E10,H02,LOW_IMPROVING,LOW_IMPROVING,1279,231,215250192.34
A_H02_C_MAX_E10,H02,LOW_IMPROVING,LOW_NONIMPROVING,583,138,85435465.13
A_H02_C_MAX_E10,H02,LOW_NONIMPROVING,HIGH_IMPROVING,178,56,27175929.28
A_H02_C_MAX_E10,H02,LOW_NONIMPROVING,HIGH_NONIMPROVING,51,29,9067484.2
A_H02_C_MAX_E10,H02,LOW_NONIMPROVING,LOW_IMPROVING,622,176,103755857.69
A_H02_C_MAX_E10,H02,LOW_NONIMPROVING,LOW_NONIMPROVING,1299,277,216137618.24
A_H02_C_10_E10,H02,HIGH_IMPROVING,HIGH_IMPROVING,879,187,118102488.00999999
A_H02_C_10_E10,H02,HIGH_IMPROVING,HIGH_NONIMPROVING,549,151,75829858.22
A_H02_C_10_E10,H02,HIGH_IMPROVING,LOW_IMPROVING,44,18,5962438.0
A_H02_C_10_E10,H02,HIGH_IMPROVING,LOW_NONIMPROVING,169,54,24686019.0
A_H02_C_10_E10,H02,HIGH_NONIMPROVING,HIGH_IMPROVING,386,99,52786570.61
A_H02_C_10_E10,H02,HIGH_NONIMPROVING,HIGH_NONIMPROVING,1098,204,147403469.26
A_H02_C_10_E10,H02,HIGH_NONIMPROVING,LOW_IMPROVING,2,2,261016.0
A_H02_C_10_E10,H02,HIGH_NONIMPROVING,LOW_NONIMPROVING,326,94,38332024.46
A_H02_C_10_E10,H02,LOW_IMPROVING,HIGH_IMPROVING,220,58,30829581.36
A_H02_C_10_E10,H02,LOW_IMPROVING,HIGH_NONIMPROVING,42,14,6223208.21
A_H02_C_10_E10,H02,LOW_IMPROVING,LOW_IMPROVING,1276,233,169564607.2
A_H02_C_10_E10,H02,LOW_IMPROVING,LOW_NONIMPROVING,573,137,72734906.09
A_H02_C_10_E10,H02,LOW_NONIMPROVING,HIGH_IMPROVING,186,56,23357523.12
A_H02_C_10_E10,H02,LOW_NONIMPROVING,HIGH_NONIMPROVING,51,29,7046456.34
A_H02_C_10_E10,H02,LOW_NONIMPROVING,LOW_IMPROVING,670,177,87032610.87
A_H02_C_10_E10,H02,LOW_NONIMPROVING,LOW_NONIMPROVING,1340,276,171249110.68
C_H02_C_MAX_G_DOWN,H02,HIGH_IMPROVING,HIGH_IMPROVING,920,184,112794367.45
C_H02_C_MAX_G_DOWN,H02,HIGH_IMPROVING,HIGH_NONIMPROVING,579,137,66369253.31
C_H02_C_MAX_G_DOWN,H02,HIGH_IMPROVING,LOW_IMPROVING,54,19,9796691.0
C_H02_C_MAX_G_DOWN,H02,HIGH_IMPROVING,LOW_NONIMPROVING,168,53,17312617.8
C_H02_C_MAX_G_DOWN,H02,HIGH_NONIMPROVING,HIGH_IMPROVING,360,98,49751810.82
C_H02_C_MAX_G_DOWN,H02,HIGH_NONIMPROVING,HIGH_NONIMPROVING,1044,203,143563261.64
C_H02_C_MAX_G_DOWN,H02,HIGH_NONIMPROVING,LOW_IMPROVING,5,2,365136.0
C_H02_C_MAX_G_DOWN,H02,HIGH_NONIMPROVING,LOW_NONIMPROVING,323,90,43163447.77
C_H02_C_MAX_G_DOWN,H02,LOW_IMPROVING,HIGH_IMPROVING,182,46,26241626.3
C_H02_C_MAX_G_DOWN,H02,LOW_IMPROVING,HIGH_NONIMPROVING,46,11,10224696.559999999
C_H02_C_MAX_G_DOWN,H02,LOW_IMPROVING,LOW_IMPROVING,717,143,94215872.64
C_H02_C_MAX_G_DOWN,H02,LOW_IMPROVING,LOW_NONIMPROVING,246,71,36524966.24
C_H02_C_MAX_G_DOWN,H02,LOW_NONIMPROVING,HIGH_IMPROVING,154,50,20694789.43
C_H02_C_MAX_G_DOWN,H02,LOW_NONIMPROVING,HIGH_NONIMPROVING,40,24,5161729.399999999
C_H02_C_MAX_G_DOWN,H02,LOW_NONIMPROVING,LOW_IMPROVING,413,109,55151307.81
C_H02_C_MAX_G_DOWN,H02,LOW_NONIMPROVING,LOW_NONIMPROVING,1019,216,126522931.51
C_H02_C_MAX_G_RAMP,H02,HIGH_IMPROVING,HIGH_IMPROVING,763,143,75221619.9
C_H02_C_MAX_G_RAMP,H02,HIGH_IMPROVING,HIGH_NONIMPROVING,433,104,39849363.730000004
C_H02_C_MAX_G_RAMP,H02,HIGH_IMPROVING,LOW_IMPROVING,50,18,7536952.0
C_H02_C_MAX_G_RAMP,H02,HIGH_IMPROVING,LOW_NONIMPROVING,125,35,10490645.0
C_H02_C_MAX_G_RAMP,H02,HIGH_NONIMPROVING,HIGH_IMPROVING,267,66,30680078.84
C_H02_C_MAX_G_RAMP,H02,HIGH_NONIMPROVING,HIGH_NONIMPROVING,803,143,88227536.55
C_H02_C_MAX_G_RAMP,H02,HIGH_NONIMPROVING,LOW_IMPROVING,2,1,9148.0
C_H02_C_MAX_G_RAMP,H02,HIGH_NONIMPROVING,LOW_NONIMPROVING,210,60,24328779.5
C_H02_C_MAX_G_RAMP,H02,LOW_IMPROVING,HIGH_IMPROVING,66,25,9091779.0
C_H02_C_MAX_G_RAMP,H02,LOW_IMPROVING,HIGH_NONIMPROVING,3,3,310200.0
C_H02_C_MAX_G_RAMP,H02,LOW_IMPROVING,LOW_IMPROVING,260,64,22606650.049999997
C_H02_C_MAX_G_RAMP,H02,LOW_IMPROVING,LOW_NONIMPROVING,161,34,9866797.600000001
C_H02_C_MAX_G_RAMP,H02,LOW_NONIMPROVING,HIGH_IMPROVING,98,32,13049376.799999999
C_H02_C_MAX_G_RAMP,H02,LOW_NONIMPROVING,HIGH_NONIMPROVING,25,16,2906838.4000000004
C_H02_C_MAX_G_RAMP,H02,LOW_NONIMPROVING,LOW_IMPROVING,123,34,13389860.0
C_H02_C_MAX_G_RAMP,H02,LOW_NONIMPROVING,LOW_NONIMPROVING,584,141,60625905.35
C_H02_C_10_G_DOWN,H02,HIGH_IMPROVING,HIGH_IMPROVING,927,184,104663148.42
C_H02_C_10_G_DOWN,H02,HIGH_IMPROVING,HIGH_NONIMPROVING,599,141,69511031.98
C_H02_C_10_G_DOWN,H02,HIGH_IMPROVING,LOW_IMPROVING,47,19,5355550.0
C_H02_C_10_G_DOWN,H02,HIGH_IMPROVING,LOW_NONIMPROVING,178,54,20473658.98
C_H02_C_10_G_DOWN,H02,HIGH_NONIMPROVING,HIGH_IMPROVING,351,98,40174842.86
C_H02_C_10_G_DOWN,H02,HIGH_NONIMPROVING,HIGH_NONIMPROVING,1041,204,116075348.86
C_H02_C_10_G_DOWN,H02,HIGH_NONIMPROVING,LOW_IMPROVING,3,2,316879.0
C_H02_C_10_G_DOWN,H02,HIGH_NONIMPROVING,LOW_NONIMPROVING,317,90,32931136.32
C_H02_C_10_G_DOWN,H02,LOW_IMPROVING,HIGH_IMPROVING,197,50,22661430.49
C_H02_C_10_G_DOWN,H02,LOW_IMPROVING,HIGH_NONIMPROVING,56,15,6683261.46
C_H02_C_10_G_DOWN,H02,LOW_IMPROVING,LOW_IMPROVING,726,144,81081114.97999999
C_H02_C_10_G_DOWN,H02,LOW_IMPROVING,LOW_NONIMPROVING,282,74,29398874.0
C_H02_C_10_G_DOWN,H02,LOW_NONIMPROVING,HIGH_IMPROVING,178,56,19074174.16
C_H02_C_10_G_DOWN,H02,LOW_NONIMPROVING,HIGH_NONIMPROVING,43,28,5011839.8
C_H02_C_10_G_DOWN,H02,LOW_NONIMPROVING,LOW_IMPROVING,433,111,47406538.44
C_H02_C_10_G_DOWN,H02,LOW_NONIMPROVING,LOW_NONIMPROVING,1032,217,112032363.86
C_H02_C_10_G_RAMP,H02,HIGH_IMPROVING,HIGH_IMPROVING,736,138,74348875.81
C_H02_C_10_G_RAMP,H02,HIGH_IMPROVING,HIGH_NONIMPROVING,418,101,43340489.27
C_H02_C_10_G_RAMP,H02,HIGH_IMPROVING,LOW_IMPROVING,64,18,6487201.0
C_H02_C_10_G_RAMP,H02,HIGH_IMPROVING,LOW_NONIMPROVING,133,40,13461842.0
C_H02_C_10_G_RAMP,H02,HIGH_NONIMPROVING,HIGH_IMPROVING,280,70,29241394.759999998
C_H02_C_10_G_RAMP,H02,HIGH_NONIMPROVING,HIGH_NONIMPROVING,824,148,81377911.35
C_H02_C_10_G_RAMP,H02,HIGH_NONIMPROVING,LOW_NONIMPROVING,248,75,24022358.37
C_H02_C_10_G_RAMP,H02,LOW_IMPROVING,HIGH_IMPROVING,113,29,11790642.45
C_H02_C_10_G_RAMP,H02,LOW_IMPROVING,HIGH_NONIMPROVING,11,7,1230411.0
C_H02_C_10_G_RAMP,H02,LOW_IMPROVING,LOW_IMPROVING,232,60,22883824.75
C_H02_C_10_G_RAMP,H02,LOW_IMPROVING,LOW_NONIMPROVING,174,36,16272035.8
C_H02_C_10_G_RAMP,H02,LOW_NONIMPROVING,HIGH_IMPROVING,90,33,9252128.450000001
C_H02_C_10_G_RAMP,H02,LOW_NONIMPROVING,HIGH_NONIMPROVING,24,15,2504576.4
C_H02_C_10_G_RAMP,H02,LOW_NONIMPROVING,LOW_IMPROVING,139,35,13203444.95
C_H02_C_10_G_RAMP,H02,LOW_NONIMPROVING,LOW_NONIMPROVING,566,137,55061241.95
B_H02_C_MAX_COST2,H02,HIGH_IMPROVING,HIGH_IMPROVING,891,186,133866222.12
B_H02_C_MAX_COST2,H02,HIGH_IMPROVING,HIGH_NONIMPROVING,551,143,76692847.86
B_H02_C_MAX_COST2,H02,HIGH_IMPROVING,LOW_IMPROVING,41,18,7381914.0
B_H02_C_MAX_COST2,H02,HIGH_IMPROVING,LOW_NONIMPROVING,178,53,24952504.7
B_H02_C_MAX_COST2,H02,HIGH_NONIMPROVING,HIGH_IMPROVING,388,95,57472715.81
B_H02_C_MAX_COST2,H02,HIGH_NONIMPROVING,HIGH_NONIMPROVING,1088,202,167936867.38
B_H02_C_MAX_COST2,H02,HIGH_NONIMPROVING,LOW_IMPROVING,2,1,76307.0
B_H02_C_MAX_COST2,H02,HIGH_NONIMPROVING,LOW_NONIMPROVING,314,90,43238224.0
B_H02_C_MAX_COST2,H02,LOW_IMPROVING,HIGH_IMPROVING,198,55,27640037.259999998
B_H02_C_MAX_COST2,H02,LOW_IMPROVING,HIGH_NONIMPROVING,44,12,5615926.2
B_H02_C_MAX_COST2,H02,LOW_IMPROVING,LOW_IMPROVING,1262,230,187080909.85
B_H02_C_MAX_COST2,H02,LOW_IMPROVING,LOW_NONIMPROVING,577,138,76996297.81
B_H02_C_MAX_COST2,H02,LOW_NONIMPROVING,HIGH_IMPROVING,176,53,24821973.0
B_H02_C_MAX_COST2,H02,LOW_NONIMPROVING,HIGH_NONIMPROVING,44,22,7984709.8
B_H02_C_MAX_COST2,H02,LOW_NONIMPROVING,LOW_IMPROVING,643,177,96184766.78999999
B_H02_C_MAX_COST2,H02,LOW_NONIMPROVING,LOW_NONIMPROVING,1314,278,188044045.38
B_H02_C_MAX_DELAY1,H02,HIGH_IMPROVING,HIGH_IMPROVING,705,165,113600464.52
B_H02_C_MAX_DELAY1,H02,HIGH_IMPROVING,HIGH_NONIMPROVING,673,159,102310652.09
B_H02_C_MAX_DELAY1,H02,HIGH_IMPROVING,LOW_IMPROVING,54,19,10020777.0
B_H02_C_MAX_DELAY1,H02,HIGH_IMPROVING,LOW_NONIMPROVING,260,76,40463653.98
B_H02_C_MAX_DELAY1,H02,HIGH_NONIMPROVING,HIGH_IMPROVING,446,106,82638454.33
B_H02_C_MAX_DELAY1,H02,HIGH_NONIMPROVING,HIGH_NONIMPROVING,964,189,170020521.57999998
B_H02_C_MAX_DELAY1,H02,HIGH_NONIMPROVING,LOW_IMPROVING,4,4,468276.0
B_H02_C_MAX_DELAY1,H02,HIGH_NONIMPROVING,LOW_NONIMPROVING,359,105,48870345.980000004
B_H02_C_MAX_DELAY1,H02,LOW_IMPROVING,HIGH_IMPROVING,249,65,33451367.32
B_H02_C_MAX_DELAY1,H02,LOW_IMPROVING,HIGH_NONIMPROVING,50,15,10978283.12
B_H02_C_MAX_DELAY1,H02,LOW_IMPROVING,LOW_IMPROVING,1106,212,173672450.15999997
B_H02_C_MAX_DELAY1,H02,LOW_IMPROVING,LOW_NONIMPROVING,715,145,98624062.74000001
B_H02_C_MAX_DELAY1,H02,LOW_NONIMPROVING,HIGH_IMPROVING,172,47,27161052.759999998
B_H02_C_MAX_DELAY1,H02,LOW_NONIMPROVING,HIGH_NONIMPROVING,11,4,1649680.0
B_H02_C_MAX_DELAY1,H02,LOW_NONIMPROVING,LOW_IMPROVING,768,189,137752501.6
B_H02_C_MAX_DELAY1,H02,LOW_NONIMPROVING,LOW_NONIMPROVING,1127,256,189863385.70000002
B_H02_C_10_COST2,H02,HIGH_IMPROVING,HIGH_IMPROVING,886,187,112286746.19
B_H02_C_10_COST2,H02,HIGH_IMPROVING,HIGH_NONIMPROVING,548,150,71442556.62
B_H02_C_10_COST2,H02,HIGH_IMPROVING,LOW_IMPROVING,37,17,4597394.0
B_H02_C_10_COST2,H02,HIGH_IMPROVING,LOW_NONIMPROVING,170,52,22770705.7
B_H02_C_10_COST2,H02,HIGH_NONIMPROVING,HIGH_IMPROVING,391,98,51013047.29
B_H02_C_10_COST2,H02,HIGH_NONIMPROVING,HIGH_NONIMPROVING,1099,203,140325252.34
B_H02_C_10_COST2,H02,HIGH_NONIMPROVING,LOW_IMPROVING,3,2,376111.0
B_H02_C_10_COST2,H02,HIGH_NONIMPROVING,LOW_NONIMPROVING,319,94,35550731.739999995
B_H02_C_10_COST2,H02,LOW_IMPROVING,HIGH_IMPROVING,195,58,25556297.979999997
B_H02_C_10_COST2,H02,LOW_IMPROVING,HIGH_NONIMPROVING,39,14,5365649.6
B_H02_C_10_COST2,H02,LOW_IMPROVING,LOW_IMPROVING,1273,231,159380824.62
B_H02_C_10_COST2,H02,LOW_IMPROVING,LOW_NONIMPROVING,574,138,68663858.7
B_H02_C_10_COST2,H02,LOW_NONIMPROVING,HIGH_IMPROVING,186,56,22636399.0
B_H02_C_10_COST2,H02,LOW_NONIMPROVING,HIGH_NONIMPROVING,51,29,6739861.4
B_H02_C_10_COST2,H02,LOW_NONIMPROVING,LOW_IMPROVING,667,177,81933419.69999999
B_H02_C_10_COST2,H02,LOW_NONIMPROVING,LOW_NONIMPROVING,1333,279,159271433.23
B_H02_C_10_DELAY1,H02,HIGH_IMPROVING,HIGH_IMPROVING,711,165,83616733.81
B_H02_C_10_DELAY1,H02,HIGH_IMPROVING,HIGH_NONIMPROVING,677,159,80899958.9
B_H02_C_10_DELAY1,H02,HIGH_IMPROVING,LOW_IMPROVING,54,19,6154453.0
B_H02_C_10_DELAY1,H02,HIGH_IMPROVING,LOW_NONIMPROVING,260,76,31323648.1
B_H02_C_10_DELAY1,H02,HIGH_NONIMPROVING,HIGH_IMPROVING,445,106,55166741.980000004
B_H02_C_10_DELAY1,H02,HIGH_NONIMPROVING,HIGH_NONIMPROVING,959,189,114206791.94999999
B_H02_C_10_DELAY1,H02,HIGH_NONIMPROVING,LOW_IMPROVING,4,4,406524.0
B_H02_C_10_DELAY1,H02,HIGH_NONIMPROVING,LOW_NONIMPROVING,355,105,37106611.19
B_H02_C_10_DELAY1,H02,LOW_IMPROVING,HIGH_IMPROVING,243,65,28219772.1
B_H02_C_10_DELAY1,H02,LOW_IMPROVING,HIGH_NONIMPROVING,50,15,6709418.85
B_H02_C_10_DELAY1,H02,LOW_IMPROVING,LOW_IMPROVING,1107,214,128178411.46
B_H02_C_10_DELAY1,H02,LOW_IMPROVING,LOW_NONIMPROVING,690,143,76241012.02
B_H02_C_10_DELAY1,H02,LOW_NONIMPROVING,HIGH_IMPROVING,176,48,19745869.12
B_H02_C_10_DELAY1,H02,LOW_NONIMPROVING,HIGH_NONIMPROVING,11,4,1248964.0
B_H02_C_10_DELAY1,H02,LOW_NONIMPROVING,LOW_IMPROVING,790,191,87276075.7
B_H02_C_10_DELAY1,H02,LOW_NONIMPROVING,LOW_NONIMPROVING,1151,259,127066725.67
B_D08_C_MAX_COST2,D08,HIGH_IMPROVING,HIGH_IMPROVING,670,164,71491890.76
B_D08_C_MAX_COST2,D08,HIGH_IMPROVING,HIGH_NONIMPROVING,440,139,43049395.92
B_D08_C_MAX_COST2,D08,HIGH_IMPROVING,LOW_IMPROVING,61,17,5353634.0
B_D08_C_MAX_COST2,D08,HIGH_IMPROVING,LOW_NONIMPROVING,113,46,11501132.84
B_D08_C_MAX_COST2,D08,HIGH_NONIMPROVING,HIGH_IMPROVING,280,80,24033057.46
B_D08_C_MAX_COST2,D08,HIGH_NONIMPROVING,HIGH_NONIMPROVING,812,176,83854072.97999999
B_D08_C_MAX_COST2,D08,HIGH_NONIMPROVING,LOW_IMPROVING,2,2,263970.0
B_D08_C_MAX_COST2,D08,HIGH_NONIMPROVING,LOW_NONIMPROVING,156,65,21715927.0
B_D08_C_MAX_COST2,D08,LOW_IMPROVING,HIGH_IMPROVING,95,40,12055761.06
B_D08_C_MAX_COST2,D08,LOW_IMPROVING,HIGH_NONIMPROVING,10,6,2685292.04
B_D08_C_MAX_COST2,D08,LOW_IMPROVING,LOW_IMPROVING,319,128,62214109.87
B_D08_C_MAX_COST2,D08,LOW_IMPROVING,LOW_NONIMPROVING,186,81,28129157.64
B_D08_C_MAX_COST2,D08,LOW_NONIMPROVING,HIGH_IMPROVING,68,37,15573854.0
B_D08_C_MAX_COST2,D08,LOW_NONIMPROVING,HIGH_NONIMPROVING,5,4,793038.0
B_D08_C_MAX_COST2,D08,LOW_NONIMPROVING,LOW_IMPROVING,123,82,32600357.0
B_D08_C_MAX_COST2,D08,LOW_NONIMPROVING,LOW_NONIMPROVING,194,126,51460502.0
B_D08_C_MAX_DELAY1,D08,HIGH_IMPROVING,HIGH_IMPROVING,556,136,56400545.89
B_D08_C_MAX_DELAY1,D08,HIGH_IMPROVING,HIGH_NONIMPROVING,540,142,53426235.38
B_D08_C_MAX_DELAY1,D08,HIGH_IMPROVING,LOW_IMPROVING,55,17,4269999.0
B_D08_C_MAX_DELAY1,D08,HIGH_IMPROVING,LOW_NONIMPROVING,132,53,13855598.0
B_D08_C_MAX_DELAY1,D08,HIGH_NONIMPROVING,HIGH_IMPROVING,323,80,25833438.05
B_D08_C_MAX_DELAY1,D08,HIGH_NONIMPROVING,HIGH_NONIMPROVING,703,161,70625232.37
B_D08_C_MAX_DELAY1,D08,HIGH_NONIMPROVING,LOW_IMPROVING,7,5,672811.0
B_D08_C_MAX_DELAY1,D08,HIGH_NONIMPROVING,LOW_NONIMPROVING,187,70,24140503.259999998
B_D08_C_MAX_DELAY1,D08,LOW_IMPROVING,HIGH_IMPROVING,89,32,10641233.57
B_D08_C_MAX_DELAY1,D08,LOW_IMPROVING,HIGH_NONIMPROVING,21,10,4030950.0
B_D08_C_MAX_DELAY1,D08,LOW_IMPROVING,LOW_IMPROVING,272,117,52535987.25
B_D08_C_MAX_DELAY1,D08,LOW_IMPROVING,LOW_NONIMPROVING,218,89,31575993.0
B_D08_C_MAX_DELAY1,D08,LOW_NONIMPROVING,HIGH_IMPROVING,99,43,14982294.0
B_D08_C_MAX_DELAY1,D08,LOW_NONIMPROVING,HIGH_NONIMPROVING,10,5,1093040.0
B_D08_C_MAX_DELAY1,D08,LOW_NONIMPROVING,LOW_IMPROVING,124,74,28408237.0
B_D08_C_MAX_DELAY1,D08,LOW_NONIMPROVING,LOW_NONIMPROVING,187,110,42958687.0
B_D08_C_10_COST2,D08,HIGH_IMPROVING,HIGH_IMPROVING,650,165,71308076.27000001
B_D08_C_10_COST2,D08,HIGH_IMPROVING,HIGH_NONIMPROVING,467,143,50096546.28
B_D08_C_10_COST2,D08,HIGH_IMPROVING,LOW_IMPROVING,60,17,6696621.0
B_D08_C_10_COST2,D08,HIGH_IMPROVING,LOW_NONIMPROVING,117,50,12500583.16
B_D08_C_10_COST2,D08,HIGH_NONIMPROVING,HIGH_IMPROVING,327,82,36695506.92
B_D08_C_10_COST2,D08,HIGH_NONIMPROVING,HIGH_NONIMPROVING,864,177,93591496.66
B_D08_C_10_COST2,D08,HIGH_NONIMPROVING,LOW_IMPROVING,2,2,217281.0
B_D08_C_10_COST2,D08,HIGH_NONIMPROVING,LOW_NONIMPROVING,197,68,20450217.0
B_D08_C_10_COST2,D08,LOW_IMPROVING,HIGH_IMPROVING,116,43,12488089.2
B_D08_C_10_COST2,D08,LOW_IMPROVING,HIGH_NONIMPROVING,10,6,1098800.24
B_D08_C_10_COST2,D08,LOW_IMPROVING,LOW_IMPROVING,349,129,37999710.64
B_D08_C_10_COST2,D08,LOW_IMPROVING,LOW_NONIMPROVING,205,84,21058254.41
B_D08_C_10_COST2,D08,LOW_NONIMPROVING,HIGH_IMPROVING,98,37,10139593.0
B_D08_C_10_COST2,D08,LOW_NONIMPROVING,HIGH_NONIMPROVING,6,5,664680.0
B_D08_C_10_COST2,D08,LOW_NONIMPROVING,LOW_IMPROVING,123,82,13623222.0
B_D08_C_10_COST2,D08,LOW_NONIMPROVING,LOW_NONIMPROVING,223,136,23371837.4
B_D08_C_10_DELAY1,D08,HIGH_IMPROVING,HIGH_IMPROVING,502,137,59636768.44
B_D08_C_10_DELAY1,D08,HIGH_IMPROVING,HIGH_NONIMPROVING,585,159,67769896.48
B_D08_C_10_DELAY1,D08,HIGH_IMPROVING,LOW_IMPROVING,61,17,7392478.0
B_D08_C_10_DELAY1,D08,HIGH_IMPROVING,LOW_NONIMPROVING,145,56,16491426.41
B_D08_C_10_DELAY1,D08,HIGH_NONIMPROVING,HIGH_IMPROVING,370,87,46174807.44
B_D08_C_10_DELAY1,D08,HIGH_NONIMPROVING,HIGH_NONIMPROVING,767,169,94321843.87
B_D08_C_10_DELAY1,D08,HIGH_NONIMPROVING,LOW_IMPROVING,7,5,830243.0
B_D08_C_10_DELAY1,D08,HIGH_NONIMPROVING,LOW_NONIMPROVING,226,75,27779903.11
B_D08_C_10_DELAY1,D08,LOW_IMPROVING,HIGH_IMPROVING,117,35,14903260.67
B_D08_C_10_DELAY1,D08,LOW_IMPROVING,HIGH_NONIMPROVING,29,15,3883996.0
B_D08_C_10_DELAY1,D08,LOW_IMPROVING,LOW_IMPROVING,310,118,38577744.36
B_D08_C_10_DELAY1,D08,LOW_IMPROVING,LOW_NONIMPROVING,234,93,29292441.16
B_D08_C_10_DELAY1,D08,LOW_NONIMPROVING,HIGH_IMPROVING,128,43,15203469.0
B_D08_C_10_DELAY1,D08,LOW_NONIMPROVING,HIGH_NONIMPROVING,10,5,1136945.0
B_D08_C_10_DELAY1,D08,LOW_NONIMPROVING,LOW_IMPROVING,119,74,14554218.0
B_D08_C_10_DELAY1,D08,LOW_NONIMPROVING,LOW_NONIMPROVING,203,117,24101806.0
B_H01_C_MAX_COST2,H01,HIGH_IMPROVING,HIGH_IMPROVING,352,137,92163246.53999999
B_H01_C_MAX_COST2,H01,HIGH_IMPROVING,HIGH_NONIMPROVING,295,129,63901944.3
B_H01_C_MAX_COST2,H01,HIGH_IMPROVING,LOW_IMPROVING,11,5,6282785.0
B_H01_C_MAX_COST2,H01,HIGH_IMPROVING,LOW_NONIMPROVING,52,31,11829140.0
B_H01_C_MAX_COST2,H01,HIGH_NONIMPROVING,HIGH_IMPROVING,172,76,37707511.56
B_H01_C_MAX_COST2,H01,HIGH_NONIMPROVING,HIGH_NONIMPROVING,527,180,122479509.50999999
B_H01_C_MAX_COST2,H01,HIGH_NONIMPROVING,LOW_NONIMPROVING,141,68,39422796.46
B_H01_C_MAX_COST2,H01,LOW_IMPROVING,HIGH_IMPROVING,83,45,13937400.719999999
B_H01_C_MAX_COST2,H01,LOW_IMPROVING,HIGH_NONIMPROVING,14,9,1994707.0
B_H01_C_MAX_COST2,H01,LOW_IMPROVING,LOW_IMPROVING,494,170,126544221.68
B_H01_C_MAX_COST2,H01,LOW_IMPROVING,LOW_NONIMPROVING,241,101,58110991.7
B_H01_C_MAX_COST2,H01,LOW_NONIMPROVING,HIGH_IMPROVING,84,34,16581510.0
B_H01_C_MAX_COST2,H01,LOW_NONIMPROVING,HIGH_NONIMPROVING,5,5,2195289.0399999996
B_H01_C_MAX_COST2,H01,LOW_NONIMPROVING,LOW_IMPROVING,225,102,44977737.0
B_H01_C_MAX_COST2,H01,LOW_NONIMPROVING,LOW_NONIMPROVING,426,213,102272716.67
B_H01_C_MAX_DELAY1,H01,HIGH_IMPROVING,HIGH_IMPROVING,358,122,66651778.739999995
B_H01_C_MAX_DELAY1,H01,HIGH_IMPROVING,HIGH_NONIMPROVING,418,142,65597683.3
B_H01_C_MAX_DELAY1,H01,HIGH_IMPROVING,LOW_IMPROVING,20,11,4278156.0
B_H01_C_MAX_DELAY1,H01,HIGH_IMPROVING,LOW_NONIMPROVING,64,42,15113382.65
B_H01_C_MAX_DELAY1,H01,HIGH_NONIMPROVING,HIGH_IMPROVING,185,79,28877487.44
B_H01_C_MAX_DELAY1,H01,HIGH_NONIMPROVING,HIGH_NONIMPROVING,471,164,96443477.19999999
B_H01_C_MAX_DELAY1,H01,HIGH_NONIMPROVING,LOW_IMPROVING,1,1,847400.0
B_H01_C_MAX_DELAY1,H01,HIGH_NONIMPROVING,LOW_NONIMPROVING,253,80,42606956.25
B_H01_C_MAX_DELAY1,H01,LOW_IMPROVING,HIGH_IMPROVING,84,34,13748408.719999999
B_H01_C_MAX_DELAY1,H01,LOW_IMPROVING,HIGH_NONIMPROVING,17,8,2521811.14
B_H01_C_MAX_DELAY1,H01,LOW_IMPROVING,LOW_IMPROVING,414,141,86189636.89000002
B_H01_C_MAX_DELAY1,H01,LOW_IMPROVING,LOW_NONIMPROVING,295,123,60488638.6
B_H01_C_MAX_DELAY1,H01,LOW_NONIMPROVING,HIGH_IMPROVING,138,36,20718398.2
B_H01_C_MAX_DELAY1,H01,LOW_NONIMPROVING,HIGH_NONIMPROVING,2,1,64087.0
B_H01_C_MAX_DELAY1,H01,LOW_NONIMPROVING,LOW_IMPROVING,319,129,64110067.2
B_H01_C_MAX_DELAY1,H01,LOW_NONIMPROVING,LOW_NONIMPROVING,383,180,68317410.0
B_H01_C_10_COST2,H01,HIGH_IMPROVING,HIGH_IMPROVING,421,140,53103546.45999999
B_H01_C_10_COST2,H01,HIGH_IMPROVING,HIGH_NONIMPROVING,351,134,43821776.949999996
B_H01_C_10_COST2,H01,HIGH_IMPROVING,LOW_IMPROVING,16,10,2192050.0
B_H01_C_10_COST2,H01,HIGH_IMPROVING,LOW_NONIMPROVING,72,39,9124123.850000001
B_H01_C_10_COST2,H01,HIGH_NONIMPROVING,HIGH_IMPROVING,180,81,22948191.04
B_H01_C_10_COST2,H01,HIGH_NONIMPROVING,HIGH_NONIMPROVING,583,182,71647257.86
B_H01_C_10_COST2,H01,HIGH_NONIMPROVING,LOW_NONIMPROVING,187,73,20996783.71
B_H01_C_10_COST2,H01,LOW_IMPROVING,HIGH_IMPROVING,88,36,12686369.2
B_H01_C_10_COST2,H01,LOW_IMPROVING,HIGH_NONIMPROVING,21,10,2719662.0
B_H01_C_10_COST2,H01,LOW_IMPROVING,LOW_IMPROVING,551,170,68747772.34
B_H01_C_10_COST2,H01,LOW_IMPROVING,LOW_NONIMPROVING,302,104,33840378.04
B_H01_C_10_COST2,H01,LOW_NONIMPROVING,HIGH_IMPROVING,130,40,15390643.0
B_H01_C_10_COST2,H01,LOW_NONIMPROVING,HIGH_NONIMPROVING,7,7,819976.0
B_H01_C_10_COST2,H01,LOW_NONIMPROVING,LOW_IMPROVING,225,102,27417965.7
B_H01_C_10_COST2,H01,LOW_NONIMPROVING,LOW_NONIMPROVING,488,220,56731203.6
B_H01_C_10_DELAY1,H01,HIGH_IMPROVING,HIGH_IMPROVING,386,124,50924154.339999996
B_H01_C_10_DELAY1,H01,HIGH_IMPROVING,HIGH_NONIMPROVING,443,143,56403488.25
B_H01_C_10_DELAY1,H01,HIGH_IMPROVING,LOW_IMPROVING,21,11,3045047.0
B_H01_C_10_DELAY1,H01,HIGH_IMPROVING,LOW_NONIMPROVING,70,45,8904057.65
B_H01_C_10_DELAY1,H01,HIGH_NONIMPROVING,HIGH_IMPROVING,197,79,24737569.729999997
B_H01_C_10_DELAY1,H01,HIGH_NONIMPROVING,HIGH_NONIMPROVING,525,164,65485266.900000006
B_H01_C_10_DELAY1,H01,HIGH_NONIMPROVING,LOW_IMPROVING,1,1,117075.0
B_H01_C_10_DELAY1,H01,HIGH_NONIMPROVING,LOW_NONIMPROVING,287,80,33053424.75
B_H01_C_10_DELAY1,H01,LOW_IMPROVING,HIGH_IMPROVING,95,37,12980648.4
B_H01_C_10_DELAY1,H01,LOW_IMPROVING,HIGH_NONIMPROVING,17,8,2108543.3
B_H01_C_10_DELAY1,H01,LOW_IMPROVING,LOW_IMPROVING,490,145,61700409.39999999
B_H01_C_10_DELAY1,H01,LOW_IMPROVING,LOW_NONIMPROVING,379,124,45916205.769999996
B_H01_C_10_DELAY1,H01,LOW_NONIMPROVING,HIGH_IMPROVING,145,38,18760408.22
B_H01_C_10_DELAY1,H01,LOW_NONIMPROVING,HIGH_NONIMPROVING,2,1,220651.0
B_H01_C_10_DELAY1,H01,LOW_NONIMPROVING,LOW_IMPROVING,340,131,42821435.2
B_H01_C_10_DELAY1,H01,LOW_NONIMPROVING,LOW_NONIMPROVING,455,183,56390261.129999995
B_D06_C_MAX_COST2,D06,HIGH_IMPROVING,HIGH_IMPROVING,858,179,64653535.260000005
B_D06_C_MAX_COST2,D06,HIGH_IMPROVING,HIGH_NONIMPROVING,682,162,45104976.56
B_D06_C_MAX_COST2,D06,HIGH_IMPROVING,LOW_IMPROVING,34,10,2696700.0
B_D06_C_MAX_COST2,D06,HIGH_IMPROVING,LOW_NONIMPROVING,156,61,11255635.86
B_D06_C_MAX_COST2,D06,HIGH_NONIMPROVING,HIGH_IMPROVING,378,98,32327366.330000002
B_D06_C_MAX_COST2,D06,HIGH_NONIMPROVING,HIGH_NONIMPROVING,1047,209,84037813.34
B_D06_C_MAX_COST2,D06,HIGH_NONIMPROVING,LOW_IMPROVING,1,1,42187.42
B_D06_C_MAX_COST2,D06,HIGH_NONIMPROVING,LOW_NONIMPROVING,254,93,19980255.42
B_D06_C_MAX_COST2,D06,LOW_IMPROVING,HIGH_IMPROVING,179,62,11267882.43
B_D06_C_MAX_COST2,D06,LOW_IMPROVING,HIGH_NONIMPROVING,44,19,3911845.5
B_D06_C_MAX_COST2,D06,LOW_IMPROVING,LOW_IMPROVING,1343,240,101469790.36
B_D06_C_MAX_COST2,D06,LOW_IMPROVING,LOW_NONIMPROVING,604,142,42991250.91
B_D06_C_MAX_COST2,D06,LOW_NONIMPROVING,HIGH_IMPROVING,217,57,19604649.6
B_D06_C_MAX_COST2,D06,LOW_NONIMPROVING,HIGH_NONIMPROVING,47,31,3063501.11
B_D06_C_MAX_COST2,D06,LOW_NONIMPROVING,LOW_IMPROVING,804,183,54389260.910000004
B_D06_C_MAX_COST2,D06,LOW_NONIMPROVING,LOW_NONIMPROVING,1466,283,111091908.68
B_D06_C_MAX_DELAY1,D06,HIGH_IMPROVING,HIGH_IMPROVING,683,160,52714574.2
B_D06_C_MAX_DELAY1,D06,HIGH_IMPROVING,HIGH_NONIMPROVING,782,162,60471879.43
B_D06_C_MAX_DELAY1,D06,HIGH_IMPROVING,LOW_IMPROVING,41,10,3258802.0
B_D06_C_MAX_DELAY1,D06,HIGH_IMPROVING,LOW_NONIMPROVING,254,73,19439515.73
B_D06_C_MAX_DELAY1,D06,HIGH_NONIMPROVING,HIGH_IMPROVING,471,103,39223476.19
B_D06_C_MAX_DELAY1,D06,HIGH_NONIMPROVING,HIGH_NONIMPROVING,945,195,73480352.67
B_D06_C_MAX_DELAY1,D06,HIGH_NONIMPROVING,LOW_IMPROVING,10,5,619955.9500000001
B_D06_C_MAX_DELAY1,D06,HIGH_NONIMPROVING,LOW_NONIMPROVING,394,107,32220774.28
B_D06_C_MAX_DELAY1,D06,LOW_IMPROVING,HIGH_IMPROVING,263,68,19158067.21
B_D06_C_MAX_DELAY1,D06,LOW_IMPROVING,HIGH_NONIMPROVING,54,27,4536486.66
B_D06_C_MAX_DELAY1,D06,LOW_IMPROVING,LOW_IMPROVING,1229,222,94633436.15
B_D06_C_MAX_DELAY1,D06,LOW_IMPROVING,LOW_NONIMPROVING,712,152,50115563.230000004
B_D06_C_MAX_DELAY1,D06,LOW_NONIMPROVING,HIGH_IMPROVING,204,69,17262715.88
B_D06_C_MAX_DELAY1,D06,LOW_NONIMPROVING,HIGH_NONIMPROVING,28,19,1851336.03
B_D06_C_MAX_DELAY1,D06,LOW_NONIMPROVING,LOW_IMPROVING,843,189,57871831.09
B_D06_C_MAX_DELAY1,D06,LOW_NONIMPROVING,LOW_NONIMPROVING,1196,246,86836871.07
B_D06_C_10_COST2,D06,HIGH_IMPROVING,HIGH_IMPROVING,860,180,65407497.260000005
B_D06_C_10_COST2,D06,HIGH_IMPROVING,HIGH_NONIMPROVING,669,163,47853932.54
B_D06_C_10_COST2,D06,HIGH_IMPROVING,LOW_IMPROVING,32,10,2045142.0
B_D06_C_10_COST2,D06,HIGH_IMPROVING,LOW_NONIMPROVING,159,61,11630410.58
B_D06_C_10_COST2,D06,HIGH_NONIMPROVING,HIGH_IMPROVING,386,99,29832289.12
B_D06_C_10_COST2,D06,HIGH_NONIMPROVING,HIGH_NONIMPROVING,1057,209,77453640.44
B_D06_C_10_COST2,D06,HIGH_NONIMPROVING,LOW_IMPROVING,1,1,44723.14
B_D06_C_10_COST2,D06,HIGH_NONIMPROVING,LOW_NONIMPROVING,256,84,17747179.06
B_D06_C_10_COST2,D06,LOW_IMPROVING,HIGH_IMPROVING,186,63,12525638.419999998
B_D06_C_10_COST2,D06,LOW_IMPROVING,HIGH_NONIMPROVING,45,19,2825723.75
B_D06_C_10_COST2,D06,LOW_IMPROVING,LOW_IMPROVING,1348,238,96520593.61000001
B_D06_C_10_COST2,D06,LOW_IMPROVING,LOW_NONIMPROVING,611,141,44614382.08
B_D06_C_10_COST2,D06,LOW_NONIMPROVING,HIGH_IMPROVING,214,57,17012914.6
B_D06_C_10_COST2,D06,LOW_NONIMPROVING,HIGH_NONIMPROVING,47,31,3512671.43
B_D06_C_10_COST2,D06,LOW_NONIMPROVING,LOW_IMPROVING,808,180,56379808.78
B_D06_C_10_COST2,D06,LOW_NONIMPROVING,LOW_NONIMPROVING,1468,275,101722239.41
B_D06_C_10_DELAY1,D06,HIGH_IMPROVING,HIGH_IMPROVING,685,160,57166084.22
B_D06_C_10_DELAY1,D06,HIGH_IMPROVING,HIGH_NONIMPROVING,781,162,64349544.239999995
B_D06_C_10_DELAY1,D06,HIGH_IMPROVING,LOW_IMPROVING,41,10,3594282.0
B_D06_C_10_DELAY1,D06,HIGH_IMPROVING,LOW_NONIMPROVING,253,73,19977245.419999998
B_D06_C_10_DELAY1,D06,HIGH_NONIMPROVING,HIGH_IMPROVING,471,103,41721069.120000005
B_D06_C_10_DELAY1,D06,HIGH_NONIMPROVING,HIGH_NONIMPROVING,946,195,76510511.37
B_D06_C_10_DELAY1,D06,HIGH_NONIMPROVING,LOW_IMPROVING,10,5,762471.0299999999
B_D06_C_10_DELAY1,D06,HIGH_NONIMPROVING,LOW_NONIMPROVING,393,107,31535741.32
B_D06_C_10_DELAY1,D06,LOW_IMPROVING,HIGH_IMPROVING,263,68,20795096.740000002
B_D06_C_10_DELAY1,D06,LOW_IMPROVING,HIGH_NONIMPROVING,54,27,4284541.99
B_D06_C_10_DELAY1,D06,LOW_IMPROVING,LOW_IMPROVING,1229,222,95887173.28
B_D06_C_10_DELAY1,D06,LOW_IMPROVING,LOW_NONIMPROVING,712,152,54830941.41
B_D06_C_10_DELAY1,D06,LOW_NONIMPROVING,HIGH_IMPROVING,204,69,16704880.879999999
B_D06_C_10_DELAY1,D06,LOW_NONIMPROVING,HIGH_NONIMPROVING,28,19,2117459.36
B_D06_C_10_DELAY1,D06,LOW_NONIMPROVING,LOW_IMPROVING,841,189,64139159.11
B_D06_C_10_DELAY1,D06,LOW_NONIMPROVING,LOW_NONIMPROVING,1198,246,88947701.03
A_H02_C_MAX_EST,H02,HIGH_IMPROVING,HIGH_IMPROVING,758,186,66193182.64
A_H02_C_MAX_EST,H02,HIGH_IMPROVING,HIGH_NONIMPROVING,446,155,43602775.370000005
A_H02_C_MAX_EST,H02,HIGH_IMPROVING,LOW_IMPROVING,25,14,2306705.0
A_H02_C_MAX_EST,H02,HIGH_IMPROVING,LOW_NONIMPROVING,80,37,7814388.71
A_H02_C_MAX_EST,H02,HIGH_NONIMPROVING,HIGH_IMPROVING,417,108,40378755.620000005
A_H02_C_MAX_EST,H02,HIGH_NONIMPROVING,HIGH_NONIMPROVING,1075,208,93835657.89
A_H02_C_MAX_EST,H02,HIGH_NONIMPROVING,LOW_IMPROVING,23,12,3545796.8200000003
A_H02_C_MAX_EST,H02,HIGH_NONIMPROVING,LOW_NONIMPROVING,158,64,14411570.26
A_H02_C_MAX_EST,H02,LOW_IMPROVING,HIGH_IMPROVING,184,57,13598447.25
A_H02_C_MAX_EST,H02,LOW_IMPROVING,HIGH_NONIMPROVING,43,24,1871815.98
A_H02_C_MAX_EST,H02,LOW_IMPROVING,LOW_IMPROVING,1089,232,95405653.19
A_H02_C_MAX_EST,H02,LOW_IMPROVING,LOW_NONIMPROVING,282,102,25109180.74
A_H02_C_MAX_EST,H02,LOW_NONIMPROVING,HIGH_IMPROVING,229,87,22815712.64
A_H02_C_MAX_EST,H02,LOW_NONIMPROVING,HIGH_NONIMPROVING,53,32,9304328.0
A_H02_C_MAX_EST,H02,LOW_NONIMPROVING,LOW_IMPROVING,705,212,68741626.3
A_H02_C_MAX_EST,H02,LOW_NONIMPROVING,LOW_NONIMPROVING,1446,291,133052299.66
A_H02_C_10_EST,H02,HIGH_IMPROVING,HIGH_IMPROVING,797,186,66296001.4
A_H02_C_10_EST,H02,HIGH_IMPROVING,HIGH_NONIMPROVING,457,153,38964286.54
A_H02_C_10_EST,H02,HIGH_IMPROVING,LOW_IMPROVING,34,18,2852294.0
A_H02_C_10_EST,H02,HIGH_IMPROVING,LOW_NONIMPROVING,83,38,7600381.16
A_H02_C_10_EST,H02,HIGH_NONIMPROVING,HIGH_IMPROVING,415,108,38390907.480000004
A_H02_C_10_EST,H02,HIGH_NONIMPROVING,HIGH_NONIMPROVING,1103,208,89349261.94
A_H02_C_10_EST,H02,HIGH_NONIMPROVING,LOW_IMPROVING,15,11,1405825.86
A_H02_C_10_EST,H02,HIGH_NONIMPROVING,LOW_NONIMPROVING,157,62,11536692.07
A_H02_C_10_EST,H02,LOW_IMPROVING,HIGH_IMPROVING,176,56,13494926.0
A_H02_C_10_EST,H02,LOW_IMPROVING,HIGH_NONIMPROVING,40,24,2880305.62
A_H02_C_10_EST,H02,LOW_IMPROVING,LOW_IMPROVING,1106,233,87328146.1
A_H02_C_10_EST,H02,LOW_IMPROVING,LOW_NONIMPROVING,289,102,23613160.9
A_H02_C_10_EST,H02,LOW_NONIMPROVING,HIGH_IMPROVING,226,87,20069416.72
A_H02_C_10_EST,H02,LOW_NONIMPROVING,HIGH_NONIMPROVING,60,39,5477155.74
A_H02_C_10_EST,H02,LOW_NONIMPROVING,LOW_IMPROVING,730,225,60066265.33
A_H02_C_10_EST,H02,LOW_NONIMPROVING,LOW_NONIMPROVING,1459,292,110395733.76
A_D08_C_MAX_EST,D08,HIGH_IMPROVING,HIGH_IMPROVING,626,165,66327628.760000005
A_D08_C_MAX_EST,D08,HIGH_IMPROVING,HIGH_NONIMPROVING,359,138,37235076.16
A_D08_C_MAX_EST,D08,HIGH_IMPROVING,LOW_IMPROVING,63,20,5053052.2
A_D08_C_MAX_EST,D08,HIGH_IMPROVING,LOW_NONIMPROVING,66,34,7811173.0
A_D08_C_MAX_EST,D08,HIGH_NONIMPROVING,HIGH_IMPROVING,322,87,24958489.200000003
A_D08_C_MAX_EST,D08,HIGH_NONIMPROVING,HIGH_NONIMPROVING,779,178,76509831.58
A_D08_C_MAX_EST,D08,HIGH_NONIMPROVING,LOW_IMPROVING,2,2,154213.0
A_D08_C_MAX_EST,D08,HIGH_NONIMPROVING,LOW_NONIMPROVING,114,56,10913289.0
A_D08_C_MAX_EST,D08,LOW_IMPROVING,HIGH_IMPROVING,103,52,13280521.840000002
A_D08_C_MAX_EST,D08,LOW_IMPROVING,HIGH_NONIMPROVING,8,6,2147545.0
A_D08_C_MAX_EST,D08,LOW_IMPROVING,LOW_IMPROVING,281,126,51662617.3
A_D08_C_MAX_EST,D08,LOW_IMPROVING,LOW_NONIMPROVING,118,66,19453617.240000002
A_D08_C_MAX_EST,D08,LOW_NONIMPROVING,HIGH_IMPROVING,93,36,9903107.8
A_D08_C_MAX_EST,D08,LOW_NONIMPROVING,HIGH_NONIMPROVING,12,11,1761036.7
A_D08_C_MAX_EST,D08,LOW_NONIMPROVING,LOW_IMPROVING,107,82,32120745.0
A_D08_C_MAX_EST,D08,LOW_NONIMPROVING,LOW_NONIMPROVING,178,117,49181073.2
A_D08_C_10_EST,D08,HIGH_IMPROVING,HIGH_IMPROVING,631,160,65152605.150000006
A_D08_C_10_EST,D08,HIGH_IMPROVING,HIGH_NONIMPROVING,347,121,35825613.65
A_D08_C_10_EST,D08,HIGH_IMPROVING,LOW_IMPROVING,76,20,8125511.0
A_D08_C_10_EST,D08,HIGH_IMPROVING,LOW_NONIMPROVING,69,34,7545909.0
A_D08_C_10_EST,D08,HIGH_NONIMPROVING,HIGH_IMPROVING,330,86,37456478.239999995
A_D08_C_10_EST,D08,HIGH_NONIMPROVING,HIGH_NONIMPROVING,891,179,94421280.69999999
A_D08_C_10_EST,D08,HIGH_NONIMPROVING,LOW_IMPROVING,2,2,199488.0
A_D08_C_10_EST,D08,HIGH_NONIMPROVING,LOW_NONIMPROVING,120,56,12203867.0
A_D08_C_10_EST,D08,LOW_IMPROVING,HIGH_IMPROVING,127,56,12891227.470000003
A_D08_C_10_EST,D08,LOW_IMPROVING,HIGH_NONIMPROVING,12,10,1295589.0
A_D08_C_10_EST,D08,LOW_IMPROVING,LOW_IMPROVING,311,128,31458808.95
A_D08_C_10_EST,D08,LOW_IMPROVING,LOW_NONIMPROVING,130,70,12691636.24
A_D08_C_10_EST,D08,LOW_NONIMPROVING,HIGH_IMPROVING,98,38,9937281.2
A_D08_C_10_EST,D08,LOW_NONIMPROVING,HIGH_NONIMPROVING,12,11,1278155.2999999998
A_D08_C_10_EST,D08,LOW_NONIMPROVING,LOW_IMPROVING,118,82,12428316.0
A_D08_C_10_EST,D08,LOW_NONIMPROVING,LOW_NONIMPROVING,181,117,18185685.4
A_H01_C_MAX_EST,H01,HIGH_IMPROVING,HIGH_IMPROVING,361,148,83780251.67999999
A_H01_C_MAX_EST,H01,HIGH_IMPROVING,HIGH_NONIMPROVING,214,112,50495599.46
A_H01_C_MAX_EST,H01,HIGH_IMPROVING,LOW_IMPROVING,38,32,15462105.0
A_H01_C_MAX_EST,H01,HIGH_IMPROVING,LOW_NONIMPROVING,66,46,19962723.35
A_H01_C_MAX_EST,H01,HIGH_NONIMPROVING,HIGH_IMPROVING,167,81,32299536.18
A_H01_C_MAX_EST,H01,HIGH_NONIMPROVING,HIGH_NONIMPROVING,436,180,89441619.86
A_H01_C_MAX_EST,H01,HIGH_NONIMPROVING,LOW_IMPROVING,10,10,5491993.0
A_H01_C_MAX_EST,H01,HIGH_NONIMPROVING,LOW_NONIMPROVING,72,54,20141627.0
A_H01_C_MAX_EST,H01,LOW_IMPROVING,HIGH_IMPROVING,70,38,15172890.879999999
A_H01_C_MAX_EST,H01,LOW_IMPROVING,HIGH_NONIMPROVING,11,9,2339824.06
A_H01_C_MAX_EST,H01,LOW_IMPROVING,LOW_IMPROVING,385,155,89576608.91
A_H01_C_MAX_EST,H01,LOW_IMPROVING,LOW_NONIMPROVING,128,76,28257582.64
A_H01_C_MAX_EST,H01,LOW_NONIMPROVING,HIGH_IMPROVING,92,40,14619639.0
A_H01_C_MAX_EST,H01,LOW_NONIMPROVING,HIGH_NONIMPROVING,6,6,1753603.9199999997
A_H01_C_MAX_EST,H01,LOW_NONIMPROVING,LOW_IMPROVING,188,81,39186881.89999999
A_H01_C_MAX_EST,H01,LOW_NONIMPROVING,LOW_NONIMPROVING,421,170,86544311.93
A_H01_C_10_EST,H01,HIGH_IMPROVING,HIGH_IMPROVING,386,152,47458672.92
A_H01_C_10_EST,H01,HIGH_IMPROVING,HIGH_NONIMPROVING,230,116,28397436.0
A_H01_C_10_EST,H01,HIGH_IMPROVING,LOW_IMPROVING,35,32,5569469.0
A_H01_C_10_EST,H01,HIGH_IMPROVING,LOW_NONIMPROVING,68,46,9384186.25
A_H01_C_10_EST,H01,HIGH_NONIMPROVING,HIGH_IMPROVING,159,81,20823950.3
A_H01_C_10_EST,H01,HIGH_NONIMPROVING,HIGH_NONIMPROVING,499,181,59022856.56
A_H01_C_10_EST,H01,HIGH_NONIMPROVING,LOW_IMPROVING,10,10,1376819.0
A_H01_C_10_EST,H01,HIGH_NONIMPROVING,LOW_NONIMPROVING,90,57,10412798.28
A_H01_C_10_EST,H01,LOW_IMPROVING,HIGH_IMPROVING,86,39,12380358.52
A_H01_C_10_EST,H01,LOW_IMPROVING,HIGH_NONIMPROVING,32,22,5324910.74
A_H01_C_10_EST,H01,LOW_IMPROVING,LOW_IMPROVING,444,157,54076273.79
A_H01_C_10_EST,H01,LOW_IMPROVING,LOW_NONIMPROVING,152,87,19459143.42
A_H01_C_10_EST,H01,LOW_NONIMPROVING,HIGH_IMPROVING,120,52,15005646.0
A_H01_C_10_EST,H01,LOW_NONIMPROVING,HIGH_NONIMPROVING,18,18,1867486.56
A_H01_C_10_EST,H01,LOW_NONIMPROVING,LOW_IMPROVING,213,89,25773225.6
A_H01_C_10_EST,H01,LOW_NONIMPROVING,LOW_NONIMPROVING,467,178,53073140.69
A_D06_C_MAX_EST,D06,HIGH_IMPROVING,HIGH_IMPROVING,676,179,55328979.150000006
A_D06_C_MAX_EST,D06,HIGH_IMPROVING,HIGH_NONIMPROVING,447,149,35386728.8
A_D06_C_MAX_EST,D06,HIGH_IMPROVING,LOW_IMPROVING,47,18,3557537.0
A_D06_C_MAX_EST,D06,HIGH_IMPROVING,LOW_NONIMPROVING,118,67,9982179.04
A_D06_C_MAX_EST,D06,HIGH_NONIMPROVING,HIGH_IMPROVING,464,91,40966231.92
A_D06_C_MAX_EST,D06,HIGH_NONIMPROVING,HIGH_NONIMPROVING,1124,206,89223321.07
A_D06_C_MAX_EST,D06,HIGH_NONIMPROVING,LOW_IMPROVING,16,10,1109179.0
A_D06_C_MAX_EST,D06,HIGH_NONIMPROVING,LOW_NONIMPROVING,179,61,11974414.92
A_D06_C_MAX_EST,D06,LOW_IMPROVING,HIGH_IMPROVING,310,67,20189961.33
A_D06_C_MAX_EST,D06,LOW_IMPROVING,HIGH_NONIMPROVING,84,39,5186337.0
A_D06_C_MAX_EST,D06,LOW_IMPROVING,LOW_IMPROVING,1207,231,90181024.84
A_D06_C_MAX_EST,D06,LOW_IMPROVING,LOW_NONIMPROVING,334,109,25895090.810000002
A_D06_C_MAX_EST,D06,LOW_NONIMPROVING,HIGH_IMPROVING,245,66,20485772.34
A_D06_C_MAX_EST,D06,LOW_NONIMPROVING,HIGH_NONIMPROVING,57,30,4073980.0
A_D06_C_MAX_EST,D06,LOW_NONIMPROVING,LOW_IMPROVING,850,222,59817485.76
A_D06_C_MAX_EST,D06,LOW_NONIMPROVING,LOW_NONIMPROVING,1578,290,124968251.88
A_D06_C_10_EST,D06,HIGH_IMPROVING,HIGH_IMPROVING,699,182,59470681.92
A_D06_C_10_EST,D06,HIGH_IMPROVING,HIGH_NONIMPROVING,443,148,37363945.68
A_D06_C_10_EST,D06,HIGH_IMPROVING,LOW_IMPROVING,53,18,3858081.3
A_D06_C_10_EST,D06,HIGH_IMPROVING,LOW_NONIMPROVING,118,67,9995634.3
A_D06_C_10_EST,D06,HIGH_NONIMPROVING,HIGH_IMPROVING,464,91,42303699.82
A_D06_C_10_EST,D06,HIGH_NONIMPROVING,HIGH_NONIMPROVING,1133,206,88561557.97
A_D06_C_10_EST,D06,HIGH_NONIMPROVING,LOW_IMPROVING,16,10,1032092.0
A_D06_C_10_EST,D06,HIGH_NONIMPROVING,LOW_NONIMPROVING,172,60,11797544.72
A_D06_C_10_EST,D06,LOW_IMPROVING,HIGH_IMPROVING,293,67,21996083.18
A_D06_C_10_EST,D06,LOW_IMPROVING,HIGH_NONIMPROVING,81,36,6025112.0
A_D06_C_10_EST,D06,LOW_IMPROVING,LOW_IMPROVING,1183,232,91480775.6
A_D06_C_10_EST,D06,LOW_IMPROVING,LOW_NONIMPROVING,328,108,25527418.77
A_D06_C_10_EST,D06,LOW_NONIMPROVING,HIGH_IMPROVING,248,66,20939191.86
A_D06_C_10_EST,D06,LOW_NONIMPROVING,HIGH_NONIMPROVING,54,28,4420943.0
A_D06_C_10_EST,D06,LOW_NONIMPROVING,LOW_IMPROVING,888,222,67781319.28
A_D06_C_10_EST,D06,LOW_NONIMPROVING,LOW_NONIMPROVING,1616,291,122014485.21
E_P2_PHASE_C_MAX_E10,D02,HIGH_IMPROVING,HIGH_IMPROVING,479,138,38393929.92
E_P2_PHASE_C_MAX_E10,D02,HIGH_IMPROVING,HIGH_NONIMPROVING,341,88,28753385.57
E_P2_PHASE_C_MAX_E10,D02,HIGH_IMPROVING,LOW_IMPROVING,40,18,2979235.08
E_P2_PHASE_C_MAX_E10,D02,HIGH_IMPROVING,LOW_NONIMPROVING,100,42,6699875.779999999
E_P2_PHASE_C_MAX_E10,D02,HIGH_NONIMPROVING,HIGH_IMPROVING,272,79,20808766.37
E_P2_PHASE_C_MAX_E10,D02,HIGH_NONIMPROVING,HIGH_NONIMPROVING,622,156,48111683.38
E_P2_PHASE_C_MAX_E10,D02,HIGH_NONIMPROVING,LOW_IMPROVING,2,1,100569.0
E_P2_PHASE_C_MAX_E10,D02,HIGH_NONIMPROVING,LOW_NONIMPROVING,214,63,17119251.84
E_P2_PHASE_C_MAX_E10,D02,LOW_IMPROVING,HIGH_IMPROVING,117,43,8324059.18
E_P2_PHASE_C_MAX_E10,D02,LOW_IMPROVING,HIGH_NONIMPROVING,18,12,1283101.0
E_P2_PHASE_C_MAX_E10,D02,LOW_IMPROVING,LOW_IMPROVING,208,56,14320545.709999999
E_P2_PHASE_C_MAX_E10,D02,LOW_IMPROVING,LOW_NONIMPROVING,127,39,9272209.98
E_P2_PHASE_C_MAX_E10,D02,LOW_NONIMPROVING,HIGH_IMPROVING,84,28,6562848.0
E_P2_PHASE_C_MAX_E10,D02,LOW_NONIMPROVING,HIGH_NONIMPROVING,7,6,499581.0
E_P2_PHASE_C_MAX_E10,D02,LOW_NONIMPROVING,LOW_IMPROVING,69,28,4785189.0
E_P2_PHASE_C_MAX_E10,D02,LOW_NONIMPROVING,LOW_NONIMPROVING,204,93,13571464.719999999
E_P2_PHASE_C_MAX_E10,D03,HIGH_IMPROVING,HIGH_IMPROVING,76,42,5632580.74
E_P2_PHASE_C_MAX_E10,D03,HIGH_IMPROVING,HIGH_NONIMPROVING,52,35,3191867.0
E_P2_PHASE_C_MAX_E10,D03,HIGH_IMPROVING,LOW_IMPROVING,9,3,790577.1399999999
E_P2_PHASE_C_MAX_E10,D03,HIGH_IMPROVING,LOW_NONIMPROVING,13,13,953921.0
E_P2_PHASE_C_MAX_E10,D03,HIGH_NONIMPROVING,HIGH_IMPROVING,46,30,3250334.0
E_P2_PHASE_C_MAX_E10,D03,HIGH_NONIMPROVING,HIGH_NONIMPROVING,152,92,10073145.16
E_P2_PHASE_C_MAX_E10,D03,HIGH_NONIMPROVING,LOW_NONIMPROVING,94,61,6317447.699999999
E_P2_PHASE_C_MAX_E10,D03,LOW_IMPROVING,HIGH_IMPROVING,66,20,3305095.7199999997
E_P2_PHASE_C_MAX_E10,D03,LOW_IMPROVING,HIGH_NONIMPROVING,21,5,1430560.0
E_P2_PHASE_C_MAX_E10,D03,LOW_IMPROVING,LOW_IMPROVING,529,128,35266711.16
E_P2_PHASE_C_MAX_E10,D03,LOW_IMPROVING,LOW_NONIMPROVING,331,90,21718594.55
E_P2_PHASE_C_MAX_E10,D03,LOW_NONIMPROVING,HIGH_IMPROVING,38,16,1843637.2
E_P2_PHASE_C_MAX_E10,D03,LOW_NONIMPROVING,HIGH_NONIMPROVING,21,10,1510876.0
E_P2_PHASE_C_MAX_E10,D03,LOW_NONIMPROVING,LOW_IMPROVING,375,123,22932315.689999998
E_P2_PHASE_C_MAX_E10,D03,LOW_NONIMPROVING,LOW_NONIMPROVING,658,207,41943030.29
E_P2_PHASE_C_MAX_E10,D06,HIGH_IMPROVING,HIGH_IMPROVING,214,52,13187417.69
E_P2_PHASE_C_MAX_E10,D06,HIGH_IMPROVING,HIGH_NONIMPROVING,213,58,12742311.55
E_P2_PHASE_C_MAX_E10,D06,HIGH_IMPROVING,LOW_IMPROVING,3,1,217284.0
E_P2_PHASE_C_MAX_E10,D06,HIGH_IMPROVING,LOW_NONIMPROVING,30,11,1968754.31
E_P2_PHASE_C_MAX_E10,D06,HIGH_NONIMPROVING,HIGH_IMPROVING,132,29,10952977.0
E_P2_PHASE_C_MAX_E10,D06,HIGH_NONIMPROVING,HIGH_NONIMPROVING,339,81,22535782.61
E_P2_PHASE_C_MAX_E10,D06,HIGH_NONIMPROVING,LOW_NONIMPROVING,49,22,2844920.6799999997
E_P2_PHASE_C_MAX_E10,D06,LOW_IMPROVING,HIGH_IMPROVING,42,21,3054134.0
E_P2_PHASE_C_MAX_E10,D06,LOW_IMPROVING,HIGH_NONIMPROVING,20,8,1048838.0
E_P2_PHASE_C_MAX_E10,D06,LOW_IMPROVING,LOW_IMPROVING,591,143,43750726.65
E_P2_PHASE_C_MAX_E10,D06,LOW_IMPROVING,LOW_NONIMPROVING,158,45,11461833.879999999
E_P2_PHASE_C_MAX_E10,D06,LOW_NONIMPROVING,HIGH_IMPROVING,73,36,8039927.0
E_P2_PHASE_C_MAX_E10,D06,LOW_NONIMPROVING,HIGH_NONIMPROVING,22,15,1153986.0
E_P2_PHASE_C_MAX_E10,D06,LOW_NONIMPROVING,LOW_IMPROVING,361,108,27373437.45
E_P2_PHASE_C_MAX_E10,D06,LOW_NONIMPROVING,LOW_NONIMPROVING,592,182,41836460.480000004
E_P2_PHASE_C_MAX_E10,D09,HIGH_NONIMPROVING,HIGH_NONIMPROVING,1,1,69408.0
E_P2_PHASE_C_MAX_E10,D09,HIGH_NONIMPROVING,LOW_NONIMPROVING,9,9,592288.0
E_P2_PHASE_C_MAX_E10,D09,LOW_IMPROVING,HIGH_IMPROVING,3,3,134760.0
E_P2_PHASE_C_MAX_E10,D09,LOW_IMPROVING,HIGH_NONIMPROVING,5,5,211416.0
E_P2_PHASE_C_MAX_E10,D09,LOW_IMPROVING,LOW_IMPROVING,1,1,45456.0
E_P2_PHASE_C_MAX_E10,D09,LOW_IMPROVING,LOW_NONIMPROVING,1,1,40224.00000000001
E_P2_PHASE_C_MAX_E10,D09,LOW_NONIMPROVING,HIGH_IMPROVING,21,7,479690.0
E_P2_PHASE_C_MAX_E10,D09,LOW_NONIMPROVING,LOW_IMPROVING,8,4,286518.0
E_P2_PHASE_C_MAX_E10,D09,LOW_NONIMPROVING,LOW_NONIMPROVING,11,9,661176.0
E_P2_PHASE_C_10_E10,D02,HIGH_IMPROVING,HIGH_IMPROVING,479,138,39328563.6
E_P2_PHASE_C_10_E10,D02,HIGH_IMPROVING,HIGH_NONIMPROVING,341,88,28954105.78
E_P2_PHASE_C_10_E10,D02,HIGH_IMPROVING,LOW_IMPROVING,40,18,2747421.17
E_P2_PHASE_C_10_E10,D02,HIGH_IMPROVING,LOW_NONIMPROVING,100,42,7051188.220000001
E_P2_PHASE_C_10_E10,D02,HIGH_NONIMPROVING,HIGH_IMPROVING,272,79,21760558.85
E_P2_PHASE_C_10_E10,D02,HIGH_NONIMPROVING,HIGH_NONIMPROVING,622,156,49307629.32
E_P2_PHASE_C_10_E10,D02,HIGH_NONIMPROVING,LOW_IMPROVING,2,1,100569.0
E_P2_PHASE_C_10_E10,D02,HIGH_NONIMPROVING,LOW_NONIMPROVING,214,63,16832237.84
E_P2_PHASE_C_10_E10,D02,LOW_IMPROVING,HIGH_IMPROVING,117,43,9293262.09
E_P2_PHASE_C_10_E10,D02,LOW_IMPROVING,HIGH_NONIMPROVING,18,12,1739699.0
E_P2_PHASE_C_10_E10,D02,LOW_IMPROVING,LOW_IMPROVING,208,56,15234936.870000001
E_P2_PHASE_C_10_E10,D02,LOW_IMPROVING,LOW_NONIMPROVING,127,39,10292715.93
E_P2_PHASE_C_10_E10,D02,LOW_NONIMPROVING,HIGH_IMPROVING,84,28,7062002.0
E_P2_PHASE_C_10_E10,D02,LOW_NONIMPROVING,HIGH_NONIMPROVING,7,6,485030.0
E_P2_PHASE_C_10_E10,D02,LOW_NONIMPROVING,LOW_IMPROVING,69,28,5043030.859999999
E_P2_PHASE_C_10_E10,D02,LOW_NONIMPROVING,LOW_NONIMPROVING,204,93,13943001.779999997
E_P2_PHASE_C_10_E10,D03,HIGH_IMPROVING,HIGH_IMPROVING,76,42,5854914.43
E_P2_PHASE_C_10_E10,D03,HIGH_IMPROVING,HIGH_NONIMPROVING,52,35,3651980.0
E_P2_PHASE_C_10_E10,D03,HIGH_IMPROVING,LOW_IMPROVING,9,3,846641.23
E_P2_PHASE_C_10_E10,D03,HIGH_IMPROVING,LOW_NONIMPROVING,13,13,1124608.0
E_P2_PHASE_C_10_E10,D03,HIGH_NONIMPROVING,HIGH_IMPROVING,46,30,3177001.0
E_P2_PHASE_C_10_E10,D03,HIGH_NONIMPROVING,HIGH_NONIMPROVING,152,92,10708881.08
E_P2_PHASE_C_10_E10,D03,HIGH_NONIMPROVING,LOW_NONIMPROVING,94,61,6644885.85
E_P2_PHASE_C_10_E10,D03,LOW_IMPROVING,HIGH_IMPROVING,66,20,3501219.84
E_P2_PHASE_C_10_E10,D03,LOW_IMPROVING,HIGH_NONIMPROVING,21,5,1325179.0
E_P2_PHASE_C_10_E10,D03,LOW_IMPROVING,LOW_IMPROVING,529,128,36183720.65
E_P2_PHASE_C_10_E10,D03,LOW_IMPROVING,LOW_NONIMPROVING,331,90,22506105.79
E_P2_PHASE_C_10_E10,D03,LOW_NONIMPROVING,HIGH_IMPROVING,38,16,1915167.7999999998
E_P2_PHASE_C_10_E10,D03,LOW_NONIMPROVING,HIGH_NONIMPROVING,21,10,1853676.0
E_P2_PHASE_C_10_E10,D03,LOW_NONIMPROVING,LOW_IMPROVING,375,123,23850361.47
E_P2_PHASE_C_10_E10,D03,LOW_NONIMPROVING,LOW_NONIMPROVING,658,207,41950284.129999995
E_P2_PHASE_C_10_E10,D06,HIGH_IMPROVING,HIGH_IMPROVING,214,52,13881809.45
E_P2_PHASE_C_10_E10,D06,HIGH_IMPROVING,HIGH_NONIMPROVING,213,58,13088160.75
E_P2_PHASE_C_10_E10,D06,HIGH_IMPROVING,LOW_IMPROVING,3,1,236096.0
E_P2_PHASE_C_10_E10,D06,HIGH_IMPROVING,LOW_NONIMPROVING,30,11,2046049.55
E_P2_PHASE_C_10_E10,D06,HIGH_NONIMPROVING,HIGH_IMPROVING,132,29,10825616.0
E_P2_PHASE_C_10_E10,D06,HIGH_NONIMPROVING,HIGH_NONIMPROVING,339,81,22617576.55
E_P2_PHASE_C_10_E10,D06,HIGH_NONIMPROVING,LOW_NONIMPROVING,49,22,3122983.7199999997
E_P2_PHASE_C_10_E10,D06,LOW_IMPROVING,HIGH_IMPROVING,42,21,3417748.0
E_P2_PHASE_C_10_E10,D06,LOW_IMPROVING,HIGH_NONIMPROVING,20,8,1164573.0
E_P2_PHASE_C_10_E10,D06,LOW_IMPROVING,LOW_IMPROVING,591,143,45441990.75
E_P2_PHASE_C_10_E10,D06,LOW_IMPROVING,LOW_NONIMPROVING,158,45,12141831.0
E_P2_PHASE_C_10_E10,D06,LOW_NONIMPROVING,HIGH_IMPROVING,73,36,6427785.0
E_P2_PHASE_C_10_E10,D06,LOW_NONIMPROVING,HIGH_NONIMPROVING,22,15,1481507.0
E_P2_PHASE_C_10_E10,D06,LOW_NONIMPROVING,LOW_IMPROVING,361,108,27844574.85
E_P2_PHASE_C_10_E10,D06,LOW_NONIMPROVING,LOW_NONIMPROVING,592,182,43289692.63
E_P2_PHASE_C_10_E10,D09,HIGH_NONIMPROVING,HIGH_NONIMPROVING,1,1,91098.0
E_P2_PHASE_C_10_E10,D09,HIGH_NONIMPROVING,LOW_NONIMPROVING,9,9,777378.0
E_P2_PHASE_C_10_E10,D09,LOW_IMPROVING,HIGH_IMPROVING,3,3,353745.0
E_P2_PHASE_C_10_E10,D09,LOW_IMPROVING,HIGH_NONIMPROVING,5,5,554967.0
E_P2_PHASE_C_10_E10,D09,LOW_IMPROVING,LOW_IMPROVING,1,1,119322.00000000001
E_P2_PHASE_C_10_E10,D09,LOW_IMPROVING,LOW_NONIMPROVING,1,1,105588.00000000001
E_P2_PHASE_C_10_E10,D09,LOW_NONIMPROVING,HIGH_IMPROVING,21,7,2433185.0
E_P2_PHASE_C_10_E10,D09,LOW_NONIMPROVING,LOW_IMPROVING,8,4,835511.0
E_P2_PHASE_C_10_E10,D09,LOW_NONIMPROVING,LOW_NONIMPROVING,11,9,1020685.0
FIXED_25_D08_C_10,D08,HIGH_IMPROVING,HIGH_IMPROVING,342,151,20497606.95
FIXED_25_D08_C_10,D08,HIGH_IMPROVING,HIGH_NONIMPROVING,202,98,10649270.0
FIXED_25_D08_C_10,D08,HIGH_IMPROVING,LOW_IMPROVING,31,17,1404505.0
FIXED_25_D08_C_10,D08,HIGH_IMPROVING,LOW_NONIMPROVING,75,47,3194889.0
FIXED_25_D08_C_10,D08,HIGH_NONIMPROVING,HIGH_IMPROVING,177,78,8178099.640000001
FIXED_25_D08_C_10,D08,HIGH_NONIMPROVING,HIGH_NONIMPROVING,450,173,26142395.12
FIXED_25_D08_C_10,D08,HIGH_NONIMPROVING,LOW_IMPROVING,2,2,100480.0
FIXED_25_D08_C_10,D08,HIGH_NONIMPROVING,LOW_NONIMPROVING,101,60,5945262.0
FIXED_25_D08_C_10,D08,LOW_IMPROVING,HIGH_IMPROVING,71,39,4805441.91
FIXED_25_D08_C_10,D08,LOW_IMPROVING,HIGH_NONIMPROVING,9,5,839228.6799999999
FIXED_25_D08_C_10,D08,LOW_IMPROVING,LOW_IMPROVING,236,126,17150294.97
FIXED_25_D08_C_10,D08,LOW_IMPROVING,LOW_NONIMPROVING,134,80,9528902.75
FIXED_25_D08_C_10,D08,LOW_NONIMPROVING,HIGH_IMPROVING,53,31,3654616.4
FIXED_25_D08_C_10,D08,LOW_NONIMPROVING,HIGH_NONIMPROVING,6,5,289585.0
FIXED_25_D08_C_10,D08,LOW_NONIMPROVING,LOW_IMPROVING,114,82,7521874.0
FIXED_25_D08_C_10,D08,LOW_NONIMPROVING,LOW_NONIMPROVING,197,136,13755076.4
FIXED_25_D08_C_MAX,D08,HIGH_IMPROVING,HIGH_IMPROVING,580,144,20937288.54
FIXED_25_D08_C_MAX,D08,HIGH_IMPROVING,HIGH_NONIMPROVING,389,118,10831465.52
FIXED_25_D08_C_MAX,D08,HIGH_IMPROVING,LOW_IMPROVING,55,17,1582639.0
FIXED_25_D08_C_MAX,D08,HIGH_IMPROVING,LOW_NONIMPROVING,100,43,3599675.0
FIXED_25_D08_C_MAX,D08,HIGH_NONIMPROVING,HIGH_IMPROVING,290,79,8278366.5
FIXED_25_D08_C_MAX,D08,HIGH_NONIMPROVING,HIGH_NONIMPROVING,661,167,27098547.419999998
FIXED_25_D08_C_MAX,D08,HIGH_NONIMPROVING,LOW_IMPROVING,2,2,130954.0
FIXED_25_D08_C_MAX,D08,HIGH_NONIMPROVING,LOW_NONIMPROVING,147,63,7199423.0
FIXED_25_D08_C_MAX,D08,LOW_IMPROVING,HIGH_IMPROVING,84,40,4814291.01
FIXED_25_D08_C_MAX,D08,LOW_IMPROVING,HIGH_NONIMPROVING,9,6,852577.0
FIXED_25_D08_C_MAX,D08,LOW_IMPROVING,LOW_IMPROVING,279,117,20555276.64
FIXED_25_D08_C_MAX,D08,LOW_IMPROVING,LOW_NONIMPROVING,168,78,11251125.76
FIXED_25_D08_C_MAX,D08,LOW_NONIMPROVING,HIGH_IMPROVING,63,37,4055635.0
FIXED_25_D08_C_MAX,D08,LOW_NONIMPROVING,HIGH_NONIMPROVING,6,5,90290.0
FIXED_25_D08_C_MAX,D08,LOW_NONIMPROVING,LOW_IMPROVING,103,77,10093292.0
FIXED_25_D08_C_MAX,D08,LOW_NONIMPROVING,LOW_NONIMPROVING,188,130,13309008.0
FIXED_50_D08_C_10,D08,HIGH_IMPROVING,HIGH_IMPROVING,524,161,38497864.77
FIXED_50_D08_C_10,D08,HIGH_IMPROVING,HIGH_NONIMPROVING,346,136,23217763.98
FIXED_50_D08_C_10,D08,HIGH_IMPROVING,LOW_IMPROVING,34,17,3094660.0
FIXED_50_D08_C_10,D08,HIGH_IMPROVING,LOW_NONIMPROVING,100,49,6303581.37
FIXED_50_D08_C_10,D08,HIGH_NONIMPROVING,HIGH_IMPROVING,228,78,17751300.27
FIXED_50_D08_C_10,D08,HIGH_NONIMPROVING,HIGH_NONIMPROVING,647,173,51101352.05
FIXED_50_D08_C_10,D08,HIGH_NONIMPROVING,LOW_IMPROVING,2,2,102954.0
FIXED_50_D08_C_10,D08,HIGH_NONIMPROVING,LOW_NONIMPROVING,173,69,12955006.0
FIXED_50_D08_C_10,D08,LOW_IMPROVING,HIGH_IMPROVING,86,40,7027020.26
FIXED_50_D08_C_10,D08,LOW_IMPROVING,HIGH_NONIMPROVING,10,6,916899.48
FIXED_50_D08_C_10,D08,LOW_IMPROVING,LOW_IMPROVING,301,127,26955856.53
FIXED_50_D08_C_10,D08,LOW_IMPROVING,LOW_NONIMPROVING,183,84,14418782.870000001
FIXED_50_D08_C_10,D08,LOW_NONIMPROVING,HIGH_IMPROVING,78,31,6256077.6
FIXED_50_D08_C_10,D08,LOW_NONIMPROVING,HIGH_NONIMPROVING,6,5,599549.0
FIXED_50_D08_C_10,D08,LOW_NONIMPROVING,LOW_IMPROVING,127,82,11576741.0
FIXED_50_D08_C_10,D08,LOW_NONIMPROVING,LOW_NONIMPROVING,219,136,19909988.200000003
FIXED_50_D08_C_MAX,D08,HIGH_IMPROVING,HIGH_IMPROVING,598,161,42674641.57
FIXED_50_D08_C_MAX,D08,HIGH_IMPROVING,HIGH_NONIMPROVING,416,128,24477636.65
FIXED_50_D08_C_MAX,D08,HIGH_IMPROVING,LOW_IMPROVING,58,17,2981518.0
FIXED_50_D08_C_MAX,D08,HIGH_IMPROVING,LOW_NONIMPROVING,102,44,6340630.0
FIXED_50_D08_C_MAX,D08,HIGH_NONIMPROVING,HIGH_IMPROVING,293,77,14230750.59
FIXED_50_D08_C_MAX,D08,HIGH_NONIMPROVING,HIGH_NONIMPROVING,742,170,50425009.629999995
FIXED_50_D08_C_MAX,D08,HIGH_NONIMPROVING,LOW_IMPROVING,2,2,178657.0
FIXED_50_D08_C_MAX,D08,HIGH_NONIMPROVING,LOW_NONIMPROVING,163,64,14462885.0
FIXED_50_D08_C_MAX,D08,LOW_IMPROVING,HIGH_IMPROVING,90,40,7949738.79
FIXED_50_D08_C_MAX,D08,LOW_IMPROVING,HIGH_NONIMPROVING,9,6,1632343.0
FIXED_50_D08_C_MAX,D08,LOW_IMPROVING,LOW_IMPROVING,299,127,38603487.72
FIXED_50_D08_C_MAX,D08,LOW_IMPROVING,LOW_NONIMPROVING,182,81,19283126.759999998
FIXED_50_D08_C_MAX,D08,LOW_NONIMPROVING,HIGH_IMPROVING,67,37,8348135.0
FIXED_50_D08_C_MAX,D08,LOW_NONIMPROVING,HIGH_NONIMPROVING,6,5,394817.0
FIXED_50_D08_C_MAX,D08,LOW_NONIMPROVING,LOW_IMPROVING,119,78,20667651.0
FIXED_50_D08_C_MAX,D08,LOW_NONIMPROVING,LOW_NONIMPROVING,198,130,29229065.0
FIXED_75_D08_C_10,D08,HIGH_IMPROVING,HIGH_IMPROVING,649,166,57260268.32000001
FIXED_75_D08_C_10,D08,HIGH_IMPROVING,HIGH_NONIMPROVING,438,143,38366762.31
FIXED_75_D08_C_10,D08,HIGH_IMPROVING,LOW_IMPROVING,48,17,5108390.0
FIXED_75_D08_C_10,D08,HIGH_IMPROVING,LOW_NONIMPROVING,119,50,10293894.75
FIXED_75_D08_C_10,D08,HIGH_NONIMPROVING,HIGH_IMPROVING,286,80,26804159.939999998
FIXED_75_D08_C_10,D08,HIGH_NONIMPROVING,HIGH_NONIMPROVING,815,178,75348961.66
FIXED_75_D08_C_10,D08,HIGH_NONIMPROVING,LOW_IMPROVING,2,2,160494.0
FIXED_75_D08_C_10,D08,HIGH_NONIMPROVING,LOW_NONIMPROVING,207,69,18400792.0
FIXED_75_D08_C_10,D08,LOW_IMPROVING,HIGH_IMPROVING,109,43,10093195.700000001
FIXED_75_D08_C_10,D08,LOW_IMPROVING,HIGH_NONIMPROVING,10,6,1041427.16
FIXED_75_D08_C_10,D08,LOW_IMPROVING,LOW_IMPROVING,348,129,33972581.31
FIXED_75_D08_C_10,D08,LOW_IMPROVING,LOW_NONIMPROVING,213,84,19829720.32
FIXED_75_D08_C_10,D08,LOW_NONIMPROVING,HIGH_IMPROVING,84,31,7561535.6
FIXED_75_D08_C_10,D08,LOW_NONIMPROVING,HIGH_NONIMPROVING,6,5,634125.0
FIXED_75_D08_C_10,D08,LOW_NONIMPROVING,LOW_IMPROVING,127,82,12966771.0
FIXED_75_D08_C_10,D08,LOW_NONIMPROVING,LOW_NONIMPROVING,223,136,21597600.2
FIXED_75_D08_C_MAX,D08,HIGH_IMPROVING,HIGH_IMPROVING,630,164,60680087.45
FIXED_75_D08_C_MAX,D08,HIGH_IMPROVING,HIGH_NONIMPROVING,445,134,35227579.43
FIXED_75_D08_C_MAX,D08,HIGH_IMPROVING,LOW_IMPROVING,58,17,4565000.0
FIXED_75_D08_C_MAX,D08,HIGH_IMPROVING,LOW_NONIMPROVING,111,48,9706098.0
FIXED_75_D08_C_MAX,D08,HIGH_NONIMPROVING,HIGH_IMPROVING,301,77,20345444.38
FIXED_75_D08_C_MAX,D08,HIGH_NONIMPROVING,HIGH_NONIMPROVING,786,176,71589677.46000001
FIXED_75_D08_C_MAX,D08,HIGH_NONIMPROVING,LOW_IMPROVING,2,2,219627.0
FIXED_75_D08_C_MAX,D08,HIGH_NONIMPROVING,LOW_NONIMPROVING,161,65,19517308.0
FIXED_75_D08_C_MAX,D08,LOW_IMPROVING,HIGH_IMPROVING,93,40,10529120.629999999
FIXED_75_D08_C_MAX,D08,LOW_IMPROVING,HIGH_NONIMPROVING,9,6,2301946.0
FIXED_75_D08_C_MAX,D08,LOW_IMPROVING,LOW_IMPROVING,309,128,53985830.04
FIXED_75_D08_C_MAX,D08,LOW_IMPROVING,LOW_NONIMPROVING,189,81,25280349.98
FIXED_75_D08_C_MAX,D08,LOW_NONIMPROVING,HIGH_IMPROVING,67,37,12514392.0
FIXED_75_D08_C_MAX,D08,LOW_NONIMPROVING,HIGH_NONIMPROVING,6,5,654788.0
FIXED_75_D08_C_MAX,D08,LOW_NONIMPROVING,LOW_IMPROVING,119,78,28239717.0
FIXED_75_D08_C_MAX,D08,LOW_NONIMPROVING,LOW_NONIMPROVING,198,130,42734186.0
FIX_A_D09_C_10_E10,D09,HIGH_IMPROVING,HIGH_IMPROVING,773,175,69073007.37
FIX_A_D09_C_10_E10,D09,HIGH_IMPROVING,HIGH_NONIMPROVING,529,148,48465634.07
FIX_A_D09_C_10_E10,D09,HIGH_IMPROVING,LOW_IMPROVING,33,12,2886126.0
FIX_A_D09_C_10_E10,D09,HIGH_IMPROVING,LOW_NONIMPROVING,136,47,11103117.31
FIX_A_D09_C_10_E10,D09,HIGH_NONIMPROVING,HIGH_IMPROVING,372,100,34554452.599999994
FIX_A_D09_C_10_E10,D09,HIGH_NONIMPROVING,HIGH_NONIMPROVING,971,199,85720567.44
FIX_A_D09_C_10_E10,D09,HIGH_NONIMPROVING,LOW_IMPROVING,6,2,426269.0
FIX_A_D09_C_10_E10,D09,HIGH_NONIMPROVING,LOW_NONIMPROVING,271,88,22573374.4
FIX_A_D09_C_10_E10,D09,LOW_IMPROVING,HIGH_IMPROVING,161,51,13625107.84
FIX_A_D09_C_10_E10,D09,LOW_IMPROVING,HIGH_NONIMPROVING,26,15,2376424.82
FIX_A_D09_C_10_E10,D09,LOW_IMPROVING,LOW_IMPROVING,1301,234,112954019.27000001
FIX_A_D09_C_10_E10,D09,LOW_IMPROVING,LOW_NONIMPROVING,545,140,45047323.870000005
FIX_A_D09_C_10_E10,D09,LOW_NONIMPROVING,HIGH_IMPROVING,180,50,16499135.82
FIX_A_D09_C_10_E10,D09,LOW_NONIMPROVING,HIGH_NONIMPROVING,46,20,3685877.0
FIX_A_D09_C_10_E10,D09,LOW_NONIMPROVING,LOW_IMPROVING,456,144,37986771.050000004
FIX_A_D09_C_10_E10,D09,LOW_NONIMPROVING,LOW_NONIMPROVING,950,253,78327216.97999999
FIX_A_D09_C_10_EST,D09,HIGH_IMPROVING,HIGH_IMPROVING,670,181,50819857.04
FIX_A_D09_C_10_EST,D09,HIGH_IMPROVING,HIGH_NONIMPROVING,416,145,33979902.19
FIX_A_D09_C_10_EST,D09,HIGH_IMPROVING,LOW_IMPROVING,27,15,1824098.0
FIX_A_D09_C_10_EST,D09,HIGH_IMPROVING,LOW_NONIMPROVING,88,54,6483246.42
FIX_A_D09_C_10_EST,D09,HIGH_NONIMPROVING,HIGH_IMPROVING,372,99,32199256.19
FIX_A_D09_C_10_EST,D09,HIGH_NONIMPROVING,HIGH_NONIMPROVING,883,196,67872761.47
FIX_A_D09_C_10_EST,D09,HIGH_NONIMPROVING,LOW_IMPROVING,3,3,298018.0
FIX_A_D09_C_10_EST,D09,HIGH_NONIMPROVING,LOW_NONIMPROVING,148,63,11476784.53
FIX_A_D09_C_10_EST,D09,LOW_IMPROVING,HIGH_IMPROVING,227,75,15059856.85
FIX_A_D09_C_10_EST,D09,LOW_IMPROVING,HIGH_NONIMPROVING,43,26,3025834.4400000004
FIX_A_D09_C_10_EST,D09,LOW_IMPROVING,LOW_IMPROVING,1214,230,87954684.11
FIX_A_D09_C_10_EST,D09,LOW_IMPROVING,LOW_NONIMPROVING,335,105,25756900.439999998
FIX_A_D09_C_10_EST,D09,LOW_NONIMPROVING,HIGH_IMPROVING,173,62,14274918.11
FIX_A_D09_C_10_EST,D09,LOW_NONIMPROVING,HIGH_NONIMPROVING,60,34,4881073.0
FIX_A_D09_C_10_EST,D09,LOW_NONIMPROVING,LOW_IMPROVING,410,136,31583469.05
FIX_A_D09_C_10_EST,D09,LOW_NONIMPROVING,LOW_NONIMPROVING,881,248,63107932.769999996
FIX_A_D09_C_MAX_E10,D09,HIGH_IMPROVING,HIGH_IMPROVING,602,159,62197432.97
FIX_A_D09_C_MAX_E10,D09,HIGH_IMPROVING,HIGH_NONIMPROVING,401,127,64097650.03
FIX_A_D09_C_MAX_E10,D09,HIGH_IMPROVING,LOW_IMPROVING,17,5,1213702.0
FIX_A_D09_C_MAX_E10,D09,HIGH_IMPROVING,LOW_NONIMPROVING,110,42,13957183.75
FIX_A_D09_C_MAX_E10,D09,HIGH_NONIMPROVING,HIGH_IMPROVING,340,92,45441875.55
FIX_A_D09_C_MAX_E10,D09,HIGH_NONIMPROVING,HIGH_NONIMPROVING,840,196,90851689.89
FIX_A_D09_C_MAX_E10,D09,HIGH_NONIMPROVING,LOW_IMPROVING,6,2,832664.0
FIX_A_D09_C_MAX_E10,D09,HIGH_NONIMPROVING,LOW_NONIMPROVING,204,85,36075884.19
FIX_A_D09_C_MAX_E10,D09,LOW_IMPROVING,HIGH_IMPROVING,151,50,11818085.24
FIX_A_D09_C_MAX_E10,D09,LOW_IMPROVING,HIGH_NONIMPROVING,18,10,2386648.34
FIX_A_D09_C_MAX_E10,D09,LOW_IMPROVING,LOW_IMPROVING,996,225,136538402.96
FIX_A_D09_C_MAX_E10,D09,LOW_IMPROVING,LOW_NONIMPROVING,478,126,47897775.41
FIX_A_D09_C_MAX_E10,D09,LOW_NONIMPROVING,HIGH_IMPROVING,195,50,29934157.18
FIX_A_D09_C_MAX_E10,D09,LOW_NONIMPROVING,HIGH_NONIMPROVING,18,11,4536949.0
FIX_A_D09_C_MAX_E10,D09,LOW_NONIMPROVING,LOW_IMPROVING,403,131,54380756.019999996
FIX_A_D09_C_MAX_E10,D09,LOW_NONIMPROVING,LOW_NONIMPROVING,799,240,103089183.34
FIX_A_D09_C_MAX_EST,D09,HIGH_IMPROVING,HIGH_IMPROVING,502,167,42788498.47
FIX_A_D09_C_MAX_EST,D09,HIGH_IMPROVING,HIGH_NONIMPROVING,338,141,28547086.91
FIX_A_D09_C_MAX_EST,D09,HIGH_IMPROVING,LOW_IMPROVING,26,15,2317291.0
FIX_A_D09_C_MAX_EST,D09,HIGH_IMPROVING,LOW_NONIMPROVING,69,46,3715852.77
FIX_A_D09_C_MAX_EST,D09,HIGH_NONIMPROVING,HIGH_IMPROVING,331,102,27212312.69
FIX_A_D09_C_MAX_EST,D09,HIGH_NONIMPROVING,HIGH_NONIMPROVING,762,187,66170641.620000005
FIX_A_D09_C_MAX_EST,D09,HIGH_NONIMPROVING,LOW_IMPROVING,10,8,770396.0
FIX_A_D09_C_MAX_EST,D09,HIGH_NONIMPROVING,LOW_NONIMPROVING,142,58,13610221.36
FIX_A_D09_C_MAX_EST,D09,LOW_IMPROVING,HIGH_IMPROVING,159,66,10985250.52
FIX_A_D09_C_MAX_EST,D09,LOW_IMPROVING,HIGH_NONIMPROVING,24,19,997916.0
FIX_A_D09_C_MAX_EST,D09,LOW_IMPROVING,LOW_IMPROVING,830,215,69557195.08
FIX_A_D09_C_MAX_EST,D09,LOW_IMPROVING,LOW_NONIMPROVING,225,82,15835176.7
FIX_A_D09_C_MAX_EST,D09,LOW_NONIMPROVING,HIGH_IMPROVING,123,57,13030304.319999998
FIX_A_D09_C_MAX_EST,D09,LOW_NONIMPROVING,HIGH_NONIMPROVING,34,28,3131151.0
FIX_A_D09_C_MAX_EST,D09,LOW_NONIMPROVING,LOW_IMPROVING,319,133,29910819.799999997
FIX_A_D09_C_MAX_EST,D09,LOW_NONIMPROVING,LOW_NONIMPROVING,684,244,76118517.03999999
FIX_A_D09_C_ONE_E10,D09,HIGH_IMPROVING,HIGH_IMPROVING,70,70,48419871.15
FIX_A_D09_C_ONE_E10,D09,HIGH_IMPROVING,HIGH_NONIMPROVING,72,72,56501746.05
FIX_A_D09_C_ONE_E10,D09,HIGH_IMPROVING,LOW_IMPROVING,1,1,295938.0
FIX_A_D09_C_ONE_E10,D09,HIGH_IMPROVING,LOW_NONIMPROVING,17,17,6509203.050000001
FIX_A_D09_C_ONE_E10,D09,HIGH_NONIMPROVING,HIGH_IMPROVING,54,54,76061892.72
FIX_A_D09_C_ONE_E10,D09,HIGH_NONIMPROVING,HIGH_NONIMPROVING,112,112,125462592.48
FIX_A_D09_C_ONE_E10,D09,HIGH_NONIMPROVING,LOW_IMPROVING,1,1,1265872.0
FIX_A_D09_C_ONE_E10,D09,HIGH_NONIMPROVING,LOW_NONIMPROVING,43,43,40687765.0
FIX_A_D09_C_ONE_E10,D09,LOW_IMPROVING,HIGH_IMPROVING,9,9,1309140.0
FIX_A_D09_C_ONE_E10,D09,LOW_IMPROVING,LOW_IMPROVING,153,153,158850436.24
FIX_A_D09_C_ONE_E10,D09,LOW_IMPROVING,LOW_NONIMPROVING,58,58,60588263.0
FIX_A_D09_C_ONE_E10,D09,LOW_NONIMPROVING,HIGH_IMPROVING,35,35,19334300.0
FIX_A_D09_C_ONE_E10,D09,LOW_NONIMPROVING,LOW_IMPROVING,65,65,64101464.0
FIX_A_D09_C_ONE_E10,D09,LOW_NONIMPROVING,LOW_NONIMPROVING,116,116,122251755.0
FIX_A_D09_C_ONE_EST,D09,HIGH_IMPROVING,HIGH_IMPROVING,78,78,51861436.0
FIX_A_D09_C_ONE_EST,D09,HIGH_IMPROVING,HIGH_NONIMPROVING,54,54,33302007.0
FIX_A_D09_C_ONE_EST,D09,HIGH_IMPROVING,LOW_IMPROVING,8,8,4128910.0
FIX_A_D09_C_ONE_EST,D09,HIGH_IMPROVING,LOW_NONIMPROVING,6,6,2788676.0
FIX_A_D09_C_ONE_EST,D09,HIGH_NONIMPROVING,HIGH_IMPROVING,42,42,37243042.56
FIX_A_D09_C_ONE_EST,D09,HIGH_NONIMPROVING,HIGH_NONIMPROVING,115,115,76458018.05000001
FIX_A_D09_C_ONE_EST,D09,HIGH_NONIMPROVING,LOW_IMPROVING,1,1,1138310.0
FIX_A_D09_C_ONE_EST,D09,HIGH_NONIMPROVING,LOW_NONIMPROVING,26,26,20762557.16
FIX_A_D09_C_ONE_EST,D09,LOW_IMPROVING,HIGH_IMPROVING,24,24,6461508.0
FIX_A_D09_C_ONE_EST,D09,LOW_IMPROVING,HIGH_NONIMPROVING,1,1,302806.0
FIX_A_D09_C_ONE_EST,D09,LOW_IMPROVING,LOW_IMPROVING,126,126,66019207.65
FIX_A_D09_C_ONE_EST,D09,LOW_IMPROVING,LOW_NONIMPROVING,30,30,11635903.25
FIX_A_D09_C_ONE_EST,D09,LOW_NONIMPROVING,HIGH_IMPROVING,24,24,18499395.0
FIX_A_D09_C_ONE_EST,D09,LOW_NONIMPROVING,HIGH_NONIMPROVING,7,7,3067724.0
FIX_A_D09_C_ONE_EST,D09,LOW_NONIMPROVING,LOW_IMPROVING,69,69,50096973.0
FIX_A_D09_C_ONE_EST,D09,LOW_NONIMPROVING,LOW_NONIMPROVING,148,148,100765132.32
FIX_B_D09_C_10_COST2,D09,HIGH_IMPROVING,HIGH_IMPROVING,773,175,67244458.67
FIX_B_D09_C_10_COST2,D09,HIGH_IMPROVING,HIGH_NONIMPROVING,529,148,47242531.22
FIX_B_D09_C_10_COST2,D09,HIGH_IMPROVING,LOW_IMPROVING,33,12,2782368.0
FIX_B_D09_C_10_COST2,D09,HIGH_IMPROVING,LOW_NONIMPROVING,136,47,10724701.91
FIX_B_D09_C_10_COST2,D09,HIGH_NONIMPROVING,HIGH_IMPROVING,372,100,33766273.86
FIX_B_D09_C_10_COST2,D09,HIGH_NONIMPROVING,HIGH_NONIMPROVING,971,199,83528839.00999999
FIX_B_D09_C_10_COST2,D09,HIGH_NONIMPROVING,LOW_IMPROVING,6,2,410769.0
FIX_B_D09_C_10_COST2,D09,HIGH_NONIMPROVING,LOW_NONIMPROVING,271,88,21992969.52
FIX_B_D09_C_10_COST2,D09,LOW_IMPROVING,HIGH_IMPROVING,158,51,12998781.79
FIX_B_D09_C_10_COST2,D09,LOW_IMPROVING,HIGH_NONIMPROVING,26,15,2244858.62
FIX_B_D09_C_10_COST2,D09,LOW_IMPROVING,LOW_IMPROVING,1294,234,109797863.22
FIX_B_D09_C_10_COST2,D09,LOW_IMPROVING,LOW_NONIMPROVING,545,140,43808261.64
FIX_B_D09_C_10_COST2,D09,LOW_NONIMPROVING,HIGH_IMPROVING,179,50,15945657.14
FIX_B_D09_C_10_COST2,D09,LOW_NONIMPROVING,HIGH_NONIMPROVING,46,20,3599362.0
FIX_B_D09_C_10_COST2,D09,LOW_NONIMPROVING,LOW_IMPROVING,453,144,36567035.28
FIX_B_D09_C_10_COST2,D09,LOW_NONIMPROVING,LOW_NONIMPROVING,944,253,75303948.37
FIX_B_D09_C_10_DELAY1_CA,D09,HIGH_IMPROVING,HIGH_IMPROVING,600,153,55986310.16
FIX_B_D09_C_10_DELAY1_CA,D09,HIGH_IMPROVING,HIGH_NONIMPROVING,571,156,54034040.7
FIX_B_D09_C_10_DELAY1_CA,D09,HIGH_IMPROVING,LOW_IMPROVING,50,11,4450800.0
FIX_B_D09_C_10_DELAY1_CA,D09,HIGH_IMPROVING,LOW_NONIMPROVING,169,61,15813621.58
FIX_B_D09_C_10_DELAY1_CA,D09,HIGH_NONIMPROVING,HIGH_IMPROVING,405,102,40500179.58
FIX_B_D09_C_10_DELAY1_CA,D09,HIGH_NONIMPROVING,HIGH_NONIMPROVING,791,182,73337277.7
FIX_B_D09_C_10_DELAY1_CA,D09,HIGH_NONIMPROVING,LOW_IMPROVING,6,3,490617.0
FIX_B_D09_C_10_DELAY1_CA,D09,HIGH_NONIMPROVING,LOW_NONIMPROVING,288,93,24616830.0
FIX_B_D09_C_10_DELAY1_CA,D09,LOW_IMPROVING,HIGH_IMPROVING,177,53,16142344.75
FIX_B_D09_C_10_DELAY1_CA,D09,LOW_IMPROVING,HIGH_NONIMPROVING,23,12,2145880.4
FIX_B_D09_C_10_DELAY1_CA,D09,LOW_IMPROVING,LOW_IMPROVING,1061,207,97011692.67
FIX_B_D09_C_10_DELAY1_CA,D09,LOW_IMPROVING,LOW_NONIMPROVING,609,143,53119111.94
FIX_B_D09_C_10_DELAY1_CA,D09,LOW_NONIMPROVING,HIGH_IMPROVING,156,53,14190963.8
FIX_B_D09_C_10_DELAY1_CA,D09,LOW_NONIMPROVING,HIGH_NONIMPROVING,18,14,1602292.0
FIX_B_D09_C_10_DELAY1_CA,D09,LOW_NONIMPROVING,LOW_IMPROVING,512,164,45186637.690000005
FIX_B_D09_C_10_DELAY1_CA,D09,LOW_NONIMPROVING,LOW_NONIMPROVING,719,201,60979477.51
FIX_B_D09_C_MAX_COST2,D09,HIGH_IMPROVING,HIGH_IMPROVING,578,153,56000838.78
FIX_B_D09_C_MAX_COST2,D09,HIGH_IMPROVING,HIGH_NONIMPROVING,412,127,57105419.78
FIX_B_D09_C_MAX_COST2,D09,HIGH_IMPROVING,LOW_IMPROVING,17,5,1101916.0
FIX_B_D09_C_MAX_COST2,D09,HIGH_IMPROVING,LOW_NONIMPROVING,123,43,12141863.91
FIX_B_D09_C_MAX_COST2,D09,HIGH_NONIMPROVING,HIGH_IMPROVING,347,97,42388272.05
FIX_B_D09_C_MAX_COST2,D09,HIGH_NONIMPROVING,HIGH_NONIMPROVING,825,198,85744339.64
FIX_B_D09_C_MAX_COST2,D09,HIGH_NONIMPROVING,LOW_IMPROVING,6,2,748844.0
FIX_B_D09_C_MAX_COST2,D09,HIGH_NONIMPROVING,LOW_NONIMPROVING,202,82,34330580.989999995
FIX_B_D09_C_MAX_COST2,D09,LOW_IMPROVING,HIGH_IMPROVING,154,50,11414786.77
FIX_B_D09_C_MAX_COST2,D09,LOW_IMPROVING,HIGH_NONIMPROVING,16,10,2153294.78
FIX_B_D09_C_MAX_COST2,D09,LOW_IMPROVING,LOW_IMPROVING,1015,219,123348399.97
FIX_B_D09_C_MAX_COST2,D09,LOW_IMPROVING,LOW_NONIMPROVING,496,130,42849164.42999999
FIX_B_D09_C_MAX_COST2,D09,LOW_NONIMPROVING,HIGH_IMPROVING,190,50,28055570.72
FIX_B_D09_C_MAX_COST2,D09,LOW_NONIMPROVING,HIGH_NONIMPROVING,18,11,3641891.0
FIX_B_D09_C_MAX_COST2,D09,LOW_NONIMPROVING,LOW_IMPROVING,382,128,50255811.72
FIX_B_D09_C_MAX_COST2,D09,LOW_NONIMPROVING,LOW_NONIMPROVING,761,235,93382652.69
FIX_B_D09_C_MAX_DELAY1,D09,HIGH_IMPROVING,HIGH_IMPROVING,496,141,48869498.85
FIX_B_D09_C_MAX_DELAY1,D09,HIGH_IMPROVING,HIGH_NONIMPROVING,579,150,53075169.83
FIX_B_D09_C_MAX_DELAY1,D09,HIGH_IMPROVING,LOW_IMPROVING,30,10,1824735.0
FIX_B_D09_C_MAX_DELAY1,D09,HIGH_IMPROVING,LOW_NONIMPROVING,135,48,16801281.009999998
FIX_B_D09_C_MAX_DELAY1,D09,HIGH_NONIMPROVING,HIGH_IMPROVING,350,96,33890731.5
FIX_B_D09_C_MAX_DELAY1,D09,HIGH_NONIMPROVING,HIGH_NONIMPROVING,664,177,60495012.3
FIX_B_D09_C_MAX_DELAY1,D09,HIGH_NONIMPROVING,LOW_IMPROVING,5,4,587125.0
FIX_B_D09_C_MAX_DELAY1,D09,HIGH_NONIMPROVING,LOW_NONIMPROVING,241,100,26916576.0
FIX_B_D09_C_MAX_DELAY1,D09,LOW_IMPROVING,HIGH_IMPROVING,169,45,12481148.75
FIX_B_D09_C_MAX_DELAY1,D09,LOW_IMPROVING,HIGH_NONIMPROVING,23,13,1588637.0
FIX_B_D09_C_MAX_DELAY1,D09,LOW_IMPROVING,LOW_IMPROVING,881,193,75339582.75
FIX_B_D09_C_MAX_DELAY1,D09,LOW_IMPROVING,LOW_NONIMPROVING,488,142,44783567.64
FIX_B_D09_C_MAX_DELAY1,D09,LOW_NONIMPROVING,HIGH_IMPROVING,147,51,15737826.4
FIX_B_D09_C_MAX_DELAY1,D09,LOW_NONIMPROVING,HIGH_NONIMPROVING,19,14,482125.0
FIX_B_D09_C_MAX_DELAY1,D09,LOW_NONIMPROVING,LOW_IMPROVING,467,163,53519388.41
FIX_B_D09_C_MAX_DELAY1,D09,LOW_NONIMPROVING,LOW_NONIMPROVING,659,204,61511597.92
FIX_B_D09_C_ONE_COST2,D09,HIGH_IMPROVING,HIGH_IMPROVING,70,70,47421879.15
FIX_B_D09_C_ONE_COST2,D09,HIGH_IMPROVING,HIGH_NONIMPROVING,72,72,55896250.05
FIX_B_D09_C_ONE_COST2,D09,HIGH_IMPROVING,LOW_IMPROVING,1,1,295938.0
FIX_B_D09_C_ONE_COST2,D09,HIGH_IMPROVING,LOW_NONIMPROVING,17,17,6509203.050000001
FIX_B_D09_C_ONE_COST2,D09,HIGH_NONIMPROVING,HIGH_IMPROVING,54,54,74135634.72
FIX_B_D09_C_ONE_COST2,D09,HIGH_NONIMPROVING,HIGH_NONIMPROVING,112,112,122244655.48
FIX_B_D09_C_ONE_COST2,D09,HIGH_NONIMPROVING,LOW_IMPROVING,1,1,1265872.0
FIX_B_D09_C_ONE_COST2,D09,HIGH_NONIMPROVING,LOW_NONIMPROVING,43,43,39682154.0
FIX_B_D09_C_ONE_COST2,D09,LOW_IMPROVING,HIGH_IMPROVING,9,9,1309140.0
FIX_B_D09_C_ONE_COST2,D09,LOW_IMPROVING,LOW_IMPROVING,153,153,155471889.24
FIX_B_D09_C_ONE_COST2,D09,LOW_IMPROVING,LOW_NONIMPROVING,58,58,59279982.0
FIX_B_D09_C_ONE_COST2,D09,LOW_NONIMPROVING,HIGH_IMPROVING,35,35,19236334.0
FIX_B_D09_C_ONE_COST2,D09,LOW_NONIMPROVING,LOW_IMPROVING,65,65,62667578.0
FIX_B_D09_C_ONE_COST2,D09,LOW_NONIMPROVING,LOW_NONIMPROVING,116,116,118685612.0
FIX_B_D09_C_ONE_DELAY1,D09,HIGH_IMPROVING,HIGH_IMPROVING,63,63,24052964.9
FIX_B_D09_C_ONE_DELAY1,D09,HIGH_IMPROVING,HIGH_NONIMPROVING,87,87,44753199.05
FIX_B_D09_C_ONE_DELAY1,D09,HIGH_IMPROVING,LOW_NONIMPROVING,30,30,17777229.05
FIX_B_D09_C_ONE_DELAY1,D09,HIGH_NONIMPROVING,HIGH_IMPROVING,51,51,33980698.0
FIX_B_D09_C_ONE_DELAY1,D09,HIGH_NONIMPROVING,HIGH_NONIMPROVING,91,91,53090794.0
FIX_B_D09_C_ONE_DELAY1,D09,HIGH_NONIMPROVING,LOW_IMPROVING,1,1,649797.0
FIX_B_D09_C_ONE_DELAY1,D09,HIGH_NONIMPROVING,LOW_NONIMPROVING,37,37,19390710.0
FIX_B_D09_C_ONE_DELAY1,D09,LOW_IMPROVING,HIGH_IMPROVING,14,14,5315776.75
FIX_B_D09_C_ONE_DELAY1,D09,LOW_IMPROVING,HIGH_NONIMPROVING,1,1,225720.0
FIX_B_D09_C_ONE_DELAY1,D09,LOW_IMPROVING,LOW_IMPROVING,126,126,73012574.75
FIX_B_D09_C_ONE_DELAY1,D09,LOW_IMPROVING,LOW_NONIMPROVING,69,69,44591142.68
FIX_B_D09_C_ONE_DELAY1,D09,LOW_NONIMPROVING,HIGH_IMPROVING,33,33,25276368.0
FIX_B_D09_C_ONE_DELAY1,D09,LOW_NONIMPROVING,LOW_IMPROVING,90,90,59103463.519999996
FIX_B_D09_C_ONE_DELAY1,D09,LOW_NONIMPROVING,LOW_NONIMPROVING,102,102,61886448.36000001
FIX_E_P0_POOL_C_10_E10,D02,HIGH_IMPROVING,HIGH_IMPROVING,141,98,9807652.0
FIX_E_P0_POOL_C_10_E10,D02,HIGH_IMPROVING,HIGH_NONIMPROVING,111,82,8326625.0
FIX_E_P0_POOL_C_10_E10,D02,HIGH_IMPROVING,LOW_IMPROVING,4,4,339975.0
FIX_E_P0_POOL_C_10_E10,D02,HIGH_IMPROVING,LOW_NONIMPROVING,34,27,1648947.0
FIX_E_P0_POOL_C_10_E10,D02,HIGH_NONIMPROVING,HIGH_IMPROVING,59,40,3889080.0
FIX_E_P0_POOL_C_10_E10,D02,HIGH_NONIMPROVING,HIGH_NONIMPROVING,215,126,13674656.0
FIX_E_P0_POOL_C_10_E10,D02,HIGH_NONIMPROVING,LOW_NONIMPROVING,56,38,3751533.0
FIX_E_P0_POOL_C_10_E10,D02,LOW_IMPROVING,HIGH_IMPROVING,59,42,3853080.32
FIX_E_P0_POOL_C_10_E10,D02,LOW_IMPROVING,HIGH_NONIMPROVING,20,18,1278010.0
FIX_E_P0_POOL_C_10_E10,D02,LOW_IMPROVING,LOW_IMPROVING,289,181,19262682.28
FIX_E_P0_POOL_C_10_E10,D02,LOW_IMPROVING,LOW_NONIMPROVING,122,91,7133774.82
FIX_E_P0_POOL_C_10_E10,D02,LOW_NONIMPROVING,HIGH_IMPROVING,38,30,2922572.0
FIX_E_P0_POOL_C_10_E10,D02,LOW_NONIMPROVING,HIGH_NONIMPROVING,12,12,674114.25
FIX_E_P0_POOL_C_10_E10,D02,LOW_NONIMPROVING,LOW_IMPROVING,126,83,7911575.5
FIX_E_P0_POOL_C_10_E10,D02,LOW_NONIMPROVING,LOW_NONIMPROVING,224,140,14357333.5
FIX_E_P0_POOL_C_10_E10,D03,HIGH_IMPROVING,HIGH_IMPROVING,238,120,14778112.379999999
FIX_E_P0_POOL_C_10_E10,D03,HIGH_IMPROVING,HIGH_NONIMPROVING,152,91,8760758.92
FIX_E_P0_POOL_C_10_E10,D03,HIGH_IMPROVING,LOW_IMPROVING,3,3,281396.0
FIX_E_P0_POOL_C_10_E10,D03,HIGH_IMPROVING,LOW_NONIMPROVING,37,24,2302801.0
FIX_E_P0_POOL_C_10_E10,D03,HIGH_NONIMPROVING,HIGH_IMPROVING,139,72,9811331.6
FIX_E_P0_POOL_C_10_E10,D03,HIGH_NONIMPROVING,HIGH_NONIMPROVING,411,174,25427370.4
FIX_E_P0_POOL_C_10_E10,D03,HIGH_NONIMPROVING,LOW_NONIMPROVING,150,69,10134861.0
FIX_E_P0_POOL_C_10_E10,D03,LOW_IMPROVING,HIGH_IMPROVING,55,30,2549191.0
FIX_E_P0_POOL_C_10_E10,D03,LOW_IMPROVING,HIGH_NONIMPROVING,7,6,513891.0
FIX_E_P0_POOL_C_10_E10,D03,LOW_IMPROVING,LOW_IMPROVING,367,182,23973737.51
FIX_E_P0_POOL_C_10_E10,D03,LOW_IMPROVING,LOW_NONIMPROVING,178,105,12025593.54
FIX_E_P0_POOL_C_10_E10,D03,LOW_NONIMPROVING,HIGH_IMPROVING,74,33,4643388.2
FIX_E_P0_POOL_C_10_E10,D03,LOW_NONIMPROVING,HIGH_NONIMPROVING,25,24,1698892.0
FIX_E_P0_POOL_C_10_E10,D03,LOW_NONIMPROVING,LOW_IMPROVING,284,135,16429156.56
FIX_E_P0_POOL_C_10_E10,D03,LOW_NONIMPROVING,LOW_NONIMPROVING,679,253,41223248.6
FIX_E_P0_POOL_C_10_E10,D06,HIGH_IMPROVING,HIGH_IMPROVING,220,133,17601613.0
FIX_E_P0_POOL_C_10_E10,D06,HIGH_IMPROVING,HIGH_NONIMPROVING,188,107,13088742.0
FIX_E_P0_POOL_C_10_E10,D06,HIGH_IMPROVING,LOW_IMPROVING,8,4,723127.0
FIX_E_P0_POOL_C_10_E10,D06,HIGH_IMPROVING,LOW_NONIMPROVING,54,37,3572726.0
FIX_E_P0_POOL_C_10_E10,D06,HIGH_NONIMPROVING,HIGH_IMPROVING,152,75,11090909.0
FIX_E_P0_POOL_C_10_E10,D06,HIGH_NONIMPROVING,HIGH_NONIMPROVING,385,177,25475498.0
FIX_E_P0_POOL_C_10_E10,D06,HIGH_NONIMPROVING,LOW_NONIMPROVING,93,62,5753324.0
FIX_E_P0_POOL_C_10_E10,D06,LOW_IMPROVING,HIGH_IMPROVING,99,50,6457018.7
FIX_E_P0_POOL_C_10_E10,D06,LOW_IMPROVING,HIGH_NONIMPROVING,17,11,1018646.0
FIX_E_P0_POOL_C_10_E10,D06,LOW_IMPROVING,LOW_IMPROVING,498,197,30488583.86
FIX_E_P0_POOL_C_10_E10,D06,LOW_IMPROVING,LOW_NONIMPROVING,145,70,9190617.32
FIX_E_P0_POOL_C_10_E10,D06,LOW_NONIMPROVING,HIGH_IMPROVING,79,47,6385693.0
FIX_E_P0_POOL_C_10_E10,D06,LOW_NONIMPROVING,HIGH_NONIMPROVING,17,14,1226155.0
FIX_E_P0_POOL_C_10_E10,D06,LOW_NONIMPROVING,LOW_IMPROVING,301,150,19761546.8
FIX_E_P0_POOL_C_10_E10,D06,LOW_NONIMPROVING,LOW_NONIMPROVING,550,246,33234249.0
FIX_E_P0_POOL_C_10_E10,D09,HIGH_IMPROVING,HIGH_IMPROVING,199,112,15353062.0
FIX_E_P0_POOL_C_10_E10,D09,HIGH_IMPROVING,HIGH_NONIMPROVING,138,91,10349434.0
FIX_E_P0_POOL_C_10_E10,D09,HIGH_IMPROVING,LOW_IMPROVING,8,8,413232.0
FIX_E_P0_POOL_C_10_E10,D09,HIGH_IMPROVING,LOW_NONIMPROVING,25,20,1866662.0
FIX_E_P0_POOL_C_10_E10,D09,HIGH_NONIMPROVING,HIGH_IMPROVING,71,58,5881570.0
FIX_E_P0_POOL_C_10_E10,D09,HIGH_NONIMPROVING,HIGH_NONIMPROVING,157,122,12710367.469999999
FIX_E_P0_POOL_C_10_E10,D09,HIGH_NONIMPROVING,LOW_IMPROVING,2,2,109657.0
FIX_E_P0_POOL_C_10_E10,D09,HIGH_NONIMPROVING,LOW_NONIMPROVING,60,48,5153609.27
FIX_E_P0_POOL_C_10_E10,D09,LOW_IMPROVING,HIGH_IMPROVING,27,26,1191911.0
FIX_E_P0_POOL_C_10_E10,D09,LOW_IMPROVING,HIGH_NONIMPROVING,2,2,95628.0
FIX_E_P0_POOL_C_10_E10,D09,LOW_IMPROVING,LOW_IMPROVING,197,122,13995928.0
FIX_E_P0_POOL_C_10_E10,D09,LOW_IMPROVING,LOW_NONIMPROVING,94,68,5934620.0
FIX_E_P0_POOL_C_10_E10,D09,LOW_NONIMPROVING,HIGH_IMPROVING,44,35,3439989.0
FIX_E_P0_POOL_C_10_E10,D09,LOW_NONIMPROVING,HIGH_NONIMPROVING,10,10,495387.0
FIX_E_P0_POOL_C_10_E10,D09,LOW_NONIMPROVING,LOW_IMPROVING,91,75,6155095.4399999995
FIX_E_P0_POOL_C_10_E10,D09,LOW_NONIMPROVING,LOW_NONIMPROVING,123,99,7923981.619999999
FIX_E_P0_POOL_C_10_EST,D02,HIGH_IMPROVING,HIGH_IMPROVING,113,86,8341530.0
FIX_E_P0_POOL_C_10_EST,D02,HIGH_IMPROVING,HIGH_NONIMPROVING,94,73,7505377.0
FIX_E_P0_POOL_C_10_EST,D02,HIGH_IMPROVING,LOW_IMPROVING,6,6,530056.0
FIX_E_P0_POOL_C_10_EST,D02,HIGH_IMPROVING,LOW_NONIMPROVING,10,8,533729.0
FIX_E_P0_POOL_C_10_EST,D02,HIGH_NONIMPROVING,HIGH_IMPROVING,46,33,3549767.0
FIX_E_P0_POOL_C_10_EST,D02,HIGH_NONIMPROVING,HIGH_NONIMPROVING,212,126,13659756.66
FIX_E_P0_POOL_C_10_EST,D02,HIGH_NONIMPROVING,LOW_IMPROVING,1,1,35520.0
FIX_E_P0_POOL_C_10_EST,D02,HIGH_NONIMPROVING,LOW_NONIMPROVING,29,16,1343072.0
FIX_E_P0_POOL_C_10_EST,D02,LOW_IMPROVING,HIGH_IMPROVING,50,29,4168351.0
FIX_E_P0_POOL_C_10_EST,D02,LOW_IMPROVING,HIGH_NONIMPROVING,18,15,1110259.0
FIX_E_P0_POOL_C_10_EST,D02,LOW_IMPROVING,LOW_IMPROVING,235,147,17237078.0
FIX_E_P0_POOL_C_10_EST,D02,LOW_IMPROVING,LOW_NONIMPROVING,72,56,4922300.0
FIX_E_P0_POOL_C_10_EST,D02,LOW_NONIMPROVING,HIGH_IMPROVING,44,37,4342541.0
FIX_E_P0_POOL_C_10_EST,D02,LOW_NONIMPROVING,HIGH_NONIMPROVING,16,15,1526474.0
FIX_E_P0_POOL_C_10_EST,D02,LOW_NONIMPROVING,LOW_IMPROVING,158,94,12691121.95
FIX_E_P0_POOL_C_10_EST,D02,LOW_NONIMPROVING,LOW_NONIMPROVING,217,138,15486823.96
FIX_E_P0_POOL_C_10_EST,D03,HIGH_IMPROVING,HIGH_IMPROVING,228,134,15081782.9
FIX_E_P0_POOL_C_10_EST,D03,HIGH_IMPROVING,HIGH_NONIMPROVING,111,77,8298818.0
FIX_E_P0_POOL_C_10_EST,D03,HIGH_IMPROVING,LOW_IMPROVING,12,12,755120.0
FIX_E_P0_POOL_C_10_EST,D03,HIGH_IMPROVING,LOW_NONIMPROVING,35,31,2999728.0
FIX_E_P0_POOL_C_10_EST,D03,HIGH_NONIMPROVING,HIGH_IMPROVING,130,70,8928761.0
FIX_E_P0_POOL_C_10_EST,D03,HIGH_NONIMPROVING,HIGH_NONIMPROVING,497,193,32427210.1
FIX_E_P0_POOL_C_10_EST,D03,HIGH_NONIMPROVING,LOW_IMPROVING,10,10,401457.0
FIX_E_P0_POOL_C_10_EST,D03,HIGH_NONIMPROVING,LOW_NONIMPROVING,61,38,3631709.0
FIX_E_P0_POOL_C_10_EST,D03,LOW_IMPROVING,HIGH_IMPROVING,43,27,2239142.0
FIX_E_P0_POOL_C_10_EST,D03,LOW_IMPROVING,HIGH_NONIMPROVING,7,6,512925.0
FIX_E_P0_POOL_C_10_EST,D03,LOW_IMPROVING,LOW_IMPROVING,369,200,27817625.15
FIX_E_P0_POOL_C_10_EST,D03,LOW_IMPROVING,LOW_NONIMPROVING,120,94,9235233.51
FIX_E_P0_POOL_C_10_EST,D03,LOW_NONIMPROVING,HIGH_IMPROVING,88,55,5327607.0
FIX_E_P0_POOL_C_10_EST,D03,LOW_NONIMPROVING,HIGH_NONIMPROVING,36,34,2144174.0
FIX_E_P0_POOL_C_10_EST,D03,LOW_NONIMPROVING,LOW_IMPROVING,229,112,13038559.1
FIX_E_P0_POOL_C_10_EST,D03,LOW_NONIMPROVING,LOW_NONIMPROVING,722,266,45756956.870000005
FIX_E_P0_POOL_C_10_EST,D06,HIGH_IMPROVING,HIGH_IMPROVING,286,147,20814010.86
FIX_E_P0_POOL_C_10_EST,D06,HIGH_IMPROVING,HIGH_NONIMPROVING,119,78,8758198.82
FIX_E_P0_POOL_C_10_EST,D06,HIGH_IMPROVING,LOW_IMPROVING,19,14,1210134.0
FIX_E_P0_POOL_C_10_EST,D06,HIGH_IMPROVING,LOW_NONIMPROVING,42,31,3138214.0
FIX_E_P0_POOL_C_10_EST,D06,HIGH_NONIMPROVING,HIGH_IMPROVING,125,65,10610111.0
FIX_E_P0_POOL_C_10_EST,D06,HIGH_NONIMPROVING,HIGH_NONIMPROVING,340,172,23912598.69
FIX_E_P0_POOL_C_10_EST,D06,HIGH_NONIMPROVING,LOW_IMPROVING,2,2,214690.0
FIX_E_P0_POOL_C_10_EST,D06,HIGH_NONIMPROVING,LOW_NONIMPROVING,64,44,3852110.16
FIX_E_P0_POOL_C_10_EST,D06,LOW_IMPROVING,HIGH_IMPROVING,123,63,8077680.57
FIX_E_P0_POOL_C_10_EST,D06,LOW_IMPROVING,HIGH_NONIMPROVING,24,22,1442040.0
FIX_E_P0_POOL_C_10_EST,D06,LOW_IMPROVING,LOW_IMPROVING,546,211,35164958.82
FIX_E_P0_POOL_C_10_EST,D06,LOW_IMPROVING,LOW_NONIMPROVING,121,66,8637985.0
FIX_E_P0_POOL_C_10_EST,D06,LOW_NONIMPROVING,HIGH_IMPROVING,93,41,6925777.0
FIX_E_P0_POOL_C_10_EST,D06,LOW_NONIMPROVING,HIGH_NONIMPROVING,14,12,1075973.0
FIX_E_P0_POOL_C_10_EST,D06,LOW_NONIMPROVING,LOW_IMPROVING,330,149,22708481.68
FIX_E_P0_POOL_C_10_EST,D06,LOW_NONIMPROVING,LOW_NONIMPROVING,643,257,40431598.78
FIX_E_P0_POOL_C_10_EST,D09,HIGH_IMPROVING,HIGH_IMPROVING,160,100,13599343.0
FIX_E_P0_POOL_C_10_EST,D09,HIGH_IMPROVING,HIGH_NONIMPROVING,116,92,9759586.0
FIX_E_P0_POOL_C_10_EST,D09,HIGH_IMPROVING,LOW_IMPROVING,4,4,374873.0
FIX_E_P0_POOL_C_10_EST,D09,HIGH_IMPROVING,LOW_NONIMPROVING,30,28,3021518.0
FIX_E_P0_POOL_C_10_EST,D09,HIGH_NONIMPROVING,HIGH_IMPROVING,96,65,9311766.0
FIX_E_P0_POOL_C_10_EST,D09,HIGH_NONIMPROVING,HIGH_NONIMPROVING,190,136,15280115.92
FIX_E_P0_POOL_C_10_EST,D09,HIGH_NONIMPROVING,LOW_NONIMPROVING,37,34,3681109.26
FIX_E_P0_POOL_C_10_EST,D09,LOW_IMPROVING,HIGH_IMPROVING,22,20,1590736.0
FIX_E_P0_POOL_C_10_EST,D09,LOW_IMPROVING,LOW_IMPROVING,186,127,13884120.0
FIX_E_P0_POOL_C_10_EST,D09,LOW_IMPROVING,LOW_NONIMPROVING,59,42,3752502.0
FIX_E_P0_POOL_C_10_EST,D09,LOW_NONIMPROVING,HIGH_IMPROVING,38,23,3501707.0
FIX_E_P0_POOL_C_10_EST,D09,LOW_NONIMPROVING,HIGH_NONIMPROVING,7,7,457661.0
FIX_E_P0_POOL_C_10_EST,D09,LOW_NONIMPROVING,LOW_IMPROVING,60,49,3538985.0
FIX_E_P0_POOL_C_10_EST,D09,LOW_NONIMPROVING,LOW_NONIMPROVING,118,101,7240124.0
FIX_E_P0_POOL_C_MAX_E10,D02,HIGH_IMPROVING,HIGH_IMPROVING,156,106,12114582.0
FIX_E_P0_POOL_C_MAX_E10,D02,HIGH_IMPROVING,HIGH_NONIMPROVING,115,83,11820982.0
FIX_E_P0_POOL_C_MAX_E10,D02,HIGH_IMPROVING,LOW_IMPROVING,5,4,757980.0
FIX_E_P0_POOL_C_MAX_E10,D02,HIGH_IMPROVING,LOW_NONIMPROVING,34,27,1780495.0
FIX_E_P0_POOL_C_MAX_E10,D02,HIGH_NONIMPROVING,HIGH_IMPROVING,64,43,4791122.0
FIX_E_P0_POOL_C_MAX_E10,D02,HIGH_NONIMPROVING,HIGH_NONIMPROVING,220,126,15120625.0
FIX_E_P0_POOL_C_MAX_E10,D02,HIGH_NONIMPROVING,LOW_NONIMPROVING,56,38,4314172.0
FIX_E_P0_POOL_C_MAX_E10,D02,LOW_IMPROVING,HIGH_IMPROVING,60,43,4342693.800000001
FIX_E_P0_POOL_C_MAX_E10,D02,LOW_IMPROVING,HIGH_NONIMPROVING,20,18,1652596.0
FIX_E_P0_POOL_C_MAX_E10,D02,LOW_IMPROVING,LOW_IMPROVING,301,175,21359343.95
FIX_E_P0_POOL_C_MAX_E10,D02,LOW_IMPROVING,LOW_NONIMPROVING,119,88,7151964.34
FIX_E_P0_POOL_C_MAX_E10,D02,LOW_NONIMPROVING,HIGH_IMPROVING,37,29,3362974.44
FIX_E_P0_POOL_C_MAX_E10,D02,LOW_NONIMPROVING,HIGH_NONIMPROVING,12,12,639008.72
FIX_E_P0_POOL_C_MAX_E10,D02,LOW_NONIMPROVING,LOW_IMPROVING,118,83,7837317.999999999
FIX_E_P0_POOL_C_MAX_E10,D02,LOW_NONIMPROVING,LOW_NONIMPROVING,223,143,15882448.36
FIX_E_P0_POOL_C_MAX_E10,D03,HIGH_IMPROVING,HIGH_IMPROVING,247,126,14948697.01
FIX_E_P0_POOL_C_MAX_E10,D03,HIGH_IMPROVING,HIGH_NONIMPROVING,152,91,8778903.84
FIX_E_P0_POOL_C_MAX_E10,D03,HIGH_IMPROVING,LOW_IMPROVING,4,4,336075.0
FIX_E_P0_POOL_C_MAX_E10,D03,HIGH_IMPROVING,LOW_NONIMPROVING,37,24,2555135.0
FIX_E_P0_POOL_C_MAX_E10,D03,HIGH_NONIMPROVING,HIGH_IMPROVING,138,72,10720301.6
FIX_E_P0_POOL_C_MAX_E10,D03,HIGH_NONIMPROVING,HIGH_NONIMPROVING,419,173,27209852.4
FIX_E_P0_POOL_C_MAX_E10,D03,HIGH_NONIMPROVING,LOW_NONIMPROVING,165,71,10699204.0
FIX_E_P0_POOL_C_MAX_E10,D03,LOW_IMPROVING,HIGH_IMPROVING,55,30,2670315.0
FIX_E_P0_POOL_C_MAX_E10,D03,LOW_IMPROVING,HIGH_NONIMPROVING,7,6,535165.0
FIX_E_P0_POOL_C_MAX_E10,D03,LOW_IMPROVING,LOW_IMPROVING,353,176,24013918.71
FIX_E_P0_POOL_C_MAX_E10,D03,LOW_IMPROVING,LOW_NONIMPROVING,162,101,11007451.899999999
FIX_E_P0_POOL_C_MAX_E10,D03,LOW_NONIMPROVING,HIGH_IMPROVING,62,29,3620889.1999999997
FIX_E_P0_POOL_C_MAX_E10,D03,LOW_NONIMPROVING,HIGH_NONIMPROVING,25,24,1799026.0
FIX_E_P0_POOL_C_MAX_E10,D03,LOW_NONIMPROVING,LOW_IMPROVING,280,133,17060042.16
FIX_E_P0_POOL_C_MAX_E10,D03,LOW_NONIMPROVING,LOW_NONIMPROVING,675,257,44229819.5
FIX_E_P0_POOL_C_MAX_E10,D06,HIGH_IMPROVING,HIGH_IMPROVING,224,134,17924140.0
FIX_E_P0_POOL_C_MAX_E10,D06,HIGH_IMPROVING,HIGH_NONIMPROVING,169,105,11770127.0
FIX_E_P0_POOL_C_MAX_E10,D06,HIGH_IMPROVING,LOW_IMPROVING,9,4,819913.0
FIX_E_P0_POOL_C_MAX_E10,D06,HIGH_IMPROVING,LOW_NONIMPROVING,48,34,3526167.0
FIX_E_P0_POOL_C_MAX_E10,D06,HIGH_NONIMPROVING,HIGH_IMPROVING,145,71,10634608.0
FIX_E_P0_POOL_C_MAX_E10,D06,HIGH_NONIMPROVING,HIGH_NONIMPROVING,379,176,24890425.0
FIX_E_P0_POOL_C_MAX_E10,D06,HIGH_NONIMPROVING,LOW_NONIMPROVING,86,60,5507562.0
FIX_E_P0_POOL_C_MAX_E10,D06,LOW_IMPROVING,HIGH_IMPROVING,99,50,5783767.3
FIX_E_P0_POOL_C_MAX_E10,D06,LOW_IMPROVING,HIGH_NONIMPROVING,17,11,1086446.0
FIX_E_P0_POOL_C_MAX_E10,D06,LOW_IMPROVING,LOW_IMPROVING,504,199,35057955.769999996
FIX_E_P0_POOL_C_MAX_E10,D06,LOW_IMPROVING,LOW_NONIMPROVING,159,78,11450353.71
FIX_E_P0_POOL_C_MAX_E10,D06,LOW_NONIMPROVING,HIGH_IMPROVING,71,47,8521997.0
FIX_E_P0_POOL_C_MAX_E10,D06,LOW_NONIMPROVING,HIGH_NONIMPROVING,17,14,1328152.0
FIX_E_P0_POOL_C_MAX_E10,D06,LOW_NONIMPROVING,LOW_IMPROVING,314,150,19897697.6
FIX_E_P0_POOL_C_MAX_E10,D06,LOW_NONIMPROVING,LOW_NONIMPROVING,555,247,35047577.2
FIX_E_P0_POOL_C_MAX_E10,D09,HIGH_IMPROVING,HIGH_IMPROVING,203,112,16266351.0
FIX_E_P0_POOL_C_MAX_E10,D09,HIGH_IMPROVING,HIGH_NONIMPROVING,144,89,11517315.0
FIX_E_P0_POOL_C_MAX_E10,D09,HIGH_IMPROVING,LOW_IMPROVING,8,8,348356.0
FIX_E_P0_POOL_C_MAX_E10,D09,HIGH_IMPROVING,LOW_NONIMPROVING,25,20,1807789.0
FIX_E_P0_POOL_C_MAX_E10,D09,HIGH_NONIMPROVING,HIGH_IMPROVING,71,57,6223541.0
FIX_E_P0_POOL_C_MAX_E10,D09,HIGH_NONIMPROVING,HIGH_NONIMPROVING,155,122,13533038.95
FIX_E_P0_POOL_C_MAX_E10,D09,HIGH_NONIMPROVING,LOW_IMPROVING,2,2,118694.0
FIX_E_P0_POOL_C_MAX_E10,D09,HIGH_NONIMPROVING,LOW_NONIMPROVING,62,48,4979842.95
FIX_E_P0_POOL_C_MAX_E10,D09,LOW_IMPROVING,HIGH_IMPROVING,27,26,1252615.0
FIX_E_P0_POOL_C_MAX_E10,D09,LOW_IMPROVING,HIGH_NONIMPROVING,2,2,128730.0
FIX_E_P0_POOL_C_MAX_E10,D09,LOW_IMPROVING,LOW_IMPROVING,203,130,15537805.0
FIX_E_P0_POOL_C_MAX_E10,D09,LOW_IMPROVING,LOW_NONIMPROVING,98,70,8674953.4
FIX_E_P0_POOL_C_MAX_E10,D09,LOW_NONIMPROVING,HIGH_IMPROVING,30,28,2292443.0
FIX_E_P0_POOL_C_MAX_E10,D09,LOW_NONIMPROVING,HIGH_NONIMPROVING,10,10,452643.0
FIX_E_P0_POOL_C_MAX_E10,D09,LOW_NONIMPROVING,LOW_IMPROVING,79,65,6178707.28
FIX_E_P0_POOL_C_MAX_E10,D09,LOW_NONIMPROVING,LOW_NONIMPROVING,119,91,8556445.940000001
FIX_E_P0_POOL_C_MAX_EST,D02,HIGH_IMPROVING,HIGH_IMPROVING,113,86,7731366.0
FIX_E_P0_POOL_C_MAX_EST,D02,HIGH_IMPROVING,HIGH_NONIMPROVING,94,73,7227088.0
FIX_E_P0_POOL_C_MAX_EST,D02,HIGH_IMPROVING,LOW_IMPROVING,6,6,580435.0
FIX_E_P0_POOL_C_MAX_EST,D02,HIGH_IMPROVING,LOW_NONIMPROVING,10,8,502821.0
FIX_E_P0_POOL_C_MAX_EST,D02,HIGH_NONIMPROVING,HIGH_IMPROVING,45,33,3135734.0
FIX_E_P0_POOL_C_MAX_EST,D02,HIGH_NONIMPROVING,HIGH_NONIMPROVING,203,126,11866517.0
FIX_E_P0_POOL_C_MAX_EST,D02,HIGH_NONIMPROVING,LOW_IMPROVING,1,1,31968.000000000004
FIX_E_P0_POOL_C_MAX_EST,D02,HIGH_NONIMPROVING,LOW_NONIMPROVING,29,16,1224035.0
FIX_E_P0_POOL_C_MAX_EST,D02,LOW_IMPROVING,HIGH_IMPROVING,50,29,3943703.0
FIX_E_P0_POOL_C_MAX_EST,D02,LOW_IMPROVING,HIGH_NONIMPROVING,18,15,781196.0
FIX_E_P0_POOL_C_MAX_EST,D02,LOW_IMPROVING,LOW_IMPROVING,235,147,16043933.0
FIX_E_P0_POOL_C_MAX_EST,D02,LOW_IMPROVING,LOW_NONIMPROVING,72,56,4604212.0
FIX_E_P0_POOL_C_MAX_EST,D02,LOW_NONIMPROVING,HIGH_IMPROVING,44,37,3993152.0
FIX_E_P0_POOL_C_MAX_EST,D02,LOW_NONIMPROVING,HIGH_NONIMPROVING,16,15,1292021.0
FIX_E_P0_POOL_C_MAX_EST,D02,LOW_NONIMPROVING,LOW_IMPROVING,158,94,11221456.75
FIX_E_P0_POOL_C_MAX_EST,D02,LOW_NONIMPROVING,LOW_NONIMPROVING,216,137,15058691.8
FIX_E_P0_POOL_C_MAX_EST,D03,HIGH_IMPROVING,HIGH_IMPROVING,242,139,15998130.58
FIX_E_P0_POOL_C_MAX_EST,D03,HIGH_IMPROVING,HIGH_NONIMPROVING,112,78,9102702.0
FIX_E_P0_POOL_C_MAX_EST,D03,HIGH_IMPROVING,LOW_IMPROVING,12,12,864191.0
FIX_E_P0_POOL_C_MAX_EST,D03,HIGH_IMPROVING,LOW_NONIMPROVING,35,31,3284948.0
FIX_E_P0_POOL_C_MAX_EST,D03,HIGH_NONIMPROVING,HIGH_IMPROVING,130,70,8072943.0
FIX_E_P0_POOL_C_MAX_EST,D03,HIGH_NONIMPROVING,HIGH_NONIMPROVING,507,193,29847979.0
FIX_E_P0_POOL_C_MAX_EST,D03,HIGH_NONIMPROVING,LOW_IMPROVING,10,10,352299.0
FIX_E_P0_POOL_C_MAX_EST,D03,HIGH_NONIMPROVING,LOW_NONIMPROVING,61,38,3239141.0
FIX_E_P0_POOL_C_MAX_EST,D03,LOW_IMPROVING,HIGH_IMPROVING,43,27,2136829.0
FIX_E_P0_POOL_C_MAX_EST,D03,LOW_IMPROVING,HIGH_NONIMPROVING,7,6,514450.0
FIX_E_P0_POOL_C_MAX_EST,D03,LOW_IMPROVING,LOW_IMPROVING,369,200,25927528.6
FIX_E_P0_POOL_C_MAX_EST,D03,LOW_IMPROVING,LOW_NONIMPROVING,120,94,8192919.35
FIX_E_P0_POOL_C_MAX_EST,D03,LOW_NONIMPROVING,HIGH_IMPROVING,83,55,4310000.0
FIX_E_P0_POOL_C_MAX_EST,D03,LOW_NONIMPROVING,HIGH_NONIMPROVING,37,34,1848141.0
FIX_E_P0_POOL_C_MAX_EST,D03,LOW_NONIMPROVING,LOW_IMPROVING,229,112,11836273.9
FIX_E_P0_POOL_C_MAX_EST,D03,LOW_NONIMPROVING,LOW_NONIMPROVING,720,266,43058531.0
FIX_E_P0_POOL_C_MAX_EST,D06,HIGH_IMPROVING,HIGH_IMPROVING,275,143,19311030.42
FIX_E_P0_POOL_C_MAX_EST,D06,HIGH_IMPROVING,HIGH_NONIMPROVING,109,67,7841939.959999999
FIX_E_P0_POOL_C_MAX_EST,D06,HIGH_IMPROVING,LOW_IMPROVING,19,14,1128555.0
FIX_E_P0_POOL_C_MAX_EST,D06,HIGH_IMPROVING,LOW_NONIMPROVING,45,34,2983228.0
FIX_E_P0_POOL_C_MAX_EST,D06,HIGH_NONIMPROVING,HIGH_IMPROVING,118,65,9630777.0
FIX_E_P0_POOL_C_MAX_EST,D06,HIGH_NONIMPROVING,HIGH_NONIMPROVING,343,172,22233346.310000002
FIX_E_P0_POOL_C_MAX_EST,D06,HIGH_NONIMPROVING,LOW_IMPROVING,2,2,220824.0
FIX_E_P0_POOL_C_MAX_EST,D06,HIGH_NONIMPROVING,LOW_NONIMPROVING,64,45,3518148.04
FIX_E_P0_POOL_C_MAX_EST,D06,LOW_IMPROVING,HIGH_IMPROVING,123,63,6268618.22
FIX_E_P0_POOL_C_MAX_EST,D06,LOW_IMPROVING,HIGH_NONIMPROVING,24,22,981710.0
FIX_E_P0_POOL_C_MAX_EST,D06,LOW_IMPROVING,LOW_IMPROVING,546,211,32843013.48
FIX_E_P0_POOL_C_MAX_EST,D06,LOW_IMPROVING,LOW_NONIMPROVING,121,66,7836128.0
FIX_E_P0_POOL_C_MAX_EST,D06,LOW_NONIMPROVING,HIGH_IMPROVING,93,41,7145704.5
FIX_E_P0_POOL_C_MAX_EST,D06,LOW_NONIMPROVING,HIGH_NONIMPROVING,14,12,1044763.0
FIX_E_P0_POOL_C_MAX_EST,D06,LOW_NONIMPROVING,LOW_IMPROVING,330,149,23681006.02
FIX_E_P0_POOL_C_MAX_EST,D06,LOW_NONIMPROVING,LOW_NONIMPROVING,643,257,39904051.05
FIX_E_P0_POOL_C_MAX_EST,D09,HIGH_IMPROVING,HIGH_IMPROVING,160,100,12463816.0
FIX_E_P0_POOL_C_MAX_EST,D09,HIGH_IMPROVING,HIGH_NONIMPROVING,116,92,8959769.0
FIX_E_P0_POOL_C_MAX_EST,D09,HIGH_IMPROVING,LOW_IMPROVING,4,4,318528.0
FIX_E_P0_POOL_C_MAX_EST,D09,HIGH_IMPROVING,LOW_NONIMPROVING,30,28,2551414.0
FIX_E_P0_POOL_C_MAX_EST,D09,HIGH_NONIMPROVING,HIGH_IMPROVING,96,65,9042373.0
FIX_E_P0_POOL_C_MAX_EST,D09,HIGH_NONIMPROVING,HIGH_NONIMPROVING,190,136,14208192.48
FIX_E_P0_POOL_C_MAX_EST,D09,HIGH_NONIMPROVING,LOW_NONIMPROVING,37,34,3175178.64
FIX_E_P0_POOL_C_MAX_EST,D09,LOW_IMPROVING,HIGH_IMPROVING,22,20,1469205.0
FIX_E_P0_POOL_C_MAX_EST,D09,LOW_IMPROVING,LOW_IMPROVING,186,127,12193379.0
FIX_E_P0_POOL_C_MAX_EST,D09,LOW_IMPROVING,LOW_NONIMPROVING,59,42,3116048.0
FIX_E_P0_POOL_C_MAX_EST,D09,LOW_NONIMPROVING,HIGH_IMPROVING,42,27,1931976.0
FIX_E_P0_POOL_C_MAX_EST,D09,LOW_NONIMPROVING,HIGH_NONIMPROVING,7,7,343011.0
FIX_E_P0_POOL_C_MAX_EST,D09,LOW_NONIMPROVING,LOW_IMPROVING,60,49,2638322.0
FIX_E_P0_POOL_C_MAX_EST,D09,LOW_NONIMPROVING,LOW_NONIMPROVING,120,103,6822133.0
FIX_E_P0_POOL_C_ONE_E10,D02,HIGH_IMPROVING,HIGH_IMPROVING,6,6,4855109.0
FIX_E_P0_POOL_C_ONE_E10,D02,HIGH_IMPROVING,HIGH_NONIMPROVING,18,18,15809512.0
FIX_E_P0_POOL_C_ONE_E10,D02,HIGH_IMPROVING,LOW_NONIMPROVING,16,16,14878402.0
FIX_E_P0_POOL_C_ONE_E10,D02,HIGH_NONIMPROVING,HIGH_IMPROVING,8,8,4645446.0
FIX_E_P0_POOL_C_ONE_E10,D02,HIGH_NONIMPROVING,HIGH_NONIMPROVING,21,21,9822200.0
FIX_E_P0_POOL_C_ONE_E10,D02,HIGH_NONIMPROVING,LOW_NONIMPROVING,1,1,290016.0
FIX_E_P0_POOL_C_ONE_E10,D02,LOW_IMPROVING,HIGH_IMPROVING,8,8,4715457.0
FIX_E_P0_POOL_C_ONE_E10,D02,LOW_IMPROVING,HIGH_NONIMPROVING,6,6,5209766.0
FIX_E_P0_POOL_C_ONE_E10,D02,LOW_IMPROVING,LOW_IMPROVING,56,56,86282913.0
FIX_E_P0_POOL_C_ONE_E10,D02,LOW_IMPROVING,LOW_NONIMPROVING,30,30,23261212.0
FIX_E_P0_POOL_C_ONE_E10,D02,LOW_NONIMPROVING,HIGH_IMPROVING,8,8,18194806.000000004
FIX_E_P0_POOL_C_ONE_E10,D02,LOW_NONIMPROVING,LOW_IMPROVING,8,8,6977195.0
FIX_E_P0_POOL_C_ONE_E10,D02,LOW_NONIMPROVING,LOW_NONIMPROVING,28,28,30355351.0
FIX_E_P0_POOL_C_ONE_E10,D03,HIGH_IMPROVING,HIGH_IMPROVING,42,42,35158591.0
FIX_E_P0_POOL_C_ONE_E10,D03,HIGH_IMPROVING,HIGH_NONIMPROVING,28,28,18900238.0
FIX_E_P0_POOL_C_ONE_E10,D03,HIGH_NONIMPROVING,HIGH_IMPROVING,20,20,18830204.0
FIX_E_P0_POOL_C_ONE_E10,D03,HIGH_NONIMPROVING,HIGH_NONIMPROVING,38,38,24936693.0
FIX_E_P0_POOL_C_ONE_E10,D03,HIGH_NONIMPROVING,LOW_NONIMPROVING,12,12,15321417.0
FIX_E_P0_POOL_C_ONE_E10,D03,LOW_IMPROVING,HIGH_IMPROVING,15,15,13161736.0
FIX_E_P0_POOL_C_ONE_E10,D03,LOW_IMPROVING,HIGH_NONIMPROVING,4,4,1592825.0
FIX_E_P0_POOL_C_ONE_E10,D03,LOW_IMPROVING,LOW_IMPROVING,50,50,45383992.0
FIX_E_P0_POOL_C_ONE_E10,D03,LOW_IMPROVING,LOW_NONIMPROVING,11,11,6492025.0
FIX_E_P0_POOL_C_ONE_E10,D03,LOW_NONIMPROVING,LOW_IMPROVING,10,10,7757968.0
FIX_E_P0_POOL_C_ONE_E10,D03,LOW_NONIMPROVING,LOW_NONIMPROVING,60,60,53113066.0
FIX_E_P0_POOL_C_ONE_E10,D06,HIGH_IMPROVING,HIGH_IMPROVING,8,8,2483071.0
FIX_E_P0_POOL_C_ONE_E10,D06,HIGH_IMPROVING,HIGH_NONIMPROVING,12,12,2683868.0
FIX_E_P0_POOL_C_ONE_E10,D06,HIGH_NONIMPROVING,HIGH_IMPROVING,5,5,3334668.0
FIX_E_P0_POOL_C_ONE_E10,D06,HIGH_NONIMPROVING,HIGH_NONIMPROVING,40,40,22068436.0
FIX_E_P0_POOL_C_ONE_E10,D06,HIGH_NONIMPROVING,LOW_NONIMPROVING,15,15,7160559.0
FIX_E_P0_POOL_C_ONE_E10,D06,LOW_IMPROVING,HIGH_IMPROVING,14,14,4317933.0
FIX_E_P0_POOL_C_ONE_E10,D06,LOW_IMPROVING,HIGH_NONIMPROVING,1,1,562599.0
FIX_E_P0_POOL_C_ONE_E10,D06,LOW_IMPROVING,LOW_IMPROVING,37,37,33588760.0
FIX_E_P0_POOL_C_ONE_E10,D06,LOW_IMPROVING,LOW_NONIMPROVING,18,18,14978934.0
FIX_E_P0_POOL_C_ONE_E10,D06,LOW_NONIMPROVING,HIGH_IMPROVING,6,6,6570506.0
FIX_E_P0_POOL_C_ONE_E10,D06,LOW_NONIMPROVING,HIGH_NONIMPROVING,1,1,246123.0
FIX_E_P0_POOL_C_ONE_E10,D06,LOW_NONIMPROVING,LOW_IMPROVING,15,15,7474690.0
FIX_E_P0_POOL_C_ONE_E10,D06,LOW_NONIMPROVING,LOW_NONIMPROVING,28,28,9910878.0
FIX_E_P0_POOL_C_ONE_E10,D09,HIGH_IMPROVING,HIGH_IMPROVING,9,9,14627660.0
FIX_E_P0_POOL_C_ONE_E10,D09,HIGH_IMPROVING,HIGH_NONIMPROVING,8,8,8346504.0
FIX_E_P0_POOL_C_ONE_E10,D09,HIGH_IMPROVING,LOW_NONIMPROVING,3,3,7528068.0
FIX_E_P0_POOL_C_ONE_E10,D09,HIGH_NONIMPROVING,HIGH_IMPROVING,6,6,6517730.0
FIX_E_P0_POOL_C_ONE_E10,D09,HIGH_NONIMPROVING,HIGH_NONIMPROVING,13,13,18841056.0
FIX_E_P0_POOL_C_ONE_E10,D09,HIGH_NONIMPROVING,LOW_NONIMPROVING,1,1,1672536.0
FIX_E_P0_POOL_C_ONE_E10,D09,LOW_IMPROVING,LOW_IMPROVING,22,22,26156479.0
FIX_E_P0_POOL_C_ONE_E10,D09,LOW_IMPROVING,LOW_NONIMPROVING,8,8,9144498.0
FIX_E_P0_POOL_C_ONE_E10,D09,LOW_NONIMPROVING,HIGH_IMPROVING,13,13,7463478.0
FIX_E_P0_POOL_C_ONE_E10,D09,LOW_NONIMPROVING,LOW_IMPROVING,18,18,14359400.0
FIX_E_P0_POOL_C_ONE_E10,D09,LOW_NONIMPROVING,LOW_NONIMPROVING,37,37,35695332.0
FIX_E_P0_POOL_C_ONE_EST,D02,HIGH_IMPROVING,HIGH_IMPROVING,12,12,12712599.0
FIX_E_P0_POOL_C_ONE_EST,D02,HIGH_IMPROVING,HIGH_NONIMPROVING,17,17,15970356.0
FIX_E_P0_POOL_C_ONE_EST,D02,HIGH_IMPROVING,LOW_NONIMPROVING,2,2,1397810.0
FIX_E_P0_POOL_C_ONE_EST,D02,HIGH_NONIMPROVING,HIGH_IMPROVING,6,6,1966936.0
FIX_E_P0_POOL_C_ONE_EST,D02,HIGH_NONIMPROVING,HIGH_NONIMPROVING,20,20,7097483.0
FIX_E_P0_POOL_C_ONE_EST,D02,HIGH_NONIMPROVING,LOW_NONIMPROVING,2,2,893077.0
FIX_E_P0_POOL_C_ONE_EST,D02,LOW_IMPROVING,HIGH_IMPROVING,7,7,6240879.0
FIX_E_P0_POOL_C_ONE_EST,D02,LOW_IMPROVING,HIGH_NONIMPROVING,6,6,4615362.0
FIX_E_P0_POOL_C_ONE_EST,D02,LOW_IMPROVING,LOW_IMPROVING,35,35,24049968.0
FIX_E_P0_POOL_C_ONE_EST,D02,LOW_IMPROVING,LOW_NONIMPROVING,18,18,12106794.0
FIX_E_P0_POOL_C_ONE_EST,D02,LOW_NONIMPROVING,LOW_IMPROVING,23,23,23614589.0
FIX_E_P0_POOL_C_ONE_EST,D02,LOW_NONIMPROVING,LOW_NONIMPROVING,35,35,27937830.0
FIX_E_P0_POOL_C_ONE_EST,D03,HIGH_IMPROVING,HIGH_IMPROVING,30,30,16667662.0
FIX_E_P0_POOL_C_ONE_EST,D03,HIGH_IMPROVING,HIGH_NONIMPROVING,12,12,6912055.0
FIX_E_P0_POOL_C_ONE_EST,D03,HIGH_IMPROVING,LOW_NONIMPROVING,8,8,2074527.0
FIX_E_P0_POOL_C_ONE_EST,D03,HIGH_NONIMPROVING,HIGH_IMPROVING,15,15,7779841.0
FIX_E_P0_POOL_C_ONE_EST,D03,HIGH_NONIMPROVING,HIGH_NONIMPROVING,66,66,38523930.0
FIX_E_P0_POOL_C_ONE_EST,D03,HIGH_NONIMPROVING,LOW_NONIMPROVING,10,10,4196505.0
FIX_E_P0_POOL_C_ONE_EST,D03,LOW_IMPROVING,HIGH_IMPROVING,12,12,6352516.0
FIX_E_P0_POOL_C_ONE_EST,D03,LOW_IMPROVING,LOW_IMPROVING,37,37,21047254.0
FIX_E_P0_POOL_C_ONE_EST,D03,LOW_IMPROVING,LOW_NONIMPROVING,1,1,1173215.0
FIX_E_P0_POOL_C_ONE_EST,D03,LOW_NONIMPROVING,HIGH_IMPROVING,5,5,3984748.0
FIX_E_P0_POOL_C_ONE_EST,D03,LOW_NONIMPROVING,LOW_IMPROVING,13,13,6100402.0
FIX_E_P0_POOL_C_ONE_EST,D03,LOW_NONIMPROVING,LOW_NONIMPROVING,66,66,41578727.0
FIX_E_P0_POOL_C_ONE_EST,D06,HIGH_IMPROVING,HIGH_IMPROVING,19,19,7816156.0
FIX_E_P0_POOL_C_ONE_EST,D06,HIGH_IMPROVING,HIGH_NONIMPROVING,8,8,3303476.0
FIX_E_P0_POOL_C_ONE_EST,D06,HIGH_IMPROVING,LOW_IMPROVING,3,3,1145199.0
FIX_E_P0_POOL_C_ONE_EST,D06,HIGH_IMPROVING,LOW_NONIMPROVING,3,3,3562694.0
FIX_E_P0_POOL_C_ONE_EST,D06,HIGH_NONIMPROVING,HIGH_IMPROVING,5,5,917888.0
FIX_E_P0_POOL_C_ONE_EST,D06,HIGH_NONIMPROVING,HIGH_NONIMPROVING,16,16,4016740.0
FIX_E_P0_POOL_C_ONE_EST,D06,HIGH_NONIMPROVING,LOW_NONIMPROVING,5,5,2058336.0
FIX_E_P0_POOL_C_ONE_EST,D06,LOW_IMPROVING,LOW_IMPROVING,70,70,28438807.0
FIX_E_P0_POOL_C_ONE_EST,D06,LOW_IMPROVING,LOW_NONIMPROVING,14,14,4286681.0
FIX_E_P0_POOL_C_ONE_EST,D06,LOW_NONIMPROVING,HIGH_IMPROVING,8,8,5143004.0
FIX_E_P0_POOL_C_ONE_EST,D06,LOW_NONIMPROVING,HIGH_NONIMPROVING,1,1,123420.0
FIX_E_P0_POOL_C_ONE_EST,D06,LOW_NONIMPROVING,LOW_IMPROVING,31,31,13832483.0
FIX_E_P0_POOL_C_ONE_EST,D06,LOW_NONIMPROVING,LOW_NONIMPROVING,51,51,21392878.0
FIX_E_P0_POOL_C_ONE_EST,D09,HIGH_IMPROVING,HIGH_IMPROVING,42,42,39275442.0
FIX_E_P0_POOL_C_ONE_EST,D09,HIGH_IMPROVING,HIGH_NONIMPROVING,28,28,26986160.0
FIX_E_P0_POOL_C_ONE_EST,D09,HIGH_NONIMPROVING,HIGH_IMPROVING,6,6,6517730.0
FIX_E_P0_POOL_C_ONE_EST,D09,HIGH_NONIMPROVING,HIGH_NONIMPROVING,9,9,9759780.0
FIX_E_P0_POOL_C_ONE_EST,D09,LOW_IMPROVING,LOW_IMPROVING,4,4,2726716.0
FIX_E_P0_POOL_C_ONE_EST,D09,LOW_IMPROVING,LOW_NONIMPROVING,5,5,3371540.0
FIX_E_P0_POOL_C_ONE_EST,D09,LOW_NONIMPROVING,HIGH_IMPROVING,4,4,2291377.0
FIX_E_P0_POOL_C_ONE_EST,D09,LOW_NONIMPROVING,LOW_IMPROVING,6,6,1959872.0
FIX_E_P0_POOL_C_ONE_EST,D09,LOW_NONIMPROVING,LOW_NONIMPROVING,15,15,7452309.0
FIX_E_P1_BALANCED_C_10_E10,D02,HIGH_IMPROVING,HIGH_IMPROVING,206,136,16627230.49
FIX_E_P1_BALANCED_C_10_E10,D02,HIGH_IMPROVING,HIGH_NONIMPROVING,163,99,12927286.61
FIX_E_P1_BALANCED_C_10_E10,D02,HIGH_IMPROVING,LOW_IMPROVING,10,10,709495.0
FIX_E_P1_BALANCED_C_10_E10,D02,HIGH_IMPROVING,LOW_NONIMPROVING,41,31,2974626.0599999996
FIX_E_P1_BALANCED_C_10_E10,D02,HIGH_NONIMPROVING,HIGH_IMPROVING,111,81,9136504.0
FIX_E_P1_BALANCED_C_10_E10,D02,HIGH_NONIMPROVING,HIGH_NONIMPROVING,232,151,17884247.0
FIX_E_P1_BALANCED_C_10_E10,D02,HIGH_NONIMPROVING,LOW_IMPROVING,1,1,50155.0
FIX_E_P1_BALANCED_C_10_E10,D02,HIGH_NONIMPROVING,LOW_NONIMPROVING,76,43,6005069.0
FIX_E_P1_BALANCED_C_10_E10,D02,LOW_IMPROVING,HIGH_IMPROVING,75,56,5493322.0
FIX_E_P1_BALANCED_C_10_E10,D02,LOW_IMPROVING,HIGH_NONIMPROVING,12,11,1003659.0
FIX_E_P1_BALANCED_C_10_E10,D02,LOW_IMPROVING,LOW_IMPROVING,350,190,26761646.1
FIX_E_P1_BALANCED_C_10_E10,D02,LOW_IMPROVING,LOW_NONIMPROVING,133,90,9551448.2
FIX_E_P1_BALANCED_C_10_E10,D02,LOW_NONIMPROVING,HIGH_IMPROVING,40,31,3006081.2800000003
FIX_E_P1_BALANCED_C_10_E10,D02,LOW_NONIMPROVING,HIGH_NONIMPROVING,11,10,857615.14
FIX_E_P1_BALANCED_C_10_E10,D02,LOW_NONIMPROVING,LOW_IMPROVING,167,116,13154551.32
FIX_E_P1_BALANCED_C_10_E10,D02,LOW_NONIMPROVING,LOW_NONIMPROVING,332,201,25400571.839999996
FIX_E_P1_BALANCED_C_10_E10,D03,HIGH_IMPROVING,HIGH_IMPROVING,215,128,17141364.0
FIX_E_P1_BALANCED_C_10_E10,D03,HIGH_IMPROVING,HIGH_NONIMPROVING,151,90,11864953.0
FIX_E_P1_BALANCED_C_10_E10,D03,HIGH_IMPROVING,LOW_IMPROVING,13,9,1034308.0
FIX_E_P1_BALANCED_C_10_E10,D03,HIGH_IMPROVING,LOW_NONIMPROVING,51,34,3599520.0
FIX_E_P1_BALANCED_C_10_E10,D03,HIGH_NONIMPROVING,HIGH_IMPROVING,124,67,10657893.15
FIX_E_P1_BALANCED_C_10_E10,D03,HIGH_NONIMPROVING,HIGH_NONIMPROVING,349,167,27146052.46
FIX_E_P1_BALANCED_C_10_E10,D03,HIGH_NONIMPROVING,LOW_NONIMPROVING,107,65,7722942.0
FIX_E_P1_BALANCED_C_10_E10,D03,LOW_IMPROVING,HIGH_IMPROVING,66,41,4918565.0
FIX_E_P1_BALANCED_C_10_E10,D03,LOW_IMPROVING,HIGH_NONIMPROVING,7,6,680748.0
FIX_E_P1_BALANCED_C_10_E10,D03,LOW_IMPROVING,LOW_IMPROVING,336,191,25999943.950000003
FIX_E_P1_BALANCED_C_10_E10,D03,LOW_IMPROVING,LOW_NONIMPROVING,141,80,10145854.25
FIX_E_P1_BALANCED_C_10_E10,D03,LOW_NONIMPROVING,HIGH_IMPROVING,32,21,2602248.0
FIX_E_P1_BALANCED_C_10_E10,D03,LOW_NONIMPROVING,HIGH_NONIMPROVING,22,20,1931484.0
FIX_E_P1_BALANCED_C_10_E10,D03,LOW_NONIMPROVING,LOW_IMPROVING,207,133,15454726.280000001
FIX_E_P1_BALANCED_C_10_E10,D03,LOW_NONIMPROVING,LOW_NONIMPROVING,444,227,32807892.97
FIX_E_P1_BALANCED_C_10_E10,D06,HIGH_IMPROVING,HIGH_IMPROVING,205,129,15724600.879999999
FIX_E_P1_BALANCED_C_10_E10,D06,HIGH_IMPROVING,HIGH_NONIMPROVING,133,92,10291306.99
FIX_E_P1_BALANCED_C_10_E10,D06,HIGH_IMPROVING,LOW_IMPROVING,11,8,813171.0
FIX_E_P1_BALANCED_C_10_E10,D06,HIGH_IMPROVING,LOW_NONIMPROVING,31,26,2309941.86
FIX_E_P1_BALANCED_C_10_E10,D06,HIGH_NONIMPROVING,HIGH_IMPROVING,114,63,9745245.07
FIX_E_P1_BALANCED_C_10_E10,D06,HIGH_NONIMPROVING,HIGH_NONIMPROVING,314,171,24949144.6
FIX_E_P1_BALANCED_C_10_E10,D06,HIGH_NONIMPROVING,LOW_NONIMPROVING,72,56,5225061.0
FIX_E_P1_BALANCED_C_10_E10,D06,LOW_IMPROVING,HIGH_IMPROVING,60,50,4669404.0
FIX_E_P1_BALANCED_C_10_E10,D06,LOW_IMPROVING,HIGH_NONIMPROVING,12,8,858358.0
FIX_E_P1_BALANCED_C_10_E10,D06,LOW_IMPROVING,LOW_IMPROVING,331,187,24924536.0
FIX_E_P1_BALANCED_C_10_E10,D06,LOW_IMPROVING,LOW_NONIMPROVING,156,93,11484625.49
FIX_E_P1_BALANCED_C_10_E10,D06,LOW_NONIMPROVING,HIGH_IMPROVING,48,33,4131945.5999999996
FIX_E_P1_BALANCED_C_10_E10,D06,LOW_NONIMPROVING,HIGH_NONIMPROVING,17,15,1352090.0
FIX_E_P1_BALANCED_C_10_E10,D06,LOW_NONIMPROVING,LOW_IMPROVING,245,140,19992104.47
FIX_E_P1_BALANCED_C_10_E10,D06,LOW_NONIMPROVING,LOW_NONIMPROVING,467,230,34984040.09
FIX_E_P1_BALANCED_C_10_E10,D09,HIGH_IMPROVING,HIGH_IMPROVING,194,123,15714376.47
FIX_E_P1_BALANCED_C_10_E10,D09,HIGH_IMPROVING,HIGH_NONIMPROVING,149,104,12138782.41
FIX_E_P1_BALANCED_C_10_E10,D09,HIGH_IMPROVING,LOW_IMPROVING,14,11,946937.0
FIX_E_P1_BALANCED_C_10_E10,D09,HIGH_IMPROVING,LOW_NONIMPROVING,43,34,3139010.09
FIX_E_P1_BALANCED_C_10_E10,D09,HIGH_NONIMPROVING,HIGH_IMPROVING,98,72,8751775.61
FIX_E_P1_BALANCED_C_10_E10,D09,HIGH_NONIMPROVING,HIGH_NONIMPROVING,278,165,22439031.72
FIX_E_P1_BALANCED_C_10_E10,D09,HIGH_NONIMPROVING,LOW_IMPROVING,1,1,75226.0
FIX_E_P1_BALANCED_C_10_E10,D09,HIGH_NONIMPROVING,LOW_NONIMPROVING,73,54,5446409.289999999
FIX_E_P1_BALANCED_C_10_E10,D09,LOW_IMPROVING,HIGH_IMPROVING,42,24,2578060.98
FIX_E_P1_BALANCED_C_10_E10,D09,LOW_IMPROVING,HIGH_NONIMPROVING,5,5,390741.0
FIX_E_P1_BALANCED_C_10_E10,D09,LOW_IMPROVING,LOW_IMPROVING,350,186,27150020.870000005
FIX_E_P1_BALANCED_C_10_E10,D09,LOW_IMPROVING,LOW_NONIMPROVING,153,93,11554921.68
FIX_E_P1_BALANCED_C_10_E10,D09,LOW_NONIMPROVING,HIGH_IMPROVING,69,44,5622328.0
FIX_E_P1_BALANCED_C_10_E10,D09,LOW_NONIMPROVING,HIGH_NONIMPROVING,3,3,231921.0
FIX_E_P1_BALANCED_C_10_E10,D09,LOW_NONIMPROVING,LOW_IMPROVING,149,104,11054680.14
FIX_E_P1_BALANCED_C_10_E10,D09,LOW_NONIMPROVING,LOW_NONIMPROVING,301,177,22335260.86
FIX_E_P1_BALANCED_C_10_EST,D02,HIGH_IMPROVING,HIGH_IMPROVING,189,120,15426028.89
FIX_E_P1_BALANCED_C_10_EST,D02,HIGH_IMPROVING,HIGH_NONIMPROVING,161,98,14154899.0
FIX_E_P1_BALANCED_C_10_EST,D02,HIGH_IMPROVING,LOW_IMPROVING,4,4,370906.0
FIX_E_P1_BALANCED_C_10_EST,D02,HIGH_IMPROVING,LOW_NONIMPROVING,34,25,2767045.0
FIX_E_P1_BALANCED_C_10_EST,D02,HIGH_NONIMPROVING,HIGH_IMPROVING,59,46,4407772.970000001
FIX_E_P1_BALANCED_C_10_EST,D02,HIGH_NONIMPROVING,HIGH_NONIMPROVING,223,135,15614266.96
FIX_E_P1_BALANCED_C_10_EST,D02,HIGH_NONIMPROVING,LOW_NONIMPROVING,21,14,1246167.2
FIX_E_P1_BALANCED_C_10_EST,D02,LOW_IMPROVING,HIGH_IMPROVING,70,50,4771439.149999999
FIX_E_P1_BALANCED_C_10_EST,D02,LOW_IMPROVING,HIGH_NONIMPROVING,23,22,1724085.9000000001
FIX_E_P1_BALANCED_C_10_EST,D02,LOW_IMPROVING,LOW_IMPROVING,321,187,24611230.65
FIX_E_P1_BALANCED_C_10_EST,D02,LOW_IMPROVING,LOW_NONIMPROVING,91,73,7124114.5
FIX_E_P1_BALANCED_C_10_EST,D02,LOW_NONIMPROVING,HIGH_IMPROVING,97,65,8553892.0
FIX_E_P1_BALANCED_C_10_EST,D02,LOW_NONIMPROVING,HIGH_NONIMPROVING,28,19,2557650.0
FIX_E_P1_BALANCED_C_10_EST,D02,LOW_NONIMPROVING,LOW_IMPROVING,189,120,14025686.07
FIX_E_P1_BALANCED_C_10_EST,D02,LOW_NONIMPROVING,LOW_NONIMPROVING,335,201,25233893.24
FIX_E_P1_BALANCED_C_10_EST,D03,HIGH_IMPROVING,HIGH_IMPROVING,200,116,16005028.0
FIX_E_P1_BALANCED_C_10_EST,D03,HIGH_IMPROVING,HIGH_NONIMPROVING,98,69,7851743.0
FIX_E_P1_BALANCED_C_10_EST,D03,HIGH_IMPROVING,LOW_IMPROVING,14,10,988099.0
FIX_E_P1_BALANCED_C_10_EST,D03,HIGH_IMPROVING,LOW_NONIMPROVING,22,21,1536575.0
FIX_E_P1_BALANCED_C_10_EST,D03,HIGH_NONIMPROVING,HIGH_IMPROVING,129,78,11071652.99
FIX_E_P1_BALANCED_C_10_EST,D03,HIGH_NONIMPROVING,HIGH_NONIMPROVING,340,185,26246186.37
FIX_E_P1_BALANCED_C_10_EST,D03,HIGH_NONIMPROVING,LOW_IMPROVING,11,11,591341.0
FIX_E_P1_BALANCED_C_10_EST,D03,HIGH_NONIMPROVING,LOW_NONIMPROVING,57,42,4067932.58
FIX_E_P1_BALANCED_C_10_EST,D03,LOW_IMPROVING,HIGH_IMPROVING,54,35,3695006.0
FIX_E_P1_BALANCED_C_10_EST,D03,LOW_IMPROVING,HIGH_NONIMPROVING,11,7,1076806.0
FIX_E_P1_BALANCED_C_10_EST,D03,LOW_IMPROVING,LOW_IMPROVING,353,195,28999492.4
FIX_E_P1_BALANCED_C_10_EST,D03,LOW_IMPROVING,LOW_NONIMPROVING,84,64,7046132.149999999
FIX_E_P1_BALANCED_C_10_EST,D03,LOW_NONIMPROVING,HIGH_IMPROVING,57,40,3938908.2
FIX_E_P1_BALANCED_C_10_EST,D03,LOW_NONIMPROVING,HIGH_NONIMPROVING,38,32,2841943.35
FIX_E_P1_BALANCED_C_10_EST,D03,LOW_NONIMPROVING,LOW_IMPROVING,164,94,11160181.0
FIX_E_P1_BALANCED_C_10_EST,D03,LOW_NONIMPROVING,LOW_NONIMPROVING,532,241,36992414.18
FIX_E_P1_BALANCED_C_10_EST,D06,HIGH_IMPROVING,HIGH_IMPROVING,194,136,15064790.629999999
FIX_E_P1_BALANCED_C_10_EST,D06,HIGH_IMPROVING,HIGH_NONIMPROVING,110,90,8300450.9399999995
FIX_E_P1_BALANCED_C_10_EST,D06,HIGH_IMPROVING,LOW_IMPROVING,32,16,1807496.0
FIX_E_P1_BALANCED_C_10_EST,D06,HIGH_IMPROVING,LOW_NONIMPROVING,56,49,4329989.23
FIX_E_P1_BALANCED_C_10_EST,D06,HIGH_NONIMPROVING,HIGH_IMPROVING,102,63,8516907.0
FIX_E_P1_BALANCED_C_10_EST,D06,HIGH_NONIMPROVING,HIGH_NONIMPROVING,319,182,24753498.2
FIX_E_P1_BALANCED_C_10_EST,D06,HIGH_NONIMPROVING,LOW_IMPROVING,2,2,214690.0
FIX_E_P1_BALANCED_C_10_EST,D06,HIGH_NONIMPROVING,LOW_NONIMPROVING,48,43,3958750.56
FIX_E_P1_BALANCED_C_10_EST,D06,LOW_IMPROVING,HIGH_IMPROVING,89,76,7810146.49
FIX_E_P1_BALANCED_C_10_EST,D06,LOW_IMPROVING,HIGH_NONIMPROVING,15,15,1624470.0
FIX_E_P1_BALANCED_C_10_EST,D06,LOW_IMPROVING,LOW_IMPROVING,298,183,23997654.7
FIX_E_P1_BALANCED_C_10_EST,D06,LOW_IMPROVING,LOW_NONIMPROVING,86,60,7106994.0
FIX_E_P1_BALANCED_C_10_EST,D06,LOW_NONIMPROVING,HIGH_IMPROVING,76,44,6088396.1
FIX_E_P1_BALANCED_C_10_EST,D06,LOW_NONIMPROVING,HIGH_NONIMPROVING,9,8,655482.0
FIX_E_P1_BALANCED_C_10_EST,D06,LOW_NONIMPROVING,LOW_IMPROVING,294,158,21225809.66
FIX_E_P1_BALANCED_C_10_EST,D06,LOW_NONIMPROVING,LOW_NONIMPROVING,538,251,36026640.2
FIX_E_P1_BALANCED_C_10_EST,D09,HIGH_IMPROVING,HIGH_IMPROVING,156,104,11982008.0
FIX_E_P1_BALANCED_C_10_EST,D09,HIGH_IMPROVING,HIGH_NONIMPROVING,99,77,8095197.0
FIX_E_P1_BALANCED_C_10_EST,D09,HIGH_IMPROVING,LOW_IMPROVING,8,8,509198.0
FIX_E_P1_BALANCED_C_10_EST,D09,HIGH_IMPROVING,LOW_NONIMPROVING,13,13,1472418.0
FIX_E_P1_BALANCED_C_10_EST,D09,HIGH_NONIMPROVING,HIGH_IMPROVING,101,62,9395033.68
FIX_E_P1_BALANCED_C_10_EST,D09,HIGH_NONIMPROVING,HIGH_NONIMPROVING,302,167,24619551.85
FIX_E_P1_BALANCED_C_10_EST,D09,HIGH_NONIMPROVING,LOW_IMPROVING,2,2,157004.0
FIX_E_P1_BALANCED_C_10_EST,D09,HIGH_NONIMPROVING,LOW_NONIMPROVING,53,40,4029187.56
FIX_E_P1_BALANCED_C_10_EST,D09,LOW_IMPROVING,HIGH_IMPROVING,80,52,5771914.0
FIX_E_P1_BALANCED_C_10_EST,D09,LOW_IMPROVING,HIGH_NONIMPROVING,10,8,514624.0
FIX_E_P1_BALANCED_C_10_EST,D09,LOW_IMPROVING,LOW_IMPROVING,306,166,22555712.11
FIX_E_P1_BALANCED_C_10_EST,D09,LOW_IMPROVING,LOW_NONIMPROVING,85,56,6186791.55
FIX_E_P1_BALANCED_C_10_EST,D09,LOW_NONIMPROVING,HIGH_IMPROVING,64,39,6303722.0
FIX_E_P1_BALANCED_C_10_EST,D09,LOW_NONIMPROVING,HIGH_NONIMPROVING,15,14,1239608.0
FIX_E_P1_BALANCED_C_10_EST,D09,LOW_NONIMPROVING,LOW_IMPROVING,170,116,13999783.879999999
FIX_E_P1_BALANCED_C_10_EST,D09,LOW_NONIMPROVING,LOW_NONIMPROVING,347,207,26173538.3
FIX_E_P1_BALANCED_C_MAX_E10_CA,D02,HIGH_IMPROVING,HIGH_IMPROVING,186,118,10626504.32
FIX_E_P1_BALANCED_C_MAX_E10_CA,D02,HIGH_IMPROVING,HIGH_NONIMPROVING,132,89,9089731.82
FIX_E_P1_BALANCED_C_MAX_E10_CA,D02,HIGH_IMPROVING,LOW_NONIMPROVING,32,27,1903858.4
FIX_E_P1_BALANCED_C_MAX_E10_CA,D02,HIGH_NONIMPROVING,HIGH_IMPROVING,132,86,8593761.0
FIX_E_P1_BALANCED_C_MAX_E10_CA,D02,HIGH_NONIMPROVING,HIGH_NONIMPROVING,302,161,16986549.52
FIX_E_P1_BALANCED_C_MAX_E10_CA,D02,HIGH_NONIMPROVING,LOW_IMPROVING,1,1,37258.0
FIX_E_P1_BALANCED_C_MAX_E10_CA,D02,HIGH_NONIMPROVING,LOW_NONIMPROVING,65,42,4414506.6
FIX_E_P1_BALANCED_C_MAX_E10_CA,D02,LOW_IMPROVING,HIGH_IMPROVING,61,49,3768046.0
FIX_E_P1_BALANCED_C_MAX_E10_CA,D02,LOW_IMPROVING,HIGH_NONIMPROVING,18,17,1223098.0
FIX_E_P1_BALANCED_C_MAX_E10_CA,D02,LOW_IMPROVING,LOW_IMPROVING,324,190,19822069.65
FIX_E_P1_BALANCED_C_MAX_E10_CA,D02,LOW_IMPROVING,LOW_NONIMPROVING,108,67,4994582.8
FIX_E_P1_BALANCED_C_MAX_E10_CA,D02,LOW_NONIMPROVING,HIGH_IMPROVING,45,29,2866360.2
FIX_E_P1_BALANCED_C_MAX_E10_CA,D02,LOW_NONIMPROVING,HIGH_NONIMPROVING,15,13,987266.6
FIX_E_P1_BALANCED_C_MAX_E10_CA,D02,LOW_NONIMPROVING,LOW_IMPROVING,199,140,12455397.280000001
FIX_E_P1_BALANCED_C_MAX_E10_CA,D02,LOW_NONIMPROVING,LOW_NONIMPROVING,375,210,24308274.22
FIX_E_P1_BALANCED_C_MAX_E10_CA,D03,HIGH_IMPROVING,HIGH_IMPROVING,238,143,17058424.03
FIX_E_P1_BALANCED_C_MAX_E10_CA,D03,HIGH_IMPROVING,HIGH_NONIMPROVING,161,97,10714908.99
FIX_E_P1_BALANCED_C_MAX_E10_CA,D03,HIGH_IMPROVING,LOW_IMPROVING,13,9,807173.0
FIX_E_P1_BALANCED_C_MAX_E10_CA,D03,HIGH_IMPROVING,LOW_NONIMPROVING,58,41,3452070.0
FIX_E_P1_BALANCED_C_MAX_E10_CA,D03,HIGH_NONIMPROVING,HIGH_IMPROVING,92,62,6898098.3
FIX_E_P1_BALANCED_C_MAX_E10_CA,D03,HIGH_NONIMPROVING,HIGH_NONIMPROVING,288,154,19190613.7
FIX_E_P1_BALANCED_C_MAX_E10_CA,D03,HIGH_NONIMPROVING,LOW_NONIMPROVING,100,58,6093914.0
FIX_E_P1_BALANCED_C_MAX_E10_CA,D03,LOW_IMPROVING,HIGH_IMPROVING,47,27,2518619.0
FIX_E_P1_BALANCED_C_MAX_E10_CA,D03,LOW_IMPROVING,HIGH_NONIMPROVING,4,3,226707.0
FIX_E_P1_BALANCED_C_MAX_E10_CA,D03,LOW_IMPROVING,LOW_IMPROVING,398,206,25586696.19
FIX_E_P1_BALANCED_C_MAX_E10_CA,D03,LOW_IMPROVING,LOW_NONIMPROVING,161,110,10910705.72
FIX_E_P1_BALANCED_C_MAX_E10_CA,D03,LOW_NONIMPROVING,HIGH_IMPROVING,44,37,3271290.0
FIX_E_P1_BALANCED_C_MAX_E10_CA,D03,LOW_NONIMPROVING,HIGH_NONIMPROVING,33,14,2518190.0
FIX_E_P1_BALANCED_C_MAX_E10_CA,D03,LOW_NONIMPROVING,LOW_IMPROVING,153,103,8849158.85
FIX_E_P1_BALANCED_C_MAX_E10_CA,D03,LOW_NONIMPROVING,LOW_NONIMPROVING,453,232,26885702.58
FIX_E_P1_BALANCED_C_MAX_E10_CA,D06,HIGH_IMPROVING,HIGH_IMPROVING,228,130,15691339.99
FIX_E_P1_BALANCED_C_MAX_E10_CA,D06,HIGH_IMPROVING,HIGH_NONIMPROVING,188,111,11857784.57
FIX_E_P1_BALANCED_C_MAX_E10_CA,D06,HIGH_IMPROVING,LOW_IMPROVING,7,4,600240.0
FIX_E_P1_BALANCED_C_MAX_E10_CA,D06,HIGH_IMPROVING,LOW_NONIMPROVING,47,37,3707424.39
FIX_E_P1_BALANCED_C_MAX_E10_CA,D06,HIGH_NONIMPROVING,HIGH_IMPROVING,126,61,9176696.0
FIX_E_P1_BALANCED_C_MAX_E10_CA,D06,HIGH_NONIMPROVING,HIGH_NONIMPROVING,270,150,16705879.0
FIX_E_P1_BALANCED_C_MAX_E10_CA,D06,HIGH_NONIMPROVING,LOW_NONIMPROVING,74,66,4032411.0
FIX_E_P1_BALANCED_C_MAX_E10_CA,D06,LOW_IMPROVING,HIGH_IMPROVING,29,22,2083365.0599999998
FIX_E_P1_BALANCED_C_MAX_E10_CA,D06,LOW_IMPROVING,HIGH_NONIMPROVING,10,5,614661.75
FIX_E_P1_BALANCED_C_MAX_E10_CA,D06,LOW_IMPROVING,LOW_IMPROVING,375,189,24189765.57
FIX_E_P1_BALANCED_C_MAX_E10_CA,D06,LOW_IMPROVING,LOW_NONIMPROVING,178,105,11956414.73
FIX_E_P1_BALANCED_C_MAX_E10_CA,D06,LOW_NONIMPROVING,HIGH_IMPROVING,61,36,5889243.73
FIX_E_P1_BALANCED_C_MAX_E10_CA,D06,LOW_NONIMPROVING,HIGH_NONIMPROVING,16,14,1120265.0
FIX_E_P1_BALANCED_C_MAX_E10_CA,D06,LOW_NONIMPROVING,LOW_IMPROVING,223,119,13482363.49
FIX_E_P1_BALANCED_C_MAX_E10_CA,D06,LOW_NONIMPROVING,LOW_NONIMPROVING,437,221,26474575.39
FIX_E_P1_BALANCED_C_MAX_E10_CA,D09,HIGH_IMPROVING,HIGH_IMPROVING,173,112,12437286.27
FIX_E_P1_BALANCED_C_MAX_E10_CA,D09,HIGH_IMPROVING,HIGH_NONIMPROVING,152,118,12109997.09
FIX_E_P1_BALANCED_C_MAX_E10_CA,D09,HIGH_IMPROVING,LOW_IMPROVING,8,4,979194.0
FIX_E_P1_BALANCED_C_MAX_E10_CA,D09,HIGH_IMPROVING,LOW_NONIMPROVING,27,23,1682700.69
FIX_E_P1_BALANCED_C_MAX_E10_CA,D09,HIGH_NONIMPROVING,HIGH_IMPROVING,118,74,9583439.0
FIX_E_P1_BALANCED_C_MAX_E10_CA,D09,HIGH_NONIMPROVING,HIGH_NONIMPROVING,270,157,17823329.0
FIX_E_P1_BALANCED_C_MAX_E10_CA,D09,HIGH_NONIMPROVING,LOW_IMPROVING,2,2,120545.0
FIX_E_P1_BALANCED_C_MAX_E10_CA,D09,HIGH_NONIMPROVING,LOW_NONIMPROVING,90,53,5507202.0
FIX_E_P1_BALANCED_C_MAX_E10_CA,D09,LOW_IMPROVING,HIGH_IMPROVING,61,43,2606646.57
FIX_E_P1_BALANCED_C_MAX_E10_CA,D09,LOW_IMPROVING,HIGH_NONIMPROVING,9,9,450572.0
FIX_E_P1_BALANCED_C_MAX_E10_CA,D09,LOW_IMPROVING,LOW_IMPROVING,335,195,20996410.97
FIX_E_P1_BALANCED_C_MAX_E10_CA,D09,LOW_IMPROVING,LOW_NONIMPROVING,136,87,9325388.45
FIX_E_P1_BALANCED_C_MAX_E10_CA,D09,LOW_NONIMPROVING,HIGH_IMPROVING,54,41,3067525.0
FIX_E_P1_BALANCED_C_MAX_E10_CA,D09,LOW_NONIMPROVING,HIGH_NONIMPROVING,3,3,267973.0
FIX_E_P1_BALANCED_C_MAX_E10_CA,D09,LOW_NONIMPROVING,LOW_IMPROVING,142,104,8989262.43
FIX_E_P1_BALANCED_C_MAX_E10_CA,D09,LOW_NONIMPROVING,LOW_NONIMPROVING,287,175,16178162.7
FIX_E_P1_BALANCED_C_MAX_EST,D02,HIGH_IMPROVING,HIGH_IMPROVING,192,133,14156319.89
FIX_E_P1_BALANCED_C_MAX_EST,D02,HIGH_IMPROVING,HIGH_NONIMPROVING,141,100,11369541.0
FIX_E_P1_BALANCED_C_MAX_EST,D02,HIGH_IMPROVING,LOW_IMPROVING,5,4,566652.0
FIX_E_P1_BALANCED_C_MAX_EST,D02,HIGH_IMPROVING,LOW_NONIMPROVING,39,24,3314370.0
FIX_E_P1_BALANCED_C_MAX_EST,D02,HIGH_NONIMPROVING,HIGH_IMPROVING,72,61,5042041.14
FIX_E_P1_BALANCED_C_MAX_EST,D02,HIGH_NONIMPROVING,HIGH_NONIMPROVING,225,147,15492536.04
FIX_E_P1_BALANCED_C_MAX_EST,D02,HIGH_NONIMPROVING,LOW_IMPROVING,1,1,35520.0
FIX_E_P1_BALANCED_C_MAX_EST,D02,HIGH_NONIMPROVING,LOW_NONIMPROVING,24,16,1213852.0
FIX_E_P1_BALANCED_C_MAX_EST,D02,LOW_IMPROVING,HIGH_IMPROVING,69,43,5072527.0
FIX_E_P1_BALANCED_C_MAX_EST,D02,LOW_IMPROVING,HIGH_NONIMPROVING,21,19,2170084.0
FIX_E_P1_BALANCED_C_MAX_EST,D02,LOW_IMPROVING,LOW_IMPROVING,349,200,23663739.549999997
FIX_E_P1_BALANCED_C_MAX_EST,D02,LOW_IMPROVING,LOW_NONIMPROVING,79,64,4924267.0
FIX_E_P1_BALANCED_C_MAX_EST,D02,LOW_NONIMPROVING,HIGH_IMPROVING,44,38,3374345.0
FIX_E_P1_BALANCED_C_MAX_EST,D02,LOW_NONIMPROVING,HIGH_NONIMPROVING,11,8,711412.0
FIX_E_P1_BALANCED_C_MAX_EST,D02,LOW_NONIMPROVING,LOW_IMPROVING,167,119,10552924.3
FIX_E_P1_BALANCED_C_MAX_EST,D02,LOW_NONIMPROVING,LOW_NONIMPROVING,329,218,21602863.53
FIX_E_P1_BALANCED_C_MAX_EST,D03,HIGH_IMPROVING,HIGH_IMPROVING,214,123,14836027.0
FIX_E_P1_BALANCED_C_MAX_EST,D03,HIGH_IMPROVING,HIGH_NONIMPROVING,105,89,6901981.0
FIX_E_P1_BALANCED_C_MAX_EST,D03,HIGH_IMPROVING,LOW_IMPROVING,5,3,608588.0
FIX_E_P1_BALANCED_C_MAX_EST,D03,HIGH_IMPROVING,LOW_NONIMPROVING,18,16,1319152.0
FIX_E_P1_BALANCED_C_MAX_EST,D03,HIGH_NONIMPROVING,HIGH_IMPROVING,114,72,8640156.010000002
FIX_E_P1_BALANCED_C_MAX_EST,D03,HIGH_NONIMPROVING,HIGH_NONIMPROVING,353,177,22292562.97
FIX_E_P1_BALANCED_C_MAX_EST,D03,HIGH_NONIMPROVING,LOW_IMPROVING,10,10,450615.0
FIX_E_P1_BALANCED_C_MAX_EST,D03,HIGH_NONIMPROVING,LOW_NONIMPROVING,54,38,3139410.54
FIX_E_P1_BALANCED_C_MAX_EST,D03,LOW_IMPROVING,HIGH_IMPROVING,47,42,2567091.0
FIX_E_P1_BALANCED_C_MAX_EST,D03,LOW_IMPROVING,HIGH_NONIMPROVING,8,7,529107.0
FIX_E_P1_BALANCED_C_MAX_EST,D03,LOW_IMPROVING,LOW_IMPROVING,368,195,24261757.700000003
FIX_E_P1_BALANCED_C_MAX_EST,D03,LOW_IMPROVING,LOW_NONIMPROVING,89,62,7076408.68
FIX_E_P1_BALANCED_C_MAX_EST,D03,LOW_NONIMPROVING,HIGH_IMPROVING,76,56,4648642.68
FIX_E_P1_BALANCED_C_MAX_EST,D03,LOW_NONIMPROVING,HIGH_NONIMPROVING,38,32,2492102.0
FIX_E_P1_BALANCED_C_MAX_EST,D03,LOW_NONIMPROVING,LOW_IMPROVING,186,119,11113471.64
FIX_E_P1_BALANCED_C_MAX_EST,D03,LOW_NONIMPROVING,LOW_NONIMPROVING,555,250,34265774.129999995
FIX_E_P1_BALANCED_C_MAX_EST,D06,HIGH_IMPROVING,HIGH_IMPROVING,173,123,13137680.2
FIX_E_P1_BALANCED_C_MAX_EST,D06,HIGH_IMPROVING,HIGH_NONIMPROVING,93,65,6181484.62
FIX_E_P1_BALANCED_C_MAX_EST,D06,HIGH_IMPROVING,LOW_IMPROVING,12,12,694119.0
FIX_E_P1_BALANCED_C_MAX_EST,D06,HIGH_IMPROVING,LOW_NONIMPROVING,37,33,2999771.13
FIX_E_P1_BALANCED_C_MAX_EST,D06,HIGH_NONIMPROVING,HIGH_IMPROVING,111,70,9223969.0
FIX_E_P1_BALANCED_C_MAX_EST,D06,HIGH_NONIMPROVING,HIGH_NONIMPROVING,352,184,24234478.44
FIX_E_P1_BALANCED_C_MAX_EST,D06,HIGH_NONIMPROVING,LOW_IMPROVING,2,2,220824.0
FIX_E_P1_BALANCED_C_MAX_EST,D06,HIGH_NONIMPROVING,LOW_NONIMPROVING,68,45,4198112.279999999
FIX_E_P1_BALANCED_C_MAX_EST,D06,LOW_IMPROVING,HIGH_IMPROVING,83,54,4617543.51
FIX_E_P1_BALANCED_C_MAX_EST,D06,LOW_IMPROVING,HIGH_NONIMPROVING,13,8,934324.0
FIX_E_P1_BALANCED_C_MAX_EST,D06,LOW_IMPROVING,LOW_IMPROVING,294,184,19262031.86
FIX_E_P1_BALANCED_C_MAX_EST,D06,LOW_IMPROVING,LOW_NONIMPROVING,76,52,5730422.0
FIX_E_P1_BALANCED_C_MAX_EST,D06,LOW_NONIMPROVING,HIGH_IMPROVING,87,50,7844625.6
FIX_E_P1_BALANCED_C_MAX_EST,D06,LOW_NONIMPROVING,HIGH_NONIMPROVING,7,7,616782.0
FIX_E_P1_BALANCED_C_MAX_EST,D06,LOW_NONIMPROVING,LOW_IMPROVING,267,168,19293319.009999998
FIX_E_P1_BALANCED_C_MAX_EST,D06,LOW_NONIMPROVING,LOW_NONIMPROVING,545,251,34965803.21
FIX_E_P1_BALANCED_C_MAX_EST,D09,HIGH_IMPROVING,HIGH_IMPROVING,167,113,10996130.2
FIX_E_P1_BALANCED_C_MAX_EST,D09,HIGH_IMPROVING,HIGH_NONIMPROVING,95,78,6036555.0
FIX_E_P1_BALANCED_C_MAX_EST,D09,HIGH_IMPROVING,LOW_IMPROVING,7,6,500448.0
FIX_E_P1_BALANCED_C_MAX_EST,D09,HIGH_IMPROVING,LOW_NONIMPROVING,9,6,405735.2
FIX_E_P1_BALANCED_C_MAX_EST,D09,HIGH_NONIMPROVING,HIGH_IMPROVING,104,68,8584630.2
FIX_E_P1_BALANCED_C_MAX_EST,D09,HIGH_NONIMPROVING,HIGH_NONIMPROVING,297,157,21861690.3
FIX_E_P1_BALANCED_C_MAX_EST,D09,HIGH_NONIMPROVING,LOW_IMPROVING,2,2,149330.0
FIX_E_P1_BALANCED_C_MAX_EST,D09,HIGH_NONIMPROVING,LOW_NONIMPROVING,37,31,2565455.99
FIX_E_P1_BALANCED_C_MAX_EST,D09,LOW_IMPROVING,HIGH_IMPROVING,72,46,4510610.68
FIX_E_P1_BALANCED_C_MAX_EST,D09,LOW_IMPROVING,HIGH_NONIMPROVING,16,15,664809.0
FIX_E_P1_BALANCED_C_MAX_EST,D09,LOW_IMPROVING,LOW_IMPROVING,326,191,21065494.47
FIX_E_P1_BALANCED_C_MAX_EST,D09,LOW_IMPROVING,LOW_NONIMPROVING,83,62,5109053.55
FIX_E_P1_BALANCED_C_MAX_EST,D09,LOW_NONIMPROVING,HIGH_IMPROVING,48,31,5278870.0
FIX_E_P1_BALANCED_C_MAX_EST,D09,LOW_NONIMPROVING,HIGH_NONIMPROVING,16,14,880262.0
FIX_E_P1_BALANCED_C_MAX_EST,D09,LOW_NONIMPROVING,LOW_IMPROVING,138,102,9930850.0
FIX_E_P1_BALANCED_C_MAX_EST,D09,LOW_NONIMPROVING,LOW_NONIMPROVING,337,210,22358562.98
FIX_E_P1_BALANCED_C_ONE_E10,D02,HIGH_IMPROVING,HIGH_IMPROVING,79,79,85664986.0
FIX_E_P1_BALANCED_C_ONE_E10,D02,HIGH_IMPROVING,HIGH_NONIMPROVING,44,44,45625616.0
FIX_E_P1_BALANCED_C_ONE_E10,D02,HIGH_IMPROVING,LOW_IMPROVING,2,2,1612664.0
FIX_E_P1_BALANCED_C_ONE_E10,D02,HIGH_IMPROVING,LOW_NONIMPROVING,15,15,14774721.0
FIX_E_P1_BALANCED_C_ONE_E10,D02,HIGH_NONIMPROVING,HIGH_IMPROVING,43,43,51049687.8
FIX_E_P1_BALANCED_C_ONE_E10,D02,HIGH_NONIMPROVING,HIGH_NONIMPROVING,98,98,103630963.32
FIX_E_P1_BALANCED_C_ONE_E10,D02,HIGH_NONIMPROVING,LOW_NONIMPROVING,19,19,23055150.0
FIX_E_P1_BALANCED_C_ONE_E10,D02,LOW_IMPROVING,HIGH_IMPROVING,11,11,6808353.129999999
FIX_E_P1_BALANCED_C_ONE_E10,D02,LOW_IMPROVING,HIGH_NONIMPROVING,5,5,6219935.0
FIX_E_P1_BALANCED_C_ONE_E10,D02,LOW_IMPROVING,LOW_IMPROVING,105,105,81238721.82
FIX_E_P1_BALANCED_C_ONE_E10,D02,LOW_IMPROVING,LOW_NONIMPROVING,49,49,41460194.4
FIX_E_P1_BALANCED_C_ONE_E10,D02,LOW_NONIMPROVING,HIGH_IMPROVING,9,9,9718209.6
FIX_E_P1_BALANCED_C_ONE_E10,D02,LOW_NONIMPROVING,HIGH_NONIMPROVING,1,1,697933.8
FIX_E_P1_BALANCED_C_ONE_E10,D02,LOW_NONIMPROVING,LOW_IMPROVING,79,79,72023539.28999999
FIX_E_P1_BALANCED_C_ONE_E10,D02,LOW_NONIMPROVING,LOW_NONIMPROVING,131,131,123751353.11999999
FIX_E_P1_BALANCED_C_ONE_E10,D03,HIGH_IMPROVING,HIGH_IMPROVING,12,12,5866396.62
FIX_E_P1_BALANCED_C_ONE_E10,D03,HIGH_IMPROVING,HIGH_NONIMPROVING,5,5,3075834.0
FIX_E_P1_BALANCED_C_ONE_E10,D03,HIGH_IMPROVING,LOW_IMPROVING,3,3,1298848.82
FIX_E_P1_BALANCED_C_ONE_E10,D03,HIGH_NONIMPROVING,HIGH_IMPROVING,7,7,2024996.0
FIX_E_P1_BALANCED_C_ONE_E10,D03,HIGH_NONIMPROVING,HIGH_NONIMPROVING,27,27,12493035.0
FIX_E_P1_BALANCED_C_ONE_E10,D03,HIGH_NONIMPROVING,LOW_NONIMPROVING,16,16,4017765.0
FIX_E_P1_BALANCED_C_ONE_E10,D03,LOW_IMPROVING,LOW_IMPROVING,12,12,25404978.0
FIX_E_P1_BALANCED_C_ONE_E10,D03,LOW_IMPROVING,LOW_NONIMPROVING,8,8,2022558.0
FIX_E_P1_BALANCED_C_ONE_E10,D03,LOW_NONIMPROVING,LOW_IMPROVING,11,11,24384496.0
FIX_E_P1_BALANCED_C_ONE_E10,D03,LOW_NONIMPROVING,LOW_NONIMPROVING,29,29,35319335.0
FIX_E_P1_BALANCED_C_ONE_EST,D02,HIGH_IMPROVING,HIGH_IMPROVING,70,70,83907119.84
FIX_E_P1_BALANCED_C_ONE_EST,D02,HIGH_IMPROVING,HIGH_NONIMPROVING,57,57,93615895.84
FIX_E_P1_BALANCED_C_ONE_EST,D02,HIGH_IMPROVING,LOW_IMPROVING,1,1,465972.0
FIX_E_P1_BALANCED_C_ONE_EST,D02,HIGH_IMPROVING,LOW_NONIMPROVING,7,7,6775873.0
FIX_E_P1_BALANCED_C_ONE_EST,D02,HIGH_NONIMPROVING,HIGH_IMPROVING,33,33,49233870.8
FIX_E_P1_BALANCED_C_ONE_EST,D02,HIGH_NONIMPROVING,HIGH_NONIMPROVING,100,100,106713979.7
FIX_E_P1_BALANCED_C_ONE_EST,D02,HIGH_NONIMPROVING,LOW_IMPROVING,3,3,8987706.0
FIX_E_P1_BALANCED_C_ONE_EST,D02,HIGH_NONIMPROVING,LOW_NONIMPROVING,13,13,30946387.0
FIX_E_P1_BALANCED_C_ONE_EST,D02,LOW_IMPROVING,HIGH_IMPROVING,29,29,32929086.0
FIX_E_P1_BALANCED_C_ONE_EST,D02,LOW_IMPROVING,HIGH_NONIMPROVING,8,8,14057522.0
FIX_E_P1_BALANCED_C_ONE_EST,D02,LOW_IMPROVING,LOW_IMPROVING,144,144,129229131.38
FIX_E_P1_BALANCED_C_ONE_EST,D02,LOW_IMPROVING,LOW_NONIMPROVING,34,34,18827810.0
FIX_E_P1_BALANCED_C_ONE_EST,D02,LOW_NONIMPROVING,HIGH_IMPROVING,8,8,6221398.0
FIX_E_P1_BALANCED_C_ONE_EST,D02,LOW_NONIMPROVING,HIGH_NONIMPROVING,2,2,1316266.0
FIX_E_P1_BALANCED_C_ONE_EST,D02,LOW_NONIMPROVING,LOW_IMPROVING,40,40,57065782.05
FIX_E_P1_BALANCED_C_ONE_EST,D02,LOW_NONIMPROVING,LOW_NONIMPROVING,102,102,88578165.84
FIX_E_P1_BALANCED_C_ONE_EST,D03,HIGH_IMPROVING,HIGH_IMPROVING,10,10,3860698.0
FIX_E_P1_BALANCED_C_ONE_EST,D03,HIGH_IMPROVING,HIGH_NONIMPROVING,7,7,3882083.0
FIX_E_P1_BALANCED_C_ONE_EST,D03,HIGH_IMPROVING,LOW_NONIMPROVING,1,1,538650.0
FIX_E_P1_BALANCED_C_ONE_EST,D03,HIGH_NONIMPROVING,HIGH_IMPROVING,3,3,2240433.0
FIX_E_P1_BALANCED_C_ONE_EST,D03,HIGH_NONIMPROVING,HIGH_NONIMPROVING,7,7,3500222.0
FIX_E_P1_BALANCED_C_ONE_EST,D03,HIGH_NONIMPROVING,LOW_NONIMPROVING,8,8,1392880.0
FIX_E_P1_BALANCED_C_ONE_EST,D03,LOW_IMPROVING,LOW_IMPROVING,10,10,14021424.45
FIX_E_P1_BALANCED_C_ONE_EST,D03,LOW_IMPROVING,LOW_NONIMPROVING,10,10,12520754.49
FIX_E_P1_BALANCED_C_ONE_EST,D03,LOW_NONIMPROVING,HIGH_IMPROVING,11,11,6911326.0
FIX_E_P1_BALANCED_C_ONE_EST,D03,LOW_NONIMPROVING,HIGH_NONIMPROVING,1,1,495495.0
FIX_E_P1_BALANCED_C_ONE_EST,D03,LOW_NONIMPROVING,LOW_IMPROVING,16,16,9942416.45
FIX_E_P1_BALANCED_C_ONE_EST,D03,LOW_NONIMPROVING,LOW_NONIMPROVING,69,69,69497583.42
FIX_E_P1_BALANCED_C_ONE_EST,D06,LOW_NONIMPROVING,HIGH_IMPROVING,4,4,4123104.0
FIX_E_P1_BALANCED_C_ONE_EST,D06,LOW_NONIMPROVING,LOW_IMPROVING,2,2,2011962.0
FIX_E_P1_BALANCED_C_ONE_EST,D06,LOW_NONIMPROVING,LOW_NONIMPROVING,2,2,1972812.0
FIX_E_P2_PHASE_C_10_E10,D02,HIGH_IMPROVING,HIGH_IMPROVING,491,137,40646366.480000004
FIX_E_P2_PHASE_C_10_E10,D02,HIGH_IMPROVING,HIGH_NONIMPROVING,336,88,28516787.37
FIX_E_P2_PHASE_C_10_E10,D02,HIGH_IMPROVING,LOW_IMPROVING,40,18,2792799.69
FIX_E_P2_PHASE_C_10_E10,D02,HIGH_IMPROVING,LOW_NONIMPROVING,93,42,6675089.039999999
FIX_E_P2_PHASE_C_10_E10,D02,HIGH_NONIMPROVING,HIGH_IMPROVING,256,79,20445323.689999998
FIX_E_P2_PHASE_C_10_E10,D02,HIGH_NONIMPROVING,HIGH_NONIMPROVING,604,154,47910690.58
FIX_E_P2_PHASE_C_10_E10,D02,HIGH_NONIMPROVING,LOW_IMPROVING,2,1,100569.0
FIX_E_P2_PHASE_C_10_E10,D02,HIGH_NONIMPROVING,LOW_NONIMPROVING,218,63,17320220.84
FIX_E_P2_PHASE_C_10_E10,D02,LOW_IMPROVING,HIGH_IMPROVING,117,43,9528827.52
FIX_E_P2_PHASE_C_10_E10,D02,LOW_IMPROVING,HIGH_NONIMPROVING,18,12,1780870.0
FIX_E_P2_PHASE_C_10_E10,D02,LOW_IMPROVING,LOW_IMPROVING,211,56,15653089.79
FIX_E_P2_PHASE_C_10_E10,D02,LOW_IMPROVING,LOW_NONIMPROVING,134,39,10915240.26
FIX_E_P2_PHASE_C_10_E10,D02,LOW_NONIMPROVING,HIGH_IMPROVING,84,28,7031058.0
FIX_E_P2_PHASE_C_10_E10,D02,LOW_NONIMPROVING,HIGH_NONIMPROVING,7,6,502364.0
FIX_E_P2_PHASE_C_10_E10,D02,LOW_NONIMPROVING,LOW_IMPROVING,68,28,4961965.5
FIX_E_P2_PHASE_C_10_E10,D02,LOW_NONIMPROVING,LOW_NONIMPROVING,205,93,14171446.840000002
FIX_E_P2_PHASE_C_10_E10,D03,HIGH_IMPROVING,HIGH_IMPROVING,76,42,6043571.5
FIX_E_P2_PHASE_C_10_E10,D03,HIGH_IMPROVING,HIGH_NONIMPROVING,52,35,3773186.0
FIX_E_P2_PHASE_C_10_E10,D03,HIGH_IMPROVING,LOW_IMPROVING,9,3,875086.5
FIX_E_P2_PHASE_C_10_E10,D03,HIGH_IMPROVING,LOW_NONIMPROVING,13,13,1100216.0
FIX_E_P2_PHASE_C_10_E10,D03,HIGH_NONIMPROVING,HIGH_IMPROVING,53,34,3840853.0
FIX_E_P2_PHASE_C_10_E10,D03,HIGH_NONIMPROVING,HIGH_NONIMPROVING,165,97,11997212.52
FIX_E_P2_PHASE_C_10_E10,D03,HIGH_NONIMPROVING,LOW_NONIMPROVING,94,61,6676317.899999999
FIX_E_P2_PHASE_C_10_E10,D03,LOW_IMPROVING,HIGH_IMPROVING,66,20,3562551.56
FIX_E_P2_PHASE_C_10_E10,D03,LOW_IMPROVING,HIGH_NONIMPROVING,21,5,1351203.0
FIX_E_P2_PHASE_C_10_E10,D03,LOW_IMPROVING,LOW_IMPROVING,530,126,36913132.54
FIX_E_P2_PHASE_C_10_E10,D03,LOW_IMPROVING,LOW_NONIMPROVING,320,83,21768262.85
FIX_E_P2_PHASE_C_10_E10,D03,LOW_NONIMPROVING,HIGH_IMPROVING,38,16,1935062.4000000001
FIX_E_P2_PHASE_C_10_E10,D03,LOW_NONIMPROVING,HIGH_NONIMPROVING,21,10,1889683.0
FIX_E_P2_PHASE_C_10_E10,D03,LOW_NONIMPROVING,LOW_IMPROVING,364,119,23313532.310000002
FIX_E_P2_PHASE_C_10_E10,D03,LOW_NONIMPROVING,LOW_NONIMPROVING,659,213,42910810.18
FIX_E_P2_PHASE_C_10_E10,D06,HIGH_IMPROVING,HIGH_IMPROVING,211,52,13592611.629999999
FIX_E_P2_PHASE_C_10_E10,D06,HIGH_IMPROVING,HIGH_NONIMPROVING,206,58,12433543.85
FIX_E_P2_PHASE_C_10_E10,D06,HIGH_IMPROVING,LOW_IMPROVING,3,1,240460.0
FIX_E_P2_PHASE_C_10_E10,D06,HIGH_IMPROVING,LOW_NONIMPROVING,30,11,2068548.37
FIX_E_P2_PHASE_C_10_E10,D06,HIGH_NONIMPROVING,HIGH_IMPROVING,136,29,11253278.0
FIX_E_P2_PHASE_C_10_E10,D06,HIGH_NONIMPROVING,HIGH_NONIMPROVING,355,91,24414060.310000002
FIX_E_P2_PHASE_C_10_E10,D06,HIGH_NONIMPROVING,LOW_NONIMPROVING,49,22,3196008.56
FIX_E_P2_PHASE_C_10_E10,D06,LOW_IMPROVING,HIGH_IMPROVING,42,21,3445452.0
FIX_E_P2_PHASE_C_10_E10,D06,LOW_IMPROVING,HIGH_NONIMPROVING,20,8,1176966.0
FIX_E_P2_PHASE_C_10_E10,D06,LOW_IMPROVING,LOW_IMPROVING,597,142,46371522.019999996
FIX_E_P2_PHASE_C_10_E10,D06,LOW_IMPROVING,LOW_NONIMPROVING,162,47,12712880.08
FIX_E_P2_PHASE_C_10_E10,D06,LOW_NONIMPROVING,HIGH_IMPROVING,67,35,5802700.0
FIX_E_P2_PHASE_C_10_E10,D06,LOW_NONIMPROVING,HIGH_NONIMPROVING,22,15,1526189.0
FIX_E_P2_PHASE_C_10_E10,D06,LOW_NONIMPROVING,LOW_IMPROVING,363,110,27928965.97
FIX_E_P2_PHASE_C_10_E10,D06,LOW_NONIMPROVING,LOW_NONIMPROVING,596,186,43159996.5
FIX_E_P2_PHASE_C_10_E10,D09,HIGH_NONIMPROVING,HIGH_IMPROVING,1,1,91256.0
FIX_E_P2_PHASE_C_10_E10,D09,HIGH_NONIMPROVING,HIGH_NONIMPROVING,10,10,945811.0
FIX_E_P2_PHASE_C_10_E10,D09,HIGH_NONIMPROVING,LOW_NONIMPROVING,9,9,795887.0
FIX_E_P2_PHASE_C_10_E10,D09,LOW_NONIMPROVING,HIGH_IMPROVING,21,7,2433185.0
FIX_E_P2_PHASE_C_10_E10,D09,LOW_NONIMPROVING,LOW_IMPROVING,8,4,835511.0
FIX_E_P2_PHASE_C_10_E10,D09,LOW_NONIMPROVING,LOW_NONIMPROVING,11,9,1020685.0
FIX_E_P2_PHASE_C_10_EST,D02,HIGH_IMPROVING,HIGH_IMPROVING,350,124,28077995.0
FIX_E_P2_PHASE_C_10_EST,D02,HIGH_IMPROVING,HIGH_NONIMPROVING,245,96,20105122.810000002
FIX_E_P2_PHASE_C_10_EST,D02,HIGH_IMPROVING,LOW_IMPROVING,22,12,1632801.0
FIX_E_P2_PHASE_C_10_EST,D02,HIGH_IMPROVING,LOW_NONIMPROVING,64,24,4284572.369999999
FIX_E_P2_PHASE_C_10_EST,D02,HIGH_NONIMPROVING,HIGH_IMPROVING,220,82,19179964.8
FIX_E_P2_PHASE_C_10_EST,D02,HIGH_NONIMPROVING,HIGH_NONIMPROVING,513,149,39506337.76
FIX_E_P2_PHASE_C_10_EST,D02,HIGH_NONIMPROVING,LOW_IMPROVING,14,12,1428117.0
FIX_E_P2_PHASE_C_10_EST,D02,HIGH_NONIMPROVING,LOW_NONIMPROVING,127,67,10606636.14
FIX_E_P2_PHASE_C_10_EST,D02,LOW_IMPROVING,HIGH_IMPROVING,137,38,9206408.0
FIX_E_P2_PHASE_C_10_EST,D02,LOW_IMPROVING,HIGH_NONIMPROVING,27,9,2574841.0
FIX_E_P2_PHASE_C_10_EST,D02,LOW_IMPROVING,LOW_IMPROVING,173,60,11909889.62
FIX_E_P2_PHASE_C_10_EST,D02,LOW_IMPROVING,LOW_NONIMPROVING,94,34,6509751.0
FIX_E_P2_PHASE_C_10_EST,D02,LOW_NONIMPROVING,HIGH_IMPROVING,115,54,10455997.0
FIX_E_P2_PHASE_C_10_EST,D02,LOW_NONIMPROVING,HIGH_NONIMPROVING,16,11,1465384.35
FIX_E_P2_PHASE_C_10_EST,D02,LOW_NONIMPROVING,LOW_IMPROVING,82,42,6009088.2
FIX_E_P2_PHASE_C_10_EST,D02,LOW_NONIMPROVING,LOW_NONIMPROVING,227,105,15321807.45
FIX_E_P2_PHASE_C_10_EST,D03,HIGH_IMPROVING,HIGH_IMPROVING,113,51,7792964.2
FIX_E_P2_PHASE_C_10_EST,D03,HIGH_IMPROVING,HIGH_NONIMPROVING,66,48,4692039.0
FIX_E_P2_PHASE_C_10_EST,D03,HIGH_IMPROVING,LOW_IMPROVING,6,3,591818.9199999999
FIX_E_P2_PHASE_C_10_EST,D03,HIGH_IMPROVING,LOW_NONIMPROVING,9,9,365112.0
FIX_E_P2_PHASE_C_10_EST,D03,HIGH_NONIMPROVING,HIGH_IMPROVING,95,46,6844499.75
FIX_E_P2_PHASE_C_10_EST,D03,HIGH_NONIMPROVING,HIGH_NONIMPROVING,232,116,16031137.780000001
FIX_E_P2_PHASE_C_10_EST,D03,HIGH_NONIMPROVING,LOW_IMPROVING,12,10,535263.0
FIX_E_P2_PHASE_C_10_EST,D03,HIGH_NONIMPROVING,LOW_NONIMPROVING,55,33,3848369.96
FIX_E_P2_PHASE_C_10_EST,D03,LOW_IMPROVING,HIGH_IMPROVING,92,34,3655374.0
FIX_E_P2_PHASE_C_10_EST,D03,LOW_IMPROVING,HIGH_NONIMPROVING,22,17,1075002.2
FIX_E_P2_PHASE_C_10_EST,D03,LOW_IMPROVING,LOW_IMPROVING,578,152,36973402.71
FIX_E_P2_PHASE_C_10_EST,D03,LOW_IMPROVING,LOW_NONIMPROVING,188,77,12437842.98
FIX_E_P2_PHASE_C_10_EST,D03,LOW_NONIMPROVING,HIGH_IMPROVING,79,44,4394589.0
FIX_E_P2_PHASE_C_10_EST,D03,LOW_NONIMPROVING,HIGH_NONIMPROVING,40,15,3344313.0
FIX_E_P2_PHASE_C_10_EST,D03,LOW_NONIMPROVING,LOW_IMPROVING,280,97,17028422.77
FIX_E_P2_PHASE_C_10_EST,D03,LOW_NONIMPROVING,LOW_NONIMPROVING,828,236,50840924.19
FIX_E_P2_PHASE_C_10_EST,D06,HIGH_IMPROVING,HIGH_IMPROVING,227,62,14852372.52
FIX_E_P2_PHASE_C_10_EST,D06,HIGH_IMPROVING,HIGH_NONIMPROVING,175,57,10352328.24
FIX_E_P2_PHASE_C_10_EST,D06,HIGH_IMPROVING,LOW_IMPROVING,2,1,150254.0
FIX_E_P2_PHASE_C_10_EST,D06,HIGH_IMPROVING,LOW_NONIMPROVING,28,15,1827654.97
FIX_E_P2_PHASE_C_10_EST,D06,HIGH_NONIMPROVING,HIGH_IMPROVING,138,31,10561353.579999998
FIX_E_P2_PHASE_C_10_EST,D06,HIGH_NONIMPROVING,HIGH_NONIMPROVING,374,89,22177076.869999997
FIX_E_P2_PHASE_C_10_EST,D06,HIGH_NONIMPROVING,LOW_IMPROVING,1,1,69690.17
FIX_E_P2_PHASE_C_10_EST,D06,HIGH_NONIMPROVING,LOW_NONIMPROVING,32,18,1838341.03
FIX_E_P2_PHASE_C_10_EST,D06,LOW_IMPROVING,HIGH_IMPROVING,35,17,2559275.0
FIX_E_P2_PHASE_C_10_EST,D06,LOW_IMPROVING,HIGH_NONIMPROVING,9,7,663439.0
FIX_E_P2_PHASE_C_10_EST,D06,LOW_IMPROVING,LOW_IMPROVING,554,151,38988492.81999999
FIX_E_P2_PHASE_C_10_EST,D06,LOW_IMPROVING,LOW_NONIMPROVING,101,53,6955521.0
FIX_E_P2_PHASE_C_10_EST,D06,LOW_NONIMPROVING,HIGH_IMPROVING,60,35,4273756.5
FIX_E_P2_PHASE_C_10_EST,D06,LOW_NONIMPROVING,HIGH_NONIMPROVING,17,11,1059070.0
FIX_E_P2_PHASE_C_10_EST,D06,LOW_NONIMPROVING,LOW_IMPROVING,400,156,27753160.02
FIX_E_P2_PHASE_C_10_EST,D06,LOW_NONIMPROVING,LOW_NONIMPROVING,624,192,40819873.01
FIX_E_P2_PHASE_C_10_EST,D09,HIGH_NONIMPROVING,HIGH_IMPROVING,11,9,1192605.0
FIX_E_P2_PHASE_C_10_EST,D09,HIGH_NONIMPROVING,HIGH_NONIMPROVING,29,22,2944318.0
FIX_E_P2_PHASE_C_10_EST,D09,HIGH_NONIMPROVING,LOW_NONIMPROVING,5,5,424998.0
FIX_E_P2_PHASE_C_10_EST,D09,LOW_NONIMPROVING,HIGH_IMPROVING,23,8,2641585.0
FIX_E_P2_PHASE_C_10_EST,D09,LOW_NONIMPROVING,LOW_IMPROVING,11,7,788039.0
FIX_E_P2_PHASE_C_10_EST,D09,LOW_NONIMPROVING,LOW_NONIMPROVING,13,11,895818.0
FIX_E_P2_PHASE_C_MAX_E10,D02,HIGH_IMPROVING,HIGH_IMPROVING,493,138,40516773.08
FIX_E_P2_PHASE_C_MAX_E10,D02,HIGH_IMPROVING,HIGH_NONIMPROVING,337,88,29087251.67
FIX_E_P2_PHASE_C_MAX_E10,D02,HIGH_IMPROVING,LOW_IMPROVING,40,18,3108660.24
FIX_E_P2_PHASE_C_MAX_E10,D02,HIGH_IMPROVING,LOW_NONIMPROVING,100,42,7103081.34
FIX_E_P2_PHASE_C_MAX_E10,D02,HIGH_NONIMPROVING,HIGH_IMPROVING,255,79,20200258.4
FIX_E_P2_PHASE_C_MAX_E10,D02,HIGH_NONIMPROVING,HIGH_NONIMPROVING,600,154,47303923.84
FIX_E_P2_PHASE_C_MAX_E10,D02,HIGH_NONIMPROVING,LOW_IMPROVING,2,1,103435.0
FIX_E_P2_PHASE_C_MAX_E10,D02,HIGH_NONIMPROVING,LOW_NONIMPROVING,213,63,17248562.84
FIX_E_P2_PHASE_C_MAX_E10,D02,LOW_IMPROVING,HIGH_IMPROVING,117,43,8992761.23
FIX_E_P2_PHASE_C_MAX_E10,D02,LOW_IMPROVING,HIGH_NONIMPROVING,18,12,1499294.0
FIX_E_P2_PHASE_C_MAX_E10,D02,LOW_IMPROVING,LOW_IMPROVING,211,56,15347673.05
FIX_E_P2_PHASE_C_MAX_E10,D02,LOW_IMPROVING,LOW_NONIMPROVING,134,39,9985243.17
FIX_E_P2_PHASE_C_MAX_E10,D02,LOW_NONIMPROVING,HIGH_IMPROVING,84,28,7001839.0
FIX_E_P2_PHASE_C_MAX_E10,D02,LOW_NONIMPROVING,HIGH_NONIMPROVING,7,6,513842.0
FIX_E_P2_PHASE_C_MAX_E10,D02,LOW_NONIMPROVING,LOW_IMPROVING,69,28,5042498.14
FIX_E_P2_PHASE_C_MAX_E10,D02,LOW_NONIMPROVING,LOW_NONIMPROVING,204,93,14505324.98
FIX_E_P2_PHASE_C_MAX_E10,D03,HIGH_IMPROVING,HIGH_IMPROVING,76,42,6026698.67
FIX_E_P2_PHASE_C_MAX_E10,D03,HIGH_IMPROVING,HIGH_NONIMPROVING,52,35,3365249.0
FIX_E_P2_PHASE_C_MAX_E10,D03,HIGH_IMPROVING,LOW_IMPROVING,9,3,883846.8700000001
FIX_E_P2_PHASE_C_MAX_E10,D03,HIGH_IMPROVING,LOW_NONIMPROVING,13,13,895588.0
FIX_E_P2_PHASE_C_MAX_E10,D03,HIGH_NONIMPROVING,HIGH_IMPROVING,53,34,4068365.0
FIX_E_P2_PHASE_C_MAX_E10,D03,HIGH_NONIMPROVING,HIGH_NONIMPROVING,165,97,11756031.92
FIX_E_P2_PHASE_C_MAX_E10,D03,HIGH_NONIMPROVING,LOW_NONIMPROVING,94,61,6582975.15
FIX_E_P2_PHASE_C_MAX_E10,D03,LOW_IMPROVING,HIGH_IMPROVING,66,20,3581664.3600000003
FIX_E_P2_PHASE_C_MAX_E10,D03,LOW_IMPROVING,HIGH_NONIMPROVING,21,5,1554918.0
FIX_E_P2_PHASE_C_MAX_E10,D03,LOW_IMPROVING,LOW_IMPROVING,530,126,37602951.769999996
FIX_E_P2_PHASE_C_MAX_E10,D03,LOW_IMPROVING,LOW_NONIMPROVING,320,83,21792205.06
FIX_E_P2_PHASE_C_MAX_E10,D03,LOW_NONIMPROVING,HIGH_IMPROVING,38,16,1986364.6
FIX_E_P2_PHASE_C_MAX_E10,D03,LOW_NONIMPROVING,HIGH_NONIMPROVING,21,10,1693456.0
FIX_E_P2_PHASE_C_MAX_E10,D03,LOW_NONIMPROVING,LOW_IMPROVING,364,119,22737355.47
FIX_E_P2_PHASE_C_MAX_E10,D03,LOW_NONIMPROVING,LOW_NONIMPROVING,659,213,43991287.11
FIX_E_P2_PHASE_C_MAX_E10,D06,HIGH_IMPROVING,HIGH_IMPROVING,211,52,13221467.05
FIX_E_P2_PHASE_C_MAX_E10,D06,HIGH_IMPROVING,HIGH_NONIMPROVING,206,58,12571010.75
FIX_E_P2_PHASE_C_MAX_E10,D06,HIGH_IMPROVING,LOW_IMPROVING,3,1,221649.0
FIX_E_P2_PHASE_C_MAX_E10,D06,HIGH_IMPROVING,LOW_NONIMPROVING,30,11,2026135.95
FIX_E_P2_PHASE_C_MAX_E10,D06,HIGH_NONIMPROVING,HIGH_IMPROVING,136,29,11480636.0
FIX_E_P2_PHASE_C_MAX_E10,D06,HIGH_NONIMPROVING,HIGH_NONIMPROVING,355,91,24941851.84
FIX_E_P2_PHASE_C_MAX_E10,D06,HIGH_NONIMPROVING,LOW_NONIMPROVING,49,22,3093015.24
FIX_E_P2_PHASE_C_MAX_E10,D06,LOW_IMPROVING,HIGH_IMPROVING,42,21,3194530.0
FIX_E_P2_PHASE_C_MAX_E10,D06,LOW_IMPROVING,HIGH_NONIMPROVING,20,8,1162370.0
FIX_E_P2_PHASE_C_MAX_E10,D06,LOW_IMPROVING,LOW_IMPROVING,597,142,45680540.19
FIX_E_P2_PHASE_C_MAX_E10,D06,LOW_IMPROVING,LOW_NONIMPROVING,162,47,12217501.870000001
FIX_E_P2_PHASE_C_MAX_E10,D06,LOW_NONIMPROVING,HIGH_IMPROVING,67,35,7361406.0
FIX_E_P2_PHASE_C_MAX_E10,D06,LOW_NONIMPROVING,HIGH_NONIMPROVING,22,15,1200622.0
FIX_E_P2_PHASE_C_MAX_E10,D06,LOW_NONIMPROVING,LOW_IMPROVING,363,110,28326179.07
FIX_E_P2_PHASE_C_MAX_E10,D06,LOW_NONIMPROVING,LOW_NONIMPROVING,596,186,43239742.32
FIX_E_P2_PHASE_C_MAX_E10,D09,HIGH_NONIMPROVING,HIGH_IMPROVING,1,1,62219.99999999999
FIX_E_P2_PHASE_C_MAX_E10,D09,HIGH_NONIMPROVING,HIGH_NONIMPROVING,10,10,657195.0
FIX_E_P2_PHASE_C_MAX_E10,D09,HIGH_NONIMPROVING,LOW_NONIMPROVING,9,9,647815.0
FIX_E_P2_PHASE_C_MAX_E10,D09,LOW_NONIMPROVING,HIGH_IMPROVING,21,7,479690.0
FIX_E_P2_PHASE_C_MAX_E10,D09,LOW_NONIMPROVING,LOW_IMPROVING,8,4,286518.0
FIX_E_P2_PHASE_C_MAX_E10,D09,LOW_NONIMPROVING,LOW_NONIMPROVING,11,9,661176.0
FIX_E_P2_PHASE_C_MAX_EST,D02,HIGH_IMPROVING,HIGH_IMPROVING,355,127,28102425.67
FIX_E_P2_PHASE_C_MAX_EST,D02,HIGH_IMPROVING,HIGH_NONIMPROVING,242,96,20149923.990000002
FIX_E_P2_PHASE_C_MAX_EST,D02,HIGH_IMPROVING,LOW_IMPROVING,22,12,1709292.0
FIX_E_P2_PHASE_C_MAX_EST,D02,HIGH_IMPROVING,LOW_NONIMPROVING,64,24,4248095.01
FIX_E_P2_PHASE_C_MAX_EST,D02,HIGH_NONIMPROVING,HIGH_IMPROVING,220,82,18260674.18
FIX_E_P2_PHASE_C_MAX_EST,D02,HIGH_NONIMPROVING,HIGH_NONIMPROVING,513,149,38024546.82
FIX_E_P2_PHASE_C_MAX_EST,D02,HIGH_NONIMPROVING,LOW_IMPROVING,14,12,1400148.0
FIX_E_P2_PHASE_C_MAX_EST,D02,HIGH_NONIMPROVING,LOW_NONIMPROVING,127,67,10421937.02
FIX_E_P2_PHASE_C_MAX_EST,D02,LOW_IMPROVING,HIGH_IMPROVING,137,38,8885191.0
FIX_E_P2_PHASE_C_MAX_EST,D02,LOW_IMPROVING,HIGH_NONIMPROVING,27,9,2438280.0
FIX_E_P2_PHASE_C_MAX_EST,D02,LOW_IMPROVING,LOW_IMPROVING,173,60,11249965.58
FIX_E_P2_PHASE_C_MAX_EST,D02,LOW_IMPROVING,LOW_NONIMPROVING,94,34,6207350.0
FIX_E_P2_PHASE_C_MAX_EST,D02,LOW_NONIMPROVING,HIGH_IMPROVING,115,54,9683173.0
FIX_E_P2_PHASE_C_MAX_EST,D02,LOW_NONIMPROVING,HIGH_NONIMPROVING,16,11,1328425.9100000001
FIX_E_P2_PHASE_C_MAX_EST,D02,LOW_NONIMPROVING,LOW_IMPROVING,82,42,5459430.7
FIX_E_P2_PHASE_C_MAX_EST,D02,LOW_NONIMPROVING,LOW_NONIMPROVING,227,105,14607401.810000002
FIX_E_P2_PHASE_C_MAX_EST,D03,HIGH_IMPROVING,HIGH_IMPROVING,116,53,7770031.699999999
FIX_E_P2_PHASE_C_MAX_EST,D03,HIGH_IMPROVING,HIGH_NONIMPROVING,66,48,4599420.0
FIX_E_P2_PHASE_C_MAX_EST,D03,HIGH_IMPROVING,LOW_IMPROVING,6,3,575807.9199999999
FIX_E_P2_PHASE_C_MAX_EST,D03,HIGH_IMPROVING,LOW_NONIMPROVING,9,9,350871.0
FIX_E_P2_PHASE_C_MAX_EST,D03,HIGH_NONIMPROVING,HIGH_IMPROVING,95,46,6440018.859999999
FIX_E_P2_PHASE_C_MAX_EST,D03,HIGH_NONIMPROVING,HIGH_NONIMPROVING,234,116,15390373.16
FIX_E_P2_PHASE_C_MAX_EST,D03,HIGH_NONIMPROVING,LOW_IMPROVING,12,10,527070.0
FIX_E_P2_PHASE_C_MAX_EST,D03,HIGH_NONIMPROVING,LOW_NONIMPROVING,55,33,3995425.76
FIX_E_P2_PHASE_C_MAX_EST,D03,LOW_IMPROVING,HIGH_IMPROVING,94,34,3367011.9
FIX_E_P2_PHASE_C_MAX_EST,D03,LOW_IMPROVING,HIGH_NONIMPROVING,27,17,1268404.71
FIX_E_P2_PHASE_C_MAX_EST,D03,LOW_IMPROVING,LOW_IMPROVING,580,152,35760116.97
FIX_E_P2_PHASE_C_MAX_EST,D03,LOW_IMPROVING,LOW_NONIMPROVING,189,77,12091530.030000001
FIX_E_P2_PHASE_C_MAX_EST,D03,LOW_NONIMPROVING,HIGH_IMPROVING,79,44,4098094.5
FIX_E_P2_PHASE_C_MAX_EST,D03,LOW_NONIMPROVING,HIGH_NONIMPROVING,40,15,3125205.0
FIX_E_P2_PHASE_C_MAX_EST,D03,LOW_NONIMPROVING,LOW_IMPROVING,292,104,15814988.87
FIX_E_P2_PHASE_C_MAX_EST,D03,LOW_NONIMPROVING,LOW_NONIMPROVING,829,236,49551350.370000005
FIX_E_P2_PHASE_C_MAX_EST,D06,HIGH_IMPROVING,HIGH_IMPROVING,227,62,13887556.48
FIX_E_P2_PHASE_C_MAX_EST,D06,HIGH_IMPROVING,HIGH_NONIMPROVING,175,57,9677336.52
FIX_E_P2_PHASE_C_MAX_EST,D06,HIGH_IMPROVING,LOW_IMPROVING,2,1,140166.0
FIX_E_P2_PHASE_C_MAX_EST,D06,HIGH_IMPROVING,LOW_NONIMPROVING,28,15,1790564.45
FIX_E_P2_PHASE_C_MAX_EST,D06,HIGH_NONIMPROVING,HIGH_IMPROVING,138,31,11102810.879999999
FIX_E_P2_PHASE_C_MAX_EST,D06,HIGH_NONIMPROVING,HIGH_NONIMPROVING,376,89,22517635.509999998
FIX_E_P2_PHASE_C_MAX_EST,D06,HIGH_NONIMPROVING,LOW_IMPROVING,1,1,64538.9
FIX_E_P2_PHASE_C_MAX_EST,D06,HIGH_NONIMPROVING,LOW_NONIMPROVING,32,18,1798555.1
FIX_E_P2_PHASE_C_MAX_EST,D06,LOW_IMPROVING,HIGH_IMPROVING,45,27,2337193.0
FIX_E_P2_PHASE_C_MAX_EST,D06,LOW_IMPROVING,HIGH_NONIMPROVING,9,7,558005.0
FIX_E_P2_PHASE_C_MAX_EST,D06,LOW_IMPROVING,LOW_IMPROVING,550,147,36963273.269999996
FIX_E_P2_PHASE_C_MAX_EST,D06,LOW_IMPROVING,LOW_NONIMPROVING,101,53,6541056.5
FIX_E_P2_PHASE_C_MAX_EST,D06,LOW_NONIMPROVING,HIGH_IMPROVING,52,33,5363447.0
FIX_E_P2_PHASE_C_MAX_EST,D06,LOW_NONIMPROVING,HIGH_NONIMPROVING,12,11,696536.0
FIX_E_P2_PHASE_C_MAX_EST,D06,LOW_NONIMPROVING,LOW_IMPROVING,392,156,28121361.39
FIX_E_P2_PHASE_C_MAX_EST,D06,LOW_NONIMPROVING,LOW_NONIMPROVING,618,192,40496213.04
FIX_E_P2_PHASE_C_MAX_EST,D09,HIGH_NONIMPROVING,HIGH_IMPROVING,11,9,1116693.0
FIX_E_P2_PHASE_C_MAX_EST,D09,HIGH_NONIMPROVING,HIGH_NONIMPROVING,29,22,2746920.0
FIX_E_P2_PHASE_C_MAX_EST,D09,HIGH_NONIMPROVING,LOW_NONIMPROVING,5,5,404760.0
FIX_E_P2_PHASE_C_MAX_EST,D09,LOW_NONIMPROVING,LOW_IMPROVING,5,5,164850.0
FIX_E_P2_PHASE_C_MAX_EST,D09,LOW_NONIMPROVING,LOW_NONIMPROVING,10,10,504060.0
FIX_E_P2_PHASE_C_ONE_E10,D02,HIGH_IMPROVING,HIGH_IMPROVING,51,51,33114093.0
FIX_E_P2_PHASE_C_ONE_E10,D02,HIGH_IMPROVING,HIGH_NONIMPROVING,25,25,18005414.0
FIX_E_P2_PHASE_C_ONE_E10,D02,HIGH_IMPROVING,LOW_IMPROVING,2,2,1219604.0
FIX_E_P2_PHASE_C_ONE_E10,D02,HIGH_IMPROVING,LOW_NONIMPROVING,2,2,1307781.0
FIX_E_P2_PHASE_C_ONE_E10,D02,HIGH_NONIMPROVING,HIGH_IMPROVING,33,33,21413031.0
FIX_E_P2_PHASE_C_ONE_E10,D02,HIGH_NONIMPROVING,HIGH_NONIMPROVING,76,76,52026426.32
FIX_E_P2_PHASE_C_ONE_E10,D02,HIGH_NONIMPROVING,LOW_NONIMPROVING,31,31,20835590.0
FIX_E_P2_PHASE_C_ONE_E10,D02,LOW_IMPROVING,HIGH_IMPROVING,2,2,1253336.01
FIX_E_P2_PHASE_C_ONE_E10,D02,LOW_IMPROVING,LOW_IMPROVING,23,23,8240806.38
FIX_E_P2_PHASE_C_ONE_E10,D02,LOW_IMPROVING,LOW_NONIMPROVING,15,15,9365868.0
FIX_E_P2_PHASE_C_ONE_E10,D02,LOW_NONIMPROVING,HIGH_IMPROVING,6,6,3026444.0
FIX_E_P2_PHASE_C_ONE_E10,D02,LOW_NONIMPROVING,LOW_IMPROVING,13,13,7692915.0
FIX_E_P2_PHASE_C_ONE_E10,D02,LOW_NONIMPROVING,LOW_NONIMPROVING,31,31,18231165.0
FIX_E_P2_PHASE_C_ONE_E10,D03,HIGH_IMPROVING,HIGH_IMPROVING,17,17,7803342.62
FIX_E_P2_PHASE_C_ONE_E10,D03,HIGH_IMPROVING,HIGH_NONIMPROVING,4,4,2052721.0
FIX_E_P2_PHASE_C_ONE_E10,D03,HIGH_IMPROVING,LOW_IMPROVING,3,3,1298848.82
FIX_E_P2_PHASE_C_ONE_E10,D03,HIGH_IMPROVING,LOW_NONIMPROVING,6,6,1556520.0
FIX_E_P2_PHASE_C_ONE_E10,D03,HIGH_NONIMPROVING,HIGH_NONIMPROVING,15,15,6640066.0
FIX_E_P2_PHASE_C_ONE_E10,D03,HIGH_NONIMPROVING,LOW_NONIMPROVING,25,25,9542205.0
FIX_E_P2_PHASE_C_ONE_E10,D03,LOW_IMPROVING,HIGH_IMPROVING,9,9,2242509.0
FIX_E_P2_PHASE_C_ONE_E10,D03,LOW_IMPROVING,LOW_IMPROVING,67,67,23471125.0
FIX_E_P2_PHASE_C_ONE_E10,D03,LOW_IMPROVING,LOW_NONIMPROVING,34,34,15486590.0
FIX_E_P2_PHASE_C_ONE_E10,D03,LOW_NONIMPROVING,HIGH_IMPROVING,1,1,119738.0
FIX_E_P2_PHASE_C_ONE_E10,D03,LOW_NONIMPROVING,HIGH_NONIMPROVING,1,1,117546.0
FIX_E_P2_PHASE_C_ONE_E10,D03,LOW_NONIMPROVING,LOW_IMPROVING,26,26,16153199.6
FIX_E_P2_PHASE_C_ONE_E10,D03,LOW_NONIMPROVING,LOW_NONIMPROVING,62,62,34430835.99999999
FIX_E_P2_PHASE_C_ONE_E10,D06,HIGH_IMPROVING,HIGH_IMPROVING,19,19,6247803.0
FIX_E_P2_PHASE_C_ONE_E10,D06,HIGH_IMPROVING,HIGH_NONIMPROVING,11,11,3470298.0
FIX_E_P2_PHASE_C_ONE_E10,D06,HIGH_NONIMPROVING,HIGH_IMPROVING,19,19,6017539.0
FIX_E_P2_PHASE_C_ONE_E10,D06,HIGH_NONIMPROVING,HIGH_NONIMPROVING,48,48,12141340.33
FIX_E_P2_PHASE_C_ONE_E10,D06,HIGH_NONIMPROVING,LOW_NONIMPROVING,3,3,1272611.0
FIX_E_P2_PHASE_C_ONE_E10,D06,LOW_IMPROVING,LOW_IMPROVING,41,41,25223402.88
FIX_E_P2_PHASE_C_ONE_E10,D06,LOW_IMPROVING,LOW_NONIMPROVING,10,10,7833584.18
FIX_E_P2_PHASE_C_ONE_E10,D06,LOW_NONIMPROVING,LOW_IMPROVING,39,39,18686877.200000003
FIX_E_P2_PHASE_C_ONE_E10,D06,LOW_NONIMPROVING,LOW_NONIMPROVING,41,41,16879843.200000003
FIX_E_P2_PHASE_C_ONE_EST,D02,HIGH_IMPROVING,HIGH_IMPROVING,56,56,30575093.84
FIX_E_P2_PHASE_C_ONE_EST,D02,HIGH_IMPROVING,HIGH_NONIMPROVING,25,25,13482309.84
FIX_E_P2_PHASE_C_ONE_EST,D02,HIGH_IMPROVING,LOW_IMPROVING,4,4,1856880.0
FIX_E_P2_PHASE_C_ONE_EST,D02,HIGH_IMPROVING,LOW_NONIMPROVING,12,12,5182398.0
FIX_E_P2_PHASE_C_ONE_EST,D02,HIGH_NONIMPROVING,HIGH_IMPROVING,24,24,12286075.0
FIX_E_P2_PHASE_C_ONE_EST,D02,HIGH_NONIMPROVING,HIGH_NONIMPROVING,80,80,42809677.0
FIX_E_P2_PHASE_C_ONE_EST,D02,HIGH_NONIMPROVING,LOW_NONIMPROVING,6,6,2515696.0
FIX_E_P2_PHASE_C_ONE_EST,D02,LOW_IMPROVING,HIGH_IMPROVING,14,14,6608024.0
FIX_E_P2_PHASE_C_ONE_EST,D02,LOW_IMPROVING,HIGH_NONIMPROVING,1,1,416906.0
FIX_E_P2_PHASE_C_ONE_EST,D02,LOW_IMPROVING,LOW_IMPROVING,35,35,13622622.0
FIX_E_P2_PHASE_C_ONE_EST,D02,LOW_IMPROVING,LOW_NONIMPROVING,17,17,3340514.0
FIX_E_P2_PHASE_C_ONE_EST,D02,LOW_NONIMPROVING,HIGH_IMPROVING,10,10,5204706.0
FIX_E_P2_PHASE_C_ONE_EST,D02,LOW_NONIMPROVING,LOW_NONIMPROVING,20,20,9506501.0
FIX_E_P2_PHASE_C_ONE_EST,D03,HIGH_IMPROVING,HIGH_IMPROVING,5,5,1630284.0
FIX_E_P2_PHASE_C_ONE_EST,D03,HIGH_IMPROVING,HIGH_NONIMPROVING,2,2,638909.0
FIX_E_P2_PHASE_C_ONE_EST,D03,HIGH_NONIMPROVING,HIGH_IMPROVING,3,3,1383147.0
FIX_E_P2_PHASE_C_ONE_EST,D03,HIGH_NONIMPROVING,HIGH_NONIMPROVING,5,5,2077719.0
FIX_E_P2_PHASE_C_ONE_EST,D03,HIGH_NONIMPROVING,LOW_NONIMPROVING,4,4,845215.0
FIX_E_P2_PHASE_C_ONE_EST,D03,LOW_IMPROVING,HIGH_IMPROVING,2,2,1037725.0
FIX_E_P2_PHASE_C_ONE_EST,D03,LOW_IMPROVING,HIGH_NONIMPROVING,1,1,514150.0
FIX_E_P2_PHASE_C_ONE_EST,D03,LOW_IMPROVING,LOW_IMPROVING,58,58,26633676.400000002
FIX_E_P2_PHASE_C_ONE_EST,D03,LOW_IMPROVING,LOW_NONIMPROVING,18,18,4941916.0
FIX_E_P2_PHASE_C_ONE_EST,D03,LOW_NONIMPROVING,HIGH_IMPROVING,2,2,335808.0
FIX_E_P2_PHASE_C_ONE_EST,D03,LOW_NONIMPROVING,LOW_IMPROVING,21,21,6612458.7
FIX_E_P2_PHASE_C_ONE_EST,D03,LOW_NONIMPROVING,LOW_NONIMPROVING,82,82,32263542.2
FIX_E_P2_PHASE_C_ONE_EST,D06,HIGH_IMPROVING,HIGH_IMPROVING,32,32,7734487.76
FIX_E_P2_PHASE_C_ONE_EST,D06,HIGH_IMPROVING,HIGH_NONIMPROVING,21,21,4444625.0200000005
FIX_E_P2_PHASE_C_ONE_EST,D06,HIGH_IMPROVING,LOW_IMPROVING,1,1,326040.0
FIX_E_P2_PHASE_C_ONE_EST,D06,HIGH_IMPROVING,LOW_NONIMPROVING,7,7,1853828.91
FIX_E_P2_PHASE_C_ONE_EST,D06,HIGH_NONIMPROVING,HIGH_IMPROVING,13,13,2109344.0
FIX_E_P2_PHASE_C_ONE_EST,D06,HIGH_NONIMPROVING,HIGH_NONIMPROVING,33,33,10530051.4
FIX_E_P2_PHASE_C_ONE_EST,D06,HIGH_NONIMPROVING,LOW_NONIMPROVING,1,1,254502.0
FIX_E_P2_PHASE_C_ONE_EST,D06,LOW_IMPROVING,HIGH_IMPROVING,3,3,825975.0
FIX_E_P2_PHASE_C_ONE_EST,D06,LOW_IMPROVING,HIGH_NONIMPROVING,1,1,271125.0
FIX_E_P2_PHASE_C_ONE_EST,D06,LOW_IMPROVING,LOW_IMPROVING,47,47,19822122.0
FIX_E_P2_PHASE_C_ONE_EST,D06,LOW_IMPROVING,LOW_NONIMPROVING,2,2,796114.0
FIX_E_P2_PHASE_C_ONE_EST,D06,LOW_NONIMPROVING,HIGH_IMPROVING,4,4,3507008.0
FIX_E_P2_PHASE_C_ONE_EST,D06,LOW_NONIMPROVING,LOW_IMPROVING,36,36,14376129.0
FIX_E_P2_PHASE_C_ONE_EST,D06,LOW_NONIMPROVING,LOW_NONIMPROVING,74,74,36799472.44
FIX_E_P3_CORROBORATE_C_10_E10,D02,HIGH_IMPROVING,HIGH_IMPROVING,297,140,28690372.02
FIX_E_P3_CORROBORATE_C_10_E10,D02,HIGH_IMPROVING,HIGH_NONIMPROVING,238,120,22923158.7
FIX_E_P3_CORROBORATE_C_10_E10,D02,HIGH_IMPROVING,LOW_IMPROVING,27,12,2440237.0
FIX_E_P3_CORROBORATE_C_10_E10,D02,HIGH_IMPROVING,LOW_NONIMPROVING,78,46,6921401.29
FIX_E_P3_CORROBORATE_C_10_E10,D02,HIGH_NONIMPROVING,HIGH_IMPROVING,171,78,18176425.32
FIX_E_P3_CORROBORATE_C_10_E10,D02,HIGH_NONIMPROVING,HIGH_NONIMPROVING,422,168,40605614.68
FIX_E_P3_CORROBORATE_C_10_E10,D02,HIGH_NONIMPROVING,LOW_NONIMPROVING,127,62,11705606.36
FIX_E_P3_CORROBORATE_C_10_E10,D02,LOW_IMPROVING,HIGH_IMPROVING,67,46,6396120.23
FIX_E_P3_CORROBORATE_C_10_E10,D02,LOW_IMPROVING,HIGH_NONIMPROVING,9,9,763329.0
FIX_E_P3_CORROBORATE_C_10_E10,D02,LOW_IMPROVING,LOW_IMPROVING,438,205,41219446.910000004
FIX_E_P3_CORROBORATE_C_10_E10,D02,LOW_IMPROVING,LOW_NONIMPROVING,176,95,15504989.15
FIX_E_P3_CORROBORATE_C_10_E10,D02,LOW_NONIMPROVING,HIGH_IMPROVING,42,20,4302003.25
FIX_E_P3_CORROBORATE_C_10_E10,D02,LOW_NONIMPROVING,HIGH_NONIMPROVING,23,12,1947053.58
FIX_E_P3_CORROBORATE_C_10_E10,D02,LOW_NONIMPROVING,LOW_IMPROVING,248,126,23105588.35
FIX_E_P3_CORROBORATE_C_10_E10,D02,LOW_NONIMPROVING,LOW_NONIMPROVING,381,183,34468954.550000004
FIX_E_P3_CORROBORATE_C_10_E10,D03,HIGH_IMPROVING,HIGH_IMPROVING,147,113,12993710.93
FIX_E_P3_CORROBORATE_C_10_E10,D03,HIGH_IMPROVING,HIGH_NONIMPROVING,132,82,12644187.280000001
FIX_E_P3_CORROBORATE_C_10_E10,D03,HIGH_IMPROVING,LOW_IMPROVING,17,10,1445666.0
FIX_E_P3_CORROBORATE_C_10_E10,D03,HIGH_IMPROVING,LOW_NONIMPROVING,24,23,2328218.0
FIX_E_P3_CORROBORATE_C_10_E10,D03,HIGH_NONIMPROVING,HIGH_IMPROVING,75,55,7878333.0
FIX_E_P3_CORROBORATE_C_10_E10,D03,HIGH_NONIMPROVING,HIGH_NONIMPROVING,259,143,24296411.0
FIX_E_P3_CORROBORATE_C_10_E10,D03,HIGH_NONIMPROVING,LOW_IMPROVING,2,2,161524.0
FIX_E_P3_CORROBORATE_C_10_E10,D03,HIGH_NONIMPROVING,LOW_NONIMPROVING,54,37,4527457.98
FIX_E_P3_CORROBORATE_C_10_E10,D03,LOW_IMPROVING,HIGH_IMPROVING,31,29,2704519.8
FIX_E_P3_CORROBORATE_C_10_E10,D03,LOW_IMPROVING,HIGH_NONIMPROVING,3,3,356874.0
FIX_E_P3_CORROBORATE_C_10_E10,D03,LOW_IMPROVING,LOW_IMPROVING,233,131,21351665.45
FIX_E_P3_CORROBORATE_C_10_E10,D03,LOW_IMPROVING,LOW_NONIMPROVING,93,68,8117482.0
FIX_E_P3_CORROBORATE_C_10_E10,D03,LOW_NONIMPROVING,HIGH_IMPROVING,49,20,3890539.0
FIX_E_P3_CORROBORATE_C_10_E10,D03,LOW_NONIMPROVING,HIGH_NONIMPROVING,1,1,73744.0
FIX_E_P3_CORROBORATE_C_10_E10,D03,LOW_NONIMPROVING,LOW_IMPROVING,97,61,8352467.140000001
FIX_E_P3_CORROBORATE_C_10_E10,D03,LOW_NONIMPROVING,LOW_NONIMPROVING,277,152,23636785.88
FIX_E_P3_CORROBORATE_C_10_E10,D06,HIGH_IMPROVING,HIGH_IMPROVING,199,100,17770436.0
FIX_E_P3_CORROBORATE_C_10_E10,D06,HIGH_IMPROVING,HIGH_NONIMPROVING,127,81,12724164.0
FIX_E_P3_CORROBORATE_C_10_E10,D06,HIGH_IMPROVING,LOW_IMPROVING,3,3,313470.0
FIX_E_P3_CORROBORATE_C_10_E10,D06,HIGH_IMPROVING,LOW_NONIMPROVING,41,21,3246159.0
FIX_E_P3_CORROBORATE_C_10_E10,D06,HIGH_NONIMPROVING,HIGH_IMPROVING,46,39,4796900.5
FIX_E_P3_CORROBORATE_C_10_E10,D06,HIGH_NONIMPROVING,HIGH_NONIMPROVING,140,90,13014700.75
FIX_E_P3_CORROBORATE_C_10_E10,D06,HIGH_NONIMPROVING,LOW_IMPROVING,1,1,69849.0
FIX_E_P3_CORROBORATE_C_10_E10,D06,HIGH_NONIMPROVING,LOW_NONIMPROVING,23,18,1850558.25
FIX_E_P3_CORROBORATE_C_10_E10,D06,LOW_IMPROVING,HIGH_IMPROVING,29,22,2716309.22
FIX_E_P3_CORROBORATE_C_10_E10,D06,LOW_IMPROVING,HIGH_NONIMPROVING,3,3,271944.0
FIX_E_P3_CORROBORATE_C_10_E10,D06,LOW_IMPROVING,LOW_IMPROVING,308,145,29051814.04
FIX_E_P3_CORROBORATE_C_10_E10,D06,LOW_IMPROVING,LOW_NONIMPROVING,141,71,12337176.0
FIX_E_P3_CORROBORATE_C_10_E10,D06,LOW_NONIMPROVING,HIGH_IMPROVING,17,17,1596085.0
FIX_E_P3_CORROBORATE_C_10_E10,D06,LOW_NONIMPROVING,HIGH_NONIMPROVING,4,4,318544.0
FIX_E_P3_CORROBORATE_C_10_E10,D06,LOW_NONIMPROVING,LOW_IMPROVING,70,53,5812791.0
FIX_E_P3_CORROBORATE_C_10_E10,D06,LOW_NONIMPROVING,LOW_NONIMPROVING,139,99,11940006.0
FIX_E_P3_CORROBORATE_C_10_E10,D09,HIGH_IMPROVING,HIGH_IMPROVING,127,101,13321341.07
FIX_E_P3_CORROBORATE_C_10_E10,D09,HIGH_IMPROVING,HIGH_NONIMPROVING,108,73,11082295.73
FIX_E_P3_CORROBORATE_C_10_E10,D09,HIGH_IMPROVING,LOW_NONIMPROVING,35,25,3704085.06
FIX_E_P3_CORROBORATE_C_10_E10,D09,HIGH_NONIMPROVING,HIGH_IMPROVING,62,50,6082848.0
FIX_E_P3_CORROBORATE_C_10_E10,D09,HIGH_NONIMPROVING,HIGH_NONIMPROVING,152,116,14321653.56
FIX_E_P3_CORROBORATE_C_10_E10,D09,HIGH_NONIMPROVING,LOW_IMPROVING,1,1,81879.0
FIX_E_P3_CORROBORATE_C_10_E10,D09,HIGH_NONIMPROVING,LOW_NONIMPROVING,45,38,4468003.96
FIX_E_P3_CORROBORATE_C_10_E10,D09,LOW_IMPROVING,HIGH_IMPROVING,38,19,3604572.04
FIX_E_P3_CORROBORATE_C_10_E10,D09,LOW_IMPROVING,HIGH_NONIMPROVING,7,6,572118.0
FIX_E_P3_CORROBORATE_C_10_E10,D09,LOW_IMPROVING,LOW_IMPROVING,294,162,26847541.24
FIX_E_P3_CORROBORATE_C_10_E10,D09,LOW_IMPROVING,LOW_NONIMPROVING,113,74,10560065.0
FIX_E_P3_CORROBORATE_C_10_E10,D09,LOW_NONIMPROVING,HIGH_IMPROVING,32,29,2749103.0
FIX_E_P3_CORROBORATE_C_10_E10,D09,LOW_NONIMPROVING,HIGH_NONIMPROVING,6,4,546750.0
FIX_E_P3_CORROBORATE_C_10_E10,D09,LOW_NONIMPROVING,LOW_IMPROVING,69,56,6652711.669999999
FIX_E_P3_CORROBORATE_C_10_E10,D09,LOW_NONIMPROVING,LOW_NONIMPROVING,165,122,14971137.18
FIX_E_P3_CORROBORATE_C_10_EST,D02,HIGH_IMPROVING,HIGH_IMPROVING,298,155,23491938.58
FIX_E_P3_CORROBORATE_C_10_EST,D02,HIGH_IMPROVING,HIGH_NONIMPROVING,216,128,17697086.22
FIX_E_P3_CORROBORATE_C_10_EST,D02,HIGH_IMPROVING,LOW_IMPROVING,28,22,2737373.0
FIX_E_P3_CORROBORATE_C_10_EST,D02,HIGH_IMPROVING,LOW_NONIMPROVING,57,43,4576155.640000001
FIX_E_P3_CORROBORATE_C_10_EST,D02,HIGH_NONIMPROVING,HIGH_IMPROVING,138,75,12996740.28
FIX_E_P3_CORROBORATE_C_10_EST,D02,HIGH_NONIMPROVING,HIGH_NONIMPROVING,355,154,30655744.1
FIX_E_P3_CORROBORATE_C_10_EST,D02,HIGH_NONIMPROVING,LOW_IMPROVING,7,4,805694.0
FIX_E_P3_CORROBORATE_C_10_EST,D02,HIGH_NONIMPROVING,LOW_NONIMPROVING,54,35,5403264.0
FIX_E_P3_CORROBORATE_C_10_EST,D02,LOW_IMPROVING,HIGH_IMPROVING,75,49,6547468.29
FIX_E_P3_CORROBORATE_C_10_EST,D02,LOW_IMPROVING,HIGH_NONIMPROVING,12,11,1129704.34
FIX_E_P3_CORROBORATE_C_10_EST,D02,LOW_IMPROVING,LOW_IMPROVING,421,204,32265829.99
FIX_E_P3_CORROBORATE_C_10_EST,D02,LOW_IMPROVING,LOW_NONIMPROVING,138,82,10918585.0
FIX_E_P3_CORROBORATE_C_10_EST,D02,LOW_NONIMPROVING,HIGH_IMPROVING,87,59,7290810.0
FIX_E_P3_CORROBORATE_C_10_EST,D02,LOW_NONIMPROVING,HIGH_NONIMPROVING,35,22,3063589.98
FIX_E_P3_CORROBORATE_C_10_EST,D02,LOW_NONIMPROVING,LOW_IMPROVING,219,118,17488064.36
FIX_E_P3_CORROBORATE_C_10_EST,D02,LOW_NONIMPROVING,LOW_NONIMPROVING,332,173,24368327.54
FIX_E_P3_CORROBORATE_C_10_EST,D03,HIGH_IMPROVING,HIGH_IMPROVING,131,97,9161035.49
FIX_E_P3_CORROBORATE_C_10_EST,D03,HIGH_IMPROVING,HIGH_NONIMPROVING,81,72,6600452.0
FIX_E_P3_CORROBORATE_C_10_EST,D03,HIGH_IMPROVING,LOW_NONIMPROVING,15,9,1455782.0
FIX_E_P3_CORROBORATE_C_10_EST,D03,HIGH_NONIMPROVING,HIGH_IMPROVING,42,39,3234667.0
FIX_E_P3_CORROBORATE_C_10_EST,D03,HIGH_NONIMPROVING,HIGH_NONIMPROVING,198,129,14874499.36
FIX_E_P3_CORROBORATE_C_10_EST,D03,HIGH_NONIMPROVING,LOW_NONIMPROVING,19,15,1161334.0
FIX_E_P3_CORROBORATE_C_10_EST,D03,LOW_IMPROVING,HIGH_IMPROVING,38,32,2554955.0
FIX_E_P3_CORROBORATE_C_10_EST,D03,LOW_IMPROVING,HIGH_NONIMPROVING,2,2,151229.0
FIX_E_P3_CORROBORATE_C_10_EST,D03,LOW_IMPROVING,LOW_IMPROVING,207,138,14999760.7
FIX_E_P3_CORROBORATE_C_10_EST,D03,LOW_IMPROVING,LOW_NONIMPROVING,73,51,5613887.0
FIX_E_P3_CORROBORATE_C_10_EST,D03,LOW_NONIMPROVING,HIGH_IMPROVING,35,21,2427730.0
FIX_E_P3_CORROBORATE_C_10_EST,D03,LOW_NONIMPROVING,HIGH_NONIMPROVING,5,2,363896.0
FIX_E_P3_CORROBORATE_C_10_EST,D03,LOW_NONIMPROVING,LOW_IMPROVING,83,58,6105863.5
FIX_E_P3_CORROBORATE_C_10_EST,D03,LOW_NONIMPROVING,LOW_NONIMPROVING,263,140,18629733.86
FIX_E_P3_CORROBORATE_C_10_EST,D06,HIGH_IMPROVING,HIGH_IMPROVING,173,104,12269529.2
FIX_E_P3_CORROBORATE_C_10_EST,D06,HIGH_IMPROVING,HIGH_NONIMPROVING,109,75,8162153.0
FIX_E_P3_CORROBORATE_C_10_EST,D06,HIGH_IMPROVING,LOW_IMPROVING,7,7,426471.87
FIX_E_P3_CORROBORATE_C_10_EST,D06,HIGH_IMPROVING,LOW_NONIMPROVING,16,15,1020701.0
FIX_E_P3_CORROBORATE_C_10_EST,D06,HIGH_NONIMPROVING,HIGH_IMPROVING,42,27,4096404.0
FIX_E_P3_CORROBORATE_C_10_EST,D06,HIGH_NONIMPROVING,HIGH_NONIMPROVING,147,88,9626756.9
FIX_E_P3_CORROBORATE_C_10_EST,D06,HIGH_NONIMPROVING,LOW_IMPROVING,7,7,424450.0
FIX_E_P3_CORROBORATE_C_10_EST,D06,HIGH_NONIMPROVING,LOW_NONIMPROVING,21,12,1344912.38
FIX_E_P3_CORROBORATE_C_10_EST,D06,LOW_IMPROVING,HIGH_IMPROVING,46,30,3132641.08
FIX_E_P3_CORROBORATE_C_10_EST,D06,LOW_IMPROVING,HIGH_NONIMPROVING,4,2,282732.0
FIX_E_P3_CORROBORATE_C_10_EST,D06,LOW_IMPROVING,LOW_IMPROVING,285,141,22744943.96
FIX_E_P3_CORROBORATE_C_10_EST,D06,LOW_IMPROVING,LOW_NONIMPROVING,100,67,7906633.0
FIX_E_P3_CORROBORATE_C_10_EST,D06,LOW_NONIMPROVING,HIGH_IMPROVING,29,15,3327226.0
FIX_E_P3_CORROBORATE_C_10_EST,D06,LOW_NONIMPROVING,HIGH_NONIMPROVING,3,3,251637.0
FIX_E_P3_CORROBORATE_C_10_EST,D06,LOW_NONIMPROVING,LOW_IMPROVING,85,62,6689130.0
FIX_E_P3_CORROBORATE_C_10_EST,D06,LOW_NONIMPROVING,LOW_NONIMPROVING,147,107,10651760.0
FIX_E_P3_CORROBORATE_C_10_EST,D09,HIGH_IMPROVING,HIGH_IMPROVING,107,77,9736182.39
FIX_E_P3_CORROBORATE_C_10_EST,D09,HIGH_IMPROVING,HIGH_NONIMPROVING,73,50,5988801.300000001
FIX_E_P3_CORROBORATE_C_10_EST,D09,HIGH_IMPROVING,LOW_IMPROVING,1,1,93834.0
FIX_E_P3_CORROBORATE_C_10_EST,D09,HIGH_IMPROVING,LOW_NONIMPROVING,16,12,1373726.0
FIX_E_P3_CORROBORATE_C_10_EST,D09,HIGH_NONIMPROVING,HIGH_IMPROVING,65,48,6365181.0
FIX_E_P3_CORROBORATE_C_10_EST,D09,HIGH_NONIMPROVING,HIGH_NONIMPROVING,141,91,11925556.33
FIX_E_P3_CORROBORATE_C_10_EST,D09,HIGH_NONIMPROVING,LOW_NONIMPROVING,27,23,2735867.13
FIX_E_P3_CORROBORATE_C_10_EST,D09,LOW_IMPROVING,HIGH_IMPROVING,42,27,3256139.92
FIX_E_P3_CORROBORATE_C_10_EST,D09,LOW_IMPROVING,HIGH_NONIMPROVING,11,9,786881.0
FIX_E_P3_CORROBORATE_C_10_EST,D09,LOW_IMPROVING,LOW_IMPROVING,287,164,21000161.86
FIX_E_P3_CORROBORATE_C_10_EST,D09,LOW_IMPROVING,LOW_NONIMPROVING,103,68,6999000.0
FIX_E_P3_CORROBORATE_C_10_EST,D09,LOW_NONIMPROVING,HIGH_IMPROVING,26,21,2960104.0
FIX_E_P3_CORROBORATE_C_10_EST,D09,LOW_NONIMPROVING,HIGH_NONIMPROVING,9,8,1251437.0
FIX_E_P3_CORROBORATE_C_10_EST,D09,LOW_NONIMPROVING,LOW_IMPROVING,51,47,4498044.0
FIX_E_P3_CORROBORATE_C_10_EST,D09,LOW_NONIMPROVING,LOW_NONIMPROVING,147,106,12073884.879999999
FIX_E_P3_CORROBORATE_C_MAX_E10,D02,HIGH_IMPROVING,HIGH_IMPROVING,292,141,36625897.81999999
FIX_E_P3_CORROBORATE_C_MAX_E10,D02,HIGH_IMPROVING,HIGH_NONIMPROVING,206,109,28257495.4
FIX_E_P3_CORROBORATE_C_MAX_E10,D02,HIGH_IMPROVING,LOW_IMPROVING,29,11,2960031.0
FIX_E_P3_CORROBORATE_C_MAX_E10,D02,HIGH_IMPROVING,LOW_NONIMPROVING,63,37,8724650.879999999
FIX_E_P3_CORROBORATE_C_MAX_E10,D02,HIGH_NONIMPROVING,HIGH_IMPROVING,146,68,23773541.95
FIX_E_P3_CORROBORATE_C_MAX_E10,D02,HIGH_NONIMPROVING,HIGH_NONIMPROVING,398,163,51011634.17
FIX_E_P3_CORROBORATE_C_MAX_E10,D02,HIGH_NONIMPROVING,LOW_NONIMPROVING,136,58,15993232.1
FIX_E_P3_CORROBORATE_C_MAX_E10,D02,LOW_IMPROVING,HIGH_IMPROVING,77,40,12691604.0
FIX_E_P3_CORROBORATE_C_MAX_E10,D02,LOW_IMPROVING,HIGH_NONIMPROVING,9,9,2021984.0
FIX_E_P3_CORROBORATE_C_MAX_E10,D02,LOW_IMPROVING,LOW_IMPROVING,476,203,54842227.04
FIX_E_P3_CORROBORATE_C_MAX_E10,D02,LOW_IMPROVING,LOW_NONIMPROVING,168,83,20119719.96
FIX_E_P3_CORROBORATE_C_MAX_E10,D02,LOW_NONIMPROVING,HIGH_IMPROVING,41,27,6613142.0
FIX_E_P3_CORROBORATE_C_MAX_E10,D02,LOW_NONIMPROVING,HIGH_NONIMPROVING,24,13,980107.0800000001
FIX_E_P3_CORROBORATE_C_MAX_E10,D02,LOW_NONIMPROVING,LOW_IMPROVING,222,126,31620332.0
FIX_E_P3_CORROBORATE_C_MAX_E10,D02,LOW_NONIMPROVING,LOW_NONIMPROVING,377,186,52147089.56
FIX_E_P3_CORROBORATE_C_MAX_E10,D03,HIGH_IMPROVING,HIGH_IMPROVING,123,87,14548988.22
FIX_E_P3_CORROBORATE_C_MAX_E10,D03,HIGH_IMPROVING,HIGH_NONIMPROVING,122,71,17737094.119999997
FIX_E_P3_CORROBORATE_C_MAX_E10,D03,HIGH_IMPROVING,LOW_IMPROVING,23,10,945807.0
FIX_E_P3_CORROBORATE_C_MAX_E10,D03,HIGH_IMPROVING,LOW_NONIMPROVING,22,21,1034963.0
FIX_E_P3_CORROBORATE_C_MAX_E10,D03,HIGH_NONIMPROVING,HIGH_IMPROVING,79,54,8032363.0
FIX_E_P3_CORROBORATE_C_MAX_E10,D03,HIGH_NONIMPROVING,HIGH_NONIMPROVING,249,140,23076904.0
FIX_E_P3_CORROBORATE_C_MAX_E10,D03,HIGH_NONIMPROVING,LOW_IMPROVING,2,2,92346.0
FIX_E_P3_CORROBORATE_C_MAX_E10,D03,HIGH_NONIMPROVING,LOW_NONIMPROVING,40,31,2899296.2199999997
FIX_E_P3_CORROBORATE_C_MAX_E10,D03,LOW_IMPROVING,HIGH_IMPROVING,16,16,1146588.0
FIX_E_P3_CORROBORATE_C_MAX_E10,D03,LOW_IMPROVING,LOW_IMPROVING,193,113,24962754.0
FIX_E_P3_CORROBORATE_C_MAX_E10,D03,LOW_IMPROVING,LOW_NONIMPROVING,91,64,11658368.0
FIX_E_P3_CORROBORATE_C_MAX_E10,D03,LOW_NONIMPROVING,HIGH_IMPROVING,59,30,4345247.0
FIX_E_P3_CORROBORATE_C_MAX_E10,D03,LOW_NONIMPROVING,HIGH_NONIMPROVING,3,3,299586.0
FIX_E_P3_CORROBORATE_C_MAX_E10,D03,LOW_NONIMPROVING,LOW_IMPROVING,93,63,12315369.9
FIX_E_P3_CORROBORATE_C_MAX_E10,D03,LOW_NONIMPROVING,LOW_NONIMPROVING,259,150,31845498.6
FIX_E_P3_CORROBORATE_C_MAX_E10,D06,HIGH_IMPROVING,HIGH_IMPROVING,176,90,15651284.0
FIX_E_P3_CORROBORATE_C_MAX_E10,D06,HIGH_IMPROVING,HIGH_NONIMPROVING,115,73,9916618.0
FIX_E_P3_CORROBORATE_C_MAX_E10,D06,HIGH_IMPROVING,LOW_IMPROVING,3,3,178020.0
FIX_E_P3_CORROBORATE_C_MAX_E10,D06,HIGH_IMPROVING,LOW_NONIMPROVING,26,18,1586105.0
FIX_E_P3_CORROBORATE_C_MAX_E10,D06,HIGH_NONIMPROVING,HIGH_IMPROVING,33,29,2712610.0
FIX_E_P3_CORROBORATE_C_MAX_E10,D06,HIGH_NONIMPROVING,HIGH_NONIMPROVING,135,90,6893152.0
FIX_E_P3_CORROBORATE_C_MAX_E10,D06,HIGH_NONIMPROVING,LOW_NONIMPROVING,22,17,1120396.0
FIX_E_P3_CORROBORATE_C_MAX_E10,D06,LOW_IMPROVING,HIGH_IMPROVING,27,22,2971892.0700000003
FIX_E_P3_CORROBORATE_C_MAX_E10,D06,LOW_IMPROVING,HIGH_NONIMPROVING,3,3,416310.0
FIX_E_P3_CORROBORATE_C_MAX_E10,D06,LOW_IMPROVING,LOW_IMPROVING,259,136,21914597.740000002
FIX_E_P3_CORROBORATE_C_MAX_E10,D06,LOW_IMPROVING,LOW_NONIMPROVING,112,70,6016151.0
FIX_E_P3_CORROBORATE_C_MAX_E10,D06,LOW_NONIMPROVING,HIGH_IMPROVING,22,16,1440471.0
FIX_E_P3_CORROBORATE_C_MAX_E10,D06,LOW_NONIMPROVING,HIGH_NONIMPROVING,4,4,365656.0
FIX_E_P3_CORROBORATE_C_MAX_E10,D06,LOW_NONIMPROVING,LOW_IMPROVING,90,66,9406315.0
FIX_E_P3_CORROBORATE_C_MAX_E10,D06,LOW_NONIMPROVING,LOW_NONIMPROVING,144,94,12350664.0
FIX_E_P3_CORROBORATE_C_MAX_E10,D09,HIGH_IMPROVING,HIGH_IMPROVING,143,87,13997124.19
FIX_E_P3_CORROBORATE_C_MAX_E10,D09,HIGH_IMPROVING,HIGH_NONIMPROVING,110,66,11047478.41
FIX_E_P3_CORROBORATE_C_MAX_E10,D09,HIGH_IMPROVING,LOW_NONIMPROVING,37,23,3370677.0199999996
FIX_E_P3_CORROBORATE_C_MAX_E10,D09,HIGH_NONIMPROVING,HIGH_IMPROVING,65,51,7174928.0
FIX_E_P3_CORROBORATE_C_MAX_E10,D09,HIGH_NONIMPROVING,HIGH_NONIMPROVING,169,118,18045040.009999998
FIX_E_P3_CORROBORATE_C_MAX_E10,D09,HIGH_NONIMPROVING,LOW_NONIMPROVING,46,36,5257954.41
FIX_E_P3_CORROBORATE_C_MAX_E10,D09,LOW_IMPROVING,HIGH_IMPROVING,36,16,4580810.42
FIX_E_P3_CORROBORATE_C_MAX_E10,D09,LOW_IMPROVING,HIGH_NONIMPROVING,7,6,1722266.0
FIX_E_P3_CORROBORATE_C_MAX_E10,D09,LOW_IMPROVING,LOW_IMPROVING,258,136,27075804.43
FIX_E_P3_CORROBORATE_C_MAX_E10,D09,LOW_IMPROVING,LOW_NONIMPROVING,111,69,9290446.0
FIX_E_P3_CORROBORATE_C_MAX_E10,D09,LOW_NONIMPROVING,HIGH_IMPROVING,36,29,5279764.0
FIX_E_P3_CORROBORATE_C_MAX_E10,D09,LOW_NONIMPROVING,HIGH_NONIMPROVING,6,4,996921.0
FIX_E_P3_CORROBORATE_C_MAX_E10,D09,LOW_NONIMPROVING,LOW_IMPROVING,68,55,13781761.089999998
FIX_E_P3_CORROBORATE_C_MAX_E10,D09,LOW_NONIMPROVING,LOW_NONIMPROVING,151,111,29662252.66
FIX_E_P3_CORROBORATE_C_MAX_EST,D02,HIGH_IMPROVING,HIGH_IMPROVING,249,140,36965892.120000005
FIX_E_P3_CORROBORATE_C_MAX_EST,D02,HIGH_IMPROVING,HIGH_NONIMPROVING,178,117,23266353.32
FIX_E_P3_CORROBORATE_C_MAX_EST,D02,HIGH_IMPROVING,LOW_IMPROVING,23,21,7848318.0
FIX_E_P3_CORROBORATE_C_MAX_EST,D02,HIGH_IMPROVING,LOW_NONIMPROVING,40,32,9054660.280000001
FIX_E_P3_CORROBORATE_C_MAX_EST,D02,HIGH_NONIMPROVING,HIGH_IMPROVING,133,77,21467722.119999997
FIX_E_P3_CORROBORATE_C_MAX_EST,D02,HIGH_NONIMPROVING,HIGH_NONIMPROVING,375,151,69913734.47999999
FIX_E_P3_CORROBORATE_C_MAX_EST,D02,HIGH_NONIMPROVING,LOW_IMPROVING,9,6,3072350.0
FIX_E_P3_CORROBORATE_C_MAX_EST,D02,HIGH_NONIMPROVING,LOW_NONIMPROVING,59,38,17615189.0
FIX_E_P3_CORROBORATE_C_MAX_EST,D02,LOW_IMPROVING,HIGH_IMPROVING,90,58,16747168.299999999
FIX_E_P3_CORROBORATE_C_MAX_EST,D02,LOW_IMPROVING,HIGH_NONIMPROVING,6,6,996293.7999999999
FIX_E_P3_CORROBORATE_C_MAX_EST,D02,LOW_IMPROVING,LOW_IMPROVING,393,205,56223128.3
FIX_E_P3_CORROBORATE_C_MAX_EST,D02,LOW_IMPROVING,LOW_NONIMPROVING,122,79,13680391.8
FIX_E_P3_CORROBORATE_C_MAX_EST,D02,LOW_NONIMPROVING,HIGH_IMPROVING,98,59,32760877.0
FIX_E_P3_CORROBORATE_C_MAX_EST,D02,LOW_NONIMPROVING,HIGH_NONIMPROVING,38,22,12956069.299999999
FIX_E_P3_CORROBORATE_C_MAX_EST,D02,LOW_NONIMPROVING,LOW_IMPROVING,240,121,33754997.78
FIX_E_P3_CORROBORATE_C_MAX_EST,D02,LOW_NONIMPROVING,LOW_NONIMPROVING,339,169,47315120.58
FIX_E_P3_CORROBORATE_C_MAX_EST,D03,HIGH_IMPROVING,HIGH_IMPROVING,105,79,12417455.43
FIX_E_P3_CORROBORATE_C_MAX_EST,D03,HIGH_IMPROVING,HIGH_NONIMPROVING,76,66,13837408.0
FIX_E_P3_CORROBORATE_C_MAX_EST,D03,HIGH_IMPROVING,LOW_NONIMPROVING,15,9,3249665.0
FIX_E_P3_CORROBORATE_C_MAX_EST,D03,HIGH_NONIMPROVING,HIGH_IMPROVING,42,39,6567673.0
FIX_E_P3_CORROBORATE_C_MAX_EST,D03,HIGH_NONIMPROVING,HIGH_NONIMPROVING,199,128,32250982.24
FIX_E_P3_CORROBORATE_C_MAX_EST,D03,HIGH_NONIMPROVING,LOW_NONIMPROVING,16,13,1574510.0
FIX_E_P3_CORROBORATE_C_MAX_EST,D03,LOW_IMPROVING,HIGH_IMPROVING,58,34,9218028.5
FIX_E_P3_CORROBORATE_C_MAX_EST,D03,LOW_IMPROVING,HIGH_NONIMPROVING,8,7,989678.0
FIX_E_P3_CORROBORATE_C_MAX_EST,D03,LOW_IMPROVING,LOW_IMPROVING,182,122,28789191.200000003
FIX_E_P3_CORROBORATE_C_MAX_EST,D03,LOW_IMPROVING,LOW_NONIMPROVING,61,41,10790496.0
FIX_E_P3_CORROBORATE_C_MAX_EST,D03,LOW_NONIMPROVING,HIGH_IMPROVING,37,21,3309836.0
FIX_E_P3_CORROBORATE_C_MAX_EST,D03,LOW_NONIMPROVING,HIGH_NONIMPROVING,5,2,869161.0
FIX_E_P3_CORROBORATE_C_MAX_EST,D03,LOW_NONIMPROVING,LOW_IMPROVING,81,53,15855609.24
FIX_E_P3_CORROBORATE_C_MAX_EST,D03,LOW_NONIMPROVING,LOW_NONIMPROVING,265,148,47343065.25
FIX_E_P3_CORROBORATE_C_MAX_EST,D06,HIGH_IMPROVING,HIGH_IMPROVING,157,91,18673132.8
FIX_E_P3_CORROBORATE_C_MAX_EST,D06,HIGH_IMPROVING,HIGH_NONIMPROVING,100,68,11789216.0
FIX_E_P3_CORROBORATE_C_MAX_EST,D06,HIGH_IMPROVING,LOW_IMPROVING,6,6,904003.4299999999
FIX_E_P3_CORROBORATE_C_MAX_EST,D06,HIGH_IMPROVING,LOW_NONIMPROVING,16,15,1034170.0
FIX_E_P3_CORROBORATE_C_MAX_EST,D06,HIGH_NONIMPROVING,HIGH_IMPROVING,41,27,5585422.0
FIX_E_P3_CORROBORATE_C_MAX_EST,D06,HIGH_NONIMPROVING,HIGH_NONIMPROVING,143,88,14231020.0
FIX_E_P3_CORROBORATE_C_MAX_EST,D06,HIGH_NONIMPROVING,LOW_IMPROVING,7,7,1494064.0
FIX_E_P3_CORROBORATE_C_MAX_EST,D06,HIGH_NONIMPROVING,LOW_NONIMPROVING,21,12,2370981.2
FIX_E_P3_CORROBORATE_C_MAX_EST,D06,LOW_IMPROVING,HIGH_IMPROVING,41,30,3490416.0
FIX_E_P3_CORROBORATE_C_MAX_EST,D06,LOW_IMPROVING,HIGH_NONIMPROVING,7,5,750672.0
FIX_E_P3_CORROBORATE_C_MAX_EST,D06,LOW_IMPROVING,LOW_IMPROVING,294,133,29577964.16
FIX_E_P3_CORROBORATE_C_MAX_EST,D06,LOW_IMPROVING,LOW_NONIMPROVING,91,66,9239802.0
FIX_E_P3_CORROBORATE_C_MAX_EST,D06,LOW_NONIMPROVING,HIGH_IMPROVING,29,15,3904114.0
FIX_E_P3_CORROBORATE_C_MAX_EST,D06,LOW_NONIMPROVING,HIGH_NONIMPROVING,3,3,419133.0
FIX_E_P3_CORROBORATE_C_MAX_EST,D06,LOW_NONIMPROVING,LOW_IMPROVING,78,64,8098432.0
FIX_E_P3_CORROBORATE_C_MAX_EST,D06,LOW_NONIMPROVING,LOW_NONIMPROVING,154,111,17341485.0
FIX_E_P3_CORROBORATE_C_MAX_EST,D09,HIGH_IMPROVING,HIGH_IMPROVING,116,81,12032782.46
FIX_E_P3_CORROBORATE_C_MAX_EST,D09,HIGH_IMPROVING,HIGH_NONIMPROVING,68,44,7496882.24
FIX_E_P3_CORROBORATE_C_MAX_EST,D09,HIGH_IMPROVING,LOW_IMPROVING,4,4,108189.0
FIX_E_P3_CORROBORATE_C_MAX_EST,D09,HIGH_IMPROVING,LOW_NONIMPROVING,14,10,161961.0
FIX_E_P3_CORROBORATE_C_MAX_EST,D09,HIGH_NONIMPROVING,HIGH_IMPROVING,63,48,7434608.0
FIX_E_P3_CORROBORATE_C_MAX_EST,D09,HIGH_NONIMPROVING,HIGH_NONIMPROVING,126,89,15610750.66
FIX_E_P3_CORROBORATE_C_MAX_EST,D09,HIGH_NONIMPROVING,LOW_NONIMPROVING,26,24,2293886.26
FIX_E_P3_CORROBORATE_C_MAX_EST,D09,LOW_IMPROVING,HIGH_IMPROVING,39,27,4451420.0
FIX_E_P3_CORROBORATE_C_MAX_EST,D09,LOW_IMPROVING,HIGH_NONIMPROVING,11,9,1358416.0
FIX_E_P3_CORROBORATE_C_MAX_EST,D09,LOW_IMPROVING,LOW_IMPROVING,231,147,27779755.92
FIX_E_P3_CORROBORATE_C_MAX_EST,D09,LOW_IMPROVING,LOW_NONIMPROVING,99,68,10488746.0
FIX_E_P3_CORROBORATE_C_MAX_EST,D09,LOW_NONIMPROVING,HIGH_IMPROVING,26,21,1470592.0
FIX_E_P3_CORROBORATE_C_MAX_EST,D09,LOW_NONIMPROVING,HIGH_NONIMPROVING,9,8,761115.0
FIX_E_P3_CORROBORATE_C_MAX_EST,D09,LOW_NONIMPROVING,LOW_IMPROVING,66,57,13379091.0
FIX_E_P3_CORROBORATE_C_MAX_EST,D09,LOW_NONIMPROVING,LOW_NONIMPROVING,171,120,27641620.72
FIX_E_P3_CORROBORATE_C_ONE_E10,D02,HIGH_IMPROVING,HIGH_IMPROVING,44,44,30948151.1
FIX_E_P3_CORROBORATE_C_ONE_E10,D02,HIGH_IMPROVING,HIGH_NONIMPROVING,38,38,20310282.3
FIX_E_P3_CORROBORATE_C_ONE_E10,D02,HIGH_IMPROVING,LOW_IMPROVING,4,4,3293527.0
FIX_E_P3_CORROBORATE_C_ONE_E10,D02,HIGH_IMPROVING,LOW_NONIMPROVING,4,4,2634936.21
FIX_E_P3_CORROBORATE_C_ONE_E10,D02,HIGH_NONIMPROVING,HIGH_IMPROVING,43,43,49219046.0
FIX_E_P3_CORROBORATE_C_ONE_E10,D02,HIGH_NONIMPROVING,HIGH_NONIMPROVING,72,72,73310761.84
FIX_E_P3_CORROBORATE_C_ONE_E10,D02,HIGH_NONIMPROVING,LOW_NONIMPROVING,25,25,16395599.0
FIX_E_P3_CORROBORATE_C_ONE_E10,D02,LOW_IMPROVING,HIGH_IMPROVING,6,6,980130.0
FIX_E_P3_CORROBORATE_C_ONE_E10,D02,LOW_IMPROVING,LOW_IMPROVING,87,87,52973086.64
FIX_E_P3_CORROBORATE_C_ONE_E10,D02,LOW_IMPROVING,LOW_NONIMPROVING,27,27,18591358.759999998
FIX_E_P3_CORROBORATE_C_ONE_E10,D02,LOW_NONIMPROVING,HIGH_IMPROVING,10,10,5416865.0
FIX_E_P3_CORROBORATE_C_ONE_E10,D02,LOW_NONIMPROVING,HIGH_NONIMPROVING,1,1,48984.0
FIX_E_P3_CORROBORATE_C_ONE_E10,D02,LOW_NONIMPROVING,LOW_IMPROVING,24,24,19657716.0
FIX_E_P3_CORROBORATE_C_ONE_E10,D02,LOW_NONIMPROVING,LOW_NONIMPROVING,65,65,46538163.0
FIX_E_P3_CORROBORATE_C_ONE_E10,D03,HIGH_IMPROVING,HIGH_IMPROVING,9,9,5810702.0
FIX_E_P3_CORROBORATE_C_ONE_E10,D03,HIGH_IMPROVING,HIGH_NONIMPROVING,31,31,25961243.0
FIX_E_P3_CORROBORATE_C_ONE_E10,D03,HIGH_NONIMPROVING,HIGH_IMPROVING,1,1,441931.99999999994
FIX_E_P3_CORROBORATE_C_ONE_E10,D03,HIGH_NONIMPROVING,HIGH_NONIMPROVING,5,5,2313108.0
FIX_E_P3_CORROBORATE_C_ONE_E10,D03,HIGH_NONIMPROVING,LOW_NONIMPROVING,4,4,1834192.0
FIX_E_P3_CORROBORATE_C_ONE_E10,D03,LOW_IMPROVING,LOW_IMPROVING,14,14,12362047.0
FIX_E_P3_CORROBORATE_C_ONE_E10,D03,LOW_IMPROVING,LOW_NONIMPROVING,26,26,18941737.0
FIX_E_P3_CORROBORATE_C_ONE_E10,D03,LOW_NONIMPROVING,LOW_IMPROVING,6,6,2841102.0
FIX_E_P3_CORROBORATE_C_ONE_E10,D03,LOW_NONIMPROVING,LOW_NONIMPROVING,28,28,14115037.0
FIX_E_P3_CORROBORATE_C_ONE_E10,D06,HIGH_IMPROVING,HIGH_IMPROVING,24,24,8949863.0
FIX_E_P3_CORROBORATE_C_ONE_E10,D06,HIGH_IMPROVING,HIGH_NONIMPROVING,9,9,9222876.0
FIX_E_P3_CORROBORATE_C_ONE_E10,D06,HIGH_IMPROVING,LOW_NONIMPROVING,7,7,2950121.0
FIX_E_P3_CORROBORATE_C_ONE_E10,D06,HIGH_NONIMPROVING,HIGH_NONIMPROVING,10,10,2148135.0
FIX_E_P3_CORROBORATE_C_ONE_E10,D06,LOW_IMPROVING,LOW_IMPROVING,20,20,19213055.0
FIX_E_P3_CORROBORATE_C_ONE_E10,D06,LOW_NONIMPROVING,HIGH_IMPROVING,5,5,5177837.0
FIX_E_P3_CORROBORATE_C_ONE_E10,D06,LOW_NONIMPROVING,HIGH_NONIMPROVING,3,3,2518214.0
FIX_E_P3_CORROBORATE_C_ONE_E10,D06,LOW_NONIMPROVING,LOW_IMPROVING,28,28,10716145.0
FIX_E_P3_CORROBORATE_C_ONE_E10,D06,LOW_NONIMPROVING,LOW_NONIMPROVING,34,34,17823717.0
FIX_E_P3_CORROBORATE_C_ONE_E10,D09,HIGH_NONIMPROVING,HIGH_IMPROVING,6,6,4435536.0
FIX_E_P3_CORROBORATE_C_ONE_E10,D09,HIGH_NONIMPROVING,HIGH_NONIMPROVING,9,9,7535476.0
FIX_E_P3_CORROBORATE_C_ONE_E10,D09,HIGH_NONIMPROVING,LOW_NONIMPROVING,5,5,4339212.0
FIX_E_P3_CORROBORATE_C_ONE_E10,D09,LOW_IMPROVING,HIGH_IMPROVING,11,11,4375370.0
FIX_E_P3_CORROBORATE_C_ONE_E10,D09,LOW_IMPROVING,HIGH_NONIMPROVING,1,1,1006970.0000000001
FIX_E_P3_CORROBORATE_C_ONE_E10,D09,LOW_IMPROVING,LOW_IMPROVING,24,24,9620016.0
FIX_E_P3_CORROBORATE_C_ONE_E10,D09,LOW_IMPROVING,LOW_NONIMPROVING,4,4,722650.0
FIX_E_P3_CORROBORATE_C_ONE_E10,D09,LOW_NONIMPROVING,HIGH_IMPROVING,1,1,628810.0
FIX_E_P3_CORROBORATE_C_ONE_E10,D09,LOW_NONIMPROVING,LOW_IMPROVING,10,10,10617053.0
FIX_E_P3_CORROBORATE_C_ONE_E10,D09,LOW_NONIMPROVING,LOW_NONIMPROVING,19,19,13863600.0
FIX_E_P3_CORROBORATE_C_ONE_EST,D02,HIGH_IMPROVING,HIGH_IMPROVING,49,49,39688935.0
FIX_E_P3_CORROBORATE_C_ONE_EST,D02,HIGH_IMPROVING,HIGH_NONIMPROVING,13,13,9824540.0
FIX_E_P3_CORROBORATE_C_ONE_EST,D02,HIGH_IMPROVING,LOW_IMPROVING,2,2,2025823.9999999998
FIX_E_P3_CORROBORATE_C_ONE_EST,D02,HIGH_IMPROVING,LOW_NONIMPROVING,7,7,6708872.0
FIX_E_P3_CORROBORATE_C_ONE_EST,D02,HIGH_NONIMPROVING,HIGH_IMPROVING,17,17,17265526.0
FIX_E_P3_CORROBORATE_C_ONE_EST,D02,HIGH_NONIMPROVING,HIGH_NONIMPROVING,51,51,56407251.0
FIX_E_P3_CORROBORATE_C_ONE_EST,D02,HIGH_NONIMPROVING,LOW_IMPROVING,3,3,5063292.0
FIX_E_P3_CORROBORATE_C_ONE_EST,D02,HIGH_NONIMPROVING,LOW_NONIMPROVING,13,13,17827914.0
FIX_E_P3_CORROBORATE_C_ONE_EST,D02,LOW_IMPROVING,HIGH_IMPROVING,7,7,11531404.0
FIX_E_P3_CORROBORATE_C_ONE_EST,D02,LOW_IMPROVING,LOW_IMPROVING,64,64,74447898.0
FIX_E_P3_CORROBORATE_C_ONE_EST,D02,LOW_IMPROVING,LOW_NONIMPROVING,17,17,21582530.0
FIX_E_P3_CORROBORATE_C_ONE_EST,D02,LOW_NONIMPROVING,HIGH_IMPROVING,21,21,54806575.0
FIX_E_P3_CORROBORATE_C_ONE_EST,D02,LOW_NONIMPROVING,HIGH_NONIMPROVING,11,11,28859872.0
FIX_E_P3_CORROBORATE_C_ONE_EST,D02,LOW_NONIMPROVING,LOW_IMPROVING,34,34,31176160.0
FIX_E_P3_CORROBORATE_C_ONE_EST,D02,LOW_NONIMPROVING,LOW_NONIMPROVING,52,52,76476065.0
FIX_E_P3_CORROBORATE_C_ONE_EST,D03,HIGH_IMPROVING,HIGH_IMPROVING,12,12,8804495.0
FIX_E_P3_CORROBORATE_C_ONE_EST,D03,HIGH_IMPROVING,HIGH_NONIMPROVING,11,11,6814668.0
FIX_E_P3_CORROBORATE_C_ONE_EST,D03,HIGH_IMPROVING,LOW_NONIMPROVING,1,1,952280.0
FIX_E_P3_CORROBORATE_C_ONE_EST,D03,HIGH_NONIMPROVING,HIGH_IMPROVING,4,4,3353514.0
FIX_E_P3_CORROBORATE_C_ONE_EST,D03,HIGH_NONIMPROVING,HIGH_NONIMPROVING,33,33,28405230.0
FIX_E_P3_CORROBORATE_C_ONE_EST,D03,HIGH_NONIMPROVING,LOW_NONIMPROVING,2,2,2479343.0
FIX_E_P3_CORROBORATE_C_ONE_EST,D03,LOW_IMPROVING,LOW_IMPROVING,27,27,28125053.0
FIX_E_P3_CORROBORATE_C_ONE_EST,D03,LOW_IMPROVING,LOW_NONIMPROVING,11,11,9692270.0
FIX_E_P3_CORROBORATE_C_ONE_EST,D03,LOW_NONIMPROVING,HIGH_IMPROVING,2,2,1459620.0
FIX_E_P3_CORROBORATE_C_ONE_EST,D03,LOW_NONIMPROVING,HIGH_NONIMPROVING,1,1,2845848.0000000005
FIX_E_P3_CORROBORATE_C_ONE_EST,D03,LOW_NONIMPROVING,LOW_IMPROVING,5,5,2971352.0
FIX_E_P3_CORROBORATE_C_ONE_EST,D03,LOW_NONIMPROVING,LOW_NONIMPROVING,31,31,23597029.0
FIX_E_P3_CORROBORATE_C_ONE_EST,D06,HIGH_IMPROVING,HIGH_IMPROVING,20,20,6767871.0
FIX_E_P3_CORROBORATE_C_ONE_EST,D06,HIGH_IMPROVING,HIGH_NONIMPROVING,10,10,6543819.0
FIX_E_P3_CORROBORATE_C_ONE_EST,D06,LOW_IMPROVING,HIGH_IMPROVING,1,1,274911.0
FIX_E_P3_CORROBORATE_C_ONE_EST,D06,LOW_IMPROVING,HIGH_NONIMPROVING,1,1,266532.0
FIX_E_P3_CORROBORATE_C_ONE_EST,D06,LOW_IMPROVING,LOW_IMPROVING,33,33,42638448.0
FIX_E_P3_CORROBORATE_C_ONE_EST,D06,LOW_IMPROVING,LOW_NONIMPROVING,16,16,35171056.0
FIX_E_P3_CORROBORATE_C_ONE_EST,D06,LOW_NONIMPROVING,HIGH_NONIMPROVING,1,1,476649.0
FIX_E_P3_CORROBORATE_C_ONE_EST,D06,LOW_NONIMPROVING,LOW_IMPROVING,3,3,3723152.0
FIX_E_P3_CORROBORATE_C_ONE_EST,D06,LOW_NONIMPROVING,LOW_NONIMPROVING,33,33,18039034.0
FIX_E_P3_CORROBORATE_C_ONE_EST,D09,HIGH_NONIMPROVING,HIGH_IMPROVING,20,20,32657730.0
FIX_E_P3_CORROBORATE_C_ONE_EST,D09,HIGH_NONIMPROVING,HIGH_NONIMPROVING,29,29,36043911.0
FIX_E_P3_CORROBORATE_C_ONE_EST,D09,HIGH_NONIMPROVING,LOW_NONIMPROVING,2,2,4627638.0
FIX_E_P3_CORROBORATE_C_ONE_EST,D09,LOW_IMPROVING,HIGH_IMPROVING,8,8,9819785.0
FIX_E_P3_CORROBORATE_C_ONE_EST,D09,LOW_IMPROVING,LOW_IMPROVING,30,30,17509725.480000004
FIX_E_P3_CORROBORATE_C_ONE_EST,D09,LOW_IMPROVING,LOW_NONIMPROVING,4,4,2569310.0
FIX_E_P3_CORROBORATE_C_ONE_EST,D09,LOW_NONIMPROVING,LOW_IMPROVING,7,7,12096000.0
FIX_E_P3_CORROBORATE_C_ONE_EST,D09,LOW_NONIMPROVING,LOW_NONIMPROVING,16,16,24253704.0
FIX_Q3_BASE_C_10_E10_CA,Q3,HIGH_IMPROVING,HIGH_IMPROVING,859,181,70226675.29
FIX_Q3_BASE_C_10_E10_CA,Q3,HIGH_IMPROVING,HIGH_NONIMPROVING,605,159,50794598.269999996
FIX_Q3_BASE_C_10_E10_CA,Q3,HIGH_IMPROVING,LOW_IMPROVING,43,12,3695804.8200000003
FIX_Q3_BASE_C_10_E10_CA,Q3,HIGH_IMPROVING,LOW_NONIMPROVING,153,61,11664703.780000001
FIX_Q3_BASE_C_10_E10_CA,Q3,HIGH_NONIMPROVING,HIGH_IMPROVING,336,93,28939066.48
FIX_Q3_BASE_C_10_E10_CA,Q3,HIGH_NONIMPROVING,HIGH_NONIMPROVING,904,198,72559270.73
FIX_Q3_BASE_C_10_E10_CA,Q3,HIGH_NONIMPROVING,LOW_IMPROVING,6,2,430588.0
FIX_Q3_BASE_C_10_E10_CA,Q3,HIGH_NONIMPROVING,LOW_NONIMPROVING,234,78,17928140.2
FIX_Q3_BASE_C_10_E10_CA,Q3,LOW_IMPROVING,HIGH_IMPROVING,132,47,9619959.52
FIX_Q3_BASE_C_10_E10_CA,Q3,LOW_IMPROVING,HIGH_NONIMPROVING,15,10,1077974.0
FIX_Q3_BASE_C_10_E10_CA,Q3,LOW_IMPROVING,LOW_IMPROVING,1256,216,99650705.99000001
FIX_Q3_BASE_C_10_E10_CA,Q3,LOW_IMPROVING,LOW_NONIMPROVING,599,128,46177364.14
FIX_Q3_BASE_C_10_E10_CA,Q3,LOW_NONIMPROVING,HIGH_IMPROVING,163,50,13516964.8
FIX_Q3_BASE_C_10_E10_CA,Q3,LOW_NONIMPROVING,HIGH_NONIMPROVING,45,20,3263263.0
FIX_Q3_BASE_C_10_E10_CA,Q3,LOW_NONIMPROVING,LOW_IMPROVING,449,150,33913094.46
FIX_Q3_BASE_C_10_E10_CA,Q3,LOW_NONIMPROVING,LOW_NONIMPROVING,816,242,59578682.019999996
FIX_Q3_BASE_C_10_EST,Q3,HIGH_IMPROVING,HIGH_IMPROVING,770,184,63825170.72
FIX_Q3_BASE_C_10_EST,Q3,HIGH_IMPROVING,HIGH_NONIMPROVING,495,147,44971236.66
FIX_Q3_BASE_C_10_EST,Q3,HIGH_IMPROVING,LOW_IMPROVING,25,10,2057857.0
FIX_Q3_BASE_C_10_EST,Q3,HIGH_IMPROVING,LOW_NONIMPROVING,80,35,6696023.130000001
FIX_Q3_BASE_C_10_EST,Q3,HIGH_NONIMPROVING,HIGH_IMPROVING,281,106,26097386.73
FIX_Q3_BASE_C_10_EST,Q3,HIGH_NONIMPROVING,HIGH_NONIMPROVING,826,201,69834996.03999999
FIX_Q3_BASE_C_10_EST,Q3,HIGH_NONIMPROVING,LOW_IMPROVING,10,8,1042867.0
FIX_Q3_BASE_C_10_EST,Q3,HIGH_NONIMPROVING,LOW_NONIMPROVING,149,72,13293384.52
FIX_Q3_BASE_C_10_EST,Q3,LOW_IMPROVING,HIGH_IMPROVING,193,65,14877756.540000001
FIX_Q3_BASE_C_10_EST,Q3,LOW_IMPROVING,HIGH_NONIMPROVING,31,19,2599124.76
FIX_Q3_BASE_C_10_EST,Q3,LOW_IMPROVING,LOW_IMPROVING,1143,228,92113364.44
FIX_Q3_BASE_C_10_EST,Q3,LOW_IMPROVING,LOW_NONIMPROVING,385,122,31774907.1
FIX_Q3_BASE_C_10_EST,Q3,LOW_NONIMPROVING,HIGH_IMPROVING,193,76,17023979.78
FIX_Q3_BASE_C_10_EST,Q3,LOW_NONIMPROVING,HIGH_NONIMPROVING,60,43,5508254.0
FIX_Q3_BASE_C_10_EST,Q3,LOW_NONIMPROVING,LOW_IMPROVING,414,166,36006684.16
FIX_Q3_BASE_C_10_EST,Q3,LOW_NONIMPROVING,LOW_NONIMPROVING,779,238,62387086.89
FIX_Q3_BASE_C_MAX_E10,Q3,HIGH_IMPROVING,HIGH_IMPROVING,705,166,90357050.71000001
FIX_Q3_BASE_C_MAX_E10,Q3,HIGH_IMPROVING,HIGH_NONIMPROVING,532,141,64393935.150000006
FIX_Q3_BASE_C_MAX_E10,Q3,HIGH_IMPROVING,LOW_IMPROVING,24,12,4683671.0
FIX_Q3_BASE_C_MAX_E10,Q3,HIGH_IMPROVING,LOW_NONIMPROVING,109,44,17583671.38
FIX_Q3_BASE_C_MAX_E10,Q3,HIGH_NONIMPROVING,HIGH_IMPROVING,296,93,33561451.64
FIX_Q3_BASE_C_MAX_E10,Q3,HIGH_NONIMPROVING,HIGH_NONIMPROVING,824,193,98266288.16
FIX_Q3_BASE_C_MAX_E10,Q3,HIGH_NONIMPROVING,LOW_IMPROVING,5,2,198257.0
FIX_Q3_BASE_C_MAX_E10,Q3,HIGH_NONIMPROVING,LOW_NONIMPROVING,205,70,30468832.55
FIX_Q3_BASE_C_MAX_E10,Q3,LOW_IMPROVING,HIGH_IMPROVING,129,45,13520877.719999999
FIX_Q3_BASE_C_MAX_E10,Q3,LOW_IMPROVING,HIGH_NONIMPROVING,13,12,611776.0
FIX_Q3_BASE_C_MAX_E10,Q3,LOW_IMPROVING,LOW_IMPROVING,1036,217,133308635.53
FIX_Q3_BASE_C_MAX_E10,Q3,LOW_IMPROVING,LOW_NONIMPROVING,473,121,48354726.53
FIX_Q3_BASE_C_MAX_E10,Q3,LOW_NONIMPROVING,HIGH_IMPROVING,143,49,27643992.0
FIX_Q3_BASE_C_MAX_E10,Q3,LOW_NONIMPROVING,HIGH_NONIMPROVING,25,19,2746864.0
FIX_Q3_BASE_C_MAX_E10,Q3,LOW_NONIMPROVING,LOW_IMPROVING,334,126,49280327.230000004
FIX_Q3_BASE_C_MAX_E10,Q3,LOW_NONIMPROVING,LOW_NONIMPROVING,701,232,104550353.06
FIX_Q3_BASE_C_MAX_EST,Q3,HIGH_IMPROVING,HIGH_IMPROVING,630,169,85790536.63
FIX_Q3_BASE_C_MAX_EST,Q3,HIGH_IMPROVING,HIGH_NONIMPROVING,400,148,62344335.78999999
FIX_Q3_BASE_C_MAX_EST,Q3,HIGH_IMPROVING,LOW_IMPROVING,23,10,4917274.0
FIX_Q3_BASE_C_MAX_EST,Q3,HIGH_IMPROVING,LOW_NONIMPROVING,78,34,9642743.09
FIX_Q3_BASE_C_MAX_EST,Q3,HIGH_NONIMPROVING,HIGH_IMPROVING,253,103,40773453.34
FIX_Q3_BASE_C_MAX_EST,Q3,HIGH_NONIMPROVING,HIGH_NONIMPROVING,799,197,113228030.22
FIX_Q3_BASE_C_MAX_EST,Q3,HIGH_NONIMPROVING,LOW_IMPROVING,8,8,2594332.0
FIX_Q3_BASE_C_MAX_EST,Q3,HIGH_NONIMPROVING,LOW_NONIMPROVING,142,72,33035470.0
FIX_Q3_BASE_C_MAX_EST,Q3,LOW_IMPROVING,HIGH_IMPROVING,174,66,32229068.1
FIX_Q3_BASE_C_MAX_EST,Q3,LOW_IMPROVING,HIGH_NONIMPROVING,30,20,5314048.76
FIX_Q3_BASE_C_MAX_EST,Q3,LOW_IMPROVING,LOW_IMPROVING,933,228,122566191.89
FIX_Q3_BASE_C_MAX_EST,Q3,LOW_IMPROVING,LOW_NONIMPROVING,354,127,47442862.3
FIX_Q3_BASE_C_MAX_EST,Q3,LOW_NONIMPROVING,HIGH_IMPROVING,158,74,21452098.06
FIX_Q3_BASE_C_MAX_EST,Q3,LOW_NONIMPROVING,HIGH_NONIMPROVING,50,42,9541218.0
FIX_Q3_BASE_C_MAX_EST,Q3,LOW_NONIMPROVING,LOW_IMPROVING,351,154,86457012.58000001
FIX_Q3_BASE_C_MAX_EST,Q3,LOW_NONIMPROVING,LOW_NONIMPROVING,674,235,128443781.75
FIX_Q3_BASE_C_ONE_E10,Q3,HIGH_IMPROVING,HIGH_IMPROVING,87,87,107227850.19
FIX_Q3_BASE_C_ONE_E10,Q3,HIGH_IMPROVING,HIGH_NONIMPROVING,61,61,83194288.86
FIX_Q3_BASE_C_ONE_E10,Q3,HIGH_IMPROVING,LOW_IMPROVING,1,1,2456440.0
FIX_Q3_BASE_C_ONE_E10,Q3,HIGH_IMPROVING,LOW_NONIMPROVING,11,11,12836249.71
FIX_Q3_BASE_C_ONE_E10,Q3,HIGH_NONIMPROVING,HIGH_IMPROVING,36,36,39155289.0
FIX_Q3_BASE_C_ONE_E10,Q3,HIGH_NONIMPROVING,HIGH_NONIMPROVING,118,118,122894135.0
FIX_Q3_BASE_C_ONE_E10,Q3,HIGH_NONIMPROVING,LOW_NONIMPROVING,26,26,37887555.0
FIX_Q3_BASE_C_ONE_E10,Q3,LOW_IMPROVING,HIGH_IMPROVING,16,16,7836370.0
FIX_Q3_BASE_C_ONE_E10,Q3,LOW_IMPROVING,LOW_IMPROVING,155,155,177279091.5
FIX_Q3_BASE_C_ONE_E10,Q3,LOW_IMPROVING,LOW_NONIMPROVING,39,39,24467676.0
FIX_Q3_BASE_C_ONE_E10,Q3,LOW_NONIMPROVING,HIGH_IMPROVING,31,31,29369114.0
FIX_Q3_BASE_C_ONE_E10,Q3,LOW_NONIMPROVING,HIGH_NONIMPROVING,3,3,4040444.0
FIX_Q3_BASE_C_ONE_E10,Q3,LOW_NONIMPROVING,LOW_IMPROVING,56,56,54790700.0
FIX_Q3_BASE_C_ONE_E10,Q3,LOW_NONIMPROVING,LOW_NONIMPROVING,150,150,156498855.0
FIX_Q3_BASE_C_ONE_EST,Q3,HIGH_IMPROVING,HIGH_IMPROVING,100,100,104040261.03999999
FIX_Q3_BASE_C_ONE_EST,Q3,HIGH_IMPROVING,HIGH_NONIMPROVING,70,70,90824608.31
FIX_Q3_BASE_C_ONE_EST,Q3,HIGH_IMPROVING,LOW_IMPROVING,7,7,4682095.0
FIX_Q3_BASE_C_ONE_EST,Q3,HIGH_IMPROVING,LOW_NONIMPROVING,6,6,10812588.14
FIX_Q3_BASE_C_ONE_EST,Q3,HIGH_NONIMPROVING,HIGH_IMPROVING,18,18,22887419.0
FIX_Q3_BASE_C_ONE_EST,Q3,HIGH_NONIMPROVING,HIGH_NONIMPROVING,99,99,132131568.24000001
FIX_Q3_BASE_C_ONE_EST,Q3,HIGH_NONIMPROVING,LOW_IMPROVING,4,4,9418888.0
FIX_Q3_BASE_C_ONE_EST,Q3,HIGH_NONIMPROVING,LOW_NONIMPROVING,32,32,51330273.5
FIX_Q3_BASE_C_ONE_EST,Q3,LOW_IMPROVING,HIGH_IMPROVING,40,40,27295666.0
FIX_Q3_BASE_C_ONE_EST,Q3,LOW_IMPROVING,HIGH_NONIMPROVING,7,7,1880642.0
FIX_Q3_BASE_C_ONE_EST,Q3,LOW_IMPROVING,LOW_IMPROVING,134,134,170303885.96
FIX_Q3_BASE_C_ONE_EST,Q3,LOW_IMPROVING,LOW_NONIMPROVING,61,61,57351433.879999995
FIX_Q3_BASE_C_ONE_EST,Q3,LOW_NONIMPROVING,HIGH_IMPROVING,11,11,15186582.0
FIX_Q3_BASE_C_ONE_EST,Q3,LOW_NONIMPROVING,HIGH_NONIMPROVING,7,7,10215612.0
FIX_Q3_BASE_C_ONE_EST,Q3,LOW_NONIMPROVING,LOW_IMPROVING,71,71,60298222.0
FIX_Q3_BASE_C_ONE_EST,Q3,LOW_NONIMPROVING,LOW_NONIMPROVING,120,120,138458047.0
FIX_Q3_ENHANCED_C_10_E10,Q3,HIGH_IMPROVING,HIGH_IMPROVING,461,163,49762404.97
FIX_Q3_ENHANCED_C_10_E10,Q3,HIGH_IMPROVING,HIGH_NONIMPROVING,348,132,37009178.94
FIX_Q3_ENHANCED_C_10_E10,Q3,HIGH_IMPROVING,LOW_IMPROVING,12,8,1522117.96
FIX_Q3_ENHANCED_C_10_E10,Q3,HIGH_IMPROVING,LOW_NONIMPROVING,82,45,9084473.52
FIX_Q3_ENHANCED_C_10_E10,Q3,HIGH_NONIMPROVING,HIGH_IMPROVING,161,62,17453516.0
FIX_Q3_ENHANCED_C_10_E10,Q3,HIGH_NONIMPROVING,HIGH_NONIMPROVING,525,170,53959650.3
FIX_Q3_ENHANCED_C_10_E10,Q3,HIGH_NONIMPROVING,LOW_NONIMPROVING,134,57,12666721.0
FIX_Q3_ENHANCED_C_10_E10,Q3,LOW_IMPROVING,HIGH_IMPROVING,36,24,3798098.0
FIX_Q3_ENHANCED_C_10_E10,Q3,LOW_IMPROVING,HIGH_NONIMPROVING,5,5,469680.0
FIX_Q3_ENHANCED_C_10_E10,Q3,LOW_IMPROVING,LOW_IMPROVING,716,200,74482195.92999999
FIX_Q3_ENHANCED_C_10_E10,Q3,LOW_IMPROVING,LOW_NONIMPROVING,288,89,28580416.97
FIX_Q3_ENHANCED_C_10_E10,Q3,LOW_NONIMPROVING,HIGH_IMPROVING,63,35,6899677.0
FIX_Q3_ENHANCED_C_10_E10,Q3,LOW_NONIMPROVING,HIGH_NONIMPROVING,30,26,3227030.0
FIX_Q3_ENHANCED_C_10_E10,Q3,LOW_NONIMPROVING,LOW_IMPROVING,250,108,24321100.560000002
FIX_Q3_ENHANCED_C_10_E10,Q3,LOW_NONIMPROVING,LOW_NONIMPROVING,527,208,50494251.96
FIX_Q3_ENHANCED_C_10_EST,Q3,HIGH_IMPROVING,HIGH_IMPROVING,416,161,44448712.010000005
FIX_Q3_ENHANCED_C_10_EST,Q3,HIGH_IMPROVING,HIGH_NONIMPROVING,290,148,31421650.18
FIX_Q3_ENHANCED_C_10_EST,Q3,HIGH_IMPROVING,LOW_IMPROVING,11,8,1298422.72
FIX_Q3_ENHANCED_C_10_EST,Q3,HIGH_IMPROVING,LOW_NONIMPROVING,61,40,7722088.9399999995
FIX_Q3_ENHANCED_C_10_EST,Q3,HIGH_NONIMPROVING,HIGH_IMPROVING,187,77,21594628.25
FIX_Q3_ENHANCED_C_10_EST,Q3,HIGH_NONIMPROVING,HIGH_NONIMPROVING,493,170,51640464.25
FIX_Q3_ENHANCED_C_10_EST,Q3,HIGH_NONIMPROVING,LOW_IMPROVING,7,5,858727.0
FIX_Q3_ENHANCED_C_10_EST,Q3,HIGH_NONIMPROVING,LOW_NONIMPROVING,94,52,10235497.0
FIX_Q3_ENHANCED_C_10_EST,Q3,LOW_IMPROVING,HIGH_IMPROVING,36,25,4080853.0
FIX_Q3_ENHANCED_C_10_EST,Q3,LOW_IMPROVING,HIGH_NONIMPROVING,11,11,1332033.0
FIX_Q3_ENHANCED_C_10_EST,Q3,LOW_IMPROVING,LOW_IMPROVING,624,193,62310721.71
FIX_Q3_ENHANCED_C_10_EST,Q3,LOW_IMPROVING,LOW_NONIMPROVING,235,95,24201063.4
FIX_Q3_ENHANCED_C_10_EST,Q3,LOW_NONIMPROVING,HIGH_IMPROVING,77,58,9464973.0
FIX_Q3_ENHANCED_C_10_EST,Q3,LOW_NONIMPROVING,HIGH_NONIMPROVING,32,30,4057911.0
FIX_Q3_ENHANCED_C_10_EST,Q3,LOW_NONIMPROVING,LOW_IMPROVING,297,135,31923191.89
FIX_Q3_ENHANCED_C_10_EST,Q3,LOW_NONIMPROVING,LOW_NONIMPROVING,465,190,45453676.32
FIX_Q3_ENHANCED_C_MAX_E10,Q3,HIGH_IMPROVING,HIGH_IMPROVING,315,83,46368919.6
FIX_Q3_ENHANCED_C_MAX_E10,Q3,HIGH_IMPROVING,HIGH_NONIMPROVING,142,49,20813325.56
FIX_Q3_ENHANCED_C_MAX_E10,Q3,HIGH_IMPROVING,LOW_IMPROVING,2,2,320126.0
FIX_Q3_ENHANCED_C_MAX_E10,Q3,HIGH_IMPROVING,LOW_NONIMPROVING,73,30,6545093.16
FIX_Q3_ENHANCED_C_MAX_E10,Q3,HIGH_NONIMPROVING,HIGH_IMPROVING,95,34,12124079.0
FIX_Q3_ENHANCED_C_MAX_E10,Q3,HIGH_NONIMPROVING,HIGH_NONIMPROVING,355,111,52377774.72
FIX_Q3_ENHANCED_C_MAX_E10,Q3,HIGH_NONIMPROVING,LOW_NONIMPROVING,90,32,11482176.0
FIX_Q3_ENHANCED_C_MAX_E10,Q3,LOW_IMPROVING,HIGH_IMPROVING,16,13,3682676.0
FIX_Q3_ENHANCED_C_MAX_E10,Q3,LOW_IMPROVING,LOW_IMPROVING,444,124,59520271.86
FIX_Q3_ENHANCED_C_MAX_E10,Q3,LOW_IMPROVING,LOW_NONIMPROVING,262,74,30071871.72
FIX_Q3_ENHANCED_C_MAX_E10,Q3,LOW_NONIMPROVING,HIGH_IMPROVING,6,4,941291.0
FIX_Q3_ENHANCED_C_MAX_E10,Q3,LOW_NONIMPROVING,HIGH_NONIMPROVING,4,2,708205.0
FIX_Q3_ENHANCED_C_MAX_E10,Q3,LOW_NONIMPROVING,LOW_IMPROVING,149,44,17276454.43
FIX_Q3_ENHANCED_C_MAX_E10,Q3,LOW_NONIMPROVING,LOW_NONIMPROVING,281,90,34697212.67
FIX_Q3_ENHANCED_C_MAX_EST,Q3,HIGH_IMPROVING,HIGH_IMPROVING,300,100,41271055.16
FIX_Q3_ENHANCED_C_MAX_EST,Q3,HIGH_IMPROVING,HIGH_NONIMPROVING,137,69,18230363.86
FIX_Q3_ENHANCED_C_MAX_EST,Q3,HIGH_IMPROVING,LOW_IMPROVING,3,3,769234.62
FIX_Q3_ENHANCED_C_MAX_EST,Q3,HIGH_IMPROVING,LOW_NONIMPROVING,41,28,5652954.9399999995
FIX_Q3_ENHANCED_C_MAX_EST,Q3,HIGH_NONIMPROVING,HIGH_IMPROVING,147,56,21943169.87
FIX_Q3_ENHANCED_C_MAX_EST,Q3,HIGH_NONIMPROVING,HIGH_NONIMPROVING,334,101,48696831.79
FIX_Q3_ENHANCED_C_MAX_EST,Q3,HIGH_NONIMPROVING,LOW_IMPROVING,6,4,1139635.0
FIX_Q3_ENHANCED_C_MAX_EST,Q3,HIGH_NONIMPROVING,LOW_NONIMPROVING,47,28,8858063.0
FIX_Q3_ENHANCED_C_MAX_EST,Q3,LOW_IMPROVING,HIGH_IMPROVING,18,18,4165210.0
FIX_Q3_ENHANCED_C_MAX_EST,Q3,LOW_IMPROVING,HIGH_NONIMPROVING,9,9,2041039.0
FIX_Q3_ENHANCED_C_MAX_EST,Q3,LOW_IMPROVING,LOW_IMPROVING,394,117,49424646.0
FIX_Q3_ENHANCED_C_MAX_EST,Q3,LOW_IMPROVING,LOW_NONIMPROVING,156,75,19387306.0
FIX_Q3_ENHANCED_C_MAX_EST,Q3,LOW_NONIMPROVING,HIGH_IMPROVING,27,14,3919617.0
FIX_Q3_ENHANCED_C_MAX_EST,Q3,LOW_NONIMPROVING,HIGH_NONIMPROVING,12,12,2955424.0
FIX_Q3_ENHANCED_C_MAX_EST,Q3,LOW_NONIMPROVING,LOW_IMPROVING,156,53,23912468.830000002
FIX_Q3_ENHANCED_C_MAX_EST,Q3,LOW_NONIMPROVING,LOW_NONIMPROVING,239,95,38965354.81
FIX_Q3_ENHANCED_C_ONE_E10,Q3,HIGH_IMPROVING,HIGH_IMPROVING,15,15,11689972.0
FIX_Q3_ENHANCED_C_ONE_E10,Q3,HIGH_IMPROVING,HIGH_NONIMPROVING,5,5,4421968.0
FIX_Q3_ENHANCED_C_ONE_E10,Q3,HIGH_NONIMPROVING,HIGH_NONIMPROVING,19,19,20503186.0
FIX_Q3_ENHANCED_C_ONE_E10,Q3,HIGH_NONIMPROVING,LOW_NONIMPROVING,1,1,1148934.0
FIX_Q3_ENHANCED_C_ONE_E10,Q3,LOW_IMPROVING,LOW_IMPROVING,24,24,26088039.0
FIX_Q3_ENHANCED_C_ONE_E10,Q3,LOW_IMPROVING,LOW_NONIMPROVING,16,16,16579201.0
FIX_Q3_ENHANCED_C_ONE_E10,Q3,LOW_NONIMPROVING,LOW_IMPROVING,6,6,5398864.0
FIX_Q3_ENHANCED_C_ONE_E10,Q3,LOW_NONIMPROVING,LOW_NONIMPROVING,14,14,13501401.0
FIX_Q3_ENHANCED_C_ONE_EST,Q3,HIGH_IMPROVING,HIGH_IMPROVING,11,11,10299619.0
FIX_Q3_ENHANCED_C_ONE_EST,Q3,HIGH_IMPROVING,HIGH_NONIMPROVING,1,1,931892.0
FIX_Q3_ENHANCED_C_ONE_EST,Q3,HIGH_NONIMPROVING,HIGH_IMPROVING,12,12,16587788.0
FIX_Q3_ENHANCED_C_ONE_EST,Q3,HIGH_NONIMPROVING,HIGH_NONIMPROVING,7,7,7345499.0
FIX_Q3_ENHANCED_C_ONE_EST,Q3,LOW_IMPROVING,LOW_IMPROVING,16,16,23166065.0
FIX_Q3_ENHANCED_C_ONE_EST,Q3,LOW_IMPROVING,LOW_NONIMPROVING,4,4,5338632.0
FIX_Q3_ENHANCED_C_ONE_EST,Q3,LOW_NONIMPROVING,LOW_IMPROVING,2,2,2394540.0
FIX_Q3_ENHANCED_C_ONE_EST,Q3,LOW_NONIMPROVING,LOW_NONIMPROVING,19,19,24385946.0
PARITY_H02_C_10,H02,HIGH_IMPROVING,HIGH_IMPROVING,879,187,118102488.00999999
PARITY_H02_C_10,H02,HIGH_IMPROVING,HIGH_NONIMPROVING,549,151,75829858.22
PARITY_H02_C_10,H02,HIGH_IMPROVING,LOW_IMPROVING,44,18,5962438.0
PARITY_H02_C_10,H02,HIGH_IMPROVING,LOW_NONIMPROVING,169,54,24686019.0
PARITY_H02_C_10,H02,HIGH_NONIMPROVING,HIGH_IMPROVING,386,99,52786570.61
PARITY_H02_C_10,H02,HIGH_NONIMPROVING,HIGH_NONIMPROVING,1098,204,147403469.26
PARITY_H02_C_10,H02,HIGH_NONIMPROVING,LOW_IMPROVING,2,2,261016.0
PARITY_H02_C_10,H02,HIGH_NONIMPROVING,LOW_NONIMPROVING,326,94,38332024.46
PARITY_H02_C_10,H02,LOW_IMPROVING,HIGH_IMPROVING,220,58,30829581.36
PARITY_H02_C_10,H02,LOW_IMPROVING,HIGH_NONIMPROVING,42,14,6223208.21
PARITY_H02_C_10,H02,LOW_IMPROVING,LOW_IMPROVING,1276,233,169564607.2
PARITY_H02_C_10,H02,LOW_IMPROVING,LOW_NONIMPROVING,573,137,72734906.09
PARITY_H02_C_10,H02,LOW_NONIMPROVING,HIGH_IMPROVING,186,56,23357523.12
PARITY_H02_C_10,H02,LOW_NONIMPROVING,HIGH_NONIMPROVING,51,29,7046456.34
PARITY_H02_C_10,H02,LOW_NONIMPROVING,LOW_IMPROVING,670,177,87032610.87
PARITY_H02_C_10,H02,LOW_NONIMPROVING,LOW_NONIMPROVING,1340,276,171249110.68
PAST_ONLY_D08_C_10,D08,HIGH_IMPROVING,HIGH_IMPROVING,495,125,52869763.34
PAST_ONLY_D08_C_10,D08,HIGH_IMPROVING,HIGH_NONIMPROVING,340,108,36004926.85
PAST_ONLY_D08_C_10,D08,HIGH_IMPROVING,LOW_IMPROVING,28,10,2824165.0
PAST_ONLY_D08_C_10,D08,HIGH_IMPROVING,LOW_NONIMPROVING,102,39,10767954.35
PAST_ONLY_D08_C_10,D08,HIGH_NONIMPROVING,HIGH_IMPROVING,335,81,36969741.32
PAST_ONLY_D08_C_10,D08,HIGH_NONIMPROVING,HIGH_NONIMPROVING,949,178,101277114.72
PAST_ONLY_D08_C_10,D08,HIGH_NONIMPROVING,LOW_IMPROVING,2,2,216441.0
PAST_ONLY_D08_C_10,D08,HIGH_NONIMPROVING,LOW_NONIMPROVING,194,68,19911863.0
PAST_ONLY_D08_C_10,D08,LOW_IMPROVING,HIGH_IMPROVING,2,1,200782.0
PAST_ONLY_D08_C_10,D08,LOW_IMPROVING,LOW_IMPROVING,41,29,4325170.0
PAST_ONLY_D08_C_10,D08,LOW_IMPROVING,LOW_NONIMPROVING,37,17,3650893.0
PAST_ONLY_D08_C_10,D08,LOW_NONIMPROVING,HIGH_IMPROVING,52,8,5020753.0
PAST_ONLY_D08_C_10,D08,LOW_NONIMPROVING,LOW_IMPROVING,25,23,2893156.0
PAST_ONLY_D08_C_10,D08,LOW_NONIMPROVING,LOW_NONIMPROVING,83,47,8588265.4
PAST_ONLY_D08_C_MAX,D08,HIGH_IMPROVING,HIGH_IMPROVING,512,125,61415962.28
PAST_ONLY_D08_C_MAX,D08,HIGH_IMPROVING,HIGH_NONIMPROVING,344,104,40478935.58
PAST_ONLY_D08_C_MAX,D08,HIGH_IMPROVING,LOW_IMPROVING,28,10,6553374.0
PAST_ONLY_D08_C_MAX,D08,HIGH_IMPROVING,LOW_NONIMPROVING,101,39,11183752.09
PAST_ONLY_D08_C_MAX,D08,HIGH_NONIMPROVING,HIGH_IMPROVING,323,82,36518947.04
PAST_ONLY_D08_C_MAX,D08,HIGH_NONIMPROVING,HIGH_NONIMPROVING,828,177,99827716.30000001
PAST_ONLY_D08_C_MAX,D08,HIGH_NONIMPROVING,LOW_IMPROVING,2,2,718100.0
PAST_ONLY_D08_C_MAX,D08,HIGH_NONIMPROVING,LOW_NONIMPROVING,177,63,24844360.0
PAST_ONLY_D08_C_MAX,D08,LOW_IMPROVING,HIGH_IMPROVING,2,1,17086.0
PAST_ONLY_D08_C_MAX,D08,LOW_IMPROVING,LOW_IMPROVING,35,28,11913434.0
PAST_ONLY_D08_C_MAX,D08,LOW_IMPROVING,LOW_NONIMPROVING,33,15,5933262.0
PAST_ONLY_D08_C_MAX,D08,LOW_NONIMPROVING,HIGH_IMPROVING,22,8,7165185.0
PAST_ONLY_D08_C_MAX,D08,LOW_NONIMPROVING,LOW_IMPROVING,25,23,8774807.0
PAST_ONLY_D08_C_MAX,D08,LOW_NONIMPROVING,LOW_NONIMPROVING,63,46,27474538.0
R0_POOL_C_10,D08,HIGH_IMPROVING,HIGH_IMPROVING,285,147,39863182.0
R0_POOL_C_10,D08,HIGH_IMPROVING,HIGH_NONIMPROVING,181,94,24637219.0
R0_POOL_C_10,D08,HIGH_IMPROVING,LOW_IMPROVING,16,11,2461890.0
R0_POOL_C_10,D08,HIGH_IMPROVING,LOW_NONIMPROVING,48,31,6832592.0
R0_POOL_C_10,D08,HIGH_NONIMPROVING,HIGH_IMPROVING,121,70,15846824.86
R0_POOL_C_10,D08,HIGH_NONIMPROVING,HIGH_NONIMPROVING,308,161,43255702.25
R0_POOL_C_10,D08,HIGH_NONIMPROVING,LOW_NONIMPROVING,91,56,13285696.0
R0_POOL_C_10,D08,LOW_IMPROVING,HIGH_IMPROVING,41,33,5819945.15
R0_POOL_C_10,D08,LOW_IMPROVING,HIGH_NONIMPROVING,5,5,720443.4
R0_POOL_C_10,D08,LOW_IMPROVING,LOW_IMPROVING,136,90,20210672.33
R0_POOL_C_10,D08,LOW_IMPROVING,LOW_NONIMPROVING,88,55,11194970.76
R0_POOL_C_10,D08,LOW_NONIMPROVING,HIGH_IMPROVING,31,26,4339746.0
R0_POOL_C_10,D08,LOW_NONIMPROVING,HIGH_NONIMPROVING,4,4,585278.0
R0_POOL_C_10,D08,LOW_NONIMPROVING,LOW_IMPROVING,59,49,8052596.0
R0_POOL_C_10,D08,LOW_NONIMPROVING,LOW_NONIMPROVING,96,85,12365358.0
R0_POOL_C_10,H01,HIGH_IMPROVING,HIGH_IMPROVING,128,104,17394961.32
R0_POOL_C_10,H01,HIGH_IMPROVING,HIGH_NONIMPROVING,93,77,12814485.350000001
R0_POOL_C_10,H01,HIGH_IMPROVING,LOW_IMPROVING,4,4,489229.0
R0_POOL_C_10,H01,HIGH_IMPROVING,LOW_NONIMPROVING,25,25,3120378.0
R0_POOL_C_10,H01,HIGH_NONIMPROVING,HIGH_IMPROVING,69,49,9829053.0
R0_POOL_C_10,H01,HIGH_NONIMPROVING,HIGH_NONIMPROVING,172,119,24001810.0
R0_POOL_C_10,H01,HIGH_NONIMPROVING,LOW_NONIMPROVING,79,52,9973552.0
R0_POOL_C_10,H01,LOW_IMPROVING,HIGH_IMPROVING,42,30,6244901.640000001
R0_POOL_C_10,H01,LOW_IMPROVING,HIGH_NONIMPROVING,10,5,1449382.0
R0_POOL_C_10,H01,LOW_IMPROVING,LOW_IMPROVING,212,121,32044844.79
R0_POOL_C_10,H01,LOW_IMPROVING,LOW_NONIMPROVING,96,59,13425683.7
R0_POOL_C_10,H01,LOW_NONIMPROVING,HIGH_IMPROVING,29,21,3378467.0
R0_POOL_C_10,H01,LOW_NONIMPROVING,LOW_IMPROVING,107,74,14447592.5
R0_POOL_C_10,H01,LOW_NONIMPROVING,LOW_NONIMPROVING,244,171,33047527.56
R0_POOL_C_10,H02,HIGH_IMPROVING,HIGH_IMPROVING,495,169,70286733.75
R0_POOL_C_10,H02,HIGH_IMPROVING,HIGH_NONIMPROVING,320,130,46860425.78
R0_POOL_C_10,H02,HIGH_IMPROVING,LOW_IMPROVING,40,18,5600513.0
R0_POOL_C_10,H02,HIGH_IMPROVING,LOW_NONIMPROVING,75,49,11605679.5
R0_POOL_C_10,H02,HIGH_NONIMPROVING,HIGH_IMPROVING,200,86,28415935.52
R0_POOL_C_10,H02,HIGH_NONIMPROVING,HIGH_NONIMPROVING,631,190,86320085.7
R0_POOL_C_10,H02,HIGH_NONIMPROVING,LOW_IMPROVING,1,1,144786.0
R0_POOL_C_10,H02,HIGH_NONIMPROVING,LOW_NONIMPROVING,188,78,22614176.1
R0_POOL_C_10,H02,LOW_IMPROVING,HIGH_IMPROVING,126,41,17869104.79
R0_POOL_C_10,H02,LOW_IMPROVING,HIGH_NONIMPROVING,12,7,1807621.0
R0_POOL_C_10,H02,LOW_IMPROVING,LOW_IMPROVING,969,225,135260998.32
R0_POOL_C_10,H02,LOW_IMPROVING,LOW_NONIMPROVING,394,123,52082751.989999995
R0_POOL_C_10,H02,LOW_NONIMPROVING,HIGH_IMPROVING,116,53,15308376.0
R0_POOL_C_10,H02,LOW_NONIMPROVING,HIGH_NONIMPROVING,39,22,5771321.6
R0_POOL_C_10,H02,LOW_NONIMPROVING,LOW_IMPROVING,467,159,64284479.34
R0_POOL_C_10,H02,LOW_NONIMPROVING,LOW_NONIMPROVING,1065,268,141110551.11
R0_POOL_C_MAX,D08,HIGH_IMPROVING,HIGH_IMPROVING,281,135,52107553.0
R0_POOL_C_MAX,D08,HIGH_IMPROVING,HIGH_NONIMPROVING,187,92,33777550.0
R0_POOL_C_MAX,D08,HIGH_IMPROVING,LOW_IMPROVING,15,10,3942086.0
R0_POOL_C_MAX,D08,HIGH_IMPROVING,LOW_NONIMPROVING,57,34,10858827.0
R0_POOL_C_MAX,D08,HIGH_NONIMPROVING,HIGH_IMPROVING,108,66,15730878.86
R0_POOL_C_MAX,D08,HIGH_NONIMPROVING,HIGH_NONIMPROVING,295,157,50610432.11
R0_POOL_C_MAX,D08,HIGH_NONIMPROVING,LOW_NONIMPROVING,87,52,13196452.0
R0_POOL_C_MAX,D08,LOW_IMPROVING,HIGH_IMPROVING,35,30,5765725.01
R0_POOL_C_MAX,D08,LOW_IMPROVING,HIGH_NONIMPROVING,6,5,674466.56
R0_POOL_C_MAX,D08,LOW_IMPROVING,LOW_IMPROVING,130,86,20306097.23
R0_POOL_C_MAX,D08,LOW_IMPROVING,LOW_NONIMPROVING,89,56,12368737.76
R0_POOL_C_MAX,D08,LOW_NONIMPROVING,HIGH_IMPROVING,31,26,4186915.0
R0_POOL_C_MAX,D08,LOW_NONIMPROVING,HIGH_NONIMPROVING,4,4,806989.0
R0_POOL_C_MAX,D08,LOW_NONIMPROVING,LOW_IMPROVING,58,57,7394901.0
R0_POOL_C_MAX,D08,LOW_NONIMPROVING,LOW_NONIMPROVING,107,97,14557394.0
R0_POOL_C_MAX,H01,HIGH_IMPROVING,HIGH_IMPROVING,125,103,18388231.8
R0_POOL_C_MAX,H01,HIGH_IMPROVING,HIGH_NONIMPROVING,95,79,14804437.5
R0_POOL_C_MAX,H01,HIGH_IMPROVING,LOW_IMPROVING,4,4,472147.0
R0_POOL_C_MAX,H01,HIGH_IMPROVING,LOW_NONIMPROVING,26,26,3633954.0
R0_POOL_C_MAX,H01,HIGH_NONIMPROVING,HIGH_IMPROVING,70,49,13937203.0
R0_POOL_C_MAX,H01,HIGH_NONIMPROVING,HIGH_NONIMPROVING,181,122,31487213.0
R0_POOL_C_MAX,H01,HIGH_NONIMPROVING,LOW_NONIMPROVING,69,42,11273462.0
R0_POOL_C_MAX,H01,LOW_IMPROVING,HIGH_IMPROVING,40,30,6160837.72
R0_POOL_C_MAX,H01,LOW_IMPROVING,HIGH_NONIMPROVING,9,5,1173606.0
R0_POOL_C_MAX,H01,LOW_IMPROVING,LOW_IMPROVING,182,113,32233536.009999998
R0_POOL_C_MAX,H01,LOW_IMPROVING,LOW_NONIMPROVING,89,53,14359812.5
R0_POOL_C_MAX,H01,LOW_NONIMPROVING,HIGH_IMPROVING,35,27,5334893.0
R0_POOL_C_MAX,H01,LOW_NONIMPROVING,HIGH_NONIMPROVING,1,1,118958.0
R0_POOL_C_MAX,H01,LOW_NONIMPROVING,LOW_IMPROVING,112,79,24262168.6
R0_POOL_C_MAX,H01,LOW_NONIMPROVING,LOW_NONIMPROVING,232,170,43654093.92
R0_POOL_C_MAX,H02,HIGH_IMPROVING,HIGH_IMPROVING,481,168,86676022.9
R0_POOL_C_MAX,H02,HIGH_IMPROVING,HIGH_NONIMPROVING,323,126,62462773.64
R0_POOL_C_MAX,H02,HIGH_IMPROVING,LOW_IMPROVING,32,17,6867092.0
R0_POOL_C_MAX,H02,HIGH_IMPROVING,LOW_NONIMPROVING,74,48,15444705.1
R0_POOL_C_MAX,H02,HIGH_NONIMPROVING,HIGH_IMPROVING,216,87,35728833.72
R0_POOL_C_MAX,H02,HIGH_NONIMPROVING,HIGH_NONIMPROVING,627,189,104698422.81
R0_POOL_C_MAX,H02,HIGH_NONIMPROVING,LOW_IMPROVING,1,1,140696.0
R0_POOL_C_MAX,H02,HIGH_NONIMPROVING,LOW_NONIMPROVING,186,80,26062647.61
R0_POOL_C_MAX,H02,LOW_IMPROVING,HIGH_IMPROVING,133,50,19987841.03
R0_POOL_C_MAX,H02,LOW_IMPROVING,HIGH_NONIMPROVING,15,6,2310946.0
R0_POOL_C_MAX,H02,LOW_IMPROVING,LOW_IMPROVING,969,227,166749975.20999998
R0_POOL_C_MAX,H02,LOW_IMPROVING,LOW_NONIMPROVING,404,131,61573403.760000005
R0_POOL_C_MAX,H02,LOW_NONIMPROVING,HIGH_IMPROVING,117,48,18831527.0
R0_POOL_C_MAX,H02,LOW_NONIMPROVING,HIGH_NONIMPROVING,38,19,8480703.2
R0_POOL_C_MAX,H02,LOW_NONIMPROVING,LOW_IMPROVING,467,159,93098478.19999999
R0_POOL_C_MAX,H02,LOW_NONIMPROVING,LOW_NONIMPROVING,1042,263,174390800.52
R1_CURRENT_H02_C_10,H02,HIGH_IMPROVING,HIGH_IMPROVING,917,177,101900193.17
R1_CURRENT_H02_C_10,H02,HIGH_IMPROVING,HIGH_NONIMPROVING,525,130,59418155.26
R1_CURRENT_H02_C_10,H02,HIGH_IMPROVING,LOW_IMPROVING,53,19,5551255.0
R1_CURRENT_H02_C_10,H02,HIGH_IMPROVING,LOW_NONIMPROVING,176,48,20827505.2
R1_CURRENT_H02_C_10,H02,HIGH_NONIMPROVING,HIGH_IMPROVING,356,96,40707459.96
R1_CURRENT_H02_C_10,H02,HIGH_NONIMPROVING,HIGH_NONIMPROVING,1078,200,118644930.17
R1_CURRENT_H02_C_10,H02,HIGH_NONIMPROVING,LOW_IMPROVING,4,2,404441.0
R1_CURRENT_H02_C_10,H02,HIGH_NONIMPROVING,LOW_NONIMPROVING,324,93,32301844.54
R1_CURRENT_H02_C_10,H02,LOW_IMPROVING,HIGH_IMPROVING,200,59,22144650.48
R1_CURRENT_H02_C_10,H02,LOW_IMPROVING,HIGH_NONIMPROVING,77,15,9140496.83
R1_CURRENT_H02_C_10,H02,LOW_IMPROVING,LOW_IMPROVING,805,151,88115670.56
R1_CURRENT_H02_C_10,H02,LOW_IMPROVING,LOW_NONIMPROVING,379,86,39711315.44
R1_CURRENT_H02_C_10,H02,LOW_NONIMPROVING,HIGH_IMPROVING,191,50,19919771.62
R1_CURRENT_H02_C_10,H02,LOW_NONIMPROVING,HIGH_NONIMPROVING,47,26,5313859.0
R1_CURRENT_H02_C_10,H02,LOW_NONIMPROVING,LOW_IMPROVING,408,110,43479037.3
R1_CURRENT_H02_C_10,H02,LOW_NONIMPROVING,LOW_NONIMPROVING,971,212,100998277.15
R1_CURRENT_H02_C_MAX,H02,HIGH_IMPROVING,HIGH_IMPROVING,907,174,121631123.19
R1_CURRENT_H02_C_MAX,H02,HIGH_IMPROVING,HIGH_NONIMPROVING,500,128,64189764.62
R1_CURRENT_H02_C_MAX,H02,HIGH_IMPROVING,LOW_IMPROVING,47,18,9480494.0
R1_CURRENT_H02_C_MAX,H02,HIGH_IMPROVING,LOW_NONIMPROVING,167,44,21472250.0
R1_CURRENT_H02_C_MAX,H02,HIGH_NONIMPROVING,HIGH_IMPROVING,362,96,49683032.2
R1_CURRENT_H02_C_MAX,H02,HIGH_NONIMPROVING,HIGH_NONIMPROVING,1086,199,163609591.68
R1_CURRENT_H02_C_MAX,H02,HIGH_NONIMPROVING,LOW_IMPROVING,5,2,264567.0
R1_CURRENT_H02_C_MAX,H02,HIGH_NONIMPROVING,LOW_NONIMPROVING,319,93,43647476.3
R1_CURRENT_H02_C_MAX,H02,LOW_IMPROVING,HIGH_IMPROVING,183,55,28834599.72
R1_CURRENT_H02_C_MAX,H02,LOW_IMPROVING,HIGH_NONIMPROVING,63,11,8669214.32
R1_CURRENT_H02_C_MAX,H02,LOW_IMPROVING,LOW_IMPROVING,795,149,110632895.09
R1_CURRENT_H02_C_MAX,H02,LOW_IMPROVING,LOW_NONIMPROVING,360,85,45776312.62
R1_CURRENT_H02_C_MAX,H02,LOW_NONIMPROVING,HIGH_IMPROVING,190,50,26454936.79
R1_CURRENT_H02_C_MAX,H02,LOW_NONIMPROVING,HIGH_NONIMPROVING,50,26,6719718.8
R1_CURRENT_H02_C_MAX,H02,LOW_NONIMPROVING,LOW_IMPROVING,402,108,59771257.949999996
R1_CURRENT_H02_C_MAX,H02,LOW_NONIMPROVING,LOW_NONIMPROVING,965,210,131097027.72
R1_LEVEL_D08_C3_C_10,D08,HIGH_IMPROVING,HIGH_IMPROVING,722,167,80197086.57
R1_LEVEL_D08_C3_C_10,D08,HIGH_IMPROVING,HIGH_NONIMPROVING,441,142,48517579.51
R1_LEVEL_D08_C3_C_10,D08,HIGH_IMPROVING,LOW_IMPROVING,65,17,7504652.0
R1_LEVEL_D08_C3_C_10,D08,HIGH_IMPROVING,LOW_NONIMPROVING,116,50,12862893.46
R1_LEVEL_D08_C3_C_10,D08,HIGH_NONIMPROVING,HIGH_IMPROVING,350,79,39380762.5
R1_LEVEL_D08_C3_C_10,D08,HIGH_NONIMPROVING,HIGH_NONIMPROVING,917,177,101465575.72999999
R1_LEVEL_D08_C3_C_10,D08,HIGH_NONIMPROVING,LOW_IMPROVING,2,2,222667.0
R1_LEVEL_D08_C3_C_10,D08,HIGH_NONIMPROVING,LOW_NONIMPROVING,191,68,20852389.0
R1_LEVEL_D08_C3_C_10,D08,LOW_IMPROVING,HIGH_IMPROVING,18,10,1804796.0
R1_LEVEL_D08_C3_C_10,D08,LOW_IMPROVING,HIGH_NONIMPROVING,1,1,88821.0
R1_LEVEL_D08_C3_C_10,D08,LOW_IMPROVING,LOW_IMPROVING,18,7,1829613.0
R1_LEVEL_D08_C3_C_10,D08,LOW_IMPROVING,LOW_NONIMPROVING,3,3,270936.0
R1_LEVEL_D08_C3_C_10,D08,LOW_NONIMPROVING,HIGH_IMPROVING,16,11,1877736.0
R1_LEVEL_D08_C3_C_10,D08,LOW_NONIMPROVING,HIGH_NONIMPROVING,5,4,569662.0
R1_LEVEL_D08_C3_C_10,D08,LOW_NONIMPROVING,LOW_NONIMPROVING,19,15,2216648.0
R1_LEVEL_D08_C3_C_MAX,D08,HIGH_IMPROVING,HIGH_IMPROVING,662,162,91235348.74000001
R1_LEVEL_D08_C3_C_MAX,D08,HIGH_IMPROVING,HIGH_NONIMPROVING,427,129,45312467.09
R1_LEVEL_D08_C3_C_MAX,D08,HIGH_IMPROVING,LOW_IMPROVING,40,17,8348594.0
R1_LEVEL_D08_C3_C_MAX,D08,HIGH_IMPROVING,LOW_NONIMPROVING,115,49,14012245.09
R1_LEVEL_D08_C3_C_MAX,D08,HIGH_NONIMPROVING,HIGH_IMPROVING,321,82,38095766.12
R1_LEVEL_D08_C3_C_MAX,D08,HIGH_NONIMPROVING,HIGH_NONIMPROVING,752,171,99231370.12
R1_LEVEL_D08_C3_C_MAX,D08,HIGH_NONIMPROVING,LOW_IMPROVING,2,2,665900.0
R1_LEVEL_D08_C3_C_MAX,D08,HIGH_NONIMPROVING,LOW_NONIMPROVING,155,60,23501690.0
R1_LEVEL_D08_C3_C_MAX,D08,LOW_IMPROVING,HIGH_IMPROVING,14,10,1557553.0
R1_LEVEL_D08_C3_C_MAX,D08,LOW_IMPROVING,HIGH_NONIMPROVING,1,1,88821.0
R1_LEVEL_D08_C3_C_MAX,D08,LOW_IMPROVING,LOW_IMPROVING,12,7,1354037.0
R1_LEVEL_D08_C3_C_MAX,D08,LOW_IMPROVING,LOW_NONIMPROVING,3,3,270936.0
R1_LEVEL_D08_C3_C_MAX,D08,LOW_NONIMPROVING,HIGH_IMPROVING,16,11,2312292.0
R1_LEVEL_D08_C3_C_MAX,D08,LOW_NONIMPROVING,HIGH_NONIMPROVING,4,3,590932.0
R1_LEVEL_D08_C3_C_MAX,D08,LOW_NONIMPROVING,LOW_NONIMPROVING,10,6,1296492.0
R1_LEVEL_D08_COST2_C_10,D08,HIGH_IMPROVING,HIGH_IMPROVING,762,167,79471876.65
R1_LEVEL_D08_COST2_C_10,D08,HIGH_IMPROVING,HIGH_NONIMPROVING,428,139,44045439.06
R1_LEVEL_D08_COST2_C_10,D08,HIGH_IMPROVING,LOW_IMPROVING,78,17,8377164.0
R1_LEVEL_D08_COST2_C_10,D08,HIGH_IMPROVING,LOW_NONIMPROVING,117,50,11940907.3
R1_LEVEL_D08_COST2_C_10,D08,HIGH_NONIMPROVING,HIGH_IMPROVING,341,80,35792245.739999995
R1_LEVEL_D08_COST2_C_10,D08,HIGH_NONIMPROVING,HIGH_NONIMPROVING,908,176,93341829.69
R1_LEVEL_D08_COST2_C_10,D08,HIGH_NONIMPROVING,LOW_IMPROVING,2,2,207764.0
R1_LEVEL_D08_COST2_C_10,D08,HIGH_NONIMPROVING,LOW_NONIMPROVING,189,68,18989442.0
R1_LEVEL_D08_COST2_C_MAX,D08,HIGH_IMPROVING,HIGH_IMPROVING,697,165,91270263.28999999
R1_LEVEL_D08_COST2_C_MAX,D08,HIGH_IMPROVING,HIGH_NONIMPROVING,425,134,46186947.52
R1_LEVEL_D08_COST2_C_MAX,D08,HIGH_IMPROVING,LOW_IMPROVING,77,17,8740551.0
R1_LEVEL_D08_COST2_C_MAX,D08,HIGH_IMPROVING,LOW_NONIMPROVING,116,50,13954677.09
R1_LEVEL_D08_COST2_C_MAX,D08,HIGH_NONIMPROVING,HIGH_IMPROVING,309,78,38035279.18
R1_LEVEL_D08_COST2_C_MAX,D08,HIGH_NONIMPROVING,HIGH_NONIMPROVING,795,175,101350686.28
R1_LEVEL_D08_COST2_C_MAX,D08,HIGH_NONIMPROVING,LOW_IMPROVING,2,2,745760.0
R1_LEVEL_D08_COST2_C_MAX,D08,HIGH_NONIMPROVING,LOW_NONIMPROVING,154,60,24700570.0
R1_LEVEL_D08_C_10_CA,D08,HIGH_IMPROVING,HIGH_IMPROVING,748,167,80833923.21000001
R1_LEVEL_D08_C_10_CA,D08,HIGH_IMPROVING,HIGH_NONIMPROVING,422,138,45319962.879999995
R1_LEVEL_D08_C_10_CA,D08,HIGH_IMPROVING,LOW_IMPROVING,78,17,8782230.0
R1_LEVEL_D08_C_10_CA,D08,HIGH_IMPROVING,LOW_NONIMPROVING,117,50,12463403.31
R1_LEVEL_D08_C_10_CA,D08,HIGH_NONIMPROVING,HIGH_IMPROVING,351,79,38150421.480000004
R1_LEVEL_D08_C_10_CA,D08,HIGH_NONIMPROVING,HIGH_NONIMPROVING,927,177,98936600.56
R1_LEVEL_D08_C_10_CA,D08,HIGH_NONIMPROVING,LOW_IMPROVING,2,2,217573.0
R1_LEVEL_D08_C_10_CA,D08,HIGH_NONIMPROVING,LOW_NONIMPROVING,190,68,19922559.0
R1_LEVEL_D08_C_MAX_CA,D08,HIGH_IMPROVING,HIGH_IMPROVING,712,165,94034245.68
R1_LEVEL_D08_C_MAX_CA,D08,HIGH_IMPROVING,HIGH_NONIMPROVING,410,131,44804157.84
R1_LEVEL_D08_C_MAX_CA,D08,HIGH_IMPROVING,LOW_IMPROVING,77,17,8633574.0
R1_LEVEL_D08_C_MAX_CA,D08,HIGH_IMPROVING,LOW_NONIMPROVING,116,50,13763026.09
R1_LEVEL_D08_C_MAX_CA,D08,HIGH_NONIMPROVING,HIGH_IMPROVING,325,80,37857366.739999995
R1_LEVEL_D08_C_MAX_CA,D08,HIGH_NONIMPROVING,HIGH_NONIMPROVING,787,175,100858461.6
R1_LEVEL_D08_C_MAX_CA,D08,HIGH_NONIMPROVING,LOW_IMPROVING,2,2,723632.0
R1_LEVEL_D08_C_MAX_CA,D08,HIGH_NONIMPROVING,LOW_NONIMPROVING,166,60,25141686.0
R1_LEVEL_D08_C_ONE,D08,HIGH_IMPROVING,HIGH_IMPROVING,94,94,51562976.0
R1_LEVEL_D08_C_ONE,D08,HIGH_IMPROVING,HIGH_NONIMPROVING,46,46,27890507.0
R1_LEVEL_D08_C_ONE,D08,HIGH_IMPROVING,LOW_IMPROVING,10,10,2038895.0
R1_LEVEL_D08_C_ONE,D08,HIGH_IMPROVING,LOW_NONIMPROVING,10,10,1928982.0
R1_LEVEL_D08_C_ONE,D08,HIGH_NONIMPROVING,HIGH_IMPROVING,54,54,30943411.0
R1_LEVEL_D08_C_ONE,D08,HIGH_NONIMPROVING,HIGH_NONIMPROVING,121,121,54866087.0
R1_LEVEL_D08_C_ONE,D08,HIGH_NONIMPROVING,LOW_IMPROVING,2,2,754519.0
R1_LEVEL_D08_C_ONE,D08,HIGH_NONIMPROVING,LOW_NONIMPROVING,33,33,11064769.0
R1_LEVEL_D08_DELAY1_C_10,D08,HIGH_IMPROVING,HIGH_IMPROVING,599,136,69264895.92
R1_LEVEL_D08_DELAY1_C_10,D08,HIGH_IMPROVING,HIGH_NONIMPROVING,542,154,62680462.980000004
R1_LEVEL_D08_DELAY1_C_10,D08,HIGH_IMPROVING,LOW_IMPROVING,86,17,10971268.399999999
R1_LEVEL_D08_DELAY1_C_10,D08,HIGH_IMPROVING,LOW_NONIMPROVING,146,55,16449329.5
R1_LEVEL_D08_DELAY1_C_10,D08,HIGH_NONIMPROVING,HIGH_IMPROVING,363,84,44048859.45
R1_LEVEL_D08_DELAY1_C_10,D08,HIGH_NONIMPROVING,HIGH_NONIMPROVING,808,172,96794524.16
R1_LEVEL_D08_DELAY1_C_10,D08,HIGH_NONIMPROVING,LOW_IMPROVING,7,5,820413.0
R1_LEVEL_D08_DELAY1_C_10,D08,HIGH_NONIMPROVING,LOW_NONIMPROVING,232,75,27826812.099999998
R1_LEVEL_D08_DELAY1_C_MAX,D08,HIGH_IMPROVING,HIGH_IMPROVING,610,136,82148829.36
R1_LEVEL_D08_DELAY1_C_MAX,D08,HIGH_IMPROVING,HIGH_NONIMPROVING,509,150,67245342.37
R1_LEVEL_D08_DELAY1_C_MAX,D08,HIGH_IMPROVING,LOW_IMPROVING,86,17,13321968.350000001
R1_LEVEL_D08_DELAY1_C_MAX,D08,HIGH_IMPROVING,LOW_NONIMPROVING,138,51,18144245.27
R1_LEVEL_D08_DELAY1_C_MAX,D08,HIGH_NONIMPROVING,HIGH_IMPROVING,346,84,39442826.69
R1_LEVEL_D08_DELAY1_C_MAX,D08,HIGH_NONIMPROVING,HIGH_NONIMPROVING,739,164,89155215.49000001
R1_LEVEL_D08_DELAY1_C_MAX,D08,HIGH_NONIMPROVING,LOW_IMPROVING,7,5,1374181.0
R1_LEVEL_D08_DELAY1_C_MAX,D08,HIGH_NONIMPROVING,LOW_NONIMPROVING,198,64,30220989.82
R1_S1_D08_C3_C_10,D08,HIGH_IMPROVING,HIGH_IMPROVING,664,166,73610546.67999999
R1_S1_D08_C3_C_10,D08,HIGH_IMPROVING,HIGH_NONIMPROVING,453,142,49655267.14
R1_S1_D08_C3_C_10,D08,HIGH_IMPROVING,LOW_IMPROVING,60,17,6844596.0
R1_S1_D08_C3_C_10,D08,HIGH_IMPROVING,LOW_NONIMPROVING,117,50,12797182.09
R1_S1_D08_C3_C_10,D08,HIGH_NONIMPROVING,HIGH_IMPROVING,350,79,38974988.54
R1_S1_D08_C3_C_10,D08,HIGH_NONIMPROVING,HIGH_NONIMPROVING,897,177,98060070.31
R1_S1_D08_C3_C_10,D08,HIGH_NONIMPROVING,LOW_IMPROVING,2,2,221704.0
R1_S1_D08_C3_C_10,D08,HIGH_NONIMPROVING,LOW_NONIMPROVING,201,68,21679700.0
R1_S1_D08_C3_C_10,D08,LOW_IMPROVING,HIGH_IMPROVING,134,43,14705071.37
R1_S1_D08_C3_C_10,D08,LOW_IMPROVING,HIGH_NONIMPROVING,10,6,1130209.44
R1_S1_D08_C3_C_10,D08,LOW_IMPROVING,LOW_IMPROVING,363,129,40237659.33
R1_S1_D08_C3_C_10,D08,LOW_IMPROVING,LOW_NONIMPROVING,213,84,22558263.81
R1_S1_D08_C3_C_10,D08,LOW_NONIMPROVING,HIGH_IMPROVING,20,13,2308682.0
R1_S1_D08_C3_C_10,D08,LOW_NONIMPROVING,HIGH_NONIMPROVING,6,5,683045.0
R1_S1_D08_C3_C_10,D08,LOW_NONIMPROVING,LOW_IMPROVING,15,13,1657129.0
R1_S1_D08_C3_C_10,D08,LOW_NONIMPROVING,LOW_NONIMPROVING,79,66,8655385.0
R1_S1_D08_C3_C_MAX,D08,HIGH_IMPROVING,HIGH_IMPROVING,692,160,83279241.86
R1_S1_D08_C3_C_MAX,D08,HIGH_IMPROVING,HIGH_NONIMPROVING,432,129,40254579.55
R1_S1_D08_C3_C_MAX,D08,HIGH_IMPROVING,LOW_IMPROVING,61,17,9962341.0
R1_S1_D08_C3_C_MAX,D08,HIGH_IMPROVING,LOW_NONIMPROVING,109,42,10616250.39
R1_S1_D08_C3_C_MAX,D08,HIGH_NONIMPROVING,HIGH_IMPROVING,313,82,29136164.86
R1_S1_D08_C3_C_MAX,D08,HIGH_NONIMPROVING,HIGH_NONIMPROVING,755,172,84222952.38
R1_S1_D08_C3_C_MAX,D08,HIGH_NONIMPROVING,LOW_IMPROVING,2,2,280704.0
R1_S1_D08_C3_C_MAX,D08,HIGH_NONIMPROVING,LOW_NONIMPROVING,160,62,22705983.0
R1_S1_D08_C3_C_MAX,D08,LOW_IMPROVING,HIGH_IMPROVING,78,31,10010615.059999999
R1_S1_D08_C3_C_MAX,D08,LOW_IMPROVING,HIGH_NONIMPROVING,10,6,2697681.64
R1_S1_D08_C3_C_MAX,D08,LOW_IMPROVING,LOW_IMPROVING,301,128,71350625.58
R1_S1_D08_C3_C_MAX,D08,LOW_IMPROVING,LOW_NONIMPROVING,171,76,31327440.68
R1_S1_D08_C3_C_MAX,D08,LOW_NONIMPROVING,HIGH_IMPROVING,20,13,2551920.0
R1_S1_D08_C3_C_MAX,D08,LOW_NONIMPROVING,HIGH_NONIMPROVING,5,4,671571.0
R1_S1_D08_C3_C_MAX,D08,LOW_NONIMPROVING,LOW_IMPROVING,15,13,2598076.0
R1_S1_D08_C3_C_MAX,D08,LOW_NONIMPROVING,LOW_NONIMPROVING,70,57,21064143.0
R1_S1_D08_COST2_C_10,D08,HIGH_IMPROVING,HIGH_IMPROVING,684,166,74325038.19
R1_S1_D08_COST2_C_10,D08,HIGH_IMPROVING,HIGH_NONIMPROVING,451,142,48220351.2
R1_S1_D08_COST2_C_10,D08,HIGH_IMPROVING,LOW_IMPROVING,72,17,8124609.0
R1_S1_D08_COST2_C_10,D08,HIGH_IMPROVING,LOW_NONIMPROVING,117,50,12362851.530000001
R1_S1_D08_COST2_C_10,D08,HIGH_NONIMPROVING,HIGH_IMPROVING,337,80,36770411.66
R1_S1_D08_COST2_C_10,D08,HIGH_NONIMPROVING,HIGH_NONIMPROVING,884,176,94048434.55
R1_S1_D08_COST2_C_10,D08,HIGH_NONIMPROVING,LOW_IMPROVING,2,2,213949.0
R1_S1_D08_COST2_C_10,D08,HIGH_NONIMPROVING,LOW_NONIMPROVING,197,68,20501441.0
R1_S1_D08_COST2_C_10,D08,LOW_IMPROVING,HIGH_IMPROVING,134,43,14309163.11
R1_S1_D08_COST2_C_10,D08,LOW_IMPROVING,HIGH_NONIMPROVING,10,6,1086725.1600000001
R1_S1_D08_COST2_C_10,D08,LOW_IMPROVING,LOW_IMPROVING,347,129,37450558.28
R1_S1_D08_COST2_C_10,D08,LOW_IMPROVING,LOW_NONIMPROVING,199,84,20583233.47
R1_S1_D08_COST2_C_MAX,D08,HIGH_IMPROVING,HIGH_IMPROVING,671,164,88156792.96000001
R1_S1_D08_COST2_C_MAX,D08,HIGH_IMPROVING,HIGH_NONIMPROVING,453,133,47842852.42
R1_S1_D08_COST2_C_MAX,D08,HIGH_IMPROVING,LOW_IMPROVING,68,17,10296027.0
R1_S1_D08_COST2_C_MAX,D08,HIGH_IMPROVING,LOW_NONIMPROVING,112,46,11805780.66
R1_S1_D08_COST2_C_MAX,D08,HIGH_NONIMPROVING,HIGH_IMPROVING,309,80,34192701.58
R1_S1_D08_COST2_C_MAX,D08,HIGH_NONIMPROVING,HIGH_NONIMPROVING,803,171,96219361.64999999
R1_S1_D08_COST2_C_MAX,D08,HIGH_NONIMPROVING,LOW_IMPROVING,2,2,498687.0
R1_S1_D08_COST2_C_MAX,D08,HIGH_NONIMPROVING,LOW_NONIMPROVING,166,65,28849775.0
R1_S1_D08_COST2_C_MAX,D08,LOW_IMPROVING,HIGH_IMPROVING,109,42,16059829.45
R1_S1_D08_COST2_C_MAX,D08,LOW_IMPROVING,HIGH_NONIMPROVING,10,6,3136792.84
R1_S1_D08_COST2_C_MAX,D08,LOW_IMPROVING,LOW_IMPROVING,309,129,84699122.30000001
R1_S1_D08_COST2_C_MAX,D08,LOW_IMPROVING,LOW_NONIMPROVING,172,78,37838178.05
R1_S1_D08_C_10,D08,HIGH_IMPROVING,HIGH_IMPROVING,672,166,75723522.54
R1_S1_D08_C_10,D08,HIGH_IMPROVING,HIGH_NONIMPROVING,453,142,50365307.73
R1_S1_D08_C_10,D08,HIGH_IMPROVING,LOW_IMPROVING,72,17,8552264.0
R1_S1_D08_C_10,D08,HIGH_IMPROVING,LOW_NONIMPROVING,117,50,13032518.92
R1_S1_D08_C_10,D08,HIGH_NONIMPROVING,HIGH_IMPROVING,350,79,39498200.34
R1_S1_D08_C_10,D08,HIGH_NONIMPROVING,HIGH_NONIMPROVING,897,177,99347186.39999999
R1_S1_D08_C_10,D08,HIGH_NONIMPROVING,LOW_IMPROVING,2,2,225456.0
R1_S1_D08_C_10,D08,HIGH_NONIMPROVING,LOW_NONIMPROVING,201,68,22088866.0
R1_S1_D08_C_10,D08,LOW_IMPROVING,HIGH_IMPROVING,134,43,14980672.939999998
R1_S1_D08_C_10,D08,LOW_IMPROVING,HIGH_NONIMPROVING,10,6,1143898.56
R1_S1_D08_C_10,D08,LOW_IMPROVING,LOW_IMPROVING,349,129,39850923.019999996
R1_S1_D08_C_10,D08,LOW_IMPROVING,LOW_NONIMPROVING,207,84,22571159.53
R1_S1_D08_C_MAX,D08,HIGH_IMPROVING,HIGH_IMPROVING,686,163,89956239.06
R1_S1_D08_C_MAX,D08,HIGH_IMPROVING,HIGH_NONIMPROVING,431,129,44838858.2
R1_S1_D08_C_MAX,D08,HIGH_IMPROVING,LOW_IMPROVING,68,17,10052468.0
R1_S1_D08_C_MAX,D08,HIGH_IMPROVING,LOW_NONIMPROVING,109,43,11540087.99
R1_S1_D08_C_MAX,D08,HIGH_NONIMPROVING,HIGH_IMPROVING,315,82,33566246.86
R1_S1_D08_C_MAX,D08,HIGH_NONIMPROVING,HIGH_NONIMPROVING,789,173,94283105.38
R1_S1_D08_C_MAX,D08,HIGH_NONIMPROVING,LOW_IMPROVING,2,2,480580.0
R1_S1_D08_C_MAX,D08,HIGH_NONIMPROVING,LOW_NONIMPROVING,174,65,28766982.0
R1_S1_D08_C_MAX,D08,LOW_IMPROVING,HIGH_IMPROVING,111,43,15051234.27
R1_S1_D08_C_MAX,D08,LOW_IMPROVING,HIGH_NONIMPROVING,10,6,3014859.96
R1_S1_D08_C_MAX,D08,LOW_IMPROVING,LOW_IMPROVING,309,129,81835308.07
R1_S1_D08_C_MAX,D08,LOW_IMPROVING,LOW_NONIMPROVING,180,80,37138352.1
R1_S1_D08_C_ONE,D08,HIGH_IMPROVING,HIGH_IMPROVING,96,96,50424053.0
R1_S1_D08_C_ONE,D08,HIGH_IMPROVING,HIGH_NONIMPROVING,45,45,31188497.0
R1_S1_D08_C_ONE,D08,HIGH_IMPROVING,LOW_IMPROVING,10,10,2038895.0
R1_S1_D08_C_ONE,D08,HIGH_IMPROVING,LOW_NONIMPROVING,9,9,1408254.0
R1_S1_D08_C_ONE,D08,HIGH_NONIMPROVING,HIGH_IMPROVING,47,47,27074374.0
R1_S1_D08_C_ONE,D08,HIGH_NONIMPROVING,HIGH_NONIMPROVING,114,114,59018128.0
R1_S1_D08_C_ONE,D08,HIGH_NONIMPROVING,LOW_IMPROVING,2,2,754519.0
R1_S1_D08_C_ONE,D08,HIGH_NONIMPROVING,LOW_NONIMPROVING,27,27,11226890.0
R1_S1_D08_C_ONE,D08,LOW_IMPROVING,HIGH_IMPROVING,10,10,6025424.0
R1_S1_D08_C_ONE,D08,LOW_IMPROVING,HIGH_NONIMPROVING,3,3,1041872.0
R1_S1_D08_C_ONE,D08,LOW_IMPROVING,LOW_IMPROVING,102,102,59568085.36
R1_S1_D08_C_ONE,D08,LOW_IMPROVING,LOW_NONIMPROVING,45,45,22101728.0
R1_S1_D08_DELAY1_C_10,D08,HIGH_IMPROVING,HIGH_IMPROVING,525,135,63542845.58
R1_S1_D08_DELAY1_C_10,D08,HIGH_IMPROVING,HIGH_NONIMPROVING,570,158,67845345.84
R1_S1_D08_DELAY1_C_10,D08,HIGH_IMPROVING,LOW_IMPROVING,80,17,10735418.0
R1_S1_D08_DELAY1_C_10,D08,HIGH_IMPROVING,LOW_NONIMPROVING,148,56,17408642.85
R1_S1_D08_DELAY1_C_10,D08,HIGH_NONIMPROVING,HIGH_IMPROVING,360,84,45790017.629999995
R1_S1_D08_DELAY1_C_10,D08,HIGH_NONIMPROVING,HIGH_NONIMPROVING,787,172,98267427.6
R1_S1_D08_DELAY1_C_10,D08,HIGH_NONIMPROVING,LOW_IMPROVING,7,5,842644.0
R1_S1_D08_DELAY1_C_10,D08,HIGH_NONIMPROVING,LOW_NONIMPROVING,226,75,28630464.42
R1_S1_D08_DELAY1_C_10,D08,LOW_IMPROVING,HIGH_IMPROVING,142,36,18013521.13
R1_S1_D08_DELAY1_C_10,D08,LOW_IMPROVING,HIGH_NONIMPROVING,29,15,4035940.0
R1_S1_D08_DELAY1_C_10,D08,LOW_IMPROVING,LOW_IMPROVING,299,118,38373943.29
R1_S1_D08_DELAY1_C_10,D08,LOW_IMPROVING,LOW_NONIMPROVING,250,93,32052699.25
R1_S1_D08_DELAY1_C_MAX,D08,HIGH_IMPROVING,HIGH_IMPROVING,560,132,69506240.05000001
R1_S1_D08_DELAY1_C_MAX,D08,HIGH_IMPROVING,HIGH_NONIMPROVING,520,138,56380707.489999995
R1_S1_D08_DELAY1_C_MAX,D08,HIGH_IMPROVING,LOW_IMPROVING,80,17,10689296.0
R1_S1_D08_DELAY1_C_MAX,D08,HIGH_IMPROVING,LOW_NONIMPROVING,133,52,14919960.0
R1_S1_D08_DELAY1_C_MAX,D08,HIGH_NONIMPROVING,HIGH_IMPROVING,336,84,31659727.200000003
R1_S1_D08_DELAY1_C_MAX,D08,HIGH_NONIMPROVING,HIGH_NONIMPROVING,716,159,78622545.05000001
R1_S1_D08_DELAY1_C_MAX,D08,HIGH_NONIMPROVING,LOW_IMPROVING,7,5,1290679.0
R1_S1_D08_DELAY1_C_MAX,D08,HIGH_NONIMPROVING,LOW_NONIMPROVING,201,70,29764615.259999998
R1_S1_D08_DELAY1_C_MAX,D08,LOW_IMPROVING,HIGH_IMPROVING,94,35,13331539.120000001
R1_S1_D08_DELAY1_C_MAX,D08,LOW_IMPROVING,HIGH_NONIMPROVING,23,11,4602529.0
R1_S1_D08_DELAY1_C_MAX,D08,LOW_IMPROVING,LOW_IMPROVING,250,118,64467102.15
R1_S1_D08_DELAY1_C_MAX,D08,LOW_IMPROVING,LOW_NONIMPROVING,223,83,38785161.41
R1_S1_H01_C_10,H01,HIGH_IMPROVING,HIGH_IMPROVING,429,142,45967471.39
R1_S1_H01_C_10,H01,HIGH_IMPROVING,HIGH_NONIMPROVING,355,134,37976846.32
R1_S1_H01_C_10,H01,HIGH_IMPROVING,LOW_IMPROVING,16,10,1882447.0
R1_S1_H01_C_10,H01,HIGH_IMPROVING,LOW_NONIMPROVING,70,39,7429096.85
R1_S1_H01_C_10,H01,HIGH_NONIMPROVING,HIGH_IMPROVING,180,81,19557444.04
R1_S1_H01_C_10,H01,HIGH_NONIMPROVING,HIGH_NONIMPROVING,583,182,61525938.17
R1_S1_H01_C_10,H01,HIGH_NONIMPROVING,LOW_NONIMPROVING,187,73,18478355.12
R1_S1_H01_C_10,H01,LOW_IMPROVING,HIGH_IMPROVING,116,45,13103887.18
R1_S1_H01_C_10,H01,LOW_IMPROVING,HIGH_NONIMPROVING,21,10,2308706.0
R1_S1_H01_C_10,H01,LOW_IMPROVING,LOW_IMPROVING,577,170,60487645.4
R1_S1_H01_C_10,H01,LOW_IMPROVING,LOW_NONIMPROVING,338,104,33045498.7
R1_S1_H01_C_MAX,H01,HIGH_IMPROVING,HIGH_IMPROVING,364,140,109651303.36
R1_S1_H01_C_MAX,H01,HIGH_IMPROVING,HIGH_NONIMPROVING,321,131,85162517.3
R1_S1_H01_C_MAX,H01,HIGH_IMPROVING,LOW_IMPROVING,17,11,7781958.0
R1_S1_H01_C_MAX,H01,HIGH_IMPROVING,LOW_NONIMPROVING,58,32,15421354.0
R1_S1_H01_C_MAX,H01,HIGH_NONIMPROVING,HIGH_IMPROVING,184,80,46332125.34
R1_S1_H01_C_MAX,H01,HIGH_NONIMPROVING,HIGH_NONIMPROVING,516,178,130862307.7
R1_S1_H01_C_MAX,H01,HIGH_NONIMPROVING,LOW_NONIMPROVING,160,73,40406935.7
R1_S1_H01_C_MAX,H01,LOW_IMPROVING,HIGH_IMPROVING,82,42,28675165.72
R1_S1_H01_C_MAX,H01,LOW_IMPROVING,HIGH_NONIMPROVING,14,9,2168040.0
R1_S1_H01_C_MAX,H01,LOW_IMPROVING,LOW_IMPROVING,505,170,180994753.76
R1_S1_H01_C_MAX,H01,LOW_IMPROVING,LOW_NONIMPROVING,271,101,80720922.5
R1_S1_H02_C_10_CA,H02,HIGH_IMPROVING,HIGH_IMPROVING,941,175,92191546.27000001
R1_S1_H02_C_10_CA,H02,HIGH_IMPROVING,HIGH_NONIMPROVING,499,135,49835878.06
R1_S1_H02_C_10_CA,H02,HIGH_IMPROVING,LOW_IMPROVING,93,19,8636349.07
R1_S1_H02_C_10_CA,H02,HIGH_IMPROVING,LOW_NONIMPROVING,198,54,19778318.52
R1_S1_H02_C_10_CA,H02,HIGH_NONIMPROVING,HIGH_IMPROVING,440,88,44744005.6
R1_S1_H02_C_10_CA,H02,HIGH_NONIMPROVING,HIGH_NONIMPROVING,1191,197,115180867.19
R1_S1_H02_C_10_CA,H02,HIGH_NONIMPROVING,LOW_IMPROVING,6,2,540880.0
R1_S1_H02_C_10_CA,H02,HIGH_NONIMPROVING,LOW_NONIMPROVING,335,88,30585833.71
R1_S1_H02_C_10_CA,H02,LOW_IMPROVING,HIGH_IMPROVING,217,47,19799508.3
R1_S1_H02_C_10_CA,H02,LOW_IMPROVING,HIGH_NONIMPROVING,42,10,3816635.59
R1_S1_H02_C_10_CA,H02,LOW_IMPROVING,LOW_IMPROVING,1630,237,151829463.51
R1_S1_H02_C_10_CA,H02,LOW_IMPROVING,LOW_NONIMPROVING,696,129,62558389.83
R1_S1_H02_C_MAX_CA,H02,HIGH_IMPROVING,HIGH_IMPROVING,895,173,88003288.66
R1_S1_H02_C_MAX_CA,H02,HIGH_IMPROVING,HIGH_NONIMPROVING,475,132,37518806.2
R1_S1_H02_C_MAX_CA,H02,HIGH_IMPROVING,LOW_IMPROVING,76,19,8379995.140000001
R1_S1_H02_C_MAX_CA,H02,HIGH_IMPROVING,LOW_NONIMPROVING,204,59,18135568.0
R1_S1_H02_C_MAX_CA,H02,HIGH_NONIMPROVING,HIGH_IMPROVING,440,95,41719541.56
R1_S1_H02_C_MAX_CA,H02,HIGH_NONIMPROVING,HIGH_NONIMPROVING,1180,200,106676548.47
R1_S1_H02_C_MAX_CA,H02,HIGH_NONIMPROVING,LOW_IMPROVING,6,2,445080.0
R1_S1_H02_C_MAX_CA,H02,HIGH_NONIMPROVING,LOW_NONIMPROVING,326,87,26596707.27
R1_S1_H02_C_MAX_CA,H02,LOW_IMPROVING,HIGH_IMPROVING,196,46,11286061.3
R1_S1_H02_C_MAX_CA,H02,LOW_IMPROVING,HIGH_NONIMPROVING,55,11,3057297.12
R1_S1_H02_C_MAX_CA,H02,LOW_IMPROVING,LOW_IMPROVING,1490,237,153849538.89
R1_S1_H02_C_MAX_CA,H02,LOW_IMPROVING,LOW_NONIMPROVING,714,129,57201928.17
R1_S1_POOL_C_10,D08,HIGH_IMPROVING,HIGH_IMPROVING,309,140,31254000.11
R1_S1_POOL_C_10,D08,HIGH_IMPROVING,HIGH_NONIMPROVING,167,91,16412256.77
R1_S1_POOL_C_10,D08,HIGH_IMPROVING,LOW_IMPROVING,31,17,3136811.0
R1_S1_POOL_C_10,D08,HIGH_IMPROVING,LOW_NONIMPROVING,63,42,5903962.0
R1_S1_POOL_C_10,D08,HIGH_NONIMPROVING,HIGH_IMPROVING,112,65,11776259.66
R1_S1_POOL_C_10,D08,HIGH_NONIMPROVING,HIGH_NONIMPROVING,343,163,35040535.49
R1_S1_POOL_C_10,D08,HIGH_NONIMPROVING,LOW_IMPROVING,2,2,184353.0
R1_S1_POOL_C_10,D08,HIGH_NONIMPROVING,LOW_NONIMPROVING,83,53,8431004.0
R1_S1_POOL_C_10,D08,LOW_IMPROVING,HIGH_IMPROVING,34,27,3217267.17
R1_S1_POOL_C_10,D08,LOW_IMPROVING,HIGH_NONIMPROVING,5,5,492013.52
R1_S1_POOL_C_10,D08,LOW_IMPROVING,LOW_IMPROVING,141,89,13285240.43
R1_S1_POOL_C_10,D08,LOW_IMPROVING,LOW_NONIMPROVING,80,55,7469388.0
R1_S1_POOL_C_10,H01,HIGH_IMPROVING,HIGH_IMPROVING,119,82,12391980.0
R1_S1_POOL_C_10,H01,HIGH_IMPROVING,HIGH_NONIMPROVING,85,67,8977593.0
R1_S1_POOL_C_10,H01,HIGH_IMPROVING,LOW_IMPROVING,16,10,1694560.0
R1_S1_POOL_C_10,H01,HIGH_IMPROVING,LOW_NONIMPROVING,30,28,2753083.0
R1_S1_POOL_C_10,H01,HIGH_NONIMPROVING,HIGH_IMPROVING,59,39,6173842.0
R1_S1_POOL_C_10,H01,HIGH_NONIMPROVING,HIGH_NONIMPROVING,185,112,19155846.0
R1_S1_POOL_C_10,H01,HIGH_NONIMPROVING,LOW_NONIMPROVING,66,41,6513523.0
R1_S1_POOL_C_10,H01,LOW_IMPROVING,HIGH_IMPROVING,42,30,4295139.48
R1_S1_POOL_C_10,H01,LOW_IMPROVING,HIGH_NONIMPROVING,10,5,952951.0
R1_S1_POOL_C_10,H01,LOW_IMPROVING,LOW_IMPROVING,245,133,23817840.98
R1_S1_POOL_C_10,H01,LOW_IMPROVING,LOW_NONIMPROVING,123,71,11772254.4
R1_S1_POOL_C_10,H02,HIGH_IMPROVING,HIGH_IMPROVING,589,169,58910192.75
R1_S1_POOL_C_10,H02,HIGH_IMPROVING,HIGH_NONIMPROVING,326,123,33977853.74
R1_S1_POOL_C_10,H02,HIGH_IMPROVING,LOW_IMPROVING,56,18,5287969.0
R1_S1_POOL_C_10,H02,HIGH_IMPROVING,LOW_NONIMPROVING,99,48,10579322.0
R1_S1_POOL_C_10,H02,HIGH_NONIMPROVING,HIGH_IMPROVING,247,89,26460646.04
R1_S1_POOL_C_10,H02,HIGH_NONIMPROVING,HIGH_NONIMPROVING,642,183,64114024.120000005
R1_S1_POOL_C_10,H02,HIGH_NONIMPROVING,LOW_IMPROVING,5,2,467369.0
R1_S1_POOL_C_10,H02,HIGH_NONIMPROVING,LOW_NONIMPROVING,188,69,17468157.32
R1_S1_POOL_C_10,H02,LOW_IMPROVING,HIGH_IMPROVING,118,37,10893017.66
R1_S1_POOL_C_10,H02,LOW_IMPROVING,HIGH_NONIMPROVING,20,9,1939746.54
R1_S1_POOL_C_10,H02,LOW_IMPROVING,LOW_IMPROVING,1313,233,128330366.88999999
R1_S1_POOL_C_10,H02,LOW_IMPROVING,LOW_NONIMPROVING,554,130,51599548.35
R1_S1_POOL_C_MAX,D08,HIGH_IMPROVING,HIGH_IMPROVING,311,136,32537143.32
R1_S1_POOL_C_MAX,D08,HIGH_IMPROVING,HIGH_NONIMPROVING,141,77,13698400.440000001
R1_S1_POOL_C_MAX,D08,HIGH_IMPROVING,LOW_IMPROVING,30,16,2968256.0
R1_S1_POOL_C_MAX,D08,HIGH_IMPROVING,LOW_NONIMPROVING,68,42,8788660.0
R1_S1_POOL_C_MAX,D08,HIGH_NONIMPROVING,HIGH_IMPROVING,110,65,12185920.86
R1_S1_POOL_C_MAX,D08,HIGH_NONIMPROVING,HIGH_NONIMPROVING,360,159,37490923.870000005
R1_S1_POOL_C_MAX,D08,HIGH_NONIMPROVING,LOW_IMPROVING,2,2,179136.0
R1_S1_POOL_C_MAX,D08,HIGH_NONIMPROVING,LOW_NONIMPROVING,78,53,7079995.0
R1_S1_POOL_C_MAX,D08,LOW_IMPROVING,HIGH_IMPROVING,29,25,1732973.0
R1_S1_POOL_C_MAX,D08,LOW_IMPROVING,HIGH_NONIMPROVING,4,4,103848.0
R1_S1_POOL_C_MAX,D08,LOW_IMPROVING,LOW_IMPROVING,127,78,14344156.0
R1_S1_POOL_C_MAX,D08,LOW_IMPROVING,LOW_NONIMPROVING,80,55,8006620.0
R1_S1_POOL_C_MAX,H01,HIGH_IMPROVING,HIGH_IMPROVING,105,67,11486695.0
R1_S1_POOL_C_MAX,H01,HIGH_IMPROVING,HIGH_NONIMPROVING,81,56,7722075.0
R1_S1_POOL_C_MAX,H01,HIGH_IMPROVING,LOW_IMPROVING,16,10,2110896.0
R1_S1_POOL_C_MAX,H01,HIGH_IMPROVING,LOW_NONIMPROVING,28,25,2233804.0
R1_S1_POOL_C_MAX,H01,HIGH_NONIMPROVING,HIGH_IMPROVING,63,34,7502960.0
R1_S1_POOL_C_MAX,H01,HIGH_NONIMPROVING,HIGH_NONIMPROVING,197,110,25723047.0
R1_S1_POOL_C_MAX,H01,HIGH_NONIMPROVING,LOW_NONIMPROVING,60,43,6470215.0
R1_S1_POOL_C_MAX,H01,LOW_IMPROVING,HIGH_IMPROVING,41,30,3717475.0
R1_S1_POOL_C_MAX,H01,LOW_IMPROVING,HIGH_NONIMPROVING,15,6,1089046.0
R1_S1_POOL_C_MAX,H01,LOW_IMPROVING,LOW_IMPROVING,207,130,21225064.919999998
R1_S1_POOL_C_MAX,H01,LOW_IMPROVING,LOW_NONIMPROVING,127,76,10822338.2
R1_S1_POOL_C_MAX,H02,HIGH_IMPROVING,HIGH_IMPROVING,561,164,65004990.25
R1_S1_POOL_C_MAX,H02,HIGH_IMPROVING,HIGH_NONIMPROVING,281,103,34708267.5
R1_S1_POOL_C_MAX,H02,HIGH_IMPROVING,LOW_IMPROVING,52,18,5552551.0
R1_S1_POOL_C_MAX,H02,HIGH_IMPROVING,LOW_NONIMPROVING,106,48,13633313.0
R1_S1_POOL_C_MAX,H02,HIGH_NONIMPROVING,HIGH_IMPROVING,261,88,31070919.240000002
R1_S1_POOL_C_MAX,H02,HIGH_NONIMPROVING,HIGH_NONIMPROVING,644,179,66741238.77
R1_S1_POOL_C_MAX,H02,HIGH_NONIMPROVING,LOW_IMPROVING,5,2,444785.0
R1_S1_POOL_C_MAX,H02,HIGH_NONIMPROVING,LOW_NONIMPROVING,172,60,16867173.17
R1_S1_POOL_C_MAX,H02,LOW_IMPROVING,HIGH_IMPROVING,120,34,10856980.629999999
R1_S1_POOL_C_MAX,H02,LOW_IMPROVING,HIGH_NONIMPROVING,39,8,3072340.8
R1_S1_POOL_C_MAX,H02,LOW_IMPROVING,LOW_IMPROVING,1225,231,165104192.53
R1_S1_POOL_C_MAX,H02,LOW_IMPROVING,LOW_NONIMPROVING,571,132,57307730.56
R2_PRIORITY_GATE_C_10,D08,HIGH_IMPROVING,HIGH_IMPROVING,318,139,32763528.290000003
R2_PRIORITY_GATE_C_10,D08,HIGH_IMPROVING,HIGH_NONIMPROVING,175,97,17584725.83
R2_PRIORITY_GATE_C_10,D08,HIGH_IMPROVING,LOW_IMPROVING,31,17,3203634.0
R2_PRIORITY_GATE_C_10,D08,HIGH_IMPROVING,LOW_NONIMPROVING,66,44,6251913.0
R2_PRIORITY_GATE_C_10,D08,HIGH_NONIMPROVING,HIGH_IMPROVING,233,74,24349148.43
R2_PRIORITY_GATE_C_10,D08,HIGH_NONIMPROVING,HIGH_NONIMPROVING,652,168,67044561.17
R2_PRIORITY_GATE_C_10,D08,HIGH_NONIMPROVING,LOW_IMPROVING,2,2,189593.0
R2_PRIORITY_GATE_C_10,D08,HIGH_NONIMPROVING,LOW_NONIMPROVING,113,55,11458495.0
R2_PRIORITY_GATE_C_10,D08,LOW_IMPROVING,HIGH_IMPROVING,34,27,3300635.9299999997
R2_PRIORITY_GATE_C_10,D08,LOW_IMPROVING,HIGH_NONIMPROVING,5,5,485407.08
R2_PRIORITY_GATE_C_10,D08,LOW_IMPROVING,LOW_IMPROVING,141,89,13505482.629999999
R2_PRIORITY_GATE_C_10,D08,LOW_IMPROVING,LOW_NONIMPROVING,80,55,7491980.0
R2_PRIORITY_GATE_C_10,H01,HIGH_IMPROVING,HIGH_IMPROVING,119,82,12620705.0
R2_PRIORITY_GATE_C_10,H01,HIGH_IMPROVING,HIGH_NONIMPROVING,85,67,9117070.0
R2_PRIORITY_GATE_C_10,H01,HIGH_IMPROVING,LOW_IMPROVING,16,10,1717074.0
R2_PRIORITY_GATE_C_10,H01,HIGH_IMPROVING,LOW_NONIMPROVING,30,28,2762889.0
R2_PRIORITY_GATE_C_10,H01,HIGH_NONIMPROVING,HIGH_IMPROVING,41,26,4470032.0
R2_PRIORITY_GATE_C_10,H01,HIGH_NONIMPROVING,HIGH_NONIMPROVING,115,75,12274330.0
R2_PRIORITY_GATE_C_10,H01,HIGH_NONIMPROVING,LOW_NONIMPROVING,44,20,4334503.0
R2_PRIORITY_GATE_C_10,H01,LOW_IMPROVING,HIGH_IMPROVING,42,30,4345923.18
R2_PRIORITY_GATE_C_10,H01,LOW_IMPROVING,HIGH_NONIMPROVING,10,5,927510.0
R2_PRIORITY_GATE_C_10,H01,LOW_IMPROVING,LOW_IMPROVING,245,133,24073784.45
R2_PRIORITY_GATE_C_10,H01,LOW_IMPROVING,LOW_NONIMPROVING,123,71,11926051.6
R2_PRIORITY_GATE_C_10,H02,HIGH_IMPROVING,HIGH_IMPROVING,570,163,57952227.0
R2_PRIORITY_GATE_C_10,H02,HIGH_IMPROVING,HIGH_NONIMPROVING,325,122,34459828.68
R2_PRIORITY_GATE_C_10,H02,HIGH_IMPROVING,LOW_IMPROVING,56,18,5379994.0
R2_PRIORITY_GATE_C_10,H02,HIGH_IMPROVING,LOW_NONIMPROVING,89,42,9763410.0
R2_PRIORITY_GATE_C_10,H02,HIGH_NONIMPROVING,HIGH_IMPROVING,154,71,16355437.0
R2_PRIORITY_GATE_C_10,H02,HIGH_NONIMPROVING,HIGH_NONIMPROVING,384,152,38882322.35
R2_PRIORITY_GATE_C_10,H02,HIGH_NONIMPROVING,LOW_IMPROVING,4,2,381824.0
R2_PRIORITY_GATE_C_10,H02,HIGH_NONIMPROVING,LOW_NONIMPROVING,180,69,17057530.65
R2_PRIORITY_GATE_C_10,H02,LOW_IMPROVING,HIGH_IMPROVING,118,37,11061972.12
R2_PRIORITY_GATE_C_10,H02,LOW_IMPROVING,HIGH_NONIMPROVING,20,9,1894989.3100000003
R2_PRIORITY_GATE_C_10,H02,LOW_IMPROVING,LOW_IMPROVING,1313,233,129309581.89
R2_PRIORITY_GATE_C_10,H02,LOW_IMPROVING,LOW_NONIMPROVING,554,130,52228203.94
R2_PRIORITY_GATE_C_MAX,D08,HIGH_IMPROVING,HIGH_IMPROVING,319,138,31614353.759999998
R2_PRIORITY_GATE_C_MAX,D08,HIGH_IMPROVING,HIGH_NONIMPROVING,158,85,14283004.92
R2_PRIORITY_GATE_C_MAX,D08,HIGH_IMPROVING,LOW_IMPROVING,30,16,2922929.0
R2_PRIORITY_GATE_C_MAX,D08,HIGH_IMPROVING,LOW_NONIMPROVING,63,46,8212528.0
R2_PRIORITY_GATE_C_MAX,D08,HIGH_NONIMPROVING,HIGH_IMPROVING,247,76,23957237.72
R2_PRIORITY_GATE_C_MAX,D08,HIGH_NONIMPROVING,HIGH_NONIMPROVING,679,163,64860893.260000005
R2_PRIORITY_GATE_C_MAX,D08,HIGH_NONIMPROVING,LOW_IMPROVING,2,2,175676.0
R2_PRIORITY_GATE_C_MAX,D08,HIGH_NONIMPROVING,LOW_NONIMPROVING,112,53,9967648.0
R2_PRIORITY_GATE_C_MAX,D08,LOW_IMPROVING,HIGH_IMPROVING,29,25,1718953.0
R2_PRIORITY_GATE_C_MAX,D08,LOW_IMPROVING,HIGH_NONIMPROVING,4,4,98839.0
R2_PRIORITY_GATE_C_MAX,D08,LOW_IMPROVING,LOW_IMPROVING,136,81,14849382.0
R2_PRIORITY_GATE_C_MAX,D08,LOW_IMPROVING,LOW_NONIMPROVING,81,55,8570325.0
R2_PRIORITY_GATE_C_MAX,H01,HIGH_IMPROVING,HIGH_IMPROVING,113,68,11768257.0
R2_PRIORITY_GATE_C_MAX,H01,HIGH_IMPROVING,HIGH_NONIMPROVING,85,59,7508825.0
R2_PRIORITY_GATE_C_MAX,H01,HIGH_IMPROVING,LOW_IMPROVING,16,10,2050711.0
R2_PRIORITY_GATE_C_MAX,H01,HIGH_IMPROVING,LOW_NONIMPROVING,26,21,2126530.0
R2_PRIORITY_GATE_C_MAX,H01,HIGH_NONIMPROVING,HIGH_IMPROVING,38,25,6204840.0
R2_PRIORITY_GATE_C_MAX,H01,HIGH_NONIMPROVING,HIGH_NONIMPROVING,93,67,18672345.0
R2_PRIORITY_GATE_C_MAX,H01,HIGH_NONIMPROVING,LOW_NONIMPROVING,39,24,4033953.0
R2_PRIORITY_GATE_C_MAX,H01,LOW_IMPROVING,HIGH_IMPROVING,41,30,3825390.0
R2_PRIORITY_GATE_C_MAX,H01,LOW_IMPROVING,HIGH_NONIMPROVING,15,6,1071018.0
R2_PRIORITY_GATE_C_MAX,H01,LOW_IMPROVING,LOW_IMPROVING,201,129,21143328.86
R2_PRIORITY_GATE_C_MAX,H01,LOW_IMPROVING,LOW_NONIMPROVING,123,72,10742022.6
R2_PRIORITY_GATE_C_MAX,H02,HIGH_IMPROVING,HIGH_IMPROVING,537,163,63977748.25
R2_PRIORITY_GATE_C_MAX,H02,HIGH_IMPROVING,HIGH_NONIMPROVING,279,105,35591288.5
R2_PRIORITY_GATE_C_MAX,H02,HIGH_IMPROVING,LOW_IMPROVING,52,18,5562608.0
R2_PRIORITY_GATE_C_MAX,H02,HIGH_IMPROVING,LOW_NONIMPROVING,92,47,12769477.0
R2_PRIORITY_GATE_C_MAX,H02,HIGH_NONIMPROVING,HIGH_IMPROVING,148,63,20491374.08
R2_PRIORITY_GATE_C_MAX,H02,HIGH_NONIMPROVING,HIGH_NONIMPROVING,387,150,42450320.78
R2_PRIORITY_GATE_C_MAX,H02,HIGH_NONIMPROVING,LOW_IMPROVING,3,2,255202.0
R2_PRIORITY_GATE_C_MAX,H02,HIGH_NONIMPROVING,LOW_NONIMPROVING,174,68,16479243.45
R2_PRIORITY_GATE_C_MAX,H02,LOW_IMPROVING,HIGH_IMPROVING,123,34,10627835.75
R2_PRIORITY_GATE_C_MAX,H02,LOW_IMPROVING,HIGH_NONIMPROVING,44,11,2986124.32
R2_PRIORITY_GATE_C_MAX,H02,LOW_IMPROVING,LOW_IMPROVING,1224,231,162057910.20999998
R2_PRIORITY_GATE_C_MAX,H02,LOW_IMPROVING,LOW_NONIMPROVING,564,132,55754584.16
R2_PRIORITY_OPEN_C_10,D08,HIGH_IMPROVING,HIGH_IMPROVING,307,146,42923857.0
R2_PRIORITY_OPEN_C_10,D08,HIGH_IMPROVING,HIGH_NONIMPROVING,180,97,24700439.0
R2_PRIORITY_OPEN_C_10,D08,HIGH_IMPROVING,LOW_IMPROVING,11,11,1700390.0
R2_PRIORITY_OPEN_C_10,D08,HIGH_IMPROVING,LOW_NONIMPROVING,52,34,7320479.0
R2_PRIORITY_OPEN_C_10,D08,HIGH_NONIMPROVING,HIGH_IMPROVING,276,80,37155529.86
R2_PRIORITY_OPEN_C_10,D08,HIGH_NONIMPROVING,HIGH_NONIMPROVING,664,175,90360307.44
R2_PRIORITY_OPEN_C_10,D08,HIGH_NONIMPROVING,LOW_IMPROVING,2,2,275861.0
R2_PRIORITY_OPEN_C_10,D08,HIGH_NONIMPROVING,LOW_NONIMPROVING,148,59,20613064.0
R2_PRIORITY_OPEN_C_10,D08,LOW_IMPROVING,HIGH_IMPROVING,41,33,5692676.63
R2_PRIORITY_OPEN_C_10,D08,LOW_IMPROVING,HIGH_NONIMPROVING,5,5,723638.28
R2_PRIORITY_OPEN_C_10,D08,LOW_IMPROVING,LOW_IMPROVING,139,98,20212696.09
R2_PRIORITY_OPEN_C_10,D08,LOW_IMPROVING,LOW_NONIMPROVING,85,55,10900368.76
R2_PRIORITY_OPEN_C_10,D08,LOW_NONIMPROVING,HIGH_IMPROVING,26,26,3442838.0
R2_PRIORITY_OPEN_C_10,D08,LOW_NONIMPROVING,HIGH_NONIMPROVING,4,4,565952.0
R2_PRIORITY_OPEN_C_10,D08,LOW_NONIMPROVING,LOW_IMPROVING,59,42,8592945.0
R2_PRIORITY_OPEN_C_10,D08,LOW_NONIMPROVING,LOW_NONIMPROVING,101,89,12998510.0
R2_PRIORITY_OPEN_C_10,H01,HIGH_IMPROVING,HIGH_IMPROVING,117,100,15694442.08
R2_PRIORITY_OPEN_C_10,H01,HIGH_IMPROVING,HIGH_NONIMPROVING,104,84,13995387.149999999
R2_PRIORITY_OPEN_C_10,H01,HIGH_IMPROVING,LOW_IMPROVING,4,4,463606.0
R2_PRIORITY_OPEN_C_10,H01,HIGH_IMPROVING,LOW_NONIMPROVING,25,25,3062756.0
R2_PRIORITY_OPEN_C_10,H01,HIGH_NONIMPROVING,HIGH_IMPROVING,34,24,5317228.0
R2_PRIORITY_OPEN_C_10,H01,HIGH_NONIMPROVING,HIGH_NONIMPROVING,113,89,15594032.0
R2_PRIORITY_OPEN_C_10,H01,HIGH_NONIMPROVING,LOW_NONIMPROVING,63,38,7795928.0
R2_PRIORITY_OPEN_C_10,H01,LOW_IMPROVING,HIGH_IMPROVING,42,30,6199392.5600000005
R2_PRIORITY_OPEN_C_10,H01,LOW_IMPROVING,HIGH_NONIMPROVING,10,5,1488604.0
R2_PRIORITY_OPEN_C_10,H01,LOW_IMPROVING,LOW_IMPROVING,216,116,32001404.910000004
R2_PRIORITY_OPEN_C_10,H01,LOW_IMPROVING,LOW_NONIMPROVING,82,44,11203523.3
R2_PRIORITY_OPEN_C_10,H01,LOW_NONIMPROVING,HIGH_IMPROVING,34,26,4047481.0
R2_PRIORITY_OPEN_C_10,H01,LOW_NONIMPROVING,HIGH_NONIMPROVING,1,1,140054.0
R2_PRIORITY_OPEN_C_10,H01,LOW_NONIMPROVING,LOW_IMPROVING,107,74,14444621.9
R2_PRIORITY_OPEN_C_10,H01,LOW_NONIMPROVING,LOW_NONIMPROVING,228,163,30994171.99
R2_PRIORITY_OPEN_C_10,H02,HIGH_IMPROVING,HIGH_IMPROVING,468,166,65579096.36
R2_PRIORITY_OPEN_C_10,H02,HIGH_IMPROVING,HIGH_NONIMPROVING,302,123,43899504.24
R2_PRIORITY_OPEN_C_10,H02,HIGH_IMPROVING,LOW_IMPROVING,38,18,5175391.0
R2_PRIORITY_OPEN_C_10,H02,HIGH_IMPROVING,LOW_NONIMPROVING,72,45,11029391.4
R2_PRIORITY_OPEN_C_10,H02,HIGH_NONIMPROVING,HIGH_IMPROVING,92,48,12464036.04
R2_PRIORITY_OPEN_C_10,H02,HIGH_NONIMPROVING,HIGH_NONIMPROVING,329,136,44767011.58
R2_PRIORITY_OPEN_C_10,H02,HIGH_NONIMPROVING,LOW_NONIMPROVING,149,58,17801104.259999998
R2_PRIORITY_OPEN_C_10,H02,LOW_IMPROVING,HIGH_IMPROVING,128,41,18284754.96
R2_PRIORITY_OPEN_C_10,H02,LOW_IMPROVING,HIGH_NONIMPROVING,12,7,1821755.0
R2_PRIORITY_OPEN_C_10,H02,LOW_IMPROVING,LOW_IMPROVING,966,225,134647977.19
R2_PRIORITY_OPEN_C_10,H02,LOW_IMPROVING,LOW_NONIMPROVING,405,123,53470492.68
R2_PRIORITY_OPEN_C_10,H02,LOW_NONIMPROVING,HIGH_IMPROVING,122,53,15970284.0
R2_PRIORITY_OPEN_C_10,H02,LOW_NONIMPROVING,HIGH_NONIMPROVING,39,22,5674560.4
R2_PRIORITY_OPEN_C_10,H02,LOW_NONIMPROVING,LOW_IMPROVING,474,159,65572465.7
R2_PRIORITY_OPEN_C_10,H02,LOW_NONIMPROVING,LOW_NONIMPROVING,1092,270,145113390.72
R2_PRIORITY_OPEN_C_MAX,D08,HIGH_IMPROVING,HIGH_IMPROVING,294,129,51244462.0
R2_PRIORITY_OPEN_C_MAX,D08,HIGH_IMPROVING,HIGH_NONIMPROVING,190,95,33941861.0
R2_PRIORITY_OPEN_C_MAX,D08,HIGH_IMPROVING,LOW_IMPROVING,7,7,2180874.0
R2_PRIORITY_OPEN_C_MAX,D08,HIGH_IMPROVING,LOW_NONIMPROVING,59,37,11175105.0
R2_PRIORITY_OPEN_C_MAX,D08,HIGH_NONIMPROVING,HIGH_IMPROVING,275,79,38776344.96
R2_PRIORITY_OPEN_C_MAX,D08,HIGH_NONIMPROVING,HIGH_NONIMPROVING,617,174,95745299.9
R2_PRIORITY_OPEN_C_MAX,D08,HIGH_NONIMPROVING,LOW_IMPROVING,2,2,257790.0
R2_PRIORITY_OPEN_C_MAX,D08,HIGH_NONIMPROVING,LOW_NONIMPROVING,146,60,21907738.0
R2_PRIORITY_OPEN_C_MAX,D08,LOW_IMPROVING,HIGH_IMPROVING,35,30,6034045.109999999
R2_PRIORITY_OPEN_C_MAX,D08,LOW_IMPROVING,HIGH_NONIMPROVING,6,5,748348.16
R2_PRIORITY_OPEN_C_MAX,D08,LOW_IMPROVING,LOW_IMPROVING,123,84,16851557.33
R2_PRIORITY_OPEN_C_MAX,D08,LOW_IMPROVING,LOW_NONIMPROVING,86,56,10417447.76
R2_PRIORITY_OPEN_C_MAX,D08,LOW_NONIMPROVING,HIGH_IMPROVING,31,26,3514859.0
R2_PRIORITY_OPEN_C_MAX,D08,LOW_NONIMPROVING,HIGH_NONIMPROVING,5,4,886355.0
R2_PRIORITY_OPEN_C_MAX,D08,LOW_NONIMPROVING,LOW_IMPROVING,59,42,6413468.0
R2_PRIORITY_OPEN_C_MAX,D08,LOW_NONIMPROVING,LOW_NONIMPROVING,105,89,12926676.0
R2_PRIORITY_OPEN_C_MAX,H01,HIGH_IMPROVING,HIGH_IMPROVING,111,90,18599590.12
R2_PRIORITY_OPEN_C_MAX,H01,HIGH_IMPROVING,HIGH_NONIMPROVING,100,81,15004985.100000001
R2_PRIORITY_OPEN_C_MAX,H01,HIGH_IMPROVING,LOW_IMPROVING,7,4,1230134.0
R2_PRIORITY_OPEN_C_MAX,H01,HIGH_IMPROVING,LOW_NONIMPROVING,22,22,2717534.0
R2_PRIORITY_OPEN_C_MAX,H01,HIGH_NONIMPROVING,HIGH_IMPROVING,43,29,6667741.0
R2_PRIORITY_OPEN_C_MAX,H01,HIGH_NONIMPROVING,HIGH_NONIMPROVING,124,89,20971108.0
R2_PRIORITY_OPEN_C_MAX,H01,HIGH_NONIMPROVING,LOW_NONIMPROVING,53,28,6787148.0
R2_PRIORITY_OPEN_C_MAX,H01,LOW_IMPROVING,HIGH_IMPROVING,40,30,5621710.72
R2_PRIORITY_OPEN_C_MAX,H01,LOW_IMPROVING,HIGH_NONIMPROVING,9,5,1090974.0
R2_PRIORITY_OPEN_C_MAX,H01,LOW_IMPROVING,LOW_IMPROVING,190,112,31167420.92
R2_PRIORITY_OPEN_C_MAX,H01,LOW_IMPROVING,LOW_NONIMPROVING,81,44,12438640.6
R2_PRIORITY_OPEN_C_MAX,H01,LOW_NONIMPROVING,HIGH_IMPROVING,35,27,5243684.0
R2_PRIORITY_OPEN_C_MAX,H01,LOW_NONIMPROVING,HIGH_NONIMPROVING,1,1,117786.0
R2_PRIORITY_OPEN_C_MAX,H01,LOW_NONIMPROVING,LOW_IMPROVING,113,79,24580737.5
R2_PRIORITY_OPEN_C_MAX,H01,LOW_NONIMPROVING,LOW_NONIMPROVING,221,151,42587840.8
R2_PRIORITY_OPEN_C_MAX,H02,HIGH_IMPROVING,HIGH_IMPROVING,442,158,85680587.05
R2_PRIORITY_OPEN_C_MAX,H02,HIGH_IMPROVING,HIGH_NONIMPROVING,308,114,62513115.82
R2_PRIORITY_OPEN_C_MAX,H02,HIGH_IMPROVING,LOW_IMPROVING,30,17,7051020.0
R2_PRIORITY_OPEN_C_MAX,H02,HIGH_IMPROVING,LOW_NONIMPROVING,80,40,15677896.6
R2_PRIORITY_OPEN_C_MAX,H02,HIGH_NONIMPROVING,HIGH_IMPROVING,111,51,19086923.04
R2_PRIORITY_OPEN_C_MAX,H02,HIGH_NONIMPROVING,HIGH_NONIMPROVING,362,158,60957470.620000005
R2_PRIORITY_OPEN_C_MAX,H02,HIGH_NONIMPROVING,LOW_NONIMPROVING,137,56,21298309.82
R2_PRIORITY_OPEN_C_MAX,H02,LOW_IMPROVING,HIGH_IMPROVING,130,49,18604899.19
R2_PRIORITY_OPEN_C_MAX,H02,LOW_IMPROVING,HIGH_NONIMPROVING,15,6,2175058.0
R2_PRIORITY_OPEN_C_MAX,H02,LOW_IMPROVING,LOW_IMPROVING,979,231,167520680.82
R2_PRIORITY_OPEN_C_MAX,H02,LOW_IMPROVING,LOW_NONIMPROVING,417,131,63624955.35
R2_PRIORITY_OPEN_C_MAX,H02,LOW_NONIMPROVING,HIGH_IMPROVING,125,48,21649755.0
R2_PRIORITY_OPEN_C_MAX,H02,LOW_NONIMPROVING,HIGH_NONIMPROVING,39,19,10934686.600000001
R2_PRIORITY_OPEN_C_MAX,H02,LOW_NONIMPROVING,LOW_IMPROVING,472,159,92370796.6
R2_PRIORITY_OPEN_C_MAX,H02,LOW_NONIMPROVING,LOW_NONIMPROVING,1071,264,173996558.72
R3_HALF_D08_C_10,D08,HIGH_IMPROVING,HIGH_IMPROVING,418,130,37473687.44
R3_HALF_D08_C_10,D08,HIGH_IMPROVING,HIGH_NONIMPROVING,240,104,18880928.36
R3_HALF_D08_C_10,D08,HIGH_IMPROVING,LOW_IMPROVING,54,17,4691072.0
R3_HALF_D08_C_10,D08,HIGH_IMPROVING,LOW_NONIMPROVING,78,32,6538150.62
R3_HALF_D08_C_10,D08,HIGH_NONIMPROVING,HIGH_IMPROVING,377,81,39061378.28
R3_HALF_D08_C_10,D08,HIGH_NONIMPROVING,HIGH_NONIMPROVING,1027,180,104795130.85
R3_HALF_D08_C_10,D08,HIGH_NONIMPROVING,LOW_IMPROVING,2,2,206906.0
R3_HALF_D08_C_10,D08,HIGH_NONIMPROVING,LOW_NONIMPROVING,224,69,22735232.0
R3_HALF_D08_C_MAX,D08,HIGH_IMPROVING,HIGH_IMPROVING,471,117,43578348.57
R3_HALF_D08_C_MAX,D08,HIGH_IMPROVING,HIGH_NONIMPROVING,249,86,20544759.56
R3_HALF_D08_C_MAX,D08,HIGH_IMPROVING,LOW_IMPROVING,22,10,2378516.0
R3_HALF_D08_C_MAX,D08,HIGH_IMPROVING,LOW_NONIMPROVING,79,30,7389266.09
R3_HALF_D08_C_MAX,D08,HIGH_NONIMPROVING,HIGH_IMPROVING,342,78,43336000.92
R3_HALF_D08_C_MAX,D08,HIGH_NONIMPROVING,HIGH_NONIMPROVING,929,179,130385764.14999999
R3_HALF_D08_C_MAX,D08,HIGH_NONIMPROVING,LOW_IMPROVING,2,2,754519.0
R3_HALF_D08_C_MAX,D08,HIGH_NONIMPROVING,LOW_NONIMPROVING,167,62,28507579.0
R4_LEVEL_D08_C_10_CA,D08,HIGH_IMPROVING,HIGH_IMPROVING,730,158,73359002.98
R4_LEVEL_D08_C_10_CA,D08,HIGH_IMPROVING,HIGH_NONIMPROVING,392,122,39319721.69
R4_LEVEL_D08_C_10_CA,D08,HIGH_IMPROVING,LOW_NONIMPROVING,5,5,505050.0
R4_LEVEL_D08_C_10_CA,D08,HIGH_NONIMPROVING,HIGH_IMPROVING,333,66,33524335.68
R4_LEVEL_D08_C_10_CA,D08,HIGH_NONIMPROVING,HIGH_NONIMPROVING,856,171,84674133.01
R4_LEVEL_D08_C_MAX_CA,D08,HIGH_IMPROVING,HIGH_IMPROVING,699,153,77384840.65
R4_LEVEL_D08_C_MAX_CA,D08,HIGH_IMPROVING,HIGH_NONIMPROVING,402,115,34995294.76
R4_LEVEL_D08_C_MAX_CA,D08,HIGH_IMPROVING,LOW_NONIMPROVING,5,5,1691270.0
R4_LEVEL_D08_C_MAX_CA,D08,HIGH_NONIMPROVING,HIGH_IMPROVING,293,67,28747590.04
R4_LEVEL_D08_C_MAX_CA,D08,HIGH_NONIMPROVING,HIGH_NONIMPROVING,720,172,81543887.25
R4_S1_H02_C_10_CA,H02,HIGH_IMPROVING,HIGH_IMPROVING,925,167,79183354.25999999
R4_S1_H02_C_10_CA,H02,HIGH_IMPROVING,HIGH_NONIMPROVING,507,117,43865029.78
R4_S1_H02_C_10_CA,H02,HIGH_IMPROVING,LOW_IMPROVING,105,18,8468678.86
R4_S1_H02_C_10_CA,H02,HIGH_IMPROVING,LOW_NONIMPROVING,1,1,84796.0
R4_S1_H02_C_10_CA,H02,HIGH_NONIMPROVING,HIGH_IMPROVING,435,88,37011969.82
R4_S1_H02_C_10_CA,H02,HIGH_NONIMPROVING,HIGH_NONIMPROVING,1183,199,98815025.71000001
R4_S1_H02_C_10_CA,H02,HIGH_NONIMPROVING,LOW_IMPROVING,5,1,392495.0
R4_S1_H02_C_10_CA,H02,HIGH_NONIMPROVING,LOW_NONIMPROVING,4,1,342709.0
R4_S1_H02_C_10_CA,H02,LOW_IMPROVING,HIGH_IMPROVING,224,47,17951928.0
R4_S1_H02_C_10_CA,H02,LOW_IMPROVING,HIGH_NONIMPROVING,19,6,1589893.0
R4_S1_H02_C_10_CA,H02,LOW_IMPROVING,LOW_IMPROVING,1532,231,125191602.1
R4_S1_H02_C_MAX_CA,H02,HIGH_IMPROVING,HIGH_IMPROVING,857,161,67916382.71
R4_S1_H02_C_MAX_CA,H02,HIGH_IMPROVING,HIGH_NONIMPROVING,488,111,31515018.09
R4_S1_H02_C_MAX_CA,H02,HIGH_IMPROVING,LOW_IMPROVING,91,18,8239487.529999999
R4_S1_H02_C_MAX_CA,H02,HIGH_IMPROVING,LOW_NONIMPROVING,1,1,55216.0
R4_S1_H02_C_MAX_CA,H02,HIGH_NONIMPROVING,HIGH_IMPROVING,452,88,37118416.59
R4_S1_H02_C_MAX_CA,H02,HIGH_NONIMPROVING,HIGH_NONIMPROVING,1182,200,94787543.86
R4_S1_H02_C_MAX_CA,H02,HIGH_NONIMPROVING,LOW_IMPROVING,5,1,443130.0
R4_S1_H02_C_MAX_CA,H02,HIGH_NONIMPROVING,LOW_NONIMPROVING,4,1,537648.0
R4_S1_H02_C_MAX_CA,H02,LOW_IMPROVING,HIGH_IMPROVING,222,46,14554900.379999999
R4_S1_H02_C_MAX_CA,H02,LOW_IMPROVING,HIGH_NONIMPROVING,20,6,808086.0
R4_S1_H02_C_MAX_CA,H02,LOW_IMPROVING,LOW_IMPROVING,1363,227,125388716.58999999
R4_S1_POOL_C_10,D08,HIGH_IMPROVING,HIGH_IMPROVING,302,109,24513629.06
R4_S1_POOL_C_10,D08,HIGH_IMPROVING,HIGH_NONIMPROVING,188,66,14713763.120000001
R4_S1_POOL_C_10,D08,HIGH_IMPROVING,LOW_IMPROVING,48,16,3611331.0
R4_S1_POOL_C_10,D08,HIGH_NONIMPROVING,HIGH_IMPROVING,76,42,6237749.0
R4_S1_POOL_C_10,D08,HIGH_NONIMPROVING,HIGH_NONIMPROVING,265,130,21615161.32
R4_S1_POOL_C_10,D08,HIGH_NONIMPROVING,LOW_IMPROVING,1,1,73760.0
R4_S1_POOL_C_10,D08,LOW_IMPROVING,HIGH_IMPROVING,44,26,3222832.2900000005
R4_S1_POOL_C_10,D08,LOW_IMPROVING,HIGH_NONIMPROVING,2,2,153310.96000000002
R4_S1_POOL_C_10,D08,LOW_IMPROVING,LOW_IMPROVING,149,91,11269855.100000001
R4_S1_POOL_C_10,H01,HIGH_IMPROVING,HIGH_IMPROVING,108,71,9239575.6
R4_S1_POOL_C_10,H01,HIGH_IMPROVING,HIGH_NONIMPROVING,69,52,6379885.25
R4_S1_POOL_C_10,H01,HIGH_IMPROVING,LOW_IMPROVING,10,4,785331.0
R4_S1_POOL_C_10,H01,HIGH_IMPROVING,LOW_NONIMPROVING,1,1,117713.0
R4_S1_POOL_C_10,H01,HIGH_NONIMPROVING,HIGH_IMPROVING,66,47,4998569.0
R4_S1_POOL_C_10,H01,HIGH_NONIMPROVING,HIGH_NONIMPROVING,186,115,14749719.6
R4_S1_POOL_C_10,H01,HIGH_NONIMPROVING,LOW_NONIMPROVING,2,1,183972.0
R4_S1_POOL_C_10,H01,LOW_IMPROVING,HIGH_IMPROVING,55,37,4601990.62
R4_S1_POOL_C_10,H01,LOW_IMPROVING,HIGH_NONIMPROVING,7,4,551480.0
R4_S1_POOL_C_10,H01,LOW_IMPROVING,LOW_IMPROVING,236,128,18271786.71
R4_S1_POOL_C_10,H02,HIGH_IMPROVING,HIGH_IMPROVING,570,160,46391401.5
R4_S1_POOL_C_10,H02,HIGH_IMPROVING,HIGH_NONIMPROVING,300,102,24653936.6
R4_S1_POOL_C_10,H02,HIGH_IMPROVING,LOW_IMPROVING,73,18,5536640.0
R4_S1_POOL_C_10,H02,HIGH_NONIMPROVING,HIGH_IMPROVING,285,84,23482879.6
R4_S1_POOL_C_10,H02,HIGH_NONIMPROVING,HIGH_NONIMPROVING,758,187,60053432.14
R4_S1_POOL_C_10,H02,HIGH_NONIMPROVING,LOW_IMPROVING,4,1,304407.0
R4_S1_POOL_C_10,H02,HIGH_NONIMPROVING,LOW_NONIMPROVING,3,1,254697.0
R4_S1_POOL_C_10,H02,LOW_IMPROVING,HIGH_IMPROVING,139,44,10670349.68
R4_S1_POOL_C_10,H02,LOW_IMPROVING,HIGH_NONIMPROVING,6,3,473293.0
R4_S1_POOL_C_10,H02,LOW_IMPROVING,LOW_IMPROVING,1226,224,96799772.31
R4_S1_POOL_C_MAX,D08,HIGH_IMPROVING,HIGH_IMPROVING,296,103,25147394.19
R4_S1_POOL_C_MAX,D08,HIGH_IMPROVING,HIGH_NONIMPROVING,185,63,14228431.83
R4_S1_POOL_C_MAX,D08,HIGH_IMPROVING,LOW_IMPROVING,47,15,3092481.0
R4_S1_POOL_C_MAX,D08,HIGH_NONIMPROVING,HIGH_IMPROVING,76,42,7119202.0
R4_S1_POOL_C_MAX,D08,HIGH_NONIMPROVING,HIGH_NONIMPROVING,265,130,24680364.23
R4_S1_POOL_C_MAX,D08,HIGH_NONIMPROVING,LOW_IMPROVING,1,1,77909.0
R4_S1_POOL_C_MAX,D08,LOW_IMPROVING,HIGH_IMPROVING,42,24,3679581.61
R4_S1_POOL_C_MAX,D08,LOW_IMPROVING,HIGH_NONIMPROVING,1,1,90320.0
R4_S1_POOL_C_MAX,D08,LOW_IMPROVING,LOW_IMPROVING,137,80,14192634.379999999
R4_S1_POOL_C_MAX,H01,HIGH_IMPROVING,HIGH_IMPROVING,108,71,9709245.92
R4_S1_POOL_C_MAX,H01,HIGH_IMPROVING,HIGH_NONIMPROVING,69,52,6471496.35
R4_S1_POOL_C_MAX,H01,HIGH_IMPROVING,LOW_IMPROVING,10,4,1100396.0
R4_S1_POOL_C_MAX,H01,HIGH_IMPROVING,LOW_NONIMPROVING,1,1,77735.0
R4_S1_POOL_C_MAX,H01,HIGH_NONIMPROVING,HIGH_IMPROVING,65,46,6145703.0
R4_S1_POOL_C_MAX,H01,HIGH_NONIMPROVING,HIGH_NONIMPROVING,180,113,17477503.8
R4_S1_POOL_C_MAX,H01,HIGH_NONIMPROVING,LOW_NONIMPROVING,2,1,162626.0
R4_S1_POOL_C_MAX,H01,LOW_IMPROVING,HIGH_IMPROVING,54,37,5665634.0
R4_S1_POOL_C_MAX,H01,LOW_IMPROVING,HIGH_NONIMPROVING,7,4,622651.0
R4_S1_POOL_C_MAX,H01,LOW_IMPROVING,LOW_IMPROVING,197,120,20638927.5
R4_S1_POOL_C_MAX,H02,HIGH_IMPROVING,HIGH_IMPROVING,549,158,47540319.0
R4_S1_POOL_C_MAX,H02,HIGH_IMPROVING,HIGH_NONIMPROVING,294,101,26010833.68
R4_S1_POOL_C_MAX,H02,HIGH_IMPROVING,LOW_IMPROVING,70,18,5738862.0
R4_S1_POOL_C_MAX,H02,HIGH_NONIMPROVING,HIGH_IMPROVING,284,83,27607382.73
R4_S1_POOL_C_MAX,H02,HIGH_NONIMPROVING,HIGH_NONIMPROVING,757,186,65374638.28
R4_S1_POOL_C_MAX,H02,HIGH_NONIMPROVING,LOW_IMPROVING,4,1,325155.0
R4_S1_POOL_C_MAX,H02,HIGH_NONIMPROVING,LOW_NONIMPROVING,3,1,171917.0
R4_S1_POOL_C_MAX,H02,LOW_IMPROVING,HIGH_IMPROVING,149,44,11504019.32
R4_S1_POOL_C_MAX,H02,LOW_IMPROVING,HIGH_NONIMPROVING,11,3,557779.6
R4_S1_POOL_C_MAX,H02,LOW_IMPROVING,LOW_IMPROVING,1142,224,124273717.50999999
